<?xml version="1.0" encoding="UTF-8"?>
<osm version="0.6" generator="openstreetmap-cgimap 2.1.0 (2942792 spike-08.openstreetmap.org)" copyright="OpenStreetMap and contributors" attribution="http://www.openstreetmap.org/copyright" license="http://opendatacommons.org/licenses/odbl/1-0/">
 <bounds minlat="34.1661227" minlon="131.4600699" maxlat="34.1685227" maxlon="131.4630699"/>
 <node id="748912205" visible="true" version="4" changeset="28729558" timestamp="2015-02-09T15:03:00Z" user="mklyr" uid="614924" lat="34.1640978" lon="131.4548375"/>
 <node id="748924323" visible="true" version="5" changeset="72451440" timestamp="2019-07-20T04:56:43Z" user="hibagonsan" uid="5939709" lat="34.1696049" lon="131.4627999"/>
 <node id="748938488" visible="true" version="4" changeset="72545089" timestamp="2019-07-23T08:26:23Z" user="hibagonsan" uid="5939709" lat="34.1713668" lon="131.4651517"/>
 <node id="749085919" visible="true" version="3" changeset="11104132" timestamp="2012-03-26T10:55:58Z" user="mklyr" uid="614924" lat="34.1642990" lon="131.4551332"/>
 <node id="749103087" visible="true" version="3" changeset="11104132" timestamp="2012-03-26T10:56:03Z" user="mklyr" uid="614924" lat="34.1704250" lon="131.4638457"/>
 <node id="749290145" visible="true" version="4" changeset="28729558" timestamp="2015-02-09T15:03:00Z" user="mklyr" uid="614924" lat="34.1640095" lon="131.4547069"/>
 <node id="749324072" visible="true" version="4" changeset="72545089" timestamp="2019-07-23T08:26:23Z" user="hibagonsan" uid="5939709" lat="34.1710697" lon="131.4647536"/>
 <node id="749560043" visible="true" version="8" changeset="77581660" timestamp="2019-11-26T14:33:22Z" user="hibagonsan" uid="5939709" lat="34.1717540" lon="131.4656749"/>
 <node id="749768059" visible="true" version="4" changeset="28729558" timestamp="2015-02-09T15:03:00Z" user="mklyr" uid="614924" lat="34.1639715" lon="131.4546013"/>
 <node id="749795774" visible="true" version="3" changeset="11104132" timestamp="2012-03-26T10:55:54Z" user="mklyr" uid="614924" lat="34.1708314" lon="131.4643918"/>
 <node id="749810147" visible="true" version="4" changeset="28729558" timestamp="2015-02-09T15:03:00Z" user="mklyr" uid="614924" lat="34.1640670" lon="131.4543391"/>
 <node id="749875645" visible="true" version="4" changeset="38091565" timestamp="2016-03-26T22:44:49Z" user="freshcl" uid="1204536" lat="34.1655032" lon="131.4569439"/>
 <node id="1345450223" visible="true" version="6" changeset="56405920" timestamp="2018-02-16T07:59:49Z" user="mklyr" uid="614924" lat="34.1763338" lon="131.4737203">
  <tag k="highway" v="traffic_signals"/>
  <tag k="name" v="市民会館前"/>
 </node>
 <node id="1345516674" visible="true" version="7" changeset="71546808" timestamp="2019-06-24T04:30:08Z" user="hibagonsan" uid="5939709" lat="34.1659646" lon="131.4592052"/>
 <node id="1345516929" visible="true" version="4" changeset="39214500" timestamp="2016-05-10T12:00:35Z" user="mklyr" uid="614924" lat="34.1647461" lon="131.4572307"/>
 <node id="1345516934" visible="true" version="6" changeset="148150632" timestamp="2024-03-03T00:21:54Z" user="paopao234" uid="8303738" lat="34.1686963" lon="131.4637278"/>
 <node id="1345517048" visible="true" version="5" changeset="68401049" timestamp="2019-03-22T08:20:25Z" user="yoshitk" uid="1003241" lat="34.1676026" lon="131.4634481"/>
 <node id="1345517552" visible="true" version="6" changeset="71546808" timestamp="2019-06-24T04:30:08Z" user="hibagonsan" uid="5939709" lat="34.1657088" lon="131.4587869"/>
 <node id="1345518532" visible="true" version="4" changeset="72451440" timestamp="2019-07-20T04:56:43Z" user="hibagonsan" uid="5939709" lat="34.1694303" lon="131.4624698"/>
 <node id="1345519006" visible="true" version="3" changeset="26404144" timestamp="2014-10-29T03:16:14Z" user="mklyr" uid="614924" lat="34.1760302" lon="131.4732209"/>
 <node id="1345519217" visible="true" version="3" changeset="70095751" timestamp="2019-05-10T04:28:05Z" user="hibagonsan" uid="5939709" lat="34.1658102" lon="131.4609358"/>
 <node id="1345519464" visible="true" version="3" changeset="167486642" timestamp="2025-06-11T11:22:27Z" user="AlexM51" uid="174705" lat="34.1721433" lon="131.4692389">
  <tag k="bus" v="yes"/>
  <tag k="gtfs:stop_id" v="60032 1"/>
  <tag k="name" v="商工会館前"/>
  <tag k="name:ja" v="商工会館前"/>
  <tag k="name:ja-Hira" v="しょうこうかいかんまえ"/>
  <tag k="name:ja-Latn" v="Shoukoukaikan-mae"/>
  <tag k="operator" v="中国ジェイアールバス"/>
  <tag k="operator:en" v="Chugoku JR Bus"/>
  <tag k="public_transport" v="stop_position"/>
 </node>
 <node id="1345519973" visible="true" version="5" changeset="56405920" timestamp="2018-02-16T07:59:50Z" user="mklyr" uid="614924" lat="34.1750386" lon="131.4722513">
  <tag k="highway" v="traffic_signals"/>
 </node>
 <node id="1345520106" visible="true" version="3" changeset="26404144" timestamp="2014-10-29T03:16:14Z" user="mklyr" uid="614924" lat="34.1758638" lon="131.4730015"/>
 <node id="1345520519" visible="true" version="5" changeset="77690936" timestamp="2019-11-28T15:44:22Z" user="mklyr" uid="614924" lat="34.1673262" lon="131.4594154">
  <tag k="highway" v="traffic_signals"/>
 </node>
 <node id="1345521174" visible="true" version="4" changeset="56405920" timestamp="2018-02-16T07:59:51Z" user="mklyr" uid="614924" lat="34.1743596" lon="131.4715984"/>
 <node id="1345521571" visible="true" version="7" changeset="148150632" timestamp="2024-03-03T00:21:54Z" user="paopao234" uid="8303738" lat="34.1712537" lon="131.4679575">
  <tag k="highway" v="traffic_signals"/>
  <tag k="name" v="済生会病院前"/>
 </node>
 <node id="1345523138" visible="true" version="6" changeset="180148595" timestamp="2026-03-20T09:12:12Z" user="Mozkun" uid="2651887" lat="34.1654221" lon="131.4583200">
  <tag k="highway" v="traffic_signals"/>
 </node>
 <node id="1345523647" visible="true" version="6" changeset="56405920" timestamp="2018-02-16T07:59:51Z" user="mklyr" uid="614924" lat="34.1728227" lon="131.4701041"/>
 <node id="1345523815" visible="true" version="10" changeset="148150632" timestamp="2024-03-03T00:21:54Z" user="paopao234" uid="8303738" lat="34.1688840" lon="131.4640538">
  <tag k="highway" v="traffic_signals"/>
  <tag k="name" v="泉都町"/>
 </node>
 <node id="1345524545" visible="true" version="3" changeset="39214500" timestamp="2016-05-10T12:01:01Z" user="mklyr" uid="614924" lat="34.1683164" lon="131.4582684"/>
 <node id="1345525633" visible="true" version="10" changeset="77758608" timestamp="2019-11-30T14:01:49Z" user="hibagonsan" uid="5939709" lat="34.1737847" lon="131.4710740">
  <tag k="highway" v="traffic_signals"/>
  <tag k="name" v="中央"/>
 </node>
 <node id="1345528306" visible="true" version="5" changeset="56405920" timestamp="2018-02-16T07:59:52Z" user="mklyr" uid="614924" lat="34.1725395" lon="131.4697623"/>
 <node id="1345528691" visible="true" version="8" changeset="180148595" timestamp="2026-03-20T09:12:12Z" user="Mozkun" uid="2651887" lat="34.1665616" lon="131.4601789">
  <tag k="highway" v="traffic_signals"/>
  <tag k="name" v="湯田温泉一丁目"/>
  <tag k="name:en" v="Yudaonsen 1-chome"/>
  <tag k="source" v="survey"/>
 </node>
 <node id="1345529585" visible="true" version="3" changeset="37834283" timestamp="2016-03-15T03:24:53Z" user="yoshitk" uid="1003241" lat="34.1685824" lon="131.4612589"/>
 <node id="1345529822" visible="true" version="4" changeset="39214500" timestamp="2016-05-10T12:01:20Z" user="mklyr" uid="614924" lat="34.1694126" lon="131.4571028"/>
 <node id="1345530746" visible="true" version="6" changeset="56405920" timestamp="2018-02-16T07:59:52Z" user="mklyr" uid="614924" lat="34.1680313" lon="131.4586043">
  <tag k="highway" v="traffic_signals"/>
 </node>
 <node id="1423658394" visible="true" version="2" changeset="184668033" timestamp="2026-06-26T21:13:45Z" user="gc27" uid="7130304" lat="34.1666380" lon="131.4610700">
  <tag k="amenity" v="hospital"/>
  <tag k="KSJ2:AdminArea" v="山口県山口市"/>
  <tag k="KSJ2:ADS" v="泉都町9-13"/>
  <tag k="name" v="曙会佐々木外科病院"/>
  <tag k="note" v="National-Land Numerical Information (Public Facility) 2006, MLIT Japan"/>
  <tag k="note:ja" v="国土数値情報（公共施設データ）平成19年　国土交通省"/>
  <tag k="operator:type" v="private"/>
  <tag k="source" v="KSJ2"/>
  <tag k="source_ref" v="http://nlftp.mlit.go.jp/ksj/jpgis/datalist/KsjTmplt-P02-v2_0.html"/>
 </node>
 <node id="1999675065" visible="true" version="5" changeset="56405920" timestamp="2018-02-16T07:59:52Z" user="mklyr" uid="614924" lat="34.1732386" lon="131.4705281"/>
 <node id="2214755807" visible="true" version="4" changeset="56405920" timestamp="2018-02-16T07:59:52Z" user="mklyr" uid="614924" lat="34.1681295" lon="131.4606600"/>
 <node id="2214755810" visible="true" version="2" changeset="72451440" timestamp="2019-07-20T04:56:43Z" user="hibagonsan" uid="5939709" lat="34.1688717" lon="131.4618590"/>
 <node id="2214755811" visible="true" version="5" changeset="72451440" timestamp="2019-07-20T04:56:43Z" user="hibagonsan" uid="5939709" lat="34.1692377" lon="131.4623370"/>
 <node id="2214755812" visible="true" version="1" changeset="15455495" timestamp="2013-03-22T15:08:16Z" user="mklyr" uid="614924" lat="34.1692838" lon="131.4622532"/>
 <node id="2214847701" visible="true" version="2" changeset="39214500" timestamp="2016-05-10T12:01:46Z" user="mklyr" uid="614924" lat="34.1686901" lon="131.4578549"/>
 <node id="3223114286" visible="true" version="3" changeset="56405920" timestamp="2018-02-16T07:59:52Z" user="mklyr" uid="614924" lat="34.1679197" lon="131.4631574"/>
 <node id="3223114287" visible="true" version="4" changeset="56405920" timestamp="2018-02-16T07:59:53Z" user="mklyr" uid="614924" lat="34.1682237" lon="131.4629168"/>
 <node id="3223114288" visible="true" version="2" changeset="68401049" timestamp="2019-03-22T08:20:25Z" user="yoshitk" uid="1003241" lat="34.1675233" lon="131.4633598"/>
 <node id="3223114289" visible="true" version="2" changeset="68401049" timestamp="2019-03-22T08:20:25Z" user="yoshitk" uid="1003241" lat="34.1673435" lon="131.4630996"/>
 <node id="3223114290" visible="true" version="2" changeset="68401049" timestamp="2019-03-22T08:20:25Z" user="yoshitk" uid="1003241" lat="34.1672170" lon="131.4630272"/>
 <node id="3223114291" visible="true" version="3" changeset="68401049" timestamp="2019-03-22T08:20:25Z" user="yoshitk" uid="1003241" lat="34.1670966" lon="131.4628082"/>
 <node id="3223114292" visible="true" version="3" changeset="68401049" timestamp="2019-03-22T08:20:25Z" user="yoshitk" uid="1003241" lat="34.1668960" lon="131.4626759"/>
 <node id="3223114293" visible="true" version="2" changeset="68401049" timestamp="2019-03-22T08:20:25Z" user="yoshitk" uid="1003241" lat="34.1666599" lon="131.4624881"/>
 <node id="3223114294" visible="true" version="2" changeset="68401049" timestamp="2019-03-22T08:20:26Z" user="yoshitk" uid="1003241" lat="34.1664846" lon="131.4623835"/>
 <node id="3223114295" visible="true" version="2" changeset="28234119" timestamp="2015-01-18T16:06:40Z" user="mklyr" uid="614924" lat="34.1668794" lon="131.4624223"/>
 <node id="3223114296" visible="true" version="1" changeset="27308924" timestamp="2014-12-07T11:33:15Z" user="freshcl" uid="1204536" lat="34.1670861" lon="131.4619275"/>
 <node id="3223114297" visible="true" version="1" changeset="27308924" timestamp="2014-12-07T11:33:15Z" user="freshcl" uid="1204536" lat="34.1672270" lon="131.4616070"/>
 <node id="3223114298" visible="true" version="2" changeset="39214500" timestamp="2016-05-10T12:01:59Z" user="mklyr" uid="614924" lat="34.1673125" lon="131.4614208"/>
 <node id="3223137464" visible="true" version="4" changeset="72118108" timestamp="2019-07-11T04:28:45Z" user="hibagonsan" uid="5939709" lat="34.1701541" lon="131.4563245"/>
 <node id="3227974836" visible="true" version="5" changeset="77690936" timestamp="2019-11-28T15:44:22Z" user="mklyr" uid="614924" lat="34.1679204" lon="131.4602801"/>
 <node id="3227974837" visible="true" version="4" changeset="77690936" timestamp="2019-11-28T15:44:22Z" user="mklyr" uid="614924" lat="34.1682238" lon="131.4599875"/>
 <node id="3227974838" visible="true" version="4" changeset="77690936" timestamp="2019-11-28T15:44:22Z" user="mklyr" uid="614924" lat="34.1685030" lon="131.4597106"/>
 <node id="3227974839" visible="true" version="3" changeset="56405920" timestamp="2018-02-16T07:59:53Z" user="mklyr" uid="614924" lat="34.1686550" lon="131.4595520"/>
 <node id="3227974840" visible="true" version="4" changeset="77690936" timestamp="2019-11-28T15:44:22Z" user="mklyr" uid="614924" lat="34.1680772" lon="131.4601165"/>
 <node id="3227974841" visible="true" version="4" changeset="77690936" timestamp="2019-11-28T15:44:22Z" user="mklyr" uid="614924" lat="34.1684344" lon="131.4606132"/>
 <node id="3227974842" visible="true" version="4" changeset="77690936" timestamp="2019-11-28T15:44:22Z" user="mklyr" uid="614924" lat="34.1685605" lon="131.4604792"/>
 <node id="3227974843" visible="true" version="5" changeset="77690936" timestamp="2019-11-28T15:44:22Z" user="mklyr" uid="614924" lat="34.1688387" lon="131.4602009"/>
 <node id="3227974844" visible="true" version="4" changeset="77690936" timestamp="2019-11-28T15:44:22Z" user="mklyr" uid="614924" lat="34.1683664" lon="131.4598645"/>
 <node id="3227974845" visible="true" version="5" changeset="77690936" timestamp="2019-11-28T15:44:22Z" user="mklyr" uid="614924" lat="34.1687018" lon="131.4603378"/>
 <node id="3227974846" visible="true" version="2" changeset="72451440" timestamp="2019-07-20T04:56:43Z" user="hibagonsan" uid="5939709" lat="34.1689501" lon="131.4618656"/>
 <node id="3228010073" visible="true" version="2" changeset="68401049" timestamp="2019-03-22T08:20:26Z" user="yoshitk" uid="1003241" lat="34.1669593" lon="131.4645702"/>
 <node id="3228010074" visible="true" version="3" changeset="68401049" timestamp="2019-03-22T08:20:26Z" user="yoshitk" uid="1003241" lat="34.1666178" lon="131.4639981"/>
 <node id="3228010077" visible="true" version="2" changeset="68401049" timestamp="2019-03-22T08:20:26Z" user="yoshitk" uid="1003241" lat="34.1668207" lon="131.4636798"/>
 <node id="3228010078" visible="true" version="2" changeset="68401049" timestamp="2019-03-22T08:20:26Z" user="yoshitk" uid="1003241" lat="34.1671225" lon="131.4640145"/>
 <node id="3228020396" visible="true" version="2" changeset="68401049" timestamp="2019-03-22T08:20:26Z" user="yoshitk" uid="1003241" lat="34.1667828" lon="131.4620878"/>
 <node id="3228020397" visible="true" version="2" changeset="68401049" timestamp="2019-03-22T08:20:26Z" user="yoshitk" uid="1003241" lat="34.1666119" lon="131.4620959"/>
 <node id="3228020398" visible="true" version="1" changeset="27376355" timestamp="2014-12-10T13:02:08Z" user="freshcl" uid="1204536" lat="34.1662946" lon="131.4627074"/>
 <node id="3228020399" visible="true" version="1" changeset="27376355" timestamp="2014-12-10T13:02:08Z" user="freshcl" uid="1204536" lat="34.1660749" lon="131.4630266"/>
 <node id="3228020400" visible="true" version="3" changeset="72292608" timestamp="2019-07-16T08:14:11Z" user="hibagonsan" uid="5939709" lat="34.1657662" lon="131.4634074"/>
 <node id="3228134567" visible="true" version="2" changeset="39214500" timestamp="2016-05-10T12:02:08Z" user="mklyr" uid="614924" lat="34.1697813" lon="131.4567181"/>
 <node id="3296803166" visible="true" version="2" changeset="68401049" timestamp="2019-03-22T08:20:26Z" user="yoshitk" uid="1003241" lat="34.1669022" lon="131.4623759"/>
 <node id="3318349659" visible="true" version="1" changeset="28483091" timestamp="2015-01-29T10:29:36Z" user="mklyr" uid="614924" lat="34.1700045" lon="131.4633126"/>
 <node id="3339899194" visible="true" version="1" changeset="28729558" timestamp="2015-02-09T15:02:40Z" user="mklyr" uid="614924" lat="34.1649587" lon="131.4561429"/>
 <node id="3339899196" visible="true" version="1" changeset="28729558" timestamp="2015-02-09T15:02:40Z" user="mklyr" uid="614924" lat="34.1661636" lon="131.4579516"/>
 <node id="4014497099" visible="true" version="1" changeset="37307492" timestamp="2016-02-19T12:26:47Z" user="freshcl" uid="1204536" lat="34.1682923" lon="131.4628842">
  <tag k="amenity" v="post_box"/>
 </node>
 <node id="4019550796" visible="true" version="1" changeset="37364701" timestamp="2016-02-22T11:34:55Z" user="freshcl" uid="1204536" lat="34.1668600" lon="131.4605647">
  <tag k="amenity" v="post_box"/>
 </node>
 <node id="4060920905" visible="true" version="1" changeset="37834283" timestamp="2016-03-15T03:24:52Z" user="yoshitk" uid="1003241" lat="34.1674084" lon="131.4624338"/>
 <node id="4060920906" visible="true" version="1" changeset="37834283" timestamp="2016-03-15T03:24:52Z" user="yoshitk" uid="1003241" lat="34.1673782" lon="131.4627591"/>
 <node id="4060920907" visible="true" version="1" changeset="37834283" timestamp="2016-03-15T03:24:52Z" user="yoshitk" uid="1003241" lat="34.1672806" lon="131.4631290"/>
 <node id="4060920908" visible="true" version="3" changeset="72419182" timestamp="2019-07-19T08:22:35Z" user="hibagonsan" uid="5939709" lat="34.1672436" lon="131.4635734"/>
 <node id="4060920909" visible="true" version="4" changeset="72419182" timestamp="2019-07-19T08:22:35Z" user="hibagonsan" uid="5939709" lat="34.1671029" lon="131.4642188"/>
 <node id="4060920910" visible="true" version="3" changeset="72419182" timestamp="2019-07-19T08:22:35Z" user="hibagonsan" uid="5939709" lat="34.1670226" lon="131.4643978"/>
 <node id="4060920911" visible="true" version="3" changeset="72419182" timestamp="2019-07-19T08:22:35Z" user="hibagonsan" uid="5939709" lat="34.1669779" lon="131.4645388"/>
 <node id="4060920912" visible="true" version="2" changeset="72419182" timestamp="2019-07-19T08:22:35Z" user="hibagonsan" uid="5939709" lat="34.1669881" lon="131.4652593"/>
 <node id="4060920913" visible="true" version="3" changeset="72419182" timestamp="2019-07-19T08:22:35Z" user="hibagonsan" uid="5939709" lat="34.1669059" lon="131.4659420"/>
 <node id="4060920914" visible="true" version="2" changeset="72419182" timestamp="2019-07-19T08:22:35Z" user="hibagonsan" uid="5939709" lat="34.1666796" lon="131.4668842"/>
 <node id="4060920915" visible="true" version="1" changeset="37834283" timestamp="2016-03-15T03:24:53Z" user="yoshitk" uid="1003241" lat="34.1667861" lon="131.4671538"/>
 <node id="4060920916" visible="true" version="2" changeset="72452180" timestamp="2019-07-20T06:16:55Z" user="hibagonsan" uid="5939709" lat="34.1669471" lon="131.4676314"/>
 <node id="4060920917" visible="true" version="2" changeset="72452180" timestamp="2019-07-20T06:16:55Z" user="hibagonsan" uid="5939709" lat="34.1669303" lon="131.4677246"/>
 <node id="4060920918" visible="true" version="2" changeset="72452180" timestamp="2019-07-20T06:16:55Z" user="hibagonsan" uid="5939709" lat="34.1666990" lon="131.4679976"/>
 <node id="4060920919" visible="true" version="2" changeset="72451496" timestamp="2019-07-20T05:04:44Z" user="hibagonsan" uid="5939709" lat="34.1672076" lon="131.4686951"/>
 <node id="4060920920" visible="true" version="2" changeset="72451496" timestamp="2019-07-20T05:04:44Z" user="hibagonsan" uid="5939709" lat="34.1670497" lon="131.4694051"/>
 <node id="4060920921" visible="true" version="2" changeset="72451496" timestamp="2019-07-20T05:04:44Z" user="hibagonsan" uid="5939709" lat="34.1669545" lon="131.4698483"/>
 <node id="4060920922" visible="true" version="1" changeset="37834283" timestamp="2016-03-15T03:24:53Z" user="yoshitk" uid="1003241" lat="34.1669476" lon="131.4703981"/>
 <node id="4069501012" visible="true" version="3" changeset="39214500" timestamp="2016-05-10T12:02:14Z" user="mklyr" uid="614924" lat="34.1651037" lon="131.4578363"/>
 <node id="4080663842" visible="true" version="1" changeset="38091565" timestamp="2016-03-26T22:44:44Z" user="freshcl" uid="1204536" lat="34.1664416" lon="131.4581584"/>
 <node id="4080663856" visible="true" version="1" changeset="38091565" timestamp="2016-03-26T22:44:44Z" user="freshcl" uid="1204536" lat="34.1665737" lon="131.4584468"/>
 <node id="4080663862" visible="true" version="2" changeset="77690936" timestamp="2019-11-28T15:44:22Z" user="mklyr" uid="614924" lat="34.1666269" lon="131.4585635"/>
 <node id="4080663867" visible="true" version="1" changeset="38091565" timestamp="2016-03-26T22:44:44Z" user="freshcl" uid="1204536" lat="34.1666735" lon="131.4586332"/>
 <node id="4080663888" visible="true" version="1" changeset="38091565" timestamp="2016-03-26T22:44:45Z" user="freshcl" uid="1204536" lat="34.1668111" lon="131.4587700"/>
 <node id="4080663915" visible="true" version="1" changeset="38091565" timestamp="2016-03-26T22:44:45Z" user="freshcl" uid="1204536" lat="34.1671096" lon="131.4590368"/>
 <node id="4091101332" visible="true" version="1" changeset="38239863" timestamp="2016-04-01T22:40:37Z" user="freshcl" uid="1204536" lat="34.1667573" lon="131.4601189"/>
 <node id="4091101333" visible="true" version="1" changeset="38239863" timestamp="2016-04-01T22:40:37Z" user="freshcl" uid="1204536" lat="34.1668886" lon="131.4602923"/>
 <node id="4091101334" visible="true" version="1" changeset="38239863" timestamp="2016-04-01T22:40:37Z" user="freshcl" uid="1204536" lat="34.1669240" lon="131.4602532"/>
 <node id="4091101335" visible="true" version="1" changeset="38239863" timestamp="2016-04-01T22:40:37Z" user="freshcl" uid="1204536" lat="34.1669077" lon="131.4602317"/>
 <node id="4091101336" visible="true" version="1" changeset="38239863" timestamp="2016-04-01T22:40:37Z" user="freshcl" uid="1204536" lat="34.1669427" lon="131.4601929"/>
 <node id="4091101337" visible="true" version="1" changeset="38239863" timestamp="2016-04-01T22:40:37Z" user="freshcl" uid="1204536" lat="34.1668278" lon="131.4600410"/>
 <node id="4091101342" visible="true" version="1" changeset="38239863" timestamp="2016-04-01T22:40:37Z" user="freshcl" uid="1204536" lat="34.1672211" lon="131.4599315"/>
 <node id="4091101343" visible="true" version="1" changeset="38239863" timestamp="2016-04-01T22:40:37Z" user="freshcl" uid="1204536" lat="34.1671431" lon="131.4600108"/>
 <node id="4091101344" visible="true" version="1" changeset="38239863" timestamp="2016-04-01T22:40:37Z" user="freshcl" uid="1204536" lat="34.1672391" lon="131.4601486"/>
 <node id="4091101345" visible="true" version="1" changeset="38239863" timestamp="2016-04-01T22:40:37Z" user="freshcl" uid="1204536" lat="34.1673170" lon="131.4600693"/>
 <node id="4091101346" visible="true" version="1" changeset="38239863" timestamp="2016-04-01T22:40:37Z" user="freshcl" uid="1204536" lat="34.1673532" lon="131.4595872"/>
 <node id="4091101347" visible="true" version="1" changeset="38239863" timestamp="2016-04-01T22:40:37Z" user="freshcl" uid="1204536" lat="34.1675667" lon="131.4599176"/>
 <node id="4091101348" visible="true" version="1" changeset="38239863" timestamp="2016-04-01T22:40:37Z" user="freshcl" uid="1204536" lat="34.1673746" lon="131.4600990"/>
 <node id="4091101349" visible="true" version="1" changeset="38239863" timestamp="2016-04-01T22:40:37Z" user="freshcl" uid="1204536" lat="34.1671611" lon="131.4597686"/>
 <node id="4098784690" visible="true" version="1" changeset="38307385" timestamp="2016-04-05T04:19:00Z" user="show1017" uid="3244669" lat="34.1666491" lon="131.4614118"/>
 <node id="4098784691" visible="true" version="1" changeset="38307385" timestamp="2016-04-05T04:19:02Z" user="show1017" uid="3244669" lat="34.1661479" lon="131.4613430"/>
 <node id="4098784692" visible="true" version="1" changeset="38307385" timestamp="2016-04-05T04:19:06Z" user="show1017" uid="3244669" lat="34.1668383" lon="131.4616009"/>
 <node id="4098784693" visible="true" version="1" changeset="38307385" timestamp="2016-04-05T04:19:09Z" user="show1017" uid="3244669" lat="34.1671488" lon="131.4614932"/>
 <node id="4098795790" visible="true" version="1" changeset="38307385" timestamp="2016-04-05T04:19:08Z" user="show1017" uid="3244669" lat="34.1671576" lon="131.4615122"/>
 <node id="4098795791" visible="true" version="1" changeset="38307385" timestamp="2016-04-05T04:19:12Z" user="show1017" uid="3244669" lat="34.1669780" lon="131.4615300"/>
 <node id="4098795792" visible="true" version="1" changeset="38307385" timestamp="2016-04-05T04:19:12Z" user="show1017" uid="3244669" lat="34.1670172" lon="131.4614822"/>
 <node id="4098795890" visible="true" version="3" changeset="85168879" timestamp="2020-05-14T00:55:26Z" user="hibagonsan" uid="5939709" lat="34.1672201" lon="131.4617807"/>
 <node id="4098795891" visible="true" version="3" changeset="85168879" timestamp="2020-05-14T00:55:26Z" user="hibagonsan" uid="5939709" lat="34.1672399" lon="131.4620336"/>
 <node id="4098795892" visible="true" version="2" changeset="106553057" timestamp="2021-06-17T21:21:49Z" user="Yuxian" uid="10084645" lat="34.1673303" lon="131.4617802">
  <tag k="brand" v="ファミリーマート"/>
  <tag k="brand:en" v="FamilyMart"/>
  <tag k="brand:ja" v="ファミリーマート"/>
  <tag k="brand:wikidata" v="Q1191685"/>
  <tag k="brand:wikipedia" v="en:FamilyMart"/>
  <tag k="name" v="ファミリーマート"/>
  <tag k="name:en" v="FamilyMart"/>
  <tag k="name:ja" v="ファミリーマート"/>
  <tag k="shop" v="convenience"/>
 </node>
 <node id="4098795893" visible="true" version="1" changeset="38307385" timestamp="2016-04-05T04:19:01Z" user="show1017" uid="3244669" lat="34.1665256" lon="131.4612576"/>
 <node id="4098795894" visible="true" version="1" changeset="38307385" timestamp="2016-04-05T04:19:04Z" user="show1017" uid="3244669" lat="34.1666976" lon="131.4614948"/>
 <node id="4098795895" visible="true" version="1" changeset="38307385" timestamp="2016-04-05T04:19:04Z" user="show1017" uid="3244669" lat="34.1668544" lon="131.4613112"/>
 <node id="4098795896" visible="true" version="1" changeset="38307385" timestamp="2016-04-05T04:19:05Z" user="show1017" uid="3244669" lat="34.1668125" lon="131.4612590"/>
 <node id="4098795897" visible="true" version="1" changeset="38307385" timestamp="2016-04-05T04:19:05Z" user="show1017" uid="3244669" lat="34.1666386" lon="131.4614239"/>
 <node id="4098795898" visible="true" version="1" changeset="38307385" timestamp="2016-04-05T04:19:07Z" user="show1017" uid="3244669" lat="34.1670497" lon="131.4611665"/>
 <node id="4098795899" visible="true" version="1" changeset="38307385" timestamp="2016-04-05T04:19:09Z" user="show1017" uid="3244669" lat="34.1670953" lon="131.4615585"/>
 <node id="4098795900" visible="true" version="1" changeset="38307385" timestamp="2016-04-05T04:19:10Z" user="show1017" uid="3244669" lat="34.1671344" lon="131.4616053"/>
 <node id="4098795901" visible="true" version="1" changeset="38307385" timestamp="2016-04-05T04:19:11Z" user="show1017" uid="3244669" lat="34.1670047" lon="131.4615620"/>
 <node id="4098795989" visible="true" version="3" changeset="85168879" timestamp="2020-05-14T00:55:26Z" user="hibagonsan" uid="5939709" lat="34.1671328" lon="131.4618588"/>
 <node id="4098795990" visible="true" version="1" changeset="38307385" timestamp="2016-04-05T04:19:01Z" user="show1017" uid="3244669" lat="34.1665065" lon="131.4612799"/>
 <node id="4098795991" visible="true" version="1" changeset="38307385" timestamp="2016-04-05T04:19:02Z" user="show1017" uid="3244669" lat="34.1663591" lon="131.4610959"/>
 <node id="4098795992" visible="true" version="1" changeset="38307385" timestamp="2016-04-05T04:19:03Z" user="show1017" uid="3244669" lat="34.1666200" lon="131.4619324"/>
 <node id="4098795993" visible="true" version="1" changeset="38307385" timestamp="2016-04-05T04:19:03Z" user="show1017" uid="3244669" lat="34.1668410" lon="131.4616738"/>
 <node id="4098795994" visible="true" version="1" changeset="38307385" timestamp="2016-04-05T04:19:05Z" user="show1017" uid="3244669" lat="34.1666545" lon="131.4614438"/>
 <node id="4098795995" visible="true" version="1" changeset="38307385" timestamp="2016-04-05T04:19:06Z" user="show1017" uid="3244669" lat="34.1669393" lon="131.4616252"/>
 <node id="4098795996" visible="true" version="1" changeset="38307385" timestamp="2016-04-05T04:19:07Z" user="show1017" uid="3244669" lat="34.1668814" lon="131.4613401"/>
 <node id="4098795997" visible="true" version="1" changeset="38307385" timestamp="2016-04-05T04:19:11Z" user="show1017" uid="3244669" lat="34.1669604" lon="131.4616160"/>
 <node id="4098795998" visible="true" version="1" changeset="38307385" timestamp="2016-04-05T04:19:12Z" user="show1017" uid="3244669" lat="34.1669826" lon="131.4614409"/>
 <node id="4098796089" visible="true" version="3" changeset="85168879" timestamp="2020-05-14T00:55:26Z" user="hibagonsan" uid="5939709" lat="34.1673272" lon="131.4619554"/>
 <node id="4098796190" visible="true" version="1" changeset="38307385" timestamp="2016-04-05T04:19:08Z" user="show1017" uid="3244669" lat="34.1672364" lon="131.4614309"/>
 <node id="4098798789" visible="true" version="1" changeset="38307385" timestamp="2016-04-05T04:19:10Z" user="show1017" uid="3244669" lat="34.1670437" lon="131.4617159"/>
 <node id="4607718259" visible="true" version="2" changeset="56405920" timestamp="2018-02-16T07:59:54Z" user="mklyr" uid="614924" lat="34.1680503" lon="131.4630603"/>
 <node id="4607718260" visible="true" version="2" changeset="85168879" timestamp="2020-05-14T00:55:26Z" user="hibagonsan" uid="5939709" lat="34.1673146" lon="131.4615731"/>
 <node id="4607718261" visible="true" version="1" changeset="45159369" timestamp="2017-01-14T12:45:55Z" user="freshcl" uid="1204536" lat="34.1672726" lon="131.4616048"/>
 <node id="4607718262" visible="true" version="2" changeset="85168879" timestamp="2020-05-14T00:55:26Z" user="hibagonsan" uid="5939709" lat="34.1672068" lon="131.4617523"/>
 <node id="4607718263" visible="true" version="2" changeset="85168879" timestamp="2020-05-14T00:55:26Z" user="hibagonsan" uid="5939709" lat="34.1674486" lon="131.4620638"/>
 <node id="4607718264" visible="true" version="2" changeset="85168879" timestamp="2020-05-14T00:55:26Z" user="hibagonsan" uid="5939709" lat="34.1674952" lon="131.4618811"/>
 <node id="4607718265" visible="true" version="2" changeset="85168879" timestamp="2020-05-14T00:55:26Z" user="hibagonsan" uid="5939709" lat="34.1673732" lon="131.4616685"/>
 <node id="4607718272" visible="true" version="1" changeset="45159369" timestamp="2017-01-14T12:45:55Z" user="freshcl" uid="1204536" lat="34.1662863" lon="131.4597360"/>
 <node id="4618219620" visible="true" version="1" changeset="45295820" timestamp="2017-01-19T12:09:52Z" user="freshcl" uid="1204536" lat="34.1669642" lon="131.4610648"/>
 <node id="4618219621" visible="true" version="1" changeset="45295820" timestamp="2017-01-19T12:09:52Z" user="freshcl" uid="1204536" lat="34.1666661" lon="131.4613934"/>
 <node id="4618219622" visible="true" version="1" changeset="45295820" timestamp="2017-01-19T12:09:52Z" user="freshcl" uid="1204536" lat="34.1663050" lon="131.4608824"/>
 <node id="4618219623" visible="true" version="1" changeset="45295820" timestamp="2017-01-19T12:09:52Z" user="freshcl" uid="1204536" lat="34.1663194" lon="131.4607535"/>
 <node id="4618219624" visible="true" version="1" changeset="45295820" timestamp="2017-01-19T12:09:52Z" user="freshcl" uid="1204536" lat="34.1663809" lon="131.4607208"/>
 <node id="4618219625" visible="true" version="1" changeset="45295820" timestamp="2017-01-19T12:09:52Z" user="freshcl" uid="1204536" lat="34.1665427" lon="131.4609591"/>
 <node id="4618219626" visible="true" version="1" changeset="45295820" timestamp="2017-01-19T12:09:52Z" user="freshcl" uid="1204536" lat="34.1666805" lon="131.4608219"/>
 <node id="4618219627" visible="true" version="1" changeset="45295820" timestamp="2017-01-19T12:09:52Z" user="freshcl" uid="1204536" lat="34.1667296" lon="131.4608922"/>
 <node id="4618219628" visible="true" version="1" changeset="45295820" timestamp="2017-01-19T12:09:52Z" user="freshcl" uid="1204536" lat="34.1668169" lon="131.4608088"/>
 <node id="4618219631" visible="true" version="1" changeset="45295820" timestamp="2017-01-19T12:09:52Z" user="freshcl" uid="1204536" lat="34.1663520" lon="131.4608125"/>
 <node id="4618219632" visible="true" version="1" changeset="45295820" timestamp="2017-01-19T12:09:52Z" user="freshcl" uid="1204536" lat="34.1662688" lon="131.4608606"/>
 <node id="4618219633" visible="true" version="2" changeset="70095751" timestamp="2019-05-10T04:28:05Z" user="hibagonsan" uid="5939709" lat="34.1661037" lon="131.4606505"/>
 <node id="4618219634" visible="true" version="1" changeset="45295820" timestamp="2017-01-19T12:09:52Z" user="freshcl" uid="1204536" lat="34.1663719" lon="131.4610310"/>
 <node id="4754098336" visible="true" version="3" changeset="71546808" timestamp="2019-06-24T04:30:08Z" user="hibagonsan" uid="5939709" lat="34.1660837" lon="131.4594024"/>
 <node id="5091003773" visible="true" version="3" changeset="167486642" timestamp="2025-06-11T11:22:27Z" user="AlexM51" uid="174705" lat="34.1718614" lon="131.4688478">
  <tag k="bus" v="yes"/>
  <tag k="gtfs:stop_id" v="60032 2"/>
  <tag k="name" v="商工会館前"/>
  <tag k="name:ja" v="商工会館前"/>
  <tag k="name:ja-Hira" v="しょうこうかいかんまえ"/>
  <tag k="name:ja-Latn" v="Shoukoukaikan-mae"/>
  <tag k="operator" v="中国ジェイアールバス"/>
  <tag k="operator:en" v="Chugoku JR Bus"/>
  <tag k="public_transport" v="stop_position"/>
 </node>
 <node id="6353832695" visible="true" version="1" changeset="68400721" timestamp="2019-03-22T08:07:29Z" user="yoshitk" uid="1003241" lat="34.1722231" lon="131.4693492"/>
 <node id="6353850144" visible="true" version="1" changeset="68400947" timestamp="2019-03-22T08:16:35Z" user="yoshitk" uid="1003241" lat="34.1747206" lon="131.4719455"/>
 <node id="6353853832" visible="true" version="1" changeset="68401049" timestamp="2019-03-22T08:20:25Z" user="yoshitk" uid="1003241" lat="34.1672606" lon="131.4630522"/>
 <node id="6353853833" visible="true" version="1" changeset="68401049" timestamp="2019-03-22T08:20:25Z" user="yoshitk" uid="1003241" lat="34.1672290" lon="131.4634673"/>
 <node id="6353853834" visible="true" version="1" changeset="68401049" timestamp="2019-03-22T08:20:25Z" user="yoshitk" uid="1003241" lat="34.1672068" lon="131.4636309"/>
 <node id="6353853835" visible="true" version="1" changeset="68401049" timestamp="2019-03-22T08:20:25Z" user="yoshitk" uid="1003241" lat="34.1670714" lon="131.4642478"/>
 <node id="6353853836" visible="true" version="1" changeset="68401049" timestamp="2019-03-22T08:20:25Z" user="yoshitk" uid="1003241" lat="34.1669627" lon="131.4644946"/>
 <node id="6353853838" visible="true" version="2" changeset="72419182" timestamp="2019-07-19T08:22:35Z" user="hibagonsan" uid="5939709" lat="34.1669906" lon="131.4648194"/>
 <node id="6353853847" visible="true" version="1" changeset="68401049" timestamp="2019-03-22T08:20:25Z" user="yoshitk" uid="1003241" lat="34.1675061" lon="131.4622971"/>
 <node id="6353853848" visible="true" version="1" changeset="68401049" timestamp="2019-03-22T08:20:25Z" user="yoshitk" uid="1003241" lat="34.1684904" lon="131.4613454"/>
 <node id="6353853849" visible="true" version="1" changeset="68401049" timestamp="2019-03-22T08:20:25Z" user="yoshitk" uid="1003241" lat="34.1684894" lon="131.4612193"/>
 <node id="6461104035" visible="true" version="2" changeset="180285963" timestamp="2026-03-23T06:36:45Z" user="Mozkun" uid="2651887" lat="34.1686639" lon="131.4609517"/>
 <node id="6461104036" visible="true" version="2" changeset="180285963" timestamp="2026-03-23T06:36:45Z" user="Mozkun" uid="2651887" lat="34.1684641" lon="131.4606693"/>
 <node id="6461104037" visible="true" version="2" changeset="180285963" timestamp="2026-03-23T06:36:45Z" user="Mozkun" uid="2651887" lat="34.1683957" lon="131.4607399"/>
 <node id="6461104038" visible="true" version="2" changeset="180285963" timestamp="2026-03-23T06:36:45Z" user="Mozkun" uid="2651887" lat="34.1685955" lon="131.4610224"/>
 <node id="6461104043" visible="true" version="1" changeset="70062222" timestamp="2019-05-09T07:57:20Z" user="hibagonsan" uid="5939709" lat="34.1670314" lon="131.4622391"/>
 <node id="6461104044" visible="true" version="1" changeset="70062222" timestamp="2019-05-09T07:57:20Z" user="hibagonsan" uid="5939709" lat="34.1669304" lon="131.4625033"/>
 <node id="6461104045" visible="true" version="1" changeset="70062222" timestamp="2019-05-09T07:57:20Z" user="hibagonsan" uid="5939709" lat="34.1670114" lon="131.4625485"/>
 <node id="6461104046" visible="true" version="1" changeset="70062222" timestamp="2019-05-09T07:57:20Z" user="hibagonsan" uid="5939709" lat="34.1671124" lon="131.4622843"/>
 <node id="6461104047" visible="true" version="1" changeset="70062222" timestamp="2019-05-09T07:57:20Z" user="hibagonsan" uid="5939709" lat="34.1671314" lon="131.4619909"/>
 <node id="6461104048" visible="true" version="1" changeset="70062222" timestamp="2019-05-09T07:57:20Z" user="hibagonsan" uid="5939709" lat="34.1670426" lon="131.4622203"/>
 <node id="6461104049" visible="true" version="1" changeset="70062222" timestamp="2019-05-09T07:57:20Z" user="hibagonsan" uid="5939709" lat="34.1671179" lon="131.4622629"/>
 <node id="6461104050" visible="true" version="1" changeset="70062222" timestamp="2019-05-09T07:57:20Z" user="hibagonsan" uid="5939709" lat="34.1672067" lon="131.4620335"/>
 <node id="6461104055" visible="true" version="1" changeset="70062222" timestamp="2019-05-09T07:57:20Z" user="hibagonsan" uid="5939709" lat="34.1674109" lon="131.4627886"/>
 <node id="6461104056" visible="true" version="1" changeset="70062222" timestamp="2019-05-09T07:57:20Z" user="hibagonsan" uid="5939709" lat="34.1674752" lon="131.4628033"/>
 <node id="6461104057" visible="true" version="1" changeset="70062222" timestamp="2019-05-09T07:57:20Z" user="hibagonsan" uid="5939709" lat="34.1675008" lon="131.4628033"/>
 <node id="6461104058" visible="true" version="1" changeset="70062222" timestamp="2019-05-09T07:57:20Z" user="hibagonsan" uid="5939709" lat="34.1675087" lon="131.4625981"/>
 <node id="6461104059" visible="true" version="1" changeset="70062222" timestamp="2019-05-09T07:57:20Z" user="hibagonsan" uid="5939709" lat="34.1674676" lon="131.4629254"/>
 <node id="6461104060" visible="true" version="1" changeset="70062222" timestamp="2019-05-09T07:57:20Z" user="hibagonsan" uid="5939709" lat="34.1673953" lon="131.4629187"/>
 <node id="6461104061" visible="true" version="1" changeset="70062222" timestamp="2019-05-09T07:57:20Z" user="hibagonsan" uid="5939709" lat="34.1674153" lon="131.4625941"/>
 <node id="6461104062" visible="true" version="1" changeset="70062222" timestamp="2019-05-09T07:57:20Z" user="hibagonsan" uid="5939709" lat="34.1677089" lon="131.4626644"/>
 <node id="6461104063" visible="true" version="1" changeset="70062222" timestamp="2019-05-09T07:57:20Z" user="hibagonsan" uid="5939709" lat="34.1676856" lon="131.4626215"/>
 <node id="6461104064" visible="true" version="1" changeset="70062222" timestamp="2019-05-09T07:57:20Z" user="hibagonsan" uid="5939709" lat="34.1677083" lon="131.4626035"/>
 <node id="6461104065" visible="true" version="1" changeset="70062222" timestamp="2019-05-09T07:57:20Z" user="hibagonsan" uid="5939709" lat="34.1677316" lon="131.4626464"/>
 <node id="6461104066" visible="true" version="1" changeset="70062222" timestamp="2019-05-09T07:57:21Z" user="hibagonsan" uid="5939709" lat="34.1678004" lon="131.4625048"/>
 <node id="6461104067" visible="true" version="1" changeset="70062222" timestamp="2019-05-09T07:57:21Z" user="hibagonsan" uid="5939709" lat="34.1677127" lon="131.4625785"/>
 <node id="6461104068" visible="true" version="1" changeset="70062222" timestamp="2019-05-09T07:57:21Z" user="hibagonsan" uid="5939709" lat="34.1677449" lon="131.4626344"/>
 <node id="6461104069" visible="true" version="1" changeset="70062222" timestamp="2019-05-09T07:57:21Z" user="hibagonsan" uid="5939709" lat="34.1678325" lon="131.4625606"/>
 <node id="6461104070" visible="true" version="1" changeset="70062222" timestamp="2019-05-09T07:57:21Z" user="hibagonsan" uid="5939709" lat="34.1681184" lon="131.4629524"/>
 <node id="6461104071" visible="true" version="1" changeset="70062222" timestamp="2019-05-09T07:57:21Z" user="hibagonsan" uid="5939709" lat="34.1678387" lon="131.4631670"/>
 <node id="6461104072" visible="true" version="1" changeset="70062222" timestamp="2019-05-09T07:57:21Z" user="hibagonsan" uid="5939709" lat="34.1677604" lon="131.4630179"/>
 <node id="6461104073" visible="true" version="1" changeset="70062222" timestamp="2019-05-09T07:57:21Z" user="hibagonsan" uid="5939709" lat="34.1680400" lon="131.4628033"/>
 <node id="6461104630" visible="true" version="2" changeset="185853761" timestamp="2026-07-16T15:54:56Z" user="MiachMihie" uid="24308200" lat="34.1686662" lon="131.4620989"/>
 <node id="6461104631" visible="true" version="2" changeset="185853761" timestamp="2026-07-16T15:54:56Z" user="MiachMihie" uid="24308200" lat="34.1682313" lon="131.4625679"/>
 <node id="6461104632" visible="true" version="2" changeset="185853761" timestamp="2026-07-16T15:54:56Z" user="MiachMihie" uid="24308200" lat="34.1683840" lon="131.4628274"/>
 <node id="6461104633" visible="true" version="2" changeset="185853761" timestamp="2026-07-16T15:54:56Z" user="MiachMihie" uid="24308200" lat="34.1688561" lon="131.4624220"/>
 <node id="6461104640" visible="true" version="1" changeset="70062222" timestamp="2019-05-09T07:57:21Z" user="hibagonsan" uid="5939709" lat="34.1676550" lon="131.4624624"/>
 <node id="6461104641" visible="true" version="1" changeset="70062222" timestamp="2019-05-09T07:57:22Z" user="hibagonsan" uid="5939709" lat="34.1675596" lon="131.4625496"/>
 <node id="6461104642" visible="true" version="1" changeset="70062222" timestamp="2019-05-09T07:57:22Z" user="hibagonsan" uid="5939709" lat="34.1676084" lon="131.4626276"/>
 <node id="6461104643" visible="true" version="1" changeset="70062222" timestamp="2019-05-09T07:57:22Z" user="hibagonsan" uid="5939709" lat="34.1677038" lon="131.4625405"/>
 <node id="6461104644" visible="true" version="2" changeset="85168879" timestamp="2020-05-14T00:55:26Z" user="hibagonsan" uid="5939709" lat="34.1682110" lon="131.4616570"/>
 <node id="6461104645" visible="true" version="2" changeset="85168879" timestamp="2020-05-14T00:55:26Z" user="hibagonsan" uid="5939709" lat="34.1678893" lon="131.4619762"/>
 <node id="6461104646" visible="true" version="2" changeset="85168879" timestamp="2020-05-14T00:55:26Z" user="hibagonsan" uid="5939709" lat="34.1680767" lon="131.4622522"/>
 <node id="6461104647" visible="true" version="2" changeset="85168879" timestamp="2020-05-14T00:55:26Z" user="hibagonsan" uid="5939709" lat="34.1683984" lon="131.4619330"/>
 <node id="6461104648" visible="true" version="3" changeset="185853761" timestamp="2026-07-16T15:54:56Z" user="MiachMihie" uid="24308200" lat="34.1679720" lon="131.4612288"/>
 <node id="6461104649" visible="true" version="3" changeset="185853761" timestamp="2026-07-16T15:54:56Z" user="MiachMihie" uid="24308200" lat="34.1676209" lon="131.4615812"/>
 <node id="6461104650" visible="true" version="3" changeset="185853761" timestamp="2026-07-16T15:54:56Z" user="MiachMihie" uid="24308200" lat="34.1678070" lon="131.4618521"/>
 <node id="6461104651" visible="true" version="3" changeset="185853761" timestamp="2026-07-16T15:54:56Z" user="MiachMihie" uid="24308200" lat="34.1681581" lon="131.4614996"/>
 <node id="6461104652" visible="true" version="1" changeset="70062222" timestamp="2019-05-09T07:57:22Z" user="hibagonsan" uid="5939709" lat="34.1675818" lon="131.4608679"/>
 <node id="6461104653" visible="true" version="1" changeset="70062222" timestamp="2019-05-09T07:57:22Z" user="hibagonsan" uid="5939709" lat="34.1675509" lon="131.4608370"/>
 <node id="6461104654" visible="true" version="1" changeset="70062222" timestamp="2019-05-09T07:57:22Z" user="hibagonsan" uid="5939709" lat="34.1675788" lon="131.4607963"/>
 <node id="6461104655" visible="true" version="1" changeset="70062222" timestamp="2019-05-09T07:57:22Z" user="hibagonsan" uid="5939709" lat="34.1674554" lon="131.4610525"/>
 <node id="6461104656" visible="true" version="1" changeset="70062222" timestamp="2019-05-09T07:57:22Z" user="hibagonsan" uid="5939709" lat="34.1673998" lon="131.4609969"/>
 <node id="6461104657" visible="true" version="1" changeset="70062222" timestamp="2019-05-09T07:57:22Z" user="hibagonsan" uid="5939709" lat="34.1675540" lon="131.4607716"/>
 <node id="6461104658" visible="true" version="1" changeset="70062222" timestamp="2019-05-09T07:57:22Z" user="hibagonsan" uid="5939709" lat="34.1675832" lon="131.4607244"/>
 <node id="6461104659" visible="true" version="1" changeset="70062222" timestamp="2019-05-09T07:57:22Z" user="hibagonsan" uid="5939709" lat="34.1675233" lon="131.4606305"/>
 <node id="6461104660" visible="true" version="1" changeset="70062222" timestamp="2019-05-09T07:57:22Z" user="hibagonsan" uid="5939709" lat="34.1675518" lon="131.4606039"/>
 <node id="6461104661" visible="true" version="1" changeset="70062222" timestamp="2019-05-09T07:57:22Z" user="hibagonsan" uid="5939709" lat="34.1676117" lon="131.4606978"/>
 <node id="6461104662" visible="true" version="1" changeset="70062222" timestamp="2019-05-09T07:57:22Z" user="hibagonsan" uid="5939709" lat="34.1677550" lon="131.4605454"/>
 <node id="6461104663" visible="true" version="1" changeset="70062222" timestamp="2019-05-09T07:57:22Z" user="hibagonsan" uid="5939709" lat="34.1675763" lon="131.4607666"/>
 <node id="6461104664" visible="true" version="1" changeset="70062222" timestamp="2019-05-09T07:57:22Z" user="hibagonsan" uid="5939709" lat="34.1676328" lon="131.4608333"/>
 <node id="6461104665" visible="true" version="1" changeset="70062222" timestamp="2019-05-09T07:57:22Z" user="hibagonsan" uid="5939709" lat="34.1678115" lon="131.4606120"/>
 <node id="6461104666" visible="true" version="1" changeset="70062222" timestamp="2019-05-09T07:57:22Z" user="hibagonsan" uid="5939709" lat="34.1675849" lon="131.4615802"/>
 <node id="6461104667" visible="true" version="1" changeset="70062222" timestamp="2019-05-09T07:57:22Z" user="hibagonsan" uid="5939709" lat="34.1675678" lon="131.4615553"/>
 <node id="6461104668" visible="true" version="1" changeset="70062222" timestamp="2019-05-09T07:57:22Z" user="hibagonsan" uid="5939709" lat="34.1676231" lon="131.4614979"/>
 <node id="6461104669" visible="true" version="1" changeset="70062222" timestamp="2019-05-09T07:57:22Z" user="hibagonsan" uid="5939709" lat="34.1673621" lon="131.4612772"/>
 <node id="6461104670" visible="true" version="1" changeset="70062222" timestamp="2019-05-09T07:57:22Z" user="hibagonsan" uid="5939709" lat="34.1675618" lon="131.4615615"/>
 <node id="6461104671" visible="true" version="1" changeset="70062222" timestamp="2019-05-09T07:57:22Z" user="hibagonsan" uid="5939709" lat="34.1676410" lon="131.4615221"/>
 <node id="6461104672" visible="true" version="1" changeset="70062222" timestamp="2019-05-09T07:57:22Z" user="hibagonsan" uid="5939709" lat="34.1674237" lon="131.4612093"/>
 <node id="6461104673" visible="true" version="1" changeset="70062222" timestamp="2019-05-09T07:57:22Z" user="hibagonsan" uid="5939709" lat="34.1676783" lon="131.4609553"/>
 <node id="6461104674" visible="true" version="1" changeset="70062222" timestamp="2019-05-09T07:57:22Z" user="hibagonsan" uid="5939709" lat="34.1678936" lon="131.4612705"/>
 <node id="6461104675" visible="true" version="1" changeset="70062222" timestamp="2019-05-09T07:57:22Z" user="hibagonsan" uid="5939709" lat="34.1671951" lon="131.4607784"/>
 <node id="6461104676" visible="true" version="1" changeset="70062222" timestamp="2019-05-09T07:57:22Z" user="hibagonsan" uid="5939709" lat="34.1670952" lon="131.4608763"/>
 <node id="6461104677" visible="true" version="1" changeset="70062222" timestamp="2019-05-09T07:57:22Z" user="hibagonsan" uid="5939709" lat="34.1671546" lon="131.4609647"/>
 <node id="6461104678" visible="true" version="1" changeset="70062222" timestamp="2019-05-09T07:57:22Z" user="hibagonsan" uid="5939709" lat="34.1672544" lon="131.4608668"/>
 <node id="6461104679" visible="true" version="1" changeset="70062222" timestamp="2019-05-09T07:57:22Z" user="hibagonsan" uid="5939709" lat="34.1671318" lon="131.4607075"/>
 <node id="6461104680" visible="true" version="1" changeset="70062222" timestamp="2019-05-09T07:57:22Z" user="hibagonsan" uid="5939709" lat="34.1670353" lon="131.4608000"/>
 <node id="6461104681" visible="true" version="1" changeset="70062222" timestamp="2019-05-09T07:57:22Z" user="hibagonsan" uid="5939709" lat="34.1670791" lon="131.4608668"/>
 <node id="6461104682" visible="true" version="1" changeset="70062222" timestamp="2019-05-09T07:57:22Z" user="hibagonsan" uid="5939709" lat="34.1671756" lon="131.4607742"/>
 <node id="6461104683" visible="true" version="1" changeset="70062222" timestamp="2019-05-09T07:57:22Z" user="hibagonsan" uid="5939709" lat="34.1670505" lon="131.4605622"/>
 <node id="6461104684" visible="true" version="1" changeset="70062222" timestamp="2019-05-09T07:57:22Z" user="hibagonsan" uid="5939709" lat="34.1669828" lon="131.4606346"/>
 <node id="6461104685" visible="true" version="1" changeset="70062222" timestamp="2019-05-09T07:57:22Z" user="hibagonsan" uid="5939709" lat="34.1670281" lon="131.4606965"/>
 <node id="6461104686" visible="true" version="1" changeset="70062222" timestamp="2019-05-09T07:57:22Z" user="hibagonsan" uid="5939709" lat="34.1670957" lon="131.4606240"/>
 <node id="6461104687" visible="true" version="1" changeset="70062222" timestamp="2019-05-09T07:57:22Z" user="hibagonsan" uid="5939709" lat="34.1669506" lon="131.4604065"/>
 <node id="6461104688" visible="true" version="1" changeset="70062222" timestamp="2019-05-09T07:57:22Z" user="hibagonsan" uid="5939709" lat="34.1668652" lon="131.4604856"/>
 <node id="6461104689" visible="true" version="1" changeset="70062222" timestamp="2019-05-09T07:57:22Z" user="hibagonsan" uid="5939709" lat="34.1669104" lon="131.4605570"/>
 <node id="6461104690" visible="true" version="1" changeset="70062222" timestamp="2019-05-09T07:57:22Z" user="hibagonsan" uid="5939709" lat="34.1669959" lon="131.4604779"/>
 <node id="6463485355" visible="true" version="1" changeset="70095648" timestamp="2019-05-10T04:20:20Z" user="hibagonsan" uid="5939709" lat="34.1684423" lon="131.4605361"/>
 <node id="6463485356" visible="true" version="1" changeset="70095648" timestamp="2019-05-10T04:20:20Z" user="hibagonsan" uid="5939709" lat="34.1683868" lon="131.4604543"/>
 <node id="6463485357" visible="true" version="1" changeset="70095648" timestamp="2019-05-10T04:20:20Z" user="hibagonsan" uid="5939709" lat="34.1684550" lon="131.4603867"/>
 <node id="6463485358" visible="true" version="1" changeset="70095648" timestamp="2019-05-10T04:20:20Z" user="hibagonsan" uid="5939709" lat="34.1685105" lon="131.4604685"/>
 <node id="6463485359" visible="true" version="1" changeset="70095648" timestamp="2019-05-10T04:20:20Z" user="hibagonsan" uid="5939709" lat="34.1683741" lon="131.4604372"/>
 <node id="6463485360" visible="true" version="1" changeset="70095648" timestamp="2019-05-10T04:20:20Z" user="hibagonsan" uid="5939709" lat="34.1683131" lon="131.4603527"/>
 <node id="6463485361" visible="true" version="1" changeset="70095648" timestamp="2019-05-10T04:20:20Z" user="hibagonsan" uid="5939709" lat="34.1683851" lon="131.4602767"/>
 <node id="6463485362" visible="true" version="1" changeset="70095648" timestamp="2019-05-10T04:20:20Z" user="hibagonsan" uid="5939709" lat="34.1684462" lon="131.4603612"/>
 <node id="6463485363" visible="true" version="1" changeset="70095648" timestamp="2019-05-10T04:20:20Z" user="hibagonsan" uid="5939709" lat="34.1682937" lon="131.4603201"/>
 <node id="6463485364" visible="true" version="1" changeset="70095648" timestamp="2019-05-10T04:20:20Z" user="hibagonsan" uid="5939709" lat="34.1682338" lon="131.4602289"/>
 <node id="6463485365" visible="true" version="1" changeset="70095648" timestamp="2019-05-10T04:20:20Z" user="hibagonsan" uid="5939709" lat="34.1683041" lon="131.4601614"/>
 <node id="6463485366" visible="true" version="1" changeset="70095648" timestamp="2019-05-10T04:20:20Z" user="hibagonsan" uid="5939709" lat="34.1683640" lon="131.4602526"/>
 <node id="6463485367" visible="true" version="1" changeset="70095648" timestamp="2019-05-10T04:20:20Z" user="hibagonsan" uid="5939709" lat="34.1682259" lon="131.4600689"/>
 <node id="6463485368" visible="true" version="1" changeset="70095648" timestamp="2019-05-10T04:20:20Z" user="hibagonsan" uid="5939709" lat="34.1681461" lon="131.4601494"/>
 <node id="6463485369" visible="true" version="1" changeset="70095648" timestamp="2019-05-10T04:20:20Z" user="hibagonsan" uid="5939709" lat="34.1681987" lon="131.4602257"/>
 <node id="6463485370" visible="true" version="1" changeset="70095648" timestamp="2019-05-10T04:20:20Z" user="hibagonsan" uid="5939709" lat="34.1682786" lon="131.4601453"/>
 <node id="6463485371" visible="true" version="1" changeset="70095648" timestamp="2019-05-10T04:20:20Z" user="hibagonsan" uid="5939709" lat="34.1672998" lon="131.4604806"/>
 <node id="6463485372" visible="true" version="1" changeset="70095648" timestamp="2019-05-10T04:20:20Z" user="hibagonsan" uid="5939709" lat="34.1673433" lon="131.4604338"/>
 <node id="6463485373" visible="true" version="1" changeset="70095648" timestamp="2019-05-10T04:20:20Z" user="hibagonsan" uid="5939709" lat="34.1673953" lon="131.4605043"/>
 <node id="6463485374" visible="true" version="1" changeset="70095648" timestamp="2019-05-10T04:20:20Z" user="hibagonsan" uid="5939709" lat="34.1672608" lon="131.4604277"/>
 <node id="6463485375" visible="true" version="1" changeset="70095648" timestamp="2019-05-10T04:20:20Z" user="hibagonsan" uid="5939709" lat="34.1673798" lon="131.4602995"/>
 <node id="6463485376" visible="true" version="1" changeset="70095648" timestamp="2019-05-10T04:20:20Z" user="hibagonsan" uid="5939709" lat="34.1674708" lon="131.4604229"/>
 <node id="6463485377" visible="true" version="1" changeset="70095648" timestamp="2019-05-10T04:20:20Z" user="hibagonsan" uid="5939709" lat="34.1674885" lon="131.4604151"/>
 <node id="6463485378" visible="true" version="1" changeset="70095648" timestamp="2019-05-10T04:20:20Z" user="hibagonsan" uid="5939709" lat="34.1674219" lon="131.4603212"/>
 <node id="6463485379" visible="true" version="1" changeset="70095648" timestamp="2019-05-10T04:20:20Z" user="hibagonsan" uid="5939709" lat="34.1674675" lon="131.4602740"/>
 <node id="6463485380" visible="true" version="1" changeset="70095648" timestamp="2019-05-10T04:20:20Z" user="hibagonsan" uid="5939709" lat="34.1675341" lon="131.4603679"/>
 <node id="6463485381" visible="true" version="1" changeset="70095648" timestamp="2019-05-10T04:20:20Z" user="hibagonsan" uid="5939709" lat="34.1672413" lon="131.4607133"/>
 <node id="6463485382" visible="true" version="1" changeset="70095648" timestamp="2019-05-10T04:20:20Z" user="hibagonsan" uid="5939709" lat="34.1671403" lon="131.4605711"/>
 <node id="6463485383" visible="true" version="1" changeset="70095648" timestamp="2019-05-10T04:20:20Z" user="hibagonsan" uid="5939709" lat="34.1672211" lon="131.4604872"/>
 <node id="6463485384" visible="true" version="1" changeset="70095648" timestamp="2019-05-10T04:20:20Z" user="hibagonsan" uid="5939709" lat="34.1673221" lon="131.4606294"/>
 <node id="6463486385" visible="true" version="1" changeset="70095648" timestamp="2019-05-10T04:20:20Z" user="hibagonsan" uid="5939709" lat="34.1673407" lon="131.4606571"/>
 <node id="6463486386" visible="true" version="1" changeset="70095648" timestamp="2019-05-10T04:20:20Z" user="hibagonsan" uid="5939709" lat="34.1672675" lon="131.4607322"/>
 <node id="6463486387" visible="true" version="1" changeset="70095648" timestamp="2019-05-10T04:20:20Z" user="hibagonsan" uid="5939709" lat="34.1673177" lon="131.4608037"/>
 <node id="6463486388" visible="true" version="1" changeset="70095648" timestamp="2019-05-10T04:20:20Z" user="hibagonsan" uid="5939709" lat="34.1673909" lon="131.4607286"/>
 <node id="6463486389" visible="true" version="1" changeset="70095648" timestamp="2019-05-10T04:20:20Z" user="hibagonsan" uid="5939709" lat="34.1675040" lon="131.4606148"/>
 <node id="6463486390" visible="true" version="1" changeset="70095648" timestamp="2019-05-10T04:20:20Z" user="hibagonsan" uid="5939709" lat="34.1674485" lon="131.4605438"/>
 <node id="6463486391" visible="true" version="1" changeset="70095648" timestamp="2019-05-10T04:20:20Z" user="hibagonsan" uid="5939709" lat="34.1675063" lon="131.4604779"/>
 <node id="6463486392" visible="true" version="1" changeset="70095648" timestamp="2019-05-10T04:20:20Z" user="hibagonsan" uid="5939709" lat="34.1675618" lon="131.4605489"/>
 <node id="6463486393" visible="true" version="1" changeset="70095648" timestamp="2019-05-10T04:20:20Z" user="hibagonsan" uid="5939709" lat="34.1676994" lon="131.4604430"/>
 <node id="6463486394" visible="true" version="1" changeset="70095648" timestamp="2019-05-10T04:20:20Z" user="hibagonsan" uid="5939709" lat="34.1676139" lon="131.4605463"/>
 <node id="6463486395" visible="true" version="1" changeset="70095648" timestamp="2019-05-10T04:20:20Z" user="hibagonsan" uid="5939709" lat="34.1676683" lon="131.4606120"/>
 <node id="6463486396" visible="true" version="1" changeset="70095648" timestamp="2019-05-10T04:20:20Z" user="hibagonsan" uid="5939709" lat="34.1677538" lon="131.4605087"/>
 <node id="6463486397" visible="true" version="1" changeset="70095648" timestamp="2019-05-10T04:20:20Z" user="hibagonsan" uid="5939709" lat="34.1677649" lon="131.4603909"/>
 <node id="6463486398" visible="true" version="1" changeset="70095648" timestamp="2019-05-10T04:20:20Z" user="hibagonsan" uid="5939709" lat="34.1677061" lon="131.4602970"/>
 <node id="6463486399" visible="true" version="1" changeset="70095648" timestamp="2019-05-10T04:20:20Z" user="hibagonsan" uid="5939709" lat="34.1677737" lon="131.4602351"/>
 <node id="6463486400" visible="true" version="1" changeset="70095648" timestamp="2019-05-10T04:20:20Z" user="hibagonsan" uid="5939709" lat="34.1678325" lon="131.4603290"/>
 <node id="6463486401" visible="true" version="2" changeset="180285963" timestamp="2026-03-23T06:36:45Z" user="Mozkun" uid="2651887" lat="34.1680244" lon="131.4602485"/>
 <node id="6463486402" visible="true" version="2" changeset="180285963" timestamp="2026-03-23T06:36:45Z" user="Mozkun" uid="2651887" lat="34.1680997" lon="131.4603595"/>
 <node id="6463486403" visible="true" version="2" changeset="180285963" timestamp="2026-03-23T06:36:45Z" user="Mozkun" uid="2651887" lat="34.1681353" lon="131.4603242"/>
 <node id="6463486404" visible="true" version="2" changeset="180285963" timestamp="2026-03-23T06:36:45Z" user="Mozkun" uid="2651887" lat="34.1680600" lon="131.4602132"/>
 <node id="6463498075" visible="true" version="1" changeset="70095751" timestamp="2019-05-10T04:28:03Z" user="hibagonsan" uid="5939709" lat="34.1662921" lon="131.4605492"/>
 <node id="6463498076" visible="true" version="1" changeset="70095751" timestamp="2019-05-10T04:28:03Z" user="hibagonsan" uid="5939709" lat="34.1662244" lon="131.4606135"/>
 <node id="6463498077" visible="true" version="1" changeset="70095751" timestamp="2019-05-10T04:28:03Z" user="hibagonsan" uid="5939709" lat="34.1662802" lon="131.4606991"/>
 <node id="6463498078" visible="true" version="1" changeset="70095751" timestamp="2019-05-10T04:28:03Z" user="hibagonsan" uid="5939709" lat="34.1663479" lon="131.4606348"/>
 <node id="6463498079" visible="true" version="1" changeset="70095751" timestamp="2019-05-10T04:28:03Z" user="hibagonsan" uid="5939709" lat="34.1661557" lon="131.4608128"/>
 <node id="6463498080" visible="true" version="1" changeset="70095751" timestamp="2019-05-10T04:28:03Z" user="hibagonsan" uid="5939709" lat="34.1660980" lon="131.4607230"/>
 <node id="6463498081" visible="true" version="1" changeset="70095751" timestamp="2019-05-10T04:28:03Z" user="hibagonsan" uid="5939709" lat="34.1660505" lon="131.4607675"/>
 <node id="6463498082" visible="true" version="1" changeset="70095751" timestamp="2019-05-10T04:28:03Z" user="hibagonsan" uid="5939709" lat="34.1661082" lon="131.4608574"/>
 <node id="6463498083" visible="true" version="1" changeset="70095751" timestamp="2019-05-10T04:28:03Z" user="hibagonsan" uid="5939709" lat="34.1660219" lon="131.4611736"/>
 <node id="6463498084" visible="true" version="1" changeset="70095751" timestamp="2019-05-10T04:28:03Z" user="hibagonsan" uid="5939709" lat="34.1658710" lon="131.4609617"/>
 <node id="6463498085" visible="true" version="1" changeset="70095751" timestamp="2019-05-10T04:28:03Z" user="hibagonsan" uid="5939709" lat="34.1659739" lon="131.4608547"/>
 <node id="6463498086" visible="true" version="1" changeset="70095751" timestamp="2019-05-10T04:28:03Z" user="hibagonsan" uid="5939709" lat="34.1661248" lon="131.4610666"/>
 <node id="6463498087" visible="true" version="1" changeset="70095751" timestamp="2019-05-10T04:28:03Z" user="hibagonsan" uid="5939709" lat="34.1667857" lon="131.4607408"/>
 <node id="6463498088" visible="true" version="1" changeset="70095751" timestamp="2019-05-10T04:28:03Z" user="hibagonsan" uid="5939709" lat="34.1667047" lon="131.4608173"/>
 <node id="6463498089" visible="true" version="1" changeset="70095751" timestamp="2019-05-10T04:28:03Z" user="hibagonsan" uid="5939709" lat="34.1667307" lon="131.4608574"/>
 <node id="6463498090" visible="true" version="1" changeset="70095751" timestamp="2019-05-10T04:28:03Z" user="hibagonsan" uid="5939709" lat="34.1668117" lon="131.4607809"/>
 <node id="6463498091" visible="true" version="1" changeset="70095751" timestamp="2019-05-10T04:28:03Z" user="hibagonsan" uid="5939709" lat="34.1666670" lon="131.4608295"/>
 <node id="6463498092" visible="true" version="1" changeset="70095751" timestamp="2019-05-10T04:28:03Z" user="hibagonsan" uid="5939709" lat="34.1666142" lon="131.4607611"/>
 <node id="6463498093" visible="true" version="1" changeset="70095751" timestamp="2019-05-10T04:28:03Z" user="hibagonsan" uid="5939709" lat="34.1666741" lon="131.4606938"/>
 <node id="6463498094" visible="true" version="1" changeset="70095751" timestamp="2019-05-10T04:28:03Z" user="hibagonsan" uid="5939709" lat="34.1667268" lon="131.4607622"/>
 <node id="6463498095" visible="true" version="1" changeset="70095751" timestamp="2019-05-10T04:28:03Z" user="hibagonsan" uid="5939709" lat="34.1666438" lon="131.4605730"/>
 <node id="6463498096" visible="true" version="1" changeset="70095751" timestamp="2019-05-10T04:28:03Z" user="hibagonsan" uid="5939709" lat="34.1665628" lon="131.4606541"/>
 <node id="6463498097" visible="true" version="1" changeset="70095751" timestamp="2019-05-10T04:28:03Z" user="hibagonsan" uid="5939709" lat="34.1666075" lon="131.4607193"/>
 <node id="6463498098" visible="true" version="1" changeset="70095751" timestamp="2019-05-10T04:28:03Z" user="hibagonsan" uid="5939709" lat="34.1666885" lon="131.4606381"/>
 <node id="6463498099" visible="true" version="1" changeset="70095751" timestamp="2019-05-10T04:28:03Z" user="hibagonsan" uid="5939709" lat="34.1666505" lon="131.4605547"/>
 <node id="6463498100" visible="true" version="1" changeset="70095751" timestamp="2019-05-10T04:28:03Z" user="hibagonsan" uid="5939709" lat="34.1665817" lon="131.4604434"/>
 <node id="6463498101" visible="true" version="1" changeset="70095751" timestamp="2019-05-10T04:28:03Z" user="hibagonsan" uid="5939709" lat="34.1665332" lon="131.4604872"/>
 <node id="6463498102" visible="true" version="1" changeset="70095751" timestamp="2019-05-10T04:28:03Z" user="hibagonsan" uid="5939709" lat="34.1666020" lon="131.4605986"/>
 <node id="6463498103" visible="true" version="1" changeset="70095751" timestamp="2019-05-10T04:28:03Z" user="hibagonsan" uid="5939709" lat="34.1665840" lon="131.4606160"/>
 <node id="6463498104" visible="true" version="1" changeset="70095751" timestamp="2019-05-10T04:28:03Z" user="hibagonsan" uid="5939709" lat="34.1665274" lon="131.4605342"/>
 <node id="6463498105" visible="true" version="1" changeset="70095751" timestamp="2019-05-10T04:28:03Z" user="hibagonsan" uid="5939709" lat="34.1664810" lon="131.4605811"/>
 <node id="6463498106" visible="true" version="1" changeset="70095751" timestamp="2019-05-10T04:28:03Z" user="hibagonsan" uid="5939709" lat="34.1665376" lon="131.4606629"/>
 <node id="6463498107" visible="true" version="1" changeset="70095751" timestamp="2019-05-10T04:28:03Z" user="hibagonsan" uid="5939709" lat="34.1665978" lon="131.4607823"/>
 <node id="6463498108" visible="true" version="1" changeset="70095751" timestamp="2019-05-10T04:28:03Z" user="hibagonsan" uid="5939709" lat="34.1663581" lon="131.4604617"/>
 <node id="6463498109" visible="true" version="1" changeset="70095751" timestamp="2019-05-10T04:28:03Z" user="hibagonsan" uid="5939709" lat="34.1662979" lon="131.4605275"/>
 <node id="6463498110" visible="true" version="1" changeset="70095751" timestamp="2019-05-10T04:28:03Z" user="hibagonsan" uid="5939709" lat="34.1665376" lon="131.4608480"/>
 <node id="6463498111" visible="true" version="1" changeset="70095751" timestamp="2019-05-10T04:28:03Z" user="hibagonsan" uid="5939709" lat="34.1664527" lon="131.4605490"/>
 <node id="6463498112" visible="true" version="1" changeset="70095751" timestamp="2019-05-10T04:28:03Z" user="hibagonsan" uid="5939709" lat="34.1663872" lon="131.4604323"/>
 <node id="6463498113" visible="true" version="1" changeset="70095751" timestamp="2019-05-10T04:28:03Z" user="hibagonsan" uid="5939709" lat="34.1664544" lon="131.4603773"/>
 <node id="6463498114" visible="true" version="1" changeset="70095751" timestamp="2019-05-10T04:28:03Z" user="hibagonsan" uid="5939709" lat="34.1665198" lon="131.4604940"/>
 <node id="6463498115" visible="true" version="1" changeset="70095751" timestamp="2019-05-10T04:28:03Z" user="hibagonsan" uid="5939709" lat="34.1663706" lon="131.4601198"/>
 <node id="6463498116" visible="true" version="1" changeset="70095751" timestamp="2019-05-10T04:28:03Z" user="hibagonsan" uid="5939709" lat="34.1663755" lon="131.4601743"/>
 <node id="6463498117" visible="true" version="1" changeset="70095751" timestamp="2019-05-10T04:28:03Z" user="hibagonsan" uid="5939709" lat="34.1663084" lon="131.4602313"/>
 <node id="6463498118" visible="true" version="1" changeset="70095751" timestamp="2019-05-10T04:28:03Z" user="hibagonsan" uid="5939709" lat="34.1662458" lon="131.4601426"/>
 <node id="6463498119" visible="true" version="1" changeset="70095751" timestamp="2019-05-10T04:28:03Z" user="hibagonsan" uid="5939709" lat="34.1663290" lon="131.4600568"/>
 <node id="6463498128" visible="true" version="2" changeset="85168879" timestamp="2020-05-14T00:55:26Z" user="hibagonsan" uid="5939709" lat="34.1659539" lon="131.4601308"/>
 <node id="6463498129" visible="true" version="2" changeset="85168879" timestamp="2020-05-14T00:55:26Z" user="hibagonsan" uid="5939709" lat="34.1661625" lon="131.4604527"/>
 <node id="6463498130" visible="true" version="2" changeset="85168879" timestamp="2020-05-14T00:55:26Z" user="hibagonsan" uid="5939709" lat="34.1662791" lon="131.4603424"/>
 <node id="6463498131" visible="true" version="2" changeset="85168879" timestamp="2020-05-14T00:55:26Z" user="hibagonsan" uid="5939709" lat="34.1660704" lon="131.4600205"/>
 <node id="6604100454" visible="true" version="1" changeset="72114613" timestamp="2019-07-11T00:32:15Z" user="hibagonsan" uid="5939709" lat="34.1682904" lon="131.4600187"/>
 <node id="6604100455" visible="true" version="1" changeset="72114613" timestamp="2019-07-11T00:32:15Z" user="hibagonsan" uid="5939709" lat="34.1683681" lon="131.4601300"/>
 <node id="6604100456" visible="true" version="1" changeset="72114613" timestamp="2019-07-11T00:32:15Z" user="hibagonsan" uid="5939709" lat="34.1684584" lon="131.4600380"/>
 <node id="6604100457" visible="true" version="1" changeset="72114613" timestamp="2019-07-11T00:32:15Z" user="hibagonsan" uid="5939709" lat="34.1683807" lon="131.4599267"/>
 <node id="6604100458" visible="true" version="1" changeset="72114613" timestamp="2019-07-11T00:32:15Z" user="hibagonsan" uid="5939709" lat="34.1683888" lon="131.4601528"/>
 <node id="6604100459" visible="true" version="1" changeset="72114613" timestamp="2019-07-11T00:32:15Z" user="hibagonsan" uid="5939709" lat="34.1684565" lon="131.4602493"/>
 <node id="6604100460" visible="true" version="1" changeset="72114613" timestamp="2019-07-11T00:32:15Z" user="hibagonsan" uid="5939709" lat="34.1685372" lon="131.4601667"/>
 <node id="6604100461" visible="true" version="1" changeset="72114613" timestamp="2019-07-11T00:32:15Z" user="hibagonsan" uid="5939709" lat="34.1684695" lon="131.4600702"/>
 <node id="6604100462" visible="true" version="1" changeset="72114613" timestamp="2019-07-11T00:32:15Z" user="hibagonsan" uid="5939709" lat="34.1684968" lon="131.4602849"/>
 <node id="6604100463" visible="true" version="1" changeset="72114613" timestamp="2019-07-11T00:32:15Z" user="hibagonsan" uid="5939709" lat="34.1685767" lon="131.4604096"/>
 <node id="6604100464" visible="true" version="1" changeset="72114613" timestamp="2019-07-11T00:32:15Z" user="hibagonsan" uid="5939709" lat="34.1686614" lon="131.4603303"/>
 <node id="6604100465" visible="true" version="1" changeset="72114613" timestamp="2019-07-11T00:32:15Z" user="hibagonsan" uid="5939709" lat="34.1685815" lon="131.4602056"/>
 <node id="6618572595" visible="true" version="1" changeset="72292282" timestamp="2019-07-16T08:06:54Z" user="hibagonsan" uid="5939709" lat="34.1661553" lon="131.4614638"/>
 <node id="6618572596" visible="true" version="1" changeset="72292282" timestamp="2019-07-16T08:06:54Z" user="hibagonsan" uid="5939709" lat="34.1661742" lon="131.4614884"/>
 <node id="6618572597" visible="true" version="1" changeset="72292282" timestamp="2019-07-16T08:06:54Z" user="hibagonsan" uid="5939709" lat="34.1662261" lon="131.4614639"/>
 <node id="6618572598" visible="true" version="1" changeset="72292282" timestamp="2019-07-16T08:06:54Z" user="hibagonsan" uid="5939709" lat="34.1661941" lon="131.4614997"/>
 <node id="6618572599" visible="true" version="1" changeset="72292282" timestamp="2019-07-16T08:06:54Z" user="hibagonsan" uid="5939709" lat="34.1661935" lon="131.4614212"/>
 <node id="6618572600" visible="true" version="1" changeset="72292282" timestamp="2019-07-16T08:06:54Z" user="hibagonsan" uid="5939709" lat="34.1661511" lon="131.4615142"/>
 <node id="6618572601" visible="true" version="1" changeset="72292282" timestamp="2019-07-16T08:06:54Z" user="hibagonsan" uid="5939709" lat="34.1661689" lon="131.4616761"/>
 <node id="6618572602" visible="true" version="1" changeset="72292282" timestamp="2019-07-16T08:06:54Z" user="hibagonsan" uid="5939709" lat="34.1662148" lon="131.4616249"/>
 <node id="6618572603" visible="true" version="1" changeset="72292282" timestamp="2019-07-16T08:06:54Z" user="hibagonsan" uid="5939709" lat="34.1661402" lon="131.4616386"/>
 <node id="6618572604" visible="true" version="1" changeset="72292282" timestamp="2019-07-16T08:06:54Z" user="hibagonsan" uid="5939709" lat="34.1661861" lon="131.4615874"/>
 <node id="6618572605" visible="true" version="1" changeset="72292282" timestamp="2019-07-16T08:06:54Z" user="hibagonsan" uid="5939709" lat="34.1662266" lon="131.4615422"/>
 <node id="6618572606" visible="true" version="1" changeset="72292282" timestamp="2019-07-16T08:06:54Z" user="hibagonsan" uid="5939709" lat="34.1661098" lon="131.4616727"/>
 <node id="6618572607" visible="true" version="1" changeset="72292282" timestamp="2019-07-16T08:06:54Z" user="hibagonsan" uid="5939709" lat="34.1660494" lon="131.4615937"/>
 <node id="6618572608" visible="true" version="1" changeset="72292282" timestamp="2019-07-16T08:06:54Z" user="hibagonsan" uid="5939709" lat="34.1661370" lon="131.4614958"/>
 <node id="6618572609" visible="true" version="1" changeset="72292282" timestamp="2019-07-16T08:06:54Z" user="hibagonsan" uid="5939709" lat="34.1664218" lon="131.4617694"/>
 <node id="6618572610" visible="true" version="1" changeset="72292282" timestamp="2019-07-16T08:06:54Z" user="hibagonsan" uid="5939709" lat="34.1663108" lon="131.4616152"/>
 <node id="6618572611" visible="true" version="1" changeset="72292282" timestamp="2019-07-16T08:06:54Z" user="hibagonsan" uid="5939709" lat="34.1662369" lon="131.4616929"/>
 <node id="6618572612" visible="true" version="1" changeset="72292282" timestamp="2019-07-16T08:06:54Z" user="hibagonsan" uid="5939709" lat="34.1663479" lon="131.4618471"/>
 <node id="6618572613" visible="true" version="1" changeset="72292282" timestamp="2019-07-16T08:06:54Z" user="hibagonsan" uid="5939709" lat="34.1664450" lon="131.4618777"/>
 <node id="6618572614" visible="true" version="1" changeset="72292282" timestamp="2019-07-16T08:06:54Z" user="hibagonsan" uid="5939709" lat="34.1664039" lon="131.4619313"/>
 <node id="6618572615" visible="true" version="1" changeset="72292282" timestamp="2019-07-16T08:06:54Z" user="hibagonsan" uid="5939709" lat="34.1664522" lon="131.4619853"/>
 <node id="6618572616" visible="true" version="1" changeset="72292282" timestamp="2019-07-16T08:06:54Z" user="hibagonsan" uid="5939709" lat="34.1664932" lon="131.4619316"/>
 <node id="6618572617" visible="true" version="1" changeset="72292282" timestamp="2019-07-16T08:06:54Z" user="hibagonsan" uid="5939709" lat="34.1660919" lon="131.4614156"/>
 <node id="6618572618" visible="true" version="1" changeset="72292282" timestamp="2019-07-16T08:06:54Z" user="hibagonsan" uid="5939709" lat="34.1660613" lon="131.4613747"/>
 <node id="6618572619" visible="true" version="1" changeset="72292282" timestamp="2019-07-16T08:06:54Z" user="hibagonsan" uid="5939709" lat="34.1661345" lon="131.4613690"/>
 <node id="6618572620" visible="true" version="1" changeset="72292282" timestamp="2019-07-16T08:06:54Z" user="hibagonsan" uid="5939709" lat="34.1660340" lon="131.4614045"/>
 <node id="6618572621" visible="true" version="1" changeset="72292282" timestamp="2019-07-16T08:06:54Z" user="hibagonsan" uid="5939709" lat="34.1659939" lon="131.4613509"/>
 <node id="6618572622" visible="true" version="1" changeset="72292282" timestamp="2019-07-16T08:06:54Z" user="hibagonsan" uid="5939709" lat="34.1660638" lon="131.4612745"/>
 <node id="6618572637" visible="true" version="1" changeset="72292282" timestamp="2019-07-16T08:06:54Z" user="hibagonsan" uid="5939709" lat="34.1662734" lon="131.4610376"/>
 <node id="6618572638" visible="true" version="1" changeset="72292282" timestamp="2019-07-16T08:06:54Z" user="hibagonsan" uid="5939709" lat="34.1661315" lon="131.4610787"/>
 <node id="6618572639" visible="true" version="1" changeset="72292282" timestamp="2019-07-16T08:06:54Z" user="hibagonsan" uid="5939709" lat="34.1662330" lon="131.4609781"/>
 <node id="6618572640" visible="true" version="1" changeset="72292282" timestamp="2019-07-16T08:06:54Z" user="hibagonsan" uid="5939709" lat="34.1661375" lon="131.4610917"/>
 <node id="6618572641" visible="true" version="1" changeset="72292282" timestamp="2019-07-16T08:06:54Z" user="hibagonsan" uid="5939709" lat="34.1661673" lon="131.4611425"/>
 <node id="6618572642" visible="true" version="1" changeset="72292282" timestamp="2019-07-16T08:06:54Z" user="hibagonsan" uid="5939709" lat="34.1663178" lon="131.4609985"/>
 <node id="6618572643" visible="true" version="1" changeset="72292282" timestamp="2019-07-16T08:06:54Z" user="hibagonsan" uid="5939709" lat="34.1660484" lon="131.4611824"/>
 <node id="6618572644" visible="true" version="1" changeset="72292282" timestamp="2019-07-16T08:06:54Z" user="hibagonsan" uid="5939709" lat="34.1661193" lon="131.4612906"/>
 <node id="6618572645" visible="true" version="1" changeset="72292282" timestamp="2019-07-16T08:06:54Z" user="hibagonsan" uid="5939709" lat="34.1663589" lon="131.4610612"/>
 <node id="6618572646" visible="true" version="1" changeset="72292282" timestamp="2019-07-16T08:06:54Z" user="hibagonsan" uid="5939709" lat="34.1661923" lon="131.4609962"/>
 <node id="6618572647" visible="true" version="1" changeset="72292282" timestamp="2019-07-16T08:06:54Z" user="hibagonsan" uid="5939709" lat="34.1661113" lon="131.4608889"/>
 <node id="6618572648" visible="true" version="1" changeset="72292282" timestamp="2019-07-16T08:06:54Z" user="hibagonsan" uid="5939709" lat="34.1661836" lon="131.4608091"/>
 <node id="6618572649" visible="true" version="1" changeset="72292282" timestamp="2019-07-16T08:06:54Z" user="hibagonsan" uid="5939709" lat="34.1662646" lon="131.4609164"/>
 <node id="6618572650" visible="true" version="1" changeset="72292282" timestamp="2019-07-16T08:06:54Z" user="hibagonsan" uid="5939709" lat="34.1665736" lon="131.4622987"/>
 <node id="6618572651" visible="true" version="1" changeset="72292282" timestamp="2019-07-16T08:06:54Z" user="hibagonsan" uid="5939709" lat="34.1665960" lon="131.4623074"/>
 <node id="6618572652" visible="true" version="1" changeset="72292282" timestamp="2019-07-16T08:06:54Z" user="hibagonsan" uid="5939709" lat="34.1666044" lon="131.4622760"/>
 <node id="6618572653" visible="true" version="1" changeset="72292282" timestamp="2019-07-16T08:06:54Z" user="hibagonsan" uid="5939709" lat="34.1665531" lon="131.4623759"/>
 <node id="6618572654" visible="true" version="1" changeset="72292282" timestamp="2019-07-16T08:06:54Z" user="hibagonsan" uid="5939709" lat="34.1666386" lon="131.4624090"/>
 <node id="6618572655" visible="true" version="1" changeset="72292282" timestamp="2019-07-16T08:06:54Z" user="hibagonsan" uid="5939709" lat="34.1666674" lon="131.4623004"/>
 <node id="6618572656" visible="true" version="1" changeset="72292282" timestamp="2019-07-16T08:06:54Z" user="hibagonsan" uid="5939709" lat="34.1666370" lon="131.4621468"/>
 <node id="6618572657" visible="true" version="1" changeset="72292282" timestamp="2019-07-16T08:06:54Z" user="hibagonsan" uid="5939709" lat="34.1666114" lon="131.4622434"/>
 <node id="6618572658" visible="true" version="1" changeset="72292282" timestamp="2019-07-16T08:06:54Z" user="hibagonsan" uid="5939709" lat="34.1666863" lon="131.4622723"/>
 <node id="6618572659" visible="true" version="1" changeset="72292282" timestamp="2019-07-16T08:06:54Z" user="hibagonsan" uid="5939709" lat="34.1667118" lon="131.4621757"/>
 <node id="6618572660" visible="true" version="1" changeset="72292282" timestamp="2019-07-16T08:06:54Z" user="hibagonsan" uid="5939709" lat="34.1664261" lon="131.4621412"/>
 <node id="6618572661" visible="true" version="1" changeset="72292282" timestamp="2019-07-16T08:06:54Z" user="hibagonsan" uid="5939709" lat="34.1663684" lon="131.4622646"/>
 <node id="6618572662" visible="true" version="1" changeset="72292282" timestamp="2019-07-16T08:06:54Z" user="hibagonsan" uid="5939709" lat="34.1664444" lon="131.4623165"/>
 <node id="6618572663" visible="true" version="1" changeset="72292282" timestamp="2019-07-16T08:06:54Z" user="hibagonsan" uid="5939709" lat="34.1665021" lon="131.4621931"/>
 <node id="6618572664" visible="true" version="1" changeset="72292282" timestamp="2019-07-16T08:06:54Z" user="hibagonsan" uid="5939709" lat="34.1665127" lon="131.4619240"/>
 <node id="6618572665" visible="true" version="1" changeset="72292282" timestamp="2019-07-16T08:06:54Z" user="hibagonsan" uid="5939709" lat="34.1664972" lon="131.4620809"/>
 <node id="6618572666" visible="true" version="1" changeset="72292282" timestamp="2019-07-16T08:06:54Z" user="hibagonsan" uid="5939709" lat="34.1665775" lon="131.4620925"/>
 <node id="6618572667" visible="true" version="1" changeset="72292282" timestamp="2019-07-16T08:06:54Z" user="hibagonsan" uid="5939709" lat="34.1665931" lon="131.4619356"/>
 <node id="6618572668" visible="true" version="1" changeset="72292282" timestamp="2019-07-16T08:06:54Z" user="hibagonsan" uid="5939709" lat="34.1667637" lon="131.4621456"/>
 <node id="6618572669" visible="true" version="1" changeset="72292282" timestamp="2019-07-16T08:06:54Z" user="hibagonsan" uid="5939709" lat="34.1667238" lon="131.4622784"/>
 <node id="6618572670" visible="true" version="1" changeset="72292282" timestamp="2019-07-16T08:06:54Z" user="hibagonsan" uid="5939709" lat="34.1667862" lon="131.4623058"/>
 <node id="6618572671" visible="true" version="1" changeset="72292282" timestamp="2019-07-16T08:06:54Z" user="hibagonsan" uid="5939709" lat="34.1668261" lon="131.4621730"/>
 <node id="6618572672" visible="true" version="1" changeset="72292282" timestamp="2019-07-16T08:06:54Z" user="hibagonsan" uid="5939709" lat="34.1667160" lon="131.4623258"/>
 <node id="6618572673" visible="true" version="1" changeset="72292282" timestamp="2019-07-16T08:06:54Z" user="hibagonsan" uid="5939709" lat="34.1666805" lon="131.4624599"/>
 <node id="6618572674" visible="true" version="1" changeset="72292282" timestamp="2019-07-16T08:06:54Z" user="hibagonsan" uid="5939709" lat="34.1667606" lon="131.4624909"/>
 <node id="6618572675" visible="true" version="1" changeset="72292282" timestamp="2019-07-16T08:06:54Z" user="hibagonsan" uid="5939709" lat="34.1667961" lon="131.4623567"/>
 <node id="6618572676" visible="true" version="1" changeset="72292282" timestamp="2019-07-16T08:06:54Z" user="hibagonsan" uid="5939709" lat="34.1670450" lon="131.4617573"/>
 <node id="6618572677" visible="true" version="1" changeset="72292282" timestamp="2019-07-16T08:06:54Z" user="hibagonsan" uid="5939709" lat="34.1669396" lon="131.4617104"/>
 <node id="6618572678" visible="true" version="1" changeset="72292282" timestamp="2019-07-16T08:06:54Z" user="hibagonsan" uid="5939709" lat="34.1669204" lon="131.4617734"/>
 <node id="6618572679" visible="true" version="1" changeset="72292282" timestamp="2019-07-16T08:06:54Z" user="hibagonsan" uid="5939709" lat="34.1670258" lon="131.4618203"/>
 <node id="6618572680" visible="true" version="1" changeset="72292282" timestamp="2019-07-16T08:06:54Z" user="hibagonsan" uid="5939709" lat="34.1670511" lon="131.4619431"/>
 <node id="6618572681" visible="true" version="1" changeset="72292282" timestamp="2019-07-16T08:06:54Z" user="hibagonsan" uid="5939709" lat="34.1669280" lon="131.4618935"/>
 <node id="6618572682" visible="true" version="1" changeset="72292282" timestamp="2019-07-16T08:06:54Z" user="hibagonsan" uid="5939709" lat="34.1669448" lon="131.4618324"/>
 <node id="6618572683" visible="true" version="1" changeset="72292282" timestamp="2019-07-16T08:06:54Z" user="hibagonsan" uid="5939709" lat="34.1670680" lon="131.4618820"/>
 <node id="6618572684" visible="true" version="1" changeset="72292282" timestamp="2019-07-16T08:06:54Z" user="hibagonsan" uid="5939709" lat="34.1669900" lon="131.4619396"/>
 <node id="6618592785" visible="true" version="1" changeset="72292282" timestamp="2019-07-16T08:06:54Z" user="hibagonsan" uid="5939709" lat="34.1669678" lon="131.4620254"/>
 <node id="6618592786" visible="true" version="1" changeset="72292282" timestamp="2019-07-16T08:06:54Z" user="hibagonsan" uid="5939709" lat="34.1670247" lon="131.4620469"/>
 <node id="6618592787" visible="true" version="1" changeset="72292282" timestamp="2019-07-16T08:06:54Z" user="hibagonsan" uid="5939709" lat="34.1670469" lon="131.4619611"/>
 <node id="6618592788" visible="true" version="1" changeset="72292282" timestamp="2019-07-16T08:06:54Z" user="hibagonsan" uid="5939709" lat="34.1669089" lon="131.4620601"/>
 <node id="6618592789" visible="true" version="1" changeset="72292282" timestamp="2019-07-16T08:06:54Z" user="hibagonsan" uid="5939709" lat="34.1668800" lon="131.4621298"/>
 <node id="6618592790" visible="true" version="1" changeset="72292282" timestamp="2019-07-16T08:06:54Z" user="hibagonsan" uid="5939709" lat="34.1669337" lon="131.4621623"/>
 <node id="6618592791" visible="true" version="1" changeset="72292282" timestamp="2019-07-16T08:06:54Z" user="hibagonsan" uid="5939709" lat="34.1669626" lon="131.4620925"/>
 <node id="6618592792" visible="true" version="1" changeset="72292282" timestamp="2019-07-16T08:06:54Z" user="hibagonsan" uid="5939709" lat="34.1668078" lon="131.4619135"/>
 <node id="6618592793" visible="true" version="1" changeset="72292282" timestamp="2019-07-16T08:06:54Z" user="hibagonsan" uid="5939709" lat="34.1668023" lon="131.4620477"/>
 <node id="6618592794" visible="true" version="1" changeset="72292282" timestamp="2019-07-16T08:06:54Z" user="hibagonsan" uid="5939709" lat="34.1668794" lon="131.4620523"/>
 <node id="6618592795" visible="true" version="1" changeset="72292282" timestamp="2019-07-16T08:06:54Z" user="hibagonsan" uid="5939709" lat="34.1668849" lon="131.4619182"/>
 <node id="6618592796" visible="true" version="1" changeset="72292282" timestamp="2019-07-16T08:06:54Z" user="hibagonsan" uid="5939709" lat="34.1668488" lon="131.4617532"/>
 <node id="6618592797" visible="true" version="1" changeset="72292282" timestamp="2019-07-16T08:06:54Z" user="hibagonsan" uid="5939709" lat="34.1668377" lon="131.4618497"/>
 <node id="6618592798" visible="true" version="1" changeset="72292282" timestamp="2019-07-16T08:06:54Z" user="hibagonsan" uid="5939709" lat="34.1668860" lon="131.4618579"/>
 <node id="6618592799" visible="true" version="1" changeset="72292282" timestamp="2019-07-16T08:06:54Z" user="hibagonsan" uid="5939709" lat="34.1668971" lon="131.4617613"/>
 <node id="6618592808" visible="true" version="2" changeset="72419182" timestamp="2019-07-19T08:22:35Z" user="hibagonsan" uid="5939709" lat="34.1671701" lon="131.4638709"/>
 <node id="6618592826" visible="true" version="1" changeset="72292282" timestamp="2019-07-16T08:06:54Z" user="hibagonsan" uid="5939709" lat="34.1671227" lon="131.4631295"/>
 <node id="6618592827" visible="true" version="1" changeset="72292282" timestamp="2019-07-16T08:06:54Z" user="hibagonsan" uid="5939709" lat="34.1670439" lon="131.4630611"/>
 <node id="6618592828" visible="true" version="1" changeset="72292282" timestamp="2019-07-16T08:06:54Z" user="hibagonsan" uid="5939709" lat="34.1670935" lon="131.4629777"/>
 <node id="6618592829" visible="true" version="1" changeset="72292282" timestamp="2019-07-16T08:06:54Z" user="hibagonsan" uid="5939709" lat="34.1671723" lon="131.4630461"/>
 <node id="6618592830" visible="true" version="1" changeset="72292282" timestamp="2019-07-16T08:06:54Z" user="hibagonsan" uid="5939709" lat="34.1670603" lon="131.4629979"/>
 <node id="6618592831" visible="true" version="1" changeset="72292282" timestamp="2019-07-16T08:06:54Z" user="hibagonsan" uid="5939709" lat="34.1669793" lon="131.4629376"/>
 <node id="6618592832" visible="true" version="1" changeset="72292282" timestamp="2019-07-16T08:06:54Z" user="hibagonsan" uid="5939709" lat="34.1670170" lon="131.4628637"/>
 <node id="6618592833" visible="true" version="1" changeset="72292282" timestamp="2019-07-16T08:06:54Z" user="hibagonsan" uid="5939709" lat="34.1670980" lon="131.4629240"/>
 <node id="6618592854" visible="true" version="1" changeset="72292282" timestamp="2019-07-16T08:06:54Z" user="hibagonsan" uid="5939709" lat="34.1669412" lon="131.4627336"/>
 <node id="6618592855" visible="true" version="1" changeset="72292282" timestamp="2019-07-16T08:06:54Z" user="hibagonsan" uid="5939709" lat="34.1667415" lon="131.4631132"/>
 <node id="6618592856" visible="true" version="1" changeset="72292282" timestamp="2019-07-16T08:06:54Z" user="hibagonsan" uid="5939709" lat="34.1668095" lon="131.4631654"/>
 <node id="6618592857" visible="true" version="1" changeset="72292282" timestamp="2019-07-16T08:06:54Z" user="hibagonsan" uid="5939709" lat="34.1670092" lon="131.4627859"/>
 <node id="6618592858" visible="true" version="1" changeset="72292282" timestamp="2019-07-16T08:06:54Z" user="hibagonsan" uid="5939709" lat="34.1676560" lon="131.4631436"/>
 <node id="6618592859" visible="true" version="1" changeset="72292282" timestamp="2019-07-16T08:06:54Z" user="hibagonsan" uid="5939709" lat="34.1676442" lon="131.4631196"/>
 <node id="6618592860" visible="true" version="1" changeset="72292282" timestamp="2019-07-16T08:06:54Z" user="hibagonsan" uid="5939709" lat="34.1675533" lon="131.4630729"/>
 <node id="6618592861" visible="true" version="1" changeset="72292282" timestamp="2019-07-16T08:06:54Z" user="hibagonsan" uid="5939709" lat="34.1675228" lon="131.4630258"/>
 <node id="6618592862" visible="true" version="1" changeset="72292282" timestamp="2019-07-16T08:06:54Z" user="hibagonsan" uid="5939709" lat="34.1675816" lon="131.4630526"/>
 <node id="6618592863" visible="true" version="1" changeset="72292282" timestamp="2019-07-16T08:06:54Z" user="hibagonsan" uid="5939709" lat="34.1675566" lon="131.4630015"/>
 <node id="6618592864" visible="true" version="1" changeset="72292282" timestamp="2019-07-16T08:06:54Z" user="hibagonsan" uid="5939709" lat="34.1674864" lon="131.4629517"/>
 <node id="6618592865" visible="true" version="1" changeset="72292282" timestamp="2019-07-16T08:06:54Z" user="hibagonsan" uid="5939709" lat="34.1676057" lon="131.4631796"/>
 <node id="6618592866" visible="true" version="1" changeset="72292282" timestamp="2019-07-16T08:06:54Z" user="hibagonsan" uid="5939709" lat="34.1676850" lon="131.4630903"/>
 <node id="6618592867" visible="true" version="1" changeset="72292282" timestamp="2019-07-16T08:06:54Z" user="hibagonsan" uid="5939709" lat="34.1675829" lon="131.4628825"/>
 <node id="6618592868" visible="true" version="1" changeset="72292282" timestamp="2019-07-16T08:06:54Z" user="hibagonsan" uid="5939709" lat="34.1674926" lon="131.4630839"/>
 <node id="6618592869" visible="true" version="1" changeset="72292282" timestamp="2019-07-16T08:06:54Z" user="hibagonsan" uid="5939709" lat="34.1674282" lon="131.4629780"/>
 <node id="6618592870" visible="true" version="1" changeset="72292282" timestamp="2019-07-16T08:06:54Z" user="hibagonsan" uid="5939709" lat="34.1673621" lon="131.4630367"/>
 <node id="6618592871" visible="true" version="1" changeset="72292282" timestamp="2019-07-16T08:06:54Z" user="hibagonsan" uid="5939709" lat="34.1674264" lon="131.4631426"/>
 <node id="6618600163" visible="true" version="1" changeset="72292608" timestamp="2019-07-16T08:14:11Z" user="hibagonsan" uid="5939709" lat="34.1661357" lon="131.4630771"/>
 <node id="6618600164" visible="true" version="1" changeset="72292608" timestamp="2019-07-16T08:14:11Z" user="hibagonsan" uid="5939709" lat="34.1661524" lon="131.4630471"/>
 <node id="6618600165" visible="true" version="1" changeset="72292608" timestamp="2019-07-16T08:14:11Z" user="hibagonsan" uid="5939709" lat="34.1662291" lon="131.4631532"/>
 <node id="6618600166" visible="true" version="1" changeset="72292608" timestamp="2019-07-16T08:14:11Z" user="hibagonsan" uid="5939709" lat="34.1661338" lon="131.4630319"/>
 <node id="6618600167" visible="true" version="1" changeset="72292608" timestamp="2019-07-16T08:14:11Z" user="hibagonsan" uid="5939709" lat="34.1661648" lon="131.4629763"/>
 <node id="6618600168" visible="true" version="1" changeset="72292608" timestamp="2019-07-16T08:14:11Z" user="hibagonsan" uid="5939709" lat="34.1662768" lon="131.4630675"/>
 <node id="6630852083" visible="true" version="1" changeset="72419182" timestamp="2019-07-19T08:22:35Z" user="hibagonsan" uid="5939709" lat="34.1667218" lon="131.4669768"/>
 <node id="6630852084" visible="true" version="1" changeset="72419182" timestamp="2019-07-19T08:22:35Z" user="hibagonsan" uid="5939709" lat="34.1667140" lon="131.4666443"/>
 <node id="6630853085" visible="true" version="1" changeset="72419182" timestamp="2019-07-19T08:22:35Z" user="hibagonsan" uid="5939709" lat="34.1667684" lon="131.4664377"/>
 <node id="6630853086" visible="true" version="1" changeset="72419182" timestamp="2019-07-19T08:22:35Z" user="hibagonsan" uid="5939709" lat="34.1672689" lon="131.4633331"/>
 <node id="6630853087" visible="true" version="1" changeset="72419182" timestamp="2019-07-19T08:22:35Z" user="hibagonsan" uid="5939709" lat="34.1669937" lon="131.4644663"/>
 <node id="6630853088" visible="true" version="1" changeset="72419182" timestamp="2019-07-19T08:22:35Z" user="hibagonsan" uid="5939709" lat="34.1669959" lon="131.4651798"/>
 <node id="6630853089" visible="true" version="1" changeset="72419182" timestamp="2019-07-19T08:22:35Z" user="hibagonsan" uid="5939709" lat="34.1669959" lon="131.4650497"/>
 <node id="6630853090" visible="true" version="1" changeset="72419182" timestamp="2019-07-19T08:22:35Z" user="hibagonsan" uid="5939709" lat="34.1669393" lon="131.4656706"/>
 <node id="6630853091" visible="true" version="1" changeset="72419182" timestamp="2019-07-19T08:22:35Z" user="hibagonsan" uid="5939709" lat="34.1669548" lon="131.4654198"/>
 <node id="6632670134" visible="true" version="1" changeset="72451012" timestamp="2019-07-20T03:44:56Z" user="hibagonsan" uid="5939709" lat="34.1666028" lon="131.4624948"/>
 <node id="6632670135" visible="true" version="1" changeset="72451012" timestamp="2019-07-20T03:44:56Z" user="hibagonsan" uid="5939709" lat="34.1665651" lon="131.4624740"/>
 <node id="6632670136" visible="true" version="1" changeset="72451012" timestamp="2019-07-20T03:44:56Z" user="hibagonsan" uid="5939709" lat="34.1665509" lon="131.4625116"/>
 <node id="6632670137" visible="true" version="1" changeset="72451012" timestamp="2019-07-20T03:44:56Z" user="hibagonsan" uid="5939709" lat="34.1665886" lon="131.4625324"/>
 <node id="6632670138" visible="true" version="1" changeset="72451012" timestamp="2019-07-20T03:44:56Z" user="hibagonsan" uid="5939709" lat="34.1666648" lon="131.4625278"/>
 <node id="6632670139" visible="true" version="1" changeset="72451012" timestamp="2019-07-20T03:44:56Z" user="hibagonsan" uid="5939709" lat="34.1666188" lon="131.4624989"/>
 <node id="6632670140" visible="true" version="1" changeset="72451012" timestamp="2019-07-20T03:44:56Z" user="hibagonsan" uid="5939709" lat="34.1665975" lon="131.4625485"/>
 <node id="6632670141" visible="true" version="1" changeset="72451012" timestamp="2019-07-20T03:44:56Z" user="hibagonsan" uid="5939709" lat="34.1666436" lon="131.4625774"/>
 <node id="6632670142" visible="true" version="1" changeset="72451012" timestamp="2019-07-20T03:44:56Z" user="hibagonsan" uid="5939709" lat="34.1665735" lon="131.4625598"/>
 <node id="6632670143" visible="true" version="1" changeset="72451012" timestamp="2019-07-20T03:44:56Z" user="hibagonsan" uid="5939709" lat="34.1664959" lon="131.4624981"/>
 <node id="6632670144" visible="true" version="1" changeset="72451012" timestamp="2019-07-20T03:44:56Z" user="hibagonsan" uid="5939709" lat="34.1664560" lon="131.4625713"/>
 <node id="6632670145" visible="true" version="1" changeset="72451012" timestamp="2019-07-20T03:44:56Z" user="hibagonsan" uid="5939709" lat="34.1665337" lon="131.4626330"/>
 <node id="6632670146" visible="true" version="1" changeset="72451012" timestamp="2019-07-20T03:44:56Z" user="hibagonsan" uid="5939709" lat="34.1664358" lon="131.4628478"/>
 <node id="6632670147" visible="true" version="1" changeset="72451012" timestamp="2019-07-20T03:44:56Z" user="hibagonsan" uid="5939709" lat="34.1664185" lon="131.4628795"/>
 <node id="6632670148" visible="true" version="1" changeset="72451012" timestamp="2019-07-20T03:44:56Z" user="hibagonsan" uid="5939709" lat="34.1664915" lon="131.4628922"/>
 <node id="6632670149" visible="true" version="1" changeset="72451012" timestamp="2019-07-20T03:44:56Z" user="hibagonsan" uid="5939709" lat="34.1663632" lon="131.4628354"/>
 <node id="6632670150" visible="true" version="1" changeset="72451012" timestamp="2019-07-20T03:44:56Z" user="hibagonsan" uid="5939709" lat="34.1663229" lon="131.4629093"/>
 <node id="6632670151" visible="true" version="1" changeset="72451012" timestamp="2019-07-20T03:44:56Z" user="hibagonsan" uid="5939709" lat="34.1664338" lon="131.4629978"/>
 <node id="6632670152" visible="true" version="1" changeset="72451012" timestamp="2019-07-20T03:44:56Z" user="hibagonsan" uid="5939709" lat="34.1668043" lon="131.4626369"/>
 <node id="6632670153" visible="true" version="1" changeset="72451012" timestamp="2019-07-20T03:44:56Z" user="hibagonsan" uid="5939709" lat="34.1667189" lon="131.4625766"/>
 <node id="6632670154" visible="true" version="1" changeset="72451012" timestamp="2019-07-20T03:44:56Z" user="hibagonsan" uid="5939709" lat="34.1666702" lon="131.4626773"/>
 <node id="6632670155" visible="true" version="1" changeset="72451012" timestamp="2019-07-20T03:44:56Z" user="hibagonsan" uid="5939709" lat="34.1667556" lon="131.4627376"/>
 <node id="6632670156" visible="true" version="1" changeset="72451012" timestamp="2019-07-20T03:44:56Z" user="hibagonsan" uid="5939709" lat="34.1667346" lon="131.4627500"/>
 <node id="6632670157" visible="true" version="1" changeset="72451012" timestamp="2019-07-20T03:44:56Z" user="hibagonsan" uid="5939709" lat="34.1666392" lon="131.4626883"/>
 <node id="6632670158" visible="true" version="1" changeset="72451012" timestamp="2019-07-20T03:44:56Z" user="hibagonsan" uid="5939709" lat="34.1665936" lon="131.4627913"/>
 <node id="6632670159" visible="true" version="1" changeset="72451012" timestamp="2019-07-20T03:44:56Z" user="hibagonsan" uid="5939709" lat="34.1666891" lon="131.4628530"/>
 <node id="6632670160" visible="true" version="1" changeset="72451012" timestamp="2019-07-20T03:44:56Z" user="hibagonsan" uid="5939709" lat="34.1666185" lon="131.4629863"/>
 <node id="6632670161" visible="true" version="1" changeset="72451012" timestamp="2019-07-20T03:44:56Z" user="hibagonsan" uid="5939709" lat="34.1665186" lon="131.4629179"/>
 <node id="6632670162" visible="true" version="1" changeset="72451012" timestamp="2019-07-20T03:44:56Z" user="hibagonsan" uid="5939709" lat="34.1664755" lon="131.4630099"/>
 <node id="6632670163" visible="true" version="1" changeset="72451012" timestamp="2019-07-20T03:44:56Z" user="hibagonsan" uid="5939709" lat="34.1665753" lon="131.4630783"/>
 <node id="6632670164" visible="true" version="1" changeset="72451012" timestamp="2019-07-20T03:44:56Z" user="hibagonsan" uid="5939709" lat="34.1666859" lon="131.4628926"/>
 <node id="6632670165" visible="true" version="1" changeset="72451012" timestamp="2019-07-20T03:44:56Z" user="hibagonsan" uid="5939709" lat="34.1666126" lon="131.4628349"/>
 <node id="6632670166" visible="true" version="1" changeset="72451012" timestamp="2019-07-20T03:44:56Z" user="hibagonsan" uid="5939709" lat="34.1665631" lon="131.4629267"/>
 <node id="6632670167" visible="true" version="1" changeset="72451012" timestamp="2019-07-20T03:44:56Z" user="hibagonsan" uid="5939709" lat="34.1666364" lon="131.4629844"/>
 <node id="6632683585" visible="true" version="1" changeset="72451182" timestamp="2019-07-20T04:16:09Z" user="hibagonsan" uid="5939709" lat="34.1661114" lon="131.4627471"/>
 <node id="6632683587" visible="true" version="1" changeset="72451182" timestamp="2019-07-20T04:16:09Z" user="hibagonsan" uid="5939709" lat="34.1661402" lon="131.4627096"/>
 <node id="6632683592" visible="true" version="1" changeset="72451182" timestamp="2019-07-20T04:16:09Z" user="hibagonsan" uid="5939709" lat="34.1661944" lon="131.4627705"/>
 <node id="6632683593" visible="true" version="1" changeset="72451182" timestamp="2019-07-20T04:16:09Z" user="hibagonsan" uid="5939709" lat="34.1660891" lon="131.4627222"/>
 <node id="6632683594" visible="true" version="1" changeset="72451182" timestamp="2019-07-20T04:16:09Z" user="hibagonsan" uid="5939709" lat="34.1661781" lon="131.4626062"/>
 <node id="6632683595" visible="true" version="1" changeset="72451182" timestamp="2019-07-20T04:16:09Z" user="hibagonsan" uid="5939709" lat="34.1662546" lon="131.4626920"/>
 <node id="6632683596" visible="true" version="1" changeset="72451182" timestamp="2019-07-20T04:16:09Z" user="hibagonsan" uid="5939709" lat="34.1662902" lon="131.4626511"/>
 <node id="6632683597" visible="true" version="1" changeset="72451182" timestamp="2019-07-20T04:16:09Z" user="hibagonsan" uid="5939709" lat="34.1662125" lon="131.4625492"/>
 <node id="6632683598" visible="true" version="1" changeset="72451182" timestamp="2019-07-20T04:16:09Z" user="hibagonsan" uid="5939709" lat="34.1662890" lon="131.4624640"/>
 <node id="6632683599" visible="true" version="1" changeset="72451182" timestamp="2019-07-20T04:16:09Z" user="hibagonsan" uid="5939709" lat="34.1663667" lon="131.4625660"/>
 <node id="6632683600" visible="true" version="1" changeset="72451182" timestamp="2019-07-20T04:16:09Z" user="hibagonsan" uid="5939709" lat="34.1660266" lon="131.4625299"/>
 <node id="6632683601" visible="true" version="1" changeset="72451182" timestamp="2019-07-20T04:16:09Z" user="hibagonsan" uid="5939709" lat="34.1660472" lon="131.4625552"/>
 <node id="6632683602" visible="true" version="1" changeset="72451182" timestamp="2019-07-20T04:16:09Z" user="hibagonsan" uid="5939709" lat="34.1660759" lon="131.4624714"/>
 <node id="6632683603" visible="true" version="1" changeset="72451182" timestamp="2019-07-20T04:16:09Z" user="hibagonsan" uid="5939709" lat="34.1659755" lon="131.4626402"/>
 <node id="6632683604" visible="true" version="1" changeset="72451182" timestamp="2019-07-20T04:16:09Z" user="hibagonsan" uid="5939709" lat="34.1660405" lon="131.4627202"/>
 <node id="6632683605" visible="true" version="1" changeset="72451182" timestamp="2019-07-20T04:16:09Z" user="hibagonsan" uid="5939709" lat="34.1661614" lon="131.4625767"/>
 <node id="6632683606" visible="true" version="1" changeset="72451182" timestamp="2019-07-20T04:16:09Z" user="hibagonsan" uid="5939709" lat="34.1661583" lon="131.4624391"/>
 <node id="6632683607" visible="true" version="1" changeset="72451182" timestamp="2019-07-20T04:16:09Z" user="hibagonsan" uid="5939709" lat="34.1662105" lon="131.4625088"/>
 <node id="6632683608" visible="true" version="1" changeset="72451182" timestamp="2019-07-20T04:16:09Z" user="hibagonsan" uid="5939709" lat="34.1662724" lon="131.4624412"/>
 <node id="6632683609" visible="true" version="1" changeset="72451182" timestamp="2019-07-20T04:16:09Z" user="hibagonsan" uid="5939709" lat="34.1662202" lon="131.4623715"/>
 <node id="6632683610" visible="true" version="1" changeset="72451182" timestamp="2019-07-20T04:16:09Z" user="hibagonsan" uid="5939709" lat="34.1662780" lon="131.4623569"/>
 <node id="6632683611" visible="true" version="1" changeset="72451182" timestamp="2019-07-20T04:16:09Z" user="hibagonsan" uid="5939709" lat="34.1663646" lon="131.4624803"/>
 <node id="6632683612" visible="true" version="1" changeset="72451182" timestamp="2019-07-20T04:16:09Z" user="hibagonsan" uid="5939709" lat="34.1664289" lon="131.4624144"/>
 <node id="6632683613" visible="true" version="1" changeset="72451182" timestamp="2019-07-20T04:16:09Z" user="hibagonsan" uid="5939709" lat="34.1663423" lon="131.4622910"/>
 <node id="6632690258" visible="true" version="1" changeset="72451298" timestamp="2019-07-20T04:33:21Z" user="hibagonsan" uid="5939709" lat="34.1671224" lon="131.4616342"/>
 <node id="6632690259" visible="true" version="1" changeset="72451298" timestamp="2019-07-20T04:33:21Z" user="hibagonsan" uid="5939709" lat="34.1670724" lon="131.4617388"/>
 <node id="6632690260" visible="true" version="1" changeset="72451298" timestamp="2019-07-20T04:33:21Z" user="hibagonsan" uid="5939709" lat="34.1671202" lon="131.4617720"/>
 <node id="6632690261" visible="true" version="1" changeset="72451298" timestamp="2019-07-20T04:33:21Z" user="hibagonsan" uid="5939709" lat="34.1671701" lon="131.4616674"/>
 <node id="6632701086" visible="true" version="1" changeset="72451440" timestamp="2019-07-20T04:56:43Z" user="hibagonsan" uid="5939709" lat="34.1674949" lon="131.4602910"/>
 <node id="6632701087" visible="true" version="1" changeset="72451440" timestamp="2019-07-20T04:56:43Z" user="hibagonsan" uid="5939709" lat="34.1675371" lon="131.4603567"/>
 <node id="6632701088" visible="true" version="1" changeset="72451440" timestamp="2019-07-20T04:56:43Z" user="hibagonsan" uid="5939709" lat="34.1676067" lon="131.4602914"/>
 <node id="6632701089" visible="true" version="1" changeset="72451440" timestamp="2019-07-20T04:56:43Z" user="hibagonsan" uid="5939709" lat="34.1675646" lon="131.4602257"/>
 <node id="6632701090" visible="true" version="1" changeset="72451440" timestamp="2019-07-20T04:56:43Z" user="hibagonsan" uid="5939709" lat="34.1675073" lon="131.4601366"/>
 <node id="6632701091" visible="true" version="1" changeset="72451440" timestamp="2019-07-20T04:56:43Z" user="hibagonsan" uid="5939709" lat="34.1674446" lon="131.4601970"/>
 <node id="6632701092" visible="true" version="1" changeset="72451440" timestamp="2019-07-20T04:56:43Z" user="hibagonsan" uid="5939709" lat="34.1674874" lon="131.4602619"/>
 <node id="6632701093" visible="true" version="1" changeset="72451440" timestamp="2019-07-20T04:56:43Z" user="hibagonsan" uid="5939709" lat="34.1675501" lon="131.4602016"/>
 <node id="6632701094" visible="true" version="1" changeset="72451440" timestamp="2019-07-20T04:56:43Z" user="hibagonsan" uid="5939709" lat="34.1672959" lon="131.4610721"/>
 <node id="6632701095" visible="true" version="1" changeset="72451440" timestamp="2019-07-20T04:56:43Z" user="hibagonsan" uid="5939709" lat="34.1673508" lon="131.4611606"/>
 <node id="6632701096" visible="true" version="1" changeset="72451440" timestamp="2019-07-20T04:56:43Z" user="hibagonsan" uid="5939709" lat="34.1672888" lon="131.4612168"/>
 <node id="6632701097" visible="true" version="1" changeset="72451440" timestamp="2019-07-20T04:56:43Z" user="hibagonsan" uid="5939709" lat="34.1672339" lon="131.4611283"/>
 <node id="6632701098" visible="true" version="1" changeset="72451440" timestamp="2019-07-20T04:56:43Z" user="hibagonsan" uid="5939709" lat="34.1672740" lon="131.4610008"/>
 <node id="6632701099" visible="true" version="1" changeset="72451440" timestamp="2019-07-20T04:56:43Z" user="hibagonsan" uid="5939709" lat="34.1672091" lon="131.4610531"/>
 <node id="6632701100" visible="true" version="1" changeset="72451440" timestamp="2019-07-20T04:56:43Z" user="hibagonsan" uid="5939709" lat="34.1672372" lon="131.4611042"/>
 <node id="6632701101" visible="true" version="1" changeset="72451440" timestamp="2019-07-20T04:56:43Z" user="hibagonsan" uid="5939709" lat="34.1673021" lon="131.4610519"/>
 <node id="6632701102" visible="true" version="1" changeset="72451440" timestamp="2019-07-20T04:56:43Z" user="hibagonsan" uid="5939709" lat="34.1682199" lon="131.4621888"/>
 <node id="6632701103" visible="true" version="1" changeset="72451440" timestamp="2019-07-20T04:56:43Z" user="hibagonsan" uid="5939709" lat="34.1679902" lon="131.4623859"/>
 <node id="6632701104" visible="true" version="1" changeset="72451440" timestamp="2019-07-20T04:56:43Z" user="hibagonsan" uid="5939709" lat="34.1680645" lon="131.4625123"/>
 <node id="6632701105" visible="true" version="1" changeset="72451440" timestamp="2019-07-20T04:56:43Z" user="hibagonsan" uid="5939709" lat="34.1682941" lon="131.4623152"/>
 <node id="6632701152" visible="true" version="1" changeset="72451440" timestamp="2019-07-20T04:56:43Z" user="hibagonsan" uid="5939709" lat="34.1683409" lon="131.4614092"/>
 <node id="6632701153" visible="true" version="1" changeset="72451440" timestamp="2019-07-20T04:56:43Z" user="hibagonsan" uid="5939709" lat="34.1680957" lon="131.4616439"/>
 <node id="6632701154" visible="true" version="1" changeset="72451440" timestamp="2019-07-20T04:56:43Z" user="hibagonsan" uid="5939709" lat="34.1681111" lon="131.4616674"/>
 <node id="6632701155" visible="true" version="1" changeset="72451440" timestamp="2019-07-20T04:56:43Z" user="hibagonsan" uid="5939709" lat="34.1683563" lon="131.4614327"/>
 <node id="6632701162" visible="true" version="1" changeset="72451440" timestamp="2019-07-20T04:56:43Z" user="hibagonsan" uid="5939709" lat="34.1693893" lon="131.4625432"/>
 <node id="6632704654" visible="true" version="1" changeset="72451496" timestamp="2019-07-20T05:04:44Z" user="hibagonsan" uid="5939709" lat="34.1671357" lon="131.4690529"/>
 <node id="6632704655" visible="true" version="1" changeset="72451496" timestamp="2019-07-20T05:04:44Z" user="hibagonsan" uid="5939709" lat="34.1670214" lon="131.4696456"/>
 <node id="6632761492" visible="true" version="1" changeset="72452180" timestamp="2019-07-20T06:16:55Z" user="hibagonsan" uid="5939709" lat="34.1668771" lon="131.4674536"/>
 <node id="6632761493" visible="true" version="1" changeset="72452180" timestamp="2019-07-20T06:16:55Z" user="hibagonsan" uid="5939709" lat="34.1668583" lon="131.4673792"/>
 <node id="6632761494" visible="true" version="1" changeset="72452180" timestamp="2019-07-20T06:16:55Z" user="hibagonsan" uid="5939709" lat="34.1669482" lon="131.4676742"/>
 <node id="6632761495" visible="true" version="1" changeset="72452180" timestamp="2019-07-20T06:16:55Z" user="hibagonsan" uid="5939709" lat="34.1667035" lon="131.4679371"/>
 <node id="7017446071" visible="true" version="1" changeset="77690936" timestamp="2019-11-28T15:44:22Z" user="mklyr" uid="614924" lat="34.1681943" lon="131.4606214"/>
 <node id="7516124810" visible="true" version="1" changeset="85168879" timestamp="2020-05-14T00:55:26Z" user="hibagonsan" uid="5939709" lat="34.1673676" lon="131.4620221"/>
 <node id="7516124811" visible="true" version="1" changeset="85168879" timestamp="2020-05-14T00:55:26Z" user="hibagonsan" uid="5939709" lat="34.1671528" lon="131.4626503"/>
 <node id="7516124812" visible="true" version="1" changeset="85168879" timestamp="2020-05-14T00:55:26Z" user="hibagonsan" uid="5939709" lat="34.1670926" lon="131.4626151"/>
 <node id="7516124813" visible="true" version="1" changeset="85168879" timestamp="2020-05-14T00:55:26Z" user="hibagonsan" uid="5939709" lat="34.1673624" lon="131.4621266"/>
 <node id="7516124814" visible="true" version="1" changeset="85168879" timestamp="2020-05-14T00:55:26Z" user="hibagonsan" uid="5939709" lat="34.1670869" lon="131.4626292"/>
 <node id="7516124815" visible="true" version="1" changeset="85168879" timestamp="2020-05-14T00:55:26Z" user="hibagonsan" uid="5939709" lat="34.1670292" lon="131.4625955"/>
 <node id="7516124816" visible="true" version="1" changeset="85168879" timestamp="2020-05-14T00:55:26Z" user="hibagonsan" uid="5939709" lat="34.1672444" lon="131.4620577"/>
 <node id="8189756775" visible="true" version="1" changeset="95204675" timestamp="2020-12-03T07:41:33Z" user="hibagonsan" uid="5939709" lat="34.1664870" lon="131.4630416"/>
 <node id="8189756776" visible="true" version="1" changeset="95204675" timestamp="2020-12-03T07:41:33Z" user="hibagonsan" uid="5939709" lat="34.1663194" lon="131.4634024"/>
 <node id="8189756777" visible="true" version="1" changeset="95204675" timestamp="2020-12-03T07:41:33Z" user="hibagonsan" uid="5939709" lat="34.1664011" lon="131.4634578"/>
 <node id="8189756778" visible="true" version="1" changeset="95204675" timestamp="2020-12-03T07:41:33Z" user="hibagonsan" uid="5939709" lat="34.1665687" lon="131.4630970"/>
 <node id="8189756779" visible="true" version="1" changeset="95204675" timestamp="2020-12-03T07:41:33Z" user="hibagonsan" uid="5939709" lat="34.1661925" lon="131.4607473"/>
 <node id="8189756780" visible="true" version="1" changeset="95204675" timestamp="2020-12-03T07:41:33Z" user="hibagonsan" uid="5939709" lat="34.1661609" lon="131.4606985"/>
 <node id="8189756781" visible="true" version="1" changeset="95204675" timestamp="2020-12-03T07:41:33Z" user="hibagonsan" uid="5939709" lat="34.1661997" lon="131.4606617"/>
 <node id="8189756782" visible="true" version="1" changeset="95204675" timestamp="2020-12-03T07:41:33Z" user="hibagonsan" uid="5939709" lat="34.1662313" lon="131.4607105"/>
 <node id="9412086505" visible="true" version="2" changeset="167486642" timestamp="2025-06-11T11:22:27Z" user="AlexM51" uid="174705" lat="34.1673104" lon="131.4615667">
  <tag k="bus" v="yes"/>
  <tag k="gtfs:stop_id" v="60034 2"/>
  <tag k="highway" v="bus_stop"/>
  <tag k="name" v="ＮＴＴ山口前"/>
  <tag k="name:ja" v="ＮＴＴ山口前"/>
  <tag k="name:ja-Hira" v="えぬてぃーてぃーやまぐちまえ"/>
  <tag k="name:ja-Latn" v="NTT Yamaguchi-mae"/>
  <tag k="operator" v="中国ジェイアールバス"/>
  <tag k="operator:en" v="Chugoku JR Bus"/>
  <tag k="public_transport" v="platform"/>
 </node>
 <node id="9412086506" visible="true" version="3" changeset="185664782" timestamp="2026-07-13T16:34:12Z" user="MiachMihie" uid="24308200" lat="34.1678937" lon="131.4622166">
  <tag k="bus" v="yes"/>
  <tag k="gtfs:stop_id" v="60034 1"/>
  <tag k="highway" v="bus_stop"/>
  <tag k="name" v="ＮＴＴ山口前"/>
  <tag k="name:ja" v="ＮＴＴ山口前"/>
  <tag k="name:ja-Hira" v="えぬてぃーてぃーやまぐちまえ"/>
  <tag k="name:ja-Latn" v="NTT Yamaguchi-mae"/>
  <tag k="operator" v="中国ジェイアールバス"/>
  <tag k="operator:en" v="Chugoku JR Bus"/>
  <tag k="public_transport" v="platform"/>
  <tag k="shelter" v="no"/>
 </node>
 <node id="11221753294" visible="true" version="2" changeset="141844022" timestamp="2023-09-28T02:50:52Z" user="FallingPeppers" uid="19745387" lat="34.1645923" lon="131.4622334"/>
 <node id="11221753307" visible="true" version="1" changeset="141800844" timestamp="2023-09-27T05:53:35Z" user="FallingPeppers" uid="19745387" lat="34.1647328" lon="131.4572671"/>
 <node id="11221753308" visible="true" version="3" changeset="141844022" timestamp="2023-09-28T02:50:52Z" user="FallingPeppers" uid="19745387" lat="34.1665921" lon="131.4602214"/>
 <node id="11221753314" visible="true" version="3" changeset="141844022" timestamp="2023-09-28T02:50:52Z" user="FallingPeppers" uid="19745387" lat="34.1680373" lon="131.4586126"/>
 <node id="11221967251" visible="true" version="2" changeset="141844022" timestamp="2023-09-28T02:50:52Z" user="FallingPeppers" uid="19745387" lat="34.1673628" lon="131.4594099"/>
 <node id="11222252850" visible="true" version="2" changeset="141844022" timestamp="2023-09-28T02:50:52Z" user="FallingPeppers" uid="19745387" lat="34.1687334" lon="131.4637024"/>
 <node id="11224140474" visible="true" version="1" changeset="141844022" timestamp="2023-09-28T02:50:52Z" user="FallingPeppers" uid="19745387" lat="34.1658045" lon="131.4609555"/>
 <node id="11224140475" visible="true" version="1" changeset="141844022" timestamp="2023-09-28T02:50:52Z" user="FallingPeppers" uid="19745387" lat="34.1652096" lon="131.4615618"/>
 <node id="11224140476" visible="true" version="1" changeset="141844022" timestamp="2023-09-28T02:50:52Z" user="FallingPeppers" uid="19745387" lat="34.1661934" lon="131.4605733"/>
 <node id="11224140477" visible="true" version="1" changeset="141844022" timestamp="2023-09-28T02:50:52Z" user="FallingPeppers" uid="19745387" lat="34.1655714" lon="131.4611982"/>
 <node id="11224140478" visible="true" version="1" changeset="141844022" timestamp="2023-09-28T02:50:52Z" user="FallingPeppers" uid="19745387" lat="34.1676994" lon="131.4590249"/>
 <node id="11686016251" visible="true" version="1" changeset="148150632" timestamp="2024-03-03T00:21:54Z" user="paopao234" uid="8303738" lat="34.1711786" lon="131.4678338"/>
 <node id="11686016257" visible="true" version="1" changeset="148150632" timestamp="2024-03-03T00:21:54Z" user="paopao234" uid="8303738" lat="34.1689651" lon="131.4641875"/>
 <node id="12905858464" visible="true" version="1" changeset="167486642" timestamp="2025-06-11T11:22:27Z" user="AlexM51" uid="174705" lat="34.1761588" lon="131.4734235">
  <tag k="bus" v="yes"/>
  <tag k="gtfs:stop_id" v="60031 1"/>
  <tag k="name" v="中国電力・ｙａｂ前"/>
  <tag k="name:ja" v="中国電力・ｙａｂ前"/>
  <tag k="name:ja-Hira" v="ちゅうごくでんりょくまえ"/>
  <tag k="name:ja-Latn" v="Chūgokudenryoku-mae"/>
  <tag k="operator" v="中国ジェイアールバス"/>
  <tag k="operator:en" v="Chugoku JR Bus"/>
  <tag k="public_transport" v="stop_position"/>
 </node>
 <node id="12905858465" visible="true" version="1" changeset="167486642" timestamp="2025-06-11T11:22:27Z" user="AlexM51" uid="174705" lat="34.1702337" lon="131.4662768">
  <tag k="bus" v="yes"/>
  <tag k="gtfs:stop_id" v="60033 1"/>
  <tag k="name" v="情報芸術センター前"/>
  <tag k="name:ja" v="情報芸術センター前"/>
  <tag k="name:ja-Hira" v="じょうほうげいじゅつせんたーまえ"/>
  <tag k="name:ja-Latn" v="Jouhougeijutsusentā-mae"/>
  <tag k="operator" v="中国ジェイアールバス"/>
  <tag k="operator:en" v="Chugoku JR Bus"/>
  <tag k="public_transport" v="stop_position"/>
 </node>
 <node id="12905858466" visible="true" version="1" changeset="167486642" timestamp="2025-06-11T11:22:27Z" user="AlexM51" uid="174705" lat="34.1678270" lon="131.4622642">
  <tag k="bus" v="yes"/>
  <tag k="gtfs:stop_id" v="60034 1"/>
  <tag k="name" v="ＮＴＴ山口前"/>
  <tag k="name:ja" v="ＮＴＴ山口前"/>
  <tag k="name:ja-Hira" v="えぬてぃーてぃーやまぐちまえ"/>
  <tag k="name:ja-Latn" v="NTT Yamaguchi-mae"/>
  <tag k="operator" v="中国ジェイアールバス"/>
  <tag k="operator:en" v="Chugoku JR Bus"/>
  <tag k="public_transport" v="stop_position"/>
 </node>
 <node id="12905858497" visible="true" version="1" changeset="167486642" timestamp="2025-06-11T11:22:27Z" user="AlexM51" uid="174705" lat="34.1651664" lon="131.4579301">
  <tag k="bus" v="yes"/>
  <tag k="gtfs:stop_id" v="60035 1;60035 2"/>
  <tag k="name" v="湯田温泉通"/>
  <tag k="name:en" v="Yuda Onsen"/>
  <tag k="name:ja" v="湯田温泉通"/>
  <tag k="name:ja-Hira" v="ゆだおんせん"/>
  <tag k="name:ja-Latn" v="Yuda-onsen"/>
  <tag k="name:ko" v="유다온센"/>
  <tag k="name:zh-Hans" v="汤田温泉"/>
  <tag k="name:zh-Hant" v="湯田溫泉"/>
  <tag k="operator" v="中国ジェイアールバス"/>
  <tag k="operator:en" v="Chugoku JR Bus"/>
  <tag k="public_transport" v="stop_position"/>
 </node>
 <node id="12905858498" visible="true" version="1" changeset="167486642" timestamp="2025-06-11T11:22:27Z" user="AlexM51" uid="174705" lat="34.1673674" lon="131.4615110">
  <tag k="bus" v="yes"/>
  <tag k="gtfs:stop_id" v="60034 2"/>
  <tag k="name" v="ＮＴＴ山口前"/>
  <tag k="name:ja" v="ＮＴＴ山口前"/>
  <tag k="name:ja-Hira" v="えぬてぃーてぃーやまぐちまえ"/>
  <tag k="name:ja-Latn" v="NTT Yamaguchi-mae"/>
  <tag k="operator" v="中国ジェイアールバス"/>
  <tag k="operator:en" v="Chugoku JR Bus"/>
  <tag k="public_transport" v="stop_position"/>
 </node>
 <node id="12905858499" visible="true" version="1" changeset="167486642" timestamp="2025-06-11T11:22:27Z" user="AlexM51" uid="174705" lat="34.1697952" lon="131.4655549">
  <tag k="bus" v="yes"/>
  <tag k="gtfs:stop_id" v="60033 2"/>
  <tag k="name" v="情報芸術センター前"/>
  <tag k="name:ja" v="情報芸術センター前"/>
  <tag k="name:ja-Hira" v="じょうほうげいじゅつせんたーまえ"/>
  <tag k="name:ja-Latn" v="Jouhougeijutsusentā-mae"/>
  <tag k="operator" v="中国ジェイアールバス"/>
  <tag k="operator:en" v="Chugoku JR Bus"/>
  <tag k="public_transport" v="stop_position"/>
 </node>
 <node id="12905858500" visible="true" version="1" changeset="167486642" timestamp="2025-06-11T11:22:27Z" user="AlexM51" uid="174705" lat="34.1754498" lon="131.4726251">
  <tag k="bus" v="yes"/>
  <tag k="gtfs:stop_id" v="60031 2"/>
  <tag k="name" v="中国電力・ｙａｂ前"/>
  <tag k="name:ja" v="中国電力・ｙａｂ前"/>
  <tag k="name:ja-Hira" v="ちゅうごくでんりょくまえ"/>
  <tag k="name:ja-Latn" v="Chūgokudenryoku-mae"/>
  <tag k="operator" v="中国ジェイアールバス"/>
  <tag k="operator:en" v="Chugoku JR Bus"/>
  <tag k="public_transport" v="stop_position"/>
 </node>
 <node id="13666127845" visible="true" version="1" changeset="180186891" timestamp="2026-03-21T05:22:37Z" user="Mozkun" uid="2651887" lat="34.1668329" lon="131.4600723">
  <tag k="amenity" v="pub"/>
  <tag k="name" v="ホルモン湯田のじゃん横"/>
 </node>
 <node id="13666127851" visible="true" version="2" changeset="185664785" timestamp="2026-07-13T16:34:14Z" user="MiachMihie" uid="24308200" lat="34.1680830" lon="131.4602863">
  <tag k="amenity" v="restaurant"/>
  <tag k="name" v="キッチンあさくら"/>
  <tag k="opening_hours" v="Mo-Su,PH 11:30-13:30,17:30-20:30"/>
 </node>
 <node id="14020283707" visible="true" version="1" changeset="185853761" timestamp="2026-07-16T15:54:56Z" user="MiachMihie" uid="24308200" lat="34.1684058" lon="131.4623224"/>
 <node id="14020283708" visible="true" version="1" changeset="185853761" timestamp="2026-07-16T15:54:56Z" user="MiachMihie" uid="24308200" lat="34.1684264" lon="131.4624003"/>
 <way id="60303555" visible="true" version="9" changeset="72451440" timestamp="2019-07-20T04:56:43Z" user="hibagonsan" uid="5939709">
  <nd ref="749560043"/>
  <nd ref="748938488"/>
  <nd ref="749324072"/>
  <nd ref="749795774"/>
  <nd ref="749103087"/>
  <nd ref="3318349659"/>
  <nd ref="748924323"/>
  <nd ref="6632701162"/>
  <nd ref="2214755811"/>
  <nd ref="2214755810"/>
  <nd ref="6353853849"/>
  <nd ref="2214755807"/>
  <tag k="name" v="錦川"/>
  <tag k="name:ja" v="錦川"/>
  <tag k="note" v="National-Land Numerical Information (River) 2006, MLIT Japan"/>
  <tag k="note:ja" v="国土数値情報(河川データ)平成18年国土交通省"/>
  <tag k="source" v="KSJ2"/>
  <tag k="source_ref" v="http://nlftp.mlit.go.jp/ksj/jpgis/datalist/KsjTmplt-W05.html"/>
  <tag k="waterway" v="river"/>
 </way>
 <way id="119879037" visible="true" version="9" changeset="171438115" timestamp="2025-09-04T07:35:56Z" user="taketaketake" uid="4757277">
  <nd ref="1345450223"/>
  <nd ref="12905858464"/>
  <nd ref="1345519006"/>
  <nd ref="1345520106"/>
  <nd ref="12905858500"/>
  <nd ref="1345519973"/>
  <nd ref="6353850144"/>
  <nd ref="1345521174"/>
  <nd ref="1345525633"/>
  <nd ref="1999675065"/>
  <nd ref="1345523647"/>
  <nd ref="1345528306"/>
  <nd ref="6353832695"/>
  <nd ref="1345519464"/>
  <nd ref="5091003773"/>
  <nd ref="1345521571"/>
  <nd ref="11686016251"/>
  <nd ref="12905858465"/>
  <nd ref="12905858499"/>
  <nd ref="11686016257"/>
  <nd ref="1345523815"/>
  <nd ref="1345516934"/>
  <nd ref="3223114287"/>
  <nd ref="12905858466"/>
  <nd ref="12905858498"/>
  <nd ref="3223114298"/>
  <nd ref="1345528691"/>
  <tag k="highway" v="secondary"/>
  <tag k="lanes" v="2"/>
  <tag k="name" v="宮野大歳線"/>
  <tag k="name:en" v="Miyano Otoshi Line"/>
  <tag k="name:ja" v="宮野大歳線"/>
  <tag k="name:ja-Hira" v="みやのおおとしせん"/>
  <tag k="name:ja_rm" v="Miyano Ōtoshi-sen"/>
  <tag k="old_name" v="国道9号"/>
  <tag k="old_name:en" v="National Highway Route 9"/>
  <tag k="old_name:ja" v="国道9号"/>
  <tag k="old_ref" v="9"/>
  <tag k="ref" v="204"/>
  <tag k="source" v="YahooJapan/ALPSMAP"/>
  <tag k="surface" v="asphalt"/>
  <tag k="wikidata" v="Q11467194"/>
  <tag k="wikipedia" v="ja:山口県道204号宮野大歳線"/>
 </way>
 <way id="119885215" visible="true" version="12" changeset="171435531" timestamp="2025-09-04T06:20:59Z" user="taketaketake" uid="4757277">
  <nd ref="1345516929"/>
  <nd ref="4069501012"/>
  <nd ref="12905858497"/>
  <nd ref="1345523138"/>
  <nd ref="1345517552"/>
  <nd ref="1345516674"/>
  <nd ref="4754098336"/>
  <nd ref="4607718272"/>
  <nd ref="1345528691"/>
  <tag k="highway" v="secondary"/>
  <tag k="lanes" v="2"/>
  <tag k="name" v="陶湯田線"/>
  <tag k="name:en" v="Sue Yuda Line"/>
  <tag k="name:ja" v="陶湯田線"/>
  <tag k="name:ja-Hira" v="すえゆだせん"/>
  <tag k="name:ja_rm" v="Sue Yuda-sen"/>
  <tag k="old_name" v="国道9号"/>
  <tag k="old_name:en" v="National Highway Route 9"/>
  <tag k="old_name:ja" v="国道9号"/>
  <tag k="old_ref" v="9"/>
  <tag k="ref" v="200;204"/>
  <tag k="source" v="YahooJapan/ALPSMAP"/>
  <tag k="surface" v="asphalt"/>
  <tag k="wikidata" v="Q11467188"/>
  <tag k="wikipedia" v="ja:山口県道200号陶湯田線"/>
 </way>
 <way id="119888302" visible="true" version="2" changeset="45295820" timestamp="2017-01-19T12:09:55Z" user="freshcl" uid="1204536">
  <nd ref="1345519217"/>
  <nd ref="4618219633"/>
  <nd ref="1345528691"/>
  <tag k="highway" v="unclassified"/>
  <tag k="source" v="YahooJapan/ALPSMAP"/>
 </way>
 <way id="211462031" visible="true" version="7" changeset="77690936" timestamp="2019-11-28T15:44:22Z" user="mklyr" uid="614924">
  <nd ref="1345520519"/>
  <nd ref="3227974836"/>
  <nd ref="7017446071"/>
  <nd ref="1345529585"/>
  <nd ref="3227974846"/>
  <nd ref="2214755812"/>
  <nd ref="1345518532"/>
  <tag k="highway" v="unclassified"/>
  <tag k="source" v="YahooJapan/ALPSMAP"/>
 </way>
 <way id="313215954" visible="true" version="9" changeset="171435531" timestamp="2025-09-04T06:20:59Z" user="taketaketake" uid="4757277">
  <nd ref="1345528691"/>
  <nd ref="1345520519"/>
  <nd ref="1345530746"/>
  <nd ref="1345524545"/>
  <nd ref="2214847701"/>
  <nd ref="1345529822"/>
  <nd ref="3228134567"/>
  <nd ref="3223137464"/>
  <tag k="highway" v="secondary"/>
  <tag k="lanes" v="2"/>
  <tag k="name" v="陶湯田線"/>
  <tag k="name:en" v="Sue Yuda Line"/>
  <tag k="name:ja" v="陶湯田線"/>
  <tag k="name:ja-Hira" v="すえゆだせん"/>
  <tag k="name:ja_rm" v="Sue Yuda-sen"/>
  <tag k="ref" v="200"/>
  <tag k="source" v="YahooJapan/ALPSMAP"/>
  <tag k="surface" v="asphalt"/>
  <tag k="wikidata" v="Q11467188"/>
  <tag k="wikipedia" v="ja:山口県道200号陶湯田線"/>
 </way>
 <way id="316199942" visible="true" version="3" changeset="45159369" timestamp="2017-01-14T12:45:58Z" user="freshcl" uid="1204536">
  <nd ref="1345517048"/>
  <nd ref="3223114286"/>
  <nd ref="4607718259"/>
  <nd ref="3223114287"/>
  <tag k="highway" v="residential"/>
  <tag k="source" v="Bing"/>
 </way>
 <way id="316199943" visible="true" version="3" changeset="68401049" timestamp="2019-03-22T08:20:26Z" user="yoshitk" uid="1003241">
  <nd ref="1345517048"/>
  <nd ref="3223114288"/>
  <nd ref="3223114289"/>
  <nd ref="6353853832"/>
  <nd ref="3223114290"/>
  <nd ref="3223114291"/>
  <nd ref="3223114292"/>
  <nd ref="3223114293"/>
  <nd ref="3223114294"/>
  <tag k="highway" v="residential"/>
  <tag k="source" v="Bing"/>
 </way>
 <way id="316199944" visible="true" version="2" changeset="28234119" timestamp="2015-01-18T16:06:38Z" user="mklyr" uid="614924">
  <nd ref="3223114292"/>
  <nd ref="3223114295"/>
  <nd ref="3296803166"/>
  <nd ref="3223114296"/>
  <nd ref="3223114297"/>
  <nd ref="3223114298"/>
  <tag k="highway" v="residential"/>
  <tag k="source" v="Bing"/>
 </way>
 <way id="316654110" visible="true" version="2" changeset="28483091" timestamp="2015-01-29T10:30:15Z" user="mklyr" uid="614924">
  <nd ref="3227974836"/>
  <nd ref="3227974840"/>
  <nd ref="3227974837"/>
  <nd ref="3227974844"/>
  <nd ref="3227974838"/>
  <nd ref="3227974839"/>
  <tag k="highway" v="residential"/>
  <tag k="source" v="Bing"/>
 </way>
 <way id="316654111" visible="true" version="2" changeset="28483091" timestamp="2015-01-29T10:30:14Z" user="mklyr" uid="614924">
  <nd ref="3227974840"/>
  <nd ref="3227974841"/>
  <nd ref="3227974842"/>
  <nd ref="3227974845"/>
  <nd ref="3227974843"/>
  <nd ref="3227974838"/>
  <tag k="highway" v="residential"/>
  <tag k="source" v="Bing"/>
 </way>
 <way id="316658027" visible="true" version="3" changeset="37843100" timestamp="2016-03-15T13:44:19Z" user="yoshitk" uid="1003241">
  <nd ref="3223114290"/>
  <nd ref="3228010077"/>
  <nd ref="3228010074"/>
  <tag k="highway" v="residential"/>
  <tag k="source" v="Bing"/>
 </way>
 <way id="316659413" visible="true" version="2" changeset="28234119" timestamp="2015-01-18T16:06:38Z" user="mklyr" uid="614924">
  <nd ref="3228020396"/>
  <nd ref="3228020397"/>
  <nd ref="3223114294"/>
  <tag k="highway" v="residential"/>
  <tag k="source" v="Bing"/>
 </way>
 <way id="322890138" visible="true" version="1" changeset="28234119" timestamp="2015-01-18T16:06:37Z" user="mklyr" uid="614924">
  <nd ref="3223114294"/>
  <nd ref="3228020398"/>
  <nd ref="3228020399"/>
  <nd ref="3228020400"/>
  <tag k="highway" v="residential"/>
  <tag k="source" v="Bing"/>
 </way>
 <way id="325171649" visible="true" version="9" changeset="56405920" timestamp="2018-02-16T07:59:58Z" user="mklyr" uid="614924">
  <nd ref="2214755807"/>
  <nd ref="4080663915"/>
  <nd ref="4080663888"/>
  <nd ref="4080663867"/>
  <nd ref="4080663862"/>
  <nd ref="4080663856"/>
  <nd ref="4080663842"/>
  <nd ref="3339899196"/>
  <nd ref="749875645"/>
  <nd ref="3339899194"/>
  <nd ref="749085919"/>
  <nd ref="748912205"/>
  <nd ref="749290145"/>
  <nd ref="749768059"/>
  <nd ref="749810147"/>
  <tag k="name" v="錦川"/>
  <tag k="name:ja" v="錦川"/>
  <tag k="note" v="National-Land Numerical Information (River) 2006, MLIT Japan"/>
  <tag k="note:ja" v="国土数値情報(河川データ)平成18年国土交通省"/>
  <tag k="source" v="KSJ2"/>
  <tag k="source_ref" v="http://nlftp.mlit.go.jp/ksj/jpgis/datalist/KsjTmplt-W05.html"/>
  <tag k="tunnel" v="culvert"/>
  <tag k="waterway" v="river"/>
 </way>
 <way id="403775302" visible="true" version="6" changeset="72452180" timestamp="2019-07-20T06:16:55Z" user="hibagonsan" uid="5939709">
  <nd ref="6353853849"/>
  <nd ref="6353853848"/>
  <nd ref="6353853847"/>
  <nd ref="4060920905"/>
  <nd ref="4060920906"/>
  <nd ref="4060920907"/>
  <nd ref="6630853086"/>
  <nd ref="4060920908"/>
  <nd ref="6618592808"/>
  <nd ref="4060920909"/>
  <nd ref="4060920910"/>
  <nd ref="6630853087"/>
  <nd ref="4060920911"/>
  <nd ref="6353853838"/>
  <nd ref="6630853089"/>
  <nd ref="6630853088"/>
  <nd ref="4060920912"/>
  <nd ref="6630853091"/>
  <nd ref="6630853090"/>
  <nd ref="4060920913"/>
  <nd ref="6630853085"/>
  <nd ref="6630852084"/>
  <nd ref="4060920914"/>
  <nd ref="6630852083"/>
  <nd ref="4060920915"/>
  <nd ref="6632761493"/>
  <nd ref="6632761492"/>
  <nd ref="4060920916"/>
  <nd ref="6632761494"/>
  <nd ref="4060920917"/>
  <nd ref="6632761495"/>
  <nd ref="4060920918"/>
  <nd ref="4060920919"/>
  <nd ref="6632704654"/>
  <nd ref="4060920920"/>
  <nd ref="6632704655"/>
  <nd ref="4060920921"/>
  <nd ref="4060920922"/>
  <tag k="waterway" v="stream"/>
 </way>
 <way id="407074733" visible="true" version="1" changeset="38239863" timestamp="2016-04-01T22:40:39Z" user="freshcl" uid="1204536">
  <nd ref="4091101332"/>
  <nd ref="4091101333"/>
  <nd ref="4091101334"/>
  <nd ref="4091101335"/>
  <nd ref="4091101336"/>
  <nd ref="4091101337"/>
  <nd ref="4091101332"/>
  <tag k="building" v="yes"/>
 </way>
 <way id="407074735" visible="true" version="1" changeset="38239863" timestamp="2016-04-01T22:40:39Z" user="freshcl" uid="1204536">
  <nd ref="4091101342"/>
  <nd ref="4091101343"/>
  <nd ref="4091101344"/>
  <nd ref="4091101345"/>
  <nd ref="4091101342"/>
  <tag k="building" v="yes"/>
 </way>
 <way id="407074736" visible="true" version="2" changeset="180186891" timestamp="2026-03-21T05:22:37Z" user="Mozkun" uid="2651887">
  <nd ref="4091101346"/>
  <nd ref="4091101347"/>
  <nd ref="4091101348"/>
  <nd ref="4091101349"/>
  <nd ref="4091101346"/>
  <tag k="building" v="yes"/>
  <tag k="building:levels" v="4"/>
  <tag k="check_date" v="2026-03-21"/>
  <tag k="name" v="防長苑"/>
  <tag k="tourism" v="hotel"/>
 </way>
 <way id="407846298" visible="true" version="2" changeset="38317151" timestamp="2016-04-05T13:21:18Z" user="freshcl" uid="1204536">
  <nd ref="4098795890"/>
  <nd ref="4098795989"/>
  <nd ref="4098795891"/>
  <nd ref="4098796089"/>
  <nd ref="4098795890"/>
  <tag k="building" v="retail"/>
  <tag k="name" v="ファミリーマート山口泉都町店"/>
  <tag k="service" v="retail"/>
  <tag k="shop" v="convenience"/>
 </way>
 <way id="407846566" visible="true" version="1" changeset="38307385" timestamp="2016-04-05T04:19:13Z" user="show1017" uid="3244669">
  <nd ref="4098784690"/>
  <nd ref="4098795893"/>
  <nd ref="4098795990"/>
  <nd ref="4098795991"/>
  <nd ref="4098784691"/>
  <nd ref="4098795992"/>
  <nd ref="4098795993"/>
  <nd ref="4098795894"/>
  <nd ref="4098795895"/>
  <nd ref="4098795896"/>
  <nd ref="4098795994"/>
  <nd ref="4098795897"/>
  <nd ref="4098784690"/>
  <tag k="building" v="hospital"/>
 </way>
 <way id="407846567" visible="true" version="1" changeset="38307385" timestamp="2016-04-05T04:19:13Z" user="show1017" uid="3244669">
  <nd ref="4098795995"/>
  <nd ref="4098784692"/>
  <nd ref="4098795996"/>
  <nd ref="4098795898"/>
  <nd ref="4098796190"/>
  <nd ref="4098795790"/>
  <nd ref="4098784693"/>
  <nd ref="4098795899"/>
  <nd ref="4098795900"/>
  <nd ref="4098798789"/>
  <nd ref="4098795997"/>
  <nd ref="4098795901"/>
  <nd ref="4098795791"/>
  <nd ref="4098795792"/>
  <nd ref="4098795998"/>
  <nd ref="4098795995"/>
  <tag k="building" v="hospital"/>
 </way>
 <way id="465864297" visible="true" version="2" changeset="85168879" timestamp="2020-05-14T00:55:26Z" user="hibagonsan" uid="5939709">
  <nd ref="4607718260"/>
  <nd ref="4607718261"/>
  <nd ref="4607718262"/>
  <nd ref="7516124810"/>
  <nd ref="4607718263"/>
  <nd ref="4607718264"/>
  <nd ref="4607718265"/>
  <nd ref="4607718260"/>
  <tag k="access" v="customers"/>
  <tag k="amenity" v="parking"/>
  <tag k="fee" v="no"/>
  <tag k="name" v="ファミリーマート"/>
  <tag k="operator" v="ファミリーマート"/>
  <tag k="parking" v="surface"/>
  <tag k="surface" v="asphalt"/>
 </way>
 <way id="467169311" visible="true" version="1" changeset="45295820" timestamp="2017-01-19T12:09:53Z" user="freshcl" uid="1204536">
  <nd ref="4618219620"/>
  <nd ref="4618219621"/>
  <nd ref="4618219622"/>
  <nd ref="4618219623"/>
  <nd ref="4618219624"/>
  <nd ref="4618219625"/>
  <nd ref="4618219626"/>
  <nd ref="4618219627"/>
  <nd ref="4618219628"/>
  <nd ref="4618219620"/>
  <tag k="amenity" v="parking"/>
  <tag k="name" v="佐々木外科病院"/>
 </way>
 <way id="467169314" visible="true" version="1" changeset="45295820" timestamp="2017-01-19T12:09:53Z" user="freshcl" uid="1204536">
  <nd ref="4618219631"/>
  <nd ref="4618219632"/>
  <tag k="highway" v="service"/>
  <tag k="oneway" v="yes"/>
 </way>
 <way id="467169315" visible="true" version="1" changeset="45295820" timestamp="2017-01-19T12:09:53Z" user="freshcl" uid="1204536">
  <nd ref="4618219633"/>
  <nd ref="4618219632"/>
  <nd ref="4618219634"/>
  <tag k="highway" v="service"/>
 </way>
 <way id="678579325" visible="true" version="1" changeset="68401049" timestamp="2019-03-22T08:20:25Z" user="yoshitk" uid="1003241">
  <nd ref="6353853832"/>
  <nd ref="6353853833"/>
  <nd ref="6353853834"/>
  <nd ref="3228010078"/>
  <nd ref="6353853835"/>
  <nd ref="6353853836"/>
  <nd ref="3228010073"/>
  <tag k="highway" v="service"/>
  <tag k="service" v="alley"/>
 </way>
 <way id="688837026" visible="true" version="1" changeset="70062222" timestamp="2019-05-09T07:57:25Z" user="hibagonsan" uid="5939709">
  <nd ref="6461104038"/>
  <nd ref="6461104037"/>
  <nd ref="6461104036"/>
  <nd ref="6461104035"/>
  <nd ref="6461104038"/>
  <tag k="building" v="yes"/>
  <tag k="source" v="GSImaps/ort"/>
 </way>
 <way id="688837028" visible="true" version="1" changeset="70062222" timestamp="2019-05-09T07:57:25Z" user="hibagonsan" uid="5939709">
  <nd ref="6461104046"/>
  <nd ref="6461104045"/>
  <nd ref="6461104044"/>
  <nd ref="6461104043"/>
  <nd ref="6461104046"/>
  <tag k="building" v="yes"/>
  <tag k="source" v="GSImaps/ort"/>
 </way>
 <way id="688837029" visible="true" version="1" changeset="70062222" timestamp="2019-05-09T07:57:25Z" user="hibagonsan" uid="5939709">
  <nd ref="6461104050"/>
  <nd ref="6461104049"/>
  <nd ref="6461104048"/>
  <nd ref="6461104047"/>
  <nd ref="6461104050"/>
  <tag k="building" v="yes"/>
  <tag k="source" v="GSImaps/ort"/>
 </way>
 <way id="688837031" visible="true" version="1" changeset="70062222" timestamp="2019-05-09T07:57:25Z" user="hibagonsan" uid="5939709">
  <nd ref="6461104061"/>
  <nd ref="6461104058"/>
  <nd ref="6461104057"/>
  <nd ref="6461104056"/>
  <nd ref="6461104059"/>
  <nd ref="6461104060"/>
  <nd ref="6461104055"/>
  <nd ref="6461104061"/>
  <tag k="building" v="yes"/>
  <tag k="source" v="GSImaps/ort"/>
 </way>
 <way id="688837032" visible="true" version="1" changeset="70062222" timestamp="2019-05-09T07:57:25Z" user="hibagonsan" uid="5939709">
  <nd ref="6461104065"/>
  <nd ref="6461104062"/>
  <nd ref="6461104063"/>
  <nd ref="6461104064"/>
  <nd ref="6461104065"/>
  <tag k="building" v="yes"/>
  <tag k="source" v="GSImaps/ort"/>
 </way>
 <way id="688837033" visible="true" version="1" changeset="70062222" timestamp="2019-05-09T07:57:25Z" user="hibagonsan" uid="5939709">
  <nd ref="6461104069"/>
  <nd ref="6461104068"/>
  <nd ref="6461104067"/>
  <nd ref="6461104066"/>
  <nd ref="6461104069"/>
  <tag k="building" v="yes"/>
  <tag k="source" v="GSImaps/ort"/>
 </way>
 <way id="688837034" visible="true" version="1" changeset="70062222" timestamp="2019-05-09T07:57:25Z" user="hibagonsan" uid="5939709">
  <nd ref="6461104073"/>
  <nd ref="6461104070"/>
  <nd ref="6461104071"/>
  <nd ref="6461104072"/>
  <nd ref="6461104073"/>
  <tag k="building" v="yes"/>
  <tag k="source" v="GSImaps/ort"/>
 </way>
 <way id="688837049" visible="true" version="2" changeset="185853761" timestamp="2026-07-16T15:54:56Z" user="MiachMihie" uid="24308200">
  <nd ref="6461104633"/>
  <nd ref="6461104632"/>
  <nd ref="6461104631"/>
  <nd ref="14020283708"/>
  <nd ref="14020283707"/>
  <nd ref="6461104630"/>
  <nd ref="6461104633"/>
  <tag k="building" v="office"/>
  <tag k="building:levels" v="10"/>
  <tag k="name" v="ニューメディアプラザ山口"/>
  <tag k="source" v="GSImaps/ort"/>
 </way>
 <way id="688837051" visible="true" version="1" changeset="70062222" timestamp="2019-05-09T07:57:26Z" user="hibagonsan" uid="5939709">
  <nd ref="6461104643"/>
  <nd ref="6461104642"/>
  <nd ref="6461104641"/>
  <nd ref="6461104640"/>
  <nd ref="6461104643"/>
  <tag k="building" v="yes"/>
  <tag k="source" v="GSImaps/ort"/>
 </way>
 <way id="688837052" visible="true" version="2" changeset="185853761" timestamp="2026-07-16T15:54:56Z" user="MiachMihie" uid="24308200">
  <nd ref="6461104647"/>
  <nd ref="6461104646"/>
  <nd ref="6461104645"/>
  <nd ref="6461104644"/>
  <nd ref="6461104647"/>
  <tag k="building" v="yes"/>
  <tag k="name" v="NTT西日本 山口支店"/>
  <tag k="source" v="GSImaps/ort"/>
 </way>
 <way id="688837053" visible="true" version="2" changeset="185853761" timestamp="2026-07-16T15:54:56Z" user="MiachMihie" uid="24308200">
  <nd ref="6461104651"/>
  <nd ref="6461104650"/>
  <nd ref="6461104649"/>
  <nd ref="6461104648"/>
  <nd ref="6461104651"/>
  <tag k="building" v="yes"/>
  <tag k="name" v="NTT西日本 山口支店"/>
  <tag k="source" v="GSImaps/ort"/>
 </way>
 <way id="688837054" visible="true" version="1" changeset="70062222" timestamp="2019-05-09T07:57:26Z" user="hibagonsan" uid="5939709">
  <nd ref="6461104657"/>
  <nd ref="6461104654"/>
  <nd ref="6461104653"/>
  <nd ref="6461104652"/>
  <nd ref="6461104655"/>
  <nd ref="6461104656"/>
  <nd ref="6461104657"/>
  <tag k="building" v="yes"/>
  <tag k="source" v="GSImaps/ort"/>
 </way>
 <way id="688837055" visible="true" version="1" changeset="70062222" timestamp="2019-05-09T07:57:26Z" user="hibagonsan" uid="5939709">
  <nd ref="6461104661"/>
  <nd ref="6461104658"/>
  <nd ref="6461104659"/>
  <nd ref="6461104660"/>
  <nd ref="6461104661"/>
  <tag k="building" v="yes"/>
  <tag k="source" v="GSImaps/ort"/>
 </way>
 <way id="688837056" visible="true" version="1" changeset="70062222" timestamp="2019-05-09T07:57:26Z" user="hibagonsan" uid="5939709">
  <nd ref="6461104665"/>
  <nd ref="6461104664"/>
  <nd ref="6461104663"/>
  <nd ref="6461104662"/>
  <nd ref="6461104665"/>
  <tag k="building" v="yes"/>
  <tag k="source" v="GSImaps/ort"/>
 </way>
 <way id="688837057" visible="true" version="1" changeset="70062222" timestamp="2019-05-09T07:57:26Z" user="hibagonsan" uid="5939709">
  <nd ref="6461104670"/>
  <nd ref="6461104669"/>
  <nd ref="6461104672"/>
  <nd ref="6461104668"/>
  <nd ref="6461104671"/>
  <nd ref="6461104666"/>
  <nd ref="6461104667"/>
  <nd ref="6461104670"/>
  <tag k="building" v="yes"/>
  <tag k="source" v="GSImaps/ort"/>
 </way>
 <way id="688837058" visible="true" version="2" changeset="185853761" timestamp="2026-07-16T15:54:56Z" user="MiachMihie" uid="24308200">
  <nd ref="6461104674"/>
  <nd ref="6461104671"/>
  <nd ref="6461104668"/>
  <nd ref="6461104672"/>
  <nd ref="6461104673"/>
  <nd ref="6461104674"/>
  <tag k="building" v="yes"/>
  <tag k="name" v="NTT西日本 山口支店"/>
  <tag k="source" v="GSImaps/ort"/>
 </way>
 <way id="688837059" visible="true" version="1" changeset="70062222" timestamp="2019-05-09T07:57:26Z" user="hibagonsan" uid="5939709">
  <nd ref="6461104678"/>
  <nd ref="6461104677"/>
  <nd ref="6461104676"/>
  <nd ref="6461104675"/>
  <nd ref="6461104678"/>
  <tag k="building" v="yes"/>
  <tag k="source" v="GSImaps/ort"/>
 </way>
 <way id="688837060" visible="true" version="1" changeset="70062222" timestamp="2019-05-09T07:57:27Z" user="hibagonsan" uid="5939709">
  <nd ref="6461104682"/>
  <nd ref="6461104681"/>
  <nd ref="6461104680"/>
  <nd ref="6461104679"/>
  <nd ref="6461104682"/>
  <tag k="building" v="yes"/>
  <tag k="source" v="GSImaps/ort"/>
 </way>
 <way id="688837061" visible="true" version="1" changeset="70062222" timestamp="2019-05-09T07:57:27Z" user="hibagonsan" uid="5939709">
  <nd ref="6461104686"/>
  <nd ref="6461104685"/>
  <nd ref="6461104684"/>
  <nd ref="6461104683"/>
  <nd ref="6461104686"/>
  <tag k="building" v="yes"/>
  <tag k="source" v="GSImaps/ort"/>
 </way>
 <way id="688837062" visible="true" version="1" changeset="70062222" timestamp="2019-05-09T07:57:27Z" user="hibagonsan" uid="5939709">
  <nd ref="6461104690"/>
  <nd ref="6461104689"/>
  <nd ref="6461104688"/>
  <nd ref="6461104687"/>
  <nd ref="6461104690"/>
  <tag k="building" v="yes"/>
  <tag k="source" v="GSImaps/ort"/>
 </way>
 <way id="689046753" visible="true" version="1" changeset="70095648" timestamp="2019-05-10T04:20:23Z" user="hibagonsan" uid="5939709">
  <nd ref="6463485358"/>
  <nd ref="6463485355"/>
  <nd ref="6463485356"/>
  <nd ref="6463485357"/>
  <nd ref="6463485358"/>
  <tag k="building" v="yes"/>
  <tag k="source" v="GSImaps/ort"/>
 </way>
 <way id="689046754" visible="true" version="1" changeset="70095648" timestamp="2019-05-10T04:20:23Z" user="hibagonsan" uid="5939709">
  <nd ref="6463485362"/>
  <nd ref="6463485359"/>
  <nd ref="6463485360"/>
  <nd ref="6463485361"/>
  <nd ref="6463485362"/>
  <tag k="building" v="yes"/>
  <tag k="source" v="GSImaps/ort"/>
 </way>
 <way id="689046755" visible="true" version="1" changeset="70095648" timestamp="2019-05-10T04:20:23Z" user="hibagonsan" uid="5939709">
  <nd ref="6463485366"/>
  <nd ref="6463485363"/>
  <nd ref="6463485364"/>
  <nd ref="6463485365"/>
  <nd ref="6463485366"/>
  <tag k="building" v="yes"/>
  <tag k="source" v="GSImaps/ort"/>
 </way>
 <way id="689046756" visible="true" version="1" changeset="70095648" timestamp="2019-05-10T04:20:23Z" user="hibagonsan" uid="5939709">
  <nd ref="6463485370"/>
  <nd ref="6463485369"/>
  <nd ref="6463485368"/>
  <nd ref="6463485367"/>
  <nd ref="6463485370"/>
  <tag k="building" v="yes"/>
  <tag k="source" v="GSImaps/ort"/>
 </way>
 <way id="689046757" visible="true" version="1" changeset="70095648" timestamp="2019-05-10T04:20:23Z" user="hibagonsan" uid="5939709">
  <nd ref="6463485376"/>
  <nd ref="6463485373"/>
  <nd ref="6463485372"/>
  <nd ref="6463485371"/>
  <nd ref="6463485374"/>
  <nd ref="6463485375"/>
  <nd ref="6463485376"/>
  <tag k="building" v="yes"/>
  <tag k="source" v="GSImaps/ort"/>
 </way>
 <way id="689046758" visible="true" version="1" changeset="70095648" timestamp="2019-05-10T04:20:23Z" user="hibagonsan" uid="5939709">
  <nd ref="6463485380"/>
  <nd ref="6463485377"/>
  <nd ref="6463485378"/>
  <nd ref="6463485379"/>
  <nd ref="6463485380"/>
  <tag k="building" v="yes"/>
  <tag k="source" v="GSImaps/ort"/>
 </way>
 <way id="689046759" visible="true" version="1" changeset="70095648" timestamp="2019-05-10T04:20:23Z" user="hibagonsan" uid="5939709">
  <nd ref="6463485384"/>
  <nd ref="6463485381"/>
  <nd ref="6463485382"/>
  <nd ref="6463485383"/>
  <nd ref="6463485384"/>
  <tag k="building" v="yes"/>
  <tag k="source" v="GSImaps/ort"/>
 </way>
 <way id="689046760" visible="true" version="1" changeset="70095648" timestamp="2019-05-10T04:20:23Z" user="hibagonsan" uid="5939709">
  <nd ref="6463486388"/>
  <nd ref="6463486387"/>
  <nd ref="6463486386"/>
  <nd ref="6463486385"/>
  <nd ref="6463486388"/>
  <tag k="building" v="yes"/>
  <tag k="source" v="GSImaps/ort"/>
 </way>
 <way id="689046761" visible="true" version="1" changeset="70095648" timestamp="2019-05-10T04:20:23Z" user="hibagonsan" uid="5939709">
  <nd ref="6463486392"/>
  <nd ref="6463486389"/>
  <nd ref="6463486390"/>
  <nd ref="6463486391"/>
  <nd ref="6463486392"/>
  <tag k="building" v="yes"/>
  <tag k="source" v="GSImaps/ort"/>
 </way>
 <way id="689046762" visible="true" version="1" changeset="70095648" timestamp="2019-05-10T04:20:23Z" user="hibagonsan" uid="5939709">
  <nd ref="6463486396"/>
  <nd ref="6463486395"/>
  <nd ref="6463486394"/>
  <nd ref="6463486393"/>
  <nd ref="6463486396"/>
  <tag k="building" v="yes"/>
  <tag k="source" v="GSImaps/ort"/>
 </way>
 <way id="689046763" visible="true" version="1" changeset="70095648" timestamp="2019-05-10T04:20:23Z" user="hibagonsan" uid="5939709">
  <nd ref="6463486400"/>
  <nd ref="6463486397"/>
  <nd ref="6463486398"/>
  <nd ref="6463486399"/>
  <nd ref="6463486400"/>
  <tag k="building" v="yes"/>
  <tag k="source" v="GSImaps/ort"/>
 </way>
 <way id="689046764" visible="true" version="1" changeset="70095648" timestamp="2019-05-10T04:20:24Z" user="hibagonsan" uid="5939709">
  <nd ref="6463486404"/>
  <nd ref="6463486403"/>
  <nd ref="6463486402"/>
  <nd ref="6463486401"/>
  <nd ref="6463486404"/>
  <tag k="building" v="yes"/>
  <tag k="source" v="GSImaps/ort"/>
 </way>
 <way id="689047918" visible="true" version="1" changeset="70095751" timestamp="2019-05-10T04:28:05Z" user="hibagonsan" uid="5939709">
  <nd ref="6463498078"/>
  <nd ref="6463498077"/>
  <nd ref="6463498076"/>
  <nd ref="6463498075"/>
  <nd ref="6463498078"/>
  <tag k="building" v="yes"/>
  <tag k="source" v="GSImaps/ort"/>
 </way>
 <way id="689047919" visible="true" version="1" changeset="70095751" timestamp="2019-05-10T04:28:05Z" user="hibagonsan" uid="5939709">
  <nd ref="6463498082"/>
  <nd ref="6463498081"/>
  <nd ref="6463498080"/>
  <nd ref="6463498079"/>
  <nd ref="6463498082"/>
  <tag k="building" v="yes"/>
  <tag k="source" v="GSImaps/ort"/>
 </way>
 <way id="689047920" visible="true" version="1" changeset="70095751" timestamp="2019-05-10T04:28:05Z" user="hibagonsan" uid="5939709">
  <nd ref="6463498086"/>
  <nd ref="6463498083"/>
  <nd ref="6463498084"/>
  <nd ref="6463498085"/>
  <nd ref="6463498086"/>
  <tag k="building" v="yes"/>
  <tag k="source" v="GSImaps/ort"/>
 </way>
 <way id="689047921" visible="true" version="1" changeset="70095751" timestamp="2019-05-10T04:28:05Z" user="hibagonsan" uid="5939709">
  <nd ref="6463498090"/>
  <nd ref="6463498089"/>
  <nd ref="6463498088"/>
  <nd ref="6463498087"/>
  <nd ref="6463498090"/>
  <tag k="building" v="yes"/>
  <tag k="source" v="GSImaps/ort"/>
 </way>
 <way id="689047922" visible="true" version="1" changeset="70095751" timestamp="2019-05-10T04:28:05Z" user="hibagonsan" uid="5939709">
  <nd ref="6463498094"/>
  <nd ref="6463498091"/>
  <nd ref="6463498092"/>
  <nd ref="6463498093"/>
  <nd ref="6463498094"/>
  <tag k="building" v="yes"/>
  <tag k="source" v="GSImaps/ort"/>
 </way>
 <way id="689047923" visible="true" version="1" changeset="70095751" timestamp="2019-05-10T04:28:05Z" user="hibagonsan" uid="5939709">
  <nd ref="6463498098"/>
  <nd ref="6463498097"/>
  <nd ref="6463498096"/>
  <nd ref="6463498095"/>
  <nd ref="6463498098"/>
  <tag k="building" v="yes"/>
  <tag k="source" v="GSImaps/ort"/>
 </way>
 <way id="689047924" visible="true" version="1" changeset="70095751" timestamp="2019-05-10T04:28:05Z" user="hibagonsan" uid="5939709">
  <nd ref="6463498102"/>
  <nd ref="6463498101"/>
  <nd ref="6463498100"/>
  <nd ref="6463498099"/>
  <nd ref="6463498102"/>
  <tag k="building" v="yes"/>
  <tag k="source" v="GSImaps/ort"/>
 </way>
 <way id="689047925" visible="true" version="1" changeset="70095751" timestamp="2019-05-10T04:28:05Z" user="hibagonsan" uid="5939709">
  <nd ref="6463498106"/>
  <nd ref="6463498105"/>
  <nd ref="6463498104"/>
  <nd ref="6463498103"/>
  <nd ref="6463498106"/>
  <tag k="building" v="yes"/>
  <tag k="source" v="GSImaps/ort"/>
 </way>
 <way id="689047926" visible="true" version="1" changeset="70095751" timestamp="2019-05-10T04:28:05Z" user="hibagonsan" uid="5939709">
  <nd ref="6463498110"/>
  <nd ref="6463498109"/>
  <nd ref="6463498108"/>
  <nd ref="6463498107"/>
  <nd ref="6463498110"/>
  <tag k="building" v="yes"/>
  <tag k="source" v="GSImaps/ort"/>
 </way>
 <way id="689047927" visible="true" version="1" changeset="70095751" timestamp="2019-05-10T04:28:05Z" user="hibagonsan" uid="5939709">
  <nd ref="6463498114"/>
  <nd ref="6463498111"/>
  <nd ref="6463498112"/>
  <nd ref="6463498113"/>
  <nd ref="6463498114"/>
  <tag k="building" v="yes"/>
  <tag k="source" v="GSImaps/ort"/>
 </way>
 <way id="689047928" visible="true" version="1" changeset="70095751" timestamp="2019-05-10T04:28:05Z" user="hibagonsan" uid="5939709">
  <nd ref="6463498119"/>
  <nd ref="6463498115"/>
  <nd ref="6463498116"/>
  <nd ref="6463498117"/>
  <nd ref="6463498118"/>
  <nd ref="6463498119"/>
  <tag k="building" v="yes"/>
  <tag k="source" v="GSImaps/ort"/>
 </way>
 <way id="689047931" visible="true" version="1" changeset="70095751" timestamp="2019-05-10T04:28:05Z" user="hibagonsan" uid="5939709">
  <nd ref="6463498131"/>
  <nd ref="6463498130"/>
  <nd ref="6463498129"/>
  <nd ref="6463498128"/>
  <nd ref="6463498131"/>
  <tag k="building" v="yes"/>
  <tag k="source" v="GSImaps/ort"/>
 </way>
 <way id="703237631" visible="true" version="1" changeset="72114613" timestamp="2019-07-11T00:32:15Z" user="hibagonsan" uid="5939709">
  <nd ref="6604100457"/>
  <nd ref="6604100456"/>
  <nd ref="6604100455"/>
  <nd ref="6604100454"/>
  <nd ref="6604100457"/>
  <tag k="building" v="yes"/>
  <tag k="source" v="GSImaps/ort"/>
 </way>
 <way id="703237632" visible="true" version="1" changeset="72114613" timestamp="2019-07-11T00:32:15Z" user="hibagonsan" uid="5939709">
  <nd ref="6604100461"/>
  <nd ref="6604100460"/>
  <nd ref="6604100459"/>
  <nd ref="6604100458"/>
  <nd ref="6604100461"/>
  <tag k="building" v="yes"/>
  <tag k="source" v="GSImaps/ort"/>
 </way>
 <way id="703237633" visible="true" version="1" changeset="72114613" timestamp="2019-07-11T00:32:15Z" user="hibagonsan" uid="5939709">
  <nd ref="6604100465"/>
  <nd ref="6604100464"/>
  <nd ref="6604100463"/>
  <nd ref="6604100462"/>
  <nd ref="6604100465"/>
  <tag k="building" v="yes"/>
  <tag k="source" v="GSImaps/ort"/>
 </way>
 <way id="704769905" visible="true" version="1" changeset="72292282" timestamp="2019-07-16T08:06:54Z" user="hibagonsan" uid="5939709">
  <nd ref="6618572608"/>
  <nd ref="6618572600"/>
  <nd ref="6618572596"/>
  <nd ref="6618572595"/>
  <nd ref="6618572599"/>
  <nd ref="6618572597"/>
  <nd ref="6618572598"/>
  <nd ref="6618572605"/>
  <nd ref="6618572604"/>
  <nd ref="6618572602"/>
  <nd ref="6618572601"/>
  <nd ref="6618572603"/>
  <nd ref="6618572606"/>
  <nd ref="6618572607"/>
  <nd ref="6618572608"/>
  <tag k="building" v="yes"/>
  <tag k="source" v="GSImaps/ort"/>
 </way>
 <way id="704769906" visible="true" version="1" changeset="72292282" timestamp="2019-07-16T08:06:54Z" user="hibagonsan" uid="5939709">
  <nd ref="6618572612"/>
  <nd ref="6618572611"/>
  <nd ref="6618572610"/>
  <nd ref="6618572609"/>
  <nd ref="6618572612"/>
  <tag k="building" v="yes"/>
  <tag k="source" v="GSImaps/ort"/>
 </way>
 <way id="704769907" visible="true" version="1" changeset="72292282" timestamp="2019-07-16T08:06:54Z" user="hibagonsan" uid="5939709">
  <nd ref="6618572616"/>
  <nd ref="6618572615"/>
  <nd ref="6618572614"/>
  <nd ref="6618572613"/>
  <nd ref="6618572616"/>
  <tag k="building" v="yes"/>
  <tag k="source" v="GSImaps/ort"/>
 </way>
 <way id="704769908" visible="true" version="1" changeset="72292282" timestamp="2019-07-16T08:06:54Z" user="hibagonsan" uid="5939709">
  <nd ref="6618572622"/>
  <nd ref="6618572619"/>
  <nd ref="6618572617"/>
  <nd ref="6618572618"/>
  <nd ref="6618572620"/>
  <nd ref="6618572621"/>
  <nd ref="6618572622"/>
  <tag k="building" v="yes"/>
  <tag k="source" v="GSImaps/ort"/>
 </way>
 <way id="704769912" visible="true" version="1" changeset="72292282" timestamp="2019-07-16T08:06:54Z" user="hibagonsan" uid="5939709">
  <nd ref="6618572639"/>
  <nd ref="6618572637"/>
  <nd ref="6618572641"/>
  <nd ref="6618572640"/>
  <nd ref="6618572638"/>
  <nd ref="6618572639"/>
  <tag k="building" v="yes"/>
  <tag k="source" v="GSImaps/ort"/>
 </way>
 <way id="704769913" visible="true" version="1" changeset="72292282" timestamp="2019-07-16T08:06:54Z" user="hibagonsan" uid="5939709">
  <nd ref="6618572645"/>
  <nd ref="6618572644"/>
  <nd ref="6618572643"/>
  <nd ref="6618572640"/>
  <nd ref="6618572641"/>
  <nd ref="6618572637"/>
  <nd ref="6618572642"/>
  <nd ref="6618572645"/>
  <tag k="building" v="yes"/>
  <tag k="source" v="GSImaps/ort"/>
 </way>
 <way id="704769914" visible="true" version="1" changeset="72292282" timestamp="2019-07-16T08:06:54Z" user="hibagonsan" uid="5939709">
  <nd ref="6618572649"/>
  <nd ref="6618572646"/>
  <nd ref="6618572647"/>
  <nd ref="6618572648"/>
  <nd ref="6618572649"/>
  <tag k="building" v="yes"/>
  <tag k="source" v="GSImaps/ort"/>
 </way>
 <way id="704769915" visible="true" version="1" changeset="72292282" timestamp="2019-07-16T08:06:54Z" user="hibagonsan" uid="5939709">
  <nd ref="6618572655"/>
  <nd ref="6618572654"/>
  <nd ref="6618572653"/>
  <nd ref="6618572650"/>
  <nd ref="6618572651"/>
  <nd ref="6618572652"/>
  <nd ref="6618572655"/>
  <tag k="building" v="yes"/>
  <tag k="source" v="GSImaps/ort"/>
 </way>
 <way id="704769916" visible="true" version="1" changeset="72292282" timestamp="2019-07-16T08:06:54Z" user="hibagonsan" uid="5939709">
  <nd ref="6618572659"/>
  <nd ref="6618572658"/>
  <nd ref="6618572657"/>
  <nd ref="6618572656"/>
  <nd ref="6618572659"/>
  <tag k="building" v="yes"/>
  <tag k="source" v="GSImaps/ort"/>
 </way>
 <way id="704769917" visible="true" version="1" changeset="72292282" timestamp="2019-07-16T08:06:54Z" user="hibagonsan" uid="5939709">
  <nd ref="6618572663"/>
  <nd ref="6618572662"/>
  <nd ref="6618572661"/>
  <nd ref="6618572660"/>
  <nd ref="6618572663"/>
  <tag k="building" v="yes"/>
  <tag k="source" v="GSImaps/ort"/>
 </way>
 <way id="704769918" visible="true" version="1" changeset="72292282" timestamp="2019-07-16T08:06:54Z" user="hibagonsan" uid="5939709">
  <nd ref="6618572667"/>
  <nd ref="6618572666"/>
  <nd ref="6618572665"/>
  <nd ref="6618572664"/>
  <nd ref="6618572667"/>
  <tag k="building" v="yes"/>
  <tag k="source" v="GSImaps/ort"/>
 </way>
 <way id="704769919" visible="true" version="1" changeset="72292282" timestamp="2019-07-16T08:06:54Z" user="hibagonsan" uid="5939709">
  <nd ref="6618572671"/>
  <nd ref="6618572670"/>
  <nd ref="6618572669"/>
  <nd ref="6618572668"/>
  <nd ref="6618572671"/>
  <tag k="building" v="yes"/>
  <tag k="source" v="GSImaps/ort"/>
 </way>
 <way id="704769920" visible="true" version="1" changeset="72292282" timestamp="2019-07-16T08:06:54Z" user="hibagonsan" uid="5939709">
  <nd ref="6618572675"/>
  <nd ref="6618572674"/>
  <nd ref="6618572673"/>
  <nd ref="6618572672"/>
  <nd ref="6618572675"/>
  <tag k="building" v="yes"/>
  <tag k="source" v="GSImaps/ort"/>
 </way>
 <way id="704769921" visible="true" version="1" changeset="72292282" timestamp="2019-07-16T08:06:54Z" user="hibagonsan" uid="5939709">
  <nd ref="6618572679"/>
  <nd ref="6618572678"/>
  <nd ref="6618572677"/>
  <nd ref="6618572676"/>
  <nd ref="6618572679"/>
  <tag k="building" v="yes"/>
  <tag k="source" v="GSImaps/ort"/>
 </way>
 <way id="704769922" visible="true" version="1" changeset="72292282" timestamp="2019-07-16T08:06:54Z" user="hibagonsan" uid="5939709">
  <nd ref="6618572683"/>
  <nd ref="6618572680"/>
  <nd ref="6618572681"/>
  <nd ref="6618572682"/>
  <nd ref="6618572683"/>
  <tag k="building" v="yes"/>
  <tag k="source" v="GSImaps/ort"/>
 </way>
 <way id="704769923" visible="true" version="1" changeset="72292282" timestamp="2019-07-16T08:06:54Z" user="hibagonsan" uid="5939709">
  <nd ref="6618592787"/>
  <nd ref="6618592786"/>
  <nd ref="6618592785"/>
  <nd ref="6618572684"/>
  <nd ref="6618592787"/>
  <tag k="building" v="yes"/>
  <tag k="source" v="GSImaps/ort"/>
 </way>
 <way id="704769924" visible="true" version="1" changeset="72292282" timestamp="2019-07-16T08:06:54Z" user="hibagonsan" uid="5939709">
  <nd ref="6618592791"/>
  <nd ref="6618592790"/>
  <nd ref="6618592789"/>
  <nd ref="6618592788"/>
  <nd ref="6618592791"/>
  <tag k="building" v="yes"/>
  <tag k="source" v="GSImaps/ort"/>
 </way>
 <way id="704769925" visible="true" version="1" changeset="72292282" timestamp="2019-07-16T08:06:54Z" user="hibagonsan" uid="5939709">
  <nd ref="6618592795"/>
  <nd ref="6618592794"/>
  <nd ref="6618592793"/>
  <nd ref="6618592792"/>
  <nd ref="6618592795"/>
  <tag k="building" v="yes"/>
  <tag k="source" v="GSImaps/ort"/>
 </way>
 <way id="704769926" visible="true" version="1" changeset="72292282" timestamp="2019-07-16T08:06:54Z" user="hibagonsan" uid="5939709">
  <nd ref="6618592799"/>
  <nd ref="6618592798"/>
  <nd ref="6618592797"/>
  <nd ref="6618592796"/>
  <nd ref="6618592799"/>
  <tag k="building" v="yes"/>
  <tag k="source" v="GSImaps/ort"/>
 </way>
 <way id="704769933" visible="true" version="1" changeset="72292282" timestamp="2019-07-16T08:06:54Z" user="hibagonsan" uid="5939709">
  <nd ref="6618592829"/>
  <nd ref="6618592826"/>
  <nd ref="6618592827"/>
  <nd ref="6618592828"/>
  <nd ref="6618592829"/>
  <tag k="building" v="yes"/>
  <tag k="source" v="GSImaps/ort"/>
 </way>
 <way id="704769934" visible="true" version="1" changeset="72292282" timestamp="2019-07-16T08:06:54Z" user="hibagonsan" uid="5939709">
  <nd ref="6618592833"/>
  <nd ref="6618592830"/>
  <nd ref="6618592831"/>
  <nd ref="6618592832"/>
  <nd ref="6618592833"/>
  <tag k="building" v="yes"/>
  <tag k="source" v="GSImaps/ort"/>
 </way>
 <way id="704769940" visible="true" version="1" changeset="72292282" timestamp="2019-07-16T08:06:54Z" user="hibagonsan" uid="5939709">
  <nd ref="6618592857"/>
  <nd ref="6618592856"/>
  <nd ref="6618592855"/>
  <nd ref="6618592854"/>
  <nd ref="6618592857"/>
  <tag k="building" v="yes"/>
  <tag k="source" v="GSImaps/ort"/>
 </way>
 <way id="704769941" visible="true" version="1" changeset="72292282" timestamp="2019-07-16T08:06:54Z" user="hibagonsan" uid="5939709">
  <nd ref="6618592867"/>
  <nd ref="6618592866"/>
  <nd ref="6618592859"/>
  <nd ref="6618592858"/>
  <nd ref="6618592865"/>
  <nd ref="6618592860"/>
  <nd ref="6618592862"/>
  <nd ref="6618592863"/>
  <nd ref="6618592861"/>
  <nd ref="6618592864"/>
  <nd ref="6618592867"/>
  <tag k="building" v="yes"/>
  <tag k="source" v="GSImaps/ort"/>
 </way>
 <way id="704769942" visible="true" version="1" changeset="72292282" timestamp="2019-07-16T08:06:54Z" user="hibagonsan" uid="5939709">
  <nd ref="6618592871"/>
  <nd ref="6618592870"/>
  <nd ref="6618592869"/>
  <nd ref="6618592868"/>
  <nd ref="6618592871"/>
  <tag k="building" v="yes"/>
  <tag k="source" v="GSImaps/ort"/>
 </way>
 <way id="704771486" visible="true" version="1" changeset="72292608" timestamp="2019-07-16T08:14:11Z" user="hibagonsan" uid="5939709">
  <nd ref="6618600168"/>
  <nd ref="6618600165"/>
  <nd ref="6618600163"/>
  <nd ref="6618600164"/>
  <nd ref="6618600166"/>
  <nd ref="6618600167"/>
  <nd ref="6618600168"/>
  <tag k="building" v="yes"/>
  <tag k="source" v="GSImaps/ort"/>
 </way>
 <way id="705883315" visible="true" version="1" changeset="72451012" timestamp="2019-07-20T03:44:56Z" user="hibagonsan" uid="5939709">
  <nd ref="6632670137"/>
  <nd ref="6632670136"/>
  <nd ref="6632670135"/>
  <nd ref="6632670134"/>
  <nd ref="6632670137"/>
  <tag k="building" v="yes"/>
  <tag k="source" v="GSImaps/ort"/>
 </way>
 <way id="705883316" visible="true" version="1" changeset="72451012" timestamp="2019-07-20T03:44:56Z" user="hibagonsan" uid="5939709">
  <nd ref="6632670141"/>
  <nd ref="6632670140"/>
  <nd ref="6632670139"/>
  <nd ref="6632670138"/>
  <nd ref="6632670141"/>
  <tag k="building" v="yes"/>
  <tag k="source" v="GSImaps/ort"/>
 </way>
 <way id="705883317" visible="true" version="1" changeset="72451012" timestamp="2019-07-20T03:44:56Z" user="hibagonsan" uid="5939709">
  <nd ref="6632670145"/>
  <nd ref="6632670144"/>
  <nd ref="6632670143"/>
  <nd ref="6632670142"/>
  <nd ref="6632670145"/>
  <tag k="building" v="yes"/>
  <tag k="source" v="GSImaps/ort"/>
 </way>
 <way id="705883318" visible="true" version="1" changeset="72451012" timestamp="2019-07-20T03:44:56Z" user="hibagonsan" uid="5939709">
  <nd ref="6632670151"/>
  <nd ref="6632670150"/>
  <nd ref="6632670149"/>
  <nd ref="6632670147"/>
  <nd ref="6632670146"/>
  <nd ref="6632670148"/>
  <nd ref="6632670151"/>
  <tag k="building" v="yes"/>
  <tag k="source" v="GSImaps/ort"/>
 </way>
 <way id="705883319" visible="true" version="1" changeset="72451012" timestamp="2019-07-20T03:44:56Z" user="hibagonsan" uid="5939709">
  <nd ref="6632670155"/>
  <nd ref="6632670154"/>
  <nd ref="6632670153"/>
  <nd ref="6632670152"/>
  <nd ref="6632670155"/>
  <tag k="building" v="yes"/>
  <tag k="source" v="GSImaps/ort"/>
 </way>
 <way id="705883320" visible="true" version="1" changeset="72451012" timestamp="2019-07-20T03:44:56Z" user="hibagonsan" uid="5939709">
  <nd ref="6632670159"/>
  <nd ref="6632670158"/>
  <nd ref="6632670157"/>
  <nd ref="6632670156"/>
  <nd ref="6632670159"/>
  <tag k="building" v="yes"/>
  <tag k="source" v="GSImaps/ort"/>
 </way>
 <way id="705883321" visible="true" version="1" changeset="72451012" timestamp="2019-07-20T03:44:56Z" user="hibagonsan" uid="5939709">
  <nd ref="6632670163"/>
  <nd ref="6632670162"/>
  <nd ref="6632670161"/>
  <nd ref="6632670160"/>
  <nd ref="6632670163"/>
  <tag k="building" v="yes"/>
  <tag k="source" v="GSImaps/ort"/>
 </way>
 <way id="705883322" visible="true" version="1" changeset="72451012" timestamp="2019-07-20T03:44:56Z" user="hibagonsan" uid="5939709">
  <nd ref="6632670167"/>
  <nd ref="6632670166"/>
  <nd ref="6632670165"/>
  <nd ref="6632670164"/>
  <nd ref="6632670167"/>
  <tag k="building" v="yes"/>
  <tag k="source" v="GSImaps/ort"/>
 </way>
 <way id="705884283" visible="true" version="1" changeset="72451182" timestamp="2019-07-20T04:16:09Z" user="hibagonsan" uid="5939709">
  <nd ref="6632683595"/>
  <nd ref="6632683592"/>
  <nd ref="6632683587"/>
  <nd ref="6632683585"/>
  <nd ref="6632683593"/>
  <nd ref="6632683594"/>
  <nd ref="6632683595"/>
  <tag k="building" v="yes"/>
  <tag k="source" v="GSImaps/ort"/>
 </way>
 <way id="705884284" visible="true" version="1" changeset="72451182" timestamp="2019-07-20T04:16:09Z" user="hibagonsan" uid="5939709">
  <nd ref="6632683599"/>
  <nd ref="6632683596"/>
  <nd ref="6632683597"/>
  <nd ref="6632683598"/>
  <nd ref="6632683599"/>
  <tag k="building" v="yes"/>
  <tag k="source" v="GSImaps/ort"/>
 </way>
 <way id="705884285" visible="true" version="1" changeset="72451182" timestamp="2019-07-20T04:16:09Z" user="hibagonsan" uid="5939709">
  <nd ref="6632683605"/>
  <nd ref="6632683604"/>
  <nd ref="6632683603"/>
  <nd ref="6632683601"/>
  <nd ref="6632683600"/>
  <nd ref="6632683602"/>
  <nd ref="6632683605"/>
  <tag k="building" v="yes"/>
  <tag k="source" v="GSImaps/ort"/>
 </way>
 <way id="705884286" visible="true" version="1" changeset="72451182" timestamp="2019-07-20T04:16:09Z" user="hibagonsan" uid="5939709">
  <nd ref="6632683609"/>
  <nd ref="6632683608"/>
  <nd ref="6632683607"/>
  <nd ref="6632683606"/>
  <nd ref="6632683609"/>
  <tag k="building" v="yes"/>
  <tag k="source" v="GSImaps/ort"/>
 </way>
 <way id="705884287" visible="true" version="1" changeset="72451182" timestamp="2019-07-20T04:16:09Z" user="hibagonsan" uid="5939709">
  <nd ref="6632683613"/>
  <nd ref="6632683612"/>
  <nd ref="6632683611"/>
  <nd ref="6632683610"/>
  <nd ref="6632683613"/>
  <tag k="building" v="yes"/>
  <tag k="source" v="GSImaps/ort"/>
 </way>
 <way id="705885143" visible="true" version="1" changeset="72451298" timestamp="2019-07-20T04:33:21Z" user="hibagonsan" uid="5939709">
  <nd ref="6632690261"/>
  <nd ref="6632690260"/>
  <nd ref="6632690259"/>
  <nd ref="6632690258"/>
  <nd ref="6632690261"/>
  <tag k="building" v="yes"/>
  <tag k="source" v="GSImaps/ort"/>
 </way>
 <way id="705886282" visible="true" version="1" changeset="72451440" timestamp="2019-07-20T04:56:43Z" user="hibagonsan" uid="5939709">
  <nd ref="6632701089"/>
  <nd ref="6632701088"/>
  <nd ref="6632701087"/>
  <nd ref="6632701086"/>
  <nd ref="6632701089"/>
  <tag k="building" v="yes"/>
  <tag k="source" v="GSImaps/ort"/>
 </way>
 <way id="705886283" visible="true" version="1" changeset="72451440" timestamp="2019-07-20T04:56:43Z" user="hibagonsan" uid="5939709">
  <nd ref="6632701093"/>
  <nd ref="6632701092"/>
  <nd ref="6632701091"/>
  <nd ref="6632701090"/>
  <nd ref="6632701093"/>
  <tag k="building" v="yes"/>
  <tag k="source" v="GSImaps/ort"/>
 </way>
 <way id="705886284" visible="true" version="1" changeset="72451440" timestamp="2019-07-20T04:56:43Z" user="hibagonsan" uid="5939709">
  <nd ref="6632701097"/>
  <nd ref="6632701094"/>
  <nd ref="6632701095"/>
  <nd ref="6632701096"/>
  <nd ref="6632701097"/>
  <tag k="building" v="yes"/>
  <tag k="source" v="GSImaps/ort"/>
 </way>
 <way id="705886285" visible="true" version="1" changeset="72451440" timestamp="2019-07-20T04:56:43Z" user="hibagonsan" uid="5939709">
  <nd ref="6632701101"/>
  <nd ref="6632701100"/>
  <nd ref="6632701099"/>
  <nd ref="6632701098"/>
  <nd ref="6632701101"/>
  <tag k="building" v="yes"/>
  <tag k="source" v="GSImaps/ort"/>
 </way>
 <way id="705886286" visible="true" version="2" changeset="185853761" timestamp="2026-07-16T15:54:56Z" user="MiachMihie" uid="24308200">
  <nd ref="6632701105"/>
  <nd ref="6632701104"/>
  <nd ref="6632701103"/>
  <nd ref="6632701102"/>
  <nd ref="6632701105"/>
  <tag k="building" v="yes"/>
  <tag k="name" v="山口ポインター"/>
  <tag k="shop" v="motorcycle"/>
  <tag k="source" v="GSImaps/ort"/>
 </way>
 <way id="705886295" visible="true" version="1" changeset="72451440" timestamp="2019-07-20T04:56:43Z" user="hibagonsan" uid="5939709">
  <nd ref="6632701155"/>
  <nd ref="6632701154"/>
  <nd ref="6632701153"/>
  <nd ref="6632701152"/>
  <nd ref="6632701155"/>
  <tag k="building" v="yes"/>
  <tag k="source" v="GSImaps/ort"/>
 </way>
 <way id="803512502" visible="true" version="1" changeset="85168879" timestamp="2020-05-14T00:55:26Z" user="hibagonsan" uid="5939709">
  <nd ref="7516124816"/>
  <nd ref="7516124813"/>
  <nd ref="7516124811"/>
  <nd ref="7516124812"/>
  <nd ref="7516124814"/>
  <nd ref="7516124815"/>
  <nd ref="7516124816"/>
  <tag k="building" v="yes"/>
 </way>
 <way id="880501240" visible="true" version="1" changeset="95204675" timestamp="2020-12-03T07:41:33Z" user="hibagonsan" uid="5939709">
  <nd ref="8189756778"/>
  <nd ref="8189756777"/>
  <nd ref="8189756776"/>
  <nd ref="8189756775"/>
  <nd ref="8189756778"/>
  <tag k="building" v="yes"/>
 </way>
 <way id="880501241" visible="true" version="1" changeset="95204675" timestamp="2020-12-03T07:41:33Z" user="hibagonsan" uid="5939709">
  <nd ref="8189756782"/>
  <nd ref="8189756779"/>
  <nd ref="8189756780"/>
  <nd ref="8189756781"/>
  <nd ref="8189756782"/>
  <tag k="building" v="yes"/>
 </way>
 <way id="1211173368" visible="true" version="1" changeset="141800844" timestamp="2023-09-27T05:53:35Z" user="FallingPeppers" uid="19745387">
  <nd ref="11221753307"/>
  <nd ref="11221753308"/>
  <tag k="admin_level" v="10"/>
  <tag k="boundary" v="administrative"/>
 </way>
 <way id="1211173375" visible="true" version="2" changeset="141844022" timestamp="2023-09-28T02:50:52Z" user="FallingPeppers" uid="19745387">
  <nd ref="11221753308"/>
  <nd ref="11224140476"/>
  <nd ref="11224140474"/>
  <nd ref="11224140477"/>
  <nd ref="11224140475"/>
  <nd ref="11221753294"/>
  <tag k="admin_level" v="9"/>
  <tag k="boundary" v="administrative"/>
 </way>
 <way id="1211173377" visible="true" version="3" changeset="141844022" timestamp="2023-09-28T02:50:52Z" user="FallingPeppers" uid="19745387">
  <nd ref="11221753314"/>
  <nd ref="11224140478"/>
  <nd ref="11221967251"/>
  <nd ref="11221753308"/>
  <tag k="admin_level" v="9"/>
  <tag k="boundary" v="administrative"/>
 </way>
 <way id="1211225668" visible="true" version="2" changeset="141844068" timestamp="2023-09-28T02:55:09Z" user="FallingPeppers" uid="19745387">
  <nd ref="11222252850"/>
  <nd ref="11221753308"/>
  <tag k="admin_level" v="10"/>
  <tag k="boundary" v="administrative"/>
 </way>
 <relation id="13884347" visible="true" version="11" changeset="170042622" timestamp="2025-08-06T07:56:43Z" user="taketaketake" uid="4757277">
  <member type="node" ref="9550863707" role="stop"/>
  <member type="node" ref="9412086517" role="platform"/>
  <member type="node" ref="12905870004" role="stop"/>
  <member type="node" ref="9412086518" role="platform"/>
  <member type="node" ref="12905870003" role="stop"/>
  <member type="node" ref="9412086521" role="platform"/>
  <member type="node" ref="5050396471" role="stop"/>
  <member type="node" ref="9412086522" role="platform"/>
  <member type="node" ref="12905870002" role="stop"/>
  <member type="node" ref="9412086525" role="platform"/>
  <member type="node" ref="12905870001" role="stop"/>
  <member type="node" ref="9412086527" role="platform"/>
  <member type="node" ref="12905858500" role="stop"/>
  <member type="node" ref="9412086511" role="platform"/>
  <member type="node" ref="5091003773" role="stop"/>
  <member type="node" ref="9412086509" role="platform"/>
  <member type="node" ref="12905858499" role="stop"/>
  <member type="node" ref="9412086507" role="platform"/>
  <member type="node" ref="12905858498" role="stop"/>
  <member type="node" ref="9412086505" role="platform"/>
  <member type="node" ref="12905858497" role="stop"/>
  <member type="node" ref="9412086503" role="platform"/>
  <member type="node" ref="12905870005" role="stop"/>
  <member type="node" ref="9412086501" role="platform"/>
  <member type="node" ref="12905858496" role="stop"/>
  <member type="node" ref="9412086396" role="platform"/>
  <member type="node" ref="12905858495" role="stop"/>
  <member type="node" ref="9412086394" role="platform"/>
  <member type="node" ref="12905858494" role="stop"/>
  <member type="node" ref="9412086392" role="platform"/>
  <member type="node" ref="5177662684" role="stop"/>
  <member type="node" ref="9412086390" role="platform"/>
  <member type="node" ref="12905858493" role="stop"/>
  <member type="node" ref="9412086388" role="platform"/>
  <member type="node" ref="12905858492" role="stop"/>
  <member type="node" ref="9412086386" role="platform"/>
  <member type="node" ref="1345409061" role="stop"/>
  <member type="node" ref="9412086384" role="platform"/>
  <member type="node" ref="1345405197" role="stop"/>
  <member type="node" ref="9412086349" role="platform"/>
  <member type="node" ref="12905858491" role="stop"/>
  <member type="node" ref="9412086351" role="platform"/>
  <member type="node" ref="12905858490" role="stop"/>
  <member type="node" ref="9412086353" role="platform"/>
  <member type="node" ref="12905858489" role="stop"/>
  <member type="node" ref="9412086355" role="platform"/>
  <member type="node" ref="12905858487" role="stop"/>
  <member type="node" ref="9412086357" role="platform"/>
  <member type="node" ref="12905858486" role="stop"/>
  <member type="node" ref="9412086359" role="platform"/>
  <member type="node" ref="1349991438" role="stop"/>
  <member type="node" ref="9412086361" role="platform"/>
  <member type="node" ref="1349978390" role="stop"/>
  <member type="node" ref="9412086363" role="platform"/>
  <member type="node" ref="1694280261" role="stop"/>
  <member type="node" ref="9412086365" role="platform"/>
  <member type="node" ref="5271724147" role="stop"/>
  <member type="node" ref="9412086367" role="platform"/>
  <member type="node" ref="1349987969" role="stop"/>
  <member type="node" ref="9412086368" role="platform"/>
  <member type="node" ref="1349993957" role="stop"/>
  <member type="node" ref="9412086370" role="platform"/>
  <member type="node" ref="12905858485" role="stop"/>
  <member type="node" ref="9412086372" role="platform"/>
  <member type="node" ref="1349992109" role="stop"/>
  <member type="node" ref="9412086374" role="platform"/>
  <member type="node" ref="12905858484" role="stop"/>
  <member type="node" ref="9412086376" role="platform"/>
  <member type="node" ref="12905858483" role="stop"/>
  <member type="node" ref="9412086378" role="platform"/>
  <member type="node" ref="3510016039" role="stop"/>
  <member type="node" ref="9412086248" role="platform"/>
  <member type="node" ref="928307865" role="stop"/>
  <member type="node" ref="9412086380" role="platform"/>
  <member type="node" ref="12905858478" role="stop"/>
  <member type="node" ref="9412086382" role="platform"/>
  <member type="way" ref="1036697531" role=""/>
  <member type="way" ref="1163757161" role=""/>
  <member type="way" ref="1036697528" role=""/>
  <member type="way" ref="1036697526" role=""/>
  <member type="way" ref="119878523" role=""/>
  <member type="way" ref="517552886" role=""/>
  <member type="way" ref="119878656" role=""/>
  <member type="way" ref="1036697525" role=""/>
  <member type="way" ref="1036697534" role=""/>
  <member type="way" ref="1036697533" role=""/>
  <member type="way" ref="1036697512" role=""/>
  <member type="way" ref="1036697534" role=""/>
  <member type="way" ref="1036697525" role=""/>
  <member type="way" ref="119878656" role=""/>
  <member type="way" ref="1036697524" role=""/>
  <member type="way" ref="119879071" role=""/>
  <member type="way" ref="119887610" role=""/>
  <member type="way" ref="119888155" role=""/>
  <member type="way" ref="119879116" role=""/>
  <member type="way" ref="119879037" role=""/>
  <member type="way" ref="119885215" role=""/>
  <member type="way" ref="1161949597" role=""/>
  <member type="way" ref="119886759" role=""/>
  <member type="way" ref="119887879" role=""/>
  <member type="way" ref="119885734" role=""/>
  <member type="way" ref="119885590" role=""/>
  <member type="way" ref="119887887" role=""/>
  <member type="way" ref="119888300" role=""/>
  <member type="way" ref="119885704" role=""/>
  <member type="way" ref="119885762" role=""/>
  <member type="way" ref="119887444" role=""/>
  <member type="way" ref="119885764" role=""/>
  <member type="way" ref="119885750" role=""/>
  <member type="way" ref="119875257" role=""/>
  <member type="way" ref="119875281" role=""/>
  <member type="way" ref="119875438" role=""/>
  <member type="way" ref="119876142" role=""/>
  <member type="way" ref="119875716" role=""/>
  <member type="way" ref="120388743" role=""/>
  <member type="way" ref="120388792" role=""/>
  <member type="way" ref="120388521" role=""/>
  <member type="way" ref="120387602" role=""/>
  <member type="way" ref="120387163" role=""/>
  <member type="way" ref="120387921" role=""/>
  <member type="way" ref="120387996" role=""/>
  <member type="way" ref="709552913" role=""/>
  <member type="way" ref="120388144" role=""/>
  <member type="way" ref="425432195" role=""/>
  <member type="way" ref="425432196" role=""/>
  <member type="way" ref="120388598" role=""/>
  <member type="way" ref="120389202" role=""/>
  <member type="way" ref="120387725" role=""/>
  <member type="way" ref="223295974" role=""/>
  <member type="way" ref="120389227" role=""/>
  <member type="way" ref="120387221" role=""/>
  <member type="way" ref="120387054" role=""/>
  <member type="way" ref="120387198" role=""/>
  <member type="way" ref="120387943" role=""/>
  <member type="way" ref="1394161505" role=""/>
  <member type="way" ref="1036697518" role=""/>
  <member type="way" ref="1036697520" role=""/>
  <member type="way" ref="545450104" role=""/>
  <member type="way" ref="1394161505" role=""/>
  <member type="way" ref="120387104" role=""/>
  <member type="way" ref="120389235" role=""/>
  <member type="way" ref="120387433" role=""/>
  <member type="way" ref="120389045" role=""/>
  <member type="way" ref="120483110" role=""/>
  <member type="way" ref="120482984" role=""/>
  <member type="way" ref="120485756" role=""/>
  <member type="way" ref="1036697517" role=""/>
  <member type="way" ref="344262388" role=""/>
  <member type="way" ref="344262386" role=""/>
  <member type="way" ref="1394161503" role=""/>
  <member type="way" ref="1394161502" role=""/>
  <member type="way" ref="1036697515" role=""/>
  <member type="way" ref="1036697517" role=""/>
  <member type="way" ref="344262387" role=""/>
  <member type="way" ref="561527716" role=""/>
  <member type="way" ref="561527721" role=""/>
  <member type="way" ref="120483470" role=""/>
  <member type="way" ref="1394161508" role=""/>
  <member type="way" ref="1394161506" role=""/>
  <member type="way" ref="1394161509" role=""/>
  <tag k="duration" v="01:04:00"/>
  <tag k="from" v="山口駅"/>
  <tag k="from:ja-Latn" v="Yamaguchieki"/>
  <tag k="gtfs:route_id" v="2196404353"/>
  <tag k="gtfs:shape_id" v="40000799"/>
  <tag k="name" v="秋吉線 (山口駅 =&gt; 秋吉)"/>
  <tag k="name:ja-Latn" v="Akiyoshi-sen (Yamaguchieki =&gt; Akiyoshi)"/>
  <tag k="network" v="秋吉線"/>
  <tag k="opening_hours" v="Mo-Fr 16:30-20:04; Sa-Su 08:30-09:34,13:00-18:29"/>
  <tag k="operator" v="中国ジェイアールバス"/>
  <tag k="operator:en" v="Chugoku JR Bus"/>
  <tag k="public_transport:version" v="2"/>
  <tag k="route" v="bus"/>
  <tag k="to" v="秋吉"/>
  <tag k="to:ja-Latn" v="Akiyoshi"/>
  <tag k="type" v="route"/>
 </relation>
 <relation id="13884349" visible="true" version="9" changeset="170042622" timestamp="2025-08-06T07:56:43Z" user="taketaketake" uid="4757277">
  <member type="node" ref="12905858478" role="stop"/>
  <member type="node" ref="9412086382" role="platform"/>
  <member type="node" ref="928307865" role="stop"/>
  <member type="node" ref="9412086381" role="platform"/>
  <member type="node" ref="3510016040" role="stop"/>
  <member type="node" ref="9412086249" role="platform"/>
  <member type="node" ref="12905858483" role="stop"/>
  <member type="node" ref="9412086379" role="platform"/>
  <member type="node" ref="1349982756" role="stop"/>
  <member type="node" ref="9412086377" role="platform"/>
  <member type="node" ref="1349977487" role="stop"/>
  <member type="node" ref="9412086375" role="platform"/>
  <member type="node" ref="1349997902" role="stop"/>
  <member type="node" ref="9412086373" role="platform"/>
  <member type="node" ref="1349996530" role="stop"/>
  <member type="node" ref="9412086371" role="platform"/>
  <member type="node" ref="8754100322" role="stop"/>
  <member type="node" ref="9412086335" role="platform"/>
  <member type="node" ref="12905858475" role="stop"/>
  <member type="node" ref="9412086369" role="platform"/>
  <member type="node" ref="5271724147" role="stop"/>
  <member type="node" ref="9412086367" role="platform"/>
  <member type="node" ref="12905858474" role="stop"/>
  <member type="node" ref="9412086366" role="platform"/>
  <member type="node" ref="12905858454" role="stop"/>
  <member type="node" ref="9412086364" role="platform"/>
  <member type="node" ref="1349988030" role="stop"/>
  <member type="node" ref="9412086362" role="platform"/>
  <member type="node" ref="12905858473" role="stop"/>
  <member type="node" ref="9412086360" role="platform"/>
  <member type="node" ref="12905858488" role="stop"/>
  <member type="node" ref="9412086358" role="platform"/>
  <member type="node" ref="12905858489" role="stop"/>
  <member type="node" ref="9412086356" role="platform"/>
  <member type="node" ref="1349996460" role="stop"/>
  <member type="node" ref="9412086354" role="platform"/>
  <member type="node" ref="12905858472" role="stop"/>
  <member type="node" ref="9412086352" role="platform"/>
  <member type="node" ref="12905858471" role="stop"/>
  <member type="node" ref="9412086350" role="platform"/>
  <member type="node" ref="1345409061" role="stop"/>
  <member type="node" ref="9412086385" role="platform"/>
  <member type="node" ref="12905858492" role="stop"/>
  <member type="node" ref="9412086387" role="platform"/>
  <member type="node" ref="12905858493" role="stop"/>
  <member type="node" ref="9412086389" role="platform"/>
  <member type="node" ref="5177662684" role="stop"/>
  <member type="node" ref="9412086391" role="platform"/>
  <member type="node" ref="12905858470" role="stop"/>
  <member type="node" ref="9412086393" role="platform"/>
  <member type="node" ref="12905858469" role="stop"/>
  <member type="node" ref="9412086395" role="platform"/>
  <member type="node" ref="12905858468" role="stop"/>
  <member type="node" ref="9412086397" role="platform"/>
  <member type="node" ref="12905858467" role="stop"/>
  <member type="node" ref="9412086502" role="platform"/>
  <member type="node" ref="12905858497" role="stop"/>
  <member type="node" ref="9412086504" role="platform"/>
  <member type="node" ref="12905858466" role="stop"/>
  <member type="node" ref="9412086506" role="platform"/>
  <member type="node" ref="12905858465" role="stop"/>
  <member type="node" ref="9412086508" role="platform"/>
  <member type="node" ref="1345519464" role="stop"/>
  <member type="node" ref="9412086510" role="platform"/>
  <member type="node" ref="12905858464" role="stop"/>
  <member type="node" ref="9412086512" role="platform"/>
  <member type="node" ref="12905858463" role="stop"/>
  <member type="node" ref="9412086528" role="platform"/>
  <member type="node" ref="12905858462" role="stop"/>
  <member type="node" ref="9412086526" role="platform"/>
  <member type="node" ref="12905858461" role="stop"/>
  <member type="node" ref="9412086523" role="platform"/>
  <member type="node" ref="12905858460" role="stop"/>
  <member type="node" ref="9412086520" role="platform"/>
  <member type="node" ref="12905858459" role="stop"/>
  <member type="node" ref="9412086519" role="platform"/>
  <member type="node" ref="12905858458" role="stop"/>
  <member type="node" ref="9412086516" role="platform"/>
  <member type="way" ref="1394161507" role=""/>
  <member type="way" ref="120483470" role=""/>
  <member type="way" ref="561527721" role=""/>
  <member type="way" ref="561527716" role=""/>
  <member type="way" ref="344262387" role=""/>
  <member type="way" ref="1036697517" role=""/>
  <member type="way" ref="344262388" role=""/>
  <member type="way" ref="344262386" role=""/>
  <member type="way" ref="1394161503" role=""/>
  <member type="way" ref="1394161502" role=""/>
  <member type="way" ref="1036697515" role=""/>
  <member type="way" ref="1036697517" role=""/>
  <member type="way" ref="120485756" role=""/>
  <member type="way" ref="120482984" role=""/>
  <member type="way" ref="120483110" role=""/>
  <member type="way" ref="120389045" role=""/>
  <member type="way" ref="120387433" role=""/>
  <member type="way" ref="1036697522" role=""/>
  <member type="way" ref="945602190" role=""/>
  <member type="way" ref="945602188" role=""/>
  <member type="way" ref="1036697522" role=""/>
  <member type="way" ref="120389235" role=""/>
  <member type="way" ref="120387104" role=""/>
  <member type="way" ref="1394161505" role=""/>
  <member type="way" ref="1036697518" role=""/>
  <member type="way" ref="1036697520" role=""/>
  <member type="way" ref="545450104" role=""/>
  <member type="way" ref="1394161505" role=""/>
  <member type="way" ref="120387943" role=""/>
  <member type="way" ref="120387198" role=""/>
  <member type="way" ref="120387054" role=""/>
  <member type="way" ref="120387221" role=""/>
  <member type="way" ref="120389227" role=""/>
  <member type="way" ref="223295974" role=""/>
  <member type="way" ref="120387725" role=""/>
  <member type="way" ref="120389202" role=""/>
  <member type="way" ref="120388598" role=""/>
  <member type="way" ref="425432196" role=""/>
  <member type="way" ref="425432195" role=""/>
  <member type="way" ref="120388144" role=""/>
  <member type="way" ref="709552913" role=""/>
  <member type="way" ref="120387996" role=""/>
  <member type="way" ref="120387921" role=""/>
  <member type="way" ref="120387163" role=""/>
  <member type="way" ref="120387602" role=""/>
  <member type="way" ref="120388521" role=""/>
  <member type="way" ref="120388792" role=""/>
  <member type="way" ref="120388743" role=""/>
  <member type="way" ref="119875716" role=""/>
  <member type="way" ref="119876142" role=""/>
  <member type="way" ref="119875438" role=""/>
  <member type="way" ref="119875281" role=""/>
  <member type="way" ref="119875257" role=""/>
  <member type="way" ref="119885750" role=""/>
  <member type="way" ref="119885764" role=""/>
  <member type="way" ref="119887444" role=""/>
  <member type="way" ref="119885762" role=""/>
  <member type="way" ref="119885704" role=""/>
  <member type="way" ref="119888300" role=""/>
  <member type="way" ref="119887887" role=""/>
  <member type="way" ref="119885590" role=""/>
  <member type="way" ref="119885734" role=""/>
  <member type="way" ref="119887879" role=""/>
  <member type="way" ref="119886759" role=""/>
  <member type="way" ref="1161949597" role=""/>
  <member type="way" ref="119885215" role=""/>
  <member type="way" ref="119879037" role=""/>
  <member type="way" ref="119879116" role=""/>
  <member type="way" ref="119888155" role=""/>
  <member type="way" ref="119887610" role=""/>
  <member type="way" ref="119879071" role=""/>
  <member type="way" ref="1036697511" role=""/>
  <member type="way" ref="1036697510" role=""/>
  <member type="way" ref="1036697514" role=""/>
  <member type="way" ref="1036697512" role=""/>
  <member type="way" ref="1036697534" role=""/>
  <member type="way" ref="1036697525" role=""/>
  <member type="way" ref="119878656" role=""/>
  <member type="way" ref="119878549" role=""/>
  <member type="way" ref="119878523" role=""/>
  <member type="way" ref="1036697526" role=""/>
  <member type="way" ref="1036697532" role=""/>
  <tag k="duration" v="01:04:00"/>
  <tag k="from" v="秋吉"/>
  <tag k="from:ja-Latn" v="Akiyoshi"/>
  <tag k="gtfs:route_id" v="2196404353"/>
  <tag k="gtfs:shape_id" v="40000800"/>
  <tag k="name" v="秋吉線 (秋吉 =&gt; 美東病院 =&gt; 山口駅)"/>
  <tag k="name:ja-Latn" v="Akiyoshi-sen (Akiyoshi =&gt; Mito-byoin =&gt; Yamaguchieki)"/>
  <tag k="network" v="秋吉線"/>
  <tag k="opening_hours" v="Mo-Fr 10:40-17:19"/>
  <tag k="operator" v="中国ジェイアールバス"/>
  <tag k="operator:en" v="Chugoku JR Bus"/>
  <tag k="public_transport:version" v="2"/>
  <tag k="route" v="bus"/>
  <tag k="to" v="山口駅"/>
  <tag k="to:ja-Latn" v="Yamaguchieki"/>
  <tag k="type" v="route"/>
  <tag k="via" v="美東病院"/>
  <tag k="via:ja-Latn" v="Mito-byoin"/>
 </relation>
 <relation id="13884350" visible="true" version="9" changeset="170042622" timestamp="2025-08-06T07:56:43Z" user="taketaketake" uid="4757277">
  <member type="node" ref="12905858478" role="stop"/>
  <member type="node" ref="9412086382" role="platform"/>
  <member type="node" ref="928307865" role="stop"/>
  <member type="node" ref="9412086381" role="platform"/>
  <member type="node" ref="3510016040" role="stop"/>
  <member type="node" ref="9412086249" role="platform"/>
  <member type="node" ref="12905858483" role="stop"/>
  <member type="node" ref="9412086379" role="platform"/>
  <member type="node" ref="1349982756" role="stop"/>
  <member type="node" ref="9412086377" role="platform"/>
  <member type="node" ref="1349977487" role="stop"/>
  <member type="node" ref="9412086375" role="platform"/>
  <member type="node" ref="1349997902" role="stop"/>
  <member type="node" ref="9412086373" role="platform"/>
  <member type="node" ref="1349996530" role="stop"/>
  <member type="node" ref="9412086371" role="platform"/>
  <member type="node" ref="12905858475" role="stop"/>
  <member type="node" ref="9412086369" role="platform"/>
  <member type="node" ref="5271724147" role="stop"/>
  <member type="node" ref="9412086367" role="platform"/>
  <member type="node" ref="12905858474" role="stop"/>
  <member type="node" ref="9412086366" role="platform"/>
  <member type="node" ref="12905858454" role="stop"/>
  <member type="node" ref="9412086364" role="platform"/>
  <member type="node" ref="1349988030" role="stop"/>
  <member type="node" ref="9412086362" role="platform"/>
  <member type="node" ref="12905858473" role="stop"/>
  <member type="node" ref="9412086360" role="platform"/>
  <member type="node" ref="12905858488" role="stop"/>
  <member type="node" ref="9412086358" role="platform"/>
  <member type="node" ref="12905858489" role="stop"/>
  <member type="node" ref="9412086356" role="platform"/>
  <member type="node" ref="1349996460" role="stop"/>
  <member type="node" ref="9412086354" role="platform"/>
  <member type="node" ref="12905858472" role="stop"/>
  <member type="node" ref="9412086352" role="platform"/>
  <member type="node" ref="12905858471" role="stop"/>
  <member type="node" ref="9412086350" role="platform"/>
  <member type="node" ref="1345409061" role="stop"/>
  <member type="node" ref="9412086385" role="platform"/>
  <member type="node" ref="12905858492" role="stop"/>
  <member type="node" ref="9412086387" role="platform"/>
  <member type="node" ref="12905858493" role="stop"/>
  <member type="node" ref="9412086389" role="platform"/>
  <member type="node" ref="5177662684" role="stop"/>
  <member type="node" ref="9412086391" role="platform"/>
  <member type="node" ref="12905858470" role="stop"/>
  <member type="node" ref="9412086393" role="platform"/>
  <member type="node" ref="12905858469" role="stop"/>
  <member type="node" ref="9412086395" role="platform"/>
  <member type="node" ref="12905858468" role="stop"/>
  <member type="node" ref="9412086397" role="platform"/>
  <member type="node" ref="12905858467" role="stop"/>
  <member type="node" ref="9412086502" role="platform"/>
  <member type="node" ref="12905858497" role="stop"/>
  <member type="node" ref="9412086504" role="platform"/>
  <member type="node" ref="12905858466" role="stop"/>
  <member type="node" ref="9412086506" role="platform"/>
  <member type="node" ref="12905858465" role="stop"/>
  <member type="node" ref="9412086508" role="platform"/>
  <member type="node" ref="1345519464" role="stop"/>
  <member type="node" ref="9412086510" role="platform"/>
  <member type="node" ref="12905858464" role="stop"/>
  <member type="node" ref="9412086512" role="platform"/>
  <member type="node" ref="12905858463" role="stop"/>
  <member type="node" ref="9412086528" role="platform"/>
  <member type="node" ref="12905858462" role="stop"/>
  <member type="node" ref="9412086526" role="platform"/>
  <member type="node" ref="12905858461" role="stop"/>
  <member type="node" ref="9412086523" role="platform"/>
  <member type="node" ref="12905858460" role="stop"/>
  <member type="node" ref="9412086520" role="platform"/>
  <member type="node" ref="12905858459" role="stop"/>
  <member type="node" ref="9412086519" role="platform"/>
  <member type="node" ref="9412086516" role="platform"/>
  <member type="way" ref="1394161507" role=""/>
  <member type="way" ref="120483470" role=""/>
  <member type="way" ref="561527721" role=""/>
  <member type="way" ref="561527716" role=""/>
  <member type="way" ref="344262387" role=""/>
  <member type="way" ref="1036697517" role=""/>
  <member type="way" ref="344262388" role=""/>
  <member type="way" ref="344262386" role=""/>
  <member type="way" ref="1394161503" role=""/>
  <member type="way" ref="1394161502" role=""/>
  <member type="way" ref="1036697515" role=""/>
  <member type="way" ref="1036697517" role=""/>
  <member type="way" ref="120485756" role=""/>
  <member type="way" ref="120482984" role=""/>
  <member type="way" ref="120483110" role=""/>
  <member type="way" ref="120389045" role=""/>
  <member type="way" ref="120387433" role=""/>
  <member type="way" ref="120389235" role=""/>
  <member type="way" ref="120387104" role=""/>
  <member type="way" ref="1394161505" role=""/>
  <member type="way" ref="1036697518" role=""/>
  <member type="way" ref="1036697520" role=""/>
  <member type="way" ref="545450104" role=""/>
  <member type="way" ref="1394161505" role=""/>
  <member type="way" ref="120387943" role=""/>
  <member type="way" ref="120387198" role=""/>
  <member type="way" ref="120387054" role=""/>
  <member type="way" ref="120387221" role=""/>
  <member type="way" ref="120389227" role=""/>
  <member type="way" ref="223295974" role=""/>
  <member type="way" ref="120387725" role=""/>
  <member type="way" ref="120389202" role=""/>
  <member type="way" ref="120388598" role=""/>
  <member type="way" ref="425432196" role=""/>
  <member type="way" ref="425432195" role=""/>
  <member type="way" ref="120388144" role=""/>
  <member type="way" ref="709552913" role=""/>
  <member type="way" ref="120387996" role=""/>
  <member type="way" ref="120387921" role=""/>
  <member type="way" ref="120387163" role=""/>
  <member type="way" ref="120387602" role=""/>
  <member type="way" ref="120388521" role=""/>
  <member type="way" ref="120388792" role=""/>
  <member type="way" ref="120388743" role=""/>
  <member type="way" ref="119875716" role=""/>
  <member type="way" ref="119876142" role=""/>
  <member type="way" ref="119875438" role=""/>
  <member type="way" ref="119875281" role=""/>
  <member type="way" ref="119875257" role=""/>
  <member type="way" ref="119885750" role=""/>
  <member type="way" ref="119885764" role=""/>
  <member type="way" ref="119887444" role=""/>
  <member type="way" ref="119885762" role=""/>
  <member type="way" ref="119885704" role=""/>
  <member type="way" ref="119888300" role=""/>
  <member type="way" ref="119887887" role=""/>
  <member type="way" ref="119885590" role=""/>
  <member type="way" ref="119885734" role=""/>
  <member type="way" ref="119887879" role=""/>
  <member type="way" ref="119886759" role=""/>
  <member type="way" ref="1161949597" role=""/>
  <member type="way" ref="119885215" role=""/>
  <member type="way" ref="119879037" role=""/>
  <member type="way" ref="119879116" role=""/>
  <member type="way" ref="119888155" role=""/>
  <member type="way" ref="119887610" role=""/>
  <member type="way" ref="119879071" role=""/>
  <member type="way" ref="1036697511" role=""/>
  <member type="way" ref="1036697510" role=""/>
  <member type="way" ref="1036697514" role=""/>
  <member type="way" ref="1036697512" role=""/>
  <member type="way" ref="1036697534" role=""/>
  <member type="way" ref="1036697525" role=""/>
  <member type="way" ref="119878656" role=""/>
  <member type="way" ref="119878549" role=""/>
  <member type="way" ref="119878523" role=""/>
  <member type="way" ref="1036697526" role=""/>
  <member type="way" ref="1036697532" role=""/>
  <tag k="duration" v="01:02:00"/>
  <tag k="from" v="秋吉"/>
  <tag k="from:ja-Latn" v="Akiyoshi"/>
  <tag k="gtfs:route_id" v="2196404353"/>
  <tag k="gtfs:shape_id" v="40000790"/>
  <tag k="name" v="秋吉線 (秋吉 =&gt; 山口駅)"/>
  <tag k="name:ja-Latn" v="Akiyoshi-sen (Akiyoshi =&gt; Yamaguchieki)"/>
  <tag k="network" v="秋吉線"/>
  <tag k="opening_hours" v="Mo-Fr 06:35-19:02; Sa-Su 06:55-19:02"/>
  <tag k="operator" v="中国ジェイアールバス"/>
  <tag k="operator:en" v="Chugoku JR Bus"/>
  <tag k="public_transport:version" v="2"/>
  <tag k="route" v="bus"/>
  <tag k="to" v="山口駅"/>
  <tag k="to:ja-Latn" v="Yamaguchieki"/>
  <tag k="type" v="route"/>
 </relation>
 <relation id="13884351" visible="true" version="10" changeset="170042622" timestamp="2025-08-06T07:56:43Z" user="taketaketake" uid="4757277">
  <member type="node" ref="9550863707" role="stop"/>
  <member type="node" ref="9412086517" role="platform"/>
  <member type="node" ref="12905870004" role="stop"/>
  <member type="node" ref="9412086518" role="platform"/>
  <member type="node" ref="12905870003" role="stop"/>
  <member type="node" ref="9412086521" role="platform"/>
  <member type="node" ref="5050396471" role="stop"/>
  <member type="node" ref="9412086522" role="platform"/>
  <member type="node" ref="12905870002" role="stop"/>
  <member type="node" ref="9412086525" role="platform"/>
  <member type="node" ref="12905870001" role="stop"/>
  <member type="node" ref="9412086527" role="platform"/>
  <member type="node" ref="12905858500" role="stop"/>
  <member type="node" ref="9412086511" role="platform"/>
  <member type="node" ref="5091003773" role="stop"/>
  <member type="node" ref="9412086509" role="platform"/>
  <member type="node" ref="12905858499" role="stop"/>
  <member type="node" ref="9412086507" role="platform"/>
  <member type="node" ref="12905858498" role="stop"/>
  <member type="node" ref="9412086505" role="platform"/>
  <member type="node" ref="12905858497" role="stop"/>
  <member type="node" ref="9412086503" role="platform"/>
  <member type="node" ref="12905870005" role="stop"/>
  <member type="node" ref="9412086501" role="platform"/>
  <member type="node" ref="12905858496" role="stop"/>
  <member type="node" ref="9412086396" role="platform"/>
  <member type="node" ref="12905858495" role="stop"/>
  <member type="node" ref="9412086394" role="platform"/>
  <member type="node" ref="12905858494" role="stop"/>
  <member type="node" ref="9412086392" role="platform"/>
  <member type="node" ref="5177662684" role="stop"/>
  <member type="node" ref="9412086390" role="platform"/>
  <member type="node" ref="12905858493" role="stop"/>
  <member type="node" ref="9412086388" role="platform"/>
  <member type="node" ref="12905858492" role="stop"/>
  <member type="node" ref="9412086386" role="platform"/>
  <member type="node" ref="1345409061" role="stop"/>
  <member type="node" ref="9412086384" role="platform"/>
  <member type="node" ref="1345405197" role="stop"/>
  <member type="node" ref="9412086349" role="platform"/>
  <member type="node" ref="12905858491" role="stop"/>
  <member type="node" ref="9412086351" role="platform"/>
  <member type="node" ref="12905858490" role="stop"/>
  <member type="node" ref="9412086353" role="platform"/>
  <member type="node" ref="12905858489" role="stop"/>
  <member type="node" ref="9412086355" role="platform"/>
  <member type="node" ref="12905858487" role="stop"/>
  <member type="node" ref="9412086357" role="platform"/>
  <member type="node" ref="12905858486" role="stop"/>
  <member type="node" ref="9412086359" role="platform"/>
  <member type="node" ref="1349991438" role="stop"/>
  <member type="node" ref="9412086361" role="platform"/>
  <member type="node" ref="1349978390" role="stop"/>
  <member type="node" ref="9412086363" role="platform"/>
  <member type="node" ref="1694280261" role="stop"/>
  <member type="node" ref="9412086365" role="platform"/>
  <member type="node" ref="5271724147" role="stop"/>
  <member type="node" ref="9412086367" role="platform"/>
  <member type="node" ref="1349987969" role="stop"/>
  <member type="node" ref="9412086368" role="platform"/>
  <member type="node" ref="8754100322" role="stop"/>
  <member type="node" ref="9412086335" role="platform"/>
  <member type="node" ref="1349993957" role="stop"/>
  <member type="node" ref="9412086370" role="platform"/>
  <member type="node" ref="12905858485" role="stop"/>
  <member type="node" ref="9412086372" role="platform"/>
  <member type="node" ref="1349992109" role="stop"/>
  <member type="node" ref="9412086374" role="platform"/>
  <member type="node" ref="12905858484" role="stop"/>
  <member type="node" ref="9412086376" role="platform"/>
  <member type="node" ref="12905858483" role="stop"/>
  <member type="node" ref="9412086378" role="platform"/>
  <member type="node" ref="3510016039" role="stop"/>
  <member type="node" ref="9412086248" role="platform"/>
  <member type="node" ref="928307865" role="stop"/>
  <member type="node" ref="9412086380" role="platform"/>
  <member type="node" ref="12905858478" role="stop"/>
  <member type="node" ref="9412086382" role="platform"/>
  <member type="way" ref="1036697531" role=""/>
  <member type="way" ref="1163757161" role=""/>
  <member type="way" ref="1036697528" role=""/>
  <member type="way" ref="1036697526" role=""/>
  <member type="way" ref="119878523" role=""/>
  <member type="way" ref="517552886" role=""/>
  <member type="way" ref="119878656" role=""/>
  <member type="way" ref="1036697525" role=""/>
  <member type="way" ref="1036697534" role=""/>
  <member type="way" ref="1036697533" role=""/>
  <member type="way" ref="1036697512" role=""/>
  <member type="way" ref="1036697534" role=""/>
  <member type="way" ref="1036697525" role=""/>
  <member type="way" ref="119878656" role=""/>
  <member type="way" ref="1036697524" role=""/>
  <member type="way" ref="119879071" role=""/>
  <member type="way" ref="119887610" role=""/>
  <member type="way" ref="119888155" role=""/>
  <member type="way" ref="119879116" role=""/>
  <member type="way" ref="119879037" role=""/>
  <member type="way" ref="119885215" role=""/>
  <member type="way" ref="1161949597" role=""/>
  <member type="way" ref="119886759" role=""/>
  <member type="way" ref="119887879" role=""/>
  <member type="way" ref="119885734" role=""/>
  <member type="way" ref="119885590" role=""/>
  <member type="way" ref="119887887" role=""/>
  <member type="way" ref="119888300" role=""/>
  <member type="way" ref="119885704" role=""/>
  <member type="way" ref="119885762" role=""/>
  <member type="way" ref="119887444" role=""/>
  <member type="way" ref="119885764" role=""/>
  <member type="way" ref="119885750" role=""/>
  <member type="way" ref="119875257" role=""/>
  <member type="way" ref="119875281" role=""/>
  <member type="way" ref="119875438" role=""/>
  <member type="way" ref="119876142" role=""/>
  <member type="way" ref="119875716" role=""/>
  <member type="way" ref="120388743" role=""/>
  <member type="way" ref="120388792" role=""/>
  <member type="way" ref="120388521" role=""/>
  <member type="way" ref="120387602" role=""/>
  <member type="way" ref="120387163" role=""/>
  <member type="way" ref="120387921" role=""/>
  <member type="way" ref="120387996" role=""/>
  <member type="way" ref="709552913" role=""/>
  <member type="way" ref="120388144" role=""/>
  <member type="way" ref="425432195" role=""/>
  <member type="way" ref="425432196" role=""/>
  <member type="way" ref="120388598" role=""/>
  <member type="way" ref="120389202" role=""/>
  <member type="way" ref="120387725" role=""/>
  <member type="way" ref="223295974" role=""/>
  <member type="way" ref="120389227" role=""/>
  <member type="way" ref="120387221" role=""/>
  <member type="way" ref="120387054" role=""/>
  <member type="way" ref="120387198" role=""/>
  <member type="way" ref="120387943" role=""/>
  <member type="way" ref="1394161505" role=""/>
  <member type="way" ref="1036697518" role=""/>
  <member type="way" ref="1036697520" role=""/>
  <member type="way" ref="545450104" role=""/>
  <member type="way" ref="1394161505" role=""/>
  <member type="way" ref="120387104" role=""/>
  <member type="way" ref="120389235" role=""/>
  <member type="way" ref="1036697522" role=""/>
  <member type="way" ref="945602190" role=""/>
  <member type="way" ref="945602188" role=""/>
  <member type="way" ref="1036697522" role=""/>
  <member type="way" ref="120387433" role=""/>
  <member type="way" ref="120389045" role=""/>
  <member type="way" ref="120483110" role=""/>
  <member type="way" ref="120482984" role=""/>
  <member type="way" ref="120485756" role=""/>
  <member type="way" ref="1036697517" role=""/>
  <member type="way" ref="344262388" role=""/>
  <member type="way" ref="344262386" role=""/>
  <member type="way" ref="1394161503" role=""/>
  <member type="way" ref="1394161502" role=""/>
  <member type="way" ref="1036697515" role=""/>
  <member type="way" ref="1036697517" role=""/>
  <member type="way" ref="344262387" role=""/>
  <member type="way" ref="561527716" role=""/>
  <member type="way" ref="561527721" role=""/>
  <member type="way" ref="120483470" role=""/>
  <member type="way" ref="1394161508" role=""/>
  <member type="way" ref="1394161506" role=""/>
  <member type="way" ref="1394161509" role=""/>
  <tag k="duration" v="01:06:00"/>
  <tag k="from" v="山口駅"/>
  <tag k="from:ja-Latn" v="Yamaguchieki"/>
  <tag k="gtfs:route_id" v="2196404353"/>
  <tag k="gtfs:shape_id" v="40000809"/>
  <tag k="name" v="秋吉線 (山口駅 =&gt; 美東病院 =&gt; 秋吉)"/>
  <tag k="name:ja-Latn" v="Akiyoshi-sen (Yamaguchieki =&gt; Mito-byoin =&gt; Akiyoshi)"/>
  <tag k="network" v="秋吉線"/>
  <tag k="opening_hours" v="Mo-Fr 08:30-14:06"/>
  <tag k="operator" v="中国ジェイアールバス"/>
  <tag k="operator:en" v="Chugoku JR Bus"/>
  <tag k="public_transport:version" v="2"/>
  <tag k="route" v="bus"/>
  <tag k="to" v="秋吉"/>
  <tag k="to:ja-Latn" v="Akiyoshi"/>
  <tag k="type" v="route"/>
  <tag k="via" v="美東病院"/>
  <tag k="via:ja-Latn" v="Mito-byoin"/>
 </relation>
 <relation id="13884352" visible="true" version="2" changeset="167486642" timestamp="2025-06-11T11:22:27Z" user="AlexM51" uid="174705">
  <member type="relation" ref="13884347" role=""/>
  <member type="relation" ref="13884351" role=""/>
  <member type="relation" ref="13884350" role=""/>
  <member type="relation" ref="13884349" role=""/>
  <tag k="name" v="秋吉線 (山口駅 &lt;=&gt; 秋吉)"/>
  <tag k="name:ja-Latn" v="Akiyoshi-sen (Yamaguchieki &lt;=&gt; Akiyoshi)"/>
  <tag k="network" v="秋吉線"/>
  <tag k="operator" v="中国ジェイアールバス"/>
  <tag k="operator:en" v="Chugoku JR Bus"/>
  <tag k="route_master" v="bus"/>
  <tag k="type" v="route_master"/>
 </relation>
 <relation id="13884431" visible="true" version="10" changeset="171993143" timestamp="2025-09-16T04:32:12Z" user="taketaketake" uid="4757277">
  <member type="node" ref="9412086504" role="platform"/>
  <member type="node" ref="9412086506" role="platform"/>
  <member type="node" ref="9412086508" role="platform"/>
  <member type="node" ref="9412086510" role="platform"/>
  <member type="node" ref="9412086491" role="platform"/>
  <member type="node" ref="9412086520" role="platform"/>
  <member type="node" ref="9412086519" role="platform"/>
  <member type="node" ref="9412086516" role="platform"/>
  <member type="node" ref="9412086518" role="platform"/>
  <member type="node" ref="9412086521" role="platform"/>
  <member type="node" ref="9412086522" role="platform"/>
  <member type="node" ref="9412086524" role="platform"/>
  <member type="node" ref="9412086476" role="platform"/>
  <member type="node" ref="9412086474" role="platform"/>
  <member type="node" ref="9412086472" role="platform"/>
  <member type="node" ref="9412086470" role="platform"/>
  <member type="node" ref="9412086468" role="platform"/>
  <member type="node" ref="9412086466" role="platform"/>
  <member type="node" ref="9412086464" role="platform"/>
  <member type="node" ref="9412086462" role="platform"/>
  <member type="node" ref="9412086460" role="platform"/>
  <member type="node" ref="9412086487" role="platform"/>
  <member type="node" ref="9412086485" role="platform"/>
  <member type="node" ref="10653428528" role="platform"/>
  <member type="node" ref="9412086458" role="platform"/>
  <member type="node" ref="9412086456" role="platform"/>
  <member type="node" ref="9412086454" role="platform"/>
  <member type="node" ref="9412086453" role="platform"/>
  <member type="node" ref="9412086451" role="platform"/>
  <member type="node" ref="9412086449" role="platform"/>
  <member type="node" ref="9412086447" role="platform"/>
  <member type="node" ref="9412086445" role="platform"/>
  <member type="node" ref="9412086443" role="platform"/>
  <member type="node" ref="9412086441" role="platform"/>
  <member type="node" ref="9412086483" role="platform"/>
  <member type="node" ref="9412086334" role="platform"/>
  <member type="node" ref="9412086439" role="platform"/>
  <member type="node" ref="9412086437" role="platform"/>
  <member type="node" ref="9412086435" role="platform"/>
  <member type="node" ref="9412086433" role="platform"/>
  <member type="node" ref="9412086431" role="platform"/>
  <member type="node" ref="9412086429" role="platform"/>
  <member type="node" ref="9412086427" role="platform"/>
  <member type="node" ref="9412086425" role="platform"/>
  <member type="node" ref="9412086423" role="platform"/>
  <member type="node" ref="9412086421" role="platform"/>
  <member type="node" ref="9412086419" role="platform"/>
  <member type="node" ref="9412086417" role="platform"/>
  <member type="node" ref="9412086415" role="platform"/>
  <member type="node" ref="9412086481" role="platform"/>
  <member type="node" ref="9412086413" role="platform"/>
  <member type="node" ref="9412086411" role="platform"/>
  <member type="node" ref="9412086409" role="platform"/>
  <member type="node" ref="9412086407" role="platform"/>
  <member type="node" ref="9412086405" role="platform"/>
  <member type="node" ref="9412086403" role="platform"/>
  <member type="node" ref="9412086401" role="platform"/>
  <member type="node" ref="9412086400" role="platform"/>
  <member type="node" ref="9412086398" role="platform"/>
  <member type="node" ref="9412086343" role="platform"/>
  <member type="node" ref="9412086479" role="platform"/>
  <member type="node" ref="9412086478" role="platform"/>
  <member type="way" ref="119885215" role=""/>
  <member type="way" ref="119879037" role=""/>
  <member type="way" ref="1036697523" role=""/>
  <member type="way" ref="119878523" role=""/>
  <member type="way" ref="1036697526" role=""/>
  <member type="way" ref="1036697532" role=""/>
  <member type="way" ref="1394161504" role=""/>
  <member type="way" ref="1036697531" role=""/>
  <member type="way" ref="1163757161" role=""/>
  <member type="way" ref="1036697528" role=""/>
  <member type="way" ref="1036697526" role=""/>
  <member type="way" ref="119878523" role=""/>
  <member type="way" ref="517552886" role=""/>
  <member type="way" ref="119878656" role=""/>
  <member type="way" ref="1036697525" role=""/>
  <member type="way" ref="1036697534" role=""/>
  <member type="way" ref="1036697533" role=""/>
  <member type="way" ref="1036697512" role=""/>
  <member type="way" ref="1036697534" role=""/>
  <member type="way" ref="1036697525" role=""/>
  <member type="way" ref="119878656" role=""/>
  <member type="way" ref="1036709693" role=""/>
  <member type="way" ref="1036709692" role=""/>
  <member type="way" ref="119879154" role=""/>
  <member type="way" ref="119879065" role=""/>
  <member type="way" ref="310175728" role=""/>
  <member type="way" ref="310175725" role=""/>
  <member type="way" ref="119878743" role=""/>
  <member type="way" ref="119878597" role=""/>
  <member type="way" ref="119879213" role=""/>
  <member type="way" ref="119879204" role=""/>
  <member type="way" ref="119878605" role=""/>
  <member type="way" ref="1036709691" role=""/>
  <member type="way" ref="119878779" role=""/>
  <member type="way" ref="119878679" role=""/>
  <member type="way" ref="119879109" role=""/>
  <member type="way" ref="119878957" role=""/>
  <member type="way" ref="119878571" role=""/>
  <member type="way" ref="119878796" role=""/>
  <member type="way" ref="119878467" role=""/>
  <member type="way" ref="68875222" role=""/>
  <member type="way" ref="68875217" role=""/>
  <member type="way" ref="68875218" role=""/>
  <member type="way" ref="42403306" role=""/>
  <member type="way" ref="544509184" role=""/>
  <member type="way" ref="544509185" role=""/>
  <member type="way" ref="42476346" role=""/>
  <member type="way" ref="42476343" role=""/>
  <member type="way" ref="42476344" role=""/>
  <member type="way" ref="42476342" role=""/>
  <member type="way" ref="544509186" role=""/>
  <member type="way" ref="544509187" role=""/>
  <member type="way" ref="544509188" role=""/>
  <member type="way" ref="544509189" role=""/>
  <member type="way" ref="42476341" role=""/>
  <member type="way" ref="42476352" role=""/>
  <member type="way" ref="42476351" role=""/>
  <member type="way" ref="119875332" role=""/>
  <member type="way" ref="119875295" role=""/>
  <member type="way" ref="710482454" role=""/>
  <member type="way" ref="544509193" role=""/>
  <member type="way" ref="1036709687" role=""/>
  <member type="way" ref="544509195" role=""/>
  <member type="way" ref="544509194" role=""/>
  <member type="way" ref="114040847" role=""/>
  <member type="way" ref="114040970" role=""/>
  <member type="way" ref="1036709670" role=""/>
  <member type="way" ref="434742622" role=""/>
  <member type="way" ref="1036709668" role=""/>
  <member type="way" ref="1036709669" role=""/>
  <member type="way" ref="704734761" role=""/>
  <member type="way" ref="114040299" role=""/>
  <member type="way" ref="114041125" role=""/>
  <member type="way" ref="114040449" role=""/>
  <member type="way" ref="114041267" role=""/>
  <member type="way" ref="114041034" role=""/>
  <member type="way" ref="42476347" role=""/>
  <member type="way" ref="413732108" role=""/>
  <member type="way" ref="413732109" role=""/>
  <member type="way" ref="42476368" role=""/>
  <member type="way" ref="42476369" role=""/>
  <member type="way" ref="568591089" role=""/>
  <member type="way" ref="710477714" role=""/>
  <member type="way" ref="710477713" role=""/>
  <member type="way" ref="544735763" role=""/>
  <member type="way" ref="544735764" role=""/>
  <member type="way" ref="544735765" role=""/>
  <member type="way" ref="42476366" role=""/>
  <member type="way" ref="568591123" role=""/>
  <member type="way" ref="544735768" role=""/>
  <member type="way" ref="544735767" role=""/>
  <member type="way" ref="544735758" role=""/>
  <member type="way" ref="710459517" role=""/>
  <member type="way" ref="114040401" role=""/>
  <member type="way" ref="114041191" role=""/>
  <member type="way" ref="702008675" role=""/>
  <member type="way" ref="114040351" role=""/>
  <member type="way" ref="544735762" role=""/>
  <member type="way" ref="114056460" role=""/>
  <member type="way" ref="114057397" role=""/>
  <member type="way" ref="114056321" role=""/>
  <member type="way" ref="114057881" role=""/>
  <member type="way" ref="114057811" role=""/>
  <member type="way" ref="114056744" role=""/>
  <member type="way" ref="114057169" role=""/>
  <member type="way" ref="114056169" role=""/>
  <member type="way" ref="1430138808" role=""/>
  <member type="way" ref="114055935" role=""/>
  <member type="way" ref="114058420" role=""/>
  <member type="way" ref="79534125" role=""/>
  <member type="way" ref="1036709684" role=""/>
  <member type="way" ref="316339820" role=""/>
  <member type="way" ref="316339812" role=""/>
  <member type="way" ref="316339817" role=""/>
  <member type="way" ref="114056144" role=""/>
  <member type="way" ref="1036709680" role=""/>
  <member type="way" ref="114058392" role=""/>
  <member type="way" ref="1036709679" role=""/>
  <member type="way" ref="421310968" role=""/>
  <member type="way" ref="1430138807" role=""/>
  <member type="way" ref="114055661" role=""/>
  <member type="way" ref="114058659" role=""/>
  <member type="way" ref="114058518" role=""/>
  <member type="way" ref="402834033" role=""/>
  <member type="way" ref="114056495" role=""/>
  <member type="way" ref="604148052" role=""/>
  <member type="way" ref="1036709675" role=""/>
  <member type="way" ref="1036709674" role=""/>
  <member type="way" ref="1036709676" role=""/>
  <member type="way" ref="1036709675" role=""/>
  <member type="way" ref="604148052" role=""/>
  <member type="way" ref="604148053" role=""/>
  <member type="way" ref="402834035" role=""/>
  <member type="way" ref="114056368" role=""/>
  <member type="way" ref="114058206" role=""/>
  <member type="way" ref="114056326" role=""/>
  <member type="way" ref="114056166" role=""/>
  <member type="way" ref="79534148" role=""/>
  <member type="way" ref="316339802" role=""/>
  <member type="way" ref="316339803" role=""/>
  <member type="way" ref="316339838" role=""/>
  <member type="way" ref="1036709673" role=""/>
  <member type="way" ref="114056730" role=""/>
  <member type="way" ref="1036709672" role=""/>
  <tag k="duration" v="01:40:00"/>
  <tag k="from" v="湯田温泉"/>
  <tag k="gtfs:route_id" v="2229846746"/>
  <tag k="gtfs:shape_id" v="40001280"/>
  <tag k="name" v="Bus: 湯田温泉→東萩駅前"/>
  <tag k="network" v="防長線"/>
  <tag k="opening_hours" v="09:20-11:00"/>
  <tag k="operator" v="中国ジェイアールバス"/>
  <tag k="operator:en" v="Chugoku JR Bus"/>
  <tag k="public_transport:version" v="2"/>
  <tag k="route" v="bus"/>
  <tag k="to" v="東萩駅前"/>
  <tag k="type" v="route"/>
 </relation>
 <relation id="13884432" visible="true" version="11" changeset="171993143" timestamp="2025-09-16T04:32:12Z" user="taketaketake" uid="4757277">
  <member type="node" ref="9412086478" role="platform"/>
  <member type="node" ref="9412086480" role="platform"/>
  <member type="node" ref="9412086343" role="platform"/>
  <member type="node" ref="9412086399" role="platform"/>
  <member type="node" ref="9412086400" role="platform"/>
  <member type="node" ref="9412086402" role="platform"/>
  <member type="node" ref="9412086404" role="platform"/>
  <member type="node" ref="9412086406" role="platform"/>
  <member type="node" ref="9412086408" role="platform"/>
  <member type="node" ref="9412086410" role="platform"/>
  <member type="node" ref="9412086412" role="platform"/>
  <member type="node" ref="9412086414" role="platform"/>
  <member type="node" ref="9412086482" role="platform"/>
  <member type="node" ref="9412086416" role="platform"/>
  <member type="node" ref="9412086418" role="platform"/>
  <member type="node" ref="9412086420" role="platform"/>
  <member type="node" ref="9412086422" role="platform"/>
  <member type="node" ref="9412086424" role="platform"/>
  <member type="node" ref="9412086426" role="platform"/>
  <member type="node" ref="9412086428" role="platform"/>
  <member type="node" ref="9412086430" role="platform"/>
  <member type="node" ref="9412086432" role="platform"/>
  <member type="node" ref="9412086434" role="platform"/>
  <member type="node" ref="9412086436" role="platform"/>
  <member type="node" ref="9412086438" role="platform"/>
  <member type="node" ref="9412086440" role="platform"/>
  <member type="node" ref="9412086334" role="platform"/>
  <member type="node" ref="9412086484" role="platform"/>
  <member type="node" ref="9412086442" role="platform"/>
  <member type="node" ref="9412086444" role="platform"/>
  <member type="node" ref="9412086446" role="platform"/>
  <member type="node" ref="9412086448" role="platform"/>
  <member type="node" ref="9412086450" role="platform"/>
  <member type="node" ref="9412086452" role="platform"/>
  <member type="node" ref="10653908309" role="platform"/>
  <member type="node" ref="9412086455" role="platform"/>
  <member type="node" ref="9412086457" role="platform"/>
  <member type="node" ref="9412086459" role="platform"/>
  <member type="node" ref="10653428529" role="platform"/>
  <member type="node" ref="9412086486" role="platform"/>
  <member type="node" ref="9412086488" role="platform"/>
  <member type="node" ref="9412086461" role="platform"/>
  <member type="node" ref="9412086463" role="platform"/>
  <member type="node" ref="9412086465" role="platform"/>
  <member type="node" ref="9412086467" role="platform"/>
  <member type="node" ref="9412086469" role="platform"/>
  <member type="node" ref="9412086471" role="platform"/>
  <member type="node" ref="9412086473" role="platform"/>
  <member type="node" ref="9412086475" role="platform"/>
  <member type="node" ref="9412086477" role="platform"/>
  <member type="node" ref="9412086525" role="platform"/>
  <member type="node" ref="9412086523" role="platform"/>
  <member type="node" ref="9412086520" role="platform"/>
  <member type="node" ref="9412086519" role="platform"/>
  <member type="node" ref="9412086517" role="platform"/>
  <member type="node" ref="9412086518" role="platform"/>
  <member type="node" ref="9412086521" role="platform"/>
  <member type="node" ref="9412086511" role="platform"/>
  <member type="node" ref="9412086509" role="platform"/>
  <member type="node" ref="9412086507" role="platform"/>
  <member type="node" ref="9412086505" role="platform"/>
  <member type="node" ref="9412086345" role="platform"/>
  <member type="way" ref="1036709672" role=""/>
  <member type="way" ref="1036709671" role=""/>
  <member type="way" ref="1036709673" role=""/>
  <member type="way" ref="316339838" role=""/>
  <member type="way" ref="316339803" role=""/>
  <member type="way" ref="316339802" role=""/>
  <member type="way" ref="79534148" role=""/>
  <member type="way" ref="114056166" role=""/>
  <member type="way" ref="114056326" role=""/>
  <member type="way" ref="114058206" role=""/>
  <member type="way" ref="1036709666" role=""/>
  <member type="way" ref="114055946" role=""/>
  <member type="way" ref="114058274" role=""/>
  <member type="way" ref="402834035" role=""/>
  <member type="way" ref="402834033" role=""/>
  <member type="way" ref="114056495" role=""/>
  <member type="way" ref="604148052" role=""/>
  <member type="way" ref="1036709675" role=""/>
  <member type="way" ref="1036709674" role=""/>
  <member type="way" ref="1036709676" role=""/>
  <member type="way" ref="1036709675" role=""/>
  <member type="way" ref="604148052" role=""/>
  <member type="way" ref="604148053" role=""/>
  <member type="way" ref="114058518" role=""/>
  <member type="way" ref="114058659" role=""/>
  <member type="way" ref="114055661" role=""/>
  <member type="way" ref="1430138807" role=""/>
  <member type="way" ref="421310968" role=""/>
  <member type="way" ref="1036709679" role=""/>
  <member type="way" ref="1036709678" role=""/>
  <member type="way" ref="1036709680" role=""/>
  <member type="way" ref="114058392" role=""/>
  <member type="way" ref="1036709678" role=""/>
  <member type="way" ref="114056144" role=""/>
  <member type="way" ref="1036709681" role=""/>
  <member type="way" ref="1036709682" role=""/>
  <member type="way" ref="114057391" role=""/>
  <member type="way" ref="114056724" role=""/>
  <member type="way" ref="79534125" role=""/>
  <member type="way" ref="114058420" role=""/>
  <member type="way" ref="114055935" role=""/>
  <member type="way" ref="1430138808" role=""/>
  <member type="way" ref="114056169" role=""/>
  <member type="way" ref="114057169" role=""/>
  <member type="way" ref="114056744" role=""/>
  <member type="way" ref="114057811" role=""/>
  <member type="way" ref="114057881" role=""/>
  <member type="way" ref="114056321" role=""/>
  <member type="way" ref="114057397" role=""/>
  <member type="way" ref="114056460" role=""/>
  <member type="way" ref="544735762" role=""/>
  <member type="way" ref="114040351" role=""/>
  <member type="way" ref="702008675" role=""/>
  <member type="way" ref="114041191" role=""/>
  <member type="way" ref="114040401" role=""/>
  <member type="way" ref="710459517" role=""/>
  <member type="way" ref="544735758" role=""/>
  <member type="way" ref="544735767" role=""/>
  <member type="way" ref="544735768" role=""/>
  <member type="way" ref="568591123" role=""/>
  <member type="way" ref="42476366" role=""/>
  <member type="way" ref="544735765" role=""/>
  <member type="way" ref="544735764" role=""/>
  <member type="way" ref="544735763" role=""/>
  <member type="way" ref="710477713" role=""/>
  <member type="way" ref="710477714" role=""/>
  <member type="way" ref="568591089" role=""/>
  <member type="way" ref="42476369" role=""/>
  <member type="way" ref="42476368" role=""/>
  <member type="way" ref="413732109" role=""/>
  <member type="way" ref="413732108" role=""/>
  <member type="way" ref="42476347" role=""/>
  <member type="way" ref="114041034" role=""/>
  <member type="way" ref="114041267" role=""/>
  <member type="way" ref="114040449" role=""/>
  <member type="way" ref="114041125" role=""/>
  <member type="way" ref="114040299" role=""/>
  <member type="way" ref="704734761" role=""/>
  <member type="way" ref="1036709669" role=""/>
  <member type="way" ref="1036709668" role=""/>
  <member type="way" ref="434742622" role=""/>
  <member type="way" ref="1036709670" role=""/>
  <member type="way" ref="114040970" role=""/>
  <member type="way" ref="114040847" role=""/>
  <member type="way" ref="544509194" role=""/>
  <member type="way" ref="544509195" role=""/>
  <member type="way" ref="544509191" role=""/>
  <member type="way" ref="1036709688" role=""/>
  <member type="way" ref="710482454" role=""/>
  <member type="way" ref="119875295" role=""/>
  <member type="way" ref="119875332" role=""/>
  <member type="way" ref="42476351" role=""/>
  <member type="way" ref="42476352" role=""/>
  <member type="way" ref="42476341" role=""/>
  <member type="way" ref="544509189" role=""/>
  <member type="way" ref="544509188" role=""/>
  <member type="way" ref="544509187" role=""/>
  <member type="way" ref="544509186" role=""/>
  <member type="way" ref="42476342" role=""/>
  <member type="way" ref="42476344" role=""/>
  <member type="way" ref="42476343" role=""/>
  <member type="way" ref="42476346" role=""/>
  <member type="way" ref="544509185" role=""/>
  <member type="way" ref="544509184" role=""/>
  <member type="way" ref="42403306" role=""/>
  <member type="way" ref="42403311" role=""/>
  <member type="way" ref="68875219" role=""/>
  <member type="way" ref="68875220" role=""/>
  <member type="way" ref="119878796" role=""/>
  <member type="way" ref="1036709690" role=""/>
  <member type="way" ref="119878679" role=""/>
  <member type="way" ref="119878779" role=""/>
  <member type="way" ref="1036709691" role=""/>
  <member type="way" ref="119878605" role=""/>
  <member type="way" ref="119879204" role=""/>
  <member type="way" ref="119879213" role=""/>
  <member type="way" ref="119878597" role=""/>
  <member type="way" ref="119878743" role=""/>
  <member type="way" ref="310175725" role=""/>
  <member type="way" ref="310175728" role=""/>
  <member type="way" ref="119879065" role=""/>
  <member type="way" ref="119879154" role=""/>
  <member type="way" ref="1036697536" role=""/>
  <member type="way" ref="119878656" role=""/>
  <member type="way" ref="1036697525" role=""/>
  <member type="way" ref="1036697534" role=""/>
  <member type="way" ref="1036697533" role=""/>
  <member type="way" ref="1036697512" role=""/>
  <member type="way" ref="1036697534" role=""/>
  <member type="way" ref="1036697525" role=""/>
  <member type="way" ref="119878656" role=""/>
  <member type="way" ref="119878549" role=""/>
  <member type="way" ref="119878523" role=""/>
  <member type="way" ref="1036697526" role=""/>
  <member type="way" ref="1036697532" role=""/>
  <member type="way" ref="1394161504" role=""/>
  <member type="way" ref="1036697531" role=""/>
  <member type="way" ref="1163757161" role=""/>
  <member type="way" ref="1036697528" role=""/>
  <member type="way" ref="1036697526" role=""/>
  <member type="way" ref="119878523" role=""/>
  <member type="way" ref="1036697523" role=""/>
  <member type="way" ref="119879037" role=""/>
  <member type="way" ref="119885215" role=""/>
  <tag k="duration" v="01:43:00"/>
  <tag k="from" v="東萩駅前"/>
  <tag k="gtfs:route_id" v="2229846746"/>
  <tag k="gtfs:shape_id" v="40001289"/>
  <tag k="name" v="Bus: 東萩駅前→湯田温泉通"/>
  <tag k="network" v="防長線"/>
  <tag k="opening_hours" v="06:15-16:13"/>
  <tag k="operator" v="中国ジェイアールバス"/>
  <tag k="operator:en" v="Chugoku JR Bus"/>
  <tag k="public_transport:version" v="2"/>
  <tag k="route" v="bus"/>
  <tag k="to" v="湯田温泉通"/>
  <tag k="type" v="route"/>
 </relation>
 <relation id="13884436" visible="true" version="2" changeset="134842526" timestamp="2023-04-13T03:15:44Z" user="okadatsuneo_import" uid="12352917">
  <member type="relation" ref="13884431" role=""/>
  <member type="relation" ref="13884432" role=""/>
  <tag k="name" v="Bus 湯田温泉&lt;-&gt;東萩駅前"/>
  <tag k="network" v="防長線"/>
  <tag k="operator" v="中国ジェイアールバス"/>
  <tag k="operator:en" v="Chugoku JR Bus"/>
  <tag k="route_master" v="bus"/>
  <tag k="type" v="route_master"/>
 </relation>
 <relation id="15742023" visible="true" version="16" changeset="172594622" timestamp="2025-09-29T06:10:24Z" user="taketaketake" uid="4757277">
  <member type="node" ref="9412086570" role="platform"/>
  <member type="node" ref="9412086568" role="platform"/>
  <member type="node" ref="9412086566" role="platform"/>
  <member type="node" ref="9412086564" role="platform"/>
  <member type="node" ref="9412086562" role="platform"/>
  <member type="node" ref="9412086560" role="platform"/>
  <member type="node" ref="9412086558" role="platform"/>
  <member type="node" ref="9412086556" role="platform"/>
  <member type="node" ref="9412086554" role="platform"/>
  <member type="node" ref="9412086552" role="platform"/>
  <member type="node" ref="9412086550" role="platform"/>
  <member type="node" ref="9412086548" role="platform"/>
  <member type="node" ref="9412086546" role="platform"/>
  <member type="node" ref="9412086544" role="platform"/>
  <member type="node" ref="9412086542" role="platform"/>
  <member type="node" ref="9412086540" role="platform"/>
  <member type="node" ref="9412086538" role="platform"/>
  <member type="node" ref="9412086536" role="platform"/>
  <member type="node" ref="9412086534" role="platform"/>
  <member type="node" ref="9412086346" role="platform"/>
  <member type="node" ref="9412086515" role="platform"/>
  <member type="node" ref="9412086532" role="platform"/>
  <member type="node" ref="9412086530" role="platform"/>
  <member type="node" ref="9412086513" role="platform"/>
  <member type="node" ref="9412086517" role="platform"/>
  <member type="node" ref="9412086518" role="platform"/>
  <member type="node" ref="9412086521" role="platform"/>
  <member type="node" ref="9412086522" role="platform"/>
  <member type="node" ref="9412086525" role="platform"/>
  <member type="node" ref="9412086527" role="platform"/>
  <member type="node" ref="9412086511" role="platform"/>
  <member type="node" ref="9412086509" role="platform"/>
  <member type="node" ref="9412086507" role="platform"/>
  <member type="node" ref="9412086505" role="platform"/>
  <member type="node" ref="9412086503" role="platform"/>
  <member type="node" ref="9412086396" role="platform"/>
  <member type="node" ref="9412086394" role="platform"/>
  <member type="node" ref="9412086392" role="platform"/>
  <member type="node" ref="9412086390" role="platform"/>
  <member type="node" ref="9412086388" role="platform"/>
  <member type="node" ref="9412086386" role="platform"/>
  <member type="node" ref="9412086384" role="platform"/>
  <member type="way" ref="357194915" role=""/>
  <member type="way" ref="357194913" role=""/>
  <member type="way" ref="957733672" role=""/>
  <member type="way" ref="77178773" role=""/>
  <member type="way" ref="361731290" role=""/>
  <member type="way" ref="1420856717" role=""/>
  <member type="way" ref="1122925019" role=""/>
  <member type="way" ref="361731281" role=""/>
  <member type="way" ref="361731282" role=""/>
  <member type="way" ref="361731280" role=""/>
  <member type="way" ref="119986970" role=""/>
  <member type="way" ref="710577835" role=""/>
  <member type="way" ref="1163757171" role=""/>
  <member type="way" ref="710577834" role=""/>
  <member type="way" ref="710577831" role=""/>
  <member type="way" ref="710577830" role=""/>
  <member type="way" ref="119885470" role=""/>
  <member type="way" ref="119886915" role=""/>
  <member type="way" ref="535381131" role=""/>
  <member type="way" ref="535381134" role=""/>
  <member type="way" ref="289348800" role=""/>
  <member type="way" ref="289348803" role=""/>
  <member type="way" ref="289348808" role=""/>
  <member type="way" ref="289348798" role=""/>
  <member type="way" ref="289348809" role=""/>
  <member type="way" ref="1315033214" role=""/>
  <member type="way" ref="289348802" role=""/>
  <member type="way" ref="1420101860" role=""/>
  <member type="way" ref="289348826" role=""/>
  <member type="way" ref="119887013" role=""/>
  <member type="way" ref="552482886" role=""/>
  <member type="way" ref="546317412" role=""/>
  <member type="way" ref="119885290" role=""/>
  <member type="way" ref="119887419" role=""/>
  <member type="way" ref="1163757165" role=""/>
  <member type="way" ref="1163757164" role=""/>
  <member type="way" ref="119887419" role=""/>
  <member type="way" ref="119887566" role=""/>
  <member type="way" ref="119886474" role=""/>
  <member type="way" ref="119888061" role=""/>
  <member type="way" ref="119886880" role=""/>
  <member type="way" ref="119885817" role=""/>
  <member type="way" ref="957726378" role=""/>
  <member type="way" ref="119879058" role=""/>
  <member type="way" ref="1036697530" role=""/>
  <member type="way" ref="1036697526" role=""/>
  <member type="way" ref="1036697532" role=""/>
  <member type="way" ref="1394161504" role=""/>
  <member type="way" ref="1036697531" role=""/>
  <member type="way" ref="1163757161" role=""/>
  <member type="way" ref="1036697528" role=""/>
  <member type="way" ref="1036697526" role=""/>
  <member type="way" ref="119878523" role=""/>
  <member type="way" ref="517552886" role=""/>
  <member type="way" ref="119878656" role=""/>
  <member type="way" ref="1036697525" role=""/>
  <member type="way" ref="1036697534" role=""/>
  <member type="way" ref="1036697533" role=""/>
  <member type="way" ref="1036697512" role=""/>
  <member type="way" ref="1036697534" role=""/>
  <member type="way" ref="1036697525" role=""/>
  <member type="way" ref="119878656" role=""/>
  <member type="way" ref="1036697524" role=""/>
  <member type="way" ref="119879071" role=""/>
  <member type="way" ref="119887610" role=""/>
  <member type="way" ref="119888155" role=""/>
  <member type="way" ref="119879116" role=""/>
  <member type="way" ref="119879037" role=""/>
  <member type="way" ref="119885215" role=""/>
  <member type="way" ref="1161949597" role=""/>
  <member type="way" ref="119886759" role=""/>
  <member type="way" ref="119887879" role=""/>
  <member type="way" ref="119885734" role=""/>
  <member type="way" ref="119885590" role=""/>
  <member type="way" ref="119887887" role=""/>
  <member type="way" ref="119888300" role=""/>
  <member type="way" ref="119885704" role=""/>
  <member type="way" ref="119885762" role=""/>
  <member type="way" ref="119887444" role=""/>
  <member type="way" ref="119885764" role=""/>
  <member type="way" ref="119885750" role=""/>
  <member type="way" ref="119875257" role=""/>
  <tag k="duration" v="01:09:00"/>
  <tag k="from" v="防府駅前"/>
  <tag k="gtfs:route_id" v="2229846746"/>
  <tag k="gtfs:shape_id" v="40000770"/>
  <tag k="name" v="Bus: 防府駅前→ゆめタウン山口→山口県庁前→中尾口"/>
  <tag k="network" v="防長線"/>
  <tag k="opening_hours" v="Mo-Fr 08:25-15:21; Sa-Su 08:25-15:23"/>
  <tag k="operator" v="中国ジェイアールバス"/>
  <tag k="operator:en" v="Chugoku JR Bus"/>
  <tag k="public_transport:version" v="2"/>
  <tag k="route" v="bus"/>
  <tag k="to" v="中尾口"/>
  <tag k="type" v="route"/>
  <tag k="via" v="ゆめタウン山口;山口県庁前"/>
 </relation>
 <relation id="15742024" visible="true" version="16" changeset="178047391" timestamp="2026-02-03T12:01:21Z" user="setowalker" uid="21720421">
  <member type="node" ref="9412086385" role="platform"/>
  <member type="node" ref="9412086387" role="platform"/>
  <member type="node" ref="9412086389" role="platform"/>
  <member type="node" ref="9412086391" role="platform"/>
  <member type="node" ref="9412086393" role="platform"/>
  <member type="node" ref="9412086395" role="platform"/>
  <member type="node" ref="9412086397" role="platform"/>
  <member type="node" ref="9412086502" role="platform"/>
  <member type="node" ref="9412086504" role="platform"/>
  <member type="node" ref="9412086506" role="platform"/>
  <member type="node" ref="9412086508" role="platform"/>
  <member type="node" ref="9412086510" role="platform"/>
  <member type="node" ref="9412086512" role="platform"/>
  <member type="node" ref="9412086528" role="platform"/>
  <member type="node" ref="9412086526" role="platform"/>
  <member type="node" ref="9412086523" role="platform"/>
  <member type="node" ref="9412086520" role="platform"/>
  <member type="node" ref="9412086519" role="platform"/>
  <member type="node" ref="9412086516" role="platform"/>
  <member type="node" ref="9412086514" role="platform"/>
  <member type="node" ref="9412086531" role="platform"/>
  <member type="node" ref="9412086533" role="platform"/>
  <member type="node" ref="9412086515" role="platform"/>
  <member type="node" ref="9412086535" role="platform"/>
  <member type="node" ref="9412086537" role="platform"/>
  <member type="node" ref="9412086539" role="platform"/>
  <member type="node" ref="9412086541" role="platform"/>
  <member type="node" ref="9412086543" role="platform"/>
  <member type="node" ref="9412086545" role="platform"/>
  <member type="node" ref="9412086547" role="platform"/>
  <member type="node" ref="9412086549" role="platform"/>
  <member type="node" ref="9412086551" role="platform"/>
  <member type="node" ref="9412086553" role="platform"/>
  <member type="node" ref="9412086555" role="platform"/>
  <member type="node" ref="9412086557" role="platform"/>
  <member type="node" ref="9412086559" role="platform"/>
  <member type="node" ref="9412086561" role="platform"/>
  <member type="node" ref="9412086563" role="platform"/>
  <member type="node" ref="9412086565" role="platform"/>
  <member type="node" ref="9412086567" role="platform"/>
  <member type="node" ref="9412086569" role="platform"/>
  <member type="node" ref="9412086571" role="platform"/>
  <member type="way" ref="119875257" role=""/>
  <member type="way" ref="119885750" role=""/>
  <member type="way" ref="119885764" role=""/>
  <member type="way" ref="119887444" role=""/>
  <member type="way" ref="119885762" role=""/>
  <member type="way" ref="119885704" role=""/>
  <member type="way" ref="119888300" role=""/>
  <member type="way" ref="119887887" role=""/>
  <member type="way" ref="119885590" role=""/>
  <member type="way" ref="119885734" role=""/>
  <member type="way" ref="119887879" role=""/>
  <member type="way" ref="119886759" role=""/>
  <member type="way" ref="1161949597" role=""/>
  <member type="way" ref="119885215" role=""/>
  <member type="way" ref="119879037" role=""/>
  <member type="way" ref="119879116" role=""/>
  <member type="way" ref="119888155" role=""/>
  <member type="way" ref="119887610" role=""/>
  <member type="way" ref="119879071" role=""/>
  <member type="way" ref="1036697511" role=""/>
  <member type="way" ref="1036697510" role=""/>
  <member type="way" ref="1036697514" role=""/>
  <member type="way" ref="1036697512" role=""/>
  <member type="way" ref="1036697534" role=""/>
  <member type="way" ref="1036697525" role=""/>
  <member type="way" ref="119878656" role=""/>
  <member type="way" ref="119878549" role=""/>
  <member type="way" ref="119878523" role=""/>
  <member type="way" ref="1036697526" role=""/>
  <member type="way" ref="1036697532" role=""/>
  <member type="way" ref="1394161504" role=""/>
  <member type="way" ref="1036697531" role=""/>
  <member type="way" ref="1036697527" role=""/>
  <member type="way" ref="119879058" role=""/>
  <member type="way" ref="957726378" role=""/>
  <member type="way" ref="119885817" role=""/>
  <member type="way" ref="119886880" role=""/>
  <member type="way" ref="119888061" role=""/>
  <member type="way" ref="119886474" role=""/>
  <member type="way" ref="119887566" role=""/>
  <member type="way" ref="119887419" role=""/>
  <member type="way" ref="1163757165" role=""/>
  <member type="way" ref="1163757164" role=""/>
  <member type="way" ref="119887419" role=""/>
  <member type="way" ref="119885290" role=""/>
  <member type="way" ref="546317412" role=""/>
  <member type="way" ref="407829907" role=""/>
  <member type="way" ref="1473855298" role=""/>
  <member type="way" ref="1473855299" role=""/>
  <member type="way" ref="139849495" role=""/>
  <member type="way" ref="1420101861" role=""/>
  <member type="way" ref="1315033215" role=""/>
  <member type="way" ref="289348758" role=""/>
  <member type="way" ref="289348773" role=""/>
  <member type="way" ref="289348780" role=""/>
  <member type="way" ref="289348769" role=""/>
  <member type="way" ref="289348772" role=""/>
  <member type="way" ref="535381133" role=""/>
  <member type="way" ref="535381132" role=""/>
  <member type="way" ref="289348757" role=""/>
  <member type="way" ref="42403292" role=""/>
  <member type="way" ref="289348828" role=""/>
  <member type="way" ref="710577832" role=""/>
  <member type="way" ref="710577833" role=""/>
  <member type="way" ref="1163757160" role=""/>
  <member type="way" ref="710577836" role=""/>
  <member type="way" ref="552730769" role=""/>
  <member type="way" ref="552730766" role=""/>
  <member type="way" ref="1315019735" role=""/>
  <member type="way" ref="361731287" role=""/>
  <member type="way" ref="1420856718" role=""/>
  <member type="way" ref="361731290" role=""/>
  <member type="way" ref="77178773" role=""/>
  <member type="way" ref="957733672" role=""/>
  <member type="way" ref="646777796" role=""/>
  <tag k="duration" v="01:15:00"/>
  <tag k="from" v="中尾口"/>
  <tag k="gtfs:route_id" v="2229846746"/>
  <tag k="gtfs:shape_id" v="40000779"/>
  <tag k="name" v="Bus: 中尾口→山口県庁前→ゆめタウン山口→防府駅"/>
  <tag k="network" v="防長線"/>
  <tag k="opening_hours" v="Mo-Fr 08:35-16:45; Sa-Su 09:30-16:45"/>
  <tag k="operator" v="中国ジェイアールバス"/>
  <tag k="operator:en" v="Chugoku JR Bus"/>
  <tag k="public_transport:version" v="2"/>
  <tag k="route" v="bus"/>
  <tag k="to" v="防府駅"/>
  <tag k="type" v="route"/>
  <tag k="via" v="山口県庁前;ゆめタウン山口"/>
 </relation>
 <relation id="15742025" visible="true" version="16" changeset="172594622" timestamp="2025-09-29T06:10:24Z" user="taketaketake" uid="4757277">
  <member type="node" ref="9412086570" role="platform"/>
  <member type="node" ref="9412086568" role="platform"/>
  <member type="node" ref="9412086566" role="platform"/>
  <member type="node" ref="9412086564" role="platform"/>
  <member type="node" ref="9412086562" role="platform"/>
  <member type="node" ref="9412086560" role="platform"/>
  <member type="node" ref="9412086558" role="platform"/>
  <member type="node" ref="9412086556" role="platform"/>
  <member type="node" ref="9412086554" role="platform"/>
  <member type="node" ref="9412086552" role="platform"/>
  <member type="node" ref="9412086550" role="platform"/>
  <member type="node" ref="9412086548" role="platform"/>
  <member type="node" ref="9412086546" role="platform"/>
  <member type="node" ref="9412086544" role="platform"/>
  <member type="node" ref="9412086542" role="platform"/>
  <member type="node" ref="9412086540" role="platform"/>
  <member type="node" ref="9412086538" role="platform"/>
  <member type="node" ref="9412086536" role="platform"/>
  <member type="node" ref="9412086534" role="platform"/>
  <member type="node" ref="9412086346" role="platform"/>
  <member type="node" ref="9412086532" role="platform"/>
  <member type="node" ref="9412086530" role="platform"/>
  <member type="node" ref="9412086513" role="platform"/>
  <member type="node" ref="9412086517" role="platform"/>
  <member type="node" ref="9412086518" role="platform"/>
  <member type="node" ref="9412086521" role="platform"/>
  <member type="node" ref="9412086522" role="platform"/>
  <member type="node" ref="9412086525" role="platform"/>
  <member type="node" ref="9412086527" role="platform"/>
  <member type="node" ref="9412086511" role="platform"/>
  <member type="node" ref="9412086509" role="platform"/>
  <member type="node" ref="9412086507" role="platform"/>
  <member type="node" ref="9412086505" role="platform"/>
  <member type="node" ref="9412086503" role="platform"/>
  <member type="node" ref="9412086396" role="platform"/>
  <member type="node" ref="9412086394" role="platform"/>
  <member type="node" ref="9412086392" role="platform"/>
  <member type="node" ref="9412086390" role="platform"/>
  <member type="node" ref="9412086388" role="platform"/>
  <member type="node" ref="9412086386" role="platform"/>
  <member type="node" ref="9412086384" role="platform"/>
  <member type="way" ref="357194915" role=""/>
  <member type="way" ref="357194913" role=""/>
  <member type="way" ref="957733672" role=""/>
  <member type="way" ref="77178773" role=""/>
  <member type="way" ref="361731290" role=""/>
  <member type="way" ref="1420856717" role=""/>
  <member type="way" ref="1122925019" role=""/>
  <member type="way" ref="361731281" role=""/>
  <member type="way" ref="361731282" role=""/>
  <member type="way" ref="361731280" role=""/>
  <member type="way" ref="119986970" role=""/>
  <member type="way" ref="710577835" role=""/>
  <member type="way" ref="1163757171" role=""/>
  <member type="way" ref="710577834" role=""/>
  <member type="way" ref="710577831" role=""/>
  <member type="way" ref="710577830" role=""/>
  <member type="way" ref="119885470" role=""/>
  <member type="way" ref="119886915" role=""/>
  <member type="way" ref="535381131" role=""/>
  <member type="way" ref="535381134" role=""/>
  <member type="way" ref="289348800" role=""/>
  <member type="way" ref="289348803" role=""/>
  <member type="way" ref="289348808" role=""/>
  <member type="way" ref="289348798" role=""/>
  <member type="way" ref="289348809" role=""/>
  <member type="way" ref="1315033214" role=""/>
  <member type="way" ref="289348802" role=""/>
  <member type="way" ref="1420101860" role=""/>
  <member type="way" ref="289348826" role=""/>
  <member type="way" ref="119887013" role=""/>
  <member type="way" ref="552482886" role=""/>
  <member type="way" ref="546317412" role=""/>
  <member type="way" ref="119885290" role=""/>
  <member type="way" ref="119887566" role=""/>
  <member type="way" ref="119886474" role=""/>
  <member type="way" ref="119888061" role=""/>
  <member type="way" ref="119886880" role=""/>
  <member type="way" ref="119885817" role=""/>
  <member type="way" ref="957726378" role=""/>
  <member type="way" ref="119879058" role=""/>
  <member type="way" ref="1036697530" role=""/>
  <member type="way" ref="1036697526" role=""/>
  <member type="way" ref="1036697532" role=""/>
  <member type="way" ref="1394161504" role=""/>
  <member type="way" ref="1036697531" role=""/>
  <member type="way" ref="1163757161" role=""/>
  <member type="way" ref="1036697528" role=""/>
  <member type="way" ref="1036697526" role=""/>
  <member type="way" ref="119878523" role=""/>
  <member type="way" ref="517552886" role=""/>
  <member type="way" ref="119878656" role=""/>
  <member type="way" ref="1036697525" role=""/>
  <member type="way" ref="1036697534" role=""/>
  <member type="way" ref="1036697533" role=""/>
  <member type="way" ref="1036697512" role=""/>
  <member type="way" ref="1036697534" role=""/>
  <member type="way" ref="1036697525" role=""/>
  <member type="way" ref="119878656" role=""/>
  <member type="way" ref="1036697524" role=""/>
  <member type="way" ref="119879071" role=""/>
  <member type="way" ref="119887610" role=""/>
  <member type="way" ref="119888155" role=""/>
  <member type="way" ref="119879116" role=""/>
  <member type="way" ref="119879037" role=""/>
  <member type="way" ref="119885215" role=""/>
  <member type="way" ref="1161949597" role=""/>
  <member type="way" ref="119886759" role=""/>
  <member type="way" ref="119887879" role=""/>
  <member type="way" ref="119885734" role=""/>
  <member type="way" ref="119885590" role=""/>
  <member type="way" ref="119887887" role=""/>
  <member type="way" ref="119888300" role=""/>
  <member type="way" ref="119885704" role=""/>
  <member type="way" ref="119885762" role=""/>
  <member type="way" ref="119887444" role=""/>
  <member type="way" ref="119885764" role=""/>
  <member type="way" ref="119885750" role=""/>
  <member type="way" ref="119875257" role=""/>
  <tag k="duration" v="01:05:00"/>
  <tag k="from" v="防府駅前"/>
  <tag k="gtfs:route_id" v="2229846746"/>
  <tag k="gtfs:shape_id" v="40000990"/>
  <tag k="name" v="Bus: 防府駅前→山口県庁前→中尾口"/>
  <tag k="network" v="防長線"/>
  <tag k="opening_hours" v="Mo-Fr 06:50-07:55"/>
  <tag k="operator" v="中国ジェイアールバス"/>
  <tag k="operator:en" v="Chugoku JR Bus"/>
  <tag k="public_transport:version" v="2"/>
  <tag k="route" v="bus"/>
  <tag k="to" v="中尾口"/>
  <tag k="type" v="route"/>
  <tag k="via" v="山口県庁前"/>
 </relation>
 <relation id="15742026" visible="true" version="17" changeset="172594622" timestamp="2025-09-29T06:10:24Z" user="taketaketake" uid="4757277">
  <member type="node" ref="9412086570" role="platform"/>
  <member type="node" ref="9412086568" role="platform"/>
  <member type="node" ref="9412086566" role="platform"/>
  <member type="node" ref="9412086564" role="platform"/>
  <member type="node" ref="9412086562" role="platform"/>
  <member type="node" ref="9412086342" role="platform"/>
  <member type="node" ref="9412086340" role="platform"/>
  <member type="node" ref="9412086337" role="platform"/>
  <member type="node" ref="9412086339" role="platform"/>
  <member type="node" ref="9412086341" role="platform"/>
  <member type="node" ref="9412086560" role="platform"/>
  <member type="node" ref="9412086558" role="platform"/>
  <member type="node" ref="9412086556" role="platform"/>
  <member type="node" ref="9412086554" role="platform"/>
  <member type="node" ref="9412086552" role="platform"/>
  <member type="node" ref="9412086550" role="platform"/>
  <member type="node" ref="9412086548" role="platform"/>
  <member type="node" ref="9412086546" role="platform"/>
  <member type="node" ref="9412086544" role="platform"/>
  <member type="node" ref="9412086542" role="platform"/>
  <member type="node" ref="9412086540" role="platform"/>
  <member type="node" ref="9412086538" role="platform"/>
  <member type="node" ref="9412086536" role="platform"/>
  <member type="node" ref="9412086534" role="platform"/>
  <member type="node" ref="9412086346" role="platform"/>
  <member type="node" ref="9412086515" role="platform"/>
  <member type="node" ref="9412086532" role="platform"/>
  <member type="node" ref="9412086530" role="platform"/>
  <member type="node" ref="9412086513" role="platform"/>
  <member type="node" ref="9412086517" role="platform"/>
  <member type="node" ref="9412086518" role="platform"/>
  <member type="node" ref="9412086521" role="platform"/>
  <member type="node" ref="9412086522" role="platform"/>
  <member type="node" ref="9412086525" role="platform"/>
  <member type="node" ref="9412086527" role="platform"/>
  <member type="node" ref="9412086511" role="platform"/>
  <member type="node" ref="9412086509" role="platform"/>
  <member type="node" ref="9412086507" role="platform"/>
  <member type="node" ref="9412086505" role="platform"/>
  <member type="node" ref="9412086503" role="platform"/>
  <member type="node" ref="9412086396" role="platform"/>
  <member type="node" ref="9412086394" role="platform"/>
  <member type="node" ref="9412086392" role="platform"/>
  <member type="node" ref="9412086390" role="platform"/>
  <member type="node" ref="9412086388" role="platform"/>
  <member type="node" ref="9412086386" role="platform"/>
  <member type="node" ref="9412086384" role="platform"/>
  <member type="way" ref="357194915" role=""/>
  <member type="way" ref="357194913" role=""/>
  <member type="way" ref="957733672" role=""/>
  <member type="way" ref="77178773" role=""/>
  <member type="way" ref="361731290" role=""/>
  <member type="way" ref="1420856717" role=""/>
  <member type="way" ref="1122925019" role=""/>
  <member type="way" ref="361731281" role=""/>
  <member type="way" ref="361731282" role=""/>
  <member type="way" ref="361731280" role=""/>
  <member type="way" ref="119986970" role=""/>
  <member type="way" ref="710577835" role=""/>
  <member type="way" ref="1163757171" role=""/>
  <member type="way" ref="119986480" role=""/>
  <member type="way" ref="1163757168" role=""/>
  <member type="way" ref="1163757169" role=""/>
  <member type="way" ref="1163757168" role=""/>
  <member type="way" ref="119986480" role=""/>
  <member type="way" ref="710577834" role=""/>
  <member type="way" ref="710577831" role=""/>
  <member type="way" ref="710577830" role=""/>
  <member type="way" ref="119885470" role=""/>
  <member type="way" ref="119886915" role=""/>
  <member type="way" ref="535381131" role=""/>
  <member type="way" ref="535381134" role=""/>
  <member type="way" ref="289348800" role=""/>
  <member type="way" ref="289348803" role=""/>
  <member type="way" ref="289348808" role=""/>
  <member type="way" ref="289348798" role=""/>
  <member type="way" ref="289348809" role=""/>
  <member type="way" ref="1315033214" role=""/>
  <member type="way" ref="289348802" role=""/>
  <member type="way" ref="1420101860" role=""/>
  <member type="way" ref="289348826" role=""/>
  <member type="way" ref="119887013" role=""/>
  <member type="way" ref="552482886" role=""/>
  <member type="way" ref="546317412" role=""/>
  <member type="way" ref="119885290" role=""/>
  <member type="way" ref="119887419" role=""/>
  <member type="way" ref="1163757165" role=""/>
  <member type="way" ref="1163757164" role=""/>
  <member type="way" ref="119887419" role=""/>
  <member type="way" ref="119887566" role=""/>
  <member type="way" ref="119886474" role=""/>
  <member type="way" ref="119888061" role=""/>
  <member type="way" ref="119886880" role=""/>
  <member type="way" ref="119885817" role=""/>
  <member type="way" ref="957726378" role=""/>
  <member type="way" ref="119879058" role=""/>
  <member type="way" ref="1036697530" role=""/>
  <member type="way" ref="1036697526" role=""/>
  <member type="way" ref="1036697532" role=""/>
  <member type="way" ref="1394161504" role=""/>
  <member type="way" ref="1036697531" role=""/>
  <member type="way" ref="1163757161" role=""/>
  <member type="way" ref="1036697528" role=""/>
  <member type="way" ref="1036697526" role=""/>
  <member type="way" ref="119878523" role=""/>
  <member type="way" ref="517552886" role=""/>
  <member type="way" ref="119878656" role=""/>
  <member type="way" ref="1036697525" role=""/>
  <member type="way" ref="1036697534" role=""/>
  <member type="way" ref="1036697533" role=""/>
  <member type="way" ref="1036697512" role=""/>
  <member type="way" ref="1036697534" role=""/>
  <member type="way" ref="1036697525" role=""/>
  <member type="way" ref="119878656" role=""/>
  <member type="way" ref="1036697524" role=""/>
  <member type="way" ref="119879071" role=""/>
  <member type="way" ref="119887610" role=""/>
  <member type="way" ref="119888155" role=""/>
  <member type="way" ref="119879116" role=""/>
  <member type="way" ref="119879037" role=""/>
  <member type="way" ref="119885215" role=""/>
  <member type="way" ref="1161949597" role=""/>
  <member type="way" ref="119886759" role=""/>
  <member type="way" ref="119887879" role=""/>
  <member type="way" ref="119885734" role=""/>
  <member type="way" ref="119885590" role=""/>
  <member type="way" ref="119887887" role=""/>
  <member type="way" ref="119888300" role=""/>
  <member type="way" ref="119885704" role=""/>
  <member type="way" ref="119885762" role=""/>
  <member type="way" ref="119887444" role=""/>
  <member type="way" ref="119885764" role=""/>
  <member type="way" ref="119885750" role=""/>
  <member type="way" ref="119875257" role=""/>
  <tag k="duration" v="01:21:00"/>
  <tag k="from" v="防府駅前"/>
  <tag k="gtfs:route_id" v="2229846746"/>
  <tag k="gtfs:shape_id" v="40001310"/>
  <tag k="name" v="Bus: 防府駅前→総合医療センター前→ゆめタウン山口→山口県庁前→中尾口"/>
  <tag k="network" v="防長線"/>
  <tag k="opening_hours" v="15:00-16:21"/>
  <tag k="operator" v="中国ジェイアールバス"/>
  <tag k="operator:en" v="Chugoku JR Bus"/>
  <tag k="public_transport:version" v="2"/>
  <tag k="route" v="bus"/>
  <tag k="to" v="中尾口"/>
  <tag k="type" v="route"/>
  <tag k="via" v="総合医療センター前;ゆめタウン山口;山口県庁前"/>
 </relation>
 <relation id="15742027" visible="true" version="17" changeset="178047391" timestamp="2026-02-03T12:01:21Z" user="setowalker" uid="21720421">
  <member type="node" ref="9412086385" role="platform"/>
  <member type="node" ref="9412086387" role="platform"/>
  <member type="node" ref="9412086389" role="platform"/>
  <member type="node" ref="9412086391" role="platform"/>
  <member type="node" ref="9412086393" role="platform"/>
  <member type="node" ref="9412086395" role="platform"/>
  <member type="node" ref="9412086397" role="platform"/>
  <member type="node" ref="9412086502" role="platform"/>
  <member type="node" ref="9412086504" role="platform"/>
  <member type="node" ref="9412086506" role="platform"/>
  <member type="node" ref="9412086508" role="platform"/>
  <member type="node" ref="9412086510" role="platform"/>
  <member type="node" ref="9412086512" role="platform"/>
  <member type="node" ref="9412086528" role="platform"/>
  <member type="node" ref="9412086526" role="platform"/>
  <member type="node" ref="9412086523" role="platform"/>
  <member type="node" ref="9412086520" role="platform"/>
  <member type="node" ref="9412086519" role="platform"/>
  <member type="node" ref="9412086516" role="platform"/>
  <member type="node" ref="9412086514" role="platform"/>
  <member type="node" ref="9412086531" role="platform"/>
  <member type="node" ref="9412086533" role="platform"/>
  <member type="node" ref="9412086515" role="platform"/>
  <member type="node" ref="9412086535" role="platform"/>
  <member type="node" ref="9412086537" role="platform"/>
  <member type="node" ref="9412086539" role="platform"/>
  <member type="node" ref="9412086541" role="platform"/>
  <member type="node" ref="9412086543" role="platform"/>
  <member type="node" ref="9412086545" role="platform"/>
  <member type="node" ref="9412086547" role="platform"/>
  <member type="node" ref="9412086549" role="platform"/>
  <member type="node" ref="9412086551" role="platform"/>
  <member type="node" ref="9412086553" role="platform"/>
  <member type="node" ref="9412086555" role="platform"/>
  <member type="node" ref="9412086557" role="platform"/>
  <member type="node" ref="9412086559" role="platform"/>
  <member type="node" ref="9412086561" role="platform"/>
  <member type="node" ref="9412086342" role="platform"/>
  <member type="node" ref="9412086340" role="platform"/>
  <member type="node" ref="9412086338" role="platform"/>
  <member type="node" ref="9412086339" role="platform"/>
  <member type="node" ref="9412086341" role="platform"/>
  <member type="node" ref="9412086563" role="platform"/>
  <member type="node" ref="9412086565" role="platform"/>
  <member type="node" ref="9412086567" role="platform"/>
  <member type="node" ref="9412086569" role="platform"/>
  <member type="node" ref="9412086571" role="platform"/>
  <member type="way" ref="119875257" role=""/>
  <member type="way" ref="119885750" role=""/>
  <member type="way" ref="119885764" role=""/>
  <member type="way" ref="119887444" role=""/>
  <member type="way" ref="119885762" role=""/>
  <member type="way" ref="119885704" role=""/>
  <member type="way" ref="119888300" role=""/>
  <member type="way" ref="119887887" role=""/>
  <member type="way" ref="119885590" role=""/>
  <member type="way" ref="119885734" role=""/>
  <member type="way" ref="119887879" role=""/>
  <member type="way" ref="119886759" role=""/>
  <member type="way" ref="1161949597" role=""/>
  <member type="way" ref="119885215" role=""/>
  <member type="way" ref="119879037" role=""/>
  <member type="way" ref="119879116" role=""/>
  <member type="way" ref="119888155" role=""/>
  <member type="way" ref="119887610" role=""/>
  <member type="way" ref="119879071" role=""/>
  <member type="way" ref="1036697511" role=""/>
  <member type="way" ref="1036697510" role=""/>
  <member type="way" ref="1036697514" role=""/>
  <member type="way" ref="1036697512" role=""/>
  <member type="way" ref="1036697534" role=""/>
  <member type="way" ref="1036697525" role=""/>
  <member type="way" ref="119878656" role=""/>
  <member type="way" ref="119878549" role=""/>
  <member type="way" ref="119878523" role=""/>
  <member type="way" ref="1036697526" role=""/>
  <member type="way" ref="1036697532" role=""/>
  <member type="way" ref="1394161504" role=""/>
  <member type="way" ref="1036697531" role=""/>
  <member type="way" ref="1036697527" role=""/>
  <member type="way" ref="119879058" role=""/>
  <member type="way" ref="957726378" role=""/>
  <member type="way" ref="119885817" role=""/>
  <member type="way" ref="119886880" role=""/>
  <member type="way" ref="119888061" role=""/>
  <member type="way" ref="119886474" role=""/>
  <member type="way" ref="119887566" role=""/>
  <member type="way" ref="119887419" role=""/>
  <member type="way" ref="1163757165" role=""/>
  <member type="way" ref="1163757164" role=""/>
  <member type="way" ref="119887419" role=""/>
  <member type="way" ref="119885290" role=""/>
  <member type="way" ref="546317412" role=""/>
  <member type="way" ref="407829907" role=""/>
  <member type="way" ref="1473855298" role=""/>
  <member type="way" ref="1473855299" role=""/>
  <member type="way" ref="139849495" role=""/>
  <member type="way" ref="1420101861" role=""/>
  <member type="way" ref="1315033215" role=""/>
  <member type="way" ref="289348758" role=""/>
  <member type="way" ref="289348773" role=""/>
  <member type="way" ref="289348780" role=""/>
  <member type="way" ref="289348769" role=""/>
  <member type="way" ref="289348772" role=""/>
  <member type="way" ref="535381133" role=""/>
  <member type="way" ref="535381132" role=""/>
  <member type="way" ref="289348757" role=""/>
  <member type="way" ref="42403292" role=""/>
  <member type="way" ref="289348828" role=""/>
  <member type="way" ref="710577832" role=""/>
  <member type="way" ref="710577833" role=""/>
  <member type="way" ref="119990501" role=""/>
  <member type="way" ref="119986480" role=""/>
  <member type="way" ref="1163757168" role=""/>
  <member type="way" ref="1163757169" role=""/>
  <member type="way" ref="1163757168" role=""/>
  <member type="way" ref="119986480" role=""/>
  <member type="way" ref="119990501" role=""/>
  <member type="way" ref="1163757160" role=""/>
  <member type="way" ref="710577836" role=""/>
  <member type="way" ref="552730769" role=""/>
  <member type="way" ref="552730766" role=""/>
  <member type="way" ref="1315019735" role=""/>
  <member type="way" ref="361731287" role=""/>
  <member type="way" ref="1420856718" role=""/>
  <member type="way" ref="361731290" role=""/>
  <member type="way" ref="77178773" role=""/>
  <member type="way" ref="957733672" role=""/>
  <member type="way" ref="646777796" role=""/>
  <tag k="duration" v="01:21:00"/>
  <tag k="from" v="中尾口"/>
  <tag k="gtfs:route_id" v="2229846746"/>
  <tag k="gtfs:shape_id" v="40001319"/>
  <tag k="name" v="Bus: 中尾口→山口県庁前→ゆめタウン山口→総合医療センター前→防府駅"/>
  <tag k="network" v="防長線"/>
  <tag k="opening_hours" v="11:45-13:08"/>
  <tag k="operator" v="中国ジェイアールバス"/>
  <tag k="operator:en" v="Chugoku JR Bus"/>
  <tag k="public_transport:version" v="2"/>
  <tag k="route" v="bus"/>
  <tag k="to" v="防府駅"/>
  <tag k="type" v="route"/>
  <tag k="via" v="山口県庁前;ゆめタウン山口;総合医療センター前"/>
 </relation>
 <relation id="15742028" visible="true" version="1" changeset="135081250" timestamp="2023-04-19T01:12:02Z" user="okadatsuneo_import" uid="12352917">
  <member type="relation" ref="15742026" role=""/>
  <member type="relation" ref="15742025" role=""/>
  <member type="relation" ref="15742023" role=""/>
  <member type="relation" ref="15742027" role=""/>
  <member type="relation" ref="15742024" role=""/>
  <tag k="name" v="Bus: 防府駅前&lt;-&gt;中尾口"/>
  <tag k="network" v="防長線"/>
  <tag k="operator" v="中国ジェイアールバス"/>
  <tag k="operator:en" v="Chugoku JR Bus"/>
  <tag k="route_master" v="bus"/>
  <tag k="type" v="route_master"/>
 </relation>
 <relation id="15742096" visible="true" version="17" changeset="172594622" timestamp="2025-09-29T06:10:24Z" user="taketaketake" uid="4757277">
  <member type="node" ref="9412086570" role="platform"/>
  <member type="node" ref="9412086568" role="platform"/>
  <member type="node" ref="9412086566" role="platform"/>
  <member type="node" ref="9412086564" role="platform"/>
  <member type="node" ref="9412086562" role="platform"/>
  <member type="node" ref="9412086560" role="platform"/>
  <member type="node" ref="9412086558" role="platform"/>
  <member type="node" ref="9412086556" role="platform"/>
  <member type="node" ref="9412086554" role="platform"/>
  <member type="node" ref="9412086552" role="platform"/>
  <member type="node" ref="9412086550" role="platform"/>
  <member type="node" ref="9412086548" role="platform"/>
  <member type="node" ref="9412086546" role="platform"/>
  <member type="node" ref="9412086544" role="platform"/>
  <member type="node" ref="9412086542" role="platform"/>
  <member type="node" ref="9412086540" role="platform"/>
  <member type="node" ref="9412086538" role="platform"/>
  <member type="node" ref="9412086536" role="platform"/>
  <member type="node" ref="9412086534" role="platform"/>
  <member type="node" ref="9412086346" role="platform"/>
  <member type="node" ref="9412086515" role="platform"/>
  <member type="node" ref="9412086532" role="platform"/>
  <member type="node" ref="9412086530" role="platform"/>
  <member type="node" ref="9412086513" role="platform"/>
  <member type="node" ref="9412086517" role="platform"/>
  <member type="node" ref="9412086518" role="platform"/>
  <member type="node" ref="9412086521" role="platform"/>
  <member type="node" ref="9412086511" role="platform"/>
  <member type="node" ref="9412086509" role="platform"/>
  <member type="node" ref="9412086507" role="platform"/>
  <member type="node" ref="9412086505" role="platform"/>
  <member type="node" ref="9412086503" role="platform"/>
  <member type="node" ref="9412086500" role="platform"/>
  <member type="node" ref="9412086498" role="platform"/>
  <member type="node" ref="9412086496" role="platform"/>
  <member type="node" ref="9412086494" role="platform"/>
  <member type="node" ref="9412086493" role="platform"/>
  <member type="way" ref="357194915" role=""/>
  <member type="way" ref="357194913" role=""/>
  <member type="way" ref="957733672" role=""/>
  <member type="way" ref="77178773" role=""/>
  <member type="way" ref="361731290" role=""/>
  <member type="way" ref="1420856717" role=""/>
  <member type="way" ref="1122925019" role=""/>
  <member type="way" ref="361731281" role=""/>
  <member type="way" ref="361731282" role=""/>
  <member type="way" ref="361731280" role=""/>
  <member type="way" ref="119986970" role=""/>
  <member type="way" ref="710577835" role=""/>
  <member type="way" ref="1163757171" role=""/>
  <member type="way" ref="710577834" role=""/>
  <member type="way" ref="710577831" role=""/>
  <member type="way" ref="710577830" role=""/>
  <member type="way" ref="119885470" role=""/>
  <member type="way" ref="119886915" role=""/>
  <member type="way" ref="535381131" role=""/>
  <member type="way" ref="535381134" role=""/>
  <member type="way" ref="289348800" role=""/>
  <member type="way" ref="289348803" role=""/>
  <member type="way" ref="289348808" role=""/>
  <member type="way" ref="289348798" role=""/>
  <member type="way" ref="289348809" role=""/>
  <member type="way" ref="1315033214" role=""/>
  <member type="way" ref="289348802" role=""/>
  <member type="way" ref="1420101860" role=""/>
  <member type="way" ref="289348826" role=""/>
  <member type="way" ref="119887013" role=""/>
  <member type="way" ref="552482886" role=""/>
  <member type="way" ref="546317412" role=""/>
  <member type="way" ref="119885290" role=""/>
  <member type="way" ref="119887419" role=""/>
  <member type="way" ref="1163757165" role=""/>
  <member type="way" ref="1163757164" role=""/>
  <member type="way" ref="119887419" role=""/>
  <member type="way" ref="119887566" role=""/>
  <member type="way" ref="119886474" role=""/>
  <member type="way" ref="119888061" role=""/>
  <member type="way" ref="119886880" role=""/>
  <member type="way" ref="119885817" role=""/>
  <member type="way" ref="957726378" role=""/>
  <member type="way" ref="119879058" role=""/>
  <member type="way" ref="1036697530" role=""/>
  <member type="way" ref="1036697526" role=""/>
  <member type="way" ref="1036697532" role=""/>
  <member type="way" ref="1394161504" role=""/>
  <member type="way" ref="1036697531" role=""/>
  <member type="way" ref="1163757161" role=""/>
  <member type="way" ref="1036697528" role=""/>
  <member type="way" ref="1036697526" role=""/>
  <member type="way" ref="119878523" role=""/>
  <member type="way" ref="1036697523" role=""/>
  <member type="way" ref="119879037" role=""/>
  <member type="way" ref="119885215" role=""/>
  <member type="way" ref="1161949597" role=""/>
  <member type="way" ref="1427055400" role=""/>
  <member type="way" ref="119885217" role=""/>
  <member type="way" ref="119888475" role=""/>
  <member type="way" ref="119887315" role=""/>
  <member type="way" ref="119886472" role=""/>
  <member type="way" ref="119885381" role=""/>
  <member type="way" ref="119887360" role=""/>
  <member type="way" ref="119887402" role=""/>
  <member type="way" ref="283108776" role=""/>
  <member type="way" ref="283108775" role=""/>
  <member type="way" ref="1163761251" role=""/>
  <member type="way" ref="1163761254" role=""/>
  <tag k="duration" v="00:56:00"/>
  <tag k="from" v="防府駅前"/>
  <tag k="gtfs:route_id" v="2229846746"/>
  <tag k="gtfs:shape_id" v="40000760"/>
  <tag k="name" v="Bus: 防府駅前→ゆめタウン山口→山口大学"/>
  <tag k="network" v="防長線"/>
  <tag k="opening_hours" v="Mo-Fr 19:50-21:31; Sa-Su 18:40-21:31"/>
  <tag k="operator" v="中国ジェイアールバス"/>
  <tag k="operator:en" v="Chugoku JR Bus"/>
  <tag k="public_transport:version" v="2"/>
  <tag k="route" v="bus"/>
  <tag k="to" v="山口大学"/>
  <tag k="type" v="route"/>
  <tag k="via" v="ゆめタウン山口"/>
 </relation>
 <relation id="15742097" visible="true" version="18" changeset="178047391" timestamp="2026-02-03T12:01:21Z" user="setowalker" uid="21720421">
  <member type="node" ref="9412086493" role="platform"/>
  <member type="node" ref="9412086492" role="platform"/>
  <member type="node" ref="9412086495" role="platform"/>
  <member type="node" ref="9412086497" role="platform"/>
  <member type="node" ref="9412086499" role="platform"/>
  <member type="node" ref="9412086502" role="platform"/>
  <member type="node" ref="9412086504" role="platform"/>
  <member type="node" ref="9412086506" role="platform"/>
  <member type="node" ref="9412086508" role="platform"/>
  <member type="node" ref="9412086510" role="platform"/>
  <member type="node" ref="9412086491" role="platform"/>
  <member type="node" ref="9412086520" role="platform"/>
  <member type="node" ref="9412086519" role="platform"/>
  <member type="node" ref="9412086516" role="platform"/>
  <member type="node" ref="9412086514" role="platform"/>
  <member type="node" ref="9412086531" role="platform"/>
  <member type="node" ref="9412086533" role="platform"/>
  <member type="node" ref="9412086515" role="platform"/>
  <member type="node" ref="9412086535" role="platform"/>
  <member type="node" ref="9412086537" role="platform"/>
  <member type="node" ref="9412086539" role="platform"/>
  <member type="node" ref="9412086541" role="platform"/>
  <member type="node" ref="9412086543" role="platform"/>
  <member type="node" ref="9412086545" role="platform"/>
  <member type="node" ref="9412086547" role="platform"/>
  <member type="node" ref="9412086549" role="platform"/>
  <member type="node" ref="9412086551" role="platform"/>
  <member type="node" ref="9412086553" role="platform"/>
  <member type="node" ref="9412086555" role="platform"/>
  <member type="node" ref="9412086557" role="platform"/>
  <member type="node" ref="9412086559" role="platform"/>
  <member type="node" ref="9412086561" role="platform"/>
  <member type="node" ref="9412086563" role="platform"/>
  <member type="node" ref="9412086565" role="platform"/>
  <member type="node" ref="9412086567" role="platform"/>
  <member type="node" ref="9412086569" role="platform"/>
  <member type="node" ref="9412086571" role="platform"/>
  <member type="way" ref="119885969" role=""/>
  <member type="way" ref="119887402" role=""/>
  <member type="way" ref="119887360" role=""/>
  <member type="way" ref="119885381" role=""/>
  <member type="way" ref="119886472" role=""/>
  <member type="way" ref="119887315" role=""/>
  <member type="way" ref="119888475" role=""/>
  <member type="way" ref="119885217" role=""/>
  <member type="way" ref="1427055400" role=""/>
  <member type="way" ref="1161949597" role=""/>
  <member type="way" ref="119885215" role=""/>
  <member type="way" ref="119879037" role=""/>
  <member type="way" ref="1036697523" role=""/>
  <member type="way" ref="119878523" role=""/>
  <member type="way" ref="1036697526" role=""/>
  <member type="way" ref="1036697532" role=""/>
  <member type="way" ref="1394161504" role=""/>
  <member type="way" ref="1036697531" role=""/>
  <member type="way" ref="1036697527" role=""/>
  <member type="way" ref="119879058" role=""/>
  <member type="way" ref="957726378" role=""/>
  <member type="way" ref="119885817" role=""/>
  <member type="way" ref="119886880" role=""/>
  <member type="way" ref="119888061" role=""/>
  <member type="way" ref="119886474" role=""/>
  <member type="way" ref="119887566" role=""/>
  <member type="way" ref="119887419" role=""/>
  <member type="way" ref="1163757165" role=""/>
  <member type="way" ref="1163757164" role=""/>
  <member type="way" ref="119887419" role=""/>
  <member type="way" ref="119885290" role=""/>
  <member type="way" ref="546317412" role=""/>
  <member type="way" ref="407829907" role=""/>
  <member type="way" ref="1473855298" role=""/>
  <member type="way" ref="1473855299" role=""/>
  <member type="way" ref="139849495" role=""/>
  <member type="way" ref="1420101861" role=""/>
  <member type="way" ref="1315033215" role=""/>
  <member type="way" ref="289348758" role=""/>
  <member type="way" ref="289348773" role=""/>
  <member type="way" ref="289348780" role=""/>
  <member type="way" ref="289348769" role=""/>
  <member type="way" ref="289348772" role=""/>
  <member type="way" ref="535381133" role=""/>
  <member type="way" ref="535381132" role=""/>
  <member type="way" ref="289348757" role=""/>
  <member type="way" ref="42403292" role=""/>
  <member type="way" ref="289348828" role=""/>
  <member type="way" ref="710577832" role=""/>
  <member type="way" ref="710577833" role=""/>
  <member type="way" ref="1163757160" role=""/>
  <member type="way" ref="710577836" role=""/>
  <member type="way" ref="552730769" role=""/>
  <member type="way" ref="552730766" role=""/>
  <member type="way" ref="1315019735" role=""/>
  <member type="way" ref="361731287" role=""/>
  <member type="way" ref="1420856718" role=""/>
  <member type="way" ref="361731290" role=""/>
  <member type="way" ref="77178773" role=""/>
  <member type="way" ref="957733672" role=""/>
  <member type="way" ref="646777796" role=""/>
  <tag k="duration" v="00:56:00"/>
  <tag k="from" v="山口大学"/>
  <tag k="gtfs:route_id" v="2229846746"/>
  <tag k="gtfs:shape_id" v="40000769"/>
  <tag k="name" v="Bus: 山口大学→市民会館前→ゆめタウン山口→防府駅"/>
  <tag k="network" v="防長線"/>
  <tag k="opening_hours" v="Mo-Fr 06:40-07:38, 21:15-22:13; Sa-Su 06:40-07:36"/>
  <tag k="operator" v="中国ジェイアールバス"/>
  <tag k="operator:en" v="Chugoku JR Bus"/>
  <tag k="public_transport:version" v="2"/>
  <tag k="route" v="bus"/>
  <tag k="to" v="防府駅"/>
  <tag k="type" v="route"/>
  <tag k="via" v="市民会館前;ゆめタウン山口"/>
 </relation>
 <relation id="15742098" visible="true" version="17" changeset="172594622" timestamp="2025-09-29T06:10:24Z" user="taketaketake" uid="4757277">
  <member type="node" ref="9412086570" role="platform"/>
  <member type="node" ref="9412086568" role="platform"/>
  <member type="node" ref="9412086566" role="platform"/>
  <member type="node" ref="9412086564" role="platform"/>
  <member type="node" ref="9412086562" role="platform"/>
  <member type="node" ref="9412086560" role="platform"/>
  <member type="node" ref="9412086558" role="platform"/>
  <member type="node" ref="9412086556" role="platform"/>
  <member type="node" ref="9412086554" role="platform"/>
  <member type="node" ref="9412086552" role="platform"/>
  <member type="node" ref="9412086550" role="platform"/>
  <member type="node" ref="9412086548" role="platform"/>
  <member type="node" ref="9412086546" role="platform"/>
  <member type="node" ref="9412086544" role="platform"/>
  <member type="node" ref="9412086542" role="platform"/>
  <member type="node" ref="9412086540" role="platform"/>
  <member type="node" ref="9412086538" role="platform"/>
  <member type="node" ref="9412086536" role="platform"/>
  <member type="node" ref="9412086534" role="platform"/>
  <member type="node" ref="9412086346" role="platform"/>
  <member type="node" ref="9412086532" role="platform"/>
  <member type="node" ref="9412086530" role="platform"/>
  <member type="node" ref="9412086513" role="platform"/>
  <member type="node" ref="9412086517" role="platform"/>
  <member type="node" ref="9412086518" role="platform"/>
  <member type="node" ref="9412086521" role="platform"/>
  <member type="node" ref="9412086522" role="platform"/>
  <member type="node" ref="9412086525" role="platform"/>
  <member type="node" ref="9412086527" role="platform"/>
  <member type="node" ref="9412086511" role="platform"/>
  <member type="node" ref="9412086509" role="platform"/>
  <member type="node" ref="9412086507" role="platform"/>
  <member type="node" ref="9412086505" role="platform"/>
  <member type="node" ref="9412086503" role="platform"/>
  <member type="node" ref="9412086500" role="platform"/>
  <member type="node" ref="9412086498" role="platform"/>
  <member type="node" ref="9412086496" role="platform"/>
  <member type="node" ref="9412086494" role="platform"/>
  <member type="node" ref="9412086493" role="platform"/>
  <member type="way" ref="357194915" role=""/>
  <member type="way" ref="357194913" role=""/>
  <member type="way" ref="957733672" role=""/>
  <member type="way" ref="77178773" role=""/>
  <member type="way" ref="361731290" role=""/>
  <member type="way" ref="1420856717" role=""/>
  <member type="way" ref="1122925019" role=""/>
  <member type="way" ref="361731281" role=""/>
  <member type="way" ref="361731282" role=""/>
  <member type="way" ref="361731280" role=""/>
  <member type="way" ref="119986970" role=""/>
  <member type="way" ref="710577835" role=""/>
  <member type="way" ref="1163757171" role=""/>
  <member type="way" ref="710577834" role=""/>
  <member type="way" ref="710577831" role=""/>
  <member type="way" ref="710577830" role=""/>
  <member type="way" ref="119885470" role=""/>
  <member type="way" ref="119886915" role=""/>
  <member type="way" ref="535381131" role=""/>
  <member type="way" ref="535381134" role=""/>
  <member type="way" ref="289348800" role=""/>
  <member type="way" ref="289348803" role=""/>
  <member type="way" ref="289348808" role=""/>
  <member type="way" ref="289348798" role=""/>
  <member type="way" ref="289348809" role=""/>
  <member type="way" ref="1315033214" role=""/>
  <member type="way" ref="289348802" role=""/>
  <member type="way" ref="1420101860" role=""/>
  <member type="way" ref="289348826" role=""/>
  <member type="way" ref="119887013" role=""/>
  <member type="way" ref="552482886" role=""/>
  <member type="way" ref="546317412" role=""/>
  <member type="way" ref="119885290" role=""/>
  <member type="way" ref="119887566" role=""/>
  <member type="way" ref="119886474" role=""/>
  <member type="way" ref="119888061" role=""/>
  <member type="way" ref="119886880" role=""/>
  <member type="way" ref="119885817" role=""/>
  <member type="way" ref="957726378" role=""/>
  <member type="way" ref="119879058" role=""/>
  <member type="way" ref="1036697530" role=""/>
  <member type="way" ref="1036697526" role=""/>
  <member type="way" ref="1036697532" role=""/>
  <member type="way" ref="1394161504" role=""/>
  <member type="way" ref="1036697531" role=""/>
  <member type="way" ref="1163757161" role=""/>
  <member type="way" ref="1036697528" role=""/>
  <member type="way" ref="1036697526" role=""/>
  <member type="way" ref="119878523" role=""/>
  <member type="way" ref="517552886" role=""/>
  <member type="way" ref="119878656" role=""/>
  <member type="way" ref="1036697525" role=""/>
  <member type="way" ref="1036697534" role=""/>
  <member type="way" ref="1036697533" role=""/>
  <member type="way" ref="1036697512" role=""/>
  <member type="way" ref="1036697534" role=""/>
  <member type="way" ref="1036697525" role=""/>
  <member type="way" ref="119878656" role=""/>
  <member type="way" ref="1036697524" role=""/>
  <member type="way" ref="119879071" role=""/>
  <member type="way" ref="119887610" role=""/>
  <member type="way" ref="119888155" role=""/>
  <member type="way" ref="119879116" role=""/>
  <member type="way" ref="119879037" role=""/>
  <member type="way" ref="119885215" role=""/>
  <member type="way" ref="1161949597" role=""/>
  <member type="way" ref="1427055400" role=""/>
  <member type="way" ref="119885217" role=""/>
  <member type="way" ref="119888475" role=""/>
  <member type="way" ref="119887315" role=""/>
  <member type="way" ref="119886472" role=""/>
  <member type="way" ref="119885381" role=""/>
  <member type="way" ref="119887360" role=""/>
  <member type="way" ref="119887402" role=""/>
  <member type="way" ref="283108776" role=""/>
  <member type="way" ref="283108775" role=""/>
  <member type="way" ref="1163761251" role=""/>
  <member type="way" ref="1163761254" role=""/>
  <tag k="duration" v="01:03:00"/>
  <tag k="from" v="防府駅前"/>
  <tag k="gtfs:route_id" v="2229846746"/>
  <tag k="gtfs:shape_id" v="40000980"/>
  <tag k="name" v="Bus: 防府駅前→山口県庁前→山口大学"/>
  <tag k="network" v="防長線"/>
  <tag k="opening_hours" v="Mo-Fr 06:40-08:42; Sa-Su 07:00-08:33"/>
  <tag k="operator" v="中国ジェイアールバス"/>
  <tag k="operator:en" v="Chugoku JR Bus"/>
  <tag k="public_transport:version" v="2"/>
  <tag k="route" v="bus"/>
  <tag k="to" v="山口大学"/>
  <tag k="type" v="route"/>
  <tag k="via" v="山口県庁前"/>
 </relation>
 <relation id="15742099" visible="true" version="17" changeset="172594622" timestamp="2025-09-29T06:10:24Z" user="taketaketake" uid="4757277">
  <member type="node" ref="9412086570" role="platform"/>
  <member type="node" ref="9412086568" role="platform"/>
  <member type="node" ref="9412086566" role="platform"/>
  <member type="node" ref="9412086564" role="platform"/>
  <member type="node" ref="9412086562" role="platform"/>
  <member type="node" ref="9412086560" role="platform"/>
  <member type="node" ref="9412086558" role="platform"/>
  <member type="node" ref="9412086556" role="platform"/>
  <member type="node" ref="9412086554" role="platform"/>
  <member type="node" ref="9412086552" role="platform"/>
  <member type="node" ref="9412086550" role="platform"/>
  <member type="node" ref="9412086548" role="platform"/>
  <member type="node" ref="9412086546" role="platform"/>
  <member type="node" ref="9412086544" role="platform"/>
  <member type="node" ref="9412086542" role="platform"/>
  <member type="node" ref="9412086540" role="platform"/>
  <member type="node" ref="9412086538" role="platform"/>
  <member type="node" ref="9412086536" role="platform"/>
  <member type="node" ref="9412086534" role="platform"/>
  <member type="node" ref="9412086346" role="platform"/>
  <member type="node" ref="9412086532" role="platform"/>
  <member type="node" ref="9412086530" role="platform"/>
  <member type="node" ref="9412086513" role="platform"/>
  <member type="node" ref="9412086517" role="platform"/>
  <member type="node" ref="9412086518" role="platform"/>
  <member type="node" ref="9412086521" role="platform"/>
  <member type="node" ref="9412086511" role="platform"/>
  <member type="node" ref="9412086509" role="platform"/>
  <member type="node" ref="9412086507" role="platform"/>
  <member type="node" ref="9412086505" role="platform"/>
  <member type="node" ref="9412086503" role="platform"/>
  <member type="node" ref="9412086500" role="platform"/>
  <member type="node" ref="9412086498" role="platform"/>
  <member type="node" ref="9412086496" role="platform"/>
  <member type="node" ref="9412086494" role="platform"/>
  <member type="node" ref="9412086493" role="platform"/>
  <member type="way" ref="357194915" role=""/>
  <member type="way" ref="357194913" role=""/>
  <member type="way" ref="957733672" role=""/>
  <member type="way" ref="77178773" role=""/>
  <member type="way" ref="361731290" role=""/>
  <member type="way" ref="1420856717" role=""/>
  <member type="way" ref="1122925019" role=""/>
  <member type="way" ref="361731281" role=""/>
  <member type="way" ref="361731282" role=""/>
  <member type="way" ref="361731280" role=""/>
  <member type="way" ref="119986970" role=""/>
  <member type="way" ref="710577835" role=""/>
  <member type="way" ref="1163757171" role=""/>
  <member type="way" ref="710577834" role=""/>
  <member type="way" ref="710577831" role=""/>
  <member type="way" ref="710577830" role=""/>
  <member type="way" ref="119885470" role=""/>
  <member type="way" ref="119886915" role=""/>
  <member type="way" ref="535381131" role=""/>
  <member type="way" ref="535381134" role=""/>
  <member type="way" ref="289348800" role=""/>
  <member type="way" ref="289348803" role=""/>
  <member type="way" ref="289348808" role=""/>
  <member type="way" ref="289348798" role=""/>
  <member type="way" ref="289348809" role=""/>
  <member type="way" ref="1315033214" role=""/>
  <member type="way" ref="289348802" role=""/>
  <member type="way" ref="1420101860" role=""/>
  <member type="way" ref="289348826" role=""/>
  <member type="way" ref="119887013" role=""/>
  <member type="way" ref="552482886" role=""/>
  <member type="way" ref="546317412" role=""/>
  <member type="way" ref="119885290" role=""/>
  <member type="way" ref="119887566" role=""/>
  <member type="way" ref="119886474" role=""/>
  <member type="way" ref="119888061" role=""/>
  <member type="way" ref="119886880" role=""/>
  <member type="way" ref="119885817" role=""/>
  <member type="way" ref="957726378" role=""/>
  <member type="way" ref="119879058" role=""/>
  <member type="way" ref="1036697530" role=""/>
  <member type="way" ref="1036697526" role=""/>
  <member type="way" ref="1036697532" role=""/>
  <member type="way" ref="1394161504" role=""/>
  <member type="way" ref="1036697531" role=""/>
  <member type="way" ref="1163757161" role=""/>
  <member type="way" ref="1036697528" role=""/>
  <member type="way" ref="1036697526" role=""/>
  <member type="way" ref="119878523" role=""/>
  <member type="way" ref="1036697523" role=""/>
  <member type="way" ref="119879037" role=""/>
  <member type="way" ref="119885215" role=""/>
  <member type="way" ref="1161949597" role=""/>
  <member type="way" ref="1427055400" role=""/>
  <member type="way" ref="119885217" role=""/>
  <member type="way" ref="119888475" role=""/>
  <member type="way" ref="119887315" role=""/>
  <member type="way" ref="119886472" role=""/>
  <member type="way" ref="119885381" role=""/>
  <member type="way" ref="119887360" role=""/>
  <member type="way" ref="119887402" role=""/>
  <member type="way" ref="283108776" role=""/>
  <member type="way" ref="283108775" role=""/>
  <member type="way" ref="1163761251" role=""/>
  <member type="way" ref="1163761254" role=""/>
  <tag k="duration" v="00:55:00"/>
  <tag k="from" v="防府駅前"/>
  <tag k="gtfs:route_id" v="2229846746"/>
  <tag k="gtfs:shape_id" v="40001010"/>
  <tag k="name" v="Bus: 防府駅前→山口大学"/>
  <tag k="network" v="防長線"/>
  <tag k="opening_hours" v="Mo-Fr 06:20-07:15"/>
  <tag k="operator" v="中国ジェイアールバス"/>
  <tag k="operator:en" v="Chugoku JR Bus"/>
  <tag k="public_transport:version" v="2"/>
  <tag k="route" v="bus"/>
  <tag k="to" v="山口大学"/>
  <tag k="type" v="route"/>
 </relation>
 <relation id="15742100" visible="true" version="17" changeset="172594622" timestamp="2025-09-29T06:10:24Z" user="taketaketake" uid="4757277">
  <member type="node" ref="9412086570" role="platform"/>
  <member type="node" ref="9412086568" role="platform"/>
  <member type="node" ref="9412086566" role="platform"/>
  <member type="node" ref="9412086564" role="platform"/>
  <member type="node" ref="9412086562" role="platform"/>
  <member type="node" ref="9412086560" role="platform"/>
  <member type="node" ref="9412086558" role="platform"/>
  <member type="node" ref="9412086556" role="platform"/>
  <member type="node" ref="9412086554" role="platform"/>
  <member type="node" ref="9412086552" role="platform"/>
  <member type="node" ref="9412086550" role="platform"/>
  <member type="node" ref="9412086548" role="platform"/>
  <member type="node" ref="9412086546" role="platform"/>
  <member type="node" ref="9412086544" role="platform"/>
  <member type="node" ref="9412086542" role="platform"/>
  <member type="node" ref="9412086540" role="platform"/>
  <member type="node" ref="9412086538" role="platform"/>
  <member type="node" ref="9412086536" role="platform"/>
  <member type="node" ref="9412086534" role="platform"/>
  <member type="node" ref="9412086346" role="platform"/>
  <member type="node" ref="9412086515" role="platform"/>
  <member type="node" ref="9412086532" role="platform"/>
  <member type="node" ref="9412086530" role="platform"/>
  <member type="node" ref="9412086513" role="platform"/>
  <member type="node" ref="9412086517" role="platform"/>
  <member type="node" ref="9412086518" role="platform"/>
  <member type="node" ref="9412086521" role="platform"/>
  <member type="node" ref="9412086522" role="platform"/>
  <member type="node" ref="9412086525" role="platform"/>
  <member type="node" ref="9412086527" role="platform"/>
  <member type="node" ref="9412086511" role="platform"/>
  <member type="node" ref="9412086509" role="platform"/>
  <member type="node" ref="9412086507" role="platform"/>
  <member type="node" ref="9412086505" role="platform"/>
  <member type="node" ref="9412086503" role="platform"/>
  <member type="node" ref="9412086500" role="platform"/>
  <member type="node" ref="9412086498" role="platform"/>
  <member type="node" ref="9412086496" role="platform"/>
  <member type="node" ref="9412086494" role="platform"/>
  <member type="node" ref="9412086493" role="platform"/>
  <member type="way" ref="357194915" role=""/>
  <member type="way" ref="357194913" role=""/>
  <member type="way" ref="957733672" role=""/>
  <member type="way" ref="77178773" role=""/>
  <member type="way" ref="361731290" role=""/>
  <member type="way" ref="1420856717" role=""/>
  <member type="way" ref="1122925019" role=""/>
  <member type="way" ref="361731281" role=""/>
  <member type="way" ref="361731282" role=""/>
  <member type="way" ref="361731280" role=""/>
  <member type="way" ref="119986970" role=""/>
  <member type="way" ref="710577835" role=""/>
  <member type="way" ref="1163757171" role=""/>
  <member type="way" ref="710577834" role=""/>
  <member type="way" ref="710577831" role=""/>
  <member type="way" ref="710577830" role=""/>
  <member type="way" ref="119885470" role=""/>
  <member type="way" ref="119886915" role=""/>
  <member type="way" ref="535381131" role=""/>
  <member type="way" ref="535381134" role=""/>
  <member type="way" ref="289348800" role=""/>
  <member type="way" ref="289348803" role=""/>
  <member type="way" ref="289348808" role=""/>
  <member type="way" ref="289348798" role=""/>
  <member type="way" ref="289348809" role=""/>
  <member type="way" ref="1315033214" role=""/>
  <member type="way" ref="289348802" role=""/>
  <member type="way" ref="1420101860" role=""/>
  <member type="way" ref="289348826" role=""/>
  <member type="way" ref="119887013" role=""/>
  <member type="way" ref="552482886" role=""/>
  <member type="way" ref="546317412" role=""/>
  <member type="way" ref="119885290" role=""/>
  <member type="way" ref="119887419" role=""/>
  <member type="way" ref="1163757165" role=""/>
  <member type="way" ref="1163757164" role=""/>
  <member type="way" ref="119887419" role=""/>
  <member type="way" ref="119887566" role=""/>
  <member type="way" ref="119886474" role=""/>
  <member type="way" ref="119888061" role=""/>
  <member type="way" ref="119886880" role=""/>
  <member type="way" ref="119885817" role=""/>
  <member type="way" ref="957726378" role=""/>
  <member type="way" ref="119879058" role=""/>
  <member type="way" ref="1036697530" role=""/>
  <member type="way" ref="1036697526" role=""/>
  <member type="way" ref="1036697532" role=""/>
  <member type="way" ref="1394161504" role=""/>
  <member type="way" ref="1036697531" role=""/>
  <member type="way" ref="1163757161" role=""/>
  <member type="way" ref="1036697528" role=""/>
  <member type="way" ref="1036697526" role=""/>
  <member type="way" ref="119878523" role=""/>
  <member type="way" ref="517552886" role=""/>
  <member type="way" ref="119878656" role=""/>
  <member type="way" ref="1036697525" role=""/>
  <member type="way" ref="1036697534" role=""/>
  <member type="way" ref="1036697533" role=""/>
  <member type="way" ref="1036697512" role=""/>
  <member type="way" ref="1036697534" role=""/>
  <member type="way" ref="1036697525" role=""/>
  <member type="way" ref="119878656" role=""/>
  <member type="way" ref="1036697524" role=""/>
  <member type="way" ref="119879071" role=""/>
  <member type="way" ref="119887610" role=""/>
  <member type="way" ref="119888155" role=""/>
  <member type="way" ref="119879116" role=""/>
  <member type="way" ref="119879037" role=""/>
  <member type="way" ref="119885215" role=""/>
  <member type="way" ref="1161949597" role=""/>
  <member type="way" ref="1427055400" role=""/>
  <member type="way" ref="119885217" role=""/>
  <member type="way" ref="119888475" role=""/>
  <member type="way" ref="119887315" role=""/>
  <member type="way" ref="119886472" role=""/>
  <member type="way" ref="119885381" role=""/>
  <member type="way" ref="119887360" role=""/>
  <member type="way" ref="119887402" role=""/>
  <member type="way" ref="283108776" role=""/>
  <member type="way" ref="283108775" role=""/>
  <member type="way" ref="1163761251" role=""/>
  <member type="way" ref="1163761254" role=""/>
  <tag k="duration" v="01:07:00"/>
  <tag k="from" v="防府駅前"/>
  <tag k="gtfs:route_id" v="2229846746"/>
  <tag k="gtfs:shape_id" v="40001090"/>
  <tag k="name" v="Bus: 防府駅前→ゆめタウン山口→山口県庁前→山口大学"/>
  <tag k="network" v="防長線"/>
  <tag k="opening_hours" v="Mo-Fr 08:00-19:49; Sa-Su 08:00-19:11"/>
  <tag k="operator" v="中国ジェイアールバス"/>
  <tag k="operator:en" v="Chugoku JR Bus"/>
  <tag k="public_transport:version" v="2"/>
  <tag k="route" v="bus"/>
  <tag k="to" v="山口大学"/>
  <tag k="type" v="route"/>
  <tag k="via" v="ゆめタウン山口;山口県庁前"/>
 </relation>
 <relation id="15742101" visible="true" version="18" changeset="178047391" timestamp="2026-02-03T12:01:21Z" user="setowalker" uid="21720421">
  <member type="node" ref="9412086493" role="platform"/>
  <member type="node" ref="9412086492" role="platform"/>
  <member type="node" ref="9412086495" role="platform"/>
  <member type="node" ref="9412086497" role="platform"/>
  <member type="node" ref="9412086499" role="platform"/>
  <member type="node" ref="9412086502" role="platform"/>
  <member type="node" ref="9412086504" role="platform"/>
  <member type="node" ref="9412086506" role="platform"/>
  <member type="node" ref="9412086508" role="platform"/>
  <member type="node" ref="9412086510" role="platform"/>
  <member type="node" ref="9412086512" role="platform"/>
  <member type="node" ref="9412086528" role="platform"/>
  <member type="node" ref="9412086526" role="platform"/>
  <member type="node" ref="9412086523" role="platform"/>
  <member type="node" ref="9412086520" role="platform"/>
  <member type="node" ref="9412086519" role="platform"/>
  <member type="node" ref="9412086516" role="platform"/>
  <member type="node" ref="9412086514" role="platform"/>
  <member type="node" ref="9412086531" role="platform"/>
  <member type="node" ref="9412086533" role="platform"/>
  <member type="node" ref="9412086515" role="platform"/>
  <member type="node" ref="9412086535" role="platform"/>
  <member type="node" ref="9412086537" role="platform"/>
  <member type="node" ref="9412086539" role="platform"/>
  <member type="node" ref="9412086541" role="platform"/>
  <member type="node" ref="9412086543" role="platform"/>
  <member type="node" ref="9412086545" role="platform"/>
  <member type="node" ref="9412086547" role="platform"/>
  <member type="node" ref="9412086549" role="platform"/>
  <member type="node" ref="9412086551" role="platform"/>
  <member type="node" ref="9412086553" role="platform"/>
  <member type="node" ref="9412086555" role="platform"/>
  <member type="node" ref="9412086557" role="platform"/>
  <member type="node" ref="9412086559" role="platform"/>
  <member type="node" ref="9412086561" role="platform"/>
  <member type="node" ref="9412086563" role="platform"/>
  <member type="node" ref="9412086565" role="platform"/>
  <member type="node" ref="9412086567" role="platform"/>
  <member type="node" ref="9412086569" role="platform"/>
  <member type="node" ref="9412086571" role="platform"/>
  <member type="way" ref="119885969" role=""/>
  <member type="way" ref="119887402" role=""/>
  <member type="way" ref="119887360" role=""/>
  <member type="way" ref="119885381" role=""/>
  <member type="way" ref="119886472" role=""/>
  <member type="way" ref="119887315" role=""/>
  <member type="way" ref="119888475" role=""/>
  <member type="way" ref="119885217" role=""/>
  <member type="way" ref="1427055400" role=""/>
  <member type="way" ref="1161949597" role=""/>
  <member type="way" ref="119885215" role=""/>
  <member type="way" ref="119879037" role=""/>
  <member type="way" ref="119879116" role=""/>
  <member type="way" ref="119888155" role=""/>
  <member type="way" ref="119887610" role=""/>
  <member type="way" ref="119879071" role=""/>
  <member type="way" ref="1036697511" role=""/>
  <member type="way" ref="1036697510" role=""/>
  <member type="way" ref="1036697514" role=""/>
  <member type="way" ref="1036697512" role=""/>
  <member type="way" ref="1036697534" role=""/>
  <member type="way" ref="1036697525" role=""/>
  <member type="way" ref="119878656" role=""/>
  <member type="way" ref="119878549" role=""/>
  <member type="way" ref="119878523" role=""/>
  <member type="way" ref="1036697526" role=""/>
  <member type="way" ref="1036697532" role=""/>
  <member type="way" ref="1394161504" role=""/>
  <member type="way" ref="1036697531" role=""/>
  <member type="way" ref="1036697527" role=""/>
  <member type="way" ref="119879058" role=""/>
  <member type="way" ref="957726378" role=""/>
  <member type="way" ref="119885817" role=""/>
  <member type="way" ref="119886880" role=""/>
  <member type="way" ref="119888061" role=""/>
  <member type="way" ref="119886474" role=""/>
  <member type="way" ref="119887566" role=""/>
  <member type="way" ref="119887419" role=""/>
  <member type="way" ref="1163757165" role=""/>
  <member type="way" ref="1163757164" role=""/>
  <member type="way" ref="119887419" role=""/>
  <member type="way" ref="119885290" role=""/>
  <member type="way" ref="546317412" role=""/>
  <member type="way" ref="407829907" role=""/>
  <member type="way" ref="1473855298" role=""/>
  <member type="way" ref="1473855299" role=""/>
  <member type="way" ref="139849495" role=""/>
  <member type="way" ref="1420101861" role=""/>
  <member type="way" ref="1315033215" role=""/>
  <member type="way" ref="289348758" role=""/>
  <member type="way" ref="289348773" role=""/>
  <member type="way" ref="289348780" role=""/>
  <member type="way" ref="289348769" role=""/>
  <member type="way" ref="289348772" role=""/>
  <member type="way" ref="535381133" role=""/>
  <member type="way" ref="535381132" role=""/>
  <member type="way" ref="289348757" role=""/>
  <member type="way" ref="42403292" role=""/>
  <member type="way" ref="289348828" role=""/>
  <member type="way" ref="710577832" role=""/>
  <member type="way" ref="710577833" role=""/>
  <member type="way" ref="1163757160" role=""/>
  <member type="way" ref="710577836" role=""/>
  <member type="way" ref="552730769" role=""/>
  <member type="way" ref="552730766" role=""/>
  <member type="way" ref="1315019735" role=""/>
  <member type="way" ref="361731287" role=""/>
  <member type="way" ref="1420856718" role=""/>
  <member type="way" ref="361731290" role=""/>
  <member type="way" ref="77178773" role=""/>
  <member type="way" ref="957733672" role=""/>
  <member type="way" ref="646777796" role=""/>
  <tag k="duration" v="01:12:00"/>
  <tag k="from" v="山口大学"/>
  <tag k="gtfs:route_id" v="2229846746"/>
  <tag k="gtfs:shape_id" v="40001099"/>
  <tag k="name" v="Bus: 山口大学→山口県庁前→ゆめタウン山口→防府駅"/>
  <tag k="network" v="防長線"/>
  <tag k="opening_hours" v="Mo-Fr 06:55-20:40; Sa-Su 06:55-19:42"/>
  <tag k="operator" v="中国ジェイアールバス"/>
  <tag k="operator:en" v="Chugoku JR Bus"/>
  <tag k="public_transport:version" v="2"/>
  <tag k="route" v="bus"/>
  <tag k="to" v="防府駅"/>
  <tag k="type" v="route"/>
  <tag k="via" v="山口県庁前;ゆめタウン山口"/>
 </relation>
 <relation id="15742102" visible="true" version="18" changeset="172594622" timestamp="2025-09-29T06:10:24Z" user="taketaketake" uid="4757277">
  <member type="node" ref="9412086570" role="platform"/>
  <member type="node" ref="9412086568" role="platform"/>
  <member type="node" ref="9412086566" role="platform"/>
  <member type="node" ref="9412086564" role="platform"/>
  <member type="node" ref="9412086562" role="platform"/>
  <member type="node" ref="9412086342" role="platform"/>
  <member type="node" ref="9412086340" role="platform"/>
  <member type="node" ref="9412086337" role="platform"/>
  <member type="node" ref="9412086339" role="platform"/>
  <member type="node" ref="9412086341" role="platform"/>
  <member type="node" ref="9412086560" role="platform"/>
  <member type="node" ref="9412086558" role="platform"/>
  <member type="node" ref="9412086556" role="platform"/>
  <member type="node" ref="9412086554" role="platform"/>
  <member type="node" ref="9412086552" role="platform"/>
  <member type="node" ref="9412086550" role="platform"/>
  <member type="node" ref="9412086548" role="platform"/>
  <member type="node" ref="9412086546" role="platform"/>
  <member type="node" ref="9412086544" role="platform"/>
  <member type="node" ref="9412086542" role="platform"/>
  <member type="node" ref="9412086540" role="platform"/>
  <member type="node" ref="9412086538" role="platform"/>
  <member type="node" ref="9412086536" role="platform"/>
  <member type="node" ref="9412086534" role="platform"/>
  <member type="node" ref="9412086346" role="platform"/>
  <member type="node" ref="9412086515" role="platform"/>
  <member type="node" ref="9412086532" role="platform"/>
  <member type="node" ref="9412086530" role="platform"/>
  <member type="node" ref="9412086513" role="platform"/>
  <member type="node" ref="9412086517" role="platform"/>
  <member type="node" ref="9412086518" role="platform"/>
  <member type="node" ref="9412086521" role="platform"/>
  <member type="node" ref="9412086522" role="platform"/>
  <member type="node" ref="9412086525" role="platform"/>
  <member type="node" ref="9412086527" role="platform"/>
  <member type="node" ref="9412086511" role="platform"/>
  <member type="node" ref="9412086509" role="platform"/>
  <member type="node" ref="9412086507" role="platform"/>
  <member type="node" ref="9412086505" role="platform"/>
  <member type="node" ref="9412086503" role="platform"/>
  <member type="node" ref="9412086500" role="platform"/>
  <member type="node" ref="9412086498" role="platform"/>
  <member type="node" ref="9412086496" role="platform"/>
  <member type="node" ref="9412086494" role="platform"/>
  <member type="node" ref="9412086493" role="platform"/>
  <member type="way" ref="357194915" role=""/>
  <member type="way" ref="357194913" role=""/>
  <member type="way" ref="957733672" role=""/>
  <member type="way" ref="77178773" role=""/>
  <member type="way" ref="361731290" role=""/>
  <member type="way" ref="1420856717" role=""/>
  <member type="way" ref="1122925019" role=""/>
  <member type="way" ref="361731281" role=""/>
  <member type="way" ref="361731282" role=""/>
  <member type="way" ref="361731280" role=""/>
  <member type="way" ref="119986970" role=""/>
  <member type="way" ref="710577835" role=""/>
  <member type="way" ref="1163757171" role=""/>
  <member type="way" ref="119986480" role=""/>
  <member type="way" ref="1163757168" role=""/>
  <member type="way" ref="1163757169" role=""/>
  <member type="way" ref="1163757168" role=""/>
  <member type="way" ref="119986480" role=""/>
  <member type="way" ref="710577834" role=""/>
  <member type="way" ref="710577831" role=""/>
  <member type="way" ref="710577830" role=""/>
  <member type="way" ref="119885470" role=""/>
  <member type="way" ref="119886915" role=""/>
  <member type="way" ref="535381131" role=""/>
  <member type="way" ref="535381134" role=""/>
  <member type="way" ref="289348800" role=""/>
  <member type="way" ref="289348803" role=""/>
  <member type="way" ref="289348808" role=""/>
  <member type="way" ref="289348798" role=""/>
  <member type="way" ref="289348809" role=""/>
  <member type="way" ref="1315033214" role=""/>
  <member type="way" ref="289348802" role=""/>
  <member type="way" ref="1420101860" role=""/>
  <member type="way" ref="289348826" role=""/>
  <member type="way" ref="119887013" role=""/>
  <member type="way" ref="552482886" role=""/>
  <member type="way" ref="546317412" role=""/>
  <member type="way" ref="119885290" role=""/>
  <member type="way" ref="119887419" role=""/>
  <member type="way" ref="1163757165" role=""/>
  <member type="way" ref="1163757164" role=""/>
  <member type="way" ref="119887419" role=""/>
  <member type="way" ref="119887566" role=""/>
  <member type="way" ref="119886474" role=""/>
  <member type="way" ref="119888061" role=""/>
  <member type="way" ref="119886880" role=""/>
  <member type="way" ref="119885817" role=""/>
  <member type="way" ref="957726378" role=""/>
  <member type="way" ref="119879058" role=""/>
  <member type="way" ref="1036697530" role=""/>
  <member type="way" ref="1036697526" role=""/>
  <member type="way" ref="1036697532" role=""/>
  <member type="way" ref="1394161504" role=""/>
  <member type="way" ref="1036697531" role=""/>
  <member type="way" ref="1163757161" role=""/>
  <member type="way" ref="1036697528" role=""/>
  <member type="way" ref="1036697526" role=""/>
  <member type="way" ref="119878523" role=""/>
  <member type="way" ref="517552886" role=""/>
  <member type="way" ref="119878656" role=""/>
  <member type="way" ref="1036697525" role=""/>
  <member type="way" ref="1036697534" role=""/>
  <member type="way" ref="1036697533" role=""/>
  <member type="way" ref="1036697512" role=""/>
  <member type="way" ref="1036697534" role=""/>
  <member type="way" ref="1036697525" role=""/>
  <member type="way" ref="119878656" role=""/>
  <member type="way" ref="1036697524" role=""/>
  <member type="way" ref="119879071" role=""/>
  <member type="way" ref="119887610" role=""/>
  <member type="way" ref="119888155" role=""/>
  <member type="way" ref="119879116" role=""/>
  <member type="way" ref="119879037" role=""/>
  <member type="way" ref="119885215" role=""/>
  <member type="way" ref="1161949597" role=""/>
  <member type="way" ref="1427055400" role=""/>
  <member type="way" ref="119885217" role=""/>
  <member type="way" ref="119888475" role=""/>
  <member type="way" ref="119887315" role=""/>
  <member type="way" ref="119886472" role=""/>
  <member type="way" ref="119885381" role=""/>
  <member type="way" ref="119887360" role=""/>
  <member type="way" ref="119887402" role=""/>
  <member type="way" ref="283108776" role=""/>
  <member type="way" ref="283108775" role=""/>
  <member type="way" ref="1163761251" role=""/>
  <member type="way" ref="1163761254" role=""/>
  <tag k="duration" v="01:19:00"/>
  <tag k="from" v="防府駅前"/>
  <tag k="gtfs:route_id" v="2229846746"/>
  <tag k="gtfs:shape_id" v="40001350"/>
  <tag k="name" v="Bus: 防府駅前→総合医療センター前→ゆめタウン山口→山口県庁前→山口大学"/>
  <tag k="network" v="防長線"/>
  <tag k="opening_hours" v="Mo-Fr 10:35-20:25; Sa-Su 10:35-20:22"/>
  <tag k="operator" v="中国ジェイアールバス"/>
  <tag k="operator:en" v="Chugoku JR Bus"/>
  <tag k="public_transport:version" v="2"/>
  <tag k="route" v="bus"/>
  <tag k="to" v="山口大学"/>
  <tag k="type" v="route"/>
  <tag k="via" v="総合医療センター前;ゆめタウン山口;山口県庁前"/>
 </relation>
 <relation id="15742103" visible="true" version="19" changeset="178047391" timestamp="2026-02-03T12:01:21Z" user="setowalker" uid="21720421">
  <member type="node" ref="9412086493" role="platform"/>
  <member type="node" ref="9412086492" role="platform"/>
  <member type="node" ref="9412086495" role="platform"/>
  <member type="node" ref="9412086497" role="platform"/>
  <member type="node" ref="9412086499" role="platform"/>
  <member type="node" ref="9412086502" role="platform"/>
  <member type="node" ref="9412086504" role="platform"/>
  <member type="node" ref="9412086506" role="platform"/>
  <member type="node" ref="9412086508" role="platform"/>
  <member type="node" ref="9412086510" role="platform"/>
  <member type="node" ref="9412086512" role="platform"/>
  <member type="node" ref="9412086528" role="platform"/>
  <member type="node" ref="9412086526" role="platform"/>
  <member type="node" ref="9412086523" role="platform"/>
  <member type="node" ref="9412086520" role="platform"/>
  <member type="node" ref="9412086519" role="platform"/>
  <member type="node" ref="9412086516" role="platform"/>
  <member type="node" ref="9412086514" role="platform"/>
  <member type="node" ref="9412086531" role="platform"/>
  <member type="node" ref="9412086533" role="platform"/>
  <member type="node" ref="9412086515" role="platform"/>
  <member type="node" ref="9412086535" role="platform"/>
  <member type="node" ref="9412086537" role="platform"/>
  <member type="node" ref="9412086539" role="platform"/>
  <member type="node" ref="9412086541" role="platform"/>
  <member type="node" ref="9412086543" role="platform"/>
  <member type="node" ref="9412086545" role="platform"/>
  <member type="node" ref="9412086547" role="platform"/>
  <member type="node" ref="9412086549" role="platform"/>
  <member type="node" ref="9412086551" role="platform"/>
  <member type="node" ref="9412086553" role="platform"/>
  <member type="node" ref="9412086555" role="platform"/>
  <member type="node" ref="9412086557" role="platform"/>
  <member type="node" ref="9412086559" role="platform"/>
  <member type="node" ref="9412086561" role="platform"/>
  <member type="node" ref="9412086342" role="platform"/>
  <member type="node" ref="9412086340" role="platform"/>
  <member type="node" ref="9412086338" role="platform"/>
  <member type="node" ref="9412086339" role="platform"/>
  <member type="node" ref="9412086341" role="platform"/>
  <member type="node" ref="9412086563" role="platform"/>
  <member type="node" ref="9412086565" role="platform"/>
  <member type="node" ref="9412086567" role="platform"/>
  <member type="node" ref="9412086569" role="platform"/>
  <member type="node" ref="9412086571" role="platform"/>
  <member type="way" ref="119885969" role=""/>
  <member type="way" ref="119887402" role=""/>
  <member type="way" ref="119887360" role=""/>
  <member type="way" ref="119885381" role=""/>
  <member type="way" ref="119886472" role=""/>
  <member type="way" ref="119887315" role=""/>
  <member type="way" ref="119888475" role=""/>
  <member type="way" ref="119885217" role=""/>
  <member type="way" ref="1427055400" role=""/>
  <member type="way" ref="1161949597" role=""/>
  <member type="way" ref="119885215" role=""/>
  <member type="way" ref="119879037" role=""/>
  <member type="way" ref="119879116" role=""/>
  <member type="way" ref="119888155" role=""/>
  <member type="way" ref="119887610" role=""/>
  <member type="way" ref="119879071" role=""/>
  <member type="way" ref="1036697511" role=""/>
  <member type="way" ref="1036697510" role=""/>
  <member type="way" ref="1036697514" role=""/>
  <member type="way" ref="1036697512" role=""/>
  <member type="way" ref="1036697534" role=""/>
  <member type="way" ref="1036697525" role=""/>
  <member type="way" ref="119878656" role=""/>
  <member type="way" ref="119878549" role=""/>
  <member type="way" ref="119878523" role=""/>
  <member type="way" ref="1036697526" role=""/>
  <member type="way" ref="1036697532" role=""/>
  <member type="way" ref="1394161504" role=""/>
  <member type="way" ref="1036697531" role=""/>
  <member type="way" ref="1036697527" role=""/>
  <member type="way" ref="119879058" role=""/>
  <member type="way" ref="957726378" role=""/>
  <member type="way" ref="119885817" role=""/>
  <member type="way" ref="119886880" role=""/>
  <member type="way" ref="119888061" role=""/>
  <member type="way" ref="119886474" role=""/>
  <member type="way" ref="119887566" role=""/>
  <member type="way" ref="119887419" role=""/>
  <member type="way" ref="1163757165" role=""/>
  <member type="way" ref="1163757164" role=""/>
  <member type="way" ref="119887419" role=""/>
  <member type="way" ref="119885290" role=""/>
  <member type="way" ref="546317412" role=""/>
  <member type="way" ref="407829907" role=""/>
  <member type="way" ref="1473855298" role=""/>
  <member type="way" ref="1473855299" role=""/>
  <member type="way" ref="139849495" role=""/>
  <member type="way" ref="1420101861" role=""/>
  <member type="way" ref="1315033215" role=""/>
  <member type="way" ref="289348758" role=""/>
  <member type="way" ref="289348773" role=""/>
  <member type="way" ref="289348780" role=""/>
  <member type="way" ref="289348769" role=""/>
  <member type="way" ref="289348772" role=""/>
  <member type="way" ref="535381133" role=""/>
  <member type="way" ref="535381132" role=""/>
  <member type="way" ref="289348757" role=""/>
  <member type="way" ref="42403292" role=""/>
  <member type="way" ref="289348828" role=""/>
  <member type="way" ref="710577832" role=""/>
  <member type="way" ref="710577833" role=""/>
  <member type="way" ref="119990501" role=""/>
  <member type="way" ref="119986480" role=""/>
  <member type="way" ref="1163757168" role=""/>
  <member type="way" ref="1163757169" role=""/>
  <member type="way" ref="1163757168" role=""/>
  <member type="way" ref="119986480" role=""/>
  <member type="way" ref="119990501" role=""/>
  <member type="way" ref="1163757160" role=""/>
  <member type="way" ref="710577836" role=""/>
  <member type="way" ref="552730769" role=""/>
  <member type="way" ref="552730766" role=""/>
  <member type="way" ref="1315019735" role=""/>
  <member type="way" ref="361731287" role=""/>
  <member type="way" ref="1420856718" role=""/>
  <member type="way" ref="361731290" role=""/>
  <member type="way" ref="77178773" role=""/>
  <member type="way" ref="957733672" role=""/>
  <member type="way" ref="646777796" role=""/>
  <tag k="duration" v="01:13:00"/>
  <tag k="from" v="山口大学"/>
  <tag k="gtfs:route_id" v="2229846746"/>
  <tag k="gtfs:shape_id" v="40001359"/>
  <tag k="name" v="Bus: 山口大学→山口県庁前→ゆめタウン山口→総合医療センター前→防府駅"/>
  <tag k="network" v="防長線"/>
  <tag k="opening_hours" v="Mo-Fr 10:35-20:25; Sa-Su 08:15-10:15"/>
  <tag k="operator" v="中国ジェイアールバス"/>
  <tag k="operator:en" v="Chugoku JR Bus"/>
  <tag k="public_transport:version" v="2"/>
  <tag k="route" v="bus"/>
  <tag k="to" v="防府駅"/>
  <tag k="type" v="route"/>
  <tag k="via" v="山口県庁前;ゆめタウン山口;総合医療センター前"/>
 </relation>
 <relation id="15742104" visible="true" version="1" changeset="135081958" timestamp="2023-04-19T01:53:23Z" user="okadatsuneo_import" uid="12352917">
  <member type="relation" ref="15742103" role=""/>
  <member type="relation" ref="15742102" role=""/>
  <member type="relation" ref="15742101" role=""/>
  <member type="relation" ref="15742100" role=""/>
  <member type="relation" ref="15742099" role=""/>
  <member type="relation" ref="15742098" role=""/>
  <member type="relation" ref="15742097" role=""/>
  <member type="relation" ref="15742096" role=""/>
  <tag k="name" v="Bus: 防府駅前&lt;-&gt;山口大学"/>
  <tag k="network" v="防長線"/>
  <tag k="operator" v="中国ジェイアールバス"/>
  <tag k="operator:en" v="Chugoku JR Bus"/>
  <tag k="route_master" v="bus"/>
  <tag k="type" v="route_master"/>
 </relation>
 <relation id="16385177" visible="true" version="6" changeset="141806225" timestamp="2023-09-27T08:01:07Z" user="FallingPeppers" uid="19745387">
  <member type="way" ref="1211173368" role="outer"/>
  <member type="way" ref="1211173374" role="outer"/>
  <member type="way" ref="1211173361" role="outer"/>
  <member type="way" ref="1211173362" role="outer"/>
  <member type="way" ref="1211173375" role="outer"/>
  <member type="node" ref="9218352722" role="label"/>
  <tag k="admin_level" v="10"/>
  <tag k="boundary" v="administrative"/>
  <tag k="name" v="湯田温泉１"/>
  <tag k="name:en" v="Yudaonsen 1"/>
  <tag k="type" v="boundary"/>
 </relation>
 <relation id="16385179" visible="true" version="5" changeset="141805674" timestamp="2023-09-27T07:49:33Z" user="FallingPeppers" uid="19745387">
  <member type="way" ref="1211173377" role="outer"/>
  <member type="way" ref="1211173368" role="outer"/>
  <member type="way" ref="1211173373" role="outer"/>
  <member type="way" ref="1211173370" role="outer"/>
  <member type="node" ref="9218352720" role="label"/>
  <tag k="admin_level" v="10"/>
  <tag k="boundary" v="administrative"/>
  <tag k="name" v="湯田温泉３"/>
  <tag k="name:en" v="Yudaonsen 3"/>
  <tag k="type" v="boundary"/>
 </relation>
 <relation id="16385183" visible="true" version="6" changeset="141956296" timestamp="2023-09-30T15:23:31Z" user="FallingPeppers" uid="19745387">
  <member type="node" ref="11221615751" role="label"/>
  <member type="way" ref="1211173366" role="outer"/>
  <member type="way" ref="1211192321" role="outer"/>
  <member type="way" ref="1211173365" role="outer"/>
  <member type="way" ref="1211173359" role="outer"/>
  <member type="way" ref="1211173360" role="outer"/>
  <member type="way" ref="1211173361" role="outer"/>
  <member type="way" ref="1211173362" role="outer"/>
  <member type="way" ref="1211173375" role="outer"/>
  <member type="way" ref="1211173377" role="outer"/>
  <member type="way" ref="1211173376" role="outer"/>
  <member type="way" ref="1211173378" role="outer"/>
  <member type="way" ref="1211173379" role="outer"/>
  <member type="way" ref="1211173371" role="outer"/>
  <member type="way" ref="1211173380" role="outer"/>
  <member type="way" ref="1211173381" role="outer"/>
  <member type="way" ref="1211192315" role="outer"/>
  <member type="way" ref="1211173382" role="outer"/>
  <member type="relation" ref="16385181" role="subarea"/>
  <member type="relation" ref="16385182" role="subarea"/>
  <member type="relation" ref="16385180" role="subarea"/>
  <member type="relation" ref="16385179" role="subarea"/>
  <member type="relation" ref="16385177" role="subarea"/>
  <member type="relation" ref="16385178" role="subarea"/>
  <tag k="admin_level" v="9"/>
  <tag k="boundary" v="administrative"/>
  <tag k="name" v="湯田温泉"/>
  <tag k="name:en" v="Yudaonsen"/>
  <tag k="type" v="boundary"/>
 </relation>
 <relation id="16386866" visible="true" version="1" changeset="141812315" timestamp="2023-09-27T10:22:47Z" user="FallingPeppers" uid="19745387">
  <member type="node" ref="9218352760" role="label"/>
  <member type="way" ref="1211225669" role="outer"/>
  <member type="way" ref="1211225668" role="outer"/>
  <member type="way" ref="1211173375" role="outer"/>
  <member type="way" ref="1211225665" role="outer"/>
  <member type="way" ref="1211225667" role="outer"/>
  <tag k="admin_level" v="10"/>
  <tag k="boundary" v="administrative"/>
  <tag k="name" v="泉都町"/>
  <tag k="name:en" v="Sentocho"/>
  <tag k="type" v="boundary"/>
 </relation>
 <relation id="16386867" visible="true" version="2" changeset="141847460" timestamp="2023-09-28T05:58:07Z" user="FallingPeppers" uid="19745387">
  <member type="node" ref="9218352782" role="label"/>
  <member type="way" ref="1211173377" role="outer"/>
  <member type="way" ref="1211173376" role="outer"/>
  <member type="way" ref="1211225672" role="outer"/>
  <member type="way" ref="1211225671" role="outer"/>
  <member type="way" ref="1211506207" role="outer"/>
  <member type="way" ref="1211225670" role="outer"/>
  <member type="way" ref="1211225668" role="outer"/>
  <tag k="admin_level" v="10"/>
  <tag k="boundary" v="administrative"/>
  <tag k="name" v="熊野町"/>
  <tag k="name:en" v="Kumanocho"/>
  <tag k="type" v="boundary"/>
 </relation>
 <relation id="19563522" visible="true" version="2" changeset="171440305" timestamp="2025-09-04T08:29:55Z" user="taketaketake" uid="4757277">
  <member type="way" ref="1427034903" role=""/>
  <member type="way" ref="1427034904" role=""/>
  <member type="way" ref="119974765" role=""/>
  <member type="way" ref="119974388" role=""/>
  <member type="way" ref="1427034905" role=""/>
  <member type="way" ref="312673231" role=""/>
  <member type="way" ref="312673221" role=""/>
  <member type="way" ref="312673220" role=""/>
  <member type="way" ref="501321456" role=""/>
  <member type="way" ref="119885495" role=""/>
  <member type="way" ref="119885871" role=""/>
  <member type="way" ref="119887850" role=""/>
  <member type="way" ref="119885316" role=""/>
  <member type="way" ref="119887360" role=""/>
  <member type="way" ref="119885381" role=""/>
  <member type="way" ref="119886472" role=""/>
  <member type="way" ref="119887315" role=""/>
  <member type="way" ref="119888475" role=""/>
  <member type="way" ref="119885217" role=""/>
  <member type="way" ref="1427055400" role=""/>
  <member type="way" ref="1161949597" role=""/>
  <member type="way" ref="119885215" role=""/>
  <member type="way" ref="313215954" role=""/>
  <member type="way" ref="1315871121" role=""/>
  <member type="way" ref="313215953" role=""/>
  <member type="way" ref="1215930726" role=""/>
  <member type="way" ref="1215930720" role=""/>
  <member type="way" ref="1215930724" role=""/>
  <member type="way" ref="1215930725" role=""/>
  <tag k="from" v="山口県山口市陶"/>
  <tag k="name" v="山口県道200号　陶湯田線"/>
  <tag k="name:en" v="Yamaguchi Prefectural Route 200 Sue Yuda Line"/>
  <tag k="name:ja" v="山口県道200号　陶湯田線"/>
  <tag k="name:ja-Hira" v="やまぐちけんどう200ごう　すえゆだせん"/>
  <tag k="name:ja_rm" v="Yamaguchikendō 200-gō Sue Yuda-sen"/>
  <tag k="network" v="JP:prefectural"/>
  <tag k="ref" v="200"/>
  <tag k="route" v="road"/>
  <tag k="to" v="山口県山口市神田町"/>
  <tag k="type" v="route"/>
  <tag k="wikidata" v="Q11467188"/>
  <tag k="wikipedia" v="ja:山口県道200号陶湯田線"/>
 </relation>
 <relation id="19563808" visible="true" version="1" changeset="171438115" timestamp="2025-09-04T07:35:56Z" user="taketaketake" uid="4757277">
  <member type="way" ref="119878467" role=""/>
  <member type="way" ref="119878796" role=""/>
  <member type="way" ref="1036709690" role=""/>
  <member type="way" ref="119878679" role=""/>
  <member type="way" ref="119878779" role=""/>
  <member type="way" ref="1036709691" role=""/>
  <member type="way" ref="119878619" role=""/>
  <member type="way" ref="119878533" role=""/>
  <member type="way" ref="119878507" role=""/>
  <member type="way" ref="1036697523" role=""/>
  <member type="way" ref="119879037" role=""/>
  <member type="way" ref="119885215" role=""/>
  <member type="way" ref="1161949597" role=""/>
  <member type="way" ref="119885925" role=""/>
  <member type="way" ref="119886658" role=""/>
  <member type="way" ref="119886196" role=""/>
  <member type="way" ref="119887138" role=""/>
  <member type="way" ref="119885715" role=""/>
  <member type="way" ref="119888579" role=""/>
  <member type="way" ref="119885225" role=""/>
  <tag k="from" v="山口県山口市宮野下"/>
  <tag k="name" v="山口県道204号　宮野大歳線"/>
  <tag k="name:en" v="Yamaguchi Prefectural Route 204 Miyano Otoshi Line"/>
  <tag k="name:ja" v="山口県道204号　宮野大歳線"/>
  <tag k="name:ja-Hira" v="やまぐちけんどう204ごう みやのおおとしせん"/>
  <tag k="name:ja_rm" v="Yamaguchikendō 204-gō Miyano Ōtoshi-sen"/>
  <tag k="network" v="JP:prefectural"/>
  <tag k="ref" v="204"/>
  <tag k="route" v="road"/>
  <tag k="to" v="山口県山口市朝田"/>
  <tag k="type" v="route"/>
  <tag k="wikidata" v="Q11467194"/>
  <tag k="wikipedia" v="ja:山口県道204号宮野大歳線"/>
 </relation>
</osm>
