<?xml version="1.0" encoding="UTF-8"?>
<osm version="0.6" generator="openstreetmap-cgimap 2.1.0 (2942790 spike-08.openstreetmap.org)" copyright="OpenStreetMap and contributors" attribution="http://www.openstreetmap.org/copyright" license="http://opendatacommons.org/licenses/odbl/1-0/">
 <bounds minlat="34.1625684" minlon="131.4539689" maxlat="34.1649684" maxlon="131.4569689"/>
 <node id="748902013" visible="true" version="4" changeset="15455495" timestamp="2013-03-22T15:08:30Z" user="mklyr" uid="614924" lat="34.1597201" lon="131.4459712"/>
 <node id="748912205" visible="true" version="4" changeset="28729558" timestamp="2015-02-09T15:03:00Z" user="mklyr" uid="614924" lat="34.1640978" lon="131.4548375"/>
 <node id="748916782" visible="true" version="4" changeset="15455495" timestamp="2013-03-22T15:08:30Z" user="mklyr" uid="614924" lat="34.1559668" lon="131.4445321"/>
 <node id="748943860" visible="true" version="3" changeset="11104132" timestamp="2012-03-26T10:55:49Z" user="mklyr" uid="614924" lat="34.1643054" lon="131.4538314"/>
 <node id="748957628" visible="true" version="3" changeset="11104132" timestamp="2012-03-26T10:55:45Z" user="mklyr" uid="614924" lat="34.1642378" lon="131.4516352"/>
 <node id="748983626" visible="true" version="4" changeset="15455495" timestamp="2013-03-22T15:08:31Z" user="mklyr" uid="614924" lat="34.1604616" lon="131.4464507"/>
 <node id="749067305" visible="true" version="5" changeset="70589558" timestamp="2019-05-24T14:54:43Z" user="punipuni023" uid="10023020" lat="34.1556465" lon="131.4433736"/>
 <node id="749074519" visible="true" version="4" changeset="15455495" timestamp="2013-03-22T15:08:31Z" user="mklyr" uid="614924" lat="34.1602514" lon="131.4462447"/>
 <node id="749085919" visible="true" version="3" changeset="11104132" timestamp="2012-03-26T10:55:58Z" user="mklyr" uid="614924" lat="34.1642990" lon="131.4551332"/>
 <node id="749092509" visible="true" version="3" changeset="11104132" timestamp="2012-03-26T10:55:58Z" user="mklyr" uid="614924" lat="34.1563127" lon="131.4448563"/>
 <node id="749107981" visible="true" version="3" changeset="11104132" timestamp="2012-03-26T10:55:49Z" user="mklyr" uid="614924" lat="34.1643507" lon="131.4531763"/>
 <node id="749122998" visible="true" version="3" changeset="11104132" timestamp="2012-03-26T10:56:03Z" user="mklyr" uid="614924" lat="34.1636177" lon="131.4506963"/>
 <node id="749159831" visible="true" version="3" changeset="11104132" timestamp="2012-03-26T10:55:44Z" user="mklyr" uid="614924" lat="34.1644097" lon="131.4520691"/>
 <node id="749196369" visible="true" version="3" changeset="11104132" timestamp="2012-03-26T10:55:54Z" user="mklyr" uid="614924" lat="34.1609047" lon="131.4470353"/>
 <node id="749290145" visible="true" version="4" changeset="28729558" timestamp="2015-02-09T15:03:00Z" user="mklyr" uid="614924" lat="34.1640095" lon="131.4547069"/>
 <node id="749296053" visible="true" version="4" changeset="15455495" timestamp="2013-03-22T15:08:31Z" user="mklyr" uid="614924" lat="34.1558026" lon="131.4441885"/>
 <node id="749314380" visible="true" version="3" changeset="11104132" timestamp="2012-03-26T10:55:58Z" user="mklyr" uid="614924" lat="34.1569187" lon="131.4451163"/>
 <node id="749329214" visible="true" version="3" changeset="11104132" timestamp="2012-03-26T10:56:04Z" user="mklyr" uid="614924" lat="34.1643757" lon="131.4536373"/>
 <node id="749344118" visible="true" version="3" changeset="11104132" timestamp="2012-03-26T10:55:58Z" user="mklyr" uid="614924" lat="34.1641627" lon="131.4514995"/>
 <node id="749384653" visible="true" version="3" changeset="11104132" timestamp="2012-03-26T10:55:58Z" user="mklyr" uid="614924" lat="34.1644136" lon="131.4526346"/>
 <node id="749506511" visible="true" version="3" changeset="11104132" timestamp="2012-03-26T10:55:53Z" user="mklyr" uid="614924" lat="34.1600597" lon="131.4461333"/>
 <node id="749550774" visible="true" version="3" changeset="11104132" timestamp="2012-03-26T10:55:48Z" user="mklyr" uid="614924" lat="34.1561247" lon="131.4447413"/>
 <node id="749566652" visible="true" version="3" changeset="11104132" timestamp="2012-03-26T10:55:44Z" user="mklyr" uid="614924" lat="34.1643398" lon="131.4528579"/>
 <node id="749590719" visible="true" version="3" changeset="11104132" timestamp="2012-03-26T10:55:59Z" user="mklyr" uid="614924" lat="34.1642349" lon="131.4540046"/>
 <node id="749609457" visible="true" version="3" changeset="11104132" timestamp="2012-03-26T10:55:49Z" user="mklyr" uid="614924" lat="34.1643097" lon="131.4517933"/>
 <node id="749768059" visible="true" version="4" changeset="28729558" timestamp="2015-02-09T15:03:00Z" user="mklyr" uid="614924" lat="34.1639715" lon="131.4546013"/>
 <node id="749773561" visible="true" version="4" changeset="15455495" timestamp="2013-03-22T15:08:31Z" user="mklyr" uid="614924" lat="34.1557627" lon="131.4439123"/>
 <node id="749789231" visible="true" version="4" changeset="15455495" timestamp="2013-03-22T15:08:31Z" user="mklyr" uid="614924" lat="34.1565722" lon="131.4449977"/>
 <node id="749798256" visible="true" version="3" changeset="11104132" timestamp="2012-03-26T10:55:44Z" user="mklyr" uid="614924" lat="34.1643837" lon="131.4534573"/>
 <node id="749804201" visible="true" version="3" changeset="11104132" timestamp="2012-03-26T10:55:45Z" user="mklyr" uid="614924" lat="34.1639737" lon="131.4511983"/>
 <node id="749810147" visible="true" version="4" changeset="28729558" timestamp="2015-02-09T15:03:00Z" user="mklyr" uid="614924" lat="34.1640670" lon="131.4543391"/>
 <node id="749817017" visible="true" version="3" changeset="11104132" timestamp="2012-03-26T10:55:44Z" user="mklyr" uid="614924" lat="34.1644594" lon="131.4523778"/>
 <node id="749875645" visible="true" version="4" changeset="38091565" timestamp="2016-03-26T22:44:49Z" user="freshcl" uid="1204536" lat="34.1655032" lon="131.4569439"/>
 <node id="1345515019" visible="true" version="2" changeset="11104132" timestamp="2012-03-26T10:08:16Z" user="mklyr" uid="614924" lat="34.1644322" lon="131.4575593"/>
 <node id="1345515309" visible="true" version="4" changeset="39214500" timestamp="2016-05-10T12:00:29Z" user="mklyr" uid="614924" lat="34.1646464" lon="131.4531218"/>
 <node id="1345515434" visible="true" version="6" changeset="72077392" timestamp="2019-07-10T04:44:02Z" user="hibagonsan" uid="5939709" lat="34.1654808" lon="131.4549838"/>
 <node id="1345516669" visible="true" version="5" changeset="39214500" timestamp="2016-05-10T12:00:34Z" user="mklyr" uid="614924" lat="34.1638484" lon="131.4534555"/>
 <node id="1345516775" visible="true" version="6" changeset="39214500" timestamp="2016-05-10T12:00:35Z" user="mklyr" uid="614924" lat="34.1645913" lon="131.4527071">
  <tag k="highway" v="traffic_signals"/>
 </node>
 <node id="1345516929" visible="true" version="4" changeset="39214500" timestamp="2016-05-10T12:00:35Z" user="mklyr" uid="614924" lat="34.1647461" lon="131.4572307"/>
 <node id="1345517068" visible="true" version="4" changeset="39214500" timestamp="2016-05-10T12:00:36Z" user="mklyr" uid="614924" lat="34.1646766" lon="131.4533592"/>
 <node id="1345517084" visible="true" version="3" changeset="69586656" timestamp="2019-04-26T04:39:04Z" user="hibagonsan" uid="5939709" lat="34.1655231" lon="131.4533359"/>
 <node id="1345517738" visible="true" version="5" changeset="39214500" timestamp="2016-05-10T12:00:39Z" user="mklyr" uid="614924" lat="34.1617668" lon="131.4513227"/>
 <node id="1345517995" visible="true" version="6" changeset="39214500" timestamp="2016-05-10T12:00:41Z" user="mklyr" uid="614924" lat="34.1602959" lon="131.4477738">
  <tag k="highway" v="traffic_signals"/>
 </node>
 <node id="1345519073" visible="true" version="3" changeset="39214500" timestamp="2016-05-10T12:00:44Z" user="mklyr" uid="614924" lat="34.1642684" lon="131.4530365"/>
 <node id="1345519339" visible="true" version="6" changeset="69589451" timestamp="2019-04-26T07:06:36Z" user="hibagonsan" uid="5939709" lat="34.1626009" lon="131.4533287"/>
 <node id="1345519686" visible="true" version="4" changeset="38091565" timestamp="2016-03-26T22:44:49Z" user="freshcl" uid="1204536" lat="34.1647131" lon="131.4557882"/>
 <node id="1345520205" visible="true" version="3" changeset="39214500" timestamp="2016-05-10T12:00:47Z" user="mklyr" uid="614924" lat="34.1637632" lon="131.4567152"/>
 <node id="1345520609" visible="true" version="6" changeset="68400947" timestamp="2019-03-22T08:16:38Z" user="yoshitk" uid="1003241" lat="34.1640734" lon="131.4548750"/>
 <node id="1345520946" visible="true" version="3" changeset="38091565" timestamp="2016-03-26T22:44:49Z" user="freshcl" uid="1204536" lat="34.1653448" lon="131.4566581"/>
 <node id="1345522542" visible="true" version="4" changeset="71694983" timestamp="2019-06-28T06:13:45Z" user="hibagonsan" uid="5939709" lat="34.1660491" lon="131.4528278"/>
 <node id="1345523402" visible="true" version="5" changeset="171440305" timestamp="2025-09-04T08:29:55Z" user="taketaketake" uid="4757277" lat="34.1626572" lon="131.4548409"/>
 <node id="1345523491" visible="true" version="2" changeset="39214500" timestamp="2016-05-10T12:00:57Z" user="mklyr" uid="614924" lat="34.1633433" lon="131.4571992"/>
 <node id="1345524294" visible="true" version="4" changeset="39214500" timestamp="2016-05-10T12:01:01Z" user="mklyr" uid="614924" lat="34.1647575" lon="131.4537633"/>
 <node id="1345524603" visible="true" version="8" changeset="171440305" timestamp="2025-09-04T08:29:55Z" user="taketaketake" uid="4757277" lat="34.1634039" lon="131.4539512"/>
 <node id="1345524710" visible="true" version="9" changeset="180186891" timestamp="2026-03-21T05:22:37Z" user="Mozkun" uid="2651887" lat="34.1630647" lon="131.4543798">
  <tag k="highway" v="traffic_signals"/>
  <tag k="name" v="下湯田"/>
  <tag k="name:en" v="Shimoyuda"/>
 </node>
 <node id="1345525801" visible="true" version="6" changeset="102899852" timestamp="2021-04-14T05:07:13Z" user="hibagonsan" uid="5939709" lat="34.1596090" lon="131.4460609"/>
 <node id="1345526340" visible="true" version="4" changeset="71694983" timestamp="2019-06-28T06:13:45Z" user="hibagonsan" uid="5939709" lat="34.1659690" lon="131.4528807"/>
 <node id="1345526459" visible="true" version="4" changeset="39214500" timestamp="2016-05-10T12:01:08Z" user="mklyr" uid="614924" lat="34.1616671" lon="131.4510706"/>
 <node id="1345526586" visible="true" version="5" changeset="69586656" timestamp="2019-04-26T04:39:04Z" user="hibagonsan" uid="5939709" lat="34.1649002" lon="131.4541248"/>
 <node id="1345527437" visible="true" version="4" changeset="102899852" timestamp="2021-04-14T05:07:13Z" user="hibagonsan" uid="5939709" lat="34.1599102" lon="131.4467846"/>
 <node id="1345527784" visible="true" version="5" changeset="69585307" timestamp="2019-04-26T03:04:53Z" user="hibagonsan" uid="5939709" lat="34.1636526" lon="131.4554034"/>
 <node id="1345528110" visible="true" version="4" changeset="39214500" timestamp="2016-05-10T12:01:14Z" user="mklyr" uid="614924" lat="34.1647142" lon="131.4535702"/>
 <node id="1345528559" visible="true" version="7" changeset="69585307" timestamp="2019-04-26T03:04:53Z" user="hibagonsan" uid="5939709" lat="34.1641947" lon="131.4562940">
  <tag k="highway" v="traffic_signals"/>
 </node>
 <node id="1345528695" visible="true" version="6" changeset="171440305" timestamp="2025-09-04T08:29:55Z" user="taketaketake" uid="4757277" lat="34.1613181" lon="131.4562470">
  <tag k="highway" v="traffic_signals"/>
  <tag k="noname" v="yes"/>
 </node>
 <node id="1345528999" visible="true" version="3" changeset="39214500" timestamp="2016-05-10T12:01:18Z" user="mklyr" uid="614924" lat="34.1611724" lon="131.4498778"/>
 <node id="1345530112" visible="true" version="5" changeset="69589451" timestamp="2019-04-26T07:06:37Z" user="hibagonsan" uid="5939709" lat="34.1623823" lon="131.4528037"/>
 <node id="1345530383" visible="true" version="4" changeset="171440305" timestamp="2025-09-04T08:29:55Z" user="taketaketake" uid="4757277" lat="34.1616601" lon="131.4559366"/>
 <node id="1691744718" visible="true" version="4" changeset="69586656" timestamp="2019-04-26T04:39:04Z" user="hibagonsan" uid="5939709" lat="34.1648530" lon="131.4539953"/>
 <node id="1691744871" visible="true" version="2" changeset="39214500" timestamp="2016-05-10T12:01:30Z" user="mklyr" uid="614924" lat="34.1628226" lon="131.4579260"/>
 <node id="1990589904" visible="true" version="3" changeset="171440305" timestamp="2025-09-04T08:29:55Z" user="taketaketake" uid="4757277" lat="34.1619463" lon="131.4556235"/>
 <node id="2128598839" visible="true" version="3" changeset="21997337" timestamp="2014-04-28T09:39:22Z" user="freshcl" uid="1204536" lat="34.1631049" lon="131.4536918"/>
 <node id="2128598852" visible="true" version="3" changeset="21997337" timestamp="2014-04-28T09:39:21Z" user="freshcl" uid="1204536" lat="34.1632297" lon="131.4539986"/>
 <node id="2128598864" visible="true" version="3" changeset="21997337" timestamp="2014-04-28T09:39:22Z" user="freshcl" uid="1204536" lat="34.1629155" lon="131.4538043"/>
 <node id="2128598887" visible="true" version="3" changeset="21997337" timestamp="2014-04-28T09:39:21Z" user="freshcl" uid="1204536" lat="34.1631563" lon="131.4540422"/>
 <node id="2128598918" visible="true" version="3" changeset="21997337" timestamp="2014-04-28T09:39:22Z" user="freshcl" uid="1204536" lat="34.1630204" lon="131.4540621"/>
 <node id="2128598943" visible="true" version="2" changeset="21997337" timestamp="2014-04-28T09:39:22Z" user="freshcl" uid="1204536" lat="34.1631363" lon="131.4539932"/>
 <node id="2128601718" visible="true" version="4" changeset="39214500" timestamp="2016-05-10T12:01:42Z" user="mklyr" uid="614924" lat="34.1615320" lon="131.4507409"/>
 <node id="2166887267" visible="true" version="4" changeset="171440305" timestamp="2025-09-04T08:29:55Z" user="taketaketake" uid="4757277" lat="34.1635856" lon="131.4537521"/>
 <node id="2180916491" visible="true" version="1" changeset="15218159" timestamp="2013-03-02T07:30:57Z" user="freshcl" uid="1204536" lat="34.1627081" lon="131.4538971"/>
 <node id="2180916493" visible="true" version="2" changeset="186750670" timestamp="2026-08-01T08:31:06Z" user="Alt9800" uid="15676887" lat="34.1624538" lon="131.4543818"/>
 <node id="2180916494" visible="true" version="2" changeset="186750670" timestamp="2026-08-01T08:31:06Z" user="Alt9800" uid="15676887" lat="34.1625992" lon="131.4543658"/>
 <node id="2180916495" visible="true" version="2" changeset="186750670" timestamp="2026-08-01T08:31:06Z" user="Alt9800" uid="15676887" lat="34.1626739" lon="131.4542121"/>
 <node id="2180916496" visible="true" version="2" changeset="186750670" timestamp="2026-08-01T08:31:06Z" user="Alt9800" uid="15676887" lat="34.1624988" lon="131.4544555"/>
 <node id="2180916497" visible="true" version="1" changeset="15218159" timestamp="2013-03-02T07:30:57Z" user="freshcl" uid="1204536" lat="34.1625493" lon="131.4538827"/>
 <node id="2180916504" visible="true" version="1" changeset="15218159" timestamp="2013-03-02T07:30:57Z" user="freshcl" uid="1204536" lat="34.1626282" lon="131.4539910"/>
 <node id="2180916507" visible="true" version="3" changeset="39214500" timestamp="2016-05-10T12:01:43Z" user="mklyr" uid="614924" lat="34.1621358" lon="131.4522128"/>
 <node id="2180916511" visible="true" version="2" changeset="171440305" timestamp="2025-09-04T08:29:55Z" user="taketaketake" uid="4757277" lat="34.1627133" lon="131.4546052"/>
 <node id="2180916517" visible="true" version="2" changeset="186750670" timestamp="2026-08-01T08:31:06Z" user="Alt9800" uid="15676887" lat="34.1625541" lon="131.4542922"/>
 <node id="2180916523" visible="true" version="2" changeset="186750670" timestamp="2026-08-01T08:31:06Z" user="Alt9800" uid="15676887" lat="34.1628118" lon="131.4540867"/>
 <node id="2180916526" visible="true" version="2" changeset="186750670" timestamp="2026-08-01T08:31:06Z" user="Alt9800" uid="15676887" lat="34.1627165" lon="131.4542805"/>
 <node id="2180916532" visible="true" version="1" changeset="15218159" timestamp="2013-03-02T07:30:58Z" user="freshcl" uid="1204536" lat="34.1626349" lon="131.4537959"/>
 <node id="2180916533" visible="true" version="2" changeset="186750670" timestamp="2026-08-01T08:31:06Z" user="Alt9800" uid="15676887" lat="34.1628544" lon="131.4541550"/>
 <node id="2180916544" visible="true" version="2" changeset="171440305" timestamp="2025-09-04T08:29:55Z" user="taketaketake" uid="4757277" lat="34.1626483" lon="131.4545134"/>
 <node id="2180916546" visible="true" version="2" changeset="171440305" timestamp="2025-09-04T08:29:55Z" user="taketaketake" uid="4757277" lat="34.1625683" lon="131.4545961"/>
 <node id="2180916547" visible="true" version="2" changeset="171440305" timestamp="2025-09-04T08:29:55Z" user="taketaketake" uid="4757277" lat="34.1626333" lon="131.4546880"/>
 <node id="2214755773" visible="true" version="2" changeset="102899852" timestamp="2021-04-14T05:07:13Z" user="hibagonsan" uid="5939709" lat="34.1596725" lon="131.4462146"/>
 <node id="2214755807" visible="true" version="4" changeset="56405920" timestamp="2018-02-16T07:59:52Z" user="mklyr" uid="614924" lat="34.1681295" lon="131.4606600"/>
 <node id="2214844122" visible="true" version="3" changeset="69586656" timestamp="2019-04-26T04:39:04Z" user="hibagonsan" uid="5939709" lat="34.1649716" lon="131.4542545"/>
 <node id="2253192418" visible="true" version="2" changeset="38283159" timestamp="2016-04-04T07:43:42Z" user="show1017" uid="3244669" lat="34.1637646" lon="131.4541352">
  <tag k="name" v="グリーンリッチホテル 山口湯田温泉"/>
  <tag k="source" v="Pushpin for iOS"/>
  <tag k="tourism" v="hotel"/>
 </node>
 <node id="2253215400" visible="true" version="2" changeset="27376539" timestamp="2014-12-10T13:11:02Z" user="freshcl" uid="1204536" lat="34.1626409" lon="131.4546033">
  <tag k="amenity" v="dentist"/>
  <tag k="name" v="福田歯科"/>
  <tag k="source" v="Pushpin for iOS"/>
 </node>
 <node id="2253519333" visible="true" version="1" changeset="15634717" timestamp="2013-04-07T02:54:46Z" user="u_kubota" uid="421504" lat="34.1641992" lon="131.4543487">
  <tag k="name" v="ビジネスホテル富士の家"/>
  <tag k="source" v="Pushpin for iOS"/>
  <tag k="tourism" v="hotel"/>
 </node>
 <node id="2253521158" visible="true" version="1" changeset="15634721" timestamp="2013-04-07T02:55:42Z" user="u_kubota" uid="421504" lat="34.1646221" lon="131.4544071">
  <tag k="name" v="かめ湯"/>
  <tag k="source" v="Pushpin for iOS"/>
  <tag k="tourism" v="hotel"/>
 </node>
 <node id="3139784163" visible="true" version="2" changeset="26210148" timestamp="2014-10-20T10:50:41Z" user="sakaiy" uid="2412946" lat="34.1633772" lon="131.4545748">
  <tag k="name" v="常盤(西の雅 常盤)"/>
  <tag k="name:en" v="Hotel Tokiwa"/>
  <tag k="tourism" v="hotel"/>
 </node>
 <node id="3191069576" visible="true" version="1" changeset="26836145" timestamp="2014-11-17T04:16:35Z" user="ひろときょうたまなかなおや" uid="2000955" lat="34.1610918" lon="131.4471958"/>
 <node id="3191069578" visible="true" version="2" changeset="27709811" timestamp="2014-12-26T14:38:30Z" user="mklyr" uid="614924" lat="34.1639990" lon="131.4513669"/>
 <node id="3191069770" visible="true" version="2" changeset="27709811" timestamp="2014-12-26T14:38:30Z" user="mklyr" uid="614924" lat="34.1644290" lon="131.4524041"/>
 <node id="3191069863" visible="true" version="1" changeset="26836145" timestamp="2014-11-17T04:16:35Z" user="ひろときょうたまなかなおや" uid="2000955" lat="34.1610211" lon="131.4472808"/>
 <node id="3191069864" visible="true" version="2" changeset="27709811" timestamp="2014-12-26T14:38:30Z" user="mklyr" uid="614924" lat="34.1643167" lon="131.4516839"/>
 <node id="3191069865" visible="true" version="2" changeset="27709811" timestamp="2014-12-26T14:38:30Z" user="mklyr" uid="614924" lat="34.1644783" lon="131.4525610"/>
 <node id="3191069866" visible="true" version="2" changeset="27709811" timestamp="2014-12-26T14:38:30Z" user="mklyr" uid="614924" lat="34.1643849" lon="131.4527835"/>
 <node id="3191069867" visible="true" version="2" changeset="27709811" timestamp="2014-12-26T14:38:30Z" user="mklyr" uid="614924" lat="34.1643668" lon="131.4530043"/>
 <node id="3191069868" visible="true" version="2" changeset="27709811" timestamp="2014-12-26T14:38:30Z" user="mklyr" uid="614924" lat="34.1643368" lon="131.4538241"/>
 <node id="3191069869" visible="true" version="1" changeset="26836145" timestamp="2014-11-17T04:20:00Z" user="ひろときょうたまなかなおや" uid="2000955" lat="34.1642480" lon="131.4539112"/>
 <node id="3191069870" visible="true" version="1" changeset="26836145" timestamp="2014-11-17T04:20:01Z" user="ひろときょうたまなかなおや" uid="2000955" lat="34.1643482" lon="131.4536509"/>
 <node id="3191077463" visible="true" version="2" changeset="27709811" timestamp="2014-12-26T14:38:30Z" user="mklyr" uid="614924" lat="34.1638119" lon="131.4508497"/>
 <node id="3191077464" visible="true" version="2" changeset="27709811" timestamp="2014-12-26T14:38:30Z" user="mklyr" uid="614924" lat="34.1644217" lon="131.4519661"/>
 <node id="3191077465" visible="true" version="2" changeset="27709811" timestamp="2014-12-26T14:38:30Z" user="mklyr" uid="614924" lat="34.1644985" lon="131.4523603"/>
 <node id="3191077466" visible="true" version="2" changeset="27709811" timestamp="2014-12-26T14:38:30Z" user="mklyr" uid="614924" lat="34.1644018" lon="131.4536196"/>
 <node id="3191077467" visible="true" version="1" changeset="26836145" timestamp="2014-11-17T04:20:01Z" user="ひろときょうたまなかなおや" uid="2000955" lat="34.1643594" lon="131.4534319"/>
 <node id="3191077468" visible="true" version="1" changeset="26836145" timestamp="2014-11-17T04:20:02Z" user="ひろときょうたまなかなおや" uid="2000955" lat="34.1643105" lon="131.4530950"/>
 <node id="3191077469" visible="true" version="3" changeset="28729558" timestamp="2015-02-09T15:02:59Z" user="mklyr" uid="614924" lat="34.1643634" lon="131.4520770"/>
 <node id="3191077661" visible="true" version="1" changeset="26836145" timestamp="2014-11-17T04:19:56Z" user="ひろときょうたまなかなおや" uid="2000955" lat="34.1640994" lon="131.4512346"/>
 <node id="3191077662" visible="true" version="1" changeset="26836145" timestamp="2014-11-17T04:20:02Z" user="ひろときょうたまなかなおや" uid="2000955" lat="34.1643350" lon="131.4528004"/>
 <node id="3191077663" visible="true" version="1" changeset="26836145" timestamp="2014-11-17T04:20:03Z" user="ひろときょうたまなかなおや" uid="2000955" lat="34.1641142" lon="131.4515911"/>
 <node id="3191077664" visible="true" version="1" changeset="26836145" timestamp="2014-11-17T04:20:05Z" user="ひろときょうたまなかなおや" uid="2000955" lat="34.1614644" lon="131.4478839"/>
 <node id="3223114304" visible="true" version="1" changeset="27308924" timestamp="2014-12-07T11:33:15Z" user="freshcl" uid="1204536" lat="34.1630674" lon="131.4553896"/>
 <node id="3223114305" visible="true" version="4" changeset="69586696" timestamp="2019-04-26T04:41:37Z" user="hibagonsan" uid="5939709" lat="34.1633009" lon="131.4557499"/>
 <node id="3223114306" visible="true" version="3" changeset="69585307" timestamp="2019-04-26T03:04:53Z" user="hibagonsan" uid="5939709" lat="34.1636432" lon="131.4553929"/>
 <node id="3223114307" visible="true" version="2" changeset="39214500" timestamp="2016-05-10T12:02:00Z" user="mklyr" uid="614924" lat="34.1638841" lon="131.4565957"/>
 <node id="3223114308" visible="true" version="4" changeset="69586696" timestamp="2019-04-26T04:41:37Z" user="hibagonsan" uid="5939709" lat="34.1634372" lon="131.4559600"/>
 <node id="3223114309" visible="true" version="3" changeset="71546808" timestamp="2019-06-24T04:30:08Z" user="hibagonsan" uid="5939709" lat="34.1622525" lon="131.4573004"/>
 <node id="3223114310" visible="true" version="4" changeset="95464235" timestamp="2020-12-08T06:39:27Z" user="hibagonsan" uid="5939709" lat="34.1622767" lon="131.4571602"/>
 <node id="3223114311" visible="true" version="5" changeset="71843771" timestamp="2019-07-03T04:09:57Z" user="hibagonsan" uid="5939709" lat="34.1625225" lon="131.4568383"/>
 <node id="3223114312" visible="true" version="4" changeset="71843771" timestamp="2019-07-03T04:09:57Z" user="hibagonsan" uid="5939709" lat="34.1626269" lon="131.4564935"/>
 <node id="3223114313" visible="true" version="4" changeset="71546808" timestamp="2019-06-24T04:30:08Z" user="hibagonsan" uid="5939709" lat="34.1626279" lon="131.4564086"/>
 <node id="3223114314" visible="true" version="4" changeset="71843771" timestamp="2019-07-03T04:09:57Z" user="hibagonsan" uid="5939709" lat="34.1630462" lon="131.4576090"/>
 <node id="3223114316" visible="true" version="4" changeset="71843771" timestamp="2019-07-03T04:09:57Z" user="hibagonsan" uid="5939709" lat="34.1632032" lon="131.4573746"/>
 <node id="3223114317" visible="true" version="3" changeset="71843771" timestamp="2019-07-03T04:09:57Z" user="hibagonsan" uid="5939709" lat="34.1627421" lon="131.4566385"/>
 <node id="3223114319" visible="true" version="3" changeset="69586696" timestamp="2019-04-26T04:41:37Z" user="hibagonsan" uid="5939709" lat="34.1630062" lon="131.4560332"/>
 <node id="3228031686" visible="true" version="2" changeset="186750670" timestamp="2026-08-01T08:31:06Z" user="Alt9800" uid="15676887" lat="34.1628761" lon="131.4541949"/>
 <node id="3228031687" visible="true" version="2" changeset="186750670" timestamp="2026-08-01T08:31:06Z" user="Alt9800" uid="15676887" lat="34.1628468" lon="131.4544810"/>
 <node id="3228031688" visible="true" version="2" changeset="186750670" timestamp="2026-08-01T08:31:06Z" user="Alt9800" uid="15676887" lat="34.1628274" lon="131.4544985"/>
 <node id="3228031689" visible="true" version="2" changeset="186750670" timestamp="2026-08-01T08:31:06Z" user="Alt9800" uid="15676887" lat="34.1627131" lon="131.4543136"/>
 <node id="3228031690" visible="true" version="2" changeset="186750670" timestamp="2026-08-01T08:31:06Z" user="Alt9800" uid="15676887" lat="34.1628648" lon="131.4541766"/>
 <node id="3228046778" visible="true" version="1" changeset="27376923" timestamp="2014-12-10T13:27:59Z" user="freshcl" uid="1204536" lat="34.1635396" lon="131.4561820"/>
 <node id="3228046779" visible="true" version="1" changeset="27376923" timestamp="2014-12-10T13:27:59Z" user="freshcl" uid="1204536" lat="34.1637859" lon="131.4565468"/>
 <node id="3228046780" visible="true" version="1" changeset="27376923" timestamp="2014-12-10T13:27:59Z" user="freshcl" uid="1204536" lat="34.1631845" lon="131.4572683"/>
 <node id="3228046781" visible="true" version="1" changeset="27376923" timestamp="2014-12-10T13:27:59Z" user="freshcl" uid="1204536" lat="34.1629182" lon="131.4568579"/>
 <node id="3229525144" visible="true" version="5" changeset="69589451" timestamp="2019-04-26T07:06:37Z" user="hibagonsan" uid="5939709" lat="34.1623010" lon="131.4526043"/>
 <node id="3229525146" visible="true" version="5" changeset="39214500" timestamp="2016-05-10T12:02:08Z" user="mklyr" uid="614924" lat="34.1618639" lon="131.4515441"/>
 <node id="3229525148" visible="true" version="2" changeset="39214500" timestamp="2016-05-10T12:02:08Z" user="mklyr" uid="614924" lat="34.1607387" lon="131.4488213"/>
 <node id="3253598322" visible="true" version="2" changeset="102899852" timestamp="2021-04-14T05:07:13Z" user="hibagonsan" uid="5939709" lat="34.1595954" lon="131.4460302"/>
 <node id="3253598338" visible="true" version="1" changeset="27709811" timestamp="2014-12-26T14:38:17Z" user="mklyr" uid="614924" lat="34.1642962" lon="131.4519149"/>
 <node id="3253598339" visible="true" version="2" changeset="28729558" timestamp="2015-02-09T15:03:00Z" user="mklyr" uid="614924" lat="34.1643054" lon="131.4529631"/>
 <node id="3253598340" visible="true" version="1" changeset="27709811" timestamp="2014-12-26T14:38:17Z" user="mklyr" uid="614924" lat="34.1643934" lon="131.4531896"/>
 <node id="3253598341" visible="true" version="1" changeset="27709811" timestamp="2014-12-26T14:38:17Z" user="mklyr" uid="614924" lat="34.1644060" lon="131.4522161"/>
 <node id="3253598342" visible="true" version="1" changeset="27709811" timestamp="2014-12-26T14:38:17Z" user="mklyr" uid="614924" lat="34.1644148" lon="131.4533850"/>
 <node id="3253598343" visible="true" version="1" changeset="27709811" timestamp="2014-12-26T14:38:17Z" user="mklyr" uid="614924" lat="34.1644325" lon="131.4527181"/>
 <node id="3253598344" visible="true" version="1" changeset="27709811" timestamp="2014-12-26T14:38:17Z" user="mklyr" uid="614924" lat="34.1644716" lon="131.4521963"/>
 <node id="3318349643" visible="true" version="1" changeset="28483091" timestamp="2015-01-29T10:29:36Z" user="mklyr" uid="614924" lat="34.1620622" lon="131.4538371"/>
 <node id="3318349644" visible="true" version="1" changeset="28483091" timestamp="2015-01-29T10:29:36Z" user="mklyr" uid="614924" lat="34.1623227" lon="131.4542137"/>
 <node id="3318349645" visible="true" version="2" changeset="71546808" timestamp="2019-06-24T04:30:08Z" user="hibagonsan" uid="5939709" lat="34.1625655" lon="131.4567598"/>
 <node id="3318349646" visible="true" version="2" changeset="71546808" timestamp="2019-06-24T04:30:08Z" user="hibagonsan" uid="5939709" lat="34.1626070" lon="131.4565575"/>
 <node id="3318349647" visible="true" version="2" changeset="71843771" timestamp="2019-07-03T04:09:57Z" user="hibagonsan" uid="5939709" lat="34.1626510" lon="131.4565373"/>
 <node id="3318349648" visible="true" version="2" changeset="71843771" timestamp="2019-07-03T04:09:57Z" user="hibagonsan" uid="5939709" lat="34.1626858" lon="131.4565948"/>
 <node id="3339881687" visible="true" version="1" changeset="28729558" timestamp="2015-02-09T15:02:40Z" user="mklyr" uid="614924" lat="34.1640521" lon="131.4543292"/>
 <node id="3339881688" visible="true" version="1" changeset="28729558" timestamp="2015-02-09T15:02:40Z" user="mklyr" uid="614924" lat="34.1640888" lon="131.4543564"/>
 <node id="3339881689" visible="true" version="1" changeset="28729558" timestamp="2015-02-09T15:02:40Z" user="mklyr" uid="614924" lat="34.1643147" lon="131.4528751"/>
 <node id="3339899194" visible="true" version="1" changeset="28729558" timestamp="2015-02-09T15:02:40Z" user="mklyr" uid="614924" lat="34.1649587" lon="131.4561429"/>
 <node id="3339899196" visible="true" version="1" changeset="28729558" timestamp="2015-02-09T15:02:40Z" user="mklyr" uid="614924" lat="34.1661636" lon="131.4579516"/>
 <node id="3897946044" visible="true" version="1" changeset="36024756" timestamp="2015-12-18T10:09:34Z" user="武林　takebatashi" uid="2933736" lat="34.1637984" lon="131.4557461"/>
 <node id="3897946045" visible="true" version="1" changeset="36024756" timestamp="2015-12-18T10:09:34Z" user="武林　takebatashi" uid="2933736" lat="34.1635660" lon="131.4559633"/>
 <node id="3897946046" visible="true" version="1" changeset="36024756" timestamp="2015-12-18T10:09:34Z" user="武林　takebatashi" uid="2933736" lat="34.1638778" lon="131.4564508"/>
 <node id="3897946047" visible="true" version="1" changeset="36024756" timestamp="2015-12-18T10:09:34Z" user="武林　takebatashi" uid="2933736" lat="34.1641103" lon="131.4562336"/>
 <node id="4060914644" visible="true" version="1" changeset="37834227" timestamp="2016-03-15T03:16:20Z" user="yoshitk" uid="1003241" lat="34.1622248" lon="131.4555024"/>
 <node id="4060914645" visible="true" version="1" changeset="37834227" timestamp="2016-03-15T03:16:20Z" user="yoshitk" uid="1003241" lat="34.1624006" lon="131.4556775"/>
 <node id="4060914646" visible="true" version="1" changeset="37834227" timestamp="2016-03-15T03:16:20Z" user="yoshitk" uid="1003241" lat="34.1624354" lon="131.4558059"/>
 <node id="4060914647" visible="true" version="2" changeset="186746328" timestamp="2026-08-01T06:13:19Z" user="Alt9800" uid="15676887" lat="34.1624675" lon="131.4560699"/>
 <node id="4060914648" visible="true" version="1" changeset="37834227" timestamp="2016-03-15T03:16:20Z" user="yoshitk" uid="1003241" lat="34.1625880" lon="131.4563430"/>
 <node id="4060914649" visible="true" version="1" changeset="37834227" timestamp="2016-03-15T03:16:20Z" user="yoshitk" uid="1003241" lat="34.1625977" lon="131.4564784"/>
 <node id="4060914650" visible="true" version="1" changeset="37834227" timestamp="2016-03-15T03:16:20Z" user="yoshitk" uid="1003241" lat="34.1625165" lon="131.4567983"/>
 <node id="4060914651" visible="true" version="2" changeset="95464235" timestamp="2020-12-08T06:39:27Z" user="hibagonsan" uid="5939709" lat="34.1622891" lon="131.4570899"/>
 <node id="4069500259" visible="true" version="1" changeset="37950696" timestamp="2016-03-20T07:23:20Z" user="freshcl" uid="1204536" lat="34.1632787" lon="131.4544661"/>
 <node id="4069500260" visible="true" version="1" changeset="37950696" timestamp="2016-03-20T07:23:20Z" user="freshcl" uid="1204536" lat="34.1633544" lon="131.4541530"/>
 <node id="4069500261" visible="true" version="1" changeset="37950696" timestamp="2016-03-20T07:23:20Z" user="freshcl" uid="1204536" lat="34.1633650" lon="131.4542473"/>
 <node id="4069500262" visible="true" version="1" changeset="37950696" timestamp="2016-03-20T07:23:20Z" user="freshcl" uid="1204536" lat="34.1633882" lon="131.4542142"/>
 <node id="4069500263" visible="true" version="1" changeset="37950696" timestamp="2016-03-20T07:23:20Z" user="freshcl" uid="1204536" lat="34.1633987" lon="131.4543033"/>
 <node id="4069500264" visible="true" version="1" changeset="37950696" timestamp="2016-03-20T07:23:20Z" user="freshcl" uid="1204536" lat="34.1634240" lon="131.4540944"/>
 <node id="4069500265" visible="true" version="1" changeset="37950696" timestamp="2016-03-20T07:23:20Z" user="freshcl" uid="1204536" lat="34.1634661" lon="131.4544883"/>
 <node id="4069500266" visible="true" version="2" changeset="41783456" timestamp="2016-08-29T17:54:13Z" user="Syl" uid="224440" lat="34.1634894" lon="131.4541989"/>
 <node id="4069500267" visible="true" version="1" changeset="37950696" timestamp="2016-03-20T07:23:20Z" user="freshcl" uid="1204536" lat="34.1635030" lon="131.4542333"/>
 <node id="4069500268" visible="true" version="1" changeset="37950696" timestamp="2016-03-20T07:23:20Z" user="freshcl" uid="1204536" lat="34.1635106" lon="131.4549920"/>
 <node id="4069500269" visible="true" version="1" changeset="37950696" timestamp="2016-03-20T07:23:20Z" user="freshcl" uid="1204536" lat="34.1635652" lon="131.4546279"/>
 <node id="4069500270" visible="true" version="1" changeset="37950696" timestamp="2016-03-20T07:23:20Z" user="freshcl" uid="1204536" lat="34.1635913" lon="131.4546009"/>
 <node id="4069500271" visible="true" version="1" changeset="37950696" timestamp="2016-03-20T07:23:20Z" user="freshcl" uid="1204536" lat="34.1635916" lon="131.4543580"/>
 <node id="4069500272" visible="true" version="1" changeset="37950696" timestamp="2016-03-20T07:23:20Z" user="freshcl" uid="1204536" lat="34.1635922" lon="131.4549073"/>
 <node id="4069500273" visible="true" version="1" changeset="37950696" timestamp="2016-03-20T07:23:20Z" user="freshcl" uid="1204536" lat="34.1636428" lon="131.4549375"/>
 <node id="4069500274" visible="true" version="1" changeset="37950696" timestamp="2016-03-20T07:23:20Z" user="freshcl" uid="1204536" lat="34.1636912" lon="131.4552462"/>
 <node id="4069500275" visible="true" version="2" changeset="38283159" timestamp="2016-04-04T07:43:43Z" user="show1017" uid="3244669" lat="34.1637207" lon="131.4543011"/>
 <node id="4069500277" visible="true" version="1" changeset="37950696" timestamp="2016-03-20T07:23:20Z" user="freshcl" uid="1204536" lat="34.1637508" lon="131.4548254"/>
 <node id="4069500278" visible="true" version="2" changeset="38283159" timestamp="2016-04-04T07:43:44Z" user="show1017" uid="3244669" lat="34.1637520" lon="131.4543468"/>
 <node id="4069500279" visible="true" version="1" changeset="37950696" timestamp="2016-03-20T07:23:20Z" user="freshcl" uid="1204536" lat="34.1637896" lon="131.4551441"/>
 <node id="4069500280" visible="true" version="2" changeset="38283159" timestamp="2016-04-04T07:43:45Z" user="show1017" uid="3244669" lat="34.1637754" lon="131.4543233"/>
 <node id="4069500283" visible="true" version="2" changeset="38283159" timestamp="2016-04-04T07:43:44Z" user="show1017" uid="3244669" lat="34.1638497" lon="131.4539494"/>
 <node id="4069500284" visible="true" version="2" changeset="38283159" timestamp="2016-04-04T07:43:45Z" user="show1017" uid="3244669" lat="34.1638675" lon="131.4544574"/>
 <node id="4069500285" visible="true" version="2" changeset="38283159" timestamp="2016-04-04T07:43:42Z" user="show1017" uid="3244669" lat="34.1639401" lon="131.4540811"/>
 <node id="4069500286" visible="true" version="2" changeset="38283159" timestamp="2016-04-04T07:43:45Z" user="show1017" uid="3244669" lat="34.1638822" lon="131.4544790"/>
 <node id="4069500790" visible="true" version="2" changeset="38283159" timestamp="2016-04-04T07:43:43Z" user="show1017" uid="3244669" lat="34.1639603" lon="131.4538385"/>
 <node id="4069500791" visible="true" version="2" changeset="38283159" timestamp="2016-04-04T07:43:46Z" user="show1017" uid="3244669" lat="34.1639601" lon="131.4544013"/>
 <node id="4069500794" visible="true" version="2" changeset="38283159" timestamp="2016-04-04T07:43:47Z" user="show1017" uid="3244669" lat="34.1639813" lon="131.4541897"/>
 <node id="4069500795" visible="true" version="2" changeset="38283159" timestamp="2016-04-04T07:43:46Z" user="show1017" uid="3244669" lat="34.1639982" lon="131.4542994"/>
 <node id="4069500796" visible="true" version="2" changeset="38283159" timestamp="2016-04-04T07:43:47Z" user="show1017" uid="3244669" lat="34.1640024" lon="131.4542407"/>
 <node id="4069500804" visible="true" version="2" changeset="38283159" timestamp="2016-04-04T07:43:43Z" user="show1017" uid="3244669" lat="34.1640826" lon="131.4540166"/>
 <node id="4069500806" visible="true" version="2" changeset="38283159" timestamp="2016-04-04T07:43:47Z" user="show1017" uid="3244669" lat="34.1640995" lon="131.4540547"/>
 <node id="4069500823" visible="true" version="2" changeset="38282923" timestamp="2016-04-04T07:31:28Z" user="show1017" uid="3244669" lat="34.1642649" lon="131.4562830"/>
 <node id="4069500830" visible="true" version="2" changeset="38282923" timestamp="2016-04-04T07:31:28Z" user="show1017" uid="3244669" lat="34.1643451" lon="131.4563975"/>
 <node id="4069500838" visible="true" version="1" changeset="37950696" timestamp="2016-03-20T07:23:21Z" user="freshcl" uid="1204536" lat="34.1643925" lon="131.4564312"/>
 <node id="4069500843" visible="true" version="1" changeset="37950696" timestamp="2016-03-20T07:23:21Z" user="freshcl" uid="1204536" lat="34.1644403" lon="131.4563406"/>
 <node id="4069500847" visible="true" version="2" changeset="38282923" timestamp="2016-04-04T07:31:27Z" user="show1017" uid="3244669" lat="34.1644564" lon="131.4560872"/>
 <node id="4069500848" visible="true" version="1" changeset="37950696" timestamp="2016-03-20T07:23:21Z" user="freshcl" uid="1204536" lat="34.1644564" lon="131.4563626"/>
 <node id="4069500850" visible="true" version="1" changeset="37950696" timestamp="2016-03-20T07:23:21Z" user="freshcl" uid="1204536" lat="34.1644729" lon="131.4565407"/>
 <node id="4069500857" visible="true" version="1" changeset="37950696" timestamp="2016-03-20T07:23:21Z" user="freshcl" uid="1204536" lat="34.1645375" lon="131.4562363"/>
 <node id="4069500859" visible="true" version="2" changeset="38282923" timestamp="2016-04-04T07:31:29Z" user="show1017" uid="3244669" lat="34.1645365" lon="131.4562018"/>
 <node id="4069500868" visible="true" version="1" changeset="37950696" timestamp="2016-03-20T07:23:22Z" user="freshcl" uid="1204536" lat="34.1646398" lon="131.4568874"/>
 <node id="4069500871" visible="true" version="1" changeset="37950696" timestamp="2016-03-20T07:23:22Z" user="freshcl" uid="1204536" lat="34.1646671" lon="131.4568051"/>
 <node id="4069500873" visible="true" version="1" changeset="37950696" timestamp="2016-03-20T07:23:22Z" user="freshcl" uid="1204536" lat="34.1647052" lon="131.4569843"/>
 <node id="4069500882" visible="true" version="1" changeset="37950696" timestamp="2016-03-20T07:23:22Z" user="freshcl" uid="1204536" lat="34.1647945" lon="131.4565862"/>
 <node id="4069500884" visible="true" version="1" changeset="37950696" timestamp="2016-03-20T07:23:22Z" user="freshcl" uid="1204536" lat="34.1648198" lon="131.4569788"/>
 <node id="4069500886" visible="true" version="1" changeset="37950696" timestamp="2016-03-20T07:23:22Z" user="freshcl" uid="1204536" lat="34.1648283" lon="131.4566322"/>
 <node id="4069500989" visible="true" version="1" changeset="37950696" timestamp="2016-03-20T07:23:22Z" user="freshcl" uid="1204536" lat="34.1648549" lon="131.4566810"/>
 <node id="4069500990" visible="true" version="1" changeset="37950696" timestamp="2016-03-20T07:23:22Z" user="freshcl" uid="1204536" lat="34.1648612" lon="131.4568365"/>
 <node id="4069500991" visible="true" version="1" changeset="37950696" timestamp="2016-03-20T07:23:22Z" user="freshcl" uid="1204536" lat="34.1648640" lon="131.4570425"/>
 <node id="4069500993" visible="true" version="1" changeset="37950696" timestamp="2016-03-20T07:23:22Z" user="freshcl" uid="1204536" lat="34.1648746" lon="131.4569177"/>
 <node id="4069500996" visible="true" version="1" changeset="37950696" timestamp="2016-03-20T07:23:22Z" user="freshcl" uid="1204536" lat="34.1649167" lon="131.4569839"/>
 <node id="4069500998" visible="true" version="1" changeset="37950696" timestamp="2016-03-20T07:23:22Z" user="freshcl" uid="1204536" lat="34.1649224" lon="131.4569231"/>
 <node id="4069501004" visible="true" version="1" changeset="37950696" timestamp="2016-03-20T07:23:22Z" user="freshcl" uid="1204536" lat="34.1649835" lon="131.4568671"/>
 <node id="4070782805" visible="true" version="2" changeset="39214500" timestamp="2016-05-10T12:02:15Z" user="mklyr" uid="614924" lat="34.1639972" lon="131.4533054"/>
 <node id="4071150863" visible="true" version="3" changeset="171440305" timestamp="2025-09-04T08:29:55Z" user="taketaketake" uid="4757277" lat="34.1631013" lon="131.4547600"/>
 <node id="4071150864" visible="true" version="3" changeset="171440305" timestamp="2025-09-04T08:29:55Z" user="taketaketake" uid="4757277" lat="34.1633297" lon="131.4551164"/>
 <node id="4071150865" visible="true" version="3" changeset="171440305" timestamp="2025-09-04T08:29:55Z" user="taketaketake" uid="4757277" lat="34.1632266" lon="131.4552206"/>
 <node id="4071150866" visible="true" version="3" changeset="171440305" timestamp="2025-09-04T08:29:55Z" user="taketaketake" uid="4757277" lat="34.1633026" lon="131.4553304"/>
 <node id="4071150867" visible="true" version="3" changeset="171440305" timestamp="2025-09-04T08:29:55Z" user="taketaketake" uid="4757277" lat="34.1632589" lon="131.4553746"/>
 <node id="4071150868" visible="true" version="3" changeset="171440305" timestamp="2025-09-04T08:29:55Z" user="taketaketake" uid="4757277" lat="34.1631799" lon="131.4552605"/>
 <node id="4071150869" visible="true" version="3" changeset="171440305" timestamp="2025-09-04T08:29:55Z" user="taketaketake" uid="4757277" lat="34.1629979" lon="131.4554123"/>
 <node id="4071150870" visible="true" version="3" changeset="171440305" timestamp="2025-09-04T08:29:55Z" user="taketaketake" uid="4757277" lat="34.1629650" lon="131.4551685"/>
 <node id="4071150871" visible="true" version="3" changeset="171440305" timestamp="2025-09-04T08:29:55Z" user="taketaketake" uid="4757277" lat="34.1631063" lon="131.4550260"/>
 <node id="4071150872" visible="true" version="3" changeset="171440305" timestamp="2025-09-04T08:29:55Z" user="taketaketake" uid="4757277" lat="34.1630073" lon="131.4548606"/>
 <node id="4071150873" visible="true" version="3" changeset="171440305" timestamp="2025-09-04T08:29:55Z" user="taketaketake" uid="4757277" lat="34.1628205" lon="131.4551118"/>
 <node id="4071150874" visible="true" version="3" changeset="171440305" timestamp="2025-09-04T08:29:55Z" user="taketaketake" uid="4757277" lat="34.1627216" lon="131.4549736"/>
 <node id="4071150875" visible="true" version="3" changeset="171440305" timestamp="2025-09-04T08:29:55Z" user="taketaketake" uid="4757277" lat="34.1623602" lon="131.4553517"/>
 <node id="4071150876" visible="true" version="3" changeset="171440305" timestamp="2025-09-04T08:29:55Z" user="taketaketake" uid="4757277" lat="34.1624505" lon="131.4554778"/>
 <node id="4071150877" visible="true" version="3" changeset="171440305" timestamp="2025-09-04T08:29:55Z" user="taketaketake" uid="4757277" lat="34.1625845" lon="131.4553937"/>
 <node id="4071150878" visible="true" version="3" changeset="171440305" timestamp="2025-09-04T08:29:55Z" user="taketaketake" uid="4757277" lat="34.1626880" lon="131.4552853"/>
 <node id="4071150879" visible="true" version="3" changeset="171440305" timestamp="2025-09-04T08:29:55Z" user="taketaketake" uid="4757277" lat="34.1627729" lon="131.4554036"/>
 <node id="4071150880" visible="true" version="3" changeset="171440305" timestamp="2025-09-04T08:29:55Z" user="taketaketake" uid="4757277" lat="34.1626518" lon="131.4555303"/>
 <node id="4071150881" visible="true" version="3" changeset="171440305" timestamp="2025-09-04T08:29:55Z" user="taketaketake" uid="4757277" lat="34.1626193" lon="131.4554850"/>
 <node id="4071150882" visible="true" version="3" changeset="171440305" timestamp="2025-09-04T08:29:55Z" user="taketaketake" uid="4757277" lat="34.1625245" lon="131.4555841"/>
 <node id="4071150883" visible="true" version="3" changeset="171440305" timestamp="2025-09-04T08:29:55Z" user="taketaketake" uid="4757277" lat="34.1626171" lon="131.4557133"/>
 <node id="4071150884" visible="true" version="3" changeset="171440305" timestamp="2025-09-04T08:29:55Z" user="taketaketake" uid="4757277" lat="34.1626685" lon="131.4556595"/>
 <node id="4071150885" visible="true" version="3" changeset="171440305" timestamp="2025-09-04T08:29:55Z" user="taketaketake" uid="4757277" lat="34.1626835" lon="131.4556804"/>
 <node id="4071150886" visible="true" version="3" changeset="171440305" timestamp="2025-09-04T08:29:55Z" user="taketaketake" uid="4757277" lat="34.1626321" lon="131.4557342"/>
 <node id="4071150887" visible="true" version="3" changeset="171440305" timestamp="2025-09-04T08:29:55Z" user="taketaketake" uid="4757277" lat="34.1627671" lon="131.4559224"/>
 <node id="4071150888" visible="true" version="3" changeset="171440305" timestamp="2025-09-04T08:29:55Z" user="taketaketake" uid="4757277" lat="34.1629142" lon="131.4557682"/>
 <node id="4071153289" visible="true" version="3" changeset="171440305" timestamp="2025-09-04T08:29:55Z" user="taketaketake" uid="4757277" lat="34.1627853" lon="131.4555885"/>
 <node id="4071153290" visible="true" version="3" changeset="171440305" timestamp="2025-09-04T08:29:55Z" user="taketaketake" uid="4757277" lat="34.1627448" lon="131.4556310"/>
 <node id="4071153291" visible="true" version="3" changeset="171440305" timestamp="2025-09-04T08:29:55Z" user="taketaketake" uid="4757277" lat="34.1626852" lon="131.4555478"/>
 <node id="4071153293" visible="true" version="3" changeset="171440305" timestamp="2025-09-04T08:29:55Z" user="taketaketake" uid="4757277" lat="34.1628144" lon="131.4554124"/>
 <node id="4071153294" visible="true" version="3" changeset="171440305" timestamp="2025-09-04T08:29:55Z" user="taketaketake" uid="4757277" lat="34.1628560" lon="131.4554705"/>
 <node id="4071153295" visible="true" version="3" changeset="171440305" timestamp="2025-09-04T08:29:55Z" user="taketaketake" uid="4757277" lat="34.1628907" lon="131.4554342"/>
 <node id="4071153296" visible="true" version="3" changeset="171440305" timestamp="2025-09-04T08:29:55Z" user="taketaketake" uid="4757277" lat="34.1629563" lon="131.4553546"/>
 <node id="4071153297" visible="true" version="3" changeset="171440305" timestamp="2025-09-04T08:29:55Z" user="taketaketake" uid="4757277" lat="34.1629845" lon="131.4553251"/>
 <node id="4071153298" visible="true" version="3" changeset="171440305" timestamp="2025-09-04T08:29:55Z" user="taketaketake" uid="4757277" lat="34.1627984" lon="131.4553438"/>
 <node id="4071153299" visible="true" version="3" changeset="171440305" timestamp="2025-09-04T08:29:55Z" user="taketaketake" uid="4757277" lat="34.1627129" lon="131.4552244"/>
 <node id="4080663506" visible="true" version="1" changeset="38091565" timestamp="2016-03-26T22:44:40Z" user="freshcl" uid="1204536" lat="34.1639099" lon="131.4566356"/>
 <node id="4080663507" visible="true" version="1" changeset="38091565" timestamp="2016-03-26T22:44:41Z" user="freshcl" uid="1204536" lat="34.1639727" lon="131.4568434"/>
 <node id="4080663508" visible="true" version="1" changeset="38091565" timestamp="2016-03-26T22:44:41Z" user="freshcl" uid="1204536" lat="34.1639810" lon="131.4567348"/>
 <node id="4080663509" visible="true" version="1" changeset="38091565" timestamp="2016-03-26T22:44:41Z" user="freshcl" uid="1204536" lat="34.1640022" lon="131.4568852"/>
 <node id="4080663510" visible="true" version="1" changeset="38091565" timestamp="2016-03-26T22:44:41Z" user="freshcl" uid="1204536" lat="34.1640057" lon="131.4567619"/>
 <node id="4080663511" visible="true" version="1" changeset="38091565" timestamp="2016-03-26T22:44:41Z" user="freshcl" uid="1204536" lat="34.1640169" lon="131.4569145"/>
 <node id="4080663512" visible="true" version="1" changeset="38091565" timestamp="2016-03-26T22:44:41Z" user="freshcl" uid="1204536" lat="34.1640252" lon="131.4567895"/>
 <node id="4080663513" visible="true" version="1" changeset="38091565" timestamp="2016-03-26T22:44:41Z" user="freshcl" uid="1204536" lat="34.1640614" lon="131.4569747"/>
 <node id="4080663514" visible="true" version="1" changeset="38091565" timestamp="2016-03-26T22:44:41Z" user="freshcl" uid="1204536" lat="34.1640704" lon="131.4566955"/>
 <node id="4080663515" visible="true" version="1" changeset="38091565" timestamp="2016-03-26T22:44:41Z" user="freshcl" uid="1204536" lat="34.1640781" lon="131.4566664"/>
 <node id="4080663516" visible="true" version="1" changeset="38091565" timestamp="2016-03-26T22:44:41Z" user="freshcl" uid="1204536" lat="34.1640836" lon="131.4568423"/>
 <node id="4080663517" visible="true" version="1" changeset="38091565" timestamp="2016-03-26T22:44:41Z" user="freshcl" uid="1204536" lat="34.1640986" lon="131.4568153"/>
 <node id="4080663518" visible="true" version="1" changeset="38091565" timestamp="2016-03-26T22:44:41Z" user="freshcl" uid="1204536" lat="34.1641033" lon="131.4570292"/>
 <node id="4080663519" visible="true" version="1" changeset="38091565" timestamp="2016-03-26T22:44:41Z" user="freshcl" uid="1204536" lat="34.1641175" lon="131.4567255"/>
 <node id="4080663520" visible="true" version="1" changeset="38091565" timestamp="2016-03-26T22:44:41Z" user="freshcl" uid="1204536" lat="34.1641192" lon="131.4567649"/>
 <node id="4080663521" visible="true" version="1" changeset="38091565" timestamp="2016-03-26T22:44:41Z" user="freshcl" uid="1204536" lat="34.1641263" lon="131.4567858"/>
 <node id="4080663522" visible="true" version="1" changeset="38091565" timestamp="2016-03-26T22:44:41Z" user="freshcl" uid="1204536" lat="34.1641275" lon="131.4567436"/>
 <node id="4080663523" visible="true" version="1" changeset="38091565" timestamp="2016-03-26T22:44:41Z" user="freshcl" uid="1204536" lat="34.1641282" lon="131.4569025"/>
 <node id="4080663524" visible="true" version="1" changeset="38091565" timestamp="2016-03-26T22:44:41Z" user="freshcl" uid="1204536" lat="34.1641363" lon="131.4564076"/>
 <node id="4080663525" visible="true" version="1" changeset="38091565" timestamp="2016-03-26T22:44:41Z" user="freshcl" uid="1204536" lat="34.1641408" lon="131.4568703"/>
 <node id="4080663526" visible="true" version="1" changeset="38091565" timestamp="2016-03-26T22:44:41Z" user="freshcl" uid="1204536" lat="34.1641696" lon="131.4568394"/>
 <node id="4080663527" visible="true" version="1" changeset="38091565" timestamp="2016-03-26T22:44:41Z" user="freshcl" uid="1204536" lat="34.1641839" lon="131.4569380"/>
 <node id="4080663528" visible="true" version="1" changeset="38091565" timestamp="2016-03-26T22:44:41Z" user="freshcl" uid="1204536" lat="34.1641874" lon="131.4566838"/>
 <node id="4080663529" visible="true" version="1" changeset="38091565" timestamp="2016-03-26T22:44:41Z" user="freshcl" uid="1204536" lat="34.1641946" lon="131.4568416"/>
 <node id="4080663530" visible="true" version="1" changeset="38091565" timestamp="2016-03-26T22:44:41Z" user="freshcl" uid="1204536" lat="34.1642051" lon="131.4565176"/>
 <node id="4080663531" visible="true" version="1" changeset="38091565" timestamp="2016-03-26T22:44:41Z" user="freshcl" uid="1204536" lat="34.1642167" lon="131.4565316"/>
 <node id="4080663532" visible="true" version="1" changeset="38091565" timestamp="2016-03-26T22:44:41Z" user="freshcl" uid="1204536" lat="34.1642288" lon="131.4571909"/>
 <node id="4080663533" visible="true" version="1" changeset="38091565" timestamp="2016-03-26T22:44:41Z" user="freshcl" uid="1204536" lat="34.1642311" lon="131.4571041"/>
 <node id="4080663534" visible="true" version="1" changeset="38091565" timestamp="2016-03-26T22:44:41Z" user="freshcl" uid="1204536" lat="34.1642328" lon="131.4570414"/>
 <node id="4080663535" visible="true" version="1" changeset="38091565" timestamp="2016-03-26T22:44:41Z" user="freshcl" uid="1204536" lat="34.1642467" lon="131.4568397"/>
 <node id="4080663536" visible="true" version="1" changeset="38091565" timestamp="2016-03-26T22:44:41Z" user="freshcl" uid="1204536" lat="34.1642494" lon="131.4570225"/>
 <node id="4080663537" visible="true" version="1" changeset="38091565" timestamp="2016-03-26T22:44:41Z" user="freshcl" uid="1204536" lat="34.1642513" lon="131.4571302"/>
 <node id="4080663538" visible="true" version="1" changeset="38091565" timestamp="2016-03-26T22:44:41Z" user="freshcl" uid="1204536" lat="34.1642544" lon="131.4567818"/>
 <node id="4080663539" visible="true" version="1" changeset="38091565" timestamp="2016-03-26T22:44:41Z" user="freshcl" uid="1204536" lat="34.1642561" lon="131.4565907"/>
 <node id="4080663540" visible="true" version="1" changeset="38091565" timestamp="2016-03-26T22:44:41Z" user="freshcl" uid="1204536" lat="34.1642579" lon="131.4570738"/>
 <node id="4080663542" visible="true" version="1" changeset="38091565" timestamp="2016-03-26T22:44:41Z" user="freshcl" uid="1204536" lat="34.1642700" lon="131.4571090"/>
 <node id="4080663543" visible="true" version="1" changeset="38091565" timestamp="2016-03-26T22:44:41Z" user="freshcl" uid="1204536" lat="34.1642845" lon="131.4571277"/>
 <node id="4080663545" visible="true" version="1" changeset="38091565" timestamp="2016-03-26T22:44:41Z" user="freshcl" uid="1204536" lat="34.1643022" lon="131.4569350"/>
 <node id="4080663547" visible="true" version="1" changeset="38091565" timestamp="2016-03-26T22:44:41Z" user="freshcl" uid="1204536" lat="34.1643113" lon="131.4569752"/>
 <node id="4080663548" visible="true" version="1" changeset="38091565" timestamp="2016-03-26T22:44:41Z" user="freshcl" uid="1204536" lat="34.1643339" lon="131.4570091"/>
 <node id="4080663550" visible="true" version="1" changeset="38091565" timestamp="2016-03-26T22:44:41Z" user="freshcl" uid="1204536" lat="34.1643436" lon="131.4569996"/>
 <node id="4080663551" visible="true" version="1" changeset="38091565" timestamp="2016-03-26T22:44:41Z" user="freshcl" uid="1204536" lat="34.1643593" lon="131.4567439"/>
 <node id="4080663552" visible="true" version="1" changeset="38091565" timestamp="2016-03-26T22:44:41Z" user="freshcl" uid="1204536" lat="34.1643704" lon="131.4570397"/>
 <node id="4080663554" visible="true" version="1" changeset="38091565" timestamp="2016-03-26T22:44:41Z" user="freshcl" uid="1204536" lat="34.1644148" lon="131.4568392"/>
 <node id="4080663556" visible="true" version="1" changeset="38091565" timestamp="2016-03-26T22:44:41Z" user="freshcl" uid="1204536" lat="34.1644281" lon="131.4568612"/>
 <node id="4080663557" visible="true" version="1" changeset="38091565" timestamp="2016-03-26T22:44:41Z" user="freshcl" uid="1204536" lat="34.1644775" lon="131.4569351"/>
 <node id="4080663842" visible="true" version="1" changeset="38091565" timestamp="2016-03-26T22:44:44Z" user="freshcl" uid="1204536" lat="34.1664416" lon="131.4581584"/>
 <node id="4080663856" visible="true" version="1" changeset="38091565" timestamp="2016-03-26T22:44:44Z" user="freshcl" uid="1204536" lat="34.1665737" lon="131.4584468"/>
 <node id="4080663862" visible="true" version="2" changeset="77690936" timestamp="2019-11-28T15:44:22Z" user="mklyr" uid="614924" lat="34.1666269" lon="131.4585635"/>
 <node id="4080663867" visible="true" version="1" changeset="38091565" timestamp="2016-03-26T22:44:44Z" user="freshcl" uid="1204536" lat="34.1666735" lon="131.4586332"/>
 <node id="4080663888" visible="true" version="1" changeset="38091565" timestamp="2016-03-26T22:44:45Z" user="freshcl" uid="1204536" lat="34.1668111" lon="131.4587700"/>
 <node id="4080663915" visible="true" version="1" changeset="38091565" timestamp="2016-03-26T22:44:45Z" user="freshcl" uid="1204536" lat="34.1671096" lon="131.4590368"/>
 <node id="4096812107" visible="true" version="1" changeset="38282991" timestamp="2016-04-04T07:35:18Z" user="show1017" uid="3244669" lat="34.1647083" lon="131.4559853">
  <tag k="name" v="BHステイズイン 山口湯田"/>
  <tag k="tourism" v="hotel"/>
 </node>
 <node id="4096812110" visible="true" version="1" changeset="38283122" timestamp="2016-04-04T07:41:47Z" user="show1017" uid="3244669" lat="34.1641545" lon="131.4542963"/>
 <node id="4096812111" visible="true" version="1" changeset="38283159" timestamp="2016-04-04T07:43:48Z" user="show1017" uid="3244669" lat="34.1638303" lon="131.4539665"/>
 <node id="4096817505" visible="true" version="1" changeset="38282991" timestamp="2016-04-04T07:35:17Z" user="show1017" uid="3244669" lat="34.1647022" lon="131.4558677"/>
 <node id="4096827591" visible="true" version="1" changeset="38282888" timestamp="2016-04-04T07:29:20Z" user="show1017" uid="3244669" lat="34.1638336" lon="131.4561061">
  <tag k="name" v="ホテルニュータナカ"/>
  <tag k="tourism" v="hotel"/>
 </node>
 <node id="4096827612" visible="true" version="1" changeset="38283122" timestamp="2016-04-04T07:41:46Z" user="show1017" uid="3244669" lat="34.1642475" lon="131.4541595"/>
 <node id="4096827690" visible="true" version="1" changeset="38282907" timestamp="2016-04-04T07:30:21Z" user="show1017" uid="3244669" lat="34.1641917" lon="131.4554963">
  <tag k="name" v="かめ福"/>
  <tag k="tourism" v="hotel"/>
 </node>
 <node id="4096827701" visible="true" version="1" changeset="38283200" timestamp="2016-04-04T07:46:06Z" user="show1017" uid="3244669" lat="34.1643767" lon="131.4548411">
  <tag k="name" v="ホテル喜良久"/>
  <tag k="tourism" v="hotel"/>
 </node>
 <node id="4096827790" visible="true" version="1" changeset="38282878" timestamp="2016-04-04T07:28:41Z" user="show1017" uid="3244669" lat="34.1629461" lon="131.4552871">
  <tag k="name" v="古稀庵"/>
  <tag k="tourism" v="hotel"/>
 </node>
 <node id="4096827802" visible="true" version="2" changeset="180148595" timestamp="2026-03-20T09:12:12Z" user="Mozkun" uid="2651887" lat="34.1646021" lon="131.4565164">
  <tag k="amenity" v="parking"/>
  <tag k="name" v="湯田パーキング"/>
 </node>
 <node id="4096827803" visible="true" version="1" changeset="38282991" timestamp="2016-04-04T07:35:16Z" user="show1017" uid="3244669" lat="34.1648218" lon="131.4560391"/>
 <node id="4096827804" visible="true" version="1" changeset="38282991" timestamp="2016-04-04T07:35:17Z" user="show1017" uid="3244669" lat="34.1646153" lon="131.4559562"/>
 <node id="4096827806" visible="true" version="1" changeset="38283122" timestamp="2016-04-04T07:41:44Z" user="show1017" uid="3244669" lat="34.1640458" lon="131.4545259"/>
 <node id="4096827807" visible="true" version="1" changeset="38283122" timestamp="2016-04-04T07:41:44Z" user="show1017" uid="3244669" lat="34.1641641" lon="131.4546078"/>
 <node id="4096827808" visible="true" version="1" changeset="38283122" timestamp="2016-04-04T07:41:45Z" user="show1017" uid="3244669" lat="34.1642456" lon="131.4545241"/>
 <node id="4096832215" visible="true" version="2" changeset="106553057" timestamp="2021-06-17T21:21:49Z" user="Yuxian" uid="10084645" lat="34.1644068" lon="131.4562306">
  <tag k="amenity" v="restaurant"/>
  <tag k="brand" v="ガスト"/>
  <tag k="brand:en" v="Gusto"/>
  <tag k="brand:ja" v="ガスト"/>
  <tag k="brand:wikidata" v="Q87724117"/>
  <tag k="cuisine" v="western;japanese"/>
  <tag k="name" v="ガスト"/>
  <tag k="name:en" v="Gusto"/>
  <tag k="name:ja" v="ガスト"/>
 </node>
 <node id="4096832216" visible="true" version="1" changeset="38282991" timestamp="2016-04-04T07:35:17Z" user="show1017" uid="3244669" lat="34.1647349" lon="131.4561276"/>
 <node id="4096832217" visible="true" version="1" changeset="38283122" timestamp="2016-04-04T07:41:45Z" user="show1017" uid="3244669" lat="34.1642141" lon="131.4545023"/>
 <node id="4096832218" visible="true" version="1" changeset="38283122" timestamp="2016-04-04T07:41:45Z" user="show1017" uid="3244669" lat="34.1643761" lon="131.4542484"/>
 <node id="4096832219" visible="true" version="1" changeset="38283122" timestamp="2016-04-04T07:41:46Z" user="show1017" uid="3244669" lat="34.1641758" lon="131.4543110"/>
 <node id="4096832220" visible="true" version="1" changeset="38283159" timestamp="2016-04-04T07:43:48Z" user="show1017" uid="3244669" lat="34.1639087" lon="131.4540793"/>
 <node id="4096832221" visible="true" version="1" changeset="38283159" timestamp="2016-04-04T07:43:49Z" user="show1017" uid="3244669" lat="34.1636398" lon="131.4541597"/>
 <node id="4096832700" visible="true" version="1" changeset="38283159" timestamp="2016-04-04T07:43:49Z" user="show1017" uid="3244669" lat="34.1637182" lon="131.4542726"/>
 <node id="4116478391" visible="true" version="1" changeset="38499478" timestamp="2016-04-12T12:54:16Z" user="freshcl" uid="1204536" lat="34.1649838" lon="131.4552654"/>
 <node id="4116478392" visible="true" version="1" changeset="38499478" timestamp="2016-04-12T12:54:16Z" user="freshcl" uid="1204536" lat="34.1649372" lon="131.4552013"/>
 <node id="4116478393" visible="true" version="1" changeset="38499478" timestamp="2016-04-12T12:54:16Z" user="freshcl" uid="1204536" lat="34.1648515" lon="131.4552923"/>
 <node id="4116478394" visible="true" version="1" changeset="38499478" timestamp="2016-04-12T12:54:16Z" user="freshcl" uid="1204536" lat="34.1648981" lon="131.4553563"/>
 <node id="4116478395" visible="true" version="1" changeset="38499478" timestamp="2016-04-12T12:54:16Z" user="freshcl" uid="1204536" lat="34.1648217" lon="131.4553787"/>
 <node id="4116478396" visible="true" version="1" changeset="38499478" timestamp="2016-04-12T12:54:16Z" user="freshcl" uid="1204536" lat="34.1648050" lon="131.4553961"/>
 <node id="4116478397" visible="true" version="1" changeset="38499478" timestamp="2016-04-12T12:54:16Z" user="freshcl" uid="1204536" lat="34.1647830" lon="131.4553672"/>
 <node id="4116478398" visible="true" version="1" changeset="38499478" timestamp="2016-04-12T12:54:16Z" user="freshcl" uid="1204536" lat="34.1647040" lon="131.4554653"/>
 <node id="4116478399" visible="true" version="1" changeset="38499478" timestamp="2016-04-12T12:54:16Z" user="freshcl" uid="1204536" lat="34.1647969" lon="131.4555745"/>
 <node id="4116478400" visible="true" version="1" changeset="38499478" timestamp="2016-04-12T12:54:16Z" user="freshcl" uid="1204536" lat="34.1648447" lon="131.4555151"/>
 <node id="4116478401" visible="true" version="1" changeset="38499478" timestamp="2016-04-12T12:54:16Z" user="freshcl" uid="1204536" lat="34.1648670" lon="131.4555413"/>
 <node id="4116478402" visible="true" version="1" changeset="38499478" timestamp="2016-04-12T12:54:16Z" user="freshcl" uid="1204536" lat="34.1648955" lon="131.4555060"/>
 <node id="4116478403" visible="true" version="1" changeset="38499478" timestamp="2016-04-12T12:54:16Z" user="freshcl" uid="1204536" lat="34.1648707" lon="131.4554745"/>
 <node id="4116478404" visible="true" version="1" changeset="38499478" timestamp="2016-04-12T12:54:16Z" user="freshcl" uid="1204536" lat="34.1648866" lon="131.4554518"/>
 <node id="4607612499" visible="true" version="1" changeset="45157647" timestamp="2017-01-14T11:05:59Z" user="freshcl" uid="1204536" lat="34.1626960" lon="131.4535768"/>
 <node id="4607612501" visible="true" version="1" changeset="45157647" timestamp="2017-01-14T11:05:59Z" user="freshcl" uid="1204536" lat="34.1632384" lon="131.4539816"/>
 <node id="4607612502" visible="true" version="1" changeset="45157647" timestamp="2017-01-14T11:05:59Z" user="freshcl" uid="1204536" lat="34.1631121" lon="131.4536750"/>
 <node id="4607612503" visible="true" version="1" changeset="45157647" timestamp="2017-01-14T11:05:59Z" user="freshcl" uid="1204536" lat="34.1628910" lon="131.4538047"/>
 <node id="4607612504" visible="true" version="1" changeset="45157647" timestamp="2017-01-14T11:05:59Z" user="freshcl" uid="1204536" lat="34.1628489" lon="131.4537118"/>
 <node id="4607612505" visible="true" version="1" changeset="45157647" timestamp="2017-01-14T11:05:59Z" user="freshcl" uid="1204536" lat="34.1631331" lon="131.4535159"/>
 <node id="4607612506" visible="true" version="1" changeset="45157647" timestamp="2017-01-14T11:06:00Z" user="freshcl" uid="1204536" lat="34.1632479" lon="131.4536788"/>
 <node id="4607612507" visible="true" version="1" changeset="45157647" timestamp="2017-01-14T11:06:00Z" user="freshcl" uid="1204536" lat="34.1633690" lon="131.4538543"/>
 <node id="4607612508" visible="true" version="1" changeset="45157647" timestamp="2017-01-14T11:06:00Z" user="freshcl" uid="1204536" lat="34.1628056" lon="131.4538285"/>
 <node id="4607612509" visible="true" version="1" changeset="45157647" timestamp="2017-01-14T11:06:00Z" user="freshcl" uid="1204536" lat="34.1631395" lon="131.4536215"/>
 <node id="4607612510" visible="true" version="2" changeset="171440305" timestamp="2025-09-04T08:29:55Z" user="taketaketake" uid="4757277" lat="34.1633398" lon="131.4540156"/>
 <node id="4607612513" visible="true" version="1" changeset="45157647" timestamp="2017-01-14T11:06:00Z" user="freshcl" uid="1204536" lat="34.1620772" lon="131.4520687"/>
 <node id="4607612516" visible="true" version="1" changeset="45157647" timestamp="2017-01-14T11:06:00Z" user="freshcl" uid="1204536" lat="34.1619876" lon="131.4518482"/>
 <node id="4607612522" visible="true" version="1" changeset="45157647" timestamp="2017-01-14T11:06:00Z" user="freshcl" uid="1204536" lat="34.1619955" lon="131.4518677"/>
 <node id="4607612525" visible="true" version="1" changeset="45157647" timestamp="2017-01-14T11:06:00Z" user="freshcl" uid="1204536" lat="34.1613455" lon="131.4502933"/>
 <node id="4607612530" visible="true" version="1" changeset="45157647" timestamp="2017-01-14T11:06:00Z" user="freshcl" uid="1204536" lat="34.1611097" lon="131.4497251"/>
 <node id="4607612541" visible="true" version="1" changeset="45157647" timestamp="2017-01-14T11:06:00Z" user="freshcl" uid="1204536" lat="34.1608726" lon="131.4491474"/>
 <node id="4607612549" visible="true" version="1" changeset="45157647" timestamp="2017-01-14T11:06:00Z" user="freshcl" uid="1204536" lat="34.1610487" lon="131.4495764"/>
 <node id="4607612553" visible="true" version="1" changeset="45157647" timestamp="2017-01-14T11:06:00Z" user="freshcl" uid="1204536" lat="34.1609711" lon="131.4493875"/>
 <node id="4608636042" visible="true" version="1" changeset="45175220" timestamp="2017-01-14T22:45:51Z" user="freshcl" uid="1204536" lat="34.1604151" lon="131.4480558"/>
 <node id="4608805916" visible="true" version="2" changeset="102899852" timestamp="2021-04-14T05:07:13Z" user="hibagonsan" uid="5939709" lat="34.1598589" lon="131.4466708"/>
 <node id="4608805923" visible="true" version="1" changeset="45180572" timestamp="2017-01-15T01:01:01Z" user="freshcl" uid="1204536" lat="34.1599917" lon="131.4469881"/>
 <node id="4618137391" visible="true" version="3" changeset="171440305" timestamp="2025-09-04T08:29:55Z" user="taketaketake" uid="4757277" lat="34.1619812" lon="131.4555839"/>
 <node id="4618137397" visible="true" version="3" changeset="171440305" timestamp="2025-09-04T08:29:55Z" user="taketaketake" uid="4757277" lat="34.1620301" lon="131.4555326"/>
 <node id="4679342132" visible="true" version="1" changeset="45986724" timestamp="2017-02-10T23:27:32Z" user="freshcl" uid="1204536" lat="34.1637381" lon="131.4565721"/>
 <node id="4679342133" visible="true" version="1" changeset="45986724" timestamp="2017-02-10T23:27:32Z" user="freshcl" uid="1204536" lat="34.1637130" lon="131.4566023"/>
 <node id="4679342134" visible="true" version="1" changeset="45986724" timestamp="2017-02-10T23:27:32Z" user="freshcl" uid="1204536" lat="34.1636489" lon="131.4565210"/>
 <node id="4679342135" visible="true" version="1" changeset="45986724" timestamp="2017-02-10T23:27:32Z" user="freshcl" uid="1204536" lat="34.1636990" lon="131.4564681"/>
 <node id="4679342136" visible="true" version="1" changeset="45986724" timestamp="2017-02-10T23:27:32Z" user="freshcl" uid="1204536" lat="34.1637177" lon="131.4564983"/>
 <node id="4679342137" visible="true" version="1" changeset="45986724" timestamp="2017-02-10T23:27:32Z" user="freshcl" uid="1204536" lat="34.1637021" lon="131.4565267"/>
 <node id="4679342138" visible="true" version="1" changeset="45986724" timestamp="2017-02-10T23:27:32Z" user="freshcl" uid="1204536" lat="34.1637099" lon="131.4565513"/>
 <node id="4754100557" visible="true" version="1" changeset="47142098" timestamp="2017-03-25T08:25:26Z" user="freshcl" uid="1204536" lat="34.1643518" lon="131.4567797">
  <tag k="amenity" v="taxi"/>
  <tag k="name" v="中司タクシー"/>
 </node>
 <node id="4754302311" visible="true" version="2" changeset="69585307" timestamp="2019-04-26T03:04:53Z" user="hibagonsan" uid="5939709" lat="34.1638222" lon="131.4556857"/>
 <node id="4754302312" visible="true" version="3" changeset="186750670" timestamp="2026-08-01T08:31:06Z" user="Alt9800" uid="15676887" lat="34.1635481" lon="131.4559425"/>
 <node id="6353832696" visible="true" version="1" changeset="68400721" timestamp="2019-03-22T08:07:29Z" user="yoshitk" uid="1003241" lat="34.1605769" lon="131.4484386"/>
 <node id="6353832697" visible="true" version="1" changeset="68400721" timestamp="2019-03-22T08:07:29Z" user="yoshitk" uid="1003241" lat="34.1612590" lon="131.4500855"/>
 <node id="6353850184" visible="true" version="2" changeset="69586656" timestamp="2019-04-26T04:39:04Z" user="hibagonsan" uid="5939709" lat="34.1648708" lon="131.4540583"/>
 <node id="6429577233" visible="true" version="1" changeset="69584994" timestamp="2019-04-26T02:39:36Z" user="hibagonsan" uid="5939709" lat="34.1644472" lon="131.4549990"/>
 <node id="6429577234" visible="true" version="1" changeset="69584994" timestamp="2019-04-26T02:39:36Z" user="hibagonsan" uid="5939709" lat="34.1644068" lon="131.4549802"/>
 <node id="6429577235" visible="true" version="1" changeset="69584994" timestamp="2019-04-26T02:39:36Z" user="hibagonsan" uid="5939709" lat="34.1642958" lon="131.4548598"/>
 <node id="6429577236" visible="true" version="1" changeset="69584994" timestamp="2019-04-26T02:39:36Z" user="hibagonsan" uid="5939709" lat="34.1642918" lon="131.4548226"/>
 <node id="6429577237" visible="true" version="1" changeset="69584994" timestamp="2019-04-26T02:39:36Z" user="hibagonsan" uid="5939709" lat="34.1643444" lon="131.4548644"/>
 <node id="6429577238" visible="true" version="1" changeset="69584994" timestamp="2019-04-26T02:39:36Z" user="hibagonsan" uid="5939709" lat="34.1643176" lon="131.4548230"/>
 <node id="6429577239" visible="true" version="1" changeset="69584994" timestamp="2019-04-26T02:39:36Z" user="hibagonsan" uid="5939709" lat="34.1643028" lon="131.4548606"/>
 <node id="6429577240" visible="true" version="1" changeset="69584994" timestamp="2019-04-26T02:39:36Z" user="hibagonsan" uid="5939709" lat="34.1643216" lon="131.4548876"/>
 <node id="6429577241" visible="true" version="1" changeset="69584994" timestamp="2019-04-26T02:39:36Z" user="hibagonsan" uid="5939709" lat="34.1645321" lon="131.4548618"/>
 <node id="6429577242" visible="true" version="1" changeset="69584994" timestamp="2019-04-26T02:39:36Z" user="hibagonsan" uid="5939709" lat="34.1643104" lon="131.4551271"/>
 <node id="6429577243" visible="true" version="1" changeset="69584994" timestamp="2019-04-26T02:39:36Z" user="hibagonsan" uid="5939709" lat="34.1642203" lon="131.4549878"/>
 <node id="6429577244" visible="true" version="1" changeset="69584994" timestamp="2019-04-26T02:39:36Z" user="hibagonsan" uid="5939709" lat="34.1644644" lon="131.4547572"/>
 <node id="6429577245" visible="true" version="1" changeset="69584994" timestamp="2019-04-26T02:39:36Z" user="hibagonsan" uid="5939709" lat="34.1645360" lon="131.4546890"/>
 <node id="6429577246" visible="true" version="1" changeset="69584994" timestamp="2019-04-26T02:39:36Z" user="hibagonsan" uid="5939709" lat="34.1643455" lon="131.4548646"/>
 <node id="6429577247" visible="true" version="1" changeset="69584994" timestamp="2019-04-26T02:39:36Z" user="hibagonsan" uid="5939709" lat="34.1642477" lon="131.4547097"/>
 <node id="6429577248" visible="true" version="1" changeset="69584994" timestamp="2019-04-26T02:39:36Z" user="hibagonsan" uid="5939709" lat="34.1644381" lon="131.4545341"/>
 <node id="6429577249" visible="true" version="1" changeset="69584994" timestamp="2019-04-26T02:39:36Z" user="hibagonsan" uid="5939709" lat="34.1641629" lon="131.4548787"/>
 <node id="6429577250" visible="true" version="1" changeset="69584994" timestamp="2019-04-26T02:39:36Z" user="hibagonsan" uid="5939709" lat="34.1641968" lon="131.4549230"/>
 <node id="6429577251" visible="true" version="1" changeset="69584994" timestamp="2019-04-26T02:39:36Z" user="hibagonsan" uid="5939709" lat="34.1642878" lon="131.4547949"/>
 <node id="6429577252" visible="true" version="1" changeset="69584994" timestamp="2019-04-26T02:39:36Z" user="hibagonsan" uid="5939709" lat="34.1643005" lon="131.4548912"/>
 <node id="6429577253" visible="true" version="1" changeset="69584994" timestamp="2019-04-26T02:39:36Z" user="hibagonsan" uid="5939709" lat="34.1642500" lon="131.4549442"/>
 <node id="6429577254" visible="true" version="1" changeset="69584994" timestamp="2019-04-26T02:39:36Z" user="hibagonsan" uid="5939709" lat="34.1641596" lon="131.4548184"/>
 <node id="6429577255" visible="true" version="1" changeset="69584994" timestamp="2019-04-26T02:39:36Z" user="hibagonsan" uid="5939709" lat="34.1642101" lon="131.4547654"/>
 <node id="6429577256" visible="true" version="1" changeset="69584994" timestamp="2019-04-26T02:39:36Z" user="hibagonsan" uid="5939709" lat="34.1643907" lon="131.4550538"/>
 <node id="6429577257" visible="true" version="1" changeset="69584994" timestamp="2019-04-26T02:39:36Z" user="hibagonsan" uid="5939709" lat="34.1645992" lon="131.4553653"/>
 <node id="6429577258" visible="true" version="1" changeset="69584994" timestamp="2019-04-26T02:39:36Z" user="hibagonsan" uid="5939709" lat="34.1646815" lon="131.4552848"/>
 <node id="6429577259" visible="true" version="1" changeset="69584994" timestamp="2019-04-26T02:39:36Z" user="hibagonsan" uid="5939709" lat="34.1644731" lon="131.4549733"/>
 <node id="6429599062" visible="true" version="1" changeset="69585279" timestamp="2019-04-26T03:03:27Z" user="hibagonsan" uid="5939709" lat="34.1648463" lon="131.4562110"/>
 <node id="6429599063" visible="true" version="1" changeset="69585279" timestamp="2019-04-26T03:03:27Z" user="hibagonsan" uid="5939709" lat="34.1648384" lon="131.4561983"/>
 <node id="6429599064" visible="true" version="1" changeset="69585279" timestamp="2019-04-26T03:03:27Z" user="hibagonsan" uid="5939709" lat="34.1649177" lon="131.4561461"/>
 <node id="6429599065" visible="true" version="1" changeset="69585279" timestamp="2019-04-26T03:03:27Z" user="hibagonsan" uid="5939709" lat="34.1647611" lon="131.4562688"/>
 <node id="6429599066" visible="true" version="1" changeset="69585279" timestamp="2019-04-26T03:03:27Z" user="hibagonsan" uid="5939709" lat="34.1647322" lon="131.4562225"/>
 <node id="6429599067" visible="true" version="1" changeset="69585279" timestamp="2019-04-26T03:03:27Z" user="hibagonsan" uid="5939709" lat="34.1648809" lon="131.4560871"/>
 <node id="6429599068" visible="true" version="1" changeset="69585279" timestamp="2019-04-26T03:03:27Z" user="hibagonsan" uid="5939709" lat="34.1648636" lon="131.4562455"/>
 <node id="6429599069" visible="true" version="1" changeset="69585279" timestamp="2019-04-26T03:03:27Z" user="hibagonsan" uid="5939709" lat="34.1649179" lon="131.4563327"/>
 <node id="6429599070" visible="true" version="1" changeset="69585279" timestamp="2019-04-26T03:03:27Z" user="hibagonsan" uid="5939709" lat="34.1649741" lon="131.4562815"/>
 <node id="6429599071" visible="true" version="1" changeset="69585279" timestamp="2019-04-26T03:03:27Z" user="hibagonsan" uid="5939709" lat="34.1649197" lon="131.4561944"/>
 <node id="6429599072" visible="true" version="1" changeset="69585279" timestamp="2019-04-26T03:03:27Z" user="hibagonsan" uid="5939709" lat="34.1645751" lon="131.4562151"/>
 <node id="6429599073" visible="true" version="1" changeset="69585279" timestamp="2019-04-26T03:03:27Z" user="hibagonsan" uid="5939709" lat="34.1644719" lon="131.4560649"/>
 <node id="6429599074" visible="true" version="1" changeset="69585279" timestamp="2019-04-26T03:03:27Z" user="hibagonsan" uid="5939709" lat="34.1645447" lon="131.4559919"/>
 <node id="6429599075" visible="true" version="1" changeset="69585279" timestamp="2019-04-26T03:03:27Z" user="hibagonsan" uid="5939709" lat="34.1646479" lon="131.4561421"/>
 <node id="6429599076" visible="true" version="1" changeset="69585279" timestamp="2019-04-26T03:03:27Z" user="hibagonsan" uid="5939709" lat="34.1648465" lon="131.4564251"/>
 <node id="6429599077" visible="true" version="1" changeset="69585279" timestamp="2019-04-26T03:03:27Z" user="hibagonsan" uid="5939709" lat="34.1646590" lon="131.4561569"/>
 <node id="6429599078" visible="true" version="1" changeset="69585279" timestamp="2019-04-26T03:03:27Z" user="hibagonsan" uid="5939709" lat="34.1645868" lon="131.4562306"/>
 <node id="6429599079" visible="true" version="2" changeset="71546808" timestamp="2019-06-24T04:30:08Z" user="hibagonsan" uid="5939709" lat="34.1648137" lon="131.4565550"/>
 <node id="6429599080" visible="true" version="1" changeset="69585279" timestamp="2019-04-26T03:03:27Z" user="hibagonsan" uid="5939709" lat="34.1636636" lon="131.4545703"/>
 <node id="6429599081" visible="true" version="1" changeset="69585279" timestamp="2019-04-26T03:03:27Z" user="hibagonsan" uid="5939709" lat="34.1637479" lon="131.4544804"/>
 <node id="6429599082" visible="true" version="1" changeset="69585279" timestamp="2019-04-26T03:03:27Z" user="hibagonsan" uid="5939709" lat="34.1637967" lon="131.4545549"/>
 <node id="6429599083" visible="true" version="1" changeset="69585279" timestamp="2019-04-26T03:03:27Z" user="hibagonsan" uid="5939709" lat="34.1639077" lon="131.4547098"/>
 <node id="6429599084" visible="true" version="1" changeset="69585279" timestamp="2019-04-26T03:03:27Z" user="hibagonsan" uid="5939709" lat="34.1637923" lon="131.4547775"/>
 <node id="6429601785" visible="true" version="1" changeset="69585279" timestamp="2019-04-26T03:03:27Z" user="hibagonsan" uid="5939709" lat="34.1637557" lon="131.4548164"/>
 <node id="6429601786" visible="true" version="1" changeset="69585279" timestamp="2019-04-26T03:03:27Z" user="hibagonsan" uid="5939709" lat="34.1638034" lon="131.4548828"/>
 <node id="6429601787" visible="true" version="1" changeset="69585279" timestamp="2019-04-26T03:03:27Z" user="hibagonsan" uid="5939709" lat="34.1637762" lon="131.4549203"/>
 <node id="6429601788" visible="true" version="1" changeset="69585279" timestamp="2019-04-26T03:03:27Z" user="hibagonsan" uid="5939709" lat="34.1638749" lon="131.4547581"/>
 <node id="6429601789" visible="true" version="1" changeset="69585279" timestamp="2019-04-26T03:03:27Z" user="hibagonsan" uid="5939709" lat="34.1638732" lon="131.4546701"/>
 <node id="6429601790" visible="true" version="1" changeset="69585279" timestamp="2019-04-26T03:03:27Z" user="hibagonsan" uid="5939709" lat="34.1638100" lon="131.4549641"/>
 <node id="6429601791" visible="true" version="1" changeset="69585279" timestamp="2019-04-26T03:03:27Z" user="hibagonsan" uid="5939709" lat="34.1639216" lon="131.4548100"/>
 <node id="6429601792" visible="true" version="1" changeset="69585279" timestamp="2019-04-26T03:03:27Z" user="hibagonsan" uid="5939709" lat="34.1636683" lon="131.4545480"/>
 <node id="6429601793" visible="true" version="1" changeset="69585279" timestamp="2019-04-26T03:03:27Z" user="hibagonsan" uid="5939709" lat="34.1635651" lon="131.4544059"/>
 <node id="6429601794" visible="true" version="1" changeset="69585279" timestamp="2019-04-26T03:03:27Z" user="hibagonsan" uid="5939709" lat="34.1636136" lon="131.4543544"/>
 <node id="6429601795" visible="true" version="1" changeset="69585279" timestamp="2019-04-26T03:03:27Z" user="hibagonsan" uid="5939709" lat="34.1637168" lon="131.4544965"/>
 <node id="6429601796" visible="true" version="1" changeset="69585279" timestamp="2019-04-26T03:03:27Z" user="hibagonsan" uid="5939709" lat="34.1637835" lon="131.4547439"/>
 <node id="6429601797" visible="true" version="1" changeset="69585279" timestamp="2019-04-26T03:03:27Z" user="hibagonsan" uid="5939709" lat="34.1637136" lon="131.4546460"/>
 <node id="6429601798" visible="true" version="1" changeset="69585279" timestamp="2019-04-26T03:03:27Z" user="hibagonsan" uid="5939709" lat="34.1637823" lon="131.4545743"/>
 <node id="6429601799" visible="true" version="1" changeset="69585279" timestamp="2019-04-26T03:03:27Z" user="hibagonsan" uid="5939709" lat="34.1638522" lon="131.4546722"/>
 <node id="6429601800" visible="true" version="1" changeset="69585279" timestamp="2019-04-26T03:03:27Z" user="hibagonsan" uid="5939709" lat="34.1639311" lon="131.4547972"/>
 <node id="6429601801" visible="true" version="1" changeset="69585279" timestamp="2019-04-26T03:03:27Z" user="hibagonsan" uid="5939709" lat="34.1638345" lon="131.4549273"/>
 <node id="6429601802" visible="true" version="1" changeset="69585279" timestamp="2019-04-26T03:03:27Z" user="hibagonsan" uid="5939709" lat="34.1639221" lon="131.4550222"/>
 <node id="6429601803" visible="true" version="1" changeset="69585279" timestamp="2019-04-26T03:03:27Z" user="hibagonsan" uid="5939709" lat="34.1640187" lon="131.4548922"/>
 <node id="6429601804" visible="true" version="1" changeset="69585279" timestamp="2019-04-26T03:03:28Z" user="hibagonsan" uid="5939709" lat="34.1645057" lon="131.4538940"/>
 <node id="6429601805" visible="true" version="1" changeset="69585279" timestamp="2019-04-26T03:03:28Z" user="hibagonsan" uid="5939709" lat="34.1644469" lon="131.4538089"/>
 <node id="6429601808" visible="true" version="1" changeset="69585279" timestamp="2019-04-26T03:03:28Z" user="hibagonsan" uid="5939709" lat="34.1645622" lon="131.4539710"/>
 <node id="6429601809" visible="true" version="1" changeset="69585279" timestamp="2019-04-26T03:03:28Z" user="hibagonsan" uid="5939709" lat="34.1644096" lon="131.4537564"/>
 <node id="6429601810" visible="true" version="1" changeset="69585279" timestamp="2019-04-26T03:03:28Z" user="hibagonsan" uid="5939709" lat="34.1645208" lon="131.4536409"/>
 <node id="6429601811" visible="true" version="1" changeset="69585279" timestamp="2019-04-26T03:03:28Z" user="hibagonsan" uid="5939709" lat="34.1646734" lon="131.4538555"/>
 <node id="6429601812" visible="true" version="1" changeset="69585279" timestamp="2019-04-26T03:03:28Z" user="hibagonsan" uid="5939709" lat="34.1646096" lon="131.4542478"/>
 <node id="6429601813" visible="true" version="1" changeset="69585279" timestamp="2019-04-26T03:03:28Z" user="hibagonsan" uid="5939709" lat="34.1645225" lon="131.4541311"/>
 <node id="6429601814" visible="true" version="1" changeset="69585279" timestamp="2019-04-26T03:03:28Z" user="hibagonsan" uid="5939709" lat="34.1645680" lon="131.4540815"/>
 <node id="6429601815" visible="true" version="1" changeset="69585279" timestamp="2019-04-26T03:03:28Z" user="hibagonsan" uid="5939709" lat="34.1646551" lon="131.4541981"/>
 <node id="6429601816" visible="true" version="1" changeset="69585279" timestamp="2019-04-26T03:03:28Z" user="hibagonsan" uid="5939709" lat="34.1646147" lon="131.4544521"/>
 <node id="6429601817" visible="true" version="1" changeset="69585279" timestamp="2019-04-26T03:03:28Z" user="hibagonsan" uid="5939709" lat="34.1645868" lon="131.4544818"/>
 <node id="6429601818" visible="true" version="1" changeset="69585279" timestamp="2019-04-26T03:03:28Z" user="hibagonsan" uid="5939709" lat="34.1646044" lon="131.4545060"/>
 <node id="6429601819" visible="true" version="1" changeset="69585279" timestamp="2019-04-26T03:03:28Z" user="hibagonsan" uid="5939709" lat="34.1646323" lon="131.4544764"/>
 <node id="6429601820" visible="true" version="1" changeset="69585279" timestamp="2019-04-26T03:03:28Z" user="hibagonsan" uid="5939709" lat="34.1646516" lon="131.4544093"/>
 <node id="6429601821" visible="true" version="1" changeset="69585279" timestamp="2019-04-26T03:03:28Z" user="hibagonsan" uid="5939709" lat="34.1646123" lon="131.4544510"/>
 <node id="6429601822" visible="true" version="1" changeset="69585279" timestamp="2019-04-26T03:03:28Z" user="hibagonsan" uid="5939709" lat="34.1645919" lon="131.4544229"/>
 <node id="6429601823" visible="true" version="1" changeset="69585279" timestamp="2019-04-26T03:03:28Z" user="hibagonsan" uid="5939709" lat="34.1646312" lon="131.4543812"/>
 <node id="6429602338" visible="true" version="1" changeset="69585307" timestamp="2019-04-26T03:04:53Z" user="hibagonsan" uid="5939709" lat="34.1633610" lon="131.4562430"/>
 <node id="6429602339" visible="true" version="1" changeset="69585307" timestamp="2019-04-26T03:04:53Z" user="hibagonsan" uid="5939709" lat="34.1633166" lon="131.4561638"/>
 <node id="6429602340" visible="true" version="1" changeset="69585307" timestamp="2019-04-26T03:04:53Z" user="hibagonsan" uid="5939709" lat="34.1633629" lon="131.4561260"/>
 <node id="6429602341" visible="true" version="1" changeset="69585307" timestamp="2019-04-26T03:04:53Z" user="hibagonsan" uid="5939709" lat="34.1634072" lon="131.4562051"/>
 <node id="6429602342" visible="true" version="1" changeset="69585307" timestamp="2019-04-26T03:04:53Z" user="hibagonsan" uid="5939709" lat="34.1633683" lon="131.4560572"/>
 <node id="6429602343" visible="true" version="1" changeset="69585307" timestamp="2019-04-26T03:04:53Z" user="hibagonsan" uid="5939709" lat="34.1634383" lon="131.4561752"/>
 <node id="6429602344" visible="true" version="1" changeset="69585307" timestamp="2019-04-26T03:04:53Z" user="hibagonsan" uid="5939709" lat="34.1635060" lon="131.4561166"/>
 <node id="6429602345" visible="true" version="1" changeset="69585307" timestamp="2019-04-26T03:04:53Z" user="hibagonsan" uid="5939709" lat="34.1634361" lon="131.4559986"/>
 <node id="6429602346" visible="true" version="1" changeset="69585307" timestamp="2019-04-26T03:04:53Z" user="hibagonsan" uid="5939709" lat="34.1631843" lon="131.4561396"/>
 <node id="6429602347" visible="true" version="1" changeset="69585307" timestamp="2019-04-26T03:04:53Z" user="hibagonsan" uid="5939709" lat="34.1631244" lon="131.4560404"/>
 <node id="6429602348" visible="true" version="1" changeset="69585307" timestamp="2019-04-26T03:04:53Z" user="hibagonsan" uid="5939709" lat="34.1630616" lon="131.4560958"/>
 <node id="6429602349" visible="true" version="1" changeset="69585307" timestamp="2019-04-26T03:04:53Z" user="hibagonsan" uid="5939709" lat="34.1631215" lon="131.4561950"/>
 <node id="6429602350" visible="true" version="1" changeset="69585307" timestamp="2019-04-26T03:04:53Z" user="hibagonsan" uid="5939709" lat="34.1632065" lon="131.4561335"/>
 <node id="6429602351" visible="true" version="1" changeset="69585307" timestamp="2019-04-26T03:04:53Z" user="hibagonsan" uid="5939709" lat="34.1631083" lon="131.4559792"/>
 <node id="6429602352" visible="true" version="1" changeset="69585307" timestamp="2019-04-26T03:04:53Z" user="hibagonsan" uid="5939709" lat="34.1631798" lon="131.4559127"/>
 <node id="6429602353" visible="true" version="1" changeset="69585307" timestamp="2019-04-26T03:04:53Z" user="hibagonsan" uid="5939709" lat="34.1632780" lon="131.4560670"/>
 <node id="6429602354" visible="true" version="1" changeset="69585307" timestamp="2019-04-26T03:04:53Z" user="hibagonsan" uid="5939709" lat="34.1633996" lon="131.4559463"/>
 <node id="6429602355" visible="true" version="1" changeset="69585307" timestamp="2019-04-26T03:04:53Z" user="hibagonsan" uid="5939709" lat="34.1633353" lon="131.4558457"/>
 <node id="6429602356" visible="true" version="1" changeset="69585307" timestamp="2019-04-26T03:04:53Z" user="hibagonsan" uid="5939709" lat="34.1633124" lon="131.4558671"/>
 <node id="6429602357" visible="true" version="1" changeset="69585307" timestamp="2019-04-26T03:04:53Z" user="hibagonsan" uid="5939709" lat="34.1633767" lon="131.4559677"/>
 <node id="6429602358" visible="true" version="1" changeset="69585307" timestamp="2019-04-26T03:04:53Z" user="hibagonsan" uid="5939709" lat="34.1633476" lon="131.4559534"/>
 <node id="6429602359" visible="true" version="1" changeset="69585307" timestamp="2019-04-26T03:04:53Z" user="hibagonsan" uid="5939709" lat="34.1632638" lon="131.4558327"/>
 <node id="6429602360" visible="true" version="1" changeset="69585307" timestamp="2019-04-26T03:04:53Z" user="hibagonsan" uid="5939709" lat="34.1632081" lon="131.4558893"/>
 <node id="6429602361" visible="true" version="1" changeset="69585307" timestamp="2019-04-26T03:04:53Z" user="hibagonsan" uid="5939709" lat="34.1632918" lon="131.4560100"/>
 <node id="6429747252" visible="true" version="2" changeset="185853761" timestamp="2026-07-16T15:54:56Z" user="MiachMihie" uid="24308200" lat="34.1649965" lon="131.4541037"/>
 <node id="6429747253" visible="true" version="2" changeset="185853761" timestamp="2026-07-16T15:54:56Z" user="MiachMihie" uid="24308200" lat="34.1649430" lon="131.4540068"/>
 <node id="6429747254" visible="true" version="2" changeset="185853761" timestamp="2026-07-16T15:54:56Z" user="MiachMihie" uid="24308200" lat="34.1650445" lon="131.4539040"/>
 <node id="6429747255" visible="true" version="2" changeset="185853761" timestamp="2026-07-16T15:54:56Z" user="MiachMihie" uid="24308200" lat="34.1651049" lon="131.4539962"/>
 <node id="6429748697" visible="true" version="1" changeset="69586696" timestamp="2019-04-26T04:41:36Z" user="hibagonsan" uid="5939709" lat="34.1631587" lon="131.4559020"/>
 <node id="6429748698" visible="true" version="1" changeset="69586696" timestamp="2019-04-26T04:41:36Z" user="hibagonsan" uid="5939709" lat="34.1630023" lon="131.4560115"/>
 <node id="6429748699" visible="true" version="1" changeset="69586696" timestamp="2019-04-26T04:41:36Z" user="hibagonsan" uid="5939709" lat="34.1629707" lon="131.4559685"/>
 <node id="6429748700" visible="true" version="1" changeset="69586696" timestamp="2019-04-26T04:41:36Z" user="hibagonsan" uid="5939709" lat="34.1629939" lon="131.4559436"/>
 <node id="6429748701" visible="true" version="1" changeset="69586696" timestamp="2019-04-26T04:41:37Z" user="hibagonsan" uid="5939709" lat="34.1630255" lon="131.4559865"/>
 <node id="6429748702" visible="true" version="1" changeset="69586696" timestamp="2019-04-26T04:41:37Z" user="hibagonsan" uid="5939709" lat="34.1629622" lon="131.4560375"/>
 <node id="6429748703" visible="true" version="1" changeset="69586696" timestamp="2019-04-26T04:41:37Z" user="hibagonsan" uid="5939709" lat="34.1629278" lon="131.4559818"/>
 <node id="6429748704" visible="true" version="1" changeset="69586696" timestamp="2019-04-26T04:41:37Z" user="hibagonsan" uid="5939709" lat="34.1629523" lon="131.4559597"/>
 <node id="6429748705" visible="true" version="1" changeset="69586696" timestamp="2019-04-26T04:41:37Z" user="hibagonsan" uid="5939709" lat="34.1629867" lon="131.4560153"/>
 <node id="6429748710" visible="true" version="1" changeset="69586696" timestamp="2019-04-26T04:41:37Z" user="hibagonsan" uid="5939709" lat="34.1630237" lon="131.4558190"/>
 <node id="6429748711" visible="true" version="1" changeset="69586696" timestamp="2019-04-26T04:41:37Z" user="hibagonsan" uid="5939709" lat="34.1629666" lon="131.4558814"/>
 <node id="6429748712" visible="true" version="1" changeset="69586696" timestamp="2019-04-26T04:41:37Z" user="hibagonsan" uid="5939709" lat="34.1630211" lon="131.4559543"/>
 <node id="6429748713" visible="true" version="1" changeset="69586696" timestamp="2019-04-26T04:41:37Z" user="hibagonsan" uid="5939709" lat="34.1630782" lon="131.4558920"/>
 <node id="6430084579" visible="true" version="1" changeset="69590548" timestamp="2019-04-26T07:57:56Z" user="hibagonsan" uid="5939709" lat="34.1625479" lon="131.4560913"/>
 <node id="6430084580" visible="true" version="1" changeset="69590548" timestamp="2019-04-26T07:57:56Z" user="hibagonsan" uid="5939709" lat="34.1625942" lon="131.4560565"/>
 <node id="6430084581" visible="true" version="1" changeset="69590548" timestamp="2019-04-26T07:57:56Z" user="hibagonsan" uid="5939709" lat="34.1624836" lon="131.4559932"/>
 <node id="6430084582" visible="true" version="1" changeset="69590548" timestamp="2019-04-26T07:57:56Z" user="hibagonsan" uid="5939709" lat="34.1625472" lon="131.4559322"/>
 <node id="6430084583" visible="true" version="1" changeset="69590548" timestamp="2019-04-26T07:57:56Z" user="hibagonsan" uid="5939709" lat="34.1626155" lon="131.4560361"/>
 <node id="6430084584" visible="true" version="1" changeset="69590548" timestamp="2019-04-26T07:57:56Z" user="hibagonsan" uid="5939709" lat="34.1627279" lon="131.4562545"/>
 <node id="6430086385" visible="true" version="1" changeset="69590548" timestamp="2019-04-26T07:57:56Z" user="hibagonsan" uid="5939709" lat="34.1625284" lon="131.4561106"/>
 <node id="6430086386" visible="true" version="1" changeset="69590548" timestamp="2019-04-26T07:57:56Z" user="hibagonsan" uid="5939709" lat="34.1626665" lon="131.4563151"/>
 <node id="6566867231" visible="true" version="1" changeset="71545367" timestamp="2019-06-24T03:05:49Z" user="hibagonsan" uid="5939709" lat="34.1638177" lon="131.4568074"/>
 <node id="6566867232" visible="true" version="1" changeset="71545367" timestamp="2019-06-24T03:05:49Z" user="hibagonsan" uid="5939709" lat="34.1637894" lon="131.4568375"/>
 <node id="6566867233" visible="true" version="1" changeset="71545367" timestamp="2019-06-24T03:05:49Z" user="hibagonsan" uid="5939709" lat="34.1639083" lon="131.4569321"/>
 <node id="6566867234" visible="true" version="1" changeset="71545367" timestamp="2019-06-24T03:05:49Z" user="hibagonsan" uid="5939709" lat="34.1637679" lon="131.4568079"/>
 <node id="6566867235" visible="true" version="1" changeset="71545367" timestamp="2019-06-24T03:05:49Z" user="hibagonsan" uid="5939709" lat="34.1637268" lon="131.4568515"/>
 <node id="6566867236" visible="true" version="1" changeset="71545367" timestamp="2019-06-24T03:05:49Z" user="hibagonsan" uid="5939709" lat="34.1638389" lon="131.4570057"/>
 <node id="6566867237" visible="true" version="1" changeset="71545367" timestamp="2019-06-24T03:05:49Z" user="hibagonsan" uid="5939709" lat="34.1636570" lon="131.4571994"/>
 <node id="6566867238" visible="true" version="1" changeset="71545367" timestamp="2019-06-24T03:05:49Z" user="hibagonsan" uid="5939709" lat="34.1635294" lon="131.4570304"/>
 <node id="6566867239" visible="true" version="1" changeset="71545367" timestamp="2019-06-24T03:05:49Z" user="hibagonsan" uid="5939709" lat="34.1636247" lon="131.4569253"/>
 <node id="6566867240" visible="true" version="1" changeset="71545367" timestamp="2019-06-24T03:05:49Z" user="hibagonsan" uid="5939709" lat="34.1637524" lon="131.4570943"/>
 <node id="6566937743" visible="true" version="1" changeset="71546808" timestamp="2019-06-24T04:30:08Z" user="hibagonsan" uid="5939709" lat="34.1648459" lon="131.4565221"/>
 <node id="6566937744" visible="true" version="1" changeset="71546808" timestamp="2019-06-24T04:30:08Z" user="hibagonsan" uid="5939709" lat="34.1648066" lon="131.4564659"/>
 <node id="6566937745" visible="true" version="1" changeset="71546808" timestamp="2019-06-24T04:30:08Z" user="hibagonsan" uid="5939709" lat="34.1649974" lon="131.4566355"/>
 <node id="6566937746" visible="true" version="1" changeset="71546808" timestamp="2019-06-24T04:30:08Z" user="hibagonsan" uid="5939709" lat="34.1649236" lon="131.4565262"/>
 <node id="6566937747" visible="true" version="1" changeset="71546808" timestamp="2019-06-24T04:30:08Z" user="hibagonsan" uid="5939709" lat="34.1649663" lon="131.4564840"/>
 <node id="6566937748" visible="true" version="1" changeset="71546808" timestamp="2019-06-24T04:30:08Z" user="hibagonsan" uid="5939709" lat="34.1650401" lon="131.4565933"/>
 <node id="6566937749" visible="true" version="1" changeset="71546808" timestamp="2019-06-24T04:30:08Z" user="hibagonsan" uid="5939709" lat="34.1649990" lon="131.4566573"/>
 <node id="6566937750" visible="true" version="1" changeset="71546808" timestamp="2019-06-24T04:30:08Z" user="hibagonsan" uid="5939709" lat="34.1649645" lon="131.4566908"/>
 <node id="6566937751" visible="true" version="1" changeset="71546808" timestamp="2019-06-24T04:30:08Z" user="hibagonsan" uid="5939709" lat="34.1650144" lon="131.4567660"/>
 <node id="6566937752" visible="true" version="1" changeset="71546808" timestamp="2019-06-24T04:30:08Z" user="hibagonsan" uid="5939709" lat="34.1648958" lon="131.4565019"/>
 <node id="6566937753" visible="true" version="1" changeset="71546808" timestamp="2019-06-24T04:30:08Z" user="hibagonsan" uid="5939709" lat="34.1648187" lon="131.4565766"/>
 <node id="6566937754" visible="true" version="1" changeset="71546808" timestamp="2019-06-24T04:30:08Z" user="hibagonsan" uid="5939709" lat="34.1649719" lon="131.4568073"/>
 <node id="6566937755" visible="true" version="1" changeset="71546808" timestamp="2019-06-24T04:30:08Z" user="hibagonsan" uid="5939709" lat="34.1649268" lon="131.4564671"/>
 <node id="6566937756" visible="true" version="1" changeset="71546808" timestamp="2019-06-24T04:30:08Z" user="hibagonsan" uid="5939709" lat="34.1648707" lon="131.4563559"/>
 <node id="6566937757" visible="true" version="1" changeset="71546808" timestamp="2019-06-24T04:30:08Z" user="hibagonsan" uid="5939709" lat="34.1648887" lon="131.4563829"/>
 <node id="6566937758" visible="true" version="1" changeset="71546808" timestamp="2019-06-24T04:30:08Z" user="hibagonsan" uid="5939709" lat="34.1649234" lon="131.4564620"/>
 <node id="6566937759" visible="true" version="1" changeset="71546808" timestamp="2019-06-24T04:30:08Z" user="hibagonsan" uid="5939709" lat="34.1650061" lon="131.4562682"/>
 <node id="6566937760" visible="true" version="1" changeset="71546808" timestamp="2019-06-24T04:30:08Z" user="hibagonsan" uid="5939709" lat="34.1648316" lon="131.4563941"/>
 <node id="6566937761" visible="true" version="1" changeset="71546808" timestamp="2019-06-24T04:30:08Z" user="hibagonsan" uid="5939709" lat="34.1648987" lon="131.4564945"/>
 <node id="6566937762" visible="true" version="1" changeset="71546808" timestamp="2019-06-24T04:30:08Z" user="hibagonsan" uid="5939709" lat="34.1650518" lon="131.4563365"/>
 <node id="6566956769" visible="true" version="1" changeset="71546927" timestamp="2019-06-24T04:36:25Z" user="hibagonsan" uid="5939709" lat="34.1625124" lon="131.4564717"/>
 <node id="6566956770" visible="true" version="1" changeset="71546927" timestamp="2019-06-24T04:36:25Z" user="hibagonsan" uid="5939709" lat="34.1624935" lon="131.4565843"/>
 <node id="6566956771" visible="true" version="1" changeset="71546927" timestamp="2019-06-24T04:36:25Z" user="hibagonsan" uid="5939709" lat="34.1625550" lon="131.4565994"/>
 <node id="6566956772" visible="true" version="1" changeset="71546927" timestamp="2019-06-24T04:36:25Z" user="hibagonsan" uid="5939709" lat="34.1625739" lon="131.4564867"/>
 <node id="6566962988" visible="true" version="1" changeset="71546927" timestamp="2019-06-24T04:36:25Z" user="hibagonsan" uid="5939709" lat="34.1629159" lon="131.4566399"/>
 <node id="6566962989" visible="true" version="1" changeset="71546927" timestamp="2019-06-24T04:36:25Z" user="hibagonsan" uid="5939709" lat="34.1628756" lon="131.4565834"/>
 <node id="6566962990" visible="true" version="1" changeset="71546927" timestamp="2019-06-24T04:36:25Z" user="hibagonsan" uid="5939709" lat="34.1628598" lon="131.4565998"/>
 <node id="6566962991" visible="true" version="1" changeset="71546927" timestamp="2019-06-24T04:36:25Z" user="hibagonsan" uid="5939709" lat="34.1629001" lon="131.4566563"/>
 <node id="6566962992" visible="true" version="1" changeset="71546927" timestamp="2019-06-24T04:36:25Z" user="hibagonsan" uid="5939709" lat="34.1629723" lon="131.4567579"/>
 <node id="6566962993" visible="true" version="1" changeset="71546927" timestamp="2019-06-24T04:36:25Z" user="hibagonsan" uid="5939709" lat="34.1628492" lon="131.4565849"/>
 <node id="6566962994" visible="true" version="1" changeset="71546927" timestamp="2019-06-24T04:36:25Z" user="hibagonsan" uid="5939709" lat="34.1627836" lon="131.4566530"/>
 <node id="6566962995" visible="true" version="1" changeset="71546927" timestamp="2019-06-24T04:36:25Z" user="hibagonsan" uid="5939709" lat="34.1629068" lon="131.4568260"/>
 <node id="6566963008" visible="true" version="1" changeset="71546927" timestamp="2019-06-24T04:36:25Z" user="hibagonsan" uid="5939709" lat="34.1628092" lon="131.4570033"/>
 <node id="6566963009" visible="true" version="1" changeset="71546927" timestamp="2019-06-24T04:36:25Z" user="hibagonsan" uid="5939709" lat="34.1627370" lon="131.4568934"/>
 <node id="6566963010" visible="true" version="1" changeset="71546927" timestamp="2019-06-24T04:36:25Z" user="hibagonsan" uid="5939709" lat="34.1626715" lon="131.4569561"/>
 <node id="6566963011" visible="true" version="1" changeset="71546927" timestamp="2019-06-24T04:36:25Z" user="hibagonsan" uid="5939709" lat="34.1627437" lon="131.4570661"/>
 <node id="6566963012" visible="true" version="1" changeset="71546927" timestamp="2019-06-24T04:36:25Z" user="hibagonsan" uid="5939709" lat="34.1628272" lon="131.4567960"/>
 <node id="6566963013" visible="true" version="1" changeset="71546927" timestamp="2019-06-24T04:36:25Z" user="hibagonsan" uid="5939709" lat="34.1627540" lon="131.4568684"/>
 <node id="6566963014" visible="true" version="1" changeset="71546927" timestamp="2019-06-24T04:36:25Z" user="hibagonsan" uid="5939709" lat="34.1628125" lon="131.4569548"/>
 <node id="6566963015" visible="true" version="1" changeset="71546927" timestamp="2019-06-24T04:36:25Z" user="hibagonsan" uid="5939709" lat="34.1628857" lon="131.4568824"/>
 <node id="6566963988" visible="true" version="1" changeset="71546963" timestamp="2019-06-24T04:38:19Z" user="hibagonsan" uid="5939709" lat="34.1634042" lon="131.4562340"/>
 <node id="6566963989" visible="true" version="1" changeset="71546963" timestamp="2019-06-24T04:38:19Z" user="hibagonsan" uid="5939709" lat="34.1633604" lon="131.4562802"/>
 <node id="6566963990" visible="true" version="1" changeset="71546963" timestamp="2019-06-24T04:38:19Z" user="hibagonsan" uid="5939709" lat="34.1633928" lon="131.4563251"/>
 <node id="6566963991" visible="true" version="1" changeset="71546963" timestamp="2019-06-24T04:38:19Z" user="hibagonsan" uid="5939709" lat="34.1634366" lon="131.4562789"/>
 <node id="6566963992" visible="true" version="1" changeset="71546963" timestamp="2019-06-24T04:38:19Z" user="hibagonsan" uid="5939709" lat="34.1633347" lon="131.4562834"/>
 <node id="6566963993" visible="true" version="1" changeset="71546963" timestamp="2019-06-24T04:38:19Z" user="hibagonsan" uid="5939709" lat="34.1633100" lon="131.4563089"/>
 <node id="6566963994" visible="true" version="1" changeset="71546963" timestamp="2019-06-24T04:38:19Z" user="hibagonsan" uid="5939709" lat="34.1633227" lon="131.4563973"/>
 <node id="6566963995" visible="true" version="1" changeset="71546963" timestamp="2019-06-24T04:38:19Z" user="hibagonsan" uid="5939709" lat="34.1632837" lon="131.4563420"/>
 <node id="6566963996" visible="true" version="1" changeset="71546963" timestamp="2019-06-24T04:38:19Z" user="hibagonsan" uid="5939709" lat="34.1631631" lon="131.4562639"/>
 <node id="6566963997" visible="true" version="1" changeset="71546963" timestamp="2019-06-24T04:38:19Z" user="hibagonsan" uid="5939709" lat="34.1631963" lon="131.4563111"/>
 <node id="6566963998" visible="true" version="1" changeset="71546963" timestamp="2019-06-24T04:38:19Z" user="hibagonsan" uid="5939709" lat="34.1632630" lon="131.4562424"/>
 <node id="6566963999" visible="true" version="1" changeset="71546963" timestamp="2019-06-24T04:38:19Z" user="hibagonsan" uid="5939709" lat="34.1631354" lon="131.4562924"/>
 <node id="6566964000" visible="true" version="1" changeset="71546963" timestamp="2019-06-24T04:38:19Z" user="hibagonsan" uid="5939709" lat="34.1632180" lon="131.4564096"/>
 <node id="6566964001" visible="true" version="1" changeset="71546963" timestamp="2019-06-24T04:38:19Z" user="hibagonsan" uid="5939709" lat="34.1633762" lon="131.4563422"/>
 <node id="6566964002" visible="true" version="1" changeset="71546963" timestamp="2019-06-24T04:38:19Z" user="hibagonsan" uid="5939709" lat="34.1626979" lon="131.4565176"/>
 <node id="6566964003" visible="true" version="1" changeset="71546963" timestamp="2019-06-24T04:38:19Z" user="hibagonsan" uid="5939709" lat="34.1627263" lon="131.4564915"/>
 <node id="6566964004" visible="true" version="1" changeset="71546963" timestamp="2019-06-24T04:38:19Z" user="hibagonsan" uid="5939709" lat="34.1627445" lon="131.4565919"/>
 <node id="6566964005" visible="true" version="1" changeset="71546963" timestamp="2019-06-24T04:38:19Z" user="hibagonsan" uid="5939709" lat="34.1626858" lon="131.4564270"/>
 <node id="6566964006" visible="true" version="1" changeset="71546963" timestamp="2019-06-24T04:38:19Z" user="hibagonsan" uid="5939709" lat="34.1627348" lon="131.4563821"/>
 <node id="6566964007" visible="true" version="1" changeset="71546963" timestamp="2019-06-24T04:38:19Z" user="hibagonsan" uid="5939709" lat="34.1628219" lon="131.4565209"/>
 <node id="6566964008" visible="true" version="1" changeset="71546963" timestamp="2019-06-24T04:38:19Z" user="hibagonsan" uid="5939709" lat="34.1628065" lon="131.4564348"/>
 <node id="6566964009" visible="true" version="1" changeset="71546963" timestamp="2019-06-24T04:38:19Z" user="hibagonsan" uid="5939709" lat="34.1627499" lon="131.4563422"/>
 <node id="6566964010" visible="true" version="1" changeset="71546963" timestamp="2019-06-24T04:38:19Z" user="hibagonsan" uid="5939709" lat="34.1627991" lon="131.4562983"/>
 <node id="6566964011" visible="true" version="1" changeset="71546963" timestamp="2019-06-24T04:38:19Z" user="hibagonsan" uid="5939709" lat="34.1628557" lon="131.4563908"/>
 <node id="6585616547" visible="true" version="1" changeset="71843771" timestamp="2019-07-03T04:09:57Z" user="hibagonsan" uid="5939709" lat="34.1628130" lon="131.4567241"/>
 <node id="6585616548" visible="true" version="1" changeset="71843771" timestamp="2019-07-03T04:09:57Z" user="hibagonsan" uid="5939709" lat="34.1629722" lon="131.4569776"/>
 <node id="6585616551" visible="true" version="2" changeset="95464235" timestamp="2020-12-08T06:39:27Z" user="hibagonsan" uid="5939709" lat="34.1623147" lon="131.4570848"/>
 <node id="6585616552" visible="true" version="1" changeset="71843771" timestamp="2019-07-03T04:09:57Z" user="hibagonsan" uid="5939709" lat="34.1623880" lon="131.4570004"/>
 <node id="6600068407" visible="true" version="1" changeset="72058287" timestamp="2019-07-09T14:31:24Z" user="hibagonsan" uid="5939709" lat="34.1645774" lon="131.4550499"/>
 <node id="6600068408" visible="true" version="1" changeset="72058287" timestamp="2019-07-09T14:31:24Z" user="hibagonsan" uid="5939709" lat="34.1646472" lon="131.4549860"/>
 <node id="6600068409" visible="true" version="1" changeset="72058287" timestamp="2019-07-09T14:31:24Z" user="hibagonsan" uid="5939709" lat="34.1646140" lon="131.4549331"/>
 <node id="6600068410" visible="true" version="1" changeset="72058287" timestamp="2019-07-09T14:31:24Z" user="hibagonsan" uid="5939709" lat="34.1644852" lon="131.4549064"/>
 <node id="6600068411" visible="true" version="1" changeset="72058287" timestamp="2019-07-09T14:31:24Z" user="hibagonsan" uid="5939709" lat="34.1645466" lon="131.4547927"/>
 <node id="6600068412" visible="true" version="1" changeset="72058287" timestamp="2019-07-09T14:31:24Z" user="hibagonsan" uid="5939709" lat="34.1645568" lon="131.4548084"/>
 <node id="6600068413" visible="true" version="1" changeset="72058287" timestamp="2019-07-09T14:31:24Z" user="hibagonsan" uid="5939709" lat="34.1645442" lon="131.4549970"/>
 <node id="6600068414" visible="true" version="1" changeset="72058287" timestamp="2019-07-09T14:31:24Z" user="hibagonsan" uid="5939709" lat="34.1645099" lon="131.4548275"/>
 <node id="6600068415" visible="true" version="1" changeset="72058287" timestamp="2019-07-09T14:31:24Z" user="hibagonsan" uid="5939709" lat="34.1646218" lon="131.4547466"/>
 <node id="6600068416" visible="true" version="1" changeset="72058287" timestamp="2019-07-09T14:31:24Z" user="hibagonsan" uid="5939709" lat="34.1646928" lon="131.4548559"/>
 <node id="6604115488" visible="true" version="1" changeset="72114902" timestamp="2019-07-11T01:02:42Z" user="hibagonsan" uid="5939709" lat="34.1642495" lon="131.4561769"/>
 <node id="6604115489" visible="true" version="1" changeset="72114902" timestamp="2019-07-11T01:02:42Z" user="hibagonsan" uid="5939709" lat="34.1642134" lon="131.4561669"/>
 <node id="6604115490" visible="true" version="2" changeset="186750670" timestamp="2026-08-01T08:31:06Z" user="Alt9800" uid="15676887" lat="34.1639925" lon="131.4557908"/>
 <node id="6604115491" visible="true" version="2" changeset="186750670" timestamp="2026-08-01T08:31:06Z" user="Alt9800" uid="15676887" lat="34.1642612" lon="131.4555603"/>
 <node id="6604115494" visible="true" version="2" changeset="186750670" timestamp="2026-08-01T08:31:06Z" user="Alt9800" uid="15676887" lat="34.1644981" lon="131.4559636"/>
 <node id="6604319400" visible="true" version="1" changeset="72118108" timestamp="2019-07-11T04:28:45Z" user="hibagonsan" uid="5939709" lat="34.1660265" lon="131.4528427"/>
 <node id="7516124802" visible="true" version="1" changeset="85168879" timestamp="2020-05-14T00:55:26Z" user="hibagonsan" uid="5939709" lat="34.1639170" lon="131.4569407"/>
 <node id="7516124803" visible="true" version="1" changeset="85168879" timestamp="2020-05-14T00:55:26Z" user="hibagonsan" uid="5939709" lat="34.1638560" lon="131.4570118"/>
 <node id="7516124804" visible="true" version="1" changeset="85168879" timestamp="2020-05-14T00:55:26Z" user="hibagonsan" uid="5939709" lat="34.1638822" lon="131.4570446"/>
 <node id="7516124805" visible="true" version="1" changeset="85168879" timestamp="2020-05-14T00:55:26Z" user="hibagonsan" uid="5939709" lat="34.1639432" lon="131.4569736"/>
 <node id="9218352719" visible="true" version="3" changeset="181792300" timestamp="2026-04-25T05:55:28Z" user="FajrAl" uid="2649988" lat="34.1645720" lon="131.4548540">
  <tag k="name" v="湯田温泉四丁目"/>
  <tag k="name:en" v="Yudaonsen 4-chome"/>
  <tag k="name:id" v="Yudaonsen 4-chome"/>
  <tag k="place" v="neighbourhood"/>
 </node>
 <node id="9218352721" visible="true" version="3" changeset="181792300" timestamp="2026-04-25T05:55:28Z" user="FajrAl" uid="2649988" lat="34.1630640" lon="131.4562900">
  <tag k="name" v="湯田温泉二丁目"/>
  <tag k="name:en" v="Yudaonsen 2-chome"/>
  <tag k="name:id" v="Yudaonsen 2-chome"/>
  <tag k="place" v="neighbourhood"/>
 </node>
 <node id="9412086502" visible="true" version="2" changeset="167486642" timestamp="2025-06-11T11:22:27Z" user="AlexM51" uid="174705" lat="34.1637607" lon="131.4554673">
  <tag k="bus" v="yes"/>
  <tag k="gtfs:stop_id" v="60036 1"/>
  <tag k="highway" v="bus_stop"/>
  <tag k="name" v="下湯田"/>
  <tag k="name:ja" v="下湯田"/>
  <tag k="name:ja-Hira" v="しもゆだ"/>
  <tag k="name:ja-Latn" v="Shimo-Yuda"/>
  <tag k="operator" v="中国ジェイアールバス"/>
  <tag k="operator:en" v="Chugoku JR Bus"/>
  <tag k="public_transport" v="platform"/>
 </node>
 <node id="11221753283" visible="true" version="2" changeset="141844022" timestamp="2023-09-28T02:50:52Z" user="FallingPeppers" uid="19745387" lat="34.1613079" lon="131.4562555"/>
 <node id="11221753305" visible="true" version="2" changeset="141844022" timestamp="2023-09-28T02:50:52Z" user="FallingPeppers" uid="19745387" lat="34.1630375" lon="131.4543546"/>
 <node id="11221753306" visible="true" version="2" changeset="141844022" timestamp="2023-09-28T02:50:52Z" user="FallingPeppers" uid="19745387" lat="34.1646013" lon="131.4527292"/>
 <node id="11221753307" visible="true" version="1" changeset="141800844" timestamp="2023-09-27T05:53:35Z" user="FallingPeppers" uid="19745387" lat="34.1647328" lon="131.4572671"/>
 <node id="11221753309" visible="true" version="2" changeset="141844022" timestamp="2023-09-28T02:50:52Z" user="FallingPeppers" uid="19745387" lat="34.1647186" lon="131.4534394"/>
 <node id="11221753310" visible="true" version="2" changeset="141844022" timestamp="2023-09-28T02:50:52Z" user="FallingPeppers" uid="19745387" lat="34.1647760" lon="131.4537091"/>
 <node id="11221753311" visible="true" version="2" changeset="141844022" timestamp="2023-09-28T02:50:52Z" user="FallingPeppers" uid="19745387" lat="34.1648625" lon="131.4540085"/>
 <node id="11221753312" visible="true" version="3" changeset="141844022" timestamp="2023-09-28T02:50:52Z" user="FallingPeppers" uid="19745387" lat="34.1648877" lon="131.4540562"/>
 <node id="11221753313" visible="true" version="2" changeset="141844022" timestamp="2023-09-28T02:50:52Z" user="FallingPeppers" uid="19745387" lat="34.1661340" lon="131.4558614"/>
 <node id="11221967282" visible="true" version="2" changeset="141844022" timestamp="2023-09-28T02:50:52Z" user="FallingPeppers" uid="19745387" lat="34.1598776" lon="131.4467600"/>
 <node id="11221967285" visible="true" version="2" changeset="141844022" timestamp="2023-09-28T02:50:52Z" user="FallingPeppers" uid="19745387" lat="34.1626296" lon="131.4548144"/>
 <node id="11221967286" visible="true" version="2" changeset="141844022" timestamp="2023-09-28T02:50:52Z" user="FallingPeppers" uid="19745387" lat="34.1620643" lon="131.4538604"/>
 <node id="11221967287" visible="true" version="2" changeset="141844022" timestamp="2023-09-28T02:50:52Z" user="FallingPeppers" uid="19745387" lat="34.1620317" lon="131.4538920"/>
 <node id="11221967288" visible="true" version="2" changeset="141844022" timestamp="2023-09-28T02:50:52Z" user="FallingPeppers" uid="19745387" lat="34.1607132" lon="131.4520736"/>
 <node id="11224140441" visible="true" version="1" changeset="141844022" timestamp="2023-09-28T02:50:52Z" user="FallingPeppers" uid="19745387" lat="34.1616415" lon="131.4558984"/>
 <node id="11224140442" visible="true" version="1" changeset="141844022" timestamp="2023-09-28T02:50:52Z" user="FallingPeppers" uid="19745387" lat="34.1617813" lon="131.4557515"/>
 <node id="11224140443" visible="true" version="1" changeset="141844022" timestamp="2023-09-28T02:50:52Z" user="FallingPeppers" uid="19745387" lat="34.1622390" lon="131.4552301"/>
 <node id="11224140444" visible="true" version="1" changeset="141844022" timestamp="2023-09-28T02:50:52Z" user="FallingPeppers" uid="19745387" lat="34.1621264" lon="131.4553541"/>
 <node id="11224140483" visible="true" version="1" changeset="141844022" timestamp="2023-09-28T02:50:52Z" user="FallingPeppers" uid="19745387" lat="34.1661124" lon="131.4558362"/>
 <node id="11224140484" visible="true" version="1" changeset="141844022" timestamp="2023-09-28T02:50:52Z" user="FallingPeppers" uid="19745387" lat="34.1656086" lon="131.4551535"/>
 <node id="11224140485" visible="true" version="1" changeset="141844022" timestamp="2023-09-28T02:50:52Z" user="FallingPeppers" uid="19745387" lat="34.1656010" lon="131.4551436"/>
 <node id="11224140486" visible="true" version="1" changeset="141844022" timestamp="2023-09-28T02:50:52Z" user="FallingPeppers" uid="19745387" lat="34.1658173" lon="131.4554352"/>
 <node id="11224140487" visible="true" version="1" changeset="141844022" timestamp="2023-09-28T02:50:52Z" user="FallingPeppers" uid="19745387" lat="34.1650539" lon="131.4543711"/>
 <node id="11224140488" visible="true" version="1" changeset="141844022" timestamp="2023-09-28T02:50:52Z" user="FallingPeppers" uid="19745387" lat="34.1652310" lon="131.4546276"/>
 <node id="11224140489" visible="true" version="1" changeset="141844022" timestamp="2023-09-28T02:50:52Z" user="FallingPeppers" uid="19745387" lat="34.1654692" lon="131.4549683"/>
 <node id="11224140490" visible="true" version="1" changeset="141844022" timestamp="2023-09-28T02:50:52Z" user="FallingPeppers" uid="19745387" lat="34.1646636" lon="131.4531755"/>
 <node id="11224140491" visible="true" version="1" changeset="141844022" timestamp="2023-09-28T02:50:52Z" user="FallingPeppers" uid="19745387" lat="34.1643503" lon="131.4529528"/>
 <node id="11224140492" visible="true" version="1" changeset="141844022" timestamp="2023-09-28T02:50:52Z" user="FallingPeppers" uid="19745387" lat="34.1633857" lon="131.4538969"/>
 <node id="11224140493" visible="true" version="1" changeset="141844022" timestamp="2023-09-28T02:50:52Z" user="FallingPeppers" uid="19745387" lat="34.1638557" lon="131.4534212"/>
 <node id="11224140494" visible="true" version="1" changeset="141844022" timestamp="2023-09-28T02:50:52Z" user="FallingPeppers" uid="19745387" lat="34.1628274" lon="131.4538213"/>
 <node id="11224140495" visible="true" version="1" changeset="141844022" timestamp="2023-09-28T02:50:52Z" user="FallingPeppers" uid="19745387" lat="34.1626111" lon="131.4533163"/>
 <node id="11224140496" visible="true" version="1" changeset="141844022" timestamp="2023-09-28T02:50:52Z" user="FallingPeppers" uid="19745387" lat="34.1626030" lon="131.4533188"/>
 <node id="11224140497" visible="true" version="1" changeset="141844022" timestamp="2023-09-28T02:50:52Z" user="FallingPeppers" uid="19745387" lat="34.1623943" lon="131.4527794"/>
 <node id="11224140498" visible="true" version="1" changeset="141844022" timestamp="2023-09-28T02:50:52Z" user="FallingPeppers" uid="19745387" lat="34.1620625" lon="131.4519810"/>
 <node id="11224140499" visible="true" version="1" changeset="141844022" timestamp="2023-09-28T02:50:52Z" user="FallingPeppers" uid="19745387" lat="34.1617973" lon="131.4513278"/>
 <node id="11224140500" visible="true" version="1" changeset="141844022" timestamp="2023-09-28T02:50:52Z" user="FallingPeppers" uid="19745387" lat="34.1620966" lon="131.4520376"/>
 <node id="11224140501" visible="true" version="1" changeset="141844022" timestamp="2023-09-28T02:50:52Z" user="FallingPeppers" uid="19745387" lat="34.1611851" lon="131.4498536"/>
 <node id="11224140502" visible="true" version="1" changeset="141844022" timestamp="2023-09-28T02:50:52Z" user="FallingPeppers" uid="19745387" lat="34.1603260" lon="131.4477956"/>
 <node id="11224140503" visible="true" version="1" changeset="141844022" timestamp="2023-09-28T02:50:52Z" user="FallingPeppers" uid="19745387" lat="34.1607403" lon="131.4488049"/>
 <node id="11224140504" visible="true" version="1" changeset="141844022" timestamp="2023-09-28T02:50:52Z" user="FallingPeppers" uid="19745387" lat="34.1615261" lon="131.4506796"/>
 <node id="11224140505" visible="true" version="1" changeset="141844022" timestamp="2023-09-28T02:50:52Z" user="FallingPeppers" uid="19745387" lat="34.1625208" lon="131.4545559"/>
 <node id="11224140506" visible="true" version="1" changeset="141844022" timestamp="2023-09-28T02:50:52Z" user="FallingPeppers" uid="19745387" lat="34.1623388" lon="131.4542619"/>
 <node id="11224140507" visible="true" version="1" changeset="141844022" timestamp="2023-09-28T02:50:52Z" user="FallingPeppers" uid="19745387" lat="34.1617973" lon="131.4535426"/>
 <node id="11224140508" visible="true" version="1" changeset="141844022" timestamp="2023-09-28T02:50:52Z" user="FallingPeppers" uid="19745387" lat="34.1615627" lon="131.4532265"/>
 <node id="11224140509" visible="true" version="1" changeset="141844022" timestamp="2023-09-28T02:50:52Z" user="FallingPeppers" uid="19745387" lat="34.1607515" lon="131.4521083"/>
 <node id="11224140510" visible="true" version="1" changeset="141844022" timestamp="2023-09-28T02:50:52Z" user="FallingPeppers" uid="19745387" lat="34.1613032" lon="131.4528599"/>
 <node id="11441516732" visible="true" version="1" changeset="145387893" timestamp="2023-12-21T22:56:59Z" user="武内健輔" uid="8087293" lat="34.1638170" lon="131.4566620"/>
 <node id="11441516733" visible="true" version="1" changeset="145387893" timestamp="2023-12-21T22:56:59Z" user="武内健輔" uid="8087293" lat="34.1637024" lon="131.4566073"/>
 <node id="11441516734" visible="true" version="1" changeset="145387893" timestamp="2023-12-21T22:56:59Z" user="武内健輔" uid="8087293" lat="34.1636055" lon="131.4564841"/>
 <node id="11441516735" visible="true" version="1" changeset="145387893" timestamp="2023-12-21T22:56:59Z" user="武内健輔" uid="8087293" lat="34.1635372" lon="131.4565173"/>
 <node id="11441516736" visible="true" version="1" changeset="145387893" timestamp="2023-12-21T22:56:59Z" user="武内健輔" uid="8087293" lat="34.1634352" lon="131.4564964"/>
 <node id="11441516737" visible="true" version="1" changeset="145387893" timestamp="2023-12-21T22:56:59Z" user="武内健輔" uid="8087293" lat="34.1633659" lon="131.4566591"/>
 <node id="11441516738" visible="true" version="1" changeset="145387893" timestamp="2023-12-21T22:56:59Z" user="武内健輔" uid="8087293" lat="34.1632935" lon="131.4566874"/>
 <node id="11441516739" visible="true" version="1" changeset="145387893" timestamp="2023-12-21T22:56:59Z" user="武内健輔" uid="8087293" lat="34.1632323" lon="131.4567244"/>
 <node id="11441516740" visible="true" version="1" changeset="145387893" timestamp="2023-12-21T22:56:59Z" user="武内健輔" uid="8087293" lat="34.1631925" lon="131.4568131"/>
 <node id="11441516741" visible="true" version="1" changeset="145387893" timestamp="2023-12-21T22:56:59Z" user="武内健輔" uid="8087293" lat="34.1632007" lon="131.4569191"/>
 <node id="11441516742" visible="true" version="1" changeset="145387893" timestamp="2023-12-21T22:56:59Z" user="武内健輔" uid="8087293" lat="34.1632659" lon="131.4570017"/>
 <node id="11441516743" visible="true" version="1" changeset="145387893" timestamp="2023-12-21T22:56:59Z" user="武内健輔" uid="8087293" lat="34.1631578" lon="131.4571409"/>
 <node id="11441516744" visible="true" version="1" changeset="145387893" timestamp="2023-12-21T22:56:59Z" user="武内健輔" uid="8087293" lat="34.1631690" lon="131.4572087"/>
 <node id="11441516745" visible="true" version="1" changeset="145387893" timestamp="2023-12-21T22:56:59Z" user="武内健輔" uid="8087293" lat="34.1631905" lon="131.4572371"/>
 <node id="11441516746" visible="true" version="1" changeset="145387893" timestamp="2023-12-21T22:56:59Z" user="武内健輔" uid="8087293" lat="34.1632068" lon="131.4572593"/>
 <node id="11441516747" visible="true" version="1" changeset="145387893" timestamp="2023-12-21T22:56:59Z" user="武内健輔" uid="8087293" lat="34.1631803" lon="131.4572925"/>
 <node id="11441516748" visible="true" version="1" changeset="145387893" timestamp="2023-12-21T22:56:59Z" user="武内健輔" uid="8087293" lat="34.1632223" lon="131.4573506"/>
 <node id="11441516749" visible="true" version="1" changeset="145387893" timestamp="2023-12-21T22:56:59Z" user="武内健輔" uid="8087293" lat="34.1637705" lon="131.4566398"/>
 <node id="11441516750" visible="true" version="1" changeset="145387893" timestamp="2023-12-21T22:56:59Z" user="武内健輔" uid="8087293" lat="34.1631927" lon="131.4573097"/>
 <node id="11441516751" visible="true" version="1" changeset="145387893" timestamp="2023-12-21T22:56:59Z" user="武内健輔" uid="8087293" lat="34.1637194" lon="131.4566154"/>
 <node id="11441516752" visible="true" version="1" changeset="145387893" timestamp="2023-12-21T22:56:59Z" user="武内健輔" uid="8087293" lat="34.1634460" lon="131.4569406"/>
 <node id="11441516753" visible="true" version="1" changeset="145387893" timestamp="2023-12-21T22:56:59Z" user="武内健輔" uid="8087293" lat="34.1634763" lon="131.4569810"/>
 <node id="11441516754" visible="true" version="1" changeset="145387893" timestamp="2023-12-21T22:56:59Z" user="武内健輔" uid="8087293" lat="34.1636656" lon="131.4567614"/>
 <node id="11441516755" visible="true" version="1" changeset="145387893" timestamp="2023-12-21T22:56:59Z" user="武内健輔" uid="8087293" lat="34.1636326" lon="131.4567187"/>
 <node id="11441516756" visible="true" version="1" changeset="145387893" timestamp="2023-12-21T22:56:59Z" user="武内健輔" uid="8087293" lat="34.1633390" lon="131.4571401"/>
 <node id="11441516758" visible="true" version="1" changeset="145387893" timestamp="2023-12-21T22:56:59Z" user="武内健輔" uid="8087293" lat="34.1632258" lon="131.4568444"/>
 <node id="11441516759" visible="true" version="1" changeset="145387893" timestamp="2023-12-21T22:56:59Z" user="武内健輔" uid="8087293" lat="34.1632706" lon="131.4568407"/>
 <node id="11441516760" visible="true" version="1" changeset="145387893" timestamp="2023-12-21T22:56:59Z" user="武内健輔" uid="8087293" lat="34.1632907" lon="131.4568043"/>
 <node id="11441516761" visible="true" version="1" changeset="145387893" timestamp="2023-12-21T22:56:59Z" user="武内健輔" uid="8087293" lat="34.1632752" lon="131.4567548"/>
 <node id="11441516762" visible="true" version="1" changeset="145387893" timestamp="2023-12-21T22:56:59Z" user="武内健輔" uid="8087293" lat="34.1632536" lon="131.4567295"/>
 <node id="11441516763" visible="true" version="1" changeset="145387893" timestamp="2023-12-21T22:56:59Z" user="武内健輔" uid="8087293" lat="34.1631408" lon="131.4569640"/>
 <node id="11441516764" visible="true" version="1" changeset="145387893" timestamp="2023-12-21T22:56:59Z" user="武内健輔" uid="8087293" lat="34.1631825" lon="131.4570219"/>
 <node id="11441516765" visible="true" version="1" changeset="145387893" timestamp="2023-12-21T22:56:59Z" user="武内健輔" uid="8087293" lat="34.1632379" lon="131.4569662"/>
 <node id="11441516766" visible="true" version="1" changeset="145387893" timestamp="2023-12-21T22:56:59Z" user="武内健輔" uid="8087293" lat="34.1635022" lon="131.4570160"/>
 <node id="11441546067" visible="true" version="1" changeset="145387970" timestamp="2023-12-21T23:00:53Z" user="武内健輔" uid="8087293" lat="34.1649517" lon="131.4555382"/>
 <node id="11441546068" visible="true" version="1" changeset="145387970" timestamp="2023-12-21T23:00:53Z" user="武内健輔" uid="8087293" lat="34.1648232" lon="131.4553514"/>
 <node id="12905858467" visible="true" version="1" changeset="167486642" timestamp="2025-06-11T11:22:27Z" user="AlexM51" uid="174705" lat="34.1637113" lon="131.4554997">
  <tag k="bus" v="yes"/>
  <tag k="gtfs:stop_id" v="60036 1"/>
  <tag k="name" v="下湯田"/>
  <tag k="name:ja" v="下湯田"/>
  <tag k="name:ja-Hira" v="しもゆだ"/>
  <tag k="name:ja-Latn" v="Shimo-Yuda"/>
  <tag k="operator" v="中国ジェイアールバス"/>
  <tag k="operator:en" v="Chugoku JR Bus"/>
  <tag k="public_transport" v="stop_position"/>
 </node>
 <node id="12905870005" visible="true" version="2" changeset="171440305" timestamp="2025-09-04T08:29:55Z" user="taketaketake" uid="4757277" lat="34.1635094" lon="131.4538351">
  <tag k="bus" v="yes"/>
  <tag k="gtfs:stop_id" v="60036 2"/>
  <tag k="name" v="下湯田"/>
  <tag k="name:ja" v="下湯田"/>
  <tag k="name:ja-Hira" v="しもゆだ"/>
  <tag k="name:ja-Latn" v="Shimo-Yuda"/>
  <tag k="operator" v="中国ジェイアールバス"/>
  <tag k="operator:en" v="Chugoku JR Bus"/>
  <tag k="public_transport" v="stop_position"/>
 </node>
 <node id="12993962150" visible="true" version="2" changeset="180148595" timestamp="2026-03-20T09:12:12Z" user="Mozkun" uid="2651887" lat="34.1636853" lon="131.4566752">
  <tag k="amenity" v="public_bath"/>
  <tag k="bath:type" v="foot_bath"/>
  <tag k="check_date" v="2026-03-20"/>
  <tag k="name" v="井上公園足湯"/>
  <tag k="opening_hours" v="Mo-Su 10:00-22:00"/>
 </node>
 <node id="13118922764" visible="true" version="1" changeset="171440305" timestamp="2025-09-04T08:29:55Z" user="taketaketake" uid="4757277" lat="34.1629124" lon="131.4552245"/>
 <node id="13118922765" visible="true" version="1" changeset="171440305" timestamp="2025-09-04T08:29:55Z" user="taketaketake" uid="4757277" lat="34.1629126" lon="131.4552936"/>
 <node id="13118922766" visible="true" version="1" changeset="171440305" timestamp="2025-09-04T08:29:55Z" user="taketaketake" uid="4757277" lat="34.1628425" lon="131.4553669"/>
 <node id="13118922767" visible="true" version="1" changeset="171440305" timestamp="2025-09-04T08:29:55Z" user="taketaketake" uid="4757277" lat="34.1625615" lon="131.4553616"/>
 <node id="13118922768" visible="true" version="1" changeset="171440305" timestamp="2025-09-04T08:29:55Z" user="taketaketake" uid="4757277" lat="34.1629634" lon="131.4553625"/>
 <node id="13118922769" visible="true" version="1" changeset="171440305" timestamp="2025-09-04T08:29:55Z" user="taketaketake" uid="4757277" lat="34.1630238" lon="131.4553016"/>
 <node id="13118922770" visible="true" version="1" changeset="171440305" timestamp="2025-09-04T08:29:55Z" user="taketaketake" uid="4757277" lat="34.1629993" lon="131.4552662"/>
 <node id="13118922771" visible="true" version="1" changeset="171440305" timestamp="2025-09-04T08:29:55Z" user="taketaketake" uid="4757277" lat="34.1630189" lon="131.4552464"/>
 <node id="13118922772" visible="true" version="1" changeset="171440305" timestamp="2025-09-04T08:29:55Z" user="taketaketake" uid="4757277" lat="34.1630278" lon="131.4549123"/>
 <node id="13118922773" visible="true" version="1" changeset="171440305" timestamp="2025-09-04T08:29:55Z" user="taketaketake" uid="4757277" lat="34.1630419" lon="131.4548982"/>
 <node id="13118922774" visible="true" version="1" changeset="171440305" timestamp="2025-09-04T08:29:55Z" user="taketaketake" uid="4757277" lat="34.1630214" lon="131.4548804"/>
 <node id="13118922775" visible="true" version="1" changeset="171440305" timestamp="2025-09-04T08:29:55Z" user="taketaketake" uid="4757277" lat="34.1630324" lon="131.4548845"/>
 <node id="13118922776" visible="true" version="1" changeset="171440305" timestamp="2025-09-04T08:29:55Z" user="taketaketake" uid="4757277" lat="34.1630102" lon="131.4548228"/>
 <node id="13118922777" visible="true" version="1" changeset="171440305" timestamp="2025-09-04T08:29:55Z" user="taketaketake" uid="4757277" lat="34.1630666" lon="131.4547571"/>
 <node id="13118922778" visible="true" version="1" changeset="171440305" timestamp="2025-09-04T08:29:55Z" user="taketaketake" uid="4757277" lat="34.1631186" lon="131.4547856"/>
 <node id="13118922779" visible="true" version="1" changeset="171440305" timestamp="2025-09-04T08:29:55Z" user="taketaketake" uid="4757277" lat="34.1631195" lon="131.4548021"/>
 <node id="13118922780" visible="true" version="1" changeset="171440305" timestamp="2025-09-04T08:29:55Z" user="taketaketake" uid="4757277" lat="34.1632278" lon="131.4549583"/>
 <node id="13118922781" visible="true" version="1" changeset="171440305" timestamp="2025-09-04T08:29:55Z" user="taketaketake" uid="4757277" lat="34.1632156" lon="131.4549707"/>
 <node id="13118922782" visible="true" version="1" changeset="171440305" timestamp="2025-09-04T08:29:55Z" user="taketaketake" uid="4757277" lat="34.1632946" lon="131.4550848"/>
 <node id="13118922783" visible="true" version="1" changeset="171440305" timestamp="2025-09-04T08:29:55Z" user="taketaketake" uid="4757277" lat="34.1633024" lon="131.4550769"/>
 <node id="13118922784" visible="true" version="1" changeset="171440305" timestamp="2025-09-04T08:29:55Z" user="taketaketake" uid="4757277" lat="34.1631218" lon="131.4552872"/>
 <node id="13118922785" visible="true" version="1" changeset="171440305" timestamp="2025-09-04T08:29:55Z" user="taketaketake" uid="4757277" lat="34.1631348" lon="131.4553061"/>
 <node id="13118922786" visible="true" version="1" changeset="171440305" timestamp="2025-09-04T08:29:55Z" user="taketaketake" uid="4757277" lat="34.1630005" lon="131.4554406"/>
 <node id="13118922787" visible="true" version="1" changeset="171440305" timestamp="2025-09-04T08:29:55Z" user="taketaketake" uid="4757277" lat="34.1629590" lon="131.4553789"/>
 <node id="13118922788" visible="true" version="1" changeset="171440305" timestamp="2025-09-04T08:29:55Z" user="taketaketake" uid="4757277" lat="34.1628755" lon="131.4554643"/>
 <node id="13118922789" visible="true" version="1" changeset="171440305" timestamp="2025-09-04T08:29:55Z" user="taketaketake" uid="4757277" lat="34.1629370" lon="131.4555530"/>
 <node id="13118922790" visible="true" version="1" changeset="171440305" timestamp="2025-09-04T08:29:55Z" user="taketaketake" uid="4757277" lat="34.1629913" lon="131.4554942"/>
 <node id="13118922791" visible="true" version="1" changeset="171440305" timestamp="2025-09-04T08:29:55Z" user="taketaketake" uid="4757277" lat="34.1629738" lon="131.4554667"/>
 <node id="13118922792" visible="true" version="1" changeset="171440305" timestamp="2025-09-04T08:29:55Z" user="taketaketake" uid="4757277" lat="34.1628848" lon="131.4555151"/>
 <node id="13118922793" visible="true" version="1" changeset="171440305" timestamp="2025-09-04T08:29:55Z" user="taketaketake" uid="4757277" lat="34.1628256" lon="131.4555775"/>
 <node id="13118922794" visible="true" version="1" changeset="171440305" timestamp="2025-09-04T08:29:55Z" user="taketaketake" uid="4757277" lat="34.1628109" lon="131.4555571"/>
 <node id="13118922795" visible="true" version="1" changeset="171440305" timestamp="2025-09-04T08:29:55Z" user="taketaketake" uid="4757277" lat="34.1627853" lon="131.4555841"/>
 <node id="13118922796" visible="true" version="1" changeset="171440305" timestamp="2025-09-04T08:29:55Z" user="taketaketake" uid="4757277" lat="34.1627341" lon="131.4555131"/>
 <node id="13118922797" visible="true" version="1" changeset="171440305" timestamp="2025-09-04T08:29:55Z" user="taketaketake" uid="4757277" lat="34.1628189" lon="131.4554238"/>
 <node id="13118922798" visible="true" version="1" changeset="171440305" timestamp="2025-09-04T08:29:55Z" user="taketaketake" uid="4757277" lat="34.1631598" lon="131.4542179"/>
 <node id="13118922799" visible="true" version="1" changeset="171440305" timestamp="2025-09-04T08:29:55Z" user="taketaketake" uid="4757277" lat="34.1625770" lon="131.4546465"/>
 <node id="13664329393" visible="true" version="1" changeset="180148595" timestamp="2026-03-20T09:12:12Z" user="Mozkun" uid="2651887" lat="34.1630470" lon="131.4569424">
  <tag k="name" v="瓢箪池"/>
  <tag k="natural" v="water"/>
 </node>
 <node id="13664329398" visible="true" version="1" changeset="180148595" timestamp="2026-03-20T09:12:12Z" user="Mozkun" uid="2651887" lat="34.1635429" lon="131.4563650">
  <tag k="historic" v="memorial"/>
  <tag k="name" v="七柳の碑"/>
 </node>
 <node id="13664334703" visible="true" version="1" changeset="180148595" timestamp="2026-03-20T09:12:12Z" user="Mozkun" uid="2651887" lat="34.1634083" lon="131.4565991">
  <tag k="historic" v="memorial"/>
 </node>
 <node id="13664334704" visible="true" version="1" changeset="180148595" timestamp="2026-03-20T09:12:12Z" user="Mozkun" uid="2651887" lat="34.1633313" lon="131.4567486">
  <tag k="amenity" v="drinking_water"/>
 </node>
 <node id="13664334705" visible="true" version="1" changeset="180148595" timestamp="2026-03-20T09:12:12Z" user="Mozkun" uid="2651887" lat="34.1641428" lon="131.4564739">
  <tag k="branch" v="山口湯田温泉店"/>
  <tag k="brand" v="LAWSON"/>
  <tag k="brand:en" v="LAWSON"/>
  <tag k="brand:ja" v="ローソン"/>
  <tag k="brand:wikidata" v="Q1557223"/>
  <tag k="check_date" v="2026-03-20"/>
  <tag k="name" v="ローソン"/>
  <tag k="name:en" v="Lawson"/>
  <tag k="name:ja" v="ローソン"/>
  <tag k="opening_hours" v="24/7"/>
  <tag k="shop" v="convenience"/>
 </node>
 <node id="13664334709" visible="true" version="1" changeset="180148595" timestamp="2026-03-20T09:12:12Z" user="Mozkun" uid="2651887" lat="34.1638442" lon="131.4566580">
  <tag k="emergency" v="fire_hydrant"/>
  <tag k="fire_hydrant:type" v="underground"/>
 </node>
 <node id="13666127834" visible="true" version="1" changeset="180186891" timestamp="2026-03-21T05:22:37Z" user="Mozkun" uid="2651887" lat="34.1649110" lon="131.4554283">
  <tag k="name" v="温泉舎"/>
  <tag k="name:ja" v="温泉舎"/>
  <tag k="name:ja-Hira" v="ゆのや"/>
  <tag k="tourism" v="attraction"/>
 </node>
 <node id="13666127837" visible="true" version="1" changeset="180186891" timestamp="2026-03-21T05:22:37Z" user="Mozkun" uid="2651887" lat="34.1643213" lon="131.4567347">
  <tag k="amenity" v="public_bath"/>
  <tag k="bath:type" v="foot_bath"/>
  <tag k="opening_hours" v="Mo-Su 09:00-22:00"/>
 </node>
 <node id="13666127844" visible="true" version="1" changeset="180186891" timestamp="2026-03-21T05:22:37Z" user="Mozkun" uid="2651887" lat="34.1636321" lon="131.4554368">
  <tag k="emergency" v="fire_hydrant"/>
  <tag k="fire_hydrant:position" v="lane"/>
  <tag k="fire_hydrant:type" v="underground"/>
 </node>
 <node id="13666127854" visible="true" version="1" changeset="180186891" timestamp="2026-03-21T05:22:37Z" user="Mozkun" uid="2651887" lat="34.1648545" lon="131.4553645">
  <tag k="name" v="湯田温泉19号"/>
  <tag k="natural" v="hot_spring"/>
 </node>
 <node id="13666127856" visible="true" version="1" changeset="180186891" timestamp="2026-03-21T05:22:37Z" user="Mozkun" uid="2651887" lat="34.1631168" lon="131.4546933">
  <tag k="emergency" v="fire_hydrant"/>
  <tag k="fire_hydrant:type" v="underground"/>
 </node>
 <node id="13670923408" visible="true" version="1" changeset="180285455" timestamp="2026-03-23T06:28:17Z" user="Mozkun" uid="2651887" lat="34.1634524" lon="131.4539783"/>
 <node id="13670923409" visible="true" version="1" changeset="180285455" timestamp="2026-03-23T06:28:17Z" user="Mozkun" uid="2651887" lat="34.1636040" lon="131.4541875"/>
 <node id="13670923410" visible="true" version="1" changeset="180285455" timestamp="2026-03-23T06:28:17Z" user="Mozkun" uid="2651887" lat="34.1636859" lon="131.4541008"/>
 <node id="13670923411" visible="true" version="1" changeset="180285455" timestamp="2026-03-23T06:28:17Z" user="Mozkun" uid="2651887" lat="34.1635343" lon="131.4538916"/>
 <node id="13670923412" visible="true" version="1" changeset="180285455" timestamp="2026-03-23T06:28:17Z" user="Mozkun" uid="2651887" lat="34.1637349" lon="131.4538159"/>
 <node id="13670923413" visible="true" version="1" changeset="180285455" timestamp="2026-03-23T06:28:17Z" user="Mozkun" uid="2651887" lat="34.1638581" lon="131.4536792"/>
 <node id="13670923414" visible="true" version="1" changeset="180285455" timestamp="2026-03-23T06:28:17Z" user="Mozkun" uid="2651887" lat="34.1637977" lon="131.4535998"/>
 <node id="13670923415" visible="true" version="1" changeset="180285455" timestamp="2026-03-23T06:28:17Z" user="Mozkun" uid="2651887" lat="34.1635452" lon="131.4538800"/>
 <node id="13670923416" visible="true" version="1" changeset="180285455" timestamp="2026-03-23T06:28:17Z" user="Mozkun" uid="2651887" lat="34.1636997" lon="131.4540834"/>
 <node id="13670923417" visible="true" version="1" changeset="180285455" timestamp="2026-03-23T06:28:17Z" user="Mozkun" uid="2651887" lat="34.1638291" lon="131.4539398"/>
 <node id="13670923418" visible="true" version="1" changeset="180285455" timestamp="2026-03-23T06:28:17Z" user="Mozkun" uid="2651887" lat="34.1637958" lon="131.4535767"/>
 <node id="13670923419" visible="true" version="1" changeset="180285455" timestamp="2026-03-23T06:28:17Z" user="Mozkun" uid="2651887" lat="34.1641098" lon="131.4540256"/>
 <node id="13670923420" visible="true" version="1" changeset="180285455" timestamp="2026-03-23T06:28:17Z" user="Mozkun" uid="2651887" lat="34.1642194" lon="131.4539137"/>
 <node id="13670923421" visible="true" version="1" changeset="180285455" timestamp="2026-03-23T06:28:17Z" user="Mozkun" uid="2651887" lat="34.1639053" lon="131.4534647"/>
 <node id="14020283715" visible="true" version="1" changeset="185853761" timestamp="2026-07-16T15:54:56Z" user="MiachMihie" uid="24308200" lat="34.1649870" lon="131.4539306"/>
 <node id="14065656723" visible="true" version="1" changeset="186746328" timestamp="2026-08-01T06:13:19Z" user="Alt9800" uid="15676887" lat="34.1629961" lon="131.4563547"/>
 <node id="14065656724" visible="true" version="1" changeset="186746328" timestamp="2026-08-01T06:13:19Z" user="Alt9800" uid="15676887" lat="34.1628838" lon="131.4561929"/>
 <node id="14065656725" visible="true" version="1" changeset="186746328" timestamp="2026-08-01T06:13:19Z" user="Alt9800" uid="15676887" lat="34.1629809" lon="131.4560945"/>
 <node id="14065656726" visible="true" version="1" changeset="186746328" timestamp="2026-08-01T06:13:19Z" user="Alt9800" uid="15676887" lat="34.1630931" lon="131.4562562"/>
 <node id="14065656727" visible="true" version="1" changeset="186746328" timestamp="2026-08-01T06:13:19Z" user="Alt9800" uid="15676887" lat="34.1628411" lon="131.4561667"/>
 <node id="14065656728" visible="true" version="1" changeset="186746328" timestamp="2026-08-01T06:13:19Z" user="Alt9800" uid="15676887" lat="34.1623323" lon="131.4553922"/>
 <node id="14065656729" visible="true" version="1" changeset="186746328" timestamp="2026-08-01T06:13:19Z" user="Alt9800" uid="15676887" lat="34.1623408" lon="131.4553841"/>
 <node id="14065656730" visible="true" version="1" changeset="186746328" timestamp="2026-08-01T06:13:19Z" user="Alt9800" uid="15676887" lat="34.1628497" lon="131.4561585"/>
 <node id="14065810713" visible="true" version="1" changeset="186750670" timestamp="2026-08-01T08:31:06Z" user="Alt9800" uid="15676887" lat="34.1645103" lon="131.4559283"/>
 <node id="14065810714" visible="true" version="1" changeset="186750670" timestamp="2026-08-01T08:31:06Z" user="Alt9800" uid="15676887" lat="34.1642741" lon="131.4555040"/>
 <node id="14065810715" visible="true" version="1" changeset="186750670" timestamp="2026-08-01T08:31:06Z" user="Alt9800" uid="15676887" lat="34.1643736" lon="131.4554231"/>
 <node id="14065810716" visible="true" version="1" changeset="186750670" timestamp="2026-08-01T08:31:06Z" user="Alt9800" uid="15676887" lat="34.1646099" lon="131.4558473"/>
 <node id="14065810717" visible="true" version="1" changeset="186750670" timestamp="2026-08-01T08:31:06Z" user="Alt9800" uid="15676887" lat="34.1639624" lon="131.4557290"/>
 <node id="14065810718" visible="true" version="1" changeset="186750670" timestamp="2026-08-01T08:31:06Z" user="Alt9800" uid="15676887" lat="34.1637447" lon="131.4553695"/>
 <node id="14065810719" visible="true" version="1" changeset="186750670" timestamp="2026-08-01T08:31:06Z" user="Alt9800" uid="15676887" lat="34.1640605" lon="131.4549583"/>
 <node id="14065810720" visible="true" version="1" changeset="186750670" timestamp="2026-08-01T08:31:06Z" user="Alt9800" uid="15676887" lat="34.1641321" lon="131.4550630"/>
 <node id="14065810721" visible="true" version="1" changeset="186750670" timestamp="2026-08-01T08:31:06Z" user="Alt9800" uid="15676887" lat="34.1641426" lon="131.4550362"/>
 <node id="14065810722" visible="true" version="1" changeset="186750670" timestamp="2026-08-01T08:31:06Z" user="Alt9800" uid="15676887" lat="34.1642308" lon="131.4551449"/>
 <node id="14065810723" visible="true" version="1" changeset="186750670" timestamp="2026-08-01T08:31:06Z" user="Alt9800" uid="15676887" lat="34.1642063" lon="131.4551945"/>
 <node id="14065810724" visible="true" version="1" changeset="186750670" timestamp="2026-08-01T08:31:06Z" user="Alt9800" uid="15676887" lat="34.1642307" lon="131.4552379"/>
 <node id="14065810725" visible="true" version="1" changeset="186750670" timestamp="2026-08-01T08:31:06Z" user="Alt9800" uid="15676887" lat="34.1642768" lon="131.4552076"/>
 <node id="14065810726" visible="true" version="1" changeset="186750670" timestamp="2026-08-01T08:31:06Z" user="Alt9800" uid="15676887" lat="34.1643825" lon="131.4553611"/>
 <node id="14065810727" visible="true" version="1" changeset="186750670" timestamp="2026-08-01T08:31:06Z" user="Alt9800" uid="15676887" lat="34.1631971" lon="131.4555245"/>
 <node id="14065810728" visible="true" version="1" changeset="186750670" timestamp="2026-08-01T08:31:06Z" user="Alt9800" uid="15676887" lat="34.1630900" lon="131.4553695"/>
 <node id="14065810729" visible="true" version="1" changeset="186750670" timestamp="2026-08-01T08:31:06Z" user="Alt9800" uid="15676887" lat="34.1631729" lon="131.4552859"/>
 <node id="14065810730" visible="true" version="1" changeset="186750670" timestamp="2026-08-01T08:31:06Z" user="Alt9800" uid="15676887" lat="34.1632800" lon="131.4554409"/>
 <node id="14065810731" visible="true" version="1" changeset="186750670" timestamp="2026-08-01T08:31:06Z" user="Alt9800" uid="15676887" lat="34.1634843" lon="131.4559661"/>
 <node id="14065810732" visible="true" version="1" changeset="186750670" timestamp="2026-08-01T08:31:06Z" user="Alt9800" uid="15676887" lat="34.1633441" lon="131.4557565"/>
 <node id="14065810733" visible="true" version="1" changeset="186750670" timestamp="2026-08-01T08:31:06Z" user="Alt9800" uid="15676887" lat="34.1634710" lon="131.4556325"/>
 <node id="14065810734" visible="true" version="1" changeset="186750670" timestamp="2026-08-01T08:31:06Z" user="Alt9800" uid="15676887" lat="34.1636112" lon="131.4558421"/>
 <node id="14065810735" visible="true" version="1" changeset="186750670" timestamp="2026-08-01T08:31:06Z" user="Alt9800" uid="15676887" lat="34.1632924" lon="131.4556921"/>
 <node id="14065810736" visible="true" version="1" changeset="186750670" timestamp="2026-08-01T08:31:06Z" user="Alt9800" uid="15676887" lat="34.1632080" lon="131.4555638"/>
 <node id="14065810737" visible="true" version="1" changeset="186750670" timestamp="2026-08-01T08:31:06Z" user="Alt9800" uid="15676887" lat="34.1632587" lon="131.4555103"/>
 <node id="14065810738" visible="true" version="1" changeset="186750670" timestamp="2026-08-01T08:31:06Z" user="Alt9800" uid="15676887" lat="34.1633148" lon="131.4555204"/>
 <node id="14065810739" visible="true" version="1" changeset="186750670" timestamp="2026-08-01T08:31:06Z" user="Alt9800" uid="15676887" lat="34.1634177" lon="131.4554257"/>
 <node id="14065810740" visible="true" version="1" changeset="186750670" timestamp="2026-08-01T08:31:06Z" user="Alt9800" uid="15676887" lat="34.1633851" lon="131.4553733"/>
 <node id="14065810741" visible="true" version="1" changeset="186750670" timestamp="2026-08-01T08:31:06Z" user="Alt9800" uid="15676887" lat="34.1634578" lon="131.4553022"/>
 <node id="14065810742" visible="true" version="1" changeset="186750670" timestamp="2026-08-01T08:31:06Z" user="Alt9800" uid="15676887" lat="34.1635450" lon="131.4554464"/>
 <node id="14065810743" visible="true" version="1" changeset="186750670" timestamp="2026-08-01T08:31:06Z" user="Alt9800" uid="15676887" lat="34.1636284" lon="131.4558234"/>
 <node id="14065810744" visible="true" version="1" changeset="186750670" timestamp="2026-08-01T08:31:06Z" user="Alt9800" uid="15676887" lat="34.1634902" lon="131.4556147"/>
 <node id="14065810745" visible="true" version="1" changeset="186750670" timestamp="2026-08-01T08:31:06Z" user="Alt9800" uid="15676887" lat="34.1635924" lon="131.4555158"/>
 <node id="14065810746" visible="true" version="1" changeset="186750670" timestamp="2026-08-01T08:31:06Z" user="Alt9800" uid="15676887" lat="34.1637307" lon="131.4557245"/>
 <node id="14065810747" visible="true" version="1" changeset="186750670" timestamp="2026-08-01T08:31:06Z" user="Alt9800" uid="15676887" lat="34.1631643" lon="131.4565568"/>
 <node id="14065810748" visible="true" version="1" changeset="186750670" timestamp="2026-08-01T08:31:06Z" user="Alt9800" uid="15676887" lat="34.1630583" lon="131.4564112"/>
 <node id="14065810749" visible="true" version="1" changeset="186750670" timestamp="2026-08-01T08:31:06Z" user="Alt9800" uid="15676887" lat="34.1631119" lon="131.4563541"/>
 <node id="14065810750" visible="true" version="1" changeset="186750670" timestamp="2026-08-01T08:31:06Z" user="Alt9800" uid="15676887" lat="34.1632179" lon="131.4564997"/>
 <node id="14065810751" visible="true" version="1" changeset="186750670" timestamp="2026-08-01T08:31:06Z" user="Alt9800" uid="15676887" lat="34.1629836" lon="131.4563757"/>
 <node id="14065810752" visible="true" version="1" changeset="186750670" timestamp="2026-08-01T08:31:06Z" user="Alt9800" uid="15676887" lat="34.1628704" lon="131.4561991"/>
 <node id="14065810753" visible="true" version="1" changeset="186750670" timestamp="2026-08-01T08:31:06Z" user="Alt9800" uid="15676887" lat="34.1627933" lon="131.4562745"/>
 <node id="14065810754" visible="true" version="1" changeset="186750670" timestamp="2026-08-01T08:31:06Z" user="Alt9800" uid="15676887" lat="34.1627885" lon="131.4562681"/>
 <node id="14065810755" visible="true" version="1" changeset="186750670" timestamp="2026-08-01T08:31:06Z" user="Alt9800" uid="15676887" lat="34.1628671" lon="131.4561890"/>
 <node id="14065810756" visible="true" version="1" changeset="186750670" timestamp="2026-08-01T08:31:06Z" user="Alt9800" uid="15676887" lat="34.1628750" lon="131.4561875"/>
 <node id="14065810757" visible="true" version="1" changeset="186750670" timestamp="2026-08-01T08:31:06Z" user="Alt9800" uid="15676887" lat="34.1629890" lon="131.4563698"/>
 <node id="14065810758" visible="true" version="1" changeset="186750670" timestamp="2026-08-01T08:31:06Z" user="Alt9800" uid="15676887" lat="34.1628667" lon="131.4561716"/>
 <node id="14065810759" visible="true" version="1" changeset="186750670" timestamp="2026-08-01T08:31:06Z" user="Alt9800" uid="15676887" lat="34.1623331" lon="131.4553658"/>
 <way id="119885294" visible="true" version="4" changeset="68400947" timestamp="2019-03-22T08:16:40Z" user="yoshitk" uid="1003241">
  <nd ref="1345516775"/>
  <nd ref="1345515309"/>
  <nd ref="1345517068"/>
  <nd ref="1345528110"/>
  <nd ref="1345524294"/>
  <nd ref="1691744718"/>
  <nd ref="6353850184"/>
  <nd ref="1345526586"/>
  <nd ref="2214844122"/>
  <nd ref="1345515434"/>
  <tag k="highway" v="unclassified"/>
  <tag k="source" v="YahooJapan/ALPSMAP"/>
 </way>
 <way id="119885586" visible="true" version="4" changeset="145387893" timestamp="2023-12-21T22:56:59Z" user="武内健輔" uid="8087293">
  <nd ref="1691744871"/>
  <nd ref="3223114314"/>
  <nd ref="3223114316"/>
  <nd ref="11441516748"/>
  <nd ref="1345523491"/>
  <nd ref="11441516766"/>
  <nd ref="1345520205"/>
  <nd ref="11441516732"/>
  <nd ref="3223114307"/>
  <nd ref="1345528559"/>
  <tag k="highway" v="unclassified"/>
  <tag k="source" v="YahooJapan/ALPSMAP"/>
 </way>
 <way id="119885723" visible="true" version="1" changeset="8596234" timestamp="2011-07-01T06:46:53Z" user="yamasan" uid="32308">
  <nd ref="1345527784"/>
  <nd ref="1345520609"/>
  <tag k="highway" v="unclassified"/>
  <tag k="source" v="YahooJapan/ALPSMAP"/>
  <tag k="yh:STRUCTURE" v="地上"/>
  <tag k="yh:TOTYUMONO" v="供用中"/>
  <tag k="yh:TYPE" v="その他一般道"/>
  <tag k="yh:WIDTH" v="3.0m〜5.5m"/>
  <tag k="yh:WIDTH_RANK" v="3"/>
 </way>
 <way id="119885866" visible="true" version="1" changeset="8596234" timestamp="2011-07-01T06:47:23Z" user="yamasan" uid="32308">
  <nd ref="1345519686"/>
  <nd ref="1345520946"/>
  <tag k="highway" v="unclassified"/>
  <tag k="source" v="YahooJapan/ALPSMAP"/>
  <tag k="yh:STRUCTURE" v="地上"/>
  <tag k="yh:TOTYUMONO" v="供用中"/>
  <tag k="yh:TYPE" v="その他一般道"/>
  <tag k="yh:WIDTH" v="3.0m〜5.5m"/>
  <tag k="yh:WIDTH_RANK" v="3"/>
 </way>
 <way id="119885925" visible="true" version="10" changeset="171438115" timestamp="2025-09-04T07:35:56Z" user="taketaketake" uid="4757277">
  <nd ref="1345524710"/>
  <nd ref="4607612508"/>
  <nd ref="4607612499"/>
  <nd ref="1345519339"/>
  <nd ref="1345530112"/>
  <nd ref="3229525144"/>
  <nd ref="2180916507"/>
  <nd ref="4607612513"/>
  <nd ref="4607612522"/>
  <nd ref="4607612516"/>
  <nd ref="3229525146"/>
  <nd ref="1345517738"/>
  <nd ref="1345526459"/>
  <nd ref="2128601718"/>
  <nd ref="4607612525"/>
  <nd ref="6353832697"/>
  <nd ref="1345528999"/>
  <nd ref="4607612530"/>
  <nd ref="4607612549"/>
  <nd ref="4607612553"/>
  <nd ref="4607612541"/>
  <nd ref="3229525148"/>
  <nd ref="6353832696"/>
  <nd ref="4608636042"/>
  <nd ref="1345517995"/>
  <nd ref="4608805923"/>
  <nd ref="1345527437"/>
  <nd ref="4608805916"/>
  <nd ref="2214755773"/>
  <nd ref="1345525801"/>
  <nd ref="3253598322"/>
  <tag k="highway" v="secondary"/>
  <tag k="lanes" v="2"/>
  <tag k="name" v="宮野大歳線"/>
  <tag k="name:en" v="Miyano Otoshi Line"/>
  <tag k="name:ja" v="宮野大歳線"/>
  <tag k="name:ja-Hira" v="みやのおおとしせん"/>
  <tag k="name:ja_rm" v="Miyano Ōtoshi-sen"/>
  <tag k="old_name" v="国道9号"/>
  <tag k="old_name:en" v="National Highway Route 9"/>
  <tag k="old_name:ja" v="国道9号"/>
  <tag k="old_ref" v="9"/>
  <tag k="ref" v="204"/>
  <tag k="source" v="YahooJapan/ALPSMAP"/>
  <tag k="surface" v="asphalt"/>
  <tag k="wikidata" v="Q11467194"/>
  <tag k="wikipedia" v="ja:山口県道204号宮野大歳線"/>
 </way>
 <way id="119886164" visible="true" version="1" changeset="8596234" timestamp="2011-07-01T06:48:28Z" user="yamasan" uid="32308">
  <nd ref="1345528559"/>
  <nd ref="1345519686"/>
  <tag k="highway" v="unclassified"/>
  <tag k="source" v="YahooJapan/ALPSMAP"/>
  <tag k="yh:STRUCTURE" v="地上"/>
  <tag k="yh:TOTYUMONO" v="供用中"/>
  <tag k="yh:TYPE" v="その他一般道"/>
  <tag k="yh:WIDTH" v="3.0m〜5.5m"/>
  <tag k="yh:WIDTH_RANK" v="3"/>
 </way>
 <way id="119886730" visible="true" version="3" changeset="72118108" timestamp="2019-07-11T04:28:45Z" user="hibagonsan" uid="5939709">
  <nd ref="1691744718"/>
  <nd ref="1345517084"/>
  <nd ref="1345526340"/>
  <nd ref="6604319400"/>
  <nd ref="1345522542"/>
  <tag k="highway" v="unclassified"/>
  <tag k="source" v="YahooJapan/ALPSMAP"/>
 </way>
 <way id="119886759" visible="true" version="8" changeset="171440305" timestamp="2025-09-04T08:29:55Z" user="taketaketake" uid="4757277">
  <nd ref="1345524710"/>
  <nd ref="13118922798"/>
  <nd ref="4607612510"/>
  <nd ref="1345524603"/>
  <nd ref="12905870005"/>
  <nd ref="2166887267"/>
  <nd ref="1345516669"/>
  <nd ref="4070782805"/>
  <nd ref="1345519073"/>
  <tag k="highway" v="tertiary"/>
  <tag k="source" v="YahooJapan/ALPSMAP"/>
 </way>
 <way id="119887100" visible="true" version="1" changeset="8596234" timestamp="2011-07-01T06:52:07Z" user="yamasan" uid="32308">
  <nd ref="1345520609"/>
  <nd ref="1345519686"/>
  <tag k="highway" v="unclassified"/>
  <tag k="source" v="YahooJapan/ALPSMAP"/>
  <tag k="yh:STRUCTURE" v="地上"/>
  <tag k="yh:TOTYUMONO" v="供用中"/>
  <tag k="yh:TYPE" v="その他一般道"/>
  <tag k="yh:WIDTH" v="3.0m〜5.5m"/>
  <tag k="yh:WIDTH_RANK" v="3"/>
 </way>
 <way id="119887687" visible="true" version="2" changeset="145387970" timestamp="2023-12-21T23:00:53Z" user="武内健輔" uid="8087293">
  <nd ref="1345519686"/>
  <nd ref="11441546067"/>
  <nd ref="1345515434"/>
  <tag k="highway" v="unclassified"/>
  <tag k="source" v="YahooJapan/ALPSMAP"/>
 </way>
 <way id="119887898" visible="true" version="1" changeset="8596234" timestamp="2011-07-01T06:55:17Z" user="yamasan" uid="32308">
  <nd ref="1345524603"/>
  <nd ref="1345520609"/>
  <tag k="highway" v="unclassified"/>
  <tag k="source" v="YahooJapan/ALPSMAP"/>
  <tag k="yh:STRUCTURE" v="地上"/>
  <tag k="yh:TOTYUMONO" v="供用中"/>
  <tag k="yh:TYPE" v="その他一般道"/>
  <tag k="yh:WIDTH" v="3.0m〜5.5m"/>
  <tag k="yh:WIDTH_RANK" v="3"/>
 </way>
 <way id="119887926" visible="true" version="1" changeset="8596234" timestamp="2011-07-01T06:55:22Z" user="yamasan" uid="32308">
  <nd ref="1345520205"/>
  <nd ref="1345515019"/>
  <tag k="highway" v="unclassified"/>
  <tag k="source" v="YahooJapan/ALPSMAP"/>
  <tag k="yh:STRUCTURE" v="地上"/>
  <tag k="yh:TOTYUMONO" v="供用中"/>
  <tag k="yh:TYPE" v="その他一般道"/>
  <tag k="yh:WIDTH" v="3.0m〜5.5m"/>
  <tag k="yh:WIDTH_RANK" v="3"/>
 </way>
 <way id="202917978" visible="true" version="3" changeset="27310534" timestamp="2014-12-07T12:50:37Z" user="freshcl" uid="1204536">
  <nd ref="2128598852"/>
  <nd ref="2128598887"/>
  <nd ref="2128598943"/>
  <nd ref="2128598918"/>
  <nd ref="2128598864"/>
  <nd ref="2128598839"/>
  <nd ref="2128598852"/>
  <tag k="amenity" v="bank"/>
  <tag k="building" v="yes"/>
  <tag k="name" v="山口銀行湯田支店"/>
 </way>
 <way id="207839140" visible="true" version="1" changeset="15218159" timestamp="2013-03-02T07:30:58Z" user="freshcl" uid="1204536">
  <nd ref="2180916494"/>
  <nd ref="2180916517"/>
  <nd ref="2180916493"/>
  <nd ref="2180916496"/>
  <nd ref="2180916494"/>
  <tag k="building" v="yes"/>
 </way>
 <way id="207839144" visible="true" version="1" changeset="15218159" timestamp="2013-03-02T07:30:58Z" user="freshcl" uid="1204536">
  <nd ref="2180916491"/>
  <nd ref="2180916532"/>
  <nd ref="2180916497"/>
  <nd ref="2180916504"/>
  <nd ref="2180916491"/>
  <tag k="building" v="yes"/>
 </way>
 <way id="207839147" visible="true" version="1" changeset="15218159" timestamp="2013-03-02T07:30:58Z" user="freshcl" uid="1204536">
  <nd ref="2180916511"/>
  <nd ref="2180916544"/>
  <nd ref="2180916546"/>
  <nd ref="2180916547"/>
  <nd ref="2180916511"/>
  <tag k="building" v="yes"/>
 </way>
 <way id="207839150" visible="true" version="1" changeset="15218159" timestamp="2013-03-02T07:30:59Z" user="freshcl" uid="1204536">
  <nd ref="2180916533"/>
  <nd ref="2180916523"/>
  <nd ref="2180916495"/>
  <nd ref="2180916526"/>
  <nd ref="2180916533"/>
  <tag k="building" v="yes"/>
 </way>
 <way id="313196275" visible="true" version="5" changeset="186958508" timestamp="2026-08-05T05:55:46Z" user="taketaketake" uid="4757277">
  <nd ref="3191069863"/>
  <nd ref="3191069576"/>
  <nd ref="3191077463"/>
  <nd ref="3191077661"/>
  <nd ref="3191069864"/>
  <nd ref="3191077464"/>
  <nd ref="3253598344"/>
  <nd ref="3191077465"/>
  <nd ref="3191069865"/>
  <nd ref="3253598343"/>
  <nd ref="3191069866"/>
  <nd ref="3191069867"/>
  <nd ref="3253598340"/>
  <nd ref="3253598342"/>
  <nd ref="3191077466"/>
  <nd ref="3191069868"/>
  <nd ref="3339881688"/>
  <nd ref="749810147"/>
  <nd ref="3339881687"/>
  <nd ref="3191069869"/>
  <nd ref="3191069870"/>
  <nd ref="3191077467"/>
  <nd ref="3191077468"/>
  <nd ref="3253598339"/>
  <nd ref="3339881689"/>
  <nd ref="3191077662"/>
  <nd ref="3191069770"/>
  <nd ref="3253598341"/>
  <nd ref="3191077469"/>
  <nd ref="3253598338"/>
  <nd ref="3191077663"/>
  <nd ref="3191069578"/>
  <nd ref="3191077664"/>
  <nd ref="3191069863"/>
  <tag k="natural" v="water"/>
  <tag k="source" v="bing"/>
  <tag k="water" v="river"/>
 </way>
 <way id="316199947" visible="true" version="2" changeset="27709811" timestamp="2014-12-26T14:38:25Z" user="mklyr" uid="614924">
  <nd ref="1345523402"/>
  <nd ref="3223114304"/>
  <nd ref="3223114305"/>
  <tag k="highway" v="service"/>
  <tag k="source" v="Bing"/>
 </way>
 <way id="316199948" visible="true" version="2" changeset="27710382" timestamp="2014-12-26T15:02:09Z" user="mklyr" uid="614924">
  <nd ref="3223114305"/>
  <nd ref="3223114306"/>
  <tag k="highway" v="service"/>
  <tag k="source" v="Bing"/>
 </way>
 <way id="316199949" visible="true" version="2" changeset="28483091" timestamp="2015-01-29T10:30:08Z" user="mklyr" uid="614924">
  <nd ref="3223114307"/>
  <nd ref="3223114308"/>
  <nd ref="3223114305"/>
  <tag k="highway" v="residential"/>
  <tag k="source" v="Bing"/>
 </way>
 <way id="316199950" visible="true" version="6" changeset="141795887" timestamp="2023-09-27T01:09:12Z" user="FallingPeppers" uid="19745387">
  <nd ref="3223114309"/>
  <nd ref="3223114310"/>
  <nd ref="6585616551"/>
  <nd ref="6585616552"/>
  <nd ref="3223114311"/>
  <nd ref="3318349645"/>
  <nd ref="3318349646"/>
  <nd ref="3223114312"/>
  <nd ref="3223114313"/>
  <tag k="highway" v="path"/>
  <tag k="service" v="alley"/>
  <tag k="source" v="Bing"/>
 </way>
 <way id="316199952" visible="true" version="4" changeset="71843771" timestamp="2019-07-03T04:09:57Z" user="hibagonsan" uid="5939709">
  <nd ref="6585616548"/>
  <nd ref="6585616547"/>
  <nd ref="3223114317"/>
  <nd ref="3318349648"/>
  <nd ref="3318349647"/>
  <nd ref="3223114312"/>
  <tag k="highway" v="path"/>
  <tag k="source" v="Bing"/>
 </way>
 <way id="316199953" visible="true" version="3" changeset="68400947" timestamp="2019-03-22T08:16:40Z" user="yoshitk" uid="1003241">
  <nd ref="3223114317"/>
  <nd ref="3223114308"/>
  <tag k="highway" v="residential"/>
  <tag k="source" v="Bing"/>
 </way>
 <way id="316199954" visible="true" version="4" changeset="186750670" timestamp="2026-08-01T08:31:06Z" user="Alt9800" uid="15676887">
  <nd ref="3223114305"/>
  <nd ref="6429748697"/>
  <nd ref="3223114319"/>
  <nd ref="14065810758"/>
  <nd ref="3223114313"/>
  <tag k="highway" v="residential"/>
  <tag k="noname" v="yes"/>
  <tag k="source" v="Bing"/>
 </way>
 <way id="316660338" visible="true" version="2" changeset="106553057" timestamp="2021-06-17T21:21:49Z" user="Yuxian" uid="10084645">
  <nd ref="3228031686"/>
  <nd ref="3228031687"/>
  <nd ref="3228031688"/>
  <nd ref="3228031689"/>
  <nd ref="3228031690"/>
  <nd ref="3228031686"/>
  <tag k="brand" v="サイクルベースあさひ"/>
  <tag k="brand:en" v="Cycle Base Asahi"/>
  <tag k="brand:ja" v="サイクルベースあさひ"/>
  <tag k="brand:wikidata" v="Q11257202"/>
  <tag k="brand:wikipedia" v="ja:あさひ (企業)"/>
  <tag k="building" v="retail"/>
  <tag k="building:levels" v="2"/>
  <tag k="name" v="サイクルベースあさひ"/>
  <tag k="name:en" v="Cycle Base Asahi"/>
  <tag k="name:ja" v="サイクルベースあさひ"/>
  <tag k="shop" v="bicycle"/>
 </way>
 <way id="316662360" visible="true" version="2" changeset="77165236" timestamp="2019-11-16T13:54:36Z" user="higa4" uid="162590">
  <nd ref="3228046778"/>
  <nd ref="3228046779"/>
  <nd ref="3228046780"/>
  <nd ref="3228046781"/>
  <nd ref="3228046778"/>
  <tag k="leisure" v="park"/>
  <tag k="name" v="井上公園"/>
  <tag k="wikidata" v="Q11372861"/>
  <tag k="wikipedia" v="ja:井上公園 (山口市)"/>
 </way>
 <way id="325171640" visible="true" version="2" changeset="171440305" timestamp="2025-09-04T08:29:55Z" user="taketaketake" uid="4757277">
  <nd ref="3318349643"/>
  <nd ref="3318349644"/>
  <nd ref="13118922799"/>
  <nd ref="1345523402"/>
  <tag k="highway" v="residential"/>
  <tag k="source" v="YahooJapan/ALPSMAP"/>
 </way>
 <way id="325171649" visible="true" version="9" changeset="56405920" timestamp="2018-02-16T07:59:58Z" user="mklyr" uid="614924">
  <nd ref="2214755807"/>
  <nd ref="4080663915"/>
  <nd ref="4080663888"/>
  <nd ref="4080663867"/>
  <nd ref="4080663862"/>
  <nd ref="4080663856"/>
  <nd ref="4080663842"/>
  <nd ref="3339899196"/>
  <nd ref="749875645"/>
  <nd ref="3339899194"/>
  <nd ref="749085919"/>
  <nd ref="748912205"/>
  <nd ref="749290145"/>
  <nd ref="749768059"/>
  <nd ref="749810147"/>
  <tag k="name" v="錦川"/>
  <tag k="name:ja" v="錦川"/>
  <tag k="note" v="National-Land Numerical Information (River) 2006, MLIT Japan"/>
  <tag k="note:ja" v="国土数値情報(河川データ)平成18年国土交通省"/>
  <tag k="source" v="KSJ2"/>
  <tag k="source_ref" v="http://nlftp.mlit.go.jp/ksj/jpgis/datalist/KsjTmplt-W05.html"/>
  <tag k="tunnel" v="culvert"/>
  <tag k="waterway" v="river"/>
 </way>
 <way id="327263714" visible="true" version="4" changeset="153270820" timestamp="2024-06-28T00:58:20Z" user="taketaketake" uid="4757277">
  <nd ref="749810147"/>
  <nd ref="749590719"/>
  <nd ref="748943860"/>
  <nd ref="749329214"/>
  <nd ref="749798256"/>
  <nd ref="749107981"/>
  <nd ref="749566652"/>
  <nd ref="749384653"/>
  <nd ref="749817017"/>
  <nd ref="749159831"/>
  <nd ref="749609457"/>
  <nd ref="748957628"/>
  <nd ref="749344118"/>
  <nd ref="749804201"/>
  <nd ref="749122998"/>
  <nd ref="749196369"/>
  <nd ref="748983626"/>
  <nd ref="749074519"/>
  <nd ref="749506511"/>
  <nd ref="748902013"/>
  <nd ref="749314380"/>
  <nd ref="749789231"/>
  <nd ref="749092509"/>
  <nd ref="749550774"/>
  <nd ref="748916782"/>
  <nd ref="749296053"/>
  <nd ref="749773561"/>
  <nd ref="749067305"/>
  <tag k="name" v="錦川"/>
  <tag k="name:ja" v="錦川"/>
  <tag k="note" v="National-Land Numerical Information (River) 2006, MLIT Japan"/>
  <tag k="note:ja" v="国土数値情報(河川データ)平成18年国土交通省"/>
  <tag k="source" v="KSJ2"/>
  <tag k="source_ref" v="http://nlftp.mlit.go.jp/ksj/jpgis/datalist/KsjTmplt-W05.html"/>
  <tag k="waterway" v="river"/>
 </way>
 <way id="386459946" visible="true" version="4" changeset="38283083" timestamp="2016-04-04T07:40:07Z" user="show1017" uid="3244669">
  <nd ref="3897946044"/>
  <nd ref="3897946045"/>
  <nd ref="3897946046"/>
  <nd ref="3897946047"/>
  <nd ref="3897946044"/>
  <tag k="building" v="hotel"/>
 </way>
 <way id="404676824" visible="true" version="2" changeset="37966643" timestamp="2016-03-21T00:54:57Z" user="freshcl" uid="1204536">
  <nd ref="4069500266"/>
  <nd ref="4069500264"/>
  <nd ref="4069500260"/>
  <nd ref="4069500262"/>
  <nd ref="4069500261"/>
  <nd ref="4069500263"/>
  <nd ref="4069500266"/>
  <tag k="building" v="yes"/>
 </way>
 <way id="404676825" visible="true" version="2" changeset="38283159" timestamp="2016-04-04T07:43:50Z" user="show1017" uid="3244669">
  <nd ref="4069500804"/>
  <nd ref="4069500790"/>
  <nd ref="4069500283"/>
  <nd ref="4069500285"/>
  <nd ref="4069500275"/>
  <nd ref="4069500278"/>
  <nd ref="4069500280"/>
  <nd ref="4069500284"/>
  <nd ref="4069500286"/>
  <nd ref="4069500791"/>
  <nd ref="4069500795"/>
  <nd ref="4069500796"/>
  <nd ref="4069500794"/>
  <nd ref="4069500806"/>
  <nd ref="4069500804"/>
  <tag k="building" v="yes"/>
 </way>
 <way id="404676826" visible="true" version="2" changeset="180148595" timestamp="2026-03-20T09:12:12Z" user="Mozkun" uid="2651887">
  <nd ref="4069501004"/>
  <nd ref="4069500989"/>
  <nd ref="4069500868"/>
  <nd ref="4069500873"/>
  <nd ref="4069500990"/>
  <nd ref="4069500998"/>
  <nd ref="4069501004"/>
  <tag k="building" v="yes"/>
  <tag k="name" v="スーパーホテル 山口湯田温泉"/>
  <tag k="tourism" v="hotel"/>
 </way>
 <way id="404676830" visible="true" version="1" changeset="37950696" timestamp="2016-03-20T07:23:24Z" user="freshcl" uid="1204536">
  <nd ref="4069500993"/>
  <nd ref="4069500996"/>
  <nd ref="4069500991"/>
  <nd ref="4069500884"/>
  <nd ref="4069500993"/>
  <tag k="building" v="yes"/>
 </way>
 <way id="404676838" visible="true" version="2" changeset="38282923" timestamp="2016-04-04T07:31:30Z" user="show1017" uid="3244669">
  <nd ref="4069500847"/>
  <nd ref="4069500823"/>
  <nd ref="4069500830"/>
  <nd ref="4069500859"/>
  <nd ref="4069500847"/>
  <tag k="building" v="shop"/>
 </way>
 <way id="404676847" visible="true" version="1" changeset="37950696" timestamp="2016-03-20T07:23:24Z" user="freshcl" uid="1204536">
  <nd ref="4069500838"/>
  <nd ref="4069500848"/>
  <nd ref="4069500843"/>
  <nd ref="4069500857"/>
  <nd ref="4069500882"/>
  <nd ref="4069500886"/>
  <nd ref="4069500871"/>
  <nd ref="4069500850"/>
  <nd ref="4069500838"/>
  <tag k="building" v="yes"/>
 </way>
 <way id="404676851" visible="true" version="1" changeset="37950696" timestamp="2016-03-20T07:23:25Z" user="freshcl" uid="1204536">
  <nd ref="4069500271"/>
  <nd ref="4069500267"/>
  <nd ref="4069500259"/>
  <nd ref="4069500272"/>
  <nd ref="4069500268"/>
  <nd ref="4069500274"/>
  <nd ref="4069500279"/>
  <nd ref="4069500273"/>
  <nd ref="4069500277"/>
  <nd ref="4069500270"/>
  <nd ref="4069500269"/>
  <nd ref="4069500265"/>
  <nd ref="4069500271"/>
  <tag k="building" v="hotel"/>
  <tag k="name" v="西の雅常盤"/>
 </way>
 <way id="404862305" visible="true" version="4" changeset="171440305" timestamp="2025-09-04T08:29:55Z" user="taketaketake" uid="4757277">
  <nd ref="4071150863"/>
  <nd ref="13118922778"/>
  <nd ref="13118922779"/>
  <nd ref="13118922780"/>
  <nd ref="13118922781"/>
  <nd ref="13118922782"/>
  <nd ref="13118922783"/>
  <nd ref="4071150864"/>
  <nd ref="4071150865"/>
  <nd ref="4071150866"/>
  <nd ref="4071150867"/>
  <nd ref="4071150868"/>
  <nd ref="13118922785"/>
  <nd ref="13118922784"/>
  <nd ref="4071150869"/>
  <nd ref="13118922768"/>
  <nd ref="13118922769"/>
  <nd ref="13118922770"/>
  <nd ref="13118922771"/>
  <nd ref="4071150870"/>
  <nd ref="4071150871"/>
  <nd ref="13118922772"/>
  <nd ref="13118922773"/>
  <nd ref="13118922775"/>
  <nd ref="13118922774"/>
  <nd ref="4071150872"/>
  <nd ref="13118922776"/>
  <nd ref="13118922777"/>
  <nd ref="4071150863"/>
  <tag k="building" v="hotel"/>
 </way>
 <way id="404862306" visible="true" version="4" changeset="171440305" timestamp="2025-09-04T08:29:55Z" user="taketaketake" uid="4757277">
  <nd ref="4071150873"/>
  <nd ref="4071150874"/>
  <nd ref="4071150875"/>
  <nd ref="4071150876"/>
  <nd ref="13118922767"/>
  <nd ref="4071150877"/>
  <nd ref="4071150878"/>
  <nd ref="4071150879"/>
  <nd ref="4071150880"/>
  <nd ref="4071150881"/>
  <nd ref="4071150882"/>
  <nd ref="4071150883"/>
  <nd ref="4071150884"/>
  <nd ref="4071150885"/>
  <nd ref="4071150886"/>
  <nd ref="4071150887"/>
  <nd ref="4071150888"/>
  <nd ref="4071153289"/>
  <nd ref="4071153290"/>
  <nd ref="4071153291"/>
  <nd ref="4071153293"/>
  <nd ref="4071153294"/>
  <nd ref="4071153295"/>
  <nd ref="13118922766"/>
  <nd ref="13118922765"/>
  <nd ref="4071153296"/>
  <nd ref="4071153297"/>
  <nd ref="13118922764"/>
  <nd ref="4071153298"/>
  <nd ref="4071153299"/>
  <nd ref="4071150873"/>
  <tag k="building" v="hotel"/>
 </way>
 <way id="405934633" visible="true" version="1" changeset="38091565" timestamp="2016-03-26T22:44:46Z" user="freshcl" uid="1204536">
  <nd ref="4080663527"/>
  <nd ref="4080663518"/>
  <nd ref="4080663532"/>
  <nd ref="4080663543"/>
  <nd ref="4080663542"/>
  <nd ref="4080663537"/>
  <nd ref="4080663533"/>
  <nd ref="4080663540"/>
  <nd ref="4080663534"/>
  <nd ref="4080663536"/>
  <nd ref="4080663527"/>
  <tag k="building" v="yes"/>
 </way>
 <way id="405934635" visible="true" version="1" changeset="38091565" timestamp="2016-03-26T22:44:46Z" user="freshcl" uid="1204536">
  <nd ref="4080663516"/>
  <nd ref="4080663511"/>
  <nd ref="4080663513"/>
  <nd ref="4080663523"/>
  <nd ref="4080663516"/>
  <tag k="building" v="yes"/>
 </way>
 <way id="405934641" visible="true" version="1" changeset="38091565" timestamp="2016-03-26T22:44:46Z" user="freshcl" uid="1204536">
  <nd ref="4080663531"/>
  <nd ref="4080663515"/>
  <nd ref="4080663519"/>
  <nd ref="4080663539"/>
  <nd ref="4080663531"/>
  <tag k="building" v="yes"/>
 </way>
 <way id="405934645" visible="true" version="1" changeset="38091565" timestamp="2016-03-26T22:44:46Z" user="freshcl" uid="1204536">
  <nd ref="4080663551"/>
  <nd ref="4080663554"/>
  <nd ref="4080663545"/>
  <nd ref="4080663535"/>
  <nd ref="4080663551"/>
  <tag k="building" v="yes"/>
 </way>
 <way id="405934656" visible="true" version="1" changeset="38091565" timestamp="2016-03-26T22:44:47Z" user="freshcl" uid="1204536">
  <nd ref="4080663524"/>
  <nd ref="4080663530"/>
  <nd ref="4080663508"/>
  <nd ref="4080663506"/>
  <nd ref="4080663524"/>
  <tag k="building" v="yes"/>
 </way>
 <way id="405934661" visible="true" version="1" changeset="38091565" timestamp="2016-03-26T22:44:47Z" user="freshcl" uid="1204536">
  <nd ref="4080663521"/>
  <nd ref="4080663517"/>
  <nd ref="4080663525"/>
  <nd ref="4080663526"/>
  <nd ref="4080663521"/>
  <tag k="building" v="yes"/>
 </way>
 <way id="405934670" visible="true" version="1" changeset="38091565" timestamp="2016-03-26T22:44:48Z" user="freshcl" uid="1204536">
  <nd ref="4080663514"/>
  <nd ref="4080663510"/>
  <nd ref="4080663512"/>
  <nd ref="4080663507"/>
  <nd ref="4080663509"/>
  <nd ref="4080663520"/>
  <nd ref="4080663514"/>
  <tag k="building" v="yes"/>
 </way>
 <way id="405934672" visible="true" version="1" changeset="38091565" timestamp="2016-03-26T22:44:48Z" user="freshcl" uid="1204536">
  <nd ref="4080663556"/>
  <nd ref="4080663557"/>
  <nd ref="4080663552"/>
  <nd ref="4080663550"/>
  <nd ref="4080663548"/>
  <nd ref="4080663547"/>
  <nd ref="4080663556"/>
  <tag k="building" v="yes"/>
 </way>
 <way id="405934684" visible="true" version="1" changeset="38091565" timestamp="2016-03-26T22:44:48Z" user="freshcl" uid="1204536">
  <nd ref="4080663538"/>
  <nd ref="4080663529"/>
  <nd ref="4080663522"/>
  <nd ref="4080663528"/>
  <nd ref="4080663538"/>
  <tag k="building" v="yes"/>
  <tag k="name" v="湯田温泉観光案内所"/>
 </way>
 <way id="407650710" visible="true" version="1" changeset="38282991" timestamp="2016-04-04T07:35:18Z" user="show1017" uid="3244669">
  <nd ref="4096827803"/>
  <nd ref="4096817505"/>
  <nd ref="4096827804"/>
  <nd ref="4096832216"/>
  <nd ref="4096827803"/>
  <tag k="building" v="hotel"/>
 </way>
 <way id="407652143" visible="true" version="1" changeset="38283122" timestamp="2016-04-04T07:41:47Z" user="show1017" uid="3244669">
  <nd ref="4096827806"/>
  <nd ref="4096827807"/>
  <nd ref="4096832217"/>
  <nd ref="4096827808"/>
  <nd ref="4096832218"/>
  <nd ref="4096827612"/>
  <nd ref="4096832219"/>
  <nd ref="4096812110"/>
  <nd ref="4096827806"/>
  <tag k="building" v="hotel"/>
 </way>
 <way id="407652510" visible="true" version="1" changeset="38283159" timestamp="2016-04-04T07:43:50Z" user="show1017" uid="3244669">
  <nd ref="4096832220"/>
  <nd ref="4096812111"/>
  <nd ref="4096832221"/>
  <nd ref="4096832700"/>
  <nd ref="4096832220"/>
  <tag k="building" v="hotel"/>
 </way>
 <way id="409786159" visible="true" version="1" changeset="38499478" timestamp="2016-04-12T12:54:17Z" user="freshcl" uid="1204536">
  <nd ref="4116478391"/>
  <nd ref="4116478392"/>
  <nd ref="4116478393"/>
  <nd ref="4116478394"/>
  <nd ref="4116478391"/>
  <tag k="building" v="yes"/>
 </way>
 <way id="409786160" visible="true" version="1" changeset="38499478" timestamp="2016-04-12T12:54:17Z" user="freshcl" uid="1204536">
  <nd ref="4116478395"/>
  <nd ref="4116478396"/>
  <nd ref="4116478397"/>
  <nd ref="4116478398"/>
  <nd ref="4116478399"/>
  <nd ref="4116478400"/>
  <nd ref="4116478401"/>
  <nd ref="4116478402"/>
  <nd ref="4116478403"/>
  <nd ref="4116478404"/>
  <nd ref="4116478395"/>
  <tag k="building" v="yes"/>
 </way>
 <way id="465851875" visible="true" version="1" changeset="45157647" timestamp="2017-01-14T11:06:01Z" user="freshcl" uid="1204536">
  <nd ref="4607612501"/>
  <nd ref="4607612502"/>
  <nd ref="4607612503"/>
  <nd ref="4607612504"/>
  <nd ref="4607612505"/>
  <nd ref="4607612506"/>
  <nd ref="4607612507"/>
  <nd ref="4607612501"/>
  <tag k="access" v="customers"/>
  <tag k="amenity" v="parking"/>
  <tag k="fee" v="no"/>
  <tag k="operator" v="山口銀行"/>
  <tag k="parking" v="surface"/>
  <tag k="surface" v="asphalt"/>
 </way>
 <way id="465851876" visible="true" version="1" changeset="45157647" timestamp="2017-01-14T11:06:01Z" user="freshcl" uid="1204536">
  <nd ref="4607612508"/>
  <nd ref="4607612509"/>
  <nd ref="4607612510"/>
  <tag k="highway" v="service"/>
 </way>
 <way id="473902831" visible="true" version="1" changeset="45986724" timestamp="2017-02-10T23:27:32Z" user="freshcl" uid="1204536">
  <nd ref="4679342132"/>
  <nd ref="4679342133"/>
  <nd ref="4679342134"/>
  <nd ref="4679342135"/>
  <nd ref="4679342136"/>
  <nd ref="4679342137"/>
  <nd ref="4679342138"/>
  <nd ref="4679342132"/>
  <tag k="amenity" v="toilets"/>
  <tag k="building" v="yes"/>
 </way>
 <way id="482621886" visible="true" version="2" changeset="186750670" timestamp="2026-08-01T08:31:06Z" user="Alt9800" uid="15676887">
  <nd ref="4754302311"/>
  <nd ref="4754302312"/>
  <tag k="highway" v="service"/>
  <tag k="service" v="parking_aisle"/>
 </way>
 <way id="678578712" visible="true" version="1" changeset="68400947" timestamp="2019-03-22T08:16:37Z" user="yoshitk" uid="1003241">
  <nd ref="6353850184"/>
  <nd ref="1345520609"/>
  <tag k="highway" v="path"/>
 </way>
 <way id="685999786" visible="true" version="1" changeset="69584994" timestamp="2019-04-26T02:39:36Z" user="hibagonsan" uid="5939709">
  <nd ref="6429577240"/>
  <nd ref="6429577239"/>
  <nd ref="6429577235"/>
  <nd ref="6429577236"/>
  <nd ref="6429577238"/>
  <nd ref="6429577237"/>
  <nd ref="6429577240"/>
  <tag k="building" v="yes"/>
  <tag k="source" v="GSImaps/ort"/>
 </way>
 <way id="685999787" visible="true" version="2" changeset="72058287" timestamp="2019-07-09T14:31:24Z" user="hibagonsan" uid="5939709">
  <nd ref="6429577244"/>
  <nd ref="6600068414"/>
  <nd ref="6429577241"/>
  <nd ref="6600068410"/>
  <nd ref="6429577234"/>
  <nd ref="6429577233"/>
  <nd ref="6429577256"/>
  <nd ref="6429577242"/>
  <nd ref="6429577243"/>
  <nd ref="6429577240"/>
  <nd ref="6429577237"/>
  <nd ref="6429577246"/>
  <nd ref="6429577244"/>
  <tag k="building" v="yes"/>
  <tag k="source" v="GSImaps/ort"/>
 </way>
 <way id="685999788" visible="true" version="1" changeset="69584994" timestamp="2019-04-26T02:39:36Z" user="hibagonsan" uid="5939709">
  <nd ref="6429577248"/>
  <nd ref="6429577245"/>
  <nd ref="6429577244"/>
  <nd ref="6429577246"/>
  <nd ref="6429577237"/>
  <nd ref="6429577238"/>
  <nd ref="6429577247"/>
  <nd ref="6429577248"/>
  <tag k="building" v="yes"/>
  <tag k="source" v="GSImaps/ort"/>
 </way>
 <way id="685999789" visible="true" version="1" changeset="69584994" timestamp="2019-04-26T02:39:36Z" user="hibagonsan" uid="5939709">
  <nd ref="6429577255"/>
  <nd ref="6429577251"/>
  <nd ref="6429577236"/>
  <nd ref="6429577235"/>
  <nd ref="6429577252"/>
  <nd ref="6429577253"/>
  <nd ref="6429577250"/>
  <nd ref="6429577249"/>
  <nd ref="6429577254"/>
  <nd ref="6429577255"/>
  <tag k="building" v="yes"/>
  <tag k="source" v="GSImaps/ort"/>
 </way>
 <way id="685999790" visible="true" version="1" changeset="69584994" timestamp="2019-04-26T02:39:36Z" user="hibagonsan" uid="5939709">
  <nd ref="6429577259"/>
  <nd ref="6429577258"/>
  <nd ref="6429577257"/>
  <nd ref="6429577256"/>
  <nd ref="6429577233"/>
  <nd ref="6429577259"/>
  <tag k="building" v="yes"/>
  <tag k="source" v="GSImaps/ort"/>
 </way>
 <way id="686001285" visible="true" version="1" changeset="69585279" timestamp="2019-04-26T03:03:28Z" user="hibagonsan" uid="5939709">
  <nd ref="6429599067"/>
  <nd ref="6429599064"/>
  <nd ref="6429599062"/>
  <nd ref="6429599063"/>
  <nd ref="6429599065"/>
  <nd ref="6429599066"/>
  <nd ref="6429599067"/>
  <tag k="building" v="yes"/>
  <tag k="source" v="GSImaps/ort"/>
 </way>
 <way id="686001286" visible="true" version="1" changeset="69585279" timestamp="2019-04-26T03:03:28Z" user="hibagonsan" uid="5939709">
  <nd ref="6429599071"/>
  <nd ref="6429599070"/>
  <nd ref="6429599069"/>
  <nd ref="6429599068"/>
  <nd ref="6429599071"/>
  <tag k="building" v="yes"/>
  <tag k="source" v="GSImaps/ort"/>
 </way>
 <way id="686001287" visible="true" version="1" changeset="69585279" timestamp="2019-04-26T03:03:28Z" user="hibagonsan" uid="5939709">
  <nd ref="6429599075"/>
  <nd ref="6429599072"/>
  <nd ref="6429599073"/>
  <nd ref="6429599074"/>
  <nd ref="6429599075"/>
  <tag k="building" v="yes"/>
  <tag k="source" v="GSImaps/ort"/>
 </way>
 <way id="686001288" visible="true" version="2" changeset="71546808" timestamp="2019-06-24T04:30:08Z" user="hibagonsan" uid="5939709">
  <nd ref="6429599079"/>
  <nd ref="6429599078"/>
  <nd ref="6429599077"/>
  <nd ref="6429599076"/>
  <nd ref="6566937744"/>
  <nd ref="6566937743"/>
  <nd ref="6429599079"/>
  <tag k="building" v="yes"/>
  <tag k="source" v="GSImaps/ort"/>
 </way>
 <way id="686001289" visible="true" version="1" changeset="69585279" timestamp="2019-04-26T03:03:28Z" user="hibagonsan" uid="5939709">
  <nd ref="6429601795"/>
  <nd ref="6429601792"/>
  <nd ref="6429601793"/>
  <nd ref="6429601794"/>
  <nd ref="6429601795"/>
  <tag k="building" v="yes"/>
  <tag k="source" v="GSImaps/ort"/>
 </way>
 <way id="686001290" visible="true" version="1" changeset="69585279" timestamp="2019-04-26T03:03:28Z" user="hibagonsan" uid="5939709">
  <nd ref="6429601799"/>
  <nd ref="6429601796"/>
  <nd ref="6429601797"/>
  <nd ref="6429599080"/>
  <nd ref="6429599081"/>
  <nd ref="6429599082"/>
  <nd ref="6429601798"/>
  <nd ref="6429601799"/>
  <tag k="building" v="yes"/>
  <tag k="source" v="GSImaps/ort"/>
 </way>
 <way id="686001291" visible="true" version="1" changeset="69585279" timestamp="2019-04-26T03:03:28Z" user="hibagonsan" uid="5939709">
  <nd ref="6429601803"/>
  <nd ref="6429601802"/>
  <nd ref="6429601801"/>
  <nd ref="6429601790"/>
  <nd ref="6429601787"/>
  <nd ref="6429601786"/>
  <nd ref="6429601785"/>
  <nd ref="6429599084"/>
  <nd ref="6429601789"/>
  <nd ref="6429599083"/>
  <nd ref="6429601788"/>
  <nd ref="6429601791"/>
  <nd ref="6429601800"/>
  <nd ref="6429601803"/>
  <tag k="building" v="yes"/>
  <tag k="source" v="GSImaps/ort"/>
 </way>
 <way id="686001293" visible="true" version="1" changeset="69585279" timestamp="2019-04-26T03:03:28Z" user="hibagonsan" uid="5939709">
  <nd ref="6429601811"/>
  <nd ref="6429601808"/>
  <nd ref="6429601804"/>
  <nd ref="6429601805"/>
  <nd ref="6429601809"/>
  <nd ref="6429601810"/>
  <nd ref="6429601811"/>
  <tag k="building" v="yes"/>
  <tag k="source" v="GSImaps/ort"/>
 </way>
 <way id="686001294" visible="true" version="1" changeset="69585279" timestamp="2019-04-26T03:03:28Z" user="hibagonsan" uid="5939709">
  <nd ref="6429601815"/>
  <nd ref="6429601812"/>
  <nd ref="6429601813"/>
  <nd ref="6429601814"/>
  <nd ref="6429601815"/>
  <tag k="building" v="yes"/>
  <tag k="source" v="GSImaps/ort"/>
 </way>
 <way id="686001295" visible="true" version="1" changeset="69585279" timestamp="2019-04-26T03:03:28Z" user="hibagonsan" uid="5939709">
  <nd ref="6429601819"/>
  <nd ref="6429601818"/>
  <nd ref="6429601817"/>
  <nd ref="6429601816"/>
  <nd ref="6429601819"/>
  <tag k="building" v="yes"/>
  <tag k="source" v="GSImaps/ort"/>
 </way>
 <way id="686001296" visible="true" version="1" changeset="69585279" timestamp="2019-04-26T03:03:28Z" user="hibagonsan" uid="5939709">
  <nd ref="6429601823"/>
  <nd ref="6429601820"/>
  <nd ref="6429601821"/>
  <nd ref="6429601822"/>
  <nd ref="6429601823"/>
  <tag k="building" v="yes"/>
  <tag k="source" v="GSImaps/ort"/>
 </way>
 <way id="686001317" visible="true" version="1" changeset="69585307" timestamp="2019-04-26T03:04:53Z" user="hibagonsan" uid="5939709">
  <nd ref="6429602341"/>
  <nd ref="6429602338"/>
  <nd ref="6429602339"/>
  <nd ref="6429602340"/>
  <nd ref="6429602341"/>
  <tag k="building" v="yes"/>
  <tag k="source" v="GSImaps/ort"/>
 </way>
 <way id="686001318" visible="true" version="1" changeset="69585307" timestamp="2019-04-26T03:04:53Z" user="hibagonsan" uid="5939709">
  <nd ref="6429602345"/>
  <nd ref="6429602344"/>
  <nd ref="6429602343"/>
  <nd ref="6429602342"/>
  <nd ref="6429602345"/>
  <tag k="building" v="yes"/>
  <tag k="source" v="GSImaps/ort"/>
 </way>
 <way id="686001319" visible="true" version="1" changeset="69585307" timestamp="2019-04-26T03:04:53Z" user="hibagonsan" uid="5939709">
  <nd ref="6429602349"/>
  <nd ref="6429602348"/>
  <nd ref="6429602347"/>
  <nd ref="6429602346"/>
  <nd ref="6429602349"/>
  <tag k="building" v="yes"/>
  <tag k="source" v="GSImaps/ort"/>
 </way>
 <way id="686001320" visible="true" version="1" changeset="69585307" timestamp="2019-04-26T03:04:53Z" user="hibagonsan" uid="5939709">
  <nd ref="6429602353"/>
  <nd ref="6429602350"/>
  <nd ref="6429602351"/>
  <nd ref="6429602352"/>
  <nd ref="6429602353"/>
  <tag k="building" v="yes"/>
  <tag k="source" v="GSImaps/ort"/>
 </way>
 <way id="686001321" visible="true" version="1" changeset="69585307" timestamp="2019-04-26T03:04:53Z" user="hibagonsan" uid="5939709">
  <nd ref="6429602357"/>
  <nd ref="6429602356"/>
  <nd ref="6429602355"/>
  <nd ref="6429602354"/>
  <nd ref="6429602357"/>
  <tag k="building" v="yes"/>
  <tag k="source" v="GSImaps/ort"/>
 </way>
 <way id="686001322" visible="true" version="1" changeset="69585307" timestamp="2019-04-26T03:04:53Z" user="hibagonsan" uid="5939709">
  <nd ref="6429602361"/>
  <nd ref="6429602360"/>
  <nd ref="6429602359"/>
  <nd ref="6429602358"/>
  <nd ref="6429602361"/>
  <tag k="building" v="yes"/>
  <tag k="source" v="GSImaps/ort"/>
 </way>
 <way id="686012433" visible="true" version="2" changeset="185853761" timestamp="2026-07-16T15:54:56Z" user="MiachMihie" uid="24308200">
  <nd ref="6429747255"/>
  <nd ref="6429747252"/>
  <nd ref="6429747253"/>
  <nd ref="14020283715"/>
  <nd ref="6429747254"/>
  <nd ref="6429747255"/>
  <tag k="amenity" v="restaurant"/>
  <tag k="building" v="yes"/>
  <tag k="cuisine" v="french"/>
  <tag k="name" v="Le Gaulois (ル ゴロア)"/>
  <tag k="source" v="GSImaps/ort"/>
 </way>
 <way id="686013213" visible="true" version="1" changeset="69586696" timestamp="2019-04-26T04:41:37Z" user="hibagonsan" uid="5939709">
  <nd ref="6429748701"/>
  <nd ref="6429748698"/>
  <nd ref="6429748699"/>
  <nd ref="6429748700"/>
  <nd ref="6429748701"/>
  <tag k="building" v="yes"/>
  <tag k="source" v="GSImaps/ort"/>
 </way>
 <way id="686013215" visible="true" version="1" changeset="69586696" timestamp="2019-04-26T04:41:37Z" user="hibagonsan" uid="5939709">
  <nd ref="6429748705"/>
  <nd ref="6429748702"/>
  <nd ref="6429748703"/>
  <nd ref="6429748704"/>
  <nd ref="6429748705"/>
  <tag k="building" v="yes"/>
  <tag k="source" v="GSImaps/ort"/>
 </way>
 <way id="686013219" visible="true" version="1" changeset="69586696" timestamp="2019-04-26T04:41:37Z" user="hibagonsan" uid="5939709">
  <nd ref="6429748713"/>
  <nd ref="6429748712"/>
  <nd ref="6429748711"/>
  <nd ref="6429748710"/>
  <nd ref="6429748713"/>
  <tag k="building" v="yes"/>
  <tag k="source" v="GSImaps/ort"/>
 </way>
 <way id="686049891" visible="true" version="1" changeset="69590548" timestamp="2019-04-26T07:57:59Z" user="hibagonsan" uid="5939709">
  <nd ref="6430084583"/>
  <nd ref="6430084580"/>
  <nd ref="6430084584"/>
  <nd ref="6430086386"/>
  <nd ref="6430086385"/>
  <nd ref="6430084579"/>
  <nd ref="6430084581"/>
  <nd ref="6430084582"/>
  <nd ref="6430084583"/>
  <tag k="building" v="yes"/>
  <tag k="source" v="GSImaps/ort"/>
 </way>
 <way id="699309030" visible="true" version="1" changeset="71545367" timestamp="2019-06-24T03:05:49Z" user="hibagonsan" uid="5939709">
  <nd ref="6566867236"/>
  <nd ref="6566867235"/>
  <nd ref="6566867234"/>
  <nd ref="6566867232"/>
  <nd ref="6566867231"/>
  <nd ref="6566867233"/>
  <nd ref="6566867236"/>
  <tag k="building" v="yes"/>
  <tag k="source" v="GSImaps/ort"/>
 </way>
 <way id="699309031" visible="true" version="1" changeset="71545367" timestamp="2019-06-24T03:05:49Z" user="hibagonsan" uid="5939709">
  <nd ref="6566867240"/>
  <nd ref="6566867237"/>
  <nd ref="6566867238"/>
  <nd ref="6566867239"/>
  <nd ref="6566867240"/>
  <tag k="building" v="yes"/>
  <tag k="source" v="GSImaps/ort"/>
 </way>
 <way id="699316794" visible="true" version="1" changeset="71546808" timestamp="2019-06-24T04:30:08Z" user="hibagonsan" uid="5939709">
  <nd ref="6566937748"/>
  <nd ref="6566937745"/>
  <nd ref="6566937746"/>
  <nd ref="6566937747"/>
  <nd ref="6566937748"/>
  <tag k="building" v="yes"/>
  <tag k="source" v="GSImaps/ort"/>
 </way>
 <way id="699316795" visible="true" version="1" changeset="71546808" timestamp="2019-06-24T04:30:08Z" user="hibagonsan" uid="5939709">
  <nd ref="6566937754"/>
  <nd ref="6566937753"/>
  <nd ref="6566937752"/>
  <nd ref="6566937749"/>
  <nd ref="6566937750"/>
  <nd ref="6566937751"/>
  <nd ref="6566937754"/>
  <tag k="building" v="yes"/>
  <tag k="source" v="GSImaps/ort"/>
 </way>
 <way id="699316796" visible="true" version="1" changeset="71546808" timestamp="2019-06-24T04:30:08Z" user="hibagonsan" uid="5939709">
  <nd ref="6566937762"/>
  <nd ref="6566937758"/>
  <nd ref="6566937755"/>
  <nd ref="6566937761"/>
  <nd ref="6566937760"/>
  <nd ref="6566937756"/>
  <nd ref="6566937757"/>
  <nd ref="6566937759"/>
  <nd ref="6566937762"/>
  <tag k="building" v="yes"/>
  <tag k="source" v="GSImaps/ort"/>
 </way>
 <way id="699317308" visible="true" version="1" changeset="71546927" timestamp="2019-06-24T04:36:25Z" user="hibagonsan" uid="5939709">
  <nd ref="6566956772"/>
  <nd ref="6566956771"/>
  <nd ref="6566956770"/>
  <nd ref="6566956769"/>
  <nd ref="6566956772"/>
  <tag k="building" v="yes"/>
  <tag k="source" v="GSImaps/ort"/>
 </way>
 <way id="699317312" visible="true" version="1" changeset="71546927" timestamp="2019-06-24T04:36:25Z" user="hibagonsan" uid="5939709">
  <nd ref="6566962995"/>
  <nd ref="6566962994"/>
  <nd ref="6566962993"/>
  <nd ref="6566962990"/>
  <nd ref="6566962989"/>
  <nd ref="6566962988"/>
  <nd ref="6566962991"/>
  <nd ref="6566962992"/>
  <nd ref="6566962995"/>
  <tag k="building" v="yes"/>
  <tag k="source" v="GSImaps/ort"/>
 </way>
 <way id="699317316" visible="true" version="1" changeset="71546927" timestamp="2019-06-24T04:36:25Z" user="hibagonsan" uid="5939709">
  <nd ref="6566963011"/>
  <nd ref="6566963010"/>
  <nd ref="6566963009"/>
  <nd ref="6566963008"/>
  <nd ref="6566963011"/>
  <tag k="building" v="yes"/>
  <tag k="source" v="GSImaps/ort"/>
 </way>
 <way id="699317317" visible="true" version="1" changeset="71546927" timestamp="2019-06-24T04:36:25Z" user="hibagonsan" uid="5939709">
  <nd ref="6566963015"/>
  <nd ref="6566963014"/>
  <nd ref="6566963013"/>
  <nd ref="6566963012"/>
  <nd ref="6566963015"/>
  <tag k="building" v="yes"/>
  <tag k="source" v="GSImaps/ort"/>
 </way>
 <way id="699317499" visible="true" version="1" changeset="71546963" timestamp="2019-06-24T04:38:19Z" user="hibagonsan" uid="5939709">
  <nd ref="6566963991"/>
  <nd ref="6566963990"/>
  <nd ref="6566963989"/>
  <nd ref="6566963988"/>
  <nd ref="6566963991"/>
  <tag k="building" v="yes"/>
  <tag k="source" v="GSImaps/ort"/>
 </way>
 <way id="699317500" visible="true" version="1" changeset="71546963" timestamp="2019-06-24T04:38:19Z" user="hibagonsan" uid="5939709">
  <nd ref="6566964001"/>
  <nd ref="6566963994"/>
  <nd ref="6566963995"/>
  <nd ref="6566964000"/>
  <nd ref="6566963999"/>
  <nd ref="6566963996"/>
  <nd ref="6566963997"/>
  <nd ref="6566963998"/>
  <nd ref="6566963993"/>
  <nd ref="6566963992"/>
  <nd ref="6566964001"/>
  <tag k="building" v="yes"/>
  <tag k="source" v="GSImaps/ort"/>
 </way>
 <way id="699317501" visible="true" version="1" changeset="71546963" timestamp="2019-06-24T04:38:19Z" user="hibagonsan" uid="5939709">
  <nd ref="6566964007"/>
  <nd ref="6566964004"/>
  <nd ref="6566964002"/>
  <nd ref="6566964003"/>
  <nd ref="6566964005"/>
  <nd ref="6566964006"/>
  <nd ref="6566964007"/>
  <tag k="building" v="yes"/>
  <tag k="source" v="GSImaps/ort"/>
 </way>
 <way id="699317502" visible="true" version="1" changeset="71546963" timestamp="2019-06-24T04:38:19Z" user="hibagonsan" uid="5939709">
  <nd ref="6566964011"/>
  <nd ref="6566964008"/>
  <nd ref="6566964009"/>
  <nd ref="6566964010"/>
  <nd ref="6566964011"/>
  <tag k="building" v="yes"/>
  <tag k="source" v="GSImaps/ort"/>
 </way>
 <way id="702793575" visible="true" version="1" changeset="72058287" timestamp="2019-07-09T14:31:24Z" user="hibagonsan" uid="5939709">
  <nd ref="6600068416"/>
  <nd ref="6600068409"/>
  <nd ref="6600068408"/>
  <nd ref="6600068407"/>
  <nd ref="6600068413"/>
  <nd ref="6600068410"/>
  <nd ref="6429577241"/>
  <nd ref="6600068414"/>
  <nd ref="6600068411"/>
  <nd ref="6600068412"/>
  <nd ref="6600068415"/>
  <nd ref="6600068416"/>
  <tag k="building" v="yes"/>
  <tag k="source" v="GSImaps/ort"/>
 </way>
 <way id="703238977" visible="true" version="2" changeset="186750670" timestamp="2026-08-01T08:31:06Z" user="Alt9800" uid="15676887">
  <nd ref="6604115494"/>
  <nd ref="6604115491"/>
  <nd ref="6604115490"/>
  <nd ref="6604115489"/>
  <nd ref="6604115488"/>
  <nd ref="6604115494"/>
  <tag k="amenity" v="parking"/>
 </way>
 <way id="803512500" visible="true" version="1" changeset="85168879" timestamp="2020-05-14T00:55:26Z" user="hibagonsan" uid="5939709">
  <nd ref="7516124805"/>
  <nd ref="7516124804"/>
  <nd ref="7516124803"/>
  <nd ref="7516124802"/>
  <nd ref="7516124805"/>
  <tag k="building" v="yes"/>
 </way>
 <way id="1161949597" visible="true" version="4" changeset="171435531" timestamp="2025-09-04T06:20:59Z" user="taketaketake" uid="4757277">
  <nd ref="1345524710"/>
  <nd ref="3223114306"/>
  <nd ref="1345527784"/>
  <nd ref="12905858467"/>
  <nd ref="4754302311"/>
  <nd ref="1345528559"/>
  <nd ref="1345516929"/>
  <tag k="highway" v="secondary"/>
  <tag k="lanes" v="2"/>
  <tag k="name" v="陶湯田線"/>
  <tag k="name:en" v="Sue Yuda Line"/>
  <tag k="name:ja" v="陶湯田線"/>
  <tag k="name:ja-Hira" v="すえゆだせん"/>
  <tag k="name:ja_rm" v="Sue Yuda-sen"/>
  <tag k="old_name" v="国道9号"/>
  <tag k="old_name:en" v="National Highway Route 9"/>
  <tag k="old_name:ja" v="国道9号"/>
  <tag k="old_ref" v="9"/>
  <tag k="ref" v="200;204"/>
  <tag k="source" v="YahooJapan/ALPSMAP"/>
  <tag k="surface" v="asphalt"/>
  <tag k="wikidata" v="Q11467188"/>
  <tag k="wikipedia" v="ja:山口県道200号陶湯田線"/>
 </way>
 <way id="1211173365" visible="true" version="3" changeset="141844022" timestamp="2023-09-28T02:50:52Z" user="FallingPeppers" uid="19745387">
  <nd ref="11221753283"/>
  <nd ref="11224140441"/>
  <nd ref="11224140442"/>
  <nd ref="11224140444"/>
  <nd ref="11224140443"/>
  <nd ref="11221967285"/>
  <tag k="admin_level" v="9"/>
  <tag k="boundary" v="administrative"/>
 </way>
 <way id="1211173366" visible="true" version="2" changeset="141844022" timestamp="2023-09-28T02:50:52Z" user="FallingPeppers" uid="19745387">
  <nd ref="11221753305"/>
  <nd ref="11224140492"/>
  <nd ref="11224140493"/>
  <nd ref="11224140491"/>
  <nd ref="11221753306"/>
  <tag k="admin_level" v="9"/>
  <tag k="boundary" v="administrative"/>
 </way>
 <way id="1211173367" visible="true" version="1" changeset="141800844" timestamp="2023-09-27T05:53:35Z" user="FallingPeppers" uid="19745387">
  <nd ref="11221753305"/>
  <nd ref="11221753307"/>
  <tag k="admin_level" v="10"/>
  <tag k="boundary" v="administrative"/>
 </way>
 <way id="1211173369" visible="true" version="2" changeset="141844022" timestamp="2023-09-28T02:50:52Z" user="FallingPeppers" uid="19745387">
  <nd ref="11221753306"/>
  <nd ref="11224140490"/>
  <nd ref="11221753309"/>
  <nd ref="11221753310"/>
  <nd ref="11221753311"/>
  <nd ref="11221753312"/>
  <nd ref="11224140487"/>
  <nd ref="11224140488"/>
  <nd ref="11224140489"/>
  <nd ref="11224140485"/>
  <nd ref="11224140484"/>
  <nd ref="11224140486"/>
  <nd ref="11224140483"/>
  <nd ref="11221753313"/>
  <tag k="admin_level" v="10"/>
  <tag k="boundary" v="administrative"/>
 </way>
 <way id="1211192319" visible="true" version="2" changeset="141844022" timestamp="2023-09-28T02:50:52Z" user="FallingPeppers" uid="19745387">
  <nd ref="11221967282"/>
  <nd ref="11224140502"/>
  <nd ref="11224140503"/>
  <nd ref="11224140501"/>
  <nd ref="11224140504"/>
  <nd ref="11224140499"/>
  <nd ref="11224140498"/>
  <nd ref="11224140500"/>
  <nd ref="11224140497"/>
  <nd ref="11224140496"/>
  <nd ref="11224140495"/>
  <nd ref="11224140494"/>
  <nd ref="11221753305"/>
  <tag k="admin_level" v="10"/>
  <tag k="boundary" v="administrative"/>
 </way>
 <way id="1211192321" visible="true" version="1" changeset="141805674" timestamp="2023-09-27T07:49:33Z" user="FallingPeppers" uid="19745387">
  <nd ref="11221967285"/>
  <nd ref="11221753305"/>
  <tag k="admin_level" v="9"/>
  <tag k="boundary" v="administrative"/>
 </way>
 <way id="1211192327" visible="true" version="2" changeset="141844022" timestamp="2023-09-28T02:50:52Z" user="FallingPeppers" uid="19745387">
  <nd ref="11221967288"/>
  <nd ref="11224140509"/>
  <nd ref="11224140510"/>
  <nd ref="11224140508"/>
  <nd ref="11224140507"/>
  <nd ref="11221967287"/>
  <nd ref="11221967286"/>
  <nd ref="11224140506"/>
  <nd ref="11224140505"/>
  <nd ref="11221967285"/>
  <tag k="admin_level" v="10"/>
  <tag k="boundary" v="administrative"/>
 </way>
 <way id="1233159196" visible="true" version="1" changeset="145387893" timestamp="2023-12-21T22:56:59Z" user="武内健輔" uid="8087293">
  <nd ref="11441516732"/>
  <nd ref="11441516749"/>
  <nd ref="11441516751"/>
  <nd ref="11441516733"/>
  <nd ref="11441516734"/>
  <nd ref="11441516735"/>
  <nd ref="11441516736"/>
  <nd ref="11441516737"/>
  <nd ref="11441516738"/>
  <nd ref="11441516739"/>
  <nd ref="11441516740"/>
  <nd ref="11441516741"/>
  <nd ref="11441516765"/>
  <nd ref="11441516742"/>
  <nd ref="11441516743"/>
  <nd ref="11441516744"/>
  <nd ref="11441516745"/>
  <nd ref="11441516746"/>
  <nd ref="11441516747"/>
  <nd ref="11441516750"/>
  <nd ref="11441516748"/>
  <tag k="highway" v="footway"/>
 </way>
 <way id="1233159197" visible="true" version="1" changeset="145387893" timestamp="2023-12-21T22:56:59Z" user="武内健輔" uid="8087293">
  <nd ref="11441516749"/>
  <nd ref="11441516754"/>
  <nd ref="11441516753"/>
  <nd ref="11441516756"/>
  <nd ref="11441516750"/>
  <tag k="highway" v="footway"/>
 </way>
 <way id="1233159198" visible="true" version="1" changeset="145387893" timestamp="2023-12-21T22:56:59Z" user="武内健輔" uid="8087293">
  <nd ref="11441516751"/>
  <nd ref="11441516755"/>
  <nd ref="11441516752"/>
  <nd ref="11441516753"/>
  <tag k="highway" v="footway"/>
 </way>
 <way id="1233159199" visible="true" version="1" changeset="145387893" timestamp="2023-12-21T22:56:59Z" user="武内健輔" uid="8087293">
  <nd ref="11441516754"/>
  <nd ref="11441516755"/>
  <tag k="highway" v="footway"/>
 </way>
 <way id="1233159201" visible="true" version="1" changeset="145387893" timestamp="2023-12-21T22:56:59Z" user="武内健輔" uid="8087293">
  <nd ref="11441516740"/>
  <nd ref="11441516758"/>
  <nd ref="11441516759"/>
  <nd ref="11441516760"/>
  <nd ref="11441516761"/>
  <nd ref="11441516762"/>
  <nd ref="11441516739"/>
  <tag k="highway" v="footway"/>
 </way>
 <way id="1233159202" visible="true" version="1" changeset="145387893" timestamp="2023-12-21T22:56:59Z" user="武内健輔" uid="8087293">
  <nd ref="11441516741"/>
  <nd ref="11441516763"/>
  <nd ref="11441516764"/>
  <nd ref="11441516765"/>
  <tag k="highway" v="footway"/>
 </way>
 <way id="1233159469" visible="true" version="1" changeset="145387970" timestamp="2023-12-21T23:00:53Z" user="武内健輔" uid="8087293">
  <nd ref="11441546067"/>
  <nd ref="11441546068"/>
  <tag k="highway" v="footway"/>
 </way>
 <way id="1427055400" visible="true" version="1" changeset="171440305" timestamp="2025-09-04T08:29:55Z" user="taketaketake" uid="4757277">
  <nd ref="1345528695"/>
  <nd ref="1345530383"/>
  <nd ref="1990589904"/>
  <nd ref="4618137391"/>
  <nd ref="4618137397"/>
  <nd ref="1345523402"/>
  <nd ref="1345524710"/>
  <tag k="highway" v="secondary"/>
  <tag k="lanes" v="2"/>
  <tag k="name" v="陶湯田線"/>
  <tag k="name:en" v="Sue Yuda Line"/>
  <tag k="name:ja" v="陶湯田線"/>
  <tag k="name:ja-Hira" v="すえゆだせん"/>
  <tag k="name:ja_rm" v="Sue Yuda-sen"/>
  <tag k="ref" v="200;206"/>
  <tag k="source" v="YahooJapan/ALPSMAP"/>
  <tag k="surface" v="asphalt"/>
  <tag k="wikidata" v="Q11467188"/>
  <tag k="wikipedia" v="ja:山口県道200号陶湯田線"/>
 </way>
 <way id="1427055401" visible="true" version="1" changeset="171440305" timestamp="2025-09-04T08:29:55Z" user="taketaketake" uid="4757277">
  <nd ref="13118922786"/>
  <nd ref="13118922787"/>
  <nd ref="13118922788"/>
  <nd ref="13118922789"/>
  <nd ref="13118922790"/>
  <nd ref="13118922791"/>
  <nd ref="13118922786"/>
  <tag k="area" v="yes"/>
  <tag k="building" v="hotel"/>
 </way>
 <way id="1427055402" visible="true" version="1" changeset="171440305" timestamp="2025-09-04T08:29:55Z" user="taketaketake" uid="4757277">
  <nd ref="13118922792"/>
  <nd ref="13118922793"/>
  <nd ref="13118922794"/>
  <nd ref="13118922795"/>
  <nd ref="13118922796"/>
  <nd ref="13118922797"/>
  <nd ref="13118922792"/>
  <tag k="area" v="yes"/>
  <tag k="building" v="hotel"/>
 </way>
 <way id="1433754338" visible="true" version="1" changeset="172567853" timestamp="2025-09-28T13:48:10Z" user="gitteschmitz" uid="303538">
  <nd ref="4060914644"/>
  <nd ref="4060914645"/>
  <nd ref="4060914646"/>
  <nd ref="4060914647"/>
  <nd ref="4060914648"/>
  <nd ref="4060914649"/>
  <nd ref="4060914650"/>
  <nd ref="4060914651"/>
  <tag k="waterway" v="stream"/>
 </way>
 <way id="1491743086" visible="true" version="2" changeset="184623920" timestamp="2026-06-26T03:31:46Z" user="bmaczero" uid="23043155">
  <nd ref="13670923411"/>
  <nd ref="13670923410"/>
  <nd ref="13670923409"/>
  <nd ref="13670923408"/>
  <nd ref="13670923411"/>
  <tag k="amenity" v="parking"/>
 </way>
 <way id="1491743087" visible="true" version="2" changeset="184623920" timestamp="2026-06-26T03:31:46Z" user="bmaczero" uid="23043155">
  <nd ref="13670923417"/>
  <nd ref="13670923416"/>
  <nd ref="13670923415"/>
  <nd ref="13670923414"/>
  <nd ref="13670923413"/>
  <nd ref="13670923412"/>
  <nd ref="13670923417"/>
  <tag k="amenity" v="parking"/>
 </way>
 <way id="1491743088" visible="true" version="1" changeset="180285455" timestamp="2026-03-23T06:28:17Z" user="Mozkun" uid="2651887">
  <nd ref="13670923421"/>
  <nd ref="13670923420"/>
  <nd ref="13670923419"/>
  <nd ref="13670923418"/>
  <nd ref="13670923421"/>
  <tag k="amenity" v="parking"/>
 </way>
 <way id="1546480145" visible="true" version="1" changeset="186746328" timestamp="2026-08-01T06:13:19Z" user="Alt9800" uid="15676887">
  <nd ref="14065656723"/>
  <nd ref="14065656724"/>
  <nd ref="14065656725"/>
  <nd ref="14065656726"/>
  <nd ref="14065656723"/>
  <tag k="amenity" v="parking"/>
 </way>
 <way id="1546480146" visible="true" version="1" changeset="186746328" timestamp="2026-08-01T06:13:19Z" user="Alt9800" uid="15676887">
  <nd ref="14065656727"/>
  <nd ref="14065656728"/>
  <nd ref="14065656729"/>
  <nd ref="14065656730"/>
  <nd ref="14065656727"/>
  <tag k="natural" v="water"/>
 </way>
 <way id="1546496531" visible="true" version="1" changeset="186750670" timestamp="2026-08-01T08:31:06Z" user="Alt9800" uid="15676887">
  <nd ref="14065810713"/>
  <nd ref="14065810714"/>
  <nd ref="14065810715"/>
  <nd ref="14065810716"/>
  <nd ref="14065810713"/>
  <tag k="building" v="yes"/>
 </way>
 <way id="1546496532" visible="true" version="1" changeset="186750670" timestamp="2026-08-01T08:31:06Z" user="Alt9800" uid="15676887">
  <nd ref="14065810717"/>
  <nd ref="14065810718"/>
  <nd ref="14065810719"/>
  <nd ref="14065810720"/>
  <nd ref="14065810721"/>
  <nd ref="14065810722"/>
  <nd ref="14065810723"/>
  <nd ref="14065810724"/>
  <nd ref="14065810725"/>
  <nd ref="14065810726"/>
  <nd ref="14065810717"/>
  <tag k="building" v="yes"/>
 </way>
 <way id="1546496533" visible="true" version="1" changeset="186750670" timestamp="2026-08-01T08:31:06Z" user="Alt9800" uid="15676887">
  <nd ref="14065810727"/>
  <nd ref="14065810728"/>
  <nd ref="14065810729"/>
  <nd ref="14065810730"/>
  <nd ref="14065810727"/>
  <tag k="amenity" v="parking"/>
 </way>
 <way id="1546496534" visible="true" version="1" changeset="186750670" timestamp="2026-08-01T08:31:06Z" user="Alt9800" uid="15676887">
  <nd ref="14065810731"/>
  <nd ref="14065810732"/>
  <nd ref="14065810733"/>
  <nd ref="14065810734"/>
  <nd ref="14065810731"/>
  <tag k="amenity" v="parking"/>
 </way>
 <way id="1546496535" visible="true" version="1" changeset="186750670" timestamp="2026-08-01T08:31:06Z" user="Alt9800" uid="15676887">
  <nd ref="14065810735"/>
  <nd ref="14065810736"/>
  <nd ref="14065810737"/>
  <nd ref="14065810738"/>
  <nd ref="14065810739"/>
  <nd ref="14065810740"/>
  <nd ref="14065810741"/>
  <nd ref="14065810742"/>
  <nd ref="14065810735"/>
  <tag k="amenity" v="parking"/>
 </way>
 <way id="1546496536" visible="true" version="1" changeset="186750670" timestamp="2026-08-01T08:31:06Z" user="Alt9800" uid="15676887">
  <nd ref="14065810743"/>
  <nd ref="14065810744"/>
  <nd ref="14065810745"/>
  <nd ref="14065810746"/>
  <nd ref="14065810743"/>
  <tag k="amenity" v="parking"/>
 </way>
 <way id="1546496537" visible="true" version="1" changeset="186750670" timestamp="2026-08-01T08:31:06Z" user="Alt9800" uid="15676887">
  <nd ref="14065810747"/>
  <nd ref="14065810748"/>
  <nd ref="14065810749"/>
  <nd ref="14065810750"/>
  <nd ref="14065810747"/>
  <tag k="building" v="yes"/>
 </way>
 <way id="1546496538" visible="true" version="1" changeset="186750670" timestamp="2026-08-01T08:31:06Z" user="Alt9800" uid="15676887">
  <nd ref="14065810751"/>
  <nd ref="14065810752"/>
  <nd ref="14065810753"/>
  <nd ref="14065810754"/>
  <nd ref="14065810755"/>
  <nd ref="14065810756"/>
  <nd ref="14065810757"/>
  <nd ref="14065810751"/>
  <tag k="natural" v="water"/>
 </way>
 <way id="1546496539" visible="true" version="1" changeset="186750670" timestamp="2026-08-01T08:31:06Z" user="Alt9800" uid="15676887">
  <nd ref="14065810758"/>
  <nd ref="14065810759"/>
  <tag k="highway" v="path"/>
  <tag k="informal" v="yes"/>
 </way>
 <relation id="13884347" visible="true" version="11" changeset="170042622" timestamp="2025-08-06T07:56:43Z" user="taketaketake" uid="4757277">
  <member type="node" ref="9550863707" role="stop"/>
  <member type="node" ref="9412086517" role="platform"/>
  <member type="node" ref="12905870004" role="stop"/>
  <member type="node" ref="9412086518" role="platform"/>
  <member type="node" ref="12905870003" role="stop"/>
  <member type="node" ref="9412086521" role="platform"/>
  <member type="node" ref="5050396471" role="stop"/>
  <member type="node" ref="9412086522" role="platform"/>
  <member type="node" ref="12905870002" role="stop"/>
  <member type="node" ref="9412086525" role="platform"/>
  <member type="node" ref="12905870001" role="stop"/>
  <member type="node" ref="9412086527" role="platform"/>
  <member type="node" ref="12905858500" role="stop"/>
  <member type="node" ref="9412086511" role="platform"/>
  <member type="node" ref="5091003773" role="stop"/>
  <member type="node" ref="9412086509" role="platform"/>
  <member type="node" ref="12905858499" role="stop"/>
  <member type="node" ref="9412086507" role="platform"/>
  <member type="node" ref="12905858498" role="stop"/>
  <member type="node" ref="9412086505" role="platform"/>
  <member type="node" ref="12905858497" role="stop"/>
  <member type="node" ref="9412086503" role="platform"/>
  <member type="node" ref="12905870005" role="stop"/>
  <member type="node" ref="9412086501" role="platform"/>
  <member type="node" ref="12905858496" role="stop"/>
  <member type="node" ref="9412086396" role="platform"/>
  <member type="node" ref="12905858495" role="stop"/>
  <member type="node" ref="9412086394" role="platform"/>
  <member type="node" ref="12905858494" role="stop"/>
  <member type="node" ref="9412086392" role="platform"/>
  <member type="node" ref="5177662684" role="stop"/>
  <member type="node" ref="9412086390" role="platform"/>
  <member type="node" ref="12905858493" role="stop"/>
  <member type="node" ref="9412086388" role="platform"/>
  <member type="node" ref="12905858492" role="stop"/>
  <member type="node" ref="9412086386" role="platform"/>
  <member type="node" ref="1345409061" role="stop"/>
  <member type="node" ref="9412086384" role="platform"/>
  <member type="node" ref="1345405197" role="stop"/>
  <member type="node" ref="9412086349" role="platform"/>
  <member type="node" ref="12905858491" role="stop"/>
  <member type="node" ref="9412086351" role="platform"/>
  <member type="node" ref="12905858490" role="stop"/>
  <member type="node" ref="9412086353" role="platform"/>
  <member type="node" ref="12905858489" role="stop"/>
  <member type="node" ref="9412086355" role="platform"/>
  <member type="node" ref="12905858487" role="stop"/>
  <member type="node" ref="9412086357" role="platform"/>
  <member type="node" ref="12905858486" role="stop"/>
  <member type="node" ref="9412086359" role="platform"/>
  <member type="node" ref="1349991438" role="stop"/>
  <member type="node" ref="9412086361" role="platform"/>
  <member type="node" ref="1349978390" role="stop"/>
  <member type="node" ref="9412086363" role="platform"/>
  <member type="node" ref="1694280261" role="stop"/>
  <member type="node" ref="9412086365" role="platform"/>
  <member type="node" ref="5271724147" role="stop"/>
  <member type="node" ref="9412086367" role="platform"/>
  <member type="node" ref="1349987969" role="stop"/>
  <member type="node" ref="9412086368" role="platform"/>
  <member type="node" ref="1349993957" role="stop"/>
  <member type="node" ref="9412086370" role="platform"/>
  <member type="node" ref="12905858485" role="stop"/>
  <member type="node" ref="9412086372" role="platform"/>
  <member type="node" ref="1349992109" role="stop"/>
  <member type="node" ref="9412086374" role="platform"/>
  <member type="node" ref="12905858484" role="stop"/>
  <member type="node" ref="9412086376" role="platform"/>
  <member type="node" ref="12905858483" role="stop"/>
  <member type="node" ref="9412086378" role="platform"/>
  <member type="node" ref="3510016039" role="stop"/>
  <member type="node" ref="9412086248" role="platform"/>
  <member type="node" ref="928307865" role="stop"/>
  <member type="node" ref="9412086380" role="platform"/>
  <member type="node" ref="12905858478" role="stop"/>
  <member type="node" ref="9412086382" role="platform"/>
  <member type="way" ref="1036697531" role=""/>
  <member type="way" ref="1163757161" role=""/>
  <member type="way" ref="1036697528" role=""/>
  <member type="way" ref="1036697526" role=""/>
  <member type="way" ref="119878523" role=""/>
  <member type="way" ref="517552886" role=""/>
  <member type="way" ref="119878656" role=""/>
  <member type="way" ref="1036697525" role=""/>
  <member type="way" ref="1036697534" role=""/>
  <member type="way" ref="1036697533" role=""/>
  <member type="way" ref="1036697512" role=""/>
  <member type="way" ref="1036697534" role=""/>
  <member type="way" ref="1036697525" role=""/>
  <member type="way" ref="119878656" role=""/>
  <member type="way" ref="1036697524" role=""/>
  <member type="way" ref="119879071" role=""/>
  <member type="way" ref="119887610" role=""/>
  <member type="way" ref="119888155" role=""/>
  <member type="way" ref="119879116" role=""/>
  <member type="way" ref="119879037" role=""/>
  <member type="way" ref="119885215" role=""/>
  <member type="way" ref="1161949597" role=""/>
  <member type="way" ref="119886759" role=""/>
  <member type="way" ref="119887879" role=""/>
  <member type="way" ref="119885734" role=""/>
  <member type="way" ref="119885590" role=""/>
  <member type="way" ref="119887887" role=""/>
  <member type="way" ref="119888300" role=""/>
  <member type="way" ref="119885704" role=""/>
  <member type="way" ref="119885762" role=""/>
  <member type="way" ref="119887444" role=""/>
  <member type="way" ref="119885764" role=""/>
  <member type="way" ref="119885750" role=""/>
  <member type="way" ref="119875257" role=""/>
  <member type="way" ref="119875281" role=""/>
  <member type="way" ref="119875438" role=""/>
  <member type="way" ref="119876142" role=""/>
  <member type="way" ref="119875716" role=""/>
  <member type="way" ref="120388743" role=""/>
  <member type="way" ref="120388792" role=""/>
  <member type="way" ref="120388521" role=""/>
  <member type="way" ref="120387602" role=""/>
  <member type="way" ref="120387163" role=""/>
  <member type="way" ref="120387921" role=""/>
  <member type="way" ref="120387996" role=""/>
  <member type="way" ref="709552913" role=""/>
  <member type="way" ref="120388144" role=""/>
  <member type="way" ref="425432195" role=""/>
  <member type="way" ref="425432196" role=""/>
  <member type="way" ref="120388598" role=""/>
  <member type="way" ref="120389202" role=""/>
  <member type="way" ref="120387725" role=""/>
  <member type="way" ref="223295974" role=""/>
  <member type="way" ref="120389227" role=""/>
  <member type="way" ref="120387221" role=""/>
  <member type="way" ref="120387054" role=""/>
  <member type="way" ref="120387198" role=""/>
  <member type="way" ref="120387943" role=""/>
  <member type="way" ref="1394161505" role=""/>
  <member type="way" ref="1036697518" role=""/>
  <member type="way" ref="1036697520" role=""/>
  <member type="way" ref="545450104" role=""/>
  <member type="way" ref="1394161505" role=""/>
  <member type="way" ref="120387104" role=""/>
  <member type="way" ref="120389235" role=""/>
  <member type="way" ref="120387433" role=""/>
  <member type="way" ref="120389045" role=""/>
  <member type="way" ref="120483110" role=""/>
  <member type="way" ref="120482984" role=""/>
  <member type="way" ref="120485756" role=""/>
  <member type="way" ref="1036697517" role=""/>
  <member type="way" ref="344262388" role=""/>
  <member type="way" ref="344262386" role=""/>
  <member type="way" ref="1394161503" role=""/>
  <member type="way" ref="1394161502" role=""/>
  <member type="way" ref="1036697515" role=""/>
  <member type="way" ref="1036697517" role=""/>
  <member type="way" ref="344262387" role=""/>
  <member type="way" ref="561527716" role=""/>
  <member type="way" ref="561527721" role=""/>
  <member type="way" ref="120483470" role=""/>
  <member type="way" ref="1394161508" role=""/>
  <member type="way" ref="1394161506" role=""/>
  <member type="way" ref="1394161509" role=""/>
  <tag k="duration" v="01:04:00"/>
  <tag k="from" v="山口駅"/>
  <tag k="from:ja-Latn" v="Yamaguchieki"/>
  <tag k="gtfs:route_id" v="2196404353"/>
  <tag k="gtfs:shape_id" v="40000799"/>
  <tag k="name" v="秋吉線 (山口駅 =&gt; 秋吉)"/>
  <tag k="name:ja-Latn" v="Akiyoshi-sen (Yamaguchieki =&gt; Akiyoshi)"/>
  <tag k="network" v="秋吉線"/>
  <tag k="opening_hours" v="Mo-Fr 16:30-20:04; Sa-Su 08:30-09:34,13:00-18:29"/>
  <tag k="operator" v="中国ジェイアールバス"/>
  <tag k="operator:en" v="Chugoku JR Bus"/>
  <tag k="public_transport:version" v="2"/>
  <tag k="route" v="bus"/>
  <tag k="to" v="秋吉"/>
  <tag k="to:ja-Latn" v="Akiyoshi"/>
  <tag k="type" v="route"/>
 </relation>
 <relation id="13884349" visible="true" version="9" changeset="170042622" timestamp="2025-08-06T07:56:43Z" user="taketaketake" uid="4757277">
  <member type="node" ref="12905858478" role="stop"/>
  <member type="node" ref="9412086382" role="platform"/>
  <member type="node" ref="928307865" role="stop"/>
  <member type="node" ref="9412086381" role="platform"/>
  <member type="node" ref="3510016040" role="stop"/>
  <member type="node" ref="9412086249" role="platform"/>
  <member type="node" ref="12905858483" role="stop"/>
  <member type="node" ref="9412086379" role="platform"/>
  <member type="node" ref="1349982756" role="stop"/>
  <member type="node" ref="9412086377" role="platform"/>
  <member type="node" ref="1349977487" role="stop"/>
  <member type="node" ref="9412086375" role="platform"/>
  <member type="node" ref="1349997902" role="stop"/>
  <member type="node" ref="9412086373" role="platform"/>
  <member type="node" ref="1349996530" role="stop"/>
  <member type="node" ref="9412086371" role="platform"/>
  <member type="node" ref="8754100322" role="stop"/>
  <member type="node" ref="9412086335" role="platform"/>
  <member type="node" ref="12905858475" role="stop"/>
  <member type="node" ref="9412086369" role="platform"/>
  <member type="node" ref="5271724147" role="stop"/>
  <member type="node" ref="9412086367" role="platform"/>
  <member type="node" ref="12905858474" role="stop"/>
  <member type="node" ref="9412086366" role="platform"/>
  <member type="node" ref="12905858454" role="stop"/>
  <member type="node" ref="9412086364" role="platform"/>
  <member type="node" ref="1349988030" role="stop"/>
  <member type="node" ref="9412086362" role="platform"/>
  <member type="node" ref="12905858473" role="stop"/>
  <member type="node" ref="9412086360" role="platform"/>
  <member type="node" ref="12905858488" role="stop"/>
  <member type="node" ref="9412086358" role="platform"/>
  <member type="node" ref="12905858489" role="stop"/>
  <member type="node" ref="9412086356" role="platform"/>
  <member type="node" ref="1349996460" role="stop"/>
  <member type="node" ref="9412086354" role="platform"/>
  <member type="node" ref="12905858472" role="stop"/>
  <member type="node" ref="9412086352" role="platform"/>
  <member type="node" ref="12905858471" role="stop"/>
  <member type="node" ref="9412086350" role="platform"/>
  <member type="node" ref="1345409061" role="stop"/>
  <member type="node" ref="9412086385" role="platform"/>
  <member type="node" ref="12905858492" role="stop"/>
  <member type="node" ref="9412086387" role="platform"/>
  <member type="node" ref="12905858493" role="stop"/>
  <member type="node" ref="9412086389" role="platform"/>
  <member type="node" ref="5177662684" role="stop"/>
  <member type="node" ref="9412086391" role="platform"/>
  <member type="node" ref="12905858470" role="stop"/>
  <member type="node" ref="9412086393" role="platform"/>
  <member type="node" ref="12905858469" role="stop"/>
  <member type="node" ref="9412086395" role="platform"/>
  <member type="node" ref="12905858468" role="stop"/>
  <member type="node" ref="9412086397" role="platform"/>
  <member type="node" ref="12905858467" role="stop"/>
  <member type="node" ref="9412086502" role="platform"/>
  <member type="node" ref="12905858497" role="stop"/>
  <member type="node" ref="9412086504" role="platform"/>
  <member type="node" ref="12905858466" role="stop"/>
  <member type="node" ref="9412086506" role="platform"/>
  <member type="node" ref="12905858465" role="stop"/>
  <member type="node" ref="9412086508" role="platform"/>
  <member type="node" ref="1345519464" role="stop"/>
  <member type="node" ref="9412086510" role="platform"/>
  <member type="node" ref="12905858464" role="stop"/>
  <member type="node" ref="9412086512" role="platform"/>
  <member type="node" ref="12905858463" role="stop"/>
  <member type="node" ref="9412086528" role="platform"/>
  <member type="node" ref="12905858462" role="stop"/>
  <member type="node" ref="9412086526" role="platform"/>
  <member type="node" ref="12905858461" role="stop"/>
  <member type="node" ref="9412086523" role="platform"/>
  <member type="node" ref="12905858460" role="stop"/>
  <member type="node" ref="9412086520" role="platform"/>
  <member type="node" ref="12905858459" role="stop"/>
  <member type="node" ref="9412086519" role="platform"/>
  <member type="node" ref="12905858458" role="stop"/>
  <member type="node" ref="9412086516" role="platform"/>
  <member type="way" ref="1394161507" role=""/>
  <member type="way" ref="120483470" role=""/>
  <member type="way" ref="561527721" role=""/>
  <member type="way" ref="561527716" role=""/>
  <member type="way" ref="344262387" role=""/>
  <member type="way" ref="1036697517" role=""/>
  <member type="way" ref="344262388" role=""/>
  <member type="way" ref="344262386" role=""/>
  <member type="way" ref="1394161503" role=""/>
  <member type="way" ref="1394161502" role=""/>
  <member type="way" ref="1036697515" role=""/>
  <member type="way" ref="1036697517" role=""/>
  <member type="way" ref="120485756" role=""/>
  <member type="way" ref="120482984" role=""/>
  <member type="way" ref="120483110" role=""/>
  <member type="way" ref="120389045" role=""/>
  <member type="way" ref="120387433" role=""/>
  <member type="way" ref="1036697522" role=""/>
  <member type="way" ref="945602190" role=""/>
  <member type="way" ref="945602188" role=""/>
  <member type="way" ref="1036697522" role=""/>
  <member type="way" ref="120389235" role=""/>
  <member type="way" ref="120387104" role=""/>
  <member type="way" ref="1394161505" role=""/>
  <member type="way" ref="1036697518" role=""/>
  <member type="way" ref="1036697520" role=""/>
  <member type="way" ref="545450104" role=""/>
  <member type="way" ref="1394161505" role=""/>
  <member type="way" ref="120387943" role=""/>
  <member type="way" ref="120387198" role=""/>
  <member type="way" ref="120387054" role=""/>
  <member type="way" ref="120387221" role=""/>
  <member type="way" ref="120389227" role=""/>
  <member type="way" ref="223295974" role=""/>
  <member type="way" ref="120387725" role=""/>
  <member type="way" ref="120389202" role=""/>
  <member type="way" ref="120388598" role=""/>
  <member type="way" ref="425432196" role=""/>
  <member type="way" ref="425432195" role=""/>
  <member type="way" ref="120388144" role=""/>
  <member type="way" ref="709552913" role=""/>
  <member type="way" ref="120387996" role=""/>
  <member type="way" ref="120387921" role=""/>
  <member type="way" ref="120387163" role=""/>
  <member type="way" ref="120387602" role=""/>
  <member type="way" ref="120388521" role=""/>
  <member type="way" ref="120388792" role=""/>
  <member type="way" ref="120388743" role=""/>
  <member type="way" ref="119875716" role=""/>
  <member type="way" ref="119876142" role=""/>
  <member type="way" ref="119875438" role=""/>
  <member type="way" ref="119875281" role=""/>
  <member type="way" ref="119875257" role=""/>
  <member type="way" ref="119885750" role=""/>
  <member type="way" ref="119885764" role=""/>
  <member type="way" ref="119887444" role=""/>
  <member type="way" ref="119885762" role=""/>
  <member type="way" ref="119885704" role=""/>
  <member type="way" ref="119888300" role=""/>
  <member type="way" ref="119887887" role=""/>
  <member type="way" ref="119885590" role=""/>
  <member type="way" ref="119885734" role=""/>
  <member type="way" ref="119887879" role=""/>
  <member type="way" ref="119886759" role=""/>
  <member type="way" ref="1161949597" role=""/>
  <member type="way" ref="119885215" role=""/>
  <member type="way" ref="119879037" role=""/>
  <member type="way" ref="119879116" role=""/>
  <member type="way" ref="119888155" role=""/>
  <member type="way" ref="119887610" role=""/>
  <member type="way" ref="119879071" role=""/>
  <member type="way" ref="1036697511" role=""/>
  <member type="way" ref="1036697510" role=""/>
  <member type="way" ref="1036697514" role=""/>
  <member type="way" ref="1036697512" role=""/>
  <member type="way" ref="1036697534" role=""/>
  <member type="way" ref="1036697525" role=""/>
  <member type="way" ref="119878656" role=""/>
  <member type="way" ref="119878549" role=""/>
  <member type="way" ref="119878523" role=""/>
  <member type="way" ref="1036697526" role=""/>
  <member type="way" ref="1036697532" role=""/>
  <tag k="duration" v="01:04:00"/>
  <tag k="from" v="秋吉"/>
  <tag k="from:ja-Latn" v="Akiyoshi"/>
  <tag k="gtfs:route_id" v="2196404353"/>
  <tag k="gtfs:shape_id" v="40000800"/>
  <tag k="name" v="秋吉線 (秋吉 =&gt; 美東病院 =&gt; 山口駅)"/>
  <tag k="name:ja-Latn" v="Akiyoshi-sen (Akiyoshi =&gt; Mito-byoin =&gt; Yamaguchieki)"/>
  <tag k="network" v="秋吉線"/>
  <tag k="opening_hours" v="Mo-Fr 10:40-17:19"/>
  <tag k="operator" v="中国ジェイアールバス"/>
  <tag k="operator:en" v="Chugoku JR Bus"/>
  <tag k="public_transport:version" v="2"/>
  <tag k="route" v="bus"/>
  <tag k="to" v="山口駅"/>
  <tag k="to:ja-Latn" v="Yamaguchieki"/>
  <tag k="type" v="route"/>
  <tag k="via" v="美東病院"/>
  <tag k="via:ja-Latn" v="Mito-byoin"/>
 </relation>
 <relation id="13884350" visible="true" version="9" changeset="170042622" timestamp="2025-08-06T07:56:43Z" user="taketaketake" uid="4757277">
  <member type="node" ref="12905858478" role="stop"/>
  <member type="node" ref="9412086382" role="platform"/>
  <member type="node" ref="928307865" role="stop"/>
  <member type="node" ref="9412086381" role="platform"/>
  <member type="node" ref="3510016040" role="stop"/>
  <member type="node" ref="9412086249" role="platform"/>
  <member type="node" ref="12905858483" role="stop"/>
  <member type="node" ref="9412086379" role="platform"/>
  <member type="node" ref="1349982756" role="stop"/>
  <member type="node" ref="9412086377" role="platform"/>
  <member type="node" ref="1349977487" role="stop"/>
  <member type="node" ref="9412086375" role="platform"/>
  <member type="node" ref="1349997902" role="stop"/>
  <member type="node" ref="9412086373" role="platform"/>
  <member type="node" ref="1349996530" role="stop"/>
  <member type="node" ref="9412086371" role="platform"/>
  <member type="node" ref="12905858475" role="stop"/>
  <member type="node" ref="9412086369" role="platform"/>
  <member type="node" ref="5271724147" role="stop"/>
  <member type="node" ref="9412086367" role="platform"/>
  <member type="node" ref="12905858474" role="stop"/>
  <member type="node" ref="9412086366" role="platform"/>
  <member type="node" ref="12905858454" role="stop"/>
  <member type="node" ref="9412086364" role="platform"/>
  <member type="node" ref="1349988030" role="stop"/>
  <member type="node" ref="9412086362" role="platform"/>
  <member type="node" ref="12905858473" role="stop"/>
  <member type="node" ref="9412086360" role="platform"/>
  <member type="node" ref="12905858488" role="stop"/>
  <member type="node" ref="9412086358" role="platform"/>
  <member type="node" ref="12905858489" role="stop"/>
  <member type="node" ref="9412086356" role="platform"/>
  <member type="node" ref="1349996460" role="stop"/>
  <member type="node" ref="9412086354" role="platform"/>
  <member type="node" ref="12905858472" role="stop"/>
  <member type="node" ref="9412086352" role="platform"/>
  <member type="node" ref="12905858471" role="stop"/>
  <member type="node" ref="9412086350" role="platform"/>
  <member type="node" ref="1345409061" role="stop"/>
  <member type="node" ref="9412086385" role="platform"/>
  <member type="node" ref="12905858492" role="stop"/>
  <member type="node" ref="9412086387" role="platform"/>
  <member type="node" ref="12905858493" role="stop"/>
  <member type="node" ref="9412086389" role="platform"/>
  <member type="node" ref="5177662684" role="stop"/>
  <member type="node" ref="9412086391" role="platform"/>
  <member type="node" ref="12905858470" role="stop"/>
  <member type="node" ref="9412086393" role="platform"/>
  <member type="node" ref="12905858469" role="stop"/>
  <member type="node" ref="9412086395" role="platform"/>
  <member type="node" ref="12905858468" role="stop"/>
  <member type="node" ref="9412086397" role="platform"/>
  <member type="node" ref="12905858467" role="stop"/>
  <member type="node" ref="9412086502" role="platform"/>
  <member type="node" ref="12905858497" role="stop"/>
  <member type="node" ref="9412086504" role="platform"/>
  <member type="node" ref="12905858466" role="stop"/>
  <member type="node" ref="9412086506" role="platform"/>
  <member type="node" ref="12905858465" role="stop"/>
  <member type="node" ref="9412086508" role="platform"/>
  <member type="node" ref="1345519464" role="stop"/>
  <member type="node" ref="9412086510" role="platform"/>
  <member type="node" ref="12905858464" role="stop"/>
  <member type="node" ref="9412086512" role="platform"/>
  <member type="node" ref="12905858463" role="stop"/>
  <member type="node" ref="9412086528" role="platform"/>
  <member type="node" ref="12905858462" role="stop"/>
  <member type="node" ref="9412086526" role="platform"/>
  <member type="node" ref="12905858461" role="stop"/>
  <member type="node" ref="9412086523" role="platform"/>
  <member type="node" ref="12905858460" role="stop"/>
  <member type="node" ref="9412086520" role="platform"/>
  <member type="node" ref="12905858459" role="stop"/>
  <member type="node" ref="9412086519" role="platform"/>
  <member type="node" ref="9412086516" role="platform"/>
  <member type="way" ref="1394161507" role=""/>
  <member type="way" ref="120483470" role=""/>
  <member type="way" ref="561527721" role=""/>
  <member type="way" ref="561527716" role=""/>
  <member type="way" ref="344262387" role=""/>
  <member type="way" ref="1036697517" role=""/>
  <member type="way" ref="344262388" role=""/>
  <member type="way" ref="344262386" role=""/>
  <member type="way" ref="1394161503" role=""/>
  <member type="way" ref="1394161502" role=""/>
  <member type="way" ref="1036697515" role=""/>
  <member type="way" ref="1036697517" role=""/>
  <member type="way" ref="120485756" role=""/>
  <member type="way" ref="120482984" role=""/>
  <member type="way" ref="120483110" role=""/>
  <member type="way" ref="120389045" role=""/>
  <member type="way" ref="120387433" role=""/>
  <member type="way" ref="120389235" role=""/>
  <member type="way" ref="120387104" role=""/>
  <member type="way" ref="1394161505" role=""/>
  <member type="way" ref="1036697518" role=""/>
  <member type="way" ref="1036697520" role=""/>
  <member type="way" ref="545450104" role=""/>
  <member type="way" ref="1394161505" role=""/>
  <member type="way" ref="120387943" role=""/>
  <member type="way" ref="120387198" role=""/>
  <member type="way" ref="120387054" role=""/>
  <member type="way" ref="120387221" role=""/>
  <member type="way" ref="120389227" role=""/>
  <member type="way" ref="223295974" role=""/>
  <member type="way" ref="120387725" role=""/>
  <member type="way" ref="120389202" role=""/>
  <member type="way" ref="120388598" role=""/>
  <member type="way" ref="425432196" role=""/>
  <member type="way" ref="425432195" role=""/>
  <member type="way" ref="120388144" role=""/>
  <member type="way" ref="709552913" role=""/>
  <member type="way" ref="120387996" role=""/>
  <member type="way" ref="120387921" role=""/>
  <member type="way" ref="120387163" role=""/>
  <member type="way" ref="120387602" role=""/>
  <member type="way" ref="120388521" role=""/>
  <member type="way" ref="120388792" role=""/>
  <member type="way" ref="120388743" role=""/>
  <member type="way" ref="119875716" role=""/>
  <member type="way" ref="119876142" role=""/>
  <member type="way" ref="119875438" role=""/>
  <member type="way" ref="119875281" role=""/>
  <member type="way" ref="119875257" role=""/>
  <member type="way" ref="119885750" role=""/>
  <member type="way" ref="119885764" role=""/>
  <member type="way" ref="119887444" role=""/>
  <member type="way" ref="119885762" role=""/>
  <member type="way" ref="119885704" role=""/>
  <member type="way" ref="119888300" role=""/>
  <member type="way" ref="119887887" role=""/>
  <member type="way" ref="119885590" role=""/>
  <member type="way" ref="119885734" role=""/>
  <member type="way" ref="119887879" role=""/>
  <member type="way" ref="119886759" role=""/>
  <member type="way" ref="1161949597" role=""/>
  <member type="way" ref="119885215" role=""/>
  <member type="way" ref="119879037" role=""/>
  <member type="way" ref="119879116" role=""/>
  <member type="way" ref="119888155" role=""/>
  <member type="way" ref="119887610" role=""/>
  <member type="way" ref="119879071" role=""/>
  <member type="way" ref="1036697511" role=""/>
  <member type="way" ref="1036697510" role=""/>
  <member type="way" ref="1036697514" role=""/>
  <member type="way" ref="1036697512" role=""/>
  <member type="way" ref="1036697534" role=""/>
  <member type="way" ref="1036697525" role=""/>
  <member type="way" ref="119878656" role=""/>
  <member type="way" ref="119878549" role=""/>
  <member type="way" ref="119878523" role=""/>
  <member type="way" ref="1036697526" role=""/>
  <member type="way" ref="1036697532" role=""/>
  <tag k="duration" v="01:02:00"/>
  <tag k="from" v="秋吉"/>
  <tag k="from:ja-Latn" v="Akiyoshi"/>
  <tag k="gtfs:route_id" v="2196404353"/>
  <tag k="gtfs:shape_id" v="40000790"/>
  <tag k="name" v="秋吉線 (秋吉 =&gt; 山口駅)"/>
  <tag k="name:ja-Latn" v="Akiyoshi-sen (Akiyoshi =&gt; Yamaguchieki)"/>
  <tag k="network" v="秋吉線"/>
  <tag k="opening_hours" v="Mo-Fr 06:35-19:02; Sa-Su 06:55-19:02"/>
  <tag k="operator" v="中国ジェイアールバス"/>
  <tag k="operator:en" v="Chugoku JR Bus"/>
  <tag k="public_transport:version" v="2"/>
  <tag k="route" v="bus"/>
  <tag k="to" v="山口駅"/>
  <tag k="to:ja-Latn" v="Yamaguchieki"/>
  <tag k="type" v="route"/>
 </relation>
 <relation id="13884351" visible="true" version="10" changeset="170042622" timestamp="2025-08-06T07:56:43Z" user="taketaketake" uid="4757277">
  <member type="node" ref="9550863707" role="stop"/>
  <member type="node" ref="9412086517" role="platform"/>
  <member type="node" ref="12905870004" role="stop"/>
  <member type="node" ref="9412086518" role="platform"/>
  <member type="node" ref="12905870003" role="stop"/>
  <member type="node" ref="9412086521" role="platform"/>
  <member type="node" ref="5050396471" role="stop"/>
  <member type="node" ref="9412086522" role="platform"/>
  <member type="node" ref="12905870002" role="stop"/>
  <member type="node" ref="9412086525" role="platform"/>
  <member type="node" ref="12905870001" role="stop"/>
  <member type="node" ref="9412086527" role="platform"/>
  <member type="node" ref="12905858500" role="stop"/>
  <member type="node" ref="9412086511" role="platform"/>
  <member type="node" ref="5091003773" role="stop"/>
  <member type="node" ref="9412086509" role="platform"/>
  <member type="node" ref="12905858499" role="stop"/>
  <member type="node" ref="9412086507" role="platform"/>
  <member type="node" ref="12905858498" role="stop"/>
  <member type="node" ref="9412086505" role="platform"/>
  <member type="node" ref="12905858497" role="stop"/>
  <member type="node" ref="9412086503" role="platform"/>
  <member type="node" ref="12905870005" role="stop"/>
  <member type="node" ref="9412086501" role="platform"/>
  <member type="node" ref="12905858496" role="stop"/>
  <member type="node" ref="9412086396" role="platform"/>
  <member type="node" ref="12905858495" role="stop"/>
  <member type="node" ref="9412086394" role="platform"/>
  <member type="node" ref="12905858494" role="stop"/>
  <member type="node" ref="9412086392" role="platform"/>
  <member type="node" ref="5177662684" role="stop"/>
  <member type="node" ref="9412086390" role="platform"/>
  <member type="node" ref="12905858493" role="stop"/>
  <member type="node" ref="9412086388" role="platform"/>
  <member type="node" ref="12905858492" role="stop"/>
  <member type="node" ref="9412086386" role="platform"/>
  <member type="node" ref="1345409061" role="stop"/>
  <member type="node" ref="9412086384" role="platform"/>
  <member type="node" ref="1345405197" role="stop"/>
  <member type="node" ref="9412086349" role="platform"/>
  <member type="node" ref="12905858491" role="stop"/>
  <member type="node" ref="9412086351" role="platform"/>
  <member type="node" ref="12905858490" role="stop"/>
  <member type="node" ref="9412086353" role="platform"/>
  <member type="node" ref="12905858489" role="stop"/>
  <member type="node" ref="9412086355" role="platform"/>
  <member type="node" ref="12905858487" role="stop"/>
  <member type="node" ref="9412086357" role="platform"/>
  <member type="node" ref="12905858486" role="stop"/>
  <member type="node" ref="9412086359" role="platform"/>
  <member type="node" ref="1349991438" role="stop"/>
  <member type="node" ref="9412086361" role="platform"/>
  <member type="node" ref="1349978390" role="stop"/>
  <member type="node" ref="9412086363" role="platform"/>
  <member type="node" ref="1694280261" role="stop"/>
  <member type="node" ref="9412086365" role="platform"/>
  <member type="node" ref="5271724147" role="stop"/>
  <member type="node" ref="9412086367" role="platform"/>
  <member type="node" ref="1349987969" role="stop"/>
  <member type="node" ref="9412086368" role="platform"/>
  <member type="node" ref="8754100322" role="stop"/>
  <member type="node" ref="9412086335" role="platform"/>
  <member type="node" ref="1349993957" role="stop"/>
  <member type="node" ref="9412086370" role="platform"/>
  <member type="node" ref="12905858485" role="stop"/>
  <member type="node" ref="9412086372" role="platform"/>
  <member type="node" ref="1349992109" role="stop"/>
  <member type="node" ref="9412086374" role="platform"/>
  <member type="node" ref="12905858484" role="stop"/>
  <member type="node" ref="9412086376" role="platform"/>
  <member type="node" ref="12905858483" role="stop"/>
  <member type="node" ref="9412086378" role="platform"/>
  <member type="node" ref="3510016039" role="stop"/>
  <member type="node" ref="9412086248" role="platform"/>
  <member type="node" ref="928307865" role="stop"/>
  <member type="node" ref="9412086380" role="platform"/>
  <member type="node" ref="12905858478" role="stop"/>
  <member type="node" ref="9412086382" role="platform"/>
  <member type="way" ref="1036697531" role=""/>
  <member type="way" ref="1163757161" role=""/>
  <member type="way" ref="1036697528" role=""/>
  <member type="way" ref="1036697526" role=""/>
  <member type="way" ref="119878523" role=""/>
  <member type="way" ref="517552886" role=""/>
  <member type="way" ref="119878656" role=""/>
  <member type="way" ref="1036697525" role=""/>
  <member type="way" ref="1036697534" role=""/>
  <member type="way" ref="1036697533" role=""/>
  <member type="way" ref="1036697512" role=""/>
  <member type="way" ref="1036697534" role=""/>
  <member type="way" ref="1036697525" role=""/>
  <member type="way" ref="119878656" role=""/>
  <member type="way" ref="1036697524" role=""/>
  <member type="way" ref="119879071" role=""/>
  <member type="way" ref="119887610" role=""/>
  <member type="way" ref="119888155" role=""/>
  <member type="way" ref="119879116" role=""/>
  <member type="way" ref="119879037" role=""/>
  <member type="way" ref="119885215" role=""/>
  <member type="way" ref="1161949597" role=""/>
  <member type="way" ref="119886759" role=""/>
  <member type="way" ref="119887879" role=""/>
  <member type="way" ref="119885734" role=""/>
  <member type="way" ref="119885590" role=""/>
  <member type="way" ref="119887887" role=""/>
  <member type="way" ref="119888300" role=""/>
  <member type="way" ref="119885704" role=""/>
  <member type="way" ref="119885762" role=""/>
  <member type="way" ref="119887444" role=""/>
  <member type="way" ref="119885764" role=""/>
  <member type="way" ref="119885750" role=""/>
  <member type="way" ref="119875257" role=""/>
  <member type="way" ref="119875281" role=""/>
  <member type="way" ref="119875438" role=""/>
  <member type="way" ref="119876142" role=""/>
  <member type="way" ref="119875716" role=""/>
  <member type="way" ref="120388743" role=""/>
  <member type="way" ref="120388792" role=""/>
  <member type="way" ref="120388521" role=""/>
  <member type="way" ref="120387602" role=""/>
  <member type="way" ref="120387163" role=""/>
  <member type="way" ref="120387921" role=""/>
  <member type="way" ref="120387996" role=""/>
  <member type="way" ref="709552913" role=""/>
  <member type="way" ref="120388144" role=""/>
  <member type="way" ref="425432195" role=""/>
  <member type="way" ref="425432196" role=""/>
  <member type="way" ref="120388598" role=""/>
  <member type="way" ref="120389202" role=""/>
  <member type="way" ref="120387725" role=""/>
  <member type="way" ref="223295974" role=""/>
  <member type="way" ref="120389227" role=""/>
  <member type="way" ref="120387221" role=""/>
  <member type="way" ref="120387054" role=""/>
  <member type="way" ref="120387198" role=""/>
  <member type="way" ref="120387943" role=""/>
  <member type="way" ref="1394161505" role=""/>
  <member type="way" ref="1036697518" role=""/>
  <member type="way" ref="1036697520" role=""/>
  <member type="way" ref="545450104" role=""/>
  <member type="way" ref="1394161505" role=""/>
  <member type="way" ref="120387104" role=""/>
  <member type="way" ref="120389235" role=""/>
  <member type="way" ref="1036697522" role=""/>
  <member type="way" ref="945602190" role=""/>
  <member type="way" ref="945602188" role=""/>
  <member type="way" ref="1036697522" role=""/>
  <member type="way" ref="120387433" role=""/>
  <member type="way" ref="120389045" role=""/>
  <member type="way" ref="120483110" role=""/>
  <member type="way" ref="120482984" role=""/>
  <member type="way" ref="120485756" role=""/>
  <member type="way" ref="1036697517" role=""/>
  <member type="way" ref="344262388" role=""/>
  <member type="way" ref="344262386" role=""/>
  <member type="way" ref="1394161503" role=""/>
  <member type="way" ref="1394161502" role=""/>
  <member type="way" ref="1036697515" role=""/>
  <member type="way" ref="1036697517" role=""/>
  <member type="way" ref="344262387" role=""/>
  <member type="way" ref="561527716" role=""/>
  <member type="way" ref="561527721" role=""/>
  <member type="way" ref="120483470" role=""/>
  <member type="way" ref="1394161508" role=""/>
  <member type="way" ref="1394161506" role=""/>
  <member type="way" ref="1394161509" role=""/>
  <tag k="duration" v="01:06:00"/>
  <tag k="from" v="山口駅"/>
  <tag k="from:ja-Latn" v="Yamaguchieki"/>
  <tag k="gtfs:route_id" v="2196404353"/>
  <tag k="gtfs:shape_id" v="40000809"/>
  <tag k="name" v="秋吉線 (山口駅 =&gt; 美東病院 =&gt; 秋吉)"/>
  <tag k="name:ja-Latn" v="Akiyoshi-sen (Yamaguchieki =&gt; Mito-byoin =&gt; Akiyoshi)"/>
  <tag k="network" v="秋吉線"/>
  <tag k="opening_hours" v="Mo-Fr 08:30-14:06"/>
  <tag k="operator" v="中国ジェイアールバス"/>
  <tag k="operator:en" v="Chugoku JR Bus"/>
  <tag k="public_transport:version" v="2"/>
  <tag k="route" v="bus"/>
  <tag k="to" v="秋吉"/>
  <tag k="to:ja-Latn" v="Akiyoshi"/>
  <tag k="type" v="route"/>
  <tag k="via" v="美東病院"/>
  <tag k="via:ja-Latn" v="Mito-byoin"/>
 </relation>
 <relation id="13884352" visible="true" version="2" changeset="167486642" timestamp="2025-06-11T11:22:27Z" user="AlexM51" uid="174705">
  <member type="relation" ref="13884347" role=""/>
  <member type="relation" ref="13884351" role=""/>
  <member type="relation" ref="13884350" role=""/>
  <member type="relation" ref="13884349" role=""/>
  <tag k="name" v="秋吉線 (山口駅 &lt;=&gt; 秋吉)"/>
  <tag k="name:ja-Latn" v="Akiyoshi-sen (Yamaguchieki &lt;=&gt; Akiyoshi)"/>
  <tag k="network" v="秋吉線"/>
  <tag k="operator" v="中国ジェイアールバス"/>
  <tag k="operator:en" v="Chugoku JR Bus"/>
  <tag k="route_master" v="bus"/>
  <tag k="type" v="route_master"/>
 </relation>
 <relation id="15742023" visible="true" version="16" changeset="172594622" timestamp="2025-09-29T06:10:24Z" user="taketaketake" uid="4757277">
  <member type="node" ref="9412086570" role="platform"/>
  <member type="node" ref="9412086568" role="platform"/>
  <member type="node" ref="9412086566" role="platform"/>
  <member type="node" ref="9412086564" role="platform"/>
  <member type="node" ref="9412086562" role="platform"/>
  <member type="node" ref="9412086560" role="platform"/>
  <member type="node" ref="9412086558" role="platform"/>
  <member type="node" ref="9412086556" role="platform"/>
  <member type="node" ref="9412086554" role="platform"/>
  <member type="node" ref="9412086552" role="platform"/>
  <member type="node" ref="9412086550" role="platform"/>
  <member type="node" ref="9412086548" role="platform"/>
  <member type="node" ref="9412086546" role="platform"/>
  <member type="node" ref="9412086544" role="platform"/>
  <member type="node" ref="9412086542" role="platform"/>
  <member type="node" ref="9412086540" role="platform"/>
  <member type="node" ref="9412086538" role="platform"/>
  <member type="node" ref="9412086536" role="platform"/>
  <member type="node" ref="9412086534" role="platform"/>
  <member type="node" ref="9412086346" role="platform"/>
  <member type="node" ref="9412086515" role="platform"/>
  <member type="node" ref="9412086532" role="platform"/>
  <member type="node" ref="9412086530" role="platform"/>
  <member type="node" ref="9412086513" role="platform"/>
  <member type="node" ref="9412086517" role="platform"/>
  <member type="node" ref="9412086518" role="platform"/>
  <member type="node" ref="9412086521" role="platform"/>
  <member type="node" ref="9412086522" role="platform"/>
  <member type="node" ref="9412086525" role="platform"/>
  <member type="node" ref="9412086527" role="platform"/>
  <member type="node" ref="9412086511" role="platform"/>
  <member type="node" ref="9412086509" role="platform"/>
  <member type="node" ref="9412086507" role="platform"/>
  <member type="node" ref="9412086505" role="platform"/>
  <member type="node" ref="9412086503" role="platform"/>
  <member type="node" ref="9412086396" role="platform"/>
  <member type="node" ref="9412086394" role="platform"/>
  <member type="node" ref="9412086392" role="platform"/>
  <member type="node" ref="9412086390" role="platform"/>
  <member type="node" ref="9412086388" role="platform"/>
  <member type="node" ref="9412086386" role="platform"/>
  <member type="node" ref="9412086384" role="platform"/>
  <member type="way" ref="357194915" role=""/>
  <member type="way" ref="357194913" role=""/>
  <member type="way" ref="957733672" role=""/>
  <member type="way" ref="77178773" role=""/>
  <member type="way" ref="361731290" role=""/>
  <member type="way" ref="1420856717" role=""/>
  <member type="way" ref="1122925019" role=""/>
  <member type="way" ref="361731281" role=""/>
  <member type="way" ref="361731282" role=""/>
  <member type="way" ref="361731280" role=""/>
  <member type="way" ref="119986970" role=""/>
  <member type="way" ref="710577835" role=""/>
  <member type="way" ref="1163757171" role=""/>
  <member type="way" ref="710577834" role=""/>
  <member type="way" ref="710577831" role=""/>
  <member type="way" ref="710577830" role=""/>
  <member type="way" ref="119885470" role=""/>
  <member type="way" ref="119886915" role=""/>
  <member type="way" ref="535381131" role=""/>
  <member type="way" ref="535381134" role=""/>
  <member type="way" ref="289348800" role=""/>
  <member type="way" ref="289348803" role=""/>
  <member type="way" ref="289348808" role=""/>
  <member type="way" ref="289348798" role=""/>
  <member type="way" ref="289348809" role=""/>
  <member type="way" ref="1315033214" role=""/>
  <member type="way" ref="289348802" role=""/>
  <member type="way" ref="1420101860" role=""/>
  <member type="way" ref="289348826" role=""/>
  <member type="way" ref="119887013" role=""/>
  <member type="way" ref="552482886" role=""/>
  <member type="way" ref="546317412" role=""/>
  <member type="way" ref="119885290" role=""/>
  <member type="way" ref="119887419" role=""/>
  <member type="way" ref="1163757165" role=""/>
  <member type="way" ref="1163757164" role=""/>
  <member type="way" ref="119887419" role=""/>
  <member type="way" ref="119887566" role=""/>
  <member type="way" ref="119886474" role=""/>
  <member type="way" ref="119888061" role=""/>
  <member type="way" ref="119886880" role=""/>
  <member type="way" ref="119885817" role=""/>
  <member type="way" ref="957726378" role=""/>
  <member type="way" ref="119879058" role=""/>
  <member type="way" ref="1036697530" role=""/>
  <member type="way" ref="1036697526" role=""/>
  <member type="way" ref="1036697532" role=""/>
  <member type="way" ref="1394161504" role=""/>
  <member type="way" ref="1036697531" role=""/>
  <member type="way" ref="1163757161" role=""/>
  <member type="way" ref="1036697528" role=""/>
  <member type="way" ref="1036697526" role=""/>
  <member type="way" ref="119878523" role=""/>
  <member type="way" ref="517552886" role=""/>
  <member type="way" ref="119878656" role=""/>
  <member type="way" ref="1036697525" role=""/>
  <member type="way" ref="1036697534" role=""/>
  <member type="way" ref="1036697533" role=""/>
  <member type="way" ref="1036697512" role=""/>
  <member type="way" ref="1036697534" role=""/>
  <member type="way" ref="1036697525" role=""/>
  <member type="way" ref="119878656" role=""/>
  <member type="way" ref="1036697524" role=""/>
  <member type="way" ref="119879071" role=""/>
  <member type="way" ref="119887610" role=""/>
  <member type="way" ref="119888155" role=""/>
  <member type="way" ref="119879116" role=""/>
  <member type="way" ref="119879037" role=""/>
  <member type="way" ref="119885215" role=""/>
  <member type="way" ref="1161949597" role=""/>
  <member type="way" ref="119886759" role=""/>
  <member type="way" ref="119887879" role=""/>
  <member type="way" ref="119885734" role=""/>
  <member type="way" ref="119885590" role=""/>
  <member type="way" ref="119887887" role=""/>
  <member type="way" ref="119888300" role=""/>
  <member type="way" ref="119885704" role=""/>
  <member type="way" ref="119885762" role=""/>
  <member type="way" ref="119887444" role=""/>
  <member type="way" ref="119885764" role=""/>
  <member type="way" ref="119885750" role=""/>
  <member type="way" ref="119875257" role=""/>
  <tag k="duration" v="01:09:00"/>
  <tag k="from" v="防府駅前"/>
  <tag k="gtfs:route_id" v="2229846746"/>
  <tag k="gtfs:shape_id" v="40000770"/>
  <tag k="name" v="Bus: 防府駅前→ゆめタウン山口→山口県庁前→中尾口"/>
  <tag k="network" v="防長線"/>
  <tag k="opening_hours" v="Mo-Fr 08:25-15:21; Sa-Su 08:25-15:23"/>
  <tag k="operator" v="中国ジェイアールバス"/>
  <tag k="operator:en" v="Chugoku JR Bus"/>
  <tag k="public_transport:version" v="2"/>
  <tag k="route" v="bus"/>
  <tag k="to" v="中尾口"/>
  <tag k="type" v="route"/>
  <tag k="via" v="ゆめタウン山口;山口県庁前"/>
 </relation>
 <relation id="15742024" visible="true" version="16" changeset="178047391" timestamp="2026-02-03T12:01:21Z" user="setowalker" uid="21720421">
  <member type="node" ref="9412086385" role="platform"/>
  <member type="node" ref="9412086387" role="platform"/>
  <member type="node" ref="9412086389" role="platform"/>
  <member type="node" ref="9412086391" role="platform"/>
  <member type="node" ref="9412086393" role="platform"/>
  <member type="node" ref="9412086395" role="platform"/>
  <member type="node" ref="9412086397" role="platform"/>
  <member type="node" ref="9412086502" role="platform"/>
  <member type="node" ref="9412086504" role="platform"/>
  <member type="node" ref="9412086506" role="platform"/>
  <member type="node" ref="9412086508" role="platform"/>
  <member type="node" ref="9412086510" role="platform"/>
  <member type="node" ref="9412086512" role="platform"/>
  <member type="node" ref="9412086528" role="platform"/>
  <member type="node" ref="9412086526" role="platform"/>
  <member type="node" ref="9412086523" role="platform"/>
  <member type="node" ref="9412086520" role="platform"/>
  <member type="node" ref="9412086519" role="platform"/>
  <member type="node" ref="9412086516" role="platform"/>
  <member type="node" ref="9412086514" role="platform"/>
  <member type="node" ref="9412086531" role="platform"/>
  <member type="node" ref="9412086533" role="platform"/>
  <member type="node" ref="9412086515" role="platform"/>
  <member type="node" ref="9412086535" role="platform"/>
  <member type="node" ref="9412086537" role="platform"/>
  <member type="node" ref="9412086539" role="platform"/>
  <member type="node" ref="9412086541" role="platform"/>
  <member type="node" ref="9412086543" role="platform"/>
  <member type="node" ref="9412086545" role="platform"/>
  <member type="node" ref="9412086547" role="platform"/>
  <member type="node" ref="9412086549" role="platform"/>
  <member type="node" ref="9412086551" role="platform"/>
  <member type="node" ref="9412086553" role="platform"/>
  <member type="node" ref="9412086555" role="platform"/>
  <member type="node" ref="9412086557" role="platform"/>
  <member type="node" ref="9412086559" role="platform"/>
  <member type="node" ref="9412086561" role="platform"/>
  <member type="node" ref="9412086563" role="platform"/>
  <member type="node" ref="9412086565" role="platform"/>
  <member type="node" ref="9412086567" role="platform"/>
  <member type="node" ref="9412086569" role="platform"/>
  <member type="node" ref="9412086571" role="platform"/>
  <member type="way" ref="119875257" role=""/>
  <member type="way" ref="119885750" role=""/>
  <member type="way" ref="119885764" role=""/>
  <member type="way" ref="119887444" role=""/>
  <member type="way" ref="119885762" role=""/>
  <member type="way" ref="119885704" role=""/>
  <member type="way" ref="119888300" role=""/>
  <member type="way" ref="119887887" role=""/>
  <member type="way" ref="119885590" role=""/>
  <member type="way" ref="119885734" role=""/>
  <member type="way" ref="119887879" role=""/>
  <member type="way" ref="119886759" role=""/>
  <member type="way" ref="1161949597" role=""/>
  <member type="way" ref="119885215" role=""/>
  <member type="way" ref="119879037" role=""/>
  <member type="way" ref="119879116" role=""/>
  <member type="way" ref="119888155" role=""/>
  <member type="way" ref="119887610" role=""/>
  <member type="way" ref="119879071" role=""/>
  <member type="way" ref="1036697511" role=""/>
  <member type="way" ref="1036697510" role=""/>
  <member type="way" ref="1036697514" role=""/>
  <member type="way" ref="1036697512" role=""/>
  <member type="way" ref="1036697534" role=""/>
  <member type="way" ref="1036697525" role=""/>
  <member type="way" ref="119878656" role=""/>
  <member type="way" ref="119878549" role=""/>
  <member type="way" ref="119878523" role=""/>
  <member type="way" ref="1036697526" role=""/>
  <member type="way" ref="1036697532" role=""/>
  <member type="way" ref="1394161504" role=""/>
  <member type="way" ref="1036697531" role=""/>
  <member type="way" ref="1036697527" role=""/>
  <member type="way" ref="119879058" role=""/>
  <member type="way" ref="957726378" role=""/>
  <member type="way" ref="119885817" role=""/>
  <member type="way" ref="119886880" role=""/>
  <member type="way" ref="119888061" role=""/>
  <member type="way" ref="119886474" role=""/>
  <member type="way" ref="119887566" role=""/>
  <member type="way" ref="119887419" role=""/>
  <member type="way" ref="1163757165" role=""/>
  <member type="way" ref="1163757164" role=""/>
  <member type="way" ref="119887419" role=""/>
  <member type="way" ref="119885290" role=""/>
  <member type="way" ref="546317412" role=""/>
  <member type="way" ref="407829907" role=""/>
  <member type="way" ref="1473855298" role=""/>
  <member type="way" ref="1473855299" role=""/>
  <member type="way" ref="139849495" role=""/>
  <member type="way" ref="1420101861" role=""/>
  <member type="way" ref="1315033215" role=""/>
  <member type="way" ref="289348758" role=""/>
  <member type="way" ref="289348773" role=""/>
  <member type="way" ref="289348780" role=""/>
  <member type="way" ref="289348769" role=""/>
  <member type="way" ref="289348772" role=""/>
  <member type="way" ref="535381133" role=""/>
  <member type="way" ref="535381132" role=""/>
  <member type="way" ref="289348757" role=""/>
  <member type="way" ref="42403292" role=""/>
  <member type="way" ref="289348828" role=""/>
  <member type="way" ref="710577832" role=""/>
  <member type="way" ref="710577833" role=""/>
  <member type="way" ref="1163757160" role=""/>
  <member type="way" ref="710577836" role=""/>
  <member type="way" ref="552730769" role=""/>
  <member type="way" ref="552730766" role=""/>
  <member type="way" ref="1315019735" role=""/>
  <member type="way" ref="361731287" role=""/>
  <member type="way" ref="1420856718" role=""/>
  <member type="way" ref="361731290" role=""/>
  <member type="way" ref="77178773" role=""/>
  <member type="way" ref="957733672" role=""/>
  <member type="way" ref="646777796" role=""/>
  <tag k="duration" v="01:15:00"/>
  <tag k="from" v="中尾口"/>
  <tag k="gtfs:route_id" v="2229846746"/>
  <tag k="gtfs:shape_id" v="40000779"/>
  <tag k="name" v="Bus: 中尾口→山口県庁前→ゆめタウン山口→防府駅"/>
  <tag k="network" v="防長線"/>
  <tag k="opening_hours" v="Mo-Fr 08:35-16:45; Sa-Su 09:30-16:45"/>
  <tag k="operator" v="中国ジェイアールバス"/>
  <tag k="operator:en" v="Chugoku JR Bus"/>
  <tag k="public_transport:version" v="2"/>
  <tag k="route" v="bus"/>
  <tag k="to" v="防府駅"/>
  <tag k="type" v="route"/>
  <tag k="via" v="山口県庁前;ゆめタウン山口"/>
 </relation>
 <relation id="15742025" visible="true" version="16" changeset="172594622" timestamp="2025-09-29T06:10:24Z" user="taketaketake" uid="4757277">
  <member type="node" ref="9412086570" role="platform"/>
  <member type="node" ref="9412086568" role="platform"/>
  <member type="node" ref="9412086566" role="platform"/>
  <member type="node" ref="9412086564" role="platform"/>
  <member type="node" ref="9412086562" role="platform"/>
  <member type="node" ref="9412086560" role="platform"/>
  <member type="node" ref="9412086558" role="platform"/>
  <member type="node" ref="9412086556" role="platform"/>
  <member type="node" ref="9412086554" role="platform"/>
  <member type="node" ref="9412086552" role="platform"/>
  <member type="node" ref="9412086550" role="platform"/>
  <member type="node" ref="9412086548" role="platform"/>
  <member type="node" ref="9412086546" role="platform"/>
  <member type="node" ref="9412086544" role="platform"/>
  <member type="node" ref="9412086542" role="platform"/>
  <member type="node" ref="9412086540" role="platform"/>
  <member type="node" ref="9412086538" role="platform"/>
  <member type="node" ref="9412086536" role="platform"/>
  <member type="node" ref="9412086534" role="platform"/>
  <member type="node" ref="9412086346" role="platform"/>
  <member type="node" ref="9412086532" role="platform"/>
  <member type="node" ref="9412086530" role="platform"/>
  <member type="node" ref="9412086513" role="platform"/>
  <member type="node" ref="9412086517" role="platform"/>
  <member type="node" ref="9412086518" role="platform"/>
  <member type="node" ref="9412086521" role="platform"/>
  <member type="node" ref="9412086522" role="platform"/>
  <member type="node" ref="9412086525" role="platform"/>
  <member type="node" ref="9412086527" role="platform"/>
  <member type="node" ref="9412086511" role="platform"/>
  <member type="node" ref="9412086509" role="platform"/>
  <member type="node" ref="9412086507" role="platform"/>
  <member type="node" ref="9412086505" role="platform"/>
  <member type="node" ref="9412086503" role="platform"/>
  <member type="node" ref="9412086396" role="platform"/>
  <member type="node" ref="9412086394" role="platform"/>
  <member type="node" ref="9412086392" role="platform"/>
  <member type="node" ref="9412086390" role="platform"/>
  <member type="node" ref="9412086388" role="platform"/>
  <member type="node" ref="9412086386" role="platform"/>
  <member type="node" ref="9412086384" role="platform"/>
  <member type="way" ref="357194915" role=""/>
  <member type="way" ref="357194913" role=""/>
  <member type="way" ref="957733672" role=""/>
  <member type="way" ref="77178773" role=""/>
  <member type="way" ref="361731290" role=""/>
  <member type="way" ref="1420856717" role=""/>
  <member type="way" ref="1122925019" role=""/>
  <member type="way" ref="361731281" role=""/>
  <member type="way" ref="361731282" role=""/>
  <member type="way" ref="361731280" role=""/>
  <member type="way" ref="119986970" role=""/>
  <member type="way" ref="710577835" role=""/>
  <member type="way" ref="1163757171" role=""/>
  <member type="way" ref="710577834" role=""/>
  <member type="way" ref="710577831" role=""/>
  <member type="way" ref="710577830" role=""/>
  <member type="way" ref="119885470" role=""/>
  <member type="way" ref="119886915" role=""/>
  <member type="way" ref="535381131" role=""/>
  <member type="way" ref="535381134" role=""/>
  <member type="way" ref="289348800" role=""/>
  <member type="way" ref="289348803" role=""/>
  <member type="way" ref="289348808" role=""/>
  <member type="way" ref="289348798" role=""/>
  <member type="way" ref="289348809" role=""/>
  <member type="way" ref="1315033214" role=""/>
  <member type="way" ref="289348802" role=""/>
  <member type="way" ref="1420101860" role=""/>
  <member type="way" ref="289348826" role=""/>
  <member type="way" ref="119887013" role=""/>
  <member type="way" ref="552482886" role=""/>
  <member type="way" ref="546317412" role=""/>
  <member type="way" ref="119885290" role=""/>
  <member type="way" ref="119887566" role=""/>
  <member type="way" ref="119886474" role=""/>
  <member type="way" ref="119888061" role=""/>
  <member type="way" ref="119886880" role=""/>
  <member type="way" ref="119885817" role=""/>
  <member type="way" ref="957726378" role=""/>
  <member type="way" ref="119879058" role=""/>
  <member type="way" ref="1036697530" role=""/>
  <member type="way" ref="1036697526" role=""/>
  <member type="way" ref="1036697532" role=""/>
  <member type="way" ref="1394161504" role=""/>
  <member type="way" ref="1036697531" role=""/>
  <member type="way" ref="1163757161" role=""/>
  <member type="way" ref="1036697528" role=""/>
  <member type="way" ref="1036697526" role=""/>
  <member type="way" ref="119878523" role=""/>
  <member type="way" ref="517552886" role=""/>
  <member type="way" ref="119878656" role=""/>
  <member type="way" ref="1036697525" role=""/>
  <member type="way" ref="1036697534" role=""/>
  <member type="way" ref="1036697533" role=""/>
  <member type="way" ref="1036697512" role=""/>
  <member type="way" ref="1036697534" role=""/>
  <member type="way" ref="1036697525" role=""/>
  <member type="way" ref="119878656" role=""/>
  <member type="way" ref="1036697524" role=""/>
  <member type="way" ref="119879071" role=""/>
  <member type="way" ref="119887610" role=""/>
  <member type="way" ref="119888155" role=""/>
  <member type="way" ref="119879116" role=""/>
  <member type="way" ref="119879037" role=""/>
  <member type="way" ref="119885215" role=""/>
  <member type="way" ref="1161949597" role=""/>
  <member type="way" ref="119886759" role=""/>
  <member type="way" ref="119887879" role=""/>
  <member type="way" ref="119885734" role=""/>
  <member type="way" ref="119885590" role=""/>
  <member type="way" ref="119887887" role=""/>
  <member type="way" ref="119888300" role=""/>
  <member type="way" ref="119885704" role=""/>
  <member type="way" ref="119885762" role=""/>
  <member type="way" ref="119887444" role=""/>
  <member type="way" ref="119885764" role=""/>
  <member type="way" ref="119885750" role=""/>
  <member type="way" ref="119875257" role=""/>
  <tag k="duration" v="01:05:00"/>
  <tag k="from" v="防府駅前"/>
  <tag k="gtfs:route_id" v="2229846746"/>
  <tag k="gtfs:shape_id" v="40000990"/>
  <tag k="name" v="Bus: 防府駅前→山口県庁前→中尾口"/>
  <tag k="network" v="防長線"/>
  <tag k="opening_hours" v="Mo-Fr 06:50-07:55"/>
  <tag k="operator" v="中国ジェイアールバス"/>
  <tag k="operator:en" v="Chugoku JR Bus"/>
  <tag k="public_transport:version" v="2"/>
  <tag k="route" v="bus"/>
  <tag k="to" v="中尾口"/>
  <tag k="type" v="route"/>
  <tag k="via" v="山口県庁前"/>
 </relation>
 <relation id="15742026" visible="true" version="17" changeset="172594622" timestamp="2025-09-29T06:10:24Z" user="taketaketake" uid="4757277">
  <member type="node" ref="9412086570" role="platform"/>
  <member type="node" ref="9412086568" role="platform"/>
  <member type="node" ref="9412086566" role="platform"/>
  <member type="node" ref="9412086564" role="platform"/>
  <member type="node" ref="9412086562" role="platform"/>
  <member type="node" ref="9412086342" role="platform"/>
  <member type="node" ref="9412086340" role="platform"/>
  <member type="node" ref="9412086337" role="platform"/>
  <member type="node" ref="9412086339" role="platform"/>
  <member type="node" ref="9412086341" role="platform"/>
  <member type="node" ref="9412086560" role="platform"/>
  <member type="node" ref="9412086558" role="platform"/>
  <member type="node" ref="9412086556" role="platform"/>
  <member type="node" ref="9412086554" role="platform"/>
  <member type="node" ref="9412086552" role="platform"/>
  <member type="node" ref="9412086550" role="platform"/>
  <member type="node" ref="9412086548" role="platform"/>
  <member type="node" ref="9412086546" role="platform"/>
  <member type="node" ref="9412086544" role="platform"/>
  <member type="node" ref="9412086542" role="platform"/>
  <member type="node" ref="9412086540" role="platform"/>
  <member type="node" ref="9412086538" role="platform"/>
  <member type="node" ref="9412086536" role="platform"/>
  <member type="node" ref="9412086534" role="platform"/>
  <member type="node" ref="9412086346" role="platform"/>
  <member type="node" ref="9412086515" role="platform"/>
  <member type="node" ref="9412086532" role="platform"/>
  <member type="node" ref="9412086530" role="platform"/>
  <member type="node" ref="9412086513" role="platform"/>
  <member type="node" ref="9412086517" role="platform"/>
  <member type="node" ref="9412086518" role="platform"/>
  <member type="node" ref="9412086521" role="platform"/>
  <member type="node" ref="9412086522" role="platform"/>
  <member type="node" ref="9412086525" role="platform"/>
  <member type="node" ref="9412086527" role="platform"/>
  <member type="node" ref="9412086511" role="platform"/>
  <member type="node" ref="9412086509" role="platform"/>
  <member type="node" ref="9412086507" role="platform"/>
  <member type="node" ref="9412086505" role="platform"/>
  <member type="node" ref="9412086503" role="platform"/>
  <member type="node" ref="9412086396" role="platform"/>
  <member type="node" ref="9412086394" role="platform"/>
  <member type="node" ref="9412086392" role="platform"/>
  <member type="node" ref="9412086390" role="platform"/>
  <member type="node" ref="9412086388" role="platform"/>
  <member type="node" ref="9412086386" role="platform"/>
  <member type="node" ref="9412086384" role="platform"/>
  <member type="way" ref="357194915" role=""/>
  <member type="way" ref="357194913" role=""/>
  <member type="way" ref="957733672" role=""/>
  <member type="way" ref="77178773" role=""/>
  <member type="way" ref="361731290" role=""/>
  <member type="way" ref="1420856717" role=""/>
  <member type="way" ref="1122925019" role=""/>
  <member type="way" ref="361731281" role=""/>
  <member type="way" ref="361731282" role=""/>
  <member type="way" ref="361731280" role=""/>
  <member type="way" ref="119986970" role=""/>
  <member type="way" ref="710577835" role=""/>
  <member type="way" ref="1163757171" role=""/>
  <member type="way" ref="119986480" role=""/>
  <member type="way" ref="1163757168" role=""/>
  <member type="way" ref="1163757169" role=""/>
  <member type="way" ref="1163757168" role=""/>
  <member type="way" ref="119986480" role=""/>
  <member type="way" ref="710577834" role=""/>
  <member type="way" ref="710577831" role=""/>
  <member type="way" ref="710577830" role=""/>
  <member type="way" ref="119885470" role=""/>
  <member type="way" ref="119886915" role=""/>
  <member type="way" ref="535381131" role=""/>
  <member type="way" ref="535381134" role=""/>
  <member type="way" ref="289348800" role=""/>
  <member type="way" ref="289348803" role=""/>
  <member type="way" ref="289348808" role=""/>
  <member type="way" ref="289348798" role=""/>
  <member type="way" ref="289348809" role=""/>
  <member type="way" ref="1315033214" role=""/>
  <member type="way" ref="289348802" role=""/>
  <member type="way" ref="1420101860" role=""/>
  <member type="way" ref="289348826" role=""/>
  <member type="way" ref="119887013" role=""/>
  <member type="way" ref="552482886" role=""/>
  <member type="way" ref="546317412" role=""/>
  <member type="way" ref="119885290" role=""/>
  <member type="way" ref="119887419" role=""/>
  <member type="way" ref="1163757165" role=""/>
  <member type="way" ref="1163757164" role=""/>
  <member type="way" ref="119887419" role=""/>
  <member type="way" ref="119887566" role=""/>
  <member type="way" ref="119886474" role=""/>
  <member type="way" ref="119888061" role=""/>
  <member type="way" ref="119886880" role=""/>
  <member type="way" ref="119885817" role=""/>
  <member type="way" ref="957726378" role=""/>
  <member type="way" ref="119879058" role=""/>
  <member type="way" ref="1036697530" role=""/>
  <member type="way" ref="1036697526" role=""/>
  <member type="way" ref="1036697532" role=""/>
  <member type="way" ref="1394161504" role=""/>
  <member type="way" ref="1036697531" role=""/>
  <member type="way" ref="1163757161" role=""/>
  <member type="way" ref="1036697528" role=""/>
  <member type="way" ref="1036697526" role=""/>
  <member type="way" ref="119878523" role=""/>
  <member type="way" ref="517552886" role=""/>
  <member type="way" ref="119878656" role=""/>
  <member type="way" ref="1036697525" role=""/>
  <member type="way" ref="1036697534" role=""/>
  <member type="way" ref="1036697533" role=""/>
  <member type="way" ref="1036697512" role=""/>
  <member type="way" ref="1036697534" role=""/>
  <member type="way" ref="1036697525" role=""/>
  <member type="way" ref="119878656" role=""/>
  <member type="way" ref="1036697524" role=""/>
  <member type="way" ref="119879071" role=""/>
  <member type="way" ref="119887610" role=""/>
  <member type="way" ref="119888155" role=""/>
  <member type="way" ref="119879116" role=""/>
  <member type="way" ref="119879037" role=""/>
  <member type="way" ref="119885215" role=""/>
  <member type="way" ref="1161949597" role=""/>
  <member type="way" ref="119886759" role=""/>
  <member type="way" ref="119887879" role=""/>
  <member type="way" ref="119885734" role=""/>
  <member type="way" ref="119885590" role=""/>
  <member type="way" ref="119887887" role=""/>
  <member type="way" ref="119888300" role=""/>
  <member type="way" ref="119885704" role=""/>
  <member type="way" ref="119885762" role=""/>
  <member type="way" ref="119887444" role=""/>
  <member type="way" ref="119885764" role=""/>
  <member type="way" ref="119885750" role=""/>
  <member type="way" ref="119875257" role=""/>
  <tag k="duration" v="01:21:00"/>
  <tag k="from" v="防府駅前"/>
  <tag k="gtfs:route_id" v="2229846746"/>
  <tag k="gtfs:shape_id" v="40001310"/>
  <tag k="name" v="Bus: 防府駅前→総合医療センター前→ゆめタウン山口→山口県庁前→中尾口"/>
  <tag k="network" v="防長線"/>
  <tag k="opening_hours" v="15:00-16:21"/>
  <tag k="operator" v="中国ジェイアールバス"/>
  <tag k="operator:en" v="Chugoku JR Bus"/>
  <tag k="public_transport:version" v="2"/>
  <tag k="route" v="bus"/>
  <tag k="to" v="中尾口"/>
  <tag k="type" v="route"/>
  <tag k="via" v="総合医療センター前;ゆめタウン山口;山口県庁前"/>
 </relation>
 <relation id="15742027" visible="true" version="17" changeset="178047391" timestamp="2026-02-03T12:01:21Z" user="setowalker" uid="21720421">
  <member type="node" ref="9412086385" role="platform"/>
  <member type="node" ref="9412086387" role="platform"/>
  <member type="node" ref="9412086389" role="platform"/>
  <member type="node" ref="9412086391" role="platform"/>
  <member type="node" ref="9412086393" role="platform"/>
  <member type="node" ref="9412086395" role="platform"/>
  <member type="node" ref="9412086397" role="platform"/>
  <member type="node" ref="9412086502" role="platform"/>
  <member type="node" ref="9412086504" role="platform"/>
  <member type="node" ref="9412086506" role="platform"/>
  <member type="node" ref="9412086508" role="platform"/>
  <member type="node" ref="9412086510" role="platform"/>
  <member type="node" ref="9412086512" role="platform"/>
  <member type="node" ref="9412086528" role="platform"/>
  <member type="node" ref="9412086526" role="platform"/>
  <member type="node" ref="9412086523" role="platform"/>
  <member type="node" ref="9412086520" role="platform"/>
  <member type="node" ref="9412086519" role="platform"/>
  <member type="node" ref="9412086516" role="platform"/>
  <member type="node" ref="9412086514" role="platform"/>
  <member type="node" ref="9412086531" role="platform"/>
  <member type="node" ref="9412086533" role="platform"/>
  <member type="node" ref="9412086515" role="platform"/>
  <member type="node" ref="9412086535" role="platform"/>
  <member type="node" ref="9412086537" role="platform"/>
  <member type="node" ref="9412086539" role="platform"/>
  <member type="node" ref="9412086541" role="platform"/>
  <member type="node" ref="9412086543" role="platform"/>
  <member type="node" ref="9412086545" role="platform"/>
  <member type="node" ref="9412086547" role="platform"/>
  <member type="node" ref="9412086549" role="platform"/>
  <member type="node" ref="9412086551" role="platform"/>
  <member type="node" ref="9412086553" role="platform"/>
  <member type="node" ref="9412086555" role="platform"/>
  <member type="node" ref="9412086557" role="platform"/>
  <member type="node" ref="9412086559" role="platform"/>
  <member type="node" ref="9412086561" role="platform"/>
  <member type="node" ref="9412086342" role="platform"/>
  <member type="node" ref="9412086340" role="platform"/>
  <member type="node" ref="9412086338" role="platform"/>
  <member type="node" ref="9412086339" role="platform"/>
  <member type="node" ref="9412086341" role="platform"/>
  <member type="node" ref="9412086563" role="platform"/>
  <member type="node" ref="9412086565" role="platform"/>
  <member type="node" ref="9412086567" role="platform"/>
  <member type="node" ref="9412086569" role="platform"/>
  <member type="node" ref="9412086571" role="platform"/>
  <member type="way" ref="119875257" role=""/>
  <member type="way" ref="119885750" role=""/>
  <member type="way" ref="119885764" role=""/>
  <member type="way" ref="119887444" role=""/>
  <member type="way" ref="119885762" role=""/>
  <member type="way" ref="119885704" role=""/>
  <member type="way" ref="119888300" role=""/>
  <member type="way" ref="119887887" role=""/>
  <member type="way" ref="119885590" role=""/>
  <member type="way" ref="119885734" role=""/>
  <member type="way" ref="119887879" role=""/>
  <member type="way" ref="119886759" role=""/>
  <member type="way" ref="1161949597" role=""/>
  <member type="way" ref="119885215" role=""/>
  <member type="way" ref="119879037" role=""/>
  <member type="way" ref="119879116" role=""/>
  <member type="way" ref="119888155" role=""/>
  <member type="way" ref="119887610" role=""/>
  <member type="way" ref="119879071" role=""/>
  <member type="way" ref="1036697511" role=""/>
  <member type="way" ref="1036697510" role=""/>
  <member type="way" ref="1036697514" role=""/>
  <member type="way" ref="1036697512" role=""/>
  <member type="way" ref="1036697534" role=""/>
  <member type="way" ref="1036697525" role=""/>
  <member type="way" ref="119878656" role=""/>
  <member type="way" ref="119878549" role=""/>
  <member type="way" ref="119878523" role=""/>
  <member type="way" ref="1036697526" role=""/>
  <member type="way" ref="1036697532" role=""/>
  <member type="way" ref="1394161504" role=""/>
  <member type="way" ref="1036697531" role=""/>
  <member type="way" ref="1036697527" role=""/>
  <member type="way" ref="119879058" role=""/>
  <member type="way" ref="957726378" role=""/>
  <member type="way" ref="119885817" role=""/>
  <member type="way" ref="119886880" role=""/>
  <member type="way" ref="119888061" role=""/>
  <member type="way" ref="119886474" role=""/>
  <member type="way" ref="119887566" role=""/>
  <member type="way" ref="119887419" role=""/>
  <member type="way" ref="1163757165" role=""/>
  <member type="way" ref="1163757164" role=""/>
  <member type="way" ref="119887419" role=""/>
  <member type="way" ref="119885290" role=""/>
  <member type="way" ref="546317412" role=""/>
  <member type="way" ref="407829907" role=""/>
  <member type="way" ref="1473855298" role=""/>
  <member type="way" ref="1473855299" role=""/>
  <member type="way" ref="139849495" role=""/>
  <member type="way" ref="1420101861" role=""/>
  <member type="way" ref="1315033215" role=""/>
  <member type="way" ref="289348758" role=""/>
  <member type="way" ref="289348773" role=""/>
  <member type="way" ref="289348780" role=""/>
  <member type="way" ref="289348769" role=""/>
  <member type="way" ref="289348772" role=""/>
  <member type="way" ref="535381133" role=""/>
  <member type="way" ref="535381132" role=""/>
  <member type="way" ref="289348757" role=""/>
  <member type="way" ref="42403292" role=""/>
  <member type="way" ref="289348828" role=""/>
  <member type="way" ref="710577832" role=""/>
  <member type="way" ref="710577833" role=""/>
  <member type="way" ref="119990501" role=""/>
  <member type="way" ref="119986480" role=""/>
  <member type="way" ref="1163757168" role=""/>
  <member type="way" ref="1163757169" role=""/>
  <member type="way" ref="1163757168" role=""/>
  <member type="way" ref="119986480" role=""/>
  <member type="way" ref="119990501" role=""/>
  <member type="way" ref="1163757160" role=""/>
  <member type="way" ref="710577836" role=""/>
  <member type="way" ref="552730769" role=""/>
  <member type="way" ref="552730766" role=""/>
  <member type="way" ref="1315019735" role=""/>
  <member type="way" ref="361731287" role=""/>
  <member type="way" ref="1420856718" role=""/>
  <member type="way" ref="361731290" role=""/>
  <member type="way" ref="77178773" role=""/>
  <member type="way" ref="957733672" role=""/>
  <member type="way" ref="646777796" role=""/>
  <tag k="duration" v="01:21:00"/>
  <tag k="from" v="中尾口"/>
  <tag k="gtfs:route_id" v="2229846746"/>
  <tag k="gtfs:shape_id" v="40001319"/>
  <tag k="name" v="Bus: 中尾口→山口県庁前→ゆめタウン山口→総合医療センター前→防府駅"/>
  <tag k="network" v="防長線"/>
  <tag k="opening_hours" v="11:45-13:08"/>
  <tag k="operator" v="中国ジェイアールバス"/>
  <tag k="operator:en" v="Chugoku JR Bus"/>
  <tag k="public_transport:version" v="2"/>
  <tag k="route" v="bus"/>
  <tag k="to" v="防府駅"/>
  <tag k="type" v="route"/>
  <tag k="via" v="山口県庁前;ゆめタウン山口;総合医療センター前"/>
 </relation>
 <relation id="15742028" visible="true" version="1" changeset="135081250" timestamp="2023-04-19T01:12:02Z" user="okadatsuneo_import" uid="12352917">
  <member type="relation" ref="15742026" role=""/>
  <member type="relation" ref="15742025" role=""/>
  <member type="relation" ref="15742023" role=""/>
  <member type="relation" ref="15742027" role=""/>
  <member type="relation" ref="15742024" role=""/>
  <tag k="name" v="Bus: 防府駅前&lt;-&gt;中尾口"/>
  <tag k="network" v="防長線"/>
  <tag k="operator" v="中国ジェイアールバス"/>
  <tag k="operator:en" v="Chugoku JR Bus"/>
  <tag k="route_master" v="bus"/>
  <tag k="type" v="route_master"/>
 </relation>
 <relation id="15742096" visible="true" version="17" changeset="172594622" timestamp="2025-09-29T06:10:24Z" user="taketaketake" uid="4757277">
  <member type="node" ref="9412086570" role="platform"/>
  <member type="node" ref="9412086568" role="platform"/>
  <member type="node" ref="9412086566" role="platform"/>
  <member type="node" ref="9412086564" role="platform"/>
  <member type="node" ref="9412086562" role="platform"/>
  <member type="node" ref="9412086560" role="platform"/>
  <member type="node" ref="9412086558" role="platform"/>
  <member type="node" ref="9412086556" role="platform"/>
  <member type="node" ref="9412086554" role="platform"/>
  <member type="node" ref="9412086552" role="platform"/>
  <member type="node" ref="9412086550" role="platform"/>
  <member type="node" ref="9412086548" role="platform"/>
  <member type="node" ref="9412086546" role="platform"/>
  <member type="node" ref="9412086544" role="platform"/>
  <member type="node" ref="9412086542" role="platform"/>
  <member type="node" ref="9412086540" role="platform"/>
  <member type="node" ref="9412086538" role="platform"/>
  <member type="node" ref="9412086536" role="platform"/>
  <member type="node" ref="9412086534" role="platform"/>
  <member type="node" ref="9412086346" role="platform"/>
  <member type="node" ref="9412086515" role="platform"/>
  <member type="node" ref="9412086532" role="platform"/>
  <member type="node" ref="9412086530" role="platform"/>
  <member type="node" ref="9412086513" role="platform"/>
  <member type="node" ref="9412086517" role="platform"/>
  <member type="node" ref="9412086518" role="platform"/>
  <member type="node" ref="9412086521" role="platform"/>
  <member type="node" ref="9412086511" role="platform"/>
  <member type="node" ref="9412086509" role="platform"/>
  <member type="node" ref="9412086507" role="platform"/>
  <member type="node" ref="9412086505" role="platform"/>
  <member type="node" ref="9412086503" role="platform"/>
  <member type="node" ref="9412086500" role="platform"/>
  <member type="node" ref="9412086498" role="platform"/>
  <member type="node" ref="9412086496" role="platform"/>
  <member type="node" ref="9412086494" role="platform"/>
  <member type="node" ref="9412086493" role="platform"/>
  <member type="way" ref="357194915" role=""/>
  <member type="way" ref="357194913" role=""/>
  <member type="way" ref="957733672" role=""/>
  <member type="way" ref="77178773" role=""/>
  <member type="way" ref="361731290" role=""/>
  <member type="way" ref="1420856717" role=""/>
  <member type="way" ref="1122925019" role=""/>
  <member type="way" ref="361731281" role=""/>
  <member type="way" ref="361731282" role=""/>
  <member type="way" ref="361731280" role=""/>
  <member type="way" ref="119986970" role=""/>
  <member type="way" ref="710577835" role=""/>
  <member type="way" ref="1163757171" role=""/>
  <member type="way" ref="710577834" role=""/>
  <member type="way" ref="710577831" role=""/>
  <member type="way" ref="710577830" role=""/>
  <member type="way" ref="119885470" role=""/>
  <member type="way" ref="119886915" role=""/>
  <member type="way" ref="535381131" role=""/>
  <member type="way" ref="535381134" role=""/>
  <member type="way" ref="289348800" role=""/>
  <member type="way" ref="289348803" role=""/>
  <member type="way" ref="289348808" role=""/>
  <member type="way" ref="289348798" role=""/>
  <member type="way" ref="289348809" role=""/>
  <member type="way" ref="1315033214" role=""/>
  <member type="way" ref="289348802" role=""/>
  <member type="way" ref="1420101860" role=""/>
  <member type="way" ref="289348826" role=""/>
  <member type="way" ref="119887013" role=""/>
  <member type="way" ref="552482886" role=""/>
  <member type="way" ref="546317412" role=""/>
  <member type="way" ref="119885290" role=""/>
  <member type="way" ref="119887419" role=""/>
  <member type="way" ref="1163757165" role=""/>
  <member type="way" ref="1163757164" role=""/>
  <member type="way" ref="119887419" role=""/>
  <member type="way" ref="119887566" role=""/>
  <member type="way" ref="119886474" role=""/>
  <member type="way" ref="119888061" role=""/>
  <member type="way" ref="119886880" role=""/>
  <member type="way" ref="119885817" role=""/>
  <member type="way" ref="957726378" role=""/>
  <member type="way" ref="119879058" role=""/>
  <member type="way" ref="1036697530" role=""/>
  <member type="way" ref="1036697526" role=""/>
  <member type="way" ref="1036697532" role=""/>
  <member type="way" ref="1394161504" role=""/>
  <member type="way" ref="1036697531" role=""/>
  <member type="way" ref="1163757161" role=""/>
  <member type="way" ref="1036697528" role=""/>
  <member type="way" ref="1036697526" role=""/>
  <member type="way" ref="119878523" role=""/>
  <member type="way" ref="1036697523" role=""/>
  <member type="way" ref="119879037" role=""/>
  <member type="way" ref="119885215" role=""/>
  <member type="way" ref="1161949597" role=""/>
  <member type="way" ref="1427055400" role=""/>
  <member type="way" ref="119885217" role=""/>
  <member type="way" ref="119888475" role=""/>
  <member type="way" ref="119887315" role=""/>
  <member type="way" ref="119886472" role=""/>
  <member type="way" ref="119885381" role=""/>
  <member type="way" ref="119887360" role=""/>
  <member type="way" ref="119887402" role=""/>
  <member type="way" ref="283108776" role=""/>
  <member type="way" ref="283108775" role=""/>
  <member type="way" ref="1163761251" role=""/>
  <member type="way" ref="1163761254" role=""/>
  <tag k="duration" v="00:56:00"/>
  <tag k="from" v="防府駅前"/>
  <tag k="gtfs:route_id" v="2229846746"/>
  <tag k="gtfs:shape_id" v="40000760"/>
  <tag k="name" v="Bus: 防府駅前→ゆめタウン山口→山口大学"/>
  <tag k="network" v="防長線"/>
  <tag k="opening_hours" v="Mo-Fr 19:50-21:31; Sa-Su 18:40-21:31"/>
  <tag k="operator" v="中国ジェイアールバス"/>
  <tag k="operator:en" v="Chugoku JR Bus"/>
  <tag k="public_transport:version" v="2"/>
  <tag k="route" v="bus"/>
  <tag k="to" v="山口大学"/>
  <tag k="type" v="route"/>
  <tag k="via" v="ゆめタウン山口"/>
 </relation>
 <relation id="15742097" visible="true" version="18" changeset="178047391" timestamp="2026-02-03T12:01:21Z" user="setowalker" uid="21720421">
  <member type="node" ref="9412086493" role="platform"/>
  <member type="node" ref="9412086492" role="platform"/>
  <member type="node" ref="9412086495" role="platform"/>
  <member type="node" ref="9412086497" role="platform"/>
  <member type="node" ref="9412086499" role="platform"/>
  <member type="node" ref="9412086502" role="platform"/>
  <member type="node" ref="9412086504" role="platform"/>
  <member type="node" ref="9412086506" role="platform"/>
  <member type="node" ref="9412086508" role="platform"/>
  <member type="node" ref="9412086510" role="platform"/>
  <member type="node" ref="9412086491" role="platform"/>
  <member type="node" ref="9412086520" role="platform"/>
  <member type="node" ref="9412086519" role="platform"/>
  <member type="node" ref="9412086516" role="platform"/>
  <member type="node" ref="9412086514" role="platform"/>
  <member type="node" ref="9412086531" role="platform"/>
  <member type="node" ref="9412086533" role="platform"/>
  <member type="node" ref="9412086515" role="platform"/>
  <member type="node" ref="9412086535" role="platform"/>
  <member type="node" ref="9412086537" role="platform"/>
  <member type="node" ref="9412086539" role="platform"/>
  <member type="node" ref="9412086541" role="platform"/>
  <member type="node" ref="9412086543" role="platform"/>
  <member type="node" ref="9412086545" role="platform"/>
  <member type="node" ref="9412086547" role="platform"/>
  <member type="node" ref="9412086549" role="platform"/>
  <member type="node" ref="9412086551" role="platform"/>
  <member type="node" ref="9412086553" role="platform"/>
  <member type="node" ref="9412086555" role="platform"/>
  <member type="node" ref="9412086557" role="platform"/>
  <member type="node" ref="9412086559" role="platform"/>
  <member type="node" ref="9412086561" role="platform"/>
  <member type="node" ref="9412086563" role="platform"/>
  <member type="node" ref="9412086565" role="platform"/>
  <member type="node" ref="9412086567" role="platform"/>
  <member type="node" ref="9412086569" role="platform"/>
  <member type="node" ref="9412086571" role="platform"/>
  <member type="way" ref="119885969" role=""/>
  <member type="way" ref="119887402" role=""/>
  <member type="way" ref="119887360" role=""/>
  <member type="way" ref="119885381" role=""/>
  <member type="way" ref="119886472" role=""/>
  <member type="way" ref="119887315" role=""/>
  <member type="way" ref="119888475" role=""/>
  <member type="way" ref="119885217" role=""/>
  <member type="way" ref="1427055400" role=""/>
  <member type="way" ref="1161949597" role=""/>
  <member type="way" ref="119885215" role=""/>
  <member type="way" ref="119879037" role=""/>
  <member type="way" ref="1036697523" role=""/>
  <member type="way" ref="119878523" role=""/>
  <member type="way" ref="1036697526" role=""/>
  <member type="way" ref="1036697532" role=""/>
  <member type="way" ref="1394161504" role=""/>
  <member type="way" ref="1036697531" role=""/>
  <member type="way" ref="1036697527" role=""/>
  <member type="way" ref="119879058" role=""/>
  <member type="way" ref="957726378" role=""/>
  <member type="way" ref="119885817" role=""/>
  <member type="way" ref="119886880" role=""/>
  <member type="way" ref="119888061" role=""/>
  <member type="way" ref="119886474" role=""/>
  <member type="way" ref="119887566" role=""/>
  <member type="way" ref="119887419" role=""/>
  <member type="way" ref="1163757165" role=""/>
  <member type="way" ref="1163757164" role=""/>
  <member type="way" ref="119887419" role=""/>
  <member type="way" ref="119885290" role=""/>
  <member type="way" ref="546317412" role=""/>
  <member type="way" ref="407829907" role=""/>
  <member type="way" ref="1473855298" role=""/>
  <member type="way" ref="1473855299" role=""/>
  <member type="way" ref="139849495" role=""/>
  <member type="way" ref="1420101861" role=""/>
  <member type="way" ref="1315033215" role=""/>
  <member type="way" ref="289348758" role=""/>
  <member type="way" ref="289348773" role=""/>
  <member type="way" ref="289348780" role=""/>
  <member type="way" ref="289348769" role=""/>
  <member type="way" ref="289348772" role=""/>
  <member type="way" ref="535381133" role=""/>
  <member type="way" ref="535381132" role=""/>
  <member type="way" ref="289348757" role=""/>
  <member type="way" ref="42403292" role=""/>
  <member type="way" ref="289348828" role=""/>
  <member type="way" ref="710577832" role=""/>
  <member type="way" ref="710577833" role=""/>
  <member type="way" ref="1163757160" role=""/>
  <member type="way" ref="710577836" role=""/>
  <member type="way" ref="552730769" role=""/>
  <member type="way" ref="552730766" role=""/>
  <member type="way" ref="1315019735" role=""/>
  <member type="way" ref="361731287" role=""/>
  <member type="way" ref="1420856718" role=""/>
  <member type="way" ref="361731290" role=""/>
  <member type="way" ref="77178773" role=""/>
  <member type="way" ref="957733672" role=""/>
  <member type="way" ref="646777796" role=""/>
  <tag k="duration" v="00:56:00"/>
  <tag k="from" v="山口大学"/>
  <tag k="gtfs:route_id" v="2229846746"/>
  <tag k="gtfs:shape_id" v="40000769"/>
  <tag k="name" v="Bus: 山口大学→市民会館前→ゆめタウン山口→防府駅"/>
  <tag k="network" v="防長線"/>
  <tag k="opening_hours" v="Mo-Fr 06:40-07:38, 21:15-22:13; Sa-Su 06:40-07:36"/>
  <tag k="operator" v="中国ジェイアールバス"/>
  <tag k="operator:en" v="Chugoku JR Bus"/>
  <tag k="public_transport:version" v="2"/>
  <tag k="route" v="bus"/>
  <tag k="to" v="防府駅"/>
  <tag k="type" v="route"/>
  <tag k="via" v="市民会館前;ゆめタウン山口"/>
 </relation>
 <relation id="15742098" visible="true" version="17" changeset="172594622" timestamp="2025-09-29T06:10:24Z" user="taketaketake" uid="4757277">
  <member type="node" ref="9412086570" role="platform"/>
  <member type="node" ref="9412086568" role="platform"/>
  <member type="node" ref="9412086566" role="platform"/>
  <member type="node" ref="9412086564" role="platform"/>
  <member type="node" ref="9412086562" role="platform"/>
  <member type="node" ref="9412086560" role="platform"/>
  <member type="node" ref="9412086558" role="platform"/>
  <member type="node" ref="9412086556" role="platform"/>
  <member type="node" ref="9412086554" role="platform"/>
  <member type="node" ref="9412086552" role="platform"/>
  <member type="node" ref="9412086550" role="platform"/>
  <member type="node" ref="9412086548" role="platform"/>
  <member type="node" ref="9412086546" role="platform"/>
  <member type="node" ref="9412086544" role="platform"/>
  <member type="node" ref="9412086542" role="platform"/>
  <member type="node" ref="9412086540" role="platform"/>
  <member type="node" ref="9412086538" role="platform"/>
  <member type="node" ref="9412086536" role="platform"/>
  <member type="node" ref="9412086534" role="platform"/>
  <member type="node" ref="9412086346" role="platform"/>
  <member type="node" ref="9412086532" role="platform"/>
  <member type="node" ref="9412086530" role="platform"/>
  <member type="node" ref="9412086513" role="platform"/>
  <member type="node" ref="9412086517" role="platform"/>
  <member type="node" ref="9412086518" role="platform"/>
  <member type="node" ref="9412086521" role="platform"/>
  <member type="node" ref="9412086522" role="platform"/>
  <member type="node" ref="9412086525" role="platform"/>
  <member type="node" ref="9412086527" role="platform"/>
  <member type="node" ref="9412086511" role="platform"/>
  <member type="node" ref="9412086509" role="platform"/>
  <member type="node" ref="9412086507" role="platform"/>
  <member type="node" ref="9412086505" role="platform"/>
  <member type="node" ref="9412086503" role="platform"/>
  <member type="node" ref="9412086500" role="platform"/>
  <member type="node" ref="9412086498" role="platform"/>
  <member type="node" ref="9412086496" role="platform"/>
  <member type="node" ref="9412086494" role="platform"/>
  <member type="node" ref="9412086493" role="platform"/>
  <member type="way" ref="357194915" role=""/>
  <member type="way" ref="357194913" role=""/>
  <member type="way" ref="957733672" role=""/>
  <member type="way" ref="77178773" role=""/>
  <member type="way" ref="361731290" role=""/>
  <member type="way" ref="1420856717" role=""/>
  <member type="way" ref="1122925019" role=""/>
  <member type="way" ref="361731281" role=""/>
  <member type="way" ref="361731282" role=""/>
  <member type="way" ref="361731280" role=""/>
  <member type="way" ref="119986970" role=""/>
  <member type="way" ref="710577835" role=""/>
  <member type="way" ref="1163757171" role=""/>
  <member type="way" ref="710577834" role=""/>
  <member type="way" ref="710577831" role=""/>
  <member type="way" ref="710577830" role=""/>
  <member type="way" ref="119885470" role=""/>
  <member type="way" ref="119886915" role=""/>
  <member type="way" ref="535381131" role=""/>
  <member type="way" ref="535381134" role=""/>
  <member type="way" ref="289348800" role=""/>
  <member type="way" ref="289348803" role=""/>
  <member type="way" ref="289348808" role=""/>
  <member type="way" ref="289348798" role=""/>
  <member type="way" ref="289348809" role=""/>
  <member type="way" ref="1315033214" role=""/>
  <member type="way" ref="289348802" role=""/>
  <member type="way" ref="1420101860" role=""/>
  <member type="way" ref="289348826" role=""/>
  <member type="way" ref="119887013" role=""/>
  <member type="way" ref="552482886" role=""/>
  <member type="way" ref="546317412" role=""/>
  <member type="way" ref="119885290" role=""/>
  <member type="way" ref="119887566" role=""/>
  <member type="way" ref="119886474" role=""/>
  <member type="way" ref="119888061" role=""/>
  <member type="way" ref="119886880" role=""/>
  <member type="way" ref="119885817" role=""/>
  <member type="way" ref="957726378" role=""/>
  <member type="way" ref="119879058" role=""/>
  <member type="way" ref="1036697530" role=""/>
  <member type="way" ref="1036697526" role=""/>
  <member type="way" ref="1036697532" role=""/>
  <member type="way" ref="1394161504" role=""/>
  <member type="way" ref="1036697531" role=""/>
  <member type="way" ref="1163757161" role=""/>
  <member type="way" ref="1036697528" role=""/>
  <member type="way" ref="1036697526" role=""/>
  <member type="way" ref="119878523" role=""/>
  <member type="way" ref="517552886" role=""/>
  <member type="way" ref="119878656" role=""/>
  <member type="way" ref="1036697525" role=""/>
  <member type="way" ref="1036697534" role=""/>
  <member type="way" ref="1036697533" role=""/>
  <member type="way" ref="1036697512" role=""/>
  <member type="way" ref="1036697534" role=""/>
  <member type="way" ref="1036697525" role=""/>
  <member type="way" ref="119878656" role=""/>
  <member type="way" ref="1036697524" role=""/>
  <member type="way" ref="119879071" role=""/>
  <member type="way" ref="119887610" role=""/>
  <member type="way" ref="119888155" role=""/>
  <member type="way" ref="119879116" role=""/>
  <member type="way" ref="119879037" role=""/>
  <member type="way" ref="119885215" role=""/>
  <member type="way" ref="1161949597" role=""/>
  <member type="way" ref="1427055400" role=""/>
  <member type="way" ref="119885217" role=""/>
  <member type="way" ref="119888475" role=""/>
  <member type="way" ref="119887315" role=""/>
  <member type="way" ref="119886472" role=""/>
  <member type="way" ref="119885381" role=""/>
  <member type="way" ref="119887360" role=""/>
  <member type="way" ref="119887402" role=""/>
  <member type="way" ref="283108776" role=""/>
  <member type="way" ref="283108775" role=""/>
  <member type="way" ref="1163761251" role=""/>
  <member type="way" ref="1163761254" role=""/>
  <tag k="duration" v="01:03:00"/>
  <tag k="from" v="防府駅前"/>
  <tag k="gtfs:route_id" v="2229846746"/>
  <tag k="gtfs:shape_id" v="40000980"/>
  <tag k="name" v="Bus: 防府駅前→山口県庁前→山口大学"/>
  <tag k="network" v="防長線"/>
  <tag k="opening_hours" v="Mo-Fr 06:40-08:42; Sa-Su 07:00-08:33"/>
  <tag k="operator" v="中国ジェイアールバス"/>
  <tag k="operator:en" v="Chugoku JR Bus"/>
  <tag k="public_transport:version" v="2"/>
  <tag k="route" v="bus"/>
  <tag k="to" v="山口大学"/>
  <tag k="type" v="route"/>
  <tag k="via" v="山口県庁前"/>
 </relation>
 <relation id="15742099" visible="true" version="17" changeset="172594622" timestamp="2025-09-29T06:10:24Z" user="taketaketake" uid="4757277">
  <member type="node" ref="9412086570" role="platform"/>
  <member type="node" ref="9412086568" role="platform"/>
  <member type="node" ref="9412086566" role="platform"/>
  <member type="node" ref="9412086564" role="platform"/>
  <member type="node" ref="9412086562" role="platform"/>
  <member type="node" ref="9412086560" role="platform"/>
  <member type="node" ref="9412086558" role="platform"/>
  <member type="node" ref="9412086556" role="platform"/>
  <member type="node" ref="9412086554" role="platform"/>
  <member type="node" ref="9412086552" role="platform"/>
  <member type="node" ref="9412086550" role="platform"/>
  <member type="node" ref="9412086548" role="platform"/>
  <member type="node" ref="9412086546" role="platform"/>
  <member type="node" ref="9412086544" role="platform"/>
  <member type="node" ref="9412086542" role="platform"/>
  <member type="node" ref="9412086540" role="platform"/>
  <member type="node" ref="9412086538" role="platform"/>
  <member type="node" ref="9412086536" role="platform"/>
  <member type="node" ref="9412086534" role="platform"/>
  <member type="node" ref="9412086346" role="platform"/>
  <member type="node" ref="9412086532" role="platform"/>
  <member type="node" ref="9412086530" role="platform"/>
  <member type="node" ref="9412086513" role="platform"/>
  <member type="node" ref="9412086517" role="platform"/>
  <member type="node" ref="9412086518" role="platform"/>
  <member type="node" ref="9412086521" role="platform"/>
  <member type="node" ref="9412086511" role="platform"/>
  <member type="node" ref="9412086509" role="platform"/>
  <member type="node" ref="9412086507" role="platform"/>
  <member type="node" ref="9412086505" role="platform"/>
  <member type="node" ref="9412086503" role="platform"/>
  <member type="node" ref="9412086500" role="platform"/>
  <member type="node" ref="9412086498" role="platform"/>
  <member type="node" ref="9412086496" role="platform"/>
  <member type="node" ref="9412086494" role="platform"/>
  <member type="node" ref="9412086493" role="platform"/>
  <member type="way" ref="357194915" role=""/>
  <member type="way" ref="357194913" role=""/>
  <member type="way" ref="957733672" role=""/>
  <member type="way" ref="77178773" role=""/>
  <member type="way" ref="361731290" role=""/>
  <member type="way" ref="1420856717" role=""/>
  <member type="way" ref="1122925019" role=""/>
  <member type="way" ref="361731281" role=""/>
  <member type="way" ref="361731282" role=""/>
  <member type="way" ref="361731280" role=""/>
  <member type="way" ref="119986970" role=""/>
  <member type="way" ref="710577835" role=""/>
  <member type="way" ref="1163757171" role=""/>
  <member type="way" ref="710577834" role=""/>
  <member type="way" ref="710577831" role=""/>
  <member type="way" ref="710577830" role=""/>
  <member type="way" ref="119885470" role=""/>
  <member type="way" ref="119886915" role=""/>
  <member type="way" ref="535381131" role=""/>
  <member type="way" ref="535381134" role=""/>
  <member type="way" ref="289348800" role=""/>
  <member type="way" ref="289348803" role=""/>
  <member type="way" ref="289348808" role=""/>
  <member type="way" ref="289348798" role=""/>
  <member type="way" ref="289348809" role=""/>
  <member type="way" ref="1315033214" role=""/>
  <member type="way" ref="289348802" role=""/>
  <member type="way" ref="1420101860" role=""/>
  <member type="way" ref="289348826" role=""/>
  <member type="way" ref="119887013" role=""/>
  <member type="way" ref="552482886" role=""/>
  <member type="way" ref="546317412" role=""/>
  <member type="way" ref="119885290" role=""/>
  <member type="way" ref="119887566" role=""/>
  <member type="way" ref="119886474" role=""/>
  <member type="way" ref="119888061" role=""/>
  <member type="way" ref="119886880" role=""/>
  <member type="way" ref="119885817" role=""/>
  <member type="way" ref="957726378" role=""/>
  <member type="way" ref="119879058" role=""/>
  <member type="way" ref="1036697530" role=""/>
  <member type="way" ref="1036697526" role=""/>
  <member type="way" ref="1036697532" role=""/>
  <member type="way" ref="1394161504" role=""/>
  <member type="way" ref="1036697531" role=""/>
  <member type="way" ref="1163757161" role=""/>
  <member type="way" ref="1036697528" role=""/>
  <member type="way" ref="1036697526" role=""/>
  <member type="way" ref="119878523" role=""/>
  <member type="way" ref="1036697523" role=""/>
  <member type="way" ref="119879037" role=""/>
  <member type="way" ref="119885215" role=""/>
  <member type="way" ref="1161949597" role=""/>
  <member type="way" ref="1427055400" role=""/>
  <member type="way" ref="119885217" role=""/>
  <member type="way" ref="119888475" role=""/>
  <member type="way" ref="119887315" role=""/>
  <member type="way" ref="119886472" role=""/>
  <member type="way" ref="119885381" role=""/>
  <member type="way" ref="119887360" role=""/>
  <member type="way" ref="119887402" role=""/>
  <member type="way" ref="283108776" role=""/>
  <member type="way" ref="283108775" role=""/>
  <member type="way" ref="1163761251" role=""/>
  <member type="way" ref="1163761254" role=""/>
  <tag k="duration" v="00:55:00"/>
  <tag k="from" v="防府駅前"/>
  <tag k="gtfs:route_id" v="2229846746"/>
  <tag k="gtfs:shape_id" v="40001010"/>
  <tag k="name" v="Bus: 防府駅前→山口大学"/>
  <tag k="network" v="防長線"/>
  <tag k="opening_hours" v="Mo-Fr 06:20-07:15"/>
  <tag k="operator" v="中国ジェイアールバス"/>
  <tag k="operator:en" v="Chugoku JR Bus"/>
  <tag k="public_transport:version" v="2"/>
  <tag k="route" v="bus"/>
  <tag k="to" v="山口大学"/>
  <tag k="type" v="route"/>
 </relation>
 <relation id="15742100" visible="true" version="17" changeset="172594622" timestamp="2025-09-29T06:10:24Z" user="taketaketake" uid="4757277">
  <member type="node" ref="9412086570" role="platform"/>
  <member type="node" ref="9412086568" role="platform"/>
  <member type="node" ref="9412086566" role="platform"/>
  <member type="node" ref="9412086564" role="platform"/>
  <member type="node" ref="9412086562" role="platform"/>
  <member type="node" ref="9412086560" role="platform"/>
  <member type="node" ref="9412086558" role="platform"/>
  <member type="node" ref="9412086556" role="platform"/>
  <member type="node" ref="9412086554" role="platform"/>
  <member type="node" ref="9412086552" role="platform"/>
  <member type="node" ref="9412086550" role="platform"/>
  <member type="node" ref="9412086548" role="platform"/>
  <member type="node" ref="9412086546" role="platform"/>
  <member type="node" ref="9412086544" role="platform"/>
  <member type="node" ref="9412086542" role="platform"/>
  <member type="node" ref="9412086540" role="platform"/>
  <member type="node" ref="9412086538" role="platform"/>
  <member type="node" ref="9412086536" role="platform"/>
  <member type="node" ref="9412086534" role="platform"/>
  <member type="node" ref="9412086346" role="platform"/>
  <member type="node" ref="9412086515" role="platform"/>
  <member type="node" ref="9412086532" role="platform"/>
  <member type="node" ref="9412086530" role="platform"/>
  <member type="node" ref="9412086513" role="platform"/>
  <member type="node" ref="9412086517" role="platform"/>
  <member type="node" ref="9412086518" role="platform"/>
  <member type="node" ref="9412086521" role="platform"/>
  <member type="node" ref="9412086522" role="platform"/>
  <member type="node" ref="9412086525" role="platform"/>
  <member type="node" ref="9412086527" role="platform"/>
  <member type="node" ref="9412086511" role="platform"/>
  <member type="node" ref="9412086509" role="platform"/>
  <member type="node" ref="9412086507" role="platform"/>
  <member type="node" ref="9412086505" role="platform"/>
  <member type="node" ref="9412086503" role="platform"/>
  <member type="node" ref="9412086500" role="platform"/>
  <member type="node" ref="9412086498" role="platform"/>
  <member type="node" ref="9412086496" role="platform"/>
  <member type="node" ref="9412086494" role="platform"/>
  <member type="node" ref="9412086493" role="platform"/>
  <member type="way" ref="357194915" role=""/>
  <member type="way" ref="357194913" role=""/>
  <member type="way" ref="957733672" role=""/>
  <member type="way" ref="77178773" role=""/>
  <member type="way" ref="361731290" role=""/>
  <member type="way" ref="1420856717" role=""/>
  <member type="way" ref="1122925019" role=""/>
  <member type="way" ref="361731281" role=""/>
  <member type="way" ref="361731282" role=""/>
  <member type="way" ref="361731280" role=""/>
  <member type="way" ref="119986970" role=""/>
  <member type="way" ref="710577835" role=""/>
  <member type="way" ref="1163757171" role=""/>
  <member type="way" ref="710577834" role=""/>
  <member type="way" ref="710577831" role=""/>
  <member type="way" ref="710577830" role=""/>
  <member type="way" ref="119885470" role=""/>
  <member type="way" ref="119886915" role=""/>
  <member type="way" ref="535381131" role=""/>
  <member type="way" ref="535381134" role=""/>
  <member type="way" ref="289348800" role=""/>
  <member type="way" ref="289348803" role=""/>
  <member type="way" ref="289348808" role=""/>
  <member type="way" ref="289348798" role=""/>
  <member type="way" ref="289348809" role=""/>
  <member type="way" ref="1315033214" role=""/>
  <member type="way" ref="289348802" role=""/>
  <member type="way" ref="1420101860" role=""/>
  <member type="way" ref="289348826" role=""/>
  <member type="way" ref="119887013" role=""/>
  <member type="way" ref="552482886" role=""/>
  <member type="way" ref="546317412" role=""/>
  <member type="way" ref="119885290" role=""/>
  <member type="way" ref="119887419" role=""/>
  <member type="way" ref="1163757165" role=""/>
  <member type="way" ref="1163757164" role=""/>
  <member type="way" ref="119887419" role=""/>
  <member type="way" ref="119887566" role=""/>
  <member type="way" ref="119886474" role=""/>
  <member type="way" ref="119888061" role=""/>
  <member type="way" ref="119886880" role=""/>
  <member type="way" ref="119885817" role=""/>
  <member type="way" ref="957726378" role=""/>
  <member type="way" ref="119879058" role=""/>
  <member type="way" ref="1036697530" role=""/>
  <member type="way" ref="1036697526" role=""/>
  <member type="way" ref="1036697532" role=""/>
  <member type="way" ref="1394161504" role=""/>
  <member type="way" ref="1036697531" role=""/>
  <member type="way" ref="1163757161" role=""/>
  <member type="way" ref="1036697528" role=""/>
  <member type="way" ref="1036697526" role=""/>
  <member type="way" ref="119878523" role=""/>
  <member type="way" ref="517552886" role=""/>
  <member type="way" ref="119878656" role=""/>
  <member type="way" ref="1036697525" role=""/>
  <member type="way" ref="1036697534" role=""/>
  <member type="way" ref="1036697533" role=""/>
  <member type="way" ref="1036697512" role=""/>
  <member type="way" ref="1036697534" role=""/>
  <member type="way" ref="1036697525" role=""/>
  <member type="way" ref="119878656" role=""/>
  <member type="way" ref="1036697524" role=""/>
  <member type="way" ref="119879071" role=""/>
  <member type="way" ref="119887610" role=""/>
  <member type="way" ref="119888155" role=""/>
  <member type="way" ref="119879116" role=""/>
  <member type="way" ref="119879037" role=""/>
  <member type="way" ref="119885215" role=""/>
  <member type="way" ref="1161949597" role=""/>
  <member type="way" ref="1427055400" role=""/>
  <member type="way" ref="119885217" role=""/>
  <member type="way" ref="119888475" role=""/>
  <member type="way" ref="119887315" role=""/>
  <member type="way" ref="119886472" role=""/>
  <member type="way" ref="119885381" role=""/>
  <member type="way" ref="119887360" role=""/>
  <member type="way" ref="119887402" role=""/>
  <member type="way" ref="283108776" role=""/>
  <member type="way" ref="283108775" role=""/>
  <member type="way" ref="1163761251" role=""/>
  <member type="way" ref="1163761254" role=""/>
  <tag k="duration" v="01:07:00"/>
  <tag k="from" v="防府駅前"/>
  <tag k="gtfs:route_id" v="2229846746"/>
  <tag k="gtfs:shape_id" v="40001090"/>
  <tag k="name" v="Bus: 防府駅前→ゆめタウン山口→山口県庁前→山口大学"/>
  <tag k="network" v="防長線"/>
  <tag k="opening_hours" v="Mo-Fr 08:00-19:49; Sa-Su 08:00-19:11"/>
  <tag k="operator" v="中国ジェイアールバス"/>
  <tag k="operator:en" v="Chugoku JR Bus"/>
  <tag k="public_transport:version" v="2"/>
  <tag k="route" v="bus"/>
  <tag k="to" v="山口大学"/>
  <tag k="type" v="route"/>
  <tag k="via" v="ゆめタウン山口;山口県庁前"/>
 </relation>
 <relation id="15742101" visible="true" version="18" changeset="178047391" timestamp="2026-02-03T12:01:21Z" user="setowalker" uid="21720421">
  <member type="node" ref="9412086493" role="platform"/>
  <member type="node" ref="9412086492" role="platform"/>
  <member type="node" ref="9412086495" role="platform"/>
  <member type="node" ref="9412086497" role="platform"/>
  <member type="node" ref="9412086499" role="platform"/>
  <member type="node" ref="9412086502" role="platform"/>
  <member type="node" ref="9412086504" role="platform"/>
  <member type="node" ref="9412086506" role="platform"/>
  <member type="node" ref="9412086508" role="platform"/>
  <member type="node" ref="9412086510" role="platform"/>
  <member type="node" ref="9412086512" role="platform"/>
  <member type="node" ref="9412086528" role="platform"/>
  <member type="node" ref="9412086526" role="platform"/>
  <member type="node" ref="9412086523" role="platform"/>
  <member type="node" ref="9412086520" role="platform"/>
  <member type="node" ref="9412086519" role="platform"/>
  <member type="node" ref="9412086516" role="platform"/>
  <member type="node" ref="9412086514" role="platform"/>
  <member type="node" ref="9412086531" role="platform"/>
  <member type="node" ref="9412086533" role="platform"/>
  <member type="node" ref="9412086515" role="platform"/>
  <member type="node" ref="9412086535" role="platform"/>
  <member type="node" ref="9412086537" role="platform"/>
  <member type="node" ref="9412086539" role="platform"/>
  <member type="node" ref="9412086541" role="platform"/>
  <member type="node" ref="9412086543" role="platform"/>
  <member type="node" ref="9412086545" role="platform"/>
  <member type="node" ref="9412086547" role="platform"/>
  <member type="node" ref="9412086549" role="platform"/>
  <member type="node" ref="9412086551" role="platform"/>
  <member type="node" ref="9412086553" role="platform"/>
  <member type="node" ref="9412086555" role="platform"/>
  <member type="node" ref="9412086557" role="platform"/>
  <member type="node" ref="9412086559" role="platform"/>
  <member type="node" ref="9412086561" role="platform"/>
  <member type="node" ref="9412086563" role="platform"/>
  <member type="node" ref="9412086565" role="platform"/>
  <member type="node" ref="9412086567" role="platform"/>
  <member type="node" ref="9412086569" role="platform"/>
  <member type="node" ref="9412086571" role="platform"/>
  <member type="way" ref="119885969" role=""/>
  <member type="way" ref="119887402" role=""/>
  <member type="way" ref="119887360" role=""/>
  <member type="way" ref="119885381" role=""/>
  <member type="way" ref="119886472" role=""/>
  <member type="way" ref="119887315" role=""/>
  <member type="way" ref="119888475" role=""/>
  <member type="way" ref="119885217" role=""/>
  <member type="way" ref="1427055400" role=""/>
  <member type="way" ref="1161949597" role=""/>
  <member type="way" ref="119885215" role=""/>
  <member type="way" ref="119879037" role=""/>
  <member type="way" ref="119879116" role=""/>
  <member type="way" ref="119888155" role=""/>
  <member type="way" ref="119887610" role=""/>
  <member type="way" ref="119879071" role=""/>
  <member type="way" ref="1036697511" role=""/>
  <member type="way" ref="1036697510" role=""/>
  <member type="way" ref="1036697514" role=""/>
  <member type="way" ref="1036697512" role=""/>
  <member type="way" ref="1036697534" role=""/>
  <member type="way" ref="1036697525" role=""/>
  <member type="way" ref="119878656" role=""/>
  <member type="way" ref="119878549" role=""/>
  <member type="way" ref="119878523" role=""/>
  <member type="way" ref="1036697526" role=""/>
  <member type="way" ref="1036697532" role=""/>
  <member type="way" ref="1394161504" role=""/>
  <member type="way" ref="1036697531" role=""/>
  <member type="way" ref="1036697527" role=""/>
  <member type="way" ref="119879058" role=""/>
  <member type="way" ref="957726378" role=""/>
  <member type="way" ref="119885817" role=""/>
  <member type="way" ref="119886880" role=""/>
  <member type="way" ref="119888061" role=""/>
  <member type="way" ref="119886474" role=""/>
  <member type="way" ref="119887566" role=""/>
  <member type="way" ref="119887419" role=""/>
  <member type="way" ref="1163757165" role=""/>
  <member type="way" ref="1163757164" role=""/>
  <member type="way" ref="119887419" role=""/>
  <member type="way" ref="119885290" role=""/>
  <member type="way" ref="546317412" role=""/>
  <member type="way" ref="407829907" role=""/>
  <member type="way" ref="1473855298" role=""/>
  <member type="way" ref="1473855299" role=""/>
  <member type="way" ref="139849495" role=""/>
  <member type="way" ref="1420101861" role=""/>
  <member type="way" ref="1315033215" role=""/>
  <member type="way" ref="289348758" role=""/>
  <member type="way" ref="289348773" role=""/>
  <member type="way" ref="289348780" role=""/>
  <member type="way" ref="289348769" role=""/>
  <member type="way" ref="289348772" role=""/>
  <member type="way" ref="535381133" role=""/>
  <member type="way" ref="535381132" role=""/>
  <member type="way" ref="289348757" role=""/>
  <member type="way" ref="42403292" role=""/>
  <member type="way" ref="289348828" role=""/>
  <member type="way" ref="710577832" role=""/>
  <member type="way" ref="710577833" role=""/>
  <member type="way" ref="1163757160" role=""/>
  <member type="way" ref="710577836" role=""/>
  <member type="way" ref="552730769" role=""/>
  <member type="way" ref="552730766" role=""/>
  <member type="way" ref="1315019735" role=""/>
  <member type="way" ref="361731287" role=""/>
  <member type="way" ref="1420856718" role=""/>
  <member type="way" ref="361731290" role=""/>
  <member type="way" ref="77178773" role=""/>
  <member type="way" ref="957733672" role=""/>
  <member type="way" ref="646777796" role=""/>
  <tag k="duration" v="01:12:00"/>
  <tag k="from" v="山口大学"/>
  <tag k="gtfs:route_id" v="2229846746"/>
  <tag k="gtfs:shape_id" v="40001099"/>
  <tag k="name" v="Bus: 山口大学→山口県庁前→ゆめタウン山口→防府駅"/>
  <tag k="network" v="防長線"/>
  <tag k="opening_hours" v="Mo-Fr 06:55-20:40; Sa-Su 06:55-19:42"/>
  <tag k="operator" v="中国ジェイアールバス"/>
  <tag k="operator:en" v="Chugoku JR Bus"/>
  <tag k="public_transport:version" v="2"/>
  <tag k="route" v="bus"/>
  <tag k="to" v="防府駅"/>
  <tag k="type" v="route"/>
  <tag k="via" v="山口県庁前;ゆめタウン山口"/>
 </relation>
 <relation id="15742102" visible="true" version="18" changeset="172594622" timestamp="2025-09-29T06:10:24Z" user="taketaketake" uid="4757277">
  <member type="node" ref="9412086570" role="platform"/>
  <member type="node" ref="9412086568" role="platform"/>
  <member type="node" ref="9412086566" role="platform"/>
  <member type="node" ref="9412086564" role="platform"/>
  <member type="node" ref="9412086562" role="platform"/>
  <member type="node" ref="9412086342" role="platform"/>
  <member type="node" ref="9412086340" role="platform"/>
  <member type="node" ref="9412086337" role="platform"/>
  <member type="node" ref="9412086339" role="platform"/>
  <member type="node" ref="9412086341" role="platform"/>
  <member type="node" ref="9412086560" role="platform"/>
  <member type="node" ref="9412086558" role="platform"/>
  <member type="node" ref="9412086556" role="platform"/>
  <member type="node" ref="9412086554" role="platform"/>
  <member type="node" ref="9412086552" role="platform"/>
  <member type="node" ref="9412086550" role="platform"/>
  <member type="node" ref="9412086548" role="platform"/>
  <member type="node" ref="9412086546" role="platform"/>
  <member type="node" ref="9412086544" role="platform"/>
  <member type="node" ref="9412086542" role="platform"/>
  <member type="node" ref="9412086540" role="platform"/>
  <member type="node" ref="9412086538" role="platform"/>
  <member type="node" ref="9412086536" role="platform"/>
  <member type="node" ref="9412086534" role="platform"/>
  <member type="node" ref="9412086346" role="platform"/>
  <member type="node" ref="9412086515" role="platform"/>
  <member type="node" ref="9412086532" role="platform"/>
  <member type="node" ref="9412086530" role="platform"/>
  <member type="node" ref="9412086513" role="platform"/>
  <member type="node" ref="9412086517" role="platform"/>
  <member type="node" ref="9412086518" role="platform"/>
  <member type="node" ref="9412086521" role="platform"/>
  <member type="node" ref="9412086522" role="platform"/>
  <member type="node" ref="9412086525" role="platform"/>
  <member type="node" ref="9412086527" role="platform"/>
  <member type="node" ref="9412086511" role="platform"/>
  <member type="node" ref="9412086509" role="platform"/>
  <member type="node" ref="9412086507" role="platform"/>
  <member type="node" ref="9412086505" role="platform"/>
  <member type="node" ref="9412086503" role="platform"/>
  <member type="node" ref="9412086500" role="platform"/>
  <member type="node" ref="9412086498" role="platform"/>
  <member type="node" ref="9412086496" role="platform"/>
  <member type="node" ref="9412086494" role="platform"/>
  <member type="node" ref="9412086493" role="platform"/>
  <member type="way" ref="357194915" role=""/>
  <member type="way" ref="357194913" role=""/>
  <member type="way" ref="957733672" role=""/>
  <member type="way" ref="77178773" role=""/>
  <member type="way" ref="361731290" role=""/>
  <member type="way" ref="1420856717" role=""/>
  <member type="way" ref="1122925019" role=""/>
  <member type="way" ref="361731281" role=""/>
  <member type="way" ref="361731282" role=""/>
  <member type="way" ref="361731280" role=""/>
  <member type="way" ref="119986970" role=""/>
  <member type="way" ref="710577835" role=""/>
  <member type="way" ref="1163757171" role=""/>
  <member type="way" ref="119986480" role=""/>
  <member type="way" ref="1163757168" role=""/>
  <member type="way" ref="1163757169" role=""/>
  <member type="way" ref="1163757168" role=""/>
  <member type="way" ref="119986480" role=""/>
  <member type="way" ref="710577834" role=""/>
  <member type="way" ref="710577831" role=""/>
  <member type="way" ref="710577830" role=""/>
  <member type="way" ref="119885470" role=""/>
  <member type="way" ref="119886915" role=""/>
  <member type="way" ref="535381131" role=""/>
  <member type="way" ref="535381134" role=""/>
  <member type="way" ref="289348800" role=""/>
  <member type="way" ref="289348803" role=""/>
  <member type="way" ref="289348808" role=""/>
  <member type="way" ref="289348798" role=""/>
  <member type="way" ref="289348809" role=""/>
  <member type="way" ref="1315033214" role=""/>
  <member type="way" ref="289348802" role=""/>
  <member type="way" ref="1420101860" role=""/>
  <member type="way" ref="289348826" role=""/>
  <member type="way" ref="119887013" role=""/>
  <member type="way" ref="552482886" role=""/>
  <member type="way" ref="546317412" role=""/>
  <member type="way" ref="119885290" role=""/>
  <member type="way" ref="119887419" role=""/>
  <member type="way" ref="1163757165" role=""/>
  <member type="way" ref="1163757164" role=""/>
  <member type="way" ref="119887419" role=""/>
  <member type="way" ref="119887566" role=""/>
  <member type="way" ref="119886474" role=""/>
  <member type="way" ref="119888061" role=""/>
  <member type="way" ref="119886880" role=""/>
  <member type="way" ref="119885817" role=""/>
  <member type="way" ref="957726378" role=""/>
  <member type="way" ref="119879058" role=""/>
  <member type="way" ref="1036697530" role=""/>
  <member type="way" ref="1036697526" role=""/>
  <member type="way" ref="1036697532" role=""/>
  <member type="way" ref="1394161504" role=""/>
  <member type="way" ref="1036697531" role=""/>
  <member type="way" ref="1163757161" role=""/>
  <member type="way" ref="1036697528" role=""/>
  <member type="way" ref="1036697526" role=""/>
  <member type="way" ref="119878523" role=""/>
  <member type="way" ref="517552886" role=""/>
  <member type="way" ref="119878656" role=""/>
  <member type="way" ref="1036697525" role=""/>
  <member type="way" ref="1036697534" role=""/>
  <member type="way" ref="1036697533" role=""/>
  <member type="way" ref="1036697512" role=""/>
  <member type="way" ref="1036697534" role=""/>
  <member type="way" ref="1036697525" role=""/>
  <member type="way" ref="119878656" role=""/>
  <member type="way" ref="1036697524" role=""/>
  <member type="way" ref="119879071" role=""/>
  <member type="way" ref="119887610" role=""/>
  <member type="way" ref="119888155" role=""/>
  <member type="way" ref="119879116" role=""/>
  <member type="way" ref="119879037" role=""/>
  <member type="way" ref="119885215" role=""/>
  <member type="way" ref="1161949597" role=""/>
  <member type="way" ref="1427055400" role=""/>
  <member type="way" ref="119885217" role=""/>
  <member type="way" ref="119888475" role=""/>
  <member type="way" ref="119887315" role=""/>
  <member type="way" ref="119886472" role=""/>
  <member type="way" ref="119885381" role=""/>
  <member type="way" ref="119887360" role=""/>
  <member type="way" ref="119887402" role=""/>
  <member type="way" ref="283108776" role=""/>
  <member type="way" ref="283108775" role=""/>
  <member type="way" ref="1163761251" role=""/>
  <member type="way" ref="1163761254" role=""/>
  <tag k="duration" v="01:19:00"/>
  <tag k="from" v="防府駅前"/>
  <tag k="gtfs:route_id" v="2229846746"/>
  <tag k="gtfs:shape_id" v="40001350"/>
  <tag k="name" v="Bus: 防府駅前→総合医療センター前→ゆめタウン山口→山口県庁前→山口大学"/>
  <tag k="network" v="防長線"/>
  <tag k="opening_hours" v="Mo-Fr 10:35-20:25; Sa-Su 10:35-20:22"/>
  <tag k="operator" v="中国ジェイアールバス"/>
  <tag k="operator:en" v="Chugoku JR Bus"/>
  <tag k="public_transport:version" v="2"/>
  <tag k="route" v="bus"/>
  <tag k="to" v="山口大学"/>
  <tag k="type" v="route"/>
  <tag k="via" v="総合医療センター前;ゆめタウン山口;山口県庁前"/>
 </relation>
 <relation id="15742103" visible="true" version="19" changeset="178047391" timestamp="2026-02-03T12:01:21Z" user="setowalker" uid="21720421">
  <member type="node" ref="9412086493" role="platform"/>
  <member type="node" ref="9412086492" role="platform"/>
  <member type="node" ref="9412086495" role="platform"/>
  <member type="node" ref="9412086497" role="platform"/>
  <member type="node" ref="9412086499" role="platform"/>
  <member type="node" ref="9412086502" role="platform"/>
  <member type="node" ref="9412086504" role="platform"/>
  <member type="node" ref="9412086506" role="platform"/>
  <member type="node" ref="9412086508" role="platform"/>
  <member type="node" ref="9412086510" role="platform"/>
  <member type="node" ref="9412086512" role="platform"/>
  <member type="node" ref="9412086528" role="platform"/>
  <member type="node" ref="9412086526" role="platform"/>
  <member type="node" ref="9412086523" role="platform"/>
  <member type="node" ref="9412086520" role="platform"/>
  <member type="node" ref="9412086519" role="platform"/>
  <member type="node" ref="9412086516" role="platform"/>
  <member type="node" ref="9412086514" role="platform"/>
  <member type="node" ref="9412086531" role="platform"/>
  <member type="node" ref="9412086533" role="platform"/>
  <member type="node" ref="9412086515" role="platform"/>
  <member type="node" ref="9412086535" role="platform"/>
  <member type="node" ref="9412086537" role="platform"/>
  <member type="node" ref="9412086539" role="platform"/>
  <member type="node" ref="9412086541" role="platform"/>
  <member type="node" ref="9412086543" role="platform"/>
  <member type="node" ref="9412086545" role="platform"/>
  <member type="node" ref="9412086547" role="platform"/>
  <member type="node" ref="9412086549" role="platform"/>
  <member type="node" ref="9412086551" role="platform"/>
  <member type="node" ref="9412086553" role="platform"/>
  <member type="node" ref="9412086555" role="platform"/>
  <member type="node" ref="9412086557" role="platform"/>
  <member type="node" ref="9412086559" role="platform"/>
  <member type="node" ref="9412086561" role="platform"/>
  <member type="node" ref="9412086342" role="platform"/>
  <member type="node" ref="9412086340" role="platform"/>
  <member type="node" ref="9412086338" role="platform"/>
  <member type="node" ref="9412086339" role="platform"/>
  <member type="node" ref="9412086341" role="platform"/>
  <member type="node" ref="9412086563" role="platform"/>
  <member type="node" ref="9412086565" role="platform"/>
  <member type="node" ref="9412086567" role="platform"/>
  <member type="node" ref="9412086569" role="platform"/>
  <member type="node" ref="9412086571" role="platform"/>
  <member type="way" ref="119885969" role=""/>
  <member type="way" ref="119887402" role=""/>
  <member type="way" ref="119887360" role=""/>
  <member type="way" ref="119885381" role=""/>
  <member type="way" ref="119886472" role=""/>
  <member type="way" ref="119887315" role=""/>
  <member type="way" ref="119888475" role=""/>
  <member type="way" ref="119885217" role=""/>
  <member type="way" ref="1427055400" role=""/>
  <member type="way" ref="1161949597" role=""/>
  <member type="way" ref="119885215" role=""/>
  <member type="way" ref="119879037" role=""/>
  <member type="way" ref="119879116" role=""/>
  <member type="way" ref="119888155" role=""/>
  <member type="way" ref="119887610" role=""/>
  <member type="way" ref="119879071" role=""/>
  <member type="way" ref="1036697511" role=""/>
  <member type="way" ref="1036697510" role=""/>
  <member type="way" ref="1036697514" role=""/>
  <member type="way" ref="1036697512" role=""/>
  <member type="way" ref="1036697534" role=""/>
  <member type="way" ref="1036697525" role=""/>
  <member type="way" ref="119878656" role=""/>
  <member type="way" ref="119878549" role=""/>
  <member type="way" ref="119878523" role=""/>
  <member type="way" ref="1036697526" role=""/>
  <member type="way" ref="1036697532" role=""/>
  <member type="way" ref="1394161504" role=""/>
  <member type="way" ref="1036697531" role=""/>
  <member type="way" ref="1036697527" role=""/>
  <member type="way" ref="119879058" role=""/>
  <member type="way" ref="957726378" role=""/>
  <member type="way" ref="119885817" role=""/>
  <member type="way" ref="119886880" role=""/>
  <member type="way" ref="119888061" role=""/>
  <member type="way" ref="119886474" role=""/>
  <member type="way" ref="119887566" role=""/>
  <member type="way" ref="119887419" role=""/>
  <member type="way" ref="1163757165" role=""/>
  <member type="way" ref="1163757164" role=""/>
  <member type="way" ref="119887419" role=""/>
  <member type="way" ref="119885290" role=""/>
  <member type="way" ref="546317412" role=""/>
  <member type="way" ref="407829907" role=""/>
  <member type="way" ref="1473855298" role=""/>
  <member type="way" ref="1473855299" role=""/>
  <member type="way" ref="139849495" role=""/>
  <member type="way" ref="1420101861" role=""/>
  <member type="way" ref="1315033215" role=""/>
  <member type="way" ref="289348758" role=""/>
  <member type="way" ref="289348773" role=""/>
  <member type="way" ref="289348780" role=""/>
  <member type="way" ref="289348769" role=""/>
  <member type="way" ref="289348772" role=""/>
  <member type="way" ref="535381133" role=""/>
  <member type="way" ref="535381132" role=""/>
  <member type="way" ref="289348757" role=""/>
  <member type="way" ref="42403292" role=""/>
  <member type="way" ref="289348828" role=""/>
  <member type="way" ref="710577832" role=""/>
  <member type="way" ref="710577833" role=""/>
  <member type="way" ref="119990501" role=""/>
  <member type="way" ref="119986480" role=""/>
  <member type="way" ref="1163757168" role=""/>
  <member type="way" ref="1163757169" role=""/>
  <member type="way" ref="1163757168" role=""/>
  <member type="way" ref="119986480" role=""/>
  <member type="way" ref="119990501" role=""/>
  <member type="way" ref="1163757160" role=""/>
  <member type="way" ref="710577836" role=""/>
  <member type="way" ref="552730769" role=""/>
  <member type="way" ref="552730766" role=""/>
  <member type="way" ref="1315019735" role=""/>
  <member type="way" ref="361731287" role=""/>
  <member type="way" ref="1420856718" role=""/>
  <member type="way" ref="361731290" role=""/>
  <member type="way" ref="77178773" role=""/>
  <member type="way" ref="957733672" role=""/>
  <member type="way" ref="646777796" role=""/>
  <tag k="duration" v="01:13:00"/>
  <tag k="from" v="山口大学"/>
  <tag k="gtfs:route_id" v="2229846746"/>
  <tag k="gtfs:shape_id" v="40001359"/>
  <tag k="name" v="Bus: 山口大学→山口県庁前→ゆめタウン山口→総合医療センター前→防府駅"/>
  <tag k="network" v="防長線"/>
  <tag k="opening_hours" v="Mo-Fr 10:35-20:25; Sa-Su 08:15-10:15"/>
  <tag k="operator" v="中国ジェイアールバス"/>
  <tag k="operator:en" v="Chugoku JR Bus"/>
  <tag k="public_transport:version" v="2"/>
  <tag k="route" v="bus"/>
  <tag k="to" v="防府駅"/>
  <tag k="type" v="route"/>
  <tag k="via" v="山口県庁前;ゆめタウン山口;総合医療センター前"/>
 </relation>
 <relation id="15742104" visible="true" version="1" changeset="135081958" timestamp="2023-04-19T01:53:23Z" user="okadatsuneo_import" uid="12352917">
  <member type="relation" ref="15742103" role=""/>
  <member type="relation" ref="15742102" role=""/>
  <member type="relation" ref="15742101" role=""/>
  <member type="relation" ref="15742100" role=""/>
  <member type="relation" ref="15742099" role=""/>
  <member type="relation" ref="15742098" role=""/>
  <member type="relation" ref="15742097" role=""/>
  <member type="relation" ref="15742096" role=""/>
  <tag k="name" v="Bus: 防府駅前&lt;-&gt;山口大学"/>
  <tag k="network" v="防長線"/>
  <tag k="operator" v="中国ジェイアールバス"/>
  <tag k="operator:en" v="Chugoku JR Bus"/>
  <tag k="route_master" v="bus"/>
  <tag k="type" v="route_master"/>
 </relation>
 <relation id="16385178" visible="true" version="5" changeset="141805674" timestamp="2023-09-27T07:49:33Z" user="FallingPeppers" uid="19745387">
  <member type="way" ref="1211173367" role="outer"/>
  <member type="way" ref="1211192321" role="outer"/>
  <member type="way" ref="1211173365" role="outer"/>
  <member type="way" ref="1211173359" role="outer"/>
  <member type="way" ref="1211173360" role="outer"/>
  <member type="way" ref="1211173374" role="outer"/>
  <member type="node" ref="9218352721" role="label"/>
  <tag k="admin_level" v="10"/>
  <tag k="boundary" v="administrative"/>
  <tag k="name" v="湯田温泉２"/>
  <tag k="name:en" v="Yudaonsen 2"/>
  <tag k="type" v="boundary"/>
 </relation>
 <relation id="16385180" visible="true" version="6" changeset="141806225" timestamp="2023-09-27T08:01:07Z" user="FallingPeppers" uid="19745387">
  <member type="way" ref="1211173366" role="outer"/>
  <member type="way" ref="1211173367" role="outer"/>
  <member type="way" ref="1211173373" role="outer"/>
  <member type="way" ref="1211173369" role="outer"/>
  <member type="node" ref="9218352719" role="label"/>
  <tag k="admin_level" v="10"/>
  <tag k="boundary" v="administrative"/>
  <tag k="name" v="湯田温泉４"/>
  <tag k="name:en" v="Yudaonsen 4"/>
  <tag k="type" v="boundary"/>
 </relation>
 <relation id="16385182" visible="true" version="6" changeset="141806225" timestamp="2023-09-27T08:01:07Z" user="FallingPeppers" uid="19745387">
  <member type="way" ref="1211173369" role="outer"/>
  <member type="way" ref="1211173372" role="outer"/>
  <member type="way" ref="1211173371" role="outer"/>
  <member type="way" ref="1211173380" role="outer"/>
  <member type="way" ref="1211173381" role="outer"/>
  <member type="way" ref="1211192315" role="outer"/>
  <member type="way" ref="1211173382" role="outer"/>
  <member type="node" ref="9218352717" role="label"/>
  <tag k="admin_level" v="10"/>
  <tag k="boundary" v="administrative"/>
  <tag k="name" v="湯田温泉６"/>
  <tag k="name:en" v="Yudaonsen 6"/>
  <tag k="type" v="boundary"/>
 </relation>
 <relation id="16385183" visible="true" version="6" changeset="141956296" timestamp="2023-09-30T15:23:31Z" user="FallingPeppers" uid="19745387">
  <member type="node" ref="11221615751" role="label"/>
  <member type="way" ref="1211173366" role="outer"/>
  <member type="way" ref="1211192321" role="outer"/>
  <member type="way" ref="1211173365" role="outer"/>
  <member type="way" ref="1211173359" role="outer"/>
  <member type="way" ref="1211173360" role="outer"/>
  <member type="way" ref="1211173361" role="outer"/>
  <member type="way" ref="1211173362" role="outer"/>
  <member type="way" ref="1211173375" role="outer"/>
  <member type="way" ref="1211173377" role="outer"/>
  <member type="way" ref="1211173376" role="outer"/>
  <member type="way" ref="1211173378" role="outer"/>
  <member type="way" ref="1211173379" role="outer"/>
  <member type="way" ref="1211173371" role="outer"/>
  <member type="way" ref="1211173380" role="outer"/>
  <member type="way" ref="1211173381" role="outer"/>
  <member type="way" ref="1211192315" role="outer"/>
  <member type="way" ref="1211173382" role="outer"/>
  <member type="relation" ref="16385181" role="subarea"/>
  <member type="relation" ref="16385182" role="subarea"/>
  <member type="relation" ref="16385180" role="subarea"/>
  <member type="relation" ref="16385179" role="subarea"/>
  <member type="relation" ref="16385177" role="subarea"/>
  <member type="relation" ref="16385178" role="subarea"/>
  <tag k="admin_level" v="9"/>
  <tag k="boundary" v="administrative"/>
  <tag k="name" v="湯田温泉"/>
  <tag k="name:en" v="Yudaonsen"/>
  <tag k="type" v="boundary"/>
 </relation>
 <relation id="16386435" visible="true" version="1" changeset="141805674" timestamp="2023-09-27T07:49:33Z" user="FallingPeppers" uid="19745387">
  <member type="way" ref="1211192327" role="outer"/>
  <member type="way" ref="1211192326" role="outer"/>
  <member type="way" ref="1211192323" role="outer"/>
  <member type="way" ref="1211173365" role="outer"/>
  <member type="node" ref="9218352761" role="label"/>
  <tag k="admin_level" v="10"/>
  <tag k="boundary" v="administrative"/>
  <tag k="name" v="周布町"/>
  <tag k="name:en" v="Sufucho"/>
  <tag k="type" v="boundary"/>
 </relation>
 <relation id="16386442" visible="true" version="2" changeset="141807650" timestamp="2023-09-27T08:32:15Z" user="FallingPeppers" uid="19745387">
  <member type="way" ref="1211173382" role="outer"/>
  <member type="way" ref="1211192308" role="outer"/>
  <member type="way" ref="1211192317" role="outer"/>
  <member type="way" ref="1211192318" role="outer"/>
  <member type="way" ref="1211192319" role="outer"/>
  <member type="way" ref="1211173366" role="outer"/>
  <member type="node" ref="9218352842" role="label"/>
  <tag k="admin_level" v="10"/>
  <tag k="boundary" v="administrative"/>
  <tag k="name" v="葵２丁目"/>
  <tag k="name:en" v="Aoi 2-chome"/>
  <tag k="type" v="boundary"/>
 </relation>
 <relation id="16386443" visible="true" version="1" changeset="141805674" timestamp="2023-09-27T07:49:33Z" user="FallingPeppers" uid="19745387">
  <member type="way" ref="1211192322" role="outer"/>
  <member type="way" ref="1211192319" role="outer"/>
  <member type="way" ref="1211192321" role="outer"/>
  <member type="way" ref="1211192327" role="outer"/>
  <member type="way" ref="1211192320" role="outer"/>
  <member type="node" ref="9218352843" role="label"/>
  <tag k="admin_level" v="10"/>
  <tag k="boundary" v="administrative"/>
  <tag k="name" v="葵一丁目"/>
  <tag k="name:en" v="Aoi 1-chome"/>
  <tag k="type" v="boundary"/>
 </relation>
 <relation id="16386444" visible="true" version="3" changeset="147143129" timestamp="2024-02-06T16:50:23Z" user="mtmail" uid="8339">
  <member type="way" ref="1211192322" role="outer"/>
  <member type="way" ref="1211192320" role="outer"/>
  <member type="way" ref="1211192327" role="outer"/>
  <member type="way" ref="1211192321" role="outer"/>
  <member type="way" ref="1211173366" role="outer"/>
  <member type="way" ref="1211173382" role="outer"/>
  <member type="way" ref="1211192308" role="outer"/>
  <member type="way" ref="1211192317" role="outer"/>
  <member type="way" ref="1211192318" role="outer"/>
  <member type="relation" ref="16386442" role="subarea"/>
  <member type="relation" ref="16386443" role="subarea"/>
  <tag k="admin_level" v="9"/>
  <tag k="boundary" v="administrative"/>
  <tag k="name" v="葵"/>
  <tag k="name:en" v="Aoi"/>
  <tag k="type" v="boundary"/>
 </relation>
 <relation id="19563522" visible="true" version="2" changeset="171440305" timestamp="2025-09-04T08:29:55Z" user="taketaketake" uid="4757277">
  <member type="way" ref="1427034903" role=""/>
  <member type="way" ref="1427034904" role=""/>
  <member type="way" ref="119974765" role=""/>
  <member type="way" ref="119974388" role=""/>
  <member type="way" ref="1427034905" role=""/>
  <member type="way" ref="312673231" role=""/>
  <member type="way" ref="312673221" role=""/>
  <member type="way" ref="312673220" role=""/>
  <member type="way" ref="501321456" role=""/>
  <member type="way" ref="119885495" role=""/>
  <member type="way" ref="119885871" role=""/>
  <member type="way" ref="119887850" role=""/>
  <member type="way" ref="119885316" role=""/>
  <member type="way" ref="119887360" role=""/>
  <member type="way" ref="119885381" role=""/>
  <member type="way" ref="119886472" role=""/>
  <member type="way" ref="119887315" role=""/>
  <member type="way" ref="119888475" role=""/>
  <member type="way" ref="119885217" role=""/>
  <member type="way" ref="1427055400" role=""/>
  <member type="way" ref="1161949597" role=""/>
  <member type="way" ref="119885215" role=""/>
  <member type="way" ref="313215954" role=""/>
  <member type="way" ref="1315871121" role=""/>
  <member type="way" ref="313215953" role=""/>
  <member type="way" ref="1215930726" role=""/>
  <member type="way" ref="1215930720" role=""/>
  <member type="way" ref="1215930724" role=""/>
  <member type="way" ref="1215930725" role=""/>
  <tag k="from" v="山口県山口市陶"/>
  <tag k="name" v="山口県道200号　陶湯田線"/>
  <tag k="name:en" v="Yamaguchi Prefectural Route 200 Sue Yuda Line"/>
  <tag k="name:ja" v="山口県道200号　陶湯田線"/>
  <tag k="name:ja-Hira" v="やまぐちけんどう200ごう　すえゆだせん"/>
  <tag k="name:ja_rm" v="Yamaguchikendō 200-gō Sue Yuda-sen"/>
  <tag k="network" v="JP:prefectural"/>
  <tag k="ref" v="200"/>
  <tag k="route" v="road"/>
  <tag k="to" v="山口県山口市神田町"/>
  <tag k="type" v="route"/>
  <tag k="wikidata" v="Q11467188"/>
  <tag k="wikipedia" v="ja:山口県道200号陶湯田線"/>
 </relation>
 <relation id="19563808" visible="true" version="1" changeset="171438115" timestamp="2025-09-04T07:35:56Z" user="taketaketake" uid="4757277">
  <member type="way" ref="119878467" role=""/>
  <member type="way" ref="119878796" role=""/>
  <member type="way" ref="1036709690" role=""/>
  <member type="way" ref="119878679" role=""/>
  <member type="way" ref="119878779" role=""/>
  <member type="way" ref="1036709691" role=""/>
  <member type="way" ref="119878619" role=""/>
  <member type="way" ref="119878533" role=""/>
  <member type="way" ref="119878507" role=""/>
  <member type="way" ref="1036697523" role=""/>
  <member type="way" ref="119879037" role=""/>
  <member type="way" ref="119885215" role=""/>
  <member type="way" ref="1161949597" role=""/>
  <member type="way" ref="119885925" role=""/>
  <member type="way" ref="119886658" role=""/>
  <member type="way" ref="119886196" role=""/>
  <member type="way" ref="119887138" role=""/>
  <member type="way" ref="119885715" role=""/>
  <member type="way" ref="119888579" role=""/>
  <member type="way" ref="119885225" role=""/>
  <tag k="from" v="山口県山口市宮野下"/>
  <tag k="name" v="山口県道204号　宮野大歳線"/>
  <tag k="name:en" v="Yamaguchi Prefectural Route 204 Miyano Otoshi Line"/>
  <tag k="name:ja" v="山口県道204号　宮野大歳線"/>
  <tag k="name:ja-Hira" v="やまぐちけんどう204ごう みやのおおとしせん"/>
  <tag k="name:ja_rm" v="Yamaguchikendō 204-gō Miyano Ōtoshi-sen"/>
  <tag k="network" v="JP:prefectural"/>
  <tag k="ref" v="204"/>
  <tag k="route" v="road"/>
  <tag k="to" v="山口県山口市朝田"/>
  <tag k="type" v="route"/>
  <tag k="wikidata" v="Q11467194"/>
  <tag k="wikipedia" v="ja:山口県道204号宮野大歳線"/>
 </relation>
 <relation id="19564060" visible="true" version="1" changeset="171440305" timestamp="2025-09-04T08:29:55Z" user="taketaketake" uid="4757277">
  <member type="way" ref="119887507" role=""/>
  <member type="way" ref="1427055398" role=""/>
  <member type="way" ref="1427055399" role=""/>
  <member type="way" ref="119888182" role=""/>
  <member type="way" ref="1427055400" role=""/>
  <tag k="from" v="山口県山口市今井町（湯田温泉）"/>
  <tag k="name" v="山口県道206号　湯田停車場線"/>
  <tag k="name:en" v="Yamaguchi Prefectural Route 206 Yuda Station Line"/>
  <tag k="name:ja" v="山口県道206号　湯田停車場線"/>
  <tag k="name:ja-Hira" v="やまぐちけんどう206ごう ゆだていしゃじょうせん"/>
  <tag k="name:ja_rm" v="Yamaguchikendō 206-gō Yuda Teishajō-sen"/>
  <tag k="network" v="JP:prefectural"/>
  <tag k="ref" v="206"/>
  <tag k="route" v="road"/>
  <tag k="to" v="山口県山口市葵1丁目"/>
  <tag k="type" v="route"/>
  <tag k="wikidata" v="Q11467196"/>
  <tag k="wikipedia" v="ja:山口県道206号湯田停車場線"/>
 </relation>
</osm>
