<?xml version="1.0" encoding="UTF-8"?>
<osm version="0.6" generator="openstreetmap-cgimap 2.1.0 (2942769 spike-08.openstreetmap.org)" copyright="OpenStreetMap and contributors" attribution="http://www.openstreetmap.org/copyright" license="http://opendatacommons.org/licenses/odbl/1-0/">
 <bounds minlat="34.1638728" minlon="131.4563645" maxlat="34.1662728" maxlon="131.4593645"/>
 <node id="748912205" visible="true" version="4" changeset="28729558" timestamp="2015-02-09T15:03:00Z" user="mklyr" uid="614924" lat="34.1640978" lon="131.4548375"/>
 <node id="749085919" visible="true" version="3" changeset="11104132" timestamp="2012-03-26T10:55:58Z" user="mklyr" uid="614924" lat="34.1642990" lon="131.4551332"/>
 <node id="749290145" visible="true" version="4" changeset="28729558" timestamp="2015-02-09T15:03:00Z" user="mklyr" uid="614924" lat="34.1640095" lon="131.4547069"/>
 <node id="749768059" visible="true" version="4" changeset="28729558" timestamp="2015-02-09T15:03:00Z" user="mklyr" uid="614924" lat="34.1639715" lon="131.4546013"/>
 <node id="749810147" visible="true" version="4" changeset="28729558" timestamp="2015-02-09T15:03:00Z" user="mklyr" uid="614924" lat="34.1640670" lon="131.4543391"/>
 <node id="749875645" visible="true" version="4" changeset="38091565" timestamp="2016-03-26T22:44:49Z" user="freshcl" uid="1204536" lat="34.1655032" lon="131.4569439"/>
 <node id="1345515019" visible="true" version="2" changeset="11104132" timestamp="2012-03-26T10:08:16Z" user="mklyr" uid="614924" lat="34.1644322" lon="131.4575593"/>
 <node id="1345516085" visible="true" version="5" changeset="72077392" timestamp="2019-07-10T04:44:02Z" user="hibagonsan" uid="5939709" lat="34.1661157" lon="131.4558477"/>
 <node id="1345516674" visible="true" version="7" changeset="71546808" timestamp="2019-06-24T04:30:08Z" user="hibagonsan" uid="5939709" lat="34.1659646" lon="131.4592052"/>
 <node id="1345516929" visible="true" version="4" changeset="39214500" timestamp="2016-05-10T12:00:35Z" user="mklyr" uid="614924" lat="34.1647461" lon="131.4572307"/>
 <node id="1345517552" visible="true" version="6" changeset="71546808" timestamp="2019-06-24T04:30:08Z" user="hibagonsan" uid="5939709" lat="34.1657088" lon="131.4587869"/>
 <node id="1345517568" visible="true" version="4" changeset="37834268" timestamp="2016-03-15T03:22:08Z" user="yoshitk" uid="1003241" lat="34.1662277" lon="131.4579374"/>
 <node id="1345518833" visible="true" version="3" changeset="71845577" timestamp="2019-07-03T06:00:04Z" user="hibagonsan" uid="5939709" lat="34.1639076" lon="131.4597035"/>
 <node id="1345519686" visible="true" version="4" changeset="38091565" timestamp="2016-03-26T22:44:49Z" user="freshcl" uid="1204536" lat="34.1647131" lon="131.4557882"/>
 <node id="1345520205" visible="true" version="3" changeset="39214500" timestamp="2016-05-10T12:00:47Z" user="mklyr" uid="614924" lat="34.1637632" lon="131.4567152"/>
 <node id="1345520946" visible="true" version="3" changeset="38091565" timestamp="2016-03-26T22:44:49Z" user="freshcl" uid="1204536" lat="34.1653448" lon="131.4566581"/>
 <node id="1345521186" visible="true" version="5" changeset="72121048" timestamp="2019-07-11T06:56:09Z" user="hibagonsan" uid="5939709" lat="34.1651155" lon="131.4600640"/>
 <node id="1345521480" visible="true" version="3" changeset="71546808" timestamp="2019-06-24T04:30:08Z" user="hibagonsan" uid="5939709" lat="34.1645785" lon="131.4598654"/>
 <node id="1345523138" visible="true" version="6" changeset="180148595" timestamp="2026-03-20T09:12:12Z" user="Mozkun" uid="2651887" lat="34.1654221" lon="131.4583200">
  <tag k="highway" v="traffic_signals"/>
 </node>
 <node id="1345523491" visible="true" version="2" changeset="39214500" timestamp="2016-05-10T12:00:57Z" user="mklyr" uid="614924" lat="34.1633433" lon="131.4571992"/>
 <node id="1345524710" visible="true" version="9" changeset="180186891" timestamp="2026-03-21T05:22:37Z" user="Mozkun" uid="2651887" lat="34.1630647" lon="131.4543798">
  <tag k="highway" v="traffic_signals"/>
  <tag k="name" v="下湯田"/>
  <tag k="name:en" v="Shimoyuda"/>
 </node>
 <node id="1345526582" visible="true" version="3" changeset="71546808" timestamp="2019-06-24T04:30:08Z" user="hibagonsan" uid="5939709" lat="34.1640353" lon="131.4602683"/>
 <node id="1345527574" visible="true" version="2" changeset="11104132" timestamp="2012-03-26T10:07:51Z" user="mklyr" uid="614924" lat="34.1640275" lon="131.4580505"/>
 <node id="1345527739" visible="true" version="3" changeset="71546808" timestamp="2019-06-24T04:30:08Z" user="hibagonsan" uid="5939709" lat="34.1642355" lon="131.4601641"/>
 <node id="1345527760" visible="true" version="4" changeset="71845577" timestamp="2019-07-03T06:00:04Z" user="hibagonsan" uid="5939709" lat="34.1634717" lon="131.4586428"/>
 <node id="1345527784" visible="true" version="5" changeset="69585307" timestamp="2019-04-26T03:04:53Z" user="hibagonsan" uid="5939709" lat="34.1636526" lon="131.4554034"/>
 <node id="1345527943" visible="true" version="4" changeset="37834268" timestamp="2016-03-15T03:22:08Z" user="yoshitk" uid="1003241" lat="34.1664329" lon="131.4580960"/>
 <node id="1345528554" visible="true" version="3" changeset="71845577" timestamp="2019-07-03T06:00:04Z" user="hibagonsan" uid="5939709" lat="34.1642373" lon="131.4594500"/>
 <node id="1345528559" visible="true" version="7" changeset="69585307" timestamp="2019-04-26T03:04:53Z" user="hibagonsan" uid="5939709" lat="34.1641947" lon="131.4562940">
  <tag k="highway" v="traffic_signals"/>
 </node>
 <node id="1345528691" visible="true" version="8" changeset="180148595" timestamp="2026-03-20T09:12:12Z" user="Mozkun" uid="2651887" lat="34.1665616" lon="131.4601789">
  <tag k="highway" v="traffic_signals"/>
  <tag k="name" v="湯田温泉一丁目"/>
  <tag k="name:en" v="Yudaonsen 1-chome"/>
  <tag k="source" v="survey"/>
 </node>
 <node id="1345529469" visible="true" version="2" changeset="11104132" timestamp="2012-03-26T10:09:08Z" user="mklyr" uid="614924" lat="34.1636420" lon="131.4584621"/>
 <node id="1423654032" visible="true" version="2" changeset="77165236" timestamp="2019-11-16T13:54:36Z" user="higa4" uid="162590" lat="34.1647790" lon="131.4578790">
  <tag k="KSJ2:AdminArea" v="山口県山口市"/>
  <tag k="KSJ2:ADS" v="湯田温泉1-11-21"/>
  <tag k="KSJ2:PubFacAdmin" v="市区町村"/>
  <tag k="name" v="中原中也記念館"/>
  <tag k="note" v="National-Land Numerical Information (Public Facility) 2006, MLIT Japan"/>
  <tag k="note:ja" v="国土数値情報（公共施設データ）平成19年　国土交通省"/>
  <tag k="source" v="KSJ2"/>
  <tag k="source_ref" v="http://nlftp.mlit.go.jp/ksj/jpgis/datalist/KsjTmplt-P02-v2_0.html"/>
  <tag k="tourism" v="museum"/>
  <tag k="wikidata" v="Q11363110"/>
  <tag k="wikipedia" v="ja:中原中也記念館"/>
 </node>
 <node id="1691744864" visible="true" version="2" changeset="71845577" timestamp="2019-07-03T06:00:04Z" user="hibagonsan" uid="5939709" lat="34.1640858" lon="131.4596021"/>
 <node id="1691744871" visible="true" version="2" changeset="39214500" timestamp="2016-05-10T12:01:30Z" user="mklyr" uid="614924" lat="34.1628226" lon="131.4579260"/>
 <node id="1691744918" visible="true" version="2" changeset="47142044" timestamp="2017-03-25T08:21:36Z" user="freshcl" uid="1204536" lat="34.1658222" lon="131.4573816"/>
 <node id="2214755801" visible="true" version="2" changeset="37834268" timestamp="2016-03-15T03:22:08Z" user="yoshitk" uid="1003241" lat="34.1663791" lon="131.4580472"/>
 <node id="2214755807" visible="true" version="4" changeset="56405920" timestamp="2018-02-16T07:59:52Z" user="mklyr" uid="614924" lat="34.1681295" lon="131.4606600"/>
 <node id="3223114299" visible="true" version="1" changeset="27308924" timestamp="2014-12-07T11:33:15Z" user="freshcl" uid="1204536" lat="34.1642445" lon="131.4577871"/>
 <node id="3223114300" visible="true" version="4" changeset="71546808" timestamp="2019-06-24T04:30:08Z" user="hibagonsan" uid="5939709" lat="34.1647974" lon="131.4585995"/>
 <node id="3223114301" visible="true" version="3" changeset="71546808" timestamp="2019-06-24T04:30:08Z" user="hibagonsan" uid="5939709" lat="34.1649236" lon="131.4587714"/>
 <node id="3223114302" visible="true" version="2" changeset="71546808" timestamp="2019-06-24T04:30:08Z" user="hibagonsan" uid="5939709" lat="34.1645744" lon="131.4588188"/>
 <node id="3223114303" visible="true" version="2" changeset="71546808" timestamp="2019-06-24T04:30:08Z" user="hibagonsan" uid="5939709" lat="34.1646919" lon="131.4590064"/>
 <node id="3223114305" visible="true" version="4" changeset="69586696" timestamp="2019-04-26T04:41:37Z" user="hibagonsan" uid="5939709" lat="34.1633009" lon="131.4557499"/>
 <node id="3223114306" visible="true" version="3" changeset="69585307" timestamp="2019-04-26T03:04:53Z" user="hibagonsan" uid="5939709" lat="34.1636432" lon="131.4553929"/>
 <node id="3223114307" visible="true" version="2" changeset="39214500" timestamp="2016-05-10T12:02:00Z" user="mklyr" uid="614924" lat="34.1638841" lon="131.4565957"/>
 <node id="3223114308" visible="true" version="4" changeset="69586696" timestamp="2019-04-26T04:41:37Z" user="hibagonsan" uid="5939709" lat="34.1634372" lon="131.4559600"/>
 <node id="3223114314" visible="true" version="4" changeset="71843771" timestamp="2019-07-03T04:09:57Z" user="hibagonsan" uid="5939709" lat="34.1630462" lon="131.4576090"/>
 <node id="3223114316" visible="true" version="4" changeset="71843771" timestamp="2019-07-03T04:09:57Z" user="hibagonsan" uid="5939709" lat="34.1632032" lon="131.4573746"/>
 <node id="3339899194" visible="true" version="1" changeset="28729558" timestamp="2015-02-09T15:02:40Z" user="mklyr" uid="614924" lat="34.1649587" lon="131.4561429"/>
 <node id="3339899196" visible="true" version="1" changeset="28729558" timestamp="2015-02-09T15:02:40Z" user="mklyr" uid="614924" lat="34.1661636" lon="131.4579516"/>
 <node id="3349546534" visible="true" version="1" changeset="28836126" timestamp="2015-02-14T08:40:18Z" user="freshcl" uid="1204536" lat="34.1641533" lon="131.4578412"/>
 <node id="3349546535" visible="true" version="1" changeset="28836126" timestamp="2015-02-14T08:40:18Z" user="freshcl" uid="1204536" lat="34.1640845" lon="131.4577607"/>
 <node id="3349546536" visible="true" version="1" changeset="28836126" timestamp="2015-02-14T08:40:19Z" user="freshcl" uid="1204536" lat="34.1640113" lon="131.4578546"/>
 <node id="3349546537" visible="true" version="1" changeset="28836126" timestamp="2015-02-14T08:40:19Z" user="freshcl" uid="1204536" lat="34.1640778" lon="131.4579324"/>
 <node id="3897946044" visible="true" version="1" changeset="36024756" timestamp="2015-12-18T10:09:34Z" user="武林　takebatashi" uid="2933736" lat="34.1637984" lon="131.4557461"/>
 <node id="3897946045" visible="true" version="1" changeset="36024756" timestamp="2015-12-18T10:09:34Z" user="武林　takebatashi" uid="2933736" lat="34.1635660" lon="131.4559633"/>
 <node id="3897946046" visible="true" version="1" changeset="36024756" timestamp="2015-12-18T10:09:34Z" user="武林　takebatashi" uid="2933736" lat="34.1638778" lon="131.4564508"/>
 <node id="3897946047" visible="true" version="1" changeset="36024756" timestamp="2015-12-18T10:09:34Z" user="武林　takebatashi" uid="2933736" lat="34.1641103" lon="131.4562336"/>
 <node id="4014497100" visible="true" version="2" changeset="180148595" timestamp="2026-03-20T09:12:12Z" user="Mozkun" uid="2651887" lat="34.1655606" lon="131.4583748">
  <tag k="amenity" v="post_box"/>
  <tag k="check_date" v="2026-03-20"/>
  <tag k="ref" v="753324"/>
 </node>
 <node id="4069500789" visible="true" version="1" changeset="37950696" timestamp="2016-03-20T07:23:20Z" user="freshcl" uid="1204536" lat="34.1639733" lon="131.4579046"/>
 <node id="4069500792" visible="true" version="1" changeset="37950696" timestamp="2016-03-20T07:23:20Z" user="freshcl" uid="1204536" lat="34.1640009" lon="131.4578703"/>
 <node id="4069500797" visible="true" version="1" changeset="37950696" timestamp="2016-03-20T07:23:20Z" user="freshcl" uid="1204536" lat="34.1640307" lon="131.4579757"/>
 <node id="4069500799" visible="true" version="1" changeset="37950696" timestamp="2016-03-20T07:23:20Z" user="freshcl" uid="1204536" lat="34.1640583" lon="131.4577199"/>
 <node id="4069500800" visible="true" version="1" changeset="37950696" timestamp="2016-03-20T07:23:20Z" user="freshcl" uid="1204536" lat="34.1640598" lon="131.4579406"/>
 <node id="4069500801" visible="true" version="1" changeset="37950696" timestamp="2016-03-20T07:23:20Z" user="freshcl" uid="1204536" lat="34.1640814" lon="131.4576874"/>
 <node id="4069500802" visible="true" version="1" changeset="37950696" timestamp="2016-03-20T07:23:20Z" user="freshcl" uid="1204536" lat="34.1640956" lon="131.4581388"/>
 <node id="4069500805" visible="true" version="1" changeset="37950696" timestamp="2016-03-20T07:23:20Z" user="freshcl" uid="1204536" lat="34.1641194" lon="131.4576577"/>
 <node id="4069500807" visible="true" version="1" changeset="37950696" timestamp="2016-03-20T07:23:21Z" user="freshcl" uid="1204536" lat="34.1641477" lon="131.4576190"/>
 <node id="4069500808" visible="true" version="1" changeset="37950696" timestamp="2016-03-20T07:23:21Z" user="freshcl" uid="1204536" lat="34.1641559" lon="131.4578262"/>
 <node id="4069500809" visible="true" version="1" changeset="37950696" timestamp="2016-03-20T07:23:21Z" user="freshcl" uid="1204536" lat="34.1641791" lon="131.4577946"/>
 <node id="4069500810" visible="true" version="1" changeset="37950696" timestamp="2016-03-20T07:23:21Z" user="freshcl" uid="1204536" lat="34.1641895" lon="131.4576505"/>
 <node id="4069500811" visible="true" version="2" changeset="71546808" timestamp="2019-06-24T04:30:08Z" user="hibagonsan" uid="5939709" lat="34.1641886" lon="131.4579192"/>
 <node id="4069500812" visible="true" version="1" changeset="37950696" timestamp="2016-03-20T07:23:21Z" user="freshcl" uid="1204536" lat="34.1642089" lon="131.4577577"/>
 <node id="4069500814" visible="true" version="1" changeset="37950696" timestamp="2016-03-20T07:23:21Z" user="freshcl" uid="1204536" lat="34.1642119" lon="131.4580127"/>
 <node id="4069500815" visible="true" version="1" changeset="37950696" timestamp="2016-03-20T07:23:21Z" user="freshcl" uid="1204536" lat="34.1642163" lon="131.4576154"/>
 <node id="4069500816" visible="true" version="1" changeset="37950696" timestamp="2016-03-20T07:23:21Z" user="freshcl" uid="1204536" lat="34.1642297" lon="131.4583676"/>
 <node id="4069500817" visible="true" version="2" changeset="71546808" timestamp="2019-06-24T04:30:08Z" user="hibagonsan" uid="5939709" lat="34.1642277" lon="131.4579749"/>
 <node id="4069500818" visible="true" version="1" changeset="37950696" timestamp="2016-03-20T07:23:21Z" user="freshcl" uid="1204536" lat="34.1642387" lon="131.4577271"/>
 <node id="4069500819" visible="true" version="1" changeset="37950696" timestamp="2016-03-20T07:23:21Z" user="freshcl" uid="1204536" lat="34.1642461" lon="131.4577208"/>
 <node id="4069500820" visible="true" version="1" changeset="37950696" timestamp="2016-03-20T07:23:21Z" user="freshcl" uid="1204536" lat="34.1642476" lon="131.4583280"/>
 <node id="4069500821" visible="true" version="2" changeset="71546808" timestamp="2019-06-24T04:30:08Z" user="hibagonsan" uid="5939709" lat="34.1642409" lon="131.4578656"/>
 <node id="4069500822" visible="true" version="1" changeset="37950696" timestamp="2016-03-20T07:23:21Z" user="freshcl" uid="1204536" lat="34.1642521" lon="131.4576181"/>
 <node id="4069500823" visible="true" version="2" changeset="38282923" timestamp="2016-04-04T07:31:28Z" user="show1017" uid="3244669" lat="34.1642649" lon="131.4562830"/>
 <node id="4069500824" visible="true" version="1" changeset="37950696" timestamp="2016-03-20T07:23:21Z" user="freshcl" uid="1204536" lat="34.1642752" lon="131.4576829"/>
 <node id="4069500825" visible="true" version="2" changeset="71546808" timestamp="2019-06-24T04:30:08Z" user="hibagonsan" uid="5939709" lat="34.1642800" lon="131.4579212"/>
 <node id="4069500826" visible="true" version="1" changeset="37950696" timestamp="2016-03-20T07:23:21Z" user="freshcl" uid="1204536" lat="34.1642931" lon="131.4576640"/>
 <node id="4069500828" visible="true" version="1" changeset="37950696" timestamp="2016-03-20T07:23:21Z" user="freshcl" uid="1204536" lat="34.1643116" lon="131.4572782"/>
 <node id="4069500829" visible="true" version="1" changeset="37950696" timestamp="2016-03-20T07:23:21Z" user="freshcl" uid="1204536" lat="34.1643125" lon="131.4575478"/>
 <node id="4069500830" visible="true" version="2" changeset="38282923" timestamp="2016-04-04T07:31:28Z" user="show1017" uid="3244669" lat="34.1643451" lon="131.4563975"/>
 <node id="4069500831" visible="true" version="1" changeset="37950696" timestamp="2016-03-20T07:23:21Z" user="freshcl" uid="1204536" lat="34.1643505" lon="131.4575938"/>
 <node id="4069500832" visible="true" version="1" changeset="37950696" timestamp="2016-03-20T07:23:21Z" user="freshcl" uid="1204536" lat="34.1643559" lon="131.4572196"/>
 <node id="4069500833" visible="true" version="1" changeset="37950696" timestamp="2016-03-20T07:23:21Z" user="freshcl" uid="1204536" lat="34.1643729" lon="131.4578379"/>
 <node id="4069500834" visible="true" version="1" changeset="37950696" timestamp="2016-03-20T07:23:21Z" user="freshcl" uid="1204536" lat="34.1643729" lon="131.4585388"/>
 <node id="4069500835" visible="true" version="1" changeset="37950696" timestamp="2016-03-20T07:23:21Z" user="freshcl" uid="1204536" lat="34.1643818" lon="131.4577702"/>
 <node id="4069500837" visible="true" version="1" changeset="37950696" timestamp="2016-03-20T07:23:21Z" user="freshcl" uid="1204536" lat="34.1643854" lon="131.4574541"/>
 <node id="4069500838" visible="true" version="1" changeset="37950696" timestamp="2016-03-20T07:23:21Z" user="freshcl" uid="1204536" lat="34.1643925" lon="131.4564312"/>
 <node id="4069500839" visible="true" version="1" changeset="37950696" timestamp="2016-03-20T07:23:21Z" user="freshcl" uid="1204536" lat="34.1644055" lon="131.4578000"/>
 <node id="4069500840" visible="true" version="1" changeset="37950696" timestamp="2016-03-20T07:23:21Z" user="freshcl" uid="1204536" lat="34.1644065" lon="131.4574005"/>
 <node id="4069500841" visible="true" version="1" changeset="37950696" timestamp="2016-03-20T07:23:21Z" user="freshcl" uid="1204536" lat="34.1644147" lon="131.4578904"/>
 <node id="4069500842" visible="true" version="1" changeset="37950696" timestamp="2016-03-20T07:23:21Z" user="freshcl" uid="1204536" lat="34.1644192" lon="131.4574999"/>
 <node id="4069500843" visible="true" version="1" changeset="37950696" timestamp="2016-03-20T07:23:21Z" user="freshcl" uid="1204536" lat="34.1644403" lon="131.4563406"/>
 <node id="4069500845" visible="true" version="1" changeset="37950696" timestamp="2016-03-20T07:23:21Z" user="freshcl" uid="1204536" lat="34.1644445" lon="131.4575025"/>
 <node id="4069500846" visible="true" version="1" changeset="37950696" timestamp="2016-03-20T07:23:21Z" user="freshcl" uid="1204536" lat="34.1644499" lon="131.4576910"/>
 <node id="4069500847" visible="true" version="2" changeset="38282923" timestamp="2016-04-04T07:31:27Z" user="show1017" uid="3244669" lat="34.1644564" lon="131.4560872"/>
 <node id="4069500848" visible="true" version="1" changeset="37950696" timestamp="2016-03-20T07:23:21Z" user="freshcl" uid="1204536" lat="34.1644564" lon="131.4563626"/>
 <node id="4069500849" visible="true" version="1" changeset="37950696" timestamp="2016-03-20T07:23:21Z" user="freshcl" uid="1204536" lat="34.1644634" lon="131.4570757"/>
 <node id="4069500850" visible="true" version="1" changeset="37950696" timestamp="2016-03-20T07:23:21Z" user="freshcl" uid="1204536" lat="34.1644729" lon="131.4565407"/>
 <node id="4069500851" visible="true" version="1" changeset="37950696" timestamp="2016-03-20T07:23:21Z" user="freshcl" uid="1204536" lat="34.1644996" lon="131.4573271"/>
 <node id="4069500852" visible="true" version="2" changeset="71546808" timestamp="2019-06-24T04:30:08Z" user="hibagonsan" uid="5939709" lat="34.1645561" lon="131.4583324"/>
 <node id="4069500853" visible="true" version="1" changeset="37950696" timestamp="2016-03-20T07:23:21Z" user="freshcl" uid="1204536" lat="34.1645098" lon="131.4574286"/>
 <node id="4069500854" visible="true" version="1" changeset="37950696" timestamp="2016-03-20T07:23:21Z" user="freshcl" uid="1204536" lat="34.1645154" lon="131.4577733"/>
 <node id="4069500855" visible="true" version="1" changeset="37950696" timestamp="2016-03-20T07:23:21Z" user="freshcl" uid="1204536" lat="34.1645246" lon="131.4570145"/>
 <node id="4069500856" visible="true" version="1" changeset="37950696" timestamp="2016-03-20T07:23:21Z" user="freshcl" uid="1204536" lat="34.1645346" lon="131.4573712"/>
 <node id="4069500857" visible="true" version="1" changeset="37950696" timestamp="2016-03-20T07:23:21Z" user="freshcl" uid="1204536" lat="34.1645375" lon="131.4562363"/>
 <node id="4069500858" visible="true" version="1" changeset="37950696" timestamp="2016-03-20T07:23:21Z" user="freshcl" uid="1204536" lat="34.1645383" lon="131.4572838"/>
 <node id="4069500859" visible="true" version="2" changeset="38282923" timestamp="2016-04-04T07:31:29Z" user="show1017" uid="3244669" lat="34.1645365" lon="131.4562018"/>
 <node id="4069500860" visible="true" version="2" changeset="41783456" timestamp="2016-08-29T17:54:13Z" user="Syl" uid="224440" lat="34.1645534" lon="131.4572701"/>
 <node id="4069500861" visible="true" version="1" changeset="37950696" timestamp="2016-03-20T07:23:21Z" user="freshcl" uid="1204536" lat="34.1645741" lon="131.4573280"/>
 <node id="4069500862" visible="true" version="1" changeset="37950696" timestamp="2016-03-20T07:23:21Z" user="freshcl" uid="1204536" lat="34.1645777" lon="131.4572418"/>
 <node id="4069500863" visible="true" version="1" changeset="37950696" timestamp="2016-03-20T07:23:21Z" user="freshcl" uid="1204536" lat="34.1645862" lon="131.4573117"/>
 <node id="4069500865" visible="true" version="1" changeset="37950696" timestamp="2016-03-20T07:23:21Z" user="freshcl" uid="1204536" lat="34.1646097" lon="131.4572814"/>
 <node id="4069500866" visible="true" version="1" changeset="37950696" timestamp="2016-03-20T07:23:21Z" user="freshcl" uid="1204536" lat="34.1646195" lon="131.4572719"/>
 <node id="4069500867" visible="true" version="1" changeset="37950696" timestamp="2016-03-20T07:23:21Z" user="freshcl" uid="1204536" lat="34.1646342" lon="131.4574579"/>
 <node id="4069500868" visible="true" version="1" changeset="37950696" timestamp="2016-03-20T07:23:22Z" user="freshcl" uid="1204536" lat="34.1646398" lon="131.4568874"/>
 <node id="4069500869" visible="true" version="1" changeset="37950696" timestamp="2016-03-20T07:23:22Z" user="freshcl" uid="1204536" lat="34.1646574" lon="131.4572387"/>
 <node id="4069500870" visible="true" version="1" changeset="37950696" timestamp="2016-03-20T07:23:22Z" user="freshcl" uid="1204536" lat="34.1646595" lon="131.4578401"/>
 <node id="4069500871" visible="true" version="1" changeset="37950696" timestamp="2016-03-20T07:23:22Z" user="freshcl" uid="1204536" lat="34.1646671" lon="131.4568051"/>
 <node id="4069500872" visible="true" version="1" changeset="37950696" timestamp="2016-03-20T07:23:22Z" user="freshcl" uid="1204536" lat="34.1646890" lon="131.4575369"/>
 <node id="4069500873" visible="true" version="1" changeset="37950696" timestamp="2016-03-20T07:23:22Z" user="freshcl" uid="1204536" lat="34.1647052" lon="131.4569843"/>
 <node id="4069500874" visible="true" version="1" changeset="37950696" timestamp="2016-03-20T07:23:22Z" user="freshcl" uid="1204536" lat="34.1647122" lon="131.4573611"/>
 <node id="4069500875" visible="true" version="1" changeset="37950696" timestamp="2016-03-20T07:23:22Z" user="freshcl" uid="1204536" lat="34.1647427" lon="131.4570448"/>
 <node id="4069500876" visible="true" version="1" changeset="37950696" timestamp="2016-03-20T07:23:22Z" user="freshcl" uid="1204536" lat="34.1647671" lon="131.4576999"/>
 <node id="4069500877" visible="true" version="1" changeset="37950696" timestamp="2016-03-20T07:23:22Z" user="freshcl" uid="1204536" lat="34.1647671" lon="131.4578095"/>
 <node id="4069500878" visible="true" version="1" changeset="37950696" timestamp="2016-03-20T07:23:22Z" user="freshcl" uid="1204536" lat="34.1647734" lon="131.4574528"/>
 <node id="4069500879" visible="true" version="1" changeset="37950696" timestamp="2016-03-20T07:23:22Z" user="freshcl" uid="1204536" lat="34.1647860" lon="131.4578274"/>
 <node id="4069500880" visible="true" version="1" changeset="37950696" timestamp="2016-03-20T07:23:22Z" user="freshcl" uid="1204536" lat="34.1647894" lon="131.4571163"/>
 <node id="4069500881" visible="true" version="1" changeset="37950696" timestamp="2016-03-20T07:23:22Z" user="freshcl" uid="1204536" lat="34.1647910" lon="131.4569942"/>
 <node id="4069500882" visible="true" version="1" changeset="37950696" timestamp="2016-03-20T07:23:22Z" user="freshcl" uid="1204536" lat="34.1647945" lon="131.4565862"/>
 <node id="4069500883" visible="true" version="1" changeset="37950696" timestamp="2016-03-20T07:23:22Z" user="freshcl" uid="1204536" lat="34.1648071" lon="131.4577535"/>
 <node id="4069500884" visible="true" version="1" changeset="37950696" timestamp="2016-03-20T07:23:22Z" user="freshcl" uid="1204536" lat="34.1648198" lon="131.4569788"/>
 <node id="4069500885" visible="true" version="1" changeset="37950696" timestamp="2016-03-20T07:23:22Z" user="freshcl" uid="1204536" lat="34.1648282" lon="131.4578019"/>
 <node id="4069500886" visible="true" version="1" changeset="37950696" timestamp="2016-03-20T07:23:22Z" user="freshcl" uid="1204536" lat="34.1648283" lon="131.4566322"/>
 <node id="4069500887" visible="true" version="1" changeset="37950696" timestamp="2016-03-20T07:23:22Z" user="freshcl" uid="1204536" lat="34.1648345" lon="131.4580490"/>
 <node id="4069500888" visible="true" version="1" changeset="37950696" timestamp="2016-03-20T07:23:22Z" user="freshcl" uid="1204536" lat="34.1648378" lon="131.4570683"/>
 <node id="4069500989" visible="true" version="1" changeset="37950696" timestamp="2016-03-20T07:23:22Z" user="freshcl" uid="1204536" lat="34.1648549" lon="131.4566810"/>
 <node id="4069500990" visible="true" version="1" changeset="37950696" timestamp="2016-03-20T07:23:22Z" user="freshcl" uid="1204536" lat="34.1648612" lon="131.4568365"/>
 <node id="4069500991" visible="true" version="1" changeset="37950696" timestamp="2016-03-20T07:23:22Z" user="freshcl" uid="1204536" lat="34.1648640" lon="131.4570425"/>
 <node id="4069500992" visible="true" version="1" changeset="37950696" timestamp="2016-03-20T07:23:22Z" user="freshcl" uid="1204536" lat="34.1648739" lon="131.4572670"/>
 <node id="4069500993" visible="true" version="1" changeset="37950696" timestamp="2016-03-20T07:23:22Z" user="freshcl" uid="1204536" lat="34.1648746" lon="131.4569177"/>
 <node id="4069500994" visible="true" version="1" changeset="37950696" timestamp="2016-03-20T07:23:22Z" user="freshcl" uid="1204536" lat="34.1648809" lon="131.4579955"/>
 <node id="4069500995" visible="true" version="1" changeset="37950696" timestamp="2016-03-20T07:23:22Z" user="freshcl" uid="1204536" lat="34.1648999" lon="131.4580236"/>
 <node id="4069500996" visible="true" version="1" changeset="37950696" timestamp="2016-03-20T07:23:22Z" user="freshcl" uid="1204536" lat="34.1649167" lon="131.4569839"/>
 <node id="4069500997" visible="true" version="1" changeset="37950696" timestamp="2016-03-20T07:23:22Z" user="freshcl" uid="1204536" lat="34.1649185" lon="131.4573320"/>
 <node id="4069500998" visible="true" version="1" changeset="37950696" timestamp="2016-03-20T07:23:22Z" user="freshcl" uid="1204536" lat="34.1649224" lon="131.4569231"/>
 <node id="4069500999" visible="true" version="1" changeset="37950696" timestamp="2016-03-20T07:23:22Z" user="freshcl" uid="1204536" lat="34.1649412" lon="131.4571996"/>
 <node id="4069501000" visible="true" version="1" changeset="37950696" timestamp="2016-03-20T07:23:22Z" user="freshcl" uid="1204536" lat="34.1649463" lon="131.4579573"/>
 <node id="4069501001" visible="true" version="1" changeset="37950696" timestamp="2016-03-20T07:23:22Z" user="freshcl" uid="1204536" lat="34.1649479" lon="131.4573025"/>
 <node id="4069501002" visible="true" version="1" changeset="37950696" timestamp="2016-03-20T07:23:22Z" user="freshcl" uid="1204536" lat="34.1649659" lon="131.4570954"/>
 <node id="4069501003" visible="true" version="1" changeset="37950696" timestamp="2016-03-20T07:23:22Z" user="freshcl" uid="1204536" lat="34.1649723" lon="131.4572449"/>
 <node id="4069501004" visible="true" version="1" changeset="37950696" timestamp="2016-03-20T07:23:22Z" user="freshcl" uid="1204536" lat="34.1649835" lon="131.4568671"/>
 <node id="4069501005" visible="true" version="1" changeset="37950696" timestamp="2016-03-20T07:23:22Z" user="freshcl" uid="1204536" lat="34.1649949" lon="131.4573710"/>
 <node id="4069501006" visible="true" version="1" changeset="37950696" timestamp="2016-03-20T07:23:22Z" user="freshcl" uid="1204536" lat="34.1649972" lon="131.4571422"/>
 <node id="4069501007" visible="true" version="1" changeset="37950696" timestamp="2016-03-20T07:23:22Z" user="freshcl" uid="1204536" lat="34.1650647" lon="131.4571524"/>
 <node id="4069501008" visible="true" version="1" changeset="37950696" timestamp="2016-03-20T07:23:22Z" user="freshcl" uid="1204536" lat="34.1650898" lon="131.4572760"/>
 <node id="4069501009" visible="true" version="1" changeset="37950696" timestamp="2016-03-20T07:23:22Z" user="freshcl" uid="1204536" lat="34.1650956" lon="131.4570521"/>
 <node id="4069501010" visible="true" version="1" changeset="37950696" timestamp="2016-03-20T07:23:22Z" user="freshcl" uid="1204536" lat="34.1651295" lon="131.4572470"/>
 <node id="4069501012" visible="true" version="3" changeset="39214500" timestamp="2016-05-10T12:02:14Z" user="mklyr" uid="614924" lat="34.1651037" lon="131.4578363"/>
 <node id="4069501013" visible="true" version="1" changeset="37950696" timestamp="2016-03-20T07:23:22Z" user="freshcl" uid="1204536" lat="34.1651568" lon="131.4573736"/>
 <node id="4069501014" visible="true" version="1" changeset="37950696" timestamp="2016-03-20T07:23:22Z" user="freshcl" uid="1204536" lat="34.1651853" lon="131.4571781"/>
 <node id="4069501019" visible="true" version="1" changeset="37950696" timestamp="2016-03-20T07:23:22Z" user="freshcl" uid="1204536" lat="34.1652179" lon="131.4568503"/>
 <node id="4069501022" visible="true" version="1" changeset="37950696" timestamp="2016-03-20T07:23:22Z" user="freshcl" uid="1204536" lat="34.1652250" lon="131.4572016"/>
 <node id="4069501023" visible="true" version="1" changeset="37950696" timestamp="2016-03-20T07:23:22Z" user="freshcl" uid="1204536" lat="34.1652484" lon="131.4571800"/>
 <node id="4069501025" visible="true" version="1" changeset="37950696" timestamp="2016-03-20T07:23:22Z" user="freshcl" uid="1204536" lat="34.1652631" lon="131.4572671"/>
 <node id="4069501030" visible="true" version="1" changeset="37950696" timestamp="2016-03-20T07:23:23Z" user="freshcl" uid="1204536" lat="34.1653088" lon="131.4571224"/>
 <node id="4069501035" visible="true" version="1" changeset="37950696" timestamp="2016-03-20T07:23:23Z" user="freshcl" uid="1204536" lat="34.1653321" lon="131.4571241"/>
 <node id="4069501037" visible="true" version="1" changeset="37950696" timestamp="2016-03-20T07:23:23Z" user="freshcl" uid="1204536" lat="34.1653550" lon="131.4573494"/>
 <node id="4069501038" visible="true" version="1" changeset="37950696" timestamp="2016-03-20T07:23:23Z" user="freshcl" uid="1204536" lat="34.1653565" lon="131.4570647"/>
 <node id="4069501042" visible="true" version="1" changeset="37950696" timestamp="2016-03-20T07:23:23Z" user="freshcl" uid="1204536" lat="34.1653785" lon="131.4572107"/>
 <node id="4069501046" visible="true" version="1" changeset="37950696" timestamp="2016-03-20T07:23:23Z" user="freshcl" uid="1204536" lat="34.1654191" lon="131.4572900"/>
 <node id="4069501049" visible="true" version="1" changeset="37950696" timestamp="2016-03-20T07:23:23Z" user="freshcl" uid="1204536" lat="34.1654417" lon="131.4574885"/>
 <node id="4069501050" visible="true" version="1" changeset="37950696" timestamp="2016-03-20T07:23:23Z" user="freshcl" uid="1204536" lat="34.1654502" lon="131.4571547"/>
 <node id="4069501053" visible="true" version="1" changeset="37950696" timestamp="2016-03-20T07:23:23Z" user="freshcl" uid="1204536" lat="34.1654818" lon="131.4569916"/>
 <node id="4069501058" visible="true" version="1" changeset="37950696" timestamp="2016-03-20T07:23:23Z" user="freshcl" uid="1204536" lat="34.1655366" lon="131.4570731"/>
 <node id="4080663506" visible="true" version="1" changeset="38091565" timestamp="2016-03-26T22:44:40Z" user="freshcl" uid="1204536" lat="34.1639099" lon="131.4566356"/>
 <node id="4080663507" visible="true" version="1" changeset="38091565" timestamp="2016-03-26T22:44:41Z" user="freshcl" uid="1204536" lat="34.1639727" lon="131.4568434"/>
 <node id="4080663508" visible="true" version="1" changeset="38091565" timestamp="2016-03-26T22:44:41Z" user="freshcl" uid="1204536" lat="34.1639810" lon="131.4567348"/>
 <node id="4080663509" visible="true" version="1" changeset="38091565" timestamp="2016-03-26T22:44:41Z" user="freshcl" uid="1204536" lat="34.1640022" lon="131.4568852"/>
 <node id="4080663510" visible="true" version="1" changeset="38091565" timestamp="2016-03-26T22:44:41Z" user="freshcl" uid="1204536" lat="34.1640057" lon="131.4567619"/>
 <node id="4080663511" visible="true" version="1" changeset="38091565" timestamp="2016-03-26T22:44:41Z" user="freshcl" uid="1204536" lat="34.1640169" lon="131.4569145"/>
 <node id="4080663512" visible="true" version="1" changeset="38091565" timestamp="2016-03-26T22:44:41Z" user="freshcl" uid="1204536" lat="34.1640252" lon="131.4567895"/>
 <node id="4080663513" visible="true" version="1" changeset="38091565" timestamp="2016-03-26T22:44:41Z" user="freshcl" uid="1204536" lat="34.1640614" lon="131.4569747"/>
 <node id="4080663514" visible="true" version="1" changeset="38091565" timestamp="2016-03-26T22:44:41Z" user="freshcl" uid="1204536" lat="34.1640704" lon="131.4566955"/>
 <node id="4080663515" visible="true" version="1" changeset="38091565" timestamp="2016-03-26T22:44:41Z" user="freshcl" uid="1204536" lat="34.1640781" lon="131.4566664"/>
 <node id="4080663516" visible="true" version="1" changeset="38091565" timestamp="2016-03-26T22:44:41Z" user="freshcl" uid="1204536" lat="34.1640836" lon="131.4568423"/>
 <node id="4080663517" visible="true" version="1" changeset="38091565" timestamp="2016-03-26T22:44:41Z" user="freshcl" uid="1204536" lat="34.1640986" lon="131.4568153"/>
 <node id="4080663518" visible="true" version="1" changeset="38091565" timestamp="2016-03-26T22:44:41Z" user="freshcl" uid="1204536" lat="34.1641033" lon="131.4570292"/>
 <node id="4080663519" visible="true" version="1" changeset="38091565" timestamp="2016-03-26T22:44:41Z" user="freshcl" uid="1204536" lat="34.1641175" lon="131.4567255"/>
 <node id="4080663520" visible="true" version="1" changeset="38091565" timestamp="2016-03-26T22:44:41Z" user="freshcl" uid="1204536" lat="34.1641192" lon="131.4567649"/>
 <node id="4080663521" visible="true" version="1" changeset="38091565" timestamp="2016-03-26T22:44:41Z" user="freshcl" uid="1204536" lat="34.1641263" lon="131.4567858"/>
 <node id="4080663522" visible="true" version="1" changeset="38091565" timestamp="2016-03-26T22:44:41Z" user="freshcl" uid="1204536" lat="34.1641275" lon="131.4567436"/>
 <node id="4080663523" visible="true" version="1" changeset="38091565" timestamp="2016-03-26T22:44:41Z" user="freshcl" uid="1204536" lat="34.1641282" lon="131.4569025"/>
 <node id="4080663524" visible="true" version="1" changeset="38091565" timestamp="2016-03-26T22:44:41Z" user="freshcl" uid="1204536" lat="34.1641363" lon="131.4564076"/>
 <node id="4080663525" visible="true" version="1" changeset="38091565" timestamp="2016-03-26T22:44:41Z" user="freshcl" uid="1204536" lat="34.1641408" lon="131.4568703"/>
 <node id="4080663526" visible="true" version="1" changeset="38091565" timestamp="2016-03-26T22:44:41Z" user="freshcl" uid="1204536" lat="34.1641696" lon="131.4568394"/>
 <node id="4080663527" visible="true" version="1" changeset="38091565" timestamp="2016-03-26T22:44:41Z" user="freshcl" uid="1204536" lat="34.1641839" lon="131.4569380"/>
 <node id="4080663528" visible="true" version="1" changeset="38091565" timestamp="2016-03-26T22:44:41Z" user="freshcl" uid="1204536" lat="34.1641874" lon="131.4566838"/>
 <node id="4080663529" visible="true" version="1" changeset="38091565" timestamp="2016-03-26T22:44:41Z" user="freshcl" uid="1204536" lat="34.1641946" lon="131.4568416"/>
 <node id="4080663530" visible="true" version="1" changeset="38091565" timestamp="2016-03-26T22:44:41Z" user="freshcl" uid="1204536" lat="34.1642051" lon="131.4565176"/>
 <node id="4080663531" visible="true" version="1" changeset="38091565" timestamp="2016-03-26T22:44:41Z" user="freshcl" uid="1204536" lat="34.1642167" lon="131.4565316"/>
 <node id="4080663532" visible="true" version="1" changeset="38091565" timestamp="2016-03-26T22:44:41Z" user="freshcl" uid="1204536" lat="34.1642288" lon="131.4571909"/>
 <node id="4080663533" visible="true" version="1" changeset="38091565" timestamp="2016-03-26T22:44:41Z" user="freshcl" uid="1204536" lat="34.1642311" lon="131.4571041"/>
 <node id="4080663534" visible="true" version="1" changeset="38091565" timestamp="2016-03-26T22:44:41Z" user="freshcl" uid="1204536" lat="34.1642328" lon="131.4570414"/>
 <node id="4080663535" visible="true" version="1" changeset="38091565" timestamp="2016-03-26T22:44:41Z" user="freshcl" uid="1204536" lat="34.1642467" lon="131.4568397"/>
 <node id="4080663536" visible="true" version="1" changeset="38091565" timestamp="2016-03-26T22:44:41Z" user="freshcl" uid="1204536" lat="34.1642494" lon="131.4570225"/>
 <node id="4080663537" visible="true" version="1" changeset="38091565" timestamp="2016-03-26T22:44:41Z" user="freshcl" uid="1204536" lat="34.1642513" lon="131.4571302"/>
 <node id="4080663538" visible="true" version="1" changeset="38091565" timestamp="2016-03-26T22:44:41Z" user="freshcl" uid="1204536" lat="34.1642544" lon="131.4567818"/>
 <node id="4080663539" visible="true" version="1" changeset="38091565" timestamp="2016-03-26T22:44:41Z" user="freshcl" uid="1204536" lat="34.1642561" lon="131.4565907"/>
 <node id="4080663540" visible="true" version="1" changeset="38091565" timestamp="2016-03-26T22:44:41Z" user="freshcl" uid="1204536" lat="34.1642579" lon="131.4570738"/>
 <node id="4080663541" visible="true" version="1" changeset="38091565" timestamp="2016-03-26T22:44:41Z" user="freshcl" uid="1204536" lat="34.1642679" lon="131.4570399"/>
 <node id="4080663542" visible="true" version="1" changeset="38091565" timestamp="2016-03-26T22:44:41Z" user="freshcl" uid="1204536" lat="34.1642700" lon="131.4571090"/>
 <node id="4080663543" visible="true" version="1" changeset="38091565" timestamp="2016-03-26T22:44:41Z" user="freshcl" uid="1204536" lat="34.1642845" lon="131.4571277"/>
 <node id="4080663544" visible="true" version="1" changeset="38091565" timestamp="2016-03-26T22:44:41Z" user="freshcl" uid="1204536" lat="34.1642933" lon="131.4570103"/>
 <node id="4080663545" visible="true" version="1" changeset="38091565" timestamp="2016-03-26T22:44:41Z" user="freshcl" uid="1204536" lat="34.1643022" lon="131.4569350"/>
 <node id="4080663546" visible="true" version="1" changeset="38091565" timestamp="2016-03-26T22:44:41Z" user="freshcl" uid="1204536" lat="34.1643089" lon="131.4570911"/>
 <node id="4080663547" visible="true" version="1" changeset="38091565" timestamp="2016-03-26T22:44:41Z" user="freshcl" uid="1204536" lat="34.1643113" lon="131.4569752"/>
 <node id="4080663548" visible="true" version="1" changeset="38091565" timestamp="2016-03-26T22:44:41Z" user="freshcl" uid="1204536" lat="34.1643339" lon="131.4570091"/>
 <node id="4080663549" visible="true" version="1" changeset="38091565" timestamp="2016-03-26T22:44:41Z" user="freshcl" uid="1204536" lat="34.1643342" lon="131.4570614"/>
 <node id="4080663550" visible="true" version="1" changeset="38091565" timestamp="2016-03-26T22:44:41Z" user="freshcl" uid="1204536" lat="34.1643436" lon="131.4569996"/>
 <node id="4080663551" visible="true" version="1" changeset="38091565" timestamp="2016-03-26T22:44:41Z" user="freshcl" uid="1204536" lat="34.1643593" lon="131.4567439"/>
 <node id="4080663552" visible="true" version="1" changeset="38091565" timestamp="2016-03-26T22:44:41Z" user="freshcl" uid="1204536" lat="34.1643704" lon="131.4570397"/>
 <node id="4080663553" visible="true" version="1" changeset="38091565" timestamp="2016-03-26T22:44:41Z" user="freshcl" uid="1204536" lat="34.1643852" lon="131.4579797"/>
 <node id="4080663554" visible="true" version="1" changeset="38091565" timestamp="2016-03-26T22:44:41Z" user="freshcl" uid="1204536" lat="34.1644148" lon="131.4568392"/>
 <node id="4080663555" visible="true" version="1" changeset="38091565" timestamp="2016-03-26T22:44:41Z" user="freshcl" uid="1204536" lat="34.1644209" lon="131.4579432"/>
 <node id="4080663556" visible="true" version="1" changeset="38091565" timestamp="2016-03-26T22:44:41Z" user="freshcl" uid="1204536" lat="34.1644281" lon="131.4568612"/>
 <node id="4080663557" visible="true" version="1" changeset="38091565" timestamp="2016-03-26T22:44:41Z" user="freshcl" uid="1204536" lat="34.1644775" lon="131.4569351"/>
 <node id="4080663558" visible="true" version="1" changeset="38091565" timestamp="2016-03-26T22:44:41Z" user="freshcl" uid="1204536" lat="34.1644864" lon="131.4581309"/>
 <node id="4080663559" visible="true" version="1" changeset="38091565" timestamp="2016-03-26T22:44:41Z" user="freshcl" uid="1204536" lat="34.1645064" lon="131.4581544"/>
 <node id="4080663560" visible="true" version="1" changeset="38091565" timestamp="2016-03-26T22:44:41Z" user="freshcl" uid="1204536" lat="34.1645219" lon="131.4580934"/>
 <node id="4080663561" visible="true" version="1" changeset="38091565" timestamp="2016-03-26T22:44:41Z" user="freshcl" uid="1204536" lat="34.1645330" lon="131.4581987"/>
 <node id="4080663562" visible="true" version="1" changeset="38091565" timestamp="2016-03-26T22:44:41Z" user="freshcl" uid="1204536" lat="34.1645352" lon="131.4581222"/>
 <node id="4080663563" visible="true" version="1" changeset="38091565" timestamp="2016-03-26T22:44:41Z" user="freshcl" uid="1204536" lat="34.1645519" lon="131.4582308"/>
 <node id="4080663564" visible="true" version="1" changeset="38091565" timestamp="2016-03-26T22:44:41Z" user="freshcl" uid="1204536" lat="34.1645630" lon="131.4581665"/>
 <node id="4080663565" visible="true" version="1" changeset="38091565" timestamp="2016-03-26T22:44:41Z" user="freshcl" uid="1204536" lat="34.1645907" lon="131.4581879"/>
 <node id="4080663566" visible="true" version="1" changeset="38091565" timestamp="2016-03-26T22:44:41Z" user="freshcl" uid="1204536" lat="34.1645952" lon="131.4582912"/>
 <node id="4080663567" visible="true" version="1" changeset="38091565" timestamp="2016-03-26T22:44:41Z" user="freshcl" uid="1204536" lat="34.1646318" lon="131.4583039"/>
 <node id="4080663568" visible="true" version="1" changeset="38091565" timestamp="2016-03-26T22:44:41Z" user="freshcl" uid="1204536" lat="34.1646351" lon="131.4582469"/>
 <node id="4080663569" visible="true" version="1" changeset="38091565" timestamp="2016-03-26T22:44:41Z" user="freshcl" uid="1204536" lat="34.1646839" lon="131.4583750"/>
 <node id="4080663570" visible="true" version="1" changeset="38091565" timestamp="2016-03-26T22:44:42Z" user="freshcl" uid="1204536" lat="34.1646973" lon="131.4582355"/>
 <node id="4080663571" visible="true" version="1" changeset="38091565" timestamp="2016-03-26T22:44:42Z" user="freshcl" uid="1204536" lat="34.1647116" lon="131.4583961"/>
 <node id="4080663572" visible="true" version="1" changeset="38091565" timestamp="2016-03-26T22:44:42Z" user="freshcl" uid="1204536" lat="34.1647174" lon="131.4584307"/>
 <node id="4080663573" visible="true" version="1" changeset="38091565" timestamp="2016-03-26T22:44:42Z" user="freshcl" uid="1204536" lat="34.1647188" lon="131.4575694"/>
 <node id="4080663574" visible="true" version="1" changeset="38091565" timestamp="2016-03-26T22:44:42Z" user="freshcl" uid="1204536" lat="34.1647285" lon="131.4584184"/>
 <node id="4080663575" visible="true" version="1" changeset="38091565" timestamp="2016-03-26T22:44:42Z" user="freshcl" uid="1204536" lat="34.1647433" lon="131.4576007"/>
 <node id="4080663576" visible="true" version="1" changeset="38091565" timestamp="2016-03-26T22:44:42Z" user="freshcl" uid="1204536" lat="34.1647516" lon="131.4583080"/>
 <node id="4080663577" visible="true" version="1" changeset="38091565" timestamp="2016-03-26T22:44:42Z" user="freshcl" uid="1204536" lat="34.1647574" lon="131.4584834"/>
 <node id="4080663578" visible="true" version="1" changeset="38091565" timestamp="2016-03-26T22:44:42Z" user="freshcl" uid="1204536" lat="34.1647722" lon="131.4583290"/>
 <node id="4080663579" visible="true" version="1" changeset="38091565" timestamp="2016-03-26T22:44:42Z" user="freshcl" uid="1204536" lat="34.1647774" lon="131.4584612"/>
 <node id="4080663580" visible="true" version="1" changeset="38091565" timestamp="2016-03-26T22:44:42Z" user="freshcl" uid="1204536" lat="34.1647872" lon="131.4585005"/>
 <node id="4080663581" visible="true" version="1" changeset="38091565" timestamp="2016-03-26T22:44:42Z" user="freshcl" uid="1204536" lat="34.1647955" lon="131.4574817"/>
 <node id="4080663582" visible="true" version="1" changeset="38091565" timestamp="2016-03-26T22:44:42Z" user="freshcl" uid="1204536" lat="34.1648200" lon="131.4575130"/>
 <node id="4080663583" visible="true" version="1" changeset="38091565" timestamp="2016-03-26T22:44:42Z" user="freshcl" uid="1204536" lat="34.1648291" lon="131.4584039"/>
 <node id="4080663584" visible="true" version="1" changeset="38091565" timestamp="2016-03-26T22:44:42Z" user="freshcl" uid="1204536" lat="34.1648301" lon="131.4576865"/>
 <node id="4080663585" visible="true" version="1" changeset="38091565" timestamp="2016-03-26T22:44:42Z" user="freshcl" uid="1204536" lat="34.1648388" lon="131.4584487"/>
 <node id="4080663586" visible="true" version="1" changeset="38091565" timestamp="2016-03-26T22:44:42Z" user="freshcl" uid="1204536" lat="34.1648393" lon="131.4577688"/>
 <node id="4080663587" visible="true" version="1" changeset="38091565" timestamp="2016-03-26T22:44:42Z" user="freshcl" uid="1204536" lat="34.1648420" lon="131.4585803"/>
 <node id="4080663588" visible="true" version="1" changeset="38091565" timestamp="2016-03-26T22:44:42Z" user="freshcl" uid="1204536" lat="34.1648507" lon="131.4577159"/>
 <node id="4080663689" visible="true" version="1" changeset="38091565" timestamp="2016-03-26T22:44:42Z" user="freshcl" uid="1204536" lat="34.1648800" lon="131.4576860"/>
 <node id="4080663690" visible="true" version="1" changeset="38091565" timestamp="2016-03-26T22:44:42Z" user="freshcl" uid="1204536" lat="34.1648800" lon="131.4585852"/>
 <node id="4080663691" visible="true" version="1" changeset="38091565" timestamp="2016-03-26T22:44:42Z" user="freshcl" uid="1204536" lat="34.1648803" lon="131.4578276"/>
 <node id="4080663692" visible="true" version="1" changeset="38091565" timestamp="2016-03-26T22:44:42Z" user="freshcl" uid="1204536" lat="34.1648841" lon="131.4576314"/>
 <node id="4080663693" visible="true" version="1" changeset="38091565" timestamp="2016-03-26T22:44:42Z" user="freshcl" uid="1204536" lat="34.1648848" lon="131.4586741"/>
 <node id="4080663694" visible="true" version="1" changeset="38091565" timestamp="2016-03-26T22:44:42Z" user="freshcl" uid="1204536" lat="34.1648936" lon="131.4585285"/>
 <node id="4080663695" visible="true" version="1" changeset="38091565" timestamp="2016-03-26T22:44:42Z" user="freshcl" uid="1204536" lat="34.1648968" lon="131.4577101"/>
 <node id="4080663696" visible="true" version="1" changeset="38091565" timestamp="2016-03-26T22:44:42Z" user="freshcl" uid="1204536" lat="34.1649092" lon="131.4578573"/>
 <node id="4080663697" visible="true" version="1" changeset="38091565" timestamp="2016-03-26T22:44:42Z" user="freshcl" uid="1204536" lat="34.1649095" lon="131.4586260"/>
 <node id="4080663698" visible="true" version="1" changeset="38091565" timestamp="2016-03-26T22:44:42Z" user="freshcl" uid="1204536" lat="34.1649136" lon="131.4587103"/>
 <node id="4080663699" visible="true" version="1" changeset="38091565" timestamp="2016-03-26T22:44:42Z" user="freshcl" uid="1204536" lat="34.1649161" lon="131.4585471"/>
 <node id="4080663700" visible="true" version="1" changeset="38091565" timestamp="2016-03-26T22:44:42Z" user="freshcl" uid="1204536" lat="34.1649286" lon="131.4580270"/>
 <node id="4080663701" visible="true" version="1" changeset="38091565" timestamp="2016-03-26T22:44:42Z" user="freshcl" uid="1204536" lat="34.1649342" lon="131.4581763"/>
 <node id="4080663702" visible="true" version="1" changeset="38091565" timestamp="2016-03-26T22:44:42Z" user="freshcl" uid="1204536" lat="34.1649351" lon="131.4577717"/>
 <node id="4080663703" visible="true" version="1" changeset="38091565" timestamp="2016-03-26T22:44:42Z" user="freshcl" uid="1204536" lat="34.1649447" lon="131.4578171"/>
 <node id="4080663704" visible="true" version="1" changeset="38091565" timestamp="2016-03-26T22:44:42Z" user="freshcl" uid="1204536" lat="34.1649448" lon="131.4577856"/>
 <node id="4080663705" visible="true" version="1" changeset="38091565" timestamp="2016-03-26T22:44:42Z" user="freshcl" uid="1204536" lat="34.1649456" lon="131.4585879"/>
 <node id="4080663706" visible="true" version="1" changeset="38091565" timestamp="2016-03-26T22:44:42Z" user="freshcl" uid="1204536" lat="34.1649467" lon="131.4585406"/>
 <node id="4080663707" visible="true" version="1" changeset="38091565" timestamp="2016-03-26T22:44:42Z" user="freshcl" uid="1204536" lat="34.1649480" lon="131.4579056"/>
 <node id="4080663708" visible="true" version="1" changeset="38091565" timestamp="2016-03-26T22:44:42Z" user="freshcl" uid="1204536" lat="34.1649525" lon="131.4586017"/>
 <node id="4080663709" visible="true" version="1" changeset="38091565" timestamp="2016-03-26T22:44:42Z" user="freshcl" uid="1204536" lat="34.1649597" lon="131.4583006"/>
 <node id="4080663710" visible="true" version="1" changeset="38091565" timestamp="2016-03-26T22:44:42Z" user="freshcl" uid="1204536" lat="34.1649671" lon="131.4580789"/>
 <node id="4080663711" visible="true" version="1" changeset="38091565" timestamp="2016-03-26T22:44:42Z" user="freshcl" uid="1204536" lat="34.1649723" lon="131.4577575"/>
 <node id="4080663712" visible="true" version="1" changeset="38091565" timestamp="2016-03-26T22:44:42Z" user="freshcl" uid="1204536" lat="34.1649803" lon="131.4582354"/>
 <node id="4080663713" visible="true" version="1" changeset="38091565" timestamp="2016-03-26T22:44:42Z" user="freshcl" uid="1204536" lat="34.1649813" lon="131.4586365"/>
 <node id="4080663714" visible="true" version="1" changeset="38091565" timestamp="2016-03-26T22:44:42Z" user="freshcl" uid="1204536" lat="34.1649824" lon="131.4578641"/>
 <node id="4080663715" visible="true" version="1" changeset="38091565" timestamp="2016-03-26T22:44:42Z" user="freshcl" uid="1204536" lat="34.1649885" lon="131.4584933"/>
 <node id="4080663716" visible="true" version="1" changeset="38091565" timestamp="2016-03-26T22:44:42Z" user="freshcl" uid="1204536" lat="34.1650075" lon="131.4586189"/>
 <node id="4080663717" visible="true" version="1" changeset="38091565" timestamp="2016-03-26T22:44:42Z" user="freshcl" uid="1204536" lat="34.1650214" lon="131.4581885"/>
 <node id="4080663718" visible="true" version="1" changeset="38091565" timestamp="2016-03-26T22:44:42Z" user="freshcl" uid="1204536" lat="34.1650238" lon="131.4582358"/>
 <node id="4080663719" visible="true" version="1" changeset="38091565" timestamp="2016-03-26T22:44:42Z" user="freshcl" uid="1204536" lat="34.1650384" lon="131.4584141"/>
 <node id="4080663720" visible="true" version="1" changeset="38091565" timestamp="2016-03-26T22:44:42Z" user="freshcl" uid="1204536" lat="34.1650393" lon="131.4579067"/>
 <node id="4080663721" visible="true" version="1" changeset="38091565" timestamp="2016-03-26T22:44:42Z" user="freshcl" uid="1204536" lat="34.1650478" lon="131.4582222"/>
 <node id="4080663722" visible="true" version="1" changeset="38091565" timestamp="2016-03-26T22:44:42Z" user="freshcl" uid="1204536" lat="34.1650488" lon="131.4584528"/>
 <node id="4080663723" visible="true" version="1" changeset="38091565" timestamp="2016-03-26T22:44:42Z" user="freshcl" uid="1204536" lat="34.1650492" lon="131.4585716"/>
 <node id="4080663724" visible="true" version="1" changeset="38091565" timestamp="2016-03-26T22:44:42Z" user="freshcl" uid="1204536" lat="34.1650515" lon="131.4582758"/>
 <node id="4080663725" visible="true" version="1" changeset="38091565" timestamp="2016-03-26T22:44:42Z" user="freshcl" uid="1204536" lat="34.1650779" lon="131.4579586"/>
 <node id="4080663726" visible="true" version="1" changeset="38091565" timestamp="2016-03-26T22:44:42Z" user="freshcl" uid="1204536" lat="34.1650945" lon="131.4579935"/>
 <node id="4080663727" visible="true" version="1" changeset="38091565" timestamp="2016-03-26T22:44:42Z" user="freshcl" uid="1204536" lat="34.1651039" lon="131.4585310"/>
 <node id="4080663728" visible="true" version="1" changeset="38091565" timestamp="2016-03-26T22:44:42Z" user="freshcl" uid="1204536" lat="34.1651184" lon="131.4583813"/>
 <node id="4080663729" visible="true" version="1" changeset="38091565" timestamp="2016-03-26T22:44:42Z" user="freshcl" uid="1204536" lat="34.1651443" lon="131.4583649"/>
 <node id="4080663730" visible="true" version="1" changeset="38091565" timestamp="2016-03-26T22:44:42Z" user="freshcl" uid="1204536" lat="34.1651669" lon="131.4580863"/>
 <node id="4080663731" visible="true" version="1" changeset="38091565" timestamp="2016-03-26T22:44:42Z" user="freshcl" uid="1204536" lat="34.1651735" lon="131.4584595"/>
 <node id="4080663732" visible="true" version="1" changeset="38091565" timestamp="2016-03-26T22:44:42Z" user="freshcl" uid="1204536" lat="34.1651865" lon="131.4581392"/>
 <node id="4080663733" visible="true" version="1" changeset="38091565" timestamp="2016-03-26T22:44:42Z" user="freshcl" uid="1204536" lat="34.1651994" lon="131.4584426"/>
 <node id="4080663734" visible="true" version="1" changeset="38091565" timestamp="2016-03-26T22:44:42Z" user="freshcl" uid="1204536" lat="34.1652373" lon="131.4582126"/>
 <node id="4080663735" visible="true" version="1" changeset="38091565" timestamp="2016-03-26T22:44:42Z" user="freshcl" uid="1204536" lat="34.1652532" lon="131.4588209"/>
 <node id="4080663736" visible="true" version="1" changeset="38091565" timestamp="2016-03-26T22:44:43Z" user="freshcl" uid="1204536" lat="34.1652587" lon="131.4582464"/>
 <node id="4080663737" visible="true" version="1" changeset="38091565" timestamp="2016-03-26T22:44:43Z" user="freshcl" uid="1204536" lat="34.1652898" lon="131.4588746"/>
 <node id="4080663738" visible="true" version="1" changeset="38091565" timestamp="2016-03-26T22:44:43Z" user="freshcl" uid="1204536" lat="34.1652909" lon="131.4585085"/>
 <node id="4080663739" visible="true" version="1" changeset="38091565" timestamp="2016-03-26T22:44:43Z" user="freshcl" uid="1204536" lat="34.1652909" lon="131.4589014"/>
 <node id="4080663740" visible="true" version="1" changeset="38091565" timestamp="2016-03-26T22:44:43Z" user="freshcl" uid="1204536" lat="34.1653138" lon="131.4583241"/>
 <node id="4080663741" visible="true" version="1" changeset="38091565" timestamp="2016-03-26T22:44:43Z" user="freshcl" uid="1204536" lat="34.1653453" lon="131.4585849"/>
 <node id="4080663742" visible="true" version="1" changeset="38091565" timestamp="2016-03-26T22:44:43Z" user="freshcl" uid="1204536" lat="34.1653575" lon="131.4585929"/>
 <node id="4080663743" visible="true" version="1" changeset="38091565" timestamp="2016-03-26T22:44:43Z" user="freshcl" uid="1204536" lat="34.1653653" lon="131.4584320"/>
 <node id="4080663744" visible="true" version="1" changeset="38091565" timestamp="2016-03-26T22:44:43Z" user="freshcl" uid="1204536" lat="34.1653830" lon="131.4590449"/>
 <node id="4080663745" visible="true" version="1" changeset="38091565" timestamp="2016-03-26T22:44:43Z" user="freshcl" uid="1204536" lat="34.1653930" lon="131.4586452"/>
 <node id="4080663747" visible="true" version="1" changeset="38091565" timestamp="2016-03-26T22:44:43Z" user="freshcl" uid="1204536" lat="34.1654207" lon="131.4585125"/>
 <node id="4080663748" visible="true" version="1" changeset="38091565" timestamp="2016-03-26T22:44:43Z" user="freshcl" uid="1204536" lat="34.1654252" lon="131.4585272"/>
 <node id="4080663750" visible="true" version="2" changeset="47138379" timestamp="2017-03-25T01:20:28Z" user="freshcl" uid="1204536" lat="34.1654239" lon="131.4575677"/>
 <node id="4080663751" visible="true" version="2" changeset="47138379" timestamp="2017-03-25T01:20:28Z" user="freshcl" uid="1204536" lat="34.1653697" lon="131.4577038"/>
 <node id="4080663752" visible="true" version="1" changeset="38091565" timestamp="2016-03-26T22:44:43Z" user="freshcl" uid="1204536" lat="34.1654607" lon="131.4585809"/>
 <node id="4080663753" visible="true" version="1" changeset="38091565" timestamp="2016-03-26T22:44:43Z" user="freshcl" uid="1204536" lat="34.1654685" lon="131.4586077"/>
 <node id="4080663754" visible="true" version="2" changeset="47138379" timestamp="2017-03-25T01:20:28Z" user="freshcl" uid="1204536" lat="34.1654535" lon="131.4576218"/>
 <node id="4080663755" visible="true" version="1" changeset="38091565" timestamp="2016-03-26T22:44:43Z" user="freshcl" uid="1204536" lat="34.1655051" lon="131.4586587"/>
 <node id="4080663756" visible="true" version="2" changeset="47138379" timestamp="2017-03-25T01:20:28Z" user="freshcl" uid="1204536" lat="34.1654852" lon="131.4579163"/>
 <node id="4080663758" visible="true" version="1" changeset="38091565" timestamp="2016-03-26T22:44:43Z" user="freshcl" uid="1204536" lat="34.1655228" lon="131.4586788"/>
 <node id="4080663759" visible="true" version="1" changeset="38091565" timestamp="2016-03-26T22:44:43Z" user="freshcl" uid="1204536" lat="34.1655350" lon="131.4593158"/>
 <node id="4080663760" visible="true" version="2" changeset="47138379" timestamp="2017-03-25T01:20:28Z" user="freshcl" uid="1204536" lat="34.1655432" lon="131.4579240"/>
 <node id="4080663761" visible="true" version="1" changeset="38091565" timestamp="2016-03-26T22:44:43Z" user="freshcl" uid="1204536" lat="34.1655484" lon="131.4574414"/>
 <node id="4080663762" visible="true" version="1" changeset="38091565" timestamp="2016-03-26T22:44:43Z" user="freshcl" uid="1204536" lat="34.1655673" lon="131.4581600"/>
 <node id="4080663763" visible="true" version="1" changeset="38091565" timestamp="2016-03-26T22:44:43Z" user="freshcl" uid="1204536" lat="34.1655752" lon="131.4590359"/>
 <node id="4080663764" visible="true" version="1" changeset="38091565" timestamp="2016-03-26T22:44:43Z" user="freshcl" uid="1204536" lat="34.1655815" lon="131.4589552"/>
 <node id="4080663765" visible="true" version="1" changeset="38091565" timestamp="2016-03-26T22:44:43Z" user="freshcl" uid="1204536" lat="34.1655825" lon="131.4591180"/>
 <node id="4080663766" visible="true" version="1" changeset="38091565" timestamp="2016-03-26T22:44:43Z" user="freshcl" uid="1204536" lat="34.1655972" lon="131.4592139"/>
 <node id="4080663767" visible="true" version="1" changeset="38091565" timestamp="2016-03-26T22:44:43Z" user="freshcl" uid="1204536" lat="34.1655976" lon="131.4590148"/>
 <node id="4080663768" visible="true" version="1" changeset="38091565" timestamp="2016-03-26T22:44:43Z" user="freshcl" uid="1204536" lat="34.1656035" lon="131.4584064"/>
 <node id="4080663769" visible="true" version="1" changeset="38091565" timestamp="2016-03-26T22:44:43Z" user="freshcl" uid="1204536" lat="34.1656061" lon="131.4592353"/>
 <node id="4080663770" visible="true" version="1" changeset="38091565" timestamp="2016-03-26T22:44:43Z" user="freshcl" uid="1204536" lat="34.1656099" lon="131.4575358"/>
 <node id="4080663771" visible="true" version="1" changeset="38091565" timestamp="2016-03-26T22:44:43Z" user="freshcl" uid="1204536" lat="34.1656109" lon="131.4590913"/>
 <node id="4080663772" visible="true" version="1" changeset="38091565" timestamp="2016-03-26T22:44:43Z" user="freshcl" uid="1204536" lat="34.1656115" lon="131.4590045"/>
 <node id="4080663773" visible="true" version="1" changeset="38091565" timestamp="2016-03-26T22:44:43Z" user="freshcl" uid="1204536" lat="34.1656117" lon="131.4591633"/>
 <node id="4080663774" visible="true" version="1" changeset="38091565" timestamp="2016-03-26T22:44:43Z" user="freshcl" uid="1204536" lat="34.1656120" lon="131.4590372"/>
 <node id="4080663775" visible="true" version="1" changeset="38091565" timestamp="2016-03-26T22:44:43Z" user="freshcl" uid="1204536" lat="34.1656127" lon="131.4588115"/>
 <node id="4080663776" visible="true" version="2" changeset="47138379" timestamp="2017-03-25T01:20:28Z" user="freshcl" uid="1204536" lat="34.1655662" lon="131.4579601"/>
 <node id="4080663777" visible="true" version="1" changeset="38091565" timestamp="2016-03-26T22:44:43Z" user="freshcl" uid="1204536" lat="34.1656316" lon="131.4594526"/>
 <node id="4080663778" visible="true" version="1" changeset="38091565" timestamp="2016-03-26T22:44:43Z" user="freshcl" uid="1204536" lat="34.1656360" lon="131.4591763"/>
 <node id="4080663779" visible="true" version="1" changeset="38091565" timestamp="2016-03-26T22:44:43Z" user="freshcl" uid="1204536" lat="34.1656495" lon="131.4588949"/>
 <node id="4080663780" visible="true" version="1" changeset="38091565" timestamp="2016-03-26T22:44:43Z" user="freshcl" uid="1204536" lat="34.1656581" lon="131.4583544"/>
 <node id="4080663781" visible="true" version="1" changeset="38091565" timestamp="2016-03-26T22:44:43Z" user="freshcl" uid="1204536" lat="34.1656595" lon="131.4580722"/>
 <node id="4080663782" visible="true" version="1" changeset="38091565" timestamp="2016-03-26T22:44:43Z" user="freshcl" uid="1204536" lat="34.1656794" lon="131.4589441"/>
 <node id="4080663783" visible="true" version="1" changeset="38091565" timestamp="2016-03-26T22:44:43Z" user="freshcl" uid="1204536" lat="34.1656865" lon="131.4591328"/>
 <node id="4080663784" visible="true" version="1" changeset="38091565" timestamp="2016-03-26T22:44:43Z" user="freshcl" uid="1204536" lat="34.1656923" lon="131.4589617"/>
 <node id="4080663785" visible="true" version="1" changeset="38091565" timestamp="2016-03-26T22:44:43Z" user="freshcl" uid="1204536" lat="34.1656985" lon="131.4584164"/>
 <node id="4080663787" visible="true" version="1" changeset="38091565" timestamp="2016-03-26T22:44:43Z" user="freshcl" uid="1204536" lat="34.1657171" lon="131.4592260"/>
 <node id="4080663789" visible="true" version="1" changeset="38091565" timestamp="2016-03-26T22:44:43Z" user="freshcl" uid="1204536" lat="34.1657367" lon="131.4590806"/>
 <node id="4080663791" visible="true" version="1" changeset="38091565" timestamp="2016-03-26T22:44:43Z" user="freshcl" uid="1204536" lat="34.1657377" lon="131.4592046"/>
 <node id="4080663792" visible="true" version="1" changeset="38091565" timestamp="2016-03-26T22:44:43Z" user="freshcl" uid="1204536" lat="34.1657428" lon="131.4590401"/>
 <node id="4080663793" visible="true" version="1" changeset="38091565" timestamp="2016-03-26T22:44:43Z" user="freshcl" uid="1204536" lat="34.1657452" lon="131.4592654"/>
 <node id="4080663794" visible="true" version="1" changeset="38091565" timestamp="2016-03-26T22:44:43Z" user="freshcl" uid="1204536" lat="34.1657459" lon="131.4593413"/>
 <node id="4080663795" visible="true" version="1" changeset="38091565" timestamp="2016-03-26T22:44:43Z" user="freshcl" uid="1204536" lat="34.1657567" lon="131.4591087"/>
 <node id="4080663797" visible="true" version="1" changeset="38091565" timestamp="2016-03-26T22:44:43Z" user="freshcl" uid="1204536" lat="34.1657647" lon="131.4592742"/>
 <node id="4080663798" visible="true" version="1" changeset="38091565" timestamp="2016-03-26T22:44:43Z" user="freshcl" uid="1204536" lat="34.1657691" lon="131.4586607"/>
 <node id="4080663799" visible="true" version="1" changeset="38091565" timestamp="2016-03-26T22:44:43Z" user="freshcl" uid="1204536" lat="34.1657715" lon="131.4590932"/>
 <node id="4080663800" visible="true" version="1" changeset="38091565" timestamp="2016-03-26T22:44:43Z" user="freshcl" uid="1204536" lat="34.1657804" lon="131.4591540"/>
 <node id="4080663801" visible="true" version="1" changeset="38091565" timestamp="2016-03-26T22:44:43Z" user="freshcl" uid="1204536" lat="34.1657925" lon="131.4593091"/>
 <node id="4080663802" visible="true" version="1" changeset="38091565" timestamp="2016-03-26T22:44:43Z" user="freshcl" uid="1204536" lat="34.1658002" lon="131.4591334"/>
 <node id="4080663803" visible="true" version="1" changeset="38091565" timestamp="2016-03-26T22:44:43Z" user="freshcl" uid="1204536" lat="34.1658110" lon="131.4591969"/>
 <node id="4080663804" visible="true" version="2" changeset="38307330" timestamp="2016-04-05T04:10:08Z" user="show1017" uid="3244669" lat="34.1658113" lon="131.4587591"/>
 <node id="4080663805" visible="true" version="2" changeset="38307330" timestamp="2016-04-05T04:10:08Z" user="show1017" uid="3244669" lat="34.1658113" lon="131.4588075"/>
 <node id="4080663806" visible="true" version="1" changeset="38091565" timestamp="2016-03-26T22:44:44Z" user="freshcl" uid="1204536" lat="34.1658129" lon="131.4583076"/>
 <node id="4080663808" visible="true" version="1" changeset="38091565" timestamp="2016-03-26T22:44:44Z" user="freshcl" uid="1204536" lat="34.1658413" lon="131.4591938"/>
 <node id="4080663809" visible="true" version="1" changeset="38091565" timestamp="2016-03-26T22:44:44Z" user="freshcl" uid="1204536" lat="34.1658557" lon="131.4593627"/>
 <node id="4080663810" visible="true" version="1" changeset="38091565" timestamp="2016-03-26T22:44:44Z" user="freshcl" uid="1204536" lat="34.1658713" lon="131.4592380"/>
 <node id="4080663811" visible="true" version="1" changeset="38091565" timestamp="2016-03-26T22:44:44Z" user="freshcl" uid="1204536" lat="34.1658790" lon="131.4594030"/>
 <node id="4080663813" visible="true" version="1" changeset="38091565" timestamp="2016-03-26T22:44:44Z" user="freshcl" uid="1204536" lat="34.1659090" lon="131.4593104"/>
 <node id="4080663814" visible="true" version="2" changeset="38307330" timestamp="2016-04-05T04:10:07Z" user="show1017" uid="3244669" lat="34.1659111" lon="131.4586627"/>
 <node id="4080663815" visible="true" version="2" changeset="38307330" timestamp="2016-04-05T04:10:08Z" user="show1017" uid="3244669" lat="34.1659129" lon="131.4589597"/>
 <node id="4080663816" visible="true" version="1" changeset="38091565" timestamp="2016-03-26T22:44:44Z" user="freshcl" uid="1204536" lat="34.1659293" lon="131.4580259"/>
 <node id="4080663817" visible="true" version="1" changeset="38091565" timestamp="2016-03-26T22:44:44Z" user="freshcl" uid="1204536" lat="34.1659345" lon="131.4593520"/>
 <node id="4080663818" visible="true" version="1" changeset="38091565" timestamp="2016-03-26T22:44:44Z" user="freshcl" uid="1204536" lat="34.1660112" lon="131.4583307"/>
 <node id="4080663819" visible="true" version="2" changeset="38307330" timestamp="2016-04-05T04:10:07Z" user="show1017" uid="3244669" lat="34.1660319" lon="131.4588437"/>
 <node id="4080663820" visible="true" version="1" changeset="38091565" timestamp="2016-03-26T22:44:44Z" user="freshcl" uid="1204536" lat="34.1660513" lon="131.4583922"/>
 <node id="4080663821" visible="true" version="1" changeset="38091565" timestamp="2016-03-26T22:44:44Z" user="freshcl" uid="1204536" lat="34.1660611" lon="131.4579004"/>
 <node id="4080663822" visible="true" version="2" changeset="180285963" timestamp="2026-03-23T06:36:45Z" user="Mozkun" uid="2651887" lat="34.1660772" lon="131.4591848"/>
 <node id="4080663823" visible="true" version="2" changeset="180285963" timestamp="2026-03-23T06:36:45Z" user="Mozkun" uid="2651887" lat="34.1661245" lon="131.4592461"/>
 <node id="4080663824" visible="true" version="2" changeset="180285963" timestamp="2026-03-23T06:36:45Z" user="Mozkun" uid="2651887" lat="34.1661485" lon="131.4592876"/>
 <node id="4080663825" visible="true" version="2" changeset="180285963" timestamp="2026-03-23T06:36:45Z" user="Mozkun" uid="2651887" lat="34.1661823" lon="131.4590663"/>
 <node id="4080663826" visible="true" version="1" changeset="38091565" timestamp="2016-03-26T22:44:44Z" user="freshcl" uid="1204536" lat="34.1661850" lon="131.4584232"/>
 <node id="4080663827" visible="true" version="2" changeset="180285963" timestamp="2026-03-23T06:36:45Z" user="Mozkun" uid="2651887" lat="34.1661953" lon="131.4593491"/>
 <node id="4080663828" visible="true" version="2" changeset="180285963" timestamp="2026-03-23T06:36:45Z" user="Mozkun" uid="2651887" lat="34.1662296" lon="131.4591277"/>
 <node id="4080663829" visible="true" version="1" changeset="38091565" timestamp="2016-03-26T22:44:44Z" user="freshcl" uid="1204536" lat="34.1662151" lon="131.4581367"/>
 <node id="4080663830" visible="true" version="1" changeset="38091565" timestamp="2016-03-26T22:44:44Z" user="freshcl" uid="1204536" lat="34.1662312" lon="131.4586001"/>
 <node id="4080663831" visible="true" version="2" changeset="180285963" timestamp="2026-03-23T06:36:45Z" user="Mozkun" uid="2651887" lat="34.1662641" lon="131.4591591"/>
 <node id="4080663832" visible="true" version="1" changeset="38091565" timestamp="2016-03-26T22:44:44Z" user="freshcl" uid="1204536" lat="34.1662776" lon="131.4586621"/>
 <node id="4080663833" visible="true" version="1" changeset="38091565" timestamp="2016-03-26T22:44:44Z" user="freshcl" uid="1204536" lat="34.1662787" lon="131.4585483"/>
 <node id="4080663835" visible="true" version="1" changeset="38091565" timestamp="2016-03-26T22:44:44Z" user="freshcl" uid="1204536" lat="34.1663042" lon="131.4586330"/>
 <node id="4080663836" visible="true" version="2" changeset="180285963" timestamp="2026-03-23T06:36:45Z" user="Mozkun" uid="2651887" lat="34.1663109" lon="131.4592206"/>
 <node id="4080663837" visible="true" version="1" changeset="38091565" timestamp="2016-03-26T22:44:44Z" user="freshcl" uid="1204536" lat="34.1663903" lon="131.4584030"/>
 <node id="4080663838" visible="true" version="1" changeset="38091565" timestamp="2016-03-26T22:44:44Z" user="freshcl" uid="1204536" lat="34.1663947" lon="131.4581940"/>
 <node id="4080663841" visible="true" version="1" changeset="38091565" timestamp="2016-03-26T22:44:44Z" user="freshcl" uid="1204536" lat="34.1664085" lon="131.4587724"/>
 <node id="4080663842" visible="true" version="1" changeset="38091565" timestamp="2016-03-26T22:44:44Z" user="freshcl" uid="1204536" lat="34.1664416" lon="131.4581584"/>
 <node id="4080663844" visible="true" version="1" changeset="38091565" timestamp="2016-03-26T22:44:44Z" user="freshcl" uid="1204536" lat="34.1664788" lon="131.4583064"/>
 <node id="4080663851" visible="true" version="1" changeset="38091565" timestamp="2016-03-26T22:44:44Z" user="freshcl" uid="1204536" lat="34.1665506" lon="131.4586171"/>
 <node id="4080663856" visible="true" version="1" changeset="38091565" timestamp="2016-03-26T22:44:44Z" user="freshcl" uid="1204536" lat="34.1665737" lon="131.4584468"/>
 <node id="4080663862" visible="true" version="2" changeset="77690936" timestamp="2019-11-28T15:44:22Z" user="mklyr" uid="614924" lat="34.1666269" lon="131.4585635"/>
 <node id="4080663867" visible="true" version="1" changeset="38091565" timestamp="2016-03-26T22:44:44Z" user="freshcl" uid="1204536" lat="34.1666735" lon="131.4586332"/>
 <node id="4080663888" visible="true" version="1" changeset="38091565" timestamp="2016-03-26T22:44:45Z" user="freshcl" uid="1204536" lat="34.1668111" lon="131.4587700"/>
 <node id="4080663915" visible="true" version="1" changeset="38091565" timestamp="2016-03-26T22:44:45Z" user="freshcl" uid="1204536" lat="34.1671096" lon="131.4590368"/>
 <node id="4096816190" visible="true" version="1" changeset="38282832" timestamp="2016-04-04T07:26:19Z" user="show1017" uid="3244669" lat="34.1636590" lon="131.4585041"/>
 <node id="4096816191" visible="true" version="1" changeset="38282832" timestamp="2016-04-04T07:26:20Z" user="show1017" uid="3244669" lat="34.1638958" lon="131.4584041"/>
 <node id="4096827590" visible="true" version="1" changeset="38282832" timestamp="2016-04-04T07:26:20Z" user="show1017" uid="3244669" lat="34.1637094" lon="131.4585815"/>
 <node id="4096827789" visible="true" version="1" changeset="38282832" timestamp="2016-04-04T07:26:20Z" user="show1017" uid="3244669" lat="34.1638454" lon="131.4583268"/>
 <node id="4096827802" visible="true" version="2" changeset="180148595" timestamp="2026-03-20T09:12:12Z" user="Mozkun" uid="2651887" lat="34.1646021" lon="131.4565164">
  <tag k="amenity" v="parking"/>
  <tag k="name" v="湯田パーキング"/>
 </node>
 <node id="4098784689" visible="true" version="2" changeset="106553057" timestamp="2021-06-17T21:21:49Z" user="Yuxian" uid="10084645" lat="34.1655641" lon="131.4588126">
  <tag k="brand" v="ポプラ"/>
  <tag k="brand:en" v="Poplar"/>
  <tag k="brand:ja" v="ポプラ"/>
  <tag k="brand:wikidata" v="Q7229380"/>
  <tag k="brand:wikipedia" v="ja:ポプラ (コンビニエンスストア)"/>
  <tag k="name" v="ポプラ"/>
  <tag k="name:en" v="Poplar"/>
  <tag k="name:ja" v="ポプラ"/>
  <tag k="shop" v="convenience"/>
 </node>
 <node id="4607718272" visible="true" version="1" changeset="45159369" timestamp="2017-01-14T12:45:55Z" user="freshcl" uid="1204536" lat="34.1662863" lon="131.4597360"/>
 <node id="4618137077" visible="true" version="1" changeset="45294670" timestamp="2017-01-19T11:09:17Z" user="freshcl" uid="1204536" lat="34.1665544" lon="131.4586708"/>
 <node id="4618137078" visible="true" version="1" changeset="45294670" timestamp="2017-01-19T11:09:17Z" user="freshcl" uid="1204536" lat="34.1666783" lon="131.4588413"/>
 <node id="4618137079" visible="true" version="1" changeset="45294670" timestamp="2017-01-19T11:09:17Z" user="freshcl" uid="1204536" lat="34.1663178" lon="131.4592195"/>
 <node id="4618137080" visible="true" version="1" changeset="45294670" timestamp="2017-01-19T11:09:17Z" user="freshcl" uid="1204536" lat="34.1661821" lon="131.4590470"/>
 <node id="4618137081" visible="true" version="1" changeset="45294670" timestamp="2017-01-19T11:09:17Z" user="freshcl" uid="1204536" lat="34.1662811" lon="131.4589387"/>
 <node id="4618137082" visible="true" version="1" changeset="45294670" timestamp="2017-01-19T11:09:17Z" user="freshcl" uid="1204536" lat="34.1663152" lon="131.4589812"/>
 <node id="4618137083" visible="true" version="1" changeset="45294670" timestamp="2017-01-19T11:09:17Z" user="freshcl" uid="1204536" lat="34.1664376" lon="131.4588512"/>
 <node id="4618137084" visible="true" version="1" changeset="45294670" timestamp="2017-01-19T11:09:17Z" user="freshcl" uid="1204536" lat="34.1664144" lon="131.4588194"/>
 <node id="4753830578" visible="true" version="1" changeset="47138379" timestamp="2017-03-25T01:20:28Z" user="freshcl" uid="1204536" lat="34.1654901" lon="131.4580395"/>
 <node id="4753830579" visible="true" version="1" changeset="47138379" timestamp="2017-03-25T01:20:28Z" user="freshcl" uid="1204536" lat="34.1652794" lon="131.4576290"/>
 <node id="4753830580" visible="true" version="1" changeset="47138379" timestamp="2017-03-25T01:20:28Z" user="freshcl" uid="1204536" lat="34.1652669" lon="131.4576079"/>
 <node id="4753830581" visible="true" version="1" changeset="47138379" timestamp="2017-03-25T01:20:28Z" user="freshcl" uid="1204536" lat="34.1653280" lon="131.4575536"/>
 <node id="4753830582" visible="true" version="1" changeset="47138379" timestamp="2017-03-25T01:20:28Z" user="freshcl" uid="1204536" lat="34.1653392" lon="131.4575732"/>
 <node id="4754098328" visible="true" version="1" changeset="47142044" timestamp="2017-03-25T08:21:35Z" user="freshcl" uid="1204536" lat="34.1657036" lon="131.4571933"/>
 <node id="4754098336" visible="true" version="3" changeset="71546808" timestamp="2019-06-24T04:30:08Z" user="hibagonsan" uid="5939709" lat="34.1660837" lon="131.4594024"/>
 <node id="4754098339" visible="true" version="2" changeset="47142098" timestamp="2017-03-25T08:25:26Z" user="freshcl" uid="1204536" lat="34.1652721" lon="131.4583190">
  <tag k="amenity" v="taxi"/>
  <tag k="name" v="スミスハイヤー"/>
 </node>
 <node id="4754100557" visible="true" version="1" changeset="47142098" timestamp="2017-03-25T08:25:26Z" user="freshcl" uid="1204536" lat="34.1643518" lon="131.4567797">
  <tag k="amenity" v="taxi"/>
  <tag k="name" v="中司タクシー"/>
 </node>
 <node id="4754302311" visible="true" version="2" changeset="69585307" timestamp="2019-04-26T03:04:53Z" user="hibagonsan" uid="5939709" lat="34.1638222" lon="131.4556857"/>
 <node id="6429599076" visible="true" version="1" changeset="69585279" timestamp="2019-04-26T03:03:27Z" user="hibagonsan" uid="5939709" lat="34.1648465" lon="131.4564251"/>
 <node id="6429599077" visible="true" version="1" changeset="69585279" timestamp="2019-04-26T03:03:27Z" user="hibagonsan" uid="5939709" lat="34.1646590" lon="131.4561569"/>
 <node id="6429599078" visible="true" version="1" changeset="69585279" timestamp="2019-04-26T03:03:27Z" user="hibagonsan" uid="5939709" lat="34.1645868" lon="131.4562306"/>
 <node id="6429599079" visible="true" version="2" changeset="71546808" timestamp="2019-06-24T04:30:08Z" user="hibagonsan" uid="5939709" lat="34.1648137" lon="131.4565550"/>
 <node id="6461103997" visible="true" version="1" changeset="70062222" timestamp="2019-05-09T07:57:20Z" user="hibagonsan" uid="5939709" lat="34.1661238" lon="131.4573677"/>
 <node id="6461103998" visible="true" version="1" changeset="70062222" timestamp="2019-05-09T07:57:20Z" user="hibagonsan" uid="5939709" lat="34.1661494" lon="131.4574048"/>
 <node id="6461103999" visible="true" version="1" changeset="70062222" timestamp="2019-05-09T07:57:20Z" user="hibagonsan" uid="5939709" lat="34.1661666" lon="131.4573874"/>
 <node id="6461104000" visible="true" version="1" changeset="70062222" timestamp="2019-05-09T07:57:20Z" user="hibagonsan" uid="5939709" lat="34.1659946" lon="131.4574979"/>
 <node id="6461104001" visible="true" version="1" changeset="70062222" timestamp="2019-05-09T07:57:20Z" user="hibagonsan" uid="5939709" lat="34.1660482" lon="131.4575757"/>
 <node id="6461104002" visible="true" version="1" changeset="70062222" timestamp="2019-05-09T07:57:20Z" user="hibagonsan" uid="5939709" lat="34.1661947" lon="131.4574282"/>
 <node id="6566853708" visible="true" version="1" changeset="71545367" timestamp="2019-06-24T03:05:49Z" user="hibagonsan" uid="5939709" lat="34.1644712" lon="131.4591539"/>
 <node id="6566853709" visible="true" version="1" changeset="71545367" timestamp="2019-06-24T03:05:49Z" user="hibagonsan" uid="5939709" lat="34.1643147" lon="131.4589125"/>
 <node id="6566853710" visible="true" version="1" changeset="71545367" timestamp="2019-06-24T03:05:49Z" user="hibagonsan" uid="5939709" lat="34.1642861" lon="131.4589396"/>
 <node id="6566853711" visible="true" version="1" changeset="71545367" timestamp="2019-06-24T03:05:49Z" user="hibagonsan" uid="5939709" lat="34.1644426" lon="131.4591810"/>
 <node id="6566853716" visible="true" version="2" changeset="72114613" timestamp="2019-07-11T00:32:15Z" user="hibagonsan" uid="5939709" lat="34.1641548" lon="131.4592945"/>
 <node id="6566853717" visible="true" version="1" changeset="71545367" timestamp="2019-06-24T03:05:49Z" user="hibagonsan" uid="5939709" lat="34.1641209" lon="131.4594418"/>
 <node id="6566853718" visible="true" version="1" changeset="71545367" timestamp="2019-06-24T03:05:49Z" user="hibagonsan" uid="5939709" lat="34.1641513" lon="131.4594854"/>
 <node id="6566853719" visible="true" version="1" changeset="71545367" timestamp="2019-06-24T03:05:49Z" user="hibagonsan" uid="5939709" lat="34.1642312" lon="131.4594043"/>
 <node id="6566853724" visible="true" version="1" changeset="71545367" timestamp="2019-06-24T03:05:49Z" user="hibagonsan" uid="5939709" lat="34.1638707" lon="131.4594390"/>
 <node id="6566853725" visible="true" version="1" changeset="71545367" timestamp="2019-06-24T03:05:49Z" user="hibagonsan" uid="5939709" lat="34.1638957" lon="131.4595436"/>
 <node id="6566853726" visible="true" version="2" changeset="72114613" timestamp="2019-07-11T00:32:15Z" user="hibagonsan" uid="5939709" lat="34.1639892" lon="131.4595111"/>
 <node id="6566853769" visible="true" version="1" changeset="71545367" timestamp="2019-06-24T03:05:49Z" user="hibagonsan" uid="5939709" lat="34.1645110" lon="131.4594909"/>
 <node id="6566853770" visible="true" version="1" changeset="71545367" timestamp="2019-06-24T03:05:49Z" user="hibagonsan" uid="5939709" lat="34.1645265" lon="131.4595116"/>
 <node id="6566853771" visible="true" version="1" changeset="71545367" timestamp="2019-06-24T03:05:49Z" user="hibagonsan" uid="5939709" lat="34.1645390" lon="131.4595496"/>
 <node id="6566853772" visible="true" version="1" changeset="71545367" timestamp="2019-06-24T03:05:49Z" user="hibagonsan" uid="5939709" lat="34.1645021" lon="131.4595005"/>
 <node id="6566853773" visible="true" version="1" changeset="71545367" timestamp="2019-06-24T03:05:49Z" user="hibagonsan" uid="5939709" lat="34.1644537" lon="131.4595503"/>
 <node id="6566853774" visible="true" version="1" changeset="71545367" timestamp="2019-06-24T03:05:49Z" user="hibagonsan" uid="5939709" lat="34.1644881" lon="131.4595125"/>
 <node id="6566853775" visible="true" version="1" changeset="71545367" timestamp="2019-06-24T03:05:49Z" user="hibagonsan" uid="5939709" lat="34.1644520" lon="131.4594644"/>
 <node id="6566853776" visible="true" version="1" changeset="71545367" timestamp="2019-06-24T03:05:49Z" user="hibagonsan" uid="5939709" lat="34.1644927" lon="131.4594196"/>
 <node id="6566853777" visible="true" version="1" changeset="71545367" timestamp="2019-06-24T03:05:49Z" user="hibagonsan" uid="5939709" lat="34.1644967" lon="131.4593322"/>
 <node id="6566853778" visible="true" version="1" changeset="71545367" timestamp="2019-06-24T03:05:49Z" user="hibagonsan" uid="5939709" lat="34.1645740" lon="131.4595157"/>
 <node id="6566853779" visible="true" version="1" changeset="71545367" timestamp="2019-06-24T03:05:49Z" user="hibagonsan" uid="5939709" lat="34.1646115" lon="131.4594746"/>
 <node id="6566853780" visible="true" version="1" changeset="71545367" timestamp="2019-06-24T03:05:49Z" user="hibagonsan" uid="5939709" lat="34.1645125" lon="131.4593532"/>
 <node id="6566853781" visible="true" version="1" changeset="71545367" timestamp="2019-06-24T03:05:49Z" user="hibagonsan" uid="5939709" lat="34.1645509" lon="131.4594848"/>
 <node id="6566853782" visible="true" version="1" changeset="71545367" timestamp="2019-06-24T03:05:49Z" user="hibagonsan" uid="5939709" lat="34.1645883" lon="131.4594438"/>
 <node id="6566853783" visible="true" version="1" changeset="71545367" timestamp="2019-06-24T03:05:49Z" user="hibagonsan" uid="5939709" lat="34.1644920" lon="131.4596012"/>
 <node id="6566853784" visible="true" version="1" changeset="71545367" timestamp="2019-06-24T03:05:49Z" user="hibagonsan" uid="5939709" lat="34.1644585" lon="131.4593741"/>
 <node id="6566866985" visible="true" version="1" changeset="71545367" timestamp="2019-06-24T03:05:49Z" user="hibagonsan" uid="5939709" lat="34.1645380" lon="131.4593252"/>
 <node id="6566866986" visible="true" version="1" changeset="71545367" timestamp="2019-06-24T03:05:49Z" user="hibagonsan" uid="5939709" lat="34.1646096" lon="131.4594204"/>
 <node id="6566866991" visible="true" version="1" changeset="71545367" timestamp="2019-06-24T03:05:49Z" user="hibagonsan" uid="5939709" lat="34.1645777" lon="131.4593448"/>
 <node id="6566866992" visible="true" version="1" changeset="71545367" timestamp="2019-06-24T03:05:49Z" user="hibagonsan" uid="5939709" lat="34.1645050" lon="131.4592503"/>
 <node id="6566866993" visible="true" version="1" changeset="71545367" timestamp="2019-06-24T03:05:49Z" user="hibagonsan" uid="5939709" lat="34.1645530" lon="131.4591964"/>
 <node id="6566866994" visible="true" version="1" changeset="71545367" timestamp="2019-06-24T03:05:49Z" user="hibagonsan" uid="5939709" lat="34.1646257" lon="131.4592910"/>
 <node id="6566866995" visible="true" version="1" changeset="71545367" timestamp="2019-06-24T03:05:49Z" user="hibagonsan" uid="5939709" lat="34.1646216" lon="131.4592582"/>
 <node id="6566866996" visible="true" version="1" changeset="71545367" timestamp="2019-06-24T03:05:49Z" user="hibagonsan" uid="5939709" lat="34.1645672" lon="131.4591784"/>
 <node id="6566866997" visible="true" version="1" changeset="71545367" timestamp="2019-06-24T03:05:49Z" user="hibagonsan" uid="5939709" lat="34.1646212" lon="131.4591247"/>
 <node id="6566866998" visible="true" version="1" changeset="71545367" timestamp="2019-06-24T03:05:49Z" user="hibagonsan" uid="5939709" lat="34.1646756" lon="131.4592045"/>
 <node id="6566866999" visible="true" version="1" changeset="71545367" timestamp="2019-06-24T03:05:49Z" user="hibagonsan" uid="5939709" lat="34.1646864" lon="131.4592027"/>
 <node id="6566867000" visible="true" version="1" changeset="71545367" timestamp="2019-06-24T03:05:49Z" user="hibagonsan" uid="5939709" lat="34.1646271" lon="131.4591188"/>
 <node id="6566867001" visible="true" version="1" changeset="71545367" timestamp="2019-06-24T03:05:49Z" user="hibagonsan" uid="5939709" lat="34.1646817" lon="131.4590623"/>
 <node id="6566867002" visible="true" version="1" changeset="71545367" timestamp="2019-06-24T03:05:49Z" user="hibagonsan" uid="5939709" lat="34.1647411" lon="131.4591461"/>
 <node id="6566867003" visible="true" version="1" changeset="71545367" timestamp="2019-06-24T03:05:49Z" user="hibagonsan" uid="5939709" lat="34.1647609" lon="131.4593035"/>
 <node id="6566867004" visible="true" version="1" changeset="71545367" timestamp="2019-06-24T03:05:49Z" user="hibagonsan" uid="5939709" lat="34.1647060" lon="131.4592183"/>
 <node id="6566867005" visible="true" version="1" changeset="71545367" timestamp="2019-06-24T03:05:49Z" user="hibagonsan" uid="5939709" lat="34.1647705" lon="131.4591575"/>
 <node id="6566867006" visible="true" version="1" changeset="71545367" timestamp="2019-06-24T03:05:49Z" user="hibagonsan" uid="5939709" lat="34.1648254" lon="131.4592427"/>
 <node id="6566867007" visible="true" version="1" changeset="71545367" timestamp="2019-06-24T03:05:49Z" user="hibagonsan" uid="5939709" lat="34.1647645" lon="131.4591267"/>
 <node id="6566867008" visible="true" version="1" changeset="71545367" timestamp="2019-06-24T03:05:49Z" user="hibagonsan" uid="5939709" lat="34.1647091" lon="131.4590389"/>
 <node id="6566867009" visible="true" version="1" changeset="71545367" timestamp="2019-06-24T03:05:49Z" user="hibagonsan" uid="5939709" lat="34.1647738" lon="131.4589792"/>
 <node id="6566867010" visible="true" version="1" changeset="71545367" timestamp="2019-06-24T03:05:49Z" user="hibagonsan" uid="5939709" lat="34.1648293" lon="131.4590670"/>
 <node id="6566867011" visible="true" version="1" changeset="71545367" timestamp="2019-06-24T03:05:49Z" user="hibagonsan" uid="5939709" lat="34.1648480" lon="131.4592245"/>
 <node id="6566867012" visible="true" version="1" changeset="71545367" timestamp="2019-06-24T03:05:49Z" user="hibagonsan" uid="5939709" lat="34.1647897" lon="131.4591333"/>
 <node id="6566867013" visible="true" version="1" changeset="71545367" timestamp="2019-06-24T03:05:49Z" user="hibagonsan" uid="5939709" lat="34.1648443" lon="131.4590824"/>
 <node id="6566867014" visible="true" version="1" changeset="71545367" timestamp="2019-06-24T03:05:49Z" user="hibagonsan" uid="5939709" lat="34.1649025" lon="131.4591736"/>
 <node id="6566867015" visible="true" version="2" changeset="72121048" timestamp="2019-07-11T06:56:09Z" user="hibagonsan" uid="5939709" lat="34.1650330" lon="131.4593690"/>
 <node id="6566867016" visible="true" version="1" changeset="71545367" timestamp="2019-06-24T03:05:49Z" user="hibagonsan" uid="5939709" lat="34.1649099" lon="131.4592077"/>
 <node id="6566867017" visible="true" version="1" changeset="71545367" timestamp="2019-06-24T03:05:49Z" user="hibagonsan" uid="5939709" lat="34.1648604" lon="131.4592501"/>
 <node id="6566867018" visible="true" version="2" changeset="72121048" timestamp="2019-07-11T06:56:09Z" user="hibagonsan" uid="5939709" lat="34.1649645" lon="131.4594277"/>
 <node id="6566867019" visible="true" version="1" changeset="71545367" timestamp="2019-06-24T03:05:49Z" user="hibagonsan" uid="5939709" lat="34.1649692" lon="131.4590048"/>
 <node id="6566867020" visible="true" version="1" changeset="71545367" timestamp="2019-06-24T03:05:49Z" user="hibagonsan" uid="5939709" lat="34.1648721" lon="131.4591020"/>
 <node id="6566867021" visible="true" version="1" changeset="71545367" timestamp="2019-06-24T03:05:49Z" user="hibagonsan" uid="5939709" lat="34.1649125" lon="131.4591609"/>
 <node id="6566867022" visible="true" version="1" changeset="71545367" timestamp="2019-06-24T03:05:49Z" user="hibagonsan" uid="5939709" lat="34.1650096" lon="131.4590637"/>
 <node id="6566867023" visible="true" version="1" changeset="71545367" timestamp="2019-06-24T03:05:49Z" user="hibagonsan" uid="5939709" lat="34.1649109" lon="131.4589901"/>
 <node id="6566867024" visible="true" version="1" changeset="71545367" timestamp="2019-06-24T03:05:49Z" user="hibagonsan" uid="5939709" lat="34.1648649" lon="131.4590357"/>
 <node id="6566867025" visible="true" version="1" changeset="71545367" timestamp="2019-06-24T03:05:49Z" user="hibagonsan" uid="5939709" lat="34.1648898" lon="131.4590724"/>
 <node id="6566867026" visible="true" version="1" changeset="71545367" timestamp="2019-06-24T03:05:49Z" user="hibagonsan" uid="5939709" lat="34.1649358" lon="131.4590268"/>
 <node id="6566867027" visible="true" version="1" changeset="71545367" timestamp="2019-06-24T03:05:49Z" user="hibagonsan" uid="5939709" lat="34.1649075" lon="131.4589804"/>
 <node id="6566867028" visible="true" version="1" changeset="71545367" timestamp="2019-06-24T03:05:49Z" user="hibagonsan" uid="5939709" lat="34.1649022" lon="131.4589727"/>
 <node id="6566867029" visible="true" version="1" changeset="71545367" timestamp="2019-06-24T03:05:49Z" user="hibagonsan" uid="5939709" lat="34.1649333" lon="131.4589407"/>
 <node id="6566867030" visible="true" version="1" changeset="71545367" timestamp="2019-06-24T03:05:49Z" user="hibagonsan" uid="5939709" lat="34.1648500" lon="131.4590396"/>
 <node id="6566867031" visible="true" version="1" changeset="71545367" timestamp="2019-06-24T03:05:49Z" user="hibagonsan" uid="5939709" lat="34.1648065" lon="131.4589778"/>
 <node id="6566867032" visible="true" version="1" changeset="71545367" timestamp="2019-06-24T03:05:49Z" user="hibagonsan" uid="5939709" lat="34.1648953" lon="131.4588866"/>
 <node id="6566867033" visible="true" version="1" changeset="71545367" timestamp="2019-06-24T03:05:49Z" user="hibagonsan" uid="5939709" lat="34.1650313" lon="131.4589375"/>
 <node id="6566867034" visible="true" version="1" changeset="71545367" timestamp="2019-06-24T03:05:49Z" user="hibagonsan" uid="5939709" lat="34.1650410" lon="131.4589271"/>
 <node id="6566867035" visible="true" version="1" changeset="71545367" timestamp="2019-06-24T03:05:49Z" user="hibagonsan" uid="5939709" lat="34.1650759" lon="131.4589748"/>
 <node id="6566867036" visible="true" version="1" changeset="71545367" timestamp="2019-06-24T03:05:49Z" user="hibagonsan" uid="5939709" lat="34.1650045" lon="131.4589008"/>
 <node id="6566867037" visible="true" version="1" changeset="71545367" timestamp="2019-06-24T03:05:49Z" user="hibagonsan" uid="5939709" lat="34.1650612" lon="131.4588404"/>
 <node id="6566867038" visible="true" version="1" changeset="71545367" timestamp="2019-06-24T03:05:49Z" user="hibagonsan" uid="5939709" lat="34.1651228" lon="131.4589249"/>
 <node id="6566867039" visible="true" version="1" changeset="71545367" timestamp="2019-06-24T03:05:49Z" user="hibagonsan" uid="5939709" lat="34.1650058" lon="131.4587520"/>
 <node id="6566867040" visible="true" version="1" changeset="71545367" timestamp="2019-06-24T03:05:49Z" user="hibagonsan" uid="5939709" lat="34.1648960" lon="131.4588532"/>
 <node id="6566867041" visible="true" version="1" changeset="71545367" timestamp="2019-06-24T03:05:49Z" user="hibagonsan" uid="5939709" lat="34.1649441" lon="131.4589296"/>
 <node id="6566867042" visible="true" version="1" changeset="71545367" timestamp="2019-06-24T03:05:49Z" user="hibagonsan" uid="5939709" lat="34.1650540" lon="131.4588283"/>
 <node id="6566867043" visible="true" version="1" changeset="71545367" timestamp="2019-06-24T03:05:49Z" user="hibagonsan" uid="5939709" lat="34.1650595" lon="131.4587788"/>
 <node id="6566867044" visible="true" version="1" changeset="71545367" timestamp="2019-06-24T03:05:49Z" user="hibagonsan" uid="5939709" lat="34.1650546" lon="131.4587838"/>
 <node id="6566867045" visible="true" version="1" changeset="71545367" timestamp="2019-06-24T03:05:49Z" user="hibagonsan" uid="5939709" lat="34.1650740" lon="131.4587993"/>
 <node id="6566867046" visible="true" version="1" changeset="71545367" timestamp="2019-06-24T03:05:49Z" user="hibagonsan" uid="5939709" lat="34.1650593" lon="131.4588145"/>
 <node id="6566867047" visible="true" version="1" changeset="71545367" timestamp="2019-06-24T03:05:49Z" user="hibagonsan" uid="5939709" lat="34.1650321" lon="131.4587521"/>
 <node id="6566867048" visible="true" version="1" changeset="71545367" timestamp="2019-06-24T03:05:49Z" user="hibagonsan" uid="5939709" lat="34.1651410" lon="131.4589299"/>
 <node id="6566867049" visible="true" version="1" changeset="71545367" timestamp="2019-06-24T03:05:49Z" user="hibagonsan" uid="5939709" lat="34.1651860" lon="131.4588833"/>
 <node id="6566867050" visible="true" version="1" changeset="71545367" timestamp="2019-06-24T03:05:49Z" user="hibagonsan" uid="5939709" lat="34.1650673" lon="131.4587156"/>
 <node id="6566867095" visible="true" version="1" changeset="71545367" timestamp="2019-06-24T03:05:49Z" user="hibagonsan" uid="5939709" lat="34.1640577" lon="131.4584385"/>
 <node id="6566867096" visible="true" version="1" changeset="71545367" timestamp="2019-06-24T03:05:49Z" user="hibagonsan" uid="5939709" lat="34.1639839" lon="131.4583426"/>
 <node id="6566867097" visible="true" version="1" changeset="71545367" timestamp="2019-06-24T03:05:49Z" user="hibagonsan" uid="5939709" lat="34.1640320" lon="131.4582885"/>
 <node id="6566867098" visible="true" version="1" changeset="71545367" timestamp="2019-06-24T03:05:49Z" user="hibagonsan" uid="5939709" lat="34.1641058" lon="131.4583844"/>
 <node id="6566867099" visible="true" version="1" changeset="71545367" timestamp="2019-06-24T03:05:49Z" user="hibagonsan" uid="5939709" lat="34.1639690" lon="131.4583254"/>
 <node id="6566867100" visible="true" version="1" changeset="71545367" timestamp="2019-06-24T03:05:49Z" user="hibagonsan" uid="5939709" lat="34.1639124" lon="131.4582496"/>
 <node id="6566867101" visible="true" version="1" changeset="71545367" timestamp="2019-06-24T03:05:49Z" user="hibagonsan" uid="5939709" lat="34.1639615" lon="131.4581960"/>
 <node id="6566867102" visible="true" version="1" changeset="71545367" timestamp="2019-06-24T03:05:49Z" user="hibagonsan" uid="5939709" lat="34.1640181" lon="131.4582717"/>
 <node id="6566867103" visible="true" version="1" changeset="71545367" timestamp="2019-06-24T03:05:49Z" user="hibagonsan" uid="5939709" lat="34.1641040" lon="131.4583574"/>
 <node id="6566867104" visible="true" version="1" changeset="71545367" timestamp="2019-06-24T03:05:49Z" user="hibagonsan" uid="5939709" lat="34.1639664" lon="131.4581804"/>
 <node id="6566867105" visible="true" version="1" changeset="71545367" timestamp="2019-06-24T03:05:49Z" user="hibagonsan" uid="5939709" lat="34.1640065" lon="131.4581349"/>
 <node id="6566867106" visible="true" version="1" changeset="71545367" timestamp="2019-06-24T03:05:49Z" user="hibagonsan" uid="5939709" lat="34.1641441" lon="131.4583120"/>
 <node id="6566867111" visible="true" version="1" changeset="71545367" timestamp="2019-06-24T03:05:49Z" user="hibagonsan" uid="5939709" lat="34.1638321" lon="131.4579876"/>
 <node id="6566867112" visible="true" version="1" changeset="71545367" timestamp="2019-06-24T03:05:49Z" user="hibagonsan" uid="5939709" lat="34.1637616" lon="131.4578984"/>
 <node id="6566867113" visible="true" version="1" changeset="71545367" timestamp="2019-06-24T03:05:49Z" user="hibagonsan" uid="5939709" lat="34.1638123" lon="131.4578399"/>
 <node id="6566867114" visible="true" version="1" changeset="71545367" timestamp="2019-06-24T03:05:49Z" user="hibagonsan" uid="5939709" lat="34.1638827" lon="131.4579291"/>
 <node id="6566867115" visible="true" version="1" changeset="71545367" timestamp="2019-06-24T03:05:49Z" user="hibagonsan" uid="5939709" lat="34.1639241" lon="131.4581184"/>
 <node id="6566867116" visible="true" version="1" changeset="71545367" timestamp="2019-06-24T03:05:49Z" user="hibagonsan" uid="5939709" lat="34.1638813" lon="131.4580635"/>
 <node id="6566867117" visible="true" version="1" changeset="71545367" timestamp="2019-06-24T03:05:49Z" user="hibagonsan" uid="5939709" lat="34.1639371" lon="131.4580002"/>
 <node id="6566867118" visible="true" version="1" changeset="71545367" timestamp="2019-06-24T03:05:49Z" user="hibagonsan" uid="5939709" lat="34.1639798" lon="131.4580552"/>
 <node id="6566867119" visible="true" version="1" changeset="71545367" timestamp="2019-06-24T03:05:49Z" user="hibagonsan" uid="5939709" lat="34.1638938" lon="131.4579427"/>
 <node id="6566867120" visible="true" version="1" changeset="71545367" timestamp="2019-06-24T03:05:49Z" user="hibagonsan" uid="5939709" lat="34.1638444" lon="131.4579977"/>
 <node id="6566867121" visible="true" version="1" changeset="71545367" timestamp="2019-06-24T03:05:49Z" user="hibagonsan" uid="5939709" lat="34.1638805" lon="131.4580451"/>
 <node id="6566867122" visible="true" version="1" changeset="71545367" timestamp="2019-06-24T03:05:49Z" user="hibagonsan" uid="5939709" lat="34.1639299" lon="131.4579901"/>
 <node id="6566867123" visible="true" version="1" changeset="71545367" timestamp="2019-06-24T03:05:49Z" user="hibagonsan" uid="5939709" lat="34.1639982" lon="131.4578677"/>
 <node id="6566867124" visible="true" version="1" changeset="71545367" timestamp="2019-06-24T03:05:49Z" user="hibagonsan" uid="5939709" lat="34.1639513" lon="131.4579224"/>
 <node id="6566867125" visible="true" version="1" changeset="71545367" timestamp="2019-06-24T03:05:49Z" user="hibagonsan" uid="5939709" lat="34.1639302" lon="131.4578959"/>
 <node id="6566867126" visible="true" version="1" changeset="71545367" timestamp="2019-06-24T03:05:49Z" user="hibagonsan" uid="5939709" lat="34.1639771" lon="131.4578412"/>
 <node id="6566867127" visible="true" version="1" changeset="71545367" timestamp="2019-06-24T03:05:49Z" user="hibagonsan" uid="5939709" lat="34.1639162" lon="131.4578859"/>
 <node id="6566867128" visible="true" version="1" changeset="71545367" timestamp="2019-06-24T03:05:49Z" user="hibagonsan" uid="5939709" lat="34.1638785" lon="131.4578309"/>
 <node id="6566867129" visible="true" version="1" changeset="71545367" timestamp="2019-06-24T03:05:49Z" user="hibagonsan" uid="5939709" lat="34.1639371" lon="131.4577722"/>
 <node id="6566867130" visible="true" version="1" changeset="71545367" timestamp="2019-06-24T03:05:49Z" user="hibagonsan" uid="5939709" lat="34.1639748" lon="131.4578272"/>
 <node id="6566867131" visible="true" version="1" changeset="71545367" timestamp="2019-06-24T03:05:49Z" user="hibagonsan" uid="5939709" lat="34.1638904" lon="131.4577110"/>
 <node id="6566867132" visible="true" version="1" changeset="71545367" timestamp="2019-06-24T03:05:49Z" user="hibagonsan" uid="5939709" lat="34.1638344" lon="131.4577727"/>
 <node id="6566867133" visible="true" version="1" changeset="71545367" timestamp="2019-06-24T03:05:49Z" user="hibagonsan" uid="5939709" lat="34.1638750" lon="131.4578265"/>
 <node id="6566867134" visible="true" version="1" changeset="71545367" timestamp="2019-06-24T03:05:49Z" user="hibagonsan" uid="5939709" lat="34.1639310" lon="131.4577648"/>
 <node id="6566867135" visible="true" version="1" changeset="71545367" timestamp="2019-06-24T03:05:49Z" user="hibagonsan" uid="5939709" lat="34.1639701" lon="131.4577573"/>
 <node id="6566867136" visible="true" version="1" changeset="71545367" timestamp="2019-06-24T03:05:49Z" user="hibagonsan" uid="5939709" lat="34.1638957" lon="131.4576460"/>
 <node id="6566867137" visible="true" version="1" changeset="71545367" timestamp="2019-06-24T03:05:49Z" user="hibagonsan" uid="5939709" lat="34.1639499" lon="131.4575931"/>
 <node id="6566867138" visible="true" version="1" changeset="71545367" timestamp="2019-06-24T03:05:49Z" user="hibagonsan" uid="5939709" lat="34.1640242" lon="131.4577045"/>
 <node id="6566867231" visible="true" version="1" changeset="71545367" timestamp="2019-06-24T03:05:49Z" user="hibagonsan" uid="5939709" lat="34.1638177" lon="131.4568074"/>
 <node id="6566867232" visible="true" version="1" changeset="71545367" timestamp="2019-06-24T03:05:49Z" user="hibagonsan" uid="5939709" lat="34.1637894" lon="131.4568375"/>
 <node id="6566867233" visible="true" version="1" changeset="71545367" timestamp="2019-06-24T03:05:49Z" user="hibagonsan" uid="5939709" lat="34.1639083" lon="131.4569321"/>
 <node id="6566867234" visible="true" version="1" changeset="71545367" timestamp="2019-06-24T03:05:49Z" user="hibagonsan" uid="5939709" lat="34.1637679" lon="131.4568079"/>
 <node id="6566867235" visible="true" version="1" changeset="71545367" timestamp="2019-06-24T03:05:49Z" user="hibagonsan" uid="5939709" lat="34.1637268" lon="131.4568515"/>
 <node id="6566867236" visible="true" version="1" changeset="71545367" timestamp="2019-06-24T03:05:49Z" user="hibagonsan" uid="5939709" lat="34.1638389" lon="131.4570057"/>
 <node id="6566937699" visible="true" version="1" changeset="71546808" timestamp="2019-06-24T04:30:08Z" user="hibagonsan" uid="5939709" lat="34.1655060" lon="131.4564285"/>
 <node id="6566937700" visible="true" version="1" changeset="71546808" timestamp="2019-06-24T04:30:08Z" user="hibagonsan" uid="5939709" lat="34.1653961" lon="131.4562742"/>
 <node id="6566937701" visible="true" version="1" changeset="71546808" timestamp="2019-06-24T04:30:08Z" user="hibagonsan" uid="5939709" lat="34.1654291" lon="131.4562400"/>
 <node id="6566937702" visible="true" version="1" changeset="71546808" timestamp="2019-06-24T04:30:08Z" user="hibagonsan" uid="5939709" lat="34.1655389" lon="131.4563942"/>
 <node id="6566937723" visible="true" version="1" changeset="71546808" timestamp="2019-06-24T04:30:08Z" user="hibagonsan" uid="5939709" lat="34.1653651" lon="131.4564576"/>
 <node id="6566937724" visible="true" version="1" changeset="71546808" timestamp="2019-06-24T04:30:08Z" user="hibagonsan" uid="5939709" lat="34.1652996" lon="131.4565300"/>
 <node id="6566937725" visible="true" version="1" changeset="71546808" timestamp="2019-06-24T04:30:08Z" user="hibagonsan" uid="5939709" lat="34.1653481" lon="131.4565940"/>
 <node id="6566937726" visible="true" version="1" changeset="71546808" timestamp="2019-06-24T04:30:08Z" user="hibagonsan" uid="5939709" lat="34.1654135" lon="131.4565216"/>
 <node id="6566937731" visible="true" version="1" changeset="71546808" timestamp="2019-06-24T04:30:08Z" user="hibagonsan" uid="5939709" lat="34.1650828" lon="131.4562216"/>
 <node id="6566937732" visible="true" version="1" changeset="71546808" timestamp="2019-06-24T04:30:08Z" user="hibagonsan" uid="5939709" lat="34.1651374" lon="131.4563013"/>
 <node id="6566937733" visible="true" version="1" changeset="71546808" timestamp="2019-06-24T04:30:08Z" user="hibagonsan" uid="5939709" lat="34.1651788" lon="131.4563627"/>
 <node id="6566937734" visible="true" version="1" changeset="71546808" timestamp="2019-06-24T04:30:08Z" user="hibagonsan" uid="5939709" lat="34.1652178" lon="131.4564261"/>
 <node id="6566937735" visible="true" version="1" changeset="71546808" timestamp="2019-06-24T04:30:08Z" user="hibagonsan" uid="5939709" lat="34.1652393" lon="131.4564049"/>
 <node id="6566937736" visible="true" version="1" changeset="71546808" timestamp="2019-06-24T04:30:08Z" user="hibagonsan" uid="5939709" lat="34.1651981" lon="131.4563438"/>
 <node id="6566937737" visible="true" version="1" changeset="71546808" timestamp="2019-06-24T04:30:08Z" user="hibagonsan" uid="5939709" lat="34.1651566" lon="131.4562824"/>
 <node id="6566937738" visible="true" version="1" changeset="71546808" timestamp="2019-06-24T04:30:08Z" user="hibagonsan" uid="5939709" lat="34.1651025" lon="131.4562021"/>
 <node id="6566937739" visible="true" version="1" changeset="71546808" timestamp="2019-06-24T04:30:08Z" user="hibagonsan" uid="5939709" lat="34.1652663" lon="131.4564980"/>
 <node id="6566937740" visible="true" version="1" changeset="71546808" timestamp="2019-06-24T04:30:08Z" user="hibagonsan" uid="5939709" lat="34.1650528" lon="131.4561771"/>
 <node id="6566937741" visible="true" version="1" changeset="71546808" timestamp="2019-06-24T04:30:08Z" user="hibagonsan" uid="5939709" lat="34.1651306" lon="131.4561005"/>
 <node id="6566937742" visible="true" version="1" changeset="71546808" timestamp="2019-06-24T04:30:08Z" user="hibagonsan" uid="5939709" lat="34.1653458" lon="131.4564197"/>
 <node id="6566937743" visible="true" version="1" changeset="71546808" timestamp="2019-06-24T04:30:08Z" user="hibagonsan" uid="5939709" lat="34.1648459" lon="131.4565221"/>
 <node id="6566937744" visible="true" version="1" changeset="71546808" timestamp="2019-06-24T04:30:08Z" user="hibagonsan" uid="5939709" lat="34.1648066" lon="131.4564659"/>
 <node id="6566937745" visible="true" version="1" changeset="71546808" timestamp="2019-06-24T04:30:08Z" user="hibagonsan" uid="5939709" lat="34.1649974" lon="131.4566355"/>
 <node id="6566937746" visible="true" version="1" changeset="71546808" timestamp="2019-06-24T04:30:08Z" user="hibagonsan" uid="5939709" lat="34.1649236" lon="131.4565262"/>
 <node id="6566937747" visible="true" version="1" changeset="71546808" timestamp="2019-06-24T04:30:08Z" user="hibagonsan" uid="5939709" lat="34.1649663" lon="131.4564840"/>
 <node id="6566937748" visible="true" version="1" changeset="71546808" timestamp="2019-06-24T04:30:08Z" user="hibagonsan" uid="5939709" lat="34.1650401" lon="131.4565933"/>
 <node id="6566937749" visible="true" version="1" changeset="71546808" timestamp="2019-06-24T04:30:08Z" user="hibagonsan" uid="5939709" lat="34.1649990" lon="131.4566573"/>
 <node id="6566937750" visible="true" version="1" changeset="71546808" timestamp="2019-06-24T04:30:08Z" user="hibagonsan" uid="5939709" lat="34.1649645" lon="131.4566908"/>
 <node id="6566937751" visible="true" version="1" changeset="71546808" timestamp="2019-06-24T04:30:08Z" user="hibagonsan" uid="5939709" lat="34.1650144" lon="131.4567660"/>
 <node id="6566937752" visible="true" version="1" changeset="71546808" timestamp="2019-06-24T04:30:08Z" user="hibagonsan" uid="5939709" lat="34.1648958" lon="131.4565019"/>
 <node id="6566937753" visible="true" version="1" changeset="71546808" timestamp="2019-06-24T04:30:08Z" user="hibagonsan" uid="5939709" lat="34.1648187" lon="131.4565766"/>
 <node id="6566937754" visible="true" version="1" changeset="71546808" timestamp="2019-06-24T04:30:08Z" user="hibagonsan" uid="5939709" lat="34.1649719" lon="131.4568073"/>
 <node id="6566937755" visible="true" version="1" changeset="71546808" timestamp="2019-06-24T04:30:08Z" user="hibagonsan" uid="5939709" lat="34.1649268" lon="131.4564671"/>
 <node id="6566937756" visible="true" version="1" changeset="71546808" timestamp="2019-06-24T04:30:08Z" user="hibagonsan" uid="5939709" lat="34.1648707" lon="131.4563559"/>
 <node id="6566937757" visible="true" version="1" changeset="71546808" timestamp="2019-06-24T04:30:08Z" user="hibagonsan" uid="5939709" lat="34.1648887" lon="131.4563829"/>
 <node id="6566937758" visible="true" version="1" changeset="71546808" timestamp="2019-06-24T04:30:08Z" user="hibagonsan" uid="5939709" lat="34.1649234" lon="131.4564620"/>
 <node id="6566937759" visible="true" version="1" changeset="71546808" timestamp="2019-06-24T04:30:08Z" user="hibagonsan" uid="5939709" lat="34.1650061" lon="131.4562682"/>
 <node id="6566937760" visible="true" version="1" changeset="71546808" timestamp="2019-06-24T04:30:08Z" user="hibagonsan" uid="5939709" lat="34.1648316" lon="131.4563941"/>
 <node id="6566937761" visible="true" version="1" changeset="71546808" timestamp="2019-06-24T04:30:08Z" user="hibagonsan" uid="5939709" lat="34.1648987" lon="131.4564945"/>
 <node id="6566937762" visible="true" version="1" changeset="71546808" timestamp="2019-06-24T04:30:08Z" user="hibagonsan" uid="5939709" lat="34.1650518" lon="131.4563365"/>
 <node id="6566937763" visible="true" version="1" changeset="71546808" timestamp="2019-06-24T04:30:08Z" user="hibagonsan" uid="5939709" lat="34.1651140" lon="131.4568095"/>
 <node id="6566937764" visible="true" version="1" changeset="71546808" timestamp="2019-06-24T04:30:08Z" user="hibagonsan" uid="5939709" lat="34.1650319" lon="131.4566875"/>
 <node id="6566937765" visible="true" version="1" changeset="71546808" timestamp="2019-06-24T04:30:08Z" user="hibagonsan" uid="5939709" lat="34.1650751" lon="131.4566450"/>
 <node id="6566937766" visible="true" version="1" changeset="71546808" timestamp="2019-06-24T04:30:08Z" user="hibagonsan" uid="5939709" lat="34.1651572" lon="131.4567670"/>
 <node id="6566937767" visible="true" version="1" changeset="71546808" timestamp="2019-06-24T04:30:08Z" user="hibagonsan" uid="5939709" lat="34.1651026" lon="131.4566070"/>
 <node id="6566937768" visible="true" version="1" changeset="71546808" timestamp="2019-06-24T04:30:08Z" user="hibagonsan" uid="5939709" lat="34.1650869" lon="131.4566225"/>
 <node id="6566937769" visible="true" version="1" changeset="71546808" timestamp="2019-06-24T04:30:08Z" user="hibagonsan" uid="5939709" lat="34.1651217" lon="131.4566352"/>
 <node id="6566937770" visible="true" version="1" changeset="71546808" timestamp="2019-06-24T04:30:08Z" user="hibagonsan" uid="5939709" lat="34.1649706" lon="131.4564509"/>
 <node id="6566937771" visible="true" version="1" changeset="71546808" timestamp="2019-06-24T04:30:08Z" user="hibagonsan" uid="5939709" lat="34.1650618" lon="131.4563607"/>
 <node id="6566937772" visible="true" version="1" changeset="71546808" timestamp="2019-06-24T04:30:08Z" user="hibagonsan" uid="5939709" lat="34.1651971" lon="131.4565605"/>
 <node id="6566939856" visible="true" version="1" changeset="71547048" timestamp="2019-06-24T04:42:17Z" user="hibagonsan" uid="5939709" lat="34.1641601" lon="131.4589595"/>
 <node id="6566939857" visible="true" version="1" changeset="71547048" timestamp="2019-06-24T04:42:17Z" user="hibagonsan" uid="5939709" lat="34.1641268" lon="131.4589098"/>
 <node id="6566939858" visible="true" version="1" changeset="71547048" timestamp="2019-06-24T04:42:17Z" user="hibagonsan" uid="5939709" lat="34.1641607" lon="131.4588766"/>
 <node id="6566939859" visible="true" version="1" changeset="71547048" timestamp="2019-06-24T04:42:17Z" user="hibagonsan" uid="5939709" lat="34.1641940" lon="131.4589262"/>
 <node id="6566939860" visible="true" version="1" changeset="71547048" timestamp="2019-06-24T04:42:17Z" user="hibagonsan" uid="5939709" lat="34.1642175" lon="131.4589290"/>
 <node id="6566939861" visible="true" version="1" changeset="71547048" timestamp="2019-06-24T04:42:17Z" user="hibagonsan" uid="5939709" lat="34.1641520" lon="131.4588177"/>
 <node id="6566939862" visible="true" version="1" changeset="71547048" timestamp="2019-06-24T04:42:17Z" user="hibagonsan" uid="5939709" lat="34.1642240" lon="131.4587559"/>
 <node id="6566939863" visible="true" version="1" changeset="71547048" timestamp="2019-06-24T04:42:17Z" user="hibagonsan" uid="5939709" lat="34.1642894" lon="131.4588672"/>
 <node id="6566939864" visible="true" version="1" changeset="71547048" timestamp="2019-06-24T04:42:17Z" user="hibagonsan" uid="5939709" lat="34.1643144" lon="131.4588566"/>
 <node id="6566939865" visible="true" version="1" changeset="71547048" timestamp="2019-06-24T04:42:17Z" user="hibagonsan" uid="5939709" lat="34.1642711" lon="131.4587908"/>
 <node id="6566939866" visible="true" version="1" changeset="71547048" timestamp="2019-06-24T04:42:17Z" user="hibagonsan" uid="5939709" lat="34.1643116" lon="131.4587519"/>
 <node id="6566939867" visible="true" version="1" changeset="71547048" timestamp="2019-06-24T04:42:17Z" user="hibagonsan" uid="5939709" lat="34.1643549" lon="131.4588176"/>
 <node id="6566939868" visible="true" version="1" changeset="71547048" timestamp="2019-06-24T04:42:17Z" user="hibagonsan" uid="5939709" lat="34.1645314" lon="131.4589503"/>
 <node id="6566939869" visible="true" version="1" changeset="71547048" timestamp="2019-06-24T04:42:17Z" user="hibagonsan" uid="5939709" lat="34.1644837" lon="131.4588719"/>
 <node id="6566939870" visible="true" version="1" changeset="71547048" timestamp="2019-06-24T04:42:17Z" user="hibagonsan" uid="5939709" lat="34.1645358" lon="131.4588256"/>
 <node id="6566939871" visible="true" version="1" changeset="71547048" timestamp="2019-06-24T04:42:17Z" user="hibagonsan" uid="5939709" lat="34.1645835" lon="131.4589041"/>
 <node id="6566939872" visible="true" version="2" changeset="72114613" timestamp="2019-07-11T00:32:15Z" user="hibagonsan" uid="5939709" lat="34.1643948" lon="131.4589279"/>
 <node id="6566939873" visible="true" version="1" changeset="71547048" timestamp="2019-06-24T04:42:17Z" user="hibagonsan" uid="5939709" lat="34.1644039" lon="131.4587885"/>
 <node id="6566939874" visible="true" version="1" changeset="71547048" timestamp="2019-06-24T04:42:17Z" user="hibagonsan" uid="5939709" lat="34.1644870" lon="131.4587130"/>
 <node id="6566939875" visible="true" version="1" changeset="71547048" timestamp="2019-06-24T04:42:17Z" user="hibagonsan" uid="5939709" lat="34.1645391" lon="131.4587968"/>
 <node id="6566939876" visible="true" version="1" changeset="71547048" timestamp="2019-06-24T04:42:17Z" user="hibagonsan" uid="5939709" lat="34.1644027" lon="131.4587631"/>
 <node id="6566939877" visible="true" version="1" changeset="71547048" timestamp="2019-06-24T04:42:17Z" user="hibagonsan" uid="5939709" lat="34.1643649" lon="131.4587054"/>
 <node id="6566939878" visible="true" version="1" changeset="71547048" timestamp="2019-06-24T04:42:17Z" user="hibagonsan" uid="5939709" lat="34.1644265" lon="131.4586466"/>
 <node id="6566939879" visible="true" version="1" changeset="71547048" timestamp="2019-06-24T04:42:17Z" user="hibagonsan" uid="5939709" lat="34.1644642" lon="131.4587042"/>
 <node id="6566939880" visible="true" version="1" changeset="71547048" timestamp="2019-06-24T04:42:17Z" user="hibagonsan" uid="5939709" lat="34.1644611" lon="131.4585931"/>
 <node id="6566939881" visible="true" version="1" changeset="71547048" timestamp="2019-06-24T04:42:17Z" user="hibagonsan" uid="5939709" lat="34.1644134" lon="131.4585328"/>
 <node id="6566939882" visible="true" version="1" changeset="71547048" timestamp="2019-06-24T04:42:17Z" user="hibagonsan" uid="5939709" lat="34.1644548" lon="131.4584850"/>
 <node id="6566939883" visible="true" version="1" changeset="71547048" timestamp="2019-06-24T04:42:17Z" user="hibagonsan" uid="5939709" lat="34.1645025" lon="131.4585453"/>
 <node id="6566939884" visible="true" version="1" changeset="71547048" timestamp="2019-06-24T04:42:17Z" user="hibagonsan" uid="5939709" lat="34.1646093" lon="131.4584546"/>
 <node id="6566956491" visible="true" version="1" changeset="71546808" timestamp="2019-06-24T04:30:08Z" user="hibagonsan" uid="5939709" lat="34.1654686" lon="131.4566743"/>
 <node id="6566956492" visible="true" version="1" changeset="71546808" timestamp="2019-06-24T04:30:08Z" user="hibagonsan" uid="5939709" lat="34.1655153" lon="131.4566297"/>
 <node id="6566956493" visible="true" version="1" changeset="71546808" timestamp="2019-06-24T04:30:08Z" user="hibagonsan" uid="5939709" lat="34.1653775" lon="131.4566423"/>
 <node id="6566956494" visible="true" version="1" changeset="71546808" timestamp="2019-06-24T04:30:08Z" user="hibagonsan" uid="5939709" lat="34.1654673" lon="131.4565565"/>
 <node id="6566956495" visible="true" version="2" changeset="185896843" timestamp="2026-07-17T10:29:07Z" user="MiachMihie" uid="24308200" lat="34.1655863" lon="131.4569017"/>
 <node id="6566956496" visible="true" version="2" changeset="72077392" timestamp="2019-07-10T04:44:02Z" user="hibagonsan" uid="5939709" lat="34.1655985" lon="131.4568729"/>
 <node id="6566956497" visible="true" version="1" changeset="71546808" timestamp="2019-06-24T04:30:08Z" user="hibagonsan" uid="5939709" lat="34.1656083" lon="131.4568626"/>
 <node id="6566956498" visible="true" version="1" changeset="71546808" timestamp="2019-06-24T04:30:08Z" user="hibagonsan" uid="5939709" lat="34.1653736" lon="131.4566718"/>
 <node id="6566956499" visible="true" version="2" changeset="185896843" timestamp="2026-07-17T10:29:07Z" user="MiachMihie" uid="24308200" lat="34.1655575" lon="131.4569335"/>
 <node id="6566956500" visible="true" version="1" changeset="71546808" timestamp="2019-06-24T04:30:08Z" user="hibagonsan" uid="5939709" lat="34.1655511" lon="131.4566580"/>
 <node id="6566956501" visible="true" version="1" changeset="71546808" timestamp="2019-06-24T04:30:08Z" user="hibagonsan" uid="5939709" lat="34.1654789" lon="131.4565494"/>
 <node id="6566956502" visible="true" version="1" changeset="71546808" timestamp="2019-06-24T04:30:08Z" user="hibagonsan" uid="5939709" lat="34.1655090" lon="131.4565203"/>
 <node id="6566956503" visible="true" version="1" changeset="71546808" timestamp="2019-06-24T04:30:08Z" user="hibagonsan" uid="5939709" lat="34.1655811" lon="131.4566289"/>
 <node id="6566956504" visible="true" version="2" changeset="185896843" timestamp="2026-07-17T10:29:07Z" user="MiachMihie" uid="24308200" lat="34.1657077" lon="131.4568233"/>
 <node id="6566956505" visible="true" version="2" changeset="185896843" timestamp="2026-07-17T10:29:07Z" user="MiachMihie" uid="24308200" lat="34.1656132" lon="131.4568996"/>
 <node id="6566956506" visible="true" version="2" changeset="185896843" timestamp="2026-07-17T10:29:07Z" user="MiachMihie" uid="24308200" lat="34.1656739" lon="131.4570094"/>
 <node id="6566956507" visible="true" version="2" changeset="185896843" timestamp="2026-07-17T10:29:07Z" user="MiachMihie" uid="24308200" lat="34.1657684" lon="131.4569330"/>
 <node id="6566956508" visible="true" version="1" changeset="71546808" timestamp="2019-06-24T04:30:08Z" user="hibagonsan" uid="5939709" lat="34.1659659" lon="131.4577397"/>
 <node id="6566956509" visible="true" version="1" changeset="71546808" timestamp="2019-06-24T04:30:08Z" user="hibagonsan" uid="5939709" lat="34.1657751" lon="131.4574393"/>
 <node id="6566956510" visible="true" version="1" changeset="71546808" timestamp="2019-06-24T04:30:08Z" user="hibagonsan" uid="5939709" lat="34.1656887" lon="131.4575194"/>
 <node id="6566956511" visible="true" version="1" changeset="71546808" timestamp="2019-06-24T04:30:08Z" user="hibagonsan" uid="5939709" lat="34.1658796" lon="131.4578198"/>
 <node id="6566956512" visible="true" version="2" changeset="185896843" timestamp="2026-07-17T10:29:07Z" user="MiachMihie" uid="24308200" lat="34.1658731" lon="131.4571554"/>
 <node id="6566956513" visible="true" version="2" changeset="185896843" timestamp="2026-07-17T10:29:07Z" user="MiachMihie" uid="24308200" lat="34.1659290" lon="131.4571040"/>
 <node id="6566956514" visible="true" version="2" changeset="185896843" timestamp="2026-07-17T10:29:07Z" user="MiachMihie" uid="24308200" lat="34.1658381" lon="131.4570997"/>
 <node id="6566956519" visible="true" version="2" changeset="185896843" timestamp="2026-07-17T10:29:07Z" user="MiachMihie" uid="24308200" lat="34.1658994" lon="131.4570570"/>
 <node id="6566956520" visible="true" version="2" changeset="185896843" timestamp="2026-07-17T10:29:07Z" user="MiachMihie" uid="24308200" lat="34.1662362" lon="131.4567471"/>
 <node id="6566956521" visible="true" version="2" changeset="185896843" timestamp="2026-07-17T10:29:07Z" user="MiachMihie" uid="24308200" lat="34.1658198" lon="131.4571166"/>
 <node id="6566956522" visible="true" version="2" changeset="185896843" timestamp="2026-07-17T10:29:07Z" user="MiachMihie" uid="24308200" lat="34.1657463" lon="131.4569999"/>
 <node id="6566956523" visible="true" version="2" changeset="185896843" timestamp="2026-07-17T10:29:07Z" user="MiachMihie" uid="24308200" lat="34.1661573" lon="131.4566218"/>
 <node id="6566956524" visible="true" version="1" changeset="71546808" timestamp="2019-06-24T04:30:08Z" user="hibagonsan" uid="5939709" lat="34.1644783" lon="131.4571936"/>
 <node id="6566956525" visible="true" version="1" changeset="71546808" timestamp="2019-06-24T04:30:08Z" user="hibagonsan" uid="5939709" lat="34.1644894" lon="131.4572427"/>
 <node id="6566956526" visible="true" version="1" changeset="71546808" timestamp="2019-06-24T04:30:08Z" user="hibagonsan" uid="5939709" lat="34.1645076" lon="131.4572693"/>
 <node id="6566956527" visible="true" version="1" changeset="71546808" timestamp="2019-06-24T04:30:08Z" user="hibagonsan" uid="5939709" lat="34.1645058" lon="131.4571660"/>
 <node id="6566956528" visible="true" version="1" changeset="71546808" timestamp="2019-06-24T04:30:08Z" user="hibagonsan" uid="5939709" lat="34.1645485" lon="131.4572284"/>
 <node id="6566956529" visible="true" version="1" changeset="71546808" timestamp="2019-06-24T04:30:08Z" user="hibagonsan" uid="5939709" lat="34.1644396" lon="131.4571374"/>
 <node id="6566956530" visible="true" version="1" changeset="71546808" timestamp="2019-06-24T04:30:08Z" user="hibagonsan" uid="5939709" lat="34.1643937" lon="131.4571834"/>
 <node id="6566956531" visible="true" version="1" changeset="71546808" timestamp="2019-06-24T04:30:08Z" user="hibagonsan" uid="5939709" lat="34.1644570" lon="131.4572753"/>
 <node id="6566956532" visible="true" version="1" changeset="71546808" timestamp="2019-06-24T04:30:08Z" user="hibagonsan" uid="5939709" lat="34.1639297" lon="131.4583751"/>
 <node id="6566956533" visible="true" version="1" changeset="71546808" timestamp="2019-06-24T04:30:08Z" user="hibagonsan" uid="5939709" lat="34.1638742" lon="131.4582987"/>
 <node id="6566956534" visible="true" version="1" changeset="71546808" timestamp="2019-06-24T04:30:08Z" user="hibagonsan" uid="5939709" lat="34.1639022" lon="131.4582691"/>
 <node id="6566956535" visible="true" version="1" changeset="71546808" timestamp="2019-06-24T04:30:08Z" user="hibagonsan" uid="5939709" lat="34.1639576" lon="131.4583455"/>
 <node id="6566956536" visible="true" version="1" changeset="71546808" timestamp="2019-06-24T04:30:08Z" user="hibagonsan" uid="5939709" lat="34.1641239" lon="131.4585614"/>
 <node id="6566956537" visible="true" version="1" changeset="71546808" timestamp="2019-06-24T04:30:08Z" user="hibagonsan" uid="5939709" lat="34.1640618" lon="131.4584662"/>
 <node id="6566956538" visible="true" version="1" changeset="71546808" timestamp="2019-06-24T04:30:08Z" user="hibagonsan" uid="5939709" lat="34.1640941" lon="131.4584354"/>
 <node id="6566956539" visible="true" version="1" changeset="71546808" timestamp="2019-06-24T04:30:08Z" user="hibagonsan" uid="5939709" lat="34.1641563" lon="131.4585306"/>
 <node id="6566956540" visible="true" version="1" changeset="71546808" timestamp="2019-06-24T04:30:08Z" user="hibagonsan" uid="5939709" lat="34.1641697" lon="131.4585464"/>
 <node id="6566956541" visible="true" version="1" changeset="71546808" timestamp="2019-06-24T04:30:08Z" user="hibagonsan" uid="5939709" lat="34.1640998" lon="131.4586188"/>
 <node id="6566956542" visible="true" version="1" changeset="71546808" timestamp="2019-06-24T04:30:08Z" user="hibagonsan" uid="5939709" lat="34.1641751" lon="131.4587250"/>
 <node id="6566956543" visible="true" version="1" changeset="71546808" timestamp="2019-06-24T04:30:08Z" user="hibagonsan" uid="5939709" lat="34.1642450" lon="131.4586526"/>
 <node id="6566956544" visible="true" version="1" changeset="71546808" timestamp="2019-06-24T04:30:08Z" user="hibagonsan" uid="5939709" lat="34.1642830" lon="131.4586285"/>
 <node id="6566956545" visible="true" version="1" changeset="71546808" timestamp="2019-06-24T04:30:08Z" user="hibagonsan" uid="5939709" lat="34.1642375" lon="131.4585641"/>
 <node id="6566956546" visible="true" version="1" changeset="71546808" timestamp="2019-06-24T04:30:08Z" user="hibagonsan" uid="5939709" lat="34.1642894" lon="131.4585105"/>
 <node id="6566956547" visible="true" version="1" changeset="71546808" timestamp="2019-06-24T04:30:08Z" user="hibagonsan" uid="5939709" lat="34.1643349" lon="131.4585748"/>
 <node id="6566956548" visible="true" version="1" changeset="71546808" timestamp="2019-06-24T04:30:08Z" user="hibagonsan" uid="5939709" lat="34.1644720" lon="131.4582235"/>
 <node id="6566956549" visible="true" version="1" changeset="71546808" timestamp="2019-06-24T04:30:08Z" user="hibagonsan" uid="5939709" lat="34.1644200" lon="131.4582821"/>
 <node id="6566956550" visible="true" version="1" changeset="71546808" timestamp="2019-06-24T04:30:08Z" user="hibagonsan" uid="5939709" lat="34.1643950" lon="131.4582097"/>
 <node id="6566956551" visible="true" version="1" changeset="71546808" timestamp="2019-06-24T04:30:08Z" user="hibagonsan" uid="5939709" lat="34.1643340" lon="131.4581239"/>
 <node id="6566956552" visible="true" version="1" changeset="71546808" timestamp="2019-06-24T04:30:08Z" user="hibagonsan" uid="5939709" lat="34.1643782" lon="131.4580780"/>
 <node id="6566956553" visible="true" version="1" changeset="71546808" timestamp="2019-06-24T04:30:08Z" user="hibagonsan" uid="5939709" lat="34.1644392" lon="131.4581638"/>
 <node id="6566956554" visible="true" version="1" changeset="71546808" timestamp="2019-06-24T04:30:08Z" user="hibagonsan" uid="5939709" lat="34.1643302" lon="131.4580053"/>
 <node id="6566956555" visible="true" version="1" changeset="71546808" timestamp="2019-06-24T04:30:08Z" user="hibagonsan" uid="5939709" lat="34.1642847" lon="131.4580529"/>
 <node id="6566956556" visible="true" version="1" changeset="71546808" timestamp="2019-06-24T04:30:08Z" user="hibagonsan" uid="5939709" lat="34.1643238" lon="131.4581075"/>
 <node id="6566956557" visible="true" version="1" changeset="71546808" timestamp="2019-06-24T04:30:08Z" user="hibagonsan" uid="5939709" lat="34.1643693" lon="131.4580598"/>
 <node id="6566956558" visible="true" version="1" changeset="71546808" timestamp="2019-06-24T04:30:08Z" user="hibagonsan" uid="5939709" lat="34.1642890" lon="131.4579433"/>
 <node id="6566956559" visible="true" version="1" changeset="71546808" timestamp="2019-06-24T04:30:08Z" user="hibagonsan" uid="5939709" lat="34.1642391" lon="131.4579949"/>
 <node id="6566956560" visible="true" version="1" changeset="71546808" timestamp="2019-06-24T04:30:08Z" user="hibagonsan" uid="5939709" lat="34.1642756" lon="131.4580464"/>
 <node id="6566956561" visible="true" version="1" changeset="71546808" timestamp="2019-06-24T04:30:08Z" user="hibagonsan" uid="5939709" lat="34.1643255" lon="131.4579948"/>
 <node id="6566956562" visible="true" version="1" changeset="71546808" timestamp="2019-06-24T04:30:08Z" user="hibagonsan" uid="5939709" lat="34.1646323" lon="131.4580852"/>
 <node id="6566956563" visible="true" version="1" changeset="71546808" timestamp="2019-06-24T04:30:08Z" user="hibagonsan" uid="5939709" lat="34.1646219" lon="131.4580013"/>
 <node id="6566956564" visible="true" version="1" changeset="71546808" timestamp="2019-06-24T04:30:08Z" user="hibagonsan" uid="5939709" lat="34.1646587" lon="131.4581252"/>
 <node id="6566956565" visible="true" version="1" changeset="71546808" timestamp="2019-06-24T04:30:08Z" user="hibagonsan" uid="5939709" lat="34.1646756" lon="131.4581341"/>
 <node id="6566956566" visible="true" version="1" changeset="71546808" timestamp="2019-06-24T04:30:08Z" user="hibagonsan" uid="5939709" lat="34.1645666" lon="131.4579914"/>
 <node id="6566956567" visible="true" version="1" changeset="71546808" timestamp="2019-06-24T04:30:08Z" user="hibagonsan" uid="5939709" lat="34.1645847" lon="131.4580830"/>
 <node id="6566956568" visible="true" version="1" changeset="71546808" timestamp="2019-06-24T04:30:08Z" user="hibagonsan" uid="5939709" lat="34.1646609" lon="131.4580604"/>
 <node id="6566956569" visible="true" version="1" changeset="71546808" timestamp="2019-06-24T04:30:08Z" user="hibagonsan" uid="5939709" lat="34.1646392" lon="131.4580957"/>
 <node id="6566956570" visible="true" version="1" changeset="71546808" timestamp="2019-06-24T04:30:08Z" user="hibagonsan" uid="5939709" lat="34.1646040" lon="131.4581124"/>
 <node id="6566956571" visible="true" version="1" changeset="71546808" timestamp="2019-06-24T04:30:08Z" user="hibagonsan" uid="5939709" lat="34.1645964" lon="131.4579626"/>
 <node id="6566956572" visible="true" version="1" changeset="71546808" timestamp="2019-06-24T04:30:08Z" user="hibagonsan" uid="5939709" lat="34.1646148" lon="131.4581684"/>
 <node id="6566956573" visible="true" version="1" changeset="71546808" timestamp="2019-06-24T04:30:08Z" user="hibagonsan" uid="5939709" lat="34.1646523" lon="131.4582241"/>
 <node id="6566956574" visible="true" version="1" changeset="71546808" timestamp="2019-06-24T04:30:08Z" user="hibagonsan" uid="5939709" lat="34.1647028" lon="131.4581745"/>
 <node id="6566956575" visible="true" version="1" changeset="71546808" timestamp="2019-06-24T04:30:08Z" user="hibagonsan" uid="5939709" lat="34.1646739" lon="131.4580478"/>
 <node id="6566956576" visible="true" version="1" changeset="71546808" timestamp="2019-06-24T04:30:08Z" user="hibagonsan" uid="5939709" lat="34.1647094" lon="131.4581014"/>
 <node id="6566956577" visible="true" version="1" changeset="71546808" timestamp="2019-06-24T04:30:08Z" user="hibagonsan" uid="5939709" lat="34.1645866" lon="131.4579491"/>
 <node id="6566956578" visible="true" version="1" changeset="71546808" timestamp="2019-06-24T04:30:08Z" user="hibagonsan" uid="5939709" lat="34.1646273" lon="131.4579056"/>
 <node id="6566956579" visible="true" version="1" changeset="71546808" timestamp="2019-06-24T04:30:08Z" user="hibagonsan" uid="5939709" lat="34.1646645" lon="131.4579566"/>
 <node id="6566956580" visible="true" version="1" changeset="71546808" timestamp="2019-06-24T04:30:08Z" user="hibagonsan" uid="5939709" lat="34.1645332" lon="131.4579454"/>
 <node id="6566956581" visible="true" version="1" changeset="71546808" timestamp="2019-06-24T04:30:08Z" user="hibagonsan" uid="5939709" lat="34.1644847" lon="131.4579968"/>
 <node id="6566956582" visible="true" version="1" changeset="71546808" timestamp="2019-06-24T04:30:08Z" user="hibagonsan" uid="5939709" lat="34.1645635" lon="131.4581054"/>
 <node id="6566956583" visible="true" version="1" changeset="71546808" timestamp="2019-06-24T04:30:08Z" user="hibagonsan" uid="5939709" lat="34.1647586" lon="131.4580688"/>
 <node id="6566956584" visible="true" version="1" changeset="71546808" timestamp="2019-06-24T04:30:08Z" user="hibagonsan" uid="5939709" lat="34.1647236" lon="131.4580205"/>
 <node id="6566956585" visible="true" version="1" changeset="71546808" timestamp="2019-06-24T04:30:08Z" user="hibagonsan" uid="5939709" lat="34.1646928" lon="131.4580531"/>
 <node id="6566956586" visible="true" version="1" changeset="71546808" timestamp="2019-06-24T04:30:08Z" user="hibagonsan" uid="5939709" lat="34.1647278" lon="131.4581014"/>
 <node id="6566956587" visible="true" version="1" changeset="71546808" timestamp="2019-06-24T04:30:08Z" user="hibagonsan" uid="5939709" lat="34.1647363" lon="131.4581118"/>
 <node id="6566956588" visible="true" version="1" changeset="71546808" timestamp="2019-06-24T04:30:08Z" user="hibagonsan" uid="5939709" lat="34.1647024" lon="131.4581454"/>
 <node id="6566956589" visible="true" version="1" changeset="71546808" timestamp="2019-06-24T04:30:08Z" user="hibagonsan" uid="5939709" lat="34.1647222" lon="131.4581745"/>
 <node id="6566956590" visible="true" version="1" changeset="71546808" timestamp="2019-06-24T04:30:08Z" user="hibagonsan" uid="5939709" lat="34.1647561" lon="131.4581410"/>
 <node id="6566956591" visible="true" version="1" changeset="71546808" timestamp="2019-06-24T04:30:08Z" user="hibagonsan" uid="5939709" lat="34.1652881" lon="131.4590376"/>
 <node id="6566956592" visible="true" version="1" changeset="71546808" timestamp="2019-06-24T04:30:08Z" user="hibagonsan" uid="5939709" lat="34.1651960" lon="131.4589115"/>
 <node id="6566956593" visible="true" version="1" changeset="71546808" timestamp="2019-06-24T04:30:08Z" user="hibagonsan" uid="5939709" lat="34.1651528" lon="131.4589577"/>
 <node id="6566956594" visible="true" version="1" changeset="71546808" timestamp="2019-06-24T04:30:08Z" user="hibagonsan" uid="5939709" lat="34.1652449" lon="131.4590838"/>
 <node id="6566956595" visible="true" version="1" changeset="71546808" timestamp="2019-06-24T04:30:08Z" user="hibagonsan" uid="5939709" lat="34.1652807" lon="131.4589007"/>
 <node id="6566956596" visible="true" version="1" changeset="71546808" timestamp="2019-06-24T04:30:08Z" user="hibagonsan" uid="5939709" lat="34.1652424" lon="131.4589349"/>
 <node id="6566956597" visible="true" version="1" changeset="71546808" timestamp="2019-06-24T04:30:08Z" user="hibagonsan" uid="5939709" lat="34.1652671" lon="131.4589752"/>
 <node id="6566956598" visible="true" version="1" changeset="71546808" timestamp="2019-06-24T04:30:08Z" user="hibagonsan" uid="5939709" lat="34.1653053" lon="131.4589410"/>
 <node id="6566956599" visible="true" version="1" changeset="71546808" timestamp="2019-06-24T04:30:08Z" user="hibagonsan" uid="5939709" lat="34.1653769" lon="131.4590544"/>
 <node id="6566956600" visible="true" version="1" changeset="71546808" timestamp="2019-06-24T04:30:08Z" user="hibagonsan" uid="5939709" lat="34.1653147" lon="131.4589673"/>
 <node id="6566956601" visible="true" version="1" changeset="71546808" timestamp="2019-06-24T04:30:08Z" user="hibagonsan" uid="5939709" lat="34.1652820" lon="131.4590013"/>
 <node id="6566956602" visible="true" version="1" changeset="71546808" timestamp="2019-06-24T04:30:08Z" user="hibagonsan" uid="5939709" lat="34.1653442" lon="131.4590885"/>
 <node id="6566956603" visible="true" version="1" changeset="71546808" timestamp="2019-06-24T04:30:08Z" user="hibagonsan" uid="5939709" lat="34.1652078" lon="131.4587560"/>
 <node id="6566956604" visible="true" version="1" changeset="71546808" timestamp="2019-06-24T04:30:08Z" user="hibagonsan" uid="5939709" lat="34.1651562" lon="131.4588130"/>
 <node id="6566956605" visible="true" version="1" changeset="71546808" timestamp="2019-06-24T04:30:08Z" user="hibagonsan" uid="5939709" lat="34.1651977" lon="131.4588679"/>
 <node id="6566956606" visible="true" version="1" changeset="71546808" timestamp="2019-06-24T04:30:08Z" user="hibagonsan" uid="5939709" lat="34.1652493" lon="131.4588109"/>
 <node id="6566956607" visible="true" version="1" changeset="71546808" timestamp="2019-06-24T04:30:08Z" user="hibagonsan" uid="5939709" lat="34.1652810" lon="131.4587571"/>
 <node id="6566956608" visible="true" version="1" changeset="71546808" timestamp="2019-06-24T04:30:08Z" user="hibagonsan" uid="5939709" lat="34.1651783" lon="131.4586183"/>
 <node id="6566956609" visible="true" version="1" changeset="71546808" timestamp="2019-06-24T04:30:08Z" user="hibagonsan" uid="5939709" lat="34.1652254" lon="131.4585675"/>
 <node id="6566956610" visible="true" version="1" changeset="71546808" timestamp="2019-06-24T04:30:08Z" user="hibagonsan" uid="5939709" lat="34.1653281" lon="131.4587063"/>
 <node id="6566956611" visible="true" version="1" changeset="71546808" timestamp="2019-06-24T04:30:08Z" user="hibagonsan" uid="5939709" lat="34.1653616" lon="131.4586342"/>
 <node id="6566956612" visible="true" version="1" changeset="71546808" timestamp="2019-06-24T04:30:08Z" user="hibagonsan" uid="5939709" lat="34.1653297" lon="131.4585913"/>
 <node id="6566956613" visible="true" version="1" changeset="71546808" timestamp="2019-06-24T04:30:08Z" user="hibagonsan" uid="5939709" lat="34.1653056" lon="131.4586174"/>
 <node id="6566956614" visible="true" version="1" changeset="71546808" timestamp="2019-06-24T04:30:08Z" user="hibagonsan" uid="5939709" lat="34.1653375" lon="131.4586603"/>
 <node id="6566956615" visible="true" version="1" changeset="71546808" timestamp="2019-06-24T04:30:08Z" user="hibagonsan" uid="5939709" lat="34.1653187" lon="131.4585651"/>
 <node id="6566956616" visible="true" version="1" changeset="71546808" timestamp="2019-06-24T04:30:08Z" user="hibagonsan" uid="5939709" lat="34.1652824" lon="131.4585145"/>
 <node id="6566956617" visible="true" version="1" changeset="71546808" timestamp="2019-06-24T04:30:08Z" user="hibagonsan" uid="5939709" lat="34.1652504" lon="131.4585480"/>
 <node id="6566956618" visible="true" version="1" changeset="71546808" timestamp="2019-06-24T04:30:08Z" user="hibagonsan" uid="5939709" lat="34.1652867" lon="131.4585986"/>
 <node id="6566956619" visible="true" version="1" changeset="71546808" timestamp="2019-06-24T04:30:08Z" user="hibagonsan" uid="5939709" lat="34.1646558" lon="131.4587632"/>
 <node id="6566956620" visible="true" version="1" changeset="71546808" timestamp="2019-06-24T04:30:08Z" user="hibagonsan" uid="5939709" lat="34.1646058" lon="131.4588034"/>
 <node id="6566956621" visible="true" version="1" changeset="71546808" timestamp="2019-06-24T04:30:08Z" user="hibagonsan" uid="5939709" lat="34.1646351" lon="131.4588565"/>
 <node id="6566956622" visible="true" version="1" changeset="71546808" timestamp="2019-06-24T04:30:08Z" user="hibagonsan" uid="5939709" lat="34.1646850" lon="131.4588162"/>
 <node id="6566956623" visible="true" version="1" changeset="71546808" timestamp="2019-06-24T04:30:08Z" user="hibagonsan" uid="5939709" lat="34.1646828" lon="131.4588366"/>
 <node id="6566956624" visible="true" version="1" changeset="71546808" timestamp="2019-06-24T04:30:08Z" user="hibagonsan" uid="5939709" lat="34.1646329" lon="131.4588815"/>
 <node id="6566956625" visible="true" version="1" changeset="71546808" timestamp="2019-06-24T04:30:08Z" user="hibagonsan" uid="5939709" lat="34.1646745" lon="131.4589490"/>
 <node id="6566956626" visible="true" version="1" changeset="71546808" timestamp="2019-06-24T04:30:08Z" user="hibagonsan" uid="5939709" lat="34.1647244" lon="131.4589041"/>
 <node id="6566956627" visible="true" version="1" changeset="71546808" timestamp="2019-06-24T04:30:08Z" user="hibagonsan" uid="5939709" lat="34.1647447" lon="131.4587782"/>
 <node id="6566956628" visible="true" version="1" changeset="71546808" timestamp="2019-06-24T04:30:08Z" user="hibagonsan" uid="5939709" lat="34.1646976" lon="131.4588225"/>
 <node id="6566956629" visible="true" version="1" changeset="71546808" timestamp="2019-06-24T04:30:08Z" user="hibagonsan" uid="5939709" lat="34.1647405" lon="131.4588893"/>
 <node id="6566956630" visible="true" version="1" changeset="71546808" timestamp="2019-06-24T04:30:08Z" user="hibagonsan" uid="5939709" lat="34.1647877" lon="131.4588451"/>
 <node id="6566956631" visible="true" version="1" changeset="71546808" timestamp="2019-06-24T04:30:08Z" user="hibagonsan" uid="5939709" lat="34.1647214" lon="131.4587061"/>
 <node id="6566956632" visible="true" version="1" changeset="71546808" timestamp="2019-06-24T04:30:08Z" user="hibagonsan" uid="5939709" lat="34.1646709" lon="131.4587517"/>
 <node id="6566956633" visible="true" version="1" changeset="71546808" timestamp="2019-06-24T04:30:08Z" user="hibagonsan" uid="5939709" lat="34.1647017" lon="131.4588015"/>
 <node id="6566956634" visible="true" version="1" changeset="71546808" timestamp="2019-06-24T04:30:08Z" user="hibagonsan" uid="5939709" lat="34.1647522" lon="131.4587559"/>
 <node id="6566956635" visible="true" version="1" changeset="71546808" timestamp="2019-06-24T04:30:08Z" user="hibagonsan" uid="5939709" lat="34.1648474" lon="131.4586953"/>
 <node id="6566956636" visible="true" version="1" changeset="71546808" timestamp="2019-06-24T04:30:08Z" user="hibagonsan" uid="5939709" lat="34.1647708" lon="131.4587744"/>
 <node id="6566956637" visible="true" version="1" changeset="71546808" timestamp="2019-06-24T04:30:08Z" user="hibagonsan" uid="5939709" lat="34.1648099" lon="131.4588296"/>
 <node id="6566956638" visible="true" version="1" changeset="71546808" timestamp="2019-06-24T04:30:08Z" user="hibagonsan" uid="5939709" lat="34.1648864" lon="131.4587505"/>
 <node id="6566956639" visible="true" version="1" changeset="71546808" timestamp="2019-06-24T04:30:08Z" user="hibagonsan" uid="5939709" lat="34.1647786" lon="131.4587349"/>
 <node id="6566956640" visible="true" version="1" changeset="71546808" timestamp="2019-06-24T04:30:08Z" user="hibagonsan" uid="5939709" lat="34.1647414" lon="131.4586746"/>
 <node id="6566956641" visible="true" version="1" changeset="71546808" timestamp="2019-06-24T04:30:08Z" user="hibagonsan" uid="5939709" lat="34.1647949" lon="131.4586265"/>
 <node id="6566956642" visible="true" version="1" changeset="71546808" timestamp="2019-06-24T04:30:08Z" user="hibagonsan" uid="5939709" lat="34.1648321" lon="131.4586868"/>
 <node id="6566956643" visible="true" version="1" changeset="71546808" timestamp="2019-06-24T04:30:08Z" user="hibagonsan" uid="5939709" lat="34.1644470" lon="131.4586084"/>
 <node id="6566956644" visible="true" version="1" changeset="71546808" timestamp="2019-06-24T04:30:08Z" user="hibagonsan" uid="5939709" lat="34.1644670" lon="131.4586513"/>
 <node id="6566956645" visible="true" version="1" changeset="71546808" timestamp="2019-06-24T04:30:08Z" user="hibagonsan" uid="5939709" lat="34.1644981" lon="131.4586982"/>
 <node id="6566956646" visible="true" version="1" changeset="71546808" timestamp="2019-06-24T04:30:08Z" user="hibagonsan" uid="5939709" lat="34.1644159" lon="131.4600246"/>
 <node id="6566956647" visible="true" version="1" changeset="71546808" timestamp="2019-06-24T04:30:08Z" user="hibagonsan" uid="5939709" lat="34.1640708" lon="131.4602593"/>
 <node id="6566956662" visible="true" version="1" changeset="71546808" timestamp="2019-06-24T04:30:08Z" user="hibagonsan" uid="5939709" lat="34.1652405" lon="131.4593196"/>
 <node id="6566956663" visible="true" version="1" changeset="71546808" timestamp="2019-06-24T04:30:08Z" user="hibagonsan" uid="5939709" lat="34.1653925" lon="131.4595530"/>
 <node id="6566956664" visible="true" version="1" changeset="71546808" timestamp="2019-06-24T04:30:08Z" user="hibagonsan" uid="5939709" lat="34.1653015" lon="131.4596397"/>
 <node id="6566956665" visible="true" version="1" changeset="71546808" timestamp="2019-06-24T04:30:08Z" user="hibagonsan" uid="5939709" lat="34.1651494" lon="131.4594063"/>
 <node id="6566969085" visible="true" version="1" changeset="71547048" timestamp="2019-06-24T04:42:17Z" user="hibagonsan" uid="5939709" lat="34.1645527" lon="131.4583889"/>
 <node id="6566969086" visible="true" version="1" changeset="71547048" timestamp="2019-06-24T04:42:17Z" user="hibagonsan" uid="5939709" lat="34.1645136" lon="131.4584380"/>
 <node id="6566969087" visible="true" version="1" changeset="71547048" timestamp="2019-06-24T04:42:17Z" user="hibagonsan" uid="5939709" lat="34.1645702" lon="131.4585038"/>
 <node id="6566969088" visible="true" version="1" changeset="71547048" timestamp="2019-06-24T04:42:17Z" user="hibagonsan" uid="5939709" lat="34.1646706" lon="131.4585789"/>
 <node id="6566969089" visible="true" version="1" changeset="71547048" timestamp="2019-06-24T04:42:17Z" user="hibagonsan" uid="5939709" lat="34.1647011" lon="131.4585447"/>
 <node id="6566969090" visible="true" version="1" changeset="71547048" timestamp="2019-06-24T04:42:17Z" user="hibagonsan" uid="5939709" lat="34.1647011" lon="131.4586271"/>
 <node id="6566969091" visible="true" version="1" changeset="71547048" timestamp="2019-06-24T04:42:17Z" user="hibagonsan" uid="5939709" lat="34.1647100" lon="131.4586271"/>
 <node id="6566969092" visible="true" version="1" changeset="71547048" timestamp="2019-06-24T04:42:17Z" user="hibagonsan" uid="5939709" lat="34.1647100" lon="131.4585447"/>
 <node id="6566969093" visible="true" version="1" changeset="71547048" timestamp="2019-06-24T04:42:17Z" user="hibagonsan" uid="5939709" lat="34.1647074" lon="131.4585239"/>
 <node id="6566969094" visible="true" version="1" changeset="71547048" timestamp="2019-06-24T04:42:17Z" user="hibagonsan" uid="5939709" lat="34.1646581" lon="131.4584535"/>
 <node id="6566969095" visible="true" version="1" changeset="71547048" timestamp="2019-06-24T04:42:17Z" user="hibagonsan" uid="5939709" lat="34.1646090" lon="131.4585038"/>
 <node id="6566969096" visible="true" version="1" changeset="71547048" timestamp="2019-06-24T04:42:17Z" user="hibagonsan" uid="5939709" lat="34.1646584" lon="131.4585742"/>
 <node id="6566969097" visible="true" version="1" changeset="71547048" timestamp="2019-06-24T04:42:17Z" user="hibagonsan" uid="5939709" lat="34.1646649" lon="131.4586295"/>
 <node id="6566969098" visible="true" version="1" changeset="71547048" timestamp="2019-06-24T04:42:17Z" user="hibagonsan" uid="5939709" lat="34.1646050" lon="131.4585336"/>
 <node id="6566969099" visible="true" version="1" changeset="71547048" timestamp="2019-06-24T04:42:17Z" user="hibagonsan" uid="5939709" lat="34.1645524" lon="131.4585815"/>
 <node id="6566969100" visible="true" version="1" changeset="71547048" timestamp="2019-06-24T04:42:17Z" user="hibagonsan" uid="5939709" lat="34.1646123" lon="131.4586774"/>
 <node id="6566969101" visible="true" version="1" changeset="71547048" timestamp="2019-06-24T04:42:17Z" user="hibagonsan" uid="5939709" lat="34.1645103" lon="131.4586819"/>
 <node id="6566969102" visible="true" version="1" changeset="71547048" timestamp="2019-06-24T04:42:17Z" user="hibagonsan" uid="5939709" lat="34.1644654" lon="131.4586068"/>
 <node id="6566969103" visible="true" version="1" changeset="71547048" timestamp="2019-06-24T04:42:17Z" user="hibagonsan" uid="5939709" lat="34.1645241" lon="131.4585554"/>
 <node id="6566969104" visible="true" version="1" changeset="71547048" timestamp="2019-06-24T04:42:17Z" user="hibagonsan" uid="5939709" lat="34.1645691" lon="131.4586305"/>
 <node id="6566969105" visible="true" version="1" changeset="71547048" timestamp="2019-06-24T04:42:17Z" user="hibagonsan" uid="5939709" lat="34.1646281" lon="131.4587245"/>
 <node id="6566969106" visible="true" version="1" changeset="71547048" timestamp="2019-06-24T04:42:17Z" user="hibagonsan" uid="5939709" lat="34.1645820" lon="131.4586527"/>
 <node id="6566969107" visible="true" version="1" changeset="71547048" timestamp="2019-06-24T04:42:17Z" user="hibagonsan" uid="5939709" lat="34.1645263" lon="131.4587049"/>
 <node id="6566969108" visible="true" version="1" changeset="71547048" timestamp="2019-06-24T04:42:17Z" user="hibagonsan" uid="5939709" lat="34.1645724" lon="131.4587767"/>
 <node id="6585734059" visible="true" version="1" changeset="71845577" timestamp="2019-07-03T06:00:04Z" user="hibagonsan" uid="5939709" lat="34.1639997" lon="131.4589086"/>
 <node id="6585734060" visible="true" version="1" changeset="71845577" timestamp="2019-07-03T06:00:04Z" user="hibagonsan" uid="5939709" lat="34.1639642" lon="131.4588522"/>
 <node id="6585734061" visible="true" version="1" changeset="71845577" timestamp="2019-07-03T06:00:04Z" user="hibagonsan" uid="5939709" lat="34.1640120" lon="131.4588082"/>
 <node id="6585734062" visible="true" version="1" changeset="71845577" timestamp="2019-07-03T06:00:04Z" user="hibagonsan" uid="5939709" lat="34.1640475" lon="131.4588645"/>
 <node id="6585734063" visible="true" version="1" changeset="71845577" timestamp="2019-07-03T06:00:04Z" user="hibagonsan" uid="5939709" lat="34.1639951" lon="131.4587281"/>
 <node id="6585734064" visible="true" version="1" changeset="71845577" timestamp="2019-07-03T06:00:04Z" user="hibagonsan" uid="5939709" lat="34.1639625" lon="131.4587586"/>
 <node id="6585734065" visible="true" version="1" changeset="71845577" timestamp="2019-07-03T06:00:04Z" user="hibagonsan" uid="5939709" lat="34.1639455" lon="131.4587321"/>
 <node id="6585734066" visible="true" version="1" changeset="71845577" timestamp="2019-07-03T06:00:04Z" user="hibagonsan" uid="5939709" lat="34.1639781" lon="131.4587016"/>
 <node id="6585734067" visible="true" version="1" changeset="71845577" timestamp="2019-07-03T06:00:04Z" user="hibagonsan" uid="5939709" lat="34.1640435" lon="131.4586404"/>
 <node id="6585734068" visible="true" version="1" changeset="71845577" timestamp="2019-07-03T06:00:04Z" user="hibagonsan" uid="5939709" lat="34.1639009" lon="131.4587739"/>
 <node id="6585734069" visible="true" version="1" changeset="71845577" timestamp="2019-07-03T06:00:04Z" user="hibagonsan" uid="5939709" lat="34.1639482" lon="131.4588477"/>
 <node id="6585734070" visible="true" version="1" changeset="71845577" timestamp="2019-07-03T06:00:04Z" user="hibagonsan" uid="5939709" lat="34.1640908" lon="131.4587143"/>
 <node id="6585734071" visible="true" version="1" changeset="71845577" timestamp="2019-07-03T06:00:04Z" user="hibagonsan" uid="5939709" lat="34.1639417" lon="131.4589653"/>
 <node id="6585734072" visible="true" version="1" changeset="71845577" timestamp="2019-07-03T06:00:04Z" user="hibagonsan" uid="5939709" lat="34.1639045" lon="131.4589036"/>
 <node id="6585734073" visible="true" version="1" changeset="71845577" timestamp="2019-07-03T06:00:04Z" user="hibagonsan" uid="5939709" lat="34.1639443" lon="131.4588685"/>
 <node id="6585734074" visible="true" version="1" changeset="71845577" timestamp="2019-07-03T06:00:04Z" user="hibagonsan" uid="5939709" lat="34.1639815" lon="131.4589302"/>
 <node id="6585734075" visible="true" version="1" changeset="71845577" timestamp="2019-07-03T06:00:04Z" user="hibagonsan" uid="5939709" lat="34.1639025" lon="131.4589220"/>
 <node id="6585734076" visible="true" version="1" changeset="71845577" timestamp="2019-07-03T06:00:04Z" user="hibagonsan" uid="5939709" lat="34.1637687" lon="131.4590025"/>
 <node id="6585734077" visible="true" version="1" changeset="71845577" timestamp="2019-07-03T06:00:04Z" user="hibagonsan" uid="5939709" lat="34.1637917" lon="131.4590583"/>
 <node id="6585734078" visible="true" version="1" changeset="71845577" timestamp="2019-07-03T06:00:04Z" user="hibagonsan" uid="5939709" lat="34.1639255" lon="131.4589778"/>
 <node id="6585734079" visible="true" version="1" changeset="71845577" timestamp="2019-07-03T06:00:04Z" user="hibagonsan" uid="5939709" lat="34.1638313" lon="131.4588254"/>
 <node id="6585734080" visible="true" version="1" changeset="71845577" timestamp="2019-07-03T06:00:04Z" user="hibagonsan" uid="5939709" lat="34.1637903" lon="131.4587623"/>
 <node id="6585734081" visible="true" version="1" changeset="71845577" timestamp="2019-07-03T06:00:04Z" user="hibagonsan" uid="5939709" lat="34.1638582" lon="131.4586977"/>
 <node id="6585734082" visible="true" version="1" changeset="71845577" timestamp="2019-07-03T06:00:04Z" user="hibagonsan" uid="5939709" lat="34.1638992" lon="131.4587607"/>
 <node id="6585749111" visible="true" version="1" changeset="71845577" timestamp="2019-07-03T06:00:04Z" user="hibagonsan" uid="5939709" lat="34.1640076" lon="131.4596558"/>
 <node id="6585776159" visible="true" version="1" changeset="71845946" timestamp="2019-07-03T06:20:46Z" user="hibagonsan" uid="5939709" lat="34.1640303" lon="131.4591274"/>
 <node id="6585776160" visible="true" version="1" changeset="71845946" timestamp="2019-07-03T06:20:46Z" user="hibagonsan" uid="5939709" lat="34.1640453" lon="131.4591663"/>
 <node id="6585776161" visible="true" version="1" changeset="71845946" timestamp="2019-07-03T06:20:46Z" user="hibagonsan" uid="5939709" lat="34.1639489" lon="131.4591778"/>
 <node id="6585776162" visible="true" version="1" changeset="71845946" timestamp="2019-07-03T06:20:46Z" user="hibagonsan" uid="5939709" lat="34.1638346" lon="131.4592181"/>
 <node id="6585776163" visible="true" version="1" changeset="71845946" timestamp="2019-07-03T06:20:46Z" user="hibagonsan" uid="5939709" lat="34.1638439" lon="131.4592568"/>
 <node id="6585776164" visible="true" version="1" changeset="71845946" timestamp="2019-07-03T06:20:46Z" user="hibagonsan" uid="5939709" lat="34.1639582" lon="131.4592165"/>
 <node id="6585830253" visible="true" version="1" changeset="71847082" timestamp="2019-07-03T07:10:05Z" user="hibagonsan" uid="5939709" lat="34.1638556" lon="131.4570393"/>
 <node id="6585830254" visible="true" version="1" changeset="71847082" timestamp="2019-07-03T07:10:05Z" user="hibagonsan" uid="5939709" lat="34.1637624" lon="131.4571385"/>
 <node id="6585830255" visible="true" version="1" changeset="71847082" timestamp="2019-07-03T07:10:05Z" user="hibagonsan" uid="5939709" lat="34.1637956" lon="131.4571841"/>
 <node id="6585830256" visible="true" version="1" changeset="71847082" timestamp="2019-07-03T07:10:05Z" user="hibagonsan" uid="5939709" lat="34.1638888" lon="131.4570849"/>
 <node id="6585830269" visible="true" version="1" changeset="71847082" timestamp="2019-07-03T07:10:05Z" user="hibagonsan" uid="5939709" lat="34.1641786" lon="131.4574386"/>
 <node id="6585830270" visible="true" version="1" changeset="71847082" timestamp="2019-07-03T07:10:05Z" user="hibagonsan" uid="5939709" lat="34.1641969" lon="131.4574658"/>
 <node id="6585830271" visible="true" version="1" changeset="71847082" timestamp="2019-07-03T07:10:05Z" user="hibagonsan" uid="5939709" lat="34.1640988" lon="131.4575432"/>
 <node id="6585830272" visible="true" version="1" changeset="71847082" timestamp="2019-07-03T07:10:05Z" user="hibagonsan" uid="5939709" lat="34.1640555" lon="131.4574775"/>
 <node id="6585830273" visible="true" version="1" changeset="71847082" timestamp="2019-07-03T07:10:05Z" user="hibagonsan" uid="5939709" lat="34.1640964" lon="131.4574382"/>
 <node id="6585830274" visible="true" version="1" changeset="71847082" timestamp="2019-07-03T07:10:05Z" user="hibagonsan" uid="5939709" lat="34.1641396" lon="131.4575040"/>
 <node id="6585830275" visible="true" version="1" changeset="71847082" timestamp="2019-07-03T07:10:05Z" user="hibagonsan" uid="5939709" lat="34.1641551" lon="131.4576164"/>
 <node id="6585830276" visible="true" version="1" changeset="71847082" timestamp="2019-07-03T07:10:05Z" user="hibagonsan" uid="5939709" lat="34.1641118" lon="131.4575460"/>
 <node id="6585830277" visible="true" version="1" changeset="71847082" timestamp="2019-07-03T07:10:05Z" user="hibagonsan" uid="5939709" lat="34.1641452" lon="131.4575160"/>
 <node id="6585830278" visible="true" version="1" changeset="71847082" timestamp="2019-07-03T07:10:05Z" user="hibagonsan" uid="5939709" lat="34.1641885" lon="131.4575864"/>
 <node id="6585830279" visible="true" version="1" changeset="71847082" timestamp="2019-07-03T07:10:05Z" user="hibagonsan" uid="5939709" lat="34.1642703" lon="131.4573932"/>
 <node id="6585830280" visible="true" version="1" changeset="71847082" timestamp="2019-07-03T07:10:05Z" user="hibagonsan" uid="5939709" lat="34.1641405" lon="131.4574763"/>
 <node id="6585830281" visible="true" version="1" changeset="71847082" timestamp="2019-07-03T07:10:05Z" user="hibagonsan" uid="5939709" lat="34.1641933" lon="131.4575543"/>
 <node id="6585830282" visible="true" version="1" changeset="71847082" timestamp="2019-07-03T07:10:05Z" user="hibagonsan" uid="5939709" lat="34.1643047" lon="131.4574442"/>
 <node id="6585830283" visible="true" version="1" changeset="71847082" timestamp="2019-07-03T07:10:05Z" user="hibagonsan" uid="5939709" lat="34.1642275" lon="131.4574053"/>
 <node id="6585830284" visible="true" version="1" changeset="71847082" timestamp="2019-07-03T07:10:05Z" user="hibagonsan" uid="5939709" lat="34.1641864" lon="131.4573517"/>
 <node id="6585848785" visible="true" version="1" changeset="71847082" timestamp="2019-07-03T07:10:05Z" user="hibagonsan" uid="5939709" lat="34.1642140" lon="131.4573209"/>
 <node id="6585848786" visible="true" version="1" changeset="71847082" timestamp="2019-07-03T07:10:05Z" user="hibagonsan" uid="5939709" lat="34.1642550" lon="131.4573745"/>
 <node id="6601694719" visible="true" version="1" changeset="72077411" timestamp="2019-07-10T04:46:00Z" user="hibagonsan" uid="5939709" lat="34.1661729" lon="131.4587385"/>
 <node id="6601694720" visible="true" version="1" changeset="72077411" timestamp="2019-07-10T04:46:00Z" user="hibagonsan" uid="5939709" lat="34.1661907" lon="131.4587172"/>
 <node id="6601694721" visible="true" version="1" changeset="72077411" timestamp="2019-07-10T04:46:00Z" user="hibagonsan" uid="5939709" lat="34.1662147" lon="131.4587466"/>
 <node id="6601694722" visible="true" version="1" changeset="72077411" timestamp="2019-07-10T04:46:00Z" user="hibagonsan" uid="5939709" lat="34.1661437" lon="131.4587028"/>
 <node id="6601694723" visible="true" version="1" changeset="72077411" timestamp="2019-07-10T04:46:00Z" user="hibagonsan" uid="5939709" lat="34.1662064" lon="131.4586278"/>
 <node id="6601694724" visible="true" version="1" changeset="72077411" timestamp="2019-07-10T04:46:00Z" user="hibagonsan" uid="5939709" lat="34.1662596" lon="131.4586928"/>
 <node id="6601694725" visible="true" version="1" changeset="72077411" timestamp="2019-07-10T04:46:00Z" user="hibagonsan" uid="5939709" lat="34.1662579" lon="131.4587132"/>
 <node id="6601694726" visible="true" version="1" changeset="72077411" timestamp="2019-07-10T04:46:00Z" user="hibagonsan" uid="5939709" lat="34.1661924" lon="131.4587930"/>
 <node id="6601694727" visible="true" version="1" changeset="72077411" timestamp="2019-07-10T04:46:00Z" user="hibagonsan" uid="5939709" lat="34.1662219" lon="131.4588283"/>
 <node id="6601694728" visible="true" version="1" changeset="72077411" timestamp="2019-07-10T04:46:00Z" user="hibagonsan" uid="5939709" lat="34.1662874" lon="131.4587485"/>
 <node id="6601694729" visible="true" version="1" changeset="72077411" timestamp="2019-07-10T04:46:00Z" user="hibagonsan" uid="5939709" lat="34.1660895" lon="131.4587143"/>
 <node id="6601694730" visible="true" version="1" changeset="72077411" timestamp="2019-07-10T04:46:00Z" user="hibagonsan" uid="5939709" lat="34.1659846" lon="131.4585748"/>
 <node id="6601694731" visible="true" version="1" changeset="72077411" timestamp="2019-07-10T04:46:00Z" user="hibagonsan" uid="5939709" lat="34.1660621" lon="131.4584897"/>
 <node id="6601694732" visible="true" version="1" changeset="72077411" timestamp="2019-07-10T04:46:00Z" user="hibagonsan" uid="5939709" lat="34.1661670" lon="131.4586291"/>
 <node id="6601756790" visible="true" version="1" changeset="72077392" timestamp="2019-07-10T04:44:02Z" user="hibagonsan" uid="5939709" lat="34.1662577" lon="131.4575452"/>
 <node id="6601756791" visible="true" version="1" changeset="72077392" timestamp="2019-07-10T04:44:02Z" user="hibagonsan" uid="5939709" lat="34.1662937" lon="131.4575098"/>
 <node id="6601756792" visible="true" version="1" changeset="72077392" timestamp="2019-07-10T04:44:02Z" user="hibagonsan" uid="5939709" lat="34.1662348" lon="131.4574225"/>
 <node id="6601756793" visible="true" version="1" changeset="72077392" timestamp="2019-07-10T04:44:02Z" user="hibagonsan" uid="5939709" lat="34.1662766" lon="131.4575732"/>
 <node id="6601756794" visible="true" version="1" changeset="72077392" timestamp="2019-07-10T04:44:02Z" user="hibagonsan" uid="5939709" lat="34.1663578" lon="131.4574932"/>
 <node id="6601756795" visible="true" version="1" changeset="72077392" timestamp="2019-07-10T04:44:02Z" user="hibagonsan" uid="5939709" lat="34.1662802" lon="131.4573779"/>
 <node id="6601756796" visible="true" version="1" changeset="72077392" timestamp="2019-07-10T04:44:02Z" user="hibagonsan" uid="5939709" lat="34.1662611" lon="131.4574884"/>
 <node id="6601756797" visible="true" version="1" changeset="72077392" timestamp="2019-07-10T04:44:02Z" user="hibagonsan" uid="5939709" lat="34.1662345" lon="131.4575412"/>
 <node id="6601756798" visible="true" version="1" changeset="72077392" timestamp="2019-07-10T04:44:02Z" user="hibagonsan" uid="5939709" lat="34.1661947" lon="131.4575580"/>
 <node id="6601756799" visible="true" version="1" changeset="72077392" timestamp="2019-07-10T04:44:02Z" user="hibagonsan" uid="5939709" lat="34.1662049" lon="131.4575722"/>
 <node id="6601756800" visible="true" version="1" changeset="72077392" timestamp="2019-07-10T04:44:02Z" user="hibagonsan" uid="5939709" lat="34.1662650" lon="131.4575837"/>
 <node id="6601756801" visible="true" version="1" changeset="72077392" timestamp="2019-07-10T04:44:02Z" user="hibagonsan" uid="5939709" lat="34.1662297" lon="131.4574446"/>
 <node id="6601756802" visible="true" version="1" changeset="72077392" timestamp="2019-07-10T04:44:02Z" user="hibagonsan" uid="5939709" lat="34.1660904" lon="131.4575905"/>
 <node id="6601756803" visible="true" version="1" changeset="72077392" timestamp="2019-07-10T04:44:02Z" user="hibagonsan" uid="5939709" lat="34.1661625" lon="131.4576910"/>
 <node id="6601756804" visible="true" version="1" changeset="72077392" timestamp="2019-07-10T04:44:02Z" user="hibagonsan" uid="5939709" lat="34.1662323" lon="131.4576502"/>
 <node id="6601756805" visible="true" version="1" changeset="72077392" timestamp="2019-07-10T04:44:02Z" user="hibagonsan" uid="5939709" lat="34.1662726" lon="131.4577084"/>
 <node id="6601756806" visible="true" version="1" changeset="72077392" timestamp="2019-07-10T04:44:02Z" user="hibagonsan" uid="5939709" lat="34.1663248" lon="131.4576558"/>
 <node id="6601756807" visible="true" version="1" changeset="72077392" timestamp="2019-07-10T04:44:02Z" user="hibagonsan" uid="5939709" lat="34.1661636" lon="131.4577196"/>
 <node id="6601756808" visible="true" version="1" changeset="72077392" timestamp="2019-07-10T04:44:02Z" user="hibagonsan" uid="5939709" lat="34.1662458" lon="131.4578386"/>
 <node id="6601756809" visible="true" version="1" changeset="72077392" timestamp="2019-07-10T04:44:02Z" user="hibagonsan" uid="5939709" lat="34.1663667" lon="131.4577165"/>
 <node id="6601756814" visible="true" version="1" changeset="72077392" timestamp="2019-07-10T04:44:02Z" user="hibagonsan" uid="5939709" lat="34.1660515" lon="131.4573424"/>
 <node id="6601756815" visible="true" version="1" changeset="72077392" timestamp="2019-07-10T04:44:02Z" user="hibagonsan" uid="5939709" lat="34.1659855" lon="131.4572291"/>
 <node id="6601756816" visible="true" version="1" changeset="72077392" timestamp="2019-07-10T04:44:02Z" user="hibagonsan" uid="5939709" lat="34.1660399" lon="131.4571828"/>
 <node id="6601756817" visible="true" version="1" changeset="72077392" timestamp="2019-07-10T04:44:02Z" user="hibagonsan" uid="5939709" lat="34.1661059" lon="131.4572961"/>
 <node id="6601756818" visible="true" version="1" changeset="72077392" timestamp="2019-07-10T04:44:02Z" user="hibagonsan" uid="5939709" lat="34.1659996" lon="131.4573824"/>
 <node id="6601756819" visible="true" version="1" changeset="72077392" timestamp="2019-07-10T04:44:02Z" user="hibagonsan" uid="5939709" lat="34.1659589" lon="131.4573206"/>
 <node id="6601756820" visible="true" version="1" changeset="72077392" timestamp="2019-07-10T04:44:02Z" user="hibagonsan" uid="5939709" lat="34.1660001" lon="131.4572810"/>
 <node id="6601756821" visible="true" version="1" changeset="72077392" timestamp="2019-07-10T04:44:02Z" user="hibagonsan" uid="5939709" lat="34.1659592" lon="131.4574212"/>
 <node id="6601756822" visible="true" version="1" changeset="72077392" timestamp="2019-07-10T04:44:02Z" user="hibagonsan" uid="5939709" lat="34.1658940" lon="131.4573222"/>
 <node id="6601756823" visible="true" version="1" changeset="72077392" timestamp="2019-07-10T04:44:02Z" user="hibagonsan" uid="5939709" lat="34.1659756" lon="131.4572438"/>
 <node id="6601756824" visible="true" version="2" changeset="185896843" timestamp="2026-07-17T10:29:07Z" user="MiachMihie" uid="24308200" lat="34.1658912" lon="131.4567962"/>
 <node id="6601756825" visible="true" version="1" changeset="72077392" timestamp="2019-07-10T04:44:02Z" user="hibagonsan" uid="5939709" lat="34.1658666" lon="131.4568290"/>
 <node id="6601756826" visible="true" version="2" changeset="185896843" timestamp="2026-07-17T10:29:07Z" user="MiachMihie" uid="24308200" lat="34.1659249" lon="131.4568356"/>
 <node id="6601756827" visible="true" version="2" changeset="185896843" timestamp="2026-07-17T10:29:07Z" user="MiachMihie" uid="24308200" lat="34.1658260" lon="131.4567427"/>
 <node id="6601756828" visible="true" version="2" changeset="185896843" timestamp="2026-07-17T10:29:07Z" user="MiachMihie" uid="24308200" lat="34.1657808" lon="131.4567858"/>
 <node id="6601756829" visible="true" version="2" changeset="185896843" timestamp="2026-07-17T10:29:07Z" user="MiachMihie" uid="24308200" lat="34.1658387" lon="131.4569149"/>
 <node id="6601756897" visible="true" version="1" changeset="72077392" timestamp="2019-07-10T04:44:02Z" user="hibagonsan" uid="5939709" lat="34.1659353" lon="131.4564020"/>
 <node id="6601756898" visible="true" version="1" changeset="72077392" timestamp="2019-07-10T04:44:02Z" user="hibagonsan" uid="5939709" lat="34.1658852" lon="131.4563304"/>
 <node id="6601756908" visible="true" version="1" changeset="72077392" timestamp="2019-07-10T04:44:02Z" user="hibagonsan" uid="5939709" lat="34.1660300" lon="131.4563052"/>
 <node id="6601756909" visible="true" version="1" changeset="72077392" timestamp="2019-07-10T04:44:02Z" user="hibagonsan" uid="5939709" lat="34.1658224" lon="131.4563946"/>
 <node id="6601756910" visible="true" version="1" changeset="72077392" timestamp="2019-07-10T04:44:02Z" user="hibagonsan" uid="5939709" lat="34.1657631" lon="131.4563097"/>
 <node id="6601756911" visible="true" version="1" changeset="72077392" timestamp="2019-07-10T04:44:02Z" user="hibagonsan" uid="5939709" lat="34.1659206" lon="131.4561488"/>
 <node id="6601756912" visible="true" version="2" changeset="185896843" timestamp="2026-07-17T10:29:07Z" user="MiachMihie" uid="24308200" lat="34.1655817" lon="131.4566195"/>
 <node id="6601756913" visible="true" version="2" changeset="185896843" timestamp="2026-07-17T10:29:07Z" user="MiachMihie" uid="24308200" lat="34.1656867" lon="131.4567786"/>
 <node id="6601756914" visible="true" version="2" changeset="185896843" timestamp="2026-07-17T10:29:07Z" user="MiachMihie" uid="24308200" lat="34.1658316" lon="131.4566389"/>
 <node id="6601756915" visible="true" version="2" changeset="185896843" timestamp="2026-07-17T10:29:07Z" user="MiachMihie" uid="24308200" lat="34.1656525" lon="131.4563674"/>
 <node id="6601756919" visible="true" version="1" changeset="72077392" timestamp="2019-07-10T04:44:02Z" user="hibagonsan" uid="5939709" lat="34.1656042" lon="131.4568831"/>
 <node id="6601756920" visible="true" version="1" changeset="72077392" timestamp="2019-07-10T04:44:02Z" user="hibagonsan" uid="5939709" lat="34.1655518" lon="131.4567863"/>
 <node id="6601756921" visible="true" version="1" changeset="72077392" timestamp="2019-07-10T04:44:02Z" user="hibagonsan" uid="5939709" lat="34.1656232" lon="131.4567114"/>
 <node id="6601756922" visible="true" version="1" changeset="72077392" timestamp="2019-07-10T04:44:02Z" user="hibagonsan" uid="5939709" lat="34.1656854" lon="131.4567979"/>
 <node id="6604100526" visible="true" version="1" changeset="72114613" timestamp="2019-07-11T00:32:15Z" user="hibagonsan" uid="5939709" lat="34.1643646" lon="131.4588793"/>
 <node id="6604100527" visible="true" version="1" changeset="72114613" timestamp="2019-07-11T00:32:15Z" user="hibagonsan" uid="5939709" lat="34.1644258" lon="131.4588237"/>
 <node id="6604100528" visible="true" version="1" changeset="72114613" timestamp="2019-07-11T00:32:15Z" user="hibagonsan" uid="5939709" lat="34.1643791" lon="131.4589312"/>
 <node id="6604100529" visible="true" version="1" changeset="72114613" timestamp="2019-07-11T00:32:15Z" user="hibagonsan" uid="5939709" lat="34.1643380" lon="131.4588648"/>
 <node id="6604100530" visible="true" version="1" changeset="72114613" timestamp="2019-07-11T00:32:15Z" user="hibagonsan" uid="5939709" lat="34.1643183" lon="131.4588826"/>
 <node id="6604100531" visible="true" version="1" changeset="72114613" timestamp="2019-07-11T00:32:15Z" user="hibagonsan" uid="5939709" lat="34.1643593" lon="131.4589490"/>
 <node id="6604100532" visible="true" version="1" changeset="72114613" timestamp="2019-07-11T00:32:15Z" user="hibagonsan" uid="5939709" lat="34.1644307" lon="131.4590551"/>
 <node id="6604100533" visible="true" version="1" changeset="72114613" timestamp="2019-07-11T00:32:15Z" user="hibagonsan" uid="5939709" lat="34.1643808" lon="131.4589680"/>
 <node id="6604100534" visible="true" version="1" changeset="72114613" timestamp="2019-07-11T00:32:15Z" user="hibagonsan" uid="5939709" lat="34.1644548" lon="131.4589061"/>
 <node id="6604100535" visible="true" version="1" changeset="72114613" timestamp="2019-07-11T00:32:15Z" user="hibagonsan" uid="5939709" lat="34.1645047" lon="131.4589933"/>
 <node id="6604100536" visible="true" version="1" changeset="72114613" timestamp="2019-07-11T00:32:15Z" user="hibagonsan" uid="5939709" lat="34.1641266" lon="131.4589307"/>
 <node id="6604100537" visible="true" version="1" changeset="72114613" timestamp="2019-07-11T00:32:15Z" user="hibagonsan" uid="5939709" lat="34.1640794" lon="131.4589773"/>
 <node id="6604100538" visible="true" version="1" changeset="72114613" timestamp="2019-07-11T00:32:15Z" user="hibagonsan" uid="5939709" lat="34.1641173" lon="131.4590335"/>
 <node id="6604100539" visible="true" version="1" changeset="72114613" timestamp="2019-07-11T00:32:15Z" user="hibagonsan" uid="5939709" lat="34.1640836" lon="131.4588669"/>
 <node id="6604100540" visible="true" version="1" changeset="72114613" timestamp="2019-07-11T00:32:15Z" user="hibagonsan" uid="5939709" lat="34.1639676" lon="131.4589812"/>
 <node id="6604100541" visible="true" version="1" changeset="72114613" timestamp="2019-07-11T00:32:15Z" user="hibagonsan" uid="5939709" lat="34.1640486" lon="131.4591012"/>
 <node id="6604100542" visible="true" version="1" changeset="72114613" timestamp="2019-07-11T00:32:15Z" user="hibagonsan" uid="5939709" lat="34.1640079" lon="131.4594405"/>
 <node id="6604100543" visible="true" version="1" changeset="72114613" timestamp="2019-07-11T00:32:15Z" user="hibagonsan" uid="5939709" lat="34.1639750" lon="131.4594519"/>
 <node id="6604100544" visible="true" version="1" changeset="72114613" timestamp="2019-07-11T00:32:15Z" user="hibagonsan" uid="5939709" lat="34.1640749" lon="131.4593757"/>
 <node id="6604100545" visible="true" version="1" changeset="72114613" timestamp="2019-07-11T00:32:15Z" user="hibagonsan" uid="5939709" lat="34.1640697" lon="131.4593319"/>
 <node id="6604100546" visible="true" version="1" changeset="72114613" timestamp="2019-07-11T00:32:15Z" user="hibagonsan" uid="5939709" lat="34.1640093" lon="131.4592461"/>
 <node id="6604100547" visible="true" version="1" changeset="72114613" timestamp="2019-07-11T00:32:15Z" user="hibagonsan" uid="5939709" lat="34.1640725" lon="131.4591810"/>
 <node id="6604100548" visible="true" version="1" changeset="72114613" timestamp="2019-07-11T00:32:15Z" user="hibagonsan" uid="5939709" lat="34.1641330" lon="131.4592668"/>
 <node id="6604100549" visible="true" version="1" changeset="72114613" timestamp="2019-07-11T00:32:15Z" user="hibagonsan" uid="5939709" lat="34.1640189" lon="131.4594635"/>
 <node id="6604100550" visible="true" version="1" changeset="72114613" timestamp="2019-07-11T00:32:15Z" user="hibagonsan" uid="5939709" lat="34.1639861" lon="131.4593945"/>
 <node id="6604100551" visible="true" version="1" changeset="72114613" timestamp="2019-07-11T00:32:15Z" user="hibagonsan" uid="5939709" lat="34.1640320" lon="131.4593627"/>
 <node id="6604100552" visible="true" version="1" changeset="72114613" timestamp="2019-07-11T00:32:15Z" user="hibagonsan" uid="5939709" lat="34.1640647" lon="131.4594318"/>
 <node id="6604488798" visible="true" version="1" changeset="72121048" timestamp="2019-07-11T06:56:09Z" user="hibagonsan" uid="5939709" lat="34.1655946" lon="131.4590804"/>
 <node id="6604488799" visible="true" version="1" changeset="72121048" timestamp="2019-07-11T06:56:09Z" user="hibagonsan" uid="5939709" lat="34.1655568" lon="131.4590291"/>
 <node id="6604488800" visible="true" version="1" changeset="72121048" timestamp="2019-07-11T06:56:09Z" user="hibagonsan" uid="5939709" lat="34.1655630" lon="131.4591144"/>
 <node id="6604488801" visible="true" version="1" changeset="72121048" timestamp="2019-07-11T06:56:09Z" user="hibagonsan" uid="5939709" lat="34.1655252" lon="131.4590631"/>
 <node id="6604488802" visible="true" version="1" changeset="72121048" timestamp="2019-07-11T06:56:09Z" user="hibagonsan" uid="5939709" lat="34.1656054" lon="131.4591719"/>
 <node id="6604488803" visible="true" version="1" changeset="72121048" timestamp="2019-07-11T06:56:09Z" user="hibagonsan" uid="5939709" lat="34.1654972" lon="131.4590250"/>
 <node id="6604488804" visible="true" version="1" changeset="72121048" timestamp="2019-07-11T06:56:09Z" user="hibagonsan" uid="5939709" lat="34.1654457" lon="131.4590804"/>
 <node id="6604488805" visible="true" version="1" changeset="72121048" timestamp="2019-07-11T06:56:09Z" user="hibagonsan" uid="5939709" lat="34.1655539" lon="131.4592273"/>
 <node id="6604488806" visible="true" version="1" changeset="72121048" timestamp="2019-07-11T06:56:09Z" user="hibagonsan" uid="5939709" lat="34.1655176" lon="131.4591971"/>
 <node id="6604488807" visible="true" version="1" changeset="72121048" timestamp="2019-07-11T06:56:09Z" user="hibagonsan" uid="5939709" lat="34.1654632" lon="131.4592541"/>
 <node id="6604488808" visible="true" version="1" changeset="72121048" timestamp="2019-07-11T06:56:09Z" user="hibagonsan" uid="5939709" lat="34.1654906" lon="131.4592923"/>
 <node id="6604488809" visible="true" version="1" changeset="72121048" timestamp="2019-07-11T06:56:09Z" user="hibagonsan" uid="5939709" lat="34.1655450" lon="131.4592353"/>
 <node id="6604488810" visible="true" version="1" changeset="72121048" timestamp="2019-07-11T06:56:09Z" user="hibagonsan" uid="5939709" lat="34.1654543" lon="131.4592343"/>
 <node id="6604488811" visible="true" version="1" changeset="72121048" timestamp="2019-07-11T06:56:09Z" user="hibagonsan" uid="5939709" lat="34.1654022" lon="131.4591605"/>
 <node id="6604488812" visible="true" version="1" changeset="72121048" timestamp="2019-07-11T06:56:09Z" user="hibagonsan" uid="5939709" lat="34.1654518" lon="131.4591093"/>
 <node id="6604488813" visible="true" version="1" changeset="72121048" timestamp="2019-07-11T06:56:09Z" user="hibagonsan" uid="5939709" lat="34.1655040" lon="131.4591830"/>
 <node id="6604488912" visible="true" version="1" changeset="72121048" timestamp="2019-07-11T06:56:09Z" user="hibagonsan" uid="5939709" lat="34.1649483" lon="131.4592245"/>
 <node id="6604488913" visible="true" version="1" changeset="72121048" timestamp="2019-07-11T06:56:09Z" user="hibagonsan" uid="5939709" lat="34.1649293" lon="131.4592408"/>
 <node id="6604488914" visible="true" version="1" changeset="72121048" timestamp="2019-07-11T06:56:09Z" user="hibagonsan" uid="5939709" lat="34.1650647" lon="131.4593122"/>
 <node id="6604488915" visible="true" version="1" changeset="72121048" timestamp="2019-07-11T06:56:09Z" user="hibagonsan" uid="5939709" lat="34.1649981" lon="131.4592009"/>
 <node id="6604488916" visible="true" version="1" changeset="72121048" timestamp="2019-07-11T06:56:09Z" user="hibagonsan" uid="5939709" lat="34.1650684" lon="131.4591394"/>
 <node id="6604488917" visible="true" version="1" changeset="72121048" timestamp="2019-07-11T06:56:09Z" user="hibagonsan" uid="5939709" lat="34.1651350" lon="131.4592507"/>
 <node id="6604488918" visible="true" version="1" changeset="72121048" timestamp="2019-07-11T06:56:09Z" user="hibagonsan" uid="5939709" lat="34.1647838" lon="131.4595136"/>
 <node id="6604488919" visible="true" version="1" changeset="72121048" timestamp="2019-07-11T06:56:09Z" user="hibagonsan" uid="5939709" lat="34.1648015" lon="131.4595096"/>
 <node id="6604488926" visible="true" version="1" changeset="72121048" timestamp="2019-07-11T06:56:09Z" user="hibagonsan" uid="5939709" lat="34.1648378" lon="131.4595600"/>
 <node id="6604488927" visible="true" version="1" changeset="72121048" timestamp="2019-07-11T06:56:09Z" user="hibagonsan" uid="5939709" lat="34.1647052" lon="131.4594078"/>
 <node id="6604488928" visible="true" version="1" changeset="72121048" timestamp="2019-07-11T06:56:09Z" user="hibagonsan" uid="5939709" lat="34.1647843" lon="131.4593352"/>
 <node id="6604488929" visible="true" version="1" changeset="72121048" timestamp="2019-07-11T06:56:09Z" user="hibagonsan" uid="5939709" lat="34.1648975" lon="131.4595002"/>
 <node id="7516111882" visible="true" version="1" changeset="85168879" timestamp="2020-05-14T00:55:26Z" user="hibagonsan" uid="5939709" lat="34.1641193" lon="131.4587969"/>
 <node id="7516111883" visible="true" version="1" changeset="85168879" timestamp="2020-05-14T00:55:26Z" user="hibagonsan" uid="5939709" lat="34.1640904" lon="131.4587379"/>
 <node id="7516111884" visible="true" version="1" changeset="85168879" timestamp="2020-05-14T00:55:26Z" user="hibagonsan" uid="5939709" lat="34.1641385" lon="131.4587036"/>
 <node id="7516124785" visible="true" version="1" changeset="85168879" timestamp="2020-05-14T00:55:26Z" user="hibagonsan" uid="5939709" lat="34.1641674" lon="131.4587626"/>
 <node id="7516124786" visible="true" version="1" changeset="85168879" timestamp="2020-05-14T00:55:26Z" user="hibagonsan" uid="5939709" lat="34.1640182" lon="131.4591196"/>
 <node id="7516124787" visible="true" version="1" changeset="85168879" timestamp="2020-05-14T00:55:26Z" user="hibagonsan" uid="5939709" lat="34.1639627" lon="131.4591531"/>
 <node id="7516124788" visible="true" version="1" changeset="85168879" timestamp="2020-05-14T00:55:26Z" user="hibagonsan" uid="5939709" lat="34.1639332" lon="131.4590818"/>
 <node id="7516124789" visible="true" version="1" changeset="85168879" timestamp="2020-05-14T00:55:26Z" user="hibagonsan" uid="5939709" lat="34.1639887" lon="131.4590482"/>
 <node id="7516124794" visible="true" version="1" changeset="85168879" timestamp="2020-05-14T00:55:26Z" user="hibagonsan" uid="5939709" lat="34.1639670" lon="131.4585076"/>
 <node id="7516124795" visible="true" version="1" changeset="85168879" timestamp="2020-05-14T00:55:26Z" user="hibagonsan" uid="5939709" lat="34.1638849" lon="131.4585867"/>
 <node id="7516124796" visible="true" version="1" changeset="85168879" timestamp="2020-05-14T00:55:26Z" user="hibagonsan" uid="5939709" lat="34.1639221" lon="131.4586432"/>
 <node id="7516124797" visible="true" version="1" changeset="85168879" timestamp="2020-05-14T00:55:26Z" user="hibagonsan" uid="5939709" lat="34.1640043" lon="131.4585641"/>
 <node id="7516124798" visible="true" version="1" changeset="85168879" timestamp="2020-05-14T00:55:26Z" user="hibagonsan" uid="5939709" lat="34.1638832" lon="131.4570548"/>
 <node id="7516124799" visible="true" version="1" changeset="85168879" timestamp="2020-05-14T00:55:26Z" user="hibagonsan" uid="5939709" lat="34.1639459" lon="131.4571427"/>
 <node id="7516124800" visible="true" version="1" changeset="85168879" timestamp="2020-05-14T00:55:26Z" user="hibagonsan" uid="5939709" lat="34.1640187" lon="131.4570668"/>
 <node id="7516124801" visible="true" version="1" changeset="85168879" timestamp="2020-05-14T00:55:26Z" user="hibagonsan" uid="5939709" lat="34.1639560" lon="131.4569789"/>
 <node id="7516124802" visible="true" version="1" changeset="85168879" timestamp="2020-05-14T00:55:26Z" user="hibagonsan" uid="5939709" lat="34.1639170" lon="131.4569407"/>
 <node id="7516124803" visible="true" version="1" changeset="85168879" timestamp="2020-05-14T00:55:26Z" user="hibagonsan" uid="5939709" lat="34.1638560" lon="131.4570118"/>
 <node id="7516124804" visible="true" version="1" changeset="85168879" timestamp="2020-05-14T00:55:26Z" user="hibagonsan" uid="5939709" lat="34.1638822" lon="131.4570446"/>
 <node id="7516124805" visible="true" version="1" changeset="85168879" timestamp="2020-05-14T00:55:26Z" user="hibagonsan" uid="5939709" lat="34.1639432" lon="131.4569736"/>
 <node id="7516124806" visible="true" version="1" changeset="85168879" timestamp="2020-05-14T00:55:26Z" user="hibagonsan" uid="5939709" lat="34.1649210" lon="131.4580888"/>
 <node id="7516124807" visible="true" version="1" changeset="85168879" timestamp="2020-05-14T00:55:26Z" user="hibagonsan" uid="5939709" lat="34.1648201" lon="131.4581934"/>
 <node id="7516124808" visible="true" version="1" changeset="85168879" timestamp="2020-05-14T00:55:26Z" user="hibagonsan" uid="5939709" lat="34.1647843" lon="131.4581430"/>
 <node id="7516124809" visible="true" version="1" changeset="85168879" timestamp="2020-05-14T00:55:26Z" user="hibagonsan" uid="5939709" lat="34.1648853" lon="131.4580384"/>
 <node id="8189806386" visible="true" version="1" changeset="95206549" timestamp="2020-12-03T08:05:53Z" user="hibagonsan" uid="5939709" lat="34.1646089" lon="131.4589372"/>
 <node id="8189806387" visible="true" version="1" changeset="95206549" timestamp="2020-12-03T08:05:53Z" user="hibagonsan" uid="5939709" lat="34.1645646" lon="131.4589815"/>
 <node id="8189806388" visible="true" version="1" changeset="95206549" timestamp="2020-12-03T08:05:53Z" user="hibagonsan" uid="5939709" lat="34.1645918" lon="131.4590214"/>
 <node id="8189806389" visible="true" version="1" changeset="95206549" timestamp="2020-12-03T08:05:53Z" user="hibagonsan" uid="5939709" lat="34.1646362" lon="131.4589772"/>
 <node id="8189806390" visible="true" version="1" changeset="95206549" timestamp="2020-12-03T08:05:53Z" user="hibagonsan" uid="5939709" lat="34.1643355" lon="131.4586898"/>
 <node id="8189806391" visible="true" version="1" changeset="95206549" timestamp="2020-12-03T08:05:53Z" user="hibagonsan" uid="5939709" lat="34.1642606" lon="131.4587609"/>
 <node id="8189806392" visible="true" version="1" changeset="95206549" timestamp="2020-12-03T08:05:53Z" user="hibagonsan" uid="5939709" lat="34.1642295" lon="131.4587130"/>
 <node id="8189806393" visible="true" version="1" changeset="95206549" timestamp="2020-12-03T08:05:53Z" user="hibagonsan" uid="5939709" lat="34.1643044" lon="131.4586419"/>
 <node id="9412086345" visible="true" version="2" changeset="132469433" timestamp="2023-02-13T03:38:15Z" user="okadatsuneo_import" uid="12352917" lat="34.1649103" lon="131.4575510">
  <tag k="bus" v="yes"/>
  <tag k="gtfs:stop_id" v="60035 0"/>
  <tag k="highway" v="bus_stop"/>
  <tag k="name" v="湯田温泉通"/>
  <tag k="name:ja" v="湯田温泉通"/>
  <tag k="operator" v="中国ジェイアールバス"/>
  <tag k="operator:en" v="Chugoku JR Bus"/>
  <tag k="public_transport" v="platform"/>
 </node>
 <node id="9412086503" visible="true" version="3" changeset="167486642" timestamp="2025-06-11T11:22:27Z" user="AlexM51" uid="174705" lat="34.1651050" lon="131.4579368">
  <tag k="bus" v="yes"/>
  <tag k="gtfs:stop_id" v="60035 2"/>
  <tag k="highway" v="bus_stop"/>
  <tag k="name" v="湯田温泉通"/>
  <tag k="name:en" v="Yuda Onsen"/>
  <tag k="name:ja" v="湯田温泉通"/>
  <tag k="name:ja-Hira" v="ゆだおんせん"/>
  <tag k="name:ja-Latn" v="Yuda-onsen"/>
  <tag k="name:ko" v="유다온센"/>
  <tag k="name:zh-Hans" v="汤田温泉"/>
  <tag k="name:zh-Hant" v="湯田溫泉"/>
  <tag k="operator" v="中国ジェイアールバス"/>
  <tag k="operator:en" v="Chugoku JR Bus"/>
  <tag k="public_transport" v="platform"/>
 </node>
 <node id="9412086504" visible="true" version="3" changeset="167486642" timestamp="2025-06-11T11:22:27Z" user="AlexM51" uid="174705" lat="34.1652439" lon="131.4579004">
  <tag k="bus" v="yes"/>
  <tag k="gtfs:stop_id" v="60035 1"/>
  <tag k="highway" v="bus_stop"/>
  <tag k="name" v="湯田温泉通"/>
  <tag k="name:en" v="Yuda Onsen"/>
  <tag k="name:ja" v="湯田温泉通"/>
  <tag k="name:ja-Hira" v="ゆだおんせん"/>
  <tag k="name:ja-Latn" v="Yuda-onsen"/>
  <tag k="name:ko" v="유다온센"/>
  <tag k="name:zh-Hans" v="汤田温泉"/>
  <tag k="name:zh-Hant" v="湯田溫泉"/>
  <tag k="operator" v="中国ジェイアールバス"/>
  <tag k="operator:en" v="Chugoku JR Bus"/>
  <tag k="public_transport" v="platform"/>
 </node>
 <node id="11221615751" visible="true" version="2" changeset="181792300" timestamp="2026-04-25T05:55:29Z" user="FajrAl" uid="2649988" lat="34.1649472" lon="131.4572339">
  <tag k="name" v="湯田温泉"/>
  <tag k="name:en" v="Yudaonsen"/>
  <tag k="name:id" v="Yudaonsen"/>
  <tag k="place" v="hamlet"/>
 </node>
 <node id="11221753285" visible="true" version="1" changeset="141800844" timestamp="2023-09-27T05:53:35Z" user="FallingPeppers" uid="19745387" lat="34.1634766" lon="131.4586441"/>
 <node id="11221753305" visible="true" version="2" changeset="141844022" timestamp="2023-09-28T02:50:52Z" user="FallingPeppers" uid="19745387" lat="34.1630375" lon="131.4543546"/>
 <node id="11221753307" visible="true" version="1" changeset="141800844" timestamp="2023-09-27T05:53:35Z" user="FallingPeppers" uid="19745387" lat="34.1647328" lon="131.4572671"/>
 <node id="11221753308" visible="true" version="3" changeset="141844022" timestamp="2023-09-28T02:50:52Z" user="FallingPeppers" uid="19745387" lat="34.1665921" lon="131.4602214"/>
 <node id="11221753313" visible="true" version="2" changeset="141844022" timestamp="2023-09-28T02:50:52Z" user="FallingPeppers" uid="19745387" lat="34.1661340" lon="131.4558614"/>
 <node id="11440993889" visible="true" version="1" changeset="145387929" timestamp="2023-12-21T22:58:56Z" user="武内健輔" uid="8087293" lat="34.1654662" lon="131.4568392"/>
 <node id="11440993890" visible="true" version="1" changeset="145387929" timestamp="2023-12-21T22:58:56Z" user="武内健輔" uid="8087293" lat="34.1655492" lon="131.4567524"/>
 <node id="11440993891" visible="true" version="1" changeset="145387929" timestamp="2023-12-21T22:58:56Z" user="武内健輔" uid="8087293" lat="34.1654875" lon="131.4566681"/>
 <node id="11441516732" visible="true" version="1" changeset="145387893" timestamp="2023-12-21T22:56:59Z" user="武内健輔" uid="8087293" lat="34.1638170" lon="131.4566620"/>
 <node id="11441516748" visible="true" version="1" changeset="145387893" timestamp="2023-12-21T22:56:59Z" user="武内健輔" uid="8087293" lat="34.1632223" lon="131.4573506"/>
 <node id="11441516766" visible="true" version="1" changeset="145387893" timestamp="2023-12-21T22:56:59Z" user="武内健輔" uid="8087293" lat="34.1635022" lon="131.4570160"/>
 <node id="12905858467" visible="true" version="1" changeset="167486642" timestamp="2025-06-11T11:22:27Z" user="AlexM51" uid="174705" lat="34.1637113" lon="131.4554997">
  <tag k="bus" v="yes"/>
  <tag k="gtfs:stop_id" v="60036 1"/>
  <tag k="name" v="下湯田"/>
  <tag k="name:ja" v="下湯田"/>
  <tag k="name:ja-Hira" v="しもゆだ"/>
  <tag k="name:ja-Latn" v="Shimo-Yuda"/>
  <tag k="operator" v="中国ジェイアールバス"/>
  <tag k="operator:en" v="Chugoku JR Bus"/>
  <tag k="public_transport" v="stop_position"/>
 </node>
 <node id="12905858497" visible="true" version="1" changeset="167486642" timestamp="2025-06-11T11:22:27Z" user="AlexM51" uid="174705" lat="34.1651664" lon="131.4579301">
  <tag k="bus" v="yes"/>
  <tag k="gtfs:stop_id" v="60035 1;60035 2"/>
  <tag k="name" v="湯田温泉通"/>
  <tag k="name:en" v="Yuda Onsen"/>
  <tag k="name:ja" v="湯田温泉通"/>
  <tag k="name:ja-Hira" v="ゆだおんせん"/>
  <tag k="name:ja-Latn" v="Yuda-onsen"/>
  <tag k="name:ko" v="유다온센"/>
  <tag k="name:zh-Hans" v="汤田温泉"/>
  <tag k="name:zh-Hant" v="湯田溫泉"/>
  <tag k="operator" v="中国ジェイアールバス"/>
  <tag k="operator:en" v="Chugoku JR Bus"/>
  <tag k="public_transport" v="stop_position"/>
 </node>
 <node id="12993999997" visible="true" version="2" changeset="180148595" timestamp="2026-03-20T09:12:12Z" user="Mozkun" uid="2651887" lat="34.1644569" lon="131.4574177">
  <tag k="check_date" v="2026-03-20"/>
  <tag k="information" v="office"/>
  <tag k="name" v="湯田温泉観光回遊拠点施設 狐の足あと"/>
  <tag k="name:en" v="Yuda-Onsen Welcome Square"/>
  <tag k="phone" v="+81 83-9218-818"/>
  <tag k="tourism" v="information"/>
 </node>
 <node id="13664329394" visible="true" version="1" changeset="180148595" timestamp="2026-03-20T09:12:12Z" user="Mozkun" uid="2651887" lat="34.1646977" lon="131.4574329">
  <tag k="name" v="原田酒舗"/>
  <tag k="shop" v="alcohol"/>
 </node>
 <node id="13664329395" visible="true" version="1" changeset="180148595" timestamp="2026-03-20T09:12:12Z" user="Mozkun" uid="2651887" lat="34.1657571" lon="131.4585906">
  <tag k="amenity" v="restaurant"/>
  <tag k="brand" v="天下一品"/>
  <tag k="brand:en" v="Tenkaippin"/>
  <tag k="brand:ja" v="天下一品"/>
  <tag k="brand:wikidata" v="Q11442172"/>
  <tag k="cuisine" v="ramen"/>
  <tag k="name" v="天下一品"/>
  <tag k="name:en" v="Tenkaippin"/>
  <tag k="name:ja" v="天下一品"/>
 </node>
 <node id="13664329396" visible="true" version="1" changeset="180148595" timestamp="2026-03-20T09:12:12Z" user="Mozkun" uid="2651887" lat="34.1657142" lon="131.4585054">
  <tag k="name" v="湯田温泉おみやげセンター"/>
  <tag k="shop" v="gift"/>
 </node>
 <node id="13664329397" visible="true" version="1" changeset="180148595" timestamp="2026-03-20T09:12:12Z" user="Mozkun" uid="2651887" lat="34.1658775" lon="131.4589101">
  <tag k="emergency" v="fire_hydrant"/>
  <tag k="fire_hydrant:type" v="underground"/>
 </node>
 <node id="13664329400" visible="true" version="1" changeset="180148595" timestamp="2026-03-20T09:12:12Z" user="Mozkun" uid="2651887" lat="34.1651117" lon="131.4580790">
  <tag k="amenity" v="pub"/>
  <tag k="name" v="ミライザカ"/>
 </node>
 <node id="13664334705" visible="true" version="1" changeset="180148595" timestamp="2026-03-20T09:12:12Z" user="Mozkun" uid="2651887" lat="34.1641428" lon="131.4564739">
  <tag k="branch" v="山口湯田温泉店"/>
  <tag k="brand" v="LAWSON"/>
  <tag k="brand:en" v="LAWSON"/>
  <tag k="brand:ja" v="ローソン"/>
  <tag k="brand:wikidata" v="Q1557223"/>
  <tag k="check_date" v="2026-03-20"/>
  <tag k="name" v="ローソン"/>
  <tag k="name:en" v="Lawson"/>
  <tag k="name:ja" v="ローソン"/>
  <tag k="opening_hours" v="24/7"/>
  <tag k="shop" v="convenience"/>
 </node>
 <node id="13664334707" visible="true" version="1" changeset="180148595" timestamp="2026-03-20T09:12:12Z" user="Mozkun" uid="2651887" lat="34.1655204" lon="131.4583402">
  <tag k="emergency" v="fire_service_inlet"/>
 </node>
 <node id="13666127827" visible="true" version="1" changeset="180186891" timestamp="2026-03-21T05:22:37Z" user="Mozkun" uid="2651887" lat="34.1641954" lon="131.4579612">
  <tag k="amenity" v="public_bath"/>
  <tag k="bath:type" v="foot_bath"/>
  <tag k="opening_hours" v="Mo-Su 10:00-22:00"/>
 </node>
 <node id="13666127828" visible="true" version="1" changeset="180186891" timestamp="2026-03-21T05:22:37Z" user="Mozkun" uid="2651887" lat="34.1653522" lon="131.4574866"/>
 <node id="13666127831" visible="true" version="1" changeset="180186891" timestamp="2026-03-21T05:22:37Z" user="Mozkun" uid="2651887" lat="34.1654230" lon="131.4574427">
  <tag k="amenity" v="public_bath"/>
  <tag k="bath:type" v="foot_bath"/>
 </node>
 <node id="13666127833" visible="true" version="1" changeset="180186891" timestamp="2026-03-21T05:22:37Z" user="Mozkun" uid="2651887" lat="34.1653064" lon="131.4575874">
  <tag k="amenity" v="public_bath"/>
  <tag k="bath:type" v="foot_bath"/>
 </node>
 <node id="13666127835" visible="true" version="1" changeset="180186891" timestamp="2026-03-21T05:22:37Z" user="Mozkun" uid="2651887" lat="34.1648675" lon="131.4569813">
  <tag k="amenity" v="restaurant"/>
  <tag k="cuisine" v="japanese"/>
  <tag k="name" v="椿"/>
 </node>
 <node id="13666127836" visible="true" version="1" changeset="180186891" timestamp="2026-03-21T05:22:37Z" user="Mozkun" uid="2651887" lat="34.1653774" lon="131.4575251"/>
 <node id="13666127837" visible="true" version="1" changeset="180186891" timestamp="2026-03-21T05:22:37Z" user="Mozkun" uid="2651887" lat="34.1643213" lon="131.4567347">
  <tag k="amenity" v="public_bath"/>
  <tag k="bath:type" v="foot_bath"/>
  <tag k="opening_hours" v="Mo-Su 09:00-22:00"/>
 </node>
 <node id="13666127838" visible="true" version="1" changeset="180186891" timestamp="2026-03-21T05:22:37Z" user="Mozkun" uid="2651887" lat="34.1651544" lon="131.4577380">
  <tag k="amenity" v="public_bath"/>
  <tag k="bath:type" v="hand_bath"/>
 </node>
 <node id="13666127848" visible="true" version="1" changeset="180186891" timestamp="2026-03-21T05:22:37Z" user="Mozkun" uid="2651887" lat="34.1651245" lon="131.4577732">
  <tag k="amenity" v="public_bath"/>
  <tag k="bath:type" v="hand_bath"/>
 </node>
 <node id="13666127849" visible="true" version="1" changeset="180186891" timestamp="2026-03-21T05:22:37Z" user="Mozkun" uid="2651887" lat="34.1654662" lon="131.4573650"/>
 <node id="13666127852" visible="true" version="1" changeset="180186891" timestamp="2026-03-21T05:22:37Z" user="Mozkun" uid="2651887" lat="34.1654937" lon="131.4574025"/>
 <node id="14022027975" visible="true" version="1" changeset="185896843" timestamp="2026-07-17T10:29:07Z" user="MiachMihie" uid="24308200" lat="34.1662401" lon="131.4561278"/>
 <node id="14022027976" visible="true" version="1" changeset="185896843" timestamp="2026-07-17T10:29:07Z" user="MiachMihie" uid="24308200" lat="34.1664055" lon="131.4563810"/>
 <node id="14022027977" visible="true" version="1" changeset="185896843" timestamp="2026-07-17T10:29:07Z" user="MiachMihie" uid="24308200" lat="34.1659387" lon="131.4567853"/>
 <node id="14022027978" visible="true" version="1" changeset="185896843" timestamp="2026-07-17T10:29:07Z" user="MiachMihie" uid="24308200" lat="34.1657898" lon="131.4565543"/>
 <node id="14022027979" visible="true" version="1" changeset="185896843" timestamp="2026-07-17T10:29:07Z" user="MiachMihie" uid="24308200" lat="34.1655302" lon="131.4564852"/>
 <node id="14022027980" visible="true" version="1" changeset="185896843" timestamp="2026-07-17T10:29:07Z" user="MiachMihie" uid="24308200" lat="34.1655981" lon="131.4565883"/>
 <way id="119885215" visible="true" version="12" changeset="171435531" timestamp="2025-09-04T06:20:59Z" user="taketaketake" uid="4757277">
  <nd ref="1345516929"/>
  <nd ref="4069501012"/>
  <nd ref="12905858497"/>
  <nd ref="1345523138"/>
  <nd ref="1345517552"/>
  <nd ref="1345516674"/>
  <nd ref="4754098336"/>
  <nd ref="4607718272"/>
  <nd ref="1345528691"/>
  <tag k="highway" v="secondary"/>
  <tag k="lanes" v="2"/>
  <tag k="name" v="陶湯田線"/>
  <tag k="name:en" v="Sue Yuda Line"/>
  <tag k="name:ja" v="陶湯田線"/>
  <tag k="name:ja-Hira" v="すえゆだせん"/>
  <tag k="name:ja_rm" v="Sue Yuda-sen"/>
  <tag k="old_name" v="国道9号"/>
  <tag k="old_name:en" v="National Highway Route 9"/>
  <tag k="old_name:ja" v="国道9号"/>
  <tag k="old_ref" v="9"/>
  <tag k="ref" v="200;204"/>
  <tag k="source" v="YahooJapan/ALPSMAP"/>
  <tag k="surface" v="asphalt"/>
  <tag k="wikidata" v="Q11467188"/>
  <tag k="wikipedia" v="ja:山口県道200号陶湯田線"/>
 </way>
 <way id="119885270" visible="true" version="6" changeset="185664902" timestamp="2026-07-13T16:36:35Z" user="MiachMihie" uid="24308200">
  <nd ref="1345520946"/>
  <nd ref="11440993889"/>
  <nd ref="4754098328"/>
  <nd ref="1691744918"/>
  <nd ref="1345517568"/>
  <nd ref="2214755801"/>
  <nd ref="1345527943"/>
  <tag k="highway" v="unclassified"/>
  <tag k="source" v="YahooJapan/ALPSMAP"/>
  <tag k="surface" v="asphalt"/>
 </way>
 <way id="119885300" visible="true" version="1" changeset="8596234" timestamp="2011-07-01T06:45:35Z" user="yamasan" uid="32308">
  <nd ref="1345516929"/>
  <nd ref="1345520946"/>
  <tag k="highway" v="unclassified"/>
  <tag k="source" v="YahooJapan/ALPSMAP"/>
  <tag k="yh:STRUCTURE" v="地上"/>
  <tag k="yh:TOTYUMONO" v="供用中"/>
  <tag k="yh:TYPE" v="その他一般道"/>
  <tag k="yh:WIDTH" v="3.0m〜5.5m"/>
  <tag k="yh:WIDTH_RANK" v="3"/>
 </way>
 <way id="119885410" visible="true" version="1" changeset="8596234" timestamp="2011-07-01T06:45:59Z" user="yamasan" uid="32308">
  <nd ref="1345517552"/>
  <nd ref="1345527943"/>
  <tag k="highway" v="unclassified"/>
  <tag k="source" v="YahooJapan/ALPSMAP"/>
  <tag k="yh:STRUCTURE" v="地上"/>
  <tag k="yh:TOTYUMONO" v="供用中"/>
  <tag k="yh:TYPE" v="その他一般道"/>
  <tag k="yh:WIDTH" v="3.0m〜5.5m"/>
  <tag k="yh:WIDTH_RANK" v="3"/>
 </way>
 <way id="119885586" visible="true" version="4" changeset="145387893" timestamp="2023-12-21T22:56:59Z" user="武内健輔" uid="8087293">
  <nd ref="1691744871"/>
  <nd ref="3223114314"/>
  <nd ref="3223114316"/>
  <nd ref="11441516748"/>
  <nd ref="1345523491"/>
  <nd ref="11441516766"/>
  <nd ref="1345520205"/>
  <nd ref="11441516732"/>
  <nd ref="3223114307"/>
  <nd ref="1345528559"/>
  <tag k="highway" v="unclassified"/>
  <tag k="source" v="YahooJapan/ALPSMAP"/>
 </way>
 <way id="119885757" visible="true" version="3" changeset="185664930" timestamp="2026-07-13T16:36:22Z" user="MiachMihie" uid="24308200">
  <nd ref="1345520946"/>
  <nd ref="1345516085"/>
  <tag k="cycleway:both" v="no"/>
  <tag k="highway" v="unclassified"/>
  <tag k="source" v="YahooJapan/ALPSMAP"/>
  <tag k="surface" v="asphalt"/>
  <tag k="yh:STRUCTURE" v="地上"/>
  <tag k="yh:TOTYUMONO" v="供用中"/>
  <tag k="yh:TYPE" v="その他一般道"/>
  <tag k="yh:WIDTH" v="3.0m〜5.5m"/>
  <tag k="yh:WIDTH_RANK" v="3"/>
 </way>
 <way id="119885866" visible="true" version="1" changeset="8596234" timestamp="2011-07-01T06:47:23Z" user="yamasan" uid="32308">
  <nd ref="1345519686"/>
  <nd ref="1345520946"/>
  <tag k="highway" v="unclassified"/>
  <tag k="source" v="YahooJapan/ALPSMAP"/>
  <tag k="yh:STRUCTURE" v="地上"/>
  <tag k="yh:TOTYUMONO" v="供用中"/>
  <tag k="yh:TYPE" v="その他一般道"/>
  <tag k="yh:WIDTH" v="3.0m〜5.5m"/>
  <tag k="yh:WIDTH_RANK" v="3"/>
 </way>
 <way id="119885899" visible="true" version="3" changeset="37843100" timestamp="2016-03-15T13:39:50Z" user="yoshitk" uid="1003241">
  <nd ref="1345527760"/>
  <nd ref="1345529469"/>
  <nd ref="1345527574"/>
  <nd ref="3223114299"/>
  <nd ref="1345515019"/>
  <nd ref="1345516929"/>
  <tag k="highway" v="unclassified"/>
  <tag k="source" v="YahooJapan/ALPSMAP"/>
  <tag k="yh:WIDTH" v="3.0m〜5.5m"/>
 </way>
 <way id="119886132" visible="true" version="3" changeset="71546808" timestamp="2019-06-24T04:30:08Z" user="hibagonsan" uid="5939709">
  <nd ref="1345526582"/>
  <nd ref="6566956647"/>
  <nd ref="1345527739"/>
  <nd ref="6566956646"/>
  <nd ref="1345521480"/>
  <nd ref="1345517552"/>
  <tag k="highway" v="unclassified"/>
  <tag k="source" v="YahooJapan/ALPSMAP"/>
 </way>
 <way id="119887041" visible="true" version="1" changeset="8596234" timestamp="2011-07-01T06:51:52Z" user="yamasan" uid="32308">
  <nd ref="1345523491"/>
  <nd ref="1345527574"/>
  <tag k="highway" v="unclassified"/>
  <tag k="source" v="YahooJapan/ALPSMAP"/>
  <tag k="yh:STRUCTURE" v="地上"/>
  <tag k="yh:TOTYUMONO" v="供用中"/>
  <tag k="yh:TYPE" v="その他一般道"/>
  <tag k="yh:WIDTH" v="3.0m〜5.5m"/>
  <tag k="yh:WIDTH_RANK" v="3"/>
 </way>
 <way id="119887250" visible="true" version="1" changeset="8596234" timestamp="2011-07-01T06:52:43Z" user="yamasan" uid="32308">
  <nd ref="1345521186"/>
  <nd ref="1345516674"/>
  <tag k="highway" v="unclassified"/>
  <tag k="source" v="YahooJapan/ALPSMAP"/>
  <tag k="yh:STRUCTURE" v="地上"/>
  <tag k="yh:TOTYUMONO" v="供用中"/>
  <tag k="yh:TYPE" v="その他一般道"/>
  <tag k="yh:WIDTH" v="3.0m〜5.5m"/>
  <tag k="yh:WIDTH_RANK" v="3"/>
 </way>
 <way id="119887926" visible="true" version="1" changeset="8596234" timestamp="2011-07-01T06:55:22Z" user="yamasan" uid="32308">
  <nd ref="1345520205"/>
  <nd ref="1345515019"/>
  <tag k="highway" v="unclassified"/>
  <tag k="source" v="YahooJapan/ALPSMAP"/>
  <tag k="yh:STRUCTURE" v="地上"/>
  <tag k="yh:TOTYUMONO" v="供用中"/>
  <tag k="yh:TYPE" v="その他一般道"/>
  <tag k="yh:WIDTH" v="3.0m〜5.5m"/>
  <tag k="yh:WIDTH_RANK" v="3"/>
 </way>
 <way id="119888072" visible="true" version="5" changeset="71845577" timestamp="2019-07-03T06:00:04Z" user="hibagonsan" uid="5939709">
  <nd ref="1345518833"/>
  <nd ref="6585749111"/>
  <nd ref="1691744864"/>
  <nd ref="1345528554"/>
  <nd ref="3223114303"/>
  <nd ref="3223114301"/>
  <nd ref="1345523138"/>
  <tag k="highway" v="unclassified"/>
  <tag k="source" v="YahooJapan/ALPSMAP"/>
 </way>
 <way id="316199945" visible="true" version="3" changeset="68401111" timestamp="2019-03-22T08:23:03Z" user="yoshitk" uid="1003241">
  <nd ref="3223114299"/>
  <nd ref="3223114300"/>
  <nd ref="3223114301"/>
  <tag k="highway" v="service"/>
  <tag k="service" v="alley"/>
  <tag k="source" v="Bing"/>
 </way>
 <way id="316199946" visible="true" version="3" changeset="68401111" timestamp="2019-03-22T08:23:03Z" user="yoshitk" uid="1003241">
  <nd ref="3223114300"/>
  <nd ref="3223114302"/>
  <nd ref="3223114303"/>
  <tag k="highway" v="service"/>
  <tag k="service" v="alley"/>
  <tag k="source" v="Bing"/>
 </way>
 <way id="316199949" visible="true" version="2" changeset="28483091" timestamp="2015-01-29T10:30:08Z" user="mklyr" uid="614924">
  <nd ref="3223114307"/>
  <nd ref="3223114308"/>
  <nd ref="3223114305"/>
  <tag k="highway" v="residential"/>
  <tag k="source" v="Bing"/>
 </way>
 <way id="325171649" visible="true" version="9" changeset="56405920" timestamp="2018-02-16T07:59:58Z" user="mklyr" uid="614924">
  <nd ref="2214755807"/>
  <nd ref="4080663915"/>
  <nd ref="4080663888"/>
  <nd ref="4080663867"/>
  <nd ref="4080663862"/>
  <nd ref="4080663856"/>
  <nd ref="4080663842"/>
  <nd ref="3339899196"/>
  <nd ref="749875645"/>
  <nd ref="3339899194"/>
  <nd ref="749085919"/>
  <nd ref="748912205"/>
  <nd ref="749290145"/>
  <nd ref="749768059"/>
  <nd ref="749810147"/>
  <tag k="name" v="錦川"/>
  <tag k="name:ja" v="錦川"/>
  <tag k="note" v="National-Land Numerical Information (River) 2006, MLIT Japan"/>
  <tag k="note:ja" v="国土数値情報(河川データ)平成18年国土交通省"/>
  <tag k="source" v="KSJ2"/>
  <tag k="source_ref" v="http://nlftp.mlit.go.jp/ksj/jpgis/datalist/KsjTmplt-W05.html"/>
  <tag k="tunnel" v="culvert"/>
  <tag k="waterway" v="river"/>
 </way>
 <way id="328131156" visible="true" version="2" changeset="38259699" timestamp="2016-04-03T02:39:20Z" user="yasunari" uid="171028">
  <nd ref="3349546534"/>
  <nd ref="3349546535"/>
  <nd ref="3349546536"/>
  <nd ref="3349546537"/>
  <nd ref="3349546534"/>
  <tag k="building" v="retail"/>
  <tag k="name" v="都濃自転車店"/>
  <tag k="shop" v="bicycle"/>
 </way>
 <way id="386459946" visible="true" version="4" changeset="38283083" timestamp="2016-04-04T07:40:07Z" user="show1017" uid="3244669">
  <nd ref="3897946044"/>
  <nd ref="3897946045"/>
  <nd ref="3897946046"/>
  <nd ref="3897946047"/>
  <nd ref="3897946044"/>
  <tag k="building" v="hotel"/>
 </way>
 <way id="404676823" visible="true" version="2" changeset="38091565" timestamp="2016-03-26T22:44:49Z" user="freshcl" uid="1204536">
  <nd ref="4069500865"/>
  <nd ref="4069500862"/>
  <nd ref="4069500860"/>
  <nd ref="4069500863"/>
  <nd ref="4069500865"/>
  <tag k="building" v="yes"/>
 </way>
 <way id="404676826" visible="true" version="2" changeset="180148595" timestamp="2026-03-20T09:12:12Z" user="Mozkun" uid="2651887">
  <nd ref="4069501004"/>
  <nd ref="4069500989"/>
  <nd ref="4069500868"/>
  <nd ref="4069500873"/>
  <nd ref="4069500990"/>
  <nd ref="4069500998"/>
  <nd ref="4069501004"/>
  <tag k="building" v="yes"/>
  <tag k="name" v="スーパーホテル 山口湯田温泉"/>
  <tag k="tourism" v="hotel"/>
 </way>
 <way id="404676828" visible="true" version="1" changeset="37950696" timestamp="2016-03-20T07:23:23Z" user="freshcl" uid="1204536">
  <nd ref="4069500876"/>
  <nd ref="4069500870"/>
  <nd ref="4069500887"/>
  <nd ref="4069500994"/>
  <nd ref="4069500995"/>
  <nd ref="4069501000"/>
  <nd ref="4069500885"/>
  <nd ref="4069500879"/>
  <nd ref="4069500877"/>
  <nd ref="4069500883"/>
  <nd ref="4069500876"/>
  <tag k="building" v="yes"/>
  <tag k="name" v="中原中也記念館"/>
 </way>
 <way id="404676829" visible="true" version="1" changeset="37950696" timestamp="2016-03-20T07:23:23Z" user="freshcl" uid="1204536">
  <nd ref="4069500831"/>
  <nd ref="4069500829"/>
  <nd ref="4069500822"/>
  <nd ref="4069500826"/>
  <nd ref="4069500831"/>
  <tag k="building" v="yes"/>
 </way>
 <way id="404676830" visible="true" version="1" changeset="37950696" timestamp="2016-03-20T07:23:24Z" user="freshcl" uid="1204536">
  <nd ref="4069500993"/>
  <nd ref="4069500996"/>
  <nd ref="4069500991"/>
  <nd ref="4069500884"/>
  <nd ref="4069500993"/>
  <tag k="building" v="yes"/>
 </way>
 <way id="404676831" visible="true" version="2" changeset="180186891" timestamp="2026-03-21T05:22:37Z" user="Mozkun" uid="2651887">
  <nd ref="4069500881"/>
  <nd ref="4069500875"/>
  <nd ref="4069500880"/>
  <nd ref="4069500888"/>
  <nd ref="4069500881"/>
  <tag k="building" v="yes"/>
  <tag k="name" v="銀ビル"/>
 </way>
 <way id="404676832" visible="true" version="1" changeset="37950696" timestamp="2016-03-20T07:23:24Z" user="freshcl" uid="1204536">
  <nd ref="4069500869"/>
  <nd ref="4069500855"/>
  <nd ref="4069500849"/>
  <nd ref="4069500866"/>
  <nd ref="4069500869"/>
  <tag k="building" v="yes"/>
 </way>
 <way id="404676833" visible="true" version="1" changeset="37950696" timestamp="2016-03-20T07:23:24Z" user="freshcl" uid="1204536">
  <nd ref="4069500824"/>
  <nd ref="4069500815"/>
  <nd ref="4069500810"/>
  <nd ref="4069500819"/>
  <nd ref="4069500824"/>
  <tag k="building" v="yes"/>
 </way>
 <way id="404676834" visible="true" version="1" changeset="37950696" timestamp="2016-03-20T07:23:24Z" user="freshcl" uid="1204536">
  <nd ref="4069500800"/>
  <nd ref="4069500792"/>
  <nd ref="4069500789"/>
  <nd ref="4069500797"/>
  <nd ref="4069500800"/>
  <tag k="building" v="yes"/>
 </way>
 <way id="404676835" visible="true" version="1" changeset="37950696" timestamp="2016-03-20T07:23:24Z" user="freshcl" uid="1204536">
  <nd ref="4069500874"/>
  <nd ref="4069500878"/>
  <nd ref="4069500872"/>
  <nd ref="4069500867"/>
  <nd ref="4069500874"/>
  <tag k="building" v="yes"/>
 </way>
 <way id="404676836" visible="true" version="1" changeset="37950696" timestamp="2016-03-20T07:23:24Z" user="freshcl" uid="1204536">
  <nd ref="4069500821"/>
  <nd ref="4069500811"/>
  <nd ref="4069500817"/>
  <nd ref="4069500825"/>
  <nd ref="4069500821"/>
  <tag k="building" v="yes"/>
 </way>
 <way id="404676837" visible="true" version="1" changeset="37950696" timestamp="2016-03-20T07:23:24Z" user="freshcl" uid="1204536">
  <nd ref="4069500861"/>
  <nd ref="4069500858"/>
  <nd ref="4069500851"/>
  <nd ref="4069500856"/>
  <nd ref="4069500861"/>
  <tag k="building" v="yes"/>
 </way>
 <way id="404676838" visible="true" version="2" changeset="38282923" timestamp="2016-04-04T07:31:30Z" user="show1017" uid="3244669">
  <nd ref="4069500847"/>
  <nd ref="4069500823"/>
  <nd ref="4069500830"/>
  <nd ref="4069500859"/>
  <nd ref="4069500847"/>
  <tag k="building" v="shop"/>
 </way>
 <way id="404676839" visible="true" version="1" changeset="37950696" timestamp="2016-03-20T07:23:24Z" user="freshcl" uid="1204536">
  <nd ref="4069500809"/>
  <nd ref="4069500801"/>
  <nd ref="4069500799"/>
  <nd ref="4069500808"/>
  <nd ref="4069500809"/>
  <tag k="building" v="yes"/>
 </way>
 <way id="404676840" visible="true" version="1" changeset="37950696" timestamp="2016-03-20T07:23:24Z" user="freshcl" uid="1204536">
  <nd ref="4069500818"/>
  <nd ref="4069500807"/>
  <nd ref="4069500805"/>
  <nd ref="4069500812"/>
  <nd ref="4069500818"/>
  <tag k="building" v="yes"/>
 </way>
 <way id="404676841" visible="true" version="1" changeset="37950696" timestamp="2016-03-20T07:23:24Z" user="freshcl" uid="1204536">
  <nd ref="4069501053"/>
  <nd ref="4069501035"/>
  <nd ref="4069501042"/>
  <nd ref="4069501050"/>
  <nd ref="4069501058"/>
  <nd ref="4069501053"/>
  <tag k="building" v="yes"/>
 </way>
 <way id="404676842" visible="true" version="1" changeset="37950696" timestamp="2016-03-20T07:23:24Z" user="freshcl" uid="1204536">
  <nd ref="4069500854"/>
  <nd ref="4069500846"/>
  <nd ref="4069500835"/>
  <nd ref="4069500839"/>
  <nd ref="4069500833"/>
  <nd ref="4069500841"/>
  <nd ref="4069500854"/>
  <tag k="building" v="yes"/>
 </way>
 <way id="404676845" visible="true" version="2" changeset="71546808" timestamp="2019-06-24T04:30:08Z" user="hibagonsan" uid="5939709">
  <nd ref="4069500814"/>
  <nd ref="6566956549"/>
  <nd ref="6566956548"/>
  <nd ref="4069500852"/>
  <nd ref="4069500834"/>
  <nd ref="4069500816"/>
  <nd ref="4069500820"/>
  <nd ref="4069500802"/>
  <nd ref="4069500814"/>
  <tag k="building" v="yes"/>
 </way>
 <way id="404676846" visible="true" version="1" changeset="37950696" timestamp="2016-03-20T07:23:24Z" user="freshcl" uid="1204536">
  <nd ref="4069500853"/>
  <nd ref="4069500845"/>
  <nd ref="4069500842"/>
  <nd ref="4069500837"/>
  <nd ref="4069500840"/>
  <nd ref="4069500828"/>
  <nd ref="4069500832"/>
  <nd ref="4069500853"/>
  <tag k="building" v="yes"/>
 </way>
 <way id="404676847" visible="true" version="1" changeset="37950696" timestamp="2016-03-20T07:23:24Z" user="freshcl" uid="1204536">
  <nd ref="4069500838"/>
  <nd ref="4069500848"/>
  <nd ref="4069500843"/>
  <nd ref="4069500857"/>
  <nd ref="4069500882"/>
  <nd ref="4069500886"/>
  <nd ref="4069500871"/>
  <nd ref="4069500850"/>
  <nd ref="4069500838"/>
  <tag k="building" v="yes"/>
 </way>
 <way id="404676848" visible="true" version="1" changeset="37950696" timestamp="2016-03-20T07:23:24Z" user="freshcl" uid="1204536">
  <nd ref="4069501022"/>
  <nd ref="4069501023"/>
  <nd ref="4069501037"/>
  <nd ref="4069501046"/>
  <nd ref="4069501030"/>
  <nd ref="4069501038"/>
  <nd ref="4069501019"/>
  <nd ref="4069501002"/>
  <nd ref="4069501006"/>
  <nd ref="4069501009"/>
  <nd ref="4069501014"/>
  <nd ref="4069501010"/>
  <nd ref="4069501007"/>
  <nd ref="4069501003"/>
  <nd ref="4069500999"/>
  <nd ref="4069500992"/>
  <nd ref="4069500997"/>
  <nd ref="4069501001"/>
  <nd ref="4069501005"/>
  <nd ref="4069501008"/>
  <nd ref="4069501013"/>
  <nd ref="4069501025"/>
  <nd ref="4069501022"/>
  <tag k="building" v="yes"/>
  <tag k="name" v="松田屋"/>
  <tag k="tourism" v="hotel"/>
 </way>
 <way id="404676852" visible="true" version="3" changeset="180186891" timestamp="2026-03-21T05:22:37Z" user="Mozkun" uid="2651887">
  <nd ref="4069501012"/>
  <nd ref="4069501049"/>
  <nd ref="4754098328"/>
  <tag k="highway" v="path"/>
  <tag k="name" v="湯の香通り"/>
  <tag k="name:en" v="Yunoka Street"/>
 </way>
 <way id="405934629" visible="true" version="4" changeset="180148595" timestamp="2026-03-20T09:12:12Z" user="Mozkun" uid="2651887">
  <nd ref="4080663770"/>
  <nd ref="4080663816"/>
  <nd ref="4080663821"/>
  <nd ref="4080663829"/>
  <nd ref="4080663818"/>
  <nd ref="4080663820"/>
  <nd ref="4080663798"/>
  <nd ref="4080663768"/>
  <nd ref="4080663780"/>
  <nd ref="4080663785"/>
  <nd ref="4080663806"/>
  <nd ref="4080663781"/>
  <nd ref="4080663762"/>
  <nd ref="4753830578"/>
  <nd ref="4080663776"/>
  <nd ref="4080663760"/>
  <nd ref="4080663756"/>
  <nd ref="4080663751"/>
  <nd ref="4080663754"/>
  <nd ref="4080663750"/>
  <nd ref="4080663761"/>
  <nd ref="4080663770"/>
  <tag k="building" v="hotel"/>
  <tag k="name" v="ユウベルホテル松政"/>
  <tag k="tourism" v="hotel"/>
 </way>
 <way id="405934631" visible="true" version="1" changeset="38091565" timestamp="2016-03-26T22:44:46Z" user="freshcl" uid="1204536">
  <nd ref="4080663789"/>
  <nd ref="4080663783"/>
  <nd ref="4080663791"/>
  <nd ref="4080663787"/>
  <nd ref="4080663793"/>
  <nd ref="4080663803"/>
  <nd ref="4080663800"/>
  <nd ref="4080663802"/>
  <nd ref="4080663799"/>
  <nd ref="4080663795"/>
  <nd ref="4080663789"/>
  <tag k="building" v="yes"/>
 </way>
 <way id="405934632" visible="true" version="1" changeset="38091565" timestamp="2016-03-26T22:44:46Z" user="freshcl" uid="1204536">
  <nd ref="4080663692"/>
  <nd ref="4080663711"/>
  <nd ref="4080663704"/>
  <nd ref="4080663702"/>
  <nd ref="4080663691"/>
  <nd ref="4080663586"/>
  <nd ref="4080663695"/>
  <nd ref="4080663689"/>
  <nd ref="4080663588"/>
  <nd ref="4080663584"/>
  <nd ref="4080663692"/>
  <tag k="building" v="yes"/>
 </way>
 <way id="405934633" visible="true" version="1" changeset="38091565" timestamp="2016-03-26T22:44:46Z" user="freshcl" uid="1204536">
  <nd ref="4080663527"/>
  <nd ref="4080663518"/>
  <nd ref="4080663532"/>
  <nd ref="4080663543"/>
  <nd ref="4080663542"/>
  <nd ref="4080663537"/>
  <nd ref="4080663533"/>
  <nd ref="4080663540"/>
  <nd ref="4080663534"/>
  <nd ref="4080663536"/>
  <nd ref="4080663527"/>
  <tag k="building" v="yes"/>
 </way>
 <way id="405934635" visible="true" version="1" changeset="38091565" timestamp="2016-03-26T22:44:46Z" user="freshcl" uid="1204536">
  <nd ref="4080663516"/>
  <nd ref="4080663511"/>
  <nd ref="4080663513"/>
  <nd ref="4080663523"/>
  <nd ref="4080663516"/>
  <tag k="building" v="yes"/>
 </way>
 <way id="405934636" visible="true" version="1" changeset="38091565" timestamp="2016-03-26T22:44:46Z" user="freshcl" uid="1204536">
  <nd ref="4080663581"/>
  <nd ref="4080663582"/>
  <nd ref="4080663575"/>
  <nd ref="4080663573"/>
  <nd ref="4080663581"/>
  <tag k="building" v="yes"/>
 </way>
 <way id="405934637" visible="true" version="1" changeset="38091565" timestamp="2016-03-26T22:44:46Z" user="freshcl" uid="1204536">
  <nd ref="4080663555"/>
  <nd ref="4080663560"/>
  <nd ref="4080663558"/>
  <nd ref="4080663553"/>
  <nd ref="4080663555"/>
  <tag k="building" v="yes"/>
 </way>
 <way id="405934638" visible="true" version="1" changeset="38091565" timestamp="2016-03-26T22:44:46Z" user="freshcl" uid="1204536">
  <nd ref="4080663715"/>
  <nd ref="4080663723"/>
  <nd ref="4080663716"/>
  <nd ref="4080663706"/>
  <nd ref="4080663715"/>
  <tag k="building" v="yes"/>
 </way>
 <way id="405934639" visible="true" version="1" changeset="38091565" timestamp="2016-03-26T22:44:46Z" user="freshcl" uid="1204536">
  <nd ref="4080663813"/>
  <nd ref="4080663809"/>
  <nd ref="4080663811"/>
  <nd ref="4080663817"/>
  <nd ref="4080663813"/>
  <tag k="building" v="yes"/>
 </way>
 <way id="405934640" visible="true" version="1" changeset="38091565" timestamp="2016-03-26T22:44:46Z" user="freshcl" uid="1204536">
  <nd ref="4080663699"/>
  <nd ref="4080663705"/>
  <nd ref="4080663697"/>
  <nd ref="4080663690"/>
  <nd ref="4080663699"/>
  <tag k="building" v="yes"/>
 </way>
 <way id="405934641" visible="true" version="1" changeset="38091565" timestamp="2016-03-26T22:44:46Z" user="freshcl" uid="1204536">
  <nd ref="4080663531"/>
  <nd ref="4080663515"/>
  <nd ref="4080663519"/>
  <nd ref="4080663539"/>
  <nd ref="4080663531"/>
  <tag k="building" v="yes"/>
 </way>
 <way id="405934643" visible="true" version="1" changeset="38091565" timestamp="2016-03-26T22:44:46Z" user="freshcl" uid="1204536">
  <nd ref="4080663748"/>
  <nd ref="4080663752"/>
  <nd ref="4080663745"/>
  <nd ref="4080663742"/>
  <nd ref="4080663748"/>
  <tag k="building" v="yes"/>
 </way>
 <way id="405934644" visible="true" version="1" changeset="38091565" timestamp="2016-03-26T22:44:46Z" user="freshcl" uid="1204536">
  <nd ref="4080663703"/>
  <nd ref="4080663714"/>
  <nd ref="4080663707"/>
  <nd ref="4080663696"/>
  <nd ref="4080663703"/>
  <tag k="building" v="yes"/>
 </way>
 <way id="405934645" visible="true" version="1" changeset="38091565" timestamp="2016-03-26T22:44:46Z" user="freshcl" uid="1204536">
  <nd ref="4080663551"/>
  <nd ref="4080663554"/>
  <nd ref="4080663545"/>
  <nd ref="4080663535"/>
  <nd ref="4080663551"/>
  <tag k="building" v="yes"/>
 </way>
 <way id="405934648" visible="true" version="1" changeset="38091565" timestamp="2016-03-26T22:44:47Z" user="freshcl" uid="1204536">
  <nd ref="4080663736"/>
  <nd ref="4080663740"/>
  <nd ref="4080663733"/>
  <nd ref="4080663729"/>
  <nd ref="4080663736"/>
  <tag k="building" v="yes"/>
 </way>
 <way id="405934650" visible="true" version="1" changeset="38091565" timestamp="2016-03-26T22:44:47Z" user="freshcl" uid="1204536">
  <nd ref="4080663576"/>
  <nd ref="4080663569"/>
  <nd ref="4080663567"/>
  <nd ref="4080663570"/>
  <nd ref="4080663576"/>
  <tag k="building" v="yes"/>
 </way>
 <way id="405934651" visible="true" version="1" changeset="38091565" timestamp="2016-03-26T22:44:47Z" user="freshcl" uid="1204536">
  <nd ref="4080663753"/>
  <nd ref="4080663755"/>
  <nd ref="4080663737"/>
  <nd ref="4080663735"/>
  <nd ref="4080663753"/>
  <tag k="building" v="yes"/>
 </way>
 <way id="405934652" visible="true" version="1" changeset="38091565" timestamp="2016-03-26T22:44:47Z" user="freshcl" uid="1204536">
  <nd ref="4080663694"/>
  <nd ref="4080663587"/>
  <nd ref="4080663580"/>
  <nd ref="4080663585"/>
  <nd ref="4080663694"/>
  <tag k="building" v="yes"/>
 </way>
 <way id="405934654" visible="true" version="1" changeset="38091565" timestamp="2016-03-26T22:44:47Z" user="freshcl" uid="1204536">
  <nd ref="4080663808"/>
  <nd ref="4080663810"/>
  <nd ref="4080663801"/>
  <nd ref="4080663797"/>
  <nd ref="4080663808"/>
  <tag k="building" v="yes"/>
 </way>
 <way id="405934655" visible="true" version="1" changeset="38091565" timestamp="2016-03-26T22:44:47Z" user="freshcl" uid="1204536">
  <nd ref="4080663713"/>
  <nd ref="4080663698"/>
  <nd ref="4080663693"/>
  <nd ref="4080663708"/>
  <nd ref="4080663713"/>
  <tag k="building" v="yes"/>
 </way>
 <way id="405934656" visible="true" version="1" changeset="38091565" timestamp="2016-03-26T22:44:47Z" user="freshcl" uid="1204536">
  <nd ref="4080663524"/>
  <nd ref="4080663530"/>
  <nd ref="4080663508"/>
  <nd ref="4080663506"/>
  <nd ref="4080663524"/>
  <tag k="building" v="yes"/>
 </way>
 <way id="405934657" visible="true" version="1" changeset="38091565" timestamp="2016-03-26T22:44:47Z" user="freshcl" uid="1204536">
  <nd ref="4080663544"/>
  <nd ref="4080663549"/>
  <nd ref="4080663546"/>
  <nd ref="4080663541"/>
  <nd ref="4080663544"/>
  <tag k="building" v="yes"/>
 </way>
 <way id="405934658" visible="true" version="1" changeset="38091565" timestamp="2016-03-26T22:44:47Z" user="freshcl" uid="1204536">
  <nd ref="4080663743"/>
  <nd ref="4080663738"/>
  <nd ref="4080663741"/>
  <nd ref="4080663747"/>
  <nd ref="4080663743"/>
  <tag k="building" v="yes"/>
 </way>
 <way id="405934659" visible="true" version="1" changeset="38091565" timestamp="2016-03-26T22:44:47Z" user="freshcl" uid="1204536">
  <nd ref="4080663728"/>
  <nd ref="4080663731"/>
  <nd ref="4080663727"/>
  <nd ref="4080663722"/>
  <nd ref="4080663728"/>
  <tag k="building" v="yes"/>
 </way>
 <way id="405934660" visible="true" version="1" changeset="38091565" timestamp="2016-03-26T22:44:47Z" user="freshcl" uid="1204536">
  <nd ref="4080663779"/>
  <nd ref="4080663782"/>
  <nd ref="4080663772"/>
  <nd ref="4080663764"/>
  <nd ref="4080663779"/>
  <tag k="building" v="yes"/>
 </way>
 <way id="405934661" visible="true" version="1" changeset="38091565" timestamp="2016-03-26T22:44:47Z" user="freshcl" uid="1204536">
  <nd ref="4080663521"/>
  <nd ref="4080663517"/>
  <nd ref="4080663525"/>
  <nd ref="4080663526"/>
  <nd ref="4080663521"/>
  <tag k="building" v="yes"/>
 </way>
 <way id="405934662" visible="true" version="1" changeset="38091565" timestamp="2016-03-26T22:44:47Z" user="freshcl" uid="1204536">
  <nd ref="4080663831"/>
  <nd ref="4080663836"/>
  <nd ref="4080663827"/>
  <nd ref="4080663824"/>
  <nd ref="4080663831"/>
  <tag k="building" v="yes"/>
 </way>
 <way id="405934664" visible="true" version="1" changeset="38091565" timestamp="2016-03-26T22:44:47Z" user="freshcl" uid="1204536">
  <nd ref="4080663758"/>
  <nd ref="4080663775"/>
  <nd ref="4080663744"/>
  <nd ref="4080663739"/>
  <nd ref="4080663758"/>
  <tag k="building" v="yes"/>
 </way>
 <way id="405934665" visible="true" version="1" changeset="38091565" timestamp="2016-03-26T22:44:47Z" user="freshcl" uid="1204536">
  <nd ref="4080663825"/>
  <nd ref="4080663828"/>
  <nd ref="4080663823"/>
  <nd ref="4080663822"/>
  <nd ref="4080663825"/>
  <tag k="building" v="yes"/>
 </way>
 <way id="405934666" visible="true" version="1" changeset="38091565" timestamp="2016-03-26T22:44:47Z" user="freshcl" uid="1204536">
  <nd ref="4080663725"/>
  <nd ref="4080663710"/>
  <nd ref="4080663700"/>
  <nd ref="4080663720"/>
  <nd ref="4080663725"/>
  <tag k="building" v="yes"/>
 </way>
 <way id="405934667" visible="true" version="1" changeset="38091565" timestamp="2016-03-26T22:44:47Z" user="freshcl" uid="1204536">
  <nd ref="4080663565"/>
  <nd ref="4080663568"/>
  <nd ref="4080663566"/>
  <nd ref="4080663563"/>
  <nd ref="4080663565"/>
  <tag k="building" v="yes"/>
 </way>
 <way id="405934668" visible="true" version="1" changeset="38091565" timestamp="2016-03-26T22:44:47Z" user="freshcl" uid="1204536">
  <nd ref="4080663562"/>
  <nd ref="4080663559"/>
  <nd ref="4080663561"/>
  <nd ref="4080663564"/>
  <nd ref="4080663562"/>
  <tag k="building" v="yes"/>
 </way>
 <way id="405934670" visible="true" version="1" changeset="38091565" timestamp="2016-03-26T22:44:48Z" user="freshcl" uid="1204536">
  <nd ref="4080663514"/>
  <nd ref="4080663510"/>
  <nd ref="4080663512"/>
  <nd ref="4080663507"/>
  <nd ref="4080663509"/>
  <nd ref="4080663520"/>
  <nd ref="4080663514"/>
  <tag k="building" v="yes"/>
 </way>
 <way id="405934671" visible="true" version="1" changeset="38091565" timestamp="2016-03-26T22:44:48Z" user="freshcl" uid="1204536">
  <nd ref="4080663730"/>
  <nd ref="4080663726"/>
  <nd ref="4080663701"/>
  <nd ref="4080663712"/>
  <nd ref="4080663717"/>
  <nd ref="4080663721"/>
  <nd ref="4080663730"/>
  <tag k="building" v="yes"/>
 </way>
 <way id="405934672" visible="true" version="1" changeset="38091565" timestamp="2016-03-26T22:44:48Z" user="freshcl" uid="1204536">
  <nd ref="4080663556"/>
  <nd ref="4080663557"/>
  <nd ref="4080663552"/>
  <nd ref="4080663550"/>
  <nd ref="4080663548"/>
  <nd ref="4080663547"/>
  <nd ref="4080663556"/>
  <tag k="building" v="yes"/>
 </way>
 <way id="405934676" visible="true" version="1" changeset="38091565" timestamp="2016-03-26T22:44:48Z" user="freshcl" uid="1204536">
  <nd ref="4080663732"/>
  <nd ref="4080663734"/>
  <nd ref="4080663719"/>
  <nd ref="4080663709"/>
  <nd ref="4080663718"/>
  <nd ref="4080663724"/>
  <nd ref="4080663732"/>
  <tag k="building" v="yes"/>
 </way>
 <way id="405934680" visible="true" version="1" changeset="38091565" timestamp="2016-03-26T22:44:48Z" user="freshcl" uid="1204536">
  <nd ref="4080663583"/>
  <nd ref="4080663578"/>
  <nd ref="4080663571"/>
  <nd ref="4080663574"/>
  <nd ref="4080663572"/>
  <nd ref="4080663577"/>
  <nd ref="4080663579"/>
  <nd ref="4080663583"/>
  <tag k="building" v="yes"/>
 </way>
 <way id="405934682" visible="true" version="1" changeset="38091565" timestamp="2016-03-26T22:44:48Z" user="freshcl" uid="1204536">
  <nd ref="4080663784"/>
  <nd ref="4080663792"/>
  <nd ref="4080663773"/>
  <nd ref="4080663765"/>
  <nd ref="4080663771"/>
  <nd ref="4080663763"/>
  <nd ref="4080663767"/>
  <nd ref="4080663774"/>
  <nd ref="4080663784"/>
  <tag k="building" v="yes"/>
 </way>
 <way id="405934684" visible="true" version="1" changeset="38091565" timestamp="2016-03-26T22:44:48Z" user="freshcl" uid="1204536">
  <nd ref="4080663538"/>
  <nd ref="4080663529"/>
  <nd ref="4080663522"/>
  <nd ref="4080663528"/>
  <nd ref="4080663538"/>
  <tag k="building" v="yes"/>
  <tag k="name" v="湯田温泉観光案内所"/>
 </way>
 <way id="405934685" visible="true" version="2" changeset="38307320" timestamp="2016-04-05T04:09:13Z" user="show1017" uid="3244669">
  <nd ref="4080663844"/>
  <nd ref="4080663837"/>
  <nd ref="4080663851"/>
  <nd ref="4080663841"/>
  <nd ref="4080663835"/>
  <nd ref="4080663832"/>
  <nd ref="4080663830"/>
  <nd ref="4080663833"/>
  <nd ref="4080663826"/>
  <nd ref="4080663838"/>
  <nd ref="4080663844"/>
  <tag k="building" v="hotel"/>
  <tag k="name" v="翠山荘"/>
  <tag k="tourism" v="hotel"/>
 </way>
 <way id="405934687" visible="true" version="2" changeset="180148595" timestamp="2026-03-20T09:12:12Z" user="Mozkun" uid="2651887">
  <nd ref="4080663814"/>
  <nd ref="4080663819"/>
  <nd ref="4080663815"/>
  <nd ref="4080663805"/>
  <nd ref="4080663804"/>
  <nd ref="4080663814"/>
  <tag k="amenity" v="bank"/>
  <tag k="branch" v="湯田支店"/>
  <tag k="building" v="yes"/>
  <tag k="name" v="萩山口信用金庫"/>
 </way>
 <way id="405934689" visible="true" version="2" changeset="38307338" timestamp="2016-04-05T04:11:19Z" user="show1017" uid="3244669">
  <nd ref="4080663778"/>
  <nd ref="4080663794"/>
  <nd ref="4080663777"/>
  <nd ref="4080663759"/>
  <nd ref="4080663769"/>
  <nd ref="4080663766"/>
  <nd ref="4080663778"/>
  <tag k="building" v="hotel"/>
  <tag k="name" v="西京旅館"/>
  <tag k="tourism" v="hotel"/>
 </way>
 <way id="407648419" visible="true" version="1" changeset="38282832" timestamp="2016-04-04T07:26:21Z" user="show1017" uid="3244669">
  <nd ref="4096816190"/>
  <nd ref="4096827789"/>
  <nd ref="4096816191"/>
  <nd ref="4096827590"/>
  <nd ref="4096816190"/>
  <tag k="building" v="yes"/>
 </way>
 <way id="467159513" visible="true" version="1" changeset="45294670" timestamp="2017-01-19T11:09:18Z" user="freshcl" uid="1204536">
  <nd ref="4618137077"/>
  <nd ref="4618137078"/>
  <nd ref="4618137079"/>
  <nd ref="4618137080"/>
  <nd ref="4618137081"/>
  <nd ref="4618137082"/>
  <nd ref="4618137083"/>
  <nd ref="4618137084"/>
  <nd ref="4618137077"/>
  <tag k="access" v="customers"/>
  <tag k="amenity" v="parking"/>
  <tag k="name" v="翠山荘"/>
  <tag k="surface" v="asphalt"/>
 </way>
 <way id="482571850" visible="true" version="2" changeset="180186891" timestamp="2026-03-21T05:22:37Z" user="Mozkun" uid="2651887">
  <nd ref="4753830579"/>
  <nd ref="4753830580"/>
  <nd ref="4753830581"/>
  <nd ref="4753830582"/>
  <nd ref="4753830579"/>
  <tag k="building" v="roof"/>
 </way>
 <way id="686001288" visible="true" version="2" changeset="71546808" timestamp="2019-06-24T04:30:08Z" user="hibagonsan" uid="5939709">
  <nd ref="6429599079"/>
  <nd ref="6429599078"/>
  <nd ref="6429599077"/>
  <nd ref="6429599076"/>
  <nd ref="6566937744"/>
  <nd ref="6566937743"/>
  <nd ref="6429599079"/>
  <tag k="building" v="yes"/>
  <tag k="source" v="GSImaps/ort"/>
 </way>
 <way id="688837017" visible="true" version="1" changeset="70062222" timestamp="2019-05-09T07:57:24Z" user="hibagonsan" uid="5939709">
  <nd ref="6461104002"/>
  <nd ref="6461104001"/>
  <nd ref="6461104000"/>
  <nd ref="6461103997"/>
  <nd ref="6461103998"/>
  <nd ref="6461103999"/>
  <nd ref="6461104002"/>
  <tag k="building" v="yes"/>
  <tag k="source" v="GSImaps/ort"/>
 </way>
 <way id="699308957" visible="true" version="1" changeset="71545367" timestamp="2019-06-24T03:05:49Z" user="hibagonsan" uid="5939709">
  <nd ref="6566853711"/>
  <nd ref="6566853710"/>
  <nd ref="6566853709"/>
  <nd ref="6566853708"/>
  <nd ref="6566853711"/>
  <tag k="building" v="yes"/>
  <tag k="source" v="GSImaps/ort"/>
 </way>
 <way id="699308959" visible="true" version="2" changeset="72114613" timestamp="2019-07-11T00:32:15Z" user="hibagonsan" uid="5939709">
  <nd ref="6566853719"/>
  <nd ref="6566853718"/>
  <nd ref="6566853717"/>
  <nd ref="6604100544"/>
  <nd ref="6566853716"/>
  <nd ref="6566853719"/>
  <tag k="building" v="yes"/>
  <tag k="source" v="GSImaps/ort"/>
 </way>
 <way id="699308971" visible="true" version="1" changeset="71545367" timestamp="2019-06-24T03:05:49Z" user="hibagonsan" uid="5939709">
  <nd ref="6566866986"/>
  <nd ref="6566853782"/>
  <nd ref="6566853779"/>
  <nd ref="6566853778"/>
  <nd ref="6566853781"/>
  <nd ref="6566853770"/>
  <nd ref="6566853769"/>
  <nd ref="6566853772"/>
  <nd ref="6566853771"/>
  <nd ref="6566853783"/>
  <nd ref="6566853773"/>
  <nd ref="6566853774"/>
  <nd ref="6566853775"/>
  <nd ref="6566853776"/>
  <nd ref="6566853784"/>
  <nd ref="6566853777"/>
  <nd ref="6566853780"/>
  <nd ref="6566866985"/>
  <nd ref="6566866986"/>
  <tag k="building" v="yes"/>
  <tag k="source" v="GSImaps/ort"/>
 </way>
 <way id="699308973" visible="true" version="1" changeset="71545367" timestamp="2019-06-24T03:05:49Z" user="hibagonsan" uid="5939709">
  <nd ref="6566866994"/>
  <nd ref="6566866991"/>
  <nd ref="6566866992"/>
  <nd ref="6566866993"/>
  <nd ref="6566866994"/>
  <tag k="building" v="yes"/>
  <tag k="source" v="GSImaps/ort"/>
 </way>
 <way id="699308974" visible="true" version="1" changeset="71545367" timestamp="2019-06-24T03:05:49Z" user="hibagonsan" uid="5939709">
  <nd ref="6566866998"/>
  <nd ref="6566866995"/>
  <nd ref="6566866996"/>
  <nd ref="6566866997"/>
  <nd ref="6566866998"/>
  <tag k="building" v="yes"/>
  <tag k="source" v="GSImaps/ort"/>
 </way>
 <way id="699308975" visible="true" version="1" changeset="71545367" timestamp="2019-06-24T03:05:49Z" user="hibagonsan" uid="5939709">
  <nd ref="6566867002"/>
  <nd ref="6566866999"/>
  <nd ref="6566867000"/>
  <nd ref="6566867001"/>
  <nd ref="6566867002"/>
  <tag k="building" v="yes"/>
  <tag k="source" v="GSImaps/ort"/>
 </way>
 <way id="699308976" visible="true" version="1" changeset="71545367" timestamp="2019-06-24T03:05:49Z" user="hibagonsan" uid="5939709">
  <nd ref="6566867006"/>
  <nd ref="6566867003"/>
  <nd ref="6566867004"/>
  <nd ref="6566867005"/>
  <nd ref="6566867006"/>
  <tag k="building" v="yes"/>
  <tag k="source" v="GSImaps/ort"/>
 </way>
 <way id="699308977" visible="true" version="1" changeset="71545367" timestamp="2019-06-24T03:05:49Z" user="hibagonsan" uid="5939709">
  <nd ref="6566867010"/>
  <nd ref="6566867007"/>
  <nd ref="6566867008"/>
  <nd ref="6566867009"/>
  <nd ref="6566867010"/>
  <tag k="building" v="yes"/>
  <tag k="source" v="GSImaps/ort"/>
 </way>
 <way id="699308978" visible="true" version="1" changeset="71545367" timestamp="2019-06-24T03:05:49Z" user="hibagonsan" uid="5939709">
  <nd ref="6566867014"/>
  <nd ref="6566867011"/>
  <nd ref="6566867012"/>
  <nd ref="6566867013"/>
  <nd ref="6566867014"/>
  <tag k="building" v="yes"/>
  <tag k="source" v="GSImaps/ort"/>
 </way>
 <way id="699308979" visible="true" version="2" changeset="72121048" timestamp="2019-07-11T06:56:09Z" user="hibagonsan" uid="5939709">
  <nd ref="6566867018"/>
  <nd ref="6566867017"/>
  <nd ref="6566867016"/>
  <nd ref="6604488913"/>
  <nd ref="6604488912"/>
  <nd ref="6566867015"/>
  <nd ref="6566867018"/>
  <tag k="building" v="yes"/>
  <tag k="source" v="GSImaps/ort"/>
 </way>
 <way id="699308980" visible="true" version="1" changeset="71545367" timestamp="2019-06-24T03:05:49Z" user="hibagonsan" uid="5939709">
  <nd ref="6566867022"/>
  <nd ref="6566867021"/>
  <nd ref="6566867020"/>
  <nd ref="6566867019"/>
  <nd ref="6566867022"/>
  <tag k="building" v="yes"/>
  <tag k="source" v="GSImaps/ort"/>
 </way>
 <way id="699308981" visible="true" version="1" changeset="71545367" timestamp="2019-06-24T03:05:49Z" user="hibagonsan" uid="5939709">
  <nd ref="6566867026"/>
  <nd ref="6566867025"/>
  <nd ref="6566867024"/>
  <nd ref="6566867023"/>
  <nd ref="6566867026"/>
  <tag k="building" v="yes"/>
  <tag k="source" v="GSImaps/ort"/>
 </way>
 <way id="699308982" visible="true" version="1" changeset="71545367" timestamp="2019-06-24T03:05:49Z" user="hibagonsan" uid="5939709">
  <nd ref="6566867032"/>
  <nd ref="6566867029"/>
  <nd ref="6566867028"/>
  <nd ref="6566867027"/>
  <nd ref="6566867030"/>
  <nd ref="6566867031"/>
  <nd ref="6566867032"/>
  <tag k="building" v="yes"/>
  <tag k="source" v="GSImaps/ort"/>
 </way>
 <way id="699308983" visible="true" version="1" changeset="71545367" timestamp="2019-06-24T03:05:49Z" user="hibagonsan" uid="5939709">
  <nd ref="6566867038"/>
  <nd ref="6566867035"/>
  <nd ref="6566867034"/>
  <nd ref="6566867033"/>
  <nd ref="6566867036"/>
  <nd ref="6566867037"/>
  <nd ref="6566867038"/>
  <tag k="building" v="yes"/>
  <tag k="source" v="GSImaps/ort"/>
 </way>
 <way id="699308984" visible="true" version="1" changeset="71545367" timestamp="2019-06-24T03:05:49Z" user="hibagonsan" uid="5939709">
  <nd ref="6566867042"/>
  <nd ref="6566867041"/>
  <nd ref="6566867040"/>
  <nd ref="6566867039"/>
  <nd ref="6566867042"/>
  <tag k="building" v="yes"/>
  <tag k="source" v="GSImaps/ort"/>
 </way>
 <way id="699308985" visible="true" version="1" changeset="71545367" timestamp="2019-06-24T03:05:49Z" user="hibagonsan" uid="5939709">
  <nd ref="6566867050"/>
  <nd ref="6566867049"/>
  <nd ref="6566867048"/>
  <nd ref="6566867046"/>
  <nd ref="6566867045"/>
  <nd ref="6566867043"/>
  <nd ref="6566867044"/>
  <nd ref="6566867047"/>
  <nd ref="6566867050"/>
  <tag k="building" v="yes"/>
  <tag k="source" v="GSImaps/ort"/>
 </way>
 <way id="699308997" visible="true" version="1" changeset="71545367" timestamp="2019-06-24T03:05:49Z" user="hibagonsan" uid="5939709">
  <nd ref="6566867098"/>
  <nd ref="6566867095"/>
  <nd ref="6566867096"/>
  <nd ref="6566867097"/>
  <nd ref="6566867098"/>
  <tag k="building" v="yes"/>
  <tag k="source" v="GSImaps/ort"/>
 </way>
 <way id="699308998" visible="true" version="1" changeset="71545367" timestamp="2019-06-24T03:05:49Z" user="hibagonsan" uid="5939709">
  <nd ref="6566867102"/>
  <nd ref="6566867099"/>
  <nd ref="6566867100"/>
  <nd ref="6566867101"/>
  <nd ref="6566867102"/>
  <tag k="building" v="yes"/>
  <tag k="source" v="GSImaps/ort"/>
 </way>
 <way id="699308999" visible="true" version="1" changeset="71545367" timestamp="2019-06-24T03:05:49Z" user="hibagonsan" uid="5939709">
  <nd ref="6566867106"/>
  <nd ref="6566867103"/>
  <nd ref="6566867104"/>
  <nd ref="6566867105"/>
  <nd ref="6566867106"/>
  <tag k="building" v="yes"/>
  <tag k="source" v="GSImaps/ort"/>
 </way>
 <way id="699309001" visible="true" version="1" changeset="71545367" timestamp="2019-06-24T03:05:49Z" user="hibagonsan" uid="5939709">
  <nd ref="6566867114"/>
  <nd ref="6566867111"/>
  <nd ref="6566867112"/>
  <nd ref="6566867113"/>
  <nd ref="6566867114"/>
  <tag k="building" v="yes"/>
  <tag k="source" v="GSImaps/ort"/>
 </way>
 <way id="699309002" visible="true" version="1" changeset="71545367" timestamp="2019-06-24T03:05:49Z" user="hibagonsan" uid="5939709">
  <nd ref="6566867118"/>
  <nd ref="6566867115"/>
  <nd ref="6566867116"/>
  <nd ref="6566867117"/>
  <nd ref="6566867118"/>
  <tag k="building" v="yes"/>
  <tag k="source" v="GSImaps/ort"/>
 </way>
 <way id="699309003" visible="true" version="1" changeset="71545367" timestamp="2019-06-24T03:05:49Z" user="hibagonsan" uid="5939709">
  <nd ref="6566867122"/>
  <nd ref="6566867121"/>
  <nd ref="6566867120"/>
  <nd ref="6566867119"/>
  <nd ref="6566867122"/>
  <tag k="building" v="yes"/>
  <tag k="source" v="GSImaps/ort"/>
 </way>
 <way id="699309004" visible="true" version="1" changeset="71545367" timestamp="2019-06-24T03:05:49Z" user="hibagonsan" uid="5939709">
  <nd ref="6566867126"/>
  <nd ref="6566867123"/>
  <nd ref="6566867124"/>
  <nd ref="6566867125"/>
  <nd ref="6566867126"/>
  <tag k="building" v="yes"/>
  <tag k="source" v="GSImaps/ort"/>
 </way>
 <way id="699309005" visible="true" version="1" changeset="71545367" timestamp="2019-06-24T03:05:49Z" user="hibagonsan" uid="5939709">
  <nd ref="6566867130"/>
  <nd ref="6566867127"/>
  <nd ref="6566867128"/>
  <nd ref="6566867129"/>
  <nd ref="6566867130"/>
  <tag k="building" v="yes"/>
  <tag k="source" v="GSImaps/ort"/>
 </way>
 <way id="699309006" visible="true" version="1" changeset="71545367" timestamp="2019-06-24T03:05:49Z" user="hibagonsan" uid="5939709">
  <nd ref="6566867134"/>
  <nd ref="6566867133"/>
  <nd ref="6566867132"/>
  <nd ref="6566867131"/>
  <nd ref="6566867134"/>
  <tag k="building" v="yes"/>
  <tag k="source" v="GSImaps/ort"/>
 </way>
 <way id="699309007" visible="true" version="1" changeset="71545367" timestamp="2019-06-24T03:05:49Z" user="hibagonsan" uid="5939709">
  <nd ref="6566867138"/>
  <nd ref="6566867135"/>
  <nd ref="6566867136"/>
  <nd ref="6566867137"/>
  <nd ref="6566867138"/>
  <tag k="building" v="yes"/>
  <tag k="source" v="GSImaps/ort"/>
 </way>
 <way id="699309030" visible="true" version="1" changeset="71545367" timestamp="2019-06-24T03:05:49Z" user="hibagonsan" uid="5939709">
  <nd ref="6566867236"/>
  <nd ref="6566867235"/>
  <nd ref="6566867234"/>
  <nd ref="6566867232"/>
  <nd ref="6566867231"/>
  <nd ref="6566867233"/>
  <nd ref="6566867236"/>
  <tag k="building" v="yes"/>
  <tag k="source" v="GSImaps/ort"/>
 </way>
 <way id="699316785" visible="true" version="1" changeset="71546808" timestamp="2019-06-24T04:30:08Z" user="hibagonsan" uid="5939709">
  <nd ref="6566937702"/>
  <nd ref="6566937699"/>
  <nd ref="6566937700"/>
  <nd ref="6566937701"/>
  <nd ref="6566937702"/>
  <tag k="building" v="yes"/>
  <tag k="source" v="GSImaps/ort"/>
 </way>
 <way id="699316791" visible="true" version="1" changeset="71546808" timestamp="2019-06-24T04:30:08Z" user="hibagonsan" uid="5939709">
  <nd ref="6566937726"/>
  <nd ref="6566937725"/>
  <nd ref="6566937724"/>
  <nd ref="6566937723"/>
  <nd ref="6566937726"/>
  <tag k="building" v="yes"/>
  <tag k="source" v="GSImaps/ort"/>
 </way>
 <way id="699316793" visible="true" version="1" changeset="71546808" timestamp="2019-06-24T04:30:08Z" user="hibagonsan" uid="5939709">
  <nd ref="6566937742"/>
  <nd ref="6566937739"/>
  <nd ref="6566937734"/>
  <nd ref="6566937735"/>
  <nd ref="6566937736"/>
  <nd ref="6566937733"/>
  <nd ref="6566937732"/>
  <nd ref="6566937737"/>
  <nd ref="6566937738"/>
  <nd ref="6566937731"/>
  <nd ref="6566937740"/>
  <nd ref="6566937741"/>
  <nd ref="6566937742"/>
  <tag k="building" v="yes"/>
  <tag k="source" v="GSImaps/ort"/>
 </way>
 <way id="699316794" visible="true" version="1" changeset="71546808" timestamp="2019-06-24T04:30:08Z" user="hibagonsan" uid="5939709">
  <nd ref="6566937748"/>
  <nd ref="6566937745"/>
  <nd ref="6566937746"/>
  <nd ref="6566937747"/>
  <nd ref="6566937748"/>
  <tag k="building" v="yes"/>
  <tag k="source" v="GSImaps/ort"/>
 </way>
 <way id="699316795" visible="true" version="1" changeset="71546808" timestamp="2019-06-24T04:30:08Z" user="hibagonsan" uid="5939709">
  <nd ref="6566937754"/>
  <nd ref="6566937753"/>
  <nd ref="6566937752"/>
  <nd ref="6566937749"/>
  <nd ref="6566937750"/>
  <nd ref="6566937751"/>
  <nd ref="6566937754"/>
  <tag k="building" v="yes"/>
  <tag k="source" v="GSImaps/ort"/>
 </way>
 <way id="699316796" visible="true" version="1" changeset="71546808" timestamp="2019-06-24T04:30:08Z" user="hibagonsan" uid="5939709">
  <nd ref="6566937762"/>
  <nd ref="6566937758"/>
  <nd ref="6566937755"/>
  <nd ref="6566937761"/>
  <nd ref="6566937760"/>
  <nd ref="6566937756"/>
  <nd ref="6566937757"/>
  <nd ref="6566937759"/>
  <nd ref="6566937762"/>
  <tag k="building" v="yes"/>
  <tag k="source" v="GSImaps/ort"/>
 </way>
 <way id="699316797" visible="true" version="1" changeset="71546808" timestamp="2019-06-24T04:30:08Z" user="hibagonsan" uid="5939709">
  <nd ref="6566937766"/>
  <nd ref="6566937763"/>
  <nd ref="6566937764"/>
  <nd ref="6566937765"/>
  <nd ref="6566937766"/>
  <tag k="building" v="yes"/>
  <tag k="source" v="GSImaps/ort"/>
 </way>
 <way id="699316798" visible="true" version="1" changeset="71546808" timestamp="2019-06-24T04:30:08Z" user="hibagonsan" uid="5939709">
  <nd ref="6566937772"/>
  <nd ref="6566937769"/>
  <nd ref="6566937767"/>
  <nd ref="6566937768"/>
  <nd ref="6566937770"/>
  <nd ref="6566937771"/>
  <nd ref="6566937772"/>
  <tag k="building" v="yes"/>
  <tag k="source" v="GSImaps/ort"/>
 </way>
 <way id="699316822" visible="true" version="2" changeset="72077392" timestamp="2019-07-10T04:44:02Z" user="hibagonsan" uid="5939709">
  <nd ref="6566956494"/>
  <nd ref="6566956492"/>
  <nd ref="6566956491"/>
  <nd ref="6601756920"/>
  <nd ref="6566956497"/>
  <nd ref="6566956496"/>
  <nd ref="6601756919"/>
  <nd ref="6566956495"/>
  <nd ref="6566956499"/>
  <nd ref="6566956498"/>
  <nd ref="6566956493"/>
  <nd ref="6566956494"/>
  <tag k="building" v="yes"/>
  <tag k="source" v="GSImaps/ort"/>
 </way>
 <way id="699316823" visible="true" version="1" changeset="71546808" timestamp="2019-06-24T04:30:08Z" user="hibagonsan" uid="5939709">
  <nd ref="6566956503"/>
  <nd ref="6566956500"/>
  <nd ref="6566956501"/>
  <nd ref="6566956502"/>
  <nd ref="6566956503"/>
  <tag k="building" v="yes"/>
  <tag k="source" v="GSImaps/ort"/>
 </way>
 <way id="699316824" visible="true" version="1" changeset="71546808" timestamp="2019-06-24T04:30:08Z" user="hibagonsan" uid="5939709">
  <nd ref="6566956507"/>
  <nd ref="6566956506"/>
  <nd ref="6566956505"/>
  <nd ref="6566956504"/>
  <nd ref="6566956507"/>
  <tag k="building" v="yes"/>
  <tag k="source" v="GSImaps/ort"/>
 </way>
 <way id="699316825" visible="true" version="1" changeset="71546808" timestamp="2019-06-24T04:30:08Z" user="hibagonsan" uid="5939709">
  <nd ref="6566956511"/>
  <nd ref="6566956510"/>
  <nd ref="6566956509"/>
  <nd ref="6566956508"/>
  <nd ref="6566956511"/>
  <tag k="building" v="yes"/>
  <tag k="source" v="GSImaps/ort"/>
 </way>
 <way id="699316826" visible="true" version="2" changeset="185896843" timestamp="2026-07-17T10:29:07Z" user="MiachMihie" uid="24308200">
  <nd ref="6566956523"/>
  <nd ref="6566956520"/>
  <nd ref="6566956519"/>
  <nd ref="6566956513"/>
  <nd ref="6566956512"/>
  <nd ref="6566956514"/>
  <nd ref="6566956521"/>
  <nd ref="6566956522"/>
  <nd ref="6601756829"/>
  <nd ref="6601756826"/>
  <nd ref="6566956523"/>
  <tag k="building" v="yes"/>
  <tag k="layer" v="1"/>
  <tag k="source" v="GSImaps/ort"/>
 </way>
 <way id="699316827" visible="true" version="1" changeset="71546808" timestamp="2019-06-24T04:30:08Z" user="hibagonsan" uid="5939709">
  <nd ref="6566956525"/>
  <nd ref="6566956531"/>
  <nd ref="6566956530"/>
  <nd ref="6566956529"/>
  <nd ref="6566956524"/>
  <nd ref="6566956527"/>
  <nd ref="6566956528"/>
  <nd ref="6566956526"/>
  <nd ref="6566956525"/>
  <tag k="building" v="yes"/>
  <tag k="source" v="GSImaps/ort"/>
 </way>
 <way id="699316828" visible="true" version="1" changeset="71546808" timestamp="2019-06-24T04:30:08Z" user="hibagonsan" uid="5939709">
  <nd ref="6566956535"/>
  <nd ref="6566956532"/>
  <nd ref="6566956533"/>
  <nd ref="6566956534"/>
  <nd ref="6566956535"/>
  <tag k="building" v="yes"/>
  <tag k="source" v="GSImaps/ort"/>
 </way>
 <way id="699316829" visible="true" version="1" changeset="71546808" timestamp="2019-06-24T04:30:08Z" user="hibagonsan" uid="5939709">
  <nd ref="6566956539"/>
  <nd ref="6566956536"/>
  <nd ref="6566956537"/>
  <nd ref="6566956538"/>
  <nd ref="6566956539"/>
  <tag k="building" v="yes"/>
  <tag k="source" v="GSImaps/ort"/>
 </way>
 <way id="699316830" visible="true" version="1" changeset="71546808" timestamp="2019-06-24T04:30:08Z" user="hibagonsan" uid="5939709">
  <nd ref="6566956543"/>
  <nd ref="6566956542"/>
  <nd ref="6566956541"/>
  <nd ref="6566956540"/>
  <nd ref="6566956543"/>
  <tag k="building" v="yes"/>
  <tag k="source" v="GSImaps/ort"/>
 </way>
 <way id="699316831" visible="true" version="1" changeset="71546808" timestamp="2019-06-24T04:30:08Z" user="hibagonsan" uid="5939709">
  <nd ref="6566956547"/>
  <nd ref="6566956544"/>
  <nd ref="6566956545"/>
  <nd ref="6566956546"/>
  <nd ref="6566956547"/>
  <tag k="building" v="yes"/>
  <tag k="source" v="GSImaps/ort"/>
 </way>
 <way id="699316832" visible="true" version="1" changeset="71546808" timestamp="2019-06-24T04:30:08Z" user="hibagonsan" uid="5939709">
  <nd ref="6566956553"/>
  <nd ref="6566956550"/>
  <nd ref="6566956551"/>
  <nd ref="6566956552"/>
  <nd ref="6566956553"/>
  <tag k="building" v="yes"/>
  <tag k="source" v="GSImaps/ort"/>
 </way>
 <way id="699316833" visible="true" version="1" changeset="71546808" timestamp="2019-06-24T04:30:08Z" user="hibagonsan" uid="5939709">
  <nd ref="6566956557"/>
  <nd ref="6566956556"/>
  <nd ref="6566956555"/>
  <nd ref="6566956554"/>
  <nd ref="6566956557"/>
  <tag k="building" v="yes"/>
  <tag k="source" v="GSImaps/ort"/>
 </way>
 <way id="699316834" visible="true" version="1" changeset="71546808" timestamp="2019-06-24T04:30:08Z" user="hibagonsan" uid="5939709">
  <nd ref="6566956561"/>
  <nd ref="6566956560"/>
  <nd ref="6566956559"/>
  <nd ref="6566956558"/>
  <nd ref="6566956561"/>
  <tag k="building" v="yes"/>
  <tag k="source" v="GSImaps/ort"/>
 </way>
 <way id="699316835" visible="true" version="1" changeset="71546808" timestamp="2019-06-24T04:30:08Z" user="hibagonsan" uid="5939709">
  <nd ref="6566956563"/>
  <nd ref="6566956568"/>
  <nd ref="6566956575"/>
  <nd ref="6566956576"/>
  <nd ref="6566956565"/>
  <nd ref="6566956574"/>
  <nd ref="6566956573"/>
  <nd ref="6566956572"/>
  <nd ref="6566956564"/>
  <nd ref="6566956569"/>
  <nd ref="6566956562"/>
  <nd ref="6566956570"/>
  <nd ref="6566956567"/>
  <nd ref="6566956582"/>
  <nd ref="6566956581"/>
  <nd ref="6566956580"/>
  <nd ref="6566956566"/>
  <nd ref="6566956571"/>
  <nd ref="6566956577"/>
  <nd ref="6566956578"/>
  <nd ref="6566956579"/>
  <nd ref="6566956563"/>
  <tag k="building" v="yes"/>
  <tag k="source" v="GSImaps/ort"/>
 </way>
 <way id="699316836" visible="true" version="1" changeset="71546808" timestamp="2019-06-24T04:30:08Z" user="hibagonsan" uid="5939709">
  <nd ref="6566956586"/>
  <nd ref="6566956585"/>
  <nd ref="6566956584"/>
  <nd ref="6566956583"/>
  <nd ref="6566956586"/>
  <tag k="building" v="yes"/>
  <tag k="source" v="GSImaps/ort"/>
 </way>
 <way id="699316837" visible="true" version="1" changeset="71546808" timestamp="2019-06-24T04:30:08Z" user="hibagonsan" uid="5939709">
  <nd ref="6566956590"/>
  <nd ref="6566956589"/>
  <nd ref="6566956588"/>
  <nd ref="6566956587"/>
  <nd ref="6566956590"/>
  <tag k="building" v="yes"/>
  <tag k="source" v="GSImaps/ort"/>
 </way>
 <way id="699316838" visible="true" version="1" changeset="71546808" timestamp="2019-06-24T04:30:08Z" user="hibagonsan" uid="5939709">
  <nd ref="6566956594"/>
  <nd ref="6566956593"/>
  <nd ref="6566956592"/>
  <nd ref="6566956591"/>
  <nd ref="6566956594"/>
  <tag k="building" v="yes"/>
  <tag k="source" v="GSImaps/ort"/>
 </way>
 <way id="699316839" visible="true" version="1" changeset="71546808" timestamp="2019-06-24T04:30:08Z" user="hibagonsan" uid="5939709">
  <nd ref="6566956598"/>
  <nd ref="6566956597"/>
  <nd ref="6566956596"/>
  <nd ref="6566956595"/>
  <nd ref="6566956598"/>
  <tag k="building" v="yes"/>
  <tag k="source" v="GSImaps/ort"/>
 </way>
 <way id="699316840" visible="true" version="1" changeset="71546808" timestamp="2019-06-24T04:30:08Z" user="hibagonsan" uid="5939709">
  <nd ref="6566956602"/>
  <nd ref="6566956601"/>
  <nd ref="6566956600"/>
  <nd ref="6566956599"/>
  <nd ref="6566956602"/>
  <tag k="building" v="yes"/>
  <tag k="source" v="GSImaps/ort"/>
 </way>
 <way id="699316841" visible="true" version="1" changeset="71546808" timestamp="2019-06-24T04:30:08Z" user="hibagonsan" uid="5939709">
  <nd ref="6566956606"/>
  <nd ref="6566956605"/>
  <nd ref="6566956604"/>
  <nd ref="6566956603"/>
  <nd ref="6566956606"/>
  <tag k="building" v="yes"/>
  <tag k="source" v="GSImaps/ort"/>
 </way>
 <way id="699316842" visible="true" version="1" changeset="71546808" timestamp="2019-06-24T04:30:08Z" user="hibagonsan" uid="5939709">
  <nd ref="6566956610"/>
  <nd ref="6566956607"/>
  <nd ref="6566956608"/>
  <nd ref="6566956609"/>
  <nd ref="6566956610"/>
  <tag k="building" v="yes"/>
  <tag k="source" v="GSImaps/ort"/>
 </way>
 <way id="699316843" visible="true" version="1" changeset="71546808" timestamp="2019-06-24T04:30:08Z" user="hibagonsan" uid="5939709">
  <nd ref="6566956614"/>
  <nd ref="6566956613"/>
  <nd ref="6566956612"/>
  <nd ref="6566956611"/>
  <nd ref="6566956614"/>
  <tag k="building" v="yes"/>
  <tag k="source" v="GSImaps/ort"/>
 </way>
 <way id="699316844" visible="true" version="1" changeset="71546808" timestamp="2019-06-24T04:30:08Z" user="hibagonsan" uid="5939709">
  <nd ref="6566956618"/>
  <nd ref="6566956617"/>
  <nd ref="6566956616"/>
  <nd ref="6566956615"/>
  <nd ref="6566956618"/>
  <tag k="building" v="yes"/>
  <tag k="source" v="GSImaps/ort"/>
 </way>
 <way id="699316845" visible="true" version="1" changeset="71546808" timestamp="2019-06-24T04:30:08Z" user="hibagonsan" uid="5939709">
  <nd ref="6566956622"/>
  <nd ref="6566956621"/>
  <nd ref="6566956620"/>
  <nd ref="6566956619"/>
  <nd ref="6566956622"/>
  <tag k="building" v="yes"/>
  <tag k="source" v="GSImaps/ort"/>
 </way>
 <way id="699316846" visible="true" version="1" changeset="71546808" timestamp="2019-06-24T04:30:08Z" user="hibagonsan" uid="5939709">
  <nd ref="6566956626"/>
  <nd ref="6566956625"/>
  <nd ref="6566956624"/>
  <nd ref="6566956623"/>
  <nd ref="6566956626"/>
  <tag k="building" v="yes"/>
  <tag k="source" v="GSImaps/ort"/>
 </way>
 <way id="699316847" visible="true" version="1" changeset="71546808" timestamp="2019-06-24T04:30:08Z" user="hibagonsan" uid="5939709">
  <nd ref="6566956630"/>
  <nd ref="6566956629"/>
  <nd ref="6566956628"/>
  <nd ref="6566956627"/>
  <nd ref="6566956630"/>
  <tag k="building" v="yes"/>
  <tag k="source" v="GSImaps/ort"/>
 </way>
 <way id="699316848" visible="true" version="1" changeset="71546808" timestamp="2019-06-24T04:30:08Z" user="hibagonsan" uid="5939709">
  <nd ref="6566956634"/>
  <nd ref="6566956633"/>
  <nd ref="6566956632"/>
  <nd ref="6566956631"/>
  <nd ref="6566956634"/>
  <tag k="building" v="yes"/>
  <tag k="source" v="GSImaps/ort"/>
 </way>
 <way id="699316849" visible="true" version="1" changeset="71546808" timestamp="2019-06-24T04:30:08Z" user="hibagonsan" uid="5939709">
  <nd ref="6566956638"/>
  <nd ref="6566956637"/>
  <nd ref="6566956636"/>
  <nd ref="6566956635"/>
  <nd ref="6566956638"/>
  <tag k="building" v="yes"/>
  <tag k="source" v="GSImaps/ort"/>
 </way>
 <way id="699316850" visible="true" version="1" changeset="71546808" timestamp="2019-06-24T04:30:08Z" user="hibagonsan" uid="5939709">
  <nd ref="6566956642"/>
  <nd ref="6566956639"/>
  <nd ref="6566956640"/>
  <nd ref="6566956641"/>
  <nd ref="6566956642"/>
  <tag k="building" v="yes"/>
  <tag k="source" v="GSImaps/ort"/>
 </way>
 <way id="699316851" visible="true" version="1" changeset="71546808" timestamp="2019-06-24T04:30:08Z" user="hibagonsan" uid="5939709">
  <nd ref="3223114302"/>
  <nd ref="6566956645"/>
  <nd ref="6566956644"/>
  <nd ref="6566956643"/>
  <tag k="highway" v="residential"/>
  <tag k="noname" v="yes"/>
  <tag k="source" v="GSImaps/ort"/>
 </way>
 <way id="699316855" visible="true" version="1" changeset="71546808" timestamp="2019-06-24T04:30:08Z" user="hibagonsan" uid="5939709">
  <nd ref="6566956665"/>
  <nd ref="6566956662"/>
  <nd ref="6566956663"/>
  <nd ref="6566956664"/>
  <nd ref="6566956665"/>
  <tag k="building" v="yes"/>
  <tag k="source" v="GSImaps/ort"/>
 </way>
 <way id="699317767" visible="true" version="1" changeset="71547048" timestamp="2019-06-24T04:42:17Z" user="hibagonsan" uid="5939709">
  <nd ref="6566939859"/>
  <nd ref="6566939856"/>
  <nd ref="6566939857"/>
  <nd ref="6566939858"/>
  <nd ref="6566939859"/>
  <tag k="building" v="yes"/>
  <tag k="source" v="GSImaps/ort"/>
 </way>
 <way id="699317768" visible="true" version="1" changeset="71547048" timestamp="2019-06-24T04:42:17Z" user="hibagonsan" uid="5939709">
  <nd ref="6566939863"/>
  <nd ref="6566939860"/>
  <nd ref="6566939861"/>
  <nd ref="6566939862"/>
  <nd ref="6566939863"/>
  <tag k="building" v="yes"/>
  <tag k="source" v="GSImaps/ort"/>
 </way>
 <way id="699317769" visible="true" version="1" changeset="71547048" timestamp="2019-06-24T04:42:17Z" user="hibagonsan" uid="5939709">
  <nd ref="6566939867"/>
  <nd ref="6566939864"/>
  <nd ref="6566939865"/>
  <nd ref="6566939866"/>
  <nd ref="6566939867"/>
  <tag k="building" v="yes"/>
  <tag k="source" v="GSImaps/ort"/>
 </way>
 <way id="699317770" visible="true" version="1" changeset="71547048" timestamp="2019-06-24T04:42:17Z" user="hibagonsan" uid="5939709">
  <nd ref="6566939871"/>
  <nd ref="6566939868"/>
  <nd ref="6566939869"/>
  <nd ref="6566939870"/>
  <nd ref="6566939871"/>
  <tag k="building" v="yes"/>
  <tag k="source" v="GSImaps/ort"/>
 </way>
 <way id="699317771" visible="true" version="2" changeset="72114613" timestamp="2019-07-11T00:32:15Z" user="hibagonsan" uid="5939709">
  <nd ref="6566939875"/>
  <nd ref="6566939872"/>
  <nd ref="6604100526"/>
  <nd ref="6604100527"/>
  <nd ref="6566939873"/>
  <nd ref="6566939874"/>
  <nd ref="6566939875"/>
  <tag k="building" v="yes"/>
  <tag k="source" v="GSImaps/ort"/>
 </way>
 <way id="699317772" visible="true" version="1" changeset="71547048" timestamp="2019-06-24T04:42:17Z" user="hibagonsan" uid="5939709">
  <nd ref="6566939879"/>
  <nd ref="6566939876"/>
  <nd ref="6566939877"/>
  <nd ref="6566939878"/>
  <nd ref="6566939879"/>
  <tag k="building" v="yes"/>
  <tag k="source" v="GSImaps/ort"/>
 </way>
 <way id="699317773" visible="true" version="1" changeset="71547048" timestamp="2019-06-24T04:42:17Z" user="hibagonsan" uid="5939709">
  <nd ref="6566939883"/>
  <nd ref="6566939880"/>
  <nd ref="6566939881"/>
  <nd ref="6566939882"/>
  <nd ref="6566939883"/>
  <tag k="building" v="yes"/>
  <tag k="source" v="GSImaps/ort"/>
 </way>
 <way id="699317774" visible="true" version="1" changeset="71547048" timestamp="2019-06-24T04:42:17Z" user="hibagonsan" uid="5939709">
  <nd ref="6566969087"/>
  <nd ref="6566969086"/>
  <nd ref="6566969085"/>
  <nd ref="6566939884"/>
  <nd ref="6566969087"/>
  <tag k="building" v="yes"/>
  <tag k="source" v="GSImaps/ort"/>
 </way>
 <way id="699317775" visible="true" version="1" changeset="71547048" timestamp="2019-06-24T04:42:17Z" user="hibagonsan" uid="5939709">
  <nd ref="6566969092"/>
  <nd ref="6566969091"/>
  <nd ref="6566969090"/>
  <nd ref="6566969088"/>
  <nd ref="6566969089"/>
  <nd ref="6566969092"/>
  <tag k="building" v="yes"/>
  <tag k="source" v="GSImaps/ort"/>
 </way>
 <way id="699317776" visible="true" version="1" changeset="71547048" timestamp="2019-06-24T04:42:17Z" user="hibagonsan" uid="5939709">
  <nd ref="6566969096"/>
  <nd ref="6566969095"/>
  <nd ref="6566969094"/>
  <nd ref="6566969093"/>
  <nd ref="6566969096"/>
  <tag k="building" v="yes"/>
  <tag k="source" v="GSImaps/ort"/>
 </way>
 <way id="699317777" visible="true" version="1" changeset="71547048" timestamp="2019-06-24T04:42:17Z" user="hibagonsan" uid="5939709">
  <nd ref="6566969100"/>
  <nd ref="6566969099"/>
  <nd ref="6566969098"/>
  <nd ref="6566969097"/>
  <nd ref="6566969100"/>
  <tag k="building" v="yes"/>
  <tag k="source" v="GSImaps/ort"/>
 </way>
 <way id="699317778" visible="true" version="1" changeset="71547048" timestamp="2019-06-24T04:42:17Z" user="hibagonsan" uid="5939709">
  <nd ref="6566969104"/>
  <nd ref="6566969101"/>
  <nd ref="6566969102"/>
  <nd ref="6566969103"/>
  <nd ref="6566969104"/>
  <tag k="building" v="yes"/>
  <tag k="source" v="GSImaps/ort"/>
 </way>
 <way id="699317779" visible="true" version="1" changeset="71547048" timestamp="2019-06-24T04:42:17Z" user="hibagonsan" uid="5939709">
  <nd ref="6566969108"/>
  <nd ref="6566969107"/>
  <nd ref="6566969106"/>
  <nd ref="6566969105"/>
  <nd ref="6566969108"/>
  <tag k="building" v="yes"/>
  <tag k="source" v="GSImaps/ort"/>
 </way>
 <way id="701233447" visible="true" version="1" changeset="71845577" timestamp="2019-07-03T06:00:04Z" user="hibagonsan" uid="5939709">
  <nd ref="6585734062"/>
  <nd ref="6585734059"/>
  <nd ref="6585734060"/>
  <nd ref="6585734061"/>
  <nd ref="6585734062"/>
  <tag k="building" v="yes"/>
  <tag k="source" v="GSImaps/ort"/>
 </way>
 <way id="701233448" visible="true" version="1" changeset="71845577" timestamp="2019-07-03T06:00:04Z" user="hibagonsan" uid="5939709">
  <nd ref="6585734070"/>
  <nd ref="6585734069"/>
  <nd ref="6585734068"/>
  <nd ref="6585734065"/>
  <nd ref="6585734064"/>
  <nd ref="6585734063"/>
  <nd ref="6585734066"/>
  <nd ref="6585734067"/>
  <nd ref="6585734070"/>
  <tag k="building" v="yes"/>
  <tag k="source" v="GSImaps/ort"/>
 </way>
 <way id="701233449" visible="true" version="1" changeset="71845577" timestamp="2019-07-03T06:00:04Z" user="hibagonsan" uid="5939709">
  <nd ref="6585734074"/>
  <nd ref="6585734071"/>
  <nd ref="6585734072"/>
  <nd ref="6585734073"/>
  <nd ref="6585734074"/>
  <tag k="building" v="yes"/>
  <tag k="source" v="GSImaps/ort"/>
 </way>
 <way id="701233450" visible="true" version="1" changeset="71845577" timestamp="2019-07-03T06:00:04Z" user="hibagonsan" uid="5939709">
  <nd ref="6585734078"/>
  <nd ref="6585734077"/>
  <nd ref="6585734076"/>
  <nd ref="6585734075"/>
  <nd ref="6585734078"/>
  <tag k="building" v="yes"/>
  <tag k="source" v="GSImaps/ort"/>
 </way>
 <way id="701233451" visible="true" version="1" changeset="71845577" timestamp="2019-07-03T06:00:04Z" user="hibagonsan" uid="5939709">
  <nd ref="6585734082"/>
  <nd ref="6585734079"/>
  <nd ref="6585734080"/>
  <nd ref="6585734081"/>
  <nd ref="6585734082"/>
  <tag k="building" v="yes"/>
  <tag k="source" v="GSImaps/ort"/>
 </way>
 <way id="701236479" visible="true" version="1" changeset="71845946" timestamp="2019-07-03T06:20:46Z" user="hibagonsan" uid="5939709">
  <nd ref="6585776164"/>
  <nd ref="6585776163"/>
  <nd ref="6585776162"/>
  <nd ref="6585776161"/>
  <nd ref="6585776159"/>
  <nd ref="6585776160"/>
  <nd ref="6585776164"/>
  <tag k="building" v="yes"/>
  <tag k="source" v="GSImaps/ort"/>
 </way>
 <way id="701243528" visible="true" version="1" changeset="71847082" timestamp="2019-07-03T07:10:05Z" user="hibagonsan" uid="5939709">
  <nd ref="6585830256"/>
  <nd ref="6585830255"/>
  <nd ref="6585830254"/>
  <nd ref="6585830253"/>
  <nd ref="6585830256"/>
  <tag k="building" v="yes"/>
  <tag k="source" v="GSImaps/ort"/>
 </way>
 <way id="701243532" visible="true" version="1" changeset="71847082" timestamp="2019-07-03T07:10:05Z" user="hibagonsan" uid="5939709">
  <nd ref="6585830274"/>
  <nd ref="6585830271"/>
  <nd ref="6585830272"/>
  <nd ref="6585830273"/>
  <nd ref="6585830274"/>
  <tag k="building" v="yes"/>
  <tag k="source" v="GSImaps/ort"/>
 </way>
 <way id="701243533" visible="true" version="1" changeset="71847082" timestamp="2019-07-03T07:10:05Z" user="hibagonsan" uid="5939709">
  <nd ref="6585830278"/>
  <nd ref="6585830275"/>
  <nd ref="6585830276"/>
  <nd ref="6585830277"/>
  <nd ref="6585830278"/>
  <tag k="building" v="yes"/>
  <tag k="source" v="GSImaps/ort"/>
 </way>
 <way id="701243534" visible="true" version="1" changeset="71847082" timestamp="2019-07-03T07:10:05Z" user="hibagonsan" uid="5939709">
  <nd ref="6585830282"/>
  <nd ref="6585830281"/>
  <nd ref="6585830280"/>
  <nd ref="6585830269"/>
  <nd ref="6585830270"/>
  <nd ref="6585830279"/>
  <nd ref="6585830282"/>
  <tag k="building" v="yes"/>
  <tag k="source" v="GSImaps/ort"/>
 </way>
 <way id="701243535" visible="true" version="1" changeset="71847082" timestamp="2019-07-03T07:10:05Z" user="hibagonsan" uid="5939709">
  <nd ref="6585848786"/>
  <nd ref="6585830283"/>
  <nd ref="6585830284"/>
  <nd ref="6585848785"/>
  <nd ref="6585848786"/>
  <tag k="building" v="yes"/>
  <tag k="source" v="GSImaps/ort"/>
 </way>
 <way id="702967416" visible="true" version="1" changeset="72077392" timestamp="2019-07-10T04:44:02Z" user="hibagonsan" uid="5939709">
  <nd ref="6601756795"/>
  <nd ref="6601756794"/>
  <nd ref="6601756793"/>
  <nd ref="6601756790"/>
  <nd ref="6601756791"/>
  <nd ref="6601756792"/>
  <nd ref="6601756795"/>
  <tag k="building" v="yes"/>
  <tag k="source" v="GSImaps/ort"/>
 </way>
 <way id="702967417" visible="true" version="1" changeset="72077392" timestamp="2019-07-10T04:44:02Z" user="hibagonsan" uid="5939709">
  <nd ref="6601756803"/>
  <nd ref="6601756802"/>
  <nd ref="6601756801"/>
  <nd ref="6601756796"/>
  <nd ref="6601756798"/>
  <nd ref="6601756799"/>
  <nd ref="6601756797"/>
  <nd ref="6601756800"/>
  <nd ref="6601756803"/>
  <tag k="building" v="yes"/>
  <tag k="source" v="GSImaps/ort"/>
 </way>
 <way id="702967418" visible="true" version="1" changeset="72077392" timestamp="2019-07-10T04:44:02Z" user="hibagonsan" uid="5939709">
  <nd ref="6601756809"/>
  <nd ref="6601756808"/>
  <nd ref="6601756807"/>
  <nd ref="6601756804"/>
  <nd ref="6601756805"/>
  <nd ref="6601756806"/>
  <nd ref="6601756809"/>
  <tag k="building" v="yes"/>
  <tag k="source" v="GSImaps/ort"/>
 </way>
 <way id="702967420" visible="true" version="1" changeset="72077392" timestamp="2019-07-10T04:44:02Z" user="hibagonsan" uid="5939709">
  <nd ref="6601756817"/>
  <nd ref="6601756814"/>
  <nd ref="6601756815"/>
  <nd ref="6601756816"/>
  <nd ref="6601756817"/>
  <tag k="building" v="yes"/>
  <tag k="source" v="GSImaps/ort"/>
 </way>
 <way id="702967421" visible="true" version="1" changeset="72077392" timestamp="2019-07-10T04:44:02Z" user="hibagonsan" uid="5939709">
  <nd ref="6601756823"/>
  <nd ref="6601756820"/>
  <nd ref="6601756819"/>
  <nd ref="6601756818"/>
  <nd ref="6601756821"/>
  <nd ref="6601756822"/>
  <nd ref="6601756823"/>
  <tag k="building" v="yes"/>
  <tag k="source" v="GSImaps/ort"/>
 </way>
 <way id="702967422" visible="true" version="1" changeset="72077392" timestamp="2019-07-10T04:44:02Z" user="hibagonsan" uid="5939709">
  <nd ref="6601756829"/>
  <nd ref="6601756828"/>
  <nd ref="6601756827"/>
  <nd ref="6601756825"/>
  <nd ref="6601756824"/>
  <nd ref="6601756826"/>
  <nd ref="6601756829"/>
  <tag k="building" v="yes"/>
  <tag k="source" v="GSImaps/ort"/>
 </way>
 <way id="702967438" visible="true" version="1" changeset="72077392" timestamp="2019-07-10T04:44:02Z" user="hibagonsan" uid="5939709">
  <nd ref="6601756911"/>
  <nd ref="6601756908"/>
  <nd ref="6601756897"/>
  <nd ref="6601756898"/>
  <nd ref="6601756909"/>
  <nd ref="6601756910"/>
  <nd ref="6601756911"/>
  <tag k="building" v="yes"/>
  <tag k="source" v="GSImaps/ort"/>
 </way>
 <way id="702967439" visible="true" version="2" changeset="185896843" timestamp="2026-07-17T10:29:07Z" user="MiachMihie" uid="24308200">
  <nd ref="6601756915"/>
  <nd ref="6601756914"/>
  <nd ref="6601756913"/>
  <nd ref="6601756912"/>
  <nd ref="14022027980"/>
  <nd ref="14022027979"/>
  <nd ref="6601756915"/>
  <tag k="building" v="yes"/>
  <tag k="source" v="GSImaps/ort"/>
 </way>
 <way id="702967441" visible="true" version="1" changeset="72077392" timestamp="2019-07-10T04:44:02Z" user="hibagonsan" uid="5939709">
  <nd ref="6601756922"/>
  <nd ref="6601756919"/>
  <nd ref="6566956496"/>
  <nd ref="6566956497"/>
  <nd ref="6601756920"/>
  <nd ref="6601756921"/>
  <nd ref="6601756922"/>
  <tag k="building" v="yes"/>
  <tag k="source" v="GSImaps/ort"/>
 </way>
 <way id="702968068" visible="true" version="1" changeset="72077411" timestamp="2019-07-10T04:46:00Z" user="hibagonsan" uid="5939709">
  <nd ref="6601694724"/>
  <nd ref="6601694721"/>
  <nd ref="6601694720"/>
  <nd ref="6601694719"/>
  <nd ref="6601694722"/>
  <nd ref="6601694723"/>
  <nd ref="6601694724"/>
  <tag k="building" v="yes"/>
  <tag k="source" v="GSImaps/ort"/>
 </way>
 <way id="702968069" visible="true" version="1" changeset="72077411" timestamp="2019-07-10T04:46:00Z" user="hibagonsan" uid="5939709">
  <nd ref="6601694728"/>
  <nd ref="6601694727"/>
  <nd ref="6601694726"/>
  <nd ref="6601694725"/>
  <nd ref="6601694728"/>
  <tag k="building" v="yes"/>
  <tag k="source" v="GSImaps/ort"/>
 </way>
 <way id="702968070" visible="true" version="1" changeset="72077411" timestamp="2019-07-10T04:46:00Z" user="hibagonsan" uid="5939709">
  <nd ref="6601694732"/>
  <nd ref="6601694729"/>
  <nd ref="6601694730"/>
  <nd ref="6601694731"/>
  <nd ref="6601694732"/>
  <tag k="building" v="yes"/>
  <tag k="source" v="GSImaps/ort"/>
 </way>
 <way id="703237647" visible="true" version="1" changeset="72114613" timestamp="2019-07-11T00:32:15Z" user="hibagonsan" uid="5939709">
  <nd ref="6604100531"/>
  <nd ref="6604100530"/>
  <nd ref="6604100529"/>
  <nd ref="6604100528"/>
  <nd ref="6604100531"/>
  <tag k="building" v="yes"/>
  <tag k="source" v="GSImaps/ort"/>
 </way>
 <way id="703237648" visible="true" version="1" changeset="72114613" timestamp="2019-07-11T00:32:15Z" user="hibagonsan" uid="5939709">
  <nd ref="6604100535"/>
  <nd ref="6604100532"/>
  <nd ref="6604100533"/>
  <nd ref="6604100534"/>
  <nd ref="6604100535"/>
  <tag k="building" v="yes"/>
  <tag k="source" v="GSImaps/ort"/>
 </way>
 <way id="703237649" visible="true" version="1" changeset="72114613" timestamp="2019-07-11T00:32:15Z" user="hibagonsan" uid="5939709">
  <nd ref="6604100541"/>
  <nd ref="6604100540"/>
  <nd ref="6604100539"/>
  <nd ref="6604100536"/>
  <nd ref="6604100537"/>
  <nd ref="6604100538"/>
  <nd ref="6604100541"/>
  <tag k="building" v="yes"/>
  <tag k="source" v="GSImaps/ort"/>
 </way>
 <way id="703237650" visible="true" version="1" changeset="72114613" timestamp="2019-07-11T00:32:15Z" user="hibagonsan" uid="5939709">
  <nd ref="6604100552"/>
  <nd ref="6604100549"/>
  <nd ref="6604100542"/>
  <nd ref="6604100543"/>
  <nd ref="6566853726"/>
  <nd ref="6566853725"/>
  <nd ref="6566853724"/>
  <nd ref="6604100550"/>
  <nd ref="6604100551"/>
  <nd ref="6604100552"/>
  <tag k="building" v="yes"/>
  <tag k="source" v="GSImaps/ort"/>
 </way>
 <way id="703237651" visible="true" version="1" changeset="72114613" timestamp="2019-07-11T00:32:15Z" user="hibagonsan" uid="5939709">
  <nd ref="6604100548"/>
  <nd ref="6604100545"/>
  <nd ref="6604100546"/>
  <nd ref="6604100547"/>
  <nd ref="6604100548"/>
  <tag k="building" v="yes"/>
  <tag k="source" v="GSImaps/ort"/>
 </way>
 <way id="703275665" visible="true" version="1" changeset="72121048" timestamp="2019-07-11T06:56:09Z" user="hibagonsan" uid="5939709">
  <nd ref="6604488805"/>
  <nd ref="6604488804"/>
  <nd ref="6604488803"/>
  <nd ref="6604488801"/>
  <nd ref="6604488799"/>
  <nd ref="6604488798"/>
  <nd ref="6604488800"/>
  <nd ref="6604488802"/>
  <nd ref="6604488805"/>
  <tag k="building" v="yes"/>
  <tag k="source" v="GSImaps/ort"/>
 </way>
 <way id="703275666" visible="true" version="1" changeset="72121048" timestamp="2019-07-11T06:56:09Z" user="hibagonsan" uid="5939709">
  <nd ref="6604488809"/>
  <nd ref="6604488808"/>
  <nd ref="6604488807"/>
  <nd ref="6604488806"/>
  <nd ref="6604488809"/>
  <tag k="building" v="yes"/>
  <tag k="source" v="GSImaps/ort"/>
 </way>
 <way id="703275667" visible="true" version="1" changeset="72121048" timestamp="2019-07-11T06:56:09Z" user="hibagonsan" uid="5939709">
  <nd ref="6604488813"/>
  <nd ref="6604488810"/>
  <nd ref="6604488811"/>
  <nd ref="6604488812"/>
  <nd ref="6604488813"/>
  <tag k="building" v="yes"/>
  <tag k="source" v="GSImaps/ort"/>
 </way>
 <way id="703275683" visible="true" version="1" changeset="72121048" timestamp="2019-07-11T06:56:09Z" user="hibagonsan" uid="5939709">
  <nd ref="6604488917"/>
  <nd ref="6604488914"/>
  <nd ref="6604488915"/>
  <nd ref="6604488916"/>
  <nd ref="6604488917"/>
  <tag k="building" v="yes"/>
  <tag k="source" v="GSImaps/ort"/>
 </way>
 <way id="703275685" visible="true" version="1" changeset="72121048" timestamp="2019-07-11T06:56:09Z" user="hibagonsan" uid="5939709">
  <nd ref="6604488929"/>
  <nd ref="6604488926"/>
  <nd ref="6604488919"/>
  <nd ref="6604488918"/>
  <nd ref="6604488927"/>
  <nd ref="6604488928"/>
  <nd ref="6604488929"/>
  <tag k="building" v="yes"/>
  <tag k="source" v="GSImaps/ort"/>
 </way>
 <way id="803512495" visible="true" version="1" changeset="85168879" timestamp="2020-05-14T00:55:26Z" user="hibagonsan" uid="5939709">
  <nd ref="7516124785"/>
  <nd ref="7516111882"/>
  <nd ref="7516111883"/>
  <nd ref="7516111884"/>
  <nd ref="7516124785"/>
  <tag k="building" v="yes"/>
 </way>
 <way id="803512496" visible="true" version="1" changeset="85168879" timestamp="2020-05-14T00:55:26Z" user="hibagonsan" uid="5939709">
  <nd ref="7516124789"/>
  <nd ref="7516124786"/>
  <nd ref="7516124787"/>
  <nd ref="7516124788"/>
  <nd ref="7516124789"/>
  <tag k="building" v="yes"/>
 </way>
 <way id="803512498" visible="true" version="1" changeset="85168879" timestamp="2020-05-14T00:55:26Z" user="hibagonsan" uid="5939709">
  <nd ref="7516124797"/>
  <nd ref="7516124796"/>
  <nd ref="7516124795"/>
  <nd ref="7516124794"/>
  <nd ref="7516124797"/>
  <tag k="building" v="yes"/>
 </way>
 <way id="803512499" visible="true" version="1" changeset="85168879" timestamp="2020-05-14T00:55:26Z" user="hibagonsan" uid="5939709">
  <nd ref="7516124801"/>
  <nd ref="7516124800"/>
  <nd ref="7516124799"/>
  <nd ref="7516124798"/>
  <nd ref="7516124801"/>
  <tag k="building" v="yes"/>
 </way>
 <way id="803512500" visible="true" version="1" changeset="85168879" timestamp="2020-05-14T00:55:26Z" user="hibagonsan" uid="5939709">
  <nd ref="7516124805"/>
  <nd ref="7516124804"/>
  <nd ref="7516124803"/>
  <nd ref="7516124802"/>
  <nd ref="7516124805"/>
  <tag k="building" v="yes"/>
 </way>
 <way id="803512501" visible="true" version="1" changeset="85168879" timestamp="2020-05-14T00:55:26Z" user="hibagonsan" uid="5939709">
  <nd ref="7516124809"/>
  <nd ref="7516124806"/>
  <nd ref="7516124807"/>
  <nd ref="7516124808"/>
  <nd ref="7516124809"/>
  <tag k="building" v="yes"/>
 </way>
 <way id="880508277" visible="true" version="1" changeset="95206549" timestamp="2020-12-03T08:05:53Z" user="hibagonsan" uid="5939709">
  <nd ref="8189806389"/>
  <nd ref="8189806388"/>
  <nd ref="8189806387"/>
  <nd ref="8189806386"/>
  <nd ref="8189806389"/>
  <tag k="building" v="yes"/>
 </way>
 <way id="880508278" visible="true" version="1" changeset="95206549" timestamp="2020-12-03T08:05:53Z" user="hibagonsan" uid="5939709">
  <nd ref="8189806393"/>
  <nd ref="8189806390"/>
  <nd ref="8189806391"/>
  <nd ref="8189806392"/>
  <nd ref="8189806393"/>
  <tag k="building" v="yes"/>
 </way>
 <way id="1161949597" visible="true" version="4" changeset="171435531" timestamp="2025-09-04T06:20:59Z" user="taketaketake" uid="4757277">
  <nd ref="1345524710"/>
  <nd ref="3223114306"/>
  <nd ref="1345527784"/>
  <nd ref="12905858467"/>
  <nd ref="4754302311"/>
  <nd ref="1345528559"/>
  <nd ref="1345516929"/>
  <tag k="highway" v="secondary"/>
  <tag k="lanes" v="2"/>
  <tag k="name" v="陶湯田線"/>
  <tag k="name:en" v="Sue Yuda Line"/>
  <tag k="name:ja" v="陶湯田線"/>
  <tag k="name:ja-Hira" v="すえゆだせん"/>
  <tag k="name:ja_rm" v="Sue Yuda-sen"/>
  <tag k="old_name" v="国道9号"/>
  <tag k="old_name:en" v="National Highway Route 9"/>
  <tag k="old_name:ja" v="国道9号"/>
  <tag k="old_ref" v="9"/>
  <tag k="ref" v="200;204"/>
  <tag k="source" v="YahooJapan/ALPSMAP"/>
  <tag k="surface" v="asphalt"/>
  <tag k="wikidata" v="Q11467188"/>
  <tag k="wikipedia" v="ja:山口県道200号陶湯田線"/>
 </way>
 <way id="1211173367" visible="true" version="1" changeset="141800844" timestamp="2023-09-27T05:53:35Z" user="FallingPeppers" uid="19745387">
  <nd ref="11221753305"/>
  <nd ref="11221753307"/>
  <tag k="admin_level" v="10"/>
  <tag k="boundary" v="administrative"/>
 </way>
 <way id="1211173368" visible="true" version="1" changeset="141800844" timestamp="2023-09-27T05:53:35Z" user="FallingPeppers" uid="19745387">
  <nd ref="11221753307"/>
  <nd ref="11221753308"/>
  <tag k="admin_level" v="10"/>
  <tag k="boundary" v="administrative"/>
 </way>
 <way id="1211173373" visible="true" version="1" changeset="141800844" timestamp="2023-09-27T05:53:35Z" user="FallingPeppers" uid="19745387">
  <nd ref="11221753313"/>
  <nd ref="11221753307"/>
  <tag k="admin_level" v="10"/>
  <tag k="boundary" v="administrative"/>
 </way>
 <way id="1211173374" visible="true" version="1" changeset="141800844" timestamp="2023-09-27T05:53:35Z" user="FallingPeppers" uid="19745387">
  <nd ref="11221753307"/>
  <nd ref="11221753285"/>
  <tag k="admin_level" v="10"/>
  <tag k="boundary" v="administrative"/>
 </way>
 <way id="1233159368" visible="true" version="2" changeset="153994994" timestamp="2024-07-16T02:39:51Z" user="taketaketake" uid="4757277">
  <nd ref="11440993889"/>
  <nd ref="11440993890"/>
  <nd ref="11440993891"/>
  <tag k="highway" v="service"/>
  <tag k="layer" v="-1"/>
 </way>
 <way id="1491138434" visible="true" version="1" changeset="180186891" timestamp="2026-03-21T05:22:37Z" user="Mozkun" uid="2651887">
  <nd ref="13666127836"/>
  <nd ref="13666127852"/>
  <nd ref="13666127849"/>
  <nd ref="13666127828"/>
  <nd ref="13666127836"/>
  <tag k="building" v="roof"/>
 </way>
 <way id="1539995831" visible="true" version="1" changeset="185896843" timestamp="2026-07-17T10:29:07Z" user="MiachMihie" uid="24308200">
  <nd ref="14022027975"/>
  <nd ref="14022027976"/>
  <nd ref="14022027977"/>
  <nd ref="14022027978"/>
  <nd ref="14022027975"/>
  <tag k="amenity" v="parking"/>
 </way>
 <relation id="13884347" visible="true" version="11" changeset="170042622" timestamp="2025-08-06T07:56:43Z" user="taketaketake" uid="4757277">
  <member type="node" ref="9550863707" role="stop"/>
  <member type="node" ref="9412086517" role="platform"/>
  <member type="node" ref="12905870004" role="stop"/>
  <member type="node" ref="9412086518" role="platform"/>
  <member type="node" ref="12905870003" role="stop"/>
  <member type="node" ref="9412086521" role="platform"/>
  <member type="node" ref="5050396471" role="stop"/>
  <member type="node" ref="9412086522" role="platform"/>
  <member type="node" ref="12905870002" role="stop"/>
  <member type="node" ref="9412086525" role="platform"/>
  <member type="node" ref="12905870001" role="stop"/>
  <member type="node" ref="9412086527" role="platform"/>
  <member type="node" ref="12905858500" role="stop"/>
  <member type="node" ref="9412086511" role="platform"/>
  <member type="node" ref="5091003773" role="stop"/>
  <member type="node" ref="9412086509" role="platform"/>
  <member type="node" ref="12905858499" role="stop"/>
  <member type="node" ref="9412086507" role="platform"/>
  <member type="node" ref="12905858498" role="stop"/>
  <member type="node" ref="9412086505" role="platform"/>
  <member type="node" ref="12905858497" role="stop"/>
  <member type="node" ref="9412086503" role="platform"/>
  <member type="node" ref="12905870005" role="stop"/>
  <member type="node" ref="9412086501" role="platform"/>
  <member type="node" ref="12905858496" role="stop"/>
  <member type="node" ref="9412086396" role="platform"/>
  <member type="node" ref="12905858495" role="stop"/>
  <member type="node" ref="9412086394" role="platform"/>
  <member type="node" ref="12905858494" role="stop"/>
  <member type="node" ref="9412086392" role="platform"/>
  <member type="node" ref="5177662684" role="stop"/>
  <member type="node" ref="9412086390" role="platform"/>
  <member type="node" ref="12905858493" role="stop"/>
  <member type="node" ref="9412086388" role="platform"/>
  <member type="node" ref="12905858492" role="stop"/>
  <member type="node" ref="9412086386" role="platform"/>
  <member type="node" ref="1345409061" role="stop"/>
  <member type="node" ref="9412086384" role="platform"/>
  <member type="node" ref="1345405197" role="stop"/>
  <member type="node" ref="9412086349" role="platform"/>
  <member type="node" ref="12905858491" role="stop"/>
  <member type="node" ref="9412086351" role="platform"/>
  <member type="node" ref="12905858490" role="stop"/>
  <member type="node" ref="9412086353" role="platform"/>
  <member type="node" ref="12905858489" role="stop"/>
  <member type="node" ref="9412086355" role="platform"/>
  <member type="node" ref="12905858487" role="stop"/>
  <member type="node" ref="9412086357" role="platform"/>
  <member type="node" ref="12905858486" role="stop"/>
  <member type="node" ref="9412086359" role="platform"/>
  <member type="node" ref="1349991438" role="stop"/>
  <member type="node" ref="9412086361" role="platform"/>
  <member type="node" ref="1349978390" role="stop"/>
  <member type="node" ref="9412086363" role="platform"/>
  <member type="node" ref="1694280261" role="stop"/>
  <member type="node" ref="9412086365" role="platform"/>
  <member type="node" ref="5271724147" role="stop"/>
  <member type="node" ref="9412086367" role="platform"/>
  <member type="node" ref="1349987969" role="stop"/>
  <member type="node" ref="9412086368" role="platform"/>
  <member type="node" ref="1349993957" role="stop"/>
  <member type="node" ref="9412086370" role="platform"/>
  <member type="node" ref="12905858485" role="stop"/>
  <member type="node" ref="9412086372" role="platform"/>
  <member type="node" ref="1349992109" role="stop"/>
  <member type="node" ref="9412086374" role="platform"/>
  <member type="node" ref="12905858484" role="stop"/>
  <member type="node" ref="9412086376" role="platform"/>
  <member type="node" ref="12905858483" role="stop"/>
  <member type="node" ref="9412086378" role="platform"/>
  <member type="node" ref="3510016039" role="stop"/>
  <member type="node" ref="9412086248" role="platform"/>
  <member type="node" ref="928307865" role="stop"/>
  <member type="node" ref="9412086380" role="platform"/>
  <member type="node" ref="12905858478" role="stop"/>
  <member type="node" ref="9412086382" role="platform"/>
  <member type="way" ref="1036697531" role=""/>
  <member type="way" ref="1163757161" role=""/>
  <member type="way" ref="1036697528" role=""/>
  <member type="way" ref="1036697526" role=""/>
  <member type="way" ref="119878523" role=""/>
  <member type="way" ref="517552886" role=""/>
  <member type="way" ref="119878656" role=""/>
  <member type="way" ref="1036697525" role=""/>
  <member type="way" ref="1036697534" role=""/>
  <member type="way" ref="1036697533" role=""/>
  <member type="way" ref="1036697512" role=""/>
  <member type="way" ref="1036697534" role=""/>
  <member type="way" ref="1036697525" role=""/>
  <member type="way" ref="119878656" role=""/>
  <member type="way" ref="1036697524" role=""/>
  <member type="way" ref="119879071" role=""/>
  <member type="way" ref="119887610" role=""/>
  <member type="way" ref="119888155" role=""/>
  <member type="way" ref="119879116" role=""/>
  <member type="way" ref="119879037" role=""/>
  <member type="way" ref="119885215" role=""/>
  <member type="way" ref="1161949597" role=""/>
  <member type="way" ref="119886759" role=""/>
  <member type="way" ref="119887879" role=""/>
  <member type="way" ref="119885734" role=""/>
  <member type="way" ref="119885590" role=""/>
  <member type="way" ref="119887887" role=""/>
  <member type="way" ref="119888300" role=""/>
  <member type="way" ref="119885704" role=""/>
  <member type="way" ref="119885762" role=""/>
  <member type="way" ref="119887444" role=""/>
  <member type="way" ref="119885764" role=""/>
  <member type="way" ref="119885750" role=""/>
  <member type="way" ref="119875257" role=""/>
  <member type="way" ref="119875281" role=""/>
  <member type="way" ref="119875438" role=""/>
  <member type="way" ref="119876142" role=""/>
  <member type="way" ref="119875716" role=""/>
  <member type="way" ref="120388743" role=""/>
  <member type="way" ref="120388792" role=""/>
  <member type="way" ref="120388521" role=""/>
  <member type="way" ref="120387602" role=""/>
  <member type="way" ref="120387163" role=""/>
  <member type="way" ref="120387921" role=""/>
  <member type="way" ref="120387996" role=""/>
  <member type="way" ref="709552913" role=""/>
  <member type="way" ref="120388144" role=""/>
  <member type="way" ref="425432195" role=""/>
  <member type="way" ref="425432196" role=""/>
  <member type="way" ref="120388598" role=""/>
  <member type="way" ref="120389202" role=""/>
  <member type="way" ref="120387725" role=""/>
  <member type="way" ref="223295974" role=""/>
  <member type="way" ref="120389227" role=""/>
  <member type="way" ref="120387221" role=""/>
  <member type="way" ref="120387054" role=""/>
  <member type="way" ref="120387198" role=""/>
  <member type="way" ref="120387943" role=""/>
  <member type="way" ref="1394161505" role=""/>
  <member type="way" ref="1036697518" role=""/>
  <member type="way" ref="1036697520" role=""/>
  <member type="way" ref="545450104" role=""/>
  <member type="way" ref="1394161505" role=""/>
  <member type="way" ref="120387104" role=""/>
  <member type="way" ref="120389235" role=""/>
  <member type="way" ref="120387433" role=""/>
  <member type="way" ref="120389045" role=""/>
  <member type="way" ref="120483110" role=""/>
  <member type="way" ref="120482984" role=""/>
  <member type="way" ref="120485756" role=""/>
  <member type="way" ref="1036697517" role=""/>
  <member type="way" ref="344262388" role=""/>
  <member type="way" ref="344262386" role=""/>
  <member type="way" ref="1394161503" role=""/>
  <member type="way" ref="1394161502" role=""/>
  <member type="way" ref="1036697515" role=""/>
  <member type="way" ref="1036697517" role=""/>
  <member type="way" ref="344262387" role=""/>
  <member type="way" ref="561527716" role=""/>
  <member type="way" ref="561527721" role=""/>
  <member type="way" ref="120483470" role=""/>
  <member type="way" ref="1394161508" role=""/>
  <member type="way" ref="1394161506" role=""/>
  <member type="way" ref="1394161509" role=""/>
  <tag k="duration" v="01:04:00"/>
  <tag k="from" v="山口駅"/>
  <tag k="from:ja-Latn" v="Yamaguchieki"/>
  <tag k="gtfs:route_id" v="2196404353"/>
  <tag k="gtfs:shape_id" v="40000799"/>
  <tag k="name" v="秋吉線 (山口駅 =&gt; 秋吉)"/>
  <tag k="name:ja-Latn" v="Akiyoshi-sen (Yamaguchieki =&gt; Akiyoshi)"/>
  <tag k="network" v="秋吉線"/>
  <tag k="opening_hours" v="Mo-Fr 16:30-20:04; Sa-Su 08:30-09:34,13:00-18:29"/>
  <tag k="operator" v="中国ジェイアールバス"/>
  <tag k="operator:en" v="Chugoku JR Bus"/>
  <tag k="public_transport:version" v="2"/>
  <tag k="route" v="bus"/>
  <tag k="to" v="秋吉"/>
  <tag k="to:ja-Latn" v="Akiyoshi"/>
  <tag k="type" v="route"/>
 </relation>
 <relation id="13884349" visible="true" version="9" changeset="170042622" timestamp="2025-08-06T07:56:43Z" user="taketaketake" uid="4757277">
  <member type="node" ref="12905858478" role="stop"/>
  <member type="node" ref="9412086382" role="platform"/>
  <member type="node" ref="928307865" role="stop"/>
  <member type="node" ref="9412086381" role="platform"/>
  <member type="node" ref="3510016040" role="stop"/>
  <member type="node" ref="9412086249" role="platform"/>
  <member type="node" ref="12905858483" role="stop"/>
  <member type="node" ref="9412086379" role="platform"/>
  <member type="node" ref="1349982756" role="stop"/>
  <member type="node" ref="9412086377" role="platform"/>
  <member type="node" ref="1349977487" role="stop"/>
  <member type="node" ref="9412086375" role="platform"/>
  <member type="node" ref="1349997902" role="stop"/>
  <member type="node" ref="9412086373" role="platform"/>
  <member type="node" ref="1349996530" role="stop"/>
  <member type="node" ref="9412086371" role="platform"/>
  <member type="node" ref="8754100322" role="stop"/>
  <member type="node" ref="9412086335" role="platform"/>
  <member type="node" ref="12905858475" role="stop"/>
  <member type="node" ref="9412086369" role="platform"/>
  <member type="node" ref="5271724147" role="stop"/>
  <member type="node" ref="9412086367" role="platform"/>
  <member type="node" ref="12905858474" role="stop"/>
  <member type="node" ref="9412086366" role="platform"/>
  <member type="node" ref="12905858454" role="stop"/>
  <member type="node" ref="9412086364" role="platform"/>
  <member type="node" ref="1349988030" role="stop"/>
  <member type="node" ref="9412086362" role="platform"/>
  <member type="node" ref="12905858473" role="stop"/>
  <member type="node" ref="9412086360" role="platform"/>
  <member type="node" ref="12905858488" role="stop"/>
  <member type="node" ref="9412086358" role="platform"/>
  <member type="node" ref="12905858489" role="stop"/>
  <member type="node" ref="9412086356" role="platform"/>
  <member type="node" ref="1349996460" role="stop"/>
  <member type="node" ref="9412086354" role="platform"/>
  <member type="node" ref="12905858472" role="stop"/>
  <member type="node" ref="9412086352" role="platform"/>
  <member type="node" ref="12905858471" role="stop"/>
  <member type="node" ref="9412086350" role="platform"/>
  <member type="node" ref="1345409061" role="stop"/>
  <member type="node" ref="9412086385" role="platform"/>
  <member type="node" ref="12905858492" role="stop"/>
  <member type="node" ref="9412086387" role="platform"/>
  <member type="node" ref="12905858493" role="stop"/>
  <member type="node" ref="9412086389" role="platform"/>
  <member type="node" ref="5177662684" role="stop"/>
  <member type="node" ref="9412086391" role="platform"/>
  <member type="node" ref="12905858470" role="stop"/>
  <member type="node" ref="9412086393" role="platform"/>
  <member type="node" ref="12905858469" role="stop"/>
  <member type="node" ref="9412086395" role="platform"/>
  <member type="node" ref="12905858468" role="stop"/>
  <member type="node" ref="9412086397" role="platform"/>
  <member type="node" ref="12905858467" role="stop"/>
  <member type="node" ref="9412086502" role="platform"/>
  <member type="node" ref="12905858497" role="stop"/>
  <member type="node" ref="9412086504" role="platform"/>
  <member type="node" ref="12905858466" role="stop"/>
  <member type="node" ref="9412086506" role="platform"/>
  <member type="node" ref="12905858465" role="stop"/>
  <member type="node" ref="9412086508" role="platform"/>
  <member type="node" ref="1345519464" role="stop"/>
  <member type="node" ref="9412086510" role="platform"/>
  <member type="node" ref="12905858464" role="stop"/>
  <member type="node" ref="9412086512" role="platform"/>
  <member type="node" ref="12905858463" role="stop"/>
  <member type="node" ref="9412086528" role="platform"/>
  <member type="node" ref="12905858462" role="stop"/>
  <member type="node" ref="9412086526" role="platform"/>
  <member type="node" ref="12905858461" role="stop"/>
  <member type="node" ref="9412086523" role="platform"/>
  <member type="node" ref="12905858460" role="stop"/>
  <member type="node" ref="9412086520" role="platform"/>
  <member type="node" ref="12905858459" role="stop"/>
  <member type="node" ref="9412086519" role="platform"/>
  <member type="node" ref="12905858458" role="stop"/>
  <member type="node" ref="9412086516" role="platform"/>
  <member type="way" ref="1394161507" role=""/>
  <member type="way" ref="120483470" role=""/>
  <member type="way" ref="561527721" role=""/>
  <member type="way" ref="561527716" role=""/>
  <member type="way" ref="344262387" role=""/>
  <member type="way" ref="1036697517" role=""/>
  <member type="way" ref="344262388" role=""/>
  <member type="way" ref="344262386" role=""/>
  <member type="way" ref="1394161503" role=""/>
  <member type="way" ref="1394161502" role=""/>
  <member type="way" ref="1036697515" role=""/>
  <member type="way" ref="1036697517" role=""/>
  <member type="way" ref="120485756" role=""/>
  <member type="way" ref="120482984" role=""/>
  <member type="way" ref="120483110" role=""/>
  <member type="way" ref="120389045" role=""/>
  <member type="way" ref="120387433" role=""/>
  <member type="way" ref="1036697522" role=""/>
  <member type="way" ref="945602190" role=""/>
  <member type="way" ref="945602188" role=""/>
  <member type="way" ref="1036697522" role=""/>
  <member type="way" ref="120389235" role=""/>
  <member type="way" ref="120387104" role=""/>
  <member type="way" ref="1394161505" role=""/>
  <member type="way" ref="1036697518" role=""/>
  <member type="way" ref="1036697520" role=""/>
  <member type="way" ref="545450104" role=""/>
  <member type="way" ref="1394161505" role=""/>
  <member type="way" ref="120387943" role=""/>
  <member type="way" ref="120387198" role=""/>
  <member type="way" ref="120387054" role=""/>
  <member type="way" ref="120387221" role=""/>
  <member type="way" ref="120389227" role=""/>
  <member type="way" ref="223295974" role=""/>
  <member type="way" ref="120387725" role=""/>
  <member type="way" ref="120389202" role=""/>
  <member type="way" ref="120388598" role=""/>
  <member type="way" ref="425432196" role=""/>
  <member type="way" ref="425432195" role=""/>
  <member type="way" ref="120388144" role=""/>
  <member type="way" ref="709552913" role=""/>
  <member type="way" ref="120387996" role=""/>
  <member type="way" ref="120387921" role=""/>
  <member type="way" ref="120387163" role=""/>
  <member type="way" ref="120387602" role=""/>
  <member type="way" ref="120388521" role=""/>
  <member type="way" ref="120388792" role=""/>
  <member type="way" ref="120388743" role=""/>
  <member type="way" ref="119875716" role=""/>
  <member type="way" ref="119876142" role=""/>
  <member type="way" ref="119875438" role=""/>
  <member type="way" ref="119875281" role=""/>
  <member type="way" ref="119875257" role=""/>
  <member type="way" ref="119885750" role=""/>
  <member type="way" ref="119885764" role=""/>
  <member type="way" ref="119887444" role=""/>
  <member type="way" ref="119885762" role=""/>
  <member type="way" ref="119885704" role=""/>
  <member type="way" ref="119888300" role=""/>
  <member type="way" ref="119887887" role=""/>
  <member type="way" ref="119885590" role=""/>
  <member type="way" ref="119885734" role=""/>
  <member type="way" ref="119887879" role=""/>
  <member type="way" ref="119886759" role=""/>
  <member type="way" ref="1161949597" role=""/>
  <member type="way" ref="119885215" role=""/>
  <member type="way" ref="119879037" role=""/>
  <member type="way" ref="119879116" role=""/>
  <member type="way" ref="119888155" role=""/>
  <member type="way" ref="119887610" role=""/>
  <member type="way" ref="119879071" role=""/>
  <member type="way" ref="1036697511" role=""/>
  <member type="way" ref="1036697510" role=""/>
  <member type="way" ref="1036697514" role=""/>
  <member type="way" ref="1036697512" role=""/>
  <member type="way" ref="1036697534" role=""/>
  <member type="way" ref="1036697525" role=""/>
  <member type="way" ref="119878656" role=""/>
  <member type="way" ref="119878549" role=""/>
  <member type="way" ref="119878523" role=""/>
  <member type="way" ref="1036697526" role=""/>
  <member type="way" ref="1036697532" role=""/>
  <tag k="duration" v="01:04:00"/>
  <tag k="from" v="秋吉"/>
  <tag k="from:ja-Latn" v="Akiyoshi"/>
  <tag k="gtfs:route_id" v="2196404353"/>
  <tag k="gtfs:shape_id" v="40000800"/>
  <tag k="name" v="秋吉線 (秋吉 =&gt; 美東病院 =&gt; 山口駅)"/>
  <tag k="name:ja-Latn" v="Akiyoshi-sen (Akiyoshi =&gt; Mito-byoin =&gt; Yamaguchieki)"/>
  <tag k="network" v="秋吉線"/>
  <tag k="opening_hours" v="Mo-Fr 10:40-17:19"/>
  <tag k="operator" v="中国ジェイアールバス"/>
  <tag k="operator:en" v="Chugoku JR Bus"/>
  <tag k="public_transport:version" v="2"/>
  <tag k="route" v="bus"/>
  <tag k="to" v="山口駅"/>
  <tag k="to:ja-Latn" v="Yamaguchieki"/>
  <tag k="type" v="route"/>
  <tag k="via" v="美東病院"/>
  <tag k="via:ja-Latn" v="Mito-byoin"/>
 </relation>
 <relation id="13884350" visible="true" version="9" changeset="170042622" timestamp="2025-08-06T07:56:43Z" user="taketaketake" uid="4757277">
  <member type="node" ref="12905858478" role="stop"/>
  <member type="node" ref="9412086382" role="platform"/>
  <member type="node" ref="928307865" role="stop"/>
  <member type="node" ref="9412086381" role="platform"/>
  <member type="node" ref="3510016040" role="stop"/>
  <member type="node" ref="9412086249" role="platform"/>
  <member type="node" ref="12905858483" role="stop"/>
  <member type="node" ref="9412086379" role="platform"/>
  <member type="node" ref="1349982756" role="stop"/>
  <member type="node" ref="9412086377" role="platform"/>
  <member type="node" ref="1349977487" role="stop"/>
  <member type="node" ref="9412086375" role="platform"/>
  <member type="node" ref="1349997902" role="stop"/>
  <member type="node" ref="9412086373" role="platform"/>
  <member type="node" ref="1349996530" role="stop"/>
  <member type="node" ref="9412086371" role="platform"/>
  <member type="node" ref="12905858475" role="stop"/>
  <member type="node" ref="9412086369" role="platform"/>
  <member type="node" ref="5271724147" role="stop"/>
  <member type="node" ref="9412086367" role="platform"/>
  <member type="node" ref="12905858474" role="stop"/>
  <member type="node" ref="9412086366" role="platform"/>
  <member type="node" ref="12905858454" role="stop"/>
  <member type="node" ref="9412086364" role="platform"/>
  <member type="node" ref="1349988030" role="stop"/>
  <member type="node" ref="9412086362" role="platform"/>
  <member type="node" ref="12905858473" role="stop"/>
  <member type="node" ref="9412086360" role="platform"/>
  <member type="node" ref="12905858488" role="stop"/>
  <member type="node" ref="9412086358" role="platform"/>
  <member type="node" ref="12905858489" role="stop"/>
  <member type="node" ref="9412086356" role="platform"/>
  <member type="node" ref="1349996460" role="stop"/>
  <member type="node" ref="9412086354" role="platform"/>
  <member type="node" ref="12905858472" role="stop"/>
  <member type="node" ref="9412086352" role="platform"/>
  <member type="node" ref="12905858471" role="stop"/>
  <member type="node" ref="9412086350" role="platform"/>
  <member type="node" ref="1345409061" role="stop"/>
  <member type="node" ref="9412086385" role="platform"/>
  <member type="node" ref="12905858492" role="stop"/>
  <member type="node" ref="9412086387" role="platform"/>
  <member type="node" ref="12905858493" role="stop"/>
  <member type="node" ref="9412086389" role="platform"/>
  <member type="node" ref="5177662684" role="stop"/>
  <member type="node" ref="9412086391" role="platform"/>
  <member type="node" ref="12905858470" role="stop"/>
  <member type="node" ref="9412086393" role="platform"/>
  <member type="node" ref="12905858469" role="stop"/>
  <member type="node" ref="9412086395" role="platform"/>
  <member type="node" ref="12905858468" role="stop"/>
  <member type="node" ref="9412086397" role="platform"/>
  <member type="node" ref="12905858467" role="stop"/>
  <member type="node" ref="9412086502" role="platform"/>
  <member type="node" ref="12905858497" role="stop"/>
  <member type="node" ref="9412086504" role="platform"/>
  <member type="node" ref="12905858466" role="stop"/>
  <member type="node" ref="9412086506" role="platform"/>
  <member type="node" ref="12905858465" role="stop"/>
  <member type="node" ref="9412086508" role="platform"/>
  <member type="node" ref="1345519464" role="stop"/>
  <member type="node" ref="9412086510" role="platform"/>
  <member type="node" ref="12905858464" role="stop"/>
  <member type="node" ref="9412086512" role="platform"/>
  <member type="node" ref="12905858463" role="stop"/>
  <member type="node" ref="9412086528" role="platform"/>
  <member type="node" ref="12905858462" role="stop"/>
  <member type="node" ref="9412086526" role="platform"/>
  <member type="node" ref="12905858461" role="stop"/>
  <member type="node" ref="9412086523" role="platform"/>
  <member type="node" ref="12905858460" role="stop"/>
  <member type="node" ref="9412086520" role="platform"/>
  <member type="node" ref="12905858459" role="stop"/>
  <member type="node" ref="9412086519" role="platform"/>
  <member type="node" ref="9412086516" role="platform"/>
  <member type="way" ref="1394161507" role=""/>
  <member type="way" ref="120483470" role=""/>
  <member type="way" ref="561527721" role=""/>
  <member type="way" ref="561527716" role=""/>
  <member type="way" ref="344262387" role=""/>
  <member type="way" ref="1036697517" role=""/>
  <member type="way" ref="344262388" role=""/>
  <member type="way" ref="344262386" role=""/>
  <member type="way" ref="1394161503" role=""/>
  <member type="way" ref="1394161502" role=""/>
  <member type="way" ref="1036697515" role=""/>
  <member type="way" ref="1036697517" role=""/>
  <member type="way" ref="120485756" role=""/>
  <member type="way" ref="120482984" role=""/>
  <member type="way" ref="120483110" role=""/>
  <member type="way" ref="120389045" role=""/>
  <member type="way" ref="120387433" role=""/>
  <member type="way" ref="120389235" role=""/>
  <member type="way" ref="120387104" role=""/>
  <member type="way" ref="1394161505" role=""/>
  <member type="way" ref="1036697518" role=""/>
  <member type="way" ref="1036697520" role=""/>
  <member type="way" ref="545450104" role=""/>
  <member type="way" ref="1394161505" role=""/>
  <member type="way" ref="120387943" role=""/>
  <member type="way" ref="120387198" role=""/>
  <member type="way" ref="120387054" role=""/>
  <member type="way" ref="120387221" role=""/>
  <member type="way" ref="120389227" role=""/>
  <member type="way" ref="223295974" role=""/>
  <member type="way" ref="120387725" role=""/>
  <member type="way" ref="120389202" role=""/>
  <member type="way" ref="120388598" role=""/>
  <member type="way" ref="425432196" role=""/>
  <member type="way" ref="425432195" role=""/>
  <member type="way" ref="120388144" role=""/>
  <member type="way" ref="709552913" role=""/>
  <member type="way" ref="120387996" role=""/>
  <member type="way" ref="120387921" role=""/>
  <member type="way" ref="120387163" role=""/>
  <member type="way" ref="120387602" role=""/>
  <member type="way" ref="120388521" role=""/>
  <member type="way" ref="120388792" role=""/>
  <member type="way" ref="120388743" role=""/>
  <member type="way" ref="119875716" role=""/>
  <member type="way" ref="119876142" role=""/>
  <member type="way" ref="119875438" role=""/>
  <member type="way" ref="119875281" role=""/>
  <member type="way" ref="119875257" role=""/>
  <member type="way" ref="119885750" role=""/>
  <member type="way" ref="119885764" role=""/>
  <member type="way" ref="119887444" role=""/>
  <member type="way" ref="119885762" role=""/>
  <member type="way" ref="119885704" role=""/>
  <member type="way" ref="119888300" role=""/>
  <member type="way" ref="119887887" role=""/>
  <member type="way" ref="119885590" role=""/>
  <member type="way" ref="119885734" role=""/>
  <member type="way" ref="119887879" role=""/>
  <member type="way" ref="119886759" role=""/>
  <member type="way" ref="1161949597" role=""/>
  <member type="way" ref="119885215" role=""/>
  <member type="way" ref="119879037" role=""/>
  <member type="way" ref="119879116" role=""/>
  <member type="way" ref="119888155" role=""/>
  <member type="way" ref="119887610" role=""/>
  <member type="way" ref="119879071" role=""/>
  <member type="way" ref="1036697511" role=""/>
  <member type="way" ref="1036697510" role=""/>
  <member type="way" ref="1036697514" role=""/>
  <member type="way" ref="1036697512" role=""/>
  <member type="way" ref="1036697534" role=""/>
  <member type="way" ref="1036697525" role=""/>
  <member type="way" ref="119878656" role=""/>
  <member type="way" ref="119878549" role=""/>
  <member type="way" ref="119878523" role=""/>
  <member type="way" ref="1036697526" role=""/>
  <member type="way" ref="1036697532" role=""/>
  <tag k="duration" v="01:02:00"/>
  <tag k="from" v="秋吉"/>
  <tag k="from:ja-Latn" v="Akiyoshi"/>
  <tag k="gtfs:route_id" v="2196404353"/>
  <tag k="gtfs:shape_id" v="40000790"/>
  <tag k="name" v="秋吉線 (秋吉 =&gt; 山口駅)"/>
  <tag k="name:ja-Latn" v="Akiyoshi-sen (Akiyoshi =&gt; Yamaguchieki)"/>
  <tag k="network" v="秋吉線"/>
  <tag k="opening_hours" v="Mo-Fr 06:35-19:02; Sa-Su 06:55-19:02"/>
  <tag k="operator" v="中国ジェイアールバス"/>
  <tag k="operator:en" v="Chugoku JR Bus"/>
  <tag k="public_transport:version" v="2"/>
  <tag k="route" v="bus"/>
  <tag k="to" v="山口駅"/>
  <tag k="to:ja-Latn" v="Yamaguchieki"/>
  <tag k="type" v="route"/>
 </relation>
 <relation id="13884351" visible="true" version="10" changeset="170042622" timestamp="2025-08-06T07:56:43Z" user="taketaketake" uid="4757277">
  <member type="node" ref="9550863707" role="stop"/>
  <member type="node" ref="9412086517" role="platform"/>
  <member type="node" ref="12905870004" role="stop"/>
  <member type="node" ref="9412086518" role="platform"/>
  <member type="node" ref="12905870003" role="stop"/>
  <member type="node" ref="9412086521" role="platform"/>
  <member type="node" ref="5050396471" role="stop"/>
  <member type="node" ref="9412086522" role="platform"/>
  <member type="node" ref="12905870002" role="stop"/>
  <member type="node" ref="9412086525" role="platform"/>
  <member type="node" ref="12905870001" role="stop"/>
  <member type="node" ref="9412086527" role="platform"/>
  <member type="node" ref="12905858500" role="stop"/>
  <member type="node" ref="9412086511" role="platform"/>
  <member type="node" ref="5091003773" role="stop"/>
  <member type="node" ref="9412086509" role="platform"/>
  <member type="node" ref="12905858499" role="stop"/>
  <member type="node" ref="9412086507" role="platform"/>
  <member type="node" ref="12905858498" role="stop"/>
  <member type="node" ref="9412086505" role="platform"/>
  <member type="node" ref="12905858497" role="stop"/>
  <member type="node" ref="9412086503" role="platform"/>
  <member type="node" ref="12905870005" role="stop"/>
  <member type="node" ref="9412086501" role="platform"/>
  <member type="node" ref="12905858496" role="stop"/>
  <member type="node" ref="9412086396" role="platform"/>
  <member type="node" ref="12905858495" role="stop"/>
  <member type="node" ref="9412086394" role="platform"/>
  <member type="node" ref="12905858494" role="stop"/>
  <member type="node" ref="9412086392" role="platform"/>
  <member type="node" ref="5177662684" role="stop"/>
  <member type="node" ref="9412086390" role="platform"/>
  <member type="node" ref="12905858493" role="stop"/>
  <member type="node" ref="9412086388" role="platform"/>
  <member type="node" ref="12905858492" role="stop"/>
  <member type="node" ref="9412086386" role="platform"/>
  <member type="node" ref="1345409061" role="stop"/>
  <member type="node" ref="9412086384" role="platform"/>
  <member type="node" ref="1345405197" role="stop"/>
  <member type="node" ref="9412086349" role="platform"/>
  <member type="node" ref="12905858491" role="stop"/>
  <member type="node" ref="9412086351" role="platform"/>
  <member type="node" ref="12905858490" role="stop"/>
  <member type="node" ref="9412086353" role="platform"/>
  <member type="node" ref="12905858489" role="stop"/>
  <member type="node" ref="9412086355" role="platform"/>
  <member type="node" ref="12905858487" role="stop"/>
  <member type="node" ref="9412086357" role="platform"/>
  <member type="node" ref="12905858486" role="stop"/>
  <member type="node" ref="9412086359" role="platform"/>
  <member type="node" ref="1349991438" role="stop"/>
  <member type="node" ref="9412086361" role="platform"/>
  <member type="node" ref="1349978390" role="stop"/>
  <member type="node" ref="9412086363" role="platform"/>
  <member type="node" ref="1694280261" role="stop"/>
  <member type="node" ref="9412086365" role="platform"/>
  <member type="node" ref="5271724147" role="stop"/>
  <member type="node" ref="9412086367" role="platform"/>
  <member type="node" ref="1349987969" role="stop"/>
  <member type="node" ref="9412086368" role="platform"/>
  <member type="node" ref="8754100322" role="stop"/>
  <member type="node" ref="9412086335" role="platform"/>
  <member type="node" ref="1349993957" role="stop"/>
  <member type="node" ref="9412086370" role="platform"/>
  <member type="node" ref="12905858485" role="stop"/>
  <member type="node" ref="9412086372" role="platform"/>
  <member type="node" ref="1349992109" role="stop"/>
  <member type="node" ref="9412086374" role="platform"/>
  <member type="node" ref="12905858484" role="stop"/>
  <member type="node" ref="9412086376" role="platform"/>
  <member type="node" ref="12905858483" role="stop"/>
  <member type="node" ref="9412086378" role="platform"/>
  <member type="node" ref="3510016039" role="stop"/>
  <member type="node" ref="9412086248" role="platform"/>
  <member type="node" ref="928307865" role="stop"/>
  <member type="node" ref="9412086380" role="platform"/>
  <member type="node" ref="12905858478" role="stop"/>
  <member type="node" ref="9412086382" role="platform"/>
  <member type="way" ref="1036697531" role=""/>
  <member type="way" ref="1163757161" role=""/>
  <member type="way" ref="1036697528" role=""/>
  <member type="way" ref="1036697526" role=""/>
  <member type="way" ref="119878523" role=""/>
  <member type="way" ref="517552886" role=""/>
  <member type="way" ref="119878656" role=""/>
  <member type="way" ref="1036697525" role=""/>
  <member type="way" ref="1036697534" role=""/>
  <member type="way" ref="1036697533" role=""/>
  <member type="way" ref="1036697512" role=""/>
  <member type="way" ref="1036697534" role=""/>
  <member type="way" ref="1036697525" role=""/>
  <member type="way" ref="119878656" role=""/>
  <member type="way" ref="1036697524" role=""/>
  <member type="way" ref="119879071" role=""/>
  <member type="way" ref="119887610" role=""/>
  <member type="way" ref="119888155" role=""/>
  <member type="way" ref="119879116" role=""/>
  <member type="way" ref="119879037" role=""/>
  <member type="way" ref="119885215" role=""/>
  <member type="way" ref="1161949597" role=""/>
  <member type="way" ref="119886759" role=""/>
  <member type="way" ref="119887879" role=""/>
  <member type="way" ref="119885734" role=""/>
  <member type="way" ref="119885590" role=""/>
  <member type="way" ref="119887887" role=""/>
  <member type="way" ref="119888300" role=""/>
  <member type="way" ref="119885704" role=""/>
  <member type="way" ref="119885762" role=""/>
  <member type="way" ref="119887444" role=""/>
  <member type="way" ref="119885764" role=""/>
  <member type="way" ref="119885750" role=""/>
  <member type="way" ref="119875257" role=""/>
  <member type="way" ref="119875281" role=""/>
  <member type="way" ref="119875438" role=""/>
  <member type="way" ref="119876142" role=""/>
  <member type="way" ref="119875716" role=""/>
  <member type="way" ref="120388743" role=""/>
  <member type="way" ref="120388792" role=""/>
  <member type="way" ref="120388521" role=""/>
  <member type="way" ref="120387602" role=""/>
  <member type="way" ref="120387163" role=""/>
  <member type="way" ref="120387921" role=""/>
  <member type="way" ref="120387996" role=""/>
  <member type="way" ref="709552913" role=""/>
  <member type="way" ref="120388144" role=""/>
  <member type="way" ref="425432195" role=""/>
  <member type="way" ref="425432196" role=""/>
  <member type="way" ref="120388598" role=""/>
  <member type="way" ref="120389202" role=""/>
  <member type="way" ref="120387725" role=""/>
  <member type="way" ref="223295974" role=""/>
  <member type="way" ref="120389227" role=""/>
  <member type="way" ref="120387221" role=""/>
  <member type="way" ref="120387054" role=""/>
  <member type="way" ref="120387198" role=""/>
  <member type="way" ref="120387943" role=""/>
  <member type="way" ref="1394161505" role=""/>
  <member type="way" ref="1036697518" role=""/>
  <member type="way" ref="1036697520" role=""/>
  <member type="way" ref="545450104" role=""/>
  <member type="way" ref="1394161505" role=""/>
  <member type="way" ref="120387104" role=""/>
  <member type="way" ref="120389235" role=""/>
  <member type="way" ref="1036697522" role=""/>
  <member type="way" ref="945602190" role=""/>
  <member type="way" ref="945602188" role=""/>
  <member type="way" ref="1036697522" role=""/>
  <member type="way" ref="120387433" role=""/>
  <member type="way" ref="120389045" role=""/>
  <member type="way" ref="120483110" role=""/>
  <member type="way" ref="120482984" role=""/>
  <member type="way" ref="120485756" role=""/>
  <member type="way" ref="1036697517" role=""/>
  <member type="way" ref="344262388" role=""/>
  <member type="way" ref="344262386" role=""/>
  <member type="way" ref="1394161503" role=""/>
  <member type="way" ref="1394161502" role=""/>
  <member type="way" ref="1036697515" role=""/>
  <member type="way" ref="1036697517" role=""/>
  <member type="way" ref="344262387" role=""/>
  <member type="way" ref="561527716" role=""/>
  <member type="way" ref="561527721" role=""/>
  <member type="way" ref="120483470" role=""/>
  <member type="way" ref="1394161508" role=""/>
  <member type="way" ref="1394161506" role=""/>
  <member type="way" ref="1394161509" role=""/>
  <tag k="duration" v="01:06:00"/>
  <tag k="from" v="山口駅"/>
  <tag k="from:ja-Latn" v="Yamaguchieki"/>
  <tag k="gtfs:route_id" v="2196404353"/>
  <tag k="gtfs:shape_id" v="40000809"/>
  <tag k="name" v="秋吉線 (山口駅 =&gt; 美東病院 =&gt; 秋吉)"/>
  <tag k="name:ja-Latn" v="Akiyoshi-sen (Yamaguchieki =&gt; Mito-byoin =&gt; Akiyoshi)"/>
  <tag k="network" v="秋吉線"/>
  <tag k="opening_hours" v="Mo-Fr 08:30-14:06"/>
  <tag k="operator" v="中国ジェイアールバス"/>
  <tag k="operator:en" v="Chugoku JR Bus"/>
  <tag k="public_transport:version" v="2"/>
  <tag k="route" v="bus"/>
  <tag k="to" v="秋吉"/>
  <tag k="to:ja-Latn" v="Akiyoshi"/>
  <tag k="type" v="route"/>
  <tag k="via" v="美東病院"/>
  <tag k="via:ja-Latn" v="Mito-byoin"/>
 </relation>
 <relation id="13884352" visible="true" version="2" changeset="167486642" timestamp="2025-06-11T11:22:27Z" user="AlexM51" uid="174705">
  <member type="relation" ref="13884347" role=""/>
  <member type="relation" ref="13884351" role=""/>
  <member type="relation" ref="13884350" role=""/>
  <member type="relation" ref="13884349" role=""/>
  <tag k="name" v="秋吉線 (山口駅 &lt;=&gt; 秋吉)"/>
  <tag k="name:ja-Latn" v="Akiyoshi-sen (Yamaguchieki &lt;=&gt; Akiyoshi)"/>
  <tag k="network" v="秋吉線"/>
  <tag k="operator" v="中国ジェイアールバス"/>
  <tag k="operator:en" v="Chugoku JR Bus"/>
  <tag k="route_master" v="bus"/>
  <tag k="type" v="route_master"/>
 </relation>
 <relation id="13884431" visible="true" version="10" changeset="171993143" timestamp="2025-09-16T04:32:12Z" user="taketaketake" uid="4757277">
  <member type="node" ref="9412086504" role="platform"/>
  <member type="node" ref="9412086506" role="platform"/>
  <member type="node" ref="9412086508" role="platform"/>
  <member type="node" ref="9412086510" role="platform"/>
  <member type="node" ref="9412086491" role="platform"/>
  <member type="node" ref="9412086520" role="platform"/>
  <member type="node" ref="9412086519" role="platform"/>
  <member type="node" ref="9412086516" role="platform"/>
  <member type="node" ref="9412086518" role="platform"/>
  <member type="node" ref="9412086521" role="platform"/>
  <member type="node" ref="9412086522" role="platform"/>
  <member type="node" ref="9412086524" role="platform"/>
  <member type="node" ref="9412086476" role="platform"/>
  <member type="node" ref="9412086474" role="platform"/>
  <member type="node" ref="9412086472" role="platform"/>
  <member type="node" ref="9412086470" role="platform"/>
  <member type="node" ref="9412086468" role="platform"/>
  <member type="node" ref="9412086466" role="platform"/>
  <member type="node" ref="9412086464" role="platform"/>
  <member type="node" ref="9412086462" role="platform"/>
  <member type="node" ref="9412086460" role="platform"/>
  <member type="node" ref="9412086487" role="platform"/>
  <member type="node" ref="9412086485" role="platform"/>
  <member type="node" ref="10653428528" role="platform"/>
  <member type="node" ref="9412086458" role="platform"/>
  <member type="node" ref="9412086456" role="platform"/>
  <member type="node" ref="9412086454" role="platform"/>
  <member type="node" ref="9412086453" role="platform"/>
  <member type="node" ref="9412086451" role="platform"/>
  <member type="node" ref="9412086449" role="platform"/>
  <member type="node" ref="9412086447" role="platform"/>
  <member type="node" ref="9412086445" role="platform"/>
  <member type="node" ref="9412086443" role="platform"/>
  <member type="node" ref="9412086441" role="platform"/>
  <member type="node" ref="9412086483" role="platform"/>
  <member type="node" ref="9412086334" role="platform"/>
  <member type="node" ref="9412086439" role="platform"/>
  <member type="node" ref="9412086437" role="platform"/>
  <member type="node" ref="9412086435" role="platform"/>
  <member type="node" ref="9412086433" role="platform"/>
  <member type="node" ref="9412086431" role="platform"/>
  <member type="node" ref="9412086429" role="platform"/>
  <member type="node" ref="9412086427" role="platform"/>
  <member type="node" ref="9412086425" role="platform"/>
  <member type="node" ref="9412086423" role="platform"/>
  <member type="node" ref="9412086421" role="platform"/>
  <member type="node" ref="9412086419" role="platform"/>
  <member type="node" ref="9412086417" role="platform"/>
  <member type="node" ref="9412086415" role="platform"/>
  <member type="node" ref="9412086481" role="platform"/>
  <member type="node" ref="9412086413" role="platform"/>
  <member type="node" ref="9412086411" role="platform"/>
  <member type="node" ref="9412086409" role="platform"/>
  <member type="node" ref="9412086407" role="platform"/>
  <member type="node" ref="9412086405" role="platform"/>
  <member type="node" ref="9412086403" role="platform"/>
  <member type="node" ref="9412086401" role="platform"/>
  <member type="node" ref="9412086400" role="platform"/>
  <member type="node" ref="9412086398" role="platform"/>
  <member type="node" ref="9412086343" role="platform"/>
  <member type="node" ref="9412086479" role="platform"/>
  <member type="node" ref="9412086478" role="platform"/>
  <member type="way" ref="119885215" role=""/>
  <member type="way" ref="119879037" role=""/>
  <member type="way" ref="1036697523" role=""/>
  <member type="way" ref="119878523" role=""/>
  <member type="way" ref="1036697526" role=""/>
  <member type="way" ref="1036697532" role=""/>
  <member type="way" ref="1394161504" role=""/>
  <member type="way" ref="1036697531" role=""/>
  <member type="way" ref="1163757161" role=""/>
  <member type="way" ref="1036697528" role=""/>
  <member type="way" ref="1036697526" role=""/>
  <member type="way" ref="119878523" role=""/>
  <member type="way" ref="517552886" role=""/>
  <member type="way" ref="119878656" role=""/>
  <member type="way" ref="1036697525" role=""/>
  <member type="way" ref="1036697534" role=""/>
  <member type="way" ref="1036697533" role=""/>
  <member type="way" ref="1036697512" role=""/>
  <member type="way" ref="1036697534" role=""/>
  <member type="way" ref="1036697525" role=""/>
  <member type="way" ref="119878656" role=""/>
  <member type="way" ref="1036709693" role=""/>
  <member type="way" ref="1036709692" role=""/>
  <member type="way" ref="119879154" role=""/>
  <member type="way" ref="119879065" role=""/>
  <member type="way" ref="310175728" role=""/>
  <member type="way" ref="310175725" role=""/>
  <member type="way" ref="119878743" role=""/>
  <member type="way" ref="119878597" role=""/>
  <member type="way" ref="119879213" role=""/>
  <member type="way" ref="119879204" role=""/>
  <member type="way" ref="119878605" role=""/>
  <member type="way" ref="1036709691" role=""/>
  <member type="way" ref="119878779" role=""/>
  <member type="way" ref="119878679" role=""/>
  <member type="way" ref="119879109" role=""/>
  <member type="way" ref="119878957" role=""/>
  <member type="way" ref="119878571" role=""/>
  <member type="way" ref="119878796" role=""/>
  <member type="way" ref="119878467" role=""/>
  <member type="way" ref="68875222" role=""/>
  <member type="way" ref="68875217" role=""/>
  <member type="way" ref="68875218" role=""/>
  <member type="way" ref="42403306" role=""/>
  <member type="way" ref="544509184" role=""/>
  <member type="way" ref="544509185" role=""/>
  <member type="way" ref="42476346" role=""/>
  <member type="way" ref="42476343" role=""/>
  <member type="way" ref="42476344" role=""/>
  <member type="way" ref="42476342" role=""/>
  <member type="way" ref="544509186" role=""/>
  <member type="way" ref="544509187" role=""/>
  <member type="way" ref="544509188" role=""/>
  <member type="way" ref="544509189" role=""/>
  <member type="way" ref="42476341" role=""/>
  <member type="way" ref="42476352" role=""/>
  <member type="way" ref="42476351" role=""/>
  <member type="way" ref="119875332" role=""/>
  <member type="way" ref="119875295" role=""/>
  <member type="way" ref="710482454" role=""/>
  <member type="way" ref="544509193" role=""/>
  <member type="way" ref="1036709687" role=""/>
  <member type="way" ref="544509195" role=""/>
  <member type="way" ref="544509194" role=""/>
  <member type="way" ref="114040847" role=""/>
  <member type="way" ref="114040970" role=""/>
  <member type="way" ref="1036709670" role=""/>
  <member type="way" ref="434742622" role=""/>
  <member type="way" ref="1036709668" role=""/>
  <member type="way" ref="1036709669" role=""/>
  <member type="way" ref="704734761" role=""/>
  <member type="way" ref="114040299" role=""/>
  <member type="way" ref="114041125" role=""/>
  <member type="way" ref="114040449" role=""/>
  <member type="way" ref="114041267" role=""/>
  <member type="way" ref="114041034" role=""/>
  <member type="way" ref="42476347" role=""/>
  <member type="way" ref="413732108" role=""/>
  <member type="way" ref="413732109" role=""/>
  <member type="way" ref="42476368" role=""/>
  <member type="way" ref="42476369" role=""/>
  <member type="way" ref="568591089" role=""/>
  <member type="way" ref="710477714" role=""/>
  <member type="way" ref="710477713" role=""/>
  <member type="way" ref="544735763" role=""/>
  <member type="way" ref="544735764" role=""/>
  <member type="way" ref="544735765" role=""/>
  <member type="way" ref="42476366" role=""/>
  <member type="way" ref="568591123" role=""/>
  <member type="way" ref="544735768" role=""/>
  <member type="way" ref="544735767" role=""/>
  <member type="way" ref="544735758" role=""/>
  <member type="way" ref="710459517" role=""/>
  <member type="way" ref="114040401" role=""/>
  <member type="way" ref="114041191" role=""/>
  <member type="way" ref="702008675" role=""/>
  <member type="way" ref="114040351" role=""/>
  <member type="way" ref="544735762" role=""/>
  <member type="way" ref="114056460" role=""/>
  <member type="way" ref="114057397" role=""/>
  <member type="way" ref="114056321" role=""/>
  <member type="way" ref="114057881" role=""/>
  <member type="way" ref="114057811" role=""/>
  <member type="way" ref="114056744" role=""/>
  <member type="way" ref="114057169" role=""/>
  <member type="way" ref="114056169" role=""/>
  <member type="way" ref="1430138808" role=""/>
  <member type="way" ref="114055935" role=""/>
  <member type="way" ref="114058420" role=""/>
  <member type="way" ref="79534125" role=""/>
  <member type="way" ref="1036709684" role=""/>
  <member type="way" ref="316339820" role=""/>
  <member type="way" ref="316339812" role=""/>
  <member type="way" ref="316339817" role=""/>
  <member type="way" ref="114056144" role=""/>
  <member type="way" ref="1036709680" role=""/>
  <member type="way" ref="114058392" role=""/>
  <member type="way" ref="1036709679" role=""/>
  <member type="way" ref="421310968" role=""/>
  <member type="way" ref="1430138807" role=""/>
  <member type="way" ref="114055661" role=""/>
  <member type="way" ref="114058659" role=""/>
  <member type="way" ref="114058518" role=""/>
  <member type="way" ref="402834033" role=""/>
  <member type="way" ref="114056495" role=""/>
  <member type="way" ref="604148052" role=""/>
  <member type="way" ref="1036709675" role=""/>
  <member type="way" ref="1036709674" role=""/>
  <member type="way" ref="1036709676" role=""/>
  <member type="way" ref="1036709675" role=""/>
  <member type="way" ref="604148052" role=""/>
  <member type="way" ref="604148053" role=""/>
  <member type="way" ref="402834035" role=""/>
  <member type="way" ref="114056368" role=""/>
  <member type="way" ref="114058206" role=""/>
  <member type="way" ref="114056326" role=""/>
  <member type="way" ref="114056166" role=""/>
  <member type="way" ref="79534148" role=""/>
  <member type="way" ref="316339802" role=""/>
  <member type="way" ref="316339803" role=""/>
  <member type="way" ref="316339838" role=""/>
  <member type="way" ref="1036709673" role=""/>
  <member type="way" ref="114056730" role=""/>
  <member type="way" ref="1036709672" role=""/>
  <tag k="duration" v="01:40:00"/>
  <tag k="from" v="湯田温泉"/>
  <tag k="gtfs:route_id" v="2229846746"/>
  <tag k="gtfs:shape_id" v="40001280"/>
  <tag k="name" v="Bus: 湯田温泉→東萩駅前"/>
  <tag k="network" v="防長線"/>
  <tag k="opening_hours" v="09:20-11:00"/>
  <tag k="operator" v="中国ジェイアールバス"/>
  <tag k="operator:en" v="Chugoku JR Bus"/>
  <tag k="public_transport:version" v="2"/>
  <tag k="route" v="bus"/>
  <tag k="to" v="東萩駅前"/>
  <tag k="type" v="route"/>
 </relation>
 <relation id="13884432" visible="true" version="11" changeset="171993143" timestamp="2025-09-16T04:32:12Z" user="taketaketake" uid="4757277">
  <member type="node" ref="9412086478" role="platform"/>
  <member type="node" ref="9412086480" role="platform"/>
  <member type="node" ref="9412086343" role="platform"/>
  <member type="node" ref="9412086399" role="platform"/>
  <member type="node" ref="9412086400" role="platform"/>
  <member type="node" ref="9412086402" role="platform"/>
  <member type="node" ref="9412086404" role="platform"/>
  <member type="node" ref="9412086406" role="platform"/>
  <member type="node" ref="9412086408" role="platform"/>
  <member type="node" ref="9412086410" role="platform"/>
  <member type="node" ref="9412086412" role="platform"/>
  <member type="node" ref="9412086414" role="platform"/>
  <member type="node" ref="9412086482" role="platform"/>
  <member type="node" ref="9412086416" role="platform"/>
  <member type="node" ref="9412086418" role="platform"/>
  <member type="node" ref="9412086420" role="platform"/>
  <member type="node" ref="9412086422" role="platform"/>
  <member type="node" ref="9412086424" role="platform"/>
  <member type="node" ref="9412086426" role="platform"/>
  <member type="node" ref="9412086428" role="platform"/>
  <member type="node" ref="9412086430" role="platform"/>
  <member type="node" ref="9412086432" role="platform"/>
  <member type="node" ref="9412086434" role="platform"/>
  <member type="node" ref="9412086436" role="platform"/>
  <member type="node" ref="9412086438" role="platform"/>
  <member type="node" ref="9412086440" role="platform"/>
  <member type="node" ref="9412086334" role="platform"/>
  <member type="node" ref="9412086484" role="platform"/>
  <member type="node" ref="9412086442" role="platform"/>
  <member type="node" ref="9412086444" role="platform"/>
  <member type="node" ref="9412086446" role="platform"/>
  <member type="node" ref="9412086448" role="platform"/>
  <member type="node" ref="9412086450" role="platform"/>
  <member type="node" ref="9412086452" role="platform"/>
  <member type="node" ref="10653908309" role="platform"/>
  <member type="node" ref="9412086455" role="platform"/>
  <member type="node" ref="9412086457" role="platform"/>
  <member type="node" ref="9412086459" role="platform"/>
  <member type="node" ref="10653428529" role="platform"/>
  <member type="node" ref="9412086486" role="platform"/>
  <member type="node" ref="9412086488" role="platform"/>
  <member type="node" ref="9412086461" role="platform"/>
  <member type="node" ref="9412086463" role="platform"/>
  <member type="node" ref="9412086465" role="platform"/>
  <member type="node" ref="9412086467" role="platform"/>
  <member type="node" ref="9412086469" role="platform"/>
  <member type="node" ref="9412086471" role="platform"/>
  <member type="node" ref="9412086473" role="platform"/>
  <member type="node" ref="9412086475" role="platform"/>
  <member type="node" ref="9412086477" role="platform"/>
  <member type="node" ref="9412086525" role="platform"/>
  <member type="node" ref="9412086523" role="platform"/>
  <member type="node" ref="9412086520" role="platform"/>
  <member type="node" ref="9412086519" role="platform"/>
  <member type="node" ref="9412086517" role="platform"/>
  <member type="node" ref="9412086518" role="platform"/>
  <member type="node" ref="9412086521" role="platform"/>
  <member type="node" ref="9412086511" role="platform"/>
  <member type="node" ref="9412086509" role="platform"/>
  <member type="node" ref="9412086507" role="platform"/>
  <member type="node" ref="9412086505" role="platform"/>
  <member type="node" ref="9412086345" role="platform"/>
  <member type="way" ref="1036709672" role=""/>
  <member type="way" ref="1036709671" role=""/>
  <member type="way" ref="1036709673" role=""/>
  <member type="way" ref="316339838" role=""/>
  <member type="way" ref="316339803" role=""/>
  <member type="way" ref="316339802" role=""/>
  <member type="way" ref="79534148" role=""/>
  <member type="way" ref="114056166" role=""/>
  <member type="way" ref="114056326" role=""/>
  <member type="way" ref="114058206" role=""/>
  <member type="way" ref="1036709666" role=""/>
  <member type="way" ref="114055946" role=""/>
  <member type="way" ref="114058274" role=""/>
  <member type="way" ref="402834035" role=""/>
  <member type="way" ref="402834033" role=""/>
  <member type="way" ref="114056495" role=""/>
  <member type="way" ref="604148052" role=""/>
  <member type="way" ref="1036709675" role=""/>
  <member type="way" ref="1036709674" role=""/>
  <member type="way" ref="1036709676" role=""/>
  <member type="way" ref="1036709675" role=""/>
  <member type="way" ref="604148052" role=""/>
  <member type="way" ref="604148053" role=""/>
  <member type="way" ref="114058518" role=""/>
  <member type="way" ref="114058659" role=""/>
  <member type="way" ref="114055661" role=""/>
  <member type="way" ref="1430138807" role=""/>
  <member type="way" ref="421310968" role=""/>
  <member type="way" ref="1036709679" role=""/>
  <member type="way" ref="1036709678" role=""/>
  <member type="way" ref="1036709680" role=""/>
  <member type="way" ref="114058392" role=""/>
  <member type="way" ref="1036709678" role=""/>
  <member type="way" ref="114056144" role=""/>
  <member type="way" ref="1036709681" role=""/>
  <member type="way" ref="1036709682" role=""/>
  <member type="way" ref="114057391" role=""/>
  <member type="way" ref="114056724" role=""/>
  <member type="way" ref="79534125" role=""/>
  <member type="way" ref="114058420" role=""/>
  <member type="way" ref="114055935" role=""/>
  <member type="way" ref="1430138808" role=""/>
  <member type="way" ref="114056169" role=""/>
  <member type="way" ref="114057169" role=""/>
  <member type="way" ref="114056744" role=""/>
  <member type="way" ref="114057811" role=""/>
  <member type="way" ref="114057881" role=""/>
  <member type="way" ref="114056321" role=""/>
  <member type="way" ref="114057397" role=""/>
  <member type="way" ref="114056460" role=""/>
  <member type="way" ref="544735762" role=""/>
  <member type="way" ref="114040351" role=""/>
  <member type="way" ref="702008675" role=""/>
  <member type="way" ref="114041191" role=""/>
  <member type="way" ref="114040401" role=""/>
  <member type="way" ref="710459517" role=""/>
  <member type="way" ref="544735758" role=""/>
  <member type="way" ref="544735767" role=""/>
  <member type="way" ref="544735768" role=""/>
  <member type="way" ref="568591123" role=""/>
  <member type="way" ref="42476366" role=""/>
  <member type="way" ref="544735765" role=""/>
  <member type="way" ref="544735764" role=""/>
  <member type="way" ref="544735763" role=""/>
  <member type="way" ref="710477713" role=""/>
  <member type="way" ref="710477714" role=""/>
  <member type="way" ref="568591089" role=""/>
  <member type="way" ref="42476369" role=""/>
  <member type="way" ref="42476368" role=""/>
  <member type="way" ref="413732109" role=""/>
  <member type="way" ref="413732108" role=""/>
  <member type="way" ref="42476347" role=""/>
  <member type="way" ref="114041034" role=""/>
  <member type="way" ref="114041267" role=""/>
  <member type="way" ref="114040449" role=""/>
  <member type="way" ref="114041125" role=""/>
  <member type="way" ref="114040299" role=""/>
  <member type="way" ref="704734761" role=""/>
  <member type="way" ref="1036709669" role=""/>
  <member type="way" ref="1036709668" role=""/>
  <member type="way" ref="434742622" role=""/>
  <member type="way" ref="1036709670" role=""/>
  <member type="way" ref="114040970" role=""/>
  <member type="way" ref="114040847" role=""/>
  <member type="way" ref="544509194" role=""/>
  <member type="way" ref="544509195" role=""/>
  <member type="way" ref="544509191" role=""/>
  <member type="way" ref="1036709688" role=""/>
  <member type="way" ref="710482454" role=""/>
  <member type="way" ref="119875295" role=""/>
  <member type="way" ref="119875332" role=""/>
  <member type="way" ref="42476351" role=""/>
  <member type="way" ref="42476352" role=""/>
  <member type="way" ref="42476341" role=""/>
  <member type="way" ref="544509189" role=""/>
  <member type="way" ref="544509188" role=""/>
  <member type="way" ref="544509187" role=""/>
  <member type="way" ref="544509186" role=""/>
  <member type="way" ref="42476342" role=""/>
  <member type="way" ref="42476344" role=""/>
  <member type="way" ref="42476343" role=""/>
  <member type="way" ref="42476346" role=""/>
  <member type="way" ref="544509185" role=""/>
  <member type="way" ref="544509184" role=""/>
  <member type="way" ref="42403306" role=""/>
  <member type="way" ref="42403311" role=""/>
  <member type="way" ref="68875219" role=""/>
  <member type="way" ref="68875220" role=""/>
  <member type="way" ref="119878796" role=""/>
  <member type="way" ref="1036709690" role=""/>
  <member type="way" ref="119878679" role=""/>
  <member type="way" ref="119878779" role=""/>
  <member type="way" ref="1036709691" role=""/>
  <member type="way" ref="119878605" role=""/>
  <member type="way" ref="119879204" role=""/>
  <member type="way" ref="119879213" role=""/>
  <member type="way" ref="119878597" role=""/>
  <member type="way" ref="119878743" role=""/>
  <member type="way" ref="310175725" role=""/>
  <member type="way" ref="310175728" role=""/>
  <member type="way" ref="119879065" role=""/>
  <member type="way" ref="119879154" role=""/>
  <member type="way" ref="1036697536" role=""/>
  <member type="way" ref="119878656" role=""/>
  <member type="way" ref="1036697525" role=""/>
  <member type="way" ref="1036697534" role=""/>
  <member type="way" ref="1036697533" role=""/>
  <member type="way" ref="1036697512" role=""/>
  <member type="way" ref="1036697534" role=""/>
  <member type="way" ref="1036697525" role=""/>
  <member type="way" ref="119878656" role=""/>
  <member type="way" ref="119878549" role=""/>
  <member type="way" ref="119878523" role=""/>
  <member type="way" ref="1036697526" role=""/>
  <member type="way" ref="1036697532" role=""/>
  <member type="way" ref="1394161504" role=""/>
  <member type="way" ref="1036697531" role=""/>
  <member type="way" ref="1163757161" role=""/>
  <member type="way" ref="1036697528" role=""/>
  <member type="way" ref="1036697526" role=""/>
  <member type="way" ref="119878523" role=""/>
  <member type="way" ref="1036697523" role=""/>
  <member type="way" ref="119879037" role=""/>
  <member type="way" ref="119885215" role=""/>
  <tag k="duration" v="01:43:00"/>
  <tag k="from" v="東萩駅前"/>
  <tag k="gtfs:route_id" v="2229846746"/>
  <tag k="gtfs:shape_id" v="40001289"/>
  <tag k="name" v="Bus: 東萩駅前→湯田温泉通"/>
  <tag k="network" v="防長線"/>
  <tag k="opening_hours" v="06:15-16:13"/>
  <tag k="operator" v="中国ジェイアールバス"/>
  <tag k="operator:en" v="Chugoku JR Bus"/>
  <tag k="public_transport:version" v="2"/>
  <tag k="route" v="bus"/>
  <tag k="to" v="湯田温泉通"/>
  <tag k="type" v="route"/>
 </relation>
 <relation id="13884436" visible="true" version="2" changeset="134842526" timestamp="2023-04-13T03:15:44Z" user="okadatsuneo_import" uid="12352917">
  <member type="relation" ref="13884431" role=""/>
  <member type="relation" ref="13884432" role=""/>
  <tag k="name" v="Bus 湯田温泉&lt;-&gt;東萩駅前"/>
  <tag k="network" v="防長線"/>
  <tag k="operator" v="中国ジェイアールバス"/>
  <tag k="operator:en" v="Chugoku JR Bus"/>
  <tag k="route_master" v="bus"/>
  <tag k="type" v="route_master"/>
 </relation>
 <relation id="15742023" visible="true" version="16" changeset="172594622" timestamp="2025-09-29T06:10:24Z" user="taketaketake" uid="4757277">
  <member type="node" ref="9412086570" role="platform"/>
  <member type="node" ref="9412086568" role="platform"/>
  <member type="node" ref="9412086566" role="platform"/>
  <member type="node" ref="9412086564" role="platform"/>
  <member type="node" ref="9412086562" role="platform"/>
  <member type="node" ref="9412086560" role="platform"/>
  <member type="node" ref="9412086558" role="platform"/>
  <member type="node" ref="9412086556" role="platform"/>
  <member type="node" ref="9412086554" role="platform"/>
  <member type="node" ref="9412086552" role="platform"/>
  <member type="node" ref="9412086550" role="platform"/>
  <member type="node" ref="9412086548" role="platform"/>
  <member type="node" ref="9412086546" role="platform"/>
  <member type="node" ref="9412086544" role="platform"/>
  <member type="node" ref="9412086542" role="platform"/>
  <member type="node" ref="9412086540" role="platform"/>
  <member type="node" ref="9412086538" role="platform"/>
  <member type="node" ref="9412086536" role="platform"/>
  <member type="node" ref="9412086534" role="platform"/>
  <member type="node" ref="9412086346" role="platform"/>
  <member type="node" ref="9412086515" role="platform"/>
  <member type="node" ref="9412086532" role="platform"/>
  <member type="node" ref="9412086530" role="platform"/>
  <member type="node" ref="9412086513" role="platform"/>
  <member type="node" ref="9412086517" role="platform"/>
  <member type="node" ref="9412086518" role="platform"/>
  <member type="node" ref="9412086521" role="platform"/>
  <member type="node" ref="9412086522" role="platform"/>
  <member type="node" ref="9412086525" role="platform"/>
  <member type="node" ref="9412086527" role="platform"/>
  <member type="node" ref="9412086511" role="platform"/>
  <member type="node" ref="9412086509" role="platform"/>
  <member type="node" ref="9412086507" role="platform"/>
  <member type="node" ref="9412086505" role="platform"/>
  <member type="node" ref="9412086503" role="platform"/>
  <member type="node" ref="9412086396" role="platform"/>
  <member type="node" ref="9412086394" role="platform"/>
  <member type="node" ref="9412086392" role="platform"/>
  <member type="node" ref="9412086390" role="platform"/>
  <member type="node" ref="9412086388" role="platform"/>
  <member type="node" ref="9412086386" role="platform"/>
  <member type="node" ref="9412086384" role="platform"/>
  <member type="way" ref="357194915" role=""/>
  <member type="way" ref="357194913" role=""/>
  <member type="way" ref="957733672" role=""/>
  <member type="way" ref="77178773" role=""/>
  <member type="way" ref="361731290" role=""/>
  <member type="way" ref="1420856717" role=""/>
  <member type="way" ref="1122925019" role=""/>
  <member type="way" ref="361731281" role=""/>
  <member type="way" ref="361731282" role=""/>
  <member type="way" ref="361731280" role=""/>
  <member type="way" ref="119986970" role=""/>
  <member type="way" ref="710577835" role=""/>
  <member type="way" ref="1163757171" role=""/>
  <member type="way" ref="710577834" role=""/>
  <member type="way" ref="710577831" role=""/>
  <member type="way" ref="710577830" role=""/>
  <member type="way" ref="119885470" role=""/>
  <member type="way" ref="119886915" role=""/>
  <member type="way" ref="535381131" role=""/>
  <member type="way" ref="535381134" role=""/>
  <member type="way" ref="289348800" role=""/>
  <member type="way" ref="289348803" role=""/>
  <member type="way" ref="289348808" role=""/>
  <member type="way" ref="289348798" role=""/>
  <member type="way" ref="289348809" role=""/>
  <member type="way" ref="1315033214" role=""/>
  <member type="way" ref="289348802" role=""/>
  <member type="way" ref="1420101860" role=""/>
  <member type="way" ref="289348826" role=""/>
  <member type="way" ref="119887013" role=""/>
  <member type="way" ref="552482886" role=""/>
  <member type="way" ref="546317412" role=""/>
  <member type="way" ref="119885290" role=""/>
  <member type="way" ref="119887419" role=""/>
  <member type="way" ref="1163757165" role=""/>
  <member type="way" ref="1163757164" role=""/>
  <member type="way" ref="119887419" role=""/>
  <member type="way" ref="119887566" role=""/>
  <member type="way" ref="119886474" role=""/>
  <member type="way" ref="119888061" role=""/>
  <member type="way" ref="119886880" role=""/>
  <member type="way" ref="119885817" role=""/>
  <member type="way" ref="957726378" role=""/>
  <member type="way" ref="119879058" role=""/>
  <member type="way" ref="1036697530" role=""/>
  <member type="way" ref="1036697526" role=""/>
  <member type="way" ref="1036697532" role=""/>
  <member type="way" ref="1394161504" role=""/>
  <member type="way" ref="1036697531" role=""/>
  <member type="way" ref="1163757161" role=""/>
  <member type="way" ref="1036697528" role=""/>
  <member type="way" ref="1036697526" role=""/>
  <member type="way" ref="119878523" role=""/>
  <member type="way" ref="517552886" role=""/>
  <member type="way" ref="119878656" role=""/>
  <member type="way" ref="1036697525" role=""/>
  <member type="way" ref="1036697534" role=""/>
  <member type="way" ref="1036697533" role=""/>
  <member type="way" ref="1036697512" role=""/>
  <member type="way" ref="1036697534" role=""/>
  <member type="way" ref="1036697525" role=""/>
  <member type="way" ref="119878656" role=""/>
  <member type="way" ref="1036697524" role=""/>
  <member type="way" ref="119879071" role=""/>
  <member type="way" ref="119887610" role=""/>
  <member type="way" ref="119888155" role=""/>
  <member type="way" ref="119879116" role=""/>
  <member type="way" ref="119879037" role=""/>
  <member type="way" ref="119885215" role=""/>
  <member type="way" ref="1161949597" role=""/>
  <member type="way" ref="119886759" role=""/>
  <member type="way" ref="119887879" role=""/>
  <member type="way" ref="119885734" role=""/>
  <member type="way" ref="119885590" role=""/>
  <member type="way" ref="119887887" role=""/>
  <member type="way" ref="119888300" role=""/>
  <member type="way" ref="119885704" role=""/>
  <member type="way" ref="119885762" role=""/>
  <member type="way" ref="119887444" role=""/>
  <member type="way" ref="119885764" role=""/>
  <member type="way" ref="119885750" role=""/>
  <member type="way" ref="119875257" role=""/>
  <tag k="duration" v="01:09:00"/>
  <tag k="from" v="防府駅前"/>
  <tag k="gtfs:route_id" v="2229846746"/>
  <tag k="gtfs:shape_id" v="40000770"/>
  <tag k="name" v="Bus: 防府駅前→ゆめタウン山口→山口県庁前→中尾口"/>
  <tag k="network" v="防長線"/>
  <tag k="opening_hours" v="Mo-Fr 08:25-15:21; Sa-Su 08:25-15:23"/>
  <tag k="operator" v="中国ジェイアールバス"/>
  <tag k="operator:en" v="Chugoku JR Bus"/>
  <tag k="public_transport:version" v="2"/>
  <tag k="route" v="bus"/>
  <tag k="to" v="中尾口"/>
  <tag k="type" v="route"/>
  <tag k="via" v="ゆめタウン山口;山口県庁前"/>
 </relation>
 <relation id="15742024" visible="true" version="16" changeset="178047391" timestamp="2026-02-03T12:01:21Z" user="setowalker" uid="21720421">
  <member type="node" ref="9412086385" role="platform"/>
  <member type="node" ref="9412086387" role="platform"/>
  <member type="node" ref="9412086389" role="platform"/>
  <member type="node" ref="9412086391" role="platform"/>
  <member type="node" ref="9412086393" role="platform"/>
  <member type="node" ref="9412086395" role="platform"/>
  <member type="node" ref="9412086397" role="platform"/>
  <member type="node" ref="9412086502" role="platform"/>
  <member type="node" ref="9412086504" role="platform"/>
  <member type="node" ref="9412086506" role="platform"/>
  <member type="node" ref="9412086508" role="platform"/>
  <member type="node" ref="9412086510" role="platform"/>
  <member type="node" ref="9412086512" role="platform"/>
  <member type="node" ref="9412086528" role="platform"/>
  <member type="node" ref="9412086526" role="platform"/>
  <member type="node" ref="9412086523" role="platform"/>
  <member type="node" ref="9412086520" role="platform"/>
  <member type="node" ref="9412086519" role="platform"/>
  <member type="node" ref="9412086516" role="platform"/>
  <member type="node" ref="9412086514" role="platform"/>
  <member type="node" ref="9412086531" role="platform"/>
  <member type="node" ref="9412086533" role="platform"/>
  <member type="node" ref="9412086515" role="platform"/>
  <member type="node" ref="9412086535" role="platform"/>
  <member type="node" ref="9412086537" role="platform"/>
  <member type="node" ref="9412086539" role="platform"/>
  <member type="node" ref="9412086541" role="platform"/>
  <member type="node" ref="9412086543" role="platform"/>
  <member type="node" ref="9412086545" role="platform"/>
  <member type="node" ref="9412086547" role="platform"/>
  <member type="node" ref="9412086549" role="platform"/>
  <member type="node" ref="9412086551" role="platform"/>
  <member type="node" ref="9412086553" role="platform"/>
  <member type="node" ref="9412086555" role="platform"/>
  <member type="node" ref="9412086557" role="platform"/>
  <member type="node" ref="9412086559" role="platform"/>
  <member type="node" ref="9412086561" role="platform"/>
  <member type="node" ref="9412086563" role="platform"/>
  <member type="node" ref="9412086565" role="platform"/>
  <member type="node" ref="9412086567" role="platform"/>
  <member type="node" ref="9412086569" role="platform"/>
  <member type="node" ref="9412086571" role="platform"/>
  <member type="way" ref="119875257" role=""/>
  <member type="way" ref="119885750" role=""/>
  <member type="way" ref="119885764" role=""/>
  <member type="way" ref="119887444" role=""/>
  <member type="way" ref="119885762" role=""/>
  <member type="way" ref="119885704" role=""/>
  <member type="way" ref="119888300" role=""/>
  <member type="way" ref="119887887" role=""/>
  <member type="way" ref="119885590" role=""/>
  <member type="way" ref="119885734" role=""/>
  <member type="way" ref="119887879" role=""/>
  <member type="way" ref="119886759" role=""/>
  <member type="way" ref="1161949597" role=""/>
  <member type="way" ref="119885215" role=""/>
  <member type="way" ref="119879037" role=""/>
  <member type="way" ref="119879116" role=""/>
  <member type="way" ref="119888155" role=""/>
  <member type="way" ref="119887610" role=""/>
  <member type="way" ref="119879071" role=""/>
  <member type="way" ref="1036697511" role=""/>
  <member type="way" ref="1036697510" role=""/>
  <member type="way" ref="1036697514" role=""/>
  <member type="way" ref="1036697512" role=""/>
  <member type="way" ref="1036697534" role=""/>
  <member type="way" ref="1036697525" role=""/>
  <member type="way" ref="119878656" role=""/>
  <member type="way" ref="119878549" role=""/>
  <member type="way" ref="119878523" role=""/>
  <member type="way" ref="1036697526" role=""/>
  <member type="way" ref="1036697532" role=""/>
  <member type="way" ref="1394161504" role=""/>
  <member type="way" ref="1036697531" role=""/>
  <member type="way" ref="1036697527" role=""/>
  <member type="way" ref="119879058" role=""/>
  <member type="way" ref="957726378" role=""/>
  <member type="way" ref="119885817" role=""/>
  <member type="way" ref="119886880" role=""/>
  <member type="way" ref="119888061" role=""/>
  <member type="way" ref="119886474" role=""/>
  <member type="way" ref="119887566" role=""/>
  <member type="way" ref="119887419" role=""/>
  <member type="way" ref="1163757165" role=""/>
  <member type="way" ref="1163757164" role=""/>
  <member type="way" ref="119887419" role=""/>
  <member type="way" ref="119885290" role=""/>
  <member type="way" ref="546317412" role=""/>
  <member type="way" ref="407829907" role=""/>
  <member type="way" ref="1473855298" role=""/>
  <member type="way" ref="1473855299" role=""/>
  <member type="way" ref="139849495" role=""/>
  <member type="way" ref="1420101861" role=""/>
  <member type="way" ref="1315033215" role=""/>
  <member type="way" ref="289348758" role=""/>
  <member type="way" ref="289348773" role=""/>
  <member type="way" ref="289348780" role=""/>
  <member type="way" ref="289348769" role=""/>
  <member type="way" ref="289348772" role=""/>
  <member type="way" ref="535381133" role=""/>
  <member type="way" ref="535381132" role=""/>
  <member type="way" ref="289348757" role=""/>
  <member type="way" ref="42403292" role=""/>
  <member type="way" ref="289348828" role=""/>
  <member type="way" ref="710577832" role=""/>
  <member type="way" ref="710577833" role=""/>
  <member type="way" ref="1163757160" role=""/>
  <member type="way" ref="710577836" role=""/>
  <member type="way" ref="552730769" role=""/>
  <member type="way" ref="552730766" role=""/>
  <member type="way" ref="1315019735" role=""/>
  <member type="way" ref="361731287" role=""/>
  <member type="way" ref="1420856718" role=""/>
  <member type="way" ref="361731290" role=""/>
  <member type="way" ref="77178773" role=""/>
  <member type="way" ref="957733672" role=""/>
  <member type="way" ref="646777796" role=""/>
  <tag k="duration" v="01:15:00"/>
  <tag k="from" v="中尾口"/>
  <tag k="gtfs:route_id" v="2229846746"/>
  <tag k="gtfs:shape_id" v="40000779"/>
  <tag k="name" v="Bus: 中尾口→山口県庁前→ゆめタウン山口→防府駅"/>
  <tag k="network" v="防長線"/>
  <tag k="opening_hours" v="Mo-Fr 08:35-16:45; Sa-Su 09:30-16:45"/>
  <tag k="operator" v="中国ジェイアールバス"/>
  <tag k="operator:en" v="Chugoku JR Bus"/>
  <tag k="public_transport:version" v="2"/>
  <tag k="route" v="bus"/>
  <tag k="to" v="防府駅"/>
  <tag k="type" v="route"/>
  <tag k="via" v="山口県庁前;ゆめタウン山口"/>
 </relation>
 <relation id="15742025" visible="true" version="16" changeset="172594622" timestamp="2025-09-29T06:10:24Z" user="taketaketake" uid="4757277">
  <member type="node" ref="9412086570" role="platform"/>
  <member type="node" ref="9412086568" role="platform"/>
  <member type="node" ref="9412086566" role="platform"/>
  <member type="node" ref="9412086564" role="platform"/>
  <member type="node" ref="9412086562" role="platform"/>
  <member type="node" ref="9412086560" role="platform"/>
  <member type="node" ref="9412086558" role="platform"/>
  <member type="node" ref="9412086556" role="platform"/>
  <member type="node" ref="9412086554" role="platform"/>
  <member type="node" ref="9412086552" role="platform"/>
  <member type="node" ref="9412086550" role="platform"/>
  <member type="node" ref="9412086548" role="platform"/>
  <member type="node" ref="9412086546" role="platform"/>
  <member type="node" ref="9412086544" role="platform"/>
  <member type="node" ref="9412086542" role="platform"/>
  <member type="node" ref="9412086540" role="platform"/>
  <member type="node" ref="9412086538" role="platform"/>
  <member type="node" ref="9412086536" role="platform"/>
  <member type="node" ref="9412086534" role="platform"/>
  <member type="node" ref="9412086346" role="platform"/>
  <member type="node" ref="9412086532" role="platform"/>
  <member type="node" ref="9412086530" role="platform"/>
  <member type="node" ref="9412086513" role="platform"/>
  <member type="node" ref="9412086517" role="platform"/>
  <member type="node" ref="9412086518" role="platform"/>
  <member type="node" ref="9412086521" role="platform"/>
  <member type="node" ref="9412086522" role="platform"/>
  <member type="node" ref="9412086525" role="platform"/>
  <member type="node" ref="9412086527" role="platform"/>
  <member type="node" ref="9412086511" role="platform"/>
  <member type="node" ref="9412086509" role="platform"/>
  <member type="node" ref="9412086507" role="platform"/>
  <member type="node" ref="9412086505" role="platform"/>
  <member type="node" ref="9412086503" role="platform"/>
  <member type="node" ref="9412086396" role="platform"/>
  <member type="node" ref="9412086394" role="platform"/>
  <member type="node" ref="9412086392" role="platform"/>
  <member type="node" ref="9412086390" role="platform"/>
  <member type="node" ref="9412086388" role="platform"/>
  <member type="node" ref="9412086386" role="platform"/>
  <member type="node" ref="9412086384" role="platform"/>
  <member type="way" ref="357194915" role=""/>
  <member type="way" ref="357194913" role=""/>
  <member type="way" ref="957733672" role=""/>
  <member type="way" ref="77178773" role=""/>
  <member type="way" ref="361731290" role=""/>
  <member type="way" ref="1420856717" role=""/>
  <member type="way" ref="1122925019" role=""/>
  <member type="way" ref="361731281" role=""/>
  <member type="way" ref="361731282" role=""/>
  <member type="way" ref="361731280" role=""/>
  <member type="way" ref="119986970" role=""/>
  <member type="way" ref="710577835" role=""/>
  <member type="way" ref="1163757171" role=""/>
  <member type="way" ref="710577834" role=""/>
  <member type="way" ref="710577831" role=""/>
  <member type="way" ref="710577830" role=""/>
  <member type="way" ref="119885470" role=""/>
  <member type="way" ref="119886915" role=""/>
  <member type="way" ref="535381131" role=""/>
  <member type="way" ref="535381134" role=""/>
  <member type="way" ref="289348800" role=""/>
  <member type="way" ref="289348803" role=""/>
  <member type="way" ref="289348808" role=""/>
  <member type="way" ref="289348798" role=""/>
  <member type="way" ref="289348809" role=""/>
  <member type="way" ref="1315033214" role=""/>
  <member type="way" ref="289348802" role=""/>
  <member type="way" ref="1420101860" role=""/>
  <member type="way" ref="289348826" role=""/>
  <member type="way" ref="119887013" role=""/>
  <member type="way" ref="552482886" role=""/>
  <member type="way" ref="546317412" role=""/>
  <member type="way" ref="119885290" role=""/>
  <member type="way" ref="119887566" role=""/>
  <member type="way" ref="119886474" role=""/>
  <member type="way" ref="119888061" role=""/>
  <member type="way" ref="119886880" role=""/>
  <member type="way" ref="119885817" role=""/>
  <member type="way" ref="957726378" role=""/>
  <member type="way" ref="119879058" role=""/>
  <member type="way" ref="1036697530" role=""/>
  <member type="way" ref="1036697526" role=""/>
  <member type="way" ref="1036697532" role=""/>
  <member type="way" ref="1394161504" role=""/>
  <member type="way" ref="1036697531" role=""/>
  <member type="way" ref="1163757161" role=""/>
  <member type="way" ref="1036697528" role=""/>
  <member type="way" ref="1036697526" role=""/>
  <member type="way" ref="119878523" role=""/>
  <member type="way" ref="517552886" role=""/>
  <member type="way" ref="119878656" role=""/>
  <member type="way" ref="1036697525" role=""/>
  <member type="way" ref="1036697534" role=""/>
  <member type="way" ref="1036697533" role=""/>
  <member type="way" ref="1036697512" role=""/>
  <member type="way" ref="1036697534" role=""/>
  <member type="way" ref="1036697525" role=""/>
  <member type="way" ref="119878656" role=""/>
  <member type="way" ref="1036697524" role=""/>
  <member type="way" ref="119879071" role=""/>
  <member type="way" ref="119887610" role=""/>
  <member type="way" ref="119888155" role=""/>
  <member type="way" ref="119879116" role=""/>
  <member type="way" ref="119879037" role=""/>
  <member type="way" ref="119885215" role=""/>
  <member type="way" ref="1161949597" role=""/>
  <member type="way" ref="119886759" role=""/>
  <member type="way" ref="119887879" role=""/>
  <member type="way" ref="119885734" role=""/>
  <member type="way" ref="119885590" role=""/>
  <member type="way" ref="119887887" role=""/>
  <member type="way" ref="119888300" role=""/>
  <member type="way" ref="119885704" role=""/>
  <member type="way" ref="119885762" role=""/>
  <member type="way" ref="119887444" role=""/>
  <member type="way" ref="119885764" role=""/>
  <member type="way" ref="119885750" role=""/>
  <member type="way" ref="119875257" role=""/>
  <tag k="duration" v="01:05:00"/>
  <tag k="from" v="防府駅前"/>
  <tag k="gtfs:route_id" v="2229846746"/>
  <tag k="gtfs:shape_id" v="40000990"/>
  <tag k="name" v="Bus: 防府駅前→山口県庁前→中尾口"/>
  <tag k="network" v="防長線"/>
  <tag k="opening_hours" v="Mo-Fr 06:50-07:55"/>
  <tag k="operator" v="中国ジェイアールバス"/>
  <tag k="operator:en" v="Chugoku JR Bus"/>
  <tag k="public_transport:version" v="2"/>
  <tag k="route" v="bus"/>
  <tag k="to" v="中尾口"/>
  <tag k="type" v="route"/>
  <tag k="via" v="山口県庁前"/>
 </relation>
 <relation id="15742026" visible="true" version="17" changeset="172594622" timestamp="2025-09-29T06:10:24Z" user="taketaketake" uid="4757277">
  <member type="node" ref="9412086570" role="platform"/>
  <member type="node" ref="9412086568" role="platform"/>
  <member type="node" ref="9412086566" role="platform"/>
  <member type="node" ref="9412086564" role="platform"/>
  <member type="node" ref="9412086562" role="platform"/>
  <member type="node" ref="9412086342" role="platform"/>
  <member type="node" ref="9412086340" role="platform"/>
  <member type="node" ref="9412086337" role="platform"/>
  <member type="node" ref="9412086339" role="platform"/>
  <member type="node" ref="9412086341" role="platform"/>
  <member type="node" ref="9412086560" role="platform"/>
  <member type="node" ref="9412086558" role="platform"/>
  <member type="node" ref="9412086556" role="platform"/>
  <member type="node" ref="9412086554" role="platform"/>
  <member type="node" ref="9412086552" role="platform"/>
  <member type="node" ref="9412086550" role="platform"/>
  <member type="node" ref="9412086548" role="platform"/>
  <member type="node" ref="9412086546" role="platform"/>
  <member type="node" ref="9412086544" role="platform"/>
  <member type="node" ref="9412086542" role="platform"/>
  <member type="node" ref="9412086540" role="platform"/>
  <member type="node" ref="9412086538" role="platform"/>
  <member type="node" ref="9412086536" role="platform"/>
  <member type="node" ref="9412086534" role="platform"/>
  <member type="node" ref="9412086346" role="platform"/>
  <member type="node" ref="9412086515" role="platform"/>
  <member type="node" ref="9412086532" role="platform"/>
  <member type="node" ref="9412086530" role="platform"/>
  <member type="node" ref="9412086513" role="platform"/>
  <member type="node" ref="9412086517" role="platform"/>
  <member type="node" ref="9412086518" role="platform"/>
  <member type="node" ref="9412086521" role="platform"/>
  <member type="node" ref="9412086522" role="platform"/>
  <member type="node" ref="9412086525" role="platform"/>
  <member type="node" ref="9412086527" role="platform"/>
  <member type="node" ref="9412086511" role="platform"/>
  <member type="node" ref="9412086509" role="platform"/>
  <member type="node" ref="9412086507" role="platform"/>
  <member type="node" ref="9412086505" role="platform"/>
  <member type="node" ref="9412086503" role="platform"/>
  <member type="node" ref="9412086396" role="platform"/>
  <member type="node" ref="9412086394" role="platform"/>
  <member type="node" ref="9412086392" role="platform"/>
  <member type="node" ref="9412086390" role="platform"/>
  <member type="node" ref="9412086388" role="platform"/>
  <member type="node" ref="9412086386" role="platform"/>
  <member type="node" ref="9412086384" role="platform"/>
  <member type="way" ref="357194915" role=""/>
  <member type="way" ref="357194913" role=""/>
  <member type="way" ref="957733672" role=""/>
  <member type="way" ref="77178773" role=""/>
  <member type="way" ref="361731290" role=""/>
  <member type="way" ref="1420856717" role=""/>
  <member type="way" ref="1122925019" role=""/>
  <member type="way" ref="361731281" role=""/>
  <member type="way" ref="361731282" role=""/>
  <member type="way" ref="361731280" role=""/>
  <member type="way" ref="119986970" role=""/>
  <member type="way" ref="710577835" role=""/>
  <member type="way" ref="1163757171" role=""/>
  <member type="way" ref="119986480" role=""/>
  <member type="way" ref="1163757168" role=""/>
  <member type="way" ref="1163757169" role=""/>
  <member type="way" ref="1163757168" role=""/>
  <member type="way" ref="119986480" role=""/>
  <member type="way" ref="710577834" role=""/>
  <member type="way" ref="710577831" role=""/>
  <member type="way" ref="710577830" role=""/>
  <member type="way" ref="119885470" role=""/>
  <member type="way" ref="119886915" role=""/>
  <member type="way" ref="535381131" role=""/>
  <member type="way" ref="535381134" role=""/>
  <member type="way" ref="289348800" role=""/>
  <member type="way" ref="289348803" role=""/>
  <member type="way" ref="289348808" role=""/>
  <member type="way" ref="289348798" role=""/>
  <member type="way" ref="289348809" role=""/>
  <member type="way" ref="1315033214" role=""/>
  <member type="way" ref="289348802" role=""/>
  <member type="way" ref="1420101860" role=""/>
  <member type="way" ref="289348826" role=""/>
  <member type="way" ref="119887013" role=""/>
  <member type="way" ref="552482886" role=""/>
  <member type="way" ref="546317412" role=""/>
  <member type="way" ref="119885290" role=""/>
  <member type="way" ref="119887419" role=""/>
  <member type="way" ref="1163757165" role=""/>
  <member type="way" ref="1163757164" role=""/>
  <member type="way" ref="119887419" role=""/>
  <member type="way" ref="119887566" role=""/>
  <member type="way" ref="119886474" role=""/>
  <member type="way" ref="119888061" role=""/>
  <member type="way" ref="119886880" role=""/>
  <member type="way" ref="119885817" role=""/>
  <member type="way" ref="957726378" role=""/>
  <member type="way" ref="119879058" role=""/>
  <member type="way" ref="1036697530" role=""/>
  <member type="way" ref="1036697526" role=""/>
  <member type="way" ref="1036697532" role=""/>
  <member type="way" ref="1394161504" role=""/>
  <member type="way" ref="1036697531" role=""/>
  <member type="way" ref="1163757161" role=""/>
  <member type="way" ref="1036697528" role=""/>
  <member type="way" ref="1036697526" role=""/>
  <member type="way" ref="119878523" role=""/>
  <member type="way" ref="517552886" role=""/>
  <member type="way" ref="119878656" role=""/>
  <member type="way" ref="1036697525" role=""/>
  <member type="way" ref="1036697534" role=""/>
  <member type="way" ref="1036697533" role=""/>
  <member type="way" ref="1036697512" role=""/>
  <member type="way" ref="1036697534" role=""/>
  <member type="way" ref="1036697525" role=""/>
  <member type="way" ref="119878656" role=""/>
  <member type="way" ref="1036697524" role=""/>
  <member type="way" ref="119879071" role=""/>
  <member type="way" ref="119887610" role=""/>
  <member type="way" ref="119888155" role=""/>
  <member type="way" ref="119879116" role=""/>
  <member type="way" ref="119879037" role=""/>
  <member type="way" ref="119885215" role=""/>
  <member type="way" ref="1161949597" role=""/>
  <member type="way" ref="119886759" role=""/>
  <member type="way" ref="119887879" role=""/>
  <member type="way" ref="119885734" role=""/>
  <member type="way" ref="119885590" role=""/>
  <member type="way" ref="119887887" role=""/>
  <member type="way" ref="119888300" role=""/>
  <member type="way" ref="119885704" role=""/>
  <member type="way" ref="119885762" role=""/>
  <member type="way" ref="119887444" role=""/>
  <member type="way" ref="119885764" role=""/>
  <member type="way" ref="119885750" role=""/>
  <member type="way" ref="119875257" role=""/>
  <tag k="duration" v="01:21:00"/>
  <tag k="from" v="防府駅前"/>
  <tag k="gtfs:route_id" v="2229846746"/>
  <tag k="gtfs:shape_id" v="40001310"/>
  <tag k="name" v="Bus: 防府駅前→総合医療センター前→ゆめタウン山口→山口県庁前→中尾口"/>
  <tag k="network" v="防長線"/>
  <tag k="opening_hours" v="15:00-16:21"/>
  <tag k="operator" v="中国ジェイアールバス"/>
  <tag k="operator:en" v="Chugoku JR Bus"/>
  <tag k="public_transport:version" v="2"/>
  <tag k="route" v="bus"/>
  <tag k="to" v="中尾口"/>
  <tag k="type" v="route"/>
  <tag k="via" v="総合医療センター前;ゆめタウン山口;山口県庁前"/>
 </relation>
 <relation id="15742027" visible="true" version="17" changeset="178047391" timestamp="2026-02-03T12:01:21Z" user="setowalker" uid="21720421">
  <member type="node" ref="9412086385" role="platform"/>
  <member type="node" ref="9412086387" role="platform"/>
  <member type="node" ref="9412086389" role="platform"/>
  <member type="node" ref="9412086391" role="platform"/>
  <member type="node" ref="9412086393" role="platform"/>
  <member type="node" ref="9412086395" role="platform"/>
  <member type="node" ref="9412086397" role="platform"/>
  <member type="node" ref="9412086502" role="platform"/>
  <member type="node" ref="9412086504" role="platform"/>
  <member type="node" ref="9412086506" role="platform"/>
  <member type="node" ref="9412086508" role="platform"/>
  <member type="node" ref="9412086510" role="platform"/>
  <member type="node" ref="9412086512" role="platform"/>
  <member type="node" ref="9412086528" role="platform"/>
  <member type="node" ref="9412086526" role="platform"/>
  <member type="node" ref="9412086523" role="platform"/>
  <member type="node" ref="9412086520" role="platform"/>
  <member type="node" ref="9412086519" role="platform"/>
  <member type="node" ref="9412086516" role="platform"/>
  <member type="node" ref="9412086514" role="platform"/>
  <member type="node" ref="9412086531" role="platform"/>
  <member type="node" ref="9412086533" role="platform"/>
  <member type="node" ref="9412086515" role="platform"/>
  <member type="node" ref="9412086535" role="platform"/>
  <member type="node" ref="9412086537" role="platform"/>
  <member type="node" ref="9412086539" role="platform"/>
  <member type="node" ref="9412086541" role="platform"/>
  <member type="node" ref="9412086543" role="platform"/>
  <member type="node" ref="9412086545" role="platform"/>
  <member type="node" ref="9412086547" role="platform"/>
  <member type="node" ref="9412086549" role="platform"/>
  <member type="node" ref="9412086551" role="platform"/>
  <member type="node" ref="9412086553" role="platform"/>
  <member type="node" ref="9412086555" role="platform"/>
  <member type="node" ref="9412086557" role="platform"/>
  <member type="node" ref="9412086559" role="platform"/>
  <member type="node" ref="9412086561" role="platform"/>
  <member type="node" ref="9412086342" role="platform"/>
  <member type="node" ref="9412086340" role="platform"/>
  <member type="node" ref="9412086338" role="platform"/>
  <member type="node" ref="9412086339" role="platform"/>
  <member type="node" ref="9412086341" role="platform"/>
  <member type="node" ref="9412086563" role="platform"/>
  <member type="node" ref="9412086565" role="platform"/>
  <member type="node" ref="9412086567" role="platform"/>
  <member type="node" ref="9412086569" role="platform"/>
  <member type="node" ref="9412086571" role="platform"/>
  <member type="way" ref="119875257" role=""/>
  <member type="way" ref="119885750" role=""/>
  <member type="way" ref="119885764" role=""/>
  <member type="way" ref="119887444" role=""/>
  <member type="way" ref="119885762" role=""/>
  <member type="way" ref="119885704" role=""/>
  <member type="way" ref="119888300" role=""/>
  <member type="way" ref="119887887" role=""/>
  <member type="way" ref="119885590" role=""/>
  <member type="way" ref="119885734" role=""/>
  <member type="way" ref="119887879" role=""/>
  <member type="way" ref="119886759" role=""/>
  <member type="way" ref="1161949597" role=""/>
  <member type="way" ref="119885215" role=""/>
  <member type="way" ref="119879037" role=""/>
  <member type="way" ref="119879116" role=""/>
  <member type="way" ref="119888155" role=""/>
  <member type="way" ref="119887610" role=""/>
  <member type="way" ref="119879071" role=""/>
  <member type="way" ref="1036697511" role=""/>
  <member type="way" ref="1036697510" role=""/>
  <member type="way" ref="1036697514" role=""/>
  <member type="way" ref="1036697512" role=""/>
  <member type="way" ref="1036697534" role=""/>
  <member type="way" ref="1036697525" role=""/>
  <member type="way" ref="119878656" role=""/>
  <member type="way" ref="119878549" role=""/>
  <member type="way" ref="119878523" role=""/>
  <member type="way" ref="1036697526" role=""/>
  <member type="way" ref="1036697532" role=""/>
  <member type="way" ref="1394161504" role=""/>
  <member type="way" ref="1036697531" role=""/>
  <member type="way" ref="1036697527" role=""/>
  <member type="way" ref="119879058" role=""/>
  <member type="way" ref="957726378" role=""/>
  <member type="way" ref="119885817" role=""/>
  <member type="way" ref="119886880" role=""/>
  <member type="way" ref="119888061" role=""/>
  <member type="way" ref="119886474" role=""/>
  <member type="way" ref="119887566" role=""/>
  <member type="way" ref="119887419" role=""/>
  <member type="way" ref="1163757165" role=""/>
  <member type="way" ref="1163757164" role=""/>
  <member type="way" ref="119887419" role=""/>
  <member type="way" ref="119885290" role=""/>
  <member type="way" ref="546317412" role=""/>
  <member type="way" ref="407829907" role=""/>
  <member type="way" ref="1473855298" role=""/>
  <member type="way" ref="1473855299" role=""/>
  <member type="way" ref="139849495" role=""/>
  <member type="way" ref="1420101861" role=""/>
  <member type="way" ref="1315033215" role=""/>
  <member type="way" ref="289348758" role=""/>
  <member type="way" ref="289348773" role=""/>
  <member type="way" ref="289348780" role=""/>
  <member type="way" ref="289348769" role=""/>
  <member type="way" ref="289348772" role=""/>
  <member type="way" ref="535381133" role=""/>
  <member type="way" ref="535381132" role=""/>
  <member type="way" ref="289348757" role=""/>
  <member type="way" ref="42403292" role=""/>
  <member type="way" ref="289348828" role=""/>
  <member type="way" ref="710577832" role=""/>
  <member type="way" ref="710577833" role=""/>
  <member type="way" ref="119990501" role=""/>
  <member type="way" ref="119986480" role=""/>
  <member type="way" ref="1163757168" role=""/>
  <member type="way" ref="1163757169" role=""/>
  <member type="way" ref="1163757168" role=""/>
  <member type="way" ref="119986480" role=""/>
  <member type="way" ref="119990501" role=""/>
  <member type="way" ref="1163757160" role=""/>
  <member type="way" ref="710577836" role=""/>
  <member type="way" ref="552730769" role=""/>
  <member type="way" ref="552730766" role=""/>
  <member type="way" ref="1315019735" role=""/>
  <member type="way" ref="361731287" role=""/>
  <member type="way" ref="1420856718" role=""/>
  <member type="way" ref="361731290" role=""/>
  <member type="way" ref="77178773" role=""/>
  <member type="way" ref="957733672" role=""/>
  <member type="way" ref="646777796" role=""/>
  <tag k="duration" v="01:21:00"/>
  <tag k="from" v="中尾口"/>
  <tag k="gtfs:route_id" v="2229846746"/>
  <tag k="gtfs:shape_id" v="40001319"/>
  <tag k="name" v="Bus: 中尾口→山口県庁前→ゆめタウン山口→総合医療センター前→防府駅"/>
  <tag k="network" v="防長線"/>
  <tag k="opening_hours" v="11:45-13:08"/>
  <tag k="operator" v="中国ジェイアールバス"/>
  <tag k="operator:en" v="Chugoku JR Bus"/>
  <tag k="public_transport:version" v="2"/>
  <tag k="route" v="bus"/>
  <tag k="to" v="防府駅"/>
  <tag k="type" v="route"/>
  <tag k="via" v="山口県庁前;ゆめタウン山口;総合医療センター前"/>
 </relation>
 <relation id="15742028" visible="true" version="1" changeset="135081250" timestamp="2023-04-19T01:12:02Z" user="okadatsuneo_import" uid="12352917">
  <member type="relation" ref="15742026" role=""/>
  <member type="relation" ref="15742025" role=""/>
  <member type="relation" ref="15742023" role=""/>
  <member type="relation" ref="15742027" role=""/>
  <member type="relation" ref="15742024" role=""/>
  <tag k="name" v="Bus: 防府駅前&lt;-&gt;中尾口"/>
  <tag k="network" v="防長線"/>
  <tag k="operator" v="中国ジェイアールバス"/>
  <tag k="operator:en" v="Chugoku JR Bus"/>
  <tag k="route_master" v="bus"/>
  <tag k="type" v="route_master"/>
 </relation>
 <relation id="15742096" visible="true" version="17" changeset="172594622" timestamp="2025-09-29T06:10:24Z" user="taketaketake" uid="4757277">
  <member type="node" ref="9412086570" role="platform"/>
  <member type="node" ref="9412086568" role="platform"/>
  <member type="node" ref="9412086566" role="platform"/>
  <member type="node" ref="9412086564" role="platform"/>
  <member type="node" ref="9412086562" role="platform"/>
  <member type="node" ref="9412086560" role="platform"/>
  <member type="node" ref="9412086558" role="platform"/>
  <member type="node" ref="9412086556" role="platform"/>
  <member type="node" ref="9412086554" role="platform"/>
  <member type="node" ref="9412086552" role="platform"/>
  <member type="node" ref="9412086550" role="platform"/>
  <member type="node" ref="9412086548" role="platform"/>
  <member type="node" ref="9412086546" role="platform"/>
  <member type="node" ref="9412086544" role="platform"/>
  <member type="node" ref="9412086542" role="platform"/>
  <member type="node" ref="9412086540" role="platform"/>
  <member type="node" ref="9412086538" role="platform"/>
  <member type="node" ref="9412086536" role="platform"/>
  <member type="node" ref="9412086534" role="platform"/>
  <member type="node" ref="9412086346" role="platform"/>
  <member type="node" ref="9412086515" role="platform"/>
  <member type="node" ref="9412086532" role="platform"/>
  <member type="node" ref="9412086530" role="platform"/>
  <member type="node" ref="9412086513" role="platform"/>
  <member type="node" ref="9412086517" role="platform"/>
  <member type="node" ref="9412086518" role="platform"/>
  <member type="node" ref="9412086521" role="platform"/>
  <member type="node" ref="9412086511" role="platform"/>
  <member type="node" ref="9412086509" role="platform"/>
  <member type="node" ref="9412086507" role="platform"/>
  <member type="node" ref="9412086505" role="platform"/>
  <member type="node" ref="9412086503" role="platform"/>
  <member type="node" ref="9412086500" role="platform"/>
  <member type="node" ref="9412086498" role="platform"/>
  <member type="node" ref="9412086496" role="platform"/>
  <member type="node" ref="9412086494" role="platform"/>
  <member type="node" ref="9412086493" role="platform"/>
  <member type="way" ref="357194915" role=""/>
  <member type="way" ref="357194913" role=""/>
  <member type="way" ref="957733672" role=""/>
  <member type="way" ref="77178773" role=""/>
  <member type="way" ref="361731290" role=""/>
  <member type="way" ref="1420856717" role=""/>
  <member type="way" ref="1122925019" role=""/>
  <member type="way" ref="361731281" role=""/>
  <member type="way" ref="361731282" role=""/>
  <member type="way" ref="361731280" role=""/>
  <member type="way" ref="119986970" role=""/>
  <member type="way" ref="710577835" role=""/>
  <member type="way" ref="1163757171" role=""/>
  <member type="way" ref="710577834" role=""/>
  <member type="way" ref="710577831" role=""/>
  <member type="way" ref="710577830" role=""/>
  <member type="way" ref="119885470" role=""/>
  <member type="way" ref="119886915" role=""/>
  <member type="way" ref="535381131" role=""/>
  <member type="way" ref="535381134" role=""/>
  <member type="way" ref="289348800" role=""/>
  <member type="way" ref="289348803" role=""/>
  <member type="way" ref="289348808" role=""/>
  <member type="way" ref="289348798" role=""/>
  <member type="way" ref="289348809" role=""/>
  <member type="way" ref="1315033214" role=""/>
  <member type="way" ref="289348802" role=""/>
  <member type="way" ref="1420101860" role=""/>
  <member type="way" ref="289348826" role=""/>
  <member type="way" ref="119887013" role=""/>
  <member type="way" ref="552482886" role=""/>
  <member type="way" ref="546317412" role=""/>
  <member type="way" ref="119885290" role=""/>
  <member type="way" ref="119887419" role=""/>
  <member type="way" ref="1163757165" role=""/>
  <member type="way" ref="1163757164" role=""/>
  <member type="way" ref="119887419" role=""/>
  <member type="way" ref="119887566" role=""/>
  <member type="way" ref="119886474" role=""/>
  <member type="way" ref="119888061" role=""/>
  <member type="way" ref="119886880" role=""/>
  <member type="way" ref="119885817" role=""/>
  <member type="way" ref="957726378" role=""/>
  <member type="way" ref="119879058" role=""/>
  <member type="way" ref="1036697530" role=""/>
  <member type="way" ref="1036697526" role=""/>
  <member type="way" ref="1036697532" role=""/>
  <member type="way" ref="1394161504" role=""/>
  <member type="way" ref="1036697531" role=""/>
  <member type="way" ref="1163757161" role=""/>
  <member type="way" ref="1036697528" role=""/>
  <member type="way" ref="1036697526" role=""/>
  <member type="way" ref="119878523" role=""/>
  <member type="way" ref="1036697523" role=""/>
  <member type="way" ref="119879037" role=""/>
  <member type="way" ref="119885215" role=""/>
  <member type="way" ref="1161949597" role=""/>
  <member type="way" ref="1427055400" role=""/>
  <member type="way" ref="119885217" role=""/>
  <member type="way" ref="119888475" role=""/>
  <member type="way" ref="119887315" role=""/>
  <member type="way" ref="119886472" role=""/>
  <member type="way" ref="119885381" role=""/>
  <member type="way" ref="119887360" role=""/>
  <member type="way" ref="119887402" role=""/>
  <member type="way" ref="283108776" role=""/>
  <member type="way" ref="283108775" role=""/>
  <member type="way" ref="1163761251" role=""/>
  <member type="way" ref="1163761254" role=""/>
  <tag k="duration" v="00:56:00"/>
  <tag k="from" v="防府駅前"/>
  <tag k="gtfs:route_id" v="2229846746"/>
  <tag k="gtfs:shape_id" v="40000760"/>
  <tag k="name" v="Bus: 防府駅前→ゆめタウン山口→山口大学"/>
  <tag k="network" v="防長線"/>
  <tag k="opening_hours" v="Mo-Fr 19:50-21:31; Sa-Su 18:40-21:31"/>
  <tag k="operator" v="中国ジェイアールバス"/>
  <tag k="operator:en" v="Chugoku JR Bus"/>
  <tag k="public_transport:version" v="2"/>
  <tag k="route" v="bus"/>
  <tag k="to" v="山口大学"/>
  <tag k="type" v="route"/>
  <tag k="via" v="ゆめタウン山口"/>
 </relation>
 <relation id="15742097" visible="true" version="18" changeset="178047391" timestamp="2026-02-03T12:01:21Z" user="setowalker" uid="21720421">
  <member type="node" ref="9412086493" role="platform"/>
  <member type="node" ref="9412086492" role="platform"/>
  <member type="node" ref="9412086495" role="platform"/>
  <member type="node" ref="9412086497" role="platform"/>
  <member type="node" ref="9412086499" role="platform"/>
  <member type="node" ref="9412086502" role="platform"/>
  <member type="node" ref="9412086504" role="platform"/>
  <member type="node" ref="9412086506" role="platform"/>
  <member type="node" ref="9412086508" role="platform"/>
  <member type="node" ref="9412086510" role="platform"/>
  <member type="node" ref="9412086491" role="platform"/>
  <member type="node" ref="9412086520" role="platform"/>
  <member type="node" ref="9412086519" role="platform"/>
  <member type="node" ref="9412086516" role="platform"/>
  <member type="node" ref="9412086514" role="platform"/>
  <member type="node" ref="9412086531" role="platform"/>
  <member type="node" ref="9412086533" role="platform"/>
  <member type="node" ref="9412086515" role="platform"/>
  <member type="node" ref="9412086535" role="platform"/>
  <member type="node" ref="9412086537" role="platform"/>
  <member type="node" ref="9412086539" role="platform"/>
  <member type="node" ref="9412086541" role="platform"/>
  <member type="node" ref="9412086543" role="platform"/>
  <member type="node" ref="9412086545" role="platform"/>
  <member type="node" ref="9412086547" role="platform"/>
  <member type="node" ref="9412086549" role="platform"/>
  <member type="node" ref="9412086551" role="platform"/>
  <member type="node" ref="9412086553" role="platform"/>
  <member type="node" ref="9412086555" role="platform"/>
  <member type="node" ref="9412086557" role="platform"/>
  <member type="node" ref="9412086559" role="platform"/>
  <member type="node" ref="9412086561" role="platform"/>
  <member type="node" ref="9412086563" role="platform"/>
  <member type="node" ref="9412086565" role="platform"/>
  <member type="node" ref="9412086567" role="platform"/>
  <member type="node" ref="9412086569" role="platform"/>
  <member type="node" ref="9412086571" role="platform"/>
  <member type="way" ref="119885969" role=""/>
  <member type="way" ref="119887402" role=""/>
  <member type="way" ref="119887360" role=""/>
  <member type="way" ref="119885381" role=""/>
  <member type="way" ref="119886472" role=""/>
  <member type="way" ref="119887315" role=""/>
  <member type="way" ref="119888475" role=""/>
  <member type="way" ref="119885217" role=""/>
  <member type="way" ref="1427055400" role=""/>
  <member type="way" ref="1161949597" role=""/>
  <member type="way" ref="119885215" role=""/>
  <member type="way" ref="119879037" role=""/>
  <member type="way" ref="1036697523" role=""/>
  <member type="way" ref="119878523" role=""/>
  <member type="way" ref="1036697526" role=""/>
  <member type="way" ref="1036697532" role=""/>
  <member type="way" ref="1394161504" role=""/>
  <member type="way" ref="1036697531" role=""/>
  <member type="way" ref="1036697527" role=""/>
  <member type="way" ref="119879058" role=""/>
  <member type="way" ref="957726378" role=""/>
  <member type="way" ref="119885817" role=""/>
  <member type="way" ref="119886880" role=""/>
  <member type="way" ref="119888061" role=""/>
  <member type="way" ref="119886474" role=""/>
  <member type="way" ref="119887566" role=""/>
  <member type="way" ref="119887419" role=""/>
  <member type="way" ref="1163757165" role=""/>
  <member type="way" ref="1163757164" role=""/>
  <member type="way" ref="119887419" role=""/>
  <member type="way" ref="119885290" role=""/>
  <member type="way" ref="546317412" role=""/>
  <member type="way" ref="407829907" role=""/>
  <member type="way" ref="1473855298" role=""/>
  <member type="way" ref="1473855299" role=""/>
  <member type="way" ref="139849495" role=""/>
  <member type="way" ref="1420101861" role=""/>
  <member type="way" ref="1315033215" role=""/>
  <member type="way" ref="289348758" role=""/>
  <member type="way" ref="289348773" role=""/>
  <member type="way" ref="289348780" role=""/>
  <member type="way" ref="289348769" role=""/>
  <member type="way" ref="289348772" role=""/>
  <member type="way" ref="535381133" role=""/>
  <member type="way" ref="535381132" role=""/>
  <member type="way" ref="289348757" role=""/>
  <member type="way" ref="42403292" role=""/>
  <member type="way" ref="289348828" role=""/>
  <member type="way" ref="710577832" role=""/>
  <member type="way" ref="710577833" role=""/>
  <member type="way" ref="1163757160" role=""/>
  <member type="way" ref="710577836" role=""/>
  <member type="way" ref="552730769" role=""/>
  <member type="way" ref="552730766" role=""/>
  <member type="way" ref="1315019735" role=""/>
  <member type="way" ref="361731287" role=""/>
  <member type="way" ref="1420856718" role=""/>
  <member type="way" ref="361731290" role=""/>
  <member type="way" ref="77178773" role=""/>
  <member type="way" ref="957733672" role=""/>
  <member type="way" ref="646777796" role=""/>
  <tag k="duration" v="00:56:00"/>
  <tag k="from" v="山口大学"/>
  <tag k="gtfs:route_id" v="2229846746"/>
  <tag k="gtfs:shape_id" v="40000769"/>
  <tag k="name" v="Bus: 山口大学→市民会館前→ゆめタウン山口→防府駅"/>
  <tag k="network" v="防長線"/>
  <tag k="opening_hours" v="Mo-Fr 06:40-07:38, 21:15-22:13; Sa-Su 06:40-07:36"/>
  <tag k="operator" v="中国ジェイアールバス"/>
  <tag k="operator:en" v="Chugoku JR Bus"/>
  <tag k="public_transport:version" v="2"/>
  <tag k="route" v="bus"/>
  <tag k="to" v="防府駅"/>
  <tag k="type" v="route"/>
  <tag k="via" v="市民会館前;ゆめタウン山口"/>
 </relation>
 <relation id="15742098" visible="true" version="17" changeset="172594622" timestamp="2025-09-29T06:10:24Z" user="taketaketake" uid="4757277">
  <member type="node" ref="9412086570" role="platform"/>
  <member type="node" ref="9412086568" role="platform"/>
  <member type="node" ref="9412086566" role="platform"/>
  <member type="node" ref="9412086564" role="platform"/>
  <member type="node" ref="9412086562" role="platform"/>
  <member type="node" ref="9412086560" role="platform"/>
  <member type="node" ref="9412086558" role="platform"/>
  <member type="node" ref="9412086556" role="platform"/>
  <member type="node" ref="9412086554" role="platform"/>
  <member type="node" ref="9412086552" role="platform"/>
  <member type="node" ref="9412086550" role="platform"/>
  <member type="node" ref="9412086548" role="platform"/>
  <member type="node" ref="9412086546" role="platform"/>
  <member type="node" ref="9412086544" role="platform"/>
  <member type="node" ref="9412086542" role="platform"/>
  <member type="node" ref="9412086540" role="platform"/>
  <member type="node" ref="9412086538" role="platform"/>
  <member type="node" ref="9412086536" role="platform"/>
  <member type="node" ref="9412086534" role="platform"/>
  <member type="node" ref="9412086346" role="platform"/>
  <member type="node" ref="9412086532" role="platform"/>
  <member type="node" ref="9412086530" role="platform"/>
  <member type="node" ref="9412086513" role="platform"/>
  <member type="node" ref="9412086517" role="platform"/>
  <member type="node" ref="9412086518" role="platform"/>
  <member type="node" ref="9412086521" role="platform"/>
  <member type="node" ref="9412086522" role="platform"/>
  <member type="node" ref="9412086525" role="platform"/>
  <member type="node" ref="9412086527" role="platform"/>
  <member type="node" ref="9412086511" role="platform"/>
  <member type="node" ref="9412086509" role="platform"/>
  <member type="node" ref="9412086507" role="platform"/>
  <member type="node" ref="9412086505" role="platform"/>
  <member type="node" ref="9412086503" role="platform"/>
  <member type="node" ref="9412086500" role="platform"/>
  <member type="node" ref="9412086498" role="platform"/>
  <member type="node" ref="9412086496" role="platform"/>
  <member type="node" ref="9412086494" role="platform"/>
  <member type="node" ref="9412086493" role="platform"/>
  <member type="way" ref="357194915" role=""/>
  <member type="way" ref="357194913" role=""/>
  <member type="way" ref="957733672" role=""/>
  <member type="way" ref="77178773" role=""/>
  <member type="way" ref="361731290" role=""/>
  <member type="way" ref="1420856717" role=""/>
  <member type="way" ref="1122925019" role=""/>
  <member type="way" ref="361731281" role=""/>
  <member type="way" ref="361731282" role=""/>
  <member type="way" ref="361731280" role=""/>
  <member type="way" ref="119986970" role=""/>
  <member type="way" ref="710577835" role=""/>
  <member type="way" ref="1163757171" role=""/>
  <member type="way" ref="710577834" role=""/>
  <member type="way" ref="710577831" role=""/>
  <member type="way" ref="710577830" role=""/>
  <member type="way" ref="119885470" role=""/>
  <member type="way" ref="119886915" role=""/>
  <member type="way" ref="535381131" role=""/>
  <member type="way" ref="535381134" role=""/>
  <member type="way" ref="289348800" role=""/>
  <member type="way" ref="289348803" role=""/>
  <member type="way" ref="289348808" role=""/>
  <member type="way" ref="289348798" role=""/>
  <member type="way" ref="289348809" role=""/>
  <member type="way" ref="1315033214" role=""/>
  <member type="way" ref="289348802" role=""/>
  <member type="way" ref="1420101860" role=""/>
  <member type="way" ref="289348826" role=""/>
  <member type="way" ref="119887013" role=""/>
  <member type="way" ref="552482886" role=""/>
  <member type="way" ref="546317412" role=""/>
  <member type="way" ref="119885290" role=""/>
  <member type="way" ref="119887566" role=""/>
  <member type="way" ref="119886474" role=""/>
  <member type="way" ref="119888061" role=""/>
  <member type="way" ref="119886880" role=""/>
  <member type="way" ref="119885817" role=""/>
  <member type="way" ref="957726378" role=""/>
  <member type="way" ref="119879058" role=""/>
  <member type="way" ref="1036697530" role=""/>
  <member type="way" ref="1036697526" role=""/>
  <member type="way" ref="1036697532" role=""/>
  <member type="way" ref="1394161504" role=""/>
  <member type="way" ref="1036697531" role=""/>
  <member type="way" ref="1163757161" role=""/>
  <member type="way" ref="1036697528" role=""/>
  <member type="way" ref="1036697526" role=""/>
  <member type="way" ref="119878523" role=""/>
  <member type="way" ref="517552886" role=""/>
  <member type="way" ref="119878656" role=""/>
  <member type="way" ref="1036697525" role=""/>
  <member type="way" ref="1036697534" role=""/>
  <member type="way" ref="1036697533" role=""/>
  <member type="way" ref="1036697512" role=""/>
  <member type="way" ref="1036697534" role=""/>
  <member type="way" ref="1036697525" role=""/>
  <member type="way" ref="119878656" role=""/>
  <member type="way" ref="1036697524" role=""/>
  <member type="way" ref="119879071" role=""/>
  <member type="way" ref="119887610" role=""/>
  <member type="way" ref="119888155" role=""/>
  <member type="way" ref="119879116" role=""/>
  <member type="way" ref="119879037" role=""/>
  <member type="way" ref="119885215" role=""/>
  <member type="way" ref="1161949597" role=""/>
  <member type="way" ref="1427055400" role=""/>
  <member type="way" ref="119885217" role=""/>
  <member type="way" ref="119888475" role=""/>
  <member type="way" ref="119887315" role=""/>
  <member type="way" ref="119886472" role=""/>
  <member type="way" ref="119885381" role=""/>
  <member type="way" ref="119887360" role=""/>
  <member type="way" ref="119887402" role=""/>
  <member type="way" ref="283108776" role=""/>
  <member type="way" ref="283108775" role=""/>
  <member type="way" ref="1163761251" role=""/>
  <member type="way" ref="1163761254" role=""/>
  <tag k="duration" v="01:03:00"/>
  <tag k="from" v="防府駅前"/>
  <tag k="gtfs:route_id" v="2229846746"/>
  <tag k="gtfs:shape_id" v="40000980"/>
  <tag k="name" v="Bus: 防府駅前→山口県庁前→山口大学"/>
  <tag k="network" v="防長線"/>
  <tag k="opening_hours" v="Mo-Fr 06:40-08:42; Sa-Su 07:00-08:33"/>
  <tag k="operator" v="中国ジェイアールバス"/>
  <tag k="operator:en" v="Chugoku JR Bus"/>
  <tag k="public_transport:version" v="2"/>
  <tag k="route" v="bus"/>
  <tag k="to" v="山口大学"/>
  <tag k="type" v="route"/>
  <tag k="via" v="山口県庁前"/>
 </relation>
 <relation id="15742099" visible="true" version="17" changeset="172594622" timestamp="2025-09-29T06:10:24Z" user="taketaketake" uid="4757277">
  <member type="node" ref="9412086570" role="platform"/>
  <member type="node" ref="9412086568" role="platform"/>
  <member type="node" ref="9412086566" role="platform"/>
  <member type="node" ref="9412086564" role="platform"/>
  <member type="node" ref="9412086562" role="platform"/>
  <member type="node" ref="9412086560" role="platform"/>
  <member type="node" ref="9412086558" role="platform"/>
  <member type="node" ref="9412086556" role="platform"/>
  <member type="node" ref="9412086554" role="platform"/>
  <member type="node" ref="9412086552" role="platform"/>
  <member type="node" ref="9412086550" role="platform"/>
  <member type="node" ref="9412086548" role="platform"/>
  <member type="node" ref="9412086546" role="platform"/>
  <member type="node" ref="9412086544" role="platform"/>
  <member type="node" ref="9412086542" role="platform"/>
  <member type="node" ref="9412086540" role="platform"/>
  <member type="node" ref="9412086538" role="platform"/>
  <member type="node" ref="9412086536" role="platform"/>
  <member type="node" ref="9412086534" role="platform"/>
  <member type="node" ref="9412086346" role="platform"/>
  <member type="node" ref="9412086532" role="platform"/>
  <member type="node" ref="9412086530" role="platform"/>
  <member type="node" ref="9412086513" role="platform"/>
  <member type="node" ref="9412086517" role="platform"/>
  <member type="node" ref="9412086518" role="platform"/>
  <member type="node" ref="9412086521" role="platform"/>
  <member type="node" ref="9412086511" role="platform"/>
  <member type="node" ref="9412086509" role="platform"/>
  <member type="node" ref="9412086507" role="platform"/>
  <member type="node" ref="9412086505" role="platform"/>
  <member type="node" ref="9412086503" role="platform"/>
  <member type="node" ref="9412086500" role="platform"/>
  <member type="node" ref="9412086498" role="platform"/>
  <member type="node" ref="9412086496" role="platform"/>
  <member type="node" ref="9412086494" role="platform"/>
  <member type="node" ref="9412086493" role="platform"/>
  <member type="way" ref="357194915" role=""/>
  <member type="way" ref="357194913" role=""/>
  <member type="way" ref="957733672" role=""/>
  <member type="way" ref="77178773" role=""/>
  <member type="way" ref="361731290" role=""/>
  <member type="way" ref="1420856717" role=""/>
  <member type="way" ref="1122925019" role=""/>
  <member type="way" ref="361731281" role=""/>
  <member type="way" ref="361731282" role=""/>
  <member type="way" ref="361731280" role=""/>
  <member type="way" ref="119986970" role=""/>
  <member type="way" ref="710577835" role=""/>
  <member type="way" ref="1163757171" role=""/>
  <member type="way" ref="710577834" role=""/>
  <member type="way" ref="710577831" role=""/>
  <member type="way" ref="710577830" role=""/>
  <member type="way" ref="119885470" role=""/>
  <member type="way" ref="119886915" role=""/>
  <member type="way" ref="535381131" role=""/>
  <member type="way" ref="535381134" role=""/>
  <member type="way" ref="289348800" role=""/>
  <member type="way" ref="289348803" role=""/>
  <member type="way" ref="289348808" role=""/>
  <member type="way" ref="289348798" role=""/>
  <member type="way" ref="289348809" role=""/>
  <member type="way" ref="1315033214" role=""/>
  <member type="way" ref="289348802" role=""/>
  <member type="way" ref="1420101860" role=""/>
  <member type="way" ref="289348826" role=""/>
  <member type="way" ref="119887013" role=""/>
  <member type="way" ref="552482886" role=""/>
  <member type="way" ref="546317412" role=""/>
  <member type="way" ref="119885290" role=""/>
  <member type="way" ref="119887566" role=""/>
  <member type="way" ref="119886474" role=""/>
  <member type="way" ref="119888061" role=""/>
  <member type="way" ref="119886880" role=""/>
  <member type="way" ref="119885817" role=""/>
  <member type="way" ref="957726378" role=""/>
  <member type="way" ref="119879058" role=""/>
  <member type="way" ref="1036697530" role=""/>
  <member type="way" ref="1036697526" role=""/>
  <member type="way" ref="1036697532" role=""/>
  <member type="way" ref="1394161504" role=""/>
  <member type="way" ref="1036697531" role=""/>
  <member type="way" ref="1163757161" role=""/>
  <member type="way" ref="1036697528" role=""/>
  <member type="way" ref="1036697526" role=""/>
  <member type="way" ref="119878523" role=""/>
  <member type="way" ref="1036697523" role=""/>
  <member type="way" ref="119879037" role=""/>
  <member type="way" ref="119885215" role=""/>
  <member type="way" ref="1161949597" role=""/>
  <member type="way" ref="1427055400" role=""/>
  <member type="way" ref="119885217" role=""/>
  <member type="way" ref="119888475" role=""/>
  <member type="way" ref="119887315" role=""/>
  <member type="way" ref="119886472" role=""/>
  <member type="way" ref="119885381" role=""/>
  <member type="way" ref="119887360" role=""/>
  <member type="way" ref="119887402" role=""/>
  <member type="way" ref="283108776" role=""/>
  <member type="way" ref="283108775" role=""/>
  <member type="way" ref="1163761251" role=""/>
  <member type="way" ref="1163761254" role=""/>
  <tag k="duration" v="00:55:00"/>
  <tag k="from" v="防府駅前"/>
  <tag k="gtfs:route_id" v="2229846746"/>
  <tag k="gtfs:shape_id" v="40001010"/>
  <tag k="name" v="Bus: 防府駅前→山口大学"/>
  <tag k="network" v="防長線"/>
  <tag k="opening_hours" v="Mo-Fr 06:20-07:15"/>
  <tag k="operator" v="中国ジェイアールバス"/>
  <tag k="operator:en" v="Chugoku JR Bus"/>
  <tag k="public_transport:version" v="2"/>
  <tag k="route" v="bus"/>
  <tag k="to" v="山口大学"/>
  <tag k="type" v="route"/>
 </relation>
 <relation id="15742100" visible="true" version="17" changeset="172594622" timestamp="2025-09-29T06:10:24Z" user="taketaketake" uid="4757277">
  <member type="node" ref="9412086570" role="platform"/>
  <member type="node" ref="9412086568" role="platform"/>
  <member type="node" ref="9412086566" role="platform"/>
  <member type="node" ref="9412086564" role="platform"/>
  <member type="node" ref="9412086562" role="platform"/>
  <member type="node" ref="9412086560" role="platform"/>
  <member type="node" ref="9412086558" role="platform"/>
  <member type="node" ref="9412086556" role="platform"/>
  <member type="node" ref="9412086554" role="platform"/>
  <member type="node" ref="9412086552" role="platform"/>
  <member type="node" ref="9412086550" role="platform"/>
  <member type="node" ref="9412086548" role="platform"/>
  <member type="node" ref="9412086546" role="platform"/>
  <member type="node" ref="9412086544" role="platform"/>
  <member type="node" ref="9412086542" role="platform"/>
  <member type="node" ref="9412086540" role="platform"/>
  <member type="node" ref="9412086538" role="platform"/>
  <member type="node" ref="9412086536" role="platform"/>
  <member type="node" ref="9412086534" role="platform"/>
  <member type="node" ref="9412086346" role="platform"/>
  <member type="node" ref="9412086515" role="platform"/>
  <member type="node" ref="9412086532" role="platform"/>
  <member type="node" ref="9412086530" role="platform"/>
  <member type="node" ref="9412086513" role="platform"/>
  <member type="node" ref="9412086517" role="platform"/>
  <member type="node" ref="9412086518" role="platform"/>
  <member type="node" ref="9412086521" role="platform"/>
  <member type="node" ref="9412086522" role="platform"/>
  <member type="node" ref="9412086525" role="platform"/>
  <member type="node" ref="9412086527" role="platform"/>
  <member type="node" ref="9412086511" role="platform"/>
  <member type="node" ref="9412086509" role="platform"/>
  <member type="node" ref="9412086507" role="platform"/>
  <member type="node" ref="9412086505" role="platform"/>
  <member type="node" ref="9412086503" role="platform"/>
  <member type="node" ref="9412086500" role="platform"/>
  <member type="node" ref="9412086498" role="platform"/>
  <member type="node" ref="9412086496" role="platform"/>
  <member type="node" ref="9412086494" role="platform"/>
  <member type="node" ref="9412086493" role="platform"/>
  <member type="way" ref="357194915" role=""/>
  <member type="way" ref="357194913" role=""/>
  <member type="way" ref="957733672" role=""/>
  <member type="way" ref="77178773" role=""/>
  <member type="way" ref="361731290" role=""/>
  <member type="way" ref="1420856717" role=""/>
  <member type="way" ref="1122925019" role=""/>
  <member type="way" ref="361731281" role=""/>
  <member type="way" ref="361731282" role=""/>
  <member type="way" ref="361731280" role=""/>
  <member type="way" ref="119986970" role=""/>
  <member type="way" ref="710577835" role=""/>
  <member type="way" ref="1163757171" role=""/>
  <member type="way" ref="710577834" role=""/>
  <member type="way" ref="710577831" role=""/>
  <member type="way" ref="710577830" role=""/>
  <member type="way" ref="119885470" role=""/>
  <member type="way" ref="119886915" role=""/>
  <member type="way" ref="535381131" role=""/>
  <member type="way" ref="535381134" role=""/>
  <member type="way" ref="289348800" role=""/>
  <member type="way" ref="289348803" role=""/>
  <member type="way" ref="289348808" role=""/>
  <member type="way" ref="289348798" role=""/>
  <member type="way" ref="289348809" role=""/>
  <member type="way" ref="1315033214" role=""/>
  <member type="way" ref="289348802" role=""/>
  <member type="way" ref="1420101860" role=""/>
  <member type="way" ref="289348826" role=""/>
  <member type="way" ref="119887013" role=""/>
  <member type="way" ref="552482886" role=""/>
  <member type="way" ref="546317412" role=""/>
  <member type="way" ref="119885290" role=""/>
  <member type="way" ref="119887419" role=""/>
  <member type="way" ref="1163757165" role=""/>
  <member type="way" ref="1163757164" role=""/>
  <member type="way" ref="119887419" role=""/>
  <member type="way" ref="119887566" role=""/>
  <member type="way" ref="119886474" role=""/>
  <member type="way" ref="119888061" role=""/>
  <member type="way" ref="119886880" role=""/>
  <member type="way" ref="119885817" role=""/>
  <member type="way" ref="957726378" role=""/>
  <member type="way" ref="119879058" role=""/>
  <member type="way" ref="1036697530" role=""/>
  <member type="way" ref="1036697526" role=""/>
  <member type="way" ref="1036697532" role=""/>
  <member type="way" ref="1394161504" role=""/>
  <member type="way" ref="1036697531" role=""/>
  <member type="way" ref="1163757161" role=""/>
  <member type="way" ref="1036697528" role=""/>
  <member type="way" ref="1036697526" role=""/>
  <member type="way" ref="119878523" role=""/>
  <member type="way" ref="517552886" role=""/>
  <member type="way" ref="119878656" role=""/>
  <member type="way" ref="1036697525" role=""/>
  <member type="way" ref="1036697534" role=""/>
  <member type="way" ref="1036697533" role=""/>
  <member type="way" ref="1036697512" role=""/>
  <member type="way" ref="1036697534" role=""/>
  <member type="way" ref="1036697525" role=""/>
  <member type="way" ref="119878656" role=""/>
  <member type="way" ref="1036697524" role=""/>
  <member type="way" ref="119879071" role=""/>
  <member type="way" ref="119887610" role=""/>
  <member type="way" ref="119888155" role=""/>
  <member type="way" ref="119879116" role=""/>
  <member type="way" ref="119879037" role=""/>
  <member type="way" ref="119885215" role=""/>
  <member type="way" ref="1161949597" role=""/>
  <member type="way" ref="1427055400" role=""/>
  <member type="way" ref="119885217" role=""/>
  <member type="way" ref="119888475" role=""/>
  <member type="way" ref="119887315" role=""/>
  <member type="way" ref="119886472" role=""/>
  <member type="way" ref="119885381" role=""/>
  <member type="way" ref="119887360" role=""/>
  <member type="way" ref="119887402" role=""/>
  <member type="way" ref="283108776" role=""/>
  <member type="way" ref="283108775" role=""/>
  <member type="way" ref="1163761251" role=""/>
  <member type="way" ref="1163761254" role=""/>
  <tag k="duration" v="01:07:00"/>
  <tag k="from" v="防府駅前"/>
  <tag k="gtfs:route_id" v="2229846746"/>
  <tag k="gtfs:shape_id" v="40001090"/>
  <tag k="name" v="Bus: 防府駅前→ゆめタウン山口→山口県庁前→山口大学"/>
  <tag k="network" v="防長線"/>
  <tag k="opening_hours" v="Mo-Fr 08:00-19:49; Sa-Su 08:00-19:11"/>
  <tag k="operator" v="中国ジェイアールバス"/>
  <tag k="operator:en" v="Chugoku JR Bus"/>
  <tag k="public_transport:version" v="2"/>
  <tag k="route" v="bus"/>
  <tag k="to" v="山口大学"/>
  <tag k="type" v="route"/>
  <tag k="via" v="ゆめタウン山口;山口県庁前"/>
 </relation>
 <relation id="15742101" visible="true" version="18" changeset="178047391" timestamp="2026-02-03T12:01:21Z" user="setowalker" uid="21720421">
  <member type="node" ref="9412086493" role="platform"/>
  <member type="node" ref="9412086492" role="platform"/>
  <member type="node" ref="9412086495" role="platform"/>
  <member type="node" ref="9412086497" role="platform"/>
  <member type="node" ref="9412086499" role="platform"/>
  <member type="node" ref="9412086502" role="platform"/>
  <member type="node" ref="9412086504" role="platform"/>
  <member type="node" ref="9412086506" role="platform"/>
  <member type="node" ref="9412086508" role="platform"/>
  <member type="node" ref="9412086510" role="platform"/>
  <member type="node" ref="9412086512" role="platform"/>
  <member type="node" ref="9412086528" role="platform"/>
  <member type="node" ref="9412086526" role="platform"/>
  <member type="node" ref="9412086523" role="platform"/>
  <member type="node" ref="9412086520" role="platform"/>
  <member type="node" ref="9412086519" role="platform"/>
  <member type="node" ref="9412086516" role="platform"/>
  <member type="node" ref="9412086514" role="platform"/>
  <member type="node" ref="9412086531" role="platform"/>
  <member type="node" ref="9412086533" role="platform"/>
  <member type="node" ref="9412086515" role="platform"/>
  <member type="node" ref="9412086535" role="platform"/>
  <member type="node" ref="9412086537" role="platform"/>
  <member type="node" ref="9412086539" role="platform"/>
  <member type="node" ref="9412086541" role="platform"/>
  <member type="node" ref="9412086543" role="platform"/>
  <member type="node" ref="9412086545" role="platform"/>
  <member type="node" ref="9412086547" role="platform"/>
  <member type="node" ref="9412086549" role="platform"/>
  <member type="node" ref="9412086551" role="platform"/>
  <member type="node" ref="9412086553" role="platform"/>
  <member type="node" ref="9412086555" role="platform"/>
  <member type="node" ref="9412086557" role="platform"/>
  <member type="node" ref="9412086559" role="platform"/>
  <member type="node" ref="9412086561" role="platform"/>
  <member type="node" ref="9412086563" role="platform"/>
  <member type="node" ref="9412086565" role="platform"/>
  <member type="node" ref="9412086567" role="platform"/>
  <member type="node" ref="9412086569" role="platform"/>
  <member type="node" ref="9412086571" role="platform"/>
  <member type="way" ref="119885969" role=""/>
  <member type="way" ref="119887402" role=""/>
  <member type="way" ref="119887360" role=""/>
  <member type="way" ref="119885381" role=""/>
  <member type="way" ref="119886472" role=""/>
  <member type="way" ref="119887315" role=""/>
  <member type="way" ref="119888475" role=""/>
  <member type="way" ref="119885217" role=""/>
  <member type="way" ref="1427055400" role=""/>
  <member type="way" ref="1161949597" role=""/>
  <member type="way" ref="119885215" role=""/>
  <member type="way" ref="119879037" role=""/>
  <member type="way" ref="119879116" role=""/>
  <member type="way" ref="119888155" role=""/>
  <member type="way" ref="119887610" role=""/>
  <member type="way" ref="119879071" role=""/>
  <member type="way" ref="1036697511" role=""/>
  <member type="way" ref="1036697510" role=""/>
  <member type="way" ref="1036697514" role=""/>
  <member type="way" ref="1036697512" role=""/>
  <member type="way" ref="1036697534" role=""/>
  <member type="way" ref="1036697525" role=""/>
  <member type="way" ref="119878656" role=""/>
  <member type="way" ref="119878549" role=""/>
  <member type="way" ref="119878523" role=""/>
  <member type="way" ref="1036697526" role=""/>
  <member type="way" ref="1036697532" role=""/>
  <member type="way" ref="1394161504" role=""/>
  <member type="way" ref="1036697531" role=""/>
  <member type="way" ref="1036697527" role=""/>
  <member type="way" ref="119879058" role=""/>
  <member type="way" ref="957726378" role=""/>
  <member type="way" ref="119885817" role=""/>
  <member type="way" ref="119886880" role=""/>
  <member type="way" ref="119888061" role=""/>
  <member type="way" ref="119886474" role=""/>
  <member type="way" ref="119887566" role=""/>
  <member type="way" ref="119887419" role=""/>
  <member type="way" ref="1163757165" role=""/>
  <member type="way" ref="1163757164" role=""/>
  <member type="way" ref="119887419" role=""/>
  <member type="way" ref="119885290" role=""/>
  <member type="way" ref="546317412" role=""/>
  <member type="way" ref="407829907" role=""/>
  <member type="way" ref="1473855298" role=""/>
  <member type="way" ref="1473855299" role=""/>
  <member type="way" ref="139849495" role=""/>
  <member type="way" ref="1420101861" role=""/>
  <member type="way" ref="1315033215" role=""/>
  <member type="way" ref="289348758" role=""/>
  <member type="way" ref="289348773" role=""/>
  <member type="way" ref="289348780" role=""/>
  <member type="way" ref="289348769" role=""/>
  <member type="way" ref="289348772" role=""/>
  <member type="way" ref="535381133" role=""/>
  <member type="way" ref="535381132" role=""/>
  <member type="way" ref="289348757" role=""/>
  <member type="way" ref="42403292" role=""/>
  <member type="way" ref="289348828" role=""/>
  <member type="way" ref="710577832" role=""/>
  <member type="way" ref="710577833" role=""/>
  <member type="way" ref="1163757160" role=""/>
  <member type="way" ref="710577836" role=""/>
  <member type="way" ref="552730769" role=""/>
  <member type="way" ref="552730766" role=""/>
  <member type="way" ref="1315019735" role=""/>
  <member type="way" ref="361731287" role=""/>
  <member type="way" ref="1420856718" role=""/>
  <member type="way" ref="361731290" role=""/>
  <member type="way" ref="77178773" role=""/>
  <member type="way" ref="957733672" role=""/>
  <member type="way" ref="646777796" role=""/>
  <tag k="duration" v="01:12:00"/>
  <tag k="from" v="山口大学"/>
  <tag k="gtfs:route_id" v="2229846746"/>
  <tag k="gtfs:shape_id" v="40001099"/>
  <tag k="name" v="Bus: 山口大学→山口県庁前→ゆめタウン山口→防府駅"/>
  <tag k="network" v="防長線"/>
  <tag k="opening_hours" v="Mo-Fr 06:55-20:40; Sa-Su 06:55-19:42"/>
  <tag k="operator" v="中国ジェイアールバス"/>
  <tag k="operator:en" v="Chugoku JR Bus"/>
  <tag k="public_transport:version" v="2"/>
  <tag k="route" v="bus"/>
  <tag k="to" v="防府駅"/>
  <tag k="type" v="route"/>
  <tag k="via" v="山口県庁前;ゆめタウン山口"/>
 </relation>
 <relation id="15742102" visible="true" version="18" changeset="172594622" timestamp="2025-09-29T06:10:24Z" user="taketaketake" uid="4757277">
  <member type="node" ref="9412086570" role="platform"/>
  <member type="node" ref="9412086568" role="platform"/>
  <member type="node" ref="9412086566" role="platform"/>
  <member type="node" ref="9412086564" role="platform"/>
  <member type="node" ref="9412086562" role="platform"/>
  <member type="node" ref="9412086342" role="platform"/>
  <member type="node" ref="9412086340" role="platform"/>
  <member type="node" ref="9412086337" role="platform"/>
  <member type="node" ref="9412086339" role="platform"/>
  <member type="node" ref="9412086341" role="platform"/>
  <member type="node" ref="9412086560" role="platform"/>
  <member type="node" ref="9412086558" role="platform"/>
  <member type="node" ref="9412086556" role="platform"/>
  <member type="node" ref="9412086554" role="platform"/>
  <member type="node" ref="9412086552" role="platform"/>
  <member type="node" ref="9412086550" role="platform"/>
  <member type="node" ref="9412086548" role="platform"/>
  <member type="node" ref="9412086546" role="platform"/>
  <member type="node" ref="9412086544" role="platform"/>
  <member type="node" ref="9412086542" role="platform"/>
  <member type="node" ref="9412086540" role="platform"/>
  <member type="node" ref="9412086538" role="platform"/>
  <member type="node" ref="9412086536" role="platform"/>
  <member type="node" ref="9412086534" role="platform"/>
  <member type="node" ref="9412086346" role="platform"/>
  <member type="node" ref="9412086515" role="platform"/>
  <member type="node" ref="9412086532" role="platform"/>
  <member type="node" ref="9412086530" role="platform"/>
  <member type="node" ref="9412086513" role="platform"/>
  <member type="node" ref="9412086517" role="platform"/>
  <member type="node" ref="9412086518" role="platform"/>
  <member type="node" ref="9412086521" role="platform"/>
  <member type="node" ref="9412086522" role="platform"/>
  <member type="node" ref="9412086525" role="platform"/>
  <member type="node" ref="9412086527" role="platform"/>
  <member type="node" ref="9412086511" role="platform"/>
  <member type="node" ref="9412086509" role="platform"/>
  <member type="node" ref="9412086507" role="platform"/>
  <member type="node" ref="9412086505" role="platform"/>
  <member type="node" ref="9412086503" role="platform"/>
  <member type="node" ref="9412086500" role="platform"/>
  <member type="node" ref="9412086498" role="platform"/>
  <member type="node" ref="9412086496" role="platform"/>
  <member type="node" ref="9412086494" role="platform"/>
  <member type="node" ref="9412086493" role="platform"/>
  <member type="way" ref="357194915" role=""/>
  <member type="way" ref="357194913" role=""/>
  <member type="way" ref="957733672" role=""/>
  <member type="way" ref="77178773" role=""/>
  <member type="way" ref="361731290" role=""/>
  <member type="way" ref="1420856717" role=""/>
  <member type="way" ref="1122925019" role=""/>
  <member type="way" ref="361731281" role=""/>
  <member type="way" ref="361731282" role=""/>
  <member type="way" ref="361731280" role=""/>
  <member type="way" ref="119986970" role=""/>
  <member type="way" ref="710577835" role=""/>
  <member type="way" ref="1163757171" role=""/>
  <member type="way" ref="119986480" role=""/>
  <member type="way" ref="1163757168" role=""/>
  <member type="way" ref="1163757169" role=""/>
  <member type="way" ref="1163757168" role=""/>
  <member type="way" ref="119986480" role=""/>
  <member type="way" ref="710577834" role=""/>
  <member type="way" ref="710577831" role=""/>
  <member type="way" ref="710577830" role=""/>
  <member type="way" ref="119885470" role=""/>
  <member type="way" ref="119886915" role=""/>
  <member type="way" ref="535381131" role=""/>
  <member type="way" ref="535381134" role=""/>
  <member type="way" ref="289348800" role=""/>
  <member type="way" ref="289348803" role=""/>
  <member type="way" ref="289348808" role=""/>
  <member type="way" ref="289348798" role=""/>
  <member type="way" ref="289348809" role=""/>
  <member type="way" ref="1315033214" role=""/>
  <member type="way" ref="289348802" role=""/>
  <member type="way" ref="1420101860" role=""/>
  <member type="way" ref="289348826" role=""/>
  <member type="way" ref="119887013" role=""/>
  <member type="way" ref="552482886" role=""/>
  <member type="way" ref="546317412" role=""/>
  <member type="way" ref="119885290" role=""/>
  <member type="way" ref="119887419" role=""/>
  <member type="way" ref="1163757165" role=""/>
  <member type="way" ref="1163757164" role=""/>
  <member type="way" ref="119887419" role=""/>
  <member type="way" ref="119887566" role=""/>
  <member type="way" ref="119886474" role=""/>
  <member type="way" ref="119888061" role=""/>
  <member type="way" ref="119886880" role=""/>
  <member type="way" ref="119885817" role=""/>
  <member type="way" ref="957726378" role=""/>
  <member type="way" ref="119879058" role=""/>
  <member type="way" ref="1036697530" role=""/>
  <member type="way" ref="1036697526" role=""/>
  <member type="way" ref="1036697532" role=""/>
  <member type="way" ref="1394161504" role=""/>
  <member type="way" ref="1036697531" role=""/>
  <member type="way" ref="1163757161" role=""/>
  <member type="way" ref="1036697528" role=""/>
  <member type="way" ref="1036697526" role=""/>
  <member type="way" ref="119878523" role=""/>
  <member type="way" ref="517552886" role=""/>
  <member type="way" ref="119878656" role=""/>
  <member type="way" ref="1036697525" role=""/>
  <member type="way" ref="1036697534" role=""/>
  <member type="way" ref="1036697533" role=""/>
  <member type="way" ref="1036697512" role=""/>
  <member type="way" ref="1036697534" role=""/>
  <member type="way" ref="1036697525" role=""/>
  <member type="way" ref="119878656" role=""/>
  <member type="way" ref="1036697524" role=""/>
  <member type="way" ref="119879071" role=""/>
  <member type="way" ref="119887610" role=""/>
  <member type="way" ref="119888155" role=""/>
  <member type="way" ref="119879116" role=""/>
  <member type="way" ref="119879037" role=""/>
  <member type="way" ref="119885215" role=""/>
  <member type="way" ref="1161949597" role=""/>
  <member type="way" ref="1427055400" role=""/>
  <member type="way" ref="119885217" role=""/>
  <member type="way" ref="119888475" role=""/>
  <member type="way" ref="119887315" role=""/>
  <member type="way" ref="119886472" role=""/>
  <member type="way" ref="119885381" role=""/>
  <member type="way" ref="119887360" role=""/>
  <member type="way" ref="119887402" role=""/>
  <member type="way" ref="283108776" role=""/>
  <member type="way" ref="283108775" role=""/>
  <member type="way" ref="1163761251" role=""/>
  <member type="way" ref="1163761254" role=""/>
  <tag k="duration" v="01:19:00"/>
  <tag k="from" v="防府駅前"/>
  <tag k="gtfs:route_id" v="2229846746"/>
  <tag k="gtfs:shape_id" v="40001350"/>
  <tag k="name" v="Bus: 防府駅前→総合医療センター前→ゆめタウン山口→山口県庁前→山口大学"/>
  <tag k="network" v="防長線"/>
  <tag k="opening_hours" v="Mo-Fr 10:35-20:25; Sa-Su 10:35-20:22"/>
  <tag k="operator" v="中国ジェイアールバス"/>
  <tag k="operator:en" v="Chugoku JR Bus"/>
  <tag k="public_transport:version" v="2"/>
  <tag k="route" v="bus"/>
  <tag k="to" v="山口大学"/>
  <tag k="type" v="route"/>
  <tag k="via" v="総合医療センター前;ゆめタウン山口;山口県庁前"/>
 </relation>
 <relation id="15742103" visible="true" version="19" changeset="178047391" timestamp="2026-02-03T12:01:21Z" user="setowalker" uid="21720421">
  <member type="node" ref="9412086493" role="platform"/>
  <member type="node" ref="9412086492" role="platform"/>
  <member type="node" ref="9412086495" role="platform"/>
  <member type="node" ref="9412086497" role="platform"/>
  <member type="node" ref="9412086499" role="platform"/>
  <member type="node" ref="9412086502" role="platform"/>
  <member type="node" ref="9412086504" role="platform"/>
  <member type="node" ref="9412086506" role="platform"/>
  <member type="node" ref="9412086508" role="platform"/>
  <member type="node" ref="9412086510" role="platform"/>
  <member type="node" ref="9412086512" role="platform"/>
  <member type="node" ref="9412086528" role="platform"/>
  <member type="node" ref="9412086526" role="platform"/>
  <member type="node" ref="9412086523" role="platform"/>
  <member type="node" ref="9412086520" role="platform"/>
  <member type="node" ref="9412086519" role="platform"/>
  <member type="node" ref="9412086516" role="platform"/>
  <member type="node" ref="9412086514" role="platform"/>
  <member type="node" ref="9412086531" role="platform"/>
  <member type="node" ref="9412086533" role="platform"/>
  <member type="node" ref="9412086515" role="platform"/>
  <member type="node" ref="9412086535" role="platform"/>
  <member type="node" ref="9412086537" role="platform"/>
  <member type="node" ref="9412086539" role="platform"/>
  <member type="node" ref="9412086541" role="platform"/>
  <member type="node" ref="9412086543" role="platform"/>
  <member type="node" ref="9412086545" role="platform"/>
  <member type="node" ref="9412086547" role="platform"/>
  <member type="node" ref="9412086549" role="platform"/>
  <member type="node" ref="9412086551" role="platform"/>
  <member type="node" ref="9412086553" role="platform"/>
  <member type="node" ref="9412086555" role="platform"/>
  <member type="node" ref="9412086557" role="platform"/>
  <member type="node" ref="9412086559" role="platform"/>
  <member type="node" ref="9412086561" role="platform"/>
  <member type="node" ref="9412086342" role="platform"/>
  <member type="node" ref="9412086340" role="platform"/>
  <member type="node" ref="9412086338" role="platform"/>
  <member type="node" ref="9412086339" role="platform"/>
  <member type="node" ref="9412086341" role="platform"/>
  <member type="node" ref="9412086563" role="platform"/>
  <member type="node" ref="9412086565" role="platform"/>
  <member type="node" ref="9412086567" role="platform"/>
  <member type="node" ref="9412086569" role="platform"/>
  <member type="node" ref="9412086571" role="platform"/>
  <member type="way" ref="119885969" role=""/>
  <member type="way" ref="119887402" role=""/>
  <member type="way" ref="119887360" role=""/>
  <member type="way" ref="119885381" role=""/>
  <member type="way" ref="119886472" role=""/>
  <member type="way" ref="119887315" role=""/>
  <member type="way" ref="119888475" role=""/>
  <member type="way" ref="119885217" role=""/>
  <member type="way" ref="1427055400" role=""/>
  <member type="way" ref="1161949597" role=""/>
  <member type="way" ref="119885215" role=""/>
  <member type="way" ref="119879037" role=""/>
  <member type="way" ref="119879116" role=""/>
  <member type="way" ref="119888155" role=""/>
  <member type="way" ref="119887610" role=""/>
  <member type="way" ref="119879071" role=""/>
  <member type="way" ref="1036697511" role=""/>
  <member type="way" ref="1036697510" role=""/>
  <member type="way" ref="1036697514" role=""/>
  <member type="way" ref="1036697512" role=""/>
  <member type="way" ref="1036697534" role=""/>
  <member type="way" ref="1036697525" role=""/>
  <member type="way" ref="119878656" role=""/>
  <member type="way" ref="119878549" role=""/>
  <member type="way" ref="119878523" role=""/>
  <member type="way" ref="1036697526" role=""/>
  <member type="way" ref="1036697532" role=""/>
  <member type="way" ref="1394161504" role=""/>
  <member type="way" ref="1036697531" role=""/>
  <member type="way" ref="1036697527" role=""/>
  <member type="way" ref="119879058" role=""/>
  <member type="way" ref="957726378" role=""/>
  <member type="way" ref="119885817" role=""/>
  <member type="way" ref="119886880" role=""/>
  <member type="way" ref="119888061" role=""/>
  <member type="way" ref="119886474" role=""/>
  <member type="way" ref="119887566" role=""/>
  <member type="way" ref="119887419" role=""/>
  <member type="way" ref="1163757165" role=""/>
  <member type="way" ref="1163757164" role=""/>
  <member type="way" ref="119887419" role=""/>
  <member type="way" ref="119885290" role=""/>
  <member type="way" ref="546317412" role=""/>
  <member type="way" ref="407829907" role=""/>
  <member type="way" ref="1473855298" role=""/>
  <member type="way" ref="1473855299" role=""/>
  <member type="way" ref="139849495" role=""/>
  <member type="way" ref="1420101861" role=""/>
  <member type="way" ref="1315033215" role=""/>
  <member type="way" ref="289348758" role=""/>
  <member type="way" ref="289348773" role=""/>
  <member type="way" ref="289348780" role=""/>
  <member type="way" ref="289348769" role=""/>
  <member type="way" ref="289348772" role=""/>
  <member type="way" ref="535381133" role=""/>
  <member type="way" ref="535381132" role=""/>
  <member type="way" ref="289348757" role=""/>
  <member type="way" ref="42403292" role=""/>
  <member type="way" ref="289348828" role=""/>
  <member type="way" ref="710577832" role=""/>
  <member type="way" ref="710577833" role=""/>
  <member type="way" ref="119990501" role=""/>
  <member type="way" ref="119986480" role=""/>
  <member type="way" ref="1163757168" role=""/>
  <member type="way" ref="1163757169" role=""/>
  <member type="way" ref="1163757168" role=""/>
  <member type="way" ref="119986480" role=""/>
  <member type="way" ref="119990501" role=""/>
  <member type="way" ref="1163757160" role=""/>
  <member type="way" ref="710577836" role=""/>
  <member type="way" ref="552730769" role=""/>
  <member type="way" ref="552730766" role=""/>
  <member type="way" ref="1315019735" role=""/>
  <member type="way" ref="361731287" role=""/>
  <member type="way" ref="1420856718" role=""/>
  <member type="way" ref="361731290" role=""/>
  <member type="way" ref="77178773" role=""/>
  <member type="way" ref="957733672" role=""/>
  <member type="way" ref="646777796" role=""/>
  <tag k="duration" v="01:13:00"/>
  <tag k="from" v="山口大学"/>
  <tag k="gtfs:route_id" v="2229846746"/>
  <tag k="gtfs:shape_id" v="40001359"/>
  <tag k="name" v="Bus: 山口大学→山口県庁前→ゆめタウン山口→総合医療センター前→防府駅"/>
  <tag k="network" v="防長線"/>
  <tag k="opening_hours" v="Mo-Fr 10:35-20:25; Sa-Su 08:15-10:15"/>
  <tag k="operator" v="中国ジェイアールバス"/>
  <tag k="operator:en" v="Chugoku JR Bus"/>
  <tag k="public_transport:version" v="2"/>
  <tag k="route" v="bus"/>
  <tag k="to" v="防府駅"/>
  <tag k="type" v="route"/>
  <tag k="via" v="山口県庁前;ゆめタウン山口;総合医療センター前"/>
 </relation>
 <relation id="15742104" visible="true" version="1" changeset="135081958" timestamp="2023-04-19T01:53:23Z" user="okadatsuneo_import" uid="12352917">
  <member type="relation" ref="15742103" role=""/>
  <member type="relation" ref="15742102" role=""/>
  <member type="relation" ref="15742101" role=""/>
  <member type="relation" ref="15742100" role=""/>
  <member type="relation" ref="15742099" role=""/>
  <member type="relation" ref="15742098" role=""/>
  <member type="relation" ref="15742097" role=""/>
  <member type="relation" ref="15742096" role=""/>
  <tag k="name" v="Bus: 防府駅前&lt;-&gt;山口大学"/>
  <tag k="network" v="防長線"/>
  <tag k="operator" v="中国ジェイアールバス"/>
  <tag k="operator:en" v="Chugoku JR Bus"/>
  <tag k="route_master" v="bus"/>
  <tag k="type" v="route_master"/>
 </relation>
 <relation id="16385177" visible="true" version="6" changeset="141806225" timestamp="2023-09-27T08:01:07Z" user="FallingPeppers" uid="19745387">
  <member type="way" ref="1211173368" role="outer"/>
  <member type="way" ref="1211173374" role="outer"/>
  <member type="way" ref="1211173361" role="outer"/>
  <member type="way" ref="1211173362" role="outer"/>
  <member type="way" ref="1211173375" role="outer"/>
  <member type="node" ref="9218352722" role="label"/>
  <tag k="admin_level" v="10"/>
  <tag k="boundary" v="administrative"/>
  <tag k="name" v="湯田温泉１"/>
  <tag k="name:en" v="Yudaonsen 1"/>
  <tag k="type" v="boundary"/>
 </relation>
 <relation id="16385178" visible="true" version="5" changeset="141805674" timestamp="2023-09-27T07:49:33Z" user="FallingPeppers" uid="19745387">
  <member type="way" ref="1211173367" role="outer"/>
  <member type="way" ref="1211192321" role="outer"/>
  <member type="way" ref="1211173365" role="outer"/>
  <member type="way" ref="1211173359" role="outer"/>
  <member type="way" ref="1211173360" role="outer"/>
  <member type="way" ref="1211173374" role="outer"/>
  <member type="node" ref="9218352721" role="label"/>
  <tag k="admin_level" v="10"/>
  <tag k="boundary" v="administrative"/>
  <tag k="name" v="湯田温泉２"/>
  <tag k="name:en" v="Yudaonsen 2"/>
  <tag k="type" v="boundary"/>
 </relation>
 <relation id="16385179" visible="true" version="5" changeset="141805674" timestamp="2023-09-27T07:49:33Z" user="FallingPeppers" uid="19745387">
  <member type="way" ref="1211173377" role="outer"/>
  <member type="way" ref="1211173368" role="outer"/>
  <member type="way" ref="1211173373" role="outer"/>
  <member type="way" ref="1211173370" role="outer"/>
  <member type="node" ref="9218352720" role="label"/>
  <tag k="admin_level" v="10"/>
  <tag k="boundary" v="administrative"/>
  <tag k="name" v="湯田温泉３"/>
  <tag k="name:en" v="Yudaonsen 3"/>
  <tag k="type" v="boundary"/>
 </relation>
 <relation id="16385180" visible="true" version="6" changeset="141806225" timestamp="2023-09-27T08:01:07Z" user="FallingPeppers" uid="19745387">
  <member type="way" ref="1211173366" role="outer"/>
  <member type="way" ref="1211173367" role="outer"/>
  <member type="way" ref="1211173373" role="outer"/>
  <member type="way" ref="1211173369" role="outer"/>
  <member type="node" ref="9218352719" role="label"/>
  <tag k="admin_level" v="10"/>
  <tag k="boundary" v="administrative"/>
  <tag k="name" v="湯田温泉４"/>
  <tag k="name:en" v="Yudaonsen 4"/>
  <tag k="type" v="boundary"/>
 </relation>
 <relation id="16385183" visible="true" version="6" changeset="141956296" timestamp="2023-09-30T15:23:31Z" user="FallingPeppers" uid="19745387">
  <member type="node" ref="11221615751" role="label"/>
  <member type="way" ref="1211173366" role="outer"/>
  <member type="way" ref="1211192321" role="outer"/>
  <member type="way" ref="1211173365" role="outer"/>
  <member type="way" ref="1211173359" role="outer"/>
  <member type="way" ref="1211173360" role="outer"/>
  <member type="way" ref="1211173361" role="outer"/>
  <member type="way" ref="1211173362" role="outer"/>
  <member type="way" ref="1211173375" role="outer"/>
  <member type="way" ref="1211173377" role="outer"/>
  <member type="way" ref="1211173376" role="outer"/>
  <member type="way" ref="1211173378" role="outer"/>
  <member type="way" ref="1211173379" role="outer"/>
  <member type="way" ref="1211173371" role="outer"/>
  <member type="way" ref="1211173380" role="outer"/>
  <member type="way" ref="1211173381" role="outer"/>
  <member type="way" ref="1211192315" role="outer"/>
  <member type="way" ref="1211173382" role="outer"/>
  <member type="relation" ref="16385181" role="subarea"/>
  <member type="relation" ref="16385182" role="subarea"/>
  <member type="relation" ref="16385180" role="subarea"/>
  <member type="relation" ref="16385179" role="subarea"/>
  <member type="relation" ref="16385177" role="subarea"/>
  <member type="relation" ref="16385178" role="subarea"/>
  <tag k="admin_level" v="9"/>
  <tag k="boundary" v="administrative"/>
  <tag k="name" v="湯田温泉"/>
  <tag k="name:en" v="Yudaonsen"/>
  <tag k="type" v="boundary"/>
 </relation>
 <relation id="19563522" visible="true" version="2" changeset="171440305" timestamp="2025-09-04T08:29:55Z" user="taketaketake" uid="4757277">
  <member type="way" ref="1427034903" role=""/>
  <member type="way" ref="1427034904" role=""/>
  <member type="way" ref="119974765" role=""/>
  <member type="way" ref="119974388" role=""/>
  <member type="way" ref="1427034905" role=""/>
  <member type="way" ref="312673231" role=""/>
  <member type="way" ref="312673221" role=""/>
  <member type="way" ref="312673220" role=""/>
  <member type="way" ref="501321456" role=""/>
  <member type="way" ref="119885495" role=""/>
  <member type="way" ref="119885871" role=""/>
  <member type="way" ref="119887850" role=""/>
  <member type="way" ref="119885316" role=""/>
  <member type="way" ref="119887360" role=""/>
  <member type="way" ref="119885381" role=""/>
  <member type="way" ref="119886472" role=""/>
  <member type="way" ref="119887315" role=""/>
  <member type="way" ref="119888475" role=""/>
  <member type="way" ref="119885217" role=""/>
  <member type="way" ref="1427055400" role=""/>
  <member type="way" ref="1161949597" role=""/>
  <member type="way" ref="119885215" role=""/>
  <member type="way" ref="313215954" role=""/>
  <member type="way" ref="1315871121" role=""/>
  <member type="way" ref="313215953" role=""/>
  <member type="way" ref="1215930726" role=""/>
  <member type="way" ref="1215930720" role=""/>
  <member type="way" ref="1215930724" role=""/>
  <member type="way" ref="1215930725" role=""/>
  <tag k="from" v="山口県山口市陶"/>
  <tag k="name" v="山口県道200号　陶湯田線"/>
  <tag k="name:en" v="Yamaguchi Prefectural Route 200 Sue Yuda Line"/>
  <tag k="name:ja" v="山口県道200号　陶湯田線"/>
  <tag k="name:ja-Hira" v="やまぐちけんどう200ごう　すえゆだせん"/>
  <tag k="name:ja_rm" v="Yamaguchikendō 200-gō Sue Yuda-sen"/>
  <tag k="network" v="JP:prefectural"/>
  <tag k="ref" v="200"/>
  <tag k="route" v="road"/>
  <tag k="to" v="山口県山口市神田町"/>
  <tag k="type" v="route"/>
  <tag k="wikidata" v="Q11467188"/>
  <tag k="wikipedia" v="ja:山口県道200号陶湯田線"/>
 </relation>
 <relation id="19563808" visible="true" version="1" changeset="171438115" timestamp="2025-09-04T07:35:56Z" user="taketaketake" uid="4757277">
  <member type="way" ref="119878467" role=""/>
  <member type="way" ref="119878796" role=""/>
  <member type="way" ref="1036709690" role=""/>
  <member type="way" ref="119878679" role=""/>
  <member type="way" ref="119878779" role=""/>
  <member type="way" ref="1036709691" role=""/>
  <member type="way" ref="119878619" role=""/>
  <member type="way" ref="119878533" role=""/>
  <member type="way" ref="119878507" role=""/>
  <member type="way" ref="1036697523" role=""/>
  <member type="way" ref="119879037" role=""/>
  <member type="way" ref="119885215" role=""/>
  <member type="way" ref="1161949597" role=""/>
  <member type="way" ref="119885925" role=""/>
  <member type="way" ref="119886658" role=""/>
  <member type="way" ref="119886196" role=""/>
  <member type="way" ref="119887138" role=""/>
  <member type="way" ref="119885715" role=""/>
  <member type="way" ref="119888579" role=""/>
  <member type="way" ref="119885225" role=""/>
  <tag k="from" v="山口県山口市宮野下"/>
  <tag k="name" v="山口県道204号　宮野大歳線"/>
  <tag k="name:en" v="Yamaguchi Prefectural Route 204 Miyano Otoshi Line"/>
  <tag k="name:ja" v="山口県道204号　宮野大歳線"/>
  <tag k="name:ja-Hira" v="やまぐちけんどう204ごう みやのおおとしせん"/>
  <tag k="name:ja_rm" v="Yamaguchikendō 204-gō Miyano Ōtoshi-sen"/>
  <tag k="network" v="JP:prefectural"/>
  <tag k="ref" v="204"/>
  <tag k="route" v="road"/>
  <tag k="to" v="山口県山口市朝田"/>
  <tag k="type" v="route"/>
  <tag k="wikidata" v="Q11467194"/>
  <tag k="wikipedia" v="ja:山口県道204号宮野大歳線"/>
 </relation>
</osm>
