<?xml version="1.0" encoding="UTF-8"?>
<osm version="0.6" generator="openstreetmap-cgimap 2.1.0 (2942776 spike-08.openstreetmap.org)" copyright="OpenStreetMap and contributors" attribution="http://www.openstreetmap.org/copyright" license="http://opendatacommons.org/licenses/odbl/1-0/">
 <bounds minlat="34.2181840" minlon="131.2973287" maxlat="34.2205840" maxlon="131.3003287"/>
 <node id="748895313" visible="true" version="1" changeset="4813224" timestamp="2010-05-26T13:38:17Z" user="Tom_G3X" uid="146930" lat="34.2184640" lon="131.2976750"/>
 <node id="748905863" visible="true" version="1" changeset="4813224" timestamp="2010-05-26T13:41:33Z" user="Tom_G3X" uid="146930" lat="34.2096920" lon="131.2973310"/>
 <node id="748909160" visible="true" version="3" changeset="55206517" timestamp="2018-01-06T09:25:38Z" user="HikaruKinkakuji" uid="1878070" lat="34.2250097" lon="131.3050282"/>
 <node id="748912228" visible="true" version="2" changeset="103733018" timestamp="2021-04-27T21:51:20Z" user="AYAGE" uid="521665" lat="34.2189927" lon="131.2976476"/>
 <node id="748921214" visible="true" version="2" changeset="103733018" timestamp="2021-04-27T21:51:20Z" user="AYAGE" uid="521665" lat="34.2175917" lon="131.2977894"/>
 <node id="748924349" visible="true" version="2" changeset="103731904" timestamp="2021-04-27T21:11:20Z" user="AYAGE" uid="521665" lat="34.2121750" lon="131.2962139"/>
 <node id="748930624" visible="true" version="1" changeset="4813224" timestamp="2010-05-26T13:52:28Z" user="Tom_G3X" uid="146930" lat="34.2232910" lon="131.3045590"/>
 <node id="748935072" visible="true" version="2" changeset="103733018" timestamp="2021-04-27T21:51:20Z" user="AYAGE" uid="521665" lat="34.2161486" lon="131.2976727"/>
 <node id="748938547" visible="true" version="2" changeset="103731904" timestamp="2021-04-27T21:11:20Z" user="AYAGE" uid="521665" lat="34.2107034" lon="131.2961566"/>
 <node id="748950229" visible="true" version="2" changeset="55206517" timestamp="2018-01-06T09:25:38Z" user="HikaruKinkakuji" uid="1878070" lat="34.2241048" lon="131.3049972"/>
 <node id="748957692" visible="true" version="2" changeset="103733018" timestamp="2021-04-27T21:51:20Z" user="AYAGE" uid="521665" lat="34.2166801" lon="131.2975103"/>
 <node id="748975631" visible="true" version="1" changeset="4813224" timestamp="2010-05-26T14:11:16Z" user="Tom_G3X" uid="146930" lat="34.2218600" lon="131.3022960"/>
 <node id="748989538" visible="true" version="2" changeset="103731904" timestamp="2021-04-27T21:11:20Z" user="AYAGE" uid="521665" lat="34.2099972" lon="131.2972348"/>
 <node id="748996081" visible="true" version="2" changeset="55206517" timestamp="2018-01-06T09:25:38Z" user="HikaruKinkakuji" uid="1878070" lat="34.2265954" lon="131.3045581"/>
 <node id="749018075" visible="true" version="2" changeset="103731904" timestamp="2021-04-27T21:11:20Z" user="AYAGE" uid="521665" lat="34.2144048" lon="131.2967849"/>
 <node id="749027997" visible="true" version="2" changeset="103731904" timestamp="2021-04-27T21:11:20Z" user="AYAGE" uid="521665" lat="34.2105704" lon="131.2962864"/>
 <node id="749036858" visible="true" version="2" changeset="67948747" timestamp="2019-03-09T05:18:25Z" user="alberth2" uid="2891170" lat="34.2269410" lon="131.3042991"/>
 <node id="749055198" visible="true" version="1" changeset="4813224" timestamp="2010-05-26T14:41:56Z" user="Tom_G3X" uid="146930" lat="34.2149190" lon="131.2974090"/>
 <node id="749060495" visible="true" version="1" changeset="4813224" timestamp="2010-05-26T14:45:15Z" user="Tom_G3X" uid="146930" lat="34.2083680" lon="131.2974890"/>
 <node id="749067353" visible="true" version="2" changeset="55206517" timestamp="2018-01-06T09:25:38Z" user="HikaruKinkakuji" uid="1878070" lat="34.2248620" lon="131.3050030"/>
 <node id="749071031" visible="true" version="2" changeset="103733018" timestamp="2021-04-27T21:51:20Z" user="AYAGE" uid="521665" lat="34.2188106" lon="131.2976223"/>
 <node id="749077556" visible="true" version="2" changeset="103733018" timestamp="2021-04-27T21:51:20Z" user="AYAGE" uid="521665" lat="34.2170397" lon="131.2975967"/>
 <node id="749081408" visible="true" version="1" changeset="4813826" timestamp="2010-05-26T14:54:45Z" user="Tom_G3X" uid="146930" lat="34.2117630" lon="131.2960670"/>
 <node id="749085967" visible="true" version="2" changeset="103733018" timestamp="2021-04-27T21:51:20Z" user="AYAGE" uid="521665" lat="34.2192042" lon="131.2977269"/>
 <node id="749097595" visible="true" version="2" changeset="103733018" timestamp="2021-04-27T21:51:20Z" user="AYAGE" uid="521665" lat="34.2178407" lon="131.2978474"/>
 <node id="749103182" visible="true" version="2" changeset="103731904" timestamp="2021-04-27T21:11:20Z" user="AYAGE" uid="521665" lat="34.2128597" lon="131.2961977"/>
 <node id="749113658" visible="true" version="1" changeset="4813826" timestamp="2010-05-26T15:06:55Z" user="Tom_G3X" uid="146930" lat="34.2237450" lon="131.3048730"/>
 <node id="749148746" visible="true" version="2" changeset="103733018" timestamp="2021-04-27T21:51:20Z" user="AYAGE" uid="521665" lat="34.2203861" lon="131.2994780"/>
 <node id="749159902" visible="true" version="1" changeset="4813826" timestamp="2010-05-26T15:19:18Z" user="Tom_G3X" uid="146930" lat="34.2151650" lon="131.2975990"/>
 <node id="749167610" visible="true" version="2" changeset="103731904" timestamp="2021-04-27T21:11:20Z" user="AYAGE" uid="521665" lat="34.2115326" lon="131.2959145"/>
 <node id="749175263" visible="true" version="3" changeset="67948747" timestamp="2019-03-09T05:18:25Z" user="alberth2" uid="2891170" lat="34.2280326" lon="131.3034102"/>
 <node id="749183071" visible="true" version="1" changeset="4813826" timestamp="2010-05-26T15:26:34Z" user="Tom_G3X" uid="146930" lat="34.2225870" lon="131.3036520"/>
 <node id="749204455" visible="true" version="2" changeset="103731904" timestamp="2021-04-27T21:11:20Z" user="AYAGE" uid="521665" lat="34.2102686" lon="131.2970379"/>
 <node id="749212686" visible="true" version="2" changeset="55206517" timestamp="2018-01-06T09:25:38Z" user="HikaruKinkakuji" uid="1878070" lat="34.2267251" lon="131.3045399"/>
 <node id="749232280" visible="true" version="1" changeset="4813826" timestamp="2010-05-26T15:43:32Z" user="Tom_G3X" uid="146930" lat="34.2146660" lon="131.2970260"/>
 <node id="749247326" visible="true" version="2" changeset="55206517" timestamp="2018-01-06T09:25:38Z" user="HikaruKinkakuji" uid="1878070" lat="34.2243512" lon="131.3050352"/>
 <node id="749257370" visible="true" version="1" changeset="4813826" timestamp="2010-05-26T15:53:21Z" user="Tom_G3X" uid="146930" lat="34.2197560" lon="131.2983550"/>
 <node id="749268034" visible="true" version="1" changeset="4813826" timestamp="2010-05-26T15:58:25Z" user="Tom_G3X" uid="146930" lat="34.2150460" lon="131.2975250"/>
 <node id="749276248" visible="true" version="1" changeset="4813826" timestamp="2010-05-26T16:02:14Z" user="Tom_G3X" uid="146930" lat="34.2094030" lon="131.2973610"/>
 <node id="749301128" visible="true" version="2" changeset="103733018" timestamp="2021-04-27T21:51:20Z" user="AYAGE" uid="521665" lat="34.2174241" lon="131.2977439"/>
 <node id="749305195" visible="true" version="2" changeset="103731904" timestamp="2021-04-27T21:11:20Z" user="AYAGE" uid="521665" lat="34.2119315" lon="131.2961507"/>
 <node id="749313371" visible="true" version="1" changeset="4814433" timestamp="2010-05-26T16:16:02Z" user="Tom_G3X" uid="146930" lat="34.2232110" lon="131.3044810"/>
 <node id="749324128" visible="true" version="2" changeset="103731904" timestamp="2021-04-27T21:11:20Z" user="AYAGE" uid="521665" lat="34.2137931" lon="131.2964858"/>
 <node id="749334909" visible="true" version="2" changeset="55206517" timestamp="2018-01-06T09:25:38Z" user="HikaruKinkakuji" uid="1878070" lat="34.2239701" lon="131.3049578"/>
 <node id="749351961" visible="true" version="2" changeset="103731904" timestamp="2021-04-27T21:11:20Z" user="AYAGE" uid="521665" lat="34.2112077" lon="131.2958988"/>
 <node id="749369610" visible="true" version="1" changeset="4814433" timestamp="2010-05-26T16:31:58Z" user="Tom_G3X" uid="146930" lat="34.2215470" lon="131.3017020"/>
 <node id="749384696" visible="true" version="1" changeset="4814433" timestamp="2010-05-26T16:34:42Z" user="Tom_G3X" uid="146930" lat="34.2156170" lon="131.2977600"/>
 <node id="749399783" visible="true" version="2" changeset="55206517" timestamp="2018-01-06T09:25:38Z" user="HikaruKinkakuji" uid="1878070" lat="34.2264447" lon="131.3045742"/>
 <node id="749406879" visible="true" version="1" changeset="4814433" timestamp="2010-05-26T16:42:45Z" user="Tom_G3X" uid="146930" lat="34.2231060" lon="131.3043570"/>
 <node id="749414650" visible="true" version="1" changeset="4814433" timestamp="2010-05-26T16:46:23Z" user="Tom_G3X" uid="146930" lat="34.2159950" lon="131.2977640"/>
 <node id="749422552" visible="true" version="2" changeset="103731904" timestamp="2021-04-27T21:11:20Z" user="AYAGE" uid="521665" lat="34.2104780" lon="131.2964586"/>
 <node id="749432981" visible="true" version="2" changeset="67948747" timestamp="2019-03-09T05:18:25Z" user="alberth2" uid="2891170" lat="34.2267858" lon="131.3044354"/>
 <node id="749442868" visible="true" version="2" changeset="103733018" timestamp="2021-04-27T21:51:20Z" user="AYAGE" uid="521665" lat="34.2195762" lon="131.2980229"/>
 <node id="749454109" visible="true" version="1" changeset="4814433" timestamp="2010-05-26T17:00:17Z" user="Tom_G3X" uid="146930" lat="34.2147890" lon="131.2971890"/>
 <node id="749463197" visible="true" version="1" changeset="4814433" timestamp="2010-05-26T17:03:53Z" user="Tom_G3X" uid="146930" lat="34.2081050" lon="131.2973230"/>
 <node id="749477346" visible="true" version="2" changeset="55206517" timestamp="2018-01-06T09:25:38Z" user="HikaruKinkakuji" uid="1878070" lat="34.2247161" lon="131.3050208"/>
 <node id="749491466" visible="true" version="2" changeset="103733018" timestamp="2021-04-27T21:51:20Z" user="AYAGE" uid="521665" lat="34.2186886" lon="131.2976349"/>
 <node id="749535811" visible="true" version="3" changeset="55206517" timestamp="2018-01-06T09:25:38Z" user="HikaruKinkakuji" uid="1878070" lat="34.2263593" lon="131.3046447"/>
 <node id="749555868" visible="true" version="2" changeset="103733018" timestamp="2021-04-27T21:51:20Z" user="AYAGE" uid="521665" lat="34.2176934" lon="131.2978296"/>
 <node id="749561316" visible="true" version="2" changeset="103731904" timestamp="2021-04-27T21:11:20Z" user="AYAGE" uid="521665" lat="34.2126305" lon="131.2962025"/>
 <node id="749572091" visible="true" version="1" changeset="4815008" timestamp="2010-05-26T17:35:49Z" user="Tom_G3X" uid="146930" lat="34.2234230" lon="131.3046740"/>
 <node id="749579385" visible="true" version="2" changeset="103733018" timestamp="2021-04-27T21:51:20Z" user="AYAGE" uid="521665" lat="34.2163109" lon="131.2975919"/>
 <node id="749584752" visible="true" version="1" changeset="4815008" timestamp="2010-05-26T17:40:10Z" user="Tom_G3X" uid="146930" lat="34.2109040" lon="131.2960430"/>
 <node id="749590778" visible="true" version="3" changeset="67948747" timestamp="2019-03-09T05:18:25Z" user="alberth2" uid="2891170" lat="34.2272099" lon="131.3040821"/>
 <node id="749598293" visible="true" version="2" changeset="55206517" timestamp="2018-01-06T09:25:39Z" user="HikaruKinkakuji" uid="1878070" lat="34.2242472" lon="131.3050292"/>
 <node id="749609548" visible="true" version="1" changeset="4815008" timestamp="2010-05-26T17:46:30Z" user="Tom_G3X" uid="146930" lat="34.2168190" lon="131.2975300"/>
 <node id="749619008" visible="true" version="2" changeset="103731904" timestamp="2021-04-27T21:11:20Z" user="AYAGE" uid="521665" lat="34.2114081" lon="131.2958818"/>
 <node id="749636568" visible="true" version="1" changeset="4815008" timestamp="2010-05-26T17:53:10Z" user="Tom_G3X" uid="146930" lat="34.2222330" lon="131.3030150"/>
 <node id="749653899" visible="true" version="2" changeset="103733018" timestamp="2021-04-27T21:51:20Z" user="AYAGE" uid="521665" lat="34.2157699" lon="131.2977882"/>
 <node id="749663093" visible="true" version="1" changeset="4815008" timestamp="2010-05-26T18:03:29Z" user="Tom_G3X" uid="146930" lat="34.2101630" lon="131.2971330"/>
 <node id="749676936" visible="true" version="2" changeset="55206517" timestamp="2018-01-06T09:25:39Z" user="HikaruKinkakuji" uid="1878070" lat="34.2266603" lon="131.3045541"/>
 <node id="749688240" visible="true" version="2" changeset="103733018" timestamp="2021-04-27T21:51:20Z" user="AYAGE" uid="521665" lat="34.2194084" lon="131.2978418"/>
 <node id="749699859" visible="true" version="2" changeset="103733018" timestamp="2021-04-27T21:51:20Z" user="AYAGE" uid="521665" lat="34.2145999" lon="131.2969250"/>
 <node id="749720157" visible="true" version="3" changeset="67948747" timestamp="2019-03-09T05:18:25Z" user="alberth2" uid="2891170" lat="34.2270100" lon="131.3042419"/>
 <node id="749731423" visible="true" version="2" changeset="103733018" timestamp="2021-04-27T21:51:20Z" user="AYAGE" uid="521665" lat="34.2196612" lon="131.2981695"/>
 <node id="749746313" visible="true" version="1" changeset="4815008" timestamp="2010-05-26T18:31:32Z" user="Tom_G3X" uid="146930" lat="34.2149680" lon="131.2974650"/>
 <node id="749755200" visible="true" version="1" changeset="4815008" timestamp="2010-05-26T18:34:57Z" user="Tom_G3X" uid="146930" lat="34.2086790" lon="131.2974620"/>
 <node id="749793280" visible="true" version="2" changeset="103733018" timestamp="2021-04-27T21:51:20Z" user="AYAGE" uid="521665" lat="34.2181604" lon="131.2977554"/>
 <node id="749795797" visible="true" version="1" changeset="4815758" timestamp="2010-05-26T18:59:45Z" user="Tom_G3X" uid="146930" lat="34.2130430" lon="131.2962320"/>
 <node id="749800859" visible="true" version="2" changeset="55206517" timestamp="2018-01-06T09:25:39Z" user="HikaruKinkakuji" uid="1878070" lat="34.2238565" lon="131.3049226"/>
 <node id="749804241" visible="true" version="2" changeset="103733018" timestamp="2021-04-27T21:51:20Z" user="AYAGE" uid="521665" lat="34.2165075" lon="131.2975235"/>
 <node id="749813788" visible="true" version="1" changeset="4815758" timestamp="2010-05-26T19:10:40Z" user="Tom_G3X" uid="146930" lat="34.2210970" lon="131.3008750"/>
 <node id="749817040" visible="true" version="1" changeset="4815758" timestamp="2010-05-26T19:13:06Z" user="Tom_G3X" uid="146930" lat="34.2153360" lon="131.2976710"/>
 <node id="749822262" visible="true" version="2" changeset="103731904" timestamp="2021-04-27T21:11:20Z" user="AYAGE" uid="521665" lat="34.2098189" lon="131.2972977"/>
 <node id="749842284" visible="true" version="1" changeset="4815758" timestamp="2010-05-26T19:20:01Z" user="Tom_G3X" uid="146930" lat="34.2227270" lon="131.3038630"/>
 <node id="749850267" visible="true" version="2" changeset="103733018" timestamp="2021-04-27T21:51:20Z" user="AYAGE" uid="521665" lat="34.2158975" lon="131.2977873"/>
 <node id="749858614" visible="true" version="1" changeset="4815758" timestamp="2010-05-26T19:27:25Z" user="Tom_G3X" uid="146930" lat="34.2103220" lon="131.2969030"/>
 <node id="749866315" visible="true" version="2" changeset="55206517" timestamp="2018-01-06T09:25:39Z" user="HikaruKinkakuji" uid="1878070" lat="34.2267618" lon="131.3045230"/>
 <node id="749885309" visible="true" version="1" changeset="4815758" timestamp="2010-05-26T19:36:43Z" user="Tom_G3X" uid="146930" lat="34.2147220" lon="131.2970830"/>
 <node id="749901220" visible="true" version="2" changeset="55206517" timestamp="2018-01-06T09:25:39Z" user="HikaruKinkakuji" uid="1878070" lat="34.2244957" lon="131.3050475"/>
 <node id="928307860" visible="true" version="4" changeset="68973050" timestamp="2019-04-07T10:55:54Z" user="mklyr" uid="614924" lat="34.2209373" lon="131.3017341"/>
 <node id="928307861" visible="true" version="4" changeset="68973050" timestamp="2019-04-07T10:55:54Z" user="mklyr" uid="614924" lat="34.2201946" lon="131.3006023"/>
 <node id="928307862" visible="true" version="3" changeset="68973050" timestamp="2019-04-07T10:55:54Z" user="mklyr" uid="614924" lat="34.2200699" lon="131.3003242"/>
 <node id="928307863" visible="true" version="3" changeset="68973050" timestamp="2019-04-07T10:55:54Z" user="mklyr" uid="614924" lat="34.2196142" lon="131.2990454"/>
 <node id="928307864" visible="true" version="3" changeset="68973050" timestamp="2019-04-07T10:55:54Z" user="mklyr" uid="614924" lat="34.2195147" lon="131.2988995"/>
 <node id="928307865" visible="true" version="4" changeset="167486642" timestamp="2025-06-11T11:22:27Z" user="AlexM51" uid="174705" lat="34.2194089" lon="131.2987797">
  <tag k="bus" v="yes"/>
  <tag k="gtfs:stop_id" v="60102 1;60102 2"/>
  <tag k="name" v="随徳"/>
  <tag k="name:ja" v="随徳"/>
  <tag k="name:ja-Hira" v="ずいとく"/>
  <tag k="name:ja-Latn" v="Zuitoku"/>
  <tag k="operator" v="中国ジェイアールバス"/>
  <tag k="operator:en" v="Chugoku JR Bus"/>
  <tag k="public_transport" v="stop_position"/>
 </node>
 <node id="928307866" visible="true" version="3" changeset="68973050" timestamp="2019-04-07T10:55:55Z" user="mklyr" uid="614924" lat="34.2191146" lon="131.2985259"/>
 <node id="928307867" visible="true" version="6" changeset="139868267" timestamp="2023-08-14T11:56:15Z" user="openamap" uid="94381" lat="34.2182178" lon="131.2981536">
  <tag k="highway" v="traffic_signals"/>
  <tag k="traffic_signals" v="signal"/>
 </node>
 <node id="928307868" visible="true" version="5" changeset="172592651" timestamp="2025-09-29T04:48:50Z" user="taketaketake" uid="4757277" lat="34.2182932" lon="131.2978867"/>
 <node id="928307869" visible="true" version="4" changeset="103733018" timestamp="2021-04-27T21:51:20Z" user="AYAGE" uid="521665" lat="34.2184407" lon="131.2974115"/>
 <node id="928307870" visible="true" version="3" changeset="103733018" timestamp="2021-04-27T21:51:20Z" user="AYAGE" uid="521665" lat="34.2189023" lon="131.2954984"/>
 <node id="928307871" visible="true" version="4" changeset="103733018" timestamp="2021-04-27T21:51:20Z" user="AYAGE" uid="521665" lat="34.2188931" lon="131.2951807"/>
 <node id="928307873" visible="true" version="3" changeset="103733018" timestamp="2021-04-27T21:51:20Z" user="AYAGE" uid="521665" lat="34.2188478" lon="131.2949883"/>
 <node id="928307878" visible="true" version="4" changeset="68973050" timestamp="2019-04-07T10:55:55Z" user="mklyr" uid="614924" lat="34.2169553" lon="131.2923085"/>
 <node id="928307880" visible="true" version="4" changeset="68973050" timestamp="2019-04-07T10:55:55Z" user="mklyr" uid="614924" lat="34.2166052" lon="131.2918769"/>
 <node id="1350855441" visible="true" version="2" changeset="16118595" timestamp="2013-05-13T23:38:16Z" user="mds878" uid="563872" lat="34.2226039" lon="131.3038416"/>
 <node id="1350857646" visible="true" version="3" changeset="103733018" timestamp="2021-04-27T21:51:20Z" user="AYAGE" uid="521665" lat="34.2174175" lon="131.2976474"/>
 <node id="1350858161" visible="true" version="3" changeset="103733018" timestamp="2021-04-27T21:51:20Z" user="AYAGE" uid="521665" lat="34.2173998" lon="131.3029780"/>
 <node id="1350858892" visible="true" version="3" changeset="103733018" timestamp="2021-04-27T21:51:20Z" user="AYAGE" uid="521665" lat="34.2171094" lon="131.2975323"/>
 <node id="1350858932" visible="true" version="1" changeset="8644204" timestamp="2011-07-05T23:56:35Z" user="yamasan" uid="32308" lat="34.2209980" lon="131.3009760"/>
 <node id="1350860018" visible="true" version="2" changeset="13694678" timestamp="2012-10-31T06:26:11Z" user="mklyr" uid="614924" lat="34.2188961" lon="131.2978105"/>
 <node id="1350861402" visible="true" version="3" changeset="103731904" timestamp="2021-04-27T21:11:20Z" user="AYAGE" uid="521665" lat="34.2149445" lon="131.2971103"/>
 <node id="1350862357" visible="true" version="3" changeset="103733018" timestamp="2021-04-27T21:51:20Z" user="AYAGE" uid="521665" lat="34.2176558" lon="131.3002685"/>
 <node id="1350863054" visible="true" version="3" changeset="103733018" timestamp="2021-04-27T21:51:20Z" user="AYAGE" uid="521665" lat="34.2195442" lon="131.2997142"/>
 <node id="1350864097" visible="true" version="3" changeset="68973050" timestamp="2019-04-07T10:55:57Z" user="mklyr" uid="614924" lat="34.2184030" lon="131.2978800"/>
 <node id="1350864696" visible="true" version="3" changeset="103733018" timestamp="2021-04-27T21:51:20Z" user="AYAGE" uid="521665" lat="34.2157977" lon="131.2976853"/>
 <node id="1350866107" visible="true" version="3" changeset="103733018" timestamp="2021-04-27T21:51:20Z" user="AYAGE" uid="521665" lat="34.2171392" lon="131.3037739"/>
 <node id="1350867275" visible="true" version="1" changeset="8644204" timestamp="2011-07-06T00:04:44Z" user="yamasan" uid="32308" lat="34.2209190" lon="131.3008230"/>
 <node id="1350867581" visible="true" version="4" changeset="103733018" timestamp="2021-04-27T21:51:20Z" user="AYAGE" uid="521665" lat="34.2212658" lon="131.3015487"/>
 <node id="1350867981" visible="true" version="3" changeset="103733018" timestamp="2021-04-27T21:51:20Z" user="AYAGE" uid="521665" lat="34.2173512" lon="131.3032766"/>
 <node id="1350870525" visible="true" version="5" changeset="172592651" timestamp="2025-09-29T04:48:50Z" user="taketaketake" uid="4757277" lat="34.2182724" lon="131.2975852"/>
 <node id="1350872195" visible="true" version="4" changeset="103733018" timestamp="2021-04-27T21:51:20Z" user="AYAGE" uid="521665" lat="34.2147354" lon="131.2968652"/>
 <node id="1350873350" visible="true" version="2" changeset="13694678" timestamp="2012-10-31T06:26:11Z" user="mklyr" uid="614924" lat="34.2195100" lon="131.2981513"/>
 <node id="1350873588" visible="true" version="2" changeset="103733018" timestamp="2021-04-27T21:51:20Z" user="AYAGE" uid="521665" lat="34.2181532" lon="131.2999385"/>
 <node id="1350874055" visible="true" version="3" changeset="103733018" timestamp="2021-04-27T21:51:20Z" user="AYAGE" uid="521665" lat="34.2173787" lon="131.3031335"/>
 <node id="1350874991" visible="true" version="3" changeset="103733018" timestamp="2021-04-27T21:51:20Z" user="AYAGE" uid="521665" lat="34.2163003" lon="131.2975179"/>
 <node id="1350874995" visible="true" version="3" changeset="20954846" timestamp="2014-03-06T17:58:20Z" user="mklyr" uid="614924" lat="34.2219640" lon="131.3027993"/>
 <node id="1350876598" visible="true" version="4" changeset="103733018" timestamp="2021-04-27T21:51:20Z" user="AYAGE" uid="521665" lat="34.2181084" lon="131.2976410"/>
 <node id="1350876881" visible="true" version="2" changeset="13694678" timestamp="2012-10-31T06:26:12Z" user="mklyr" uid="614924" lat="34.2190779" lon="131.2978670"/>
 <node id="1350877905" visible="true" version="2" changeset="13694678" timestamp="2012-10-31T06:26:13Z" user="mklyr" uid="614924" lat="34.2201374" lon="131.2992790"/>
 <node id="1350878367" visible="true" version="3" changeset="68973050" timestamp="2019-04-07T10:55:57Z" user="mklyr" uid="614924" lat="34.2186662" lon="131.2978431"/>
 <node id="1350881532" visible="true" version="3" changeset="103733018" timestamp="2021-04-27T21:51:20Z" user="AYAGE" uid="521665" lat="34.2178043" lon="131.2995741"/>
 <node id="1350881809" visible="true" version="2" changeset="13694678" timestamp="2012-10-31T06:26:13Z" user="mklyr" uid="614924" lat="34.2193842" lon="131.2980291"/>
 <node id="1350882395" visible="true" version="5" changeset="68973050" timestamp="2019-04-07T10:55:57Z" user="mklyr" uid="614924" lat="34.2176324" lon="131.2933341"/>
 <node id="1350882425" visible="true" version="3" changeset="103733018" timestamp="2021-04-27T21:51:20Z" user="AYAGE" uid="521665" lat="34.2173023" lon="131.3034038"/>
 <node id="1350883455" visible="true" version="2" changeset="103733018" timestamp="2021-04-27T21:51:20Z" user="AYAGE" uid="521665" lat="34.2175627" lon="131.3008427"/>
 <node id="1350884310" visible="true" version="3" changeset="103733018" timestamp="2021-04-27T21:51:20Z" user="AYAGE" uid="521665" lat="34.2152078" lon="131.2974901"/>
 <node id="1350886766" visible="true" version="2" changeset="103733018" timestamp="2021-04-27T21:51:20Z" user="AYAGE" uid="521665" lat="34.2192253" lon="131.2998455"/>
 <node id="1350887712" visible="true" version="2" changeset="13694678" timestamp="2012-10-31T06:26:14Z" user="mklyr" uid="614924" lat="34.2198485" lon="131.2986978"/>
 <node id="1350888484" visible="true" version="2" changeset="16118595" timestamp="2013-05-13T23:38:17Z" user="mds878" uid="563872" lat="34.2220403" lon="131.3029276"/>
 <node id="1350894903" visible="true" version="3" changeset="103733018" timestamp="2021-04-27T21:51:20Z" user="AYAGE" uid="521665" lat="34.2156209" lon="131.2976580"/>
 <node id="1350894908" visible="true" version="3" changeset="68973050" timestamp="2019-04-07T10:55:57Z" user="mklyr" uid="614924" lat="34.2188779" lon="131.2958864"/>
 <node id="1350895408" visible="true" version="3" changeset="103733018" timestamp="2021-04-27T21:51:20Z" user="AYAGE" uid="521665" lat="34.2167838" lon="131.2974640"/>
 <node id="1350896442" visible="true" version="2" changeset="13694678" timestamp="2012-10-31T06:26:14Z" user="mklyr" uid="614924" lat="34.2216353" lon="131.3022763"/>
 <node id="1350897598" visible="true" version="2" changeset="103733018" timestamp="2021-04-27T21:51:20Z" user="AYAGE" uid="521665" lat="34.2183429" lon="131.3001841"/>
 <node id="1350897850" visible="true" version="2" changeset="103733018" timestamp="2021-04-27T21:51:20Z" user="AYAGE" uid="521665" lat="34.2187598" lon="131.3003117"/>
 <node id="1350898977" visible="true" version="4" changeset="103733018" timestamp="2021-04-27T21:51:20Z" user="AYAGE" uid="521665" lat="34.2183941" lon="131.2975762"/>
 <node id="1350901308" visible="true" version="2" changeset="103733018" timestamp="2021-04-27T21:51:20Z" user="AYAGE" uid="521665" lat="34.2190723" lon="131.2999649"/>
 <node id="1350903323" visible="true" version="2" changeset="13694678" timestamp="2012-10-31T06:26:15Z" user="mklyr" uid="614924" lat="34.2213232" lon="131.3016630"/>
 <node id="1350903870" visible="true" version="2" changeset="13694678" timestamp="2012-10-31T06:26:12Z" user="mklyr" uid="614924" lat="34.2202774" lon="131.2995533"/>
 <node id="1350904187" visible="true" version="2" changeset="13694678" timestamp="2012-10-31T06:26:11Z" user="mklyr" uid="614924" lat="34.2192491" lon="131.2979497"/>
 <node id="1350905926" visible="true" version="3" changeset="103733018" timestamp="2021-04-27T21:51:20Z" user="AYAGE" uid="521665" lat="34.2175787" lon="131.3007178"/>
 <node id="1350906345" visible="true" version="2" changeset="103733018" timestamp="2021-04-27T21:51:20Z" user="AYAGE" uid="521665" lat="34.2180459" lon="131.2996834"/>
 <node id="1350906393" visible="true" version="2" changeset="103733018" timestamp="2021-04-27T21:51:20Z" user="AYAGE" uid="521665" lat="34.2189451" lon="131.3001585"/>
 <node id="1350906669" visible="true" version="2" changeset="16118595" timestamp="2013-05-13T23:38:17Z" user="mds878" uid="563872" lat="34.2223143" lon="131.3033750"/>
 <node id="1350908148" visible="true" version="3" changeset="103733018" timestamp="2021-04-27T21:51:20Z" user="AYAGE" uid="521665" lat="34.2153898" lon="131.2975838"/>
 <node id="1350908496" visible="true" version="2" changeset="103733018" timestamp="2021-04-27T21:51:20Z" user="AYAGE" uid="521665" lat="34.2174790" lon="131.3019601"/>
 <node id="1350908559" visible="true" version="2" changeset="13694678" timestamp="2012-10-31T06:26:15Z" user="mklyr" uid="614924" lat="34.2214641" lon="131.3019591"/>
 <node id="1350909126" visible="true" version="1" changeset="8644204" timestamp="2011-07-06T00:34:12Z" user="yamasan" uid="32308" lat="34.2211670" lon="131.3012990"/>
 <node id="1350909198" visible="true" version="6" changeset="74953676" timestamp="2019-09-26T11:21:46Z" user="Reboli_NL" uid="93547" lat="34.2216189" lon="131.3032301">
  <tag k="highway" v="traffic_signals"/>
 </node>
 <node id="1350909629" visible="true" version="4" changeset="103733018" timestamp="2021-04-27T21:51:20Z" user="AYAGE" uid="521665" lat="34.2198044" lon="131.2994767"/>
 <node id="1350909639" visible="true" version="2" changeset="68973050" timestamp="2019-04-07T10:55:57Z" user="mklyr" uid="614924" lat="34.2209711" lon="131.2971681"/>
 <node id="1350910095" visible="true" version="2" changeset="103733018" timestamp="2021-04-27T21:51:20Z" user="AYAGE" uid="521665" lat="34.2185263" lon="131.3002801"/>
 <node id="1350910444" visible="true" version="2" changeset="16118595" timestamp="2013-05-13T23:38:17Z" user="mds878" uid="563872" lat="34.2229554" lon="131.3044023"/>
 <node id="1350911797" visible="true" version="3" changeset="103733018" timestamp="2021-04-27T21:51:20Z" user="AYAGE" uid="521665" lat="34.2151240" lon="131.2973980"/>
 <node id="1350912521" visible="true" version="2" changeset="103733018" timestamp="2021-04-27T21:51:20Z" user="AYAGE" uid="521665" lat="34.2180791" lon="131.2997268"/>
 <node id="1350912678" visible="true" version="3" changeset="103733018" timestamp="2021-04-27T21:51:20Z" user="AYAGE" uid="521665" lat="34.2164083" lon="131.2974857"/>
 <node id="1350914660" visible="true" version="2" changeset="13694678" timestamp="2012-10-31T06:26:14Z" user="mklyr" uid="614924" lat="34.2196873" lon="131.2983808"/>
 <node id="1350915651" visible="true" version="3" changeset="103733018" timestamp="2021-04-27T21:51:20Z" user="AYAGE" uid="521665" lat="34.2176053" lon="131.3005365"/>
 <node id="1350916242" visible="true" version="2" changeset="13694678" timestamp="2012-10-31T06:26:13Z" user="mklyr" uid="614924" lat="34.2150375" lon="131.2972632"/>
 <node id="1990646304" visible="true" version="3" changeset="103733018" timestamp="2021-04-27T21:51:20Z" user="AYAGE" uid="521665" lat="34.2197222" lon="131.2992591"/>
 <node id="1990646305" visible="true" version="2" changeset="68973050" timestamp="2019-04-07T10:56:02Z" user="mklyr" uid="614924" lat="34.2185731" lon="131.2982989"/>
 <node id="1990646308" visible="true" version="2" changeset="68973050" timestamp="2019-04-07T10:56:02Z" user="mklyr" uid="614924" lat="34.2192640" lon="131.2986376"/>
 <node id="1990646315" visible="true" version="2" changeset="68973050" timestamp="2019-04-07T10:56:02Z" user="mklyr" uid="614924" lat="34.2189235" lon="131.2984290"/>
 <node id="1990646316" visible="true" version="2" changeset="103733018" timestamp="2021-04-27T21:51:20Z" user="AYAGE" uid="521665" lat="34.2160755" lon="131.2976267"/>
 <node id="1990646320" visible="true" version="3" changeset="68973050" timestamp="2019-04-07T10:56:02Z" user="mklyr" uid="614924" lat="34.2210971" lon="131.3020549"/>
 <node id="1990646323" visible="true" version="2" changeset="103733018" timestamp="2021-04-27T21:51:20Z" user="AYAGE" uid="521665" lat="34.2178059" lon="131.2976922"/>
 <node id="1990646324" visible="true" version="2" changeset="103733018" timestamp="2021-04-27T21:51:20Z" user="AYAGE" uid="521665" lat="34.2176068" lon="131.2976885"/>
 <node id="1990646326" visible="true" version="2" changeset="103733018" timestamp="2021-04-27T21:51:20Z" user="AYAGE" uid="521665" lat="34.2169616" lon="131.2974878"/>
 <node id="1990646327" visible="true" version="2" changeset="103731904" timestamp="2021-04-27T21:11:20Z" user="AYAGE" uid="521665" lat="34.2146907" lon="131.2966044"/>
 <node id="1990646329" visible="true" version="3" changeset="68973050" timestamp="2019-04-07T10:56:02Z" user="mklyr" uid="614924" lat="34.2204934" lon="131.3010827"/>
 <node id="1990646330" visible="true" version="3" changeset="68973050" timestamp="2019-04-07T10:56:02Z" user="mklyr" uid="614924" lat="34.2202807" lon="131.3007701"/>
 <node id="1990648160" visible="true" version="3" changeset="103733018" timestamp="2021-04-27T21:51:20Z" user="AYAGE" uid="521665" lat="34.2187181" lon="131.2966518"/>
 <node id="1990648168" visible="true" version="3" changeset="103733018" timestamp="2021-04-27T21:51:20Z" user="AYAGE" uid="521665" lat="34.2187446" lon="131.2947841"/>
 <node id="1990648172" visible="true" version="3" changeset="103733018" timestamp="2021-04-27T21:51:20Z" user="AYAGE" uid="521665" lat="34.2188066" lon="131.2963629"/>
 <node id="1990648181" visible="true" version="3" changeset="68973050" timestamp="2019-04-07T10:56:02Z" user="mklyr" uid="614924" lat="34.2167081" lon="131.2919566"/>
 <node id="1990648196" visible="true" version="3" changeset="103733018" timestamp="2021-04-27T21:51:20Z" user="AYAGE" uid="521665" lat="34.2188533" lon="131.2961580"/>
 <node id="1990648212" visible="true" version="3" changeset="68973050" timestamp="2019-04-07T10:56:02Z" user="mklyr" uid="614924" lat="34.2168672" lon="131.2921887"/>
 <node id="1990648232" visible="true" version="2" changeset="20948334" timestamp="2014-03-06T11:59:37Z" user="mklyr" uid="614924" lat="34.2164878" lon="131.2918233"/>
 <node id="1990648236" visible="true" version="3" changeset="68973050" timestamp="2019-04-07T10:56:02Z" user="mklyr" uid="614924" lat="34.2167668" lon="131.2920357"/>
 <node id="2703927705" visible="true" version="3" changeset="68973050" timestamp="2019-04-07T10:56:02Z" user="mklyr" uid="614924" lat="34.2180473" lon="131.2938721"/>
 <node id="2703932520" visible="true" version="2" changeset="68973050" timestamp="2019-04-07T10:56:02Z" user="mklyr" uid="614924" lat="34.2203564" lon="131.3008780"/>
 <node id="2703932523" visible="true" version="2" changeset="68973050" timestamp="2019-04-07T10:56:02Z" user="mklyr" uid="614924" lat="34.2207350" lon="131.3014134"/>
 <node id="2703932525" visible="true" version="2" changeset="68973050" timestamp="2019-04-07T10:56:02Z" user="mklyr" uid="614924" lat="34.2208433" lon="131.3015762"/>
 <node id="2704280784" visible="true" version="2" changeset="103733018" timestamp="2021-04-27T21:51:20Z" user="AYAGE" uid="521665" lat="34.2183196" lon="131.2942323"/>
 <node id="4251943327" visible="true" version="1" changeset="40127090" timestamp="2016-06-19T03:57:10Z" user="show1017" uid="3244669" lat="34.2039142" lon="131.2986354"/>
 <node id="4251943328" visible="true" version="2" changeset="40127340" timestamp="2016-06-19T04:24:29Z" user="show1017" uid="3244669" lat="34.2037474" lon="131.2988665"/>
 <node id="4251948829" visible="true" version="1" changeset="40127340" timestamp="2016-06-19T04:23:12Z" user="show1017" uid="3244669" lat="34.2043519" lon="131.2989903"/>
 <node id="4251948830" visible="true" version="1" changeset="40127340" timestamp="2016-06-19T04:23:17Z" user="show1017" uid="3244669" lat="34.2081690" lon="131.2969058"/>
 <node id="4251948831" visible="true" version="1" changeset="40127340" timestamp="2016-06-19T04:23:19Z" user="show1017" uid="3244669" lat="34.2089446" lon="131.2956298"/>
 <node id="4251948832" visible="true" version="1" changeset="40127340" timestamp="2016-06-19T04:23:21Z" user="show1017" uid="3244669" lat="34.2092122" lon="131.2961497"/>
 <node id="4251948833" visible="true" version="2" changeset="103731904" timestamp="2021-04-27T21:11:20Z" user="AYAGE" uid="521665" lat="34.2096031" lon="131.2972577"/>
 <node id="4251948834" visible="true" version="2" changeset="103731904" timestamp="2021-04-27T21:11:20Z" user="AYAGE" uid="521665" lat="34.2106905" lon="131.2960597"/>
 <node id="4251948835" visible="true" version="2" changeset="103731904" timestamp="2021-04-27T21:11:20Z" user="AYAGE" uid="521665" lat="34.2113670" lon="131.2957972"/>
 <node id="4251948836" visible="true" version="2" changeset="103731904" timestamp="2021-04-27T21:11:20Z" user="AYAGE" uid="521665" lat="34.2127971" lon="131.2961269"/>
 <node id="4251948837" visible="true" version="2" changeset="103733018" timestamp="2021-04-27T21:51:20Z" user="AYAGE" uid="521665" lat="34.2154860" lon="131.2976751"/>
 <node id="4251948838" visible="true" version="2" changeset="103733018" timestamp="2021-04-27T21:51:20Z" user="AYAGE" uid="521665" lat="34.2157860" lon="131.2977394"/>
 <node id="4251948839" visible="true" version="2" changeset="103733018" timestamp="2021-04-27T21:51:20Z" user="AYAGE" uid="521665" lat="34.2159328" lon="131.2977242"/>
 <node id="4251948840" visible="true" version="2" changeset="103733018" timestamp="2021-04-27T21:51:20Z" user="AYAGE" uid="521665" lat="34.2168785" lon="131.2975191"/>
 <node id="4251948841" visible="true" version="2" changeset="103733018" timestamp="2021-04-27T21:51:20Z" user="AYAGE" uid="521665" lat="34.2177656" lon="131.2977454"/>
 <node id="4251948842" visible="true" version="1" changeset="40127340" timestamp="2016-06-19T04:23:45Z" user="show1017" uid="3244669" lat="34.2227611" lon="131.3038261"/>
 <node id="4251948843" visible="true" version="2" changeset="55206517" timestamp="2018-01-06T09:25:43Z" user="HikaruKinkakuji" uid="1878070" lat="34.2234499" lon="131.3048252"/>
 <node id="4251948844" visible="true" version="1" changeset="40127340" timestamp="2016-06-19T04:24:00Z" user="show1017" uid="3244669" lat="34.2218010" lon="131.3024371"/>
 <node id="4251948845" visible="true" version="2" changeset="103733018" timestamp="2021-04-27T21:51:20Z" user="AYAGE" uid="521665" lat="34.2186490" lon="131.2977047"/>
 <node id="4251948846" visible="true" version="2" changeset="103733018" timestamp="2021-04-27T21:51:20Z" user="AYAGE" uid="521665" lat="34.2150021" lon="131.2976061"/>
 <node id="4251948920" visible="true" version="1" changeset="40127340" timestamp="2016-06-19T04:23:18Z" user="show1017" uid="3244669" lat="34.2088702" lon="131.2959896"/>
 <node id="4251948921" visible="true" version="1" changeset="40127340" timestamp="2016-06-19T04:23:20Z" user="show1017" uid="3244669" lat="34.2092886" lon="131.2957690"/>
 <node id="4251948922" visible="true" version="1" changeset="40127340" timestamp="2016-06-19T04:23:21Z" user="show1017" uid="3244669" lat="34.2090421" lon="131.2965085"/>
 <node id="4251948924" visible="true" version="2" changeset="103731904" timestamp="2021-04-27T21:11:20Z" user="AYAGE" uid="521665" lat="34.2098468" lon="131.2972029"/>
 <node id="4251948925" visible="true" version="2" changeset="103731904" timestamp="2021-04-27T21:11:20Z" user="AYAGE" uid="521665" lat="34.2101579" lon="131.2970436"/>
 <node id="4251948926" visible="true" version="2" changeset="103731904" timestamp="2021-04-27T21:11:20Z" user="AYAGE" uid="521665" lat="34.2103742" lon="131.2965015"/>
 <node id="4251948927" visible="true" version="2" changeset="103731904" timestamp="2021-04-27T21:11:20Z" user="AYAGE" uid="521665" lat="34.2115152" lon="131.2958189"/>
 <node id="4251948928" visible="true" version="1" changeset="40127340" timestamp="2016-06-19T04:23:31Z" user="show1017" uid="3244669" lat="34.2132251" lon="131.2961871"/>
 <node id="4251948929" visible="true" version="2" changeset="103733018" timestamp="2021-04-27T21:51:20Z" user="AYAGE" uid="521665" lat="34.2162830" lon="131.2975661"/>
 <node id="4251948930" visible="true" version="2" changeset="103733018" timestamp="2021-04-27T21:51:20Z" user="AYAGE" uid="521665" lat="34.2167300" lon="131.2975002"/>
 <node id="4251948931" visible="true" version="2" changeset="103733018" timestamp="2021-04-27T21:51:20Z" user="AYAGE" uid="521665" lat="34.2175873" lon="131.2977449"/>
 <node id="4251948932" visible="true" version="2" changeset="103733018" timestamp="2021-04-27T21:51:20Z" user="AYAGE" uid="521665" lat="34.2187528" lon="131.2975761"/>
 <node id="4251948933" visible="true" version="1" changeset="40127340" timestamp="2016-06-19T04:23:45Z" user="show1017" uid="3244669" lat="34.2225300" lon="131.3034360"/>
 <node id="4251948934" visible="true" version="1" changeset="40127340" timestamp="2016-06-19T04:23:51Z" user="show1017" uid="3244669" lat="34.2246500" lon="131.3049578"/>
 <node id="4251948935" visible="true" version="2" changeset="55206517" timestamp="2018-01-06T09:25:43Z" user="HikaruKinkakuji" uid="1878070" lat="34.2249972" lon="131.3050502"/>
 <node id="4251948936" visible="true" version="2" changeset="103733018" timestamp="2021-04-27T21:51:20Z" user="AYAGE" uid="521665" lat="34.2188608" lon="131.2977131"/>
 <node id="4251948937" visible="true" version="2" changeset="103733018" timestamp="2021-04-27T21:51:20Z" user="AYAGE" uid="521665" lat="34.2148657" lon="131.2974112"/>
 <node id="4251948938" visible="true" version="1" changeset="40127340" timestamp="2016-06-19T04:24:14Z" user="show1017" uid="3244669" lat="34.2146914" lon="131.2971533"/>
 <node id="4251948939" visible="true" version="2" changeset="103731904" timestamp="2021-04-27T21:11:20Z" user="AYAGE" uid="521665" lat="34.2141827" lon="131.2967381"/>
 <node id="4251948940" visible="true" version="2" changeset="103731904" timestamp="2021-04-27T21:11:20Z" user="AYAGE" uid="521665" lat="34.2129914" lon="131.2962986"/>
 <node id="4251949015" visible="true" version="1" changeset="40127340" timestamp="2016-06-19T04:23:14Z" user="show1017" uid="3244669" lat="34.2048812" lon="131.2990274"/>
 <node id="4251949016" visible="true" version="1" changeset="40127340" timestamp="2016-06-19T04:23:16Z" user="show1017" uid="3244669" lat="34.2074252" lon="131.2972792"/>
 <node id="4251949017" visible="true" version="1" changeset="40127340" timestamp="2016-06-19T04:23:16Z" user="show1017" uid="3244669" lat="34.2078830" lon="131.2971107"/>
 <node id="4251949018" visible="true" version="2" changeset="103731904" timestamp="2021-04-27T21:11:20Z" user="AYAGE" uid="521665" lat="34.2103175" lon="131.2966951"/>
 <node id="4251949019" visible="true" version="2" changeset="103731904" timestamp="2021-04-27T21:11:20Z" user="AYAGE" uid="521665" lat="34.2105603" lon="131.2961924"/>
 <node id="4251949020" visible="true" version="2" changeset="103731904" timestamp="2021-04-27T21:11:20Z" user="AYAGE" uid="521665" lat="34.2118696" lon="131.2960244"/>
 <node id="4251949021" visible="true" version="1" changeset="40127340" timestamp="2016-06-19T04:23:31Z" user="show1017" uid="3244669" lat="34.2135432" lon="131.2963080"/>
 <node id="4251949022" visible="true" version="2" changeset="103733018" timestamp="2021-04-27T21:51:20Z" user="AYAGE" uid="521665" lat="34.2147763" lon="131.2970063"/>
 <node id="4251949023" visible="true" version="2" changeset="103733018" timestamp="2021-04-27T21:51:20Z" user="AYAGE" uid="521665" lat="34.2148936" lon="131.2971503"/>
 <node id="4251949024" visible="true" version="2" changeset="103733018" timestamp="2021-04-27T21:51:20Z" user="AYAGE" uid="521665" lat="34.2151109" lon="131.2974760"/>
 <node id="4251949025" visible="true" version="2" changeset="103733018" timestamp="2021-04-27T21:51:20Z" user="AYAGE" uid="521665" lat="34.2182830" lon="131.2976424"/>
 <node id="4251949026" visible="true" version="2" changeset="103733018" timestamp="2021-04-27T21:51:20Z" user="AYAGE" uid="521665" lat="34.2193553" lon="131.2977596"/>
 <node id="4251949027" visible="true" version="2" changeset="103733018" timestamp="2021-04-27T21:51:20Z" user="AYAGE" uid="521665" lat="34.2196859" lon="131.2980654"/>
 <node id="4251949028" visible="true" version="3" changeset="103740833" timestamp="2021-04-28T04:11:02Z" user="AYAGE" uid="521665" lat="34.2230596" lon="131.3044397"/>
 <node id="4251949029" visible="true" version="1" changeset="40127340" timestamp="2016-06-19T04:24:01Z" user="show1017" uid="3244669" lat="34.2200181" lon="131.2989208"/>
 <node id="4251949030" visible="true" version="2" changeset="103733018" timestamp="2021-04-27T21:51:20Z" user="AYAGE" uid="521665" lat="34.2193090" lon="131.2978865"/>
 <node id="4251949031" visible="true" version="2" changeset="103733018" timestamp="2021-04-27T21:51:20Z" user="AYAGE" uid="521665" lat="34.2190738" lon="131.2977513"/>
 <node id="4251949032" visible="true" version="2" changeset="103731904" timestamp="2021-04-27T21:11:20Z" user="AYAGE" uid="521665" lat="34.2110393" lon="131.2960457"/>
 <node id="4251949033" visible="true" version="1" changeset="40127340" timestamp="2016-06-19T04:24:28Z" user="show1017" uid="3244669" lat="34.2042445" lon="131.2992506"/>
 <node id="4251953421" visible="true" version="1" changeset="40127340" timestamp="2016-06-19T04:23:13Z" user="show1017" uid="3244669" lat="34.2046808" lon="131.2991030"/>
 <node id="4251953422" visible="true" version="1" changeset="40127340" timestamp="2016-06-19T04:23:14Z" user="show1017" uid="3244669" lat="34.2056164" lon="131.2984322"/>
 <node id="4251953423" visible="true" version="1" changeset="40127340" timestamp="2016-06-19T04:23:15Z" user="show1017" uid="3244669" lat="34.2073320" lon="131.2974649"/>
 <node id="4251953424" visible="true" version="1" changeset="40127340" timestamp="2016-06-19T04:23:17Z" user="show1017" uid="3244669" lat="34.2084944" lon="131.2965813"/>
 <node id="4251953425" visible="true" version="1" changeset="40127340" timestamp="2016-06-19T04:23:19Z" user="show1017" uid="3244669" lat="34.2089624" lon="131.2951177"/>
 <node id="4251953426" visible="true" version="1" changeset="40127340" timestamp="2016-06-19T04:23:21Z" user="show1017" uid="3244669" lat="34.2087857" lon="131.2968060"/>
 <node id="4251953427" visible="true" version="1" changeset="40127340" timestamp="2016-06-19T04:23:22Z" user="show1017" uid="3244669" lat="34.2085933" lon="131.2971739"/>
 <node id="4251953428" visible="true" version="1" changeset="40127340" timestamp="2016-06-19T04:23:27Z" user="show1017" uid="3244669" lat="34.2104937" lon="131.2962543"/>
 <node id="4251953429" visible="true" version="2" changeset="103731904" timestamp="2021-04-27T21:11:20Z" user="AYAGE" uid="521665" lat="34.2109815" lon="131.2959126"/>
 <node id="4251953430" visible="true" version="2" changeset="103731904" timestamp="2021-04-27T21:11:20Z" user="AYAGE" uid="521665" lat="34.2116804" lon="131.2958902"/>
 <node id="4251953431" visible="true" version="3" changeset="103733018" timestamp="2021-04-27T21:51:20Z" user="AYAGE" uid="521665" lat="34.2145999" lon="131.2968727"/>
 <node id="4251953432" visible="true" version="2" changeset="103733018" timestamp="2021-04-27T21:51:20Z" user="AYAGE" uid="521665" lat="34.2165556" lon="131.2974999"/>
 <node id="4251953433" visible="true" version="1" changeset="40127340" timestamp="2016-06-19T04:23:42Z" user="show1017" uid="3244669" lat="34.2198047" lon="131.2982693"/>
 <node id="4251953434" visible="true" version="1" changeset="40127340" timestamp="2016-06-19T04:23:43Z" user="show1017" uid="3244669" lat="34.2206202" lon="131.2998121"/>
 <node id="4251953435" visible="true" version="1" changeset="40127340" timestamp="2016-06-19T04:23:44Z" user="show1017" uid="3244669" lat="34.2222450" lon="131.3029234"/>
 <node id="4251953436" visible="true" version="2" changeset="55206517" timestamp="2018-01-06T09:25:43Z" user="HikaruKinkakuji" uid="1878070" lat="34.2237656" lon="131.3048033"/>
 <node id="4251953437" visible="true" version="1" changeset="40127340" timestamp="2016-06-19T04:23:50Z" user="show1017" uid="3244669" lat="34.2244159" lon="131.3049578"/>
 <node id="4251953439" visible="true" version="2" changeset="55206517" timestamp="2018-01-06T09:25:43Z" user="HikaruKinkakuji" uid="1878070" lat="34.2249798" lon="131.3049258"/>
 <node id="4251953440" visible="true" version="2" changeset="55206517" timestamp="2018-01-06T09:25:43Z" user="HikaruKinkakuji" uid="1878070" lat="34.2247151" lon="131.3050462"/>
 <node id="4251953441" visible="true" version="2" changeset="55206517" timestamp="2018-01-06T09:25:43Z" user="HikaruKinkakuji" uid="1878070" lat="34.2232265" lon="131.3046183"/>
 <node id="4251953442" visible="true" version="1" changeset="40127340" timestamp="2016-06-19T04:24:00Z" user="show1017" uid="3244669" lat="34.2213813" lon="131.3016212"/>
 <node id="4251953443" visible="true" version="2" changeset="103733018" timestamp="2021-04-27T21:51:20Z" user="AYAGE" uid="521665" lat="34.2196598" lon="131.2982576"/>
 <node id="4251953444" visible="true" version="2" changeset="103733018" timestamp="2021-04-27T21:51:20Z" user="AYAGE" uid="521665" lat="34.2195132" lon="131.2980662"/>
 <node id="4251953445" visible="true" version="2" changeset="103733018" timestamp="2021-04-27T21:51:20Z" user="AYAGE" uid="521665" lat="34.2157140" lon="131.2978627"/>
 <node id="4251953446" visible="true" version="1" changeset="40127340" timestamp="2016-06-19T04:24:12Z" user="show1017" uid="3244669" lat="34.2155913" lon="131.2978183"/>
 <node id="4251953447" visible="true" version="1" changeset="40127340" timestamp="2016-06-19T04:24:15Z" user="show1017" uid="3244669" lat="34.2126439" lon="131.2962739"/>
 <node id="4251953448" visible="true" version="1" changeset="40127340" timestamp="2016-06-19T04:24:16Z" user="show1017" uid="3244669" lat="34.2122559" lon="131.2963054"/>
 <node id="4251953449" visible="true" version="2" changeset="103731904" timestamp="2021-04-27T21:11:20Z" user="AYAGE" uid="521665" lat="34.2112107" lon="131.2959726"/>
 <node id="4251953450" visible="true" version="2" changeset="103731904" timestamp="2021-04-27T21:11:20Z" user="AYAGE" uid="521665" lat="34.2105244" lon="131.2964940"/>
 <node id="4251953451" visible="true" version="2" changeset="103731904" timestamp="2021-04-27T21:11:20Z" user="AYAGE" uid="521665" lat="34.2103619" lon="131.2970177"/>
 <node id="4251953452" visible="true" version="1" changeset="40127340" timestamp="2016-06-19T04:24:23Z" user="show1017" uid="3244669" lat="34.2081659" lon="131.2976453"/>
 <node id="4251953453" visible="true" version="1" changeset="40127340" timestamp="2016-06-19T04:24:24Z" user="show1017" uid="3244669" lat="34.2076397" lon="131.2977904"/>
 <node id="4251953454" visible="true" version="2" changeset="104007332" timestamp="2021-05-02T18:16:41Z" user="AYAGE" uid="521665" lat="34.2072457" lon="131.2979239"/>
 <node id="4251953455" visible="true" version="2" changeset="104007332" timestamp="2021-05-02T18:16:41Z" user="AYAGE" uid="521665" lat="34.2065812" lon="131.2982469"/>
 <node id="4251953456" visible="true" version="1" changeset="40127340" timestamp="2016-06-19T04:24:26Z" user="show1017" uid="3244669" lat="34.2051711" lon="131.2991557"/>
 <node id="4251953457" visible="true" version="1" changeset="40127340" timestamp="2016-06-19T04:24:26Z" user="show1017" uid="3244669" lat="34.2048160" lon="131.2993288"/>
 <node id="4251953458" visible="true" version="1" changeset="40127340" timestamp="2016-06-19T04:24:27Z" user="show1017" uid="3244669" lat="34.2046157" lon="131.2993583"/>
 <node id="4251953459" visible="true" version="1" changeset="40127340" timestamp="2016-06-19T04:24:27Z" user="show1017" uid="3244669" lat="34.2044301" lon="131.2993109"/>
 <node id="4251973701" visible="true" version="1" changeset="40127340" timestamp="2016-06-19T04:23:13Z" user="show1017" uid="3244669" lat="34.2045146" lon="131.2990772"/>
 <node id="4251973702" visible="true" version="1" changeset="40127340" timestamp="2016-06-19T04:23:22Z" user="show1017" uid="3244669" lat="34.2086280" lon="131.2969952"/>
 <node id="4251973703" visible="true" version="2" changeset="103731904" timestamp="2021-04-27T21:11:20Z" user="AYAGE" uid="521665" lat="34.2087532" lon="131.2973762"/>
 <node id="4251973704" visible="true" version="2" changeset="103731904" timestamp="2021-04-27T21:11:20Z" user="AYAGE" uid="521665" lat="34.2119919" lon="131.2960894"/>
 <node id="4251973705" visible="true" version="1" changeset="40127340" timestamp="2016-06-19T04:23:32Z" user="show1017" uid="3244669" lat="34.2138482" lon="131.2964623"/>
 <node id="4251973706" visible="true" version="2" changeset="103733018" timestamp="2021-04-27T21:51:20Z" user="AYAGE" uid="521665" lat="34.2160623" lon="131.2976780"/>
 <node id="4251973707" visible="true" version="2" changeset="103733018" timestamp="2021-04-27T21:51:20Z" user="AYAGE" uid="521665" lat="34.2164112" lon="131.2975229"/>
 <node id="4251973708" visible="true" version="1" changeset="40127340" timestamp="2016-06-19T04:23:46Z" user="show1017" uid="3244669" lat="34.2230366" lon="131.3042135"/>
 <node id="4251973709" visible="true" version="1" changeset="40127340" timestamp="2016-06-19T04:23:47Z" user="show1017" uid="3244669" lat="34.2232214" lon="131.3044289"/>
 <node id="4251973710" visible="true" version="1" changeset="40127340" timestamp="2016-06-19T04:23:48Z" user="show1017" uid="3244669" lat="34.2234055" lon="131.3045986"/>
 <node id="4251973711" visible="true" version="2" changeset="55206517" timestamp="2018-01-06T09:25:43Z" user="HikaruKinkakuji" uid="1878070" lat="34.2244146" lon="131.3051093"/>
 <node id="4251973712" visible="true" version="2" changeset="103733018" timestamp="2021-04-27T21:51:20Z" user="AYAGE" uid="521665" lat="34.2172204" lon="131.2977482"/>
 <node id="4251973713" visible="true" version="2" changeset="103733018" timestamp="2021-04-27T21:51:20Z" user="AYAGE" uid="521665" lat="34.2163757" lon="131.2976422"/>
 <node id="4251973714" visible="true" version="2" changeset="103733018" timestamp="2021-04-27T21:51:20Z" user="AYAGE" uid="521665" lat="34.2162135" lon="131.2977414"/>
 <node id="4251973715" visible="true" version="2" changeset="103731904" timestamp="2021-04-27T21:11:20Z" user="AYAGE" uid="521665" lat="34.2145479" lon="131.2969862"/>
 <node id="4251973716" visible="true" version="1" changeset="40127340" timestamp="2016-06-19T04:24:22Z" user="show1017" uid="3244669" lat="34.2098542" lon="131.2973754"/>
 <node id="4251973717" visible="true" version="1" changeset="40127340" timestamp="2016-06-19T04:24:23Z" user="show1017" uid="3244669" lat="34.2087650" lon="131.2975510"/>
 <node id="4251973718" visible="true" version="1" changeset="40127340" timestamp="2016-06-19T04:24:23Z" user="show1017" uid="3244669" lat="34.2077946" lon="131.2977372"/>
 <node id="4251973719" visible="true" version="1" changeset="40127340" timestamp="2016-06-19T04:24:25Z" user="show1017" uid="3244669" lat="34.2055157" lon="131.2988844"/>
 <node id="4251974794" visible="true" version="1" changeset="40127340" timestamp="2016-06-19T04:23:20Z" user="show1017" uid="3244669" lat="34.2092931" lon="131.2951416"/>
 <node id="4251974795" visible="true" version="2" changeset="103733018" timestamp="2021-04-27T21:51:20Z" user="AYAGE" uid="521665" lat="34.2191955" lon="131.2976813"/>
 <node id="4251974796" visible="true" version="1" changeset="40127340" timestamp="2016-06-19T04:23:43Z" user="show1017" uid="3244669" lat="34.2209690" lon="131.3005184"/>
 <node id="4251974797" visible="true" version="1" changeset="40127340" timestamp="2016-06-19T04:23:44Z" user="show1017" uid="3244669" lat="34.2215147" lon="131.3015701"/>
 <node id="4251974798" visible="true" version="1" changeset="40127340" timestamp="2016-06-19T04:23:59Z" user="show1017" uid="3244669" lat="34.2223258" lon="131.3032868"/>
 <node id="4251974799" visible="true" version="2" changeset="103733018" timestamp="2021-04-27T21:51:20Z" user="AYAGE" uid="521665" lat="34.2184299" lon="131.2978071"/>
 <node id="4251974800" visible="true" version="1" changeset="40127340" timestamp="2016-06-19T04:24:29Z" user="show1017" uid="3244669" lat="34.2038821" lon="131.2989661"/>
 <node id="4251975000" visible="true" version="1" changeset="40127340" timestamp="2016-06-19T04:23:15Z" user="show1017" uid="3244669" lat="34.2066007" lon="131.2977993"/>
 <node id="4251975001" visible="true" version="1" changeset="40127340" timestamp="2016-06-19T04:23:18Z" user="show1017" uid="3244669" lat="34.2087753" lon="131.2962148"/>
 <node id="4251975002" visible="true" version="1" changeset="40127340" timestamp="2016-06-19T04:23:23Z" user="show1017" uid="3244669" lat="34.2086109" lon="131.2972642"/>
 <node id="4251975003" visible="true" version="2" changeset="103731904" timestamp="2021-04-27T21:11:20Z" user="AYAGE" uid="521665" lat="34.2092556" lon="131.2973026"/>
 <node id="4251975004" visible="true" version="2" changeset="103733018" timestamp="2021-04-27T21:51:20Z" user="AYAGE" uid="521665" lat="34.2170351" lon="131.2975550"/>
 <node id="4251975005" visible="true" version="2" changeset="103733018" timestamp="2021-04-27T21:51:20Z" user="AYAGE" uid="521665" lat="34.2195375" lon="131.2978912"/>
 <node id="4251975006" visible="true" version="2" changeset="55206517" timestamp="2018-01-06T09:25:43Z" user="HikaruKinkakuji" uid="1878070" lat="34.2235522" lon="131.3047106"/>
 <node id="4251975007" visible="true" version="2" changeset="103733018" timestamp="2021-04-27T21:51:20Z" user="AYAGE" uid="521665" lat="34.2167331" lon="131.2976049"/>
 <node id="4251975008" visible="true" version="2" changeset="103733018" timestamp="2021-04-27T21:51:20Z" user="AYAGE" uid="521665" lat="34.2165628" lon="131.2976124"/>
 <node id="4251975009" visible="true" version="2" changeset="103733018" timestamp="2021-04-27T21:51:20Z" user="AYAGE" uid="521665" lat="34.2158648" lon="131.2978647"/>
 <node id="4251975010" visible="true" version="1" changeset="40127340" timestamp="2016-06-19T04:24:13Z" user="show1017" uid="3244669" lat="34.2147840" lon="131.2972781"/>
 <node id="4252003693" visible="true" version="2" changeset="55206517" timestamp="2018-01-06T09:25:43Z" user="HikaruKinkakuji" uid="1878070" lat="34.2240500" lon="131.3048920"/>
 <node id="4252003694" visible="true" version="2" changeset="55206517" timestamp="2018-01-06T09:25:43Z" user="HikaruKinkakuji" uid="1878070" lat="34.2241167" lon="131.3050600"/>
 <node id="4252003695" visible="true" version="2" changeset="55206517" timestamp="2018-01-06T09:25:43Z" user="HikaruKinkakuji" uid="1878070" lat="34.2228142" lon="131.3041023"/>
 <node id="4252003696" visible="true" version="1" changeset="40127340" timestamp="2016-06-19T04:24:01Z" user="show1017" uid="3244669" lat="34.2207315" lon="131.3003298"/>
 <node id="4252003697" visible="true" version="2" changeset="103733018" timestamp="2021-04-27T21:51:20Z" user="AYAGE" uid="521665" lat="34.2176437" lon="131.2978627"/>
 <node id="4252003698" visible="true" version="1" changeset="40127340" timestamp="2016-06-19T04:24:17Z" user="show1017" uid="3244669" lat="34.2117460" lon="131.2961442"/>
 <node id="4252003699" visible="true" version="2" changeset="103731904" timestamp="2021-04-27T21:11:20Z" user="AYAGE" uid="521665" lat="34.2106727" lon="131.2962678"/>
 <node id="4252003700" visible="true" version="1" changeset="40127340" timestamp="2016-06-19T04:24:28Z" user="show1017" uid="3244669" lat="34.2041247" lon="131.2991787"/>
 <node id="4252003790" visible="true" version="1" changeset="40127340" timestamp="2016-06-19T04:24:21Z" user="show1017" uid="3244669" lat="34.2103051" lon="131.2970995"/>
 <node id="4252009589" visible="true" version="2" changeset="103733018" timestamp="2021-04-27T21:51:20Z" user="AYAGE" uid="521665" lat="34.2189938" lon="131.2976101"/>
 <node id="4252009590" visible="true" version="2" changeset="103731904" timestamp="2021-04-27T21:11:20Z" user="AYAGE" uid="521665" lat="34.2104063" lon="131.2968073"/>
 <node id="4252009591" visible="true" version="1" changeset="40127340" timestamp="2016-06-19T04:24:21Z" user="show1017" uid="3244669" lat="34.2101035" lon="131.2972685"/>
 <node id="4252009592" visible="true" version="1" changeset="40127340" timestamp="2016-06-19T04:24:22Z" user="show1017" uid="3244669" lat="34.2096357" lon="131.2974071"/>
 <node id="4252009689" visible="true" version="2" changeset="55206517" timestamp="2018-01-06T09:25:43Z" user="HikaruKinkakuji" uid="1878070" lat="34.2237022" lon="131.3049445"/>
 <node id="4252009690" visible="true" version="2" changeset="103733018" timestamp="2021-04-27T21:51:20Z" user="AYAGE" uid="521665" lat="34.2181461" lon="131.2978426"/>
 <node id="4252009691" visible="true" version="1" changeset="40127340" timestamp="2016-06-19T04:24:16Z" user="show1017" uid="3244669" lat="34.2119805" lon="131.2962674"/>
 <node id="4252009692" visible="true" version="2" changeset="103731904" timestamp="2021-04-27T21:11:20Z" user="AYAGE" uid="521665" lat="34.2113762" lon="131.2959662"/>
 <node id="5323352257" visible="true" version="1" changeset="55206517" timestamp="2018-01-06T09:25:24Z" user="HikaruKinkakuji" uid="1878070" lat="34.2225470" lon="131.3036880"/>
 <node id="5323352258" visible="true" version="1" changeset="55206517" timestamp="2018-01-06T09:25:24Z" user="HikaruKinkakuji" uid="1878070" lat="34.2238921" lon="131.3050076"/>
 <node id="5323352259" visible="true" version="1" changeset="55206517" timestamp="2018-01-06T09:25:24Z" user="HikaruKinkakuji" uid="1878070" lat="34.2246195" lon="131.3051216"/>
 <node id="5323352260" visible="true" version="1" changeset="55206517" timestamp="2018-01-06T09:25:24Z" user="HikaruKinkakuji" uid="1878070" lat="34.2248147" lon="131.3049486"/>
 <node id="5323352261" visible="true" version="1" changeset="55206517" timestamp="2018-01-06T09:25:24Z" user="HikaruKinkakuji" uid="1878070" lat="34.2250054" lon="131.3049526"/>
 <node id="5323352262" visible="true" version="1" changeset="55206517" timestamp="2018-01-06T09:25:24Z" user="HikaruKinkakuji" uid="1878070" lat="34.2250331" lon="131.3050224"/>
 <node id="5323352263" visible="true" version="1" changeset="55206517" timestamp="2018-01-06T09:25:24Z" user="HikaruKinkakuji" uid="1878070" lat="34.2251163" lon="131.3049781"/>
 <node id="5323352264" visible="true" version="1" changeset="55206517" timestamp="2018-01-06T09:25:24Z" user="HikaruKinkakuji" uid="1878070" lat="34.2254279" lon="131.3048802"/>
 <node id="5323352265" visible="true" version="1" changeset="55206517" timestamp="2018-01-06T09:25:24Z" user="HikaruKinkakuji" uid="1878070" lat="34.2257262" lon="131.3047864"/>
 <node id="5323352266" visible="true" version="1" changeset="55206517" timestamp="2018-01-06T09:25:24Z" user="HikaruKinkakuji" uid="1878070" lat="34.2257561" lon="131.3047877"/>
 <node id="5323352267" visible="true" version="1" changeset="55206517" timestamp="2018-01-06T09:25:24Z" user="HikaruKinkakuji" uid="1878070" lat="34.2258415" lon="131.3047716"/>
 <node id="5323352268" visible="true" version="1" changeset="55206517" timestamp="2018-01-06T09:25:24Z" user="HikaruKinkakuji" uid="1878070" lat="34.2259180" lon="131.3047501"/>
 <node id="5323352269" visible="true" version="1" changeset="55206517" timestamp="2018-01-06T09:25:24Z" user="HikaruKinkakuji" uid="1878070" lat="34.2260367" lon="131.3047555"/>
 <node id="5323352270" visible="true" version="1" changeset="55206517" timestamp="2018-01-06T09:25:24Z" user="HikaruKinkakuji" uid="1878070" lat="34.2261420" lon="131.3047434"/>
 <node id="5323352271" visible="true" version="1" changeset="55206517" timestamp="2018-01-06T09:25:24Z" user="HikaruKinkakuji" uid="1878070" lat="34.2262540" lon="131.3047113"/>
 <node id="5323352272" visible="true" version="1" changeset="55206517" timestamp="2018-01-06T09:25:24Z" user="HikaruKinkakuji" uid="1878070" lat="34.2264004" lon="131.3046080"/>
 <node id="6326671983" visible="true" version="1" changeset="67948747" timestamp="2019-03-09T05:18:24Z" user="alberth2" uid="2891170" lat="34.2275969" lon="131.3040358"/>
 <node id="6326671984" visible="true" version="1" changeset="67948747" timestamp="2019-03-09T05:18:24Z" user="alberth2" uid="2891170" lat="34.2278458" lon="131.3037606"/>
 <node id="6825838774" visible="true" version="1" changeset="74953676" timestamp="2019-09-26T11:21:46Z" user="Reboli_NL" uid="93547" lat="34.2245530" lon="131.3051176"/>
 <node id="8674239291" visible="true" version="1" changeset="103731904" timestamp="2021-04-27T21:11:20Z" user="AYAGE" uid="521665" lat="34.2086679" lon="131.2973459"/>
 <node id="8674239292" visible="true" version="1" changeset="103731904" timestamp="2021-04-27T21:11:20Z" user="AYAGE" uid="521665" lat="34.2103759" lon="131.2967075"/>
 <node id="8674239293" visible="true" version="1" changeset="103731904" timestamp="2021-04-27T21:11:20Z" user="AYAGE" uid="521665" lat="34.2102450" lon="131.2969530"/>
 <node id="8674239294" visible="true" version="1" changeset="103731904" timestamp="2021-04-27T21:11:20Z" user="AYAGE" uid="521665" lat="34.2102916" lon="131.2968564"/>
 <node id="8674239295" visible="true" version="1" changeset="103731904" timestamp="2021-04-27T21:11:20Z" user="AYAGE" uid="521665" lat="34.2105744" lon="131.2963843"/>
 <node id="8674239296" visible="true" version="1" changeset="103731904" timestamp="2021-04-27T21:11:20Z" user="AYAGE" uid="521665" lat="34.2115404" lon="131.2960182"/>
 <node id="8674239297" visible="true" version="1" changeset="103731904" timestamp="2021-04-27T21:11:20Z" user="AYAGE" uid="521665" lat="34.2111667" lon="131.2958358"/>
 <node id="8674239298" visible="true" version="1" changeset="103731904" timestamp="2021-04-27T21:11:20Z" user="AYAGE" uid="521665" lat="34.2121626" lon="131.2961403"/>
 <node id="8674239299" visible="true" version="1" changeset="103731904" timestamp="2021-04-27T21:11:20Z" user="AYAGE" uid="521665" lat="34.2123500" lon="131.2961470"/>
 <node id="8674239300" visible="true" version="1" changeset="103731904" timestamp="2021-04-27T21:11:20Z" user="AYAGE" uid="521665" lat="34.2130254" lon="131.2961483"/>
 <node id="8674239301" visible="true" version="1" changeset="103731904" timestamp="2021-04-27T21:11:20Z" user="AYAGE" uid="521665" lat="34.2138017" lon="131.2965681"/>
 <node id="8674239302" visible="true" version="1" changeset="103731904" timestamp="2021-04-27T21:11:20Z" user="AYAGE" uid="521665" lat="34.2134214" lon="131.2964112"/>
 <node id="8674239303" visible="true" version="1" changeset="103731904" timestamp="2021-04-27T21:11:20Z" user="AYAGE" uid="521665" lat="34.2133182" lon="131.2963065"/>
 <node id="8674239305" visible="true" version="1" changeset="103731904" timestamp="2021-04-27T21:11:20Z" user="AYAGE" uid="521665" lat="34.2143807" lon="131.2968497"/>
 <node id="8674239306" visible="true" version="1" changeset="103731904" timestamp="2021-04-27T21:11:20Z" user="AYAGE" uid="521665" lat="34.2143873" lon="131.2967102"/>
 <node id="8674239307" visible="true" version="1" changeset="103731904" timestamp="2021-04-27T21:11:20Z" user="AYAGE" uid="521665" lat="34.2148265" lon="131.2969543"/>
 <node id="8674239308" visible="true" version="2" changeset="103733018" timestamp="2021-04-27T21:51:20Z" user="AYAGE" uid="521665" lat="34.2147039" lon="131.2968363"/>
 <node id="8674330173" visible="true" version="1" changeset="103733018" timestamp="2021-04-27T21:51:20Z" user="AYAGE" uid="521665" lat="34.2185538" lon="131.2970696"/>
 <node id="8674330174" visible="true" version="1" changeset="103733018" timestamp="2021-04-27T21:51:20Z" user="AYAGE" uid="521665" lat="34.2209469" lon="131.2972172"/>
 <node id="8674330175" visible="true" version="1" changeset="103733018" timestamp="2021-04-27T21:51:20Z" user="AYAGE" uid="521665" lat="34.2208936" lon="131.2972990"/>
 <node id="8674330176" visible="true" version="1" changeset="103733018" timestamp="2021-04-27T21:51:20Z" user="AYAGE" uid="521665" lat="34.2207716" lon="131.2974143"/>
 <node id="8674330177" visible="true" version="1" changeset="103733018" timestamp="2021-04-27T21:51:20Z" user="AYAGE" uid="521665" lat="34.2206929" lon="131.2974720"/>
 <node id="8674330178" visible="true" version="1" changeset="103733018" timestamp="2021-04-27T21:51:20Z" user="AYAGE" uid="521665" lat="34.2205000" lon="131.2975457"/>
 <node id="8674330179" visible="true" version="1" changeset="103733018" timestamp="2021-04-27T21:51:20Z" user="AYAGE" uid="521665" lat="34.2204323" lon="131.2976021"/>
 <node id="8674330180" visible="true" version="1" changeset="103733018" timestamp="2021-04-27T21:51:20Z" user="AYAGE" uid="521665" lat="34.2201595" lon="131.2978595"/>
 <node id="8674330181" visible="true" version="1" changeset="103733018" timestamp="2021-04-27T21:51:20Z" user="AYAGE" uid="521665" lat="34.2200897" lon="131.2979119"/>
 <node id="8674330182" visible="true" version="1" changeset="103733018" timestamp="2021-04-27T21:51:20Z" user="AYAGE" uid="521665" lat="34.2197769" lon="131.2980634"/>
 <node id="8674330183" visible="true" version="1" changeset="103733018" timestamp="2021-04-27T21:51:20Z" user="AYAGE" uid="521665" lat="34.2198302" lon="131.2981586"/>
 <node id="8674330184" visible="true" version="1" changeset="103733018" timestamp="2021-04-27T21:51:20Z" user="AYAGE" uid="521665" lat="34.2199022" lon="131.2982739"/>
 <node id="8674330185" visible="true" version="1" changeset="103733018" timestamp="2021-04-27T21:51:20Z" user="AYAGE" uid="521665" lat="34.2200542" lon="131.2985891"/>
 <node id="8674330186" visible="true" version="1" changeset="103733018" timestamp="2021-04-27T21:51:20Z" user="AYAGE" uid="521665" lat="34.2202216" lon="131.2989163"/>
 <node id="8674330187" visible="true" version="1" changeset="103733018" timestamp="2021-04-27T21:51:20Z" user="AYAGE" uid="521665" lat="34.2202094" lon="131.2989445"/>
 <node id="8674330188" visible="true" version="1" changeset="103733018" timestamp="2021-04-27T21:51:20Z" user="AYAGE" uid="521665" lat="34.2200985" lon="131.2991551"/>
 <node id="8674330189" visible="true" version="1" changeset="103733018" timestamp="2021-04-27T21:51:20Z" user="AYAGE" uid="521665" lat="34.2200867" lon="131.2991770"/>
 <node id="8674330190" visible="true" version="1" changeset="103733018" timestamp="2021-04-27T21:51:20Z" user="AYAGE" uid="521665" lat="34.2199377" lon="131.2993750"/>
 <node id="8674330191" visible="true" version="1" changeset="103733018" timestamp="2021-04-27T21:51:20Z" user="AYAGE" uid="521665" lat="34.2198668" lon="131.2994394"/>
 <node id="8674330192" visible="true" version="1" changeset="103733018" timestamp="2021-04-27T21:51:20Z" user="AYAGE" uid="521665" lat="34.2197381" lon="131.2995051"/>
 <node id="8674330193" visible="true" version="2" changeset="103740833" timestamp="2021-04-28T04:11:02Z" user="AYAGE" uid="521665" lat="34.2194088" lon="131.2997987"/>
 <node id="8674330194" visible="true" version="1" changeset="103733018" timestamp="2021-04-27T21:51:20Z" user="AYAGE" uid="521665" lat="34.2193722" lon="131.2998095"/>
 <node id="8674330195" visible="true" version="1" changeset="103733018" timestamp="2021-04-27T21:51:20Z" user="AYAGE" uid="521665" lat="34.2191382" lon="131.2998927"/>
 <node id="8674330196" visible="true" version="1" changeset="103733018" timestamp="2021-04-27T21:51:20Z" user="AYAGE" uid="521665" lat="34.2188820" lon="131.3002413"/>
 <node id="8674330197" visible="true" version="1" changeset="103733018" timestamp="2021-04-27T21:51:20Z" user="AYAGE" uid="521665" lat="34.2188232" lon="131.3002977"/>
 <node id="8674330198" visible="true" version="1" changeset="103733018" timestamp="2021-04-27T21:51:20Z" user="AYAGE" uid="521665" lat="34.2186136" lon="131.3002990"/>
 <node id="8674330199" visible="true" version="1" changeset="103733018" timestamp="2021-04-27T21:51:20Z" user="AYAGE" uid="521665" lat="34.2182532" lon="131.3000898"/>
 <node id="8674330200" visible="true" version="1" changeset="103733018" timestamp="2021-04-27T21:51:20Z" user="AYAGE" uid="521665" lat="34.2178895" lon="131.2996164"/>
 <node id="8674330203" visible="true" version="1" changeset="103733018" timestamp="2021-04-27T21:51:20Z" user="AYAGE" uid="521665" lat="34.2159333" lon="131.2976798"/>
 <node id="8674330204" visible="true" version="1" changeset="103733018" timestamp="2021-04-27T21:51:20Z" user="AYAGE" uid="521665" lat="34.2166086" lon="131.2974586"/>
 <node id="8674330205" visible="true" version="1" changeset="103733018" timestamp="2021-04-27T21:51:20Z" user="AYAGE" uid="521665" lat="34.2179815" lon="131.2976570"/>
 <node id="8674330206" visible="true" version="1" changeset="103733018" timestamp="2021-04-27T21:51:20Z" user="AYAGE" uid="521665" lat="34.2180481" lon="131.2976705"/>
 <node id="8674330208" visible="true" version="2" changeset="172592651" timestamp="2025-09-29T04:48:50Z" user="taketaketake" uid="4757277" lat="34.2183248" lon="131.2975773"/>
 <node id="8674330209" visible="true" version="1" changeset="103733018" timestamp="2021-04-27T21:51:20Z" user="AYAGE" uid="521665" lat="34.2179627" lon="131.2989968"/>
 <node id="8674330212" visible="true" version="1" changeset="103733018" timestamp="2021-04-27T21:51:20Z" user="AYAGE" uid="521665" lat="34.2182366" lon="131.2978515"/>
 <node id="8674330213" visible="true" version="1" changeset="103733018" timestamp="2021-04-27T21:51:20Z" user="AYAGE" uid="521665" lat="34.2153599" lon="131.2977724"/>
 <node id="8674330214" visible="true" version="1" changeset="103733018" timestamp="2021-04-27T21:51:20Z" user="AYAGE" uid="521665" lat="34.2151958" lon="131.2977228"/>
 <node id="8674330215" visible="true" version="1" changeset="103733018" timestamp="2021-04-27T21:51:20Z" user="AYAGE" uid="521665" lat="34.2147012" lon="131.2969208"/>
 <node id="8674330216" visible="true" version="1" changeset="103733018" timestamp="2021-04-27T21:51:20Z" user="AYAGE" uid="521665" lat="34.2150316" lon="131.2973942"/>
 <node id="8674340217" visible="true" version="1" changeset="103733018" timestamp="2021-04-27T21:51:20Z" user="AYAGE" uid="521665" lat="34.2152490" lon="131.2975819"/>
 <node id="8674340218" visible="true" version="1" changeset="103733018" timestamp="2021-04-27T21:51:20Z" user="AYAGE" uid="521665" lat="34.2156693" lon="131.2977214"/>
 <node id="8674340219" visible="true" version="1" changeset="103733018" timestamp="2021-04-27T21:51:20Z" user="AYAGE" uid="521665" lat="34.2172862" lon="131.2976517"/>
 <node id="8674340220" visible="true" version="1" changeset="103733018" timestamp="2021-04-27T21:51:20Z" user="AYAGE" uid="521665" lat="34.2180104" lon="131.2977174"/>
 <node id="8674340221" visible="true" version="1" changeset="103733018" timestamp="2021-04-27T21:51:20Z" user="AYAGE" uid="521665" lat="34.2181845" lon="131.2976745"/>
 <node id="8674340222" visible="true" version="1" changeset="103733018" timestamp="2021-04-27T21:51:20Z" user="AYAGE" uid="521665" lat="34.2185427" lon="131.2975806"/>
 <node id="8674340223" visible="true" version="1" changeset="103733018" timestamp="2021-04-27T21:51:20Z" user="AYAGE" uid="521665" lat="34.2159821" lon="131.2978528"/>
 <node id="8674340224" visible="true" version="1" changeset="103733018" timestamp="2021-04-27T21:51:20Z" user="AYAGE" uid="521665" lat="34.2169491" lon="131.2976477"/>
 <node id="8674340225" visible="true" version="1" changeset="103733018" timestamp="2021-04-27T21:51:20Z" user="AYAGE" uid="521665" lat="34.2179971" lon="131.2978220"/>
 <node id="8674340226" visible="true" version="1" changeset="103733018" timestamp="2021-04-27T21:51:20Z" user="AYAGE" uid="521665" lat="34.2175069" lon="131.2978166"/>
 <node id="8674340227" visible="true" version="1" changeset="103733018" timestamp="2021-04-27T21:51:20Z" user="AYAGE" uid="521665" lat="34.2178008" lon="131.2979065"/>
 <node id="8674340228" visible="true" version="1" changeset="103733018" timestamp="2021-04-27T21:51:20Z" user="AYAGE" uid="521665" lat="34.2179571" lon="131.2979011"/>
 <node id="8674340280" visible="true" version="1" changeset="103733018" timestamp="2021-04-27T21:51:20Z" user="AYAGE" uid="521665" lat="34.2161678" lon="131.2916710"/>
 <node id="8674812770" visible="true" version="1" changeset="103740833" timestamp="2021-04-28T04:11:02Z" user="AYAGE" uid="521665" lat="34.2184223" lon="131.3012700"/>
 <node id="8674812771" visible="true" version="1" changeset="103740833" timestamp="2021-04-28T04:11:02Z" user="AYAGE" uid="521665" lat="34.2185283" lon="131.3010480"/>
 <node id="8674812772" visible="true" version="1" changeset="103740833" timestamp="2021-04-28T04:11:02Z" user="AYAGE" uid="521665" lat="34.2185499" lon="131.3010259"/>
 <node id="8674812773" visible="true" version="1" changeset="103740833" timestamp="2021-04-28T04:11:02Z" user="AYAGE" uid="521665" lat="34.2186103" lon="131.3009729"/>
 <node id="8674812774" visible="true" version="1" changeset="103740833" timestamp="2021-04-28T04:11:02Z" user="AYAGE" uid="521665" lat="34.2186026" lon="131.3010353"/>
 <node id="8674812775" visible="true" version="1" changeset="103740833" timestamp="2021-04-28T04:11:02Z" user="AYAGE" uid="521665" lat="34.2187611" lon="131.3003688"/>
 <node id="8674812776" visible="true" version="1" changeset="103740833" timestamp="2021-04-28T04:11:02Z" user="AYAGE" uid="521665" lat="34.2187323" lon="131.3004667"/>
 <node id="8674812777" visible="true" version="1" changeset="103740833" timestamp="2021-04-28T04:11:02Z" user="AYAGE" uid="521665" lat="34.2187179" lon="131.3005686"/>
 <node id="8674812778" visible="true" version="1" changeset="103740833" timestamp="2021-04-28T04:11:02Z" user="AYAGE" uid="521665" lat="34.2187013" lon="131.3007657"/>
 <node id="8674812779" visible="true" version="1" changeset="103740833" timestamp="2021-04-28T04:11:02Z" user="AYAGE" uid="521665" lat="34.2186735" lon="131.3008328"/>
 <node id="8674812780" visible="true" version="1" changeset="103740833" timestamp="2021-04-28T04:11:02Z" user="AYAGE" uid="521665" lat="34.2185843" lon="131.3010085"/>
 <node id="8674812781" visible="true" version="1" changeset="103740833" timestamp="2021-04-28T04:11:02Z" user="AYAGE" uid="521665" lat="34.2187035" lon="131.3010970"/>
 <node id="8674812782" visible="true" version="1" changeset="103740833" timestamp="2021-04-28T04:11:02Z" user="AYAGE" uid="521665" lat="34.2189020" lon="131.3012002"/>
 <node id="8674812783" visible="true" version="1" changeset="103740833" timestamp="2021-04-28T04:11:02Z" user="AYAGE" uid="521665" lat="34.2189186" lon="131.3011949"/>
 <node id="8674812784" visible="true" version="1" changeset="103740833" timestamp="2021-04-28T04:11:02Z" user="AYAGE" uid="521665" lat="34.2190994" lon="131.3007563"/>
 <node id="8674812785" visible="true" version="1" changeset="103740833" timestamp="2021-04-28T04:11:02Z" user="AYAGE" uid="521665" lat="34.2191193" lon="131.3007174"/>
 <node id="8674812786" visible="true" version="1" changeset="103740833" timestamp="2021-04-28T04:11:02Z" user="AYAGE" uid="521665" lat="34.2191548" lon="131.3006893"/>
 <node id="8674812787" visible="true" version="1" changeset="103740833" timestamp="2021-04-28T04:11:02Z" user="AYAGE" uid="521665" lat="34.2192469" lon="131.3006558"/>
 <node id="8674812788" visible="true" version="1" changeset="103740833" timestamp="2021-04-28T04:11:02Z" user="AYAGE" uid="521665" lat="34.2192868" lon="131.3006222"/>
 <node id="8674812789" visible="true" version="1" changeset="103740833" timestamp="2021-04-28T04:11:02Z" user="AYAGE" uid="521665" lat="34.2194576" lon="131.3004264"/>
 <node id="8674812790" visible="true" version="1" changeset="103740833" timestamp="2021-04-28T04:11:02Z" user="AYAGE" uid="521665" lat="34.2195296" lon="131.3003406"/>
 <node id="8674812791" visible="true" version="1" changeset="103740833" timestamp="2021-04-28T04:11:02Z" user="AYAGE" uid="521665" lat="34.2199211" lon="131.3006638"/>
 <node id="8674812792" visible="true" version="1" changeset="103740833" timestamp="2021-04-28T04:11:02Z" user="AYAGE" uid="521665" lat="34.2198479" lon="131.3004774"/>
 <node id="8674812793" visible="true" version="1" changeset="103740833" timestamp="2021-04-28T04:11:02Z" user="AYAGE" uid="521665" lat="34.2197814" lon="131.3003996"/>
 <node id="8674812794" visible="true" version="1" changeset="103740833" timestamp="2021-04-28T04:11:02Z" user="AYAGE" uid="521665" lat="34.2196849" lon="131.3002843"/>
 <node id="8674812795" visible="true" version="1" changeset="103740833" timestamp="2021-04-28T04:11:02Z" user="AYAGE" uid="521665" lat="34.2195995" lon="131.3002279"/>
 <node id="8674812796" visible="true" version="1" changeset="103740833" timestamp="2021-04-28T04:11:02Z" user="AYAGE" uid="521665" lat="34.2194620" lon="131.3001220"/>
 <node id="8674812797" visible="true" version="1" changeset="103740833" timestamp="2021-04-28T04:11:02Z" user="AYAGE" uid="521665" lat="34.2194232" lon="131.3000576"/>
 <node id="8674812798" visible="true" version="1" changeset="103740833" timestamp="2021-04-28T04:11:02Z" user="AYAGE" uid="521665" lat="34.2193988" lon="131.2999517"/>
 <node id="8674812799" visible="true" version="1" changeset="103740833" timestamp="2021-04-28T04:11:02Z" user="AYAGE" uid="521665" lat="34.2193977" lon="131.2998672"/>
 <node id="8674812800" visible="true" version="1" changeset="103740833" timestamp="2021-04-28T04:11:02Z" user="AYAGE" uid="521665" lat="34.2192469" lon="131.2998055"/>
 <node id="8674812801" visible="true" version="1" changeset="103740833" timestamp="2021-04-28T04:11:02Z" user="AYAGE" uid="521665" lat="34.2191393" lon="131.2998605"/>
 <node id="8674812802" visible="true" version="1" changeset="103740833" timestamp="2021-04-28T04:11:02Z" user="AYAGE" uid="521665" lat="34.2190284" lon="131.2999772"/>
 <node id="8674812803" visible="true" version="1" changeset="103740833" timestamp="2021-04-28T04:11:02Z" user="AYAGE" uid="521665" lat="34.2189364" lon="131.3001032"/>
 <node id="8674812804" visible="true" version="1" changeset="103740833" timestamp="2021-04-28T04:11:02Z" user="AYAGE" uid="521665" lat="34.2188964" lon="131.3000737"/>
 <node id="8674812805" visible="true" version="1" changeset="103740833" timestamp="2021-04-28T04:11:02Z" user="AYAGE" uid="521665" lat="34.2187667" lon="131.3000402"/>
 <node id="8674812806" visible="true" version="1" changeset="103740833" timestamp="2021-04-28T04:11:02Z" user="AYAGE" uid="521665" lat="34.2186935" lon="131.3000911"/>
 <node id="8674812807" visible="true" version="1" changeset="103740833" timestamp="2021-04-28T04:11:02Z" user="AYAGE" uid="521665" lat="34.2186170" lon="131.3000831"/>
 <node id="8674812808" visible="true" version="1" changeset="103740833" timestamp="2021-04-28T04:11:02Z" user="AYAGE" uid="521665" lat="34.2185416" lon="131.3000268"/>
 <node id="8674812809" visible="true" version="1" changeset="103740833" timestamp="2021-04-28T04:11:02Z" user="AYAGE" uid="521665" lat="34.2183187" lon="131.2997840"/>
 <node id="8674812810" visible="true" version="1" changeset="103740833" timestamp="2021-04-28T04:11:02Z" user="AYAGE" uid="521665" lat="34.2182189" lon="131.2998243"/>
 <node id="8674812811" visible="true" version="1" changeset="103740833" timestamp="2021-04-28T04:11:02Z" user="AYAGE" uid="521665" lat="34.2181224" lon="131.2997009"/>
 <node id="8674812812" visible="true" version="1" changeset="103740833" timestamp="2021-04-28T04:11:02Z" user="AYAGE" uid="521665" lat="34.2180625" lon="131.2996285"/>
 <node id="8674812813" visible="true" version="1" changeset="103740833" timestamp="2021-04-28T04:11:02Z" user="AYAGE" uid="521665" lat="34.2180558" lon="131.2995346"/>
 <node id="8674812814" visible="true" version="1" changeset="103740833" timestamp="2021-04-28T04:11:02Z" user="AYAGE" uid="521665" lat="34.2180813" lon="131.2994099"/>
 <node id="8674812815" visible="true" version="1" changeset="103740833" timestamp="2021-04-28T04:11:02Z" user="AYAGE" uid="521665" lat="34.2181046" lon="131.2991309"/>
 <node id="8674812816" visible="true" version="1" changeset="103740833" timestamp="2021-04-28T04:11:02Z" user="AYAGE" uid="521665" lat="34.2181900" lon="131.2991148"/>
 <node id="8674812817" visible="true" version="1" changeset="103740833" timestamp="2021-04-28T04:11:02Z" user="AYAGE" uid="521665" lat="34.2182355" lon="131.2989901"/>
 <node id="8674812818" visible="true" version="1" changeset="103740833" timestamp="2021-04-28T04:11:02Z" user="AYAGE" uid="521665" lat="34.2183963" lon="131.2988909"/>
 <node id="8674812819" visible="true" version="1" changeset="103740833" timestamp="2021-04-28T04:11:02Z" user="AYAGE" uid="521665" lat="34.2184861" lon="131.2987769"/>
 <node id="8674812820" visible="true" version="1" changeset="103740833" timestamp="2021-04-28T04:11:02Z" user="AYAGE" uid="521665" lat="34.2186170" lon="131.2985542"/>
 <node id="8674812821" visible="true" version="1" changeset="103740833" timestamp="2021-04-28T04:11:02Z" user="AYAGE" uid="521665" lat="34.2187245" lon="131.2984845"/>
 <node id="8674812822" visible="true" version="1" changeset="103740833" timestamp="2021-04-28T04:11:02Z" user="AYAGE" uid="521665" lat="34.2188088" lon="131.2985247"/>
 <node id="8674812823" visible="true" version="1" changeset="103740833" timestamp="2021-04-28T04:11:02Z" user="AYAGE" uid="521665" lat="34.2189508" lon="131.2986696"/>
 <node id="8674812824" visible="true" version="1" changeset="103740833" timestamp="2021-04-28T04:11:02Z" user="AYAGE" uid="521665" lat="34.2191016" lon="131.2988158"/>
 <node id="8674812825" visible="true" version="1" changeset="103740833" timestamp="2021-04-28T04:11:02Z" user="AYAGE" uid="521665" lat="34.2192713" lon="131.2990008"/>
 <node id="8674812826" visible="true" version="1" changeset="103740833" timestamp="2021-04-28T04:11:02Z" user="AYAGE" uid="521665" lat="34.2193278" lon="131.2991108"/>
 <node id="8674812827" visible="true" version="1" changeset="103740833" timestamp="2021-04-28T04:11:02Z" user="AYAGE" uid="521665" lat="34.2192990" lon="131.2991926"/>
 <node id="8674812828" visible="true" version="1" changeset="103740833" timestamp="2021-04-28T04:11:02Z" user="AYAGE" uid="521665" lat="34.2193167" lon="131.2992825"/>
 <node id="8674812829" visible="true" version="1" changeset="103740833" timestamp="2021-04-28T04:11:02Z" user="AYAGE" uid="521665" lat="34.2193988" lon="131.2994649"/>
 <node id="8674812830" visible="true" version="1" changeset="103740833" timestamp="2021-04-28T04:11:02Z" user="AYAGE" uid="521665" lat="34.2193999" lon="131.2996110"/>
 <node id="8674812831" visible="true" version="1" changeset="103740833" timestamp="2021-04-28T04:11:02Z" user="AYAGE" uid="521665" lat="34.2193533" lon="131.2997787"/>
 <node id="8677681585" visible="true" version="1" changeset="103801818" timestamp="2021-04-28T21:14:34Z" user="AYAGE" uid="521665" lat="34.2160978" lon="131.2916377"/>
 <node id="8677699886" visible="true" version="1" changeset="103801818" timestamp="2021-04-28T21:14:34Z" user="AYAGE" uid="521665" lat="34.2179099" lon="131.2991892"/>
 <node id="8691275975" visible="true" version="1" changeset="104007332" timestamp="2021-05-02T18:16:41Z" user="AYAGE" uid="521665" lat="34.2057665" lon="131.2987956"/>
 <node id="9412086380" visible="true" version="3" changeset="167486642" timestamp="2025-06-11T11:22:27Z" user="AlexM51" uid="174705" lat="34.2193831" lon="131.2988295">
  <tag k="bus" v="yes"/>
  <tag k="gtfs:stop_id" v="60102 2"/>
  <tag k="highway" v="bus_stop"/>
  <tag k="name" v="随徳"/>
  <tag k="name:ja" v="随徳"/>
  <tag k="name:ja-Hira" v="ずいとく"/>
  <tag k="name:ja-Latn" v="Zuitoku"/>
  <tag k="operator" v="中国ジェイアールバス"/>
  <tag k="operator:en" v="Chugoku JR Bus"/>
  <tag k="public_transport" v="platform"/>
 </node>
 <node id="9412086381" visible="true" version="3" changeset="167486642" timestamp="2025-06-11T11:22:27Z" user="AlexM51" uid="174705" lat="34.2194187" lon="131.2987278">
  <tag k="bus" v="yes"/>
  <tag k="gtfs:stop_id" v="60102 1"/>
  <tag k="highway" v="bus_stop"/>
  <tag k="name" v="随徳"/>
  <tag k="name:ja" v="随徳"/>
  <tag k="name:ja-Hira" v="ずいとく"/>
  <tag k="name:ja-Latn" v="Zuitoku"/>
  <tag k="operator" v="中国ジェイアールバス"/>
  <tag k="operator:en" v="Chugoku JR Bus"/>
  <tag k="public_transport" v="platform"/>
 </node>
 <node id="11114155551" visible="true" version="1" changeset="139868267" timestamp="2023-08-14T11:56:15Z" user="openamap" uid="94381" lat="34.2230355" lon="131.3044828"/>
 <node id="12905858476" visible="true" version="1" changeset="167486642" timestamp="2025-06-11T11:22:27Z" user="AlexM51" uid="174705" lat="34.2155215" lon="131.2913633"/>
 <node id="13179639778" visible="true" version="1" changeset="172592651" timestamp="2025-09-29T04:48:50Z" user="taketaketake" uid="4757277" lat="34.2182407" lon="131.2978627"/>
 <node id="13179639779" visible="true" version="1" changeset="172592651" timestamp="2025-09-29T04:48:50Z" user="taketaketake" uid="4757277" lat="34.2183152" lon="131.2976098"/>
 <node id="13179639780" visible="true" version="1" changeset="172592651" timestamp="2025-09-29T04:48:50Z" user="taketaketake" uid="4757277" lat="34.2183214" lon="131.2978955"/>
 <way id="60304231" visible="true" version="7" changeset="165176269" timestamp="2025-04-20T03:09:13Z" user="higa4" uid="162590">
  <nd ref="749175263"/>
  <nd ref="6326671984"/>
  <nd ref="6326671983"/>
  <nd ref="749590778"/>
  <nd ref="749720157"/>
  <nd ref="749036858"/>
  <nd ref="749432981"/>
  <nd ref="749866315"/>
  <nd ref="749212686"/>
  <nd ref="749676936"/>
  <nd ref="748996081"/>
  <nd ref="749399783"/>
  <nd ref="5323352272"/>
  <nd ref="749535811"/>
  <nd ref="5323352271"/>
  <nd ref="5323352270"/>
  <nd ref="5323352269"/>
  <nd ref="5323352268"/>
  <nd ref="5323352267"/>
  <nd ref="5323352266"/>
  <nd ref="5323352265"/>
  <nd ref="5323352264"/>
  <nd ref="5323352263"/>
  <nd ref="5323352262"/>
  <nd ref="748909160"/>
  <nd ref="749067353"/>
  <nd ref="749477346"/>
  <nd ref="749901220"/>
  <nd ref="749247326"/>
  <nd ref="749598293"/>
  <nd ref="748950229"/>
  <nd ref="749334909"/>
  <nd ref="749800859"/>
  <nd ref="749113658"/>
  <nd ref="749572091"/>
  <nd ref="748930624"/>
  <nd ref="749313371"/>
  <nd ref="749406879"/>
  <nd ref="749842284"/>
  <nd ref="749183071"/>
  <nd ref="749636568"/>
  <nd ref="748975631"/>
  <nd ref="749369610"/>
  <nd ref="749813788"/>
  <nd ref="749148746"/>
  <nd ref="749257370"/>
  <nd ref="749731423"/>
  <nd ref="749442868"/>
  <nd ref="749688240"/>
  <nd ref="749085967"/>
  <nd ref="748912228"/>
  <nd ref="749071031"/>
  <nd ref="749491466"/>
  <nd ref="748895313"/>
  <nd ref="749793280"/>
  <nd ref="8674340225"/>
  <nd ref="749097595"/>
  <nd ref="749555868"/>
  <nd ref="748921214"/>
  <nd ref="749301128"/>
  <nd ref="749077556"/>
  <nd ref="749609548"/>
  <nd ref="748957692"/>
  <nd ref="749804241"/>
  <nd ref="749579385"/>
  <nd ref="748935072"/>
  <nd ref="749414650"/>
  <nd ref="749850267"/>
  <nd ref="749653899"/>
  <nd ref="749384696"/>
  <nd ref="749817040"/>
  <nd ref="749159902"/>
  <nd ref="749268034"/>
  <nd ref="749746313"/>
  <nd ref="749055198"/>
  <nd ref="749454109"/>
  <nd ref="749885309"/>
  <nd ref="749232280"/>
  <nd ref="749699859"/>
  <nd ref="749018075"/>
  <nd ref="749324128"/>
  <nd ref="8674239303"/>
  <nd ref="749795797"/>
  <nd ref="749103182"/>
  <nd ref="749561316"/>
  <nd ref="748924349"/>
  <nd ref="749305195"/>
  <nd ref="749081408"/>
  <nd ref="749167610"/>
  <nd ref="749619008"/>
  <nd ref="749351961"/>
  <nd ref="749584752"/>
  <nd ref="748938547"/>
  <nd ref="749027997"/>
  <nd ref="749422552"/>
  <nd ref="8674239292"/>
  <nd ref="749858614"/>
  <nd ref="749204455"/>
  <nd ref="749663093"/>
  <nd ref="748989538"/>
  <nd ref="749822262"/>
  <nd ref="748905863"/>
  <nd ref="749276248"/>
  <nd ref="749755200"/>
  <nd ref="749060495"/>
  <nd ref="749463197"/>
  <tag k="name" v="稲川"/>
  <tag k="name:ja" v="稲川"/>
  <tag k="note" v="National-Land Numerical Information (River) 2006, MLIT Japan"/>
  <tag k="note:ja" v="国土数値情報(河川データ)平成18年国土交通省"/>
  <tag k="source" v="KSJ2"/>
  <tag k="source_ref" v="http://nlftp.mlit.go.jp/ksj/jpgis/datalist/KsjTmplt-W05.html"/>
  <tag k="waterway" v="river"/>
  <tag k="wikidata" v="Q133248286"/>
 </way>
 <way id="120482390" visible="true" version="3" changeset="170042622" timestamp="2025-08-06T07:56:43Z" user="taketaketake" uid="4757277">
  <nd ref="928307867"/>
  <nd ref="8674330209"/>
  <nd ref="8677699886"/>
  <nd ref="1350881532"/>
  <nd ref="1350862357"/>
  <nd ref="1350915651"/>
  <nd ref="1350905926"/>
  <nd ref="1350883455"/>
  <nd ref="1350908496"/>
  <nd ref="1350858161"/>
  <nd ref="1350874055"/>
  <nd ref="1350867981"/>
  <nd ref="1350882425"/>
  <nd ref="1350866107"/>
  <tag k="highway" v="tertiary"/>
  <tag k="lanes" v="2"/>
  <tag k="name" v="国道435号旧道"/>
  <tag k="old_name" v="国道435号"/>
  <tag k="old_name:en" v="National Highway Route 435"/>
  <tag k="old_name:ja" v="国道435号"/>
  <tag k="old_ref" v="435"/>
  <tag k="source" v="YahooJapan/ALPSMAP"/>
  <tag k="surface" v="asphalt"/>
 </way>
 <way id="120483470" visible="true" version="10" changeset="170042622" timestamp="2025-08-06T07:56:43Z" user="taketaketake" uid="4757277">
  <nd ref="12905858476"/>
  <nd ref="8677681585"/>
  <nd ref="8674340280"/>
  <nd ref="1990648232"/>
  <nd ref="928307880"/>
  <nd ref="1990648181"/>
  <nd ref="1990648236"/>
  <nd ref="1990648212"/>
  <nd ref="928307878"/>
  <nd ref="1350882395"/>
  <nd ref="2703927705"/>
  <nd ref="2704280784"/>
  <nd ref="1990648168"/>
  <nd ref="928307873"/>
  <nd ref="928307871"/>
  <nd ref="928307870"/>
  <nd ref="1350894908"/>
  <nd ref="1990648196"/>
  <nd ref="1990648172"/>
  <nd ref="1990648160"/>
  <nd ref="8674330173"/>
  <nd ref="928307869"/>
  <nd ref="1350898977"/>
  <tag k="highway" v="tertiary"/>
  <tag k="lanes" v="2"/>
  <tag k="name" v="国道435号旧道"/>
  <tag k="old_name" v="国道435号"/>
  <tag k="old_name:en" v="National Highway Route 435"/>
  <tag k="old_name:ja" v="国道435号"/>
  <tag k="old_ref" v="435"/>
  <tag k="source" v="YahooJapan/ALPSMAP;Bing"/>
  <tag k="surface" v="asphalt"/>
 </way>
 <way id="120483656" visible="true" version="6" changeset="172592651" timestamp="2025-09-29T04:48:50Z" user="taketaketake" uid="4757277">
  <nd ref="13179639780"/>
  <nd ref="1350864097"/>
  <nd ref="1350878367"/>
  <nd ref="1350860018"/>
  <nd ref="1350876881"/>
  <nd ref="1350904187"/>
  <nd ref="1350881809"/>
  <nd ref="1350873350"/>
  <nd ref="1350914660"/>
  <nd ref="1350887712"/>
  <nd ref="8674330189"/>
  <nd ref="1350877905"/>
  <nd ref="1350903870"/>
  <nd ref="1350867275"/>
  <nd ref="1350858932"/>
  <nd ref="1350909126"/>
  <nd ref="1350867581"/>
  <nd ref="1350903323"/>
  <nd ref="1350908559"/>
  <nd ref="1350896442"/>
  <nd ref="1350874995"/>
  <nd ref="1350888484"/>
  <nd ref="1350906669"/>
  <nd ref="1350855441"/>
  <nd ref="1350910444"/>
  <nd ref="11114155551"/>
  <tag k="bicycle" v="designated"/>
  <tag k="foot" v="designated"/>
  <tag k="highway" v="cycleway"/>
  <tag k="name" v="山口秋吉台公園自転車道線"/>
  <tag k="name:en" v="Yamaguchi Akiyoshidai Park Bicycle Path"/>
  <tag k="name:ja" v="山口秋吉台公園自転車道線"/>
  <tag k="name:ja-Hira" v="やまぐちあきよしだいこうえんじてんしゃどうせん"/>
  <tag k="name:ja_rm" v="Yamaguchi Akiyoshidaikōen Jitenshadō-sen"/>
  <tag k="ref" v="501"/>
  <tag k="source" v="YahooJapan/ALPSMAP"/>
  <tag k="surface" v="asphalt"/>
  <tag k="wikidata" v="Q11467341"/>
  <tag k="wikipedia" v="ja:山口県道501号山口秋吉台公園自転車道線"/>
 </way>
 <way id="120483909" visible="true" version="2" changeset="103733018" timestamp="2021-04-27T21:51:20Z" user="AYAGE" uid="521665">
  <nd ref="1350881532"/>
  <nd ref="8674330200"/>
  <nd ref="1350906345"/>
  <nd ref="1350912521"/>
  <nd ref="1350873588"/>
  <nd ref="8674330199"/>
  <nd ref="1350897598"/>
  <nd ref="1350910095"/>
  <nd ref="8674330198"/>
  <nd ref="1350897850"/>
  <nd ref="8674330197"/>
  <nd ref="8674330196"/>
  <nd ref="1350906393"/>
  <nd ref="1350901308"/>
  <nd ref="8674330195"/>
  <nd ref="1350886766"/>
  <nd ref="8674330194"/>
  <nd ref="8674330193"/>
  <nd ref="1350863054"/>
  <nd ref="8674330192"/>
  <nd ref="1350909629"/>
  <nd ref="8674330191"/>
  <nd ref="8674330190"/>
  <nd ref="8674330189"/>
  <nd ref="8674330188"/>
  <tag k="highway" v="residential"/>
  <tag k="source" v="YahooJapan/ALPSMAP"/>
 </way>
 <way id="120484687" visible="true" version="7" changeset="172592651" timestamp="2025-09-29T04:48:50Z" user="taketaketake" uid="4757277">
  <nd ref="1990646327"/>
  <nd ref="8674239308"/>
  <nd ref="1350872195"/>
  <nd ref="8674239307"/>
  <nd ref="1350861402"/>
  <nd ref="1350916242"/>
  <nd ref="1350911797"/>
  <nd ref="1350884310"/>
  <nd ref="1350908148"/>
  <nd ref="1350894903"/>
  <nd ref="1350864696"/>
  <nd ref="8674330203"/>
  <nd ref="1990646316"/>
  <nd ref="1350874991"/>
  <nd ref="1350912678"/>
  <nd ref="8674330204"/>
  <nd ref="1350895408"/>
  <nd ref="1990646326"/>
  <nd ref="1350858892"/>
  <nd ref="1350857646"/>
  <nd ref="1990646324"/>
  <nd ref="1990646323"/>
  <nd ref="8674330205"/>
  <nd ref="8674330206"/>
  <nd ref="1350876598"/>
  <nd ref="1350870525"/>
  <nd ref="8674330208"/>
  <nd ref="13179639779"/>
  <tag k="bicycle" v="designated"/>
  <tag k="foot" v="designated"/>
  <tag k="highway" v="cycleway"/>
  <tag k="name" v="山口秋吉台公園自転車道線"/>
  <tag k="name:en" v="Yamaguchi Akiyoshidai Park Bicycle Path"/>
  <tag k="name:ja" v="山口秋吉台公園自転車道線"/>
  <tag k="name:ja-Hira" v="やまぐちあきよしだいこうえんじてんしゃどうせん"/>
  <tag k="name:ja_rm" v="Yamaguchi Akiyoshidaikōen Jitenshadō-sen"/>
  <tag k="ref" v="501"/>
  <tag k="source" v="YahooJapan/ALPSMAP"/>
  <tag k="surface" v="asphalt"/>
  <tag k="wikidata" v="Q11467341"/>
  <tag k="wikipedia" v="ja:山口県道501号山口秋吉台公園自転車道線"/>
 </way>
 <way id="344262387" visible="true" version="3" changeset="118039848" timestamp="2022-03-03T03:21:21Z" user="okadatsuneo_import" uid="12352917">
  <nd ref="1350909198"/>
  <nd ref="1990646320"/>
  <nd ref="928307860"/>
  <nd ref="2703932525"/>
  <nd ref="2703932523"/>
  <nd ref="1990646329"/>
  <nd ref="2703932520"/>
  <nd ref="1990646330"/>
  <nd ref="928307861"/>
  <nd ref="928307862"/>
  <nd ref="1350909629"/>
  <nd ref="1990646304"/>
  <nd ref="928307863"/>
  <nd ref="928307864"/>
  <nd ref="928307865"/>
  <nd ref="1990646308"/>
  <nd ref="928307866"/>
  <nd ref="1990646315"/>
  <nd ref="1990646305"/>
  <nd ref="928307867"/>
  <tag k="highway" v="tertiary"/>
  <tag k="source" v="Bing"/>
 </way>
 <way id="425886380" visible="true" version="8" changeset="186958508" timestamp="2026-08-05T05:55:46Z" user="taketaketake" uid="4757277">
  <nd ref="4251943328"/>
  <nd ref="4251943327"/>
  <nd ref="4251948829"/>
  <nd ref="4251973701"/>
  <nd ref="4251953421"/>
  <nd ref="4251949015"/>
  <nd ref="4251953422"/>
  <nd ref="4251975000"/>
  <nd ref="4251953423"/>
  <nd ref="4251949016"/>
  <nd ref="4251949017"/>
  <nd ref="4251948830"/>
  <nd ref="4251953424"/>
  <nd ref="4251975001"/>
  <nd ref="4251948920"/>
  <nd ref="4251948831"/>
  <nd ref="4251953425"/>
  <nd ref="4251974794"/>
  <nd ref="4251948921"/>
  <nd ref="4251948832"/>
  <nd ref="4251948922"/>
  <nd ref="4251953426"/>
  <nd ref="4251973702"/>
  <nd ref="4251953427"/>
  <nd ref="4251975002"/>
  <nd ref="8674239291"/>
  <nd ref="4251973703"/>
  <nd ref="4251975003"/>
  <nd ref="4251948833"/>
  <nd ref="4251948924"/>
  <nd ref="4251948925"/>
  <nd ref="8674239293"/>
  <nd ref="8674239294"/>
  <nd ref="4251949018"/>
  <nd ref="4251948926"/>
  <nd ref="4251953428"/>
  <nd ref="4251949019"/>
  <nd ref="4251948834"/>
  <nd ref="4251953429"/>
  <nd ref="8674239297"/>
  <nd ref="4251948835"/>
  <nd ref="4251948927"/>
  <nd ref="4251953430"/>
  <nd ref="4251949020"/>
  <nd ref="4251973704"/>
  <nd ref="8674239298"/>
  <nd ref="8674239299"/>
  <nd ref="4251948836"/>
  <nd ref="8674239300"/>
  <nd ref="4251948928"/>
  <nd ref="4251949021"/>
  <nd ref="4251973705"/>
  <nd ref="8674239306"/>
  <nd ref="4251953431"/>
  <nd ref="8674330215"/>
  <nd ref="4251949022"/>
  <nd ref="4251949023"/>
  <nd ref="8674330216"/>
  <nd ref="4251949024"/>
  <nd ref="8674340217"/>
  <nd ref="4251948837"/>
  <nd ref="8674340218"/>
  <nd ref="4251948838"/>
  <nd ref="4251948839"/>
  <nd ref="4251973706"/>
  <nd ref="4251948929"/>
  <nd ref="4251973707"/>
  <nd ref="4251953432"/>
  <nd ref="4251948930"/>
  <nd ref="4251948840"/>
  <nd ref="4251975004"/>
  <nd ref="8674340219"/>
  <nd ref="4251948931"/>
  <nd ref="4251948841"/>
  <nd ref="8674340220"/>
  <nd ref="8674340221"/>
  <nd ref="4251949025"/>
  <nd ref="8674340222"/>
  <nd ref="4251948932"/>
  <nd ref="4252009589"/>
  <nd ref="4251974795"/>
  <nd ref="4251949026"/>
  <nd ref="4251975005"/>
  <nd ref="4251949027"/>
  <nd ref="4251953433"/>
  <nd ref="4251953434"/>
  <nd ref="4251974796"/>
  <nd ref="4251974797"/>
  <nd ref="4251953435"/>
  <nd ref="4251948933"/>
  <nd ref="4251948842"/>
  <nd ref="4251973708"/>
  <nd ref="4251973709"/>
  <nd ref="4251973710"/>
  <nd ref="4251975006"/>
  <nd ref="4251953436"/>
  <nd ref="4252003693"/>
  <nd ref="4251953437"/>
  <nd ref="4251948934"/>
  <nd ref="5323352260"/>
  <nd ref="4251953439"/>
  <nd ref="5323352261"/>
  <nd ref="748909160"/>
  <nd ref="4251948935"/>
  <nd ref="4251953440"/>
  <nd ref="5323352259"/>
  <nd ref="6825838774"/>
  <nd ref="4251973711"/>
  <nd ref="4252003694"/>
  <nd ref="5323352258"/>
  <nd ref="4252009689"/>
  <nd ref="4251948843"/>
  <nd ref="4251953441"/>
  <nd ref="4251949028"/>
  <nd ref="4252003695"/>
  <nd ref="5323352257"/>
  <nd ref="4251974798"/>
  <nd ref="4251948844"/>
  <nd ref="4251953442"/>
  <nd ref="4252003696"/>
  <nd ref="4251949029"/>
  <nd ref="4251953443"/>
  <nd ref="4251953444"/>
  <nd ref="4251949030"/>
  <nd ref="4251949031"/>
  <nd ref="4251948936"/>
  <nd ref="4251948845"/>
  <nd ref="4251974799"/>
  <nd ref="8674330212"/>
  <nd ref="4252009690"/>
  <nd ref="8674340228"/>
  <nd ref="8674340227"/>
  <nd ref="4252003697"/>
  <nd ref="8674340226"/>
  <nd ref="4251973712"/>
  <nd ref="8674340224"/>
  <nd ref="4251975007"/>
  <nd ref="4251975008"/>
  <nd ref="4251973713"/>
  <nd ref="4251973714"/>
  <nd ref="8674340223"/>
  <nd ref="4251975009"/>
  <nd ref="4251953445"/>
  <nd ref="4251953446"/>
  <nd ref="8674330213"/>
  <nd ref="8674330214"/>
  <nd ref="4251948846"/>
  <nd ref="4251948937"/>
  <nd ref="4251975010"/>
  <nd ref="4251948938"/>
  <nd ref="4251973715"/>
  <nd ref="8674239305"/>
  <nd ref="4251948939"/>
  <nd ref="8674239301"/>
  <nd ref="8674239302"/>
  <nd ref="4251948940"/>
  <nd ref="4251953447"/>
  <nd ref="4251953448"/>
  <nd ref="4252009691"/>
  <nd ref="4252003698"/>
  <nd ref="8674239296"/>
  <nd ref="4252009692"/>
  <nd ref="4251953449"/>
  <nd ref="4251949032"/>
  <nd ref="4252003699"/>
  <nd ref="8674239295"/>
  <nd ref="4251953450"/>
  <nd ref="4252009590"/>
  <nd ref="4251953451"/>
  <nd ref="4252003790"/>
  <nd ref="4252009591"/>
  <nd ref="4251973716"/>
  <nd ref="4252009592"/>
  <nd ref="4251973717"/>
  <nd ref="4251953452"/>
  <nd ref="4251973718"/>
  <nd ref="4251953453"/>
  <nd ref="4251953454"/>
  <nd ref="4251953455"/>
  <nd ref="8691275975"/>
  <nd ref="4251973719"/>
  <nd ref="4251953456"/>
  <nd ref="4251953457"/>
  <nd ref="4251953458"/>
  <nd ref="4251953459"/>
  <nd ref="4251949033"/>
  <nd ref="4252003700"/>
  <nd ref="4251974800"/>
  <nd ref="4251943328"/>
  <tag k="natural" v="water"/>
  <tag k="source" v="Bing"/>
  <tag k="water" v="river"/>
 </way>
 <way id="561527716" visible="true" version="3" changeset="170042622" timestamp="2025-08-06T07:56:43Z" user="taketaketake" uid="4757277">
  <nd ref="928307868"/>
  <nd ref="928307867"/>
  <tag k="highway" v="tertiary"/>
  <tag k="lanes" v="2"/>
  <tag k="name" v="国道435号旧道"/>
  <tag k="old_name" v="国道435号"/>
  <tag k="old_name:en" v="National Highway Route 435"/>
  <tag k="old_name:ja" v="国道435号"/>
  <tag k="old_ref" v="435"/>
  <tag k="source" v="YahooJapan/ALPSMAP;Bing"/>
  <tag k="surface" v="asphalt"/>
 </way>
 <way id="561527721" visible="true" version="4" changeset="170042622" timestamp="2025-08-06T07:56:43Z" user="taketaketake" uid="4757277">
  <nd ref="1350898977"/>
  <nd ref="928307868"/>
  <tag k="bridge" v="yes"/>
  <tag k="highway" v="tertiary"/>
  <tag k="lanes" v="2"/>
  <tag k="layer" v="1"/>
  <tag k="name" v="国道435号旧道"/>
  <tag k="old_name" v="国道435号"/>
  <tag k="old_name:en" v="National Highway Route 435"/>
  <tag k="old_name:ja" v="国道435号"/>
  <tag k="old_ref" v="435"/>
  <tag k="source" v="YahooJapan/ALPSMAP;Bing"/>
  <tag k="surface" v="asphalt"/>
 </way>
 <way id="936125808" visible="true" version="1" changeset="103733018" timestamp="2021-04-27T21:51:20Z" user="AYAGE" uid="521665">
  <nd ref="8674330187"/>
  <nd ref="8674330186"/>
  <nd ref="8674330185"/>
  <nd ref="8674330184"/>
  <nd ref="8674330183"/>
  <nd ref="8674330182"/>
  <nd ref="8674330181"/>
  <nd ref="8674330180"/>
  <nd ref="8674330179"/>
  <nd ref="8674330178"/>
  <nd ref="8674330177"/>
  <nd ref="8674330176"/>
  <nd ref="8674330175"/>
  <nd ref="8674330174"/>
  <nd ref="1350909639"/>
  <tag k="highway" v="residential"/>
  <tag k="source" v="YahooJapan/ALPSMAP"/>
 </way>
 <way id="936125809" visible="true" version="1" changeset="103733018" timestamp="2021-04-27T21:51:20Z" user="AYAGE" uid="521665">
  <nd ref="8674330188"/>
  <nd ref="8674330187"/>
  <tag k="bridge" v="yes"/>
  <tag k="highway" v="residential"/>
  <tag k="layer" v="1"/>
  <tag k="source" v="YahooJapan/ALPSMAP"/>
 </way>
 <way id="936177370" visible="true" version="1" changeset="103740833" timestamp="2021-04-28T04:11:02Z" user="AYAGE" uid="521665">
  <nd ref="8674812770"/>
  <nd ref="8674812771"/>
  <nd ref="8674812772"/>
  <nd ref="8674812780"/>
  <nd ref="8674812773"/>
  <nd ref="8674812779"/>
  <nd ref="8674812778"/>
  <nd ref="8674812777"/>
  <nd ref="8674812776"/>
  <nd ref="8674812775"/>
  <nd ref="1350897850"/>
  <tag k="highway" v="residential"/>
 </way>
 <way id="936177371" visible="true" version="1" changeset="103740833" timestamp="2021-04-28T04:11:02Z" user="AYAGE" uid="521665">
  <nd ref="8674812795"/>
  <nd ref="8674812794"/>
  <nd ref="8674812793"/>
  <nd ref="8674812792"/>
  <nd ref="8674812791"/>
  <tag k="highway" v="residential"/>
 </way>
 <way id="936177372" visible="true" version="1" changeset="103740833" timestamp="2021-04-28T04:11:02Z" user="AYAGE" uid="521665">
  <nd ref="8674330193"/>
  <nd ref="8674812799"/>
  <nd ref="8674812798"/>
  <nd ref="8674812797"/>
  <nd ref="8674812796"/>
  <nd ref="8674812795"/>
  <nd ref="8674812790"/>
  <nd ref="8674812789"/>
  <nd ref="8674812788"/>
  <nd ref="8674812787"/>
  <nd ref="8674812786"/>
  <nd ref="8674812785"/>
  <nd ref="8674812784"/>
  <nd ref="8674812783"/>
  <nd ref="8674812782"/>
  <nd ref="8674812781"/>
  <nd ref="8674812774"/>
  <nd ref="8674812780"/>
  <tag k="highway" v="residential"/>
 </way>
 <way id="936177373" visible="true" version="1" changeset="103740833" timestamp="2021-04-28T04:11:02Z" user="AYAGE" uid="521665">
  <nd ref="8674812831"/>
  <nd ref="8674812830"/>
  <nd ref="8674812829"/>
  <nd ref="8674812828"/>
  <nd ref="8674812827"/>
  <nd ref="8674812826"/>
  <nd ref="8674812825"/>
  <nd ref="8674812824"/>
  <nd ref="8674812823"/>
  <nd ref="8674812822"/>
  <nd ref="8674812821"/>
  <nd ref="8674812820"/>
  <nd ref="8674812819"/>
  <nd ref="8674812818"/>
  <nd ref="8674812817"/>
  <nd ref="8674812816"/>
  <nd ref="8674812815"/>
  <nd ref="8674812814"/>
  <nd ref="8674812813"/>
  <nd ref="8674812812"/>
  <nd ref="8674812811"/>
  <nd ref="8674812810"/>
  <nd ref="8674812809"/>
  <nd ref="8674812808"/>
  <nd ref="8674812807"/>
  <nd ref="8674812806"/>
  <nd ref="8674812805"/>
  <nd ref="8674812804"/>
  <nd ref="8674812803"/>
  <nd ref="8674812802"/>
  <nd ref="8674812801"/>
  <nd ref="8674812800"/>
  <nd ref="8674812831"/>
  <tag k="natural" v="wood"/>
 </way>
 <way id="1433957485" visible="true" version="1" changeset="172592651" timestamp="2025-09-29T04:48:50Z" user="taketaketake" uid="4757277">
  <nd ref="13179639779"/>
  <nd ref="13179639778"/>
  <tag k="bicycle" v="designated"/>
  <tag k="bridge" v="yes"/>
  <tag k="foot" v="designated"/>
  <tag k="highway" v="cycleway"/>
  <tag k="layer" v="1"/>
  <tag k="name" v="山口秋吉台公園自転車道線"/>
  <tag k="name:en" v="Yamaguchi Akiyoshidai Park Bicycle Path"/>
  <tag k="name:ja" v="山口秋吉台公園自転車道線"/>
  <tag k="name:ja-Hira" v="やまぐちあきよしだいこうえんじてんしゃどうせん"/>
  <tag k="name:ja_rm" v="Yamaguchi Akiyoshidaikōen Jitenshadō-sen"/>
  <tag k="ref" v="501"/>
  <tag k="source" v="YahooJapan/ALPSMAP"/>
  <tag k="surface" v="concrete"/>
  <tag k="wikidata" v="Q11467341"/>
  <tag k="wikipedia" v="ja:山口県道501号山口秋吉台公園自転車道線"/>
 </way>
 <way id="1433957486" visible="true" version="1" changeset="172592651" timestamp="2025-09-29T04:48:50Z" user="taketaketake" uid="4757277">
  <nd ref="13179639778"/>
  <nd ref="928307868"/>
  <nd ref="13179639780"/>
  <tag k="bicycle" v="designated"/>
  <tag k="crossing" v="traffic_signals"/>
  <tag k="crossing:markings" v="yes"/>
  <tag k="cycleway" v="crossing"/>
  <tag k="foot" v="designated"/>
  <tag k="highway" v="cycleway"/>
  <tag k="name" v="山口秋吉台公園自転車道線"/>
  <tag k="name:en" v="Yamaguchi Akiyoshidai Park Bicycle Path"/>
  <tag k="name:ja" v="山口秋吉台公園自転車道線"/>
  <tag k="name:ja-Hira" v="やまぐちあきよしだいこうえんじてんしゃどうせん"/>
  <tag k="name:ja_rm" v="Yamaguchi Akiyoshidaikōen Jitenshadō-sen"/>
  <tag k="ref" v="501"/>
  <tag k="source" v="YahooJapan/ALPSMAP"/>
  <tag k="surface" v="asphalt"/>
  <tag k="wikidata" v="Q11467341"/>
  <tag k="wikipedia" v="ja:山口県道501号山口秋吉台公園自転車道線"/>
 </way>
 <relation id="8023807" visible="true" version="12" changeset="172943624" timestamp="2025-10-07T06:42:16Z" user="gitteschmitz" uid="303538">
  <member type="way" ref="119886002" role=""/>
  <member type="way" ref="1433957446" role=""/>
  <member type="way" ref="1433957447" role=""/>
  <member type="way" ref="119887578" role=""/>
  <member type="way" ref="119886412" role=""/>
  <member type="way" ref="119885349" role=""/>
  <member type="way" ref="119886228" role=""/>
  <member type="way" ref="1436116698" role=""/>
  <member type="way" ref="1436116697" role=""/>
  <member type="way" ref="119886478" role=""/>
  <member type="way" ref="119885254" role=""/>
  <member type="way" ref="812819774" role=""/>
  <member type="way" ref="119974383" role=""/>
  <member type="way" ref="1433957452" role=""/>
  <member type="way" ref="697138225" role=""/>
  <member type="way" ref="1433957456" role=""/>
  <member type="way" ref="1433957457" role=""/>
  <member type="way" ref="1433957455" role=""/>
  <member type="way" ref="119973909" role=""/>
  <member type="way" ref="1433957458" role=""/>
  <member type="way" ref="119974784" role=""/>
  <member type="way" ref="1433957459" role=""/>
  <member type="way" ref="1433957460" role=""/>
  <member type="way" ref="1433957461" role=""/>
  <member type="way" ref="119979925" role=""/>
  <member type="way" ref="1433957463" role=""/>
  <member type="way" ref="1433957462" role=""/>
  <member type="way" ref="561527719" role=""/>
  <member type="way" ref="697159999" role=""/>
  <member type="way" ref="697159998" role=""/>
  <member type="way" ref="1433957464" role=""/>
  <member type="way" ref="1433957465" role=""/>
  <member type="way" ref="119978497" role=""/>
  <member type="way" ref="1433957468" role=""/>
  <member type="way" ref="188433292" role=""/>
  <member type="way" ref="1433957469" role=""/>
  <member type="way" ref="697138229" role=""/>
  <member type="way" ref="1433957470" role=""/>
  <member type="way" ref="119975459" role=""/>
  <member type="way" ref="188435191" role=""/>
  <member type="way" ref="188435190" role=""/>
  <member type="way" ref="188435192" role=""/>
  <member type="way" ref="1433957473" role=""/>
  <member type="way" ref="1433957474" role=""/>
  <member type="way" ref="188435193" role=""/>
  <member type="way" ref="120485388" role=""/>
  <member type="way" ref="1433957475" role=""/>
  <member type="way" ref="120484308" role=""/>
  <member type="way" ref="1433957478" role=""/>
  <member type="way" ref="1433957479" role=""/>
  <member type="way" ref="120485503" role=""/>
  <member type="way" ref="1433957481" role=""/>
  <member type="way" ref="1433957482" role=""/>
  <member type="way" ref="1433957480" role=""/>
  <member type="way" ref="1315219697" role=""/>
  <member type="way" ref="1315219696" role=""/>
  <member type="way" ref="1433957483" role=""/>
  <member type="way" ref="1433957484" role=""/>
  <member type="way" ref="120485650" role=""/>
  <member type="way" ref="120484037" role=""/>
  <member type="way" ref="120484687" role=""/>
  <member type="way" ref="1433957485" role=""/>
  <member type="way" ref="1433957486" role=""/>
  <member type="way" ref="120483656" role=""/>
  <member type="way" ref="1198011084" role=""/>
  <member type="way" ref="120483576" role=""/>
  <member type="way" ref="1198011099" role=""/>
  <member type="way" ref="1198011098" role=""/>
  <tag k="alt_name" v="山口秋吉台自転車道"/>
  <tag k="from" v="山口県山口市宮島町"/>
  <tag k="name" v="山口県道501号　山口秋吉台公園自転車道線"/>
  <tag k="name:en" v="Yamaguchi Prefectural Route 501 Yamaguchi Akiyoshidai Park Bicycle Path"/>
  <tag k="name:ja" v="山口県道501号　山口秋吉台公園自転車道線"/>
  <tag k="name:ja-Hira" v="やまぐちけんどう501ごう やまぐちあきよしだいこうえんじてんしゃどうせん"/>
  <tag k="name:ja_rm" v="Yamaguchikendō 501-gō Yamaguchi Akiyoshidaikōen Jitenshadō-sen"/>
  <tag k="network" v="rcn"/>
  <tag k="ref" v="501"/>
  <tag k="route" v="bicycle"/>
  <tag k="to" v="山口県美祢市秋芳町秋吉"/>
  <tag k="type" v="route"/>
  <tag k="wikidata" v="Q11467341"/>
  <tag k="wikipedia" v="ja:山口県道501号山口秋吉台公園自転車道線"/>
 </relation>
 <relation id="13884347" visible="true" version="11" changeset="170042622" timestamp="2025-08-06T07:56:43Z" user="taketaketake" uid="4757277">
  <member type="node" ref="9550863707" role="stop"/>
  <member type="node" ref="9412086517" role="platform"/>
  <member type="node" ref="12905870004" role="stop"/>
  <member type="node" ref="9412086518" role="platform"/>
  <member type="node" ref="12905870003" role="stop"/>
  <member type="node" ref="9412086521" role="platform"/>
  <member type="node" ref="5050396471" role="stop"/>
  <member type="node" ref="9412086522" role="platform"/>
  <member type="node" ref="12905870002" role="stop"/>
  <member type="node" ref="9412086525" role="platform"/>
  <member type="node" ref="12905870001" role="stop"/>
  <member type="node" ref="9412086527" role="platform"/>
  <member type="node" ref="12905858500" role="stop"/>
  <member type="node" ref="9412086511" role="platform"/>
  <member type="node" ref="5091003773" role="stop"/>
  <member type="node" ref="9412086509" role="platform"/>
  <member type="node" ref="12905858499" role="stop"/>
  <member type="node" ref="9412086507" role="platform"/>
  <member type="node" ref="12905858498" role="stop"/>
  <member type="node" ref="9412086505" role="platform"/>
  <member type="node" ref="12905858497" role="stop"/>
  <member type="node" ref="9412086503" role="platform"/>
  <member type="node" ref="12905870005" role="stop"/>
  <member type="node" ref="9412086501" role="platform"/>
  <member type="node" ref="12905858496" role="stop"/>
  <member type="node" ref="9412086396" role="platform"/>
  <member type="node" ref="12905858495" role="stop"/>
  <member type="node" ref="9412086394" role="platform"/>
  <member type="node" ref="12905858494" role="stop"/>
  <member type="node" ref="9412086392" role="platform"/>
  <member type="node" ref="5177662684" role="stop"/>
  <member type="node" ref="9412086390" role="platform"/>
  <member type="node" ref="12905858493" role="stop"/>
  <member type="node" ref="9412086388" role="platform"/>
  <member type="node" ref="12905858492" role="stop"/>
  <member type="node" ref="9412086386" role="platform"/>
  <member type="node" ref="1345409061" role="stop"/>
  <member type="node" ref="9412086384" role="platform"/>
  <member type="node" ref="1345405197" role="stop"/>
  <member type="node" ref="9412086349" role="platform"/>
  <member type="node" ref="12905858491" role="stop"/>
  <member type="node" ref="9412086351" role="platform"/>
  <member type="node" ref="12905858490" role="stop"/>
  <member type="node" ref="9412086353" role="platform"/>
  <member type="node" ref="12905858489" role="stop"/>
  <member type="node" ref="9412086355" role="platform"/>
  <member type="node" ref="12905858487" role="stop"/>
  <member type="node" ref="9412086357" role="platform"/>
  <member type="node" ref="12905858486" role="stop"/>
  <member type="node" ref="9412086359" role="platform"/>
  <member type="node" ref="1349991438" role="stop"/>
  <member type="node" ref="9412086361" role="platform"/>
  <member type="node" ref="1349978390" role="stop"/>
  <member type="node" ref="9412086363" role="platform"/>
  <member type="node" ref="1694280261" role="stop"/>
  <member type="node" ref="9412086365" role="platform"/>
  <member type="node" ref="5271724147" role="stop"/>
  <member type="node" ref="9412086367" role="platform"/>
  <member type="node" ref="1349987969" role="stop"/>
  <member type="node" ref="9412086368" role="platform"/>
  <member type="node" ref="1349993957" role="stop"/>
  <member type="node" ref="9412086370" role="platform"/>
  <member type="node" ref="12905858485" role="stop"/>
  <member type="node" ref="9412086372" role="platform"/>
  <member type="node" ref="1349992109" role="stop"/>
  <member type="node" ref="9412086374" role="platform"/>
  <member type="node" ref="12905858484" role="stop"/>
  <member type="node" ref="9412086376" role="platform"/>
  <member type="node" ref="12905858483" role="stop"/>
  <member type="node" ref="9412086378" role="platform"/>
  <member type="node" ref="3510016039" role="stop"/>
  <member type="node" ref="9412086248" role="platform"/>
  <member type="node" ref="928307865" role="stop"/>
  <member type="node" ref="9412086380" role="platform"/>
  <member type="node" ref="12905858478" role="stop"/>
  <member type="node" ref="9412086382" role="platform"/>
  <member type="way" ref="1036697531" role=""/>
  <member type="way" ref="1163757161" role=""/>
  <member type="way" ref="1036697528" role=""/>
  <member type="way" ref="1036697526" role=""/>
  <member type="way" ref="119878523" role=""/>
  <member type="way" ref="517552886" role=""/>
  <member type="way" ref="119878656" role=""/>
  <member type="way" ref="1036697525" role=""/>
  <member type="way" ref="1036697534" role=""/>
  <member type="way" ref="1036697533" role=""/>
  <member type="way" ref="1036697512" role=""/>
  <member type="way" ref="1036697534" role=""/>
  <member type="way" ref="1036697525" role=""/>
  <member type="way" ref="119878656" role=""/>
  <member type="way" ref="1036697524" role=""/>
  <member type="way" ref="119879071" role=""/>
  <member type="way" ref="119887610" role=""/>
  <member type="way" ref="119888155" role=""/>
  <member type="way" ref="119879116" role=""/>
  <member type="way" ref="119879037" role=""/>
  <member type="way" ref="119885215" role=""/>
  <member type="way" ref="1161949597" role=""/>
  <member type="way" ref="119886759" role=""/>
  <member type="way" ref="119887879" role=""/>
  <member type="way" ref="119885734" role=""/>
  <member type="way" ref="119885590" role=""/>
  <member type="way" ref="119887887" role=""/>
  <member type="way" ref="119888300" role=""/>
  <member type="way" ref="119885704" role=""/>
  <member type="way" ref="119885762" role=""/>
  <member type="way" ref="119887444" role=""/>
  <member type="way" ref="119885764" role=""/>
  <member type="way" ref="119885750" role=""/>
  <member type="way" ref="119875257" role=""/>
  <member type="way" ref="119875281" role=""/>
  <member type="way" ref="119875438" role=""/>
  <member type="way" ref="119876142" role=""/>
  <member type="way" ref="119875716" role=""/>
  <member type="way" ref="120388743" role=""/>
  <member type="way" ref="120388792" role=""/>
  <member type="way" ref="120388521" role=""/>
  <member type="way" ref="120387602" role=""/>
  <member type="way" ref="120387163" role=""/>
  <member type="way" ref="120387921" role=""/>
  <member type="way" ref="120387996" role=""/>
  <member type="way" ref="709552913" role=""/>
  <member type="way" ref="120388144" role=""/>
  <member type="way" ref="425432195" role=""/>
  <member type="way" ref="425432196" role=""/>
  <member type="way" ref="120388598" role=""/>
  <member type="way" ref="120389202" role=""/>
  <member type="way" ref="120387725" role=""/>
  <member type="way" ref="223295974" role=""/>
  <member type="way" ref="120389227" role=""/>
  <member type="way" ref="120387221" role=""/>
  <member type="way" ref="120387054" role=""/>
  <member type="way" ref="120387198" role=""/>
  <member type="way" ref="120387943" role=""/>
  <member type="way" ref="1394161505" role=""/>
  <member type="way" ref="1036697518" role=""/>
  <member type="way" ref="1036697520" role=""/>
  <member type="way" ref="545450104" role=""/>
  <member type="way" ref="1394161505" role=""/>
  <member type="way" ref="120387104" role=""/>
  <member type="way" ref="120389235" role=""/>
  <member type="way" ref="120387433" role=""/>
  <member type="way" ref="120389045" role=""/>
  <member type="way" ref="120483110" role=""/>
  <member type="way" ref="120482984" role=""/>
  <member type="way" ref="120485756" role=""/>
  <member type="way" ref="1036697517" role=""/>
  <member type="way" ref="344262388" role=""/>
  <member type="way" ref="344262386" role=""/>
  <member type="way" ref="1394161503" role=""/>
  <member type="way" ref="1394161502" role=""/>
  <member type="way" ref="1036697515" role=""/>
  <member type="way" ref="1036697517" role=""/>
  <member type="way" ref="344262387" role=""/>
  <member type="way" ref="561527716" role=""/>
  <member type="way" ref="561527721" role=""/>
  <member type="way" ref="120483470" role=""/>
  <member type="way" ref="1394161508" role=""/>
  <member type="way" ref="1394161506" role=""/>
  <member type="way" ref="1394161509" role=""/>
  <tag k="duration" v="01:04:00"/>
  <tag k="from" v="山口駅"/>
  <tag k="from:ja-Latn" v="Yamaguchieki"/>
  <tag k="gtfs:route_id" v="2196404353"/>
  <tag k="gtfs:shape_id" v="40000799"/>
  <tag k="name" v="秋吉線 (山口駅 =&gt; 秋吉)"/>
  <tag k="name:ja-Latn" v="Akiyoshi-sen (Yamaguchieki =&gt; Akiyoshi)"/>
  <tag k="network" v="秋吉線"/>
  <tag k="opening_hours" v="Mo-Fr 16:30-20:04; Sa-Su 08:30-09:34,13:00-18:29"/>
  <tag k="operator" v="中国ジェイアールバス"/>
  <tag k="operator:en" v="Chugoku JR Bus"/>
  <tag k="public_transport:version" v="2"/>
  <tag k="route" v="bus"/>
  <tag k="to" v="秋吉"/>
  <tag k="to:ja-Latn" v="Akiyoshi"/>
  <tag k="type" v="route"/>
 </relation>
 <relation id="13884349" visible="true" version="9" changeset="170042622" timestamp="2025-08-06T07:56:43Z" user="taketaketake" uid="4757277">
  <member type="node" ref="12905858478" role="stop"/>
  <member type="node" ref="9412086382" role="platform"/>
  <member type="node" ref="928307865" role="stop"/>
  <member type="node" ref="9412086381" role="platform"/>
  <member type="node" ref="3510016040" role="stop"/>
  <member type="node" ref="9412086249" role="platform"/>
  <member type="node" ref="12905858483" role="stop"/>
  <member type="node" ref="9412086379" role="platform"/>
  <member type="node" ref="1349982756" role="stop"/>
  <member type="node" ref="9412086377" role="platform"/>
  <member type="node" ref="1349977487" role="stop"/>
  <member type="node" ref="9412086375" role="platform"/>
  <member type="node" ref="1349997902" role="stop"/>
  <member type="node" ref="9412086373" role="platform"/>
  <member type="node" ref="1349996530" role="stop"/>
  <member type="node" ref="9412086371" role="platform"/>
  <member type="node" ref="8754100322" role="stop"/>
  <member type="node" ref="9412086335" role="platform"/>
  <member type="node" ref="12905858475" role="stop"/>
  <member type="node" ref="9412086369" role="platform"/>
  <member type="node" ref="5271724147" role="stop"/>
  <member type="node" ref="9412086367" role="platform"/>
  <member type="node" ref="12905858474" role="stop"/>
  <member type="node" ref="9412086366" role="platform"/>
  <member type="node" ref="12905858454" role="stop"/>
  <member type="node" ref="9412086364" role="platform"/>
  <member type="node" ref="1349988030" role="stop"/>
  <member type="node" ref="9412086362" role="platform"/>
  <member type="node" ref="12905858473" role="stop"/>
  <member type="node" ref="9412086360" role="platform"/>
  <member type="node" ref="12905858488" role="stop"/>
  <member type="node" ref="9412086358" role="platform"/>
  <member type="node" ref="12905858489" role="stop"/>
  <member type="node" ref="9412086356" role="platform"/>
  <member type="node" ref="1349996460" role="stop"/>
  <member type="node" ref="9412086354" role="platform"/>
  <member type="node" ref="12905858472" role="stop"/>
  <member type="node" ref="9412086352" role="platform"/>
  <member type="node" ref="12905858471" role="stop"/>
  <member type="node" ref="9412086350" role="platform"/>
  <member type="node" ref="1345409061" role="stop"/>
  <member type="node" ref="9412086385" role="platform"/>
  <member type="node" ref="12905858492" role="stop"/>
  <member type="node" ref="9412086387" role="platform"/>
  <member type="node" ref="12905858493" role="stop"/>
  <member type="node" ref="9412086389" role="platform"/>
  <member type="node" ref="5177662684" role="stop"/>
  <member type="node" ref="9412086391" role="platform"/>
  <member type="node" ref="12905858470" role="stop"/>
  <member type="node" ref="9412086393" role="platform"/>
  <member type="node" ref="12905858469" role="stop"/>
  <member type="node" ref="9412086395" role="platform"/>
  <member type="node" ref="12905858468" role="stop"/>
  <member type="node" ref="9412086397" role="platform"/>
  <member type="node" ref="12905858467" role="stop"/>
  <member type="node" ref="9412086502" role="platform"/>
  <member type="node" ref="12905858497" role="stop"/>
  <member type="node" ref="9412086504" role="platform"/>
  <member type="node" ref="12905858466" role="stop"/>
  <member type="node" ref="9412086506" role="platform"/>
  <member type="node" ref="12905858465" role="stop"/>
  <member type="node" ref="9412086508" role="platform"/>
  <member type="node" ref="1345519464" role="stop"/>
  <member type="node" ref="9412086510" role="platform"/>
  <member type="node" ref="12905858464" role="stop"/>
  <member type="node" ref="9412086512" role="platform"/>
  <member type="node" ref="12905858463" role="stop"/>
  <member type="node" ref="9412086528" role="platform"/>
  <member type="node" ref="12905858462" role="stop"/>
  <member type="node" ref="9412086526" role="platform"/>
  <member type="node" ref="12905858461" role="stop"/>
  <member type="node" ref="9412086523" role="platform"/>
  <member type="node" ref="12905858460" role="stop"/>
  <member type="node" ref="9412086520" role="platform"/>
  <member type="node" ref="12905858459" role="stop"/>
  <member type="node" ref="9412086519" role="platform"/>
  <member type="node" ref="12905858458" role="stop"/>
  <member type="node" ref="9412086516" role="platform"/>
  <member type="way" ref="1394161507" role=""/>
  <member type="way" ref="120483470" role=""/>
  <member type="way" ref="561527721" role=""/>
  <member type="way" ref="561527716" role=""/>
  <member type="way" ref="344262387" role=""/>
  <member type="way" ref="1036697517" role=""/>
  <member type="way" ref="344262388" role=""/>
  <member type="way" ref="344262386" role=""/>
  <member type="way" ref="1394161503" role=""/>
  <member type="way" ref="1394161502" role=""/>
  <member type="way" ref="1036697515" role=""/>
  <member type="way" ref="1036697517" role=""/>
  <member type="way" ref="120485756" role=""/>
  <member type="way" ref="120482984" role=""/>
  <member type="way" ref="120483110" role=""/>
  <member type="way" ref="120389045" role=""/>
  <member type="way" ref="120387433" role=""/>
  <member type="way" ref="1036697522" role=""/>
  <member type="way" ref="945602190" role=""/>
  <member type="way" ref="945602188" role=""/>
  <member type="way" ref="1036697522" role=""/>
  <member type="way" ref="120389235" role=""/>
  <member type="way" ref="120387104" role=""/>
  <member type="way" ref="1394161505" role=""/>
  <member type="way" ref="1036697518" role=""/>
  <member type="way" ref="1036697520" role=""/>
  <member type="way" ref="545450104" role=""/>
  <member type="way" ref="1394161505" role=""/>
  <member type="way" ref="120387943" role=""/>
  <member type="way" ref="120387198" role=""/>
  <member type="way" ref="120387054" role=""/>
  <member type="way" ref="120387221" role=""/>
  <member type="way" ref="120389227" role=""/>
  <member type="way" ref="223295974" role=""/>
  <member type="way" ref="120387725" role=""/>
  <member type="way" ref="120389202" role=""/>
  <member type="way" ref="120388598" role=""/>
  <member type="way" ref="425432196" role=""/>
  <member type="way" ref="425432195" role=""/>
  <member type="way" ref="120388144" role=""/>
  <member type="way" ref="709552913" role=""/>
  <member type="way" ref="120387996" role=""/>
  <member type="way" ref="120387921" role=""/>
  <member type="way" ref="120387163" role=""/>
  <member type="way" ref="120387602" role=""/>
  <member type="way" ref="120388521" role=""/>
  <member type="way" ref="120388792" role=""/>
  <member type="way" ref="120388743" role=""/>
  <member type="way" ref="119875716" role=""/>
  <member type="way" ref="119876142" role=""/>
  <member type="way" ref="119875438" role=""/>
  <member type="way" ref="119875281" role=""/>
  <member type="way" ref="119875257" role=""/>
  <member type="way" ref="119885750" role=""/>
  <member type="way" ref="119885764" role=""/>
  <member type="way" ref="119887444" role=""/>
  <member type="way" ref="119885762" role=""/>
  <member type="way" ref="119885704" role=""/>
  <member type="way" ref="119888300" role=""/>
  <member type="way" ref="119887887" role=""/>
  <member type="way" ref="119885590" role=""/>
  <member type="way" ref="119885734" role=""/>
  <member type="way" ref="119887879" role=""/>
  <member type="way" ref="119886759" role=""/>
  <member type="way" ref="1161949597" role=""/>
  <member type="way" ref="119885215" role=""/>
  <member type="way" ref="119879037" role=""/>
  <member type="way" ref="119879116" role=""/>
  <member type="way" ref="119888155" role=""/>
  <member type="way" ref="119887610" role=""/>
  <member type="way" ref="119879071" role=""/>
  <member type="way" ref="1036697511" role=""/>
  <member type="way" ref="1036697510" role=""/>
  <member type="way" ref="1036697514" role=""/>
  <member type="way" ref="1036697512" role=""/>
  <member type="way" ref="1036697534" role=""/>
  <member type="way" ref="1036697525" role=""/>
  <member type="way" ref="119878656" role=""/>
  <member type="way" ref="119878549" role=""/>
  <member type="way" ref="119878523" role=""/>
  <member type="way" ref="1036697526" role=""/>
  <member type="way" ref="1036697532" role=""/>
  <tag k="duration" v="01:04:00"/>
  <tag k="from" v="秋吉"/>
  <tag k="from:ja-Latn" v="Akiyoshi"/>
  <tag k="gtfs:route_id" v="2196404353"/>
  <tag k="gtfs:shape_id" v="40000800"/>
  <tag k="name" v="秋吉線 (秋吉 =&gt; 美東病院 =&gt; 山口駅)"/>
  <tag k="name:ja-Latn" v="Akiyoshi-sen (Akiyoshi =&gt; Mito-byoin =&gt; Yamaguchieki)"/>
  <tag k="network" v="秋吉線"/>
  <tag k="opening_hours" v="Mo-Fr 10:40-17:19"/>
  <tag k="operator" v="中国ジェイアールバス"/>
  <tag k="operator:en" v="Chugoku JR Bus"/>
  <tag k="public_transport:version" v="2"/>
  <tag k="route" v="bus"/>
  <tag k="to" v="山口駅"/>
  <tag k="to:ja-Latn" v="Yamaguchieki"/>
  <tag k="type" v="route"/>
  <tag k="via" v="美東病院"/>
  <tag k="via:ja-Latn" v="Mito-byoin"/>
 </relation>
 <relation id="13884350" visible="true" version="9" changeset="170042622" timestamp="2025-08-06T07:56:43Z" user="taketaketake" uid="4757277">
  <member type="node" ref="12905858478" role="stop"/>
  <member type="node" ref="9412086382" role="platform"/>
  <member type="node" ref="928307865" role="stop"/>
  <member type="node" ref="9412086381" role="platform"/>
  <member type="node" ref="3510016040" role="stop"/>
  <member type="node" ref="9412086249" role="platform"/>
  <member type="node" ref="12905858483" role="stop"/>
  <member type="node" ref="9412086379" role="platform"/>
  <member type="node" ref="1349982756" role="stop"/>
  <member type="node" ref="9412086377" role="platform"/>
  <member type="node" ref="1349977487" role="stop"/>
  <member type="node" ref="9412086375" role="platform"/>
  <member type="node" ref="1349997902" role="stop"/>
  <member type="node" ref="9412086373" role="platform"/>
  <member type="node" ref="1349996530" role="stop"/>
  <member type="node" ref="9412086371" role="platform"/>
  <member type="node" ref="12905858475" role="stop"/>
  <member type="node" ref="9412086369" role="platform"/>
  <member type="node" ref="5271724147" role="stop"/>
  <member type="node" ref="9412086367" role="platform"/>
  <member type="node" ref="12905858474" role="stop"/>
  <member type="node" ref="9412086366" role="platform"/>
  <member type="node" ref="12905858454" role="stop"/>
  <member type="node" ref="9412086364" role="platform"/>
  <member type="node" ref="1349988030" role="stop"/>
  <member type="node" ref="9412086362" role="platform"/>
  <member type="node" ref="12905858473" role="stop"/>
  <member type="node" ref="9412086360" role="platform"/>
  <member type="node" ref="12905858488" role="stop"/>
  <member type="node" ref="9412086358" role="platform"/>
  <member type="node" ref="12905858489" role="stop"/>
  <member type="node" ref="9412086356" role="platform"/>
  <member type="node" ref="1349996460" role="stop"/>
  <member type="node" ref="9412086354" role="platform"/>
  <member type="node" ref="12905858472" role="stop"/>
  <member type="node" ref="9412086352" role="platform"/>
  <member type="node" ref="12905858471" role="stop"/>
  <member type="node" ref="9412086350" role="platform"/>
  <member type="node" ref="1345409061" role="stop"/>
  <member type="node" ref="9412086385" role="platform"/>
  <member type="node" ref="12905858492" role="stop"/>
  <member type="node" ref="9412086387" role="platform"/>
  <member type="node" ref="12905858493" role="stop"/>
  <member type="node" ref="9412086389" role="platform"/>
  <member type="node" ref="5177662684" role="stop"/>
  <member type="node" ref="9412086391" role="platform"/>
  <member type="node" ref="12905858470" role="stop"/>
  <member type="node" ref="9412086393" role="platform"/>
  <member type="node" ref="12905858469" role="stop"/>
  <member type="node" ref="9412086395" role="platform"/>
  <member type="node" ref="12905858468" role="stop"/>
  <member type="node" ref="9412086397" role="platform"/>
  <member type="node" ref="12905858467" role="stop"/>
  <member type="node" ref="9412086502" role="platform"/>
  <member type="node" ref="12905858497" role="stop"/>
  <member type="node" ref="9412086504" role="platform"/>
  <member type="node" ref="12905858466" role="stop"/>
  <member type="node" ref="9412086506" role="platform"/>
  <member type="node" ref="12905858465" role="stop"/>
  <member type="node" ref="9412086508" role="platform"/>
  <member type="node" ref="1345519464" role="stop"/>
  <member type="node" ref="9412086510" role="platform"/>
  <member type="node" ref="12905858464" role="stop"/>
  <member type="node" ref="9412086512" role="platform"/>
  <member type="node" ref="12905858463" role="stop"/>
  <member type="node" ref="9412086528" role="platform"/>
  <member type="node" ref="12905858462" role="stop"/>
  <member type="node" ref="9412086526" role="platform"/>
  <member type="node" ref="12905858461" role="stop"/>
  <member type="node" ref="9412086523" role="platform"/>
  <member type="node" ref="12905858460" role="stop"/>
  <member type="node" ref="9412086520" role="platform"/>
  <member type="node" ref="12905858459" role="stop"/>
  <member type="node" ref="9412086519" role="platform"/>
  <member type="node" ref="9412086516" role="platform"/>
  <member type="way" ref="1394161507" role=""/>
  <member type="way" ref="120483470" role=""/>
  <member type="way" ref="561527721" role=""/>
  <member type="way" ref="561527716" role=""/>
  <member type="way" ref="344262387" role=""/>
  <member type="way" ref="1036697517" role=""/>
  <member type="way" ref="344262388" role=""/>
  <member type="way" ref="344262386" role=""/>
  <member type="way" ref="1394161503" role=""/>
  <member type="way" ref="1394161502" role=""/>
  <member type="way" ref="1036697515" role=""/>
  <member type="way" ref="1036697517" role=""/>
  <member type="way" ref="120485756" role=""/>
  <member type="way" ref="120482984" role=""/>
  <member type="way" ref="120483110" role=""/>
  <member type="way" ref="120389045" role=""/>
  <member type="way" ref="120387433" role=""/>
  <member type="way" ref="120389235" role=""/>
  <member type="way" ref="120387104" role=""/>
  <member type="way" ref="1394161505" role=""/>
  <member type="way" ref="1036697518" role=""/>
  <member type="way" ref="1036697520" role=""/>
  <member type="way" ref="545450104" role=""/>
  <member type="way" ref="1394161505" role=""/>
  <member type="way" ref="120387943" role=""/>
  <member type="way" ref="120387198" role=""/>
  <member type="way" ref="120387054" role=""/>
  <member type="way" ref="120387221" role=""/>
  <member type="way" ref="120389227" role=""/>
  <member type="way" ref="223295974" role=""/>
  <member type="way" ref="120387725" role=""/>
  <member type="way" ref="120389202" role=""/>
  <member type="way" ref="120388598" role=""/>
  <member type="way" ref="425432196" role=""/>
  <member type="way" ref="425432195" role=""/>
  <member type="way" ref="120388144" role=""/>
  <member type="way" ref="709552913" role=""/>
  <member type="way" ref="120387996" role=""/>
  <member type="way" ref="120387921" role=""/>
  <member type="way" ref="120387163" role=""/>
  <member type="way" ref="120387602" role=""/>
  <member type="way" ref="120388521" role=""/>
  <member type="way" ref="120388792" role=""/>
  <member type="way" ref="120388743" role=""/>
  <member type="way" ref="119875716" role=""/>
  <member type="way" ref="119876142" role=""/>
  <member type="way" ref="119875438" role=""/>
  <member type="way" ref="119875281" role=""/>
  <member type="way" ref="119875257" role=""/>
  <member type="way" ref="119885750" role=""/>
  <member type="way" ref="119885764" role=""/>
  <member type="way" ref="119887444" role=""/>
  <member type="way" ref="119885762" role=""/>
  <member type="way" ref="119885704" role=""/>
  <member type="way" ref="119888300" role=""/>
  <member type="way" ref="119887887" role=""/>
  <member type="way" ref="119885590" role=""/>
  <member type="way" ref="119885734" role=""/>
  <member type="way" ref="119887879" role=""/>
  <member type="way" ref="119886759" role=""/>
  <member type="way" ref="1161949597" role=""/>
  <member type="way" ref="119885215" role=""/>
  <member type="way" ref="119879037" role=""/>
  <member type="way" ref="119879116" role=""/>
  <member type="way" ref="119888155" role=""/>
  <member type="way" ref="119887610" role=""/>
  <member type="way" ref="119879071" role=""/>
  <member type="way" ref="1036697511" role=""/>
  <member type="way" ref="1036697510" role=""/>
  <member type="way" ref="1036697514" role=""/>
  <member type="way" ref="1036697512" role=""/>
  <member type="way" ref="1036697534" role=""/>
  <member type="way" ref="1036697525" role=""/>
  <member type="way" ref="119878656" role=""/>
  <member type="way" ref="119878549" role=""/>
  <member type="way" ref="119878523" role=""/>
  <member type="way" ref="1036697526" role=""/>
  <member type="way" ref="1036697532" role=""/>
  <tag k="duration" v="01:02:00"/>
  <tag k="from" v="秋吉"/>
  <tag k="from:ja-Latn" v="Akiyoshi"/>
  <tag k="gtfs:route_id" v="2196404353"/>
  <tag k="gtfs:shape_id" v="40000790"/>
  <tag k="name" v="秋吉線 (秋吉 =&gt; 山口駅)"/>
  <tag k="name:ja-Latn" v="Akiyoshi-sen (Akiyoshi =&gt; Yamaguchieki)"/>
  <tag k="network" v="秋吉線"/>
  <tag k="opening_hours" v="Mo-Fr 06:35-19:02; Sa-Su 06:55-19:02"/>
  <tag k="operator" v="中国ジェイアールバス"/>
  <tag k="operator:en" v="Chugoku JR Bus"/>
  <tag k="public_transport:version" v="2"/>
  <tag k="route" v="bus"/>
  <tag k="to" v="山口駅"/>
  <tag k="to:ja-Latn" v="Yamaguchieki"/>
  <tag k="type" v="route"/>
 </relation>
 <relation id="13884351" visible="true" version="10" changeset="170042622" timestamp="2025-08-06T07:56:43Z" user="taketaketake" uid="4757277">
  <member type="node" ref="9550863707" role="stop"/>
  <member type="node" ref="9412086517" role="platform"/>
  <member type="node" ref="12905870004" role="stop"/>
  <member type="node" ref="9412086518" role="platform"/>
  <member type="node" ref="12905870003" role="stop"/>
  <member type="node" ref="9412086521" role="platform"/>
  <member type="node" ref="5050396471" role="stop"/>
  <member type="node" ref="9412086522" role="platform"/>
  <member type="node" ref="12905870002" role="stop"/>
  <member type="node" ref="9412086525" role="platform"/>
  <member type="node" ref="12905870001" role="stop"/>
  <member type="node" ref="9412086527" role="platform"/>
  <member type="node" ref="12905858500" role="stop"/>
  <member type="node" ref="9412086511" role="platform"/>
  <member type="node" ref="5091003773" role="stop"/>
  <member type="node" ref="9412086509" role="platform"/>
  <member type="node" ref="12905858499" role="stop"/>
  <member type="node" ref="9412086507" role="platform"/>
  <member type="node" ref="12905858498" role="stop"/>
  <member type="node" ref="9412086505" role="platform"/>
  <member type="node" ref="12905858497" role="stop"/>
  <member type="node" ref="9412086503" role="platform"/>
  <member type="node" ref="12905870005" role="stop"/>
  <member type="node" ref="9412086501" role="platform"/>
  <member type="node" ref="12905858496" role="stop"/>
  <member type="node" ref="9412086396" role="platform"/>
  <member type="node" ref="12905858495" role="stop"/>
  <member type="node" ref="9412086394" role="platform"/>
  <member type="node" ref="12905858494" role="stop"/>
  <member type="node" ref="9412086392" role="platform"/>
  <member type="node" ref="5177662684" role="stop"/>
  <member type="node" ref="9412086390" role="platform"/>
  <member type="node" ref="12905858493" role="stop"/>
  <member type="node" ref="9412086388" role="platform"/>
  <member type="node" ref="12905858492" role="stop"/>
  <member type="node" ref="9412086386" role="platform"/>
  <member type="node" ref="1345409061" role="stop"/>
  <member type="node" ref="9412086384" role="platform"/>
  <member type="node" ref="1345405197" role="stop"/>
  <member type="node" ref="9412086349" role="platform"/>
  <member type="node" ref="12905858491" role="stop"/>
  <member type="node" ref="9412086351" role="platform"/>
  <member type="node" ref="12905858490" role="stop"/>
  <member type="node" ref="9412086353" role="platform"/>
  <member type="node" ref="12905858489" role="stop"/>
  <member type="node" ref="9412086355" role="platform"/>
  <member type="node" ref="12905858487" role="stop"/>
  <member type="node" ref="9412086357" role="platform"/>
  <member type="node" ref="12905858486" role="stop"/>
  <member type="node" ref="9412086359" role="platform"/>
  <member type="node" ref="1349991438" role="stop"/>
  <member type="node" ref="9412086361" role="platform"/>
  <member type="node" ref="1349978390" role="stop"/>
  <member type="node" ref="9412086363" role="platform"/>
  <member type="node" ref="1694280261" role="stop"/>
  <member type="node" ref="9412086365" role="platform"/>
  <member type="node" ref="5271724147" role="stop"/>
  <member type="node" ref="9412086367" role="platform"/>
  <member type="node" ref="1349987969" role="stop"/>
  <member type="node" ref="9412086368" role="platform"/>
  <member type="node" ref="8754100322" role="stop"/>
  <member type="node" ref="9412086335" role="platform"/>
  <member type="node" ref="1349993957" role="stop"/>
  <member type="node" ref="9412086370" role="platform"/>
  <member type="node" ref="12905858485" role="stop"/>
  <member type="node" ref="9412086372" role="platform"/>
  <member type="node" ref="1349992109" role="stop"/>
  <member type="node" ref="9412086374" role="platform"/>
  <member type="node" ref="12905858484" role="stop"/>
  <member type="node" ref="9412086376" role="platform"/>
  <member type="node" ref="12905858483" role="stop"/>
  <member type="node" ref="9412086378" role="platform"/>
  <member type="node" ref="3510016039" role="stop"/>
  <member type="node" ref="9412086248" role="platform"/>
  <member type="node" ref="928307865" role="stop"/>
  <member type="node" ref="9412086380" role="platform"/>
  <member type="node" ref="12905858478" role="stop"/>
  <member type="node" ref="9412086382" role="platform"/>
  <member type="way" ref="1036697531" role=""/>
  <member type="way" ref="1163757161" role=""/>
  <member type="way" ref="1036697528" role=""/>
  <member type="way" ref="1036697526" role=""/>
  <member type="way" ref="119878523" role=""/>
  <member type="way" ref="517552886" role=""/>
  <member type="way" ref="119878656" role=""/>
  <member type="way" ref="1036697525" role=""/>
  <member type="way" ref="1036697534" role=""/>
  <member type="way" ref="1036697533" role=""/>
  <member type="way" ref="1036697512" role=""/>
  <member type="way" ref="1036697534" role=""/>
  <member type="way" ref="1036697525" role=""/>
  <member type="way" ref="119878656" role=""/>
  <member type="way" ref="1036697524" role=""/>
  <member type="way" ref="119879071" role=""/>
  <member type="way" ref="119887610" role=""/>
  <member type="way" ref="119888155" role=""/>
  <member type="way" ref="119879116" role=""/>
  <member type="way" ref="119879037" role=""/>
  <member type="way" ref="119885215" role=""/>
  <member type="way" ref="1161949597" role=""/>
  <member type="way" ref="119886759" role=""/>
  <member type="way" ref="119887879" role=""/>
  <member type="way" ref="119885734" role=""/>
  <member type="way" ref="119885590" role=""/>
  <member type="way" ref="119887887" role=""/>
  <member type="way" ref="119888300" role=""/>
  <member type="way" ref="119885704" role=""/>
  <member type="way" ref="119885762" role=""/>
  <member type="way" ref="119887444" role=""/>
  <member type="way" ref="119885764" role=""/>
  <member type="way" ref="119885750" role=""/>
  <member type="way" ref="119875257" role=""/>
  <member type="way" ref="119875281" role=""/>
  <member type="way" ref="119875438" role=""/>
  <member type="way" ref="119876142" role=""/>
  <member type="way" ref="119875716" role=""/>
  <member type="way" ref="120388743" role=""/>
  <member type="way" ref="120388792" role=""/>
  <member type="way" ref="120388521" role=""/>
  <member type="way" ref="120387602" role=""/>
  <member type="way" ref="120387163" role=""/>
  <member type="way" ref="120387921" role=""/>
  <member type="way" ref="120387996" role=""/>
  <member type="way" ref="709552913" role=""/>
  <member type="way" ref="120388144" role=""/>
  <member type="way" ref="425432195" role=""/>
  <member type="way" ref="425432196" role=""/>
  <member type="way" ref="120388598" role=""/>
  <member type="way" ref="120389202" role=""/>
  <member type="way" ref="120387725" role=""/>
  <member type="way" ref="223295974" role=""/>
  <member type="way" ref="120389227" role=""/>
  <member type="way" ref="120387221" role=""/>
  <member type="way" ref="120387054" role=""/>
  <member type="way" ref="120387198" role=""/>
  <member type="way" ref="120387943" role=""/>
  <member type="way" ref="1394161505" role=""/>
  <member type="way" ref="1036697518" role=""/>
  <member type="way" ref="1036697520" role=""/>
  <member type="way" ref="545450104" role=""/>
  <member type="way" ref="1394161505" role=""/>
  <member type="way" ref="120387104" role=""/>
  <member type="way" ref="120389235" role=""/>
  <member type="way" ref="1036697522" role=""/>
  <member type="way" ref="945602190" role=""/>
  <member type="way" ref="945602188" role=""/>
  <member type="way" ref="1036697522" role=""/>
  <member type="way" ref="120387433" role=""/>
  <member type="way" ref="120389045" role=""/>
  <member type="way" ref="120483110" role=""/>
  <member type="way" ref="120482984" role=""/>
  <member type="way" ref="120485756" role=""/>
  <member type="way" ref="1036697517" role=""/>
  <member type="way" ref="344262388" role=""/>
  <member type="way" ref="344262386" role=""/>
  <member type="way" ref="1394161503" role=""/>
  <member type="way" ref="1394161502" role=""/>
  <member type="way" ref="1036697515" role=""/>
  <member type="way" ref="1036697517" role=""/>
  <member type="way" ref="344262387" role=""/>
  <member type="way" ref="561527716" role=""/>
  <member type="way" ref="561527721" role=""/>
  <member type="way" ref="120483470" role=""/>
  <member type="way" ref="1394161508" role=""/>
  <member type="way" ref="1394161506" role=""/>
  <member type="way" ref="1394161509" role=""/>
  <tag k="duration" v="01:06:00"/>
  <tag k="from" v="山口駅"/>
  <tag k="from:ja-Latn" v="Yamaguchieki"/>
  <tag k="gtfs:route_id" v="2196404353"/>
  <tag k="gtfs:shape_id" v="40000809"/>
  <tag k="name" v="秋吉線 (山口駅 =&gt; 美東病院 =&gt; 秋吉)"/>
  <tag k="name:ja-Latn" v="Akiyoshi-sen (Yamaguchieki =&gt; Mito-byoin =&gt; Akiyoshi)"/>
  <tag k="network" v="秋吉線"/>
  <tag k="opening_hours" v="Mo-Fr 08:30-14:06"/>
  <tag k="operator" v="中国ジェイアールバス"/>
  <tag k="operator:en" v="Chugoku JR Bus"/>
  <tag k="public_transport:version" v="2"/>
  <tag k="route" v="bus"/>
  <tag k="to" v="秋吉"/>
  <tag k="to:ja-Latn" v="Akiyoshi"/>
  <tag k="type" v="route"/>
  <tag k="via" v="美東病院"/>
  <tag k="via:ja-Latn" v="Mito-byoin"/>
 </relation>
 <relation id="13884352" visible="true" version="2" changeset="167486642" timestamp="2025-06-11T11:22:27Z" user="AlexM51" uid="174705">
  <member type="relation" ref="13884347" role=""/>
  <member type="relation" ref="13884351" role=""/>
  <member type="relation" ref="13884350" role=""/>
  <member type="relation" ref="13884349" role=""/>
  <tag k="name" v="秋吉線 (山口駅 &lt;=&gt; 秋吉)"/>
  <tag k="name:ja-Latn" v="Akiyoshi-sen (Yamaguchieki &lt;=&gt; Akiyoshi)"/>
  <tag k="network" v="秋吉線"/>
  <tag k="operator" v="中国ジェイアールバス"/>
  <tag k="operator:en" v="Chugoku JR Bus"/>
  <tag k="route_master" v="bus"/>
  <tag k="type" v="route_master"/>
 </relation>
 <relation id="18801198" visible="true" version="2" changeset="163422246" timestamp="2025-03-10T00:47:38Z" user="Triglav2018" uid="9040307">
  <member type="way" ref="60304231" role=""/>
  <tag k="name" v="稲川"/>
  <tag k="type" v="waterway"/>
  <tag k="waterway" v="river"/>
  <tag k="wikidata" v="Q133248286"/>
 </relation>
</osm>
