<?xml version="1.0" encoding="UTF-8"?>
<osm version="0.6" generator="openstreetmap-cgimap 2.1.0 (2942791 spike-08.openstreetmap.org)" copyright="OpenStreetMap and contributors" attribution="http://www.openstreetmap.org/copyright" license="http://opendatacommons.org/licenses/odbl/1-0/">
 <bounds minlat="34.1920251" minlon="131.4979780" maxlat="34.1944251" maxlon="131.5009780"/>
 <node id="266065292" visible="true" version="4" changeset="167459282" timestamp="2025-06-10T18:52:35Z" user="AlexM51" uid="174705" lat="34.1904870" lon="131.4975087">
  <tag k="railway" v="switch"/>
 </node>
 <node id="266065495" visible="true" version="7" changeset="86640124" timestamp="2020-06-15T02:31:25Z" user="hibagonsan" uid="5939709" lat="34.1912927" lon="131.4985459">
  <tag k="KSJ2:LIN" v="山口線"/>
  <tag k="KSJ2:STN" v="宮野"/>
  <tag k="name" v="宮野"/>
  <tag k="name:en" v="Miyano"/>
  <tag k="name:ja" v="宮野"/>
  <tag k="name:ko" v="미야노"/>
  <tag k="note" v="National-Land Numerical Information (Railway) 2007, MLIT Japan"/>
  <tag k="note:ja" v="国土数値情報（鉄道データ）平成19年　国土交通省"/>
  <tag k="railway" v="station"/>
  <tag k="source" v="KSJ2"/>
  <tag k="source_ref" v="http://nlftp.mlit.go.jp/ksj/jpgis/datalist/KsjTmplt-N02-v1_1.html"/>
  <tag k="wikidata" v="Q6884378"/>
  <tag k="wikipedia" v="ja:宮野駅"/>
 </node>
 <node id="266065775" visible="true" version="4" changeset="86640124" timestamp="2020-06-15T02:31:25Z" user="hibagonsan" uid="5939709" lat="34.1945407" lon="131.5024274"/>
 <node id="266065779" visible="true" version="4" changeset="86640124" timestamp="2020-06-15T02:31:25Z" user="hibagonsan" uid="5939709" lat="34.1947462" lon="131.5027448"/>
 <node id="266065783" visible="true" version="4" changeset="86640124" timestamp="2020-06-15T02:31:25Z" user="hibagonsan" uid="5939709" lat="34.1939872" lon="131.5016472"/>
 <node id="266065786" visible="true" version="4" changeset="86640124" timestamp="2020-06-15T02:31:25Z" user="hibagonsan" uid="5939709" lat="34.1943144" lon="131.5020872"/>
 <node id="266065814" visible="true" version="4" changeset="86746108" timestamp="2020-06-17T02:30:45Z" user="hibagonsan" uid="5939709" lat="34.1920335" lon="131.4993963"/>
 <node id="266065817" visible="true" version="3" changeset="86640124" timestamp="2020-06-15T02:31:25Z" user="hibagonsan" uid="5939709" lat="34.1922799" lon="131.4996942"/>
 <node id="266065825" visible="true" version="4" changeset="86640124" timestamp="2020-06-15T02:31:25Z" user="hibagonsan" uid="5939709" lat="34.1933046" lon="131.5008600"/>
 <node id="266065828" visible="true" version="4" changeset="86640124" timestamp="2020-06-15T02:31:25Z" user="hibagonsan" uid="5939709" lat="34.1937326" lon="131.5013671"/>
 <node id="266065832" visible="true" version="4" changeset="167459282" timestamp="2025-06-10T18:52:35Z" user="AlexM51" uid="174705" lat="34.1926768" lon="131.5001105">
  <tag k="railway" v="switch"/>
 </node>
 <node id="266065836" visible="true" version="4" changeset="86640124" timestamp="2020-06-15T02:31:25Z" user="hibagonsan" uid="5939709" lat="34.1931044" lon="131.5006139"/>
 <node id="749127351" visible="true" version="2" changeset="39839585" timestamp="2016-06-06T14:18:29Z" user="trenddays" uid="4073413" lat="34.1947697" lon="131.4974124"/>
 <node id="749582455" visible="true" version="2" changeset="39839585" timestamp="2016-06-06T14:18:29Z" user="trenddays" uid="4073413" lat="34.1947290" lon="131.4974459"/>
 <node id="1345449272" visible="true" version="2" changeset="39839585" timestamp="2016-06-06T14:18:26Z" user="trenddays" uid="4073413" lat="34.1945668" lon="131.4975473"/>
 <node id="1345449347" visible="true" version="3" changeset="39839585" timestamp="2016-06-06T14:18:27Z" user="trenddays" uid="4073413" lat="34.1933734" lon="131.4983402"/>
 <node id="1345449446" visible="true" version="3" changeset="39490366" timestamp="2016-05-22T16:15:56Z" user="mklyr" uid="614924" lat="34.1899392" lon="131.4957866"/>
 <node id="1345449569" visible="true" version="3" changeset="39839585" timestamp="2016-06-06T14:18:27Z" user="trenddays" uid="4073413" lat="34.1943466" lon="131.4976591"/>
 <node id="1345449584" visible="true" version="3" changeset="39839585" timestamp="2016-06-06T14:18:27Z" user="trenddays" uid="4073413" lat="34.1946274" lon="131.5000311"/>
 <node id="1345449621" visible="true" version="3" changeset="39490366" timestamp="2016-05-22T16:15:57Z" user="mklyr" uid="614924" lat="34.1913680" lon="131.4966189"/>
 <node id="1345449676" visible="true" version="3" changeset="39490366" timestamp="2016-05-22T16:15:57Z" user="mklyr" uid="614924" lat="34.1894026" lon="131.4953489"/>
 <node id="1345450010" visible="true" version="3" changeset="39490366" timestamp="2016-05-22T16:15:56Z" user="mklyr" uid="614924" lat="34.1919524" lon="131.4975184">
  <tag k="highway" v="traffic_signals"/>
  <tag k="name" v="宮野駅前"/>
 </node>
 <node id="1345450025" visible="true" version="2" changeset="28646530" timestamp="2015-02-06T08:44:49Z" user="mklyr" uid="614924" lat="34.1935149" lon="131.5021648"/>
 <node id="1345450101" visible="true" version="4" changeset="40097697" timestamp="2016-06-17T15:45:01Z" user="trenddays" uid="4073413" lat="34.1943669" lon="131.5008014"/>
 <node id="1345450190" visible="true" version="3" changeset="39490366" timestamp="2016-05-22T16:15:57Z" user="mklyr" uid="614924" lat="34.1917666" lon="131.4971651"/>
 <node id="1345450263" visible="true" version="1" changeset="8595532" timestamp="2011-07-01T02:52:34Z" user="yamasan" uid="32308" lat="34.1939220" lon="131.5014320"/>
 <node id="1345450332" visible="true" version="4" changeset="39490366" timestamp="2016-05-22T16:15:57Z" user="mklyr" uid="614924" lat="34.1907742" lon="131.4961685"/>
 <node id="1345450343" visible="true" version="4" changeset="39490366" timestamp="2016-05-22T16:15:57Z" user="mklyr" uid="614924" lat="34.1870505" lon="131.4912536">
  <tag k="highway" v="traffic_signals"/>
 </node>
 <node id="1345450529" visible="true" version="3" changeset="39839585" timestamp="2016-06-06T14:18:27Z" user="trenddays" uid="4073413" lat="34.1927148" lon="131.4988270"/>
 <node id="1345450544" visible="true" version="4" changeset="40097697" timestamp="2016-06-17T15:45:01Z" user="trenddays" uid="4073413" lat="34.1940794" lon="131.5005886"/>
 <node id="1345450658" visible="true" version="3" changeset="39839585" timestamp="2016-06-06T14:18:27Z" user="trenddays" uid="4073413" lat="34.1940044" lon="131.4995628"/>
 <node id="1345450766" visible="true" version="3" changeset="114540039" timestamp="2021-12-03T23:01:42Z" user="AYAGE" uid="521665" lat="34.1951187" lon="131.4998528"/>
 <node id="1345450917" visible="true" version="3" changeset="39490366" timestamp="2016-05-22T16:15:57Z" user="mklyr" uid="614924" lat="34.1895302" lon="131.4954824"/>
 <node id="1345451052" visible="true" version="3" changeset="39839585" timestamp="2016-06-06T14:18:27Z" user="trenddays" uid="4073413" lat="34.1942648" lon="131.5001290"/>
 <node id="1345451065" visible="true" version="3" changeset="39839585" timestamp="2016-06-06T14:18:27Z" user="trenddays" uid="4073413" lat="34.1948993" lon="131.4988212"/>
 <node id="1345451144" visible="true" version="3" changeset="39490366" timestamp="2016-05-22T16:15:57Z" user="mklyr" uid="614924" lat="34.1889737" lon="131.4948050"/>
 <node id="1345451164" visible="true" version="4" changeset="114540039" timestamp="2021-12-03T23:01:42Z" user="AYAGE" uid="521665" lat="34.1952254" lon="131.4997845"/>
 <node id="1345451169" visible="true" version="3" changeset="40097697" timestamp="2016-06-17T15:45:00Z" user="trenddays" uid="4073413" lat="34.1951637" lon="131.5013192"/>
 <node id="1345451180" visible="true" version="3" changeset="39490366" timestamp="2016-05-22T16:15:57Z" user="mklyr" uid="614924" lat="34.1922261" lon="131.4979964"/>
 <node id="1345451212" visible="true" version="2" changeset="28646530" timestamp="2015-02-06T08:44:51Z" user="mklyr" uid="614924" lat="34.1938458" lon="131.5015672"/>
 <node id="1345451282" visible="true" version="4" changeset="40097697" timestamp="2016-06-17T15:45:00Z" user="trenddays" uid="4073413" lat="34.1904138" lon="131.4960307"/>
 <node id="1345451386" visible="true" version="2" changeset="169936309" timestamp="2025-08-04T06:49:54Z" user="taketaketake" uid="4757277" lat="34.1844088" lon="131.4859899"/>
 <node id="1345451388" visible="true" version="4" changeset="40097697" timestamp="2016-06-17T15:45:01Z" user="trenddays" uid="4073413" lat="34.1935052" lon="131.4999731"/>
 <node id="1345451453" visible="true" version="3" changeset="39490366" timestamp="2016-05-22T16:15:57Z" user="mklyr" uid="614924" lat="34.1915241" lon="131.4968006"/>
 <node id="1345451460" visible="true" version="4" changeset="84792316" timestamp="2020-05-07T01:11:21Z" user="hibagonsan" uid="5939709" lat="34.1931844" lon="131.5026480"/>
 <node id="1345451485" visible="true" version="4" changeset="40097697" timestamp="2016-06-17T15:45:01Z" user="trenddays" uid="4073413" lat="34.1936711" lon="131.5002006"/>
 <node id="1345451486" visible="true" version="6" changeset="156676967" timestamp="2024-09-16T08:32:19Z" user="taketaketake" uid="4757277" lat="34.1909264" lon="131.4962453">
  <tag k="highway" v="traffic_signals"/>
  <tag k="name" v="宮野桜畠"/>
 </node>
 <node id="1345451550" visible="true" version="3" changeset="83513506" timestamp="2020-04-14T07:06:33Z" user="hibagonsan" uid="5939709" lat="34.1862106" lon="131.4896847"/>
 <node id="1345451560" visible="true" version="2" changeset="39839585" timestamp="2016-06-06T14:18:27Z" user="trenddays" uid="4073413" lat="34.1948347" lon="131.4999640"/>
 <node id="1345451579" visible="true" version="3" changeset="39490366" timestamp="2016-05-22T16:15:57Z" user="mklyr" uid="614924" lat="34.1881799" lon="131.4933465"/>
 <node id="1522565882" visible="true" version="2" changeset="39839585" timestamp="2016-06-06T14:18:28Z" user="trenddays" uid="4073413" lat="34.1942032" lon="131.5008470">
  <tag k="amenity" v="bank"/>
  <tag k="name" v="萩山口信用金庫"/>
 </node>
 <node id="2733549405" visible="true" version="2" changeset="83513506" timestamp="2020-04-14T07:06:33Z" user="hibagonsan" uid="5939709" lat="34.1849484" lon="131.4870928"/>
 <node id="2733549406" visible="true" version="2" changeset="83513506" timestamp="2020-04-14T07:06:33Z" user="hibagonsan" uid="5939709" lat="34.1855760" lon="131.4884028"/>
 <node id="2733549407" visible="true" version="2" changeset="83513506" timestamp="2020-04-14T07:06:33Z" user="hibagonsan" uid="5939709" lat="34.1859085" lon="131.4890889"/>
 <node id="2929009213" visible="true" version="2" changeset="39490366" timestamp="2016-05-22T16:15:59Z" user="mklyr" uid="614924" lat="34.1886536" lon="131.4942133"/>
 <node id="2929009215" visible="true" version="2" changeset="39490366" timestamp="2016-05-22T16:15:59Z" user="mklyr" uid="614924" lat="34.1891862" lon="131.4951236"/>
 <node id="3333692202" visible="true" version="2" changeset="39490366" timestamp="2016-05-22T16:16:00Z" user="mklyr" uid="614924" lat="34.1897720" lon="131.4956713"/>
 <node id="3333692203" visible="true" version="2" changeset="39490366" timestamp="2016-05-22T16:16:00Z" user="mklyr" uid="614924" lat="34.1901968" lon="131.4959299"/>
 <node id="3333692205" visible="true" version="2" changeset="39490366" timestamp="2016-05-22T16:16:00Z" user="mklyr" uid="614924" lat="34.1911688" lon="131.4964353"/>
 <node id="3333692208" visible="true" version="2" changeset="39490366" timestamp="2016-05-22T16:16:00Z" user="mklyr" uid="614924" lat="34.1916506" lon="131.4969595"/>
 <node id="3333692212" visible="true" version="2" changeset="39839585" timestamp="2016-06-06T14:18:28Z" user="trenddays" uid="4073413" lat="34.1924856" lon="131.4984392"/>
 <node id="3333692222" visible="true" version="3" changeset="40097697" timestamp="2016-06-17T15:45:01Z" user="trenddays" uid="4073413" lat="34.1931237" lon="131.4994606"/>
 <node id="3333692223" visible="true" version="3" changeset="40097697" timestamp="2016-06-17T15:45:01Z" user="trenddays" uid="4073413" lat="34.1937849" lon="131.5003225"/>
 <node id="3333692224" visible="true" version="3" changeset="40097697" timestamp="2016-06-17T15:45:01Z" user="trenddays" uid="4073413" lat="34.1939218" lon="131.5004549"/>
 <node id="4228373605" visible="true" version="1" changeset="39839585" timestamp="2016-06-06T14:18:22Z" user="trenddays" uid="4073413" lat="34.1948392" lon="131.4974244"/>
 <node id="4228373606" visible="true" version="1" changeset="39839585" timestamp="2016-06-06T14:18:22Z" user="trenddays" uid="4073413" lat="34.1949212" lon="131.4974917"/>
 <node id="4228373607" visible="true" version="1" changeset="39839585" timestamp="2016-06-06T14:18:22Z" user="trenddays" uid="4073413" lat="34.1949519" lon="131.4975660"/>
 <node id="4228373608" visible="true" version="1" changeset="39839585" timestamp="2016-06-06T14:18:22Z" user="trenddays" uid="4073413" lat="34.1949651" lon="131.4976633"/>
 <node id="4228373609" visible="true" version="1" changeset="39839585" timestamp="2016-06-06T14:18:23Z" user="trenddays" uid="4073413" lat="34.1949592" lon="131.4976899"/>
 <node id="4228373610" visible="true" version="1" changeset="39839585" timestamp="2016-06-06T14:18:23Z" user="trenddays" uid="4073413" lat="34.1949988" lon="131.4977624"/>
 <node id="4228373611" visible="true" version="1" changeset="39839585" timestamp="2016-06-06T14:18:23Z" user="trenddays" uid="4073413" lat="34.1950368" lon="131.4977872"/>
 <node id="4228373612" visible="true" version="1" changeset="39839585" timestamp="2016-06-06T14:18:23Z" user="trenddays" uid="4073413" lat="34.1951290" lon="131.4978013"/>
 <node id="4228373613" visible="true" version="1" changeset="39839585" timestamp="2016-06-06T14:18:23Z" user="trenddays" uid="4073413" lat="34.1951949" lon="131.4978473"/>
 <node id="4228373614" visible="true" version="1" changeset="39839585" timestamp="2016-06-06T14:18:23Z" user="trenddays" uid="4073413" lat="34.1952329" lon="131.4979111"/>
 <node id="4228373615" visible="true" version="1" changeset="39839585" timestamp="2016-06-06T14:18:23Z" user="trenddays" uid="4073413" lat="34.1951993" lon="131.4979677"/>
 <node id="4228373616" visible="true" version="1" changeset="39839585" timestamp="2016-06-06T14:18:23Z" user="trenddays" uid="4073413" lat="34.1951568" lon="131.4980031"/>
 <node id="4228373617" visible="true" version="1" changeset="39839585" timestamp="2016-06-06T14:18:23Z" user="trenddays" uid="4073413" lat="34.1951451" lon="131.4980668"/>
 <node id="4228373618" visible="true" version="1" changeset="39839585" timestamp="2016-06-06T14:18:23Z" user="trenddays" uid="4073413" lat="34.1950836" lon="131.4982137"/>
 <node id="4228373619" visible="true" version="1" changeset="39839585" timestamp="2016-06-06T14:18:23Z" user="trenddays" uid="4073413" lat="34.1950866" lon="131.4983552"/>
 <node id="4228373620" visible="true" version="1" changeset="39839585" timestamp="2016-06-06T14:18:23Z" user="trenddays" uid="4073413" lat="34.1951246" lon="131.4986047"/>
 <node id="4228373621" visible="true" version="1" changeset="39839585" timestamp="2016-06-06T14:18:23Z" user="trenddays" uid="4073413" lat="34.1951422" lon="131.4986932"/>
 <node id="4228373622" visible="true" version="1" changeset="39839585" timestamp="2016-06-06T14:18:23Z" user="trenddays" uid="4073413" lat="34.1952037" lon="131.4988613"/>
 <node id="4228373623" visible="true" version="1" changeset="39839585" timestamp="2016-06-06T14:18:23Z" user="trenddays" uid="4073413" lat="34.1951788" lon="131.4990878"/>
 <node id="4228373624" visible="true" version="1" changeset="39839585" timestamp="2016-06-06T14:18:23Z" user="trenddays" uid="4073413" lat="34.1951378" lon="131.4993550"/>
 <node id="4228373625" visible="true" version="1" changeset="39839585" timestamp="2016-06-06T14:18:23Z" user="trenddays" uid="4073413" lat="34.1950924" lon="131.4993780"/>
 <node id="4228373626" visible="true" version="1" changeset="39839585" timestamp="2016-06-06T14:18:23Z" user="trenddays" uid="4073413" lat="34.1951217" lon="131.4994754"/>
 <node id="4228373627" visible="true" version="1" changeset="39839585" timestamp="2016-06-06T14:18:23Z" user="trenddays" uid="4073413" lat="34.1951158" lon="131.4995037"/>
 <node id="4228373628" visible="true" version="1" changeset="39839585" timestamp="2016-06-06T14:18:23Z" user="trenddays" uid="4073413" lat="34.1950939" lon="131.4995178"/>
 <node id="4228373629" visible="true" version="1" changeset="39839585" timestamp="2016-06-06T14:18:23Z" user="trenddays" uid="4073413" lat="34.1951290" lon="131.4996364"/>
 <node id="4228373630" visible="true" version="1" changeset="39839585" timestamp="2016-06-06T14:18:23Z" user="trenddays" uid="4073413" lat="34.1950485" lon="131.4996807"/>
 <node id="4228373631" visible="true" version="1" changeset="39839585" timestamp="2016-06-06T14:18:23Z" user="trenddays" uid="4073413" lat="34.1949490" lon="131.4997054"/>
 <node id="4228373632" visible="true" version="1" changeset="39839585" timestamp="2016-06-06T14:18:23Z" user="trenddays" uid="4073413" lat="34.1949065" lon="131.4995727"/>
 <node id="4228373633" visible="true" version="1" changeset="39839585" timestamp="2016-06-06T14:18:23Z" user="trenddays" uid="4073413" lat="34.1948685" lon="131.4995320"/>
 <node id="4228373634" visible="true" version="2" changeset="74017474" timestamp="2019-09-03T02:23:22Z" user="hibagonsan" uid="5939709" lat="34.1946525" lon="131.4995417"/>
 <node id="4228373635" visible="true" version="2" changeset="74017474" timestamp="2019-09-03T02:23:22Z" user="hibagonsan" uid="5939709" lat="34.1946229" lon="131.4992793"/>
 <node id="4228373636" visible="true" version="2" changeset="74017474" timestamp="2019-09-03T02:23:22Z" user="hibagonsan" uid="5939709" lat="34.1945888" lon="131.4991120"/>
 <node id="4228373637" visible="true" version="1" changeset="39839585" timestamp="2016-06-06T14:18:23Z" user="trenddays" uid="4073413" lat="34.1949139" lon="131.4988348"/>
 <node id="4228373638" visible="true" version="1" changeset="39839585" timestamp="2016-06-06T14:18:23Z" user="trenddays" uid="4073413" lat="34.1948963" lon="131.4987994"/>
 <node id="4228373639" visible="true" version="1" changeset="39839585" timestamp="2016-06-06T14:18:23Z" user="trenddays" uid="4073413" lat="34.1935424" lon="131.4999178"/>
 <node id="4228373640" visible="true" version="1" changeset="39839585" timestamp="2016-06-06T14:18:23Z" user="trenddays" uid="4073413" lat="34.1927725" lon="131.4988065"/>
 <node id="4228373641" visible="true" version="1" changeset="39839585" timestamp="2016-06-06T14:18:23Z" user="trenddays" uid="4073413" lat="34.1933916" lon="131.4983499"/>
 <node id="4228373642" visible="true" version="1" changeset="39839585" timestamp="2016-06-06T14:18:23Z" user="trenddays" uid="4073413" lat="34.1934575" lon="131.4983287"/>
 <node id="4228373643" visible="true" version="1" changeset="39839585" timestamp="2016-06-06T14:18:23Z" user="trenddays" uid="4073413" lat="34.1943474" lon="131.4976881"/>
 <node id="4228373644" visible="true" version="1" changeset="39839585" timestamp="2016-06-06T14:18:23Z" user="trenddays" uid="4073413" lat="34.1945875" lon="131.4975624"/>
 <node id="4228373650" visible="true" version="1" changeset="39839585" timestamp="2016-06-06T14:18:23Z" user="trenddays" uid="4073413" lat="34.1943027" lon="131.4978604"/>
 <node id="4228373651" visible="true" version="1" changeset="39839585" timestamp="2016-06-06T14:18:23Z" user="trenddays" uid="4073413" lat="34.1945911" lon="131.4984210"/>
 <node id="4228373652" visible="true" version="1" changeset="39839585" timestamp="2016-06-06T14:18:23Z" user="trenddays" uid="4073413" lat="34.1944536" lon="131.4985305"/>
 <node id="4228373653" visible="true" version="1" changeset="39839585" timestamp="2016-06-06T14:18:23Z" user="trenddays" uid="4073413" lat="34.1941563" lon="131.4979811"/>
 <node id="4228373687" visible="true" version="1" changeset="39839585" timestamp="2016-06-06T14:18:24Z" user="trenddays" uid="4073413" lat="34.1942642" lon="131.4983352"/>
 <node id="4228373688" visible="true" version="1" changeset="39839585" timestamp="2016-06-06T14:18:24Z" user="trenddays" uid="4073413" lat="34.1941902" lon="131.4983968"/>
 <node id="4228373689" visible="true" version="1" changeset="39839585" timestamp="2016-06-06T14:18:24Z" user="trenddays" uid="4073413" lat="34.1942909" lon="131.4985848"/>
 <node id="4228373690" visible="true" version="1" changeset="39839585" timestamp="2016-06-06T14:18:24Z" user="trenddays" uid="4073413" lat="34.1943661" lon="131.4985308"/>
 <node id="4228373691" visible="true" version="1" changeset="39839585" timestamp="2016-06-06T14:18:24Z" user="trenddays" uid="4073413" lat="34.1938992" lon="131.4981421"/>
 <node id="4228373692" visible="true" version="1" changeset="39839585" timestamp="2016-06-06T14:18:24Z" user="trenddays" uid="4073413" lat="34.1941379" lon="131.4985812"/>
 <node id="4228373693" visible="true" version="1" changeset="39839585" timestamp="2016-06-06T14:18:24Z" user="trenddays" uid="4073413" lat="34.1939967" lon="131.4986930"/>
 <node id="4228373694" visible="true" version="1" changeset="39839585" timestamp="2016-06-06T14:18:24Z" user="trenddays" uid="4073413" lat="34.1937596" lon="131.4982539"/>
 <node id="4228373695" visible="true" version="1" changeset="39839585" timestamp="2016-06-06T14:18:24Z" user="trenddays" uid="4073413" lat="34.1935477" lon="131.4984084"/>
 <node id="4228373696" visible="true" version="1" changeset="39839585" timestamp="2016-06-06T14:18:24Z" user="trenddays" uid="4073413" lat="34.1936570" lon="131.4986259"/>
 <node id="4228373697" visible="true" version="1" changeset="39839585" timestamp="2016-06-06T14:18:24Z" user="trenddays" uid="4073413" lat="34.1931997" lon="131.4989776"/>
 <node id="4228373698" visible="true" version="1" changeset="39839585" timestamp="2016-06-06T14:18:24Z" user="trenddays" uid="4073413" lat="34.1930894" lon="131.4987697"/>
 <node id="4228373699" visible="true" version="1" changeset="39839585" timestamp="2016-06-06T14:18:24Z" user="trenddays" uid="4073413" lat="34.1941896" lon="131.4987525"/>
 <node id="4228373700" visible="true" version="1" changeset="39839585" timestamp="2016-06-06T14:18:24Z" user="trenddays" uid="4073413" lat="34.1941261" lon="131.4988000"/>
 <node id="4228373701" visible="true" version="1" changeset="39839585" timestamp="2016-06-06T14:18:24Z" user="trenddays" uid="4073413" lat="34.1941403" lon="131.4988290"/>
 <node id="4228373702" visible="true" version="1" changeset="39839585" timestamp="2016-06-06T14:18:24Z" user="trenddays" uid="4073413" lat="34.1941064" lon="131.4988569"/>
 <node id="4228373703" visible="true" version="1" changeset="39839585" timestamp="2016-06-06T14:18:24Z" user="trenddays" uid="4073413" lat="34.1943089" lon="131.4992315"/>
 <node id="4228373704" visible="true" version="1" changeset="39839585" timestamp="2016-06-06T14:18:24Z" user="trenddays" uid="4073413" lat="34.1944636" lon="131.4991116"/>
 <node id="4228373705" visible="true" version="1" changeset="39839585" timestamp="2016-06-06T14:18:24Z" user="trenddays" uid="4073413" lat="34.1943576" lon="131.4989144"/>
 <node id="4228373706" visible="true" version="1" changeset="39839585" timestamp="2016-06-06T14:18:24Z" user="trenddays" uid="4073413" lat="34.1943156" lon="131.4989408"/>
 <node id="4228373707" visible="true" version="1" changeset="39839585" timestamp="2016-06-06T14:18:24Z" user="trenddays" uid="4073413" lat="34.1942260" lon="131.4987697"/>
 <node id="4228373708" visible="true" version="1" changeset="39839585" timestamp="2016-06-06T14:18:24Z" user="trenddays" uid="4073413" lat="34.1942071" lon="131.4987823"/>
 <node id="4228373709" visible="true" version="1" changeset="39839585" timestamp="2016-06-06T14:18:24Z" user="trenddays" uid="4073413" lat="34.1938514" lon="131.4994478"/>
 <node id="4228373710" visible="true" version="1" changeset="39839585" timestamp="2016-06-06T14:18:24Z" user="trenddays" uid="4073413" lat="34.1939254" lon="131.4995880"/>
 <node id="4228373711" visible="true" version="1" changeset="39839585" timestamp="2016-06-06T14:18:24Z" user="trenddays" uid="4073413" lat="34.1937169" lon="131.4997588"/>
 <node id="4228373712" visible="true" version="1" changeset="39839585" timestamp="2016-06-06T14:18:24Z" user="trenddays" uid="4073413" lat="34.1936362" lon="131.4996165"/>
 <node id="4228373713" visible="true" version="1" changeset="39839585" timestamp="2016-06-06T14:18:24Z" user="trenddays" uid="4073413" lat="34.1940044" lon="131.4990697"/>
 <node id="4228373714" visible="true" version="1" changeset="39839585" timestamp="2016-06-06T14:18:24Z" user="trenddays" uid="4073413" lat="34.1939321" lon="131.4991286"/>
 <node id="4228373715" visible="true" version="1" changeset="39839585" timestamp="2016-06-06T14:18:24Z" user="trenddays" uid="4073413" lat="34.1939590" lon="131.4991835"/>
 <node id="4228373716" visible="true" version="1" changeset="39839585" timestamp="2016-06-06T14:18:24Z" user="trenddays" uid="4073413" lat="34.1939374" lon="131.4992003"/>
 <node id="4228373717" visible="true" version="1" changeset="39839585" timestamp="2016-06-06T14:18:24Z" user="trenddays" uid="4073413" lat="34.1939204" lon="131.4991713"/>
 <node id="4228373718" visible="true" version="1" changeset="39839585" timestamp="2016-06-06T14:18:24Z" user="trenddays" uid="4073413" lat="34.1938481" lon="131.4992303"/>
 <node id="4228373719" visible="true" version="1" changeset="39839585" timestamp="2016-06-06T14:18:24Z" user="trenddays" uid="4073413" lat="34.1938817" lon="131.4992933"/>
 <node id="4228373720" visible="true" version="1" changeset="39839585" timestamp="2016-06-06T14:18:24Z" user="trenddays" uid="4073413" lat="34.1938346" lon="131.4993360"/>
 <node id="4228373721" visible="true" version="1" changeset="39839585" timestamp="2016-06-06T14:18:24Z" user="trenddays" uid="4073413" lat="34.1939220" lon="131.4994864"/>
 <node id="4228373722" visible="true" version="1" changeset="39839585" timestamp="2016-06-06T14:18:24Z" user="trenddays" uid="4073413" lat="34.1940280" lon="131.4994031"/>
 <node id="4228373723" visible="true" version="1" changeset="39839585" timestamp="2016-06-06T14:18:24Z" user="trenddays" uid="4073413" lat="34.1940028" lon="131.4993543"/>
 <node id="4228373724" visible="true" version="1" changeset="39839585" timestamp="2016-06-06T14:18:24Z" user="trenddays" uid="4073413" lat="34.1940364" lon="131.4993278"/>
 <node id="4228373725" visible="true" version="1" changeset="39839585" timestamp="2016-06-06T14:18:24Z" user="trenddays" uid="4073413" lat="34.1940599" lon="131.4993705"/>
 <node id="4228373726" visible="true" version="1" changeset="39839585" timestamp="2016-06-06T14:18:24Z" user="trenddays" uid="4073413" lat="34.1941322" lon="131.4993157"/>
 <node id="4234071856" visible="true" version="1" changeset="39911113" timestamp="2016-06-09T15:29:44Z" user="trenddays" uid="4073413" lat="34.1921509" lon="131.4985263"/>
 <node id="4234071857" visible="true" version="1" changeset="39911113" timestamp="2016-06-09T15:29:44Z" user="trenddays" uid="4073413" lat="34.1920872" lon="131.4985815"/>
 <node id="4234071858" visible="true" version="1" changeset="39911113" timestamp="2016-06-09T15:29:44Z" user="trenddays" uid="4073413" lat="34.1921937" lon="131.4987631"/>
 <node id="4234071859" visible="true" version="1" changeset="39911113" timestamp="2016-06-09T15:29:44Z" user="trenddays" uid="4073413" lat="34.1922576" lon="131.4987062"/>
 <node id="4234071860" visible="true" version="1" changeset="39911113" timestamp="2016-06-09T15:29:44Z" user="trenddays" uid="4073413" lat="34.1923526" lon="131.4983657"/>
 <node id="4234071861" visible="true" version="1" changeset="39911113" timestamp="2016-06-09T15:29:44Z" user="trenddays" uid="4073413" lat="34.1922929" lon="131.4984125"/>
 <node id="4234071862" visible="true" version="1" changeset="39911113" timestamp="2016-06-09T15:29:44Z" user="trenddays" uid="4073413" lat="34.1923300" lon="131.4984775"/>
 <node id="4234071863" visible="true" version="1" changeset="39911113" timestamp="2016-06-09T15:29:44Z" user="trenddays" uid="4073413" lat="34.1923896" lon="131.4984287"/>
 <node id="4234071864" visible="true" version="1" changeset="39911113" timestamp="2016-06-09T15:29:44Z" user="trenddays" uid="4073413" lat="34.1921517" lon="131.4979876"/>
 <node id="4234071865" visible="true" version="1" changeset="39911113" timestamp="2016-06-09T15:29:44Z" user="trenddays" uid="4073413" lat="34.1920811" lon="131.4980537"/>
 <node id="4234071866" visible="true" version="1" changeset="39911113" timestamp="2016-06-09T15:29:44Z" user="trenddays" uid="4073413" lat="34.1921265" lon="131.4981208"/>
 <node id="4234071867" visible="true" version="1" changeset="39911113" timestamp="2016-06-09T15:29:44Z" user="trenddays" uid="4073413" lat="34.1921979" lon="131.4980588"/>
 <node id="4234071868" visible="true" version="1" changeset="39911113" timestamp="2016-06-09T15:29:44Z" user="trenddays" uid="4073413" lat="34.1921988" lon="131.4980699"/>
 <node id="4234071869" visible="true" version="1" changeset="39911113" timestamp="2016-06-09T15:29:44Z" user="trenddays" uid="4073413" lat="34.1921601" lon="131.4981055"/>
 <node id="4234071870" visible="true" version="1" changeset="39911113" timestamp="2016-06-09T15:29:44Z" user="trenddays" uid="4073413" lat="34.1921954" lon="131.4981665"/>
 <node id="4234071871" visible="true" version="1" changeset="39911113" timestamp="2016-06-09T15:29:44Z" user="trenddays" uid="4073413" lat="34.1922349" lon="131.4981248"/>
 <node id="4234071872" visible="true" version="1" changeset="39911113" timestamp="2016-06-09T15:29:44Z" user="trenddays" uid="4073413" lat="34.1920735" lon="131.4980598"/>
 <node id="4234071873" visible="true" version="1" changeset="39911113" timestamp="2016-06-09T15:29:44Z" user="trenddays" uid="4073413" lat="34.1921635" lon="131.4981970"/>
 <node id="4234071874" visible="true" version="1" changeset="39911113" timestamp="2016-06-09T15:29:44Z" user="trenddays" uid="4073413" lat="34.1920954" lon="131.4982732"/>
 <node id="4234071875" visible="true" version="1" changeset="39911113" timestamp="2016-06-09T15:29:44Z" user="trenddays" uid="4073413" lat="34.1919995" lon="131.4981309"/>
 <node id="4234071876" visible="true" version="1" changeset="39911113" timestamp="2016-06-09T15:29:44Z" user="trenddays" uid="4073413" lat="34.1921483" lon="131.4982366"/>
 <node id="4234071877" visible="true" version="1" changeset="39911113" timestamp="2016-06-09T15:29:44Z" user="trenddays" uid="4073413" lat="34.1921861" lon="131.4982909"/>
 <node id="4234071878" visible="true" version="1" changeset="39911113" timestamp="2016-06-09T15:29:44Z" user="trenddays" uid="4073413" lat="34.1921245" lon="131.4983553"/>
 <node id="4234071879" visible="true" version="1" changeset="39911113" timestamp="2016-06-09T15:29:44Z" user="trenddays" uid="4073413" lat="34.1920844" lon="131.4983027"/>
 <node id="4234071884" visible="true" version="1" changeset="39911113" timestamp="2016-06-09T15:29:45Z" user="trenddays" uid="4073413" lat="34.1923933" lon="131.4984375"/>
 <node id="4234071885" visible="true" version="1" changeset="39911113" timestamp="2016-06-09T15:29:45Z" user="trenddays" uid="4073413" lat="34.1923353" lon="131.4984875"/>
 <node id="4234071886" visible="true" version="1" changeset="39911113" timestamp="2016-06-09T15:29:45Z" user="trenddays" uid="4073413" lat="34.1923899" lon="131.4985826"/>
 <node id="4234071887" visible="true" version="1" changeset="39911113" timestamp="2016-06-09T15:29:45Z" user="trenddays" uid="4073413" lat="34.1924494" lon="131.4985313"/>
 <node id="4234071888" visible="true" version="1" changeset="39911113" timestamp="2016-06-09T15:29:45Z" user="trenddays" uid="4073413" lat="34.1924409" lon="131.4985672"/>
 <node id="4234071989" visible="true" version="1" changeset="39911113" timestamp="2016-06-09T15:29:45Z" user="trenddays" uid="4073413" lat="34.1923585" lon="131.4986424"/>
 <node id="4234071990" visible="true" version="1" changeset="39911113" timestamp="2016-06-09T15:29:45Z" user="trenddays" uid="4073413" lat="34.1924140" lon="131.4987369"/>
 <node id="4234071991" visible="true" version="1" changeset="39911113" timestamp="2016-06-09T15:29:45Z" user="trenddays" uid="4073413" lat="34.1924973" lon="131.4986587"/>
 <node id="4234071992" visible="true" version="1" changeset="39911113" timestamp="2016-06-09T15:29:45Z" user="trenddays" uid="4073413" lat="34.1924930" lon="131.4987095"/>
 <node id="4234071993" visible="true" version="1" changeset="39911113" timestamp="2016-06-09T15:29:45Z" user="trenddays" uid="4073413" lat="34.1924174" lon="131.4987817"/>
 <node id="4234071994" visible="true" version="1" changeset="39911113" timestamp="2016-06-09T15:29:45Z" user="trenddays" uid="4073413" lat="34.1925157" lon="131.4989362"/>
 <node id="4234071995" visible="true" version="1" changeset="39911113" timestamp="2016-06-09T15:29:45Z" user="trenddays" uid="4073413" lat="34.1925889" lon="131.4988589"/>
 <node id="4234071996" visible="true" version="1" changeset="39911113" timestamp="2016-06-09T15:29:45Z" user="trenddays" uid="4073413" lat="34.1919791" lon="131.4981986"/>
 <node id="4234071997" visible="true" version="1" changeset="39911113" timestamp="2016-06-09T15:29:45Z" user="trenddays" uid="4073413" lat="34.1920691" lon="131.4983186"/>
 <node id="4234071998" visible="true" version="1" changeset="39911113" timestamp="2016-06-09T15:29:45Z" user="trenddays" uid="4073413" lat="34.1920548" lon="131.4983328"/>
 <node id="4234071999" visible="true" version="1" changeset="39911113" timestamp="2016-06-09T15:29:45Z" user="trenddays" uid="4073413" lat="34.1920674" lon="131.4983501"/>
 <node id="4234072000" visible="true" version="1" changeset="39911113" timestamp="2016-06-09T15:29:45Z" user="trenddays" uid="4073413" lat="34.1920615" lon="131.4983572"/>
 <node id="4234072001" visible="true" version="1" changeset="39911113" timestamp="2016-06-09T15:29:45Z" user="trenddays" uid="4073413" lat="34.1920699" lon="131.4983714"/>
 <node id="4234072002" visible="true" version="1" changeset="39911113" timestamp="2016-06-09T15:29:45Z" user="trenddays" uid="4073413" lat="34.1920657" lon="131.4983785"/>
 <node id="4234072003" visible="true" version="1" changeset="39911113" timestamp="2016-06-09T15:29:45Z" user="trenddays" uid="4073413" lat="34.1920725" lon="131.4983857"/>
 <node id="4234072004" visible="true" version="1" changeset="39911113" timestamp="2016-06-09T15:29:45Z" user="trenddays" uid="4073413" lat="34.1920313" lon="131.4984324"/>
 <node id="4234072005" visible="true" version="1" changeset="39911113" timestamp="2016-06-09T15:29:45Z" user="trenddays" uid="4073413" lat="34.1919632" lon="131.4983369"/>
 <node id="4234072006" visible="true" version="1" changeset="39911113" timestamp="2016-06-09T15:29:45Z" user="trenddays" uid="4073413" lat="34.1919346" lon="131.4983704"/>
 <node id="4234072007" visible="true" version="1" changeset="39911113" timestamp="2016-06-09T15:29:45Z" user="trenddays" uid="4073413" lat="34.1918883" lon="131.4983044"/>
 <node id="4234072008" visible="true" version="1" changeset="39911113" timestamp="2016-06-09T15:29:45Z" user="trenddays" uid="4073413" lat="34.1920781" lon="131.4987506"/>
 <node id="4234072009" visible="true" version="1" changeset="39911113" timestamp="2016-06-09T15:29:45Z" user="trenddays" uid="4073413" lat="34.1921058" lon="131.4988069"/>
 <node id="4234072010" visible="true" version="1" changeset="39911113" timestamp="2016-06-09T15:29:45Z" user="trenddays" uid="4073413" lat="34.1921214" lon="131.4987988"/>
 <node id="4234072011" visible="true" version="1" changeset="39911113" timestamp="2016-06-09T15:29:45Z" user="trenddays" uid="4073413" lat="34.1921513" lon="131.4988431"/>
 <node id="4234072012" visible="true" version="1" changeset="39911113" timestamp="2016-06-09T15:29:45Z" user="trenddays" uid="4073413" lat="34.1921225" lon="131.4988847"/>
 <node id="4234072013" visible="true" version="1" changeset="39911113" timestamp="2016-06-09T15:29:45Z" user="trenddays" uid="4073413" lat="34.1920726" lon="131.4989102"/>
 <node id="4234072014" visible="true" version="1" changeset="39911113" timestamp="2016-06-09T15:29:45Z" user="trenddays" uid="4073413" lat="34.1920160" lon="131.4988002"/>
 <node id="4234072015" visible="true" version="1" changeset="39911113" timestamp="2016-06-09T15:29:45Z" user="trenddays" uid="4073413" lat="34.1920106" lon="131.4985457"/>
 <node id="4234072016" visible="true" version="1" changeset="39911113" timestamp="2016-06-09T15:29:45Z" user="trenddays" uid="4073413" lat="34.1919052" lon="131.4986336"/>
 <node id="4234072017" visible="true" version="1" changeset="39911113" timestamp="2016-06-09T15:29:45Z" user="trenddays" uid="4073413" lat="34.1919340" lon="131.4986818"/>
 <node id="4234072018" visible="true" version="1" changeset="39911113" timestamp="2016-06-09T15:29:45Z" user="trenddays" uid="4073413" lat="34.1919623" lon="131.4986577"/>
 <node id="4234072019" visible="true" version="1" changeset="39911113" timestamp="2016-06-09T15:29:45Z" user="trenddays" uid="4073413" lat="34.1920150" lon="131.4987556"/>
 <node id="4234072020" visible="true" version="1" changeset="39911113" timestamp="2016-06-09T15:29:45Z" user="trenddays" uid="4073413" lat="34.1920788" lon="131.4987033"/>
 <node id="4234072021" visible="true" version="1" changeset="39911113" timestamp="2016-06-09T15:29:45Z" user="trenddays" uid="4073413" lat="34.1920256" lon="131.4986054"/>
 <node id="4234072022" visible="true" version="1" changeset="39911113" timestamp="2016-06-09T15:29:45Z" user="trenddays" uid="4073413" lat="34.1920389" lon="131.4985933"/>
 <node id="4234072023" visible="true" version="1" changeset="39911113" timestamp="2016-06-09T15:29:45Z" user="trenddays" uid="4073413" lat="34.1921659" lon="131.4989042"/>
 <node id="4234072024" visible="true" version="1" changeset="39911113" timestamp="2016-06-09T15:29:45Z" user="trenddays" uid="4073413" lat="34.1920886" lon="131.4989439"/>
 <node id="4234072025" visible="true" version="1" changeset="39911113" timestamp="2016-06-09T15:29:45Z" user="trenddays" uid="4073413" lat="34.1921364" lon="131.4990799"/>
 <node id="4234072026" visible="true" version="1" changeset="39911113" timestamp="2016-06-09T15:29:45Z" user="trenddays" uid="4073413" lat="34.1922122" lon="131.4990402"/>
 <node id="4234072027" visible="true" version="1" changeset="39911113" timestamp="2016-06-09T15:29:45Z" user="trenddays" uid="4073413" lat="34.1922325" lon="131.4990793"/>
 <node id="4234072028" visible="true" version="1" changeset="39911113" timestamp="2016-06-09T15:29:45Z" user="trenddays" uid="4073413" lat="34.1921707" lon="131.4991190"/>
 <node id="4234072029" visible="true" version="1" changeset="39911113" timestamp="2016-06-09T15:29:45Z" user="trenddays" uid="4073413" lat="34.1922243" lon="131.4992369"/>
 <node id="4234072030" visible="true" version="1" changeset="39911113" timestamp="2016-06-09T15:29:45Z" user="trenddays" uid="4073413" lat="34.1922393" lon="131.4992550"/>
 <node id="4234072031" visible="true" version="1" changeset="39911113" timestamp="2016-06-09T15:29:45Z" user="trenddays" uid="4073413" lat="34.1922929" lon="131.4992176"/>
 <node id="4234072032" visible="true" version="1" changeset="39911113" timestamp="2016-06-09T15:29:45Z" user="trenddays" uid="4073413" lat="34.1925522" lon="131.4989274"/>
 <node id="4234072033" visible="true" version="1" changeset="39911113" timestamp="2016-06-09T15:29:45Z" user="trenddays" uid="4073413" lat="34.1925758" lon="131.4989690"/>
 <node id="4234072034" visible="true" version="1" changeset="39911113" timestamp="2016-06-09T15:29:45Z" user="trenddays" uid="4073413" lat="34.1925924" lon="131.4989566"/>
 <node id="4234072035" visible="true" version="1" changeset="39911113" timestamp="2016-06-09T15:29:45Z" user="trenddays" uid="4073413" lat="34.1926242" lon="131.4990098"/>
 <node id="4234072036" visible="true" version="1" changeset="39911113" timestamp="2016-06-09T15:29:45Z" user="trenddays" uid="4073413" lat="34.1926102" lon="131.4990260"/>
 <node id="4234072037" visible="true" version="1" changeset="39911113" timestamp="2016-06-09T15:29:45Z" user="trenddays" uid="4073413" lat="34.1925682" lon="131.4990660"/>
 <node id="4234072038" visible="true" version="1" changeset="39911113" timestamp="2016-06-09T15:29:45Z" user="trenddays" uid="4073413" lat="34.1925076" lon="131.4991030"/>
 <node id="4234072039" visible="true" version="1" changeset="39911113" timestamp="2016-06-09T15:29:45Z" user="trenddays" uid="4073413" lat="34.1924496" lon="131.4990121"/>
 <node id="4234072040" visible="true" version="1" changeset="39911113" timestamp="2016-06-09T15:29:45Z" user="trenddays" uid="4073413" lat="34.1923745" lon="131.4990868"/>
 <node id="4234072041" visible="true" version="1" changeset="39911113" timestamp="2016-06-09T15:29:45Z" user="trenddays" uid="4073413" lat="34.1923821" lon="131.4990999"/>
 <node id="4234072042" visible="true" version="1" changeset="39911113" timestamp="2016-06-09T15:29:45Z" user="trenddays" uid="4073413" lat="34.1923961" lon="131.4990899"/>
 <node id="4234072043" visible="true" version="1" changeset="39911113" timestamp="2016-06-09T15:29:45Z" user="trenddays" uid="4073413" lat="34.1924573" lon="131.4992008"/>
 <node id="4234072044" visible="true" version="1" changeset="39911113" timestamp="2016-06-09T15:29:45Z" user="trenddays" uid="4073413" lat="34.1924242" lon="131.4992324"/>
 <node id="4234072045" visible="true" version="1" changeset="39911113" timestamp="2016-06-09T15:29:45Z" user="trenddays" uid="4073413" lat="34.1923726" lon="131.4992663"/>
 <node id="4234072046" visible="true" version="1" changeset="39911113" timestamp="2016-06-09T15:29:45Z" user="trenddays" uid="4073413" lat="34.1923547" lon="131.4992370"/>
 <node id="4234072047" visible="true" version="1" changeset="39911113" timestamp="2016-06-09T15:29:45Z" user="trenddays" uid="4073413" lat="34.1923280" lon="131.4992332"/>
 <node id="4234072048" visible="true" version="1" changeset="39911113" timestamp="2016-06-09T15:29:46Z" user="trenddays" uid="4073413" lat="34.1923356" lon="131.4992016"/>
 <node id="4234072049" visible="true" version="1" changeset="39911113" timestamp="2016-06-09T15:29:46Z" user="trenddays" uid="4073413" lat="34.1923095" lon="131.4991415"/>
 <node id="4234072094" visible="true" version="1" changeset="39911113" timestamp="2016-06-09T15:29:46Z" user="trenddays" uid="4073413" lat="34.1925077" lon="131.4979987"/>
 <node id="4234072095" visible="true" version="1" changeset="39911113" timestamp="2016-06-09T15:29:46Z" user="trenddays" uid="4073413" lat="34.1925048" lon="131.4980489"/>
 <node id="4234072096" visible="true" version="1" changeset="39911113" timestamp="2016-06-09T15:29:46Z" user="trenddays" uid="4073413" lat="34.1925493" lon="131.4980541"/>
 <node id="4234072097" visible="true" version="1" changeset="39911113" timestamp="2016-06-09T15:29:46Z" user="trenddays" uid="4073413" lat="34.1925459" lon="131.4981137"/>
 <node id="4234072098" visible="true" version="1" changeset="39911113" timestamp="2016-06-09T15:29:46Z" user="trenddays" uid="4073413" lat="34.1925010" lon="131.4981096"/>
 <node id="4234072099" visible="true" version="1" changeset="39911113" timestamp="2016-06-09T15:29:46Z" user="trenddays" uid="4073413" lat="34.1924981" lon="131.4981505"/>
 <node id="4234072100" visible="true" version="1" changeset="39911113" timestamp="2016-06-09T15:29:46Z" user="trenddays" uid="4073413" lat="34.1924300" lon="131.4981429"/>
 <node id="4234072101" visible="true" version="1" changeset="39911113" timestamp="2016-06-09T15:29:46Z" user="trenddays" uid="4073413" lat="34.1924324" lon="131.4981038"/>
 <node id="4234072102" visible="true" version="1" changeset="39911113" timestamp="2016-06-09T15:29:46Z" user="trenddays" uid="4073413" lat="34.1924174" lon="131.4981020"/>
 <node id="4234072103" visible="true" version="1" changeset="39911113" timestamp="2016-06-09T15:29:46Z" user="trenddays" uid="4073413" lat="34.1924223" lon="131.4980419"/>
 <node id="4234072104" visible="true" version="1" changeset="39911113" timestamp="2016-06-09T15:29:46Z" user="trenddays" uid="4073413" lat="34.1924382" lon="131.4980436"/>
 <node id="4234072105" visible="true" version="1" changeset="39911113" timestamp="2016-06-09T15:29:46Z" user="trenddays" uid="4073413" lat="34.1924421" lon="131.4979893"/>
 <node id="4234072106" visible="true" version="1" changeset="39911113" timestamp="2016-06-09T15:29:46Z" user="trenddays" uid="4073413" lat="34.1928298" lon="131.4986184"/>
 <node id="4234072107" visible="true" version="1" changeset="39911113" timestamp="2016-06-09T15:29:46Z" user="trenddays" uid="4073413" lat="34.1926953" lon="131.4986967"/>
 <node id="4234072108" visible="true" version="1" changeset="39911113" timestamp="2016-06-09T15:29:46Z" user="trenddays" uid="4073413" lat="34.1927432" lon="131.4987719"/>
 <node id="4234072109" visible="true" version="1" changeset="39911113" timestamp="2016-06-09T15:29:46Z" user="trenddays" uid="4073413" lat="34.1928668" lon="131.4987028"/>
 <node id="4234072110" visible="true" version="1" changeset="39911113" timestamp="2016-06-09T15:29:46Z" user="trenddays" uid="4073413" lat="34.1931207" lon="131.4983785"/>
 <node id="4234072111" visible="true" version="1" changeset="39911113" timestamp="2016-06-09T15:29:46Z" user="trenddays" uid="4073413" lat="34.1930644" lon="131.4983867"/>
 <node id="4234072112" visible="true" version="1" changeset="39911113" timestamp="2016-06-09T15:29:46Z" user="trenddays" uid="4073413" lat="34.1929996" lon="131.4984202"/>
 <node id="4234072113" visible="true" version="1" changeset="39911113" timestamp="2016-06-09T15:29:46Z" user="trenddays" uid="4073413" lat="34.1930433" lon="131.4985483"/>
 <node id="4234072114" visible="true" version="1" changeset="39911113" timestamp="2016-06-09T15:29:47Z" user="trenddays" uid="4073413" lat="34.1931056" lon="131.4985147"/>
 <node id="4234072115" visible="true" version="1" changeset="39911113" timestamp="2016-06-09T15:29:47Z" user="trenddays" uid="4073413" lat="34.1931543" lon="131.4984903"/>
 <node id="4234072120" visible="true" version="1" changeset="39911113" timestamp="2016-06-09T15:29:47Z" user="trenddays" uid="4073413" lat="34.1930108" lon="131.4984669"/>
 <node id="4234072121" visible="true" version="1" changeset="39911113" timestamp="2016-06-09T15:29:47Z" user="trenddays" uid="4073413" lat="34.1929856" lon="131.4984730"/>
 <node id="4234072122" visible="true" version="1" changeset="39911113" timestamp="2016-06-09T15:29:47Z" user="trenddays" uid="4073413" lat="34.1929570" lon="131.4984912"/>
 <node id="4234072123" visible="true" version="1" changeset="39911113" timestamp="2016-06-09T15:29:47Z" user="trenddays" uid="4073413" lat="34.1929915" lon="131.4985888"/>
 <node id="4234072124" visible="true" version="1" changeset="39911113" timestamp="2016-06-09T15:29:47Z" user="trenddays" uid="4073413" lat="34.1930201" lon="131.4985675"/>
 <node id="4234072125" visible="true" version="1" changeset="39911113" timestamp="2016-06-09T15:29:47Z" user="trenddays" uid="4073413" lat="34.1930428" lon="131.4985593"/>
 <node id="4234072126" visible="true" version="1" changeset="39911113" timestamp="2016-06-09T15:29:47Z" user="trenddays" uid="4073413" lat="34.1929688" lon="131.4983561"/>
 <node id="4234072127" visible="true" version="1" changeset="39911113" timestamp="2016-06-09T15:29:47Z" user="trenddays" uid="4073413" lat="34.1929066" lon="131.4983713"/>
 <node id="4234072128" visible="true" version="1" changeset="39911113" timestamp="2016-06-09T15:29:47Z" user="trenddays" uid="4073413" lat="34.1929267" lon="131.4984608"/>
 <node id="4234072129" visible="true" version="1" changeset="39911113" timestamp="2016-06-09T15:29:47Z" user="trenddays" uid="4073413" lat="34.1929848" lon="131.4984455"/>
 <node id="4234072130" visible="true" version="1" changeset="39911113" timestamp="2016-06-09T15:29:47Z" user="trenddays" uid="4073413" lat="34.1928999" lon="131.4982128"/>
 <node id="4234072131" visible="true" version="1" changeset="39911113" timestamp="2016-06-09T15:29:47Z" user="trenddays" uid="4073413" lat="34.1929087" lon="131.4983013"/>
 <node id="4234072132" visible="true" version="1" changeset="39911113" timestamp="2016-06-09T15:29:47Z" user="trenddays" uid="4073413" lat="34.1928809" lon="131.4983093"/>
 <node id="4234072133" visible="true" version="1" changeset="39911113" timestamp="2016-06-09T15:29:47Z" user="trenddays" uid="4073413" lat="34.1928479" lon="131.4983110"/>
 <node id="4234072134" visible="true" version="1" changeset="39911113" timestamp="2016-06-09T15:29:47Z" user="trenddays" uid="4073413" lat="34.1928399" lon="131.4982208"/>
 <node id="4234072135" visible="true" version="1" changeset="39911113" timestamp="2016-06-09T15:29:47Z" user="trenddays" uid="4073413" lat="34.1927879" lon="131.4982394"/>
 <node id="4234072136" visible="true" version="1" changeset="39911113" timestamp="2016-06-09T15:29:47Z" user="trenddays" uid="4073413" lat="34.1927638" lon="131.4982447"/>
 <node id="4234072137" visible="true" version="1" changeset="39911113" timestamp="2016-06-09T15:29:47Z" user="trenddays" uid="4073413" lat="34.1927243" lon="131.4982571"/>
 <node id="4234072138" visible="true" version="1" changeset="39911113" timestamp="2016-06-09T15:29:47Z" user="trenddays" uid="4073413" lat="34.1927323" lon="131.4983110"/>
 <node id="4234072139" visible="true" version="1" changeset="39911113" timestamp="2016-06-09T15:29:47Z" user="trenddays" uid="4073413" lat="34.1926723" lon="131.4983243"/>
 <node id="4234072140" visible="true" version="1" changeset="39911113" timestamp="2016-06-09T15:29:47Z" user="trenddays" uid="4073413" lat="34.1926994" lon="131.4985154"/>
 <node id="4234072141" visible="true" version="1" changeset="39911113" timestamp="2016-06-09T15:29:47Z" user="trenddays" uid="4073413" lat="34.1928157" lon="131.4984844"/>
 <node id="4234072142" visible="true" version="1" changeset="39911113" timestamp="2016-06-09T15:29:47Z" user="trenddays" uid="4073413" lat="34.1927938" lon="131.4983331"/>
 <node id="4234072143" visible="true" version="1" changeset="39911113" timestamp="2016-06-09T15:29:47Z" user="trenddays" uid="4073413" lat="34.1928033" lon="131.4983296"/>
 <node id="4234072144" visible="true" version="1" changeset="39911113" timestamp="2016-06-09T15:29:47Z" user="trenddays" uid="4073413" lat="34.1927396" lon="131.4985234"/>
 <node id="4234072145" visible="true" version="1" changeset="39911113" timestamp="2016-06-09T15:29:47Z" user="trenddays" uid="4073413" lat="34.1926511" lon="131.4985473"/>
 <node id="4234072146" visible="true" version="1" changeset="39911113" timestamp="2016-06-09T15:29:47Z" user="trenddays" uid="4073413" lat="34.1926635" lon="131.4986127"/>
 <node id="4234072147" visible="true" version="1" changeset="39911113" timestamp="2016-06-09T15:29:47Z" user="trenddays" uid="4073413" lat="34.1927521" lon="131.4985880"/>
 <node id="4234072397" visible="true" version="1" changeset="39911113" timestamp="2016-06-09T15:29:51Z" user="trenddays" uid="4073413" lat="34.1933785" lon="131.4977735"/>
 <node id="4234072398" visible="true" version="1" changeset="39911113" timestamp="2016-06-09T15:29:51Z" user="trenddays" uid="4073413" lat="34.1932725" lon="131.4977796"/>
 <node id="4234072399" visible="true" version="1" changeset="39911113" timestamp="2016-06-09T15:29:51Z" user="trenddays" uid="4073413" lat="34.1932742" lon="131.4979869"/>
 <node id="4234072400" visible="true" version="1" changeset="39911113" timestamp="2016-06-09T15:29:51Z" user="trenddays" uid="4073413" lat="34.1932574" lon="131.4980032"/>
 <node id="4234072401" visible="true" version="1" changeset="39911113" timestamp="2016-06-09T15:29:51Z" user="trenddays" uid="4073413" lat="34.1932507" lon="131.4982065"/>
 <node id="4234072402" visible="true" version="1" changeset="39911113" timestamp="2016-06-09T15:29:51Z" user="trenddays" uid="4073413" lat="34.1933011" lon="131.4982288"/>
 <node id="4234072403" visible="true" version="1" changeset="39911113" timestamp="2016-06-09T15:29:51Z" user="trenddays" uid="4073413" lat="34.1933650" lon="131.4982268"/>
 <node id="4234072404" visible="true" version="1" changeset="39911113" timestamp="2016-06-09T15:29:51Z" user="trenddays" uid="4073413" lat="34.1933633" lon="131.4980317"/>
 <node id="4234072405" visible="true" version="1" changeset="39911113" timestamp="2016-06-09T15:29:51Z" user="trenddays" uid="4073413" lat="34.1933801" lon="131.4980174"/>
 <node id="4234215924" visible="true" version="1" changeset="39913789" timestamp="2016-06-09T17:46:16Z" user="trenddays" uid="4073413" lat="34.1929114" lon="131.4984895"/>
 <node id="4234215925" visible="true" version="1" changeset="39913789" timestamp="2016-06-09T17:46:16Z" user="trenddays" uid="4073413" lat="34.1928236" lon="131.4985214"/>
 <node id="4234215926" visible="true" version="1" changeset="39913789" timestamp="2016-06-09T17:46:16Z" user="trenddays" uid="4073413" lat="34.1928675" lon="131.4986276"/>
 <node id="4234215927" visible="true" version="1" changeset="39913789" timestamp="2016-06-09T17:46:16Z" user="trenddays" uid="4073413" lat="34.1929444" lon="131.4985762"/>
 <node id="4234215928" visible="true" version="1" changeset="39913789" timestamp="2016-06-09T17:46:16Z" user="trenddays" uid="4073413" lat="34.1922843" lon="131.4984305"/>
 <node id="4234215929" visible="true" version="1" changeset="39913789" timestamp="2016-06-09T17:46:16Z" user="trenddays" uid="4073413" lat="34.1923824" lon="131.4985891"/>
 <node id="4234215930" visible="true" version="1" changeset="39913789" timestamp="2016-06-09T17:46:16Z" user="trenddays" uid="4073413" lat="34.1923212" lon="131.4986523"/>
 <node id="4234215931" visible="true" version="1" changeset="39913789" timestamp="2016-06-09T17:46:16Z" user="trenddays" uid="4073413" lat="34.1922167" lon="131.4984890"/>
 <node id="4241551098" visible="true" version="1" changeset="39995866" timestamp="2016-06-13T16:13:10Z" user="trenddays" uid="4073413" lat="34.1937131" lon="131.4999195"/>
 <node id="4241551099" visible="true" version="1" changeset="39995866" timestamp="2016-06-13T16:13:10Z" user="trenddays" uid="4073413" lat="34.1936227" lon="131.4999503"/>
 <node id="4241551100" visible="true" version="1" changeset="39995866" timestamp="2016-06-13T16:13:10Z" user="trenddays" uid="4073413" lat="34.1936991" lon="131.5001043"/>
 <node id="4241551101" visible="true" version="1" changeset="39995866" timestamp="2016-06-13T16:13:10Z" user="trenddays" uid="4073413" lat="34.1937576" lon="131.5000836"/>
 <node id="4241551102" visible="true" version="1" changeset="39995866" timestamp="2016-06-13T16:13:10Z" user="trenddays" uid="4073413" lat="34.1938122" lon="131.4997689"/>
 <node id="4241551103" visible="true" version="1" changeset="39995866" timestamp="2016-06-13T16:13:10Z" user="trenddays" uid="4073413" lat="34.1937436" lon="131.4998086"/>
 <node id="4241551104" visible="true" version="1" changeset="39995866" timestamp="2016-06-13T16:13:10Z" user="trenddays" uid="4073413" lat="34.1937871" lon="131.4999686"/>
 <node id="4241551105" visible="true" version="1" changeset="39995866" timestamp="2016-06-13T16:13:10Z" user="trenddays" uid="4073413" lat="34.1938711" lon="131.4999359"/>
 <node id="4241551106" visible="true" version="1" changeset="39995866" timestamp="2016-06-13T16:13:10Z" user="trenddays" uid="4073413" lat="34.1938730" lon="131.4999779"/>
 <node id="4241551107" visible="true" version="1" changeset="39995866" timestamp="2016-06-13T16:13:10Z" user="trenddays" uid="4073413" lat="34.1937919" lon="131.5000024"/>
 <node id="4241551108" visible="true" version="1" changeset="39995866" timestamp="2016-06-13T16:13:10Z" user="trenddays" uid="4073413" lat="34.1938131" lon="131.5001332"/>
 <node id="4241551109" visible="true" version="1" changeset="39995866" timestamp="2016-06-13T16:13:10Z" user="trenddays" uid="4073413" lat="34.1938962" lon="131.5001087"/>
 <node id="4241551110" visible="true" version="1" changeset="39995866" timestamp="2016-06-13T16:13:10Z" user="trenddays" uid="4073413" lat="34.1939483" lon="131.4996942"/>
 <node id="4241551111" visible="true" version="1" changeset="39995866" timestamp="2016-06-13T16:13:10Z" user="trenddays" uid="4073413" lat="34.1938576" lon="131.4997222"/>
 <node id="4241551112" visible="true" version="1" changeset="39995866" timestamp="2016-06-13T16:13:10Z" user="trenddays" uid="4073413" lat="34.1938962" lon="131.4998775"/>
 <node id="4241551113" visible="true" version="1" changeset="39995866" timestamp="2016-06-13T16:13:10Z" user="trenddays" uid="4073413" lat="34.1939841" lon="131.4998471"/>
 <node id="4241551114" visible="true" version="1" changeset="39995866" timestamp="2016-06-13T16:13:10Z" user="trenddays" uid="4073413" lat="34.1942697" lon="131.4996058"/>
 <node id="4241551115" visible="true" version="1" changeset="39995866" timestamp="2016-06-13T16:13:10Z" user="trenddays" uid="4073413" lat="34.1941780" lon="131.4996303"/>
 <node id="4241551116" visible="true" version="1" changeset="39995866" timestamp="2016-06-13T16:13:10Z" user="trenddays" uid="4073413" lat="34.1942108" lon="131.4998381"/>
 <node id="4241551117" visible="true" version="1" changeset="39995866" timestamp="2016-06-13T16:13:10Z" user="trenddays" uid="4073413" lat="34.1943035" lon="131.4998113"/>
 <node id="4241551177" visible="true" version="1" changeset="39995866" timestamp="2016-06-13T16:13:11Z" user="trenddays" uid="4073413" lat="34.1932418" lon="131.4997227"/>
 <node id="4241551178" visible="true" version="1" changeset="39995866" timestamp="2016-06-13T16:13:11Z" user="trenddays" uid="4073413" lat="34.1931695" lon="131.4997928"/>
 <node id="4241551179" visible="true" version="1" changeset="39995866" timestamp="2016-06-13T16:13:11Z" user="trenddays" uid="4073413" lat="34.1932592" lon="131.4999142"/>
 <node id="4241551180" visible="true" version="1" changeset="39995866" timestamp="2016-06-13T16:13:11Z" user="trenddays" uid="4073413" lat="34.1932708" lon="131.4999002"/>
 <node id="4241551181" visible="true" version="1" changeset="39995866" timestamp="2016-06-13T16:13:11Z" user="trenddays" uid="4073413" lat="34.1934832" lon="131.5002154"/>
 <node id="4241551182" visible="true" version="1" changeset="39995866" timestamp="2016-06-13T16:13:11Z" user="trenddays" uid="4073413" lat="34.1935412" lon="131.5001640"/>
 <node id="4241551183" visible="true" version="1" changeset="39995866" timestamp="2016-06-13T16:13:11Z" user="trenddays" uid="4073413" lat="34.1932050" lon="131.4999631"/>
 <node id="4241551184" visible="true" version="1" changeset="39995866" timestamp="2016-06-13T16:13:11Z" user="trenddays" uid="4073413" lat="34.1933725" lon="131.5001857"/>
 <node id="4241551185" visible="true" version="1" changeset="39995866" timestamp="2016-06-13T16:13:11Z" user="trenddays" uid="4073413" lat="34.1933181" lon="131.5002554"/>
 <node id="4241551186" visible="true" version="1" changeset="39995866" timestamp="2016-06-13T16:13:11Z" user="trenddays" uid="4073413" lat="34.1931440" lon="131.5000247"/>
 <node id="4241551187" visible="true" version="1" changeset="39995866" timestamp="2016-06-13T16:13:11Z" user="trenddays" uid="4073413" lat="34.1929200" lon="131.4993069"/>
 <node id="4241551188" visible="true" version="1" changeset="39995866" timestamp="2016-06-13T16:13:11Z" user="trenddays" uid="4073413" lat="34.1929771" lon="131.4994325"/>
 <node id="4241551189" visible="true" version="1" changeset="39995866" timestamp="2016-06-13T16:13:11Z" user="trenddays" uid="4073413" lat="34.1929961" lon="131.4994237"/>
 <node id="4241551190" visible="true" version="1" changeset="39995866" timestamp="2016-06-13T16:13:11Z" user="trenddays" uid="4073413" lat="34.1930283" lon="131.4994998"/>
 <node id="4241551191" visible="true" version="1" changeset="39995866" timestamp="2016-06-13T16:13:11Z" user="trenddays" uid="4073413" lat="34.1929273" lon="131.4995599"/>
 <node id="4241551192" visible="true" version="1" changeset="39995866" timestamp="2016-06-13T16:13:11Z" user="trenddays" uid="4073413" lat="34.1928995" lon="131.4994909"/>
 <node id="4241551193" visible="true" version="1" changeset="39995866" timestamp="2016-06-13T16:13:11Z" user="trenddays" uid="4073413" lat="34.1929185" lon="131.4994785"/>
 <node id="4241551194" visible="true" version="1" changeset="39995866" timestamp="2016-06-13T16:13:11Z" user="trenddays" uid="4073413" lat="34.1928614" lon="131.4993529"/>
 <node id="4241551195" visible="true" version="1" changeset="39995866" timestamp="2016-06-13T16:13:11Z" user="trenddays" uid="4073413" lat="34.1927458" lon="131.4991582"/>
 <node id="4241551196" visible="true" version="1" changeset="39995866" timestamp="2016-06-13T16:13:11Z" user="trenddays" uid="4073413" lat="34.1926536" lon="131.4992273"/>
 <node id="4241551197" visible="true" version="1" changeset="39995866" timestamp="2016-06-13T16:13:11Z" user="trenddays" uid="4073413" lat="34.1927077" lon="131.4993263"/>
 <node id="4241551198" visible="true" version="1" changeset="39995866" timestamp="2016-06-13T16:13:11Z" user="trenddays" uid="4073413" lat="34.1927970" lon="131.4992520"/>
 <node id="4241551199" visible="true" version="1" changeset="39995866" timestamp="2016-06-13T16:13:11Z" user="trenddays" uid="4073413" lat="34.1924739" lon="131.4992360"/>
 <node id="4241551200" visible="true" version="1" changeset="39995866" timestamp="2016-06-13T16:13:12Z" user="trenddays" uid="4073413" lat="34.1923652" lon="131.4992990"/>
 <node id="4241551201" visible="true" version="1" changeset="39995866" timestamp="2016-06-13T16:13:12Z" user="trenddays" uid="4073413" lat="34.1924295" lon="131.4994519"/>
 <node id="4241551202" visible="true" version="1" changeset="39995866" timestamp="2016-06-13T16:13:12Z" user="trenddays" uid="4073413" lat="34.1925327" lon="131.4993902"/>
 <node id="4241551203" visible="true" version="1" changeset="39995866" timestamp="2016-06-13T16:13:12Z" user="trenddays" uid="4073413" lat="34.1926669" lon="131.4993258"/>
 <node id="4241551204" visible="true" version="1" changeset="39995866" timestamp="2016-06-13T16:13:12Z" user="trenddays" uid="4073413" lat="34.1926014" lon="131.4993661"/>
 <node id="4241551205" visible="true" version="1" changeset="39995866" timestamp="2016-06-13T16:13:12Z" user="trenddays" uid="4073413" lat="34.1926314" lon="131.4994331"/>
 <node id="4241551206" visible="true" version="1" changeset="39995866" timestamp="2016-06-13T16:13:12Z" user="trenddays" uid="4073413" lat="34.1926946" lon="131.4993916"/>
 <node id="4241551207" visible="true" version="1" changeset="39995866" timestamp="2016-06-13T16:13:12Z" user="trenddays" uid="4073413" lat="34.1927945" lon="131.4995404"/>
 <node id="4241551208" visible="true" version="1" changeset="39995866" timestamp="2016-06-13T16:13:12Z" user="trenddays" uid="4073413" lat="34.1926747" lon="131.4996115"/>
 <node id="4241551209" visible="true" version="1" changeset="39995866" timestamp="2016-06-13T16:13:12Z" user="trenddays" uid="4073413" lat="34.1927090" lon="131.4996853"/>
 <node id="4241551210" visible="true" version="1" changeset="39995866" timestamp="2016-06-13T16:13:12Z" user="trenddays" uid="4073413" lat="34.1928244" lon="131.4996182"/>
 <node id="4241551211" visible="true" version="1" changeset="39995866" timestamp="2016-06-13T16:13:12Z" user="trenddays" uid="4073413" lat="34.1925826" lon="131.4995860"/>
 <node id="4241551212" visible="true" version="1" changeset="39995866" timestamp="2016-06-13T16:13:12Z" user="trenddays" uid="4073413" lat="34.1924794" lon="131.4996584"/>
 <node id="4241551213" visible="true" version="1" changeset="39995866" timestamp="2016-06-13T16:13:12Z" user="trenddays" uid="4073413" lat="34.1925160" lon="131.4997335"/>
 <node id="4241551214" visible="true" version="1" changeset="39995866" timestamp="2016-06-13T16:13:12Z" user="trenddays" uid="4073413" lat="34.1926181" lon="131.4996638"/>
 <node id="4241551215" visible="true" version="1" changeset="39995866" timestamp="2016-06-13T16:13:12Z" user="trenddays" uid="4073413" lat="34.1927812" lon="131.4997349"/>
 <node id="4241551216" visible="true" version="1" changeset="39995866" timestamp="2016-06-13T16:13:12Z" user="trenddays" uid="4073413" lat="34.1926858" lon="131.4997778"/>
 <node id="4241551217" visible="true" version="1" changeset="39995866" timestamp="2016-06-13T16:13:12Z" user="trenddays" uid="4073413" lat="34.1927224" lon="131.4998931"/>
 <node id="4241551218" visible="true" version="1" changeset="39995866" timestamp="2016-06-13T16:13:12Z" user="trenddays" uid="4073413" lat="34.1928178" lon="131.4998529"/>
 <node id="4241551219" visible="true" version="1" changeset="39995866" timestamp="2016-06-13T16:13:12Z" user="trenddays" uid="4073413" lat="34.1928411" lon="131.4998663"/>
 <node id="4241551220" visible="true" version="1" changeset="39995866" timestamp="2016-06-13T16:13:12Z" user="trenddays" uid="4073413" lat="34.1927290" lon="131.4999267"/>
 <node id="4241551221" visible="true" version="1" changeset="39995866" timestamp="2016-06-13T16:13:12Z" user="trenddays" uid="4073413" lat="34.1927590" lon="131.5000058"/>
 <node id="4241551222" visible="true" version="1" changeset="39995866" timestamp="2016-06-13T16:13:12Z" user="trenddays" uid="4073413" lat="34.1928677" lon="131.4999481"/>
 <node id="4241551223" visible="true" version="1" changeset="39995866" timestamp="2016-06-13T16:13:12Z" user="trenddays" uid="4073413" lat="34.1929032" lon="131.4998037"/>
 <node id="4241551224" visible="true" version="1" changeset="39995866" timestamp="2016-06-13T16:13:12Z" user="trenddays" uid="4073413" lat="34.1928530" lon="131.4998283"/>
 <node id="4241551225" visible="true" version="1" changeset="39995866" timestamp="2016-06-13T16:13:12Z" user="trenddays" uid="4073413" lat="34.1928877" lon="131.4999240"/>
 <node id="4241551226" visible="true" version="1" changeset="39995866" timestamp="2016-06-13T16:13:12Z" user="trenddays" uid="4073413" lat="34.1929360" lon="131.4998983"/>
 <node id="4241551227" visible="true" version="1" changeset="39995866" timestamp="2016-06-13T16:13:12Z" user="trenddays" uid="4073413" lat="34.1929003" lon="131.4999730"/>
 <node id="4241551228" visible="true" version="1" changeset="39995866" timestamp="2016-06-13T16:13:12Z" user="trenddays" uid="4073413" lat="34.1928288" lon="131.5000174"/>
 <node id="4241551229" visible="true" version="1" changeset="39995866" timestamp="2016-06-13T16:13:12Z" user="trenddays" uid="4073413" lat="34.1928617" lon="131.5001003"/>
 <node id="4241551230" visible="true" version="1" changeset="39995866" timestamp="2016-06-13T16:13:12Z" user="trenddays" uid="4073413" lat="34.1929331" lon="131.5000606"/>
 <node id="4248676718" visible="true" version="1" changeset="40097697" timestamp="2016-06-17T15:44:57Z" user="trenddays" uid="4073413" lat="34.1923702" lon="131.4969905"/>
 <node id="4248676719" visible="true" version="1" changeset="40097697" timestamp="2016-06-17T15:44:57Z" user="trenddays" uid="4073413" lat="34.1924855" lon="131.4970622"/>
 <node id="4248676720" visible="true" version="1" changeset="40097697" timestamp="2016-06-17T15:44:57Z" user="trenddays" uid="4073413" lat="34.1926285" lon="131.4971042"/>
 <node id="4248676721" visible="true" version="1" changeset="40097697" timestamp="2016-06-17T15:44:57Z" user="trenddays" uid="4073413" lat="34.1927115" lon="131.4971486"/>
 <node id="4248676722" visible="true" version="1" changeset="40097697" timestamp="2016-06-17T15:44:57Z" user="trenddays" uid="4073413" lat="34.1927385" lon="131.4971486"/>
 <node id="4248676723" visible="true" version="1" changeset="40097697" timestamp="2016-06-17T15:44:57Z" user="trenddays" uid="4073413" lat="34.1928100" lon="131.4971369"/>
 <node id="4248676724" visible="true" version="1" changeset="40097697" timestamp="2016-06-17T15:44:57Z" user="trenddays" uid="4073413" lat="34.1928834" lon="131.4971159"/>
 <node id="4248676725" visible="true" version="1" changeset="40097697" timestamp="2016-06-17T15:44:57Z" user="trenddays" uid="4073413" lat="34.1929529" lon="131.4971229"/>
 <node id="4248676726" visible="true" version="1" changeset="40097697" timestamp="2016-06-17T15:44:57Z" user="trenddays" uid="4073413" lat="34.1930572" lon="131.4972093"/>
 <node id="4248676727" visible="true" version="1" changeset="40097697" timestamp="2016-06-17T15:44:57Z" user="trenddays" uid="4073413" lat="34.1933682" lon="131.4974615"/>
 <node id="4248676728" visible="true" version="1" changeset="40097697" timestamp="2016-06-17T15:44:57Z" user="trenddays" uid="4073413" lat="34.1934454" lon="131.4974895"/>
 <node id="4248676729" visible="true" version="1" changeset="40097697" timestamp="2016-06-17T15:44:57Z" user="trenddays" uid="4073413" lat="34.1935826" lon="131.4975385"/>
 <node id="4248676730" visible="true" version="1" changeset="40097697" timestamp="2016-06-17T15:44:57Z" user="trenddays" uid="4073413" lat="34.1936675" lon="131.4975759"/>
 <node id="4248676731" visible="true" version="1" changeset="40097697" timestamp="2016-06-17T15:44:57Z" user="trenddays" uid="4073413" lat="34.1937274" lon="131.4976483"/>
 <node id="4248676732" visible="true" version="1" changeset="40097697" timestamp="2016-06-17T15:44:57Z" user="trenddays" uid="4073413" lat="34.1937718" lon="131.4977627"/>
 <node id="4248676733" visible="true" version="1" changeset="40097697" timestamp="2016-06-17T15:44:57Z" user="trenddays" uid="4073413" lat="34.1937931" lon="131.4979144"/>
 <node id="4248676734" visible="true" version="1" changeset="40097697" timestamp="2016-06-17T15:44:57Z" user="trenddays" uid="4073413" lat="34.1937863" lon="131.4980512"/>
 <node id="4248676757" visible="true" version="1" changeset="40097697" timestamp="2016-06-17T15:44:57Z" user="trenddays" uid="4073413" lat="34.1932630" lon="131.4973762"/>
 <node id="4248676899" visible="true" version="1" changeset="40097697" timestamp="2016-06-17T15:44:58Z" user="trenddays" uid="4073413" lat="34.1916123" lon="131.4969113"/>
 <node id="4248676900" visible="true" version="1" changeset="40097697" timestamp="2016-06-17T15:44:58Z" user="trenddays" uid="4073413" lat="34.1911230" lon="131.4963989"/>
 <node id="4248676944" visible="true" version="1" changeset="40097697" timestamp="2016-06-17T15:44:59Z" user="trenddays" uid="4073413" lat="34.1929419" lon="131.4991928"/>
 <node id="4248823264" visible="true" version="1" changeset="40099432" timestamp="2016-06-17T17:11:34Z" user="trenddays" uid="4073413" lat="34.1938071" lon="131.5016371"/>
 <node id="4248823265" visible="true" version="2" changeset="84974060" timestamp="2020-05-10T14:35:57Z" user="hibagonsan" uid="5939709" lat="34.1935828" lon="131.5013465"/>
 <node id="4248823266" visible="true" version="2" changeset="84974060" timestamp="2020-05-10T14:35:57Z" user="hibagonsan" uid="5939709" lat="34.1933566" lon="131.5010809"/>
 <node id="4248823267" visible="true" version="1" changeset="40099432" timestamp="2016-06-17T17:11:34Z" user="trenddays" uid="4073413" lat="34.1929896" lon="131.5006513"/>
 <node id="4248823268" visible="true" version="1" changeset="40099432" timestamp="2016-06-17T17:11:34Z" user="trenddays" uid="4073413" lat="34.1929471" lon="131.5006373"/>
 <node id="4248823269" visible="true" version="1" changeset="40099432" timestamp="2016-06-17T17:11:34Z" user="trenddays" uid="4073413" lat="34.1929143" lon="131.5006513"/>
 <node id="4248823270" visible="true" version="1" changeset="40099432" timestamp="2016-06-17T17:11:34Z" user="trenddays" uid="4073413" lat="34.1927617" lon="131.5008568"/>
 <node id="4248823271" visible="true" version="1" changeset="40099432" timestamp="2016-06-17T17:11:34Z" user="trenddays" uid="4073413" lat="34.1926052" lon="131.5010693"/>
 <node id="4248823272" visible="true" version="1" changeset="40099432" timestamp="2016-06-17T17:11:34Z" user="trenddays" uid="4073413" lat="34.1926149" lon="131.5012000"/>
 <node id="4248823273" visible="true" version="2" changeset="84974060" timestamp="2020-05-10T14:35:57Z" user="hibagonsan" uid="5939709" lat="34.1925363" lon="131.5012864"/>
 <node id="4248823274" visible="true" version="2" changeset="84974060" timestamp="2020-05-10T14:35:57Z" user="hibagonsan" uid="5939709" lat="34.1925059" lon="131.5012961"/>
 <node id="4248823275" visible="true" version="2" changeset="84974060" timestamp="2020-05-10T14:35:57Z" user="hibagonsan" uid="5939709" lat="34.1924827" lon="131.5012968"/>
 <node id="4248823276" visible="true" version="2" changeset="84974060" timestamp="2020-05-10T14:35:57Z" user="hibagonsan" uid="5939709" lat="34.1924560" lon="131.5012780"/>
 <node id="4248823277" visible="true" version="2" changeset="84974060" timestamp="2020-05-10T14:35:57Z" user="hibagonsan" uid="5939709" lat="34.1923669" lon="131.5011640"/>
 <node id="4248823278" visible="true" version="2" changeset="84974060" timestamp="2020-05-10T14:35:57Z" user="hibagonsan" uid="5939709" lat="34.1923246" lon="131.5011232"/>
 <node id="4248823810" visible="true" version="2" changeset="84974060" timestamp="2020-05-10T14:35:57Z" user="hibagonsan" uid="5939709" lat="34.1927984" lon="131.5009023"/>
 <node id="4248823811" visible="true" version="2" changeset="84974060" timestamp="2020-05-10T14:35:57Z" user="hibagonsan" uid="5939709" lat="34.1928549" lon="131.5009705"/>
 <node id="4248823812" visible="true" version="2" changeset="84974060" timestamp="2020-05-10T14:35:57Z" user="hibagonsan" uid="5939709" lat="34.1929938" lon="131.5011293"/>
 <node id="4248823813" visible="true" version="2" changeset="84974060" timestamp="2020-05-10T14:35:57Z" user="hibagonsan" uid="5939709" lat="34.1930850" lon="131.5012382"/>
 <node id="4248823814" visible="true" version="2" changeset="84974060" timestamp="2020-05-10T14:35:57Z" user="hibagonsan" uid="5939709" lat="34.1931530" lon="131.5013230"/>
 <node id="4250541891" visible="true" version="1" changeset="40117129" timestamp="2016-06-18T14:24:29Z" user="trenddays" uid="4073413" lat="34.1910890" lon="131.4963641"/>
 <node id="6541213380" visible="true" version="1" changeset="71162181" timestamp="2019-06-12T02:00:25Z" user="hibagonsan" uid="5939709" lat="34.1944247" lon="131.5004616"/>
 <node id="6541213381" visible="true" version="1" changeset="71162181" timestamp="2019-06-12T02:00:25Z" user="hibagonsan" uid="5939709" lat="34.1943981" lon="131.5005206"/>
 <node id="6541213382" visible="true" version="1" changeset="71162181" timestamp="2019-06-12T02:00:25Z" user="hibagonsan" uid="5939709" lat="34.1944427" lon="131.5005501"/>
 <node id="6541213383" visible="true" version="1" changeset="71162181" timestamp="2019-06-12T02:00:25Z" user="hibagonsan" uid="5939709" lat="34.1944693" lon="131.5004911"/>
 <node id="6541213384" visible="true" version="1" changeset="71162181" timestamp="2019-06-12T02:00:25Z" user="hibagonsan" uid="5939709" lat="34.1943377" lon="131.5005254"/>
 <node id="6541223085" visible="true" version="1" changeset="71162181" timestamp="2019-06-12T02:00:25Z" user="hibagonsan" uid="5939709" lat="34.1942579" lon="131.5004650"/>
 <node id="6541223086" visible="true" version="1" changeset="71162181" timestamp="2019-06-12T02:00:25Z" user="hibagonsan" uid="5939709" lat="34.1942153" lon="131.5005474"/>
 <node id="6541223087" visible="true" version="1" changeset="71162181" timestamp="2019-06-12T02:00:25Z" user="hibagonsan" uid="5939709" lat="34.1942952" lon="131.5006077"/>
 <node id="6541223088" visible="true" version="1" changeset="71162181" timestamp="2019-06-12T02:00:25Z" user="hibagonsan" uid="5939709" lat="34.1942073" lon="131.5004938"/>
 <node id="6541223089" visible="true" version="1" changeset="71162181" timestamp="2019-06-12T02:00:25Z" user="hibagonsan" uid="5939709" lat="34.1941518" lon="131.5005354"/>
 <node id="6541223090" visible="true" version="1" changeset="71162181" timestamp="2019-06-12T02:00:25Z" user="hibagonsan" uid="5939709" lat="34.1941332" lon="131.5004991"/>
 <node id="6541223091" visible="true" version="1" changeset="71162181" timestamp="2019-06-12T02:00:25Z" user="hibagonsan" uid="5939709" lat="34.1941887" lon="131.5004575"/>
 <node id="6541223092" visible="true" version="1" changeset="71162181" timestamp="2019-06-12T02:00:25Z" user="hibagonsan" uid="5939709" lat="34.1940663" lon="131.5002959"/>
 <node id="6541223093" visible="true" version="1" changeset="71162181" timestamp="2019-06-12T02:00:25Z" user="hibagonsan" uid="5939709" lat="34.1941151" lon="131.5004192"/>
 <node id="6541223094" visible="true" version="1" changeset="71162181" timestamp="2019-06-12T02:00:25Z" user="hibagonsan" uid="5939709" lat="34.1942275" lon="131.5003543"/>
 <node id="6541223095" visible="true" version="1" changeset="71162181" timestamp="2019-06-12T02:00:25Z" user="hibagonsan" uid="5939709" lat="34.1941787" lon="131.5002309"/>
 <node id="6541223096" visible="true" version="1" changeset="71162181" timestamp="2019-06-12T02:00:25Z" user="hibagonsan" uid="5939709" lat="34.1940859" lon="131.5001719"/>
 <node id="6541223097" visible="true" version="1" changeset="71162181" timestamp="2019-06-12T02:00:25Z" user="hibagonsan" uid="5939709" lat="34.1940115" lon="131.5002054"/>
 <node id="6541223098" visible="true" version="1" changeset="71162181" timestamp="2019-06-12T02:00:25Z" user="hibagonsan" uid="5939709" lat="34.1940256" lon="131.5002510"/>
 <node id="6541223099" visible="true" version="1" changeset="71162181" timestamp="2019-06-12T02:00:25Z" user="hibagonsan" uid="5939709" lat="34.1940999" lon="131.5002175"/>
 <node id="6541223100" visible="true" version="1" changeset="71162181" timestamp="2019-06-12T02:00:25Z" user="hibagonsan" uid="5939709" lat="34.1939682" lon="131.5003057"/>
 <node id="6541223101" visible="true" version="1" changeset="71162181" timestamp="2019-06-12T02:00:25Z" user="hibagonsan" uid="5939709" lat="34.1939504" lon="131.5002427"/>
 <node id="6541223102" visible="true" version="1" changeset="71162181" timestamp="2019-06-12T02:00:25Z" user="hibagonsan" uid="5939709" lat="34.1939857" lon="131.5002282"/>
 <node id="6541223103" visible="true" version="1" changeset="71162181" timestamp="2019-06-12T02:00:25Z" user="hibagonsan" uid="5939709" lat="34.1940034" lon="131.5002912"/>
 <node id="6541223104" visible="true" version="1" changeset="71162181" timestamp="2019-06-12T02:00:25Z" user="hibagonsan" uid="5939709" lat="34.1939369" lon="131.5002027"/>
 <node id="6541223105" visible="true" version="1" changeset="71162181" timestamp="2019-06-12T02:00:25Z" user="hibagonsan" uid="5939709" lat="34.1939369" lon="131.5002818"/>
 <node id="6541223106" visible="true" version="1" changeset="71162181" timestamp="2019-06-12T02:00:25Z" user="hibagonsan" uid="5939709" lat="34.1938503" lon="131.5002818"/>
 <node id="6541223107" visible="true" version="1" changeset="71162181" timestamp="2019-06-12T02:00:25Z" user="hibagonsan" uid="5939709" lat="34.1938503" lon="131.5002027"/>
 <node id="6541223108" visible="true" version="1" changeset="71162181" timestamp="2019-06-12T02:00:25Z" user="hibagonsan" uid="5939709" lat="34.1935394" lon="131.5006670"/>
 <node id="6541223109" visible="true" version="1" changeset="71162181" timestamp="2019-06-12T02:00:25Z" user="hibagonsan" uid="5939709" lat="34.1936193" lon="131.5008668"/>
 <node id="6541223110" visible="true" version="1" changeset="71162181" timestamp="2019-06-12T02:00:25Z" user="hibagonsan" uid="5939709" lat="34.1937161" lon="131.5008102"/>
 <node id="6541223111" visible="true" version="1" changeset="71162181" timestamp="2019-06-12T02:00:25Z" user="hibagonsan" uid="5939709" lat="34.1936362" lon="131.5006104"/>
 <node id="6541223112" visible="true" version="1" changeset="71162181" timestamp="2019-06-12T02:00:25Z" user="hibagonsan" uid="5939709" lat="34.1938315" lon="131.5006081"/>
 <node id="6541223113" visible="true" version="1" changeset="71162181" timestamp="2019-06-12T02:00:25Z" user="hibagonsan" uid="5939709" lat="34.1937661" lon="131.5006658"/>
 <node id="6541223114" visible="true" version="1" changeset="71162181" timestamp="2019-06-12T02:00:25Z" user="hibagonsan" uid="5939709" lat="34.1937117" lon="131.5005755"/>
 <node id="6541223115" visible="true" version="1" changeset="71162181" timestamp="2019-06-12T02:00:25Z" user="hibagonsan" uid="5939709" lat="34.1937771" lon="131.5005179"/>
 <node id="6541223116" visible="true" version="1" changeset="71162181" timestamp="2019-06-12T02:00:25Z" user="hibagonsan" uid="5939709" lat="34.1936604" lon="131.5005945"/>
 <node id="6541223117" visible="true" version="1" changeset="71162181" timestamp="2019-06-12T02:00:25Z" user="hibagonsan" uid="5939709" lat="34.1936127" lon="131.5004993"/>
 <node id="6541223118" visible="true" version="1" changeset="71162181" timestamp="2019-06-12T02:00:25Z" user="hibagonsan" uid="5939709" lat="34.1936917" lon="131.5004414"/>
 <node id="6541223119" visible="true" version="1" changeset="71162181" timestamp="2019-06-12T02:00:25Z" user="hibagonsan" uid="5939709" lat="34.1937394" lon="131.5005366"/>
 <node id="6541223120" visible="true" version="1" changeset="71162181" timestamp="2019-06-12T02:00:25Z" user="hibagonsan" uid="5939709" lat="34.1935034" lon="131.5004249"/>
 <node id="6541223121" visible="true" version="1" changeset="71162181" timestamp="2019-06-12T02:00:25Z" user="hibagonsan" uid="5939709" lat="34.1935300" lon="131.5005255"/>
 <node id="6541223122" visible="true" version="1" changeset="71162181" timestamp="2019-06-12T02:00:25Z" user="hibagonsan" uid="5939709" lat="34.1935775" lon="131.5005071"/>
 <node id="6541223123" visible="true" version="1" changeset="71162181" timestamp="2019-06-12T02:00:25Z" user="hibagonsan" uid="5939709" lat="34.1935508" lon="131.5004066"/>
 <node id="6541223124" visible="true" version="1" changeset="71162181" timestamp="2019-06-12T02:00:25Z" user="hibagonsan" uid="5939709" lat="34.1935175" lon="131.5005643"/>
 <node id="6541223125" visible="true" version="1" changeset="71162181" timestamp="2019-06-12T02:00:25Z" user="hibagonsan" uid="5939709" lat="34.1934885" lon="131.5005770"/>
 <node id="6541223126" visible="true" version="1" changeset="71162181" timestamp="2019-06-12T02:00:25Z" user="hibagonsan" uid="5939709" lat="34.1934947" lon="131.5005979"/>
 <node id="6541223127" visible="true" version="1" changeset="71162181" timestamp="2019-06-12T02:00:25Z" user="hibagonsan" uid="5939709" lat="34.1934561" lon="131.5003586"/>
 <node id="6541223128" visible="true" version="1" changeset="71162181" timestamp="2019-06-12T02:00:25Z" user="hibagonsan" uid="5939709" lat="34.1933800" lon="131.5003918"/>
 <node id="6541223129" visible="true" version="1" changeset="71162181" timestamp="2019-06-12T02:00:25Z" user="hibagonsan" uid="5939709" lat="34.1934477" lon="131.5006185"/>
 <node id="6541223130" visible="true" version="1" changeset="71162181" timestamp="2019-06-12T02:00:25Z" user="hibagonsan" uid="5939709" lat="34.1939332" lon="131.5006417"/>
 <node id="6541223131" visible="true" version="1" changeset="71162181" timestamp="2019-06-12T02:00:25Z" user="hibagonsan" uid="5939709" lat="34.1939088" lon="131.5006122"/>
 <node id="6541223132" visible="true" version="1" changeset="71162181" timestamp="2019-06-12T02:00:25Z" user="hibagonsan" uid="5939709" lat="34.1939302" lon="131.5005863"/>
 <node id="6541223133" visible="true" version="1" changeset="71162181" timestamp="2019-06-12T02:00:25Z" user="hibagonsan" uid="5939709" lat="34.1939546" lon="131.5006158"/>
 <node id="6541223138" visible="true" version="1" changeset="71162181" timestamp="2019-06-12T02:00:25Z" user="hibagonsan" uid="5939709" lat="34.1939540" lon="131.5006935"/>
 <node id="6541223139" visible="true" version="1" changeset="71162181" timestamp="2019-06-12T02:00:25Z" user="hibagonsan" uid="5939709" lat="34.1939868" lon="131.5007187"/>
 <node id="6541223140" visible="true" version="1" changeset="71162181" timestamp="2019-06-12T02:00:25Z" user="hibagonsan" uid="5939709" lat="34.1940250" lon="131.5006461"/>
 <node id="6541223141" visible="true" version="1" changeset="71162181" timestamp="2019-06-12T02:00:25Z" user="hibagonsan" uid="5939709" lat="34.1939323" lon="131.5007349"/>
 <node id="6541223142" visible="true" version="1" changeset="71162181" timestamp="2019-06-12T02:00:25Z" user="hibagonsan" uid="5939709" lat="34.1940112" lon="131.5007955"/>
 <node id="6541223143" visible="true" version="1" changeset="71162181" timestamp="2019-06-12T02:00:25Z" user="hibagonsan" uid="5939709" lat="34.1940711" lon="131.5006815"/>
 <node id="6541223144" visible="true" version="1" changeset="71162181" timestamp="2019-06-12T02:00:25Z" user="hibagonsan" uid="5939709" lat="34.1942586" lon="131.5008497"/>
 <node id="6541223145" visible="true" version="1" changeset="71162181" timestamp="2019-06-12T02:00:25Z" user="hibagonsan" uid="5939709" lat="34.1941910" lon="131.5009691"/>
 <node id="6541223146" visible="true" version="1" changeset="71162181" timestamp="2019-06-12T02:00:25Z" user="hibagonsan" uid="5939709" lat="34.1941077" lon="131.5009001"/>
 <node id="6541223147" visible="true" version="1" changeset="71162181" timestamp="2019-06-12T02:00:25Z" user="hibagonsan" uid="5939709" lat="34.1941754" lon="131.5007807"/>
 <node id="6541223148" visible="true" version="1" changeset="71162181" timestamp="2019-06-12T02:00:25Z" user="hibagonsan" uid="5939709" lat="34.1943756" lon="131.5008870"/>
 <node id="6541223149" visible="true" version="1" changeset="71162181" timestamp="2019-06-12T02:00:25Z" user="hibagonsan" uid="5939709" lat="34.1943424" lon="131.5009393"/>
 <node id="6541223150" visible="true" version="1" changeset="71162181" timestamp="2019-06-12T02:00:25Z" user="hibagonsan" uid="5939709" lat="34.1943795" lon="131.5009738"/>
 <node id="6541223151" visible="true" version="1" changeset="71162181" timestamp="2019-06-12T02:00:25Z" user="hibagonsan" uid="5939709" lat="34.1944127" lon="131.5009215"/>
 <node id="6541232174" visible="true" version="1" changeset="71162377" timestamp="2019-06-12T02:14:38Z" user="hibagonsan" uid="5939709" lat="34.1944857" lon="131.4986749"/>
 <node id="6541232175" visible="true" version="1" changeset="71162377" timestamp="2019-06-12T02:14:38Z" user="hibagonsan" uid="5939709" lat="34.1944247" lon="131.4985663"/>
 <node id="6541232176" visible="true" version="1" changeset="71162377" timestamp="2019-06-12T02:14:38Z" user="hibagonsan" uid="5939709" lat="34.1943917" lon="131.4985934"/>
 <node id="6541232177" visible="true" version="1" changeset="71162377" timestamp="2019-06-12T02:14:38Z" user="hibagonsan" uid="5939709" lat="34.1944527" lon="131.4987020"/>
 <node id="6541232182" visible="true" version="1" changeset="71162377" timestamp="2019-06-12T02:14:38Z" user="hibagonsan" uid="5939709" lat="34.1943701" lon="131.4985947"/>
 <node id="6541232183" visible="true" version="1" changeset="71162377" timestamp="2019-06-12T02:14:38Z" user="hibagonsan" uid="5939709" lat="34.1944988" lon="131.4988254"/>
 <node id="6541232184" visible="true" version="1" changeset="71162377" timestamp="2019-06-12T02:14:38Z" user="hibagonsan" uid="5939709" lat="34.1944593" lon="131.4988576"/>
 <node id="6541232185" visible="true" version="1" changeset="71162377" timestamp="2019-06-12T02:14:38Z" user="hibagonsan" uid="5939709" lat="34.1943307" lon="131.4986269"/>
 <node id="6541232186" visible="true" version="1" changeset="71162377" timestamp="2019-06-12T02:14:38Z" user="hibagonsan" uid="5939709" lat="34.1940140" lon="131.4980893"/>
 <node id="6541232187" visible="true" version="1" changeset="71162377" timestamp="2019-06-12T02:14:38Z" user="hibagonsan" uid="5939709" lat="34.1940994" lon="131.4982569"/>
 <node id="6541232188" visible="true" version="1" changeset="71162377" timestamp="2019-06-12T02:14:38Z" user="hibagonsan" uid="5939709" lat="34.1941698" lon="131.4982045"/>
 <node id="6541232189" visible="true" version="1" changeset="71162377" timestamp="2019-06-12T02:14:38Z" user="hibagonsan" uid="5939709" lat="34.1940844" lon="131.4980368"/>
 <node id="6541232190" visible="true" version="1" changeset="71162377" timestamp="2019-06-12T02:14:38Z" user="hibagonsan" uid="5939709" lat="34.1935345" lon="131.4996760"/>
 <node id="6541232191" visible="true" version="1" changeset="71162377" timestamp="2019-06-12T02:14:38Z" user="hibagonsan" uid="5939709" lat="34.1936055" lon="131.4998128"/>
 <node id="6541232192" visible="true" version="1" changeset="71162377" timestamp="2019-06-12T02:14:38Z" user="hibagonsan" uid="5939709" lat="34.1936695" lon="131.4997642"/>
 <node id="6541232193" visible="true" version="1" changeset="71162377" timestamp="2019-06-12T02:14:38Z" user="hibagonsan" uid="5939709" lat="34.1935985" lon="131.4996274"/>
 <node id="6541232194" visible="true" version="1" changeset="71162377" timestamp="2019-06-12T02:14:38Z" user="hibagonsan" uid="5939709" lat="34.1930410" lon="131.5000712"/>
 <node id="6541232195" visible="true" version="1" changeset="71162377" timestamp="2019-06-12T02:14:38Z" user="hibagonsan" uid="5939709" lat="34.1929634" lon="131.5001154"/>
 <node id="6541232196" visible="true" version="1" changeset="71162377" timestamp="2019-06-12T02:14:38Z" user="hibagonsan" uid="5939709" lat="34.1929995" lon="131.5002081"/>
 <node id="6541232197" visible="true" version="1" changeset="71162377" timestamp="2019-06-12T02:14:38Z" user="hibagonsan" uid="5939709" lat="34.1930772" lon="131.5001638"/>
 <node id="6541232198" visible="true" version="1" changeset="71162377" timestamp="2019-06-12T02:14:38Z" user="hibagonsan" uid="5939709" lat="34.1933856" lon="131.5005598"/>
 <node id="6541232199" visible="true" version="1" changeset="71162377" timestamp="2019-06-12T02:14:38Z" user="hibagonsan" uid="5939709" lat="34.1934178" lon="131.5006725"/>
 <node id="6541232200" visible="true" version="1" changeset="71162377" timestamp="2019-06-12T02:14:38Z" user="hibagonsan" uid="5939709" lat="34.1934443" lon="131.5006614"/>
 <node id="6541232201" visible="true" version="1" changeset="71162377" timestamp="2019-06-12T02:14:38Z" user="hibagonsan" uid="5939709" lat="34.1934122" lon="131.5005487"/>
 <node id="6541232202" visible="true" version="1" changeset="71162377" timestamp="2019-06-12T02:14:38Z" user="hibagonsan" uid="5939709" lat="34.1933658" lon="131.5006102"/>
 <node id="6541232203" visible="true" version="1" changeset="71162377" timestamp="2019-06-12T02:14:38Z" user="hibagonsan" uid="5939709" lat="34.1934146" lon="131.5007778"/>
 <node id="6541232204" visible="true" version="1" changeset="71162377" timestamp="2019-06-12T02:14:38Z" user="hibagonsan" uid="5939709" lat="34.1933478" lon="131.5008062"/>
 <node id="6541232205" visible="true" version="1" changeset="71162377" timestamp="2019-06-12T02:14:38Z" user="hibagonsan" uid="5939709" lat="34.1932990" lon="131.5006386"/>
 <node id="6541232206" visible="true" version="1" changeset="71162377" timestamp="2019-06-12T02:14:38Z" user="hibagonsan" uid="5939709" lat="34.1932905" lon="131.5004503"/>
 <node id="6541232207" visible="true" version="1" changeset="71162377" timestamp="2019-06-12T02:14:38Z" user="hibagonsan" uid="5939709" lat="34.1931873" lon="131.5004959"/>
 <node id="6541232208" visible="true" version="1" changeset="71162377" timestamp="2019-06-12T02:14:38Z" user="hibagonsan" uid="5939709" lat="34.1932236" lon="131.5006158"/>
 <node id="6541232209" visible="true" version="1" changeset="71162377" timestamp="2019-06-12T02:14:38Z" user="hibagonsan" uid="5939709" lat="34.1933268" lon="131.5005702"/>
 <node id="6541232210" visible="true" version="1" changeset="71162377" timestamp="2019-06-12T02:14:38Z" user="hibagonsan" uid="5939709" lat="34.1932231" lon="131.5003411"/>
 <node id="6541232211" visible="true" version="1" changeset="71162377" timestamp="2019-06-12T02:14:38Z" user="hibagonsan" uid="5939709" lat="34.1932486" lon="131.5004363"/>
 <node id="6541232212" visible="true" version="1" changeset="71162377" timestamp="2019-06-12T02:14:38Z" user="hibagonsan" uid="5939709" lat="34.1933245" lon="131.5004066"/>
 <node id="6541232213" visible="true" version="1" changeset="71162377" timestamp="2019-06-12T02:14:38Z" user="hibagonsan" uid="5939709" lat="34.1932990" lon="131.5003113"/>
 <node id="6541232230" visible="true" version="1" changeset="71162377" timestamp="2019-06-12T02:14:38Z" user="hibagonsan" uid="5939709" lat="34.1941441" lon="131.5009688"/>
 <node id="6541232231" visible="true" version="1" changeset="71162377" timestamp="2019-06-12T02:14:38Z" user="hibagonsan" uid="5939709" lat="34.1940753" lon="131.5010935"/>
 <node id="6541232232" visible="true" version="1" changeset="71162377" timestamp="2019-06-12T02:14:38Z" user="hibagonsan" uid="5939709" lat="34.1941132" lon="131.5011241"/>
 <node id="6541232233" visible="true" version="1" changeset="71162377" timestamp="2019-06-12T02:14:38Z" user="hibagonsan" uid="5939709" lat="34.1941820" lon="131.5009993"/>
 <node id="6541232234" visible="true" version="1" changeset="71162377" timestamp="2019-06-12T02:14:38Z" user="hibagonsan" uid="5939709" lat="34.1943723" lon="131.5004814"/>
 <node id="6541232235" visible="true" version="1" changeset="71162377" timestamp="2019-06-12T02:14:38Z" user="hibagonsan" uid="5939709" lat="34.1943562" lon="131.5005082"/>
 <node id="6541232236" visible="true" version="1" changeset="71162377" timestamp="2019-06-12T02:14:38Z" user="hibagonsan" uid="5939709" lat="34.1943795" lon="131.5005286"/>
 <node id="6541232237" visible="true" version="1" changeset="71162377" timestamp="2019-06-12T02:14:38Z" user="hibagonsan" uid="5939709" lat="34.1943955" lon="131.5005018"/>
 <node id="6541232238" visible="true" version="1" changeset="71162377" timestamp="2019-06-12T02:14:38Z" user="hibagonsan" uid="5939709" lat="34.1943832" lon="131.5003340"/>
 <node id="6541232239" visible="true" version="1" changeset="71162377" timestamp="2019-06-12T02:14:38Z" user="hibagonsan" uid="5939709" lat="34.1944270" lon="131.5004185"/>
 <node id="6541232240" visible="true" version="1" changeset="71162377" timestamp="2019-06-12T02:14:38Z" user="hibagonsan" uid="5939709" lat="34.1943684" lon="131.5004629"/>
 <node id="6541232241" visible="true" version="1" changeset="71162377" timestamp="2019-06-12T02:14:38Z" user="hibagonsan" uid="5939709" lat="34.1943246" lon="131.5003784"/>
 <node id="6541232242" visible="true" version="1" changeset="71162377" timestamp="2019-06-12T02:14:38Z" user="hibagonsan" uid="5939709" lat="34.1942807" lon="131.5003843"/>
 <node id="6541232243" visible="true" version="1" changeset="71162377" timestamp="2019-06-12T02:14:38Z" user="hibagonsan" uid="5939709" lat="34.1942513" lon="131.5004125"/>
 <node id="6541232244" visible="true" version="1" changeset="71162377" timestamp="2019-06-12T02:14:38Z" user="hibagonsan" uid="5939709" lat="34.1942730" lon="131.5004455"/>
 <node id="6541232245" visible="true" version="1" changeset="71162377" timestamp="2019-06-12T02:14:38Z" user="hibagonsan" uid="5939709" lat="34.1943024" lon="131.5004173"/>
 <node id="6541232246" visible="true" version="1" changeset="71162377" timestamp="2019-06-12T02:14:38Z" user="hibagonsan" uid="5939709" lat="34.1944148" lon="131.5001801"/>
 <node id="6541232247" visible="true" version="1" changeset="71162377" timestamp="2019-06-12T02:14:38Z" user="hibagonsan" uid="5939709" lat="34.1944902" lon="131.5003679"/>
 <node id="6541232248" visible="true" version="1" changeset="71162377" timestamp="2019-06-12T02:14:38Z" user="hibagonsan" uid="5939709" lat="34.1945614" lon="131.5003261"/>
 <node id="6541232249" visible="true" version="1" changeset="71162377" timestamp="2019-06-12T02:14:38Z" user="hibagonsan" uid="5939709" lat="34.1944860" lon="131.5001383"/>
 <node id="6768213100" visible="true" version="1" changeset="74017474" timestamp="2019-09-03T02:23:22Z" user="hibagonsan" uid="5939709" lat="34.1939354" lon="131.5000939"/>
 <node id="6768213101" visible="true" version="1" changeset="74017474" timestamp="2019-09-03T02:23:22Z" user="hibagonsan" uid="5939709" lat="34.1939010" lon="131.4999450"/>
 <node id="6768213102" visible="true" version="1" changeset="74017474" timestamp="2019-09-03T02:23:22Z" user="hibagonsan" uid="5939709" lat="34.1939879" lon="131.4999157"/>
 <node id="6768213103" visible="true" version="1" changeset="74017474" timestamp="2019-09-03T02:23:22Z" user="hibagonsan" uid="5939709" lat="34.1940223" lon="131.5000646"/>
 <node id="6768213104" visible="true" version="1" changeset="74017474" timestamp="2019-09-03T02:23:22Z" user="hibagonsan" uid="5939709" lat="34.1941797" lon="131.4998653"/>
 <node id="6768213105" visible="true" version="1" changeset="74017474" timestamp="2019-09-03T02:23:22Z" user="hibagonsan" uid="5939709" lat="34.1942140" lon="131.5000329"/>
 <node id="6768213106" visible="true" version="1" changeset="74017474" timestamp="2019-09-03T02:23:22Z" user="hibagonsan" uid="5939709" lat="34.1943007" lon="131.5000069"/>
 <node id="6768213107" visible="true" version="1" changeset="74017474" timestamp="2019-09-03T02:23:22Z" user="hibagonsan" uid="5939709" lat="34.1942663" lon="131.4998393"/>
 <node id="6768213108" visible="true" version="1" changeset="74017474" timestamp="2019-09-03T02:23:22Z" user="hibagonsan" uid="5939709" lat="34.1944645" lon="131.5000476"/>
 <node id="6768213109" visible="true" version="1" changeset="74017474" timestamp="2019-09-03T02:23:22Z" user="hibagonsan" uid="5939709" lat="34.1943525" lon="131.5000812"/>
 <node id="6768213110" visible="true" version="1" changeset="74017474" timestamp="2019-09-03T02:23:22Z" user="hibagonsan" uid="5939709" lat="34.1943329" lon="131.4999855"/>
 <node id="6768213111" visible="true" version="1" changeset="74017474" timestamp="2019-09-03T02:23:22Z" user="hibagonsan" uid="5939709" lat="34.1944449" lon="131.4999519"/>
 <node id="6768213112" visible="true" version="1" changeset="74017474" timestamp="2019-09-03T02:23:22Z" user="hibagonsan" uid="5939709" lat="34.1943431" lon="131.4996994"/>
 <node id="6768213113" visible="true" version="1" changeset="74017474" timestamp="2019-09-03T02:23:22Z" user="hibagonsan" uid="5939709" lat="34.1943664" lon="131.4997879"/>
 <node id="6768213114" visible="true" version="1" changeset="74017474" timestamp="2019-09-03T02:23:22Z" user="hibagonsan" uid="5939709" lat="34.1944316" lon="131.4997628"/>
 <node id="6768213115" visible="true" version="1" changeset="74017474" timestamp="2019-09-03T02:23:22Z" user="hibagonsan" uid="5939709" lat="34.1944083" lon="131.4996743"/>
 <node id="6768213156" visible="true" version="1" changeset="74017474" timestamp="2019-09-03T02:23:22Z" user="hibagonsan" uid="5939709" lat="34.1943807" lon="131.5011803"/>
 <node id="6768213157" visible="true" version="1" changeset="74017474" timestamp="2019-09-03T02:23:22Z" user="hibagonsan" uid="5939709" lat="34.1942620" lon="131.5010756"/>
 <node id="6768213158" visible="true" version="1" changeset="74017474" timestamp="2019-09-03T02:23:22Z" user="hibagonsan" uid="5939709" lat="34.1943218" lon="131.5009765"/>
 <node id="6768213159" visible="true" version="1" changeset="74017474" timestamp="2019-09-03T02:23:22Z" user="hibagonsan" uid="5939709" lat="34.1944405" lon="131.5010811"/>
 <node id="7428083517" visible="true" version="1" changeset="83846673" timestamp="2020-04-21T00:54:03Z" user="hibagonsan" uid="5939709" lat="34.1852829" lon="131.4877910"/>
 <node id="7490930252" visible="true" version="1" changeset="84796126" timestamp="2020-05-07T03:02:09Z" user="hibagonsan" uid="5939709" lat="34.1930379" lon="131.4980774"/>
 <node id="7490930253" visible="true" version="1" changeset="84796126" timestamp="2020-05-07T03:02:09Z" user="hibagonsan" uid="5939709" lat="34.1930571" lon="131.4980778"/>
 <node id="7490930254" visible="true" version="1" changeset="84796126" timestamp="2020-05-07T03:02:09Z" user="hibagonsan" uid="5939709" lat="34.1930594" lon="131.4979149"/>
 <node id="7490930255" visible="true" version="1" changeset="84796126" timestamp="2020-05-07T03:02:09Z" user="hibagonsan" uid="5939709" lat="34.1930369" lon="131.4981479"/>
 <node id="7490930256" visible="true" version="1" changeset="84796126" timestamp="2020-05-07T03:02:09Z" user="hibagonsan" uid="5939709" lat="34.1931470" lon="131.4981502"/>
 <node id="7490930257" visible="true" version="1" changeset="84796126" timestamp="2020-05-07T03:02:09Z" user="hibagonsan" uid="5939709" lat="34.1931504" lon="131.4979168"/>
 <node id="7490930258" visible="true" version="1" changeset="84796126" timestamp="2020-05-07T03:02:09Z" user="hibagonsan" uid="5939709" lat="34.1931443" lon="131.4981656"/>
 <node id="7490930259" visible="true" version="1" changeset="84796126" timestamp="2020-05-07T03:02:09Z" user="hibagonsan" uid="5939709" lat="34.1930932" lon="131.4981656"/>
 <node id="7490930260" visible="true" version="1" changeset="84796126" timestamp="2020-05-07T03:02:09Z" user="hibagonsan" uid="5939709" lat="34.1930932" lon="131.4982273"/>
 <node id="7490930261" visible="true" version="1" changeset="84796126" timestamp="2020-05-07T03:02:09Z" user="hibagonsan" uid="5939709" lat="34.1931443" lon="131.4982273"/>
 <node id="7490930262" visible="true" version="1" changeset="84796126" timestamp="2020-05-07T03:02:09Z" user="hibagonsan" uid="5939709" lat="34.1931648" lon="131.4980010"/>
 <node id="7490930263" visible="true" version="1" changeset="84796126" timestamp="2020-05-07T03:02:09Z" user="hibagonsan" uid="5939709" lat="34.1931643" lon="131.4981559"/>
 <node id="7490930264" visible="true" version="1" changeset="84796126" timestamp="2020-05-07T03:02:09Z" user="hibagonsan" uid="5939709" lat="34.1932153" lon="131.4981562"/>
 <node id="7490930265" visible="true" version="1" changeset="84796126" timestamp="2020-05-07T03:02:09Z" user="hibagonsan" uid="5939709" lat="34.1932158" lon="131.4980013"/>
 <node id="7503546188" visible="true" version="1" changeset="84974060" timestamp="2020-05-10T14:35:57Z" user="hibagonsan" uid="5939709" lat="34.1928921" lon="131.5009284"/>
 <node id="7503546189" visible="true" version="1" changeset="84974060" timestamp="2020-05-10T14:35:57Z" user="hibagonsan" uid="5939709" lat="34.1928222" lon="131.5008500"/>
 <node id="7503546190" visible="true" version="1" changeset="84974060" timestamp="2020-05-10T14:35:57Z" user="hibagonsan" uid="5939709" lat="34.1928775" lon="131.5007780"/>
 <node id="7503546191" visible="true" version="1" changeset="84974060" timestamp="2020-05-10T14:35:57Z" user="hibagonsan" uid="5939709" lat="34.1929474" lon="131.5008565"/>
 <node id="7503546192" visible="true" version="1" changeset="84974060" timestamp="2020-05-10T14:35:57Z" user="hibagonsan" uid="5939709" lat="34.1929972" lon="131.5007066"/>
 <node id="7503546193" visible="true" version="1" changeset="84974060" timestamp="2020-05-10T14:35:57Z" user="hibagonsan" uid="5939709" lat="34.1929256" lon="131.5007891"/>
 <node id="7503546194" visible="true" version="1" changeset="84974060" timestamp="2020-05-10T14:35:57Z" user="hibagonsan" uid="5939709" lat="34.1929751" lon="131.5008518"/>
 <node id="7503546195" visible="true" version="1" changeset="84974060" timestamp="2020-05-10T14:35:57Z" user="hibagonsan" uid="5939709" lat="34.1930467" lon="131.5007693"/>
 <node id="7503546196" visible="true" version="1" changeset="84974060" timestamp="2020-05-10T14:35:57Z" user="hibagonsan" uid="5939709" lat="34.1931102" lon="131.5008311"/>
 <node id="7503546197" visible="true" version="1" changeset="84974060" timestamp="2020-05-10T14:35:57Z" user="hibagonsan" uid="5939709" lat="34.1930713" lon="131.5007862"/>
 <node id="7503546198" visible="true" version="1" changeset="84974060" timestamp="2020-05-10T14:35:57Z" user="hibagonsan" uid="5939709" lat="34.1930825" lon="131.5008662"/>
 <node id="7503546199" visible="true" version="1" changeset="84974060" timestamp="2020-05-10T14:35:57Z" user="hibagonsan" uid="5939709" lat="34.1930435" lon="131.5008214"/>
 <node id="7503546200" visible="true" version="1" changeset="84974060" timestamp="2020-05-10T14:35:57Z" user="hibagonsan" uid="5939709" lat="34.1931053" lon="131.5008926"/>
 <node id="7503546201" visible="true" version="1" changeset="84974060" timestamp="2020-05-10T14:35:57Z" user="hibagonsan" uid="5939709" lat="34.1930349" lon="131.5008115"/>
 <node id="7503546202" visible="true" version="1" changeset="84974060" timestamp="2020-05-10T14:35:57Z" user="hibagonsan" uid="5939709" lat="34.1929967" lon="131.5008599"/>
 <node id="7503546203" visible="true" version="1" changeset="84974060" timestamp="2020-05-10T14:35:57Z" user="hibagonsan" uid="5939709" lat="34.1930672" lon="131.5009410"/>
 <node id="7503546204" visible="true" version="1" changeset="84974060" timestamp="2020-05-10T14:35:57Z" user="hibagonsan" uid="5939709" lat="34.1930281" lon="131.5009737"/>
 <node id="7503546205" visible="true" version="1" changeset="84974060" timestamp="2020-05-10T14:35:57Z" user="hibagonsan" uid="5939709" lat="34.1929660" lon="131.5008885"/>
 <node id="7503546206" visible="true" version="1" changeset="84974060" timestamp="2020-05-10T14:35:57Z" user="hibagonsan" uid="5939709" lat="34.1929224" lon="131.5009350"/>
 <node id="7503546207" visible="true" version="1" changeset="84974060" timestamp="2020-05-10T14:35:57Z" user="hibagonsan" uid="5939709" lat="34.1929845" lon="131.5010201"/>
 <node id="7503546208" visible="true" version="1" changeset="84974060" timestamp="2020-05-10T14:35:57Z" user="hibagonsan" uid="5939709" lat="34.1931911" lon="131.5009424"/>
 <node id="7503546209" visible="true" version="1" changeset="84974060" timestamp="2020-05-10T14:35:57Z" user="hibagonsan" uid="5939709" lat="34.1931602" lon="131.5009748"/>
 <node id="7503546210" visible="true" version="1" changeset="84974060" timestamp="2020-05-10T14:35:57Z" user="hibagonsan" uid="5939709" lat="34.1931768" lon="131.5009980"/>
 <node id="7503546211" visible="true" version="1" changeset="84974060" timestamp="2020-05-10T14:35:57Z" user="hibagonsan" uid="5939709" lat="34.1931495" lon="131.5008845"/>
 <node id="7503546212" visible="true" version="1" changeset="84974060" timestamp="2020-05-10T14:35:57Z" user="hibagonsan" uid="5939709" lat="34.1930694" lon="131.5009685"/>
 <node id="7503546213" visible="true" version="1" changeset="84974060" timestamp="2020-05-10T14:35:57Z" user="hibagonsan" uid="5939709" lat="34.1931276" lon="131.5010496"/>
 <node id="7503546246" visible="true" version="1" changeset="84974060" timestamp="2020-05-10T14:35:57Z" user="hibagonsan" uid="5939709" lat="34.1928419" lon="131.5010244"/>
 <node id="7503546247" visible="true" version="1" changeset="84974060" timestamp="2020-05-10T14:35:57Z" user="hibagonsan" uid="5939709" lat="34.1927609" lon="131.5009358"/>
 <node id="7503546248" visible="true" version="1" changeset="84974060" timestamp="2020-05-10T14:35:57Z" user="hibagonsan" uid="5939709" lat="34.1927044" lon="131.5010114"/>
 <node id="7503546249" visible="true" version="1" changeset="84974060" timestamp="2020-05-10T14:35:57Z" user="hibagonsan" uid="5939709" lat="34.1927854" lon="131.5010999"/>
 <node id="7503546250" visible="true" version="1" changeset="84974060" timestamp="2020-05-10T14:35:57Z" user="hibagonsan" uid="5939709" lat="34.1926753" lon="131.5009088"/>
 <node id="7503546251" visible="true" version="1" changeset="84974060" timestamp="2020-05-10T14:35:57Z" user="hibagonsan" uid="5939709" lat="34.1926492" lon="131.5008763"/>
 <node id="7503546252" visible="true" version="1" changeset="84974060" timestamp="2020-05-10T14:35:57Z" user="hibagonsan" uid="5939709" lat="34.1926681" lon="131.5008542"/>
 <node id="7503546253" visible="true" version="1" changeset="84974060" timestamp="2020-05-10T14:35:57Z" user="hibagonsan" uid="5939709" lat="34.1926942" lon="131.5008867"/>
 <node id="7503546254" visible="true" version="1" changeset="84974060" timestamp="2020-05-10T14:35:57Z" user="hibagonsan" uid="5939709" lat="34.1928901" lon="131.5006236"/>
 <node id="7503546255" visible="true" version="1" changeset="84974060" timestamp="2020-05-10T14:35:57Z" user="hibagonsan" uid="5939709" lat="34.1928291" lon="131.5005525"/>
 <node id="7503546256" visible="true" version="1" changeset="84974060" timestamp="2020-05-10T14:35:57Z" user="hibagonsan" uid="5939709" lat="34.1927777" lon="131.5006171"/>
 <node id="7503546257" visible="true" version="1" changeset="84974060" timestamp="2020-05-10T14:35:57Z" user="hibagonsan" uid="5939709" lat="34.1928387" lon="131.5006882"/>
 <node id="7503546258" visible="true" version="1" changeset="84974060" timestamp="2020-05-10T14:35:57Z" user="hibagonsan" uid="5939709" lat="34.1928191" lon="131.5007205"/>
 <node id="7503546259" visible="true" version="1" changeset="84974060" timestamp="2020-05-10T14:35:57Z" user="hibagonsan" uid="5939709" lat="34.1927537" lon="131.5006534"/>
 <node id="7503546260" visible="true" version="1" changeset="84974060" timestamp="2020-05-10T14:35:57Z" user="hibagonsan" uid="5939709" lat="34.1927133" lon="131.5007110"/>
 <node id="7503546261" visible="true" version="1" changeset="84974060" timestamp="2020-05-10T14:35:57Z" user="hibagonsan" uid="5939709" lat="34.1927788" lon="131.5007780"/>
 <node id="7503546262" visible="true" version="1" changeset="84974060" timestamp="2020-05-10T14:35:57Z" user="hibagonsan" uid="5939709" lat="34.1927496" lon="131.5008370"/>
 <node id="7503546263" visible="true" version="1" changeset="84974060" timestamp="2020-05-10T14:35:57Z" user="hibagonsan" uid="5939709" lat="34.1926852" lon="131.5007538"/>
 <node id="7503546264" visible="true" version="1" changeset="84974060" timestamp="2020-05-10T14:35:57Z" user="hibagonsan" uid="5939709" lat="34.1926401" lon="131.5008049"/>
 <node id="7503546265" visible="true" version="1" changeset="84974060" timestamp="2020-05-10T14:35:57Z" user="hibagonsan" uid="5939709" lat="34.1927044" lon="131.5008880"/>
 <node id="7503546266" visible="true" version="1" changeset="84974060" timestamp="2020-05-10T14:35:57Z" user="hibagonsan" uid="5939709" lat="34.1926321" lon="131.5009046"/>
 <node id="7503546267" visible="true" version="1" changeset="84974060" timestamp="2020-05-10T14:35:57Z" user="hibagonsan" uid="5939709" lat="34.1926023" lon="131.5009419"/>
 <node id="7503546268" visible="true" version="1" changeset="84974060" timestamp="2020-05-10T14:35:57Z" user="hibagonsan" uid="5939709" lat="34.1926296" lon="131.5009739"/>
 <node id="7503546269" visible="true" version="1" changeset="84974060" timestamp="2020-05-10T14:35:57Z" user="hibagonsan" uid="5939709" lat="34.1925907" lon="131.5008561"/>
 <node id="7503546270" visible="true" version="1" changeset="84974060" timestamp="2020-05-10T14:35:57Z" user="hibagonsan" uid="5939709" lat="34.1925125" lon="131.5009537"/>
 <node id="7503546271" visible="true" version="1" changeset="84974060" timestamp="2020-05-10T14:35:57Z" user="hibagonsan" uid="5939709" lat="34.1925813" lon="131.5010342"/>
 <node id="7621147056" visible="true" version="1" changeset="86639665" timestamp="2020-06-15T02:10:15Z" user="hibagonsan" uid="5939709" lat="34.1923644" lon="131.4987752"/>
 <node id="7621147057" visible="true" version="1" changeset="86639665" timestamp="2020-06-15T02:10:15Z" user="hibagonsan" uid="5939709" lat="34.1923480" lon="131.4987475"/>
 <node id="7621147058" visible="true" version="1" changeset="86639665" timestamp="2020-06-15T02:10:15Z" user="hibagonsan" uid="5939709" lat="34.1923755" lon="131.4987237"/>
 <node id="7621147059" visible="true" version="1" changeset="86639665" timestamp="2020-06-15T02:10:15Z" user="hibagonsan" uid="5939709" lat="34.1922810" lon="131.4988473"/>
 <node id="7621147060" visible="true" version="1" changeset="86639665" timestamp="2020-06-15T02:10:15Z" user="hibagonsan" uid="5939709" lat="34.1922252" lon="131.4987530"/>
 <node id="7621147061" visible="true" version="1" changeset="86639665" timestamp="2020-06-15T02:10:15Z" user="hibagonsan" uid="5939709" lat="34.1923362" lon="131.4986571"/>
 <node id="7621182224" visible="true" version="1" changeset="86640124" timestamp="2020-06-15T02:31:25Z" user="hibagonsan" uid="5939709" lat="34.1931882" lon="131.4997299"/>
 <node id="7621182225" visible="true" version="1" changeset="86640124" timestamp="2020-06-15T02:31:25Z" user="hibagonsan" uid="5939709" lat="34.1931289" lon="131.4996468"/>
 <node id="7621182226" visible="true" version="1" changeset="86640124" timestamp="2020-06-15T02:31:25Z" user="hibagonsan" uid="5939709" lat="34.1931726" lon="131.4996012"/>
 <node id="7621182227" visible="true" version="1" changeset="86640124" timestamp="2020-06-15T02:31:25Z" user="hibagonsan" uid="5939709" lat="34.1932319" lon="131.4996844"/>
 <node id="7621182228" visible="true" version="1" changeset="86640124" timestamp="2020-06-15T02:31:25Z" user="hibagonsan" uid="5939709" lat="34.1930408" lon="131.4995375"/>
 <node id="7621182229" visible="true" version="1" changeset="86640124" timestamp="2020-06-15T02:31:25Z" user="hibagonsan" uid="5939709" lat="34.1929748" lon="131.4995797"/>
 <node id="7621182230" visible="true" version="1" changeset="86640124" timestamp="2020-06-15T02:31:25Z" user="hibagonsan" uid="5939709" lat="34.1930006" lon="131.4996388"/>
 <node id="7621182231" visible="true" version="1" changeset="86640124" timestamp="2020-06-15T02:31:25Z" user="hibagonsan" uid="5939709" lat="34.1930666" lon="131.4995965"/>
 <node id="7621182232" visible="true" version="1" changeset="86640124" timestamp="2020-06-15T02:31:25Z" user="hibagonsan" uid="5939709" lat="34.1926427" lon="131.4996613"/>
 <node id="7621182233" visible="true" version="1" changeset="86640124" timestamp="2020-06-15T02:31:25Z" user="hibagonsan" uid="5939709" lat="34.1925584" lon="131.4997183"/>
 <node id="7621182234" visible="true" version="1" changeset="86640124" timestamp="2020-06-15T02:31:25Z" user="hibagonsan" uid="5939709" lat="34.1925957" lon="131.4997990"/>
 <node id="7621182235" visible="true" version="1" changeset="86640124" timestamp="2020-06-15T02:31:25Z" user="hibagonsan" uid="5939709" lat="34.1926800" lon="131.4997420"/>
 <node id="7621182236" visible="true" version="1" changeset="86640124" timestamp="2020-06-15T02:31:25Z" user="hibagonsan" uid="5939709" lat="34.1925759" lon="131.4995681"/>
 <node id="7621182237" visible="true" version="1" changeset="86640124" timestamp="2020-06-15T02:31:25Z" user="hibagonsan" uid="5939709" lat="34.1925299" lon="131.4994561"/>
 <node id="7621182238" visible="true" version="1" changeset="86640124" timestamp="2020-06-15T02:31:25Z" user="hibagonsan" uid="5939709" lat="34.1925719" lon="131.4994309"/>
 <node id="7621182239" visible="true" version="1" changeset="86640124" timestamp="2020-06-15T02:31:25Z" user="hibagonsan" uid="5939709" lat="34.1926179" lon="131.4995429"/>
 <node id="7621182240" visible="true" version="1" changeset="86640124" timestamp="2020-06-15T02:31:25Z" user="hibagonsan" uid="5939709" lat="34.1927852" lon="131.4994447"/>
 <node id="7621182241" visible="true" version="1" changeset="86640124" timestamp="2020-06-15T02:31:25Z" user="hibagonsan" uid="5939709" lat="34.1927596" lon="131.4993883"/>
 <node id="7621182242" visible="true" version="1" changeset="86640124" timestamp="2020-06-15T02:31:25Z" user="hibagonsan" uid="5939709" lat="34.1927976" lon="131.4993632"/>
 <node id="7621182243" visible="true" version="1" changeset="86640124" timestamp="2020-06-15T02:31:25Z" user="hibagonsan" uid="5939709" lat="34.1928231" lon="131.4994195"/>
 <node id="7621182244" visible="true" version="1" changeset="86640124" timestamp="2020-06-15T02:31:25Z" user="hibagonsan" uid="5939709" lat="34.1927178" lon="131.4995527"/>
 <node id="7621182245" visible="true" version="1" changeset="86640124" timestamp="2020-06-15T02:31:25Z" user="hibagonsan" uid="5939709" lat="34.1926723" lon="131.4994454"/>
 <node id="7621182246" visible="true" version="1" changeset="86640124" timestamp="2020-06-15T02:31:25Z" user="hibagonsan" uid="5939709" lat="34.1927444" lon="131.4994007"/>
 <node id="7621182247" visible="true" version="1" changeset="86640124" timestamp="2020-06-15T02:31:25Z" user="hibagonsan" uid="5939709" lat="34.1927899" lon="131.4995080"/>
 <node id="7621182252" visible="true" version="1" changeset="86640124" timestamp="2020-06-15T02:31:25Z" user="hibagonsan" uid="5939709" lat="34.1923073" lon="131.4982411"/>
 <node id="7621182253" visible="true" version="1" changeset="86640124" timestamp="2020-06-15T02:31:25Z" user="hibagonsan" uid="5939709" lat="34.1921309" lon="131.4984094"/>
 <node id="7621182254" visible="true" version="1" changeset="86640124" timestamp="2020-06-15T02:31:25Z" user="hibagonsan" uid="5939709" lat="34.1921775" lon="131.4984807"/>
 <node id="7621182255" visible="true" version="1" changeset="86640124" timestamp="2020-06-15T02:31:25Z" user="hibagonsan" uid="5939709" lat="34.1923539" lon="131.4983124"/>
 <node id="7627796939" visible="true" version="1" changeset="86746108" timestamp="2020-06-17T02:30:45Z" user="hibagonsan" uid="5939709" lat="34.1916606" lon="131.4987382"/>
 <node id="7627796940" visible="true" version="1" changeset="86746108" timestamp="2020-06-17T02:30:45Z" user="hibagonsan" uid="5939709" lat="34.1920267" lon="131.4991808"/>
 <node id="7627796941" visible="true" version="1" changeset="86746108" timestamp="2020-06-17T02:30:45Z" user="hibagonsan" uid="5939709" lat="34.1921442" lon="131.4993364"/>
 <node id="7627796942" visible="true" version="1" changeset="86746108" timestamp="2020-06-17T02:30:45Z" user="hibagonsan" uid="5939709" lat="34.1922596" lon="131.4995281"/>
 <node id="7627796943" visible="true" version="1" changeset="86746108" timestamp="2020-06-17T02:30:45Z" user="hibagonsan" uid="5939709" lat="34.1907543" lon="131.4978035"/>
 <node id="7627796944" visible="true" version="1" changeset="86746108" timestamp="2020-06-17T02:30:45Z" user="hibagonsan" uid="5939709" lat="34.1909850" lon="131.4980476"/>
 <node id="7627796945" visible="true" version="2" changeset="167459282" timestamp="2025-06-10T18:52:35Z" user="AlexM51" uid="174705" lat="34.1913544" lon="131.4984848">
  <tag k="name" v="宮野"/>
  <tag k="name:en" v="Miyano"/>
  <tag k="name:ja" v="宮野"/>
  <tag k="name:ko" v="미야노"/>
  <tag k="public_transport" v="stop_position"/>
  <tag k="railway" v="stop"/>
  <tag k="wikidata" v="Q6884378"/>
 </node>
 <node id="7627796946" visible="true" version="1" changeset="86746108" timestamp="2020-06-17T02:30:45Z" user="hibagonsan" uid="5939709" lat="34.1916606" lon="131.4988469"/>
 <node id="7627796947" visible="true" version="1" changeset="86746108" timestamp="2020-06-17T02:30:45Z" user="hibagonsan" uid="5939709" lat="34.1921232" lon="131.4993900"/>
 <node id="7627796948" visible="true" version="1" changeset="86746108" timestamp="2020-06-17T02:30:45Z" user="hibagonsan" uid="5939709" lat="34.1923384" lon="131.4996582"/>
 <node id="7627796949" visible="true" version="1" changeset="86746108" timestamp="2020-06-17T02:30:45Z" user="hibagonsan" uid="5939709" lat="34.1925780" lon="131.4999774"/>
 <node id="7654994896" visible="true" version="1" changeset="87173645" timestamp="2020-06-26T06:32:05Z" user="hibagonsan" uid="5939709" lat="34.1940164" lon="131.5009955"/>
 <node id="7654994897" visible="true" version="1" changeset="87173645" timestamp="2020-06-26T06:32:05Z" user="hibagonsan" uid="5939709" lat="34.1938855" lon="131.5011779"/>
 <node id="7654994898" visible="true" version="1" changeset="87173645" timestamp="2020-06-26T06:32:05Z" user="hibagonsan" uid="5939709" lat="34.1937804" lon="131.5010677"/>
 <node id="7654994899" visible="true" version="1" changeset="87173645" timestamp="2020-06-26T06:32:05Z" user="hibagonsan" uid="5939709" lat="34.1939113" lon="131.5008853"/>
 <node id="9218352776" visible="true" version="3" changeset="181792300" timestamp="2026-04-25T05:55:28Z" user="FajrAl" uid="2649988" lat="34.1941070" lon="131.4985670">
  <tag k="name" v="桜畠三丁目"/>
  <tag k="name:en" v="Sakurabatake 3-chome"/>
  <tag k="name:id" v="Sakurabatake 3-chome"/>
  <tag k="place" v="neighbourhood"/>
 </node>
 <node id="9218352777" visible="true" version="3" changeset="181792300" timestamp="2026-04-25T05:55:28Z" user="FajrAl" uid="2649988" lat="34.1928190" lon="131.4996180">
  <tag k="name" v="桜畠二丁目"/>
  <tag k="name:en" v="Sakurabatake 2-chome"/>
  <tag k="name:id" v="Sakurabatake 2-chome"/>
  <tag k="place" v="neighbourhood"/>
 </node>
 <node id="9412086464" visible="true" version="1" changeset="116054198" timestamp="2022-01-12T07:39:29Z" user="okadatsuneo_import" uid="12352917" lat="34.1932416" lon="131.4994790">
  <tag k="bus" v="yes"/>
  <tag k="gtfs:stop_id" v="60056 2"/>
  <tag k="highway" v="bus_stop"/>
  <tag k="name" v="県立大学前"/>
  <tag k="name:ja" v="県立大学前"/>
  <tag k="name:ja-Hira" v="けんりつだいがくまえ"/>
  <tag k="operator" v="中国ジェイアールバス"/>
  <tag k="operator:en" v="Chugoku JR Bus"/>
  <tag k="public_transport" v="platform"/>
 </node>
 <node id="9412086465" visible="true" version="1" changeset="116054198" timestamp="2022-01-12T07:39:29Z" user="okadatsuneo_import" uid="12352917" lat="34.1933416" lon="131.4998123">
  <tag k="bus" v="yes"/>
  <tag k="gtfs:stop_id" v="60056 1"/>
  <tag k="highway" v="bus_stop"/>
  <tag k="name" v="県立大学前"/>
  <tag k="name:ja" v="県立大学前"/>
  <tag k="name:ja-Hira" v="けんりつだいがくまえ"/>
  <tag k="operator" v="中国ジェイアールバス"/>
  <tag k="operator:en" v="Chugoku JR Bus"/>
  <tag k="public_transport" v="platform"/>
 </node>
 <node id="11226358346" visible="true" version="1" changeset="141896153" timestamp="2023-09-29T06:03:49Z" user="FallingPeppers" uid="19745387" lat="34.1938934" lon="131.5001690"/>
 <node id="11226358347" visible="true" version="1" changeset="141896153" timestamp="2023-09-29T06:03:49Z" user="FallingPeppers" uid="19745387" lat="34.1940630" lon="131.5001519"/>
 <node id="11226358348" visible="true" version="1" changeset="141896153" timestamp="2023-09-29T06:03:49Z" user="FallingPeppers" uid="19745387" lat="34.1943146" lon="131.5001109"/>
 <node id="11226358349" visible="true" version="1" changeset="141896153" timestamp="2023-09-29T06:03:49Z" user="FallingPeppers" uid="19745387" lat="34.1945238" lon="131.5000664"/>
 <node id="11226358350" visible="true" version="1" changeset="141896153" timestamp="2023-09-29T06:03:49Z" user="FallingPeppers" uid="19745387" lat="34.1947103" lon="131.5000152"/>
 <node id="11226358351" visible="true" version="1" changeset="141896153" timestamp="2023-09-29T06:03:49Z" user="FallingPeppers" uid="19745387" lat="34.1948884" lon="131.4999571"/>
 <node id="11226358352" visible="true" version="1" changeset="141896153" timestamp="2023-09-29T06:03:49Z" user="FallingPeppers" uid="19745387" lat="34.1950665" lon="131.4998887"/>
 <node id="11226358353" visible="true" version="1" changeset="141896153" timestamp="2023-09-29T06:03:49Z" user="FallingPeppers" uid="19745387" lat="34.1952701" lon="131.4997793"/>
 <node id="11226358354" visible="true" version="1" changeset="141896153" timestamp="2023-09-29T06:03:49Z" user="FallingPeppers" uid="19745387" lat="34.1952588" lon="131.4997349"/>
 <node id="11226358355" visible="true" version="1" changeset="141896153" timestamp="2023-09-29T06:03:49Z" user="FallingPeppers" uid="19745387" lat="34.1953492" lon="131.4996871"/>
 <node id="11226358356" visible="true" version="1" changeset="141896153" timestamp="2023-09-29T06:03:49Z" user="FallingPeppers" uid="19745387" lat="34.1956432" lon="131.4995162"/>
 <node id="11226358357" visible="true" version="1" changeset="141896153" timestamp="2023-09-29T06:03:49Z" user="FallingPeppers" uid="19745387" lat="34.1958213" lon="131.4993590"/>
 <node id="11226358358" visible="true" version="1" changeset="141896153" timestamp="2023-09-29T06:03:49Z" user="FallingPeppers" uid="19745387" lat="34.1959316" lon="131.4992530"/>
 <node id="11226358359" visible="true" version="1" changeset="141896153" timestamp="2023-09-29T06:03:49Z" user="FallingPeppers" uid="19745387" lat="34.1961591" lon="131.4991975"/>
 <node id="11226358444" visible="true" version="1" changeset="141896153" timestamp="2023-09-29T06:03:49Z" user="FallingPeppers" uid="19745387" lat="34.1919823" lon="131.4975339"/>
 <node id="11226358445" visible="true" version="1" changeset="141896153" timestamp="2023-09-29T06:03:49Z" user="FallingPeppers" uid="19745387" lat="34.1922155" lon="131.4979782"/>
 <node id="11226358446" visible="true" version="1" changeset="141896153" timestamp="2023-09-29T06:03:49Z" user="FallingPeppers" uid="19745387" lat="34.1923979" lon="131.4982790"/>
 <node id="11226358447" visible="true" version="1" changeset="141896153" timestamp="2023-09-29T06:03:49Z" user="FallingPeppers" uid="19745387" lat="34.1925732" lon="131.4985763"/>
 <node id="11226358448" visible="true" version="1" changeset="141896153" timestamp="2023-09-29T06:03:49Z" user="FallingPeppers" uid="19745387" lat="34.1927173" lon="131.4988155"/>
 <node id="11226358449" visible="true" version="1" changeset="141896153" timestamp="2023-09-29T06:03:49Z" user="FallingPeppers" uid="19745387" lat="34.1929873" lon="131.4992240"/>
 <node id="11226358450" visible="true" version="1" changeset="141896153" timestamp="2023-09-29T06:03:49Z" user="FallingPeppers" uid="19745387" lat="34.1931386" lon="131.4994410"/>
 <node id="11226358451" visible="true" version="1" changeset="141896153" timestamp="2023-09-29T06:03:49Z" user="FallingPeppers" uid="19745387" lat="34.1932389" lon="131.4995726"/>
 <node id="11226358452" visible="true" version="1" changeset="141896153" timestamp="2023-09-29T06:03:49Z" user="FallingPeppers" uid="19745387" lat="34.1935117" lon="131.4999759"/>
 <node id="11226358453" visible="true" version="1" changeset="141896153" timestamp="2023-09-29T06:03:49Z" user="FallingPeppers" uid="19745387" lat="34.1936432" lon="131.5001450"/>
 <node id="11226358454" visible="true" version="1" changeset="141896153" timestamp="2023-09-29T06:03:49Z" user="FallingPeppers" uid="19745387" lat="34.1936898" lon="131.5001980"/>
 <node id="11226358455" visible="true" version="1" changeset="141896153" timestamp="2023-09-29T06:03:49Z" user="FallingPeppers" uid="19745387" lat="34.1938255" lon="131.5003501"/>
 <node id="11226358456" visible="true" version="1" changeset="141896153" timestamp="2023-09-29T06:03:49Z" user="FallingPeppers" uid="19745387" lat="34.1940517" lon="131.5005210"/>
 <node id="11226358457" visible="true" version="1" changeset="141896153" timestamp="2023-09-29T06:03:49Z" user="FallingPeppers" uid="19745387" lat="34.1943711" lon="131.5007739"/>
 <node id="11226358458" visible="true" version="1" changeset="141896153" timestamp="2023-09-29T06:03:49Z" user="FallingPeppers" uid="19745387" lat="34.1945944" lon="131.5009140"/>
 <node id="11226358459" visible="true" version="1" changeset="141896153" timestamp="2023-09-29T06:03:49Z" user="FallingPeppers" uid="19745387" lat="34.1950581" lon="131.5012592"/>
 <node id="11226358460" visible="true" version="1" changeset="141896153" timestamp="2023-09-29T06:03:49Z" user="FallingPeppers" uid="19745387" lat="34.1951626" lon="131.5013276"/>
 <node id="11226358461" visible="true" version="1" changeset="141896153" timestamp="2023-09-29T06:03:49Z" user="FallingPeppers" uid="19745387" lat="34.1955436" lon="131.5015993"/>
 <node id="11226358462" visible="true" version="1" changeset="141896153" timestamp="2023-09-29T06:03:49Z" user="FallingPeppers" uid="19745387" lat="34.1958128" lon="131.5017796"/>
 <node id="11226358497" visible="true" version="1" changeset="141896153" timestamp="2023-09-29T06:03:49Z" user="FallingPeppers" uid="19745387" lat="34.1948034" lon="131.5027939"/>
 <node id="11226358498" visible="true" version="1" changeset="141896153" timestamp="2023-09-29T06:03:49Z" user="FallingPeppers" uid="19745387" lat="34.1946397" lon="131.5025272"/>
 <node id="11226358499" visible="true" version="1" changeset="141896153" timestamp="2023-09-29T06:03:49Z" user="FallingPeppers" uid="19745387" lat="34.1944418" lon="131.5022401"/>
 <node id="11226358500" visible="true" version="1" changeset="141896153" timestamp="2023-09-29T06:03:49Z" user="FallingPeppers" uid="19745387" lat="34.1942298" lon="131.5019462"/>
 <node id="11226358501" visible="true" version="1" changeset="141896153" timestamp="2023-09-29T06:03:49Z" user="FallingPeppers" uid="19745387" lat="34.1940545" lon="131.5017001"/>
 <node id="11226358502" visible="true" version="1" changeset="141896153" timestamp="2023-09-29T06:03:49Z" user="FallingPeppers" uid="19745387" lat="34.1939329" lon="131.5015839"/>
 <node id="11226358503" visible="true" version="1" changeset="141896153" timestamp="2023-09-29T06:03:49Z" user="FallingPeppers" uid="19745387" lat="34.1937520" lon="131.5013310"/>
 <node id="11226358504" visible="true" version="1" changeset="141896153" timestamp="2023-09-29T06:03:49Z" user="FallingPeppers" uid="19745387" lat="34.1935258" lon="131.5010781"/>
 <node id="11226358505" visible="true" version="1" changeset="141896153" timestamp="2023-09-29T06:03:49Z" user="FallingPeppers" uid="19745387" lat="34.1933562" lon="131.5008867"/>
 <node id="11226358506" visible="true" version="1" changeset="141896153" timestamp="2023-09-29T06:03:49Z" user="FallingPeppers" uid="19745387" lat="34.1931583" lon="131.5006577"/>
 <node id="11226358507" visible="true" version="1" changeset="141896153" timestamp="2023-09-29T06:03:49Z" user="FallingPeppers" uid="19745387" lat="34.1930255" lon="131.5004629"/>
 <node id="11226358508" visible="true" version="1" changeset="141896153" timestamp="2023-09-29T06:03:49Z" user="FallingPeppers" uid="19745387" lat="34.1929124" lon="131.5003467"/>
 <node id="11226358509" visible="true" version="1" changeset="141896153" timestamp="2023-09-29T06:03:49Z" user="FallingPeppers" uid="19745387" lat="34.1927993" lon="131.5002031"/>
 <node id="11226358510" visible="true" version="1" changeset="141896153" timestamp="2023-09-29T06:03:49Z" user="FallingPeppers" uid="19745387" lat="34.1925534" lon="131.4999092"/>
 <node id="11226358511" visible="true" version="1" changeset="141896153" timestamp="2023-09-29T06:03:49Z" user="FallingPeppers" uid="19745387" lat="34.1921350" lon="131.4994581"/>
 <node id="11226358512" visible="true" version="1" changeset="141896153" timestamp="2023-09-29T06:03:49Z" user="FallingPeppers" uid="19745387" lat="34.1918862" lon="131.4991402"/>
 <node id="11226358513" visible="true" version="1" changeset="141896153" timestamp="2023-09-29T06:03:49Z" user="FallingPeppers" uid="19745387" lat="34.1914904" lon="131.4986788"/>
 <node id="11226358514" visible="true" version="1" changeset="141896153" timestamp="2023-09-29T06:03:49Z" user="FallingPeppers" uid="19745387" lat="34.1909702" lon="131.4980978"/>
 <node id="11226358515" visible="true" version="1" changeset="141896153" timestamp="2023-09-29T06:03:49Z" user="FallingPeppers" uid="19745387" lat="34.1905744" lon="131.4976296"/>
 <node id="11226358516" visible="true" version="1" changeset="141896153" timestamp="2023-09-29T06:03:49Z" user="FallingPeppers" uid="19745387" lat="34.1904500" lon="131.4974758"/>
 <node id="11226358517" visible="true" version="1" changeset="141896153" timestamp="2023-09-29T06:03:49Z" user="FallingPeppers" uid="19745387" lat="34.1903257" lon="131.4973083"/>
 <node id="11226358518" visible="true" version="1" changeset="141896153" timestamp="2023-09-29T06:03:49Z" user="FallingPeppers" uid="19745387" lat="34.1901673" lon="131.4971067"/>
 <node id="11226358519" visible="true" version="1" changeset="141896153" timestamp="2023-09-29T06:03:49Z" user="FallingPeppers" uid="19745387" lat="34.1900005" lon="131.4968811"/>
 <node id="11226358533" visible="true" version="1" changeset="141896153" timestamp="2023-09-29T06:03:49Z" user="FallingPeppers" uid="19745387" lat="34.1898931" lon="131.4966931"/>
 <node id="12179786645" visible="true" version="1" changeset="156676967" timestamp="2024-09-16T08:32:19Z" user="taketaketake" uid="4757277" lat="34.1909793" lon="131.4962840"/>
 <way id="119878673" visible="true" version="2" changeset="40099432" timestamp="2016-06-17T17:11:43Z" user="trenddays" uid="4073413">
  <nd ref="1345451460"/>
  <nd ref="1345450025"/>
  <nd ref="4248823264"/>
  <nd ref="1345451212"/>
  <nd ref="1345450263"/>
  <nd ref="1345450101"/>
  <tag k="highway" v="residential"/>
  <tag k="source" v="YahooJapan/ALPSMAP"/>
 </way>
 <way id="119878679" visible="true" version="9" changeset="171438115" timestamp="2025-09-04T07:35:56Z" user="taketaketake" uid="4757277">
  <nd ref="1345451169"/>
  <nd ref="1345450101"/>
  <nd ref="1345450544"/>
  <nd ref="3333692224"/>
  <nd ref="3333692223"/>
  <nd ref="1345451485"/>
  <nd ref="1345451388"/>
  <nd ref="3333692222"/>
  <nd ref="4248676944"/>
  <nd ref="1345450529"/>
  <nd ref="3333692212"/>
  <nd ref="1345451180"/>
  <nd ref="1345450010"/>
  <nd ref="1345450190"/>
  <nd ref="3333692208"/>
  <nd ref="4248676899"/>
  <nd ref="1345451453"/>
  <nd ref="1345449621"/>
  <nd ref="3333692205"/>
  <nd ref="4248676900"/>
  <nd ref="4250541891"/>
  <nd ref="12179786645"/>
  <nd ref="1345451486"/>
  <nd ref="1345450332"/>
  <nd ref="1345451282"/>
  <nd ref="3333692203"/>
  <nd ref="1345449446"/>
  <nd ref="3333692202"/>
  <nd ref="1345450917"/>
  <nd ref="1345449676"/>
  <nd ref="2929009215"/>
  <nd ref="1345451144"/>
  <nd ref="2929009213"/>
  <nd ref="1345451579"/>
  <nd ref="1345450343"/>
  <nd ref="1345451550"/>
  <nd ref="2733549407"/>
  <nd ref="2733549406"/>
  <nd ref="7428083517"/>
  <nd ref="2733549405"/>
  <nd ref="1345451386"/>
  <tag k="highway" v="secondary"/>
  <tag k="lanes" v="2"/>
  <tag k="name" v="宮野大歳線"/>
  <tag k="name:en" v="Miyano Otoshi Line"/>
  <tag k="name:ja" v="宮野大歳線"/>
  <tag k="name:ja-Hira" v="みやのおおとしせん"/>
  <tag k="name:ja_rm" v="Miyano Ōtoshi-sen"/>
  <tag k="old_name" v="国道9号"/>
  <tag k="old_name:en" v="National Highway Route 9"/>
  <tag k="old_name:ja" v="国道9号"/>
  <tag k="old_ref" v="9"/>
  <tag k="ref" v="204"/>
  <tag k="source" v="YahooJapan/ALPSMAP"/>
  <tag k="surface" v="asphalt"/>
  <tag k="wikidata" v="Q11467194"/>
  <tag k="wikipedia" v="ja:山口県道204号宮野大歳線"/>
 </way>
 <way id="119878931" visible="true" version="2" changeset="28646530" timestamp="2015-02-06T08:44:47Z" user="mklyr" uid="614924">
  <nd ref="1345451164"/>
  <nd ref="1345450766"/>
  <nd ref="1345451560"/>
  <nd ref="1345449584"/>
  <nd ref="1345451052"/>
  <nd ref="1345451485"/>
  <tag k="highway" v="residential"/>
  <tag k="source" v="YahooJapan/ALPSMAP"/>
  <tag k="yh:WIDTH" v="1.5m〜3.0m"/>
 </way>
 <way id="119878937" visible="true" version="3" changeset="40097697" timestamp="2016-06-17T15:45:03Z" user="trenddays" uid="4073413">
  <nd ref="1345449272"/>
  <nd ref="1345449569"/>
  <nd ref="4248676734"/>
  <nd ref="1345449347"/>
  <nd ref="1345450529"/>
  <tag k="highway" v="residential"/>
  <tag k="source" v="YahooJapan/ALPSMAP"/>
 </way>
 <way id="326697966" visible="true" version="1" changeset="28646530" timestamp="2015-02-06T08:44:42Z" user="mklyr" uid="614924">
  <nd ref="1345451065"/>
  <nd ref="1345450658"/>
  <nd ref="1345451388"/>
  <tag k="highway" v="residential"/>
  <tag k="source" v="YahooJapan/ALPSMAP"/>
  <tag k="yh:WIDTH" v="1.5m〜3.0m"/>
 </way>
 <way id="423141579" visible="true" version="2" changeset="77165236" timestamp="2019-11-16T13:54:22Z" user="higa4" uid="162590">
  <nd ref="749127351"/>
  <nd ref="4228373605"/>
  <nd ref="4228373606"/>
  <nd ref="4228373607"/>
  <nd ref="4228373608"/>
  <nd ref="4228373609"/>
  <nd ref="4228373610"/>
  <nd ref="4228373611"/>
  <nd ref="4228373612"/>
  <nd ref="4228373613"/>
  <nd ref="4228373614"/>
  <nd ref="4228373615"/>
  <nd ref="4228373616"/>
  <nd ref="4228373617"/>
  <nd ref="4228373618"/>
  <nd ref="4228373619"/>
  <nd ref="4228373620"/>
  <nd ref="4228373621"/>
  <nd ref="4228373622"/>
  <nd ref="4228373623"/>
  <nd ref="4228373624"/>
  <nd ref="4228373625"/>
  <nd ref="4228373626"/>
  <nd ref="4228373627"/>
  <nd ref="4228373628"/>
  <nd ref="4228373629"/>
  <nd ref="4228373630"/>
  <nd ref="4228373631"/>
  <nd ref="4228373632"/>
  <nd ref="4228373633"/>
  <nd ref="4228373634"/>
  <nd ref="4228373635"/>
  <nd ref="4228373636"/>
  <nd ref="4228373637"/>
  <nd ref="4228373638"/>
  <nd ref="4228373639"/>
  <nd ref="4228373640"/>
  <nd ref="4228373641"/>
  <nd ref="4228373642"/>
  <nd ref="4228373643"/>
  <nd ref="4228373644"/>
  <nd ref="749582455"/>
  <nd ref="749127351"/>
  <tag k="amenity" v="university"/>
  <tag k="name" v="山口県立大学"/>
  <tag k="wikidata" v="Q3551848"/>
  <tag k="wikipedia" v="ja:山口県立大学"/>
 </way>
 <way id="423141581" visible="true" version="1" changeset="39839585" timestamp="2016-06-06T14:18:25Z" user="trenddays" uid="4073413">
  <nd ref="4228373650"/>
  <nd ref="4228373651"/>
  <nd ref="4228373652"/>
  <nd ref="4228373653"/>
  <nd ref="4228373650"/>
  <tag k="building" v="college"/>
  <tag k="building:levels" v="3"/>
  <tag k="name" v="1号館"/>
 </way>
 <way id="423141587" visible="true" version="1" changeset="39839585" timestamp="2016-06-06T14:18:25Z" user="trenddays" uid="4073413">
  <nd ref="4228373687"/>
  <nd ref="4228373688"/>
  <nd ref="4228373689"/>
  <nd ref="4228373690"/>
  <nd ref="4228373687"/>
  <tag k="building" v="college"/>
  <tag k="building:levels" v="2"/>
  <tag k="name" v="桜翔館"/>
 </way>
 <way id="423141588" visible="true" version="1" changeset="39839585" timestamp="2016-06-06T14:18:25Z" user="trenddays" uid="4073413">
  <nd ref="4228373691"/>
  <nd ref="4228373692"/>
  <nd ref="4228373693"/>
  <nd ref="4228373694"/>
  <nd ref="4228373691"/>
  <tag k="building" v="college"/>
  <tag k="building:levels" v="3"/>
  <tag k="name" v="本館"/>
 </way>
 <way id="423141589" visible="true" version="1" changeset="39839585" timestamp="2016-06-06T14:18:26Z" user="trenddays" uid="4073413">
  <nd ref="4228373695"/>
  <nd ref="4228373696"/>
  <nd ref="4228373697"/>
  <nd ref="4228373698"/>
  <nd ref="4228373695"/>
  <tag k="building" v="college"/>
  <tag k="building:levels" v="3"/>
  <tag k="name" v="4号館"/>
 </way>
 <way id="423141590" visible="true" version="1" changeset="39839585" timestamp="2016-06-06T14:18:26Z" user="trenddays" uid="4073413">
  <nd ref="4228373699"/>
  <nd ref="4228373700"/>
  <nd ref="4228373701"/>
  <nd ref="4228373702"/>
  <nd ref="4228373703"/>
  <nd ref="4228373704"/>
  <nd ref="4228373705"/>
  <nd ref="4228373706"/>
  <nd ref="4228373707"/>
  <nd ref="4228373708"/>
  <nd ref="4228373699"/>
  <tag k="building" v="college"/>
  <tag k="building:levels" v="4"/>
  <tag k="name" v="3号館"/>
 </way>
 <way id="423141591" visible="true" version="1" changeset="39839585" timestamp="2016-06-06T14:18:26Z" user="trenddays" uid="4073413">
  <nd ref="4228373709"/>
  <nd ref="4228373710"/>
  <nd ref="4228373711"/>
  <nd ref="4228373712"/>
  <nd ref="4228373709"/>
  <tag k="building" v="college"/>
  <tag k="name" v="旧講堂"/>
 </way>
 <way id="423141592" visible="true" version="1" changeset="39839585" timestamp="2016-06-06T14:18:26Z" user="trenddays" uid="4073413">
  <nd ref="4228373713"/>
  <nd ref="4228373714"/>
  <nd ref="4228373715"/>
  <nd ref="4228373716"/>
  <nd ref="4228373717"/>
  <nd ref="4228373718"/>
  <nd ref="4228373719"/>
  <nd ref="4228373720"/>
  <nd ref="4228373721"/>
  <nd ref="4228373722"/>
  <nd ref="4228373723"/>
  <nd ref="4228373724"/>
  <nd ref="4228373725"/>
  <nd ref="4228373726"/>
  <nd ref="4228373713"/>
  <tag k="building" v="college"/>
  <tag k="building:levels" v="2"/>
  <tag k="name" v="図書館"/>
 </way>
 <way id="423892148" visible="true" version="2" changeset="39913789" timestamp="2016-06-09T17:46:21Z" user="trenddays" uid="4073413">
  <nd ref="4234071856"/>
  <nd ref="4234071857"/>
  <nd ref="4234071858"/>
  <nd ref="4234071859"/>
  <nd ref="4234071856"/>
  <tag k="building" v="yes"/>
 </way>
 <way id="423892149" visible="true" version="2" changeset="39913789" timestamp="2016-06-09T17:46:20Z" user="trenddays" uid="4073413">
  <nd ref="4234071860"/>
  <nd ref="4234071861"/>
  <nd ref="4234071862"/>
  <nd ref="4234071863"/>
  <nd ref="4234071860"/>
  <tag k="building" v="yes"/>
 </way>
 <way id="423892150" visible="true" version="2" changeset="39913789" timestamp="2016-06-09T17:46:20Z" user="trenddays" uid="4073413">
  <nd ref="4234071864"/>
  <nd ref="4234071865"/>
  <nd ref="4234071866"/>
  <nd ref="4234071867"/>
  <nd ref="4234071864"/>
  <tag k="building" v="yes"/>
 </way>
 <way id="423892151" visible="true" version="2" changeset="39913789" timestamp="2016-06-09T17:46:21Z" user="trenddays" uid="4073413">
  <nd ref="4234071868"/>
  <nd ref="4234071869"/>
  <nd ref="4234071870"/>
  <nd ref="4234071871"/>
  <nd ref="4234071868"/>
  <tag k="building" v="yes"/>
 </way>
 <way id="423892152" visible="true" version="2" changeset="39913789" timestamp="2016-06-09T17:46:20Z" user="trenddays" uid="4073413">
  <nd ref="4234071872"/>
  <nd ref="4234071873"/>
  <nd ref="4234071874"/>
  <nd ref="4234071875"/>
  <nd ref="4234071872"/>
  <tag k="building" v="yes"/>
 </way>
 <way id="423892153" visible="true" version="2" changeset="39913789" timestamp="2016-06-09T17:46:21Z" user="trenddays" uid="4073413">
  <nd ref="4234071876"/>
  <nd ref="4234071877"/>
  <nd ref="4234071878"/>
  <nd ref="4234071879"/>
  <nd ref="4234071876"/>
  <tag k="building" v="yes"/>
 </way>
 <way id="423892156" visible="true" version="2" changeset="39913789" timestamp="2016-06-09T17:46:20Z" user="trenddays" uid="4073413">
  <nd ref="4234071884"/>
  <nd ref="4234071885"/>
  <nd ref="4234071886"/>
  <nd ref="4234071887"/>
  <nd ref="4234071884"/>
  <tag k="building" v="yes"/>
 </way>
 <way id="423892158" visible="true" version="2" changeset="39913789" timestamp="2016-06-09T17:46:21Z" user="trenddays" uid="4073413">
  <nd ref="4234071888"/>
  <nd ref="4234071989"/>
  <nd ref="4234071990"/>
  <nd ref="4234071991"/>
  <nd ref="4234071888"/>
  <tag k="building" v="yes"/>
 </way>
 <way id="423892159" visible="true" version="2" changeset="39913789" timestamp="2016-06-09T17:46:21Z" user="trenddays" uid="4073413">
  <nd ref="4234071992"/>
  <nd ref="4234071993"/>
  <nd ref="4234071994"/>
  <nd ref="4234071995"/>
  <nd ref="4234071992"/>
  <tag k="building" v="yes"/>
 </way>
 <way id="423892160" visible="true" version="2" changeset="39913789" timestamp="2016-06-09T17:46:21Z" user="trenddays" uid="4073413">
  <nd ref="4234071996"/>
  <nd ref="4234071997"/>
  <nd ref="4234071998"/>
  <nd ref="4234071999"/>
  <nd ref="4234072000"/>
  <nd ref="4234072001"/>
  <nd ref="4234072002"/>
  <nd ref="4234072003"/>
  <nd ref="4234072004"/>
  <nd ref="4234072005"/>
  <nd ref="4234072006"/>
  <nd ref="4234072007"/>
  <nd ref="4234071996"/>
  <tag k="building" v="yes"/>
 </way>
 <way id="423892161" visible="true" version="2" changeset="39913789" timestamp="2016-06-09T17:46:21Z" user="trenddays" uid="4073413">
  <nd ref="4234072008"/>
  <nd ref="4234072009"/>
  <nd ref="4234072010"/>
  <nd ref="4234072011"/>
  <nd ref="4234072012"/>
  <nd ref="4234072013"/>
  <nd ref="4234072014"/>
  <nd ref="4234072008"/>
  <tag k="building" v="yes"/>
 </way>
 <way id="423892162" visible="true" version="2" changeset="39913789" timestamp="2016-06-09T17:46:21Z" user="trenddays" uid="4073413">
  <nd ref="4234072015"/>
  <nd ref="4234072016"/>
  <nd ref="4234072017"/>
  <nd ref="4234072018"/>
  <nd ref="4234072019"/>
  <nd ref="4234072020"/>
  <nd ref="4234072021"/>
  <nd ref="4234072022"/>
  <nd ref="4234072015"/>
  <tag k="building" v="yes"/>
 </way>
 <way id="423892163" visible="true" version="2" changeset="39913789" timestamp="2016-06-09T17:46:21Z" user="trenddays" uid="4073413">
  <nd ref="4234072023"/>
  <nd ref="4234072024"/>
  <nd ref="4234072025"/>
  <nd ref="4234072026"/>
  <nd ref="4234072023"/>
  <tag k="building" v="yes"/>
 </way>
 <way id="423892164" visible="true" version="2" changeset="39913789" timestamp="2016-06-09T17:46:21Z" user="trenddays" uid="4073413">
  <nd ref="4234072027"/>
  <nd ref="4234072028"/>
  <nd ref="4234072029"/>
  <nd ref="4234072030"/>
  <nd ref="4234072031"/>
  <nd ref="4234072027"/>
  <tag k="building" v="yes"/>
 </way>
 <way id="423892165" visible="true" version="2" changeset="39913789" timestamp="2016-06-09T17:46:21Z" user="trenddays" uid="4073413">
  <nd ref="4234072032"/>
  <nd ref="4234072033"/>
  <nd ref="4234072034"/>
  <nd ref="4234072035"/>
  <nd ref="4234072036"/>
  <nd ref="4234072037"/>
  <nd ref="4234072038"/>
  <nd ref="4234072039"/>
  <nd ref="4234072032"/>
  <tag k="building" v="yes"/>
 </way>
 <way id="423892166" visible="true" version="2" changeset="39913789" timestamp="2016-06-09T17:46:21Z" user="trenddays" uid="4073413">
  <nd ref="4234072040"/>
  <nd ref="4234072041"/>
  <nd ref="4234072042"/>
  <nd ref="4234072043"/>
  <nd ref="4234072044"/>
  <nd ref="4234072045"/>
  <nd ref="4234072046"/>
  <nd ref="4234072047"/>
  <nd ref="4234072048"/>
  <nd ref="4234072049"/>
  <nd ref="4234072040"/>
  <tag k="building" v="yes"/>
 </way>
 <way id="423892173" visible="true" version="2" changeset="39913789" timestamp="2016-06-09T17:46:19Z" user="trenddays" uid="4073413">
  <nd ref="4234072094"/>
  <nd ref="4234072095"/>
  <nd ref="4234072096"/>
  <nd ref="4234072097"/>
  <nd ref="4234072098"/>
  <nd ref="4234072099"/>
  <nd ref="4234072100"/>
  <nd ref="4234072101"/>
  <nd ref="4234072102"/>
  <nd ref="4234072103"/>
  <nd ref="4234072104"/>
  <nd ref="4234072105"/>
  <nd ref="4234072094"/>
  <tag k="building" v="yes"/>
  <tag k="name" v="桜圃寺内文庫"/>
 </way>
 <way id="423892174" visible="true" version="2" changeset="39913789" timestamp="2016-06-09T17:46:20Z" user="trenddays" uid="4073413">
  <nd ref="4234072106"/>
  <nd ref="4234072107"/>
  <nd ref="4234072108"/>
  <nd ref="4234072109"/>
  <nd ref="4234072106"/>
  <tag k="building" v="yes"/>
 </way>
 <way id="423892175" visible="true" version="2" changeset="39913789" timestamp="2016-06-09T17:46:19Z" user="trenddays" uid="4073413">
  <nd ref="4234072110"/>
  <nd ref="4234072111"/>
  <nd ref="4234072112"/>
  <nd ref="4234072113"/>
  <nd ref="4234072114"/>
  <nd ref="4234072115"/>
  <nd ref="4234072110"/>
  <tag k="building" v="yes"/>
 </way>
 <way id="423892177" visible="true" version="2" changeset="39913789" timestamp="2016-06-09T17:46:19Z" user="trenddays" uid="4073413">
  <nd ref="4234072120"/>
  <nd ref="4234072121"/>
  <nd ref="4234072122"/>
  <nd ref="4234072123"/>
  <nd ref="4234072124"/>
  <nd ref="4234072125"/>
  <nd ref="4234072120"/>
  <tag k="building" v="yes"/>
 </way>
 <way id="423892178" visible="true" version="2" changeset="39913789" timestamp="2016-06-09T17:46:19Z" user="trenddays" uid="4073413">
  <nd ref="4234072126"/>
  <nd ref="4234072127"/>
  <nd ref="4234072128"/>
  <nd ref="4234072129"/>
  <nd ref="4234072126"/>
  <tag k="building" v="yes"/>
 </way>
 <way id="423892179" visible="true" version="2" changeset="39913789" timestamp="2016-06-09T17:46:19Z" user="trenddays" uid="4073413">
  <nd ref="4234072130"/>
  <nd ref="4234072131"/>
  <nd ref="4234072132"/>
  <nd ref="4234072133"/>
  <nd ref="4234072134"/>
  <nd ref="4234072130"/>
  <tag k="building" v="yes"/>
 </way>
 <way id="423892180" visible="true" version="2" changeset="39913789" timestamp="2016-06-09T17:46:20Z" user="trenddays" uid="4073413">
  <nd ref="4234072135"/>
  <nd ref="4234072136"/>
  <nd ref="4234072137"/>
  <nd ref="4234072138"/>
  <nd ref="4234072139"/>
  <nd ref="4234072140"/>
  <nd ref="4234072141"/>
  <nd ref="4234072142"/>
  <nd ref="4234072143"/>
  <nd ref="4234072135"/>
  <tag k="building" v="yes"/>
 </way>
 <way id="423892181" visible="true" version="2" changeset="39913789" timestamp="2016-06-09T17:46:20Z" user="trenddays" uid="4073413">
  <nd ref="4234072144"/>
  <nd ref="4234072145"/>
  <nd ref="4234072146"/>
  <nd ref="4234072147"/>
  <nd ref="4234072144"/>
  <tag k="building" v="yes"/>
 </way>
 <way id="423892224" visible="true" version="2" changeset="39913789" timestamp="2016-06-09T17:46:17Z" user="trenddays" uid="4073413">
  <nd ref="4234072397"/>
  <nd ref="4234072398"/>
  <nd ref="4234072399"/>
  <nd ref="4234072400"/>
  <nd ref="4234072401"/>
  <nd ref="4234072402"/>
  <nd ref="4234072403"/>
  <nd ref="4234072404"/>
  <nd ref="4234072405"/>
  <nd ref="4234072397"/>
  <tag k="building" v="yes"/>
 </way>
 <way id="423908797" visible="true" version="1" changeset="39913789" timestamp="2016-06-09T17:46:16Z" user="trenddays" uid="4073413">
  <nd ref="4234215924"/>
  <nd ref="4234215925"/>
  <nd ref="4234215926"/>
  <nd ref="4234215927"/>
  <nd ref="4234215924"/>
  <tag k="building" v="yes"/>
 </way>
 <way id="423908798" visible="true" version="1" changeset="39913789" timestamp="2016-06-09T17:46:16Z" user="trenddays" uid="4073413">
  <nd ref="4234215928"/>
  <nd ref="4234215929"/>
  <nd ref="4234215930"/>
  <nd ref="4234215931"/>
  <nd ref="4234215928"/>
  <tag k="building" v="yes"/>
 </way>
 <way id="424771637" visible="true" version="1" changeset="39995866" timestamp="2016-06-13T16:13:13Z" user="trenddays" uid="4073413">
  <nd ref="4241551098"/>
  <nd ref="4241551099"/>
  <nd ref="4241551100"/>
  <nd ref="4241551101"/>
  <nd ref="4241551098"/>
  <tag k="building" v="yes"/>
 </way>
 <way id="424771638" visible="true" version="1" changeset="39995866" timestamp="2016-06-13T16:13:13Z" user="trenddays" uid="4073413">
  <nd ref="4241551102"/>
  <nd ref="4241551103"/>
  <nd ref="4241551104"/>
  <nd ref="4241551105"/>
  <nd ref="4241551102"/>
  <tag k="building" v="yes"/>
 </way>
 <way id="424771639" visible="true" version="1" changeset="39995866" timestamp="2016-06-13T16:13:13Z" user="trenddays" uid="4073413">
  <nd ref="4241551106"/>
  <nd ref="4241551107"/>
  <nd ref="4241551108"/>
  <nd ref="4241551109"/>
  <nd ref="4241551106"/>
  <tag k="building" v="yes"/>
 </way>
 <way id="424771640" visible="true" version="1" changeset="39995866" timestamp="2016-06-13T16:13:13Z" user="trenddays" uid="4073413">
  <nd ref="4241551110"/>
  <nd ref="4241551111"/>
  <nd ref="4241551112"/>
  <nd ref="4241551113"/>
  <nd ref="4241551110"/>
  <tag k="building" v="yes"/>
 </way>
 <way id="424771641" visible="true" version="1" changeset="39995866" timestamp="2016-06-13T16:13:13Z" user="trenddays" uid="4073413">
  <nd ref="4241551114"/>
  <nd ref="4241551115"/>
  <nd ref="4241551116"/>
  <nd ref="4241551117"/>
  <nd ref="4241551114"/>
  <tag k="building" v="yes"/>
 </way>
 <way id="424771653" visible="true" version="1" changeset="39995866" timestamp="2016-06-13T16:13:14Z" user="trenddays" uid="4073413">
  <nd ref="4241551177"/>
  <nd ref="4241551178"/>
  <nd ref="4241551179"/>
  <nd ref="4241551180"/>
  <nd ref="4241551181"/>
  <nd ref="4241551182"/>
  <nd ref="4241551177"/>
  <tag k="building" v="yes"/>
 </way>
 <way id="424771654" visible="true" version="1" changeset="39995866" timestamp="2016-06-13T16:13:14Z" user="trenddays" uid="4073413">
  <nd ref="4241551183"/>
  <nd ref="4241551184"/>
  <nd ref="4241551185"/>
  <nd ref="4241551186"/>
  <nd ref="4241551183"/>
  <tag k="building" v="yes"/>
 </way>
 <way id="424771655" visible="true" version="1" changeset="39995866" timestamp="2016-06-13T16:13:14Z" user="trenddays" uid="4073413">
  <nd ref="4241551187"/>
  <nd ref="4241551188"/>
  <nd ref="4241551189"/>
  <nd ref="4241551190"/>
  <nd ref="4241551191"/>
  <nd ref="4241551192"/>
  <nd ref="4241551193"/>
  <nd ref="4241551194"/>
  <nd ref="4241551187"/>
  <tag k="building" v="yes"/>
 </way>
 <way id="424771656" visible="true" version="1" changeset="39995866" timestamp="2016-06-13T16:13:14Z" user="trenddays" uid="4073413">
  <nd ref="4241551195"/>
  <nd ref="4241551196"/>
  <nd ref="4241551197"/>
  <nd ref="4241551198"/>
  <nd ref="4241551195"/>
  <tag k="building" v="yes"/>
 </way>
 <way id="424771657" visible="true" version="1" changeset="39995866" timestamp="2016-06-13T16:13:14Z" user="trenddays" uid="4073413">
  <nd ref="4241551199"/>
  <nd ref="4241551200"/>
  <nd ref="4241551201"/>
  <nd ref="4241551202"/>
  <nd ref="4241551199"/>
  <tag k="building" v="yes"/>
 </way>
 <way id="424771658" visible="true" version="1" changeset="39995866" timestamp="2016-06-13T16:13:14Z" user="trenddays" uid="4073413">
  <nd ref="4241551203"/>
  <nd ref="4241551204"/>
  <nd ref="4241551205"/>
  <nd ref="4241551206"/>
  <nd ref="4241551203"/>
  <tag k="building" v="yes"/>
 </way>
 <way id="424771659" visible="true" version="1" changeset="39995866" timestamp="2016-06-13T16:13:14Z" user="trenddays" uid="4073413">
  <nd ref="4241551207"/>
  <nd ref="4241551208"/>
  <nd ref="4241551209"/>
  <nd ref="4241551210"/>
  <nd ref="4241551207"/>
  <tag k="building" v="yes"/>
 </way>
 <way id="424771660" visible="true" version="1" changeset="39995866" timestamp="2016-06-13T16:13:14Z" user="trenddays" uid="4073413">
  <nd ref="4241551211"/>
  <nd ref="4241551212"/>
  <nd ref="4241551213"/>
  <nd ref="4241551214"/>
  <nd ref="4241551211"/>
  <tag k="building" v="yes"/>
 </way>
 <way id="424771661" visible="true" version="1" changeset="39995866" timestamp="2016-06-13T16:13:14Z" user="trenddays" uid="4073413">
  <nd ref="4241551215"/>
  <nd ref="4241551216"/>
  <nd ref="4241551217"/>
  <nd ref="4241551218"/>
  <nd ref="4241551215"/>
  <tag k="building" v="yes"/>
 </way>
 <way id="424771662" visible="true" version="1" changeset="39995866" timestamp="2016-06-13T16:13:14Z" user="trenddays" uid="4073413">
  <nd ref="4241551219"/>
  <nd ref="4241551220"/>
  <nd ref="4241551221"/>
  <nd ref="4241551222"/>
  <nd ref="4241551219"/>
  <tag k="building" v="yes"/>
 </way>
 <way id="424771663" visible="true" version="1" changeset="39995866" timestamp="2016-06-13T16:13:14Z" user="trenddays" uid="4073413">
  <nd ref="4241551223"/>
  <nd ref="4241551224"/>
  <nd ref="4241551225"/>
  <nd ref="4241551226"/>
  <nd ref="4241551223"/>
  <tag k="building" v="yes"/>
 </way>
 <way id="424771664" visible="true" version="1" changeset="39995866" timestamp="2016-06-13T16:13:14Z" user="trenddays" uid="4073413">
  <nd ref="4241551227"/>
  <nd ref="4241551228"/>
  <nd ref="4241551229"/>
  <nd ref="4241551230"/>
  <nd ref="4241551227"/>
  <tag k="building" v="yes"/>
 </way>
 <way id="425578418" visible="true" version="1" changeset="40097697" timestamp="2016-06-17T15:44:59Z" user="trenddays" uid="4073413">
  <nd ref="4248676718"/>
  <nd ref="4248676719"/>
  <nd ref="4248676720"/>
  <nd ref="4248676721"/>
  <nd ref="4248676722"/>
  <nd ref="4248676723"/>
  <nd ref="4248676724"/>
  <nd ref="4248676725"/>
  <nd ref="4248676726"/>
  <nd ref="4248676757"/>
  <nd ref="4248676727"/>
  <nd ref="4248676728"/>
  <nd ref="4248676729"/>
  <nd ref="4248676730"/>
  <nd ref="4248676731"/>
  <nd ref="4248676732"/>
  <nd ref="4248676733"/>
  <nd ref="4248676734"/>
  <tag k="highway" v="residential"/>
 </way>
 <way id="425596504" visible="true" version="1" changeset="40099432" timestamp="2016-06-17T17:11:36Z" user="trenddays" uid="4073413">
  <nd ref="4248823264"/>
  <nd ref="4248823265"/>
  <nd ref="4248823266"/>
  <nd ref="4248823267"/>
  <nd ref="4248823268"/>
  <nd ref="4248823269"/>
  <nd ref="4248823270"/>
  <nd ref="4248823271"/>
  <nd ref="4248823272"/>
  <nd ref="4248823273"/>
  <nd ref="4248823274"/>
  <nd ref="4248823275"/>
  <nd ref="4248823276"/>
  <nd ref="4248823277"/>
  <nd ref="4248823278"/>
  <tag k="highway" v="residential"/>
 </way>
 <way id="425596514" visible="true" version="1" changeset="40099432" timestamp="2016-06-17T17:11:36Z" user="trenddays" uid="4073413">
  <nd ref="4248823270"/>
  <nd ref="4248823810"/>
  <nd ref="4248823811"/>
  <nd ref="4248823812"/>
  <nd ref="4248823813"/>
  <nd ref="4248823814"/>
  <tag k="highway" v="residential"/>
 </way>
 <way id="528945182" visible="true" version="4" changeset="167459282" timestamp="2025-06-10T18:52:35Z" user="AlexM51" uid="174705">
  <nd ref="266065832"/>
  <nd ref="266065836"/>
  <nd ref="266065825"/>
  <nd ref="266065828"/>
  <nd ref="266065783"/>
  <nd ref="266065786"/>
  <nd ref="266065775"/>
  <nd ref="266065779"/>
  <tag k="electrified" v="no"/>
  <tag k="gauge" v="1067"/>
  <tag k="KSJ2:LIN" v="山口線"/>
  <tag k="name" v="JR山口線"/>
  <tag k="name:en" v="JR Yamaguchi Line"/>
  <tag k="name:ja" v="JR山口線"/>
  <tag k="note" v="National-Land Numerical Information (Railway) 2007, MLIT Japan"/>
  <tag k="note:ja" v="国土数値情報（鉄道データ）平成19年　国土交通省"/>
  <tag k="operator" v="西日本旅客鉄道"/>
  <tag k="operator:en" v="West Japan Railway Company"/>
  <tag k="operator:ja" v="西日本旅客鉄道"/>
  <tag k="passenger_lines" v="1"/>
  <tag k="railway" v="rail"/>
  <tag k="source" v="KSJ2"/>
  <tag k="source_ref" v="http://nlftp.mlit.go.jp/ksj/jpgis/datalist/KsjTmplt-N02-v1_1.html"/>
  <tag k="usage" v="main"/>
 </way>
 <way id="696539880" visible="true" version="1" changeset="71162181" timestamp="2019-06-12T02:00:25Z" user="hibagonsan" uid="5939709">
  <nd ref="6541213383"/>
  <nd ref="6541213382"/>
  <nd ref="6541213381"/>
  <nd ref="6541213380"/>
  <nd ref="6541213383"/>
  <tag k="building" v="yes"/>
  <tag k="source" v="GSImaps/ort"/>
 </way>
 <way id="696539881" visible="true" version="1" changeset="71162181" timestamp="2019-06-12T02:00:25Z" user="hibagonsan" uid="5939709">
  <nd ref="6541223087"/>
  <nd ref="6541223086"/>
  <nd ref="6541223085"/>
  <nd ref="6541213384"/>
  <nd ref="6541223087"/>
  <tag k="building" v="yes"/>
  <tag k="source" v="GSImaps/ort"/>
 </way>
 <way id="696539882" visible="true" version="1" changeset="71162181" timestamp="2019-06-12T02:00:25Z" user="hibagonsan" uid="5939709">
  <nd ref="6541223091"/>
  <nd ref="6541223088"/>
  <nd ref="6541223089"/>
  <nd ref="6541223090"/>
  <nd ref="6541223091"/>
  <tag k="building" v="yes"/>
  <tag k="source" v="GSImaps/ort"/>
 </way>
 <way id="696539883" visible="true" version="1" changeset="71162181" timestamp="2019-06-12T02:00:25Z" user="hibagonsan" uid="5939709">
  <nd ref="6541223095"/>
  <nd ref="6541223094"/>
  <nd ref="6541223093"/>
  <nd ref="6541223092"/>
  <nd ref="6541223095"/>
  <tag k="building" v="yes"/>
  <tag k="source" v="GSImaps/ort"/>
 </way>
 <way id="696539884" visible="true" version="1" changeset="71162181" timestamp="2019-06-12T02:00:25Z" user="hibagonsan" uid="5939709">
  <nd ref="6541223099"/>
  <nd ref="6541223098"/>
  <nd ref="6541223097"/>
  <nd ref="6541223096"/>
  <nd ref="6541223099"/>
  <tag k="building" v="yes"/>
  <tag k="source" v="GSImaps/ort"/>
 </way>
 <way id="696539885" visible="true" version="1" changeset="71162181" timestamp="2019-06-12T02:00:25Z" user="hibagonsan" uid="5939709">
  <nd ref="6541223103"/>
  <nd ref="6541223100"/>
  <nd ref="6541223101"/>
  <nd ref="6541223102"/>
  <nd ref="6541223103"/>
  <tag k="building" v="yes"/>
  <tag k="source" v="GSImaps/ort"/>
 </way>
 <way id="696539886" visible="true" version="1" changeset="71162181" timestamp="2019-06-12T02:00:25Z" user="hibagonsan" uid="5939709">
  <nd ref="6541223107"/>
  <nd ref="6541223104"/>
  <nd ref="6541223105"/>
  <nd ref="6541223106"/>
  <nd ref="6541223107"/>
  <tag k="building" v="yes"/>
  <tag k="source" v="GSImaps/ort"/>
 </way>
 <way id="696539887" visible="true" version="1" changeset="71162181" timestamp="2019-06-12T02:00:25Z" user="hibagonsan" uid="5939709">
  <nd ref="6541223111"/>
  <nd ref="6541223110"/>
  <nd ref="6541223109"/>
  <nd ref="6541223108"/>
  <nd ref="6541223111"/>
  <tag k="building" v="yes"/>
  <tag k="source" v="GSImaps/ort"/>
 </way>
 <way id="696539888" visible="true" version="1" changeset="71162181" timestamp="2019-06-12T02:00:25Z" user="hibagonsan" uid="5939709">
  <nd ref="6541223115"/>
  <nd ref="6541223112"/>
  <nd ref="6541223113"/>
  <nd ref="6541223114"/>
  <nd ref="6541223115"/>
  <tag k="building" v="yes"/>
  <tag k="source" v="GSImaps/ort"/>
 </way>
 <way id="696539889" visible="true" version="1" changeset="71162181" timestamp="2019-06-12T02:00:25Z" user="hibagonsan" uid="5939709">
  <nd ref="6541223119"/>
  <nd ref="6541223116"/>
  <nd ref="6541223117"/>
  <nd ref="6541223118"/>
  <nd ref="6541223119"/>
  <tag k="building" v="yes"/>
  <tag k="source" v="GSImaps/ort"/>
 </way>
 <way id="696539890" visible="true" version="1" changeset="71162181" timestamp="2019-06-12T02:00:25Z" user="hibagonsan" uid="5939709">
  <nd ref="6541223123"/>
  <nd ref="6541223122"/>
  <nd ref="6541223121"/>
  <nd ref="6541223120"/>
  <nd ref="6541223123"/>
  <tag k="building" v="yes"/>
  <tag k="source" v="GSImaps/ort"/>
 </way>
 <way id="696539891" visible="true" version="1" changeset="71162181" timestamp="2019-06-12T02:00:25Z" user="hibagonsan" uid="5939709">
  <nd ref="6541223129"/>
  <nd ref="6541223128"/>
  <nd ref="6541223127"/>
  <nd ref="6541223124"/>
  <nd ref="6541223125"/>
  <nd ref="6541223126"/>
  <nd ref="6541223129"/>
  <tag k="building" v="yes"/>
  <tag k="source" v="GSImaps/ort"/>
 </way>
 <way id="696539892" visible="true" version="1" changeset="71162181" timestamp="2019-06-12T02:00:25Z" user="hibagonsan" uid="5939709">
  <nd ref="6541223133"/>
  <nd ref="6541223130"/>
  <nd ref="6541223131"/>
  <nd ref="6541223132"/>
  <nd ref="6541223133"/>
  <tag k="building" v="yes"/>
  <tag k="source" v="GSImaps/ort"/>
 </way>
 <way id="696539894" visible="true" version="1" changeset="71162181" timestamp="2019-06-12T02:00:25Z" user="hibagonsan" uid="5939709">
  <nd ref="6541223143"/>
  <nd ref="6541223142"/>
  <nd ref="6541223141"/>
  <nd ref="6541223138"/>
  <nd ref="6541223139"/>
  <nd ref="6541223140"/>
  <nd ref="6541223143"/>
  <tag k="building" v="yes"/>
  <tag k="source" v="GSImaps/ort"/>
 </way>
 <way id="696539895" visible="true" version="1" changeset="71162181" timestamp="2019-06-12T02:00:25Z" user="hibagonsan" uid="5939709">
  <nd ref="6541223147"/>
  <nd ref="6541223144"/>
  <nd ref="6541223145"/>
  <nd ref="6541223146"/>
  <nd ref="6541223147"/>
  <tag k="building" v="yes"/>
  <tag k="source" v="GSImaps/ort"/>
 </way>
 <way id="696539896" visible="true" version="1" changeset="71162181" timestamp="2019-06-12T02:00:25Z" user="hibagonsan" uid="5939709">
  <nd ref="6541223151"/>
  <nd ref="6541223150"/>
  <nd ref="6541223149"/>
  <nd ref="6541223148"/>
  <nd ref="6541223151"/>
  <tag k="building" v="yes"/>
  <tag k="source" v="GSImaps/ort"/>
 </way>
 <way id="696541088" visible="true" version="1" changeset="71162377" timestamp="2019-06-12T02:14:38Z" user="hibagonsan" uid="5939709">
  <nd ref="6541232177"/>
  <nd ref="6541232176"/>
  <nd ref="6541232175"/>
  <nd ref="6541232174"/>
  <nd ref="6541232177"/>
  <tag k="building" v="yes"/>
  <tag k="source" v="GSImaps/ort"/>
 </way>
 <way id="696541090" visible="true" version="1" changeset="71162377" timestamp="2019-06-12T02:14:38Z" user="hibagonsan" uid="5939709">
  <nd ref="6541232185"/>
  <nd ref="6541232182"/>
  <nd ref="6541232183"/>
  <nd ref="6541232184"/>
  <nd ref="6541232185"/>
  <tag k="building" v="yes"/>
  <tag k="source" v="GSImaps/ort"/>
 </way>
 <way id="696541091" visible="true" version="1" changeset="71162377" timestamp="2019-06-12T02:14:38Z" user="hibagonsan" uid="5939709">
  <nd ref="6541232189"/>
  <nd ref="6541232188"/>
  <nd ref="6541232187"/>
  <nd ref="6541232186"/>
  <nd ref="6541232189"/>
  <tag k="building" v="yes"/>
  <tag k="source" v="GSImaps/ort"/>
 </way>
 <way id="696541092" visible="true" version="1" changeset="71162377" timestamp="2019-06-12T02:14:38Z" user="hibagonsan" uid="5939709">
  <nd ref="6541232193"/>
  <nd ref="6541232192"/>
  <nd ref="6541232191"/>
  <nd ref="6541232190"/>
  <nd ref="6541232193"/>
  <tag k="building" v="yes"/>
  <tag k="source" v="GSImaps/ort"/>
 </way>
 <way id="696541093" visible="true" version="1" changeset="71162377" timestamp="2019-06-12T02:14:38Z" user="hibagonsan" uid="5939709">
  <nd ref="6541232197"/>
  <nd ref="6541232196"/>
  <nd ref="6541232195"/>
  <nd ref="6541232194"/>
  <nd ref="6541232197"/>
  <tag k="building" v="yes"/>
  <tag k="source" v="GSImaps/ort"/>
 </way>
 <way id="696541094" visible="true" version="1" changeset="71162377" timestamp="2019-06-12T02:14:38Z" user="hibagonsan" uid="5939709">
  <nd ref="6541232201"/>
  <nd ref="6541232200"/>
  <nd ref="6541232199"/>
  <nd ref="6541232198"/>
  <nd ref="6541232201"/>
  <tag k="building" v="yes"/>
  <tag k="source" v="GSImaps/ort"/>
 </way>
 <way id="696541095" visible="true" version="1" changeset="71162377" timestamp="2019-06-12T02:14:38Z" user="hibagonsan" uid="5939709">
  <nd ref="6541232205"/>
  <nd ref="6541232202"/>
  <nd ref="6541232203"/>
  <nd ref="6541232204"/>
  <nd ref="6541232205"/>
  <tag k="building" v="yes"/>
  <tag k="source" v="GSImaps/ort"/>
 </way>
 <way id="696541096" visible="true" version="1" changeset="71162377" timestamp="2019-06-12T02:14:38Z" user="hibagonsan" uid="5939709">
  <nd ref="6541232209"/>
  <nd ref="6541232208"/>
  <nd ref="6541232207"/>
  <nd ref="6541232206"/>
  <nd ref="6541232209"/>
  <tag k="building" v="yes"/>
  <tag k="source" v="GSImaps/ort"/>
 </way>
 <way id="696541097" visible="true" version="1" changeset="71162377" timestamp="2019-06-12T02:14:38Z" user="hibagonsan" uid="5939709">
  <nd ref="6541232213"/>
  <nd ref="6541232212"/>
  <nd ref="6541232211"/>
  <nd ref="6541232210"/>
  <nd ref="6541232213"/>
  <tag k="building" v="yes"/>
  <tag k="source" v="GSImaps/ort"/>
 </way>
 <way id="696541102" visible="true" version="1" changeset="71162377" timestamp="2019-06-12T02:14:38Z" user="hibagonsan" uid="5939709">
  <nd ref="6541232233"/>
  <nd ref="6541232232"/>
  <nd ref="6541232231"/>
  <nd ref="6541232230"/>
  <nd ref="6541232233"/>
  <tag k="building" v="yes"/>
  <tag k="source" v="GSImaps/ort"/>
 </way>
 <way id="696541103" visible="true" version="1" changeset="71162377" timestamp="2019-06-12T02:14:38Z" user="hibagonsan" uid="5939709">
  <nd ref="6541232237"/>
  <nd ref="6541232236"/>
  <nd ref="6541232235"/>
  <nd ref="6541232234"/>
  <nd ref="6541232237"/>
  <tag k="building" v="yes"/>
  <tag k="source" v="GSImaps/ort"/>
 </way>
 <way id="696541104" visible="true" version="1" changeset="71162377" timestamp="2019-06-12T02:14:38Z" user="hibagonsan" uid="5939709">
  <nd ref="6541232241"/>
  <nd ref="6541232238"/>
  <nd ref="6541232239"/>
  <nd ref="6541232240"/>
  <nd ref="6541232241"/>
  <tag k="building" v="yes"/>
  <tag k="source" v="GSImaps/ort"/>
 </way>
 <way id="696541105" visible="true" version="1" changeset="71162377" timestamp="2019-06-12T02:14:38Z" user="hibagonsan" uid="5939709">
  <nd ref="6541232245"/>
  <nd ref="6541232244"/>
  <nd ref="6541232243"/>
  <nd ref="6541232242"/>
  <nd ref="6541232245"/>
  <tag k="building" v="yes"/>
  <tag k="source" v="GSImaps/ort"/>
 </way>
 <way id="696541106" visible="true" version="1" changeset="71162377" timestamp="2019-06-12T02:14:38Z" user="hibagonsan" uid="5939709">
  <nd ref="6541232249"/>
  <nd ref="6541232248"/>
  <nd ref="6541232247"/>
  <nd ref="6541232246"/>
  <nd ref="6541232249"/>
  <tag k="building" v="yes"/>
  <tag k="source" v="GSImaps/ort"/>
 </way>
 <way id="721444958" visible="true" version="1" changeset="74017474" timestamp="2019-09-03T02:23:22Z" user="hibagonsan" uid="5939709">
  <nd ref="6768213103"/>
  <nd ref="6768213100"/>
  <nd ref="6768213101"/>
  <nd ref="6768213102"/>
  <nd ref="6768213103"/>
  <tag k="building" v="yes"/>
  <tag k="source" v="GSImaps/ort"/>
 </way>
 <way id="721444959" visible="true" version="1" changeset="74017474" timestamp="2019-09-03T02:23:22Z" user="hibagonsan" uid="5939709">
  <nd ref="6768213107"/>
  <nd ref="6768213106"/>
  <nd ref="6768213105"/>
  <nd ref="6768213104"/>
  <nd ref="6768213107"/>
  <tag k="building" v="yes"/>
  <tag k="source" v="GSImaps/ort"/>
 </way>
 <way id="721444960" visible="true" version="1" changeset="74017474" timestamp="2019-09-03T02:23:22Z" user="hibagonsan" uid="5939709">
  <nd ref="6768213111"/>
  <nd ref="6768213108"/>
  <nd ref="6768213109"/>
  <nd ref="6768213110"/>
  <nd ref="6768213111"/>
  <tag k="building" v="yes"/>
  <tag k="source" v="GSImaps/ort"/>
 </way>
 <way id="721444961" visible="true" version="1" changeset="74017474" timestamp="2019-09-03T02:23:22Z" user="hibagonsan" uid="5939709">
  <nd ref="6768213115"/>
  <nd ref="6768213114"/>
  <nd ref="6768213113"/>
  <nd ref="6768213112"/>
  <nd ref="6768213115"/>
  <tag k="building" v="yes"/>
  <tag k="source" v="GSImaps/ort"/>
 </way>
 <way id="721444970" visible="true" version="1" changeset="74017474" timestamp="2019-09-03T02:23:22Z" user="hibagonsan" uid="5939709">
  <nd ref="6768213159"/>
  <nd ref="6768213156"/>
  <nd ref="6768213157"/>
  <nd ref="6768213158"/>
  <nd ref="6768213159"/>
  <tag k="building" v="yes"/>
  <tag k="source" v="GSImaps/ort"/>
 </way>
 <way id="800891032" visible="true" version="1" changeset="84796126" timestamp="2020-05-07T03:02:09Z" user="hibagonsan" uid="5939709">
  <nd ref="7490930257"/>
  <nd ref="7490930256"/>
  <nd ref="7490930255"/>
  <nd ref="7490930252"/>
  <nd ref="7490930253"/>
  <nd ref="7490930254"/>
  <nd ref="7490930257"/>
  <tag k="building" v="yes"/>
 </way>
 <way id="800891033" visible="true" version="1" changeset="84796126" timestamp="2020-05-07T03:02:09Z" user="hibagonsan" uid="5939709">
  <nd ref="7490930261"/>
  <nd ref="7490930260"/>
  <nd ref="7490930259"/>
  <nd ref="7490930258"/>
  <nd ref="7490930261"/>
  <tag k="building" v="yes"/>
 </way>
 <way id="800891034" visible="true" version="1" changeset="84796126" timestamp="2020-05-07T03:02:09Z" user="hibagonsan" uid="5939709">
  <nd ref="7490930265"/>
  <nd ref="7490930264"/>
  <nd ref="7490930263"/>
  <nd ref="7490930262"/>
  <nd ref="7490930265"/>
  <tag k="building" v="yes"/>
 </way>
 <way id="802183742" visible="true" version="1" changeset="84974060" timestamp="2020-05-10T14:35:57Z" user="hibagonsan" uid="5939709">
  <nd ref="7503546191"/>
  <nd ref="7503546188"/>
  <nd ref="7503546189"/>
  <nd ref="7503546190"/>
  <nd ref="7503546191"/>
  <tag k="building" v="yes"/>
  <tag k="source" v="Bing"/>
 </way>
 <way id="802183743" visible="true" version="1" changeset="84974060" timestamp="2020-05-10T14:35:57Z" user="hibagonsan" uid="5939709">
  <nd ref="7503546195"/>
  <nd ref="7503546194"/>
  <nd ref="7503546193"/>
  <nd ref="7503546192"/>
  <nd ref="7503546195"/>
  <tag k="building" v="yes"/>
  <tag k="source" v="Bing"/>
 </way>
 <way id="802183744" visible="true" version="1" changeset="84974060" timestamp="2020-05-10T14:35:57Z" user="hibagonsan" uid="5939709">
  <nd ref="7503546203"/>
  <nd ref="7503546202"/>
  <nd ref="7503546201"/>
  <nd ref="7503546199"/>
  <nd ref="7503546197"/>
  <nd ref="7503546196"/>
  <nd ref="7503546198"/>
  <nd ref="7503546200"/>
  <nd ref="7503546203"/>
  <tag k="building" v="yes"/>
  <tag k="source" v="Bing"/>
 </way>
 <way id="802183745" visible="true" version="1" changeset="84974060" timestamp="2020-05-10T14:35:57Z" user="hibagonsan" uid="5939709">
  <nd ref="7503546207"/>
  <nd ref="7503546206"/>
  <nd ref="7503546205"/>
  <nd ref="7503546204"/>
  <nd ref="7503546207"/>
  <tag k="building" v="yes"/>
  <tag k="source" v="Bing"/>
 </way>
 <way id="802183746" visible="true" version="1" changeset="84974060" timestamp="2020-05-10T14:35:57Z" user="hibagonsan" uid="5939709">
  <nd ref="7503546213"/>
  <nd ref="7503546212"/>
  <nd ref="7503546211"/>
  <nd ref="7503546208"/>
  <nd ref="7503546209"/>
  <nd ref="7503546210"/>
  <nd ref="7503546213"/>
  <tag k="building" v="yes"/>
  <tag k="source" v="Bing"/>
 </way>
 <way id="802183755" visible="true" version="1" changeset="84974060" timestamp="2020-05-10T14:35:57Z" user="hibagonsan" uid="5939709">
  <nd ref="7503546249"/>
  <nd ref="7503546248"/>
  <nd ref="7503546247"/>
  <nd ref="7503546246"/>
  <nd ref="7503546249"/>
  <tag k="building" v="yes"/>
  <tag k="source" v="Bing"/>
 </way>
 <way id="802183756" visible="true" version="1" changeset="84974060" timestamp="2020-05-10T14:35:57Z" user="hibagonsan" uid="5939709">
  <nd ref="7503546253"/>
  <nd ref="7503546250"/>
  <nd ref="7503546251"/>
  <nd ref="7503546252"/>
  <nd ref="7503546253"/>
  <tag k="building" v="yes"/>
  <tag k="source" v="Bing"/>
 </way>
 <way id="802183757" visible="true" version="1" changeset="84974060" timestamp="2020-05-10T14:35:57Z" user="hibagonsan" uid="5939709">
  <nd ref="7503546257"/>
  <nd ref="7503546256"/>
  <nd ref="7503546255"/>
  <nd ref="7503546254"/>
  <nd ref="7503546257"/>
  <tag k="building" v="yes"/>
  <tag k="source" v="Bing"/>
 </way>
 <way id="802183758" visible="true" version="1" changeset="84974060" timestamp="2020-05-10T14:35:57Z" user="hibagonsan" uid="5939709">
  <nd ref="7503546261"/>
  <nd ref="7503546260"/>
  <nd ref="7503546259"/>
  <nd ref="7503546258"/>
  <nd ref="7503546261"/>
  <tag k="building" v="yes"/>
  <tag k="source" v="Bing"/>
 </way>
 <way id="802183759" visible="true" version="1" changeset="84974060" timestamp="2020-05-10T14:35:57Z" user="hibagonsan" uid="5939709">
  <nd ref="7503546265"/>
  <nd ref="7503546264"/>
  <nd ref="7503546263"/>
  <nd ref="7503546262"/>
  <nd ref="7503546265"/>
  <tag k="building" v="yes"/>
  <tag k="source" v="Bing"/>
 </way>
 <way id="802183760" visible="true" version="1" changeset="84974060" timestamp="2020-05-10T14:35:57Z" user="hibagonsan" uid="5939709">
  <nd ref="7503546271"/>
  <nd ref="7503546270"/>
  <nd ref="7503546269"/>
  <nd ref="7503546266"/>
  <nd ref="7503546267"/>
  <nd ref="7503546268"/>
  <nd ref="7503546271"/>
  <tag k="building" v="yes"/>
  <tag k="source" v="Bing"/>
 </way>
 <way id="816027340" visible="true" version="1" changeset="86639665" timestamp="2020-06-15T02:10:15Z" user="hibagonsan" uid="5939709">
  <nd ref="7621147061"/>
  <nd ref="7621147058"/>
  <nd ref="7621147057"/>
  <nd ref="7621147056"/>
  <nd ref="7621147059"/>
  <nd ref="7621147060"/>
  <nd ref="7621147061"/>
  <tag k="building" v="yes"/>
 </way>
 <way id="816033015" visible="true" version="1" changeset="86640124" timestamp="2020-06-15T02:31:25Z" user="hibagonsan" uid="5939709">
  <nd ref="7621182227"/>
  <nd ref="7621182224"/>
  <nd ref="7621182225"/>
  <nd ref="7621182226"/>
  <nd ref="7621182227"/>
  <tag k="building" v="yes"/>
 </way>
 <way id="816033016" visible="true" version="1" changeset="86640124" timestamp="2020-06-15T02:31:25Z" user="hibagonsan" uid="5939709">
  <nd ref="7621182231"/>
  <nd ref="7621182230"/>
  <nd ref="7621182229"/>
  <nd ref="7621182228"/>
  <nd ref="7621182231"/>
  <tag k="building" v="yes"/>
 </way>
 <way id="816033017" visible="true" version="1" changeset="86640124" timestamp="2020-06-15T02:31:25Z" user="hibagonsan" uid="5939709">
  <nd ref="7621182235"/>
  <nd ref="7621182234"/>
  <nd ref="7621182233"/>
  <nd ref="7621182232"/>
  <nd ref="7621182235"/>
  <tag k="building" v="yes"/>
 </way>
 <way id="816033018" visible="true" version="1" changeset="86640124" timestamp="2020-06-15T02:31:25Z" user="hibagonsan" uid="5939709">
  <nd ref="7621182239"/>
  <nd ref="7621182236"/>
  <nd ref="7621182237"/>
  <nd ref="7621182238"/>
  <nd ref="7621182239"/>
  <tag k="building" v="yes"/>
 </way>
 <way id="816033019" visible="true" version="1" changeset="86640124" timestamp="2020-06-15T02:31:25Z" user="hibagonsan" uid="5939709">
  <nd ref="7621182243"/>
  <nd ref="7621182240"/>
  <nd ref="7621182241"/>
  <nd ref="7621182242"/>
  <nd ref="7621182243"/>
  <tag k="building" v="yes"/>
 </way>
 <way id="816033020" visible="true" version="1" changeset="86640124" timestamp="2020-06-15T02:31:25Z" user="hibagonsan" uid="5939709">
  <nd ref="7621182247"/>
  <nd ref="7621182244"/>
  <nd ref="7621182245"/>
  <nd ref="7621182246"/>
  <nd ref="7621182247"/>
  <tag k="building" v="yes"/>
 </way>
 <way id="816033022" visible="true" version="1" changeset="86640124" timestamp="2020-06-15T02:31:25Z" user="hibagonsan" uid="5939709">
  <nd ref="7621182255"/>
  <nd ref="7621182254"/>
  <nd ref="7621182253"/>
  <nd ref="7621182252"/>
  <nd ref="7621182255"/>
  <tag k="building" v="yes"/>
 </way>
 <way id="816708947" visible="true" version="1" changeset="86746108" timestamp="2020-06-17T02:30:45Z" user="hibagonsan" uid="5939709">
  <nd ref="7627796948"/>
  <nd ref="7627796942"/>
  <nd ref="7627796941"/>
  <nd ref="7627796940"/>
  <nd ref="7627796939"/>
  <tag k="railway" v="rail"/>
 </way>
 <way id="816708948" visible="true" version="2" changeset="167459282" timestamp="2025-06-10T18:52:35Z" user="AlexM51" uid="174705">
  <nd ref="266065292"/>
  <nd ref="7627796943"/>
  <nd ref="7627796944"/>
  <nd ref="7627796945"/>
  <nd ref="7627796946"/>
  <nd ref="7627796947"/>
  <nd ref="7627796948"/>
  <nd ref="7627796949"/>
  <nd ref="266065832"/>
  <tag k="railway" v="rail"/>
 </way>
 <way id="819713521" visible="true" version="1" changeset="87173645" timestamp="2020-06-26T06:32:05Z" user="hibagonsan" uid="5939709">
  <nd ref="7654994899"/>
  <nd ref="7654994896"/>
  <nd ref="7654994897"/>
  <nd ref="7654994898"/>
  <nd ref="7654994899"/>
  <tag k="building" v="yes"/>
 </way>
 <way id="1211745385" visible="true" version="3" changeset="141899362" timestamp="2023-09-29T07:41:16Z" user="FallingPeppers" uid="19745387">
  <nd ref="11226358454"/>
  <nd ref="11226358453"/>
  <nd ref="11226358452"/>
  <nd ref="11226358451"/>
  <nd ref="11226358450"/>
  <nd ref="11226358449"/>
  <nd ref="11226358448"/>
  <nd ref="11226358447"/>
  <nd ref="11226358446"/>
  <nd ref="11226358445"/>
  <nd ref="11226358444"/>
  <tag k="admin_level" v="10"/>
  <tag k="boundary" v="administrative"/>
 </way>
 <way id="1211746322" visible="true" version="2" changeset="141906269" timestamp="2023-09-29T10:56:46Z" user="FallingPeppers" uid="19745387">
  <nd ref="11226358533"/>
  <nd ref="11226358519"/>
  <nd ref="11226358518"/>
  <nd ref="11226358517"/>
  <nd ref="11226358516"/>
  <nd ref="11226358515"/>
  <nd ref="11226358514"/>
  <nd ref="11226358513"/>
  <nd ref="11226358512"/>
  <nd ref="11226358511"/>
  <nd ref="11226358510"/>
  <nd ref="11226358509"/>
  <nd ref="11226358508"/>
  <nd ref="11226358507"/>
  <nd ref="11226358506"/>
  <nd ref="11226358505"/>
  <nd ref="11226358504"/>
  <nd ref="11226358503"/>
  <nd ref="11226358502"/>
  <nd ref="11226358501"/>
  <nd ref="11226358500"/>
  <nd ref="11226358499"/>
  <nd ref="11226358498"/>
  <nd ref="11226358497"/>
  <tag k="admin_level" v="9"/>
  <tag k="boundary" v="administrative"/>
 </way>
 <way id="1211746326" visible="true" version="1" changeset="141896386" timestamp="2023-09-29T06:13:47Z" user="FallingPeppers" uid="19745387">
  <nd ref="11226358359"/>
  <nd ref="11226358358"/>
  <nd ref="11226358357"/>
  <nd ref="11226358356"/>
  <nd ref="11226358355"/>
  <nd ref="11226358354"/>
  <nd ref="11226358353"/>
  <nd ref="11226358352"/>
  <nd ref="11226358351"/>
  <nd ref="11226358350"/>
  <nd ref="11226358349"/>
  <nd ref="11226358348"/>
  <nd ref="11226358347"/>
  <nd ref="11226358346"/>
  <nd ref="11226358454"/>
  <tag k="admin_level" v="10"/>
  <tag k="boundary" v="administrative"/>
 </way>
 <way id="1211758168" visible="true" version="1" changeset="141899362" timestamp="2023-09-29T07:41:16Z" user="FallingPeppers" uid="19745387">
  <nd ref="11226358462"/>
  <nd ref="11226358461"/>
  <nd ref="11226358460"/>
  <nd ref="11226358459"/>
  <nd ref="11226358458"/>
  <nd ref="11226358457"/>
  <nd ref="11226358456"/>
  <nd ref="11226358455"/>
  <nd ref="11226358454"/>
  <tag k="admin_level" v="10"/>
  <tag k="boundary" v="administrative"/>
 </way>
 <way id="1393996864" visible="true" version="1" changeset="167459282" timestamp="2025-06-10T18:52:35Z" user="AlexM51" uid="174705">
  <nd ref="266065832"/>
  <nd ref="266065817"/>
  <nd ref="266065814"/>
  <nd ref="266065495"/>
  <tag k="electrified" v="no"/>
  <tag k="gauge" v="1067"/>
  <tag k="KSJ2:LIN" v="山口線"/>
  <tag k="name" v="JR山口線"/>
  <tag k="name:en" v="JR Yamaguchi Line"/>
  <tag k="name:ja" v="JR山口線"/>
  <tag k="note" v="National-Land Numerical Information (Railway) 2007, MLIT Japan"/>
  <tag k="note:ja" v="国土数値情報（鉄道データ）平成19年　国土交通省"/>
  <tag k="operator" v="西日本旅客鉄道"/>
  <tag k="operator:en" v="West Japan Railway Company"/>
  <tag k="operator:ja" v="西日本旅客鉄道"/>
  <tag k="passenger_lines" v="1"/>
  <tag k="railway" v="rail"/>
  <tag k="source" v="KSJ2"/>
  <tag k="source_ref" v="http://nlftp.mlit.go.jp/ksj/jpgis/datalist/KsjTmplt-N02-v1_1.html"/>
  <tag k="usage" v="main"/>
 </way>
 <relation id="1843092" visible="true" version="52" changeset="172817048" timestamp="2025-10-04T06:13:02Z" user="gitteschmitz" uid="303538">
  <member type="node" ref="6379761110" role="stop"/>
  <member type="node" ref="266063809" role="stop"/>
  <member type="node" ref="266064106" role="stop"/>
  <member type="node" ref="9925791508" role="stop"/>
  <member type="node" ref="266065189" role="stop"/>
  <member type="node" ref="266065272" role="stop"/>
  <member type="node" ref="266065358" role="stop"/>
  <member type="node" ref="266063999" role="stop"/>
  <member type="node" ref="266064370" role="stop"/>
  <member type="node" ref="266063805" role="stop"/>
  <member type="node" ref="266064505" role="stop"/>
  <member type="node" ref="266064887" role="stop"/>
  <member type="node" ref="266066856" role="stop"/>
  <member type="node" ref="266064112" role="stop"/>
  <member type="node" ref="266065288" role="stop"/>
  <member type="node" ref="266065765" role="stop"/>
  <member type="node" ref="266065263" role="stop"/>
  <member type="node" ref="266065485" role="stop"/>
  <member type="node" ref="266065310" role="stop"/>
  <member type="node" ref="266065926" role="stop"/>
  <member type="node" ref="266065850" role="stop"/>
  <member type="way" ref="1393996872" role=""/>
  <member type="way" ref="1393996875" role=""/>
  <member type="way" ref="24474063" role=""/>
  <member type="way" ref="24474024" role=""/>
  <member type="way" ref="315875890" role=""/>
  <member type="way" ref="315875892" role=""/>
  <member type="way" ref="959908483" role=""/>
  <member type="way" ref="959908482" role=""/>
  <member type="way" ref="24474060" role=""/>
  <member type="way" ref="1433957454" role=""/>
  <member type="way" ref="1433957453" role=""/>
  <member type="way" ref="24474013" role=""/>
  <member type="way" ref="24474054" role=""/>
  <member type="way" ref="812593482" role=""/>
  <member type="way" ref="812593483" role=""/>
  <member type="way" ref="812593484" role=""/>
  <member type="way" ref="812593485" role=""/>
  <member type="way" ref="1019175867" role=""/>
  <member type="way" ref="24474032" role=""/>
  <member type="way" ref="812819778" role=""/>
  <member type="way" ref="812819777" role=""/>
  <member type="way" ref="812819773" role=""/>
  <member type="way" ref="812819772" role=""/>
  <member type="way" ref="24474041" role=""/>
  <member type="way" ref="1393996871" role=""/>
  <member type="way" ref="1393996870" role=""/>
  <member type="way" ref="692244352" role=""/>
  <member type="way" ref="692244347" role=""/>
  <member type="way" ref="283108772" role=""/>
  <member type="way" ref="283108771" role=""/>
  <member type="way" ref="24474050" role=""/>
  <member type="way" ref="24474009" role=""/>
  <member type="way" ref="24474051" role=""/>
  <member type="way" ref="291719498" role=""/>
  <member type="way" ref="1435248152" role=""/>
  <member type="way" ref="1435248151" role=""/>
  <member type="way" ref="291719499" role=""/>
  <member type="way" ref="24474034" role=""/>
  <member type="way" ref="24474057" role=""/>
  <member type="way" ref="1393996869" role=""/>
  <member type="way" ref="24474044" role=""/>
  <member type="way" ref="24474008" role=""/>
  <member type="way" ref="325171619" role=""/>
  <member type="way" ref="325171620" role=""/>
  <member type="way" ref="24474047" role=""/>
  <member type="way" ref="1393996865" role=""/>
  <member type="way" ref="24474045" role=""/>
  <member type="way" ref="1393996864" role=""/>
  <member type="way" ref="528945182" role=""/>
  <member type="way" ref="528945183" role=""/>
  <member type="way" ref="528945184" role=""/>
  <member type="way" ref="528945185" role=""/>
  <member type="way" ref="1393996863" role=""/>
  <member type="way" ref="24474033" role=""/>
  <member type="way" ref="24474039" role=""/>
  <member type="way" ref="24474026" role=""/>
  <member type="way" ref="1393996862" role=""/>
  <member type="way" ref="528945181" role=""/>
  <member type="way" ref="528945180" role=""/>
  <member type="way" ref="528945178" role=""/>
  <member type="way" ref="528945179" role=""/>
  <member type="way" ref="528945177" role=""/>
  <member type="way" ref="528945176" role=""/>
  <member type="way" ref="528945175" role=""/>
  <member type="way" ref="528945174" role=""/>
  <member type="way" ref="528945172" role=""/>
  <member type="way" ref="528945173" role=""/>
  <member type="way" ref="698801859" role=""/>
  <member type="way" ref="698801858" role=""/>
  <member type="way" ref="698801861" role=""/>
  <member type="way" ref="698801860" role=""/>
  <member type="way" ref="1393996861" role=""/>
  <member type="way" ref="24474046" role=""/>
  <member type="way" ref="698801865" role=""/>
  <member type="way" ref="698801864" role=""/>
  <member type="way" ref="24474037" role=""/>
  <member type="way" ref="698416292" role=""/>
  <member type="way" ref="698416291" role=""/>
  <member type="way" ref="24474030" role=""/>
  <member type="way" ref="698416296" role=""/>
  <member type="way" ref="698416295" role=""/>
  <member type="way" ref="24474040" role=""/>
  <member type="way" ref="698416303" role=""/>
  <member type="way" ref="698416302" role=""/>
  <member type="way" ref="698416300" role=""/>
  <member type="way" ref="698416301" role=""/>
  <member type="way" ref="697900229" role=""/>
  <member type="way" ref="697900228" role=""/>
  <member type="way" ref="24474062" role=""/>
  <member type="way" ref="24474015" role=""/>
  <member type="way" ref="24474029" role=""/>
  <member type="way" ref="1393996860" role=""/>
  <member type="way" ref="696285746" role=""/>
  <member type="way" ref="696285747" role=""/>
  <member type="way" ref="24474049" role=""/>
  <member type="way" ref="24474017" role=""/>
  <member type="way" ref="24474027" role=""/>
  <member type="way" ref="24474053" role=""/>
  <member type="way" ref="1393996858" role=""/>
  <member type="way" ref="699391889" role=""/>
  <member type="way" ref="699391890" role=""/>
  <member type="way" ref="24474023" role=""/>
  <member type="way" ref="699531017" role=""/>
  <member type="way" ref="699531018" role=""/>
  <member type="way" ref="24474056" role=""/>
  <member type="way" ref="699531974" role=""/>
  <member type="way" ref="699531975" role=""/>
  <member type="way" ref="24474064" role=""/>
  <member type="way" ref="24474022" role=""/>
  <member type="way" ref="1393996857" role=""/>
  <member type="way" ref="700748070" role=""/>
  <member type="way" ref="700748069" role=""/>
  <member type="way" ref="24474031" role=""/>
  <member type="way" ref="24474025" role=""/>
  <member type="way" ref="700983297" role=""/>
  <member type="way" ref="700983296" role=""/>
  <member type="way" ref="24474052" role=""/>
  <member type="way" ref="1317003311" role=""/>
  <member type="way" ref="1317003312" role=""/>
  <member type="way" ref="1317003315" role=""/>
  <member type="way" ref="1317003314" role=""/>
  <member type="way" ref="1317003317" role=""/>
  <member type="way" ref="1317003316" role=""/>
  <member type="way" ref="1317003319" role=""/>
  <member type="way" ref="1317003318" role=""/>
  <member type="way" ref="1314526685" role=""/>
  <member type="way" ref="1314526684" role=""/>
  <member type="way" ref="517504023" role=""/>
  <member type="way" ref="517504022" role=""/>
  <member type="way" ref="517474008" role=""/>
  <member type="way" ref="517474002" role=""/>
  <member type="way" ref="517473982" role=""/>
  <member type="way" ref="24474014" role=""/>
  <member type="way" ref="1393996855" role=""/>
  <member type="way" ref="1393996853" role=""/>
  <member type="way" ref="1393996854" role=""/>
  <member type="way" ref="688837511" role=""/>
  <member type="way" ref="688837471" role=""/>
  <member type="way" ref="688837470" role=""/>
  <member type="way" ref="688837477" role=""/>
  <member type="way" ref="688837473" role=""/>
  <member type="way" ref="688837503" role=""/>
  <member type="way" ref="688837492" role=""/>
  <member type="way" ref="24474058" role=""/>
  <member type="way" ref="1393996851" role=""/>
  <member type="way" ref="720089707" role=""/>
  <member type="way" ref="720089706" role=""/>
  <member type="way" ref="24474011" role=""/>
  <member type="way" ref="1393996850" role=""/>
  <member type="way" ref="715637222" role=""/>
  <member type="way" ref="719104026" role=""/>
  <member type="way" ref="718761053" role=""/>
  <member type="way" ref="715637218" role=""/>
  <member type="way" ref="715637217" role=""/>
  <member type="way" ref="715637220" role=""/>
  <member type="way" ref="715637219" role=""/>
  <member type="way" ref="715637221" role=""/>
  <member type="way" ref="24474059" role=""/>
  <member type="way" ref="24474035" role=""/>
  <member type="way" ref="713569234" role=""/>
  <member type="way" ref="713569233" role=""/>
  <member type="way" ref="24474036" role=""/>
  <member type="way" ref="715599555" role=""/>
  <member type="way" ref="715599554" role=""/>
  <member type="way" ref="24474038" role=""/>
  <member type="way" ref="713569236" role=""/>
  <member type="way" ref="713569235" role=""/>
  <member type="way" ref="24474019" role=""/>
  <member type="way" ref="667981489" role=""/>
  <member type="way" ref="667981488" role=""/>
  <member type="way" ref="1393996847" role=""/>
  <member type="way" ref="24474010" role=""/>
  <member type="way" ref="1393996846" role=""/>
  <member type="way" ref="667356354" role=""/>
  <member type="way" ref="667356353" role=""/>
  <member type="way" ref="667356352" role=""/>
  <member type="way" ref="667356351" role=""/>
  <member type="way" ref="667356350" role=""/>
  <member type="way" ref="667356349" role=""/>
  <member type="way" ref="667356346" role=""/>
  <member type="way" ref="667356345" role=""/>
  <member type="way" ref="667356344" role=""/>
  <member type="way" ref="667356343" role=""/>
  <member type="way" ref="24474028" role=""/>
  <member type="way" ref="24474018" role=""/>
  <member type="way" ref="666218370" role=""/>
  <member type="way" ref="666218366" role=""/>
  <member type="way" ref="666218365" role=""/>
  <member type="way" ref="666218368" role=""/>
  <member type="way" ref="666218367" role=""/>
  <member type="way" ref="666218369" role=""/>
  <member type="way" ref="24474061" role=""/>
  <member type="way" ref="888799780" role=""/>
  <member type="way" ref="24471643" role=""/>
  <member type="way" ref="1393996852" role=""/>
  <member type="way" ref="1364721888" role=""/>
  <tag k="name" v="JR山口線"/>
  <tag k="name:de" v="JR Yamaguchi-Linie"/>
  <tag k="name:en" v="JR Yamaguchi Line"/>
  <tag k="name:ja" v="JR山口線"/>
  <tag k="route" v="railway"/>
  <tag k="type" v="route"/>
  <tag k="wikidata" v="Q851226"/>
 </relation>
 <relation id="1950435" visible="true" version="237" changeset="175794347" timestamp="2025-12-11T09:56:34Z" user="takana_zuke" uid="5903655">
  <member type="node" ref="3944303073" role="stop"/>
  <member type="way" ref="398284214" role="platform"/>
  <member type="node" ref="265968972" role="stop"/>
  <member type="way" ref="1016082312" role="platform"/>
  <member type="node" ref="9385939605" role="stop"/>
  <member type="way" ref="1017593590" role="platform"/>
  <member type="node" ref="6146443218" role="stop"/>
  <member type="way" ref="1266821832" role="platform"/>
  <member type="node" ref="4143745096" role="stop"/>
  <member type="way" ref="1393996754" role="platform"/>
  <member type="node" ref="4142062506" role="stop"/>
  <member type="way" ref="413041747" role="platform"/>
  <member type="node" ref="265971754" role="stop"/>
  <member type="way" ref="1273925823" role="platform"/>
  <member type="node" ref="4142012271" role="stop"/>
  <member type="way" ref="1267319459" role="platform"/>
  <member type="node" ref="12903211888" role="stop"/>
  <member type="way" ref="1365698825" role="platform"/>
  <member type="node" ref="12645290034" role="stop"/>
  <member type="way" ref="1365521449" role="platform"/>
  <member type="node" ref="265996729" role="stop"/>
  <member type="way" ref="1365686900" role="platform"/>
  <member type="node" ref="12903211893" role="stop"/>
  <member type="way" ref="1364425279" role="platform"/>
  <member type="node" ref="265996506" role="stop"/>
  <member type="way" ref="1364432862" role="platform"/>
  <member type="node" ref="266062936" role="stop"/>
  <member type="way" ref="1364444136" role="platform"/>
  <member type="node" ref="266064505" role="stop"/>
  <member type="way" ref="823018838" role="platform"/>
  <member type="node" ref="12638338815" role="stop"/>
  <member type="way" ref="562355863" role="platform"/>
  <member type="node" ref="12657758696" role="stop"/>
  <member type="way" ref="315687331" role="platform"/>
  <member type="node" ref="266065272" role="stop"/>
  <member type="way" ref="1366729990" role="platform"/>
  <member type="node" ref="12903226331" role="stop"/>
  <member type="way" ref="1365528596" role="platform"/>
  <member type="node" ref="266067441" role="stop"/>
  <member type="way" ref="1393996844" role="platform"/>
  <member type="node" ref="5304078834" role="stop"/>
  <member type="way" ref="648002727" role="platform"/>
  <member type="way" ref="391227288" role=""/>
  <member type="way" ref="392553389" role=""/>
  <member type="way" ref="392553386" role=""/>
  <member type="way" ref="1393996713" role=""/>
  <member type="way" ref="392551715" role=""/>
  <member type="way" ref="392553385" role=""/>
  <member type="way" ref="414304378" role=""/>
  <member type="way" ref="414304377" role=""/>
  <member type="way" ref="414304375" role=""/>
  <member type="way" ref="414304376" role=""/>
  <member type="way" ref="392945330" role=""/>
  <member type="way" ref="392945329" role=""/>
  <member type="way" ref="392552593" role=""/>
  <member type="way" ref="392552594" role=""/>
  <member type="way" ref="392945145" role=""/>
  <member type="way" ref="392945147" role=""/>
  <member type="way" ref="392945146" role=""/>
  <member type="way" ref="382765521" role=""/>
  <member type="way" ref="24471634" role=""/>
  <member type="way" ref="1015915839" role=""/>
  <member type="way" ref="1015915838" role=""/>
  <member type="way" ref="437016031" role=""/>
  <member type="way" ref="437016032" role=""/>
  <member type="way" ref="24471783" role=""/>
  <member type="way" ref="24471407" role=""/>
  <member type="way" ref="1393996716" role=""/>
  <member type="way" ref="24471356" role=""/>
  <member type="way" ref="1016082386" role=""/>
  <member type="way" ref="1016082387" role=""/>
  <member type="way" ref="24471786" role=""/>
  <member type="way" ref="762924122" role=""/>
  <member type="way" ref="762924123" role=""/>
  <member type="way" ref="595631113" role=""/>
  <member type="way" ref="1016082388" role=""/>
  <member type="way" ref="1016082389" role=""/>
  <member type="way" ref="595631117" role=""/>
  <member type="way" ref="399977450" role=""/>
  <member type="way" ref="399977451" role=""/>
  <member type="way" ref="399977453" role=""/>
  <member type="way" ref="399977452" role=""/>
  <member type="way" ref="789962985" role=""/>
  <member type="way" ref="789962984" role=""/>
  <member type="way" ref="595631125" role=""/>
  <member type="way" ref="1016082398" role=""/>
  <member type="way" ref="1016082399" role=""/>
  <member type="way" ref="595631132" role=""/>
  <member type="way" ref="1016514640" role=""/>
  <member type="way" ref="1016514639" role=""/>
  <member type="way" ref="764370755" role=""/>
  <member type="way" ref="764370754" role=""/>
  <member type="way" ref="595631133" role=""/>
  <member type="way" ref="1016514645" role=""/>
  <member type="way" ref="1016514646" role=""/>
  <member type="way" ref="595631134" role=""/>
  <member type="way" ref="595631135" role=""/>
  <member type="way" ref="1393996720" role=""/>
  <member type="way" ref="1393996717" role=""/>
  <member type="way" ref="399989947" role=""/>
  <member type="way" ref="1393996718" role=""/>
  <member type="way" ref="1393996719" role=""/>
  <member type="way" ref="399989959" role=""/>
  <member type="way" ref="399989964" role=""/>
  <member type="way" ref="399989973" role=""/>
  <member type="way" ref="1016514661" role=""/>
  <member type="way" ref="1016514662" role=""/>
  <member type="way" ref="399989968" role=""/>
  <member type="way" ref="428052771" role=""/>
  <member type="way" ref="1016514663" role=""/>
  <member type="way" ref="1016514666" role=""/>
  <member type="way" ref="1016514665" role=""/>
  <member type="way" ref="1016514664" role=""/>
  <member type="way" ref="428052772" role=""/>
  <member type="way" ref="399991767" role=""/>
  <member type="way" ref="1016514667" role=""/>
  <member type="way" ref="1016514668" role=""/>
  <member type="way" ref="399991758" role=""/>
  <member type="way" ref="1393996721" role=""/>
  <member type="way" ref="24471671" role=""/>
  <member type="way" ref="1393996722" role=""/>
  <member type="way" ref="1016514681" role=""/>
  <member type="way" ref="1016514682" role=""/>
  <member type="way" ref="1016514683" role=""/>
  <member type="way" ref="1016514684" role=""/>
  <member type="way" ref="24471792" role=""/>
  <member type="way" ref="1016514686" role=""/>
  <member type="way" ref="1016514685" role=""/>
  <member type="way" ref="400003838" role=""/>
  <member type="way" ref="400003837" role=""/>
  <member type="way" ref="400003839" role=""/>
  <member type="way" ref="400003840" role=""/>
  <member type="way" ref="400003841" role=""/>
  <member type="way" ref="1016514687" role=""/>
  <member type="way" ref="1016514688" role=""/>
  <member type="way" ref="1016514691" role=""/>
  <member type="way" ref="1016514692" role=""/>
  <member type="way" ref="1016514689" role=""/>
  <member type="way" ref="1016514690" role=""/>
  <member type="way" ref="400003842" role=""/>
  <member type="way" ref="1016514700" role=""/>
  <member type="way" ref="1016514699" role=""/>
  <member type="way" ref="595490224" role=""/>
  <member type="way" ref="1393996723" role=""/>
  <member type="way" ref="24471396" role=""/>
  <member type="way" ref="24471789" role=""/>
  <member type="way" ref="1393996724" role=""/>
  <member type="way" ref="1016576100" role=""/>
  <member type="way" ref="1016576099" role=""/>
  <member type="way" ref="1016576102" role=""/>
  <member type="way" ref="1016576101" role=""/>
  <member type="way" ref="594347961" role=""/>
  <member type="way" ref="433840756" role=""/>
  <member type="way" ref="433840757" role=""/>
  <member type="way" ref="433839194" role=""/>
  <member type="way" ref="433839196" role=""/>
  <member type="way" ref="400027209" role=""/>
  <member type="way" ref="400027213" role=""/>
  <member type="way" ref="594347973" role=""/>
  <member type="way" ref="594347993" role=""/>
  <member type="way" ref="594347994" role=""/>
  <member type="way" ref="1393996725" role=""/>
  <member type="way" ref="24471710" role=""/>
  <member type="way" ref="1393996726" role=""/>
  <member type="way" ref="594226989" role=""/>
  <member type="way" ref="1016576183" role=""/>
  <member type="way" ref="594226986" role=""/>
  <member type="way" ref="594226988" role=""/>
  <member type="way" ref="450250753" role=""/>
  <member type="way" ref="450250751" role=""/>
  <member type="way" ref="1017299602" role=""/>
  <member type="way" ref="1017299603" role=""/>
  <member type="way" ref="453426108" role=""/>
  <member type="way" ref="453426109" role=""/>
  <member type="way" ref="453426110" role=""/>
  <member type="way" ref="453426107" role=""/>
  <member type="way" ref="24471540" role=""/>
  <member type="way" ref="1393996727" role=""/>
  <member type="way" ref="24471375" role=""/>
  <member type="way" ref="1017299623" role=""/>
  <member type="way" ref="1017299624" role=""/>
  <member type="way" ref="450194553" role=""/>
  <member type="way" ref="1017299628" role=""/>
  <member type="way" ref="1017299629" role=""/>
  <member type="way" ref="593932185" role=""/>
  <member type="way" ref="450194552" role=""/>
  <member type="way" ref="1017299644" role=""/>
  <member type="way" ref="1017299645" role=""/>
  <member type="way" ref="450194555" role=""/>
  <member type="way" ref="450194554" role=""/>
  <member type="way" ref="593922460" role=""/>
  <member type="way" ref="1017299659" role=""/>
  <member type="way" ref="1017299660" role=""/>
  <member type="way" ref="593922461" role=""/>
  <member type="way" ref="1017299658" role=""/>
  <member type="way" ref="449686900" role=""/>
  <member type="way" ref="449686899" role=""/>
  <member type="way" ref="397892988" role=""/>
  <member type="way" ref="397889542" role=""/>
  <member type="way" ref="659904339" role=""/>
  <member type="way" ref="1393996728" role=""/>
  <member type="way" ref="1393996731" role=""/>
  <member type="way" ref="659904336" role=""/>
  <member type="way" ref="449678469" role=""/>
  <member type="way" ref="1017593586" role=""/>
  <member type="way" ref="1017593585" role=""/>
  <member type="way" ref="383517125" role=""/>
  <member type="way" ref="1018231412" role=""/>
  <member type="way" ref="1018231413" role=""/>
  <member type="way" ref="1018231414" role=""/>
  <member type="way" ref="1018231415" role=""/>
  <member type="way" ref="1018231416" role=""/>
  <member type="way" ref="1018231417" role=""/>
  <member type="way" ref="24471635" role=""/>
  <member type="way" ref="1393996732" role=""/>
  <member type="way" ref="24471640" role=""/>
  <member type="way" ref="1393996733" role=""/>
  <member type="way" ref="24471641" role=""/>
  <member type="way" ref="560994280" role=""/>
  <member type="way" ref="560994281" role=""/>
  <member type="way" ref="1393996734" role=""/>
  <member type="way" ref="24471374" role=""/>
  <member type="way" ref="1393996735" role=""/>
  <member type="way" ref="24471707" role=""/>
  <member type="way" ref="593248974" role=""/>
  <member type="way" ref="593248969" role=""/>
  <member type="way" ref="413392163" role=""/>
  <member type="way" ref="1393996737" role=""/>
  <member type="way" ref="1114949149" role=""/>
  <member type="way" ref="1114949148" role=""/>
  <member type="way" ref="24471388" role=""/>
  <member type="way" ref="1391351186" role=""/>
  <member type="way" ref="1391351184" role=""/>
  <member type="way" ref="1391351185" role=""/>
  <member type="way" ref="593209554" role=""/>
  <member type="way" ref="1391351161" role=""/>
  <member type="way" ref="1391351160" role=""/>
  <member type="way" ref="24471775" role=""/>
  <member type="way" ref="1393996738" role=""/>
  <member type="way" ref="24471622" role=""/>
  <member type="way" ref="1393996739" role=""/>
  <member type="way" ref="24471781" role=""/>
  <member type="way" ref="1026269662" role=""/>
  <member type="way" ref="1026269661" role=""/>
  <member type="way" ref="1115677175" role=""/>
  <member type="way" ref="1115677174" role=""/>
  <member type="way" ref="593195609" role=""/>
  <member type="way" ref="1115677177" role=""/>
  <member type="way" ref="1115677176" role=""/>
  <member type="way" ref="593195610" role=""/>
  <member type="way" ref="1115677145" role=""/>
  <member type="way" ref="1115677144" role=""/>
  <member type="way" ref="24471398" role=""/>
  <member type="way" ref="24471565" role=""/>
  <member type="way" ref="1115677132" role=""/>
  <member type="way" ref="1115677131" role=""/>
  <member type="way" ref="1393996740" role=""/>
  <member type="way" ref="24471754" role=""/>
  <member type="way" ref="593043756" role=""/>
  <member type="way" ref="593043763" role=""/>
  <member type="way" ref="1115677090" role=""/>
  <member type="way" ref="24471721" role=""/>
  <member type="way" ref="1393996741" role=""/>
  <member type="way" ref="24471598" role=""/>
  <member type="way" ref="24471461" role=""/>
  <member type="way" ref="24471747" role=""/>
  <member type="way" ref="556458331" role=""/>
  <member type="way" ref="556458328" role=""/>
  <member type="way" ref="24471679" role=""/>
  <member type="way" ref="1115542501" role=""/>
  <member type="way" ref="1115542502" role=""/>
  <member type="way" ref="1393996742" role=""/>
  <member type="way" ref="1393996743" role=""/>
  <member type="way" ref="1115691480" role=""/>
  <member type="way" ref="1350633348" role=""/>
  <member type="way" ref="1350633347" role=""/>
  <member type="way" ref="1350633346" role=""/>
  <member type="way" ref="1350633345" role=""/>
  <member type="way" ref="1115691481" role=""/>
  <member type="way" ref="24471355" role=""/>
  <member type="way" ref="1393996744" role=""/>
  <member type="way" ref="1393996745" role=""/>
  <member type="way" ref="1080208162" role=""/>
  <member type="way" ref="1080208163" role=""/>
  <member type="way" ref="24471618" role=""/>
  <member type="way" ref="1108941361" role=""/>
  <member type="way" ref="1108941360" role=""/>
  <member type="way" ref="1107992940" role=""/>
  <member type="way" ref="1107992939" role=""/>
  <member type="way" ref="1107888086" role=""/>
  <member type="way" ref="1107888085" role=""/>
  <member type="way" ref="1393996746" role=""/>
  <member type="way" ref="1393996747" role=""/>
  <member type="way" ref="387992390" role=""/>
  <member type="way" ref="412529097" role=""/>
  <member type="way" ref="412529099" role=""/>
  <member type="way" ref="385660733" role=""/>
  <member type="way" ref="24471357" role=""/>
  <member type="way" ref="24471390" role=""/>
  <member type="way" ref="1266821817" role=""/>
  <member type="way" ref="1266821816" role=""/>
  <member type="way" ref="656095771" role=""/>
  <member type="way" ref="1393996711" role=""/>
  <member type="way" ref="1266821813" role=""/>
  <member type="way" ref="397815264" role=""/>
  <member type="way" ref="1266821812" role=""/>
  <member type="way" ref="397818301" role=""/>
  <member type="way" ref="397826291" role=""/>
  <member type="way" ref="1111191365" role=""/>
  <member type="way" ref="1111191368" role=""/>
  <member type="way" ref="1112400062" role=""/>
  <member type="way" ref="1112400063" role=""/>
  <member type="way" ref="385334722" role=""/>
  <member type="way" ref="385334723" role=""/>
  <member type="way" ref="24471337" role=""/>
  <member type="way" ref="387525437" role=""/>
  <member type="way" ref="387525438" role=""/>
  <member type="way" ref="387456400" role=""/>
  <member type="way" ref="387525435" role=""/>
  <member type="way" ref="387525436" role=""/>
  <member type="way" ref="387456399" role=""/>
  <member type="way" ref="413042574" role=""/>
  <member type="way" ref="1393996751" role=""/>
  <member type="way" ref="1393996750" role=""/>
  <member type="way" ref="387639708" role=""/>
  <member type="way" ref="387639711" role=""/>
  <member type="way" ref="387639713" role=""/>
  <member type="way" ref="387639709" role=""/>
  <member type="way" ref="387639714" role=""/>
  <member type="way" ref="387639712" role=""/>
  <member type="way" ref="387639715" role=""/>
  <member type="way" ref="387639710" role=""/>
  <member type="way" ref="1457726890" role=""/>
  <member type="way" ref="1457726891" role=""/>
  <member type="way" ref="391840451" role=""/>
  <member type="way" ref="391840454" role=""/>
  <member type="way" ref="391840460" role=""/>
  <member type="way" ref="391840455" role=""/>
  <member type="way" ref="391840458" role=""/>
  <member type="way" ref="391840457" role=""/>
  <member type="way" ref="391840453" role=""/>
  <member type="way" ref="391840452" role=""/>
  <member type="way" ref="391840459" role=""/>
  <member type="way" ref="391840456" role=""/>
  <member type="way" ref="1273918748" role=""/>
  <member type="way" ref="1273918749" role=""/>
  <member type="way" ref="24471762" role=""/>
  <member type="way" ref="1273918744" role=""/>
  <member type="way" ref="1238307318" role=""/>
  <member type="way" ref="1238307319" role=""/>
  <member type="way" ref="24471575" role=""/>
  <member type="way" ref="1240726130" role=""/>
  <member type="way" ref="1240726129" role=""/>
  <member type="way" ref="1393996762" role=""/>
  <member type="way" ref="388988332" role=""/>
  <member type="way" ref="388988330" role=""/>
  <member type="way" ref="388988331" role=""/>
  <member type="way" ref="388988333" role=""/>
  <member type="way" ref="677372196" role=""/>
  <member type="way" ref="677372195" role=""/>
  <member type="way" ref="24471402" role=""/>
  <member type="way" ref="1393996763" role=""/>
  <member type="way" ref="24471670" role=""/>
  <member type="way" ref="388884456" role=""/>
  <member type="way" ref="388884446" role=""/>
  <member type="way" ref="388884451" role=""/>
  <member type="way" ref="388884460" role=""/>
  <member type="way" ref="659904348" role=""/>
  <member type="way" ref="24471449" role=""/>
  <member type="way" ref="24471589" role=""/>
  <member type="way" ref="412873650" role=""/>
  <member type="way" ref="412873654" role=""/>
  <member type="way" ref="685641353" role=""/>
  <member type="way" ref="685641351" role=""/>
  <member type="way" ref="487391332" role=""/>
  <member type="way" ref="412873641" role=""/>
  <member type="way" ref="444123445" role=""/>
  <member type="way" ref="412873639" role=""/>
  <member type="way" ref="1393996768" role=""/>
  <member type="way" ref="1393996767" role=""/>
  <member type="way" ref="1393996766" role=""/>
  <member type="way" ref="181212842" role=""/>
  <member type="way" ref="181212843" role=""/>
  <member type="way" ref="1346822392" role=""/>
  <member type="way" ref="1346822391" role=""/>
  <member type="way" ref="1393996773" role=""/>
  <member type="way" ref="24471776" role=""/>
  <member type="way" ref="1393996774" role=""/>
  <member type="way" ref="24471702" role=""/>
  <member type="way" ref="1393996775" role=""/>
  <member type="way" ref="24471568" role=""/>
  <member type="way" ref="431135852" role=""/>
  <member type="way" ref="431135844" role=""/>
  <member type="way" ref="431135847" role=""/>
  <member type="way" ref="431135850" role=""/>
  <member type="way" ref="24471596" role=""/>
  <member type="way" ref="431516863" role=""/>
  <member type="way" ref="431516871" role=""/>
  <member type="way" ref="431516856" role=""/>
  <member type="way" ref="431516881" role=""/>
  <member type="way" ref="431516879" role=""/>
  <member type="way" ref="431516873" role=""/>
  <member type="way" ref="431516872" role=""/>
  <member type="way" ref="431516862" role=""/>
  <member type="way" ref="431516864" role=""/>
  <member type="way" ref="431516875" role=""/>
  <member type="way" ref="431516869" role=""/>
  <member type="way" ref="677209028" role=""/>
  <member type="way" ref="677209027" role=""/>
  <member type="way" ref="431516874" role=""/>
  <member type="way" ref="431516867" role=""/>
  <member type="way" ref="24471749" role=""/>
  <member type="way" ref="431516868" role=""/>
  <member type="way" ref="431516877" role=""/>
  <member type="way" ref="431516855" role=""/>
  <member type="way" ref="431645475" role=""/>
  <member type="way" ref="431645477" role=""/>
  <member type="way" ref="431645476" role=""/>
  <member type="way" ref="431516851" role=""/>
  <member type="way" ref="826330901" role=""/>
  <member type="way" ref="826330902" role=""/>
  <member type="way" ref="431645478" role=""/>
  <member type="way" ref="1393996776" role=""/>
  <member type="way" ref="826330905" role=""/>
  <member type="way" ref="24471397" role=""/>
  <member type="way" ref="1125520699" role=""/>
  <member type="way" ref="1125520698" role=""/>
  <member type="way" ref="826325446" role=""/>
  <member type="way" ref="1393996781" role=""/>
  <member type="way" ref="1393996779" role=""/>
  <member type="way" ref="1393996782" role=""/>
  <member type="way" ref="1267146438" role=""/>
  <member type="way" ref="1267146437" role=""/>
  <member type="way" ref="826325447" role=""/>
  <member type="way" ref="24471421" role=""/>
  <member type="way" ref="1443914326" role=""/>
  <member type="way" ref="1443914325" role=""/>
  <member type="way" ref="1393996783" role=""/>
  <member type="way" ref="1393996784" role=""/>
  <member type="way" ref="24471576" role=""/>
  <member type="way" ref="682246190" role=""/>
  <member type="way" ref="682246194" role=""/>
  <member type="way" ref="682230552" role=""/>
  <member type="way" ref="682230553" role=""/>
  <member type="way" ref="24471743" role=""/>
  <member type="way" ref="1393996785" role=""/>
  <member type="way" ref="1097441961" role=""/>
  <member type="way" ref="24471457" role=""/>
  <member type="way" ref="1314282476" role=""/>
  <member type="way" ref="1312164026" role=""/>
  <member type="way" ref="383708516" role=""/>
  <member type="way" ref="383708515" role=""/>
  <member type="way" ref="383708517" role=""/>
  <member type="way" ref="146877426" role=""/>
  <member type="way" ref="659904351" role=""/>
  <member type="way" ref="659904350" role=""/>
  <member type="way" ref="412871484" role=""/>
  <member type="way" ref="1393996787" role=""/>
  <member type="way" ref="1204729840" role=""/>
  <member type="way" ref="1204729837" role=""/>
  <member type="way" ref="383708518" role=""/>
  <member type="way" ref="24471713" role=""/>
  <member type="way" ref="383795515" role=""/>
  <member type="way" ref="24471315" role=""/>
  <member type="way" ref="1393996791" role=""/>
  <member type="way" ref="1393996792" role=""/>
  <member type="way" ref="1204729836" role=""/>
  <member type="way" ref="24471752" role=""/>
  <member type="way" ref="24471708" role=""/>
  <member type="way" ref="1363834867" role=""/>
  <member type="way" ref="1393996794" role=""/>
  <member type="way" ref="1363834866" role=""/>
  <member type="way" ref="24471731" role=""/>
  <member type="way" ref="1393996793" role=""/>
  <member type="way" ref="24471372" role=""/>
  <member type="way" ref="1044402971" role=""/>
  <member type="way" ref="1044402970" role=""/>
  <member type="way" ref="1270931341" role=""/>
  <member type="way" ref="1271019784" role=""/>
  <member type="way" ref="1271019782" role=""/>
  <member type="way" ref="1271019783" role=""/>
  <member type="way" ref="1271019780" role=""/>
  <member type="way" ref="1271019781" role=""/>
  <member type="way" ref="1271019785" role=""/>
  <member type="way" ref="1270931342" role=""/>
  <member type="way" ref="24471680" role=""/>
  <member type="way" ref="1393996796" role=""/>
  <member type="way" ref="24471473" role=""/>
  <member type="way" ref="24471644" role=""/>
  <member type="way" ref="1270694905" role=""/>
  <member type="way" ref="1270694904" role=""/>
  <member type="way" ref="1270694907" role=""/>
  <member type="way" ref="1270694906" role=""/>
  <member type="way" ref="665287771" role=""/>
  <member type="way" ref="665287770" role=""/>
  <member type="way" ref="665287769" role=""/>
  <member type="way" ref="665287768" role=""/>
  <member type="way" ref="665287767" role=""/>
  <member type="way" ref="665287766" role=""/>
  <member type="way" ref="665287765" role=""/>
  <member type="way" ref="665287764" role=""/>
  <member type="way" ref="665287762" role=""/>
  <member type="way" ref="665287763" role=""/>
  <member type="way" ref="665287761" role=""/>
  <member type="way" ref="1271765350" role=""/>
  <member type="way" ref="1271765349" role=""/>
  <member type="way" ref="1271765348" role=""/>
  <member type="way" ref="1271765347" role=""/>
  <member type="way" ref="665287760" role=""/>
  <member type="way" ref="1365698817" role=""/>
  <member type="way" ref="1393996797" role=""/>
  <member type="way" ref="1365698816" role=""/>
  <member type="way" ref="24471307" role=""/>
  <member type="way" ref="1393996798" role=""/>
  <member type="way" ref="1365698834" role=""/>
  <member type="way" ref="1365698835" role=""/>
  <member type="way" ref="24471400" role=""/>
  <member type="way" ref="1393996800" role=""/>
  <member type="way" ref="1393996805" role=""/>
  <member type="way" ref="1304526531" role=""/>
  <member type="way" ref="1304526530" role=""/>
  <member type="way" ref="1308890189" role=""/>
  <member type="way" ref="1308890190" role=""/>
  <member type="way" ref="24471656" role=""/>
  <member type="way" ref="1323258450" role=""/>
  <member type="way" ref="1323258449" role=""/>
  <member type="way" ref="1325518559" role=""/>
  <member type="way" ref="1325518558" role=""/>
  <member type="way" ref="1328245988" role=""/>
  <member type="way" ref="1328245987" role=""/>
  <member type="way" ref="24471415" role=""/>
  <member type="way" ref="1317578577" role=""/>
  <member type="way" ref="1317578578" role=""/>
  <member type="way" ref="696803850" role=""/>
  <member type="way" ref="696803849" role=""/>
  <member type="way" ref="24471443" role=""/>
  <member type="way" ref="1235805751" role=""/>
  <member type="way" ref="1235805752" role=""/>
  <member type="way" ref="1235805750" role=""/>
  <member type="way" ref="1365698826" role=""/>
  <member type="way" ref="1393996806" role=""/>
  <member type="way" ref="1286703002" role=""/>
  <member type="way" ref="645554619" role=""/>
  <member type="way" ref="1286702982" role=""/>
  <member type="way" ref="1286702981" role=""/>
  <member type="way" ref="645554620" role=""/>
  <member type="way" ref="24471687" role=""/>
  <member type="way" ref="665205625" role=""/>
  <member type="way" ref="1235731481" role=""/>
  <member type="way" ref="1235731482" role=""/>
  <member type="way" ref="1288541686" role=""/>
  <member type="way" ref="1288541685" role=""/>
  <member type="way" ref="24471419" role=""/>
  <member type="way" ref="1365672656" role=""/>
  <member type="way" ref="1365672655" role=""/>
  <member type="way" ref="1393996809" role=""/>
  <member type="way" ref="24471610" role=""/>
  <member type="way" ref="24471608" role=""/>
  <member type="way" ref="645587083" role=""/>
  <member type="way" ref="645587084" role=""/>
  <member type="way" ref="645586480" role=""/>
  <member type="way" ref="645586481" role=""/>
  <member type="way" ref="1236013912" role=""/>
  <member type="way" ref="1236013911" role=""/>
  <member type="way" ref="24471460" role=""/>
  <member type="way" ref="24471368" role=""/>
  <member type="way" ref="629871640" role=""/>
  <member type="way" ref="629871643" role=""/>
  <member type="way" ref="1393996811" role=""/>
  <member type="way" ref="1365672666" role=""/>
  <member type="way" ref="1291922204" role=""/>
  <member type="way" ref="1291922205" role=""/>
  <member type="way" ref="645591321" role=""/>
  <member type="way" ref="1291922206" role=""/>
  <member type="way" ref="1291922207" role=""/>
  <member type="way" ref="645591322" role=""/>
  <member type="way" ref="645592146" role=""/>
  <member type="way" ref="645592147" role=""/>
  <member type="way" ref="24471734" role=""/>
  <member type="way" ref="24471761" role=""/>
  <member type="way" ref="1119757827" role=""/>
  <member type="way" ref="1119757828" role=""/>
  <member type="way" ref="1119757829" role=""/>
  <member type="way" ref="1119757830" role=""/>
  <member type="way" ref="1291922213" role=""/>
  <member type="way" ref="1291922212" role=""/>
  <member type="way" ref="24471410" role=""/>
  <member type="way" ref="577868140" role=""/>
  <member type="way" ref="1292130395" role=""/>
  <member type="way" ref="1292130394" role=""/>
  <member type="way" ref="1292130393" role=""/>
  <member type="way" ref="1292130392" role=""/>
  <member type="way" ref="1365521445" role=""/>
  <member type="way" ref="1365521448" role=""/>
  <member type="way" ref="1365521447" role=""/>
  <member type="way" ref="1365521446" role=""/>
  <member type="way" ref="24471756" role=""/>
  <member type="way" ref="24471465" role=""/>
  <member type="way" ref="1365521443" role=""/>
  <member type="way" ref="1365521444" role=""/>
  <member type="way" ref="665365751" role=""/>
  <member type="way" ref="665365749" role=""/>
  <member type="way" ref="665365750" role=""/>
  <member type="way" ref="665365748" role=""/>
  <member type="way" ref="24471758" role=""/>
  <member type="way" ref="601655530" role=""/>
  <member type="way" ref="601655508" role=""/>
  <member type="way" ref="601655502" role=""/>
  <member type="way" ref="1235720569" role=""/>
  <member type="way" ref="601655531" role=""/>
  <member type="way" ref="1235720571" role=""/>
  <member type="way" ref="1235720572" role=""/>
  <member type="way" ref="1235720570" role=""/>
  <member type="way" ref="1365521437" role=""/>
  <member type="way" ref="1393996815" role=""/>
  <member type="way" ref="601655497" role=""/>
  <member type="way" ref="601655496" role=""/>
  <member type="way" ref="24471563" role=""/>
  <member type="way" ref="1365672674" role=""/>
  <member type="way" ref="1393996817" role=""/>
  <member type="way" ref="1365672672" role=""/>
  <member type="way" ref="24471550" role=""/>
  <member type="way" ref="182968084" role=""/>
  <member type="way" ref="182968088" role=""/>
  <member type="way" ref="182968085" role=""/>
  <member type="way" ref="182968087" role=""/>
  <member type="way" ref="24471780" role=""/>
  <member type="way" ref="182968086" role=""/>
  <member type="way" ref="182968089" role=""/>
  <member type="way" ref="658990358" role=""/>
  <member type="way" ref="658990357" role=""/>
  <member type="way" ref="1393996820" role=""/>
  <member type="way" ref="24471405" role=""/>
  <member type="way" ref="24471779" role=""/>
  <member type="way" ref="24471624" role=""/>
  <member type="way" ref="323368939" role=""/>
  <member type="way" ref="323368940" role=""/>
  <member type="way" ref="24471549" role=""/>
  <member type="way" ref="1393996822" role=""/>
  <member type="way" ref="24471313" role=""/>
  <member type="way" ref="1393996821" role=""/>
  <member type="way" ref="415422400" role=""/>
  <member type="way" ref="415422401" role=""/>
  <member type="way" ref="497866154" role=""/>
  <member type="way" ref="497866155" role=""/>
  <member type="way" ref="672872904" role=""/>
  <member type="way" ref="672872905" role=""/>
  <member type="way" ref="672872903" role=""/>
  <member type="way" ref="672872901" role=""/>
  <member type="way" ref="1393996828" role=""/>
  <member type="way" ref="672877391" role=""/>
  <member type="way" ref="1393996824" role=""/>
  <member type="way" ref="1393996829" role=""/>
  <member type="way" ref="228204214" role=""/>
  <member type="way" ref="228204212" role=""/>
  <member type="way" ref="1364425285" role=""/>
  <member type="way" ref="1364425284" role=""/>
  <member type="way" ref="651120927" role=""/>
  <member type="way" ref="651120926" role=""/>
  <member type="way" ref="228203374" role=""/>
  <member type="way" ref="228203376" role=""/>
  <member type="way" ref="228203375" role=""/>
  <member type="way" ref="228203373" role=""/>
  <member type="way" ref="228029314" role=""/>
  <member type="way" ref="228029313" role=""/>
  <member type="way" ref="228029315" role=""/>
  <member type="way" ref="228029317" role=""/>
  <member type="way" ref="228029316" role=""/>
  <member type="way" ref="24471323" role=""/>
  <member type="way" ref="1393996826" role=""/>
  <member type="way" ref="1393996827" role=""/>
  <member type="way" ref="1364432855" role=""/>
  <member type="way" ref="1364432854" role=""/>
  <member type="way" ref="1364432853" role=""/>
  <member type="way" ref="1364432852" role=""/>
  <member type="way" ref="1364432851" role=""/>
  <member type="way" ref="1364432850" role=""/>
  <member type="way" ref="655138810" role=""/>
  <member type="way" ref="655138811" role=""/>
  <member type="way" ref="655138795" role=""/>
  <member type="way" ref="655138796" role=""/>
  <member type="way" ref="659837383" role=""/>
  <member type="way" ref="659837384" role=""/>
  <member type="way" ref="497866156" role=""/>
  <member type="way" ref="497866157" role=""/>
  <member type="way" ref="655282173" role=""/>
  <member type="way" ref="655282174" role=""/>
  <member type="way" ref="1393996830" role=""/>
  <member type="way" ref="1364432838" role=""/>
  <member type="way" ref="1364432840" role=""/>
  <member type="way" ref="1364432839" role=""/>
  <member type="way" ref="655282168" role=""/>
  <member type="way" ref="655282169" role=""/>
  <member type="way" ref="497866158" role=""/>
  <member type="way" ref="497866159" role=""/>
  <member type="way" ref="655494225" role=""/>
  <member type="way" ref="655494226" role=""/>
  <member type="way" ref="497866160" role=""/>
  <member type="way" ref="497866161" role=""/>
  <member type="way" ref="24471588" role=""/>
  <member type="way" ref="655816032" role=""/>
  <member type="way" ref="1393996835" role=""/>
  <member type="way" ref="24471371" role=""/>
  <member type="way" ref="1393996832" role=""/>
  <member type="way" ref="1393996834" role=""/>
  <member type="way" ref="655816026" role=""/>
  <member type="way" ref="415034953" role=""/>
  <member type="way" ref="415034960" role=""/>
  <member type="way" ref="415048509" role=""/>
  <member type="way" ref="415048520" role=""/>
  <member type="way" ref="656386312" role=""/>
  <member type="way" ref="656386313" role=""/>
  <member type="way" ref="656386310" role=""/>
  <member type="way" ref="656386311" role=""/>
  <member type="way" ref="415048510" role=""/>
  <member type="way" ref="415048514" role=""/>
  <member type="way" ref="505161468" role=""/>
  <member type="way" ref="505161467" role=""/>
  <member type="way" ref="656881474" role=""/>
  <member type="way" ref="656881472" role=""/>
  <member type="way" ref="656881475" role=""/>
  <member type="way" ref="656881473" role=""/>
  <member type="way" ref="505161464" role=""/>
  <member type="way" ref="505161466" role=""/>
  <member type="way" ref="505161465" role=""/>
  <member type="way" ref="505161469" role=""/>
  <member type="way" ref="1393996837" role=""/>
  <member type="way" ref="656881467" role=""/>
  <member type="way" ref="656881468" role=""/>
  <member type="way" ref="1364436414" role=""/>
  <member type="way" ref="1393996838" role=""/>
  <member type="way" ref="1364436415" role=""/>
  <member type="way" ref="24471615" role=""/>
  <member type="way" ref="657230621" role=""/>
  <member type="way" ref="1393996840" role=""/>
  <member type="way" ref="1393996839" role=""/>
  <member type="way" ref="24471367" role=""/>
  <member type="way" ref="658627486" role=""/>
  <member type="way" ref="658627487" role=""/>
  <member type="way" ref="658627484" role=""/>
  <member type="way" ref="661060785" role=""/>
  <member type="way" ref="661060786" role=""/>
  <member type="way" ref="658627485" role=""/>
  <member type="way" ref="24471620" role=""/>
  <member type="way" ref="579764011" role=""/>
  <member type="way" ref="662264916" role=""/>
  <member type="way" ref="662264915" role=""/>
  <member type="way" ref="662777949" role=""/>
  <member type="way" ref="662777948" role=""/>
  <member type="way" ref="579764012" role=""/>
  <member type="way" ref="669943705" role=""/>
  <member type="way" ref="1364444131" role=""/>
  <member type="way" ref="1364444132" role=""/>
  <member type="way" ref="669943704" role=""/>
  <member type="way" ref="659904327" role=""/>
  <member type="way" ref="24474043" role=""/>
  <member type="way" ref="586377723" role=""/>
  <member type="way" ref="888799780" role=""/>
  <member type="way" ref="24474061" role=""/>
  <member type="way" ref="666218369" role=""/>
  <member type="way" ref="666218367" role=""/>
  <member type="way" ref="666218368" role=""/>
  <member type="way" ref="666218365" role=""/>
  <member type="way" ref="666218366" role=""/>
  <member type="way" ref="666218370" role=""/>
  <member type="way" ref="24474018" role=""/>
  <member type="way" ref="24474028" role=""/>
  <member type="way" ref="667356343" role=""/>
  <member type="way" ref="667356344" role=""/>
  <member type="way" ref="667356345" role=""/>
  <member type="way" ref="667356346" role=""/>
  <member type="way" ref="667356349" role=""/>
  <member type="way" ref="667356350" role=""/>
  <member type="way" ref="667356351" role=""/>
  <member type="way" ref="667356352" role=""/>
  <member type="way" ref="667356353" role=""/>
  <member type="way" ref="667356354" role=""/>
  <member type="way" ref="1393996845" role=""/>
  <member type="way" ref="1393996848" role=""/>
  <member type="way" ref="667981488" role=""/>
  <member type="way" ref="667981489" role=""/>
  <member type="way" ref="24474019" role=""/>
  <member type="way" ref="713569235" role=""/>
  <member type="way" ref="713569236" role=""/>
  <member type="way" ref="24474038" role=""/>
  <member type="way" ref="713569234" role=""/>
  <member type="way" ref="713569233" role=""/>
  <member type="way" ref="24474036" role=""/>
  <member type="way" ref="715599555" role=""/>
  <member type="way" ref="715599554" role=""/>
  <member type="way" ref="24474035" role=""/>
  <member type="way" ref="24474059" role=""/>
  <member type="way" ref="715637221" role=""/>
  <member type="way" ref="715637219" role=""/>
  <member type="way" ref="715637220" role=""/>
  <member type="way" ref="715637217" role=""/>
  <member type="way" ref="715637218" role=""/>
  <member type="way" ref="718761053" role=""/>
  <member type="way" ref="719104026" role=""/>
  <member type="way" ref="715637222" role=""/>
  <member type="way" ref="1393996850" role=""/>
  <member type="way" ref="1393996851" role=""/>
  <member type="way" ref="720089707" role=""/>
  <member type="way" ref="720089706" role=""/>
  <member type="way" ref="24474011" role=""/>
  <member type="way" ref="24474058" role=""/>
  <member type="way" ref="688837492" role=""/>
  <member type="way" ref="688837503" role=""/>
  <member type="way" ref="688837473" role=""/>
  <member type="way" ref="688837477" role=""/>
  <member type="way" ref="688837470" role=""/>
  <member type="way" ref="688837471" role=""/>
  <member type="way" ref="688837511" role=""/>
  <member type="way" ref="1393996854" role=""/>
  <member type="way" ref="1393996852" role=""/>
  <member type="way" ref="1364721888" role=""/>
  <member type="way" ref="24474014" role=""/>
  <member type="way" ref="517473982" role=""/>
  <member type="way" ref="517474002" role=""/>
  <member type="way" ref="517474008" role=""/>
  <member type="way" ref="517504022" role=""/>
  <member type="way" ref="517504023" role=""/>
  <member type="way" ref="1314526684" role=""/>
  <member type="way" ref="1314526685" role=""/>
  <member type="way" ref="1317003318" role=""/>
  <member type="way" ref="1317003319" role=""/>
  <member type="way" ref="1317003316" role=""/>
  <member type="way" ref="1317003317" role=""/>
  <member type="way" ref="1317003314" role=""/>
  <member type="way" ref="1317003315" role=""/>
  <member type="way" ref="1317003312" role=""/>
  <member type="way" ref="1317003311" role=""/>
  <member type="way" ref="24474052" role=""/>
  <member type="way" ref="700983296" role=""/>
  <member type="way" ref="700983297" role=""/>
  <member type="way" ref="24474025" role=""/>
  <member type="way" ref="24474031" role=""/>
  <member type="way" ref="700748069" role=""/>
  <member type="way" ref="700748070" role=""/>
  <member type="way" ref="1393996856" role=""/>
  <member type="way" ref="1366729983" role=""/>
  <member type="way" ref="24474064" role=""/>
  <member type="way" ref="699531975" role=""/>
  <member type="way" ref="699531974" role=""/>
  <member type="way" ref="24474056" role=""/>
  <member type="way" ref="699531018" role=""/>
  <member type="way" ref="699531017" role=""/>
  <member type="way" ref="24474023" role=""/>
  <member type="way" ref="699391890" role=""/>
  <member type="way" ref="699391889" role=""/>
  <member type="way" ref="1393996858" role=""/>
  <member type="way" ref="24474053" role=""/>
  <member type="way" ref="24474027" role=""/>
  <member type="way" ref="24474017" role=""/>
  <member type="way" ref="24474049" role=""/>
  <member type="way" ref="696285747" role=""/>
  <member type="way" ref="696285746" role=""/>
  <member type="way" ref="1393996860" role=""/>
  <member type="way" ref="24474029" role=""/>
  <member type="way" ref="24474015" role=""/>
  <member type="way" ref="24474062" role=""/>
  <member type="way" ref="697900228" role=""/>
  <member type="way" ref="697900229" role=""/>
  <member type="way" ref="698416301" role=""/>
  <member type="way" ref="698416300" role=""/>
  <member type="way" ref="698416302" role=""/>
  <member type="way" ref="698416303" role=""/>
  <member type="way" ref="24474040" role=""/>
  <member type="way" ref="698416295" role=""/>
  <member type="way" ref="698416296" role=""/>
  <member type="way" ref="24474030" role=""/>
  <member type="way" ref="698416291" role=""/>
  <member type="way" ref="698416292" role=""/>
  <member type="way" ref="24474037" role=""/>
  <member type="way" ref="698801864" role=""/>
  <member type="way" ref="698801865" role=""/>
  <member type="way" ref="1366729999" role=""/>
  <member type="way" ref="698801860" role=""/>
  <member type="way" ref="698801861" role=""/>
  <member type="way" ref="698801858" role=""/>
  <member type="way" ref="698801859" role=""/>
  <member type="way" ref="528945173" role=""/>
  <member type="way" ref="528945172" role=""/>
  <member type="way" ref="528945174" role=""/>
  <member type="way" ref="528945175" role=""/>
  <member type="way" ref="528945176" role=""/>
  <member type="way" ref="528945177" role=""/>
  <member type="way" ref="528945179" role=""/>
  <member type="way" ref="528945178" role=""/>
  <member type="way" ref="528945180" role=""/>
  <member type="way" ref="528945181" role=""/>
  <member type="way" ref="1393996862" role=""/>
  <member type="way" ref="1366730004" role=""/>
  <member type="way" ref="1393996863" role=""/>
  <member type="way" ref="528945185" role=""/>
  <member type="way" ref="528945184" role=""/>
  <member type="way" ref="528945183" role=""/>
  <member type="way" ref="528945182" role=""/>
  <member type="way" ref="1393996864" role=""/>
  <member type="way" ref="24474045" role=""/>
  <member type="way" ref="1393996865" role=""/>
  <member type="way" ref="24474047" role=""/>
  <member type="way" ref="325171620" role=""/>
  <member type="way" ref="325171619" role=""/>
  <member type="way" ref="24474008" role=""/>
  <member type="way" ref="24474044" role=""/>
  <member type="way" ref="1393996867" role=""/>
  <member type="way" ref="647702973" role=""/>
  <member type="way" ref="1393996709" role=""/>
  <member type="way" ref="1393996866" role=""/>
  <member type="way" ref="24474034" role=""/>
  <member type="way" ref="291719499" role=""/>
  <member type="way" ref="1435248151" role=""/>
  <member type="way" ref="1435248152" role=""/>
  <member type="way" ref="291719498" role=""/>
  <member type="way" ref="24474051" role=""/>
  <member type="way" ref="24474009" role=""/>
  <member type="way" ref="24474050" role=""/>
  <member type="way" ref="283108771" role=""/>
  <member type="way" ref="283108772" role=""/>
  <member type="way" ref="692244347" role=""/>
  <member type="way" ref="692244352" role=""/>
  <member type="way" ref="1395853353" role=""/>
  <member type="way" ref="1366730007" role=""/>
  <member type="way" ref="24474041" role=""/>
  <member type="way" ref="812819772" role=""/>
  <member type="way" ref="812819773" role=""/>
  <member type="way" ref="812819777" role=""/>
  <member type="way" ref="812819778" role=""/>
  <member type="way" ref="24474032" role=""/>
  <member type="way" ref="1019175867" role=""/>
  <member type="way" ref="812593485" role=""/>
  <member type="way" ref="812593484" role=""/>
  <member type="way" ref="812593483" role=""/>
  <member type="way" ref="812593482" role=""/>
  <member type="way" ref="24474054" role=""/>
  <member type="way" ref="24474013" role=""/>
  <member type="way" ref="1433957453" role=""/>
  <member type="way" ref="1433957454" role=""/>
  <member type="way" ref="24474060" role=""/>
  <member type="way" ref="959908482" role=""/>
  <member type="way" ref="959908483" role=""/>
  <member type="way" ref="315875892" role=""/>
  <member type="way" ref="315875890" role=""/>
  <member type="way" ref="24474024" role=""/>
  <member type="way" ref="24474063" role=""/>
  <member type="way" ref="1393996875" role=""/>
  <member type="way" ref="1393996877" role=""/>
  <member type="way" ref="549070622" role=""/>
  <tag k="from" v="鳥取"/>
  <tag k="from:en" v="Tottori"/>
  <tag k="name" v="スーパーおき3号 (鳥取 =&gt; 新山口)"/>
  <tag k="name:en" v="Super Oki 3 (Tottori =&gt; Shin-Yamaguchi)"/>
  <tag k="name:ja" v="スーパーおき3号 (鳥取 =&gt; 新山口)"/>
  <tag k="operator" v="西日本旅客鉄道"/>
  <tag k="operator:en" v="West Japan Railway Company"/>
  <tag k="operator:ja" v="西日本旅客鉄道"/>
  <tag k="operator:wikidata" v="Q502125"/>
  <tag k="public_transport:version" v="2"/>
  <tag k="ref" v="スーパーおき"/>
  <tag k="route" v="train"/>
  <tag k="to" v="新山口"/>
  <tag k="to:en" v="Shin-Yamaguchi"/>
  <tag k="type" v="route"/>
 </relation>
 <relation id="13884431" visible="true" version="10" changeset="171993143" timestamp="2025-09-16T04:32:12Z" user="taketaketake" uid="4757277">
  <member type="node" ref="9412086504" role="platform"/>
  <member type="node" ref="9412086506" role="platform"/>
  <member type="node" ref="9412086508" role="platform"/>
  <member type="node" ref="9412086510" role="platform"/>
  <member type="node" ref="9412086491" role="platform"/>
  <member type="node" ref="9412086520" role="platform"/>
  <member type="node" ref="9412086519" role="platform"/>
  <member type="node" ref="9412086516" role="platform"/>
  <member type="node" ref="9412086518" role="platform"/>
  <member type="node" ref="9412086521" role="platform"/>
  <member type="node" ref="9412086522" role="platform"/>
  <member type="node" ref="9412086524" role="platform"/>
  <member type="node" ref="9412086476" role="platform"/>
  <member type="node" ref="9412086474" role="platform"/>
  <member type="node" ref="9412086472" role="platform"/>
  <member type="node" ref="9412086470" role="platform"/>
  <member type="node" ref="9412086468" role="platform"/>
  <member type="node" ref="9412086466" role="platform"/>
  <member type="node" ref="9412086464" role="platform"/>
  <member type="node" ref="9412086462" role="platform"/>
  <member type="node" ref="9412086460" role="platform"/>
  <member type="node" ref="9412086487" role="platform"/>
  <member type="node" ref="9412086485" role="platform"/>
  <member type="node" ref="10653428528" role="platform"/>
  <member type="node" ref="9412086458" role="platform"/>
  <member type="node" ref="9412086456" role="platform"/>
  <member type="node" ref="9412086454" role="platform"/>
  <member type="node" ref="9412086453" role="platform"/>
  <member type="node" ref="9412086451" role="platform"/>
  <member type="node" ref="9412086449" role="platform"/>
  <member type="node" ref="9412086447" role="platform"/>
  <member type="node" ref="9412086445" role="platform"/>
  <member type="node" ref="9412086443" role="platform"/>
  <member type="node" ref="9412086441" role="platform"/>
  <member type="node" ref="9412086483" role="platform"/>
  <member type="node" ref="9412086334" role="platform"/>
  <member type="node" ref="9412086439" role="platform"/>
  <member type="node" ref="9412086437" role="platform"/>
  <member type="node" ref="9412086435" role="platform"/>
  <member type="node" ref="9412086433" role="platform"/>
  <member type="node" ref="9412086431" role="platform"/>
  <member type="node" ref="9412086429" role="platform"/>
  <member type="node" ref="9412086427" role="platform"/>
  <member type="node" ref="9412086425" role="platform"/>
  <member type="node" ref="9412086423" role="platform"/>
  <member type="node" ref="9412086421" role="platform"/>
  <member type="node" ref="9412086419" role="platform"/>
  <member type="node" ref="9412086417" role="platform"/>
  <member type="node" ref="9412086415" role="platform"/>
  <member type="node" ref="9412086481" role="platform"/>
  <member type="node" ref="9412086413" role="platform"/>
  <member type="node" ref="9412086411" role="platform"/>
  <member type="node" ref="9412086409" role="platform"/>
  <member type="node" ref="9412086407" role="platform"/>
  <member type="node" ref="9412086405" role="platform"/>
  <member type="node" ref="9412086403" role="platform"/>
  <member type="node" ref="9412086401" role="platform"/>
  <member type="node" ref="9412086400" role="platform"/>
  <member type="node" ref="9412086398" role="platform"/>
  <member type="node" ref="9412086343" role="platform"/>
  <member type="node" ref="9412086479" role="platform"/>
  <member type="node" ref="9412086478" role="platform"/>
  <member type="way" ref="119885215" role=""/>
  <member type="way" ref="119879037" role=""/>
  <member type="way" ref="1036697523" role=""/>
  <member type="way" ref="119878523" role=""/>
  <member type="way" ref="1036697526" role=""/>
  <member type="way" ref="1036697532" role=""/>
  <member type="way" ref="1394161504" role=""/>
  <member type="way" ref="1036697531" role=""/>
  <member type="way" ref="1163757161" role=""/>
  <member type="way" ref="1036697528" role=""/>
  <member type="way" ref="1036697526" role=""/>
  <member type="way" ref="119878523" role=""/>
  <member type="way" ref="517552886" role=""/>
  <member type="way" ref="119878656" role=""/>
  <member type="way" ref="1036697525" role=""/>
  <member type="way" ref="1036697534" role=""/>
  <member type="way" ref="1036697533" role=""/>
  <member type="way" ref="1036697512" role=""/>
  <member type="way" ref="1036697534" role=""/>
  <member type="way" ref="1036697525" role=""/>
  <member type="way" ref="119878656" role=""/>
  <member type="way" ref="1036709693" role=""/>
  <member type="way" ref="1036709692" role=""/>
  <member type="way" ref="119879154" role=""/>
  <member type="way" ref="119879065" role=""/>
  <member type="way" ref="310175728" role=""/>
  <member type="way" ref="310175725" role=""/>
  <member type="way" ref="119878743" role=""/>
  <member type="way" ref="119878597" role=""/>
  <member type="way" ref="119879213" role=""/>
  <member type="way" ref="119879204" role=""/>
  <member type="way" ref="119878605" role=""/>
  <member type="way" ref="1036709691" role=""/>
  <member type="way" ref="119878779" role=""/>
  <member type="way" ref="119878679" role=""/>
  <member type="way" ref="119879109" role=""/>
  <member type="way" ref="119878957" role=""/>
  <member type="way" ref="119878571" role=""/>
  <member type="way" ref="119878796" role=""/>
  <member type="way" ref="119878467" role=""/>
  <member type="way" ref="68875222" role=""/>
  <member type="way" ref="68875217" role=""/>
  <member type="way" ref="68875218" role=""/>
  <member type="way" ref="42403306" role=""/>
  <member type="way" ref="544509184" role=""/>
  <member type="way" ref="544509185" role=""/>
  <member type="way" ref="42476346" role=""/>
  <member type="way" ref="42476343" role=""/>
  <member type="way" ref="42476344" role=""/>
  <member type="way" ref="42476342" role=""/>
  <member type="way" ref="544509186" role=""/>
  <member type="way" ref="544509187" role=""/>
  <member type="way" ref="544509188" role=""/>
  <member type="way" ref="544509189" role=""/>
  <member type="way" ref="42476341" role=""/>
  <member type="way" ref="42476352" role=""/>
  <member type="way" ref="42476351" role=""/>
  <member type="way" ref="119875332" role=""/>
  <member type="way" ref="119875295" role=""/>
  <member type="way" ref="710482454" role=""/>
  <member type="way" ref="544509193" role=""/>
  <member type="way" ref="1036709687" role=""/>
  <member type="way" ref="544509195" role=""/>
  <member type="way" ref="544509194" role=""/>
  <member type="way" ref="114040847" role=""/>
  <member type="way" ref="114040970" role=""/>
  <member type="way" ref="1036709670" role=""/>
  <member type="way" ref="434742622" role=""/>
  <member type="way" ref="1036709668" role=""/>
  <member type="way" ref="1036709669" role=""/>
  <member type="way" ref="704734761" role=""/>
  <member type="way" ref="114040299" role=""/>
  <member type="way" ref="114041125" role=""/>
  <member type="way" ref="114040449" role=""/>
  <member type="way" ref="114041267" role=""/>
  <member type="way" ref="114041034" role=""/>
  <member type="way" ref="42476347" role=""/>
  <member type="way" ref="413732108" role=""/>
  <member type="way" ref="413732109" role=""/>
  <member type="way" ref="42476368" role=""/>
  <member type="way" ref="42476369" role=""/>
  <member type="way" ref="568591089" role=""/>
  <member type="way" ref="710477714" role=""/>
  <member type="way" ref="710477713" role=""/>
  <member type="way" ref="544735763" role=""/>
  <member type="way" ref="544735764" role=""/>
  <member type="way" ref="544735765" role=""/>
  <member type="way" ref="42476366" role=""/>
  <member type="way" ref="568591123" role=""/>
  <member type="way" ref="544735768" role=""/>
  <member type="way" ref="544735767" role=""/>
  <member type="way" ref="544735758" role=""/>
  <member type="way" ref="710459517" role=""/>
  <member type="way" ref="114040401" role=""/>
  <member type="way" ref="114041191" role=""/>
  <member type="way" ref="702008675" role=""/>
  <member type="way" ref="114040351" role=""/>
  <member type="way" ref="544735762" role=""/>
  <member type="way" ref="114056460" role=""/>
  <member type="way" ref="114057397" role=""/>
  <member type="way" ref="114056321" role=""/>
  <member type="way" ref="114057881" role=""/>
  <member type="way" ref="114057811" role=""/>
  <member type="way" ref="114056744" role=""/>
  <member type="way" ref="114057169" role=""/>
  <member type="way" ref="114056169" role=""/>
  <member type="way" ref="1430138808" role=""/>
  <member type="way" ref="114055935" role=""/>
  <member type="way" ref="114058420" role=""/>
  <member type="way" ref="79534125" role=""/>
  <member type="way" ref="1036709684" role=""/>
  <member type="way" ref="316339820" role=""/>
  <member type="way" ref="316339812" role=""/>
  <member type="way" ref="316339817" role=""/>
  <member type="way" ref="114056144" role=""/>
  <member type="way" ref="1036709680" role=""/>
  <member type="way" ref="114058392" role=""/>
  <member type="way" ref="1036709679" role=""/>
  <member type="way" ref="421310968" role=""/>
  <member type="way" ref="1430138807" role=""/>
  <member type="way" ref="114055661" role=""/>
  <member type="way" ref="114058659" role=""/>
  <member type="way" ref="114058518" role=""/>
  <member type="way" ref="402834033" role=""/>
  <member type="way" ref="114056495" role=""/>
  <member type="way" ref="604148052" role=""/>
  <member type="way" ref="1036709675" role=""/>
  <member type="way" ref="1036709674" role=""/>
  <member type="way" ref="1036709676" role=""/>
  <member type="way" ref="1036709675" role=""/>
  <member type="way" ref="604148052" role=""/>
  <member type="way" ref="604148053" role=""/>
  <member type="way" ref="402834035" role=""/>
  <member type="way" ref="114056368" role=""/>
  <member type="way" ref="114058206" role=""/>
  <member type="way" ref="114056326" role=""/>
  <member type="way" ref="114056166" role=""/>
  <member type="way" ref="79534148" role=""/>
  <member type="way" ref="316339802" role=""/>
  <member type="way" ref="316339803" role=""/>
  <member type="way" ref="316339838" role=""/>
  <member type="way" ref="1036709673" role=""/>
  <member type="way" ref="114056730" role=""/>
  <member type="way" ref="1036709672" role=""/>
  <tag k="duration" v="01:40:00"/>
  <tag k="from" v="湯田温泉"/>
  <tag k="gtfs:route_id" v="2229846746"/>
  <tag k="gtfs:shape_id" v="40001280"/>
  <tag k="name" v="Bus: 湯田温泉→東萩駅前"/>
  <tag k="network" v="防長線"/>
  <tag k="opening_hours" v="09:20-11:00"/>
  <tag k="operator" v="中国ジェイアールバス"/>
  <tag k="operator:en" v="Chugoku JR Bus"/>
  <tag k="public_transport:version" v="2"/>
  <tag k="route" v="bus"/>
  <tag k="to" v="東萩駅前"/>
  <tag k="type" v="route"/>
 </relation>
 <relation id="13884432" visible="true" version="11" changeset="171993143" timestamp="2025-09-16T04:32:12Z" user="taketaketake" uid="4757277">
  <member type="node" ref="9412086478" role="platform"/>
  <member type="node" ref="9412086480" role="platform"/>
  <member type="node" ref="9412086343" role="platform"/>
  <member type="node" ref="9412086399" role="platform"/>
  <member type="node" ref="9412086400" role="platform"/>
  <member type="node" ref="9412086402" role="platform"/>
  <member type="node" ref="9412086404" role="platform"/>
  <member type="node" ref="9412086406" role="platform"/>
  <member type="node" ref="9412086408" role="platform"/>
  <member type="node" ref="9412086410" role="platform"/>
  <member type="node" ref="9412086412" role="platform"/>
  <member type="node" ref="9412086414" role="platform"/>
  <member type="node" ref="9412086482" role="platform"/>
  <member type="node" ref="9412086416" role="platform"/>
  <member type="node" ref="9412086418" role="platform"/>
  <member type="node" ref="9412086420" role="platform"/>
  <member type="node" ref="9412086422" role="platform"/>
  <member type="node" ref="9412086424" role="platform"/>
  <member type="node" ref="9412086426" role="platform"/>
  <member type="node" ref="9412086428" role="platform"/>
  <member type="node" ref="9412086430" role="platform"/>
  <member type="node" ref="9412086432" role="platform"/>
  <member type="node" ref="9412086434" role="platform"/>
  <member type="node" ref="9412086436" role="platform"/>
  <member type="node" ref="9412086438" role="platform"/>
  <member type="node" ref="9412086440" role="platform"/>
  <member type="node" ref="9412086334" role="platform"/>
  <member type="node" ref="9412086484" role="platform"/>
  <member type="node" ref="9412086442" role="platform"/>
  <member type="node" ref="9412086444" role="platform"/>
  <member type="node" ref="9412086446" role="platform"/>
  <member type="node" ref="9412086448" role="platform"/>
  <member type="node" ref="9412086450" role="platform"/>
  <member type="node" ref="9412086452" role="platform"/>
  <member type="node" ref="10653908309" role="platform"/>
  <member type="node" ref="9412086455" role="platform"/>
  <member type="node" ref="9412086457" role="platform"/>
  <member type="node" ref="9412086459" role="platform"/>
  <member type="node" ref="10653428529" role="platform"/>
  <member type="node" ref="9412086486" role="platform"/>
  <member type="node" ref="9412086488" role="platform"/>
  <member type="node" ref="9412086461" role="platform"/>
  <member type="node" ref="9412086463" role="platform"/>
  <member type="node" ref="9412086465" role="platform"/>
  <member type="node" ref="9412086467" role="platform"/>
  <member type="node" ref="9412086469" role="platform"/>
  <member type="node" ref="9412086471" role="platform"/>
  <member type="node" ref="9412086473" role="platform"/>
  <member type="node" ref="9412086475" role="platform"/>
  <member type="node" ref="9412086477" role="platform"/>
  <member type="node" ref="9412086525" role="platform"/>
  <member type="node" ref="9412086523" role="platform"/>
  <member type="node" ref="9412086520" role="platform"/>
  <member type="node" ref="9412086519" role="platform"/>
  <member type="node" ref="9412086517" role="platform"/>
  <member type="node" ref="9412086518" role="platform"/>
  <member type="node" ref="9412086521" role="platform"/>
  <member type="node" ref="9412086511" role="platform"/>
  <member type="node" ref="9412086509" role="platform"/>
  <member type="node" ref="9412086507" role="platform"/>
  <member type="node" ref="9412086505" role="platform"/>
  <member type="node" ref="9412086345" role="platform"/>
  <member type="way" ref="1036709672" role=""/>
  <member type="way" ref="1036709671" role=""/>
  <member type="way" ref="1036709673" role=""/>
  <member type="way" ref="316339838" role=""/>
  <member type="way" ref="316339803" role=""/>
  <member type="way" ref="316339802" role=""/>
  <member type="way" ref="79534148" role=""/>
  <member type="way" ref="114056166" role=""/>
  <member type="way" ref="114056326" role=""/>
  <member type="way" ref="114058206" role=""/>
  <member type="way" ref="1036709666" role=""/>
  <member type="way" ref="114055946" role=""/>
  <member type="way" ref="114058274" role=""/>
  <member type="way" ref="402834035" role=""/>
  <member type="way" ref="402834033" role=""/>
  <member type="way" ref="114056495" role=""/>
  <member type="way" ref="604148052" role=""/>
  <member type="way" ref="1036709675" role=""/>
  <member type="way" ref="1036709674" role=""/>
  <member type="way" ref="1036709676" role=""/>
  <member type="way" ref="1036709675" role=""/>
  <member type="way" ref="604148052" role=""/>
  <member type="way" ref="604148053" role=""/>
  <member type="way" ref="114058518" role=""/>
  <member type="way" ref="114058659" role=""/>
  <member type="way" ref="114055661" role=""/>
  <member type="way" ref="1430138807" role=""/>
  <member type="way" ref="421310968" role=""/>
  <member type="way" ref="1036709679" role=""/>
  <member type="way" ref="1036709678" role=""/>
  <member type="way" ref="1036709680" role=""/>
  <member type="way" ref="114058392" role=""/>
  <member type="way" ref="1036709678" role=""/>
  <member type="way" ref="114056144" role=""/>
  <member type="way" ref="1036709681" role=""/>
  <member type="way" ref="1036709682" role=""/>
  <member type="way" ref="114057391" role=""/>
  <member type="way" ref="114056724" role=""/>
  <member type="way" ref="79534125" role=""/>
  <member type="way" ref="114058420" role=""/>
  <member type="way" ref="114055935" role=""/>
  <member type="way" ref="1430138808" role=""/>
  <member type="way" ref="114056169" role=""/>
  <member type="way" ref="114057169" role=""/>
  <member type="way" ref="114056744" role=""/>
  <member type="way" ref="114057811" role=""/>
  <member type="way" ref="114057881" role=""/>
  <member type="way" ref="114056321" role=""/>
  <member type="way" ref="114057397" role=""/>
  <member type="way" ref="114056460" role=""/>
  <member type="way" ref="544735762" role=""/>
  <member type="way" ref="114040351" role=""/>
  <member type="way" ref="702008675" role=""/>
  <member type="way" ref="114041191" role=""/>
  <member type="way" ref="114040401" role=""/>
  <member type="way" ref="710459517" role=""/>
  <member type="way" ref="544735758" role=""/>
  <member type="way" ref="544735767" role=""/>
  <member type="way" ref="544735768" role=""/>
  <member type="way" ref="568591123" role=""/>
  <member type="way" ref="42476366" role=""/>
  <member type="way" ref="544735765" role=""/>
  <member type="way" ref="544735764" role=""/>
  <member type="way" ref="544735763" role=""/>
  <member type="way" ref="710477713" role=""/>
  <member type="way" ref="710477714" role=""/>
  <member type="way" ref="568591089" role=""/>
  <member type="way" ref="42476369" role=""/>
  <member type="way" ref="42476368" role=""/>
  <member type="way" ref="413732109" role=""/>
  <member type="way" ref="413732108" role=""/>
  <member type="way" ref="42476347" role=""/>
  <member type="way" ref="114041034" role=""/>
  <member type="way" ref="114041267" role=""/>
  <member type="way" ref="114040449" role=""/>
  <member type="way" ref="114041125" role=""/>
  <member type="way" ref="114040299" role=""/>
  <member type="way" ref="704734761" role=""/>
  <member type="way" ref="1036709669" role=""/>
  <member type="way" ref="1036709668" role=""/>
  <member type="way" ref="434742622" role=""/>
  <member type="way" ref="1036709670" role=""/>
  <member type="way" ref="114040970" role=""/>
  <member type="way" ref="114040847" role=""/>
  <member type="way" ref="544509194" role=""/>
  <member type="way" ref="544509195" role=""/>
  <member type="way" ref="544509191" role=""/>
  <member type="way" ref="1036709688" role=""/>
  <member type="way" ref="710482454" role=""/>
  <member type="way" ref="119875295" role=""/>
  <member type="way" ref="119875332" role=""/>
  <member type="way" ref="42476351" role=""/>
  <member type="way" ref="42476352" role=""/>
  <member type="way" ref="42476341" role=""/>
  <member type="way" ref="544509189" role=""/>
  <member type="way" ref="544509188" role=""/>
  <member type="way" ref="544509187" role=""/>
  <member type="way" ref="544509186" role=""/>
  <member type="way" ref="42476342" role=""/>
  <member type="way" ref="42476344" role=""/>
  <member type="way" ref="42476343" role=""/>
  <member type="way" ref="42476346" role=""/>
  <member type="way" ref="544509185" role=""/>
  <member type="way" ref="544509184" role=""/>
  <member type="way" ref="42403306" role=""/>
  <member type="way" ref="42403311" role=""/>
  <member type="way" ref="68875219" role=""/>
  <member type="way" ref="68875220" role=""/>
  <member type="way" ref="119878796" role=""/>
  <member type="way" ref="1036709690" role=""/>
  <member type="way" ref="119878679" role=""/>
  <member type="way" ref="119878779" role=""/>
  <member type="way" ref="1036709691" role=""/>
  <member type="way" ref="119878605" role=""/>
  <member type="way" ref="119879204" role=""/>
  <member type="way" ref="119879213" role=""/>
  <member type="way" ref="119878597" role=""/>
  <member type="way" ref="119878743" role=""/>
  <member type="way" ref="310175725" role=""/>
  <member type="way" ref="310175728" role=""/>
  <member type="way" ref="119879065" role=""/>
  <member type="way" ref="119879154" role=""/>
  <member type="way" ref="1036697536" role=""/>
  <member type="way" ref="119878656" role=""/>
  <member type="way" ref="1036697525" role=""/>
  <member type="way" ref="1036697534" role=""/>
  <member type="way" ref="1036697533" role=""/>
  <member type="way" ref="1036697512" role=""/>
  <member type="way" ref="1036697534" role=""/>
  <member type="way" ref="1036697525" role=""/>
  <member type="way" ref="119878656" role=""/>
  <member type="way" ref="119878549" role=""/>
  <member type="way" ref="119878523" role=""/>
  <member type="way" ref="1036697526" role=""/>
  <member type="way" ref="1036697532" role=""/>
  <member type="way" ref="1394161504" role=""/>
  <member type="way" ref="1036697531" role=""/>
  <member type="way" ref="1163757161" role=""/>
  <member type="way" ref="1036697528" role=""/>
  <member type="way" ref="1036697526" role=""/>
  <member type="way" ref="119878523" role=""/>
  <member type="way" ref="1036697523" role=""/>
  <member type="way" ref="119879037" role=""/>
  <member type="way" ref="119885215" role=""/>
  <tag k="duration" v="01:43:00"/>
  <tag k="from" v="東萩駅前"/>
  <tag k="gtfs:route_id" v="2229846746"/>
  <tag k="gtfs:shape_id" v="40001289"/>
  <tag k="name" v="Bus: 東萩駅前→湯田温泉通"/>
  <tag k="network" v="防長線"/>
  <tag k="opening_hours" v="06:15-16:13"/>
  <tag k="operator" v="中国ジェイアールバス"/>
  <tag k="operator:en" v="Chugoku JR Bus"/>
  <tag k="public_transport:version" v="2"/>
  <tag k="route" v="bus"/>
  <tag k="to" v="湯田温泉通"/>
  <tag k="type" v="route"/>
 </relation>
 <relation id="13884433" visible="true" version="9" changeset="171993143" timestamp="2025-09-16T04:32:12Z" user="taketaketake" uid="4757277">
  <member type="node" ref="9412086478" role="platform"/>
  <member type="node" ref="9412086480" role="platform"/>
  <member type="node" ref="9412086343" role="platform"/>
  <member type="node" ref="9412086399" role="platform"/>
  <member type="node" ref="9412086400" role="platform"/>
  <member type="node" ref="9412086402" role="platform"/>
  <member type="node" ref="9412086404" role="platform"/>
  <member type="node" ref="9412086406" role="platform"/>
  <member type="node" ref="9412086408" role="platform"/>
  <member type="node" ref="9412086410" role="platform"/>
  <member type="node" ref="9412086412" role="platform"/>
  <member type="node" ref="9412086414" role="platform"/>
  <member type="node" ref="9412086482" role="platform"/>
  <member type="node" ref="9412086416" role="platform"/>
  <member type="node" ref="9412086418" role="platform"/>
  <member type="node" ref="9412086420" role="platform"/>
  <member type="node" ref="9412086422" role="platform"/>
  <member type="node" ref="9412086424" role="platform"/>
  <member type="node" ref="9412086426" role="platform"/>
  <member type="node" ref="9412086428" role="platform"/>
  <member type="node" ref="9412086430" role="platform"/>
  <member type="node" ref="9412086432" role="platform"/>
  <member type="node" ref="9412086434" role="platform"/>
  <member type="node" ref="9412086436" role="platform"/>
  <member type="node" ref="9412086438" role="platform"/>
  <member type="node" ref="9412086440" role="platform"/>
  <member type="node" ref="9412086334" role="platform"/>
  <member type="node" ref="9412086484" role="platform"/>
  <member type="node" ref="9412086442" role="platform"/>
  <member type="node" ref="9412086444" role="platform"/>
  <member type="node" ref="9412086446" role="platform"/>
  <member type="node" ref="9412086448" role="platform"/>
  <member type="node" ref="9412086450" role="platform"/>
  <member type="node" ref="9412086452" role="platform"/>
  <member type="node" ref="9412086453" role="platform"/>
  <member type="node" ref="9412086455" role="platform"/>
  <member type="node" ref="9412086457" role="platform"/>
  <member type="node" ref="9412086459" role="platform"/>
  <member type="node" ref="9412086486" role="platform"/>
  <member type="node" ref="9412086488" role="platform"/>
  <member type="node" ref="9412086461" role="platform"/>
  <member type="node" ref="9412086463" role="platform"/>
  <member type="node" ref="9412086465" role="platform"/>
  <member type="node" ref="9412086467" role="platform"/>
  <member type="node" ref="9412086469" role="platform"/>
  <member type="node" ref="9412086471" role="platform"/>
  <member type="node" ref="9412086473" role="platform"/>
  <member type="node" ref="9412086475" role="platform"/>
  <member type="node" ref="9412086477" role="platform"/>
  <member type="node" ref="9412086525" role="platform"/>
  <member type="node" ref="9412086523" role="platform"/>
  <member type="node" ref="9412086520" role="platform"/>
  <member type="node" ref="9412086519" role="platform"/>
  <member type="node" ref="9412086516" role="platform"/>
  <member type="way" ref="1036709672" role=""/>
  <member type="way" ref="1036709671" role=""/>
  <member type="way" ref="1036709673" role=""/>
  <member type="way" ref="316339838" role=""/>
  <member type="way" ref="316339803" role=""/>
  <member type="way" ref="316339802" role=""/>
  <member type="way" ref="79534148" role=""/>
  <member type="way" ref="114056166" role=""/>
  <member type="way" ref="114056326" role=""/>
  <member type="way" ref="114058206" role=""/>
  <member type="way" ref="1036709666" role=""/>
  <member type="way" ref="114055946" role=""/>
  <member type="way" ref="114058274" role=""/>
  <member type="way" ref="402834035" role=""/>
  <member type="way" ref="402834033" role=""/>
  <member type="way" ref="114056495" role=""/>
  <member type="way" ref="604148052" role=""/>
  <member type="way" ref="1036709675" role=""/>
  <member type="way" ref="1036709674" role=""/>
  <member type="way" ref="1036709676" role=""/>
  <member type="way" ref="1036709675" role=""/>
  <member type="way" ref="604148052" role=""/>
  <member type="way" ref="604148053" role=""/>
  <member type="way" ref="114058518" role=""/>
  <member type="way" ref="114058659" role=""/>
  <member type="way" ref="114055661" role=""/>
  <member type="way" ref="1430138807" role=""/>
  <member type="way" ref="421310968" role=""/>
  <member type="way" ref="1036709679" role=""/>
  <member type="way" ref="1036709678" role=""/>
  <member type="way" ref="1036709680" role=""/>
  <member type="way" ref="114058392" role=""/>
  <member type="way" ref="1036709678" role=""/>
  <member type="way" ref="114056144" role=""/>
  <member type="way" ref="1036709681" role=""/>
  <member type="way" ref="1036709682" role=""/>
  <member type="way" ref="114057391" role=""/>
  <member type="way" ref="114056724" role=""/>
  <member type="way" ref="79534125" role=""/>
  <member type="way" ref="114058420" role=""/>
  <member type="way" ref="114055935" role=""/>
  <member type="way" ref="1430138808" role=""/>
  <member type="way" ref="114056169" role=""/>
  <member type="way" ref="114057169" role=""/>
  <member type="way" ref="114056744" role=""/>
  <member type="way" ref="114057811" role=""/>
  <member type="way" ref="114057881" role=""/>
  <member type="way" ref="114056321" role=""/>
  <member type="way" ref="114057397" role=""/>
  <member type="way" ref="114056460" role=""/>
  <member type="way" ref="544735762" role=""/>
  <member type="way" ref="114040351" role=""/>
  <member type="way" ref="702008675" role=""/>
  <member type="way" ref="114041191" role=""/>
  <member type="way" ref="114040401" role=""/>
  <member type="way" ref="710459517" role=""/>
  <member type="way" ref="544735758" role=""/>
  <member type="way" ref="544735767" role=""/>
  <member type="way" ref="544735768" role=""/>
  <member type="way" ref="568591123" role=""/>
  <member type="way" ref="42476366" role=""/>
  <member type="way" ref="544735765" role=""/>
  <member type="way" ref="544735764" role=""/>
  <member type="way" ref="544735763" role=""/>
  <member type="way" ref="710477713" role=""/>
  <member type="way" ref="710477714" role=""/>
  <member type="way" ref="568591089" role=""/>
  <member type="way" ref="42476369" role=""/>
  <member type="way" ref="42476368" role=""/>
  <member type="way" ref="413732109" role=""/>
  <member type="way" ref="413732108" role=""/>
  <member type="way" ref="42476347" role=""/>
  <member type="way" ref="114041034" role=""/>
  <member type="way" ref="114041267" role=""/>
  <member type="way" ref="114040449" role=""/>
  <member type="way" ref="114041125" role=""/>
  <member type="way" ref="114040299" role=""/>
  <member type="way" ref="704734761" role=""/>
  <member type="way" ref="1036709669" role=""/>
  <member type="way" ref="1036709668" role=""/>
  <member type="way" ref="434742622" role=""/>
  <member type="way" ref="1036709670" role=""/>
  <member type="way" ref="114040970" role=""/>
  <member type="way" ref="114040847" role=""/>
  <member type="way" ref="544509194" role=""/>
  <member type="way" ref="544509195" role=""/>
  <member type="way" ref="544509191" role=""/>
  <member type="way" ref="1036709688" role=""/>
  <member type="way" ref="710482454" role=""/>
  <member type="way" ref="119875295" role=""/>
  <member type="way" ref="119875332" role=""/>
  <member type="way" ref="42476351" role=""/>
  <member type="way" ref="42476352" role=""/>
  <member type="way" ref="42476341" role=""/>
  <member type="way" ref="544509189" role=""/>
  <member type="way" ref="544509188" role=""/>
  <member type="way" ref="544509187" role=""/>
  <member type="way" ref="544509186" role=""/>
  <member type="way" ref="42476342" role=""/>
  <member type="way" ref="42476344" role=""/>
  <member type="way" ref="42476343" role=""/>
  <member type="way" ref="42476346" role=""/>
  <member type="way" ref="544509185" role=""/>
  <member type="way" ref="544509184" role=""/>
  <member type="way" ref="42403306" role=""/>
  <member type="way" ref="42403311" role=""/>
  <member type="way" ref="68875219" role=""/>
  <member type="way" ref="68875220" role=""/>
  <member type="way" ref="119878796" role=""/>
  <member type="way" ref="1036709690" role=""/>
  <member type="way" ref="119878679" role=""/>
  <member type="way" ref="119878779" role=""/>
  <member type="way" ref="1036709691" role=""/>
  <member type="way" ref="119878605" role=""/>
  <member type="way" ref="119879204" role=""/>
  <member type="way" ref="119879213" role=""/>
  <member type="way" ref="119878597" role=""/>
  <member type="way" ref="119878743" role=""/>
  <member type="way" ref="310175725" role=""/>
  <member type="way" ref="310175728" role=""/>
  <member type="way" ref="119879065" role=""/>
  <member type="way" ref="119879154" role=""/>
  <member type="way" ref="1036697536" role=""/>
  <member type="way" ref="119878656" role=""/>
  <member type="way" ref="1036697525" role=""/>
  <member type="way" ref="1036697534" role=""/>
  <member type="way" ref="1036697533" role=""/>
  <member type="way" ref="1036697512" role=""/>
  <member type="way" ref="1036697534" role=""/>
  <member type="way" ref="1036697525" role=""/>
  <member type="way" ref="119878656" role=""/>
  <member type="way" ref="119878549" role=""/>
  <member type="way" ref="119878523" role=""/>
  <member type="way" ref="1036697526" role=""/>
  <member type="way" ref="1036697532" role=""/>
  <member type="way" ref="1394161504" role=""/>
  <tag k="duration" v="01:29:00"/>
  <tag k="from" v="東萩駅前"/>
  <tag k="gtfs:route_id" v="2229846746"/>
  <tag k="gtfs:shape_id" v="40001279"/>
  <tag k="name" v="Bus: 東萩駅前→山口駅"/>
  <tag k="network" v="防長線"/>
  <tag k="opening_hours" v="Mo-Fr 09:35-20:09; Sa-Su 12:00-20:09"/>
  <tag k="operator" v="中国ジェイアールバス"/>
  <tag k="operator:en" v="Chugoku JR Bus"/>
  <tag k="public_transport:version" v="2"/>
  <tag k="route" v="bus"/>
  <tag k="to" v="山口駅"/>
  <tag k="type" v="route"/>
 </relation>
 <relation id="13884434" visible="true" version="9" changeset="171993143" timestamp="2025-09-16T04:32:12Z" user="taketaketake" uid="4757277">
  <member type="node" ref="9412086516" role="platform"/>
  <member type="node" ref="9412086519" role="platform"/>
  <member type="node" ref="9412086521" role="platform"/>
  <member type="node" ref="9412086522" role="platform"/>
  <member type="node" ref="9412086524" role="platform"/>
  <member type="node" ref="9412086476" role="platform"/>
  <member type="node" ref="9412086474" role="platform"/>
  <member type="node" ref="9412086472" role="platform"/>
  <member type="node" ref="9412086470" role="platform"/>
  <member type="node" ref="9412086468" role="platform"/>
  <member type="node" ref="9412086466" role="platform"/>
  <member type="node" ref="9412086464" role="platform"/>
  <member type="node" ref="9412086462" role="platform"/>
  <member type="node" ref="9412086460" role="platform"/>
  <member type="node" ref="9412086487" role="platform"/>
  <member type="node" ref="9412086485" role="platform"/>
  <member type="node" ref="9412086458" role="platform"/>
  <member type="node" ref="9412086456" role="platform"/>
  <member type="node" ref="9412086454" role="platform"/>
  <member type="node" ref="9412086453" role="platform"/>
  <member type="node" ref="9412086451" role="platform"/>
  <member type="node" ref="9412086449" role="platform"/>
  <member type="node" ref="9412086447" role="platform"/>
  <member type="node" ref="9412086445" role="platform"/>
  <member type="node" ref="9412086443" role="platform"/>
  <member type="node" ref="9412086441" role="platform"/>
  <member type="node" ref="9412086483" role="platform"/>
  <member type="node" ref="9412086334" role="platform"/>
  <member type="node" ref="9412086439" role="platform"/>
  <member type="node" ref="9412086437" role="platform"/>
  <member type="node" ref="9412086435" role="platform"/>
  <member type="node" ref="9412086433" role="platform"/>
  <member type="node" ref="9412086431" role="platform"/>
  <member type="node" ref="9412086429" role="platform"/>
  <member type="node" ref="9412086427" role="platform"/>
  <member type="node" ref="9412086425" role="platform"/>
  <member type="node" ref="9412086423" role="platform"/>
  <member type="node" ref="9412086421" role="platform"/>
  <member type="node" ref="9412086419" role="platform"/>
  <member type="node" ref="9412086417" role="platform"/>
  <member type="node" ref="9412086415" role="platform"/>
  <member type="node" ref="9412086481" role="platform"/>
  <member type="node" ref="9412086413" role="platform"/>
  <member type="node" ref="9412086411" role="platform"/>
  <member type="node" ref="9412086409" role="platform"/>
  <member type="node" ref="9412086407" role="platform"/>
  <member type="node" ref="9412086405" role="platform"/>
  <member type="node" ref="9412086403" role="platform"/>
  <member type="node" ref="9412086401" role="platform"/>
  <member type="node" ref="9412086400" role="platform"/>
  <member type="node" ref="9412086398" role="platform"/>
  <member type="node" ref="9412086343" role="platform"/>
  <member type="node" ref="9412086479" role="platform"/>
  <member type="node" ref="9412086478" role="platform"/>
  <member type="way" ref="1036697531" role=""/>
  <member type="way" ref="1163757161" role=""/>
  <member type="way" ref="1036697528" role=""/>
  <member type="way" ref="1036697526" role=""/>
  <member type="way" ref="119878523" role=""/>
  <member type="way" ref="517552886" role=""/>
  <member type="way" ref="119878656" role=""/>
  <member type="way" ref="1036697525" role=""/>
  <member type="way" ref="1036697534" role=""/>
  <member type="way" ref="1036697533" role=""/>
  <member type="way" ref="1036697512" role=""/>
  <member type="way" ref="1036697534" role=""/>
  <member type="way" ref="1036697525" role=""/>
  <member type="way" ref="119878656" role=""/>
  <member type="way" ref="1036709693" role=""/>
  <member type="way" ref="1036709692" role=""/>
  <member type="way" ref="119879154" role=""/>
  <member type="way" ref="119879065" role=""/>
  <member type="way" ref="310175728" role=""/>
  <member type="way" ref="310175725" role=""/>
  <member type="way" ref="119878743" role=""/>
  <member type="way" ref="119878597" role=""/>
  <member type="way" ref="119879213" role=""/>
  <member type="way" ref="119879204" role=""/>
  <member type="way" ref="119878605" role=""/>
  <member type="way" ref="1036709691" role=""/>
  <member type="way" ref="119878779" role=""/>
  <member type="way" ref="119878679" role=""/>
  <member type="way" ref="119879109" role=""/>
  <member type="way" ref="119878957" role=""/>
  <member type="way" ref="119878571" role=""/>
  <member type="way" ref="119878796" role=""/>
  <member type="way" ref="119878467" role=""/>
  <member type="way" ref="68875222" role=""/>
  <member type="way" ref="68875217" role=""/>
  <member type="way" ref="68875218" role=""/>
  <member type="way" ref="42403306" role=""/>
  <member type="way" ref="544509184" role=""/>
  <member type="way" ref="544509185" role=""/>
  <member type="way" ref="42476346" role=""/>
  <member type="way" ref="42476343" role=""/>
  <member type="way" ref="42476344" role=""/>
  <member type="way" ref="42476342" role=""/>
  <member type="way" ref="544509186" role=""/>
  <member type="way" ref="544509187" role=""/>
  <member type="way" ref="544509188" role=""/>
  <member type="way" ref="544509189" role=""/>
  <member type="way" ref="42476341" role=""/>
  <member type="way" ref="42476352" role=""/>
  <member type="way" ref="42476351" role=""/>
  <member type="way" ref="119875332" role=""/>
  <member type="way" ref="119875295" role=""/>
  <member type="way" ref="710482454" role=""/>
  <member type="way" ref="544509193" role=""/>
  <member type="way" ref="1036709687" role=""/>
  <member type="way" ref="544509195" role=""/>
  <member type="way" ref="544509194" role=""/>
  <member type="way" ref="114040847" role=""/>
  <member type="way" ref="114040970" role=""/>
  <member type="way" ref="1036709670" role=""/>
  <member type="way" ref="434742622" role=""/>
  <member type="way" ref="1036709668" role=""/>
  <member type="way" ref="1036709669" role=""/>
  <member type="way" ref="704734761" role=""/>
  <member type="way" ref="114040299" role=""/>
  <member type="way" ref="114041125" role=""/>
  <member type="way" ref="114040449" role=""/>
  <member type="way" ref="114041267" role=""/>
  <member type="way" ref="114041034" role=""/>
  <member type="way" ref="42476347" role=""/>
  <member type="way" ref="413732108" role=""/>
  <member type="way" ref="413732109" role=""/>
  <member type="way" ref="42476368" role=""/>
  <member type="way" ref="42476369" role=""/>
  <member type="way" ref="568591089" role=""/>
  <member type="way" ref="710477714" role=""/>
  <member type="way" ref="710477713" role=""/>
  <member type="way" ref="544735763" role=""/>
  <member type="way" ref="544735764" role=""/>
  <member type="way" ref="544735765" role=""/>
  <member type="way" ref="42476366" role=""/>
  <member type="way" ref="568591123" role=""/>
  <member type="way" ref="544735768" role=""/>
  <member type="way" ref="544735767" role=""/>
  <member type="way" ref="544735758" role=""/>
  <member type="way" ref="710459517" role=""/>
  <member type="way" ref="114040401" role=""/>
  <member type="way" ref="114041191" role=""/>
  <member type="way" ref="702008675" role=""/>
  <member type="way" ref="114040351" role=""/>
  <member type="way" ref="544735762" role=""/>
  <member type="way" ref="114056460" role=""/>
  <member type="way" ref="114057397" role=""/>
  <member type="way" ref="114056321" role=""/>
  <member type="way" ref="114057881" role=""/>
  <member type="way" ref="114057811" role=""/>
  <member type="way" ref="114056744" role=""/>
  <member type="way" ref="114057169" role=""/>
  <member type="way" ref="114056169" role=""/>
  <member type="way" ref="1430138808" role=""/>
  <member type="way" ref="114055935" role=""/>
  <member type="way" ref="114058420" role=""/>
  <member type="way" ref="79534125" role=""/>
  <member type="way" ref="1036709684" role=""/>
  <member type="way" ref="316339820" role=""/>
  <member type="way" ref="316339812" role=""/>
  <member type="way" ref="316339817" role=""/>
  <member type="way" ref="114056144" role=""/>
  <member type="way" ref="1036709680" role=""/>
  <member type="way" ref="114058392" role=""/>
  <member type="way" ref="1036709679" role=""/>
  <member type="way" ref="421310968" role=""/>
  <member type="way" ref="1430138807" role=""/>
  <member type="way" ref="114055661" role=""/>
  <member type="way" ref="114058659" role=""/>
  <member type="way" ref="114058518" role=""/>
  <member type="way" ref="402834033" role=""/>
  <member type="way" ref="114056495" role=""/>
  <member type="way" ref="604148052" role=""/>
  <member type="way" ref="1036709675" role=""/>
  <member type="way" ref="1036709674" role=""/>
  <member type="way" ref="1036709676" role=""/>
  <member type="way" ref="1036709675" role=""/>
  <member type="way" ref="604148052" role=""/>
  <member type="way" ref="604148053" role=""/>
  <member type="way" ref="402834035" role=""/>
  <member type="way" ref="114056368" role=""/>
  <member type="way" ref="114058206" role=""/>
  <member type="way" ref="114056326" role=""/>
  <member type="way" ref="114056166" role=""/>
  <member type="way" ref="79534148" role=""/>
  <member type="way" ref="316339802" role=""/>
  <member type="way" ref="316339803" role=""/>
  <member type="way" ref="316339838" role=""/>
  <member type="way" ref="1036709673" role=""/>
  <member type="way" ref="114056730" role=""/>
  <member type="way" ref="1036709672" role=""/>
  <tag k="duration" v="01:27:00"/>
  <tag k="from" v="山口駅"/>
  <tag k="gtfs:route_id" v="2229846746"/>
  <tag k="gtfs:shape_id" v="40001270"/>
  <tag k="name" v="Bus: 山口駅→東萩駅前"/>
  <tag k="network" v="防長線"/>
  <tag k="opening_hours" v="Mo-Fr 06:40-21:17; Sa-Su 10:45-21:17"/>
  <tag k="operator" v="中国ジェイアールバス"/>
  <tag k="operator:en" v="Chugoku JR Bus"/>
  <tag k="public_transport:version" v="2"/>
  <tag k="route" v="bus"/>
  <tag k="to" v="東萩駅前"/>
  <tag k="type" v="route"/>
 </relation>
 <relation id="13884435" visible="true" version="1" changeset="118041702" timestamp="2022-03-03T05:33:13Z" user="okadatsuneo_import" uid="12352917">
  <member type="relation" ref="13884434" role=""/>
  <member type="relation" ref="13884433" role=""/>
  <tag k="name" v="Bus 山口駅&lt;-&gt;東萩駅前"/>
  <tag k="network" v="防長線"/>
  <tag k="operator" v="中国ジェイアールバス"/>
  <tag k="operator:en" v="Chugoku JR Bus"/>
  <tag k="route_master" v="bus"/>
  <tag k="type" v="route_master"/>
 </relation>
 <relation id="13884436" visible="true" version="2" changeset="134842526" timestamp="2023-04-13T03:15:44Z" user="okadatsuneo_import" uid="12352917">
  <member type="relation" ref="13884431" role=""/>
  <member type="relation" ref="13884432" role=""/>
  <tag k="name" v="Bus 湯田温泉&lt;-&gt;東萩駅前"/>
  <tag k="network" v="防長線"/>
  <tag k="operator" v="中国ジェイアールバス"/>
  <tag k="operator:en" v="Chugoku JR Bus"/>
  <tag k="route_master" v="bus"/>
  <tag k="type" v="route_master"/>
 </relation>
 <relation id="16394407" visible="true" version="2" changeset="141899362" timestamp="2023-09-29T07:41:16Z" user="FallingPeppers" uid="19745387">
  <member type="node" ref="9218352777" role="label"/>
  <member type="way" ref="1211746322" role="outer"/>
  <member type="way" ref="1211758169" role="outer"/>
  <member type="way" ref="1211746323" role="outer"/>
  <member type="way" ref="1211758168" role="outer"/>
  <member type="way" ref="1211745385" role="outer"/>
  <member type="way" ref="1211746328" role="outer"/>
  <member type="way" ref="1211758167" role="outer"/>
  <tag k="admin_level" v="10"/>
  <tag k="boundary" v="administrative"/>
  <tag k="name" v="桜畠２"/>
  <tag k="name:en" v="Sakurabatake 2"/>
  <tag k="type" v="boundary"/>
 </relation>
 <relation id="16394408" visible="true" version="2" changeset="141899362" timestamp="2023-09-29T07:41:16Z" user="FallingPeppers" uid="19745387">
  <member type="node" ref="9218352776" role="label"/>
  <member type="way" ref="1211746326" role="outer"/>
  <member type="way" ref="1211745382" role="outer"/>
  <member type="way" ref="1211745381" role="outer"/>
  <member type="way" ref="1211745385" role="outer"/>
  <tag k="admin_level" v="10"/>
  <tag k="boundary" v="administrative"/>
  <tag k="name" v="桜畠３"/>
  <tag k="name:en" v="Sakurabatake 3"/>
  <tag k="type" v="boundary"/>
 </relation>
 <relation id="16394409" visible="true" version="2" changeset="141899362" timestamp="2023-09-29T07:41:16Z" user="FallingPeppers" uid="19745387">
  <member type="node" ref="9218352775" role="label"/>
  <member type="way" ref="1211746325" role="outer"/>
  <member type="way" ref="1211746326" role="outer"/>
  <member type="way" ref="1211758168" role="outer"/>
  <member type="way" ref="1211746324" role="outer"/>
  <member type="way" ref="1211745380" role="outer"/>
  <tag k="admin_level" v="10"/>
  <tag k="boundary" v="administrative"/>
  <tag k="name" v="桜畠４"/>
  <tag k="name:en" v="Sakurabatake 4"/>
  <tag k="type" v="boundary"/>
 </relation>
 <relation id="16394412" visible="true" version="3" changeset="141935133" timestamp="2023-09-30T02:08:48Z" user="FallingPeppers" uid="19745387">
  <member type="way" ref="1211746329" role="outer"/>
  <member type="way" ref="1211616726" role="outer"/>
  <member type="way" ref="1211746321" role="outer"/>
  <member type="way" ref="1211758167" role="outer"/>
  <member type="way" ref="1211746322" role="outer"/>
  <member type="way" ref="1211758169" role="outer"/>
  <member type="way" ref="1211746323" role="outer"/>
  <member type="way" ref="1211746324" role="outer"/>
  <member type="way" ref="1211745380" role="outer"/>
  <member type="way" ref="1211791038" role="outer"/>
  <member type="way" ref="1211969885" role="outer"/>
  <member type="way" ref="1211784501" role="outer"/>
  <member type="way" ref="1211784503" role="outer"/>
  <member type="way" ref="1211791040" role="outer"/>
  <member type="way" ref="1211746330" role="outer"/>
  <member type="way" ref="1211745384" role="outer"/>
  <member type="relation" ref="16394406" role="subarea"/>
  <member type="relation" ref="16394407" role="subarea"/>
  <member type="relation" ref="16394408" role="subarea"/>
  <member type="relation" ref="16394409" role="subarea"/>
  <member type="relation" ref="16394410" role="subarea"/>
  <member type="relation" ref="16394411" role="subarea"/>
  <tag k="admin_level" v="9"/>
  <tag k="boundary" v="administrative"/>
  <tag k="name" v="桜畠"/>
  <tag k="name:en" v="Sakurabatake"/>
  <tag k="type" v="boundary"/>
 </relation>
 <relation id="16394423" visible="true" version="3" changeset="141935133" timestamp="2023-09-30T02:08:48Z" user="FallingPeppers" uid="19745387">
  <member type="node" ref="7637351416" role="label"/>
  <member type="way" ref="1211746322" role="outer"/>
  <member type="way" ref="1211746320" role="outer"/>
  <member type="way" ref="1211745386" role="outer"/>
  <member type="way" ref="1211969888" role="outer"/>
  <member type="way" ref="1211969886" role="outer"/>
  <tag k="admin_level" v="10"/>
  <tag k="boundary" v="administrative"/>
  <tag k="name" v="折本２"/>
  <tag k="name:en" v="Orimoto 2"/>
  <tag k="type" v="boundary"/>
 </relation>
 <relation id="16394424" visible="true" version="4" changeset="164838529" timestamp="2025-04-12T01:59:41Z" user="FallingPeppers" uid="19745387">
  <member type="way" ref="1211616725" role="outer"/>
  <member type="way" ref="1211745387" role="outer"/>
  <member type="way" ref="1376906167" role="outer"/>
  <member type="way" ref="1211745386" role="outer"/>
  <member type="way" ref="1211969888" role="outer"/>
  <member type="way" ref="1211969886" role="outer"/>
  <member type="way" ref="1211746322" role="outer"/>
  <member type="way" ref="1211758167" role="outer"/>
  <member type="way" ref="1211746321" role="outer"/>
  <member type="relation" ref="16394422" role="subarea"/>
  <member type="relation" ref="16394423" role="subarea"/>
  <tag k="admin_level" v="9"/>
  <tag k="boundary" v="administrative"/>
  <tag k="name" v="折本"/>
  <tag k="name:en" v="Orimoto"/>
  <tag k="type" v="boundary"/>
 </relation>
 <relation id="19235467" visible="true" version="8" changeset="176847209" timestamp="2026-01-05T06:46:16Z" user="tutuw002" uid="4531722">
  <member type="node" ref="5304078834" role="stop"/>
  <member type="way" ref="648002727" role="platform"/>
  <member type="node" ref="266067441" role="stop"/>
  <member type="way" ref="1393996844" role="platform"/>
  <member type="node" ref="266065854" role="stop"/>
  <member type="way" ref="1365528595" role="platform"/>
  <member type="node" ref="12657801975" role="stop"/>
  <member type="way" ref="1366729990" role="platform"/>
  <member type="node" ref="266064112" role="stop"/>
  <member type="way" ref="315687331" role="platform"/>
  <member type="node" ref="12903226324" role="stop"/>
  <member type="way" ref="562355863" role="platform"/>
  <member type="node" ref="266064505" role="stop"/>
  <member type="way" ref="823018839" role="platform"/>
  <member type="node" ref="266062936" role="stop"/>
  <member type="way" ref="1364444136" role="platform"/>
  <member type="node" ref="12903211897" role="stop"/>
  <member type="way" ref="1364432861" role="platform"/>
  <member type="node" ref="266026224" role="stop"/>
  <member type="way" ref="1364425278" role="platform"/>
  <member type="node" ref="266080821" role="stop"/>
  <member type="way" ref="1365521451" role="platform"/>
  <member type="node" ref="266027135" role="stop"/>
  <member type="way" ref="1365672670" role="platform"/>
  <member type="node" ref="12903211887" role="stop"/>
  <member type="way" ref="1365698824" role="platform"/>
  <member type="node" ref="4142012270" role="stop"/>
  <member type="way" ref="1267319460" role="platform"/>
  <member type="node" ref="1575760247" role="stop"/>
  <member type="way" ref="826325435" role="platform"/>
  <member type="node" ref="8813170489" role="stop"/>
  <member type="way" ref="1273925823" role="platform"/>
  <member type="node" ref="4142062505" role="stop"/>
  <member type="way" ref="413041746" role="platform"/>
  <member type="node" ref="4143745100" role="stop"/>
  <member type="way" ref="1393996753" role="platform"/>
  <member type="node" ref="6146443219" role="stop"/>
  <member type="way" ref="143996320" role="platform"/>
  <member type="way" ref="549070622" role=""/>
  <member type="way" ref="1393996877" role=""/>
  <member type="way" ref="1393996875" role=""/>
  <member type="way" ref="24474063" role=""/>
  <member type="way" ref="24474024" role=""/>
  <member type="way" ref="315875890" role=""/>
  <member type="way" ref="315875892" role=""/>
  <member type="way" ref="959908483" role=""/>
  <member type="way" ref="959908482" role=""/>
  <member type="way" ref="24474060" role=""/>
  <member type="way" ref="1433957454" role=""/>
  <member type="way" ref="1433957453" role=""/>
  <member type="way" ref="24474013" role=""/>
  <member type="way" ref="24474054" role=""/>
  <member type="way" ref="812593482" role=""/>
  <member type="way" ref="812593483" role=""/>
  <member type="way" ref="812593484" role=""/>
  <member type="way" ref="812593485" role=""/>
  <member type="way" ref="1019175867" role=""/>
  <member type="way" ref="24474032" role=""/>
  <member type="way" ref="812819778" role=""/>
  <member type="way" ref="812819777" role=""/>
  <member type="way" ref="812819773" role=""/>
  <member type="way" ref="812819772" role=""/>
  <member type="way" ref="24474041" role=""/>
  <member type="way" ref="1393996871" role=""/>
  <member type="way" ref="1393996870" role=""/>
  <member type="way" ref="692244352" role=""/>
  <member type="way" ref="692244347" role=""/>
  <member type="way" ref="283108772" role=""/>
  <member type="way" ref="283108771" role=""/>
  <member type="way" ref="24474050" role=""/>
  <member type="way" ref="24474009" role=""/>
  <member type="way" ref="24474051" role=""/>
  <member type="way" ref="291719498" role=""/>
  <member type="way" ref="1435248152" role=""/>
  <member type="way" ref="1435248151" role=""/>
  <member type="way" ref="291719499" role=""/>
  <member type="way" ref="24474034" role=""/>
  <member type="way" ref="24474057" role=""/>
  <member type="way" ref="1393996869" role=""/>
  <member type="way" ref="24474044" role=""/>
  <member type="way" ref="24474008" role=""/>
  <member type="way" ref="325171619" role=""/>
  <member type="way" ref="325171620" role=""/>
  <member type="way" ref="24474047" role=""/>
  <member type="way" ref="816708948" role=""/>
  <member type="way" ref="528945182" role=""/>
  <member type="way" ref="528945183" role=""/>
  <member type="way" ref="528945184" role=""/>
  <member type="way" ref="528945185" role=""/>
  <member type="way" ref="1393996863" role=""/>
  <member type="way" ref="24474033" role=""/>
  <member type="way" ref="24474039" role=""/>
  <member type="way" ref="24474026" role=""/>
  <member type="way" ref="1393996862" role=""/>
  <member type="way" ref="528945181" role=""/>
  <member type="way" ref="528945180" role=""/>
  <member type="way" ref="528945178" role=""/>
  <member type="way" ref="528945179" role=""/>
  <member type="way" ref="528945177" role=""/>
  <member type="way" ref="528945176" role=""/>
  <member type="way" ref="528945175" role=""/>
  <member type="way" ref="528945174" role=""/>
  <member type="way" ref="528945172" role=""/>
  <member type="way" ref="528945173" role=""/>
  <member type="way" ref="698801859" role=""/>
  <member type="way" ref="698801858" role=""/>
  <member type="way" ref="698801861" role=""/>
  <member type="way" ref="698801860" role=""/>
  <member type="way" ref="1393996861" role=""/>
  <member type="way" ref="24474046" role=""/>
  <member type="way" ref="698801865" role=""/>
  <member type="way" ref="698801864" role=""/>
  <member type="way" ref="24474037" role=""/>
  <member type="way" ref="698416292" role=""/>
  <member type="way" ref="698416291" role=""/>
  <member type="way" ref="24474030" role=""/>
  <member type="way" ref="698416296" role=""/>
  <member type="way" ref="698416295" role=""/>
  <member type="way" ref="24474040" role=""/>
  <member type="way" ref="698416303" role=""/>
  <member type="way" ref="698416302" role=""/>
  <member type="way" ref="698416300" role=""/>
  <member type="way" ref="698416301" role=""/>
  <member type="way" ref="697900229" role=""/>
  <member type="way" ref="697900228" role=""/>
  <member type="way" ref="24474062" role=""/>
  <member type="way" ref="24474015" role=""/>
  <member type="way" ref="1366729989" role=""/>
  <member type="way" ref="1393996859" role=""/>
  <member type="way" ref="696285746" role=""/>
  <member type="way" ref="696285747" role=""/>
  <member type="way" ref="24474049" role=""/>
  <member type="way" ref="24474017" role=""/>
  <member type="way" ref="24474027" role=""/>
  <member type="way" ref="1366729984" role=""/>
  <member type="way" ref="699391889" role=""/>
  <member type="way" ref="699391890" role=""/>
  <member type="way" ref="24474023" role=""/>
  <member type="way" ref="699531017" role=""/>
  <member type="way" ref="699531018" role=""/>
  <member type="way" ref="24474056" role=""/>
  <member type="way" ref="699531974" role=""/>
  <member type="way" ref="699531975" role=""/>
  <member type="way" ref="24474064" role=""/>
  <member type="way" ref="24474022" role=""/>
  <member type="way" ref="1393996857" role=""/>
  <member type="way" ref="700748070" role=""/>
  <member type="way" ref="700748069" role=""/>
  <member type="way" ref="24474031" role=""/>
  <member type="way" ref="24474025" role=""/>
  <member type="way" ref="700983297" role=""/>
  <member type="way" ref="700983296" role=""/>
  <member type="way" ref="24474052" role=""/>
  <member type="way" ref="1317003311" role=""/>
  <member type="way" ref="1317003312" role=""/>
  <member type="way" ref="1317003315" role=""/>
  <member type="way" ref="1317003314" role=""/>
  <member type="way" ref="1317003317" role=""/>
  <member type="way" ref="1317003316" role=""/>
  <member type="way" ref="1317003319" role=""/>
  <member type="way" ref="1317003318" role=""/>
  <member type="way" ref="1314526685" role=""/>
  <member type="way" ref="1314526684" role=""/>
  <member type="way" ref="517504023" role=""/>
  <member type="way" ref="517504022" role=""/>
  <member type="way" ref="517474008" role=""/>
  <member type="way" ref="517474002" role=""/>
  <member type="way" ref="517473982" role=""/>
  <member type="way" ref="24474014" role=""/>
  <member type="way" ref="1393996855" role=""/>
  <member type="way" ref="1393996853" role=""/>
  <member type="way" ref="1393996854" role=""/>
  <member type="way" ref="688837511" role=""/>
  <member type="way" ref="688837471" role=""/>
  <member type="way" ref="688837470" role=""/>
  <member type="way" ref="688837477" role=""/>
  <member type="way" ref="688837473" role=""/>
  <member type="way" ref="688837503" role=""/>
  <member type="way" ref="688837492" role=""/>
  <member type="way" ref="24474058" role=""/>
  <member type="way" ref="24474011" role=""/>
  <member type="way" ref="720089706" role=""/>
  <member type="way" ref="720089707" role=""/>
  <member type="way" ref="1393996851" role=""/>
  <member type="way" ref="1393996850" role=""/>
  <member type="way" ref="715637222" role=""/>
  <member type="way" ref="719104026" role=""/>
  <member type="way" ref="718761053" role=""/>
  <member type="way" ref="715637218" role=""/>
  <member type="way" ref="715637217" role=""/>
  <member type="way" ref="715637220" role=""/>
  <member type="way" ref="715637219" role=""/>
  <member type="way" ref="715637221" role=""/>
  <member type="way" ref="24474059" role=""/>
  <member type="way" ref="24474035" role=""/>
  <member type="way" ref="715599554" role=""/>
  <member type="way" ref="715599555" role=""/>
  <member type="way" ref="24474036" role=""/>
  <member type="way" ref="713569233" role=""/>
  <member type="way" ref="713569234" role=""/>
  <member type="way" ref="24474038" role=""/>
  <member type="way" ref="713569236" role=""/>
  <member type="way" ref="713569235" role=""/>
  <member type="way" ref="24474019" role=""/>
  <member type="way" ref="667981489" role=""/>
  <member type="way" ref="667981488" role=""/>
  <member type="way" ref="1393996847" role=""/>
  <member type="way" ref="24474010" role=""/>
  <member type="way" ref="1393996846" role=""/>
  <member type="way" ref="667356354" role=""/>
  <member type="way" ref="667356353" role=""/>
  <member type="way" ref="667356352" role=""/>
  <member type="way" ref="667356351" role=""/>
  <member type="way" ref="667356350" role=""/>
  <member type="way" ref="667356349" role=""/>
  <member type="way" ref="667356346" role=""/>
  <member type="way" ref="667356345" role=""/>
  <member type="way" ref="667356344" role=""/>
  <member type="way" ref="667356343" role=""/>
  <member type="way" ref="24474028" role=""/>
  <member type="way" ref="24474018" role=""/>
  <member type="way" ref="666218370" role=""/>
  <member type="way" ref="666218366" role=""/>
  <member type="way" ref="666218365" role=""/>
  <member type="way" ref="666218368" role=""/>
  <member type="way" ref="666218367" role=""/>
  <member type="way" ref="666218369" role=""/>
  <member type="way" ref="24474061" role=""/>
  <member type="way" ref="888799780" role=""/>
  <member type="way" ref="586377723" role=""/>
  <member type="way" ref="24474043" role=""/>
  <member type="way" ref="659904327" role=""/>
  <member type="way" ref="669943704" role=""/>
  <member type="way" ref="1364444132" role=""/>
  <member type="way" ref="1364444131" role=""/>
  <member type="way" ref="669943705" role=""/>
  <member type="way" ref="579764012" role=""/>
  <member type="way" ref="662777948" role=""/>
  <member type="way" ref="662777949" role=""/>
  <member type="way" ref="662264915" role=""/>
  <member type="way" ref="662264916" role=""/>
  <member type="way" ref="1393996841" role=""/>
  <member type="way" ref="658627485" role=""/>
  <member type="way" ref="661060786" role=""/>
  <member type="way" ref="661060785" role=""/>
  <member type="way" ref="658627484" role=""/>
  <member type="way" ref="658627487" role=""/>
  <member type="way" ref="658627486" role=""/>
  <member type="way" ref="24471367" role=""/>
  <member type="way" ref="1364437355" role=""/>
  <member type="way" ref="1393996840" role=""/>
  <member type="way" ref="657230621" role=""/>
  <member type="way" ref="24471615" role=""/>
  <member type="way" ref="1364436415" role=""/>
  <member type="way" ref="1393996838" role=""/>
  <member type="way" ref="656881466" role=""/>
  <member type="way" ref="1364436420" role=""/>
  <member type="way" ref="1364436419" role=""/>
  <member type="way" ref="1393996837" role=""/>
  <member type="way" ref="505161469" role=""/>
  <member type="way" ref="505161465" role=""/>
  <member type="way" ref="505161466" role=""/>
  <member type="way" ref="505161464" role=""/>
  <member type="way" ref="656881473" role=""/>
  <member type="way" ref="656881475" role=""/>
  <member type="way" ref="656881472" role=""/>
  <member type="way" ref="656881474" role=""/>
  <member type="way" ref="505161467" role=""/>
  <member type="way" ref="505161468" role=""/>
  <member type="way" ref="415048514" role=""/>
  <member type="way" ref="415048510" role=""/>
  <member type="way" ref="656386311" role=""/>
  <member type="way" ref="656386310" role=""/>
  <member type="way" ref="656386313" role=""/>
  <member type="way" ref="656386312" role=""/>
  <member type="way" ref="415048520" role=""/>
  <member type="way" ref="415048509" role=""/>
  <member type="way" ref="415034960" role=""/>
  <member type="way" ref="415034953" role=""/>
  <member type="way" ref="655816026" role=""/>
  <member type="way" ref="1393996834" role=""/>
  <member type="way" ref="1393996833" role=""/>
  <member type="way" ref="1364432856" role=""/>
  <member type="way" ref="1393996835" role=""/>
  <member type="way" ref="655816032" role=""/>
  <member type="way" ref="24471588" role=""/>
  <member type="way" ref="497866161" role=""/>
  <member type="way" ref="497866160" role=""/>
  <member type="way" ref="655494226" role=""/>
  <member type="way" ref="655494225" role=""/>
  <member type="way" ref="497866159" role=""/>
  <member type="way" ref="497866158" role=""/>
  <member type="way" ref="655282169" role=""/>
  <member type="way" ref="655282168" role=""/>
  <member type="way" ref="1393996831" role=""/>
  <member type="way" ref="655282171" role=""/>
  <member type="way" ref="24471427" role=""/>
  <member type="way" ref="1393996830" role=""/>
  <member type="way" ref="655282174" role=""/>
  <member type="way" ref="655282173" role=""/>
  <member type="way" ref="497866157" role=""/>
  <member type="way" ref="497866156" role=""/>
  <member type="way" ref="659837384" role=""/>
  <member type="way" ref="659837383" role=""/>
  <member type="way" ref="655138796" role=""/>
  <member type="way" ref="655138795" role=""/>
  <member type="way" ref="655138811" role=""/>
  <member type="way" ref="655138810" role=""/>
  <member type="way" ref="1364432850" role=""/>
  <member type="way" ref="1364432851" role=""/>
  <member type="way" ref="1364432852" role=""/>
  <member type="way" ref="1364432853" role=""/>
  <member type="way" ref="1364432854" role=""/>
  <member type="way" ref="1364432855" role=""/>
  <member type="way" ref="1393996827" role=""/>
  <member type="way" ref="1364427492" role=""/>
  <member type="way" ref="24471323" role=""/>
  <member type="way" ref="228029316" role=""/>
  <member type="way" ref="228029317" role=""/>
  <member type="way" ref="228029315" role=""/>
  <member type="way" ref="228029313" role=""/>
  <member type="way" ref="228029314" role=""/>
  <member type="way" ref="228203373" role=""/>
  <member type="way" ref="228203375" role=""/>
  <member type="way" ref="228203376" role=""/>
  <member type="way" ref="228203374" role=""/>
  <member type="way" ref="651120926" role=""/>
  <member type="way" ref="651120927" role=""/>
  <member type="way" ref="1364425284" role=""/>
  <member type="way" ref="1364425285" role=""/>
  <member type="way" ref="228204212" role=""/>
  <member type="way" ref="228204214" role=""/>
  <member type="way" ref="1393996829" role=""/>
  <member type="way" ref="1393996825" role=""/>
  <member type="way" ref="24471454" role=""/>
  <member type="way" ref="1393996828" role=""/>
  <member type="way" ref="672872901" role=""/>
  <member type="way" ref="672872903" role=""/>
  <member type="way" ref="672872905" role=""/>
  <member type="way" ref="672872904" role=""/>
  <member type="way" ref="497866155" role=""/>
  <member type="way" ref="497866154" role=""/>
  <member type="way" ref="415422401" role=""/>
  <member type="way" ref="415422400" role=""/>
  <member type="way" ref="1365672645" role=""/>
  <member type="way" ref="24471549" role=""/>
  <member type="way" ref="323368940" role=""/>
  <member type="way" ref="323368939" role=""/>
  <member type="way" ref="24471624" role=""/>
  <member type="way" ref="24471779" role=""/>
  <member type="way" ref="1393996819" role=""/>
  <member type="way" ref="741143554" role=""/>
  <member type="way" ref="741143555" role=""/>
  <member type="way" ref="658990357" role=""/>
  <member type="way" ref="658990358" role=""/>
  <member type="way" ref="182968089" role=""/>
  <member type="way" ref="182968086" role=""/>
  <member type="way" ref="24471780" role=""/>
  <member type="way" ref="182968087" role=""/>
  <member type="way" ref="182968085" role=""/>
  <member type="way" ref="182968088" role=""/>
  <member type="way" ref="182968084" role=""/>
  <member type="way" ref="24471550" role=""/>
  <member type="way" ref="1393996818" role=""/>
  <member type="way" ref="24471771" role=""/>
  <member type="way" ref="1365672673" role=""/>
  <member type="way" ref="1393996817" role=""/>
  <member type="way" ref="1365672674" role=""/>
  <member type="way" ref="24471563" role=""/>
  <member type="way" ref="601655496" role=""/>
  <member type="way" ref="601655497" role=""/>
  <member type="way" ref="24471448" role=""/>
  <member type="way" ref="1235720570" role=""/>
  <member type="way" ref="1235720572" role=""/>
  <member type="way" ref="1235720571" role=""/>
  <member type="way" ref="601655531" role=""/>
  <member type="way" ref="1235720569" role=""/>
  <member type="way" ref="601655502" role=""/>
  <member type="way" ref="601655508" role=""/>
  <member type="way" ref="601655530" role=""/>
  <member type="way" ref="24471758" role=""/>
  <member type="way" ref="665365748" role=""/>
  <member type="way" ref="665365750" role=""/>
  <member type="way" ref="665365749" role=""/>
  <member type="way" ref="665365751" role=""/>
  <member type="way" ref="1365521444" role=""/>
  <member type="way" ref="1365521443" role=""/>
  <member type="way" ref="24471465" role=""/>
  <member type="way" ref="24471756" role=""/>
  <member type="way" ref="1365521446" role=""/>
  <member type="way" ref="1365521447" role=""/>
  <member type="way" ref="1365521448" role=""/>
  <member type="way" ref="1365521445" role=""/>
  <member type="way" ref="1292130392" role=""/>
  <member type="way" ref="1292130393" role=""/>
  <member type="way" ref="1292130394" role=""/>
  <member type="way" ref="1292130395" role=""/>
  <member type="way" ref="24471318" role=""/>
  <member type="way" ref="1393996813" role=""/>
  <member type="way" ref="24471410" role=""/>
  <member type="way" ref="1291922212" role=""/>
  <member type="way" ref="1291922213" role=""/>
  <member type="way" ref="1119757830" role=""/>
  <member type="way" ref="1119757829" role=""/>
  <member type="way" ref="1119757828" role=""/>
  <member type="way" ref="1119757827" role=""/>
  <member type="way" ref="24471761" role=""/>
  <member type="way" ref="24471734" role=""/>
  <member type="way" ref="645592147" role=""/>
  <member type="way" ref="645592146" role=""/>
  <member type="way" ref="645591322" role=""/>
  <member type="way" ref="1291922207" role=""/>
  <member type="way" ref="1291922206" role=""/>
  <member type="way" ref="645591321" role=""/>
  <member type="way" ref="1291922205" role=""/>
  <member type="way" ref="1291922204" role=""/>
  <member type="way" ref="1393996810" role=""/>
  <member type="way" ref="24471456" role=""/>
  <member type="way" ref="1393996812" role=""/>
  <member type="way" ref="629871643" role=""/>
  <member type="way" ref="629871640" role=""/>
  <member type="way" ref="24471368" role=""/>
  <member type="way" ref="24471460" role=""/>
  <member type="way" ref="1236013911" role=""/>
  <member type="way" ref="1236013912" role=""/>
  <member type="way" ref="645586481" role=""/>
  <member type="way" ref="645586480" role=""/>
  <member type="way" ref="645587084" role=""/>
  <member type="way" ref="645587083" role=""/>
  <member type="way" ref="24471608" role=""/>
  <member type="way" ref="1365672657" role=""/>
  <member type="way" ref="1365672655" role=""/>
  <member type="way" ref="1365672656" role=""/>
  <member type="way" ref="24471419" role=""/>
  <member type="way" ref="1288541685" role=""/>
  <member type="way" ref="1288541686" role=""/>
  <member type="way" ref="1235731482" role=""/>
  <member type="way" ref="1235731481" role=""/>
  <member type="way" ref="665205625" role=""/>
  <member type="way" ref="24471687" role=""/>
  <member type="way" ref="645554620" role=""/>
  <member type="way" ref="1286702981" role=""/>
  <member type="way" ref="1286702982" role=""/>
  <member type="way" ref="645554619" role=""/>
  <member type="way" ref="1286703002" role=""/>
  <member type="way" ref="1393996806" role=""/>
  <member type="way" ref="24471409" role=""/>
  <member type="way" ref="1235805750" role=""/>
  <member type="way" ref="1235805752" role=""/>
  <member type="way" ref="1235805751" role=""/>
  <member type="way" ref="24471443" role=""/>
  <member type="way" ref="696803849" role=""/>
  <member type="way" ref="696803850" role=""/>
  <member type="way" ref="1317578578" role=""/>
  <member type="way" ref="1317578577" role=""/>
  <member type="way" ref="24471415" role=""/>
  <member type="way" ref="1328245987" role=""/>
  <member type="way" ref="1328245988" role=""/>
  <member type="way" ref="1325518558" role=""/>
  <member type="way" ref="1325518559" role=""/>
  <member type="way" ref="1323258449" role=""/>
  <member type="way" ref="1323258450" role=""/>
  <member type="way" ref="24471656" role=""/>
  <member type="way" ref="1308890190" role=""/>
  <member type="way" ref="1308890189" role=""/>
  <member type="way" ref="1304526530" role=""/>
  <member type="way" ref="1304526531" role=""/>
  <member type="way" ref="1393996802" role=""/>
  <member type="way" ref="577813576" role=""/>
  <member type="way" ref="1393996801" role=""/>
  <member type="way" ref="1393996804" role=""/>
  <member type="way" ref="577813577" role=""/>
  <member type="way" ref="24471400" role=""/>
  <member type="way" ref="1365698835" role=""/>
  <member type="way" ref="1365698834" role=""/>
  <member type="way" ref="1393996798" role=""/>
  <member type="way" ref="24471307" role=""/>
  <member type="way" ref="1365698816" role=""/>
  <member type="way" ref="1393996797" role=""/>
  <member type="way" ref="1365698817" role=""/>
  <member type="way" ref="665287760" role=""/>
  <member type="way" ref="1271765347" role=""/>
  <member type="way" ref="1271765348" role=""/>
  <member type="way" ref="1271765349" role=""/>
  <member type="way" ref="1271765350" role=""/>
  <member type="way" ref="665287761" role=""/>
  <member type="way" ref="665287763" role=""/>
  <member type="way" ref="665287762" role=""/>
  <member type="way" ref="665287764" role=""/>
  <member type="way" ref="665287765" role=""/>
  <member type="way" ref="665287766" role=""/>
  <member type="way" ref="665287767" role=""/>
  <member type="way" ref="665287768" role=""/>
  <member type="way" ref="665287769" role=""/>
  <member type="way" ref="665287770" role=""/>
  <member type="way" ref="665287771" role=""/>
  <member type="way" ref="1270694906" role=""/>
  <member type="way" ref="1270694907" role=""/>
  <member type="way" ref="1270694904" role=""/>
  <member type="way" ref="1270694905" role=""/>
  <member type="way" ref="24471644" role=""/>
  <member type="way" ref="24471473" role=""/>
  <member type="way" ref="1393996796" role=""/>
  <member type="way" ref="24471680" role=""/>
  <member type="way" ref="1270931342" role=""/>
  <member type="way" ref="1271019785" role=""/>
  <member type="way" ref="1271019781" role=""/>
  <member type="way" ref="1271019780" role=""/>
  <member type="way" ref="1271019783" role=""/>
  <member type="way" ref="1271019782" role=""/>
  <member type="way" ref="1271019784" role=""/>
  <member type="way" ref="1270931341" role=""/>
  <member type="way" ref="1044402970" role=""/>
  <member type="way" ref="1044402971" role=""/>
  <member type="way" ref="24471372" role=""/>
  <member type="way" ref="1393996793" role=""/>
  <member type="way" ref="24471731" role=""/>
  <member type="way" ref="1363834866" role=""/>
  <member type="way" ref="1393996794" role=""/>
  <member type="way" ref="1363834867" role=""/>
  <member type="way" ref="24471708" role=""/>
  <member type="way" ref="24471752" role=""/>
  <member type="way" ref="1204729836" role=""/>
  <member type="way" ref="1393996792" role=""/>
  <member type="way" ref="440541230" role=""/>
  <member type="way" ref="24471315" role=""/>
  <member type="way" ref="383795515" role=""/>
  <member type="way" ref="24471713" role=""/>
  <member type="way" ref="383708518" role=""/>
  <member type="way" ref="1393996790" role=""/>
  <member type="way" ref="1393996789" role=""/>
  <member type="way" ref="412871485" role=""/>
  <member type="way" ref="1205083425" role=""/>
  <member type="way" ref="412871481" role=""/>
  <member type="way" ref="659904351" role=""/>
  <member type="way" ref="146877426" role=""/>
  <member type="way" ref="383708517" role=""/>
  <member type="way" ref="383708515" role=""/>
  <member type="way" ref="383708516" role=""/>
  <member type="way" ref="1312164026" role=""/>
  <member type="way" ref="1314282476" role=""/>
  <member type="way" ref="24471457" role=""/>
  <member type="way" ref="1097441961" role=""/>
  <member type="way" ref="1393996785" role=""/>
  <member type="way" ref="1097441960" role=""/>
  <member type="way" ref="24471426" role=""/>
  <member type="way" ref="24471698" role=""/>
  <member type="way" ref="682230553" role=""/>
  <member type="way" ref="682230552" role=""/>
  <member type="way" ref="682246194" role=""/>
  <member type="way" ref="682246190" role=""/>
  <member type="way" ref="24471576" role=""/>
  <member type="way" ref="1393996784" role=""/>
  <member type="way" ref="1393996783" role=""/>
  <member type="way" ref="1443914325" role=""/>
  <member type="way" ref="1443914326" role=""/>
  <member type="way" ref="24471421" role=""/>
  <member type="way" ref="826325447" role=""/>
  <member type="way" ref="1267146437" role=""/>
  <member type="way" ref="1267146438" role=""/>
  <member type="way" ref="1393996782" role=""/>
  <member type="way" ref="1393996779" role=""/>
  <member type="way" ref="1393996781" role=""/>
  <member type="way" ref="826325446" role=""/>
  <member type="way" ref="1125520698" role=""/>
  <member type="way" ref="1125520699" role=""/>
  <member type="way" ref="24471397" role=""/>
  <member type="way" ref="826330905" role=""/>
  <member type="way" ref="1393996776" role=""/>
  <member type="way" ref="826330906" role=""/>
  <member type="way" ref="24471552" role=""/>
  <member type="way" ref="826330900" role=""/>
  <member type="way" ref="826330899" role=""/>
  <member type="way" ref="24471755" role=""/>
  <member type="way" ref="431516852" role=""/>
  <member type="way" ref="431516857" role=""/>
  <member type="way" ref="431516880" role=""/>
  <member type="way" ref="431516866" role=""/>
  <member type="way" ref="24471379" role=""/>
  <member type="way" ref="431516861" role=""/>
  <member type="way" ref="431516878" role=""/>
  <member type="way" ref="431516858" role=""/>
  <member type="way" ref="431516876" role=""/>
  <member type="way" ref="431516860" role=""/>
  <member type="way" ref="431516853" role=""/>
  <member type="way" ref="431516865" role=""/>
  <member type="way" ref="431516870" role=""/>
  <member type="way" ref="952170390" role=""/>
  <member type="way" ref="952170389" role=""/>
  <member type="way" ref="952170391" role=""/>
  <member type="way" ref="952170392" role=""/>
  <member type="way" ref="952170393" role=""/>
  <member type="way" ref="952170394" role=""/>
  <member type="way" ref="952170395" role=""/>
  <member type="way" ref="952170396" role=""/>
  <member type="way" ref="24471702" role=""/>
  <member type="way" ref="1393996774" role=""/>
  <member type="way" ref="24471776" role=""/>
  <member type="way" ref="1393996773" role=""/>
  <member type="way" ref="1346822391" role=""/>
  <member type="way" ref="1346822392" role=""/>
  <member type="way" ref="181212843" role=""/>
  <member type="way" ref="181212842" role=""/>
  <member type="way" ref="1393996764" role=""/>
  <member type="way" ref="412873647" role=""/>
  <member type="way" ref="1393996771" role=""/>
  <member type="way" ref="24471369" role=""/>
  <member type="way" ref="444123426" role=""/>
  <member type="way" ref="487391327" role=""/>
  <member type="way" ref="685641343" role=""/>
  <member type="way" ref="685641346" role=""/>
  <member type="way" ref="411893426" role=""/>
  <member type="way" ref="411893423" role=""/>
  <member type="way" ref="412873656" role=""/>
  <member type="way" ref="388884460" role=""/>
  <member type="way" ref="388884451" role=""/>
  <member type="way" ref="388884446" role=""/>
  <member type="way" ref="388884456" role=""/>
  <member type="way" ref="24471670" role=""/>
  <member type="way" ref="677372187" role=""/>
  <member type="way" ref="677372193" role=""/>
  <member type="way" ref="677372194" role=""/>
  <member type="way" ref="677372192" role=""/>
  <member type="way" ref="677372191" role=""/>
  <member type="way" ref="677372190" role=""/>
  <member type="way" ref="677372189" role=""/>
  <member type="way" ref="677372188" role=""/>
  <member type="way" ref="1240726129" role=""/>
  <member type="way" ref="1240726130" role=""/>
  <member type="way" ref="24471575" role=""/>
  <member type="way" ref="1238307319" role=""/>
  <member type="way" ref="1238307318" role=""/>
  <member type="way" ref="1393996759" role=""/>
  <member type="way" ref="1393996760" role=""/>
  <member type="way" ref="24471742" role=""/>
  <member type="way" ref="1393996757" role=""/>
  <member type="way" ref="1393996758" role=""/>
  <member type="way" ref="24471762" role=""/>
  <member type="way" ref="1273918749" role=""/>
  <member type="way" ref="1273918748" role=""/>
  <member type="way" ref="391840456" role=""/>
  <member type="way" ref="391840459" role=""/>
  <member type="way" ref="391840452" role=""/>
  <member type="way" ref="391840453" role=""/>
  <member type="way" ref="391840457" role=""/>
  <member type="way" ref="391840458" role=""/>
  <member type="way" ref="391840455" role=""/>
  <member type="way" ref="391840460" role=""/>
  <member type="way" ref="391840454" role=""/>
  <member type="way" ref="1457726890" role=""/>
  <member type="way" ref="1457726891" role=""/>
  <member type="way" ref="391840451" role=""/>
  <member type="way" ref="387639710" role=""/>
  <member type="way" ref="387639715" role=""/>
  <member type="way" ref="387639712" role=""/>
  <member type="way" ref="387639714" role=""/>
  <member type="way" ref="387639709" role=""/>
  <member type="way" ref="387639713" role=""/>
  <member type="way" ref="387639711" role=""/>
  <member type="way" ref="387639708" role=""/>
  <member type="way" ref="1393996752" role=""/>
  <member type="way" ref="413042575" role=""/>
  <member type="way" ref="413044296" role=""/>
  <member type="way" ref="413044295" role=""/>
  <member type="way" ref="413044626" role=""/>
  <member type="way" ref="413044627" role=""/>
  <member type="way" ref="1112400065" role=""/>
  <member type="way" ref="1112400064" role=""/>
  <member type="way" ref="1111191366" role=""/>
  <member type="way" ref="1111191367" role=""/>
  <member type="way" ref="397818307" role=""/>
  <member type="way" ref="397818304" role=""/>
  <member type="way" ref="656095764" role=""/>
  <member type="way" ref="1393996749" role=""/>
  <tag k="from" v="新山口"/>
  <tag k="from:en" v="Shin-Yamaguchi"/>
  <tag k="name" v="スーパーおき6号 (新山口 =&gt; 米子)"/>
  <tag k="name:en" v="Super Oki 6 (Shin-Yamaguchi =&gt; Yonago)"/>
  <tag k="name:ja" v="スーパーおき6号 (新山口 =&gt; 米子)"/>
  <tag k="operator" v="西日本旅客鉄道"/>
  <tag k="operator:en" v="West Japan Railway Company"/>
  <tag k="operator:ja" v="西日本旅客鉄道"/>
  <tag k="operator:wikidata" v="Q502125"/>
  <tag k="public_transport:version" v="2"/>
  <tag k="route" v="train"/>
  <tag k="to" v="米子"/>
  <tag k="to:en" v="Yonago"/>
  <tag k="type" v="route"/>
 </relation>
 <relation id="19235468" visible="true" version="8" changeset="176847209" timestamp="2026-01-05T06:46:16Z" user="tutuw002" uid="4531722">
  <member type="node" ref="5304078834" role="stop"/>
  <member type="way" ref="648002727" role="platform"/>
  <member type="node" ref="266067441" role="stop"/>
  <member type="way" ref="1393996844" role="platform"/>
  <member type="node" ref="266065854" role="stop"/>
  <member type="way" ref="1365528595" role="platform"/>
  <member type="node" ref="12657801975" role="stop"/>
  <member type="way" ref="1366729990" role="platform"/>
  <member type="node" ref="266064112" role="stop"/>
  <member type="way" ref="315687331" role="platform"/>
  <member type="node" ref="12903226324" role="stop"/>
  <member type="way" ref="562355863" role="platform"/>
  <member type="node" ref="266064505" role="stop"/>
  <member type="way" ref="823018839" role="platform"/>
  <member type="node" ref="266062936" role="stop"/>
  <member type="way" ref="1364444136" role="platform"/>
  <member type="node" ref="266026224" role="stop"/>
  <member type="way" ref="1364425278" role="platform"/>
  <member type="node" ref="6938547817" role="stop"/>
  <member type="way" ref="1365686900" role="platform"/>
  <member type="node" ref="266080821" role="stop"/>
  <member type="way" ref="1365521451" role="platform"/>
  <member type="node" ref="12903211887" role="stop"/>
  <member type="way" ref="1365698824" role="platform"/>
  <member type="node" ref="4142012270" role="stop"/>
  <member type="way" ref="1267319460" role="platform"/>
  <member type="node" ref="1575760247" role="stop"/>
  <member type="way" ref="826325435" role="platform"/>
  <member type="node" ref="4142062505" role="stop"/>
  <member type="way" ref="413041746" role="platform"/>
  <member type="node" ref="4143745100" role="stop"/>
  <member type="way" ref="1393996753" role="platform"/>
  <member type="node" ref="6146443219" role="stop"/>
  <member type="way" ref="143996320" role="platform"/>
  <member type="way" ref="549070622" role=""/>
  <member type="way" ref="1393996877" role=""/>
  <member type="way" ref="1393996875" role=""/>
  <member type="way" ref="24474063" role=""/>
  <member type="way" ref="24474024" role=""/>
  <member type="way" ref="315875890" role=""/>
  <member type="way" ref="315875892" role=""/>
  <member type="way" ref="959908483" role=""/>
  <member type="way" ref="959908482" role=""/>
  <member type="way" ref="24474060" role=""/>
  <member type="way" ref="1433957454" role=""/>
  <member type="way" ref="1433957453" role=""/>
  <member type="way" ref="24474013" role=""/>
  <member type="way" ref="24474054" role=""/>
  <member type="way" ref="812593482" role=""/>
  <member type="way" ref="812593483" role=""/>
  <member type="way" ref="812593484" role=""/>
  <member type="way" ref="812593485" role=""/>
  <member type="way" ref="1019175867" role=""/>
  <member type="way" ref="24474032" role=""/>
  <member type="way" ref="812819778" role=""/>
  <member type="way" ref="812819777" role=""/>
  <member type="way" ref="812819773" role=""/>
  <member type="way" ref="812819772" role=""/>
  <member type="way" ref="24474041" role=""/>
  <member type="way" ref="1393996871" role=""/>
  <member type="way" ref="1393996870" role=""/>
  <member type="way" ref="692244352" role=""/>
  <member type="way" ref="692244347" role=""/>
  <member type="way" ref="283108772" role=""/>
  <member type="way" ref="283108771" role=""/>
  <member type="way" ref="24474050" role=""/>
  <member type="way" ref="24474009" role=""/>
  <member type="way" ref="24474051" role=""/>
  <member type="way" ref="291719498" role=""/>
  <member type="way" ref="1435248152" role=""/>
  <member type="way" ref="1435248151" role=""/>
  <member type="way" ref="291719499" role=""/>
  <member type="way" ref="24474034" role=""/>
  <member type="way" ref="24474057" role=""/>
  <member type="way" ref="1393996869" role=""/>
  <member type="way" ref="24474044" role=""/>
  <member type="way" ref="24474008" role=""/>
  <member type="way" ref="325171619" role=""/>
  <member type="way" ref="325171620" role=""/>
  <member type="way" ref="24474047" role=""/>
  <member type="way" ref="816708948" role=""/>
  <member type="way" ref="528945182" role=""/>
  <member type="way" ref="528945183" role=""/>
  <member type="way" ref="528945184" role=""/>
  <member type="way" ref="528945185" role=""/>
  <member type="way" ref="1393996863" role=""/>
  <member type="way" ref="24474033" role=""/>
  <member type="way" ref="24474039" role=""/>
  <member type="way" ref="24474026" role=""/>
  <member type="way" ref="1393996862" role=""/>
  <member type="way" ref="528945181" role=""/>
  <member type="way" ref="528945180" role=""/>
  <member type="way" ref="528945178" role=""/>
  <member type="way" ref="528945179" role=""/>
  <member type="way" ref="528945177" role=""/>
  <member type="way" ref="528945176" role=""/>
  <member type="way" ref="528945175" role=""/>
  <member type="way" ref="528945174" role=""/>
  <member type="way" ref="528945172" role=""/>
  <member type="way" ref="528945173" role=""/>
  <member type="way" ref="698801859" role=""/>
  <member type="way" ref="698801858" role=""/>
  <member type="way" ref="698801861" role=""/>
  <member type="way" ref="698801860" role=""/>
  <member type="way" ref="1393996861" role=""/>
  <member type="way" ref="24474046" role=""/>
  <member type="way" ref="698801865" role=""/>
  <member type="way" ref="698801864" role=""/>
  <member type="way" ref="24474037" role=""/>
  <member type="way" ref="698416292" role=""/>
  <member type="way" ref="698416291" role=""/>
  <member type="way" ref="24474030" role=""/>
  <member type="way" ref="698416296" role=""/>
  <member type="way" ref="698416295" role=""/>
  <member type="way" ref="24474040" role=""/>
  <member type="way" ref="698416303" role=""/>
  <member type="way" ref="698416302" role=""/>
  <member type="way" ref="698416300" role=""/>
  <member type="way" ref="698416301" role=""/>
  <member type="way" ref="697900229" role=""/>
  <member type="way" ref="697900228" role=""/>
  <member type="way" ref="24474062" role=""/>
  <member type="way" ref="24474015" role=""/>
  <member type="way" ref="1366729989" role=""/>
  <member type="way" ref="1393996859" role=""/>
  <member type="way" ref="696285746" role=""/>
  <member type="way" ref="696285747" role=""/>
  <member type="way" ref="24474049" role=""/>
  <member type="way" ref="24474017" role=""/>
  <member type="way" ref="24474027" role=""/>
  <member type="way" ref="1366729984" role=""/>
  <member type="way" ref="699391889" role=""/>
  <member type="way" ref="699391890" role=""/>
  <member type="way" ref="24474023" role=""/>
  <member type="way" ref="699531017" role=""/>
  <member type="way" ref="699531018" role=""/>
  <member type="way" ref="24474056" role=""/>
  <member type="way" ref="699531974" role=""/>
  <member type="way" ref="699531975" role=""/>
  <member type="way" ref="24474064" role=""/>
  <member type="way" ref="24474022" role=""/>
  <member type="way" ref="1393996857" role=""/>
  <member type="way" ref="700748070" role=""/>
  <member type="way" ref="700748069" role=""/>
  <member type="way" ref="24474031" role=""/>
  <member type="way" ref="24474025" role=""/>
  <member type="way" ref="700983297" role=""/>
  <member type="way" ref="700983296" role=""/>
  <member type="way" ref="24474052" role=""/>
  <member type="way" ref="1317003311" role=""/>
  <member type="way" ref="1317003312" role=""/>
  <member type="way" ref="1317003315" role=""/>
  <member type="way" ref="1317003314" role=""/>
  <member type="way" ref="1317003317" role=""/>
  <member type="way" ref="1317003316" role=""/>
  <member type="way" ref="1317003319" role=""/>
  <member type="way" ref="1317003318" role=""/>
  <member type="way" ref="1314526685" role=""/>
  <member type="way" ref="1314526684" role=""/>
  <member type="way" ref="517504023" role=""/>
  <member type="way" ref="517504022" role=""/>
  <member type="way" ref="517474008" role=""/>
  <member type="way" ref="517474002" role=""/>
  <member type="way" ref="517473982" role=""/>
  <member type="way" ref="24474014" role=""/>
  <member type="way" ref="1393996855" role=""/>
  <member type="way" ref="1393996853" role=""/>
  <member type="way" ref="1393996854" role=""/>
  <member type="way" ref="688837511" role=""/>
  <member type="way" ref="688837471" role=""/>
  <member type="way" ref="688837470" role=""/>
  <member type="way" ref="688837477" role=""/>
  <member type="way" ref="688837473" role=""/>
  <member type="way" ref="688837503" role=""/>
  <member type="way" ref="688837492" role=""/>
  <member type="way" ref="24474058" role=""/>
  <member type="way" ref="24474011" role=""/>
  <member type="way" ref="720089706" role=""/>
  <member type="way" ref="720089707" role=""/>
  <member type="way" ref="1393996851" role=""/>
  <member type="way" ref="1393996850" role=""/>
  <member type="way" ref="715637222" role=""/>
  <member type="way" ref="719104026" role=""/>
  <member type="way" ref="718761053" role=""/>
  <member type="way" ref="715637218" role=""/>
  <member type="way" ref="715637217" role=""/>
  <member type="way" ref="715637220" role=""/>
  <member type="way" ref="715637219" role=""/>
  <member type="way" ref="715637221" role=""/>
  <member type="way" ref="24474059" role=""/>
  <member type="way" ref="24474035" role=""/>
  <member type="way" ref="715599554" role=""/>
  <member type="way" ref="715599555" role=""/>
  <member type="way" ref="24474036" role=""/>
  <member type="way" ref="713569233" role=""/>
  <member type="way" ref="713569234" role=""/>
  <member type="way" ref="24474038" role=""/>
  <member type="way" ref="713569236" role=""/>
  <member type="way" ref="713569235" role=""/>
  <member type="way" ref="24474019" role=""/>
  <member type="way" ref="667981489" role=""/>
  <member type="way" ref="667981488" role=""/>
  <member type="way" ref="1393996847" role=""/>
  <member type="way" ref="24474010" role=""/>
  <member type="way" ref="1393996846" role=""/>
  <member type="way" ref="667356354" role=""/>
  <member type="way" ref="667356353" role=""/>
  <member type="way" ref="667356352" role=""/>
  <member type="way" ref="667356351" role=""/>
  <member type="way" ref="667356350" role=""/>
  <member type="way" ref="667356349" role=""/>
  <member type="way" ref="667356346" role=""/>
  <member type="way" ref="667356345" role=""/>
  <member type="way" ref="667356344" role=""/>
  <member type="way" ref="667356343" role=""/>
  <member type="way" ref="24474028" role=""/>
  <member type="way" ref="24474018" role=""/>
  <member type="way" ref="666218370" role=""/>
  <member type="way" ref="666218366" role=""/>
  <member type="way" ref="666218365" role=""/>
  <member type="way" ref="666218368" role=""/>
  <member type="way" ref="666218367" role=""/>
  <member type="way" ref="666218369" role=""/>
  <member type="way" ref="24474061" role=""/>
  <member type="way" ref="888799780" role=""/>
  <member type="way" ref="586377723" role=""/>
  <member type="way" ref="24474043" role=""/>
  <member type="way" ref="659904327" role=""/>
  <member type="way" ref="669943704" role=""/>
  <member type="way" ref="1364444132" role=""/>
  <member type="way" ref="1364444131" role=""/>
  <member type="way" ref="669943705" role=""/>
  <member type="way" ref="579764012" role=""/>
  <member type="way" ref="662777948" role=""/>
  <member type="way" ref="662777949" role=""/>
  <member type="way" ref="662264915" role=""/>
  <member type="way" ref="662264916" role=""/>
  <member type="way" ref="1393996841" role=""/>
  <member type="way" ref="658627485" role=""/>
  <member type="way" ref="661060786" role=""/>
  <member type="way" ref="661060785" role=""/>
  <member type="way" ref="658627484" role=""/>
  <member type="way" ref="658627487" role=""/>
  <member type="way" ref="658627486" role=""/>
  <member type="way" ref="24471367" role=""/>
  <member type="way" ref="1364437355" role=""/>
  <member type="way" ref="1393996840" role=""/>
  <member type="way" ref="657230621" role=""/>
  <member type="way" ref="24471615" role=""/>
  <member type="way" ref="1364436415" role=""/>
  <member type="way" ref="1393996838" role=""/>
  <member type="way" ref="656881466" role=""/>
  <member type="way" ref="1364436420" role=""/>
  <member type="way" ref="1364436419" role=""/>
  <member type="way" ref="1393996837" role=""/>
  <member type="way" ref="505161469" role=""/>
  <member type="way" ref="505161465" role=""/>
  <member type="way" ref="505161466" role=""/>
  <member type="way" ref="505161464" role=""/>
  <member type="way" ref="656881473" role=""/>
  <member type="way" ref="656881475" role=""/>
  <member type="way" ref="656881472" role=""/>
  <member type="way" ref="656881474" role=""/>
  <member type="way" ref="505161467" role=""/>
  <member type="way" ref="505161468" role=""/>
  <member type="way" ref="415048514" role=""/>
  <member type="way" ref="415048510" role=""/>
  <member type="way" ref="656386311" role=""/>
  <member type="way" ref="656386310" role=""/>
  <member type="way" ref="656386313" role=""/>
  <member type="way" ref="656386312" role=""/>
  <member type="way" ref="415048520" role=""/>
  <member type="way" ref="415048509" role=""/>
  <member type="way" ref="415034960" role=""/>
  <member type="way" ref="415034953" role=""/>
  <member type="way" ref="655816026" role=""/>
  <member type="way" ref="1393996834" role=""/>
  <member type="way" ref="1393996833" role=""/>
  <member type="way" ref="1364432856" role=""/>
  <member type="way" ref="1393996835" role=""/>
  <member type="way" ref="655816032" role=""/>
  <member type="way" ref="24471588" role=""/>
  <member type="way" ref="497866161" role=""/>
  <member type="way" ref="497866160" role=""/>
  <member type="way" ref="655494226" role=""/>
  <member type="way" ref="655494225" role=""/>
  <member type="way" ref="497866159" role=""/>
  <member type="way" ref="497866158" role=""/>
  <member type="way" ref="655282169" role=""/>
  <member type="way" ref="655282168" role=""/>
  <member type="way" ref="1393996831" role=""/>
  <member type="way" ref="655282171" role=""/>
  <member type="way" ref="24471427" role=""/>
  <member type="way" ref="1393996830" role=""/>
  <member type="way" ref="655282174" role=""/>
  <member type="way" ref="655282173" role=""/>
  <member type="way" ref="497866157" role=""/>
  <member type="way" ref="497866156" role=""/>
  <member type="way" ref="659837384" role=""/>
  <member type="way" ref="659837383" role=""/>
  <member type="way" ref="655138796" role=""/>
  <member type="way" ref="655138795" role=""/>
  <member type="way" ref="655138811" role=""/>
  <member type="way" ref="655138810" role=""/>
  <member type="way" ref="1364432850" role=""/>
  <member type="way" ref="1364432851" role=""/>
  <member type="way" ref="1364432852" role=""/>
  <member type="way" ref="1364432853" role=""/>
  <member type="way" ref="1364432854" role=""/>
  <member type="way" ref="1364432855" role=""/>
  <member type="way" ref="1393996827" role=""/>
  <member type="way" ref="1364427492" role=""/>
  <member type="way" ref="24471323" role=""/>
  <member type="way" ref="228029316" role=""/>
  <member type="way" ref="228029317" role=""/>
  <member type="way" ref="228029315" role=""/>
  <member type="way" ref="228029313" role=""/>
  <member type="way" ref="228029314" role=""/>
  <member type="way" ref="228203373" role=""/>
  <member type="way" ref="228203375" role=""/>
  <member type="way" ref="228203376" role=""/>
  <member type="way" ref="228203374" role=""/>
  <member type="way" ref="651120926" role=""/>
  <member type="way" ref="651120927" role=""/>
  <member type="way" ref="1364425284" role=""/>
  <member type="way" ref="1364425285" role=""/>
  <member type="way" ref="228204212" role=""/>
  <member type="way" ref="228204214" role=""/>
  <member type="way" ref="1393996829" role=""/>
  <member type="way" ref="1393996825" role=""/>
  <member type="way" ref="24471454" role=""/>
  <member type="way" ref="1393996828" role=""/>
  <member type="way" ref="672872901" role=""/>
  <member type="way" ref="672872903" role=""/>
  <member type="way" ref="672872905" role=""/>
  <member type="way" ref="672872904" role=""/>
  <member type="way" ref="497866155" role=""/>
  <member type="way" ref="497866154" role=""/>
  <member type="way" ref="415422401" role=""/>
  <member type="way" ref="415422400" role=""/>
  <member type="way" ref="1365672645" role=""/>
  <member type="way" ref="24471549" role=""/>
  <member type="way" ref="323368940" role=""/>
  <member type="way" ref="323368939" role=""/>
  <member type="way" ref="24471624" role=""/>
  <member type="way" ref="24471779" role=""/>
  <member type="way" ref="1393996819" role=""/>
  <member type="way" ref="741143554" role=""/>
  <member type="way" ref="741143555" role=""/>
  <member type="way" ref="658990357" role=""/>
  <member type="way" ref="658990358" role=""/>
  <member type="way" ref="182968089" role=""/>
  <member type="way" ref="182968086" role=""/>
  <member type="way" ref="24471780" role=""/>
  <member type="way" ref="182968087" role=""/>
  <member type="way" ref="182968085" role=""/>
  <member type="way" ref="182968088" role=""/>
  <member type="way" ref="182968084" role=""/>
  <member type="way" ref="24471550" role=""/>
  <member type="way" ref="1393996818" role=""/>
  <member type="way" ref="24471771" role=""/>
  <member type="way" ref="1365672673" role=""/>
  <member type="way" ref="1393996817" role=""/>
  <member type="way" ref="1365672674" role=""/>
  <member type="way" ref="24471563" role=""/>
  <member type="way" ref="601655496" role=""/>
  <member type="way" ref="601655497" role=""/>
  <member type="way" ref="24471448" role=""/>
  <member type="way" ref="1235720570" role=""/>
  <member type="way" ref="1235720572" role=""/>
  <member type="way" ref="1235720571" role=""/>
  <member type="way" ref="601655531" role=""/>
  <member type="way" ref="1235720569" role=""/>
  <member type="way" ref="601655502" role=""/>
  <member type="way" ref="601655508" role=""/>
  <member type="way" ref="601655530" role=""/>
  <member type="way" ref="24471758" role=""/>
  <member type="way" ref="665365748" role=""/>
  <member type="way" ref="665365750" role=""/>
  <member type="way" ref="665365749" role=""/>
  <member type="way" ref="665365751" role=""/>
  <member type="way" ref="1365521444" role=""/>
  <member type="way" ref="1365521443" role=""/>
  <member type="way" ref="24471465" role=""/>
  <member type="way" ref="24471756" role=""/>
  <member type="way" ref="1365521446" role=""/>
  <member type="way" ref="1365521447" role=""/>
  <member type="way" ref="1365521448" role=""/>
  <member type="way" ref="1365521445" role=""/>
  <member type="way" ref="1292130392" role=""/>
  <member type="way" ref="1292130393" role=""/>
  <member type="way" ref="1292130394" role=""/>
  <member type="way" ref="1292130395" role=""/>
  <member type="way" ref="24471318" role=""/>
  <member type="way" ref="1393996813" role=""/>
  <member type="way" ref="24471410" role=""/>
  <member type="way" ref="1291922212" role=""/>
  <member type="way" ref="1291922213" role=""/>
  <member type="way" ref="1119757830" role=""/>
  <member type="way" ref="1119757829" role=""/>
  <member type="way" ref="1119757828" role=""/>
  <member type="way" ref="1119757827" role=""/>
  <member type="way" ref="24471761" role=""/>
  <member type="way" ref="24471734" role=""/>
  <member type="way" ref="645592147" role=""/>
  <member type="way" ref="645592146" role=""/>
  <member type="way" ref="645591322" role=""/>
  <member type="way" ref="1291922207" role=""/>
  <member type="way" ref="1291922206" role=""/>
  <member type="way" ref="645591321" role=""/>
  <member type="way" ref="1291922205" role=""/>
  <member type="way" ref="1291922204" role=""/>
  <member type="way" ref="1393996810" role=""/>
  <member type="way" ref="24471456" role=""/>
  <member type="way" ref="1393996812" role=""/>
  <member type="way" ref="629871643" role=""/>
  <member type="way" ref="629871640" role=""/>
  <member type="way" ref="24471368" role=""/>
  <member type="way" ref="24471460" role=""/>
  <member type="way" ref="1236013911" role=""/>
  <member type="way" ref="1236013912" role=""/>
  <member type="way" ref="645586481" role=""/>
  <member type="way" ref="645586480" role=""/>
  <member type="way" ref="645587084" role=""/>
  <member type="way" ref="645587083" role=""/>
  <member type="way" ref="24471608" role=""/>
  <member type="way" ref="1365672657" role=""/>
  <member type="way" ref="1365672655" role=""/>
  <member type="way" ref="1365672656" role=""/>
  <member type="way" ref="24471419" role=""/>
  <member type="way" ref="1288541685" role=""/>
  <member type="way" ref="1288541686" role=""/>
  <member type="way" ref="1235731482" role=""/>
  <member type="way" ref="1235731481" role=""/>
  <member type="way" ref="665205625" role=""/>
  <member type="way" ref="24471687" role=""/>
  <member type="way" ref="645554620" role=""/>
  <member type="way" ref="1286702981" role=""/>
  <member type="way" ref="1286702982" role=""/>
  <member type="way" ref="645554619" role=""/>
  <member type="way" ref="1286703002" role=""/>
  <member type="way" ref="1393996806" role=""/>
  <member type="way" ref="24471409" role=""/>
  <member type="way" ref="1235805750" role=""/>
  <member type="way" ref="1235805752" role=""/>
  <member type="way" ref="1235805751" role=""/>
  <member type="way" ref="24471443" role=""/>
  <member type="way" ref="696803849" role=""/>
  <member type="way" ref="696803850" role=""/>
  <member type="way" ref="1317578578" role=""/>
  <member type="way" ref="1317578577" role=""/>
  <member type="way" ref="24471415" role=""/>
  <member type="way" ref="1328245987" role=""/>
  <member type="way" ref="1328245988" role=""/>
  <member type="way" ref="1325518558" role=""/>
  <member type="way" ref="1325518559" role=""/>
  <member type="way" ref="1323258449" role=""/>
  <member type="way" ref="1323258450" role=""/>
  <member type="way" ref="24471656" role=""/>
  <member type="way" ref="1308890190" role=""/>
  <member type="way" ref="1308890189" role=""/>
  <member type="way" ref="1304526530" role=""/>
  <member type="way" ref="1304526531" role=""/>
  <member type="way" ref="1393996802" role=""/>
  <member type="way" ref="577813576" role=""/>
  <member type="way" ref="1393996801" role=""/>
  <member type="way" ref="1393996804" role=""/>
  <member type="way" ref="577813577" role=""/>
  <member type="way" ref="24471400" role=""/>
  <member type="way" ref="1365698835" role=""/>
  <member type="way" ref="1365698834" role=""/>
  <member type="way" ref="1393996798" role=""/>
  <member type="way" ref="24471307" role=""/>
  <member type="way" ref="1365698816" role=""/>
  <member type="way" ref="1393996797" role=""/>
  <member type="way" ref="1365698817" role=""/>
  <member type="way" ref="665287760" role=""/>
  <member type="way" ref="1271765347" role=""/>
  <member type="way" ref="1271765348" role=""/>
  <member type="way" ref="1271765349" role=""/>
  <member type="way" ref="1271765350" role=""/>
  <member type="way" ref="665287761" role=""/>
  <member type="way" ref="665287763" role=""/>
  <member type="way" ref="665287762" role=""/>
  <member type="way" ref="665287764" role=""/>
  <member type="way" ref="665287765" role=""/>
  <member type="way" ref="665287766" role=""/>
  <member type="way" ref="665287767" role=""/>
  <member type="way" ref="665287768" role=""/>
  <member type="way" ref="665287769" role=""/>
  <member type="way" ref="665287770" role=""/>
  <member type="way" ref="665287771" role=""/>
  <member type="way" ref="1270694906" role=""/>
  <member type="way" ref="1270694907" role=""/>
  <member type="way" ref="1270694904" role=""/>
  <member type="way" ref="1270694905" role=""/>
  <member type="way" ref="24471644" role=""/>
  <member type="way" ref="24471473" role=""/>
  <member type="way" ref="1393996796" role=""/>
  <member type="way" ref="24471680" role=""/>
  <member type="way" ref="1270931342" role=""/>
  <member type="way" ref="1271019785" role=""/>
  <member type="way" ref="1271019781" role=""/>
  <member type="way" ref="1271019780" role=""/>
  <member type="way" ref="1271019783" role=""/>
  <member type="way" ref="1271019782" role=""/>
  <member type="way" ref="1271019784" role=""/>
  <member type="way" ref="1270931341" role=""/>
  <member type="way" ref="1044402970" role=""/>
  <member type="way" ref="1044402971" role=""/>
  <member type="way" ref="24471372" role=""/>
  <member type="way" ref="1393996793" role=""/>
  <member type="way" ref="24471731" role=""/>
  <member type="way" ref="1363834866" role=""/>
  <member type="way" ref="1393996794" role=""/>
  <member type="way" ref="1363834867" role=""/>
  <member type="way" ref="24471708" role=""/>
  <member type="way" ref="24471752" role=""/>
  <member type="way" ref="1204729836" role=""/>
  <member type="way" ref="1393996792" role=""/>
  <member type="way" ref="440541230" role=""/>
  <member type="way" ref="24471315" role=""/>
  <member type="way" ref="383795515" role=""/>
  <member type="way" ref="24471713" role=""/>
  <member type="way" ref="383708518" role=""/>
  <member type="way" ref="1393996790" role=""/>
  <member type="way" ref="1393996789" role=""/>
  <member type="way" ref="412871485" role=""/>
  <member type="way" ref="1205083425" role=""/>
  <member type="way" ref="412871481" role=""/>
  <member type="way" ref="659904351" role=""/>
  <member type="way" ref="146877426" role=""/>
  <member type="way" ref="383708517" role=""/>
  <member type="way" ref="383708515" role=""/>
  <member type="way" ref="383708516" role=""/>
  <member type="way" ref="1312164026" role=""/>
  <member type="way" ref="1314282476" role=""/>
  <member type="way" ref="24471457" role=""/>
  <member type="way" ref="1097441961" role=""/>
  <member type="way" ref="1393996785" role=""/>
  <member type="way" ref="1097441960" role=""/>
  <member type="way" ref="24471426" role=""/>
  <member type="way" ref="24471698" role=""/>
  <member type="way" ref="682230553" role=""/>
  <member type="way" ref="682230552" role=""/>
  <member type="way" ref="682246194" role=""/>
  <member type="way" ref="682246190" role=""/>
  <member type="way" ref="24471576" role=""/>
  <member type="way" ref="1393996784" role=""/>
  <member type="way" ref="1393996783" role=""/>
  <member type="way" ref="1443914325" role=""/>
  <member type="way" ref="1443914326" role=""/>
  <member type="way" ref="24471421" role=""/>
  <member type="way" ref="826325447" role=""/>
  <member type="way" ref="1267146437" role=""/>
  <member type="way" ref="1267146438" role=""/>
  <member type="way" ref="1393996782" role=""/>
  <member type="way" ref="1393996779" role=""/>
  <member type="way" ref="1393996781" role=""/>
  <member type="way" ref="826325446" role=""/>
  <member type="way" ref="1125520698" role=""/>
  <member type="way" ref="1125520699" role=""/>
  <member type="way" ref="24471397" role=""/>
  <member type="way" ref="826330905" role=""/>
  <member type="way" ref="1393996776" role=""/>
  <member type="way" ref="826330906" role=""/>
  <member type="way" ref="24471552" role=""/>
  <member type="way" ref="826330900" role=""/>
  <member type="way" ref="826330899" role=""/>
  <member type="way" ref="24471755" role=""/>
  <member type="way" ref="431516852" role=""/>
  <member type="way" ref="431516857" role=""/>
  <member type="way" ref="431516880" role=""/>
  <member type="way" ref="431516866" role=""/>
  <member type="way" ref="24471379" role=""/>
  <member type="way" ref="431516861" role=""/>
  <member type="way" ref="431516878" role=""/>
  <member type="way" ref="431516858" role=""/>
  <member type="way" ref="431516876" role=""/>
  <member type="way" ref="431516860" role=""/>
  <member type="way" ref="431516853" role=""/>
  <member type="way" ref="431516865" role=""/>
  <member type="way" ref="431516870" role=""/>
  <member type="way" ref="952170390" role=""/>
  <member type="way" ref="952170389" role=""/>
  <member type="way" ref="952170391" role=""/>
  <member type="way" ref="952170392" role=""/>
  <member type="way" ref="952170393" role=""/>
  <member type="way" ref="952170394" role=""/>
  <member type="way" ref="952170395" role=""/>
  <member type="way" ref="952170396" role=""/>
  <member type="way" ref="24471702" role=""/>
  <member type="way" ref="1393996774" role=""/>
  <member type="way" ref="24471776" role=""/>
  <member type="way" ref="1393996773" role=""/>
  <member type="way" ref="1346822391" role=""/>
  <member type="way" ref="1346822392" role=""/>
  <member type="way" ref="181212843" role=""/>
  <member type="way" ref="181212842" role=""/>
  <member type="way" ref="1393996764" role=""/>
  <member type="way" ref="412873647" role=""/>
  <member type="way" ref="1393996771" role=""/>
  <member type="way" ref="24471369" role=""/>
  <member type="way" ref="444123426" role=""/>
  <member type="way" ref="487391327" role=""/>
  <member type="way" ref="685641343" role=""/>
  <member type="way" ref="685641346" role=""/>
  <member type="way" ref="411893426" role=""/>
  <member type="way" ref="411893423" role=""/>
  <member type="way" ref="412873656" role=""/>
  <member type="way" ref="388884460" role=""/>
  <member type="way" ref="388884451" role=""/>
  <member type="way" ref="388884446" role=""/>
  <member type="way" ref="388884456" role=""/>
  <member type="way" ref="24471670" role=""/>
  <member type="way" ref="677372187" role=""/>
  <member type="way" ref="677372193" role=""/>
  <member type="way" ref="677372194" role=""/>
  <member type="way" ref="677372192" role=""/>
  <member type="way" ref="677372191" role=""/>
  <member type="way" ref="677372190" role=""/>
  <member type="way" ref="677372189" role=""/>
  <member type="way" ref="677372188" role=""/>
  <member type="way" ref="1240726129" role=""/>
  <member type="way" ref="1240726130" role=""/>
  <member type="way" ref="24471575" role=""/>
  <member type="way" ref="1238307319" role=""/>
  <member type="way" ref="1238307318" role=""/>
  <member type="way" ref="1393996759" role=""/>
  <member type="way" ref="1393996760" role=""/>
  <member type="way" ref="24471742" role=""/>
  <member type="way" ref="1393996757" role=""/>
  <member type="way" ref="1393996758" role=""/>
  <member type="way" ref="24471762" role=""/>
  <member type="way" ref="1273918749" role=""/>
  <member type="way" ref="1273918748" role=""/>
  <member type="way" ref="391840456" role=""/>
  <member type="way" ref="391840459" role=""/>
  <member type="way" ref="391840452" role=""/>
  <member type="way" ref="391840453" role=""/>
  <member type="way" ref="391840457" role=""/>
  <member type="way" ref="391840458" role=""/>
  <member type="way" ref="391840455" role=""/>
  <member type="way" ref="391840460" role=""/>
  <member type="way" ref="391840454" role=""/>
  <member type="way" ref="1457726890" role=""/>
  <member type="way" ref="1457726891" role=""/>
  <member type="way" ref="391840451" role=""/>
  <member type="way" ref="387639710" role=""/>
  <member type="way" ref="387639715" role=""/>
  <member type="way" ref="387639712" role=""/>
  <member type="way" ref="387639714" role=""/>
  <member type="way" ref="387639709" role=""/>
  <member type="way" ref="387639713" role=""/>
  <member type="way" ref="387639711" role=""/>
  <member type="way" ref="387639708" role=""/>
  <member type="way" ref="1393996752" role=""/>
  <member type="way" ref="413042575" role=""/>
  <member type="way" ref="413044296" role=""/>
  <member type="way" ref="413044295" role=""/>
  <member type="way" ref="413044626" role=""/>
  <member type="way" ref="413044627" role=""/>
  <member type="way" ref="1112400065" role=""/>
  <member type="way" ref="1112400064" role=""/>
  <member type="way" ref="1111191366" role=""/>
  <member type="way" ref="1111191367" role=""/>
  <member type="way" ref="397818307" role=""/>
  <member type="way" ref="397818304" role=""/>
  <member type="way" ref="656095764" role=""/>
  <member type="way" ref="1393996749" role=""/>
  <tag k="from" v="新山口"/>
  <tag k="from:en" v="Shin-Yamaguchi"/>
  <tag k="name" v="スーパーおき2号 (新山口 =&gt; 米子)"/>
  <tag k="name:en" v="Super Oki 2 (Shin-Yamaguchi =&gt; Yonago)"/>
  <tag k="name:ja" v="スーパーおき2号 (新山口 =&gt; 米子)"/>
  <tag k="operator" v="西日本旅客鉄道"/>
  <tag k="operator:en" v="West Japan Railway Company"/>
  <tag k="operator:ja" v="西日本旅客鉄道"/>
  <tag k="operator:wikidata" v="Q502125"/>
  <tag k="public_transport:version" v="2"/>
  <tag k="route" v="train"/>
  <tag k="to" v="米子"/>
  <tag k="to:en" v="Yonago"/>
  <tag k="type" v="route"/>
 </relation>
 <relation id="19235469" visible="true" version="6" changeset="175794347" timestamp="2025-12-11T09:56:34Z" user="takana_zuke" uid="5903655">
  <member type="node" ref="3944303073" role="stop"/>
  <member type="way" ref="398284214" role="platform"/>
  <member type="node" ref="265968972" role="stop"/>
  <member type="way" ref="1016082312" role="platform"/>
  <member type="node" ref="9385939605" role="stop"/>
  <member type="way" ref="1017593590" role="platform"/>
  <member type="node" ref="6146443218" role="stop"/>
  <member type="way" ref="1266821832" role="platform"/>
  <member type="node" ref="4143745096" role="stop"/>
  <member type="way" ref="1393996754" role="platform"/>
  <member type="node" ref="4142062506" role="stop"/>
  <member type="way" ref="413041747" role="platform"/>
  <member type="node" ref="265971754" role="stop"/>
  <member type="way" ref="1273925823" role="platform"/>
  <member type="node" ref="4142012271" role="stop"/>
  <member type="way" ref="1267319459" role="platform"/>
  <member type="node" ref="12903211888" role="stop"/>
  <member type="way" ref="1365698825" role="platform"/>
  <member type="node" ref="12647034369" role="stop"/>
  <member type="way" ref="1365672670" role="platform"/>
  <member type="node" ref="12645290034" role="stop"/>
  <member type="way" ref="1365521449" role="platform"/>
  <member type="node" ref="265996729" role="stop"/>
  <member type="way" ref="1365686900" role="platform"/>
  <member type="node" ref="12903211893" role="stop"/>
  <member type="way" ref="1364425279" role="platform"/>
  <member type="node" ref="265996506" role="stop"/>
  <member type="way" ref="1364432862" role="platform"/>
  <member type="node" ref="266062936" role="stop"/>
  <member type="way" ref="1364444136" role="platform"/>
  <member type="node" ref="266064505" role="stop"/>
  <member type="way" ref="823018838" role="platform"/>
  <member type="node" ref="12638338815" role="stop"/>
  <member type="way" ref="562355863" role="platform"/>
  <member type="node" ref="12657758696" role="stop"/>
  <member type="way" ref="315687331" role="platform"/>
  <member type="node" ref="266065272" role="stop"/>
  <member type="way" ref="1366729990" role="platform"/>
  <member type="node" ref="12903226331" role="stop"/>
  <member type="way" ref="1365528596" role="platform"/>
  <member type="node" ref="266067441" role="stop"/>
  <member type="way" ref="1393996844" role="platform"/>
  <member type="node" ref="5304078834" role="stop"/>
  <member type="way" ref="648002727" role="platform"/>
  <member type="way" ref="391227288" role=""/>
  <member type="way" ref="392553389" role=""/>
  <member type="way" ref="392553386" role=""/>
  <member type="way" ref="1393996713" role=""/>
  <member type="way" ref="392551715" role=""/>
  <member type="way" ref="392553385" role=""/>
  <member type="way" ref="414304378" role=""/>
  <member type="way" ref="414304377" role=""/>
  <member type="way" ref="414304375" role=""/>
  <member type="way" ref="414304376" role=""/>
  <member type="way" ref="392945330" role=""/>
  <member type="way" ref="392945329" role=""/>
  <member type="way" ref="392552593" role=""/>
  <member type="way" ref="392552594" role=""/>
  <member type="way" ref="392945145" role=""/>
  <member type="way" ref="392945147" role=""/>
  <member type="way" ref="392945146" role=""/>
  <member type="way" ref="382765521" role=""/>
  <member type="way" ref="24471634" role=""/>
  <member type="way" ref="1015915839" role=""/>
  <member type="way" ref="1015915838" role=""/>
  <member type="way" ref="437016031" role=""/>
  <member type="way" ref="437016032" role=""/>
  <member type="way" ref="24471783" role=""/>
  <member type="way" ref="24471407" role=""/>
  <member type="way" ref="1393996716" role=""/>
  <member type="way" ref="24471356" role=""/>
  <member type="way" ref="1016082386" role=""/>
  <member type="way" ref="1016082387" role=""/>
  <member type="way" ref="24471786" role=""/>
  <member type="way" ref="762924122" role=""/>
  <member type="way" ref="762924123" role=""/>
  <member type="way" ref="595631113" role=""/>
  <member type="way" ref="1016082388" role=""/>
  <member type="way" ref="1016082389" role=""/>
  <member type="way" ref="595631117" role=""/>
  <member type="way" ref="399977450" role=""/>
  <member type="way" ref="399977451" role=""/>
  <member type="way" ref="399977453" role=""/>
  <member type="way" ref="399977452" role=""/>
  <member type="way" ref="789962985" role=""/>
  <member type="way" ref="789962984" role=""/>
  <member type="way" ref="595631125" role=""/>
  <member type="way" ref="1016082398" role=""/>
  <member type="way" ref="1016082399" role=""/>
  <member type="way" ref="595631132" role=""/>
  <member type="way" ref="1016514640" role=""/>
  <member type="way" ref="1016514639" role=""/>
  <member type="way" ref="764370755" role=""/>
  <member type="way" ref="764370754" role=""/>
  <member type="way" ref="595631133" role=""/>
  <member type="way" ref="1016514645" role=""/>
  <member type="way" ref="1016514646" role=""/>
  <member type="way" ref="595631134" role=""/>
  <member type="way" ref="595631135" role=""/>
  <member type="way" ref="1393996720" role=""/>
  <member type="way" ref="1393996717" role=""/>
  <member type="way" ref="399989947" role=""/>
  <member type="way" ref="1393996718" role=""/>
  <member type="way" ref="1393996719" role=""/>
  <member type="way" ref="399989959" role=""/>
  <member type="way" ref="399989964" role=""/>
  <member type="way" ref="399989973" role=""/>
  <member type="way" ref="1016514661" role=""/>
  <member type="way" ref="1016514662" role=""/>
  <member type="way" ref="399989968" role=""/>
  <member type="way" ref="428052771" role=""/>
  <member type="way" ref="1016514663" role=""/>
  <member type="way" ref="1016514666" role=""/>
  <member type="way" ref="1016514665" role=""/>
  <member type="way" ref="1016514664" role=""/>
  <member type="way" ref="428052772" role=""/>
  <member type="way" ref="399991767" role=""/>
  <member type="way" ref="1016514667" role=""/>
  <member type="way" ref="1016514668" role=""/>
  <member type="way" ref="399991758" role=""/>
  <member type="way" ref="1393996721" role=""/>
  <member type="way" ref="24471671" role=""/>
  <member type="way" ref="1393996722" role=""/>
  <member type="way" ref="1016514681" role=""/>
  <member type="way" ref="1016514682" role=""/>
  <member type="way" ref="1016514683" role=""/>
  <member type="way" ref="1016514684" role=""/>
  <member type="way" ref="24471792" role=""/>
  <member type="way" ref="1016514686" role=""/>
  <member type="way" ref="1016514685" role=""/>
  <member type="way" ref="400003838" role=""/>
  <member type="way" ref="400003837" role=""/>
  <member type="way" ref="400003839" role=""/>
  <member type="way" ref="400003840" role=""/>
  <member type="way" ref="400003841" role=""/>
  <member type="way" ref="1016514687" role=""/>
  <member type="way" ref="1016514688" role=""/>
  <member type="way" ref="1016514691" role=""/>
  <member type="way" ref="1016514692" role=""/>
  <member type="way" ref="1016514689" role=""/>
  <member type="way" ref="1016514690" role=""/>
  <member type="way" ref="400003842" role=""/>
  <member type="way" ref="1016514700" role=""/>
  <member type="way" ref="1016514699" role=""/>
  <member type="way" ref="595490224" role=""/>
  <member type="way" ref="1393996723" role=""/>
  <member type="way" ref="24471396" role=""/>
  <member type="way" ref="24471789" role=""/>
  <member type="way" ref="1393996724" role=""/>
  <member type="way" ref="1016576100" role=""/>
  <member type="way" ref="1016576099" role=""/>
  <member type="way" ref="1016576102" role=""/>
  <member type="way" ref="1016576101" role=""/>
  <member type="way" ref="594347961" role=""/>
  <member type="way" ref="433840756" role=""/>
  <member type="way" ref="433840757" role=""/>
  <member type="way" ref="433839194" role=""/>
  <member type="way" ref="433839196" role=""/>
  <member type="way" ref="400027209" role=""/>
  <member type="way" ref="400027213" role=""/>
  <member type="way" ref="594347973" role=""/>
  <member type="way" ref="594347993" role=""/>
  <member type="way" ref="594347994" role=""/>
  <member type="way" ref="1393996725" role=""/>
  <member type="way" ref="24471710" role=""/>
  <member type="way" ref="1393996726" role=""/>
  <member type="way" ref="594226989" role=""/>
  <member type="way" ref="1016576183" role=""/>
  <member type="way" ref="594226986" role=""/>
  <member type="way" ref="594226988" role=""/>
  <member type="way" ref="450250753" role=""/>
  <member type="way" ref="450250751" role=""/>
  <member type="way" ref="1017299602" role=""/>
  <member type="way" ref="1017299603" role=""/>
  <member type="way" ref="453426108" role=""/>
  <member type="way" ref="453426109" role=""/>
  <member type="way" ref="453426110" role=""/>
  <member type="way" ref="453426107" role=""/>
  <member type="way" ref="24471540" role=""/>
  <member type="way" ref="1393996727" role=""/>
  <member type="way" ref="24471375" role=""/>
  <member type="way" ref="1017299623" role=""/>
  <member type="way" ref="1017299624" role=""/>
  <member type="way" ref="450194553" role=""/>
  <member type="way" ref="1017299628" role=""/>
  <member type="way" ref="1017299629" role=""/>
  <member type="way" ref="593932185" role=""/>
  <member type="way" ref="450194552" role=""/>
  <member type="way" ref="1017299644" role=""/>
  <member type="way" ref="1017299645" role=""/>
  <member type="way" ref="450194555" role=""/>
  <member type="way" ref="450194554" role=""/>
  <member type="way" ref="593922460" role=""/>
  <member type="way" ref="1017299659" role=""/>
  <member type="way" ref="1017299660" role=""/>
  <member type="way" ref="593922461" role=""/>
  <member type="way" ref="1017299658" role=""/>
  <member type="way" ref="449686900" role=""/>
  <member type="way" ref="449686899" role=""/>
  <member type="way" ref="397892988" role=""/>
  <member type="way" ref="397889542" role=""/>
  <member type="way" ref="659904339" role=""/>
  <member type="way" ref="1393996728" role=""/>
  <member type="way" ref="1393996731" role=""/>
  <member type="way" ref="659904336" role=""/>
  <member type="way" ref="449678469" role=""/>
  <member type="way" ref="1017593586" role=""/>
  <member type="way" ref="1017593585" role=""/>
  <member type="way" ref="383517125" role=""/>
  <member type="way" ref="1018231412" role=""/>
  <member type="way" ref="1018231413" role=""/>
  <member type="way" ref="1018231414" role=""/>
  <member type="way" ref="1018231415" role=""/>
  <member type="way" ref="1018231416" role=""/>
  <member type="way" ref="1018231417" role=""/>
  <member type="way" ref="24471635" role=""/>
  <member type="way" ref="1393996732" role=""/>
  <member type="way" ref="24471640" role=""/>
  <member type="way" ref="1393996733" role=""/>
  <member type="way" ref="24471641" role=""/>
  <member type="way" ref="560994280" role=""/>
  <member type="way" ref="560994281" role=""/>
  <member type="way" ref="1393996734" role=""/>
  <member type="way" ref="24471374" role=""/>
  <member type="way" ref="1393996735" role=""/>
  <member type="way" ref="24471707" role=""/>
  <member type="way" ref="593248974" role=""/>
  <member type="way" ref="593248969" role=""/>
  <member type="way" ref="413392163" role=""/>
  <member type="way" ref="1393996737" role=""/>
  <member type="way" ref="1114949149" role=""/>
  <member type="way" ref="1114949148" role=""/>
  <member type="way" ref="24471388" role=""/>
  <member type="way" ref="1391351186" role=""/>
  <member type="way" ref="1391351184" role=""/>
  <member type="way" ref="1391351185" role=""/>
  <member type="way" ref="593209554" role=""/>
  <member type="way" ref="1391351161" role=""/>
  <member type="way" ref="1391351160" role=""/>
  <member type="way" ref="24471775" role=""/>
  <member type="way" ref="1393996738" role=""/>
  <member type="way" ref="24471622" role=""/>
  <member type="way" ref="1393996739" role=""/>
  <member type="way" ref="24471781" role=""/>
  <member type="way" ref="1026269662" role=""/>
  <member type="way" ref="1026269661" role=""/>
  <member type="way" ref="1115677175" role=""/>
  <member type="way" ref="1115677174" role=""/>
  <member type="way" ref="593195609" role=""/>
  <member type="way" ref="1115677177" role=""/>
  <member type="way" ref="1115677176" role=""/>
  <member type="way" ref="593195610" role=""/>
  <member type="way" ref="1115677145" role=""/>
  <member type="way" ref="1115677144" role=""/>
  <member type="way" ref="24471398" role=""/>
  <member type="way" ref="24471565" role=""/>
  <member type="way" ref="1115677132" role=""/>
  <member type="way" ref="1115677131" role=""/>
  <member type="way" ref="1393996740" role=""/>
  <member type="way" ref="24471754" role=""/>
  <member type="way" ref="593043756" role=""/>
  <member type="way" ref="593043763" role=""/>
  <member type="way" ref="1115677090" role=""/>
  <member type="way" ref="24471721" role=""/>
  <member type="way" ref="1393996741" role=""/>
  <member type="way" ref="24471598" role=""/>
  <member type="way" ref="24471461" role=""/>
  <member type="way" ref="24471747" role=""/>
  <member type="way" ref="556458331" role=""/>
  <member type="way" ref="556458328" role=""/>
  <member type="way" ref="24471679" role=""/>
  <member type="way" ref="1115542501" role=""/>
  <member type="way" ref="1115542502" role=""/>
  <member type="way" ref="1393996742" role=""/>
  <member type="way" ref="1393996743" role=""/>
  <member type="way" ref="1115691480" role=""/>
  <member type="way" ref="1350633348" role=""/>
  <member type="way" ref="1350633347" role=""/>
  <member type="way" ref="1350633346" role=""/>
  <member type="way" ref="1350633345" role=""/>
  <member type="way" ref="1115691481" role=""/>
  <member type="way" ref="24471355" role=""/>
  <member type="way" ref="1393996744" role=""/>
  <member type="way" ref="1393996745" role=""/>
  <member type="way" ref="1080208162" role=""/>
  <member type="way" ref="1080208163" role=""/>
  <member type="way" ref="24471618" role=""/>
  <member type="way" ref="1108941361" role=""/>
  <member type="way" ref="1108941360" role=""/>
  <member type="way" ref="1107992940" role=""/>
  <member type="way" ref="1107992939" role=""/>
  <member type="way" ref="1107888086" role=""/>
  <member type="way" ref="1107888085" role=""/>
  <member type="way" ref="1393996746" role=""/>
  <member type="way" ref="1393996747" role=""/>
  <member type="way" ref="387992390" role=""/>
  <member type="way" ref="412529097" role=""/>
  <member type="way" ref="412529099" role=""/>
  <member type="way" ref="385660733" role=""/>
  <member type="way" ref="24471357" role=""/>
  <member type="way" ref="24471390" role=""/>
  <member type="way" ref="1266821817" role=""/>
  <member type="way" ref="1266821816" role=""/>
  <member type="way" ref="656095771" role=""/>
  <member type="way" ref="1393996711" role=""/>
  <member type="way" ref="1266821813" role=""/>
  <member type="way" ref="397815264" role=""/>
  <member type="way" ref="1266821812" role=""/>
  <member type="way" ref="397818301" role=""/>
  <member type="way" ref="397826291" role=""/>
  <member type="way" ref="1111191365" role=""/>
  <member type="way" ref="1111191368" role=""/>
  <member type="way" ref="1112400062" role=""/>
  <member type="way" ref="1112400063" role=""/>
  <member type="way" ref="385334722" role=""/>
  <member type="way" ref="385334723" role=""/>
  <member type="way" ref="24471337" role=""/>
  <member type="way" ref="387525437" role=""/>
  <member type="way" ref="387525438" role=""/>
  <member type="way" ref="387456400" role=""/>
  <member type="way" ref="387525435" role=""/>
  <member type="way" ref="387525436" role=""/>
  <member type="way" ref="387456399" role=""/>
  <member type="way" ref="413042574" role=""/>
  <member type="way" ref="1393996751" role=""/>
  <member type="way" ref="1393996750" role=""/>
  <member type="way" ref="387639708" role=""/>
  <member type="way" ref="387639711" role=""/>
  <member type="way" ref="387639713" role=""/>
  <member type="way" ref="387639709" role=""/>
  <member type="way" ref="387639714" role=""/>
  <member type="way" ref="387639712" role=""/>
  <member type="way" ref="387639715" role=""/>
  <member type="way" ref="387639710" role=""/>
  <member type="way" ref="1457726890" role=""/>
  <member type="way" ref="1457726891" role=""/>
  <member type="way" ref="391840451" role=""/>
  <member type="way" ref="391840454" role=""/>
  <member type="way" ref="391840460" role=""/>
  <member type="way" ref="391840455" role=""/>
  <member type="way" ref="391840458" role=""/>
  <member type="way" ref="391840457" role=""/>
  <member type="way" ref="391840453" role=""/>
  <member type="way" ref="391840452" role=""/>
  <member type="way" ref="391840459" role=""/>
  <member type="way" ref="391840456" role=""/>
  <member type="way" ref="1273918748" role=""/>
  <member type="way" ref="1273918749" role=""/>
  <member type="way" ref="24471762" role=""/>
  <member type="way" ref="1273918744" role=""/>
  <member type="way" ref="1238307318" role=""/>
  <member type="way" ref="1238307319" role=""/>
  <member type="way" ref="24471575" role=""/>
  <member type="way" ref="1240726130" role=""/>
  <member type="way" ref="1240726129" role=""/>
  <member type="way" ref="1393996762" role=""/>
  <member type="way" ref="388988332" role=""/>
  <member type="way" ref="388988330" role=""/>
  <member type="way" ref="388988331" role=""/>
  <member type="way" ref="388988333" role=""/>
  <member type="way" ref="677372196" role=""/>
  <member type="way" ref="677372195" role=""/>
  <member type="way" ref="24471402" role=""/>
  <member type="way" ref="1393996763" role=""/>
  <member type="way" ref="24471670" role=""/>
  <member type="way" ref="388884456" role=""/>
  <member type="way" ref="388884446" role=""/>
  <member type="way" ref="388884451" role=""/>
  <member type="way" ref="388884460" role=""/>
  <member type="way" ref="659904348" role=""/>
  <member type="way" ref="24471449" role=""/>
  <member type="way" ref="24471589" role=""/>
  <member type="way" ref="412873650" role=""/>
  <member type="way" ref="412873654" role=""/>
  <member type="way" ref="685641353" role=""/>
  <member type="way" ref="685641351" role=""/>
  <member type="way" ref="487391332" role=""/>
  <member type="way" ref="412873641" role=""/>
  <member type="way" ref="444123445" role=""/>
  <member type="way" ref="412873639" role=""/>
  <member type="way" ref="1393996768" role=""/>
  <member type="way" ref="1393996767" role=""/>
  <member type="way" ref="1393996766" role=""/>
  <member type="way" ref="181212842" role=""/>
  <member type="way" ref="181212843" role=""/>
  <member type="way" ref="1346822392" role=""/>
  <member type="way" ref="1346822391" role=""/>
  <member type="way" ref="1393996773" role=""/>
  <member type="way" ref="24471776" role=""/>
  <member type="way" ref="1393996774" role=""/>
  <member type="way" ref="24471702" role=""/>
  <member type="way" ref="1393996775" role=""/>
  <member type="way" ref="24471568" role=""/>
  <member type="way" ref="431135852" role=""/>
  <member type="way" ref="431135844" role=""/>
  <member type="way" ref="431135847" role=""/>
  <member type="way" ref="431135850" role=""/>
  <member type="way" ref="24471596" role=""/>
  <member type="way" ref="431516863" role=""/>
  <member type="way" ref="431516871" role=""/>
  <member type="way" ref="431516856" role=""/>
  <member type="way" ref="431516881" role=""/>
  <member type="way" ref="431516879" role=""/>
  <member type="way" ref="431516873" role=""/>
  <member type="way" ref="431516872" role=""/>
  <member type="way" ref="431516862" role=""/>
  <member type="way" ref="431516864" role=""/>
  <member type="way" ref="431516875" role=""/>
  <member type="way" ref="431516869" role=""/>
  <member type="way" ref="677209028" role=""/>
  <member type="way" ref="677209027" role=""/>
  <member type="way" ref="431516874" role=""/>
  <member type="way" ref="431516867" role=""/>
  <member type="way" ref="24471749" role=""/>
  <member type="way" ref="431516868" role=""/>
  <member type="way" ref="431516877" role=""/>
  <member type="way" ref="431516855" role=""/>
  <member type="way" ref="431645475" role=""/>
  <member type="way" ref="431645477" role=""/>
  <member type="way" ref="431645476" role=""/>
  <member type="way" ref="431516851" role=""/>
  <member type="way" ref="826330901" role=""/>
  <member type="way" ref="826330902" role=""/>
  <member type="way" ref="431645478" role=""/>
  <member type="way" ref="1393996776" role=""/>
  <member type="way" ref="826330905" role=""/>
  <member type="way" ref="24471397" role=""/>
  <member type="way" ref="1125520699" role=""/>
  <member type="way" ref="1125520698" role=""/>
  <member type="way" ref="826325446" role=""/>
  <member type="way" ref="1393996781" role=""/>
  <member type="way" ref="1393996779" role=""/>
  <member type="way" ref="1393996782" role=""/>
  <member type="way" ref="1267146438" role=""/>
  <member type="way" ref="1267146437" role=""/>
  <member type="way" ref="826325447" role=""/>
  <member type="way" ref="24471421" role=""/>
  <member type="way" ref="1443914326" role=""/>
  <member type="way" ref="1443914325" role=""/>
  <member type="way" ref="1393996783" role=""/>
  <member type="way" ref="1393996784" role=""/>
  <member type="way" ref="24471576" role=""/>
  <member type="way" ref="682246190" role=""/>
  <member type="way" ref="682246194" role=""/>
  <member type="way" ref="682230552" role=""/>
  <member type="way" ref="682230553" role=""/>
  <member type="way" ref="24471743" role=""/>
  <member type="way" ref="1393996785" role=""/>
  <member type="way" ref="1097441961" role=""/>
  <member type="way" ref="24471457" role=""/>
  <member type="way" ref="1314282476" role=""/>
  <member type="way" ref="1312164026" role=""/>
  <member type="way" ref="383708516" role=""/>
  <member type="way" ref="383708515" role=""/>
  <member type="way" ref="383708517" role=""/>
  <member type="way" ref="146877426" role=""/>
  <member type="way" ref="659904351" role=""/>
  <member type="way" ref="659904350" role=""/>
  <member type="way" ref="412871484" role=""/>
  <member type="way" ref="1393996787" role=""/>
  <member type="way" ref="1204729840" role=""/>
  <member type="way" ref="1204729837" role=""/>
  <member type="way" ref="383708518" role=""/>
  <member type="way" ref="24471713" role=""/>
  <member type="way" ref="383795515" role=""/>
  <member type="way" ref="24471315" role=""/>
  <member type="way" ref="1393996791" role=""/>
  <member type="way" ref="1393996792" role=""/>
  <member type="way" ref="1204729836" role=""/>
  <member type="way" ref="24471752" role=""/>
  <member type="way" ref="24471708" role=""/>
  <member type="way" ref="1363834867" role=""/>
  <member type="way" ref="1393996794" role=""/>
  <member type="way" ref="1363834866" role=""/>
  <member type="way" ref="24471731" role=""/>
  <member type="way" ref="1393996793" role=""/>
  <member type="way" ref="24471372" role=""/>
  <member type="way" ref="1044402971" role=""/>
  <member type="way" ref="1044402970" role=""/>
  <member type="way" ref="1270931341" role=""/>
  <member type="way" ref="1271019784" role=""/>
  <member type="way" ref="1271019782" role=""/>
  <member type="way" ref="1271019783" role=""/>
  <member type="way" ref="1271019780" role=""/>
  <member type="way" ref="1271019781" role=""/>
  <member type="way" ref="1271019785" role=""/>
  <member type="way" ref="1270931342" role=""/>
  <member type="way" ref="24471680" role=""/>
  <member type="way" ref="1393996796" role=""/>
  <member type="way" ref="24471473" role=""/>
  <member type="way" ref="24471644" role=""/>
  <member type="way" ref="1270694905" role=""/>
  <member type="way" ref="1270694904" role=""/>
  <member type="way" ref="1270694907" role=""/>
  <member type="way" ref="1270694906" role=""/>
  <member type="way" ref="665287771" role=""/>
  <member type="way" ref="665287770" role=""/>
  <member type="way" ref="665287769" role=""/>
  <member type="way" ref="665287768" role=""/>
  <member type="way" ref="665287767" role=""/>
  <member type="way" ref="665287766" role=""/>
  <member type="way" ref="665287765" role=""/>
  <member type="way" ref="665287764" role=""/>
  <member type="way" ref="665287762" role=""/>
  <member type="way" ref="665287763" role=""/>
  <member type="way" ref="665287761" role=""/>
  <member type="way" ref="1271765350" role=""/>
  <member type="way" ref="1271765349" role=""/>
  <member type="way" ref="1271765348" role=""/>
  <member type="way" ref="1271765347" role=""/>
  <member type="way" ref="665287760" role=""/>
  <member type="way" ref="1365698817" role=""/>
  <member type="way" ref="1393996797" role=""/>
  <member type="way" ref="1365698816" role=""/>
  <member type="way" ref="24471307" role=""/>
  <member type="way" ref="1393996798" role=""/>
  <member type="way" ref="1365698834" role=""/>
  <member type="way" ref="1365698835" role=""/>
  <member type="way" ref="24471400" role=""/>
  <member type="way" ref="1393996800" role=""/>
  <member type="way" ref="1393996805" role=""/>
  <member type="way" ref="1304526531" role=""/>
  <member type="way" ref="1304526530" role=""/>
  <member type="way" ref="1308890189" role=""/>
  <member type="way" ref="1308890190" role=""/>
  <member type="way" ref="24471656" role=""/>
  <member type="way" ref="1323258450" role=""/>
  <member type="way" ref="1323258449" role=""/>
  <member type="way" ref="1325518559" role=""/>
  <member type="way" ref="1325518558" role=""/>
  <member type="way" ref="1328245988" role=""/>
  <member type="way" ref="1328245987" role=""/>
  <member type="way" ref="24471415" role=""/>
  <member type="way" ref="1317578577" role=""/>
  <member type="way" ref="1317578578" role=""/>
  <member type="way" ref="696803850" role=""/>
  <member type="way" ref="696803849" role=""/>
  <member type="way" ref="24471443" role=""/>
  <member type="way" ref="1235805751" role=""/>
  <member type="way" ref="1235805752" role=""/>
  <member type="way" ref="1235805750" role=""/>
  <member type="way" ref="1365698826" role=""/>
  <member type="way" ref="1393996806" role=""/>
  <member type="way" ref="1286703002" role=""/>
  <member type="way" ref="645554619" role=""/>
  <member type="way" ref="1286702982" role=""/>
  <member type="way" ref="1286702981" role=""/>
  <member type="way" ref="645554620" role=""/>
  <member type="way" ref="24471687" role=""/>
  <member type="way" ref="665205625" role=""/>
  <member type="way" ref="1235731481" role=""/>
  <member type="way" ref="1235731482" role=""/>
  <member type="way" ref="1288541686" role=""/>
  <member type="way" ref="1288541685" role=""/>
  <member type="way" ref="24471419" role=""/>
  <member type="way" ref="1365672656" role=""/>
  <member type="way" ref="1365672655" role=""/>
  <member type="way" ref="1393996809" role=""/>
  <member type="way" ref="24471610" role=""/>
  <member type="way" ref="24471608" role=""/>
  <member type="way" ref="645587083" role=""/>
  <member type="way" ref="645587084" role=""/>
  <member type="way" ref="645586480" role=""/>
  <member type="way" ref="645586481" role=""/>
  <member type="way" ref="1236013912" role=""/>
  <member type="way" ref="1236013911" role=""/>
  <member type="way" ref="24471460" role=""/>
  <member type="way" ref="24471368" role=""/>
  <member type="way" ref="629871640" role=""/>
  <member type="way" ref="629871643" role=""/>
  <member type="way" ref="1393996811" role=""/>
  <member type="way" ref="1365672666" role=""/>
  <member type="way" ref="1291922204" role=""/>
  <member type="way" ref="1291922205" role=""/>
  <member type="way" ref="645591321" role=""/>
  <member type="way" ref="1291922206" role=""/>
  <member type="way" ref="1291922207" role=""/>
  <member type="way" ref="645591322" role=""/>
  <member type="way" ref="645592146" role=""/>
  <member type="way" ref="645592147" role=""/>
  <member type="way" ref="24471734" role=""/>
  <member type="way" ref="24471761" role=""/>
  <member type="way" ref="1119757827" role=""/>
  <member type="way" ref="1119757828" role=""/>
  <member type="way" ref="1119757829" role=""/>
  <member type="way" ref="1119757830" role=""/>
  <member type="way" ref="1291922213" role=""/>
  <member type="way" ref="1291922212" role=""/>
  <member type="way" ref="24471410" role=""/>
  <member type="way" ref="577868140" role=""/>
  <member type="way" ref="1292130395" role=""/>
  <member type="way" ref="1292130394" role=""/>
  <member type="way" ref="1292130393" role=""/>
  <member type="way" ref="1292130392" role=""/>
  <member type="way" ref="1365521445" role=""/>
  <member type="way" ref="1365521448" role=""/>
  <member type="way" ref="1365521447" role=""/>
  <member type="way" ref="1365521446" role=""/>
  <member type="way" ref="24471756" role=""/>
  <member type="way" ref="24471465" role=""/>
  <member type="way" ref="1365521443" role=""/>
  <member type="way" ref="1365521444" role=""/>
  <member type="way" ref="665365751" role=""/>
  <member type="way" ref="665365749" role=""/>
  <member type="way" ref="665365750" role=""/>
  <member type="way" ref="665365748" role=""/>
  <member type="way" ref="24471758" role=""/>
  <member type="way" ref="601655530" role=""/>
  <member type="way" ref="601655508" role=""/>
  <member type="way" ref="601655502" role=""/>
  <member type="way" ref="1235720569" role=""/>
  <member type="way" ref="601655531" role=""/>
  <member type="way" ref="1235720571" role=""/>
  <member type="way" ref="1235720572" role=""/>
  <member type="way" ref="1235720570" role=""/>
  <member type="way" ref="1365521437" role=""/>
  <member type="way" ref="1393996815" role=""/>
  <member type="way" ref="601655497" role=""/>
  <member type="way" ref="601655496" role=""/>
  <member type="way" ref="24471563" role=""/>
  <member type="way" ref="1365672674" role=""/>
  <member type="way" ref="1393996817" role=""/>
  <member type="way" ref="1365672672" role=""/>
  <member type="way" ref="24471550" role=""/>
  <member type="way" ref="182968084" role=""/>
  <member type="way" ref="182968088" role=""/>
  <member type="way" ref="182968085" role=""/>
  <member type="way" ref="182968087" role=""/>
  <member type="way" ref="24471780" role=""/>
  <member type="way" ref="182968086" role=""/>
  <member type="way" ref="182968089" role=""/>
  <member type="way" ref="658990358" role=""/>
  <member type="way" ref="658990357" role=""/>
  <member type="way" ref="1393996820" role=""/>
  <member type="way" ref="24471405" role=""/>
  <member type="way" ref="24471779" role=""/>
  <member type="way" ref="24471624" role=""/>
  <member type="way" ref="323368939" role=""/>
  <member type="way" ref="323368940" role=""/>
  <member type="way" ref="24471549" role=""/>
  <member type="way" ref="1393996822" role=""/>
  <member type="way" ref="24471313" role=""/>
  <member type="way" ref="1393996821" role=""/>
  <member type="way" ref="415422400" role=""/>
  <member type="way" ref="415422401" role=""/>
  <member type="way" ref="497866154" role=""/>
  <member type="way" ref="497866155" role=""/>
  <member type="way" ref="672872904" role=""/>
  <member type="way" ref="672872905" role=""/>
  <member type="way" ref="672872903" role=""/>
  <member type="way" ref="672872901" role=""/>
  <member type="way" ref="1393996828" role=""/>
  <member type="way" ref="672877391" role=""/>
  <member type="way" ref="1393996824" role=""/>
  <member type="way" ref="1393996829" role=""/>
  <member type="way" ref="228204214" role=""/>
  <member type="way" ref="228204212" role=""/>
  <member type="way" ref="1364425285" role=""/>
  <member type="way" ref="1364425284" role=""/>
  <member type="way" ref="651120927" role=""/>
  <member type="way" ref="651120926" role=""/>
  <member type="way" ref="228203374" role=""/>
  <member type="way" ref="228203376" role=""/>
  <member type="way" ref="228203375" role=""/>
  <member type="way" ref="228203373" role=""/>
  <member type="way" ref="228029314" role=""/>
  <member type="way" ref="228029313" role=""/>
  <member type="way" ref="228029315" role=""/>
  <member type="way" ref="228029317" role=""/>
  <member type="way" ref="228029316" role=""/>
  <member type="way" ref="24471323" role=""/>
  <member type="way" ref="1393996826" role=""/>
  <member type="way" ref="1393996827" role=""/>
  <member type="way" ref="1364432855" role=""/>
  <member type="way" ref="1364432854" role=""/>
  <member type="way" ref="1364432853" role=""/>
  <member type="way" ref="1364432852" role=""/>
  <member type="way" ref="1364432851" role=""/>
  <member type="way" ref="1364432850" role=""/>
  <member type="way" ref="655138810" role=""/>
  <member type="way" ref="655138811" role=""/>
  <member type="way" ref="655138795" role=""/>
  <member type="way" ref="655138796" role=""/>
  <member type="way" ref="659837383" role=""/>
  <member type="way" ref="659837384" role=""/>
  <member type="way" ref="497866156" role=""/>
  <member type="way" ref="497866157" role=""/>
  <member type="way" ref="655282173" role=""/>
  <member type="way" ref="655282174" role=""/>
  <member type="way" ref="1393996830" role=""/>
  <member type="way" ref="1364432838" role=""/>
  <member type="way" ref="1364432840" role=""/>
  <member type="way" ref="1364432839" role=""/>
  <member type="way" ref="655282168" role=""/>
  <member type="way" ref="655282169" role=""/>
  <member type="way" ref="497866158" role=""/>
  <member type="way" ref="497866159" role=""/>
  <member type="way" ref="655494225" role=""/>
  <member type="way" ref="655494226" role=""/>
  <member type="way" ref="497866160" role=""/>
  <member type="way" ref="497866161" role=""/>
  <member type="way" ref="24471588" role=""/>
  <member type="way" ref="655816032" role=""/>
  <member type="way" ref="1393996835" role=""/>
  <member type="way" ref="24471371" role=""/>
  <member type="way" ref="1393996832" role=""/>
  <member type="way" ref="1393996834" role=""/>
  <member type="way" ref="655816026" role=""/>
  <member type="way" ref="415034953" role=""/>
  <member type="way" ref="415034960" role=""/>
  <member type="way" ref="415048509" role=""/>
  <member type="way" ref="415048520" role=""/>
  <member type="way" ref="656386312" role=""/>
  <member type="way" ref="656386313" role=""/>
  <member type="way" ref="656386310" role=""/>
  <member type="way" ref="656386311" role=""/>
  <member type="way" ref="415048510" role=""/>
  <member type="way" ref="415048514" role=""/>
  <member type="way" ref="505161468" role=""/>
  <member type="way" ref="505161467" role=""/>
  <member type="way" ref="656881474" role=""/>
  <member type="way" ref="656881472" role=""/>
  <member type="way" ref="656881475" role=""/>
  <member type="way" ref="656881473" role=""/>
  <member type="way" ref="505161464" role=""/>
  <member type="way" ref="505161466" role=""/>
  <member type="way" ref="505161465" role=""/>
  <member type="way" ref="505161469" role=""/>
  <member type="way" ref="1393996837" role=""/>
  <member type="way" ref="656881467" role=""/>
  <member type="way" ref="656881468" role=""/>
  <member type="way" ref="1364436414" role=""/>
  <member type="way" ref="1393996838" role=""/>
  <member type="way" ref="1364436415" role=""/>
  <member type="way" ref="24471615" role=""/>
  <member type="way" ref="657230621" role=""/>
  <member type="way" ref="1393996840" role=""/>
  <member type="way" ref="1393996839" role=""/>
  <member type="way" ref="24471367" role=""/>
  <member type="way" ref="658627486" role=""/>
  <member type="way" ref="658627487" role=""/>
  <member type="way" ref="658627484" role=""/>
  <member type="way" ref="661060785" role=""/>
  <member type="way" ref="661060786" role=""/>
  <member type="way" ref="658627485" role=""/>
  <member type="way" ref="24471620" role=""/>
  <member type="way" ref="579764011" role=""/>
  <member type="way" ref="662264916" role=""/>
  <member type="way" ref="662264915" role=""/>
  <member type="way" ref="662777949" role=""/>
  <member type="way" ref="662777948" role=""/>
  <member type="way" ref="579764012" role=""/>
  <member type="way" ref="669943705" role=""/>
  <member type="way" ref="1364444131" role=""/>
  <member type="way" ref="1364444132" role=""/>
  <member type="way" ref="669943704" role=""/>
  <member type="way" ref="659904327" role=""/>
  <member type="way" ref="24474043" role=""/>
  <member type="way" ref="586377723" role=""/>
  <member type="way" ref="888799780" role=""/>
  <member type="way" ref="24474061" role=""/>
  <member type="way" ref="666218369" role=""/>
  <member type="way" ref="666218367" role=""/>
  <member type="way" ref="666218368" role=""/>
  <member type="way" ref="666218365" role=""/>
  <member type="way" ref="666218366" role=""/>
  <member type="way" ref="666218370" role=""/>
  <member type="way" ref="24474018" role=""/>
  <member type="way" ref="24474028" role=""/>
  <member type="way" ref="667356343" role=""/>
  <member type="way" ref="667356344" role=""/>
  <member type="way" ref="667356345" role=""/>
  <member type="way" ref="667356346" role=""/>
  <member type="way" ref="667356349" role=""/>
  <member type="way" ref="667356350" role=""/>
  <member type="way" ref="667356351" role=""/>
  <member type="way" ref="667356352" role=""/>
  <member type="way" ref="667356353" role=""/>
  <member type="way" ref="667356354" role=""/>
  <member type="way" ref="1393996845" role=""/>
  <member type="way" ref="1393996848" role=""/>
  <member type="way" ref="667981488" role=""/>
  <member type="way" ref="667981489" role=""/>
  <member type="way" ref="24474019" role=""/>
  <member type="way" ref="713569235" role=""/>
  <member type="way" ref="713569236" role=""/>
  <member type="way" ref="24474038" role=""/>
  <member type="way" ref="713569234" role=""/>
  <member type="way" ref="713569233" role=""/>
  <member type="way" ref="24474036" role=""/>
  <member type="way" ref="715599555" role=""/>
  <member type="way" ref="715599554" role=""/>
  <member type="way" ref="24474035" role=""/>
  <member type="way" ref="24474059" role=""/>
  <member type="way" ref="715637221" role=""/>
  <member type="way" ref="715637219" role=""/>
  <member type="way" ref="715637220" role=""/>
  <member type="way" ref="715637217" role=""/>
  <member type="way" ref="715637218" role=""/>
  <member type="way" ref="718761053" role=""/>
  <member type="way" ref="719104026" role=""/>
  <member type="way" ref="715637222" role=""/>
  <member type="way" ref="1393996850" role=""/>
  <member type="way" ref="1393996851" role=""/>
  <member type="way" ref="720089707" role=""/>
  <member type="way" ref="720089706" role=""/>
  <member type="way" ref="24474011" role=""/>
  <member type="way" ref="24474058" role=""/>
  <member type="way" ref="688837492" role=""/>
  <member type="way" ref="688837503" role=""/>
  <member type="way" ref="688837473" role=""/>
  <member type="way" ref="688837477" role=""/>
  <member type="way" ref="688837470" role=""/>
  <member type="way" ref="688837471" role=""/>
  <member type="way" ref="688837511" role=""/>
  <member type="way" ref="1393996854" role=""/>
  <member type="way" ref="1393996852" role=""/>
  <member type="way" ref="1364721888" role=""/>
  <member type="way" ref="24474014" role=""/>
  <member type="way" ref="517473982" role=""/>
  <member type="way" ref="517474002" role=""/>
  <member type="way" ref="517474008" role=""/>
  <member type="way" ref="517504022" role=""/>
  <member type="way" ref="517504023" role=""/>
  <member type="way" ref="1314526684" role=""/>
  <member type="way" ref="1314526685" role=""/>
  <member type="way" ref="1317003318" role=""/>
  <member type="way" ref="1317003319" role=""/>
  <member type="way" ref="1317003316" role=""/>
  <member type="way" ref="1317003317" role=""/>
  <member type="way" ref="1317003314" role=""/>
  <member type="way" ref="1317003315" role=""/>
  <member type="way" ref="1317003312" role=""/>
  <member type="way" ref="1317003311" role=""/>
  <member type="way" ref="24474052" role=""/>
  <member type="way" ref="700983296" role=""/>
  <member type="way" ref="700983297" role=""/>
  <member type="way" ref="24474025" role=""/>
  <member type="way" ref="24474031" role=""/>
  <member type="way" ref="700748069" role=""/>
  <member type="way" ref="700748070" role=""/>
  <member type="way" ref="1393996856" role=""/>
  <member type="way" ref="1366729983" role=""/>
  <member type="way" ref="24474064" role=""/>
  <member type="way" ref="699531975" role=""/>
  <member type="way" ref="699531974" role=""/>
  <member type="way" ref="24474056" role=""/>
  <member type="way" ref="699531018" role=""/>
  <member type="way" ref="699531017" role=""/>
  <member type="way" ref="24474023" role=""/>
  <member type="way" ref="699391890" role=""/>
  <member type="way" ref="699391889" role=""/>
  <member type="way" ref="1393996858" role=""/>
  <member type="way" ref="24474053" role=""/>
  <member type="way" ref="24474027" role=""/>
  <member type="way" ref="24474017" role=""/>
  <member type="way" ref="24474049" role=""/>
  <member type="way" ref="696285747" role=""/>
  <member type="way" ref="696285746" role=""/>
  <member type="way" ref="1393996860" role=""/>
  <member type="way" ref="24474029" role=""/>
  <member type="way" ref="24474015" role=""/>
  <member type="way" ref="24474062" role=""/>
  <member type="way" ref="697900228" role=""/>
  <member type="way" ref="697900229" role=""/>
  <member type="way" ref="698416301" role=""/>
  <member type="way" ref="698416300" role=""/>
  <member type="way" ref="698416302" role=""/>
  <member type="way" ref="698416303" role=""/>
  <member type="way" ref="24474040" role=""/>
  <member type="way" ref="698416295" role=""/>
  <member type="way" ref="698416296" role=""/>
  <member type="way" ref="24474030" role=""/>
  <member type="way" ref="698416291" role=""/>
  <member type="way" ref="698416292" role=""/>
  <member type="way" ref="24474037" role=""/>
  <member type="way" ref="698801864" role=""/>
  <member type="way" ref="698801865" role=""/>
  <member type="way" ref="1366729999" role=""/>
  <member type="way" ref="698801860" role=""/>
  <member type="way" ref="698801861" role=""/>
  <member type="way" ref="698801858" role=""/>
  <member type="way" ref="698801859" role=""/>
  <member type="way" ref="528945173" role=""/>
  <member type="way" ref="528945172" role=""/>
  <member type="way" ref="528945174" role=""/>
  <member type="way" ref="528945175" role=""/>
  <member type="way" ref="528945176" role=""/>
  <member type="way" ref="528945177" role=""/>
  <member type="way" ref="528945179" role=""/>
  <member type="way" ref="528945178" role=""/>
  <member type="way" ref="528945180" role=""/>
  <member type="way" ref="528945181" role=""/>
  <member type="way" ref="1393996862" role=""/>
  <member type="way" ref="1366730004" role=""/>
  <member type="way" ref="1393996863" role=""/>
  <member type="way" ref="528945185" role=""/>
  <member type="way" ref="528945184" role=""/>
  <member type="way" ref="528945183" role=""/>
  <member type="way" ref="528945182" role=""/>
  <member type="way" ref="1393996864" role=""/>
  <member type="way" ref="24474045" role=""/>
  <member type="way" ref="1393996865" role=""/>
  <member type="way" ref="24474047" role=""/>
  <member type="way" ref="325171620" role=""/>
  <member type="way" ref="325171619" role=""/>
  <member type="way" ref="24474008" role=""/>
  <member type="way" ref="24474044" role=""/>
  <member type="way" ref="1393996867" role=""/>
  <member type="way" ref="647702973" role=""/>
  <member type="way" ref="1393996709" role=""/>
  <member type="way" ref="1393996866" role=""/>
  <member type="way" ref="24474034" role=""/>
  <member type="way" ref="291719499" role=""/>
  <member type="way" ref="1435248151" role=""/>
  <member type="way" ref="1435248152" role=""/>
  <member type="way" ref="291719498" role=""/>
  <member type="way" ref="24474051" role=""/>
  <member type="way" ref="24474009" role=""/>
  <member type="way" ref="24474050" role=""/>
  <member type="way" ref="283108771" role=""/>
  <member type="way" ref="283108772" role=""/>
  <member type="way" ref="692244347" role=""/>
  <member type="way" ref="692244352" role=""/>
  <member type="way" ref="1395853353" role=""/>
  <member type="way" ref="1366730007" role=""/>
  <member type="way" ref="24474041" role=""/>
  <member type="way" ref="812819772" role=""/>
  <member type="way" ref="812819773" role=""/>
  <member type="way" ref="812819777" role=""/>
  <member type="way" ref="812819778" role=""/>
  <member type="way" ref="24474032" role=""/>
  <member type="way" ref="1019175867" role=""/>
  <member type="way" ref="812593485" role=""/>
  <member type="way" ref="812593484" role=""/>
  <member type="way" ref="812593483" role=""/>
  <member type="way" ref="812593482" role=""/>
  <member type="way" ref="24474054" role=""/>
  <member type="way" ref="24474013" role=""/>
  <member type="way" ref="1433957453" role=""/>
  <member type="way" ref="1433957454" role=""/>
  <member type="way" ref="24474060" role=""/>
  <member type="way" ref="959908482" role=""/>
  <member type="way" ref="959908483" role=""/>
  <member type="way" ref="315875892" role=""/>
  <member type="way" ref="315875890" role=""/>
  <member type="way" ref="24474024" role=""/>
  <member type="way" ref="24474063" role=""/>
  <member type="way" ref="1393996875" role=""/>
  <member type="way" ref="1393996877" role=""/>
  <member type="way" ref="549070622" role=""/>
  <tag k="from" v="鳥取"/>
  <tag k="from:en" v="Tottori"/>
  <tag k="name" v="スーパーおき5号 (鳥取 =&gt; 新山口)"/>
  <tag k="name:en" v="Super Oki 5 (Tottori =&gt; Shin-Yamaguchi)"/>
  <tag k="name:ja" v="スーパーおき5号 (鳥取 =&gt; 新山口)"/>
  <tag k="operator" v="西日本旅客鉄道"/>
  <tag k="operator:en" v="West Japan Railway Company"/>
  <tag k="operator:ja" v="西日本旅客鉄道"/>
  <tag k="operator:wikidata" v="Q502125"/>
  <tag k="public_transport:version" v="2"/>
  <tag k="ref" v="スーパーおき"/>
  <tag k="route" v="train"/>
  <tag k="to" v="新山口"/>
  <tag k="to:en" v="Shin-Yamaguchi"/>
  <tag k="type" v="route"/>
 </relation>
 <relation id="19235470" visible="true" version="7" changeset="188304432" timestamp="2026-08-31T12:50:16Z" user="Soren Bradley" uid="23089575">
  <member type="node" ref="6146443218" role="stop"/>
  <member type="way" ref="1266821832" role="platform"/>
  <member type="node" ref="4143745096" role="stop"/>
  <member type="way" ref="1393996754" role="platform"/>
  <member type="node" ref="4142062506" role="stop"/>
  <member type="way" ref="413041747" role="platform"/>
  <member type="node" ref="265971754" role="stop"/>
  <member type="way" ref="1273925823" role="platform"/>
  <member type="node" ref="7715175916" role="stop"/>
  <member type="way" ref="826325434" role="platform"/>
  <member type="node" ref="4142012271" role="stop"/>
  <member type="way" ref="1267319459" role="platform"/>
  <member type="node" ref="12903211888" role="stop"/>
  <member type="way" ref="1365698825" role="platform"/>
  <member type="node" ref="12645290034" role="stop"/>
  <member type="way" ref="1365521449" role="platform"/>
  <member type="node" ref="12903211893" role="stop"/>
  <member type="way" ref="1364425279" role="platform"/>
  <member type="node" ref="265996506" role="stop"/>
  <member type="way" ref="1364432862" role="platform"/>
  <member type="node" ref="266062936" role="stop"/>
  <member type="way" ref="1364444136" role="platform"/>
  <member type="node" ref="266064505" role="stop"/>
  <member type="way" ref="823018838" role="platform"/>
  <member type="node" ref="12638338815" role="stop"/>
  <member type="way" ref="562355863" role="platform"/>
  <member type="node" ref="12657758696" role="stop"/>
  <member type="way" ref="315687331" role="platform"/>
  <member type="node" ref="266065272" role="stop"/>
  <member type="way" ref="1366729990" role="platform"/>
  <member type="node" ref="12903226331" role="stop"/>
  <member type="way" ref="1365528596" role="platform"/>
  <member type="node" ref="266067441" role="stop"/>
  <member type="way" ref="1393996844" role="platform"/>
  <member type="node" ref="5304078834" role="stop"/>
  <member type="way" ref="648002727" role="platform"/>
  <member type="way" ref="1393996711" role=""/>
  <member type="way" ref="1266821813" role=""/>
  <member type="way" ref="397815264" role=""/>
  <member type="way" ref="1266821812" role=""/>
  <member type="way" ref="397818301" role=""/>
  <member type="way" ref="397826291" role=""/>
  <member type="way" ref="1111191365" role=""/>
  <member type="way" ref="1111191368" role=""/>
  <member type="way" ref="1112400062" role=""/>
  <member type="way" ref="1112400063" role=""/>
  <member type="way" ref="385334722" role=""/>
  <member type="way" ref="385334723" role=""/>
  <member type="way" ref="24471337" role=""/>
  <member type="way" ref="387525437" role=""/>
  <member type="way" ref="387525438" role=""/>
  <member type="way" ref="387456400" role=""/>
  <member type="way" ref="387525435" role=""/>
  <member type="way" ref="387525436" role=""/>
  <member type="way" ref="387456399" role=""/>
  <member type="way" ref="413042574" role=""/>
  <member type="way" ref="1393996751" role=""/>
  <member type="way" ref="1393996750" role=""/>
  <member type="way" ref="387639708" role=""/>
  <member type="way" ref="387639711" role=""/>
  <member type="way" ref="387639713" role=""/>
  <member type="way" ref="387639709" role=""/>
  <member type="way" ref="387639714" role=""/>
  <member type="way" ref="387639712" role=""/>
  <member type="way" ref="387639715" role=""/>
  <member type="way" ref="387639710" role=""/>
  <member type="way" ref="1457726890" role=""/>
  <member type="way" ref="1457726891" role=""/>
  <member type="way" ref="391840451" role=""/>
  <member type="way" ref="391840454" role=""/>
  <member type="way" ref="391840460" role=""/>
  <member type="way" ref="391840455" role=""/>
  <member type="way" ref="391840458" role=""/>
  <member type="way" ref="391840457" role=""/>
  <member type="way" ref="391840453" role=""/>
  <member type="way" ref="391840452" role=""/>
  <member type="way" ref="391840459" role=""/>
  <member type="way" ref="391840456" role=""/>
  <member type="way" ref="1273918748" role=""/>
  <member type="way" ref="1273918749" role=""/>
  <member type="way" ref="24471762" role=""/>
  <member type="way" ref="1273918744" role=""/>
  <member type="way" ref="1238307318" role=""/>
  <member type="way" ref="1238307319" role=""/>
  <member type="way" ref="24471575" role=""/>
  <member type="way" ref="1240726130" role=""/>
  <member type="way" ref="1240726129" role=""/>
  <member type="way" ref="1393996762" role=""/>
  <member type="way" ref="388988332" role=""/>
  <member type="way" ref="388988330" role=""/>
  <member type="way" ref="388988331" role=""/>
  <member type="way" ref="388988333" role=""/>
  <member type="way" ref="677372196" role=""/>
  <member type="way" ref="677372195" role=""/>
  <member type="way" ref="24471402" role=""/>
  <member type="way" ref="1393996763" role=""/>
  <member type="way" ref="24471670" role=""/>
  <member type="way" ref="388884456" role=""/>
  <member type="way" ref="388884446" role=""/>
  <member type="way" ref="388884451" role=""/>
  <member type="way" ref="388884460" role=""/>
  <member type="way" ref="659904348" role=""/>
  <member type="way" ref="24471449" role=""/>
  <member type="way" ref="24471589" role=""/>
  <member type="way" ref="412873650" role=""/>
  <member type="way" ref="412873654" role=""/>
  <member type="way" ref="685641353" role=""/>
  <member type="way" ref="685641351" role=""/>
  <member type="way" ref="487391332" role=""/>
  <member type="way" ref="412873641" role=""/>
  <member type="way" ref="444123445" role=""/>
  <member type="way" ref="412873639" role=""/>
  <member type="way" ref="1393996768" role=""/>
  <member type="way" ref="1393996767" role=""/>
  <member type="way" ref="1393996766" role=""/>
  <member type="way" ref="181212842" role=""/>
  <member type="way" ref="181212843" role=""/>
  <member type="way" ref="1346822392" role=""/>
  <member type="way" ref="1346822391" role=""/>
  <member type="way" ref="1393996773" role=""/>
  <member type="way" ref="24471776" role=""/>
  <member type="way" ref="1393996774" role=""/>
  <member type="way" ref="24471702" role=""/>
  <member type="way" ref="1393996775" role=""/>
  <member type="way" ref="24471568" role=""/>
  <member type="way" ref="431135852" role=""/>
  <member type="way" ref="431135844" role=""/>
  <member type="way" ref="431135847" role=""/>
  <member type="way" ref="431135850" role=""/>
  <member type="way" ref="24471596" role=""/>
  <member type="way" ref="431516863" role=""/>
  <member type="way" ref="431516871" role=""/>
  <member type="way" ref="431516856" role=""/>
  <member type="way" ref="431516881" role=""/>
  <member type="way" ref="431516879" role=""/>
  <member type="way" ref="431516873" role=""/>
  <member type="way" ref="431516872" role=""/>
  <member type="way" ref="431516862" role=""/>
  <member type="way" ref="431516864" role=""/>
  <member type="way" ref="431516875" role=""/>
  <member type="way" ref="431516869" role=""/>
  <member type="way" ref="677209028" role=""/>
  <member type="way" ref="677209027" role=""/>
  <member type="way" ref="431516874" role=""/>
  <member type="way" ref="431516867" role=""/>
  <member type="way" ref="24471749" role=""/>
  <member type="way" ref="431516868" role=""/>
  <member type="way" ref="431516877" role=""/>
  <member type="way" ref="431516855" role=""/>
  <member type="way" ref="431645475" role=""/>
  <member type="way" ref="431645477" role=""/>
  <member type="way" ref="431645476" role=""/>
  <member type="way" ref="431516851" role=""/>
  <member type="way" ref="826330901" role=""/>
  <member type="way" ref="826330902" role=""/>
  <member type="way" ref="431645478" role=""/>
  <member type="way" ref="1393996776" role=""/>
  <member type="way" ref="826330905" role=""/>
  <member type="way" ref="24471397" role=""/>
  <member type="way" ref="1125520699" role=""/>
  <member type="way" ref="1125520698" role=""/>
  <member type="way" ref="826325446" role=""/>
  <member type="way" ref="826325444" role=""/>
  <member type="way" ref="1393996778" role=""/>
  <member type="way" ref="1393996782" role=""/>
  <member type="way" ref="1267146438" role=""/>
  <member type="way" ref="1267146437" role=""/>
  <member type="way" ref="826325447" role=""/>
  <member type="way" ref="24471421" role=""/>
  <member type="way" ref="1443914326" role=""/>
  <member type="way" ref="1443914325" role=""/>
  <member type="way" ref="1393996783" role=""/>
  <member type="way" ref="1393996784" role=""/>
  <member type="way" ref="24471576" role=""/>
  <member type="way" ref="682246190" role=""/>
  <member type="way" ref="682246194" role=""/>
  <member type="way" ref="682230552" role=""/>
  <member type="way" ref="682230553" role=""/>
  <member type="way" ref="24471743" role=""/>
  <member type="way" ref="1393996785" role=""/>
  <member type="way" ref="1097441961" role=""/>
  <member type="way" ref="24471457" role=""/>
  <member type="way" ref="1314282476" role=""/>
  <member type="way" ref="1312164026" role=""/>
  <member type="way" ref="383708516" role=""/>
  <member type="way" ref="383708515" role=""/>
  <member type="way" ref="383708517" role=""/>
  <member type="way" ref="146877426" role=""/>
  <member type="way" ref="659904351" role=""/>
  <member type="way" ref="659904350" role=""/>
  <member type="way" ref="412871484" role=""/>
  <member type="way" ref="1393996787" role=""/>
  <member type="way" ref="1204729840" role=""/>
  <member type="way" ref="1204729837" role=""/>
  <member type="way" ref="383708518" role=""/>
  <member type="way" ref="24471713" role=""/>
  <member type="way" ref="383795515" role=""/>
  <member type="way" ref="24471315" role=""/>
  <member type="way" ref="1393996791" role=""/>
  <member type="way" ref="1393996792" role=""/>
  <member type="way" ref="1204729836" role=""/>
  <member type="way" ref="24471752" role=""/>
  <member type="way" ref="24471708" role=""/>
  <member type="way" ref="1363834867" role=""/>
  <member type="way" ref="1393996794" role=""/>
  <member type="way" ref="1363834866" role=""/>
  <member type="way" ref="24471731" role=""/>
  <member type="way" ref="1393996793" role=""/>
  <member type="way" ref="24471372" role=""/>
  <member type="way" ref="1044402971" role=""/>
  <member type="way" ref="1044402970" role=""/>
  <member type="way" ref="1270931341" role=""/>
  <member type="way" ref="1271019784" role=""/>
  <member type="way" ref="1271019782" role=""/>
  <member type="way" ref="1271019783" role=""/>
  <member type="way" ref="1271019780" role=""/>
  <member type="way" ref="1271019781" role=""/>
  <member type="way" ref="1271019785" role=""/>
  <member type="way" ref="1270931342" role=""/>
  <member type="way" ref="24471680" role=""/>
  <member type="way" ref="1393996796" role=""/>
  <member type="way" ref="24471473" role=""/>
  <member type="way" ref="24471644" role=""/>
  <member type="way" ref="1270694905" role=""/>
  <member type="way" ref="1270694904" role=""/>
  <member type="way" ref="1270694907" role=""/>
  <member type="way" ref="1270694906" role=""/>
  <member type="way" ref="665287771" role=""/>
  <member type="way" ref="665287770" role=""/>
  <member type="way" ref="665287769" role=""/>
  <member type="way" ref="665287768" role=""/>
  <member type="way" ref="665287767" role=""/>
  <member type="way" ref="665287766" role=""/>
  <member type="way" ref="665287765" role=""/>
  <member type="way" ref="665287764" role=""/>
  <member type="way" ref="665287762" role=""/>
  <member type="way" ref="665287763" role=""/>
  <member type="way" ref="665287761" role=""/>
  <member type="way" ref="1271765350" role=""/>
  <member type="way" ref="1271765349" role=""/>
  <member type="way" ref="1271765348" role=""/>
  <member type="way" ref="1271765347" role=""/>
  <member type="way" ref="665287760" role=""/>
  <member type="way" ref="1365698817" role=""/>
  <member type="way" ref="1393996797" role=""/>
  <member type="way" ref="1365698816" role=""/>
  <member type="way" ref="24471307" role=""/>
  <member type="way" ref="1393996798" role=""/>
  <member type="way" ref="1365698834" role=""/>
  <member type="way" ref="1365698835" role=""/>
  <member type="way" ref="24471400" role=""/>
  <member type="way" ref="1393996800" role=""/>
  <member type="way" ref="1393996805" role=""/>
  <member type="way" ref="1304526531" role=""/>
  <member type="way" ref="1304526530" role=""/>
  <member type="way" ref="1308890189" role=""/>
  <member type="way" ref="1308890190" role=""/>
  <member type="way" ref="24471656" role=""/>
  <member type="way" ref="1323258450" role=""/>
  <member type="way" ref="1323258449" role=""/>
  <member type="way" ref="1325518559" role=""/>
  <member type="way" ref="1325518558" role=""/>
  <member type="way" ref="1328245988" role=""/>
  <member type="way" ref="1328245987" role=""/>
  <member type="way" ref="24471415" role=""/>
  <member type="way" ref="1317578577" role=""/>
  <member type="way" ref="1317578578" role=""/>
  <member type="way" ref="696803850" role=""/>
  <member type="way" ref="696803849" role=""/>
  <member type="way" ref="24471443" role=""/>
  <member type="way" ref="1235805751" role=""/>
  <member type="way" ref="1235805752" role=""/>
  <member type="way" ref="1235805750" role=""/>
  <member type="way" ref="1365698826" role=""/>
  <member type="way" ref="1393996806" role=""/>
  <member type="way" ref="1286703002" role=""/>
  <member type="way" ref="645554619" role=""/>
  <member type="way" ref="1286702982" role=""/>
  <member type="way" ref="1286702981" role=""/>
  <member type="way" ref="645554620" role=""/>
  <member type="way" ref="24471687" role=""/>
  <member type="way" ref="665205625" role=""/>
  <member type="way" ref="1235731481" role=""/>
  <member type="way" ref="1235731482" role=""/>
  <member type="way" ref="1288541686" role=""/>
  <member type="way" ref="1288541685" role=""/>
  <member type="way" ref="24471419" role=""/>
  <member type="way" ref="1365672656" role=""/>
  <member type="way" ref="1365672655" role=""/>
  <member type="way" ref="1393996809" role=""/>
  <member type="way" ref="24471610" role=""/>
  <member type="way" ref="24471608" role=""/>
  <member type="way" ref="645587083" role=""/>
  <member type="way" ref="645587084" role=""/>
  <member type="way" ref="645586480" role=""/>
  <member type="way" ref="645586481" role=""/>
  <member type="way" ref="1236013912" role=""/>
  <member type="way" ref="1236013911" role=""/>
  <member type="way" ref="24471460" role=""/>
  <member type="way" ref="24471368" role=""/>
  <member type="way" ref="629871640" role=""/>
  <member type="way" ref="629871643" role=""/>
  <member type="way" ref="1393996811" role=""/>
  <member type="way" ref="1365672666" role=""/>
  <member type="way" ref="1291922204" role=""/>
  <member type="way" ref="1291922205" role=""/>
  <member type="way" ref="645591321" role=""/>
  <member type="way" ref="1291922206" role=""/>
  <member type="way" ref="1291922207" role=""/>
  <member type="way" ref="645591322" role=""/>
  <member type="way" ref="645592146" role=""/>
  <member type="way" ref="645592147" role=""/>
  <member type="way" ref="24471734" role=""/>
  <member type="way" ref="24471761" role=""/>
  <member type="way" ref="1119757827" role=""/>
  <member type="way" ref="1119757828" role=""/>
  <member type="way" ref="1119757829" role=""/>
  <member type="way" ref="1119757830" role=""/>
  <member type="way" ref="1291922213" role=""/>
  <member type="way" ref="1291922212" role=""/>
  <member type="way" ref="24471410" role=""/>
  <member type="way" ref="577868140" role=""/>
  <member type="way" ref="1292130395" role=""/>
  <member type="way" ref="1292130394" role=""/>
  <member type="way" ref="1292130393" role=""/>
  <member type="way" ref="1292130392" role=""/>
  <member type="way" ref="1365521445" role=""/>
  <member type="way" ref="1365521448" role=""/>
  <member type="way" ref="1365521447" role=""/>
  <member type="way" ref="1365521446" role=""/>
  <member type="way" ref="24471756" role=""/>
  <member type="way" ref="24471465" role=""/>
  <member type="way" ref="1365521443" role=""/>
  <member type="way" ref="1365521444" role=""/>
  <member type="way" ref="665365751" role=""/>
  <member type="way" ref="665365749" role=""/>
  <member type="way" ref="665365750" role=""/>
  <member type="way" ref="665365748" role=""/>
  <member type="way" ref="24471758" role=""/>
  <member type="way" ref="601655530" role=""/>
  <member type="way" ref="601655508" role=""/>
  <member type="way" ref="601655502" role=""/>
  <member type="way" ref="1235720569" role=""/>
  <member type="way" ref="601655531" role=""/>
  <member type="way" ref="1235720571" role=""/>
  <member type="way" ref="1235720572" role=""/>
  <member type="way" ref="1235720570" role=""/>
  <member type="way" ref="1365521437" role=""/>
  <member type="way" ref="1393996815" role=""/>
  <member type="way" ref="601655497" role=""/>
  <member type="way" ref="601655496" role=""/>
  <member type="way" ref="24471563" role=""/>
  <member type="way" ref="1365672674" role=""/>
  <member type="way" ref="1393996817" role=""/>
  <member type="way" ref="1365672672" role=""/>
  <member type="way" ref="24471550" role=""/>
  <member type="way" ref="182968084" role=""/>
  <member type="way" ref="182968088" role=""/>
  <member type="way" ref="182968085" role=""/>
  <member type="way" ref="182968087" role=""/>
  <member type="way" ref="24471780" role=""/>
  <member type="way" ref="182968086" role=""/>
  <member type="way" ref="182968089" role=""/>
  <member type="way" ref="658990358" role=""/>
  <member type="way" ref="658990357" role=""/>
  <member type="way" ref="1393996820" role=""/>
  <member type="way" ref="24471405" role=""/>
  <member type="way" ref="24471779" role=""/>
  <member type="way" ref="24471624" role=""/>
  <member type="way" ref="323368939" role=""/>
  <member type="way" ref="323368940" role=""/>
  <member type="way" ref="24471549" role=""/>
  <member type="way" ref="1393996822" role=""/>
  <member type="way" ref="24471313" role=""/>
  <member type="way" ref="1393996821" role=""/>
  <member type="way" ref="415422400" role=""/>
  <member type="way" ref="415422401" role=""/>
  <member type="way" ref="497866154" role=""/>
  <member type="way" ref="497866155" role=""/>
  <member type="way" ref="672872904" role=""/>
  <member type="way" ref="672872905" role=""/>
  <member type="way" ref="672872903" role=""/>
  <member type="way" ref="672872901" role=""/>
  <member type="way" ref="1393996828" role=""/>
  <member type="way" ref="672877391" role=""/>
  <member type="way" ref="1393996824" role=""/>
  <member type="way" ref="1393996829" role=""/>
  <member type="way" ref="228204214" role=""/>
  <member type="way" ref="228204212" role=""/>
  <member type="way" ref="1364425285" role=""/>
  <member type="way" ref="1364425284" role=""/>
  <member type="way" ref="651120927" role=""/>
  <member type="way" ref="651120926" role=""/>
  <member type="way" ref="228203374" role=""/>
  <member type="way" ref="228203376" role=""/>
  <member type="way" ref="228203375" role=""/>
  <member type="way" ref="228203373" role=""/>
  <member type="way" ref="228029314" role=""/>
  <member type="way" ref="228029313" role=""/>
  <member type="way" ref="228029315" role=""/>
  <member type="way" ref="228029317" role=""/>
  <member type="way" ref="228029316" role=""/>
  <member type="way" ref="24471323" role=""/>
  <member type="way" ref="1393996826" role=""/>
  <member type="way" ref="1393996827" role=""/>
  <member type="way" ref="1364432855" role=""/>
  <member type="way" ref="1364432854" role=""/>
  <member type="way" ref="1364432853" role=""/>
  <member type="way" ref="1364432852" role=""/>
  <member type="way" ref="1364432851" role=""/>
  <member type="way" ref="1364432850" role=""/>
  <member type="way" ref="655138810" role=""/>
  <member type="way" ref="655138811" role=""/>
  <member type="way" ref="655138795" role=""/>
  <member type="way" ref="655138796" role=""/>
  <member type="way" ref="659837383" role=""/>
  <member type="way" ref="659837384" role=""/>
  <member type="way" ref="497866156" role=""/>
  <member type="way" ref="497866157" role=""/>
  <member type="way" ref="655282173" role=""/>
  <member type="way" ref="655282174" role=""/>
  <member type="way" ref="1393996830" role=""/>
  <member type="way" ref="1364432838" role=""/>
  <member type="way" ref="1364432840" role=""/>
  <member type="way" ref="1364432839" role=""/>
  <member type="way" ref="655282168" role=""/>
  <member type="way" ref="655282169" role=""/>
  <member type="way" ref="497866158" role=""/>
  <member type="way" ref="497866159" role=""/>
  <member type="way" ref="655494225" role=""/>
  <member type="way" ref="655494226" role=""/>
  <member type="way" ref="497866160" role=""/>
  <member type="way" ref="497866161" role=""/>
  <member type="way" ref="24471588" role=""/>
  <member type="way" ref="655816032" role=""/>
  <member type="way" ref="1393996835" role=""/>
  <member type="way" ref="24471371" role=""/>
  <member type="way" ref="1393996832" role=""/>
  <member type="way" ref="1393996834" role=""/>
  <member type="way" ref="655816026" role=""/>
  <member type="way" ref="415034953" role=""/>
  <member type="way" ref="415034960" role=""/>
  <member type="way" ref="415048509" role=""/>
  <member type="way" ref="415048520" role=""/>
  <member type="way" ref="656386312" role=""/>
  <member type="way" ref="656386313" role=""/>
  <member type="way" ref="656386310" role=""/>
  <member type="way" ref="656386311" role=""/>
  <member type="way" ref="415048510" role=""/>
  <member type="way" ref="415048514" role=""/>
  <member type="way" ref="505161468" role=""/>
  <member type="way" ref="505161467" role=""/>
  <member type="way" ref="656881474" role=""/>
  <member type="way" ref="656881472" role=""/>
  <member type="way" ref="656881475" role=""/>
  <member type="way" ref="656881473" role=""/>
  <member type="way" ref="505161464" role=""/>
  <member type="way" ref="505161466" role=""/>
  <member type="way" ref="505161465" role=""/>
  <member type="way" ref="505161469" role=""/>
  <member type="way" ref="1393996837" role=""/>
  <member type="way" ref="656881467" role=""/>
  <member type="way" ref="656881468" role=""/>
  <member type="way" ref="1364436414" role=""/>
  <member type="way" ref="1393996838" role=""/>
  <member type="way" ref="1364436415" role=""/>
  <member type="way" ref="24471615" role=""/>
  <member type="way" ref="657230621" role=""/>
  <member type="way" ref="1393996840" role=""/>
  <member type="way" ref="1393996839" role=""/>
  <member type="way" ref="24471367" role=""/>
  <member type="way" ref="658627486" role=""/>
  <member type="way" ref="658627487" role=""/>
  <member type="way" ref="658627484" role=""/>
  <member type="way" ref="661060785" role=""/>
  <member type="way" ref="661060786" role=""/>
  <member type="way" ref="658627485" role=""/>
  <member type="way" ref="24471620" role=""/>
  <member type="way" ref="579764011" role=""/>
  <member type="way" ref="662264916" role=""/>
  <member type="way" ref="662264915" role=""/>
  <member type="way" ref="662777949" role=""/>
  <member type="way" ref="662777948" role=""/>
  <member type="way" ref="579764012" role=""/>
  <member type="way" ref="669943705" role=""/>
  <member type="way" ref="1364444131" role=""/>
  <member type="way" ref="1364444132" role=""/>
  <member type="way" ref="669943704" role=""/>
  <member type="way" ref="659904327" role=""/>
  <member type="way" ref="24474043" role=""/>
  <member type="way" ref="586377723" role=""/>
  <member type="way" ref="888799780" role=""/>
  <member type="way" ref="24474061" role=""/>
  <member type="way" ref="666218369" role=""/>
  <member type="way" ref="666218367" role=""/>
  <member type="way" ref="666218368" role=""/>
  <member type="way" ref="666218365" role=""/>
  <member type="way" ref="666218366" role=""/>
  <member type="way" ref="666218370" role=""/>
  <member type="way" ref="24474018" role=""/>
  <member type="way" ref="24474028" role=""/>
  <member type="way" ref="667356343" role=""/>
  <member type="way" ref="667356344" role=""/>
  <member type="way" ref="667356345" role=""/>
  <member type="way" ref="667356346" role=""/>
  <member type="way" ref="667356349" role=""/>
  <member type="way" ref="667356350" role=""/>
  <member type="way" ref="667356351" role=""/>
  <member type="way" ref="667356352" role=""/>
  <member type="way" ref="667356353" role=""/>
  <member type="way" ref="667356354" role=""/>
  <member type="way" ref="1393996845" role=""/>
  <member type="way" ref="1393996848" role=""/>
  <member type="way" ref="667981488" role=""/>
  <member type="way" ref="667981489" role=""/>
  <member type="way" ref="24474019" role=""/>
  <member type="way" ref="713569235" role=""/>
  <member type="way" ref="713569236" role=""/>
  <member type="way" ref="24474038" role=""/>
  <member type="way" ref="713569234" role=""/>
  <member type="way" ref="713569233" role=""/>
  <member type="way" ref="24474036" role=""/>
  <member type="way" ref="715599555" role=""/>
  <member type="way" ref="715599554" role=""/>
  <member type="way" ref="24474035" role=""/>
  <member type="way" ref="24474059" role=""/>
  <member type="way" ref="715637221" role=""/>
  <member type="way" ref="715637219" role=""/>
  <member type="way" ref="715637220" role=""/>
  <member type="way" ref="715637217" role=""/>
  <member type="way" ref="715637218" role=""/>
  <member type="way" ref="718761053" role=""/>
  <member type="way" ref="719104026" role=""/>
  <member type="way" ref="715637222" role=""/>
  <member type="way" ref="1393996850" role=""/>
  <member type="way" ref="1393996851" role=""/>
  <member type="way" ref="720089707" role=""/>
  <member type="way" ref="720089706" role=""/>
  <member type="way" ref="24474011" role=""/>
  <member type="way" ref="24474058" role=""/>
  <member type="way" ref="688837492" role=""/>
  <member type="way" ref="688837503" role=""/>
  <member type="way" ref="688837473" role=""/>
  <member type="way" ref="688837477" role=""/>
  <member type="way" ref="688837470" role=""/>
  <member type="way" ref="688837471" role=""/>
  <member type="way" ref="688837511" role=""/>
  <member type="way" ref="1393996854" role=""/>
  <member type="way" ref="1393996852" role=""/>
  <member type="way" ref="1364721888" role=""/>
  <member type="way" ref="24474014" role=""/>
  <member type="way" ref="517473982" role=""/>
  <member type="way" ref="517474002" role=""/>
  <member type="way" ref="517474008" role=""/>
  <member type="way" ref="517504022" role=""/>
  <member type="way" ref="517504023" role=""/>
  <member type="way" ref="1314526684" role=""/>
  <member type="way" ref="1314526685" role=""/>
  <member type="way" ref="1317003318" role=""/>
  <member type="way" ref="1317003319" role=""/>
  <member type="way" ref="1317003316" role=""/>
  <member type="way" ref="1317003317" role=""/>
  <member type="way" ref="1317003314" role=""/>
  <member type="way" ref="1317003315" role=""/>
  <member type="way" ref="1317003312" role=""/>
  <member type="way" ref="1317003311" role=""/>
  <member type="way" ref="24474052" role=""/>
  <member type="way" ref="700983296" role=""/>
  <member type="way" ref="700983297" role=""/>
  <member type="way" ref="24474025" role=""/>
  <member type="way" ref="24474031" role=""/>
  <member type="way" ref="700748069" role=""/>
  <member type="way" ref="700748070" role=""/>
  <member type="way" ref="1393996856" role=""/>
  <member type="way" ref="1366729983" role=""/>
  <member type="way" ref="24474064" role=""/>
  <member type="way" ref="699531975" role=""/>
  <member type="way" ref="699531974" role=""/>
  <member type="way" ref="24474056" role=""/>
  <member type="way" ref="699531018" role=""/>
  <member type="way" ref="699531017" role=""/>
  <member type="way" ref="24474023" role=""/>
  <member type="way" ref="699391890" role=""/>
  <member type="way" ref="699391889" role=""/>
  <member type="way" ref="1393996858" role=""/>
  <member type="way" ref="24474053" role=""/>
  <member type="way" ref="24474027" role=""/>
  <member type="way" ref="24474017" role=""/>
  <member type="way" ref="24474049" role=""/>
  <member type="way" ref="696285747" role=""/>
  <member type="way" ref="696285746" role=""/>
  <member type="way" ref="1393996860" role=""/>
  <member type="way" ref="24474029" role=""/>
  <member type="way" ref="24474015" role=""/>
  <member type="way" ref="24474062" role=""/>
  <member type="way" ref="697900228" role=""/>
  <member type="way" ref="697900229" role=""/>
  <member type="way" ref="698416301" role=""/>
  <member type="way" ref="698416300" role=""/>
  <member type="way" ref="698416302" role=""/>
  <member type="way" ref="698416303" role=""/>
  <member type="way" ref="24474040" role=""/>
  <member type="way" ref="698416295" role=""/>
  <member type="way" ref="698416296" role=""/>
  <member type="way" ref="24474030" role=""/>
  <member type="way" ref="698416291" role=""/>
  <member type="way" ref="698416292" role=""/>
  <member type="way" ref="24474037" role=""/>
  <member type="way" ref="698801864" role=""/>
  <member type="way" ref="698801865" role=""/>
  <member type="way" ref="1366729999" role=""/>
  <member type="way" ref="698801860" role=""/>
  <member type="way" ref="698801861" role=""/>
  <member type="way" ref="698801858" role=""/>
  <member type="way" ref="698801859" role=""/>
  <member type="way" ref="528945173" role=""/>
  <member type="way" ref="528945172" role=""/>
  <member type="way" ref="528945174" role=""/>
  <member type="way" ref="528945175" role=""/>
  <member type="way" ref="528945176" role=""/>
  <member type="way" ref="528945177" role=""/>
  <member type="way" ref="528945179" role=""/>
  <member type="way" ref="528945178" role=""/>
  <member type="way" ref="528945180" role=""/>
  <member type="way" ref="528945181" role=""/>
  <member type="way" ref="1393996862" role=""/>
  <member type="way" ref="1366730004" role=""/>
  <member type="way" ref="1393996863" role=""/>
  <member type="way" ref="528945185" role=""/>
  <member type="way" ref="528945184" role=""/>
  <member type="way" ref="528945183" role=""/>
  <member type="way" ref="528945182" role=""/>
  <member type="way" ref="1393996864" role=""/>
  <member type="way" ref="24474045" role=""/>
  <member type="way" ref="1393996865" role=""/>
  <member type="way" ref="24474047" role=""/>
  <member type="way" ref="325171620" role=""/>
  <member type="way" ref="325171619" role=""/>
  <member type="way" ref="24474008" role=""/>
  <member type="way" ref="24474044" role=""/>
  <member type="way" ref="1393996867" role=""/>
  <member type="way" ref="647702973" role=""/>
  <member type="way" ref="1393996709" role=""/>
  <member type="way" ref="1393996866" role=""/>
  <member type="way" ref="24474034" role=""/>
  <member type="way" ref="291719499" role=""/>
  <member type="way" ref="1435248151" role=""/>
  <member type="way" ref="1435248152" role=""/>
  <member type="way" ref="291719498" role=""/>
  <member type="way" ref="24474051" role=""/>
  <member type="way" ref="24474009" role=""/>
  <member type="way" ref="24474050" role=""/>
  <member type="way" ref="283108771" role=""/>
  <member type="way" ref="283108772" role=""/>
  <member type="way" ref="692244347" role=""/>
  <member type="way" ref="692244352" role=""/>
  <member type="way" ref="1395853353" role=""/>
  <member type="way" ref="1366730007" role=""/>
  <member type="way" ref="24474041" role=""/>
  <member type="way" ref="812819772" role=""/>
  <member type="way" ref="812819773" role=""/>
  <member type="way" ref="812819777" role=""/>
  <member type="way" ref="812819778" role=""/>
  <member type="way" ref="24474032" role=""/>
  <member type="way" ref="1019175867" role=""/>
  <member type="way" ref="812593485" role=""/>
  <member type="way" ref="812593484" role=""/>
  <member type="way" ref="812593483" role=""/>
  <member type="way" ref="812593482" role=""/>
  <member type="way" ref="24474054" role=""/>
  <member type="way" ref="24474013" role=""/>
  <member type="way" ref="1433957453" role=""/>
  <member type="way" ref="1433957454" role=""/>
  <member type="way" ref="24474060" role=""/>
  <member type="way" ref="959908482" role=""/>
  <member type="way" ref="959908483" role=""/>
  <member type="way" ref="315875892" role=""/>
  <member type="way" ref="315875890" role=""/>
  <member type="way" ref="24474024" role=""/>
  <member type="way" ref="24474063" role=""/>
  <member type="way" ref="1393996875" role=""/>
  <member type="way" ref="1393996877" role=""/>
  <member type="way" ref="549070622" role=""/>
  <tag k="from" v="鳥取"/>
  <tag k="from:en" v="Yonago"/>
  <tag k="name" v="スーパーおき1号 (米子 =&gt; 新山口)"/>
  <tag k="name:en" v="Super Oki 1 (Yonago =&gt; Shin-Yamaguchi)"/>
  <tag k="name:ja" v="スーパーおき1号 (米子 =&gt; 新山口)"/>
  <tag k="operator" v="西日本旅客鉄道"/>
  <tag k="operator:en" v="West Japan Railway Company"/>
  <tag k="operator:ja" v="西日本旅客鉄道"/>
  <tag k="operator:wikidata" v="Q502125"/>
  <tag k="public_transport:version" v="2"/>
  <tag k="ref" v="スーパーおき"/>
  <tag k="route" v="train"/>
  <tag k="to" v="新山口"/>
  <tag k="to:en" v="Shin-Yamaguchi"/>
  <tag k="type" v="route"/>
  <tag k="wikidata" v="Q8192131"/>
  <tag k="wikipedia" v="ja:おき (列車)"/>
 </relation>
 <relation id="19235491" visible="true" version="8" changeset="176847209" timestamp="2026-01-05T06:46:16Z" user="tutuw002" uid="4531722">
  <member type="node" ref="5304078834" role="stop"/>
  <member type="way" ref="648002727" role="platform"/>
  <member type="node" ref="266067441" role="stop"/>
  <member type="way" ref="1393996844" role="platform"/>
  <member type="node" ref="266065854" role="stop"/>
  <member type="way" ref="1365528595" role="platform"/>
  <member type="node" ref="12657801975" role="stop"/>
  <member type="way" ref="1366729990" role="platform"/>
  <member type="node" ref="266064112" role="stop"/>
  <member type="way" ref="315687331" role="platform"/>
  <member type="node" ref="12903226324" role="stop"/>
  <member type="way" ref="562355863" role="platform"/>
  <member type="node" ref="266064505" role="stop"/>
  <member type="way" ref="823018839" role="platform"/>
  <member type="node" ref="266062936" role="stop"/>
  <member type="way" ref="1364444136" role="platform"/>
  <member type="node" ref="12903211897" role="stop"/>
  <member type="way" ref="1364432861" role="platform"/>
  <member type="node" ref="266026224" role="stop"/>
  <member type="way" ref="1364425278" role="platform"/>
  <member type="node" ref="6938547817" role="stop"/>
  <member type="way" ref="1365686900" role="platform"/>
  <member type="node" ref="266080821" role="stop"/>
  <member type="way" ref="1365521451" role="platform"/>
  <member type="node" ref="266027135" role="stop"/>
  <member type="way" ref="1365672670" role="platform"/>
  <member type="node" ref="12903211887" role="stop"/>
  <member type="way" ref="1365698824" role="platform"/>
  <member type="node" ref="4142012270" role="stop"/>
  <member type="way" ref="1267319460" role="platform"/>
  <member type="node" ref="1575760247" role="stop"/>
  <member type="way" ref="826325435" role="platform"/>
  <member type="node" ref="8813170489" role="stop"/>
  <member type="way" ref="1273925823" role="platform"/>
  <member type="node" ref="4142062505" role="stop"/>
  <member type="way" ref="413041746" role="platform"/>
  <member type="node" ref="4143745100" role="stop"/>
  <member type="way" ref="1393996753" role="platform"/>
  <member type="node" ref="6146443219" role="stop"/>
  <member type="way" ref="143996320" role="platform"/>
  <member type="node" ref="9385939604" role="stop"/>
  <member type="way" ref="1017593589" role="platform"/>
  <member type="node" ref="265968972" role="stop"/>
  <member type="way" ref="1016082312" role="platform"/>
  <member type="node" ref="8261892150" role="stop"/>
  <member type="way" ref="398284215" role="platform"/>
  <member type="way" ref="549070622" role=""/>
  <member type="way" ref="1393996877" role=""/>
  <member type="way" ref="1393996875" role=""/>
  <member type="way" ref="24474063" role=""/>
  <member type="way" ref="24474024" role=""/>
  <member type="way" ref="315875890" role=""/>
  <member type="way" ref="315875892" role=""/>
  <member type="way" ref="959908483" role=""/>
  <member type="way" ref="959908482" role=""/>
  <member type="way" ref="24474060" role=""/>
  <member type="way" ref="1433957454" role=""/>
  <member type="way" ref="1433957453" role=""/>
  <member type="way" ref="24474013" role=""/>
  <member type="way" ref="24474054" role=""/>
  <member type="way" ref="812593482" role=""/>
  <member type="way" ref="812593483" role=""/>
  <member type="way" ref="812593484" role=""/>
  <member type="way" ref="812593485" role=""/>
  <member type="way" ref="1019175867" role=""/>
  <member type="way" ref="24474032" role=""/>
  <member type="way" ref="812819778" role=""/>
  <member type="way" ref="812819777" role=""/>
  <member type="way" ref="812819773" role=""/>
  <member type="way" ref="812819772" role=""/>
  <member type="way" ref="24474041" role=""/>
  <member type="way" ref="1393996871" role=""/>
  <member type="way" ref="1393996870" role=""/>
  <member type="way" ref="692244352" role=""/>
  <member type="way" ref="692244347" role=""/>
  <member type="way" ref="283108772" role=""/>
  <member type="way" ref="283108771" role=""/>
  <member type="way" ref="24474050" role=""/>
  <member type="way" ref="24474009" role=""/>
  <member type="way" ref="24474051" role=""/>
  <member type="way" ref="291719498" role=""/>
  <member type="way" ref="1435248152" role=""/>
  <member type="way" ref="1435248151" role=""/>
  <member type="way" ref="291719499" role=""/>
  <member type="way" ref="24474034" role=""/>
  <member type="way" ref="24474057" role=""/>
  <member type="way" ref="1393996869" role=""/>
  <member type="way" ref="24474044" role=""/>
  <member type="way" ref="24474008" role=""/>
  <member type="way" ref="325171619" role=""/>
  <member type="way" ref="325171620" role=""/>
  <member type="way" ref="24474047" role=""/>
  <member type="way" ref="816708948" role=""/>
  <member type="way" ref="528945182" role=""/>
  <member type="way" ref="528945183" role=""/>
  <member type="way" ref="528945184" role=""/>
  <member type="way" ref="528945185" role=""/>
  <member type="way" ref="1393996863" role=""/>
  <member type="way" ref="24474033" role=""/>
  <member type="way" ref="24474039" role=""/>
  <member type="way" ref="24474026" role=""/>
  <member type="way" ref="1393996862" role=""/>
  <member type="way" ref="528945181" role=""/>
  <member type="way" ref="528945180" role=""/>
  <member type="way" ref="528945178" role=""/>
  <member type="way" ref="528945179" role=""/>
  <member type="way" ref="528945177" role=""/>
  <member type="way" ref="528945176" role=""/>
  <member type="way" ref="528945175" role=""/>
  <member type="way" ref="528945174" role=""/>
  <member type="way" ref="528945172" role=""/>
  <member type="way" ref="528945173" role=""/>
  <member type="way" ref="698801859" role=""/>
  <member type="way" ref="698801858" role=""/>
  <member type="way" ref="698801861" role=""/>
  <member type="way" ref="698801860" role=""/>
  <member type="way" ref="1393996861" role=""/>
  <member type="way" ref="24474046" role=""/>
  <member type="way" ref="698801865" role=""/>
  <member type="way" ref="698801864" role=""/>
  <member type="way" ref="24474037" role=""/>
  <member type="way" ref="698416292" role=""/>
  <member type="way" ref="698416291" role=""/>
  <member type="way" ref="24474030" role=""/>
  <member type="way" ref="698416296" role=""/>
  <member type="way" ref="698416295" role=""/>
  <member type="way" ref="24474040" role=""/>
  <member type="way" ref="698416303" role=""/>
  <member type="way" ref="698416302" role=""/>
  <member type="way" ref="698416300" role=""/>
  <member type="way" ref="698416301" role=""/>
  <member type="way" ref="697900229" role=""/>
  <member type="way" ref="697900228" role=""/>
  <member type="way" ref="24474062" role=""/>
  <member type="way" ref="24474015" role=""/>
  <member type="way" ref="1366729989" role=""/>
  <member type="way" ref="1393996859" role=""/>
  <member type="way" ref="696285746" role=""/>
  <member type="way" ref="696285747" role=""/>
  <member type="way" ref="24474049" role=""/>
  <member type="way" ref="24474017" role=""/>
  <member type="way" ref="24474027" role=""/>
  <member type="way" ref="1366729984" role=""/>
  <member type="way" ref="699391889" role=""/>
  <member type="way" ref="699391890" role=""/>
  <member type="way" ref="24474023" role=""/>
  <member type="way" ref="699531017" role=""/>
  <member type="way" ref="699531018" role=""/>
  <member type="way" ref="24474056" role=""/>
  <member type="way" ref="699531974" role=""/>
  <member type="way" ref="699531975" role=""/>
  <member type="way" ref="24474064" role=""/>
  <member type="way" ref="24474022" role=""/>
  <member type="way" ref="1393996857" role=""/>
  <member type="way" ref="700748070" role=""/>
  <member type="way" ref="700748069" role=""/>
  <member type="way" ref="24474031" role=""/>
  <member type="way" ref="24474025" role=""/>
  <member type="way" ref="700983297" role=""/>
  <member type="way" ref="700983296" role=""/>
  <member type="way" ref="24474052" role=""/>
  <member type="way" ref="1317003311" role=""/>
  <member type="way" ref="1317003312" role=""/>
  <member type="way" ref="1317003315" role=""/>
  <member type="way" ref="1317003314" role=""/>
  <member type="way" ref="1317003317" role=""/>
  <member type="way" ref="1317003316" role=""/>
  <member type="way" ref="1317003319" role=""/>
  <member type="way" ref="1317003318" role=""/>
  <member type="way" ref="1314526685" role=""/>
  <member type="way" ref="1314526684" role=""/>
  <member type="way" ref="517504023" role=""/>
  <member type="way" ref="517504022" role=""/>
  <member type="way" ref="517474008" role=""/>
  <member type="way" ref="517474002" role=""/>
  <member type="way" ref="517473982" role=""/>
  <member type="way" ref="24474014" role=""/>
  <member type="way" ref="1393996855" role=""/>
  <member type="way" ref="1393996853" role=""/>
  <member type="way" ref="1393996854" role=""/>
  <member type="way" ref="688837511" role=""/>
  <member type="way" ref="688837471" role=""/>
  <member type="way" ref="688837470" role=""/>
  <member type="way" ref="688837477" role=""/>
  <member type="way" ref="688837473" role=""/>
  <member type="way" ref="688837503" role=""/>
  <member type="way" ref="688837492" role=""/>
  <member type="way" ref="24474058" role=""/>
  <member type="way" ref="24474011" role=""/>
  <member type="way" ref="720089706" role=""/>
  <member type="way" ref="720089707" role=""/>
  <member type="way" ref="1393996851" role=""/>
  <member type="way" ref="1393996850" role=""/>
  <member type="way" ref="715637222" role=""/>
  <member type="way" ref="719104026" role=""/>
  <member type="way" ref="718761053" role=""/>
  <member type="way" ref="715637218" role=""/>
  <member type="way" ref="715637217" role=""/>
  <member type="way" ref="715637220" role=""/>
  <member type="way" ref="715637219" role=""/>
  <member type="way" ref="715637221" role=""/>
  <member type="way" ref="24474059" role=""/>
  <member type="way" ref="24474035" role=""/>
  <member type="way" ref="715599554" role=""/>
  <member type="way" ref="715599555" role=""/>
  <member type="way" ref="24474036" role=""/>
  <member type="way" ref="713569233" role=""/>
  <member type="way" ref="713569234" role=""/>
  <member type="way" ref="24474038" role=""/>
  <member type="way" ref="713569236" role=""/>
  <member type="way" ref="713569235" role=""/>
  <member type="way" ref="24474019" role=""/>
  <member type="way" ref="667981489" role=""/>
  <member type="way" ref="667981488" role=""/>
  <member type="way" ref="1393996847" role=""/>
  <member type="way" ref="24474010" role=""/>
  <member type="way" ref="1393996846" role=""/>
  <member type="way" ref="667356354" role=""/>
  <member type="way" ref="667356353" role=""/>
  <member type="way" ref="667356352" role=""/>
  <member type="way" ref="667356351" role=""/>
  <member type="way" ref="667356350" role=""/>
  <member type="way" ref="667356349" role=""/>
  <member type="way" ref="667356346" role=""/>
  <member type="way" ref="667356345" role=""/>
  <member type="way" ref="667356344" role=""/>
  <member type="way" ref="667356343" role=""/>
  <member type="way" ref="24474028" role=""/>
  <member type="way" ref="24474018" role=""/>
  <member type="way" ref="666218370" role=""/>
  <member type="way" ref="666218366" role=""/>
  <member type="way" ref="666218365" role=""/>
  <member type="way" ref="666218368" role=""/>
  <member type="way" ref="666218367" role=""/>
  <member type="way" ref="666218369" role=""/>
  <member type="way" ref="24474061" role=""/>
  <member type="way" ref="888799780" role=""/>
  <member type="way" ref="586377723" role=""/>
  <member type="way" ref="24474043" role=""/>
  <member type="way" ref="659904327" role=""/>
  <member type="way" ref="669943704" role=""/>
  <member type="way" ref="1364444132" role=""/>
  <member type="way" ref="1364444131" role=""/>
  <member type="way" ref="669943705" role=""/>
  <member type="way" ref="579764012" role=""/>
  <member type="way" ref="662777948" role=""/>
  <member type="way" ref="662777949" role=""/>
  <member type="way" ref="662264915" role=""/>
  <member type="way" ref="662264916" role=""/>
  <member type="way" ref="1393996841" role=""/>
  <member type="way" ref="658627485" role=""/>
  <member type="way" ref="661060786" role=""/>
  <member type="way" ref="661060785" role=""/>
  <member type="way" ref="658627484" role=""/>
  <member type="way" ref="658627487" role=""/>
  <member type="way" ref="658627486" role=""/>
  <member type="way" ref="24471367" role=""/>
  <member type="way" ref="1364437355" role=""/>
  <member type="way" ref="1393996840" role=""/>
  <member type="way" ref="657230621" role=""/>
  <member type="way" ref="24471615" role=""/>
  <member type="way" ref="1364436415" role=""/>
  <member type="way" ref="1393996838" role=""/>
  <member type="way" ref="656881466" role=""/>
  <member type="way" ref="1364436420" role=""/>
  <member type="way" ref="1364436419" role=""/>
  <member type="way" ref="1393996837" role=""/>
  <member type="way" ref="505161469" role=""/>
  <member type="way" ref="505161465" role=""/>
  <member type="way" ref="505161466" role=""/>
  <member type="way" ref="505161464" role=""/>
  <member type="way" ref="656881473" role=""/>
  <member type="way" ref="656881475" role=""/>
  <member type="way" ref="656881472" role=""/>
  <member type="way" ref="656881474" role=""/>
  <member type="way" ref="505161467" role=""/>
  <member type="way" ref="505161468" role=""/>
  <member type="way" ref="415048514" role=""/>
  <member type="way" ref="415048510" role=""/>
  <member type="way" ref="656386311" role=""/>
  <member type="way" ref="656386310" role=""/>
  <member type="way" ref="656386313" role=""/>
  <member type="way" ref="656386312" role=""/>
  <member type="way" ref="415048520" role=""/>
  <member type="way" ref="415048509" role=""/>
  <member type="way" ref="415034960" role=""/>
  <member type="way" ref="415034953" role=""/>
  <member type="way" ref="655816026" role=""/>
  <member type="way" ref="1393996834" role=""/>
  <member type="way" ref="1393996833" role=""/>
  <member type="way" ref="1364432856" role=""/>
  <member type="way" ref="1393996835" role=""/>
  <member type="way" ref="655816032" role=""/>
  <member type="way" ref="24471588" role=""/>
  <member type="way" ref="497866161" role=""/>
  <member type="way" ref="497866160" role=""/>
  <member type="way" ref="655494226" role=""/>
  <member type="way" ref="655494225" role=""/>
  <member type="way" ref="497866159" role=""/>
  <member type="way" ref="497866158" role=""/>
  <member type="way" ref="655282169" role=""/>
  <member type="way" ref="655282168" role=""/>
  <member type="way" ref="1393996831" role=""/>
  <member type="way" ref="655282171" role=""/>
  <member type="way" ref="24471427" role=""/>
  <member type="way" ref="1393996830" role=""/>
  <member type="way" ref="655282174" role=""/>
  <member type="way" ref="655282173" role=""/>
  <member type="way" ref="497866157" role=""/>
  <member type="way" ref="497866156" role=""/>
  <member type="way" ref="659837384" role=""/>
  <member type="way" ref="659837383" role=""/>
  <member type="way" ref="655138796" role=""/>
  <member type="way" ref="655138795" role=""/>
  <member type="way" ref="655138811" role=""/>
  <member type="way" ref="655138810" role=""/>
  <member type="way" ref="1364432850" role=""/>
  <member type="way" ref="1364432851" role=""/>
  <member type="way" ref="1364432852" role=""/>
  <member type="way" ref="1364432853" role=""/>
  <member type="way" ref="1364432854" role=""/>
  <member type="way" ref="1364432855" role=""/>
  <member type="way" ref="1393996827" role=""/>
  <member type="way" ref="1364427492" role=""/>
  <member type="way" ref="24471323" role=""/>
  <member type="way" ref="228029316" role=""/>
  <member type="way" ref="228029317" role=""/>
  <member type="way" ref="228029315" role=""/>
  <member type="way" ref="228029313" role=""/>
  <member type="way" ref="228029314" role=""/>
  <member type="way" ref="228203373" role=""/>
  <member type="way" ref="228203375" role=""/>
  <member type="way" ref="228203376" role=""/>
  <member type="way" ref="228203374" role=""/>
  <member type="way" ref="651120926" role=""/>
  <member type="way" ref="651120927" role=""/>
  <member type="way" ref="1364425284" role=""/>
  <member type="way" ref="1364425285" role=""/>
  <member type="way" ref="228204212" role=""/>
  <member type="way" ref="228204214" role=""/>
  <member type="way" ref="1393996829" role=""/>
  <member type="way" ref="1393996825" role=""/>
  <member type="way" ref="24471454" role=""/>
  <member type="way" ref="1393996828" role=""/>
  <member type="way" ref="672872901" role=""/>
  <member type="way" ref="672872903" role=""/>
  <member type="way" ref="672872905" role=""/>
  <member type="way" ref="672872904" role=""/>
  <member type="way" ref="497866155" role=""/>
  <member type="way" ref="497866154" role=""/>
  <member type="way" ref="415422401" role=""/>
  <member type="way" ref="415422400" role=""/>
  <member type="way" ref="1365672645" role=""/>
  <member type="way" ref="24471549" role=""/>
  <member type="way" ref="323368940" role=""/>
  <member type="way" ref="323368939" role=""/>
  <member type="way" ref="24471624" role=""/>
  <member type="way" ref="24471779" role=""/>
  <member type="way" ref="1393996819" role=""/>
  <member type="way" ref="741143554" role=""/>
  <member type="way" ref="741143555" role=""/>
  <member type="way" ref="658990357" role=""/>
  <member type="way" ref="658990358" role=""/>
  <member type="way" ref="182968089" role=""/>
  <member type="way" ref="182968086" role=""/>
  <member type="way" ref="24471780" role=""/>
  <member type="way" ref="182968087" role=""/>
  <member type="way" ref="182968085" role=""/>
  <member type="way" ref="182968088" role=""/>
  <member type="way" ref="182968084" role=""/>
  <member type="way" ref="24471550" role=""/>
  <member type="way" ref="1393996818" role=""/>
  <member type="way" ref="24471771" role=""/>
  <member type="way" ref="1365672673" role=""/>
  <member type="way" ref="1393996817" role=""/>
  <member type="way" ref="1365672674" role=""/>
  <member type="way" ref="24471563" role=""/>
  <member type="way" ref="601655496" role=""/>
  <member type="way" ref="601655497" role=""/>
  <member type="way" ref="24471448" role=""/>
  <member type="way" ref="1235720570" role=""/>
  <member type="way" ref="1235720572" role=""/>
  <member type="way" ref="1235720571" role=""/>
  <member type="way" ref="601655531" role=""/>
  <member type="way" ref="1235720569" role=""/>
  <member type="way" ref="601655502" role=""/>
  <member type="way" ref="601655508" role=""/>
  <member type="way" ref="601655530" role=""/>
  <member type="way" ref="24471758" role=""/>
  <member type="way" ref="665365748" role=""/>
  <member type="way" ref="665365750" role=""/>
  <member type="way" ref="665365749" role=""/>
  <member type="way" ref="665365751" role=""/>
  <member type="way" ref="1365521444" role=""/>
  <member type="way" ref="1365521443" role=""/>
  <member type="way" ref="24471465" role=""/>
  <member type="way" ref="24471756" role=""/>
  <member type="way" ref="1365521446" role=""/>
  <member type="way" ref="1365521447" role=""/>
  <member type="way" ref="1365521448" role=""/>
  <member type="way" ref="1365521445" role=""/>
  <member type="way" ref="1292130392" role=""/>
  <member type="way" ref="1292130393" role=""/>
  <member type="way" ref="1292130394" role=""/>
  <member type="way" ref="1292130395" role=""/>
  <member type="way" ref="24471318" role=""/>
  <member type="way" ref="1393996813" role=""/>
  <member type="way" ref="24471410" role=""/>
  <member type="way" ref="1291922212" role=""/>
  <member type="way" ref="1291922213" role=""/>
  <member type="way" ref="1119757830" role=""/>
  <member type="way" ref="1119757829" role=""/>
  <member type="way" ref="1119757828" role=""/>
  <member type="way" ref="1119757827" role=""/>
  <member type="way" ref="24471761" role=""/>
  <member type="way" ref="24471734" role=""/>
  <member type="way" ref="645592147" role=""/>
  <member type="way" ref="645592146" role=""/>
  <member type="way" ref="645591322" role=""/>
  <member type="way" ref="1291922207" role=""/>
  <member type="way" ref="1291922206" role=""/>
  <member type="way" ref="645591321" role=""/>
  <member type="way" ref="1291922205" role=""/>
  <member type="way" ref="1291922204" role=""/>
  <member type="way" ref="1393996810" role=""/>
  <member type="way" ref="24471456" role=""/>
  <member type="way" ref="1393996812" role=""/>
  <member type="way" ref="629871643" role=""/>
  <member type="way" ref="629871640" role=""/>
  <member type="way" ref="24471368" role=""/>
  <member type="way" ref="24471460" role=""/>
  <member type="way" ref="1236013911" role=""/>
  <member type="way" ref="1236013912" role=""/>
  <member type="way" ref="645586481" role=""/>
  <member type="way" ref="645586480" role=""/>
  <member type="way" ref="645587084" role=""/>
  <member type="way" ref="645587083" role=""/>
  <member type="way" ref="24471608" role=""/>
  <member type="way" ref="1365672657" role=""/>
  <member type="way" ref="1365672655" role=""/>
  <member type="way" ref="1365672656" role=""/>
  <member type="way" ref="24471419" role=""/>
  <member type="way" ref="1288541685" role=""/>
  <member type="way" ref="1288541686" role=""/>
  <member type="way" ref="1235731482" role=""/>
  <member type="way" ref="1235731481" role=""/>
  <member type="way" ref="665205625" role=""/>
  <member type="way" ref="24471687" role=""/>
  <member type="way" ref="645554620" role=""/>
  <member type="way" ref="1286702981" role=""/>
  <member type="way" ref="1286702982" role=""/>
  <member type="way" ref="645554619" role=""/>
  <member type="way" ref="1286703002" role=""/>
  <member type="way" ref="1393996806" role=""/>
  <member type="way" ref="24471409" role=""/>
  <member type="way" ref="1235805750" role=""/>
  <member type="way" ref="1235805752" role=""/>
  <member type="way" ref="1235805751" role=""/>
  <member type="way" ref="24471443" role=""/>
  <member type="way" ref="696803849" role=""/>
  <member type="way" ref="696803850" role=""/>
  <member type="way" ref="1317578578" role=""/>
  <member type="way" ref="1317578577" role=""/>
  <member type="way" ref="24471415" role=""/>
  <member type="way" ref="1328245987" role=""/>
  <member type="way" ref="1328245988" role=""/>
  <member type="way" ref="1325518558" role=""/>
  <member type="way" ref="1325518559" role=""/>
  <member type="way" ref="1323258449" role=""/>
  <member type="way" ref="1323258450" role=""/>
  <member type="way" ref="24471656" role=""/>
  <member type="way" ref="1308890190" role=""/>
  <member type="way" ref="1308890189" role=""/>
  <member type="way" ref="1304526530" role=""/>
  <member type="way" ref="1304526531" role=""/>
  <member type="way" ref="1393996802" role=""/>
  <member type="way" ref="577813576" role=""/>
  <member type="way" ref="1393996801" role=""/>
  <member type="way" ref="1393996804" role=""/>
  <member type="way" ref="577813577" role=""/>
  <member type="way" ref="24471400" role=""/>
  <member type="way" ref="1365698835" role=""/>
  <member type="way" ref="1365698834" role=""/>
  <member type="way" ref="1393996798" role=""/>
  <member type="way" ref="24471307" role=""/>
  <member type="way" ref="1365698816" role=""/>
  <member type="way" ref="1393996797" role=""/>
  <member type="way" ref="1365698817" role=""/>
  <member type="way" ref="665287760" role=""/>
  <member type="way" ref="1271765347" role=""/>
  <member type="way" ref="1271765348" role=""/>
  <member type="way" ref="1271765349" role=""/>
  <member type="way" ref="1271765350" role=""/>
  <member type="way" ref="665287761" role=""/>
  <member type="way" ref="665287763" role=""/>
  <member type="way" ref="665287762" role=""/>
  <member type="way" ref="665287764" role=""/>
  <member type="way" ref="665287765" role=""/>
  <member type="way" ref="665287766" role=""/>
  <member type="way" ref="665287767" role=""/>
  <member type="way" ref="665287768" role=""/>
  <member type="way" ref="665287769" role=""/>
  <member type="way" ref="665287770" role=""/>
  <member type="way" ref="665287771" role=""/>
  <member type="way" ref="1270694906" role=""/>
  <member type="way" ref="1270694907" role=""/>
  <member type="way" ref="1270694904" role=""/>
  <member type="way" ref="1270694905" role=""/>
  <member type="way" ref="24471644" role=""/>
  <member type="way" ref="24471473" role=""/>
  <member type="way" ref="1393996796" role=""/>
  <member type="way" ref="24471680" role=""/>
  <member type="way" ref="1270931342" role=""/>
  <member type="way" ref="1271019785" role=""/>
  <member type="way" ref="1271019781" role=""/>
  <member type="way" ref="1271019780" role=""/>
  <member type="way" ref="1271019783" role=""/>
  <member type="way" ref="1271019782" role=""/>
  <member type="way" ref="1271019784" role=""/>
  <member type="way" ref="1270931341" role=""/>
  <member type="way" ref="1044402970" role=""/>
  <member type="way" ref="1044402971" role=""/>
  <member type="way" ref="24471372" role=""/>
  <member type="way" ref="1393996793" role=""/>
  <member type="way" ref="24471731" role=""/>
  <member type="way" ref="1363834866" role=""/>
  <member type="way" ref="1393996794" role=""/>
  <member type="way" ref="1363834867" role=""/>
  <member type="way" ref="24471708" role=""/>
  <member type="way" ref="24471752" role=""/>
  <member type="way" ref="1204729836" role=""/>
  <member type="way" ref="1393996792" role=""/>
  <member type="way" ref="440541230" role=""/>
  <member type="way" ref="24471315" role=""/>
  <member type="way" ref="383795515" role=""/>
  <member type="way" ref="24471713" role=""/>
  <member type="way" ref="383708518" role=""/>
  <member type="way" ref="1393996790" role=""/>
  <member type="way" ref="1393996789" role=""/>
  <member type="way" ref="412871485" role=""/>
  <member type="way" ref="1205083425" role=""/>
  <member type="way" ref="412871481" role=""/>
  <member type="way" ref="659904351" role=""/>
  <member type="way" ref="146877426" role=""/>
  <member type="way" ref="383708517" role=""/>
  <member type="way" ref="383708515" role=""/>
  <member type="way" ref="383708516" role=""/>
  <member type="way" ref="1312164026" role=""/>
  <member type="way" ref="1314282476" role=""/>
  <member type="way" ref="24471457" role=""/>
  <member type="way" ref="1097441961" role=""/>
  <member type="way" ref="1393996785" role=""/>
  <member type="way" ref="1097441960" role=""/>
  <member type="way" ref="24471426" role=""/>
  <member type="way" ref="24471698" role=""/>
  <member type="way" ref="682230553" role=""/>
  <member type="way" ref="682230552" role=""/>
  <member type="way" ref="682246194" role=""/>
  <member type="way" ref="682246190" role=""/>
  <member type="way" ref="24471576" role=""/>
  <member type="way" ref="1393996784" role=""/>
  <member type="way" ref="1393996783" role=""/>
  <member type="way" ref="1443914325" role=""/>
  <member type="way" ref="1443914326" role=""/>
  <member type="way" ref="24471421" role=""/>
  <member type="way" ref="826325447" role=""/>
  <member type="way" ref="1267146437" role=""/>
  <member type="way" ref="1267146438" role=""/>
  <member type="way" ref="1393996782" role=""/>
  <member type="way" ref="1393996779" role=""/>
  <member type="way" ref="1393996781" role=""/>
  <member type="way" ref="826325446" role=""/>
  <member type="way" ref="1125520698" role=""/>
  <member type="way" ref="1125520699" role=""/>
  <member type="way" ref="24471397" role=""/>
  <member type="way" ref="826330905" role=""/>
  <member type="way" ref="1393996776" role=""/>
  <member type="way" ref="826330906" role=""/>
  <member type="way" ref="24471552" role=""/>
  <member type="way" ref="826330900" role=""/>
  <member type="way" ref="826330899" role=""/>
  <member type="way" ref="24471755" role=""/>
  <member type="way" ref="431516852" role=""/>
  <member type="way" ref="431516857" role=""/>
  <member type="way" ref="431516880" role=""/>
  <member type="way" ref="431516866" role=""/>
  <member type="way" ref="24471379" role=""/>
  <member type="way" ref="431516861" role=""/>
  <member type="way" ref="431516878" role=""/>
  <member type="way" ref="431516858" role=""/>
  <member type="way" ref="431516876" role=""/>
  <member type="way" ref="431516860" role=""/>
  <member type="way" ref="431516853" role=""/>
  <member type="way" ref="431516865" role=""/>
  <member type="way" ref="431516870" role=""/>
  <member type="way" ref="952170390" role=""/>
  <member type="way" ref="952170389" role=""/>
  <member type="way" ref="952170391" role=""/>
  <member type="way" ref="952170392" role=""/>
  <member type="way" ref="952170393" role=""/>
  <member type="way" ref="952170394" role=""/>
  <member type="way" ref="952170395" role=""/>
  <member type="way" ref="952170396" role=""/>
  <member type="way" ref="24471702" role=""/>
  <member type="way" ref="1393996774" role=""/>
  <member type="way" ref="24471776" role=""/>
  <member type="way" ref="1393996773" role=""/>
  <member type="way" ref="1346822391" role=""/>
  <member type="way" ref="1346822392" role=""/>
  <member type="way" ref="181212843" role=""/>
  <member type="way" ref="181212842" role=""/>
  <member type="way" ref="1393996764" role=""/>
  <member type="way" ref="412873647" role=""/>
  <member type="way" ref="1393996771" role=""/>
  <member type="way" ref="24471369" role=""/>
  <member type="way" ref="444123426" role=""/>
  <member type="way" ref="487391327" role=""/>
  <member type="way" ref="685641343" role=""/>
  <member type="way" ref="685641346" role=""/>
  <member type="way" ref="411893426" role=""/>
  <member type="way" ref="411893423" role=""/>
  <member type="way" ref="412873656" role=""/>
  <member type="way" ref="388884460" role=""/>
  <member type="way" ref="388884451" role=""/>
  <member type="way" ref="388884446" role=""/>
  <member type="way" ref="388884456" role=""/>
  <member type="way" ref="24471670" role=""/>
  <member type="way" ref="677372187" role=""/>
  <member type="way" ref="677372193" role=""/>
  <member type="way" ref="677372194" role=""/>
  <member type="way" ref="677372192" role=""/>
  <member type="way" ref="677372191" role=""/>
  <member type="way" ref="677372190" role=""/>
  <member type="way" ref="677372189" role=""/>
  <member type="way" ref="677372188" role=""/>
  <member type="way" ref="1240726129" role=""/>
  <member type="way" ref="1240726130" role=""/>
  <member type="way" ref="24471575" role=""/>
  <member type="way" ref="1238307319" role=""/>
  <member type="way" ref="1238307318" role=""/>
  <member type="way" ref="1393996759" role=""/>
  <member type="way" ref="1393996760" role=""/>
  <member type="way" ref="24471742" role=""/>
  <member type="way" ref="1393996757" role=""/>
  <member type="way" ref="1393996758" role=""/>
  <member type="way" ref="24471762" role=""/>
  <member type="way" ref="1273918749" role=""/>
  <member type="way" ref="1273918748" role=""/>
  <member type="way" ref="391840456" role=""/>
  <member type="way" ref="391840459" role=""/>
  <member type="way" ref="391840452" role=""/>
  <member type="way" ref="391840453" role=""/>
  <member type="way" ref="391840457" role=""/>
  <member type="way" ref="391840458" role=""/>
  <member type="way" ref="391840455" role=""/>
  <member type="way" ref="391840460" role=""/>
  <member type="way" ref="391840454" role=""/>
  <member type="way" ref="1457726890" role=""/>
  <member type="way" ref="1457726891" role=""/>
  <member type="way" ref="391840451" role=""/>
  <member type="way" ref="387639710" role=""/>
  <member type="way" ref="387639715" role=""/>
  <member type="way" ref="387639712" role=""/>
  <member type="way" ref="387639714" role=""/>
  <member type="way" ref="387639709" role=""/>
  <member type="way" ref="387639713" role=""/>
  <member type="way" ref="387639711" role=""/>
  <member type="way" ref="387639708" role=""/>
  <member type="way" ref="1393996752" role=""/>
  <member type="way" ref="413042575" role=""/>
  <member type="way" ref="413044296" role=""/>
  <member type="way" ref="413044295" role=""/>
  <member type="way" ref="413044626" role=""/>
  <member type="way" ref="413044627" role=""/>
  <member type="way" ref="1112400065" role=""/>
  <member type="way" ref="1112400064" role=""/>
  <member type="way" ref="1111191366" role=""/>
  <member type="way" ref="1111191367" role=""/>
  <member type="way" ref="397818307" role=""/>
  <member type="way" ref="397818304" role=""/>
  <member type="way" ref="656095764" role=""/>
  <member type="way" ref="1393996749" role=""/>
  <member type="way" ref="656095770" role=""/>
  <member type="way" ref="1266821814" role=""/>
  <member type="way" ref="1266821815" role=""/>
  <member type="way" ref="385660732" role=""/>
  <member type="way" ref="390604133" role=""/>
  <member type="way" ref="24471774" role=""/>
  <member type="way" ref="24471629" role=""/>
  <member type="way" ref="24471627" role=""/>
  <member type="way" ref="1393996747" role=""/>
  <member type="way" ref="1393996746" role=""/>
  <member type="way" ref="1107888085" role=""/>
  <member type="way" ref="1107888086" role=""/>
  <member type="way" ref="1107992939" role=""/>
  <member type="way" ref="1107992940" role=""/>
  <member type="way" ref="1108941360" role=""/>
  <member type="way" ref="1108941361" role=""/>
  <member type="way" ref="24471618" role=""/>
  <member type="way" ref="1080208163" role=""/>
  <member type="way" ref="1080208162" role=""/>
  <member type="way" ref="1393996745" role=""/>
  <member type="way" ref="1393996744" role=""/>
  <member type="way" ref="24471355" role=""/>
  <member type="way" ref="1115691481" role=""/>
  <member type="way" ref="1350633345" role=""/>
  <member type="way" ref="1350633346" role=""/>
  <member type="way" ref="1350633347" role=""/>
  <member type="way" ref="1350633348" role=""/>
  <member type="way" ref="1115691480" role=""/>
  <member type="way" ref="1393996743" role=""/>
  <member type="way" ref="1393996742" role=""/>
  <member type="way" ref="1115542502" role=""/>
  <member type="way" ref="1115542501" role=""/>
  <member type="way" ref="24471679" role=""/>
  <member type="way" ref="556458328" role=""/>
  <member type="way" ref="556458331" role=""/>
  <member type="way" ref="24471747" role=""/>
  <member type="way" ref="24471461" role=""/>
  <member type="way" ref="24471598" role=""/>
  <member type="way" ref="1393996741" role=""/>
  <member type="way" ref="24471721" role=""/>
  <member type="way" ref="1115677090" role=""/>
  <member type="way" ref="593043763" role=""/>
  <member type="way" ref="593043756" role=""/>
  <member type="way" ref="24471754" role=""/>
  <member type="way" ref="1393996740" role=""/>
  <member type="way" ref="1115677131" role=""/>
  <member type="way" ref="1115677132" role=""/>
  <member type="way" ref="24471565" role=""/>
  <member type="way" ref="24471398" role=""/>
  <member type="way" ref="1115677144" role=""/>
  <member type="way" ref="1115677145" role=""/>
  <member type="way" ref="593195610" role=""/>
  <member type="way" ref="1115677176" role=""/>
  <member type="way" ref="1115677177" role=""/>
  <member type="way" ref="593195609" role=""/>
  <member type="way" ref="1115677174" role=""/>
  <member type="way" ref="1115677175" role=""/>
  <member type="way" ref="1026269661" role=""/>
  <member type="way" ref="1026269662" role=""/>
  <member type="way" ref="24471781" role=""/>
  <member type="way" ref="1393996739" role=""/>
  <member type="way" ref="24471622" role=""/>
  <member type="way" ref="1393996738" role=""/>
  <member type="way" ref="24471775" role=""/>
  <member type="way" ref="1391351160" role=""/>
  <member type="way" ref="1391351161" role=""/>
  <member type="way" ref="593209554" role=""/>
  <member type="way" ref="1391351185" role=""/>
  <member type="way" ref="1391351184" role=""/>
  <member type="way" ref="1391351186" role=""/>
  <member type="way" ref="24471388" role=""/>
  <member type="way" ref="1114949148" role=""/>
  <member type="way" ref="1114949149" role=""/>
  <member type="way" ref="1393996737" role=""/>
  <member type="way" ref="24471591" role=""/>
  <member type="way" ref="24471790" role=""/>
  <member type="way" ref="1393996736" role=""/>
  <member type="way" ref="593248969" role=""/>
  <member type="way" ref="593248974" role=""/>
  <member type="way" ref="24471707" role=""/>
  <member type="way" ref="1393996735" role=""/>
  <member type="way" ref="24471374" role=""/>
  <member type="way" ref="1393996734" role=""/>
  <member type="way" ref="560994281" role=""/>
  <member type="way" ref="560994280" role=""/>
  <member type="way" ref="24471641" role=""/>
  <member type="way" ref="413387785" role=""/>
  <member type="way" ref="24471635" role=""/>
  <member type="way" ref="1018231417" role=""/>
  <member type="way" ref="1018231416" role=""/>
  <member type="way" ref="1018231415" role=""/>
  <member type="way" ref="1018231414" role=""/>
  <member type="way" ref="1018231413" role=""/>
  <member type="way" ref="1018231412" role=""/>
  <member type="way" ref="383517125" role=""/>
  <member type="way" ref="1017593585" role=""/>
  <member type="way" ref="1017593586" role=""/>
  <member type="way" ref="449678469" role=""/>
  <member type="way" ref="659904336" role=""/>
  <member type="way" ref="1393996731" role=""/>
  <member type="way" ref="1393996730" role=""/>
  <member type="way" ref="659904337" role=""/>
  <member type="way" ref="659904338" role=""/>
  <member type="way" ref="397892986" role=""/>
  <member type="way" ref="397889542" role=""/>
  <member type="way" ref="397892988" role=""/>
  <member type="way" ref="449686899" role=""/>
  <member type="way" ref="449686900" role=""/>
  <member type="way" ref="1017299658" role=""/>
  <member type="way" ref="593922461" role=""/>
  <member type="way" ref="1017299660" role=""/>
  <member type="way" ref="1017299659" role=""/>
  <member type="way" ref="593922460" role=""/>
  <member type="way" ref="450194554" role=""/>
  <member type="way" ref="450194555" role=""/>
  <member type="way" ref="1017299645" role=""/>
  <member type="way" ref="1017299644" role=""/>
  <member type="way" ref="450194552" role=""/>
  <member type="way" ref="593932185" role=""/>
  <member type="way" ref="1017299629" role=""/>
  <member type="way" ref="1017299628" role=""/>
  <member type="way" ref="450194553" role=""/>
  <member type="way" ref="1017299624" role=""/>
  <member type="way" ref="1017299623" role=""/>
  <member type="way" ref="24471375" role=""/>
  <member type="way" ref="1393996727" role=""/>
  <member type="way" ref="24471540" role=""/>
  <member type="way" ref="453426107" role=""/>
  <member type="way" ref="453426110" role=""/>
  <member type="way" ref="453426109" role=""/>
  <member type="way" ref="453426108" role=""/>
  <member type="way" ref="1017299603" role=""/>
  <member type="way" ref="1017299602" role=""/>
  <member type="way" ref="450250751" role=""/>
  <member type="way" ref="450250753" role=""/>
  <member type="way" ref="594226988" role=""/>
  <member type="way" ref="594226986" role=""/>
  <member type="way" ref="1016576183" role=""/>
  <member type="way" ref="594226989" role=""/>
  <member type="way" ref="400028295" role=""/>
  <member type="way" ref="594347994" role=""/>
  <member type="way" ref="594347993" role=""/>
  <member type="way" ref="594347973" role=""/>
  <member type="way" ref="400027213" role=""/>
  <member type="way" ref="400027209" role=""/>
  <member type="way" ref="433839196" role=""/>
  <member type="way" ref="433839194" role=""/>
  <member type="way" ref="433840757" role=""/>
  <member type="way" ref="433840756" role=""/>
  <member type="way" ref="594347961" role=""/>
  <member type="way" ref="1016576101" role=""/>
  <member type="way" ref="1016576102" role=""/>
  <member type="way" ref="1016576099" role=""/>
  <member type="way" ref="1016576100" role=""/>
  <member type="way" ref="1393996724" role=""/>
  <member type="way" ref="397999496" role=""/>
  <member type="way" ref="595490224" role=""/>
  <member type="way" ref="1016514699" role=""/>
  <member type="way" ref="1016514700" role=""/>
  <member type="way" ref="400003842" role=""/>
  <member type="way" ref="1016514690" role=""/>
  <member type="way" ref="1016514689" role=""/>
  <member type="way" ref="1016514692" role=""/>
  <member type="way" ref="1016514691" role=""/>
  <member type="way" ref="1016514688" role=""/>
  <member type="way" ref="1016514687" role=""/>
  <member type="way" ref="400003841" role=""/>
  <member type="way" ref="400003840" role=""/>
  <member type="way" ref="400003839" role=""/>
  <member type="way" ref="400003837" role=""/>
  <member type="way" ref="400003838" role=""/>
  <member type="way" ref="1016514685" role=""/>
  <member type="way" ref="1016514686" role=""/>
  <member type="way" ref="24471792" role=""/>
  <member type="way" ref="1016514684" role=""/>
  <member type="way" ref="1016514683" role=""/>
  <member type="way" ref="1016514682" role=""/>
  <member type="way" ref="1016514681" role=""/>
  <member type="way" ref="1393996722" role=""/>
  <member type="way" ref="24471671" role=""/>
  <member type="way" ref="1393996721" role=""/>
  <member type="way" ref="399991758" role=""/>
  <member type="way" ref="1016514668" role=""/>
  <member type="way" ref="1016514667" role=""/>
  <member type="way" ref="399991767" role=""/>
  <member type="way" ref="428052772" role=""/>
  <member type="way" ref="1016514664" role=""/>
  <member type="way" ref="1016514665" role=""/>
  <member type="way" ref="1016514666" role=""/>
  <member type="way" ref="1016514663" role=""/>
  <member type="way" ref="428052771" role=""/>
  <member type="way" ref="399989968" role=""/>
  <member type="way" ref="1016514662" role=""/>
  <member type="way" ref="1016514661" role=""/>
  <member type="way" ref="399989973" role=""/>
  <member type="way" ref="399989964" role=""/>
  <member type="way" ref="399989959" role=""/>
  <member type="way" ref="1393996719" role=""/>
  <member type="way" ref="24471446" role=""/>
  <member type="way" ref="24471366" role=""/>
  <member type="way" ref="595631136" role=""/>
  <member type="way" ref="1393996720" role=""/>
  <member type="way" ref="595631135" role=""/>
  <member type="way" ref="595631134" role=""/>
  <member type="way" ref="1016514646" role=""/>
  <member type="way" ref="1016514645" role=""/>
  <member type="way" ref="595631133" role=""/>
  <member type="way" ref="764370754" role=""/>
  <member type="way" ref="764370755" role=""/>
  <member type="way" ref="1016514639" role=""/>
  <member type="way" ref="1016514640" role=""/>
  <member type="way" ref="595631132" role=""/>
  <member type="way" ref="1016082399" role=""/>
  <member type="way" ref="1016082398" role=""/>
  <member type="way" ref="595631125" role=""/>
  <member type="way" ref="789962984" role=""/>
  <member type="way" ref="789962985" role=""/>
  <member type="way" ref="399977452" role=""/>
  <member type="way" ref="399977453" role=""/>
  <member type="way" ref="399977451" role=""/>
  <member type="way" ref="399977450" role=""/>
  <member type="way" ref="595631117" role=""/>
  <member type="way" ref="1016082389" role=""/>
  <member type="way" ref="1016082388" role=""/>
  <member type="way" ref="595631113" role=""/>
  <member type="way" ref="762924123" role=""/>
  <member type="way" ref="762924122" role=""/>
  <member type="way" ref="24471786" role=""/>
  <member type="way" ref="1016082387" role=""/>
  <member type="way" ref="1016082386" role=""/>
  <member type="way" ref="398738185" role=""/>
  <member type="way" ref="24471407" role=""/>
  <member type="way" ref="24471783" role=""/>
  <member type="way" ref="437016032" role=""/>
  <member type="way" ref="437016031" role=""/>
  <member type="way" ref="1015915838" role=""/>
  <member type="way" ref="1015915839" role=""/>
  <member type="way" ref="24471634" role=""/>
  <member type="way" ref="382765521" role=""/>
  <member type="way" ref="392945146" role=""/>
  <member type="way" ref="392945147" role=""/>
  <member type="way" ref="392945145" role=""/>
  <member type="way" ref="392552594" role=""/>
  <member type="way" ref="392552593" role=""/>
  <member type="way" ref="392945329" role=""/>
  <member type="way" ref="392945330" role=""/>
  <member type="way" ref="414304376" role=""/>
  <member type="way" ref="414304375" role=""/>
  <member type="way" ref="414304377" role=""/>
  <member type="way" ref="414304378" role=""/>
  <member type="way" ref="392553385" role=""/>
  <member type="way" ref="392551715" role=""/>
  <member type="way" ref="1015293473" role=""/>
  <member type="way" ref="1015915775" role=""/>
  <member type="way" ref="391227292" role=""/>
  <member type="way" ref="391227287" role=""/>
  <tag k="from" v="新山口"/>
  <tag k="from:en" v="Shin-Yamaguchi"/>
  <tag k="name" v="スーパーおき4号 (新山口 =&gt; 鳥取)"/>
  <tag k="name:en" v="Super Oki 4 (Shin-Yamaguchi =&gt; Tottori)"/>
  <tag k="name:ja" v="スーパーおき4号 (新山口 =&gt; 鳥取)"/>
  <tag k="operator" v="西日本旅客鉄道"/>
  <tag k="operator:en" v="West Japan Railway Company"/>
  <tag k="operator:ja" v="西日本旅客鉄道"/>
  <tag k="operator:wikidata" v="Q502125"/>
  <tag k="public_transport:version" v="2"/>
  <tag k="route" v="train"/>
  <tag k="to" v="鳥取"/>
  <tag k="to:en" v="Tottori"/>
  <tag k="type" v="route"/>
 </relation>
 <relation id="19235493" visible="true" version="2" changeset="188304502" timestamp="2026-08-31T12:51:22Z" user="Soren Bradley" uid="23089575">
  <member type="relation" ref="19235470" role=""/>
  <member type="relation" ref="19235468" role=""/>
  <member type="relation" ref="1950435" role=""/>
  <member type="relation" ref="19235491" role=""/>
  <member type="relation" ref="19235469" role=""/>
  <member type="relation" ref="19235467" role=""/>
  <tag k="name" v="スーパーおき"/>
  <tag k="name:en" v="Super Oki"/>
  <tag k="operator" v="西日本旅客鉄道"/>
  <tag k="operator:en" v="West Japan Railway Company"/>
  <tag k="operator:ja" v="西日本旅客鉄道"/>
  <tag k="operator:wikidata" v="Q502125"/>
  <tag k="route_master" v="train"/>
  <tag k="type" v="route_master"/>
  <tag k="wikidata" v="Q8192131"/>
  <tag k="wikipedia" v="ja:おき (列車)"/>
 </relation>
 <relation id="19563808" visible="true" version="1" changeset="171438115" timestamp="2025-09-04T07:35:56Z" user="taketaketake" uid="4757277">
  <member type="way" ref="119878467" role=""/>
  <member type="way" ref="119878796" role=""/>
  <member type="way" ref="1036709690" role=""/>
  <member type="way" ref="119878679" role=""/>
  <member type="way" ref="119878779" role=""/>
  <member type="way" ref="1036709691" role=""/>
  <member type="way" ref="119878619" role=""/>
  <member type="way" ref="119878533" role=""/>
  <member type="way" ref="119878507" role=""/>
  <member type="way" ref="1036697523" role=""/>
  <member type="way" ref="119879037" role=""/>
  <member type="way" ref="119885215" role=""/>
  <member type="way" ref="1161949597" role=""/>
  <member type="way" ref="119885925" role=""/>
  <member type="way" ref="119886658" role=""/>
  <member type="way" ref="119886196" role=""/>
  <member type="way" ref="119887138" role=""/>
  <member type="way" ref="119885715" role=""/>
  <member type="way" ref="119888579" role=""/>
  <member type="way" ref="119885225" role=""/>
  <tag k="from" v="山口県山口市宮野下"/>
  <tag k="name" v="山口県道204号　宮野大歳線"/>
  <tag k="name:en" v="Yamaguchi Prefectural Route 204 Miyano Otoshi Line"/>
  <tag k="name:ja" v="山口県道204号　宮野大歳線"/>
  <tag k="name:ja-Hira" v="やまぐちけんどう204ごう みやのおおとしせん"/>
  <tag k="name:ja_rm" v="Yamaguchikendō 204-gō Miyano Ōtoshi-sen"/>
  <tag k="network" v="JP:prefectural"/>
  <tag k="ref" v="204"/>
  <tag k="route" v="road"/>
  <tag k="to" v="山口県山口市朝田"/>
  <tag k="type" v="route"/>
  <tag k="wikidata" v="Q11467194"/>
  <tag k="wikipedia" v="ja:山口県道204号宮野大歳線"/>
 </relation>
</osm>
