<?xml version="1.0" encoding="UTF-8"?>
<osm version="0.6" generator="openstreetmap-cgimap 2.1.0 (2942776 spike-08.openstreetmap.org)" copyright="OpenStreetMap and contributors" attribution="http://www.openstreetmap.org/copyright" license="http://opendatacommons.org/licenses/odbl/1-0/">
 <bounds minlat="34.2500333" minlon="131.4865267" maxlat="34.2524333" maxlon="131.4895267"/>
 <node id="530385882" visible="true" version="2" changeset="54323849" timestamp="2017-12-04T09:52:38Z" user="mklyr" uid="614924" lat="34.2854934" lon="131.4612800"/>
 <node id="530385884" visible="true" version="2" changeset="54323849" timestamp="2017-12-04T09:52:38Z" user="mklyr" uid="614924" lat="34.2853345" lon="131.4616107"/>
 <node id="530385887" visible="true" version="2" changeset="54323849" timestamp="2017-12-04T09:52:38Z" user="mklyr" uid="614924" lat="34.2852428" lon="131.4618944"/>
 <node id="530385889" visible="true" version="2" changeset="54323849" timestamp="2017-12-04T09:52:38Z" user="mklyr" uid="614924" lat="34.2848118" lon="131.4633487"/>
 <node id="530385891" visible="true" version="2" changeset="54323849" timestamp="2017-12-04T09:52:38Z" user="mklyr" uid="614924" lat="34.2846736" lon="131.4637181"/>
 <node id="530385893" visible="true" version="2" changeset="54323849" timestamp="2017-12-04T09:52:38Z" user="mklyr" uid="614924" lat="34.2839470" lon="131.4650850"/>
 <node id="530385895" visible="true" version="2" changeset="54323849" timestamp="2017-12-04T09:52:38Z" user="mklyr" uid="614924" lat="34.2833880" lon="131.4658448"/>
 <node id="530385897" visible="true" version="2" changeset="54323849" timestamp="2017-12-04T09:52:38Z" user="mklyr" uid="614924" lat="34.2830523" lon="131.4663874"/>
 <node id="530385900" visible="true" version="2" changeset="54323849" timestamp="2017-12-04T09:52:38Z" user="mklyr" uid="614924" lat="34.2828165" lon="131.4670228"/>
 <node id="530385905" visible="true" version="2" changeset="54323849" timestamp="2017-12-04T09:52:38Z" user="mklyr" uid="614924" lat="34.2824743" lon="131.4678217"/>
 <node id="530385906" visible="true" version="2" changeset="54323849" timestamp="2017-12-04T09:52:38Z" user="mklyr" uid="614924" lat="34.2820796" lon="131.4682009"/>
 <node id="530385907" visible="true" version="2" changeset="54323849" timestamp="2017-12-04T09:52:38Z" user="mklyr" uid="614924" lat="34.2815694" lon="131.4685936"/>
 <node id="530385908" visible="true" version="2" changeset="54323849" timestamp="2017-12-04T09:52:38Z" user="mklyr" uid="614924" lat="34.2811532" lon="131.4691415"/>
 <node id="530385909" visible="true" version="2" changeset="54323849" timestamp="2017-12-04T09:52:38Z" user="mklyr" uid="614924" lat="34.2807525" lon="131.4700278"/>
 <node id="530385910" visible="true" version="2" changeset="54323849" timestamp="2017-12-04T09:52:38Z" user="mklyr" uid="614924" lat="34.2806271" lon="131.4702059"/>
 <node id="530385919" visible="true" version="2" changeset="54323849" timestamp="2017-12-04T09:52:38Z" user="mklyr" uid="614924" lat="34.2803522" lon="131.4704548"/>
 <node id="530385921" visible="true" version="2" changeset="54323849" timestamp="2017-12-04T09:52:38Z" user="mklyr" uid="614924" lat="34.2801326" lon="131.4705682"/>
 <node id="530385924" visible="true" version="2" changeset="54323849" timestamp="2017-12-04T09:52:38Z" user="mklyr" uid="614924" lat="34.2795103" lon="131.4708367"/>
 <node id="530385926" visible="true" version="2" changeset="54323849" timestamp="2017-12-04T09:52:38Z" user="mklyr" uid="614924" lat="34.2791763" lon="131.4710349"/>
 <node id="530385929" visible="true" version="2" changeset="54323849" timestamp="2017-12-04T09:52:38Z" user="mklyr" uid="614924" lat="34.2788274" lon="131.4713039"/>
 <node id="530385933" visible="true" version="2" changeset="54323849" timestamp="2017-12-04T09:52:38Z" user="mklyr" uid="614924" lat="34.2784671" lon="131.4717221"/>
 <node id="530385935" visible="true" version="2" changeset="54323849" timestamp="2017-12-04T09:52:38Z" user="mklyr" uid="614924" lat="34.2777621" lon="131.4726582"/>
 <node id="530385938" visible="true" version="2" changeset="54323849" timestamp="2017-12-04T09:52:38Z" user="mklyr" uid="614924" lat="34.2771773" lon="131.4733869"/>
 <node id="530385940" visible="true" version="2" changeset="54323849" timestamp="2017-12-04T09:52:38Z" user="mklyr" uid="614924" lat="34.2769171" lon="131.4735663"/>
 <node id="530385943" visible="true" version="2" changeset="54323849" timestamp="2017-12-04T09:52:38Z" user="mklyr" uid="614924" lat="34.2765463" lon="131.4736691"/>
 <node id="530385946" visible="true" version="2" changeset="54323849" timestamp="2017-12-04T09:52:38Z" user="mklyr" uid="614924" lat="34.2761929" lon="131.4736457"/>
 <node id="530385949" visible="true" version="2" changeset="54323849" timestamp="2017-12-04T09:52:38Z" user="mklyr" uid="614924" lat="34.2754716" lon="131.4735266"/>
 <node id="530385951" visible="true" version="2" changeset="54323849" timestamp="2017-12-04T09:52:38Z" user="mklyr" uid="614924" lat="34.2752826" lon="131.4735211"/>
 <node id="530385955" visible="true" version="2" changeset="54323849" timestamp="2017-12-04T09:52:38Z" user="mklyr" uid="614924" lat="34.2748714" lon="131.4736168"/>
 <node id="530385958" visible="true" version="2" changeset="54323849" timestamp="2017-12-04T09:52:38Z" user="mklyr" uid="614924" lat="34.2738796" lon="131.4740103"/>
 <node id="530385961" visible="true" version="2" changeset="54323849" timestamp="2017-12-04T09:52:38Z" user="mklyr" uid="614924" lat="34.2736668" lon="131.4740859"/>
 <node id="530385963" visible="true" version="2" changeset="54323849" timestamp="2017-12-04T09:52:38Z" user="mklyr" uid="614924" lat="34.2731827" lon="131.4741213"/>
 <node id="530385966" visible="true" version="2" changeset="54323849" timestamp="2017-12-04T09:52:38Z" user="mklyr" uid="614924" lat="34.2726512" lon="131.4739869"/>
 <node id="530385969" visible="true" version="2" changeset="54323849" timestamp="2017-12-04T09:52:38Z" user="mklyr" uid="614924" lat="34.2703320" lon="131.4730605"/>
 <node id="530385976" visible="true" version="2" changeset="54323849" timestamp="2017-12-04T09:52:38Z" user="mklyr" uid="614924" lat="34.2692129" lon="131.4729621"/>
 <node id="530385978" visible="true" version="2" changeset="54323849" timestamp="2017-12-04T09:52:38Z" user="mklyr" uid="614924" lat="34.2688913" lon="131.4728730"/>
 <node id="530385980" visible="true" version="2" changeset="54323849" timestamp="2017-12-04T09:52:38Z" user="mklyr" uid="614924" lat="34.2684324" lon="131.4726091"/>
 <node id="530385982" visible="true" version="2" changeset="54323849" timestamp="2017-12-04T09:52:38Z" user="mklyr" uid="614924" lat="34.2681893" lon="131.4723844"/>
 <node id="530385989" visible="true" version="2" changeset="54323849" timestamp="2017-12-04T09:52:38Z" user="mklyr" uid="614924" lat="34.2670632" lon="131.4713908"/>
 <node id="530385991" visible="true" version="2" changeset="54323849" timestamp="2017-12-04T09:52:38Z" user="mklyr" uid="614924" lat="34.2666146" lon="131.4712004"/>
 <node id="530385993" visible="true" version="2" changeset="54323849" timestamp="2017-12-04T09:52:38Z" user="mklyr" uid="614924" lat="34.2661496" lon="131.4712104"/>
 <node id="530385995" visible="true" version="2" changeset="54323849" timestamp="2017-12-04T09:52:38Z" user="mklyr" uid="614924" lat="34.2657483" lon="131.4713616"/>
 <node id="530385997" visible="true" version="2" changeset="54323849" timestamp="2017-12-04T09:52:38Z" user="mklyr" uid="614924" lat="34.2652950" lon="131.4717864"/>
 <node id="530386000" visible="true" version="2" changeset="54323849" timestamp="2017-12-04T09:52:38Z" user="mklyr" uid="614924" lat="34.2651352" lon="131.4720751"/>
 <node id="530386002" visible="true" version="2" changeset="54323849" timestamp="2017-12-04T09:52:39Z" user="mklyr" uid="614924" lat="34.2649481" lon="131.4727724"/>
 <node id="530386004" visible="true" version="2" changeset="54323849" timestamp="2017-12-04T09:52:39Z" user="mklyr" uid="614924" lat="34.2649457" lon="131.4730197"/>
 <node id="530386007" visible="true" version="2" changeset="54323849" timestamp="2017-12-04T09:52:39Z" user="mklyr" uid="614924" lat="34.2649964" lon="131.4735900"/>
 <node id="530386009" visible="true" version="2" changeset="54323849" timestamp="2017-12-04T09:52:39Z" user="mklyr" uid="614924" lat="34.2647446" lon="131.4744131"/>
 <node id="530386011" visible="true" version="2" changeset="54323849" timestamp="2017-12-04T09:52:39Z" user="mklyr" uid="614924" lat="34.2641035" lon="131.4754576"/>
 <node id="530386013" visible="true" version="2" changeset="54323849" timestamp="2017-12-04T09:52:39Z" user="mklyr" uid="614924" lat="34.2638610" lon="131.4758294"/>
 <node id="530386015" visible="true" version="2" changeset="54323849" timestamp="2017-12-04T09:52:39Z" user="mklyr" uid="614924" lat="34.2630710" lon="131.4768529"/>
 <node id="530386017" visible="true" version="2" changeset="54323849" timestamp="2017-12-04T09:52:39Z" user="mklyr" uid="614924" lat="34.2623605" lon="131.4777546"/>
 <node id="530386019" visible="true" version="2" changeset="54323849" timestamp="2017-12-04T09:52:39Z" user="mklyr" uid="614924" lat="34.2620143" lon="131.4781219"/>
 <node id="530386021" visible="true" version="2" changeset="54323849" timestamp="2017-12-04T09:52:39Z" user="mklyr" uid="614924" lat="34.2611441" lon="131.4788109"/>
 <node id="530386023" visible="true" version="2" changeset="54323849" timestamp="2017-12-04T09:52:39Z" user="mklyr" uid="614924" lat="34.2602118" lon="131.4795316"/>
 <node id="530386025" visible="true" version="2" changeset="54323849" timestamp="2017-12-04T09:52:39Z" user="mklyr" uid="614924" lat="34.2600929" lon="131.4796338"/>
 <node id="530386028" visible="true" version="3" changeset="72159939" timestamp="2019-07-12T03:11:42Z" user="AYAGE" uid="521665" lat="34.2594902" lon="131.4808685"/>
 <node id="530386030" visible="true" version="3" changeset="72159939" timestamp="2019-07-12T03:11:42Z" user="AYAGE" uid="521665" lat="34.2593680" lon="131.4811918"/>
 <node id="530386031" visible="true" version="2" changeset="54323849" timestamp="2017-12-04T09:52:39Z" user="mklyr" uid="614924" lat="34.2590576" lon="131.4817098"/>
 <node id="530386032" visible="true" version="2" changeset="54323849" timestamp="2017-12-04T09:52:39Z" user="mklyr" uid="614924" lat="34.2587238" lon="131.4821779"/>
 <node id="530386033" visible="true" version="3" changeset="72159939" timestamp="2019-07-12T03:11:42Z" user="AYAGE" uid="521665" lat="34.2585316" lon="131.4826057"/>
 <node id="530386034" visible="true" version="2" changeset="54323849" timestamp="2017-12-04T09:52:39Z" user="mklyr" uid="614924" lat="34.2583735" lon="131.4830759"/>
 <node id="530386044" visible="true" version="3" changeset="72159939" timestamp="2019-07-12T03:11:42Z" user="AYAGE" uid="521665" lat="34.2577114" lon="131.4838043"/>
 <node id="530386046" visible="true" version="2" changeset="54323849" timestamp="2017-12-04T09:52:39Z" user="mklyr" uid="614924" lat="34.2560101" lon="131.4842429"/>
 <node id="530386048" visible="true" version="2" changeset="54323849" timestamp="2017-12-04T09:52:39Z" user="mklyr" uid="614924" lat="34.2554952" lon="131.4843727"/>
 <node id="530386050" visible="true" version="2" changeset="54323849" timestamp="2017-12-04T09:52:39Z" user="mklyr" uid="614924" lat="34.2551056" lon="131.4845570"/>
 <node id="530386053" visible="true" version="2" changeset="54323849" timestamp="2017-12-04T09:52:39Z" user="mklyr" uid="614924" lat="34.2549185" lon="131.4846925"/>
 <node id="530386055" visible="true" version="2" changeset="54323849" timestamp="2017-12-04T09:52:39Z" user="mklyr" uid="614924" lat="34.2542062" lon="131.4854193"/>
 <node id="530386058" visible="true" version="2" changeset="54324872" timestamp="2017-12-04T10:33:12Z" user="mklyr" uid="614924" lat="34.2530966" lon="131.4865752"/>
 <node id="530386060" visible="true" version="2" changeset="54324872" timestamp="2017-12-04T10:33:12Z" user="mklyr" uid="614924" lat="34.2520363" lon="131.4874719"/>
 <node id="530386064" visible="true" version="2" changeset="54324872" timestamp="2017-12-04T10:33:12Z" user="mklyr" uid="614924" lat="34.2506810" lon="131.4882475"/>
 <node id="530386066" visible="true" version="2" changeset="54324872" timestamp="2017-12-04T10:33:12Z" user="mklyr" uid="614924" lat="34.2491037" lon="131.4891530"/>
 <node id="530386070" visible="true" version="2" changeset="54324872" timestamp="2017-12-04T10:33:12Z" user="mklyr" uid="614924" lat="34.2453043" lon="131.4914961"/>
 <node id="530386072" visible="true" version="2" changeset="54324872" timestamp="2017-12-04T10:33:12Z" user="mklyr" uid="614924" lat="34.2447402" lon="131.4919482"/>
 <node id="530386075" visible="true" version="2" changeset="54324872" timestamp="2017-12-04T10:33:12Z" user="mklyr" uid="614924" lat="34.2441171" lon="131.4925190"/>
 <node id="530386077" visible="true" version="2" changeset="54324872" timestamp="2017-12-04T10:33:12Z" user="mklyr" uid="614924" lat="34.2437765" lon="131.4930154"/>
 <node id="530386080" visible="true" version="2" changeset="54324872" timestamp="2017-12-04T10:33:12Z" user="mklyr" uid="614924" lat="34.2429971" lon="131.4957795"/>
 <node id="530386082" visible="true" version="2" changeset="54324872" timestamp="2017-12-04T10:33:12Z" user="mklyr" uid="614924" lat="34.2428067" lon="131.4970894"/>
 <node id="530386084" visible="true" version="2" changeset="54324872" timestamp="2017-12-04T10:33:12Z" user="mklyr" uid="614924" lat="34.2428493" lon="131.4975902"/>
 <node id="530386087" visible="true" version="2" changeset="54324872" timestamp="2017-12-04T10:33:12Z" user="mklyr" uid="614924" lat="34.2437053" lon="131.5005076"/>
 <node id="530386088" visible="true" version="2" changeset="54324872" timestamp="2017-12-04T10:33:12Z" user="mklyr" uid="614924" lat="34.2438296" lon="131.5009060"/>
 <node id="530386090" visible="true" version="2" changeset="54324872" timestamp="2017-12-04T10:33:12Z" user="mklyr" uid="614924" lat="34.2441904" lon="131.5018459"/>
 <node id="530386092" visible="true" version="2" changeset="54324872" timestamp="2017-12-04T10:33:12Z" user="mklyr" uid="614924" lat="34.2445097" lon="131.5024968"/>
 <node id="530386094" visible="true" version="2" changeset="54324872" timestamp="2017-12-04T10:33:12Z" user="mklyr" uid="614924" lat="34.2446883" lon="131.5029216"/>
 <node id="530386102" visible="true" version="2" changeset="54324872" timestamp="2017-12-04T10:33:12Z" user="mklyr" uid="614924" lat="34.2447131" lon="131.5034151"/>
 <node id="530386104" visible="true" version="2" changeset="54324872" timestamp="2017-12-04T10:33:12Z" user="mklyr" uid="614924" lat="34.2445758" lon="131.5038429"/>
 <node id="530386108" visible="true" version="2" changeset="54324872" timestamp="2017-12-04T10:33:12Z" user="mklyr" uid="614924" lat="34.2443240" lon="131.5042420"/>
 <node id="530386110" visible="true" version="2" changeset="54324872" timestamp="2017-12-04T10:33:12Z" user="mklyr" uid="614924" lat="34.2441798" lon="131.5046741"/>
 <node id="530386115" visible="true" version="2" changeset="54324872" timestamp="2017-12-04T10:33:12Z" user="mklyr" uid="614924" lat="34.2441998" lon="131.5051432"/>
 <node id="530386121" visible="true" version="2" changeset="54324872" timestamp="2017-12-04T10:33:12Z" user="mklyr" uid="614924" lat="34.2444067" lon="131.5057168"/>
 <node id="530386125" visible="true" version="2" changeset="54324872" timestamp="2017-12-04T10:33:12Z" user="mklyr" uid="614924" lat="34.2445073" lon="131.5061460"/>
 <node id="530386128" visible="true" version="2" changeset="54324872" timestamp="2017-12-04T10:33:13Z" user="mklyr" uid="614924" lat="34.2445913" lon="131.5069800"/>
 <node id="530386130" visible="true" version="2" changeset="54324872" timestamp="2017-12-04T10:33:13Z" user="mklyr" uid="614924" lat="34.2447580" lon="131.5074821"/>
 <node id="530386133" visible="true" version="2" changeset="54324872" timestamp="2017-12-04T10:33:13Z" user="mklyr" uid="614924" lat="34.2450075" lon="131.5079642"/>
 <node id="530386136" visible="true" version="2" changeset="54324872" timestamp="2017-12-04T10:33:13Z" user="mklyr" uid="614924" lat="34.2452445" lon="131.5085102"/>
 <node id="530386140" visible="true" version="2" changeset="54324872" timestamp="2017-12-04T10:33:13Z" user="mklyr" uid="614924" lat="34.2454656" lon="131.5093019"/>
 <node id="530386144" visible="true" version="2" changeset="54324872" timestamp="2017-12-04T10:33:13Z" user="mklyr" uid="614924" lat="34.2456346" lon="131.5098095"/>
 <node id="530386147" visible="true" version="2" changeset="54324872" timestamp="2017-12-04T10:33:13Z" user="mklyr" uid="614924" lat="34.2462978" lon="131.5110515"/>
 <node id="530386150" visible="true" version="2" changeset="54324872" timestamp="2017-12-04T10:33:13Z" user="mklyr" uid="614924" lat="34.2472544" lon="131.5128101"/>
 <node id="530386152" visible="true" version="2" changeset="54324872" timestamp="2017-12-04T10:33:13Z" user="mklyr" uid="614924" lat="34.2474165" lon="131.5131463"/>
 <node id="530386153" visible="true" version="2" changeset="54324872" timestamp="2017-12-04T10:33:13Z" user="mklyr" uid="614924" lat="34.2475643" lon="131.5137276"/>
 <node id="530386154" visible="true" version="2" changeset="54324872" timestamp="2017-12-04T10:33:13Z" user="mklyr" uid="614924" lat="34.2476903" lon="131.5144754"/>
 <node id="530386155" visible="true" version="2" changeset="54324872" timestamp="2017-12-04T10:33:13Z" user="mklyr" uid="614924" lat="34.2478632" lon="131.5147915"/>
 <node id="530386157" visible="true" version="2" changeset="54324872" timestamp="2017-12-04T10:33:13Z" user="mklyr" uid="614924" lat="34.2482427" lon="131.5151405"/>
 <node id="748892351" visible="true" version="2" changeset="72159939" timestamp="2019-07-12T03:11:42Z" user="AYAGE" uid="521665" lat="34.2550421" lon="131.4804853"/>
 <node id="748903711" visible="true" version="2" changeset="54324872" timestamp="2017-12-04T10:33:13Z" user="mklyr" uid="614924" lat="34.2467132" lon="131.4902484"/>
 <node id="748904662" visible="true" version="2" changeset="72159939" timestamp="2019-07-12T03:11:42Z" user="AYAGE" uid="521665" lat="34.2558791" lon="131.4815648"/>
 <node id="748911204" visible="true" version="2" changeset="72159939" timestamp="2019-07-12T03:11:42Z" user="AYAGE" uid="521665" lat="34.2541211" lon="131.4807903"/>
 <node id="748919274" visible="true" version="2" changeset="54324872" timestamp="2017-12-04T10:33:13Z" user="mklyr" uid="614924" lat="34.2486732" lon="131.4890795"/>
 <node id="748920216" visible="true" version="2" changeset="72159939" timestamp="2019-07-12T03:11:42Z" user="AYAGE" uid="521665" lat="34.2554874" lon="131.4807369"/>
 <node id="748923331" visible="true" version="1" changeset="4813224" timestamp="2010-05-26T13:48:32Z" user="Tom_G3X" uid="146930" lat="34.2595970" lon="131.4802430"/>
 <node id="748926521" visible="true" version="1" changeset="4813224" timestamp="2010-05-26T13:50:15Z" user="Tom_G3X" uid="146930" lat="34.2500790" lon="131.4880530"/>
 <node id="748929586" visible="true" version="2" changeset="72159939" timestamp="2019-07-12T03:11:42Z" user="AYAGE" uid="521665" lat="34.2523265" lon="131.4836514"/>
 <node id="748934038" visible="true" version="2" changeset="72159939" timestamp="2019-07-12T03:11:42Z" user="AYAGE" uid="521665" lat="34.2570009" lon="131.4830294"/>
 <node id="748936785" visible="true" version="2" changeset="72159939" timestamp="2019-07-12T03:11:42Z" user="AYAGE" uid="521665" lat="34.2604032" lon="131.4783631"/>
 <node id="748941952" visible="true" version="2" changeset="72159939" timestamp="2019-07-12T03:11:42Z" user="AYAGE" uid="521665" lat="34.2511351" lon="131.4867236"/>
 <node id="748948141" visible="true" version="2" changeset="72159939" timestamp="2019-07-12T03:11:42Z" user="AYAGE" uid="521665" lat="34.2524524" lon="131.4845780"/>
 <node id="748961544" visible="true" version="2" changeset="72159939" timestamp="2019-07-12T03:11:42Z" user="AYAGE" uid="521665" lat="34.2597520" lon="131.4791425"/>
 <node id="748968089" visible="true" version="1" changeset="4813224" timestamp="2010-05-26T14:07:48Z" user="Tom_G3X" uid="146930" lat="34.2502940" lon="131.4873920"/>
 <node id="748973367" visible="true" version="2" changeset="72159939" timestamp="2019-07-12T03:11:42Z" user="AYAGE" uid="521665" lat="34.2521996" lon="131.4821156"/>
 <node id="748981783" visible="true" version="1" changeset="4813224" timestamp="2010-05-26T14:14:00Z" user="Tom_G3X" uid="146930" lat="34.2575830" lon="131.4831800"/>
 <node id="748985930" visible="true" version="2" changeset="54324872" timestamp="2017-12-04T10:33:13Z" user="mklyr" uid="614924" lat="34.2461771" lon="131.4903067"/>
 <node id="748987651" visible="true" version="2" changeset="72159939" timestamp="2019-07-12T03:11:42Z" user="AYAGE" uid="521665" lat="34.2616175" lon="131.4775612"/>
 <node id="748993714" visible="true" version="2" changeset="72159939" timestamp="2019-07-12T03:11:42Z" user="AYAGE" uid="521665" lat="34.2516544" lon="131.4860626"/>
 <node id="749001775" visible="true" version="2" changeset="72159939" timestamp="2019-07-12T03:11:42Z" user="AYAGE" uid="521665" lat="34.2536723" lon="131.4806583"/>
 <node id="749014490" visible="true" version="2" changeset="72159939" timestamp="2019-07-12T03:11:42Z" user="AYAGE" uid="521665" lat="34.2589553" lon="131.4808434"/>
 <node id="749034101" visible="true" version="2" changeset="72159939" timestamp="2019-07-12T03:11:42Z" user="AYAGE" uid="521665" lat="34.2512469" lon="131.4865495"/>
 <node id="749042555" visible="true" version="2" changeset="72159939" timestamp="2019-07-12T03:11:42Z" user="AYAGE" uid="521665" lat="34.2530030" lon="131.4810211"/>
 <node id="749052389" visible="true" version="2" changeset="72159939" timestamp="2019-07-12T03:11:42Z" user="AYAGE" uid="521665" lat="34.2581697" lon="131.4814505"/>
 <node id="749057356" visible="true" version="2" changeset="54324872" timestamp="2017-12-04T10:33:13Z" user="mklyr" uid="614924" lat="34.2472325" lon="131.4900244"/>
 <node id="749070069" visible="true" version="2" changeset="72159939" timestamp="2019-07-12T03:11:42Z" user="AYAGE" uid="521665" lat="34.2545874" lon="131.4808473"/>
 <node id="749075794" visible="true" version="2" changeset="54324872" timestamp="2017-12-04T10:33:13Z" user="mklyr" uid="614924" lat="34.2488931" lon="131.4887772"/>
 <node id="749076626" visible="true" version="2" changeset="72159939" timestamp="2019-07-12T03:11:42Z" user="AYAGE" uid="521665" lat="34.2555986" lon="131.4810929"/>
 <node id="749079755" visible="true" version="2" changeset="72159939" timestamp="2019-07-12T03:11:42Z" user="AYAGE" uid="521665" lat="34.2596751" lon="131.4797016"/>
 <node id="749084347" visible="true" version="1" changeset="4813826" timestamp="2010-05-26T14:55:54Z" user="Tom_G3X" uid="146930" lat="34.2501750" lon="131.4877820"/>
 <node id="749094180" visible="true" version="1" changeset="4813826" timestamp="2010-05-26T14:59:38Z" user="Tom_G3X" uid="146930" lat="34.2484740" lon="131.4894190"/>
 <node id="749095793" visible="true" version="2" changeset="72159939" timestamp="2019-07-12T03:11:42Z" user="AYAGE" uid="521665" lat="34.2553840" lon="131.4805863"/>
 <node id="749100450" visible="true" version="2" changeset="72159939" timestamp="2019-07-12T03:11:42Z" user="AYAGE" uid="521665" lat="34.2593914" lon="131.4804606"/>
 <node id="749106667" visible="true" version="2" changeset="72159939" timestamp="2019-07-12T03:11:42Z" user="AYAGE" uid="521665" lat="34.2497235" lon="131.4882504"/>
 <node id="749111741" visible="true" version="2" changeset="72159939" timestamp="2019-07-12T03:11:42Z" user="AYAGE" uid="521665" lat="34.2523355" lon="131.4841573"/>
 <node id="749120801" visible="true" version="1" changeset="4813826" timestamp="2010-05-26T15:08:57Z" user="Tom_G3X" uid="146930" lat="34.2565660" lon="131.4825870"/>
 <node id="749127924" visible="true" version="2" changeset="72159939" timestamp="2019-07-12T03:11:42Z" user="AYAGE" uid="521665" lat="34.2601007" lon="131.4785755"/>
 <node id="749136795" visible="true" version="2" changeset="72159939" timestamp="2019-07-12T03:11:42Z" user="AYAGE" uid="521665" lat="34.2508321" lon="131.4869878"/>
 <node id="749145564" visible="true" version="2" changeset="72159939" timestamp="2019-07-12T03:11:42Z" user="AYAGE" uid="521665" lat="34.2522556" lon="131.4815300"/>
 <node id="749164851" visible="true" version="3" changeset="72159939" timestamp="2019-07-12T03:11:42Z" user="AYAGE" uid="521665" lat="34.2627346" lon="131.4766222"/>
 <node id="749172600" visible="true" version="1" changeset="4813826" timestamp="2010-05-26T15:23:08Z" user="Tom_G3X" uid="146930" lat="34.2502150" lon="131.4877040"/>
 <node id="749180487" visible="true" version="2" changeset="72159939" timestamp="2019-07-12T03:11:42Z" user="AYAGE" uid="521665" lat="34.2521284" lon="131.4827062"/>
 <node id="749193608" visible="true" version="2" changeset="72159939" timestamp="2019-07-12T03:11:42Z" user="AYAGE" uid="521665" lat="34.2574335" lon="131.4833018"/>
 <node id="749199707" visible="true" version="2" changeset="54324872" timestamp="2017-12-04T10:33:13Z" user="mklyr" uid="614924" lat="34.2459760" lon="131.4904051"/>
 <node id="749201875" visible="true" version="2" changeset="72159939" timestamp="2019-07-12T03:11:42Z" user="AYAGE" uid="521665" lat="34.2613371" lon="131.4780668"/>
 <node id="749210008" visible="true" version="2" changeset="72159939" timestamp="2019-07-12T03:11:42Z" user="AYAGE" uid="521665" lat="34.2515050" lon="131.4861643"/>
 <node id="749219201" visible="true" version="2" changeset="72159939" timestamp="2019-07-12T03:11:42Z" user="AYAGE" uid="521665" lat="34.2534893" lon="131.4807154"/>
 <node id="749229508" visible="true" version="2" changeset="72159939" timestamp="2019-07-12T03:11:42Z" user="AYAGE" uid="521665" lat="34.2586406" lon="131.4811344"/>
 <node id="749235196" visible="true" version="2" changeset="54324872" timestamp="2017-12-04T10:33:13Z" user="mklyr" uid="614924" lat="34.2481201" lon="131.4896241"/>
 <node id="749244515" visible="true" version="2" changeset="72159939" timestamp="2019-07-12T03:11:42Z" user="AYAGE" uid="521665" lat="34.2525629" lon="131.4851304"/>
 <node id="749253508" visible="true" version="2" changeset="72159939" timestamp="2019-07-12T03:11:42Z" user="AYAGE" uid="521665" lat="34.2552238" lon="131.4804932"/>
 <node id="749270855" visible="true" version="2" changeset="54324872" timestamp="2017-12-04T10:33:13Z" user="mklyr" uid="614924" lat="34.2468560" lon="131.4902117"/>
 <node id="749281464" visible="true" version="2" changeset="72159939" timestamp="2019-07-12T03:11:42Z" user="AYAGE" uid="521665" lat="34.2523809" lon="131.4857227"/>
 <node id="749289104" visible="true" version="2" changeset="72159939" timestamp="2019-07-12T03:11:42Z" user="AYAGE" uid="521665" lat="34.2543433" lon="131.4809119"/>
 <node id="749298478" visible="true" version="2" changeset="54324872" timestamp="2017-12-04T10:33:13Z" user="mklyr" uid="614924" lat="34.2487405" lon="131.4889714"/>
 <node id="749303903" visible="true" version="1" changeset="4814433" timestamp="2010-05-26T16:12:25Z" user="Tom_G3X" uid="146930" lat="34.2596560" lon="131.4800530"/>
 <node id="749307781" visible="true" version="1" changeset="4814433" timestamp="2010-05-26T16:13:49Z" user="Tom_G3X" uid="146930" lat="34.2501220" lon="131.4879860"/>
 <node id="749311966" visible="true" version="2" changeset="72159939" timestamp="2019-07-12T03:11:42Z" user="AYAGE" uid="521665" lat="34.2522957" lon="131.4835010"/>
 <node id="749322210" visible="true" version="2" changeset="72159939" timestamp="2019-07-12T03:11:42Z" user="AYAGE" uid="521665" lat="34.2608462" lon="131.4784861"/>
 <node id="749327646" visible="true" version="2" changeset="54324872" timestamp="2017-12-04T10:33:13Z" user="mklyr" uid="614924" lat="34.2491989" lon="131.4886184"/>
 <node id="749341540" visible="true" version="2" changeset="72159939" timestamp="2019-07-12T03:11:42Z" user="AYAGE" uid="521665" lat="34.2561686" lon="131.4820098"/>
 <node id="749349305" visible="true" version="2" changeset="72159939" timestamp="2019-07-12T03:11:42Z" user="AYAGE" uid="521665" lat="34.2598350" lon="131.4790022"/>
 <node id="749357936" visible="true" version="2" changeset="72159939" timestamp="2019-07-12T03:11:42Z" user="AYAGE" uid="521665" lat="34.2503682" lon="131.4872309"/>
 <node id="749366538" visible="true" version="2" changeset="72159939" timestamp="2019-07-12T03:11:42Z" user="AYAGE" uid="521665" lat="34.2522007" lon="131.4819399"/>
 <node id="749381091" visible="true" version="2" changeset="72159939" timestamp="2019-07-12T03:11:42Z" user="AYAGE" uid="521665" lat="34.2577206" lon="131.4829079"/>
 <node id="749387071" visible="true" version="2" changeset="54324872" timestamp="2017-12-04T10:33:14Z" user="mklyr" uid="614924" lat="34.2462745" lon="131.4902637"/>
 <node id="749389538" visible="true" version="2" changeset="72159939" timestamp="2019-07-12T03:11:42Z" user="AYAGE" uid="521665" lat="34.2620442" lon="131.4771647"/>
 <node id="749397408" visible="true" version="2" changeset="72159939" timestamp="2019-07-12T03:11:42Z" user="AYAGE" uid="521665" lat="34.2518149" lon="131.4859991"/>
 <node id="749404817" visible="true" version="2" changeset="72159939" timestamp="2019-07-12T03:11:42Z" user="AYAGE" uid="521665" lat="34.2538857" lon="131.4806647"/>
 <node id="749412436" visible="true" version="2" changeset="72159939" timestamp="2019-07-12T03:11:42Z" user="AYAGE" uid="521665" lat="34.2590922" lon="131.4806634"/>
 <node id="749419541" visible="true" version="2" changeset="72159939" timestamp="2019-07-12T03:11:42Z" user="AYAGE" uid="521665" lat="34.2609132" lon="131.4784863"/>
 <node id="749450882" visible="true" version="2" changeset="72159939" timestamp="2019-07-12T03:11:42Z" user="AYAGE" uid="521665" lat="34.2582379" lon="131.4813020"/>
 <node id="749457497" visible="true" version="2" changeset="54324872" timestamp="2017-12-04T10:33:14Z" user="mklyr" uid="614924" lat="34.2474372" lon="131.4899238"/>
 <node id="749472671" visible="true" version="2" changeset="72159939" timestamp="2019-07-12T03:11:42Z" user="AYAGE" uid="521665" lat="34.2525614" lon="131.4855071"/>
 <node id="749487182" visible="true" version="2" changeset="72159939" timestamp="2019-07-12T03:11:42Z" user="AYAGE" uid="521665" lat="34.2547971" lon="131.4806239"/>
 <node id="749511617" visible="true" version="2" changeset="54324872" timestamp="2017-12-04T10:33:14Z" user="mklyr" uid="614924" lat="34.2490009" lon="131.4886978"/>
 <node id="749515789" visible="true" version="2" changeset="72159939" timestamp="2019-07-12T03:11:42Z" user="AYAGE" uid="521665" lat="34.2556753" lon="131.4812673"/>
 <node id="749530431" visible="true" version="2" changeset="72159939" timestamp="2019-07-12T03:11:42Z" user="AYAGE" uid="521665" lat="34.2596414" lon="131.4794106"/>
 <node id="749543007" visible="true" version="2" changeset="72159939" timestamp="2019-07-12T03:11:42Z" user="AYAGE" uid="521665" lat="34.2539739" lon="131.4807061"/>
 <node id="749552726" visible="true" version="2" changeset="54324872" timestamp="2017-12-04T10:33:14Z" user="mklyr" uid="614924" lat="34.2486056" lon="131.4891988"/>
 <node id="749559429" visible="true" version="1" changeset="4815008" timestamp="2010-05-26T17:31:37Z" user="Tom_G3X" uid="146930" lat="34.2595210" lon="131.4803720"/>
 <node id="749564904" visible="true" version="2" changeset="72159939" timestamp="2019-07-12T03:11:42Z" user="AYAGE" uid="521665" lat="34.2499341" lon="131.4881466"/>
 <node id="749570196" visible="true" version="2" changeset="72159939" timestamp="2019-07-12T03:11:42Z" user="AYAGE" uid="521665" lat="34.2523269" lon="131.4839863"/>
 <node id="749577367" visible="true" version="2" changeset="72159939" timestamp="2019-07-12T03:11:42Z" user="AYAGE" uid="521665" lat="34.2567461" lon="131.4827657"/>
 <node id="749582815" visible="true" version="2" changeset="72159939" timestamp="2019-07-12T03:11:42Z" user="AYAGE" uid="521665" lat="34.2602589" lon="131.4784137"/>
 <node id="749588515" visible="true" version="2" changeset="72159939" timestamp="2019-07-12T03:11:42Z" user="AYAGE" uid="521665" lat="34.2509770" lon="131.4868672"/>
 <node id="749595776" visible="true" version="2" changeset="72159939" timestamp="2019-07-12T03:11:42Z" user="AYAGE" uid="521665" lat="34.2523253" lon="131.4814181"/>
 <node id="749606135" visible="true" version="2" changeset="72159939" timestamp="2019-07-12T03:11:42Z" user="AYAGE" uid="521665" lat="34.2580243" lon="131.4822446"/>
 <node id="749615859" visible="true" version="2" changeset="72159939" timestamp="2019-07-12T03:11:42Z" user="AYAGE" uid="521665" lat="34.2596697" lon="131.4792146"/>
 <node id="749625469" visible="true" version="1" changeset="4815008" timestamp="2010-05-26T17:50:01Z" user="Tom_G3X" uid="146930" lat="34.2502400" lon="131.4875650"/>
 <node id="749633941" visible="true" version="2" changeset="72159939" timestamp="2019-07-12T03:11:42Z" user="AYAGE" uid="521665" lat="34.2521367" lon="131.4825296"/>
 <node id="749647415" visible="true" version="2" changeset="72159939" timestamp="2019-07-12T03:11:42Z" user="AYAGE" uid="521665" lat="34.2575033" lon="131.4832786"/>
 <node id="749657091" visible="true" version="2" changeset="54324872" timestamp="2017-12-04T10:33:14Z" user="mklyr" uid="614924" lat="34.2460876" lon="131.4903447"/>
 <node id="749660178" visible="true" version="2" changeset="72159939" timestamp="2019-07-12T03:11:42Z" user="AYAGE" uid="521665" lat="34.2614694" lon="131.4779046"/>
 <node id="749684829" visible="true" version="2" changeset="72159939" timestamp="2019-07-12T03:11:42Z" user="AYAGE" uid="521665" lat="34.2536153" lon="131.4806553"/>
 <node id="749696705" visible="true" version="2" changeset="72159939" timestamp="2019-07-12T03:11:42Z" user="AYAGE" uid="521665" lat="34.2588526" lon="131.4809623"/>
 <node id="749702764" visible="true" version="2" changeset="54324872" timestamp="2017-12-04T10:33:14Z" user="mklyr" uid="614924" lat="34.2482891" lon="131.4895618"/>
 <node id="749716234" visible="true" version="1" changeset="4815008" timestamp="2010-05-26T18:20:29Z" user="Tom_G3X" uid="146930" lat="34.2525270" lon="131.4848810"/>
 <node id="749727314" visible="true" version="2" changeset="72159939" timestamp="2019-07-12T03:11:42Z" user="AYAGE" uid="521665" lat="34.2524329" lon="131.4813414"/>
 <node id="749742264" visible="true" version="2" changeset="72159939" timestamp="2019-07-12T03:11:42Z" user="AYAGE" uid="521665" lat="34.2580856" lon="131.4819887"/>
 <node id="749749916" visible="true" version="2" changeset="54324872" timestamp="2017-12-04T10:33:14Z" user="mklyr" uid="614924" lat="34.2470821" lon="131.4901067"/>
 <node id="749760685" visible="true" version="2" changeset="72159939" timestamp="2019-07-12T03:11:42Z" user="AYAGE" uid="521665" lat="34.2524850" lon="131.4856286"/>
 <node id="749766667" visible="true" version="2" changeset="72159939" timestamp="2019-07-12T03:11:42Z" user="AYAGE" uid="521665" lat="34.2544371" lon="131.4809169"/>
 <node id="749775215" visible="true" version="2" changeset="54324872" timestamp="2017-12-04T10:33:14Z" user="mklyr" uid="614924" lat="34.2488082" lon="131.4888809"/>
 <node id="749776367" visible="true" version="1" changeset="4815008" timestamp="2010-05-26T18:48:18Z" user="Tom_G3X" uid="146930" lat="34.2555490" lon="131.4808810"/>
 <node id="749780272" visible="true" version="1" changeset="4815008" timestamp="2010-05-26T18:51:53Z" user="Tom_G3X" uid="146930" lat="34.2596810" lon="131.4799060"/>
 <node id="749785094" visible="true" version="1" changeset="4815758" timestamp="2010-05-26T18:55:20Z" user="Tom_G3X" uid="146930" lat="34.2501530" lon="131.4879040"/>
 <node id="749787688" visible="true" version="2" changeset="72159939" timestamp="2019-07-12T03:11:42Z" user="AYAGE" uid="521665" lat="34.2521645" lon="131.4830437"/>
 <node id="749790163" visible="true" version="2" changeset="54324872" timestamp="2017-12-04T10:33:14Z" user="mklyr" uid="614924" lat="34.2483903" lon="131.4895011"/>
 <node id="749790943" visible="true" version="2" changeset="72159939" timestamp="2019-07-12T03:11:42Z" user="AYAGE" uid="521665" lat="34.2572344" lon="131.4832376"/>
 <node id="749795021" visible="true" version="2" changeset="72159939" timestamp="2019-07-12T03:11:42Z" user="AYAGE" uid="521665" lat="34.2592173" lon="131.4805480"/>
 <node id="749797486" visible="true" version="2" changeset="54324872" timestamp="2017-12-04T10:33:14Z" user="mklyr" uid="614924" lat="34.2493267" lon="131.4885601"/>
 <node id="749799897" visible="true" version="2" changeset="72159939" timestamp="2019-07-12T03:11:42Z" user="AYAGE" uid="521665" lat="34.2523838" lon="131.4843164"/>
 <node id="749803292" visible="true" version="2" changeset="72159939" timestamp="2019-07-12T03:11:42Z" user="AYAGE" uid="521665" lat="34.2563945" lon="131.4823696"/>
 <node id="749806330" visible="true" version="2" changeset="72159939" timestamp="2019-07-12T03:11:42Z" user="AYAGE" uid="521665" lat="34.2599826" lon="131.4787264"/>
 <node id="749807280" visible="true" version="2" changeset="54323849" timestamp="2017-12-04T09:52:40Z" user="mklyr" uid="614924" lat="34.2634008" lon="131.4761316"/>
 <node id="749809351" visible="true" version="2" changeset="72159939" timestamp="2019-07-12T03:11:42Z" user="AYAGE" uid="521665" lat="34.2504922" lon="131.4871351"/>
 <node id="749812396" visible="true" version="2" changeset="72159939" timestamp="2019-07-12T03:11:42Z" user="AYAGE" uid="521665" lat="34.2522092" lon="131.4816835"/>
 <node id="749816259" visible="true" version="2" changeset="72159939" timestamp="2019-07-12T03:11:42Z" user="AYAGE" uid="521665" lat="34.2578977" lon="131.4825796"/>
 <node id="749818523" visible="true" version="2" changeset="54324872" timestamp="2017-12-04T10:33:14Z" user="mklyr" uid="614924" lat="34.2465289" lon="131.4902537"/>
 <node id="749820083" visible="true" version="3" changeset="72159939" timestamp="2019-07-12T03:11:42Z" user="AYAGE" uid="521665" lat="34.2623954" lon="131.4770362"/>
 <node id="749828704" visible="true" version="2" changeset="72159939" timestamp="2019-07-12T03:11:42Z" user="AYAGE" uid="521665" lat="34.2521477" lon="131.4858468"/>
 <node id="749839244" visible="true" version="2" changeset="72159939" timestamp="2019-07-12T03:11:42Z" user="AYAGE" uid="521665" lat="34.2521320" lon="131.4828676"/>
 <node id="749848000" visible="true" version="2" changeset="72159939" timestamp="2019-07-12T03:11:42Z" user="AYAGE" uid="521665" lat="34.2573447" lon="131.4832911"/>
 <node id="749853759" visible="true" version="2" changeset="54324872" timestamp="2017-12-04T10:33:14Z" user="mklyr" uid="614924" lat="34.2457866" lon="131.4904930"/>
 <node id="749856339" visible="true" version="2" changeset="72159939" timestamp="2019-07-12T03:11:42Z" user="AYAGE" uid="521665" lat="34.2610084" lon="131.4784417"/>
 <node id="749863154" visible="true" version="2" changeset="72159939" timestamp="2019-07-12T03:11:42Z" user="AYAGE" uid="521665" lat="34.2514042" lon="131.4862906"/>
 <node id="749882514" visible="true" version="2" changeset="72159939" timestamp="2019-07-12T03:11:42Z" user="AYAGE" uid="521665" lat="34.2583164" lon="131.4811917"/>
 <node id="749889013" visible="true" version="2" changeset="54324872" timestamp="2017-12-04T10:33:14Z" user="mklyr" uid="614924" lat="34.2478642" lon="131.4897391"/>
 <node id="749898186" visible="true" version="2" changeset="72159939" timestamp="2019-07-12T03:11:42Z" user="AYAGE" uid="521665" lat="34.2525701" lon="131.4853830"/>
 <node id="1292354952" visible="true" version="2" changeset="54323849" timestamp="2017-12-04T09:52:40Z" user="mklyr" uid="614924" lat="34.2728384" lon="131.4740580"/>
 <node id="1292356155" visible="true" version="2" changeset="72159939" timestamp="2019-07-12T03:11:42Z" user="AYAGE" uid="521665" lat="34.2502912" lon="131.4878556"/>
 <node id="1292356227" visible="true" version="1" changeset="8194567" timestamp="2011-05-20T00:40:01Z" user="yamasan" uid="32308" lat="34.2499730" lon="131.4854000"/>
 <node id="1292356296" visible="true" version="2" changeset="72159939" timestamp="2019-07-12T03:11:42Z" user="AYAGE" uid="521665" lat="34.2534083" lon="131.4815420"/>
 <node id="1292357273" visible="true" version="1" changeset="8194567" timestamp="2011-05-20T00:40:27Z" user="yamasan" uid="32308" lat="34.2490840" lon="131.4840260"/>
 <node id="1292357581" visible="true" version="2" changeset="54324872" timestamp="2017-12-04T10:33:14Z" user="mklyr" uid="614924" lat="34.2435569" lon="131.4936736"/>
 <node id="1292358030" visible="true" version="2" changeset="54324872" timestamp="2017-12-04T10:33:14Z" user="mklyr" uid="614924" lat="34.2500904" lon="131.4884452"/>
 <node id="1292360315" visible="true" version="2" changeset="54324872" timestamp="2017-12-04T10:33:15Z" user="mklyr" uid="614924" lat="34.2459183" lon="131.4911168"/>
 <node id="1292362515" visible="true" version="1" changeset="8194567" timestamp="2011-05-20T00:43:01Z" user="yamasan" uid="32308" lat="34.2502250" lon="131.4871910"/>
 <node id="1292362524" visible="true" version="2" changeset="54324872" timestamp="2017-12-04T10:33:15Z" user="mklyr" uid="614924" lat="34.2474464" lon="131.4901586"/>
 <node id="1292362716" visible="true" version="2" changeset="72159939" timestamp="2019-07-12T03:11:42Z" user="AYAGE" uid="521665" lat="34.2518624" lon="131.4866751"/>
 <node id="1292362961" visible="true" version="2" changeset="72159939" timestamp="2019-07-12T03:11:42Z" user="AYAGE" uid="521665" lat="34.2522560" lon="131.4861926"/>
 <node id="1292363251" visible="true" version="2" changeset="72159939" timestamp="2019-07-12T03:11:42Z" user="AYAGE" uid="521665" lat="34.2523506" lon="131.4829730"/>
 <node id="1292364122" visible="true" version="2" changeset="54323849" timestamp="2017-12-04T09:52:42Z" user="mklyr" uid="614924" lat="34.2649706" lon="131.4732960"/>
 <node id="1292364640" visible="true" version="2" changeset="54323849" timestamp="2017-12-04T09:52:42Z" user="mklyr" uid="614924" lat="34.2845259" lon="131.4640493"/>
 <node id="1292364689" visible="true" version="2" changeset="54323849" timestamp="2017-12-04T09:52:42Z" user="mklyr" uid="614924" lat="34.2851391" lon="131.4622583"/>
 <node id="1292366756" visible="true" version="2" changeset="54323849" timestamp="2017-12-04T09:52:42Z" user="mklyr" uid="614924" lat="34.2826286" lon="131.4675532"/>
 <node id="1292366970" visible="true" version="2" changeset="54324872" timestamp="2017-12-04T10:33:15Z" user="mklyr" uid="614924" lat="34.2499672" lon="131.4886367"/>
 <node id="1292367476" visible="true" version="2" changeset="54323849" timestamp="2017-12-04T09:52:42Z" user="mklyr" uid="614924" lat="34.2857139" lon="131.4609157"/>
 <node id="1292369050" visible="true" version="2" changeset="72159939" timestamp="2019-07-12T03:11:42Z" user="AYAGE" uid="521665" lat="34.2502486" lon="131.4877986"/>
 <node id="1292369248" visible="true" version="3" changeset="72159939" timestamp="2019-07-12T03:11:42Z" user="AYAGE" uid="521665" lat="34.2616604" lon="131.4784157"/>
 <node id="1292369257" visible="true" version="2" changeset="72159939" timestamp="2019-07-12T03:11:42Z" user="AYAGE" uid="521665" lat="34.2528889" lon="131.4819268"/>
 <node id="1292371001" visible="true" version="2" changeset="72159939" timestamp="2019-07-12T03:11:42Z" user="AYAGE" uid="521665" lat="34.2527183" lon="131.4820911"/>
 <node id="1292371104" visible="true" version="1" changeset="8194567" timestamp="2011-05-20T00:47:40Z" user="yamasan" uid="32308" lat="34.2491510" lon="131.4844110"/>
 <node id="1292371714" visible="true" version="1" changeset="8194567" timestamp="2011-05-20T00:48:03Z" user="yamasan" uid="32308" lat="34.2497490" lon="131.4850230"/>
 <node id="1292372361" visible="true" version="3" changeset="156676219" timestamp="2024-09-16T08:10:36Z" user="taketaketake" uid="4757277" lat="34.2439227" lon="131.4927621"/>
 <node id="1292372681" visible="true" version="2" changeset="72159939" timestamp="2019-07-12T03:11:42Z" user="AYAGE" uid="521665" lat="34.2525462" lon="131.4823040"/>
 <node id="1292372752" visible="true" version="2" changeset="54323849" timestamp="2017-12-04T09:52:43Z" user="mklyr" uid="614924" lat="34.2786469" lon="131.4714986"/>
 <node id="1292373284" visible="true" version="2" changeset="54323849" timestamp="2017-12-04T09:52:43Z" user="mklyr" uid="614924" lat="34.2756814" lon="131.4735498"/>
 <node id="1292374421" visible="true" version="2" changeset="54323849" timestamp="2017-12-04T09:52:43Z" user="mklyr" uid="614924" lat="34.2734807" lon="131.4741188"/>
 <node id="1292374811" visible="true" version="1" changeset="8194567" timestamp="2011-05-20T00:49:27Z" user="yamasan" uid="32308" lat="34.2490310" lon="131.4838110"/>
 <node id="1292376023" visible="true" version="2" changeset="72159939" timestamp="2019-07-12T03:11:42Z" user="AYAGE" uid="521665" lat="34.2526875" lon="131.4852306"/>
 <node id="1292376089" visible="true" version="2" changeset="72159939" timestamp="2019-07-12T03:11:42Z" user="AYAGE" uid="521665" lat="34.2524957" lon="131.4843474"/>
 <node id="1292376239" visible="true" version="1" changeset="8194567" timestamp="2011-05-20T00:50:39Z" user="yamasan" uid="32308" lat="34.2499200" lon="131.4857770"/>
 <node id="1292377020" visible="true" version="2" changeset="54324872" timestamp="2017-12-04T10:33:16Z" user="mklyr" uid="614924" lat="34.2430498" lon="131.4983757"/>
 <node id="1292377462" visible="true" version="2" changeset="72159939" timestamp="2019-07-12T03:11:42Z" user="AYAGE" uid="521665" lat="34.2526462" lon="131.4855013"/>
 <node id="1292378276" visible="true" version="2" changeset="72159939" timestamp="2019-07-12T03:11:42Z" user="AYAGE" uid="521665" lat="34.2504888" lon="131.4880310"/>
 <node id="1292378592" visible="true" version="2" changeset="72159939" timestamp="2019-07-12T03:11:42Z" user="AYAGE" uid="521665" lat="34.2524513" lon="131.4836465"/>
 <node id="1292378866" visible="true" version="1" changeset="8194567" timestamp="2011-05-20T00:52:08Z" user="yamasan" uid="32308" lat="34.2490230" lon="131.4835610"/>
 <node id="1292379500" visible="true" version="1" changeset="8194567" timestamp="2011-05-20T00:52:28Z" user="yamasan" uid="32308" lat="34.2501310" lon="131.4868240"/>
 <node id="1292379537" visible="true" version="1" changeset="8194567" timestamp="2011-05-20T00:52:29Z" user="yamasan" uid="32308" lat="34.2499930" lon="131.4855170"/>
 <node id="1292382008" visible="true" version="1" changeset="8194567" timestamp="2011-05-20T00:53:57Z" user="yamasan" uid="32308" lat="34.2489580" lon="131.4833510"/>
 <node id="1292382045" visible="true" version="2" changeset="72159939" timestamp="2019-07-12T03:11:42Z" user="AYAGE" uid="521665" lat="34.2524120" lon="131.4826820"/>
 <node id="1292382342" visible="true" version="2" changeset="72159939" timestamp="2019-07-12T03:11:42Z" user="AYAGE" uid="521665" lat="34.2523410" lon="131.4832504"/>
 <node id="1292382879" visible="true" version="2" changeset="72159939" timestamp="2019-07-12T03:11:42Z" user="AYAGE" uid="521665" lat="34.2501217" lon="131.4877570"/>
 <node id="1292383537" visible="true" version="1" changeset="8194567" timestamp="2011-05-20T00:54:29Z" user="yamasan" uid="32308" lat="34.2499770" lon="131.4861980"/>
 <node id="1292383802" visible="true" version="1" changeset="8194567" timestamp="2011-05-20T00:54:37Z" user="yamasan" uid="32308" lat="34.2489000" lon="131.4832860"/>
 <node id="1292384356" visible="true" version="1" changeset="8194567" timestamp="2011-05-20T00:54:47Z" user="yamasan" uid="32308" lat="34.2498960" lon="131.4851840"/>
 <node id="1292385465" visible="true" version="2" changeset="54323849" timestamp="2017-12-04T09:52:45Z" user="mklyr" uid="614924" lat="34.2857626" lon="131.4608390"/>
 <node id="1292386262" visible="true" version="2" changeset="72159939" timestamp="2019-07-12T03:11:42Z" user="AYAGE" uid="521665" lat="34.2521531" lon="131.4863492"/>
 <node id="1292391547" visible="true" version="1" changeset="8194567" timestamp="2011-05-20T00:58:02Z" user="yamasan" uid="32308" lat="34.2502290" lon="131.4874360"/>
 <node id="1292391640" visible="true" version="1" changeset="8194567" timestamp="2011-05-20T00:58:06Z" user="yamasan" uid="32308" lat="34.2490640" lon="131.4842860"/>
 <node id="1604368101" visible="true" version="2" changeset="72114283" timestamp="2019-07-10T23:52:07Z" user="AYAGE" uid="521665" lat="34.2495146" lon="131.4883581"/>
 <node id="1604368114" visible="true" version="2" changeset="72114283" timestamp="2019-07-10T23:52:07Z" user="AYAGE" uid="521665" lat="34.2497393" lon="131.4881946"/>
 <node id="1604368115" visible="true" version="2" changeset="72114283" timestamp="2019-07-10T23:52:07Z" user="AYAGE" uid="521665" lat="34.2497374" lon="131.4888516"/>
 <node id="1604368134" visible="true" version="2" changeset="72114283" timestamp="2019-07-10T23:52:07Z" user="AYAGE" uid="521665" lat="34.2500715" lon="131.4878933"/>
 <node id="1604368143" visible="true" version="2" changeset="72114283" timestamp="2019-07-10T23:52:07Z" user="AYAGE" uid="521665" lat="34.2501712" lon="131.4886947"/>
 <node id="1604368158" visible="true" version="2" changeset="72159939" timestamp="2019-07-12T03:11:42Z" user="AYAGE" uid="521665" lat="34.2500697" lon="131.4877494"/>
 <node id="1604368170" visible="true" version="2" changeset="72114283" timestamp="2019-07-10T23:52:07Z" user="AYAGE" uid="521665" lat="34.2509841" lon="131.4889602"/>
 <node id="1604368179" visible="true" version="2" changeset="72114283" timestamp="2019-07-10T23:52:07Z" user="AYAGE" uid="521665" lat="34.2513294" lon="131.4894899"/>
 <node id="1604368189" visible="true" version="2" changeset="72114283" timestamp="2019-07-10T23:52:07Z" user="AYAGE" uid="521665" lat="34.2513785" lon="131.4897727"/>
 <node id="1604368207" visible="true" version="2" changeset="72159939" timestamp="2019-07-12T03:11:42Z" user="AYAGE" uid="521665" lat="34.2505262" lon="131.4870427"/>
 <node id="1604368214" visible="true" version="2" changeset="72114283" timestamp="2019-07-10T23:52:07Z" user="AYAGE" uid="521665" lat="34.2514947" lon="131.4904936"/>
 <node id="1604368246" visible="true" version="2" changeset="72114283" timestamp="2019-07-10T23:52:07Z" user="AYAGE" uid="521665" lat="34.2516138" lon="131.4908232"/>
 <node id="1604368250" visible="true" version="2" changeset="72159939" timestamp="2019-07-12T03:11:42Z" user="AYAGE" uid="521665" lat="34.2510909" lon="131.4867150"/>
 <node id="1604368260" visible="true" version="2" changeset="72159939" timestamp="2019-07-12T03:11:42Z" user="AYAGE" uid="521665" lat="34.2518653" lon="131.4884827"/>
 <node id="1604368261" visible="true" version="2" changeset="72159939" timestamp="2019-07-12T03:11:42Z" user="AYAGE" uid="521665" lat="34.2517976" lon="131.4882855"/>
 <node id="1604368263" visible="true" version="2" changeset="72159939" timestamp="2019-07-12T03:11:42Z" user="AYAGE" uid="521665" lat="34.2517840" lon="131.4888332"/>
 <node id="1604368274" visible="true" version="2" changeset="72159939" timestamp="2019-07-12T03:11:42Z" user="AYAGE" uid="521665" lat="34.2512647" lon="131.4864066"/>
 <node id="1604368276" visible="true" version="1" changeset="10490162" timestamp="2012-01-25T02:49:53Z" user="yamasan" uid="32308" lat="34.2517801" lon="131.4909167"/>
 <node id="1604368282" visible="true" version="1" changeset="10490162" timestamp="2012-01-25T02:49:54Z" user="yamasan" uid="32308" lat="34.2518505" lon="131.4893676"/>
 <node id="1604368300" visible="true" version="2" changeset="72159939" timestamp="2019-07-12T03:11:42Z" user="AYAGE" uid="521665" lat="34.2518361" lon="131.4820226"/>
 <node id="1604368301" visible="true" version="2" changeset="72159939" timestamp="2019-07-12T03:11:42Z" user="AYAGE" uid="521665" lat="34.2519631" lon="131.4818299"/>
 <node id="1604368302" visible="true" version="1" changeset="10490162" timestamp="2012-01-25T02:49:54Z" user="yamasan" uid="32308" lat="34.2518889" lon="131.4879700"/>
 <node id="1604368303" visible="true" version="2" changeset="72159939" timestamp="2019-07-12T03:11:42Z" user="AYAGE" uid="521665" lat="34.2517148" lon="131.4839109"/>
 <node id="1604368304" visible="true" version="1" changeset="10490162" timestamp="2012-01-25T02:49:54Z" user="yamasan" uid="32308" lat="34.2519044" lon="131.4823197"/>
 <node id="1604368305" visible="true" version="2" changeset="72159939" timestamp="2019-07-12T03:11:42Z" user="AYAGE" uid="521665" lat="34.2519864" lon="131.4828734"/>
 <node id="1604368306" visible="true" version="2" changeset="72159939" timestamp="2019-07-12T03:11:42Z" user="AYAGE" uid="521665" lat="34.2517236" lon="131.4846605"/>
 <node id="1604368307" visible="true" version="2" changeset="72159939" timestamp="2019-07-12T03:11:42Z" user="AYAGE" uid="521665" lat="34.2516711" lon="131.4859057"/>
 <node id="1604368316" visible="true" version="2" changeset="72159939" timestamp="2019-07-12T03:11:42Z" user="AYAGE" uid="521665" lat="34.2520492" lon="131.4877443"/>
 <node id="1604368319" visible="true" version="2" changeset="72159939" timestamp="2019-07-12T03:11:42Z" user="AYAGE" uid="521665" lat="34.2522970" lon="131.4876302"/>
 <node id="1604368321" visible="true" version="2" changeset="72159939" timestamp="2019-07-12T03:11:42Z" user="AYAGE" uid="521665" lat="34.2518088" lon="131.4854123"/>
 <node id="1604368340" visible="true" version="2" changeset="72159939" timestamp="2019-07-12T03:11:42Z" user="AYAGE" uid="521665" lat="34.2521340" lon="131.4911282"/>
 <node id="1604368342" visible="true" version="2" changeset="72159939" timestamp="2019-07-12T03:11:42Z" user="AYAGE" uid="521665" lat="34.2525720" lon="131.4871557"/>
 <node id="1604368357" visible="true" version="1" changeset="10490162" timestamp="2012-01-25T02:49:56Z" user="yamasan" uid="32308" lat="34.2522296" lon="131.4812102"/>
 <node id="1604368373" visible="true" version="2" changeset="72159939" timestamp="2019-07-12T03:11:42Z" user="AYAGE" uid="521665" lat="34.2521833" lon="131.4866798"/>
 <node id="1604368382" visible="true" version="2" changeset="72159939" timestamp="2019-07-12T03:11:42Z" user="AYAGE" uid="521665" lat="34.2523155" lon="131.4902625"/>
 <node id="1604368403" visible="true" version="2" changeset="72159939" timestamp="2019-07-12T03:11:42Z" user="AYAGE" uid="521665" lat="34.2524179" lon="131.4832805"/>
 <node id="1604368405" visible="true" version="2" changeset="72159939" timestamp="2019-07-12T03:11:42Z" user="AYAGE" uid="521665" lat="34.2524854" lon="131.4827211"/>
 <node id="1604368407" visible="true" version="2" changeset="72159939" timestamp="2019-07-12T03:11:42Z" user="AYAGE" uid="521665" lat="34.2526882" lon="131.4906601"/>
 <node id="1604368410" visible="true" version="2" changeset="72159939" timestamp="2019-07-12T03:11:42Z" user="AYAGE" uid="521665" lat="34.2527271" lon="131.4861441"/>
 <node id="1604368421" visible="true" version="1" changeset="10490162" timestamp="2012-01-25T02:49:59Z" user="yamasan" uid="32308" lat="34.2526323" lon="131.4807599"/>
 <node id="1604368423" visible="true" version="2" changeset="72159939" timestamp="2019-07-12T03:11:42Z" user="AYAGE" uid="521665" lat="34.2526192" lon="131.4846647"/>
 <node id="1604368434" visible="true" version="1" changeset="10490162" timestamp="2012-01-25T02:49:59Z" user="yamasan" uid="32308" lat="34.2526990" lon="131.4853545"/>
 <node id="1604368444" visible="true" version="2" changeset="72159939" timestamp="2019-07-12T03:11:42Z" user="AYAGE" uid="521665" lat="34.2528794" lon="131.4919298"/>
 <node id="1604368460" visible="true" version="2" changeset="72159939" timestamp="2019-07-12T03:11:42Z" user="AYAGE" uid="521665" lat="34.2527931" lon="131.4909040"/>
 <node id="1604368465" visible="true" version="2" changeset="72159939" timestamp="2019-07-12T03:11:42Z" user="AYAGE" uid="521665" lat="34.2528493" lon="131.4820569"/>
 <node id="1604368466" visible="true" version="2" changeset="72159939" timestamp="2019-07-12T03:11:42Z" user="AYAGE" uid="521665" lat="34.2533389" lon="131.4920907"/>
 <node id="1604368483" visible="true" version="2" changeset="72159939" timestamp="2019-07-12T03:11:42Z" user="AYAGE" uid="521665" lat="34.2534400" lon="131.4922083"/>
 <node id="1604368485" visible="true" version="2" changeset="72159939" timestamp="2019-07-12T03:11:42Z" user="AYAGE" uid="521665" lat="34.2530001" lon="131.4910221"/>
 <node id="1604368501" visible="true" version="2" changeset="72159939" timestamp="2019-07-12T03:11:42Z" user="AYAGE" uid="521665" lat="34.2535167" lon="131.4924498"/>
 <node id="1604368502" visible="true" version="2" changeset="72159939" timestamp="2019-07-12T03:11:42Z" user="AYAGE" uid="521665" lat="34.2532065" lon="131.4910964"/>
 <node id="1604368504" visible="true" version="2" changeset="72159939" timestamp="2019-07-12T03:11:42Z" user="AYAGE" uid="521665" lat="34.2532212" lon="131.4817623"/>
 <node id="1604368532" visible="true" version="2" changeset="72159939" timestamp="2019-07-12T03:11:42Z" user="AYAGE" uid="521665" lat="34.2533879" lon="131.4912234"/>
 <node id="1604368541" visible="true" version="2" changeset="72159939" timestamp="2019-07-12T03:11:42Z" user="AYAGE" uid="521665" lat="34.2536572" lon="131.4924899"/>
 <node id="1604368554" visible="true" version="1" changeset="10490162" timestamp="2012-01-25T02:50:03Z" user="yamasan" uid="32308" lat="34.2536557" lon="131.4920407"/>
 <node id="1604368558" visible="true" version="1" changeset="10490162" timestamp="2012-01-25T02:50:03Z" user="yamasan" uid="32308" lat="34.2536774" lon="131.4922163"/>
 <node id="1604368562" visible="true" version="2" changeset="72159939" timestamp="2019-07-12T03:11:42Z" user="AYAGE" uid="521665" lat="34.2536129" lon="131.4815611"/>
 <node id="1604368586" visible="true" version="2" changeset="72159939" timestamp="2019-07-12T03:11:42Z" user="AYAGE" uid="521665" lat="34.2537577" lon="131.4923275"/>
 <node id="1604368601" visible="true" version="2" changeset="72159939" timestamp="2019-07-12T03:11:42Z" user="AYAGE" uid="521665" lat="34.2536549" lon="131.4803378"/>
 <node id="1604368625" visible="true" version="2" changeset="72159939" timestamp="2019-07-12T03:11:42Z" user="AYAGE" uid="521665" lat="34.2534743" lon="131.4914519"/>
 <node id="1604368626" visible="true" version="2" changeset="72159939" timestamp="2019-07-12T03:11:42Z" user="AYAGE" uid="521665" lat="34.2540637" lon="131.4927859"/>
 <node id="1604368638" visible="true" version="2" changeset="72159939" timestamp="2019-07-12T03:11:42Z" user="AYAGE" uid="521665" lat="34.2540493" lon="131.4814156"/>
 <node id="1604368660" visible="true" version="2" changeset="72159939" timestamp="2019-07-12T03:11:42Z" user="AYAGE" uid="521665" lat="34.2542863" lon="131.4801982"/>
 <node id="1604368675" visible="true" version="2" changeset="72159939" timestamp="2019-07-12T03:11:42Z" user="AYAGE" uid="521665" lat="34.2539220" lon="131.4925150"/>
 <node id="1604368681" visible="true" version="2" changeset="72159939" timestamp="2019-07-12T03:11:42Z" user="AYAGE" uid="521665" lat="34.2541454" lon="131.4926507"/>
 <node id="1604368691" visible="true" version="2" changeset="72159939" timestamp="2019-07-12T03:11:42Z" user="AYAGE" uid="521665" lat="34.2542979" lon="131.4812717"/>
 <node id="1604368699" visible="true" version="2" changeset="72159939" timestamp="2019-07-12T03:11:42Z" user="AYAGE" uid="521665" lat="34.2546876" lon="131.4807186"/>
 <node id="1604368708" visible="true" version="2" changeset="72159939" timestamp="2019-07-12T03:11:42Z" user="AYAGE" uid="521665" lat="34.2544622" lon="131.4811482"/>
 <node id="1604368713" visible="true" version="2" changeset="72159939" timestamp="2019-07-12T03:11:42Z" user="AYAGE" uid="521665" lat="34.2546588" lon="131.4808700"/>
 <node id="5263457215" visible="true" version="1" changeset="54323849" timestamp="2017-12-04T09:52:32Z" user="mklyr" uid="614924" lat="34.2552966" lon="131.4844514"/>
 <node id="5263457216" visible="true" version="1" changeset="54323849" timestamp="2017-12-04T09:52:32Z" user="mklyr" uid="614924" lat="34.2557001" lon="131.4843200"/>
 <node id="5263457217" visible="true" version="2" changeset="72159939" timestamp="2019-07-12T03:11:42Z" user="AYAGE" uid="521665" lat="34.2574792" lon="131.4838802"/>
 <node id="5263457218" visible="true" version="2" changeset="72159939" timestamp="2019-07-12T03:11:42Z" user="AYAGE" uid="521665" lat="34.2579070" lon="131.4837031"/>
 <node id="5263457219" visible="true" version="2" changeset="72159939" timestamp="2019-07-12T03:11:42Z" user="AYAGE" uid="521665" lat="34.2580499" lon="131.4835891"/>
 <node id="5263457220" visible="true" version="2" changeset="72159939" timestamp="2019-07-12T03:11:42Z" user="AYAGE" uid="521665" lat="34.2581897" lon="131.4834389"/>
 <node id="5263457421" visible="true" version="2" changeset="72159939" timestamp="2019-07-12T03:11:42Z" user="AYAGE" uid="521665" lat="34.2582894" lon="131.4832685"/>
 <node id="5263457422" visible="true" version="1" changeset="54323849" timestamp="2017-12-04T09:52:32Z" user="mklyr" uid="614924" lat="34.2584202" lon="131.4829400"/>
 <node id="5263457423" visible="true" version="2" changeset="72159939" timestamp="2019-07-12T03:11:42Z" user="AYAGE" uid="521665" lat="34.2586109" lon="131.4823888"/>
 <node id="5263457424" visible="true" version="1" changeset="54323849" timestamp="2017-12-04T09:52:32Z" user="mklyr" uid="614924" lat="34.2588148" lon="131.4820495"/>
 <node id="5263457426" visible="true" version="2" changeset="72159939" timestamp="2019-07-12T03:11:42Z" user="AYAGE" uid="521665" lat="34.2592117" lon="131.4814822"/>
 <node id="5263457427" visible="true" version="1" changeset="54323849" timestamp="2017-12-04T09:52:32Z" user="mklyr" uid="614924" lat="34.2596749" lon="131.4803128"/>
 <node id="5263457428" visible="true" version="1" changeset="54323849" timestamp="2017-12-04T09:52:32Z" user="mklyr" uid="614924" lat="34.2598312" lon="131.4799708"/>
 <node id="5263457429" visible="true" version="1" changeset="54323849" timestamp="2017-12-04T09:52:32Z" user="mklyr" uid="614924" lat="34.2599432" lon="131.4797991"/>
 <node id="5263457526" visible="true" version="1" changeset="54323849" timestamp="2017-12-04T09:52:34Z" user="mklyr" uid="614924" lat="34.2843713" lon="131.4643764"/>
 <node id="5263457527" visible="true" version="1" changeset="54323849" timestamp="2017-12-04T09:52:34Z" user="mklyr" uid="614924" lat="34.2842339" lon="131.4646420"/>
 <node id="5263457528" visible="true" version="1" changeset="54323849" timestamp="2017-12-04T09:52:34Z" user="mklyr" uid="614924" lat="34.2840665" lon="131.4649196"/>
 <node id="5263457529" visible="true" version="1" changeset="54323849" timestamp="2017-12-04T09:52:34Z" user="mklyr" uid="614924" lat="34.2831801" lon="131.4661454"/>
 <node id="5263457530" visible="true" version="1" changeset="54323849" timestamp="2017-12-04T09:52:34Z" user="mklyr" uid="614924" lat="34.2829595" lon="131.4666107"/>
 <node id="5263457533" visible="true" version="1" changeset="54323849" timestamp="2017-12-04T09:52:34Z" user="mklyr" uid="614924" lat="34.2825595" lon="131.4676917"/>
 <node id="5263457534" visible="true" version="1" changeset="54323849" timestamp="2017-12-04T09:52:34Z" user="mklyr" uid="614924" lat="34.2823756" lon="131.4679451"/>
 <node id="5263457535" visible="true" version="1" changeset="54323849" timestamp="2017-12-04T09:52:34Z" user="mklyr" uid="614924" lat="34.2822670" lon="131.4680484"/>
 <node id="5263457536" visible="true" version="1" changeset="54323849" timestamp="2017-12-04T09:52:34Z" user="mklyr" uid="614924" lat="34.2814458" lon="131.4687136"/>
 <node id="5263457537" visible="true" version="1" changeset="54323849" timestamp="2017-12-04T09:52:34Z" user="mklyr" uid="614924" lat="34.2813550" lon="131.4688222"/>
 <node id="5263457538" visible="true" version="1" changeset="54323849" timestamp="2017-12-04T09:52:34Z" user="mklyr" uid="614924" lat="34.2812442" lon="131.4689670"/>
 <node id="5263457539" visible="true" version="1" changeset="54323849" timestamp="2017-12-04T09:52:34Z" user="mklyr" uid="614924" lat="34.2805516" lon="131.4702988"/>
 <node id="5263457540" visible="true" version="1" changeset="54323849" timestamp="2017-12-04T09:52:34Z" user="mklyr" uid="614924" lat="34.2804718" lon="131.4703765"/>
 <node id="5263457541" visible="true" version="1" changeset="54323849" timestamp="2017-12-04T09:52:34Z" user="mklyr" uid="614924" lat="34.2790013" lon="131.4711571"/>
 <node id="5263457553" visible="true" version="1" changeset="54323849" timestamp="2017-12-04T09:52:34Z" user="mklyr" uid="614924" lat="34.2773124" lon="131.4732532"/>
 <node id="5263457554" visible="true" version="1" changeset="54323849" timestamp="2017-12-04T09:52:34Z" user="mklyr" uid="614924" lat="34.2770465" lon="131.4734893"/>
 <node id="5263457555" visible="true" version="1" changeset="54323849" timestamp="2017-12-04T09:52:34Z" user="mklyr" uid="614924" lat="34.2767927" lon="131.4736167"/>
 <node id="5263457556" visible="true" version="1" changeset="54323849" timestamp="2017-12-04T09:52:34Z" user="mklyr" uid="614924" lat="34.2766952" lon="131.4736421"/>
 <node id="5263457557" visible="true" version="1" changeset="54323849" timestamp="2017-12-04T09:52:34Z" user="mklyr" uid="614924" lat="34.2764004" lon="131.4736703"/>
 <node id="5263457560" visible="true" version="1" changeset="54323849" timestamp="2017-12-04T09:52:34Z" user="mklyr" uid="614924" lat="34.2751725" lon="131.4735362"/>
 <node id="5263457561" visible="true" version="1" changeset="54323849" timestamp="2017-12-04T09:52:34Z" user="mklyr" uid="614924" lat="34.2750406" lon="131.4735644"/>
 <node id="5263457562" visible="true" version="1" changeset="54323849" timestamp="2017-12-04T09:52:34Z" user="mklyr" uid="614924" lat="34.2733473" lon="131.4741249"/>
 <node id="5263457601" visible="true" version="1" changeset="54323849" timestamp="2017-12-04T09:52:35Z" user="mklyr" uid="614924" lat="34.2709423" lon="131.4732358"/>
 <node id="5263457602" visible="true" version="1" changeset="54323849" timestamp="2017-12-04T09:52:35Z" user="mklyr" uid="614924" lat="34.2705678" lon="131.4731044"/>
 <node id="5263457606" visible="true" version="1" changeset="54323849" timestamp="2017-12-04T09:52:35Z" user="mklyr" uid="614924" lat="34.2690306" lon="131.4729179"/>
 <node id="5263457607" visible="true" version="1" changeset="54323849" timestamp="2017-12-04T09:52:35Z" user="mklyr" uid="614924" lat="34.2687446" lon="131.4728107"/>
 <node id="5263457608" visible="true" version="1" changeset="54323849" timestamp="2017-12-04T09:52:35Z" user="mklyr" uid="614924" lat="34.2686005" lon="131.4727248"/>
 <node id="5263457609" visible="true" version="1" changeset="54323849" timestamp="2017-12-04T09:52:35Z" user="mklyr" uid="614924" lat="34.2669270" lon="131.4713167"/>
 <node id="5263457610" visible="true" version="1" changeset="54323849" timestamp="2017-12-04T09:52:35Z" user="mklyr" uid="614924" lat="34.2667940" lon="131.4712550"/>
 <node id="5263457611" visible="true" version="1" changeset="54323849" timestamp="2017-12-04T09:52:35Z" user="mklyr" uid="614924" lat="34.2664615" lon="131.4711839"/>
 <node id="5263457612" visible="true" version="1" changeset="54323849" timestamp="2017-12-04T09:52:35Z" user="mklyr" uid="614924" lat="34.2663318" lon="131.4711852"/>
 <node id="5263457613" visible="true" version="1" changeset="54323849" timestamp="2017-12-04T09:52:35Z" user="mklyr" uid="614924" lat="34.2660215" lon="131.4712402"/>
 <node id="5263457614" visible="true" version="1" changeset="54323849" timestamp="2017-12-04T09:52:35Z" user="mklyr" uid="614924" lat="34.2658907" lon="131.4712831"/>
 <node id="5263457615" visible="true" version="1" changeset="54323849" timestamp="2017-12-04T09:52:35Z" user="mklyr" uid="614924" lat="34.2656546" lon="131.4714199"/>
 <node id="5263457616" visible="true" version="1" changeset="54323849" timestamp="2017-12-04T09:52:35Z" user="mklyr" uid="614924" lat="34.2655527" lon="131.4714977"/>
 <node id="5263457617" visible="true" version="1" changeset="54323849" timestamp="2017-12-04T09:52:35Z" user="mklyr" uid="614924" lat="34.2654252" lon="131.4716251"/>
 <node id="5263457618" visible="true" version="1" changeset="54323849" timestamp="2017-12-04T09:52:35Z" user="mklyr" uid="614924" lat="34.2649730" lon="131.4725626"/>
 <node id="5263457619" visible="true" version="1" changeset="54323849" timestamp="2017-12-04T09:52:35Z" user="mklyr" uid="614924" lat="34.2652058" lon="131.4719108"/>
 <node id="5263457620" visible="true" version="1" changeset="54323849" timestamp="2017-12-04T09:52:35Z" user="mklyr" uid="614924" lat="34.2650705" lon="131.4722072"/>
 <node id="5263457621" visible="true" version="1" changeset="54323849" timestamp="2017-12-04T09:52:35Z" user="mklyr" uid="614924" lat="34.2650196" lon="131.4723560"/>
 <node id="5263457629" visible="true" version="1" changeset="54323849" timestamp="2017-12-04T09:52:36Z" user="mklyr" uid="614924" lat="34.2649641" lon="131.4739627"/>
 <node id="5263457630" visible="true" version="1" changeset="54323849" timestamp="2017-12-04T09:52:36Z" user="mklyr" uid="614924" lat="34.2649963" lon="131.4738044"/>
 <node id="5263457631" visible="true" version="1" changeset="54323849" timestamp="2017-12-04T09:52:36Z" user="mklyr" uid="614924" lat="34.2648832" lon="131.4741558"/>
 <node id="5263457632" visible="true" version="2" changeset="72159939" timestamp="2019-07-12T03:11:42Z" user="AYAGE" uid="521665" lat="34.2630278" lon="131.4763699"/>
 <node id="5263510325" visible="true" version="1" changeset="54324872" timestamp="2017-12-04T10:33:06Z" user="mklyr" uid="614924" lat="34.2477544" lon="131.5146314"/>
 <node id="5263510326" visible="true" version="1" changeset="54324872" timestamp="2017-12-04T10:33:06Z" user="mklyr" uid="614924" lat="34.2476397" lon="131.5143378"/>
 <node id="5263510327" visible="true" version="1" changeset="54324872" timestamp="2017-12-04T10:33:06Z" user="mklyr" uid="614924" lat="34.2476132" lon="131.5141568"/>
 <node id="5263510328" visible="true" version="1" changeset="54324872" timestamp="2017-12-04T10:33:06Z" user="mklyr" uid="614924" lat="34.2475347" lon="131.5135288"/>
 <node id="5263510329" visible="true" version="1" changeset="54324872" timestamp="2017-12-04T10:33:06Z" user="mklyr" uid="614924" lat="34.2474828" lon="131.5133302"/>
 <node id="5263510330" visible="true" version="1" changeset="54324872" timestamp="2017-12-04T10:33:06Z" user="mklyr" uid="614924" lat="34.2455368" lon="131.5095419"/>
 <node id="5263510331" visible="true" version="1" changeset="54324872" timestamp="2017-12-04T10:33:06Z" user="mklyr" uid="614924" lat="34.2446455" lon="131.5071843"/>
 <node id="5263510332" visible="true" version="1" changeset="54324872" timestamp="2017-12-04T10:33:06Z" user="mklyr" uid="614924" lat="34.2445545" lon="131.5067726"/>
 <node id="5263510333" visible="true" version="1" changeset="54324872" timestamp="2017-12-04T10:33:06Z" user="mklyr" uid="614924" lat="34.2445321" lon="131.5065167"/>
 <node id="5263510334" visible="true" version="1" changeset="54324872" timestamp="2017-12-04T10:33:06Z" user="mklyr" uid="614924" lat="34.2444765" lon="131.5059277"/>
 <node id="5263510335" visible="true" version="1" changeset="54324872" timestamp="2017-12-04T10:33:06Z" user="mklyr" uid="614924" lat="34.2442780" lon="131.5053559"/>
 <node id="5263510336" visible="true" version="1" changeset="54324872" timestamp="2017-12-04T10:33:06Z" user="mklyr" uid="614924" lat="34.2441681" lon="131.5049713"/>
 <node id="5263510337" visible="true" version="1" changeset="54324872" timestamp="2017-12-04T10:33:06Z" user="mklyr" uid="614924" lat="34.2441705" lon="131.5048183"/>
 <node id="5263510338" visible="true" version="1" changeset="54324872" timestamp="2017-12-04T10:33:06Z" user="mklyr" uid="614924" lat="34.2442083" lon="131.5045453"/>
 <node id="5263510339" visible="true" version="1" changeset="54324872" timestamp="2017-12-04T10:33:06Z" user="mklyr" uid="614924" lat="34.2442567" lon="131.5043923"/>
 <node id="5263510340" visible="true" version="1" changeset="54324872" timestamp="2017-12-04T10:33:06Z" user="mklyr" uid="614924" lat="34.2446325" lon="131.5037175"/>
 <node id="5263510341" visible="true" version="1" changeset="54324872" timestamp="2017-12-04T10:33:06Z" user="mklyr" uid="614924" lat="34.2446822" lon="131.5035760"/>
 <node id="5263510342" visible="true" version="1" changeset="54324872" timestamp="2017-12-04T10:33:06Z" user="mklyr" uid="614924" lat="34.2447271" lon="131.5032415"/>
 <node id="5263510343" visible="true" version="1" changeset="54324872" timestamp="2017-12-04T10:33:06Z" user="mklyr" uid="614924" lat="34.2447235" lon="131.5030856"/>
 <node id="5263510344" visible="true" version="1" changeset="54324872" timestamp="2017-12-04T10:33:06Z" user="mklyr" uid="614924" lat="34.2446574" lon="131.5028069"/>
 <node id="5263510345" visible="true" version="1" changeset="54324872" timestamp="2017-12-04T10:33:06Z" user="mklyr" uid="614924" lat="34.2445983" lon="131.5026682"/>
 <node id="5263510346" visible="true" version="1" changeset="54324872" timestamp="2017-12-04T10:33:06Z" user="mklyr" uid="614924" lat="34.2439790" lon="131.5013358"/>
 <node id="5263510366" visible="true" version="1" changeset="54324872" timestamp="2017-12-04T10:33:06Z" user="mklyr" uid="614924" lat="34.2429319" lon="131.4979748"/>
 <node id="5263510367" visible="true" version="1" changeset="54324872" timestamp="2017-12-04T10:33:06Z" user="mklyr" uid="614924" lat="34.2428209" lon="131.4967539"/>
 <node id="5263510368" visible="true" version="1" changeset="54324872" timestamp="2017-12-04T10:33:06Z" user="mklyr" uid="614924" lat="34.2428457" lon="131.4964923"/>
 <node id="5263510369" visible="true" version="1" changeset="54324872" timestamp="2017-12-04T10:33:06Z" user="mklyr" uid="614924" lat="34.2429059" lon="131.4961777"/>
 <node id="5263510370" visible="true" version="1" changeset="54324872" timestamp="2017-12-04T10:33:07Z" user="mklyr" uid="614924" lat="34.2436221" lon="131.4934229"/>
 <node id="5263510371" visible="true" version="1" changeset="54324872" timestamp="2017-12-04T10:33:07Z" user="mklyr" uid="614924" lat="34.2436977" lon="131.4931941"/>
 <node id="5263510372" visible="true" version="1" changeset="54324872" timestamp="2017-12-04T10:33:07Z" user="mklyr" uid="614924" lat="34.2438514" lon="131.4928825"/>
 <node id="5263510380" visible="true" version="1" changeset="54324872" timestamp="2017-12-04T10:33:07Z" user="mklyr" uid="614924" lat="34.2443146" lon="131.4923121"/>
 <node id="5263510383" visible="true" version="1" changeset="54324872" timestamp="2017-12-04T10:33:07Z" user="mklyr" uid="614924" lat="34.2450379" lon="131.4916945"/>
 <node id="5263510384" visible="true" version="1" changeset="54324872" timestamp="2017-12-04T10:33:07Z" user="mklyr" uid="614924" lat="34.2528301" lon="131.4868467"/>
 <node id="5263510385" visible="true" version="1" changeset="54324872" timestamp="2017-12-04T10:33:08Z" user="mklyr" uid="614924" lat="34.2523197" lon="131.4872813"/>
 <node id="5263510386" visible="true" version="1" changeset="54324872" timestamp="2017-12-04T10:33:08Z" user="mklyr" uid="614924" lat="34.2525950" lon="131.4870625"/>
 <node id="6604033640" visible="true" version="1" changeset="72114283" timestamp="2019-07-10T23:52:07Z" user="AYAGE" uid="521665" lat="34.2513459" lon="131.4901069"/>
 <node id="6604033641" visible="true" version="1" changeset="72114283" timestamp="2019-07-10T23:52:07Z" user="AYAGE" uid="521665" lat="34.2512772" lon="131.4892888"/>
 <node id="6604033642" visible="true" version="1" changeset="72114283" timestamp="2019-07-10T23:52:07Z" user="AYAGE" uid="521665" lat="34.2510532" lon="131.4891869"/>
 <node id="6604033643" visible="true" version="1" changeset="72114283" timestamp="2019-07-10T23:52:07Z" user="AYAGE" uid="521665" lat="34.2507118" lon="131.4888221"/>
 <node id="6604033644" visible="true" version="1" changeset="72114283" timestamp="2019-07-10T23:52:07Z" user="AYAGE" uid="521665" lat="34.2505322" lon="131.4885592"/>
 <node id="6604033645" visible="true" version="1" changeset="72114283" timestamp="2019-07-10T23:52:07Z" user="AYAGE" uid="521665" lat="34.2499647" lon="131.4880805"/>
 <node id="6607761441" visible="true" version="1" changeset="72159939" timestamp="2019-07-12T03:11:42Z" user="AYAGE" uid="521665" lat="34.2631753" lon="131.4762560"/>
 <node id="6607761442" visible="true" version="1" changeset="72159939" timestamp="2019-07-12T03:11:42Z" user="AYAGE" uid="521665" lat="34.2625213" lon="131.4768729"/>
 <node id="6607761443" visible="true" version="1" changeset="72159939" timestamp="2019-07-12T03:11:42Z" user="AYAGE" uid="521665" lat="34.2622730" lon="131.4771116"/>
 <node id="6607761444" visible="true" version="1" changeset="72159939" timestamp="2019-07-12T03:11:42Z" user="AYAGE" uid="521665" lat="34.2619084" lon="131.4772376"/>
 <node id="6607761445" visible="true" version="1" changeset="72159939" timestamp="2019-07-12T03:11:42Z" user="AYAGE" uid="521665" lat="34.2617410" lon="131.4773731"/>
 <node id="6607761446" visible="true" version="1" changeset="72159939" timestamp="2019-07-12T03:11:42Z" user="AYAGE" uid="521665" lat="34.2615759" lon="131.4777365"/>
 <node id="6607761447" visible="true" version="1" changeset="72159939" timestamp="2019-07-12T03:11:42Z" user="AYAGE" uid="521665" lat="34.2605517" lon="131.4783856"/>
 <node id="6607761448" visible="true" version="1" changeset="72159939" timestamp="2019-07-12T03:11:42Z" user="AYAGE" uid="521665" lat="34.2596539" lon="131.4792976"/>
 <node id="6607761468" visible="true" version="1" changeset="72159939" timestamp="2019-07-12T03:11:42Z" user="AYAGE" uid="521665" lat="34.2585311" lon="131.4811631"/>
 <node id="6607761469" visible="true" version="1" changeset="72159939" timestamp="2019-07-12T03:11:42Z" user="AYAGE" uid="521665" lat="34.2583969" lon="131.4811496"/>
 <node id="6607761470" visible="true" version="1" changeset="72159939" timestamp="2019-07-12T03:11:42Z" user="AYAGE" uid="521665" lat="34.2581220" lon="131.4817719"/>
 <node id="6607761480" visible="true" version="2" changeset="72201363" timestamp="2019-07-13T02:23:03Z" user="AYAGE" uid="521665" lat="34.2565735" lon="131.4823325"/>
 <node id="6607761500" visible="true" version="1" changeset="72159939" timestamp="2019-07-12T03:11:42Z" user="AYAGE" uid="521665" lat="34.2525697" lon="131.4846566"/>
 <node id="6607761501" visible="true" version="1" changeset="72159939" timestamp="2019-07-12T03:11:42Z" user="AYAGE" uid="521665" lat="34.2524533" lon="131.4857416"/>
 <node id="6607761502" visible="true" version="1" changeset="72159939" timestamp="2019-07-12T03:11:42Z" user="AYAGE" uid="521665" lat="34.2523436" lon="131.4858060"/>
 <node id="6607761503" visible="true" version="1" changeset="72159939" timestamp="2019-07-12T03:11:42Z" user="AYAGE" uid="521665" lat="34.2521618" lon="131.4859132"/>
 <node id="6607761504" visible="true" version="1" changeset="72159939" timestamp="2019-07-12T03:11:42Z" user="AYAGE" uid="521665" lat="34.2516884" lon="131.4861198"/>
 <node id="6607761505" visible="true" version="1" changeset="72159939" timestamp="2019-07-12T03:11:42Z" user="AYAGE" uid="521665" lat="34.2515676" lon="131.4861962"/>
 <node id="6607761506" visible="true" version="1" changeset="72159939" timestamp="2019-07-12T03:11:42Z" user="AYAGE" uid="521665" lat="34.2514678" lon="131.4862834"/>
 <node id="6607761507" visible="true" version="1" changeset="72159939" timestamp="2019-07-12T03:11:42Z" user="AYAGE" uid="521665" lat="34.2513149" lon="131.4865395"/>
 <node id="6607761508" visible="true" version="1" changeset="72159939" timestamp="2019-07-12T03:11:42Z" user="AYAGE" uid="521665" lat="34.2512062" lon="131.4866978"/>
 <node id="6607761509" visible="true" version="1" changeset="72159939" timestamp="2019-07-12T03:11:42Z" user="AYAGE" uid="521665" lat="34.2510510" lon="131.4868748"/>
 <node id="6607761510" visible="true" version="1" changeset="72159939" timestamp="2019-07-12T03:11:42Z" user="AYAGE" uid="521665" lat="34.2508393" lon="131.4870492"/>
 <node id="6607761511" visible="true" version="1" changeset="72159939" timestamp="2019-07-12T03:11:42Z" user="AYAGE" uid="521665" lat="34.2507794" lon="131.4870934"/>
 <node id="6607761512" visible="true" version="1" changeset="72159939" timestamp="2019-07-12T03:11:42Z" user="AYAGE" uid="521665" lat="34.2507506" lon="131.4871511"/>
 <node id="6607761513" visible="true" version="1" changeset="72159939" timestamp="2019-07-12T03:11:42Z" user="AYAGE" uid="521665" lat="34.2506220" lon="131.4871350"/>
 <node id="6607761514" visible="true" version="1" changeset="72159939" timestamp="2019-07-12T03:11:42Z" user="AYAGE" uid="521665" lat="34.2504846" lon="131.4872074"/>
 <node id="6607761515" visible="true" version="1" changeset="72159939" timestamp="2019-07-12T03:11:42Z" user="AYAGE" uid="521665" lat="34.2503881" lon="131.4873067"/>
 <node id="6607761516" visible="true" version="1" changeset="72159939" timestamp="2019-07-12T03:11:42Z" user="AYAGE" uid="521665" lat="34.2524988" lon="131.4857094"/>
 <node id="6607761517" visible="true" version="1" changeset="72159939" timestamp="2019-07-12T03:11:42Z" user="AYAGE" uid="521665" lat="34.2524910" lon="131.4857791"/>
 <node id="6607761518" visible="true" version="1" changeset="72159939" timestamp="2019-07-12T03:11:42Z" user="AYAGE" uid="521665" lat="34.2535518" lon="131.4924015"/>
 <node id="6607761519" visible="true" version="1" changeset="72159939" timestamp="2019-07-12T03:11:42Z" user="AYAGE" uid="521665" lat="34.2535297" lon="131.4922540"/>
 <node id="6607761520" visible="true" version="1" changeset="72159939" timestamp="2019-07-12T03:11:42Z" user="AYAGE" uid="521665" lat="34.2534720" lon="131.4920957"/>
 <node id="6607761521" visible="true" version="1" changeset="72159939" timestamp="2019-07-12T03:11:42Z" user="AYAGE" uid="521665" lat="34.2533257" lon="131.4917967"/>
 <node id="6607761522" visible="true" version="1" changeset="72159939" timestamp="2019-07-12T03:11:42Z" user="AYAGE" uid="521665" lat="34.2531916" lon="131.4915164"/>
 <node id="6607761523" visible="true" version="1" changeset="72159939" timestamp="2019-07-12T03:11:42Z" user="AYAGE" uid="521665" lat="34.2531051" lon="131.4912803"/>
 <node id="6607761524" visible="true" version="1" changeset="72159939" timestamp="2019-07-12T03:11:42Z" user="AYAGE" uid="521665" lat="34.2530475" lon="131.4911905"/>
 <node id="6607761525" visible="true" version="1" changeset="72159939" timestamp="2019-07-12T03:11:42Z" user="AYAGE" uid="521665" lat="34.2529677" lon="131.4911087"/>
 <node id="6607761526" visible="true" version="1" changeset="72159939" timestamp="2019-07-12T03:11:42Z" user="AYAGE" uid="521665" lat="34.2527271" lon="131.4909598"/>
 <node id="6607761527" visible="true" version="1" changeset="72159939" timestamp="2019-07-12T03:11:42Z" user="AYAGE" uid="521665" lat="34.2526639" lon="131.4909209"/>
 <node id="6607761528" visible="true" version="1" changeset="72159939" timestamp="2019-07-12T03:11:42Z" user="AYAGE" uid="521665" lat="34.2525797" lon="131.4908230"/>
 <node id="6607761529" visible="true" version="1" changeset="72159939" timestamp="2019-07-12T03:11:42Z" user="AYAGE" uid="521665" lat="34.2524389" lon="131.4905052"/>
 <node id="6607761530" visible="true" version="1" changeset="72159939" timestamp="2019-07-12T03:11:42Z" user="AYAGE" uid="521665" lat="34.2523569" lon="131.4903550"/>
 <node id="6607761531" visible="true" version="1" changeset="72159939" timestamp="2019-07-12T03:11:42Z" user="AYAGE" uid="521665" lat="34.2520997" lon="131.4899741"/>
 <node id="6607761532" visible="true" version="1" changeset="72159939" timestamp="2019-07-12T03:11:42Z" user="AYAGE" uid="521665" lat="34.2519678" lon="131.4897555"/>
 <node id="6607761533" visible="true" version="1" changeset="72159939" timestamp="2019-07-12T03:11:42Z" user="AYAGE" uid="521665" lat="34.2518791" lon="131.4896174"/>
 <node id="6607761534" visible="true" version="1" changeset="72159939" timestamp="2019-07-12T03:11:42Z" user="AYAGE" uid="521665" lat="34.2518159" lon="131.4894296"/>
 <node id="6607761535" visible="true" version="1" changeset="72159939" timestamp="2019-07-12T03:11:42Z" user="AYAGE" uid="521665" lat="34.2518026" lon="131.4892888"/>
 <node id="6607761536" visible="true" version="1" changeset="72159939" timestamp="2019-07-12T03:11:42Z" user="AYAGE" uid="521665" lat="34.2517771" lon="131.4891547"/>
 <node id="6607761537" visible="true" version="1" changeset="72159939" timestamp="2019-07-12T03:11:42Z" user="AYAGE" uid="521665" lat="34.2517682" lon="131.4886276"/>
 <node id="6607761538" visible="true" version="1" changeset="72159939" timestamp="2019-07-12T03:11:42Z" user="AYAGE" uid="521665" lat="34.2517649" lon="131.4885606"/>
 <node id="6607761539" visible="true" version="1" changeset="72159939" timestamp="2019-07-12T03:11:42Z" user="AYAGE" uid="521665" lat="34.2517150" lon="131.4884077"/>
 <node id="6607761540" visible="true" version="1" changeset="72159939" timestamp="2019-07-12T03:11:42Z" user="AYAGE" uid="521665" lat="34.2514912" lon="131.4877847"/>
 <node id="6607761541" visible="true" version="1" changeset="72159939" timestamp="2019-07-12T03:11:42Z" user="AYAGE" uid="521665" lat="34.2513027" lon="131.4872436"/>
 <node id="6607761542" visible="true" version="1" changeset="72159939" timestamp="2019-07-12T03:11:42Z" user="AYAGE" uid="521665" lat="34.2506763" lon="131.4870532"/>
 <node id="6607761543" visible="true" version="1" changeset="72159939" timestamp="2019-07-12T03:11:42Z" user="AYAGE" uid="521665" lat="34.2503205" lon="131.4874864"/>
 <node id="6607761544" visible="true" version="1" changeset="72159939" timestamp="2019-07-12T03:11:42Z" user="AYAGE" uid="521665" lat="34.2503072" lon="131.4876245"/>
 <node id="6607761545" visible="true" version="1" changeset="72159939" timestamp="2019-07-12T03:11:42Z" user="AYAGE" uid="521665" lat="34.2502695" lon="131.4878266"/>
 <node id="6607761546" visible="true" version="1" changeset="72159939" timestamp="2019-07-12T03:11:42Z" user="AYAGE" uid="521665" lat="34.2502296" lon="131.4878994"/>
 <node id="6607761547" visible="true" version="1" changeset="72159939" timestamp="2019-07-12T03:11:42Z" user="AYAGE" uid="521665" lat="34.2501210" lon="131.4880563"/>
 <node id="6607761548" visible="true" version="1" changeset="72159939" timestamp="2019-07-12T03:11:42Z" user="AYAGE" uid="521665" lat="34.2500223" lon="131.4881676"/>
 <node id="6607761549" visible="true" version="1" changeset="72159939" timestamp="2019-07-12T03:11:42Z" user="AYAGE" uid="521665" lat="34.2498904" lon="131.4882360"/>
 <node id="6607761550" visible="true" version="1" changeset="72159939" timestamp="2019-07-12T03:11:42Z" user="AYAGE" uid="521665" lat="34.2497718" lon="131.4882883"/>
 <node id="6607761551" visible="true" version="1" changeset="72159939" timestamp="2019-07-12T03:11:42Z" user="AYAGE" uid="521665" lat="34.2496598" lon="131.4883339"/>
 <node id="6607761552" visible="true" version="1" changeset="72159939" timestamp="2019-07-12T03:11:42Z" user="AYAGE" uid="521665" lat="34.2495423" lon="131.4884225"/>
 <node id="6607761553" visible="true" version="1" changeset="72159939" timestamp="2019-07-12T03:11:42Z" user="AYAGE" uid="521665" lat="34.2493594" lon="131.4885968"/>
 <node id="6607761554" visible="true" version="1" changeset="72159939" timestamp="2019-07-12T03:11:42Z" user="AYAGE" uid="521665" lat="34.2492751" lon="131.4886558"/>
 <node id="6607761555" visible="true" version="1" changeset="72159939" timestamp="2019-07-12T03:11:42Z" user="AYAGE" uid="521665" lat="34.2490180" lon="131.4887698"/>
 <node id="6607761556" visible="true" version="1" changeset="72159939" timestamp="2019-07-12T03:11:42Z" user="AYAGE" uid="521665" lat="34.2489437" lon="131.4888181"/>
 <node id="6607761557" visible="true" version="1" changeset="72159939" timestamp="2019-07-12T03:11:42Z" user="AYAGE" uid="521665" lat="34.2488605" lon="131.4889133"/>
 <node id="6607761558" visible="true" version="1" changeset="72159939" timestamp="2019-07-12T03:11:42Z" user="AYAGE" uid="521665" lat="34.2486444" lon="131.4892673"/>
 <node id="6607761559" visible="true" version="1" changeset="72159939" timestamp="2019-07-12T03:11:42Z" user="AYAGE" uid="521665" lat="34.2486078" lon="131.4893545"/>
 <node id="6607761560" visible="true" version="1" changeset="72159939" timestamp="2019-07-12T03:11:42Z" user="AYAGE" uid="521665" lat="34.2485878" lon="131.4894699"/>
 <node id="6607761561" visible="true" version="1" changeset="72159939" timestamp="2019-07-12T03:11:42Z" user="AYAGE" uid="521665" lat="34.2500800" lon="131.4875239"/>
 <node id="6607761562" visible="true" version="1" changeset="72159939" timestamp="2019-07-12T03:11:42Z" user="AYAGE" uid="521665" lat="34.2500733" lon="131.4872879"/>
 <node id="6607761563" visible="true" version="1" changeset="72159939" timestamp="2019-07-12T03:11:42Z" user="AYAGE" uid="521665" lat="34.2502485" lon="131.4872463"/>
 <node id="6607761564" visible="true" version="1" changeset="72159939" timestamp="2019-07-12T03:11:42Z" user="AYAGE" uid="521665" lat="34.2508027" lon="131.4869499"/>
 <node id="6607761565" visible="true" version="1" changeset="72159939" timestamp="2019-07-12T03:11:42Z" user="AYAGE" uid="521665" lat="34.2514368" lon="131.4861332"/>
 <node id="6607761566" visible="true" version="1" changeset="72159939" timestamp="2019-07-12T03:11:42Z" user="AYAGE" uid="521665" lat="34.2517472" lon="131.4857376"/>
 <node id="6607761567" visible="true" version="1" changeset="72159939" timestamp="2019-07-12T03:11:42Z" user="AYAGE" uid="521665" lat="34.2518104" lon="131.4851864"/>
 <node id="6607761568" visible="true" version="1" changeset="72159939" timestamp="2019-07-12T03:11:42Z" user="AYAGE" uid="521665" lat="34.2517427" lon="131.4841886"/>
 <node id="6607761569" visible="true" version="1" changeset="72159939" timestamp="2019-07-12T03:11:42Z" user="AYAGE" uid="521665" lat="34.2517638" lon="131.4837930"/>
 <node id="6607761570" visible="true" version="1" changeset="72159939" timestamp="2019-07-12T03:11:42Z" user="AYAGE" uid="521665" lat="34.2518869" lon="131.4834362"/>
 <node id="6607761571" visible="true" version="1" changeset="72159939" timestamp="2019-07-12T03:11:42Z" user="AYAGE" uid="521665" lat="34.2519423" lon="131.4832686"/>
 <node id="6607761572" visible="true" version="1" changeset="72159939" timestamp="2019-07-12T03:11:42Z" user="AYAGE" uid="521665" lat="34.2520542" lon="131.4829427"/>
 <node id="6607761573" visible="true" version="1" changeset="72159939" timestamp="2019-07-12T03:11:42Z" user="AYAGE" uid="521665" lat="34.2520853" lon="131.4831613"/>
 <node id="6607761574" visible="true" version="1" changeset="72159939" timestamp="2019-07-12T03:11:42Z" user="AYAGE" uid="521665" lat="34.2520908" lon="131.4816177"/>
 <node id="6607761575" visible="true" version="1" changeset="72159939" timestamp="2019-07-12T03:11:42Z" user="AYAGE" uid="521665" lat="34.2528845" lon="131.4803410"/>
 <node id="6607761576" visible="true" version="1" changeset="72159939" timestamp="2019-07-12T03:11:42Z" user="AYAGE" uid="521665" lat="34.2531084" lon="131.4801586"/>
 <node id="6607761577" visible="true" version="1" changeset="72159939" timestamp="2019-07-12T03:11:42Z" user="AYAGE" uid="521665" lat="34.2533789" lon="131.4802632"/>
 <node id="6607761578" visible="true" version="1" changeset="72159939" timestamp="2019-07-12T03:11:42Z" user="AYAGE" uid="521665" lat="34.2537270" lon="131.4802176"/>
 <node id="6607761579" visible="true" version="1" changeset="72159939" timestamp="2019-07-12T03:11:42Z" user="AYAGE" uid="521665" lat="34.2540329" lon="131.4800405"/>
 <node id="6607761580" visible="true" version="1" changeset="72159939" timestamp="2019-07-12T03:11:42Z" user="AYAGE" uid="521665" lat="34.2541416" lon="131.4800271"/>
 <node id="6607761581" visible="true" version="1" changeset="72159939" timestamp="2019-07-12T03:11:42Z" user="AYAGE" uid="521665" lat="34.2544408" lon="131.4802363"/>
 <node id="6607761582" visible="true" version="1" changeset="72159939" timestamp="2019-07-12T03:11:42Z" user="AYAGE" uid="521665" lat="34.2558264" lon="131.4812918"/>
 <node id="6607761583" visible="true" version="1" changeset="72159939" timestamp="2019-07-12T03:11:42Z" user="AYAGE" uid="521665" lat="34.2556868" lon="131.4813334"/>
 <node id="6607761584" visible="true" version="1" changeset="72159939" timestamp="2019-07-12T03:11:42Z" user="AYAGE" uid="521665" lat="34.2555637" lon="131.4809659"/>
 <node id="6607761585" visible="true" version="1" changeset="72159939" timestamp="2019-07-12T03:11:42Z" user="AYAGE" uid="521665" lat="34.2556657" lon="131.4809163"/>
 <node id="6607761586" visible="true" version="1" changeset="72159939" timestamp="2019-07-12T03:11:42Z" user="AYAGE" uid="521665" lat="34.2555039" lon="131.4807191"/>
 <node id="6607761587" visible="true" version="1" changeset="72159939" timestamp="2019-07-12T03:11:42Z" user="AYAGE" uid="521665" lat="34.2555416" lon="131.4805676"/>
 <node id="6607761588" visible="true" version="1" changeset="72159939" timestamp="2019-07-12T03:11:42Z" user="AYAGE" uid="521665" lat="34.2554085" lon="131.4804067"/>
 <node id="6607761589" visible="true" version="1" changeset="72159939" timestamp="2019-07-12T03:11:42Z" user="AYAGE" uid="521665" lat="34.2553099" lon="131.4805555"/>
 <node id="6607761590" visible="true" version="1" changeset="72159939" timestamp="2019-07-12T03:11:42Z" user="AYAGE" uid="521665" lat="34.2551093" lon="131.4805140"/>
 <node id="6607761591" visible="true" version="1" changeset="72159939" timestamp="2019-07-12T03:11:42Z" user="AYAGE" uid="521665" lat="34.2549009" lon="131.4801639"/>
 <node id="6607761592" visible="true" version="1" changeset="72159939" timestamp="2019-07-12T03:11:42Z" user="AYAGE" uid="521665" lat="34.2551447" lon="131.4803021"/>
 <node id="6607761593" visible="true" version="1" changeset="72159939" timestamp="2019-07-12T03:11:42Z" user="AYAGE" uid="521665" lat="34.2548964" lon="131.4805676"/>
 <node id="6607761594" visible="true" version="1" changeset="72159939" timestamp="2019-07-12T03:11:42Z" user="AYAGE" uid="521665" lat="34.2546969" lon="131.4802752"/>
 <node id="6607761595" visible="true" version="1" changeset="72159939" timestamp="2019-07-12T03:11:42Z" user="AYAGE" uid="521665" lat="34.2537968" lon="131.4814393"/>
 <node id="6607761596" visible="true" version="1" changeset="72159939" timestamp="2019-07-12T03:11:42Z" user="AYAGE" uid="521665" lat="34.2526196" lon="131.4823580"/>
 <node id="6607761597" visible="true" version="1" changeset="72159939" timestamp="2019-07-12T03:11:42Z" user="AYAGE" uid="521665" lat="34.2531184" lon="131.4817384"/>
 <node id="6607761598" visible="true" version="1" changeset="72159939" timestamp="2019-07-12T03:11:42Z" user="AYAGE" uid="521665" lat="34.2523857" lon="131.4830191"/>
 <node id="6607761599" visible="true" version="1" changeset="72159939" timestamp="2019-07-12T03:11:42Z" user="AYAGE" uid="521665" lat="34.2523369" lon="131.4831358"/>
 <node id="6607761600" visible="true" version="1" changeset="72159939" timestamp="2019-07-12T03:11:42Z" user="AYAGE" uid="521665" lat="34.2524134" lon="131.4834402"/>
 <node id="6607761601" visible="true" version="1" changeset="72159939" timestamp="2019-07-12T03:11:42Z" user="AYAGE" uid="521665" lat="34.2525065" lon="131.4836481"/>
 <node id="6607761602" visible="true" version="1" changeset="72159939" timestamp="2019-07-12T03:11:42Z" user="AYAGE" uid="521665" lat="34.2525464" lon="131.4842328"/>
 <node id="6607761603" visible="true" version="1" changeset="72159939" timestamp="2019-07-12T03:11:42Z" user="AYAGE" uid="521665" lat="34.2525176" lon="131.4845306"/>
 <node id="6607761604" visible="true" version="1" changeset="72159939" timestamp="2019-07-12T03:11:42Z" user="AYAGE" uid="521665" lat="34.2526129" lon="131.4848162"/>
 <node id="6607761605" visible="true" version="1" changeset="72159939" timestamp="2019-07-12T03:11:42Z" user="AYAGE" uid="521665" lat="34.2526972" lon="131.4846714"/>
 <node id="6607761606" visible="true" version="1" changeset="72159939" timestamp="2019-07-12T03:11:42Z" user="AYAGE" uid="521665" lat="34.2527604" lon="131.4847961"/>
 <node id="6607761607" visible="true" version="1" changeset="72159939" timestamp="2019-07-12T03:11:42Z" user="AYAGE" uid="521665" lat="34.2527138" lon="131.4850831"/>
 <node id="6607761608" visible="true" version="1" changeset="72159939" timestamp="2019-07-12T03:11:42Z" user="AYAGE" uid="521665" lat="34.2526739" lon="131.4854023"/>
 <node id="6607761609" visible="true" version="1" changeset="72159939" timestamp="2019-07-12T03:11:42Z" user="AYAGE" uid="521665" lat="34.2528623" lon="131.4858797"/>
 <node id="6607761610" visible="true" version="1" changeset="72159939" timestamp="2019-07-12T03:11:42Z" user="AYAGE" uid="521665" lat="34.2524411" lon="131.4861211"/>
 <node id="6607761611" visible="true" version="1" changeset="72159939" timestamp="2019-07-12T03:11:42Z" user="AYAGE" uid="521665" lat="34.2522748" lon="131.4863384"/>
 <node id="6607761612" visible="true" version="1" changeset="72159939" timestamp="2019-07-12T03:11:42Z" user="AYAGE" uid="521665" lat="34.2516474" lon="131.4872691"/>
 <node id="6607761613" visible="true" version="1" changeset="72159939" timestamp="2019-07-12T03:11:42Z" user="AYAGE" uid="521665" lat="34.2517472" lon="131.4874434"/>
 <node id="6607761614" visible="true" version="1" changeset="72159939" timestamp="2019-07-12T03:11:42Z" user="AYAGE" uid="521665" lat="34.2519245" lon="131.4869553"/>
 <node id="6607761615" visible="true" version="1" changeset="72159939" timestamp="2019-07-12T03:11:42Z" user="AYAGE" uid="521665" lat="34.2521152" lon="131.4872718"/>
 <node id="6607761616" visible="true" version="1" changeset="72159939" timestamp="2019-07-12T03:11:42Z" user="AYAGE" uid="521665" lat="34.2524478" lon="131.4870840"/>
 <node id="6607761617" visible="true" version="1" changeset="72159939" timestamp="2019-07-12T03:11:42Z" user="AYAGE" uid="521665" lat="34.2525165" lon="131.4874327"/>
 <node id="6607761618" visible="true" version="1" changeset="72159939" timestamp="2019-07-12T03:11:42Z" user="AYAGE" uid="521665" lat="34.2518603" lon="131.4889938"/>
 <node id="6607761619" visible="true" version="1" changeset="72159939" timestamp="2019-07-12T03:11:42Z" user="AYAGE" uid="521665" lat="34.2518048" lon="131.4895356"/>
 <node id="6607761620" visible="true" version="1" changeset="72159939" timestamp="2019-07-12T03:11:42Z" user="AYAGE" uid="521665" lat="34.2519090" lon="131.4897957"/>
 <node id="6607761621" visible="true" version="1" changeset="72159939" timestamp="2019-07-12T03:11:42Z" user="AYAGE" uid="521665" lat="34.2520554" lon="131.4898145"/>
 <node id="6607761622" visible="true" version="1" changeset="72159939" timestamp="2019-07-12T03:11:42Z" user="AYAGE" uid="521665" lat="34.2524832" lon="131.4902249"/>
 <node id="6607761623" visible="true" version="1" changeset="72159939" timestamp="2019-07-12T03:11:42Z" user="AYAGE" uid="521665" lat="34.2535297" lon="131.4917108"/>
 <node id="6607761624" visible="true" version="1" changeset="72159939" timestamp="2019-07-12T03:11:42Z" user="AYAGE" uid="521665" lat="34.2538800" lon="131.4925960"/>
 <node id="6607761625" visible="true" version="1" changeset="72159939" timestamp="2019-07-12T03:11:42Z" user="AYAGE" uid="521665" lat="34.2535696" lon="131.4925852"/>
 <node id="6607761626" visible="true" version="1" changeset="72159939" timestamp="2019-07-12T03:11:42Z" user="AYAGE" uid="521665" lat="34.2530730" lon="131.4920783"/>
 <node id="6607761627" visible="true" version="1" changeset="72159939" timestamp="2019-07-12T03:11:42Z" user="AYAGE" uid="521665" lat="34.2526517" lon="131.4917135"/>
 <node id="6607761628" visible="true" version="1" changeset="72159939" timestamp="2019-07-12T03:11:42Z" user="AYAGE" uid="521665" lat="34.2525254" lon="131.4915740"/>
 <node id="6607761629" visible="true" version="1" changeset="72159939" timestamp="2019-07-12T03:11:42Z" user="AYAGE" uid="521665" lat="34.2523724" lon="131.4911690"/>
 <node id="6611260500" visible="true" version="1" changeset="72201363" timestamp="2019-07-13T02:23:03Z" user="AYAGE" uid="521665" lat="34.2565381" lon="131.4823982"/>
 <node id="6611260501" visible="true" version="1" changeset="72201363" timestamp="2019-07-13T02:23:03Z" user="AYAGE" uid="521665" lat="34.2563164" lon="131.4823258"/>
 <node id="6611260502" visible="true" version="1" changeset="72201363" timestamp="2019-07-13T02:23:03Z" user="AYAGE" uid="521665" lat="34.2563829" lon="131.4821461"/>
 <node id="6611260503" visible="true" version="1" changeset="72201363" timestamp="2019-07-13T02:23:03Z" user="AYAGE" uid="521665" lat="34.2559772" lon="131.4819221"/>
 <node id="6611260504" visible="true" version="1" changeset="72201363" timestamp="2019-07-13T02:23:03Z" user="AYAGE" uid="521665" lat="34.2561180" lon="131.4817290"/>
 <node id="9412086449" visible="true" version="2" changeset="118041702" timestamp="2022-03-03T05:33:13Z" user="okadatsuneo_import" uid="12352917" lat="34.2519182" lon="131.4874464">
  <tag k="bus" v="yes"/>
  <tag k="gtfs:stop_id" v="60064 2"/>
  <tag k="highway" v="bus_stop"/>
  <tag k="name" v="下小木原"/>
  <tag k="name:ja" v="下小木原"/>
  <tag k="name:ja-Hira" v="しもこぎはら"/>
  <tag k="operator" v="中国ジェイアールバス"/>
  <tag k="operator:en" v="Chugoku JR Bus"/>
  <tag k="public_transport" v="platform"/>
 </node>
 <node id="9412086450" visible="true" version="1" changeset="116054198" timestamp="2022-01-12T07:39:29Z" user="okadatsuneo_import" uid="12352917" lat="34.2512352" lon="131.4880273">
  <tag k="bus" v="yes"/>
  <tag k="gtfs:stop_id" v="60064 1"/>
  <tag k="highway" v="bus_stop"/>
  <tag k="name" v="下小木原"/>
  <tag k="name:ja" v="下小木原"/>
  <tag k="name:ja-Hira" v="しもこぎはら"/>
  <tag k="operator" v="中国ジェイアールバス"/>
  <tag k="operator:en" v="Chugoku JR Bus"/>
  <tag k="public_transport" v="platform"/>
 </node>
 <way id="60297623" visible="true" version="4" changeset="153270820" timestamp="2024-06-28T00:58:20Z" user="taketaketake" uid="4757277">
  <nd ref="749853759"/>
  <nd ref="749199707"/>
  <nd ref="749657091"/>
  <nd ref="748985930"/>
  <nd ref="749387071"/>
  <nd ref="749818523"/>
  <nd ref="748903711"/>
  <nd ref="749270855"/>
  <nd ref="749749916"/>
  <nd ref="749057356"/>
  <nd ref="749457497"/>
  <nd ref="749889013"/>
  <nd ref="749235196"/>
  <nd ref="749702764"/>
  <nd ref="749790163"/>
  <nd ref="749094180"/>
  <nd ref="749552726"/>
  <nd ref="748919274"/>
  <nd ref="749298478"/>
  <nd ref="749775215"/>
  <nd ref="749075794"/>
  <nd ref="749511617"/>
  <nd ref="749327646"/>
  <nd ref="749797486"/>
  <nd ref="749106667"/>
  <nd ref="749564904"/>
  <nd ref="748926521"/>
  <nd ref="749307781"/>
  <nd ref="749785094"/>
  <nd ref="749084347"/>
  <nd ref="749172600"/>
  <nd ref="749625469"/>
  <nd ref="748968089"/>
  <nd ref="749357936"/>
  <nd ref="749809351"/>
  <nd ref="6607761542"/>
  <nd ref="749136795"/>
  <nd ref="749588515"/>
  <nd ref="748941952"/>
  <nd ref="749034101"/>
  <nd ref="749863154"/>
  <nd ref="749210008"/>
  <nd ref="748993714"/>
  <nd ref="749397408"/>
  <nd ref="749828704"/>
  <nd ref="749281464"/>
  <nd ref="749760685"/>
  <nd ref="749472671"/>
  <nd ref="749898186"/>
  <nd ref="749244515"/>
  <nd ref="749716234"/>
  <nd ref="748948141"/>
  <nd ref="749799897"/>
  <nd ref="749111741"/>
  <nd ref="749570196"/>
  <nd ref="748929586"/>
  <nd ref="749311966"/>
  <nd ref="749787688"/>
  <nd ref="749839244"/>
  <nd ref="749180487"/>
  <nd ref="749633941"/>
  <nd ref="748973367"/>
  <nd ref="749366538"/>
  <nd ref="749812396"/>
  <nd ref="749145564"/>
  <nd ref="749595776"/>
  <nd ref="749727314"/>
  <nd ref="749042555"/>
  <nd ref="749219201"/>
  <nd ref="749684829"/>
  <nd ref="749001775"/>
  <nd ref="749404817"/>
  <nd ref="749543007"/>
  <nd ref="748911204"/>
  <nd ref="749289104"/>
  <nd ref="749766667"/>
  <nd ref="749070069"/>
  <nd ref="749487182"/>
  <nd ref="748892351"/>
  <nd ref="749253508"/>
  <nd ref="749095793"/>
  <nd ref="748920216"/>
  <nd ref="749776367"/>
  <nd ref="749076626"/>
  <nd ref="749515789"/>
  <nd ref="748904662"/>
  <nd ref="749341540"/>
  <nd ref="749803292"/>
  <nd ref="749120801"/>
  <nd ref="749577367"/>
  <nd ref="748934038"/>
  <nd ref="749790943"/>
  <nd ref="749848000"/>
  <nd ref="749193608"/>
  <nd ref="749647415"/>
  <nd ref="748981783"/>
  <nd ref="749381091"/>
  <nd ref="749816259"/>
  <nd ref="749606135"/>
  <nd ref="749742264"/>
  <nd ref="6607761470"/>
  <nd ref="749052389"/>
  <nd ref="749450882"/>
  <nd ref="749882514"/>
  <nd ref="6607761469"/>
  <nd ref="6607761468"/>
  <nd ref="749229508"/>
  <nd ref="749696705"/>
  <nd ref="749014490"/>
  <nd ref="749412436"/>
  <nd ref="749795021"/>
  <nd ref="749100450"/>
  <nd ref="749559429"/>
  <nd ref="748923331"/>
  <nd ref="749303903"/>
  <nd ref="749780272"/>
  <nd ref="749079755"/>
  <nd ref="749530431"/>
  <nd ref="6607761448"/>
  <nd ref="749615859"/>
  <nd ref="748961544"/>
  <nd ref="749349305"/>
  <nd ref="749806330"/>
  <nd ref="749127924"/>
  <nd ref="749582815"/>
  <nd ref="748936785"/>
  <nd ref="6607761447"/>
  <nd ref="749322210"/>
  <nd ref="749419541"/>
  <nd ref="749856339"/>
  <nd ref="749201875"/>
  <nd ref="749660178"/>
  <nd ref="6607761446"/>
  <nd ref="748987651"/>
  <nd ref="6607761445"/>
  <nd ref="6607761444"/>
  <nd ref="749389538"/>
  <nd ref="6607761443"/>
  <nd ref="749820083"/>
  <nd ref="6607761442"/>
  <nd ref="749164851"/>
  <nd ref="5263457632"/>
  <nd ref="6607761441"/>
  <nd ref="749807280"/>
  <tag k="name" v="日南瀬川"/>
  <tag k="name:ja" v="日南瀬川"/>
  <tag k="note" v="National-Land Numerical Information (River) 2006, MLIT Japan"/>
  <tag k="note:ja" v="国土数値情報(河川データ)平成18年国土交通省"/>
  <tag k="source" v="KSJ2"/>
  <tag k="source_ref" v="http://nlftp.mlit.go.jp/ksj/jpgis/datalist/KsjTmplt-W05.html"/>
  <tag k="waterway" v="river"/>
 </way>
 <way id="114040356" visible="true" version="2" changeset="72159939" timestamp="2019-07-12T03:11:42Z" user="AYAGE" uid="521665">
  <nd ref="6607761541"/>
  <nd ref="1292362716"/>
  <nd ref="1292386262"/>
  <nd ref="1292362961"/>
  <nd ref="6607761517"/>
  <nd ref="6607761516"/>
  <nd ref="1292377462"/>
  <nd ref="6607761608"/>
  <nd ref="1292376023"/>
  <nd ref="6607761604"/>
  <nd ref="6607761500"/>
  <nd ref="6607761603"/>
  <nd ref="1292376089"/>
  <nd ref="1292378592"/>
  <nd ref="6607761600"/>
  <nd ref="1292382342"/>
  <nd ref="6607761599"/>
  <nd ref="1292363251"/>
  <nd ref="1292382045"/>
  <nd ref="1292372681"/>
  <nd ref="1292371001"/>
  <nd ref="1292369257"/>
  <nd ref="6607761597"/>
  <nd ref="1292356296"/>
  <tag k="highway" v="unclassified"/>
  <tag k="source" v="YahooJapan/ALPSMAP"/>
 </way>
 <way id="114040753" visible="true" version="1" changeset="8194567" timestamp="2011-05-20T00:59:50Z" user="yamasan" uid="32308">
  <nd ref="1292366970"/>
  <nd ref="1292358030"/>
  <nd ref="1292378276"/>
  <tag k="highway" v="unclassified"/>
  <tag k="source" v="YahooJapan/ALPSMAP"/>
  <tag k="yh:STRUCTURE" v="地上"/>
  <tag k="yh:TOTYUMONO" v="供用中"/>
  <tag k="yh:TYPE" v="その他一般道"/>
  <tag k="yh:WIDTH" v="3.0m〜5.5m"/>
  <tag k="yh:WIDTH_RANK" v="3"/>
 </way>
 <way id="114040847" visible="true" version="9" changeset="169936309" timestamp="2025-08-04T06:49:54Z" user="taketaketake" uid="4757277">
  <nd ref="1292385465"/>
  <nd ref="1292367476"/>
  <nd ref="530385882"/>
  <nd ref="530385884"/>
  <nd ref="530385887"/>
  <nd ref="1292364689"/>
  <nd ref="530385889"/>
  <nd ref="530385891"/>
  <nd ref="1292364640"/>
  <nd ref="5263457526"/>
  <nd ref="5263457527"/>
  <nd ref="5263457528"/>
  <nd ref="530385893"/>
  <nd ref="530385895"/>
  <nd ref="5263457529"/>
  <nd ref="530385897"/>
  <nd ref="5263457530"/>
  <nd ref="530385900"/>
  <nd ref="1292366756"/>
  <nd ref="5263457533"/>
  <nd ref="530385905"/>
  <nd ref="5263457534"/>
  <nd ref="5263457535"/>
  <nd ref="530385906"/>
  <nd ref="530385907"/>
  <nd ref="5263457536"/>
  <nd ref="5263457537"/>
  <nd ref="5263457538"/>
  <nd ref="530385908"/>
  <nd ref="530385909"/>
  <nd ref="530385910"/>
  <nd ref="5263457539"/>
  <nd ref="5263457540"/>
  <nd ref="530385919"/>
  <nd ref="530385921"/>
  <nd ref="530385924"/>
  <nd ref="530385926"/>
  <nd ref="5263457541"/>
  <nd ref="530385929"/>
  <nd ref="1292372752"/>
  <nd ref="530385933"/>
  <nd ref="530385935"/>
  <nd ref="5263457553"/>
  <nd ref="530385938"/>
  <nd ref="5263457554"/>
  <nd ref="530385940"/>
  <nd ref="5263457555"/>
  <nd ref="5263457556"/>
  <nd ref="530385943"/>
  <nd ref="5263457557"/>
  <nd ref="530385946"/>
  <nd ref="1292373284"/>
  <nd ref="530385949"/>
  <nd ref="530385951"/>
  <nd ref="5263457560"/>
  <nd ref="5263457561"/>
  <nd ref="530385955"/>
  <nd ref="530385958"/>
  <nd ref="530385961"/>
  <nd ref="1292374421"/>
  <nd ref="5263457562"/>
  <nd ref="530385963"/>
  <nd ref="1292354952"/>
  <nd ref="530385966"/>
  <nd ref="5263457601"/>
  <nd ref="5263457602"/>
  <nd ref="530385969"/>
  <nd ref="530385976"/>
  <nd ref="5263457606"/>
  <nd ref="530385978"/>
  <nd ref="5263457607"/>
  <nd ref="5263457608"/>
  <nd ref="530385980"/>
  <nd ref="530385982"/>
  <nd ref="530385989"/>
  <nd ref="5263457609"/>
  <nd ref="5263457610"/>
  <nd ref="530385991"/>
  <nd ref="5263457611"/>
  <nd ref="5263457612"/>
  <nd ref="530385993"/>
  <nd ref="5263457613"/>
  <nd ref="5263457614"/>
  <nd ref="530385995"/>
  <nd ref="5263457615"/>
  <nd ref="5263457616"/>
  <nd ref="5263457617"/>
  <nd ref="530385997"/>
  <nd ref="5263457619"/>
  <nd ref="530386000"/>
  <nd ref="5263457620"/>
  <nd ref="5263457621"/>
  <nd ref="5263457618"/>
  <nd ref="530386002"/>
  <nd ref="530386004"/>
  <nd ref="1292364122"/>
  <nd ref="530386007"/>
  <nd ref="5263457630"/>
  <nd ref="5263457629"/>
  <nd ref="5263457631"/>
  <nd ref="530386009"/>
  <nd ref="530386011"/>
  <nd ref="530386013"/>
  <nd ref="530386015"/>
  <nd ref="530386017"/>
  <nd ref="530386019"/>
  <nd ref="1292369248"/>
  <nd ref="530386021"/>
  <nd ref="530386023"/>
  <nd ref="530386025"/>
  <nd ref="5263457429"/>
  <nd ref="5263457428"/>
  <nd ref="5263457427"/>
  <nd ref="530386028"/>
  <nd ref="530386030"/>
  <nd ref="5263457426"/>
  <nd ref="530386031"/>
  <nd ref="5263457424"/>
  <nd ref="530386032"/>
  <nd ref="5263457423"/>
  <nd ref="530386033"/>
  <nd ref="5263457422"/>
  <nd ref="530386034"/>
  <nd ref="5263457421"/>
  <nd ref="5263457220"/>
  <nd ref="5263457219"/>
  <nd ref="5263457218"/>
  <nd ref="530386044"/>
  <nd ref="5263457217"/>
  <nd ref="530386046"/>
  <nd ref="5263457216"/>
  <nd ref="530386048"/>
  <nd ref="5263457215"/>
  <nd ref="530386050"/>
  <nd ref="530386053"/>
  <nd ref="530386055"/>
  <nd ref="530386058"/>
  <nd ref="5263510384"/>
  <nd ref="5263510386"/>
  <nd ref="5263510385"/>
  <nd ref="530386060"/>
  <nd ref="6607761540"/>
  <nd ref="530386064"/>
  <nd ref="1292366970"/>
  <nd ref="530386066"/>
  <nd ref="6607761560"/>
  <nd ref="1292362524"/>
  <nd ref="1292360315"/>
  <nd ref="530386070"/>
  <nd ref="5263510383"/>
  <nd ref="530386072"/>
  <nd ref="5263510380"/>
  <nd ref="530386075"/>
  <nd ref="1292372361"/>
  <nd ref="5263510372"/>
  <nd ref="530386077"/>
  <nd ref="5263510371"/>
  <nd ref="5263510370"/>
  <nd ref="1292357581"/>
  <nd ref="530386080"/>
  <nd ref="5263510369"/>
  <nd ref="5263510368"/>
  <nd ref="5263510367"/>
  <nd ref="530386082"/>
  <nd ref="530386084"/>
  <nd ref="5263510366"/>
  <nd ref="1292377020"/>
  <nd ref="530386087"/>
  <nd ref="530386088"/>
  <nd ref="5263510346"/>
  <nd ref="530386090"/>
  <nd ref="530386092"/>
  <nd ref="5263510345"/>
  <nd ref="5263510344"/>
  <nd ref="530386094"/>
  <nd ref="5263510343"/>
  <nd ref="5263510342"/>
  <nd ref="530386102"/>
  <nd ref="5263510341"/>
  <nd ref="5263510340"/>
  <nd ref="530386104"/>
  <nd ref="530386108"/>
  <nd ref="5263510339"/>
  <nd ref="5263510338"/>
  <nd ref="530386110"/>
  <nd ref="5263510337"/>
  <nd ref="5263510336"/>
  <nd ref="530386115"/>
  <nd ref="5263510335"/>
  <nd ref="530386121"/>
  <nd ref="5263510334"/>
  <nd ref="530386125"/>
  <nd ref="5263510333"/>
  <nd ref="5263510332"/>
  <nd ref="530386128"/>
  <nd ref="5263510331"/>
  <nd ref="530386130"/>
  <nd ref="530386133"/>
  <nd ref="530386136"/>
  <nd ref="530386140"/>
  <nd ref="5263510330"/>
  <nd ref="530386144"/>
  <nd ref="530386147"/>
  <nd ref="530386150"/>
  <nd ref="530386152"/>
  <nd ref="5263510329"/>
  <nd ref="5263510328"/>
  <nd ref="530386153"/>
  <nd ref="5263510327"/>
  <nd ref="5263510326"/>
  <nd ref="530386154"/>
  <nd ref="5263510325"/>
  <nd ref="530386155"/>
  <nd ref="530386157"/>
  <tag k="highway" v="trunk"/>
  <tag k="lanes" v="2"/>
  <tag k="name" v="国道262号"/>
  <tag k="name:en" v="National Highway Route 262"/>
  <tag k="name:ja" v="国道262号"/>
  <tag k="ref" v="262"/>
  <tag k="source" v="GSI/orth;GSImaps/std"/>
  <tag k="surface" v="asphalt"/>
 </way>
 <way id="114041088" visible="true" version="2" changeset="72159939" timestamp="2019-07-12T03:11:42Z" user="AYAGE" uid="521665">
  <nd ref="1292383802"/>
  <nd ref="1292382008"/>
  <nd ref="1292378866"/>
  <nd ref="1292374811"/>
  <nd ref="1292357273"/>
  <nd ref="1292391640"/>
  <nd ref="1292371104"/>
  <nd ref="1292371714"/>
  <nd ref="1292384356"/>
  <nd ref="1292356227"/>
  <nd ref="1292379537"/>
  <nd ref="1292376239"/>
  <nd ref="1292383537"/>
  <nd ref="1292379500"/>
  <nd ref="1292362515"/>
  <nd ref="1292391547"/>
  <nd ref="1292382879"/>
  <nd ref="1292369050"/>
  <nd ref="6607761545"/>
  <nd ref="1292356155"/>
  <nd ref="1292378276"/>
  <tag k="highway" v="path"/>
  <tag k="source" v="YahooJapan/ALPSMAP"/>
 </way>
 <way id="147226226" visible="true" version="5" changeset="72201363" timestamp="2019-07-13T02:23:03Z" user="AYAGE" uid="521665">
  <nd ref="6611260500"/>
  <nd ref="6611260501"/>
  <nd ref="6611260503"/>
  <nd ref="6607761583"/>
  <nd ref="6607761584"/>
  <nd ref="6607761586"/>
  <nd ref="6607761589"/>
  <nd ref="6607761590"/>
  <nd ref="6607761593"/>
  <nd ref="1604368699"/>
  <nd ref="1604368713"/>
  <nd ref="1604368708"/>
  <nd ref="1604368691"/>
  <nd ref="1604368638"/>
  <nd ref="6607761595"/>
  <nd ref="1604368562"/>
  <nd ref="1604368504"/>
  <nd ref="1604368465"/>
  <nd ref="6607761596"/>
  <nd ref="1604368405"/>
  <nd ref="6607761598"/>
  <nd ref="1604368403"/>
  <nd ref="6607761601"/>
  <nd ref="6607761602"/>
  <nd ref="1604368423"/>
  <nd ref="6607761605"/>
  <nd ref="6607761606"/>
  <nd ref="6607761607"/>
  <nd ref="1604368434"/>
  <nd ref="6607761609"/>
  <nd ref="1604368410"/>
  <nd ref="6607761610"/>
  <nd ref="6607761611"/>
  <nd ref="1604368373"/>
  <nd ref="6607761614"/>
  <nd ref="6607761612"/>
  <nd ref="6607761613"/>
  <nd ref="6607761615"/>
  <nd ref="6607761616"/>
  <nd ref="1604368342"/>
  <nd ref="6607761617"/>
  <nd ref="1604368319"/>
  <nd ref="1604368316"/>
  <nd ref="1604368302"/>
  <nd ref="1604368261"/>
  <nd ref="1604368260"/>
  <nd ref="1604368263"/>
  <nd ref="6607761618"/>
  <nd ref="1604368282"/>
  <nd ref="6607761619"/>
  <nd ref="6607761620"/>
  <nd ref="6607761621"/>
  <nd ref="1604368382"/>
  <nd ref="6607761622"/>
  <nd ref="1604368407"/>
  <nd ref="1604368460"/>
  <nd ref="1604368485"/>
  <nd ref="1604368502"/>
  <nd ref="1604368532"/>
  <nd ref="1604368625"/>
  <nd ref="6607761623"/>
  <nd ref="1604368554"/>
  <nd ref="1604368558"/>
  <nd ref="1604368586"/>
  <nd ref="1604368675"/>
  <nd ref="1604368681"/>
  <nd ref="1604368626"/>
  <nd ref="6607761624"/>
  <nd ref="1604368541"/>
  <nd ref="6607761625"/>
  <nd ref="1604368501"/>
  <nd ref="1604368483"/>
  <nd ref="1604368466"/>
  <nd ref="6607761626"/>
  <nd ref="1604368444"/>
  <nd ref="6607761627"/>
  <nd ref="6607761628"/>
  <nd ref="6607761629"/>
  <nd ref="1604368340"/>
  <nd ref="1604368276"/>
  <nd ref="1604368246"/>
  <nd ref="1604368214"/>
  <nd ref="6604033640"/>
  <nd ref="1604368189"/>
  <nd ref="1604368179"/>
  <nd ref="6604033641"/>
  <nd ref="6604033642"/>
  <nd ref="1604368170"/>
  <nd ref="6604033643"/>
  <nd ref="6604033644"/>
  <nd ref="1604368143"/>
  <nd ref="1604368115"/>
  <tag k="source" v="MLIT, Japan"/>
 </way>
 <way id="703626757" visible="true" version="1" changeset="72159939" timestamp="2019-07-12T03:11:42Z" user="AYAGE" uid="521665">
  <nd ref="1292378276"/>
  <nd ref="6607761541"/>
  <tag k="highway" v="unclassified"/>
  <tag k="source" v="YahooJapan/ALPSMAP"/>
 </way>
 <way id="703626758" visible="true" version="1" changeset="72159939" timestamp="2019-07-12T03:11:42Z" user="AYAGE" uid="521665">
  <nd ref="6607761541"/>
  <nd ref="6607761540"/>
  <nd ref="6607761539"/>
  <nd ref="6607761538"/>
  <nd ref="6607761537"/>
  <nd ref="6607761536"/>
  <nd ref="6607761535"/>
  <nd ref="6607761534"/>
  <nd ref="6607761533"/>
  <nd ref="6607761532"/>
  <nd ref="6607761531"/>
  <nd ref="6607761530"/>
  <nd ref="6607761529"/>
  <nd ref="6607761528"/>
  <nd ref="6607761527"/>
  <nd ref="6607761526"/>
  <nd ref="6607761525"/>
  <nd ref="6607761524"/>
  <nd ref="6607761523"/>
  <nd ref="6607761522"/>
  <nd ref="6607761521"/>
  <nd ref="6607761520"/>
  <nd ref="6607761519"/>
  <nd ref="6607761518"/>
  <tag k="highway" v="track"/>
  <tag k="source" v="YahooJapan/ALPSMAP"/>
 </way>
 <way id="703626759" visible="true" version="1" changeset="72159939" timestamp="2019-07-12T03:11:42Z" user="AYAGE" uid="521665">
  <nd ref="6607761560"/>
  <nd ref="6607761559"/>
  <nd ref="6607761558"/>
  <nd ref="6607761557"/>
  <nd ref="6607761556"/>
  <nd ref="6607761555"/>
  <nd ref="6607761554"/>
  <nd ref="6607761553"/>
  <nd ref="6607761552"/>
  <nd ref="6607761551"/>
  <nd ref="6607761550"/>
  <nd ref="6607761549"/>
  <nd ref="6607761548"/>
  <nd ref="6607761547"/>
  <nd ref="6607761546"/>
  <nd ref="6607761545"/>
  <nd ref="6607761544"/>
  <nd ref="6607761543"/>
  <nd ref="6607761515"/>
  <nd ref="6607761514"/>
  <nd ref="6607761513"/>
  <nd ref="6607761512"/>
  <nd ref="6607761511"/>
  <nd ref="6607761510"/>
  <nd ref="6607761509"/>
  <nd ref="6607761508"/>
  <nd ref="6607761507"/>
  <nd ref="6607761506"/>
  <nd ref="6607761505"/>
  <nd ref="6607761504"/>
  <nd ref="6607761503"/>
  <nd ref="6607761502"/>
  <nd ref="6607761501"/>
  <nd ref="6607761516"/>
  <tag k="highway" v="track"/>
 </way>
 <way id="704095513" visible="true" version="1" changeset="72201363" timestamp="2019-07-13T02:23:03Z" user="AYAGE" uid="521665">
  <nd ref="1604368101"/>
  <nd ref="1604368114"/>
  <nd ref="6604033645"/>
  <nd ref="1604368134"/>
  <nd ref="1604368158"/>
  <nd ref="6607761561"/>
  <nd ref="6607761562"/>
  <nd ref="6607761563"/>
  <nd ref="1604368207"/>
  <nd ref="6607761564"/>
  <nd ref="1604368250"/>
  <nd ref="1604368274"/>
  <nd ref="6607761565"/>
  <nd ref="1604368307"/>
  <nd ref="6607761566"/>
  <nd ref="1604368321"/>
  <nd ref="6607761567"/>
  <nd ref="1604368306"/>
  <nd ref="6607761568"/>
  <nd ref="1604368303"/>
  <nd ref="6607761569"/>
  <nd ref="6607761570"/>
  <nd ref="6607761571"/>
  <nd ref="6607761573"/>
  <nd ref="6607761572"/>
  <nd ref="1604368305"/>
  <nd ref="1604368304"/>
  <nd ref="1604368300"/>
  <nd ref="1604368301"/>
  <nd ref="6607761574"/>
  <nd ref="1604368357"/>
  <nd ref="1604368421"/>
  <nd ref="6607761575"/>
  <nd ref="6607761576"/>
  <nd ref="6607761577"/>
  <nd ref="1604368601"/>
  <nd ref="6607761578"/>
  <nd ref="6607761579"/>
  <nd ref="6607761580"/>
  <nd ref="1604368660"/>
  <nd ref="6607761581"/>
  <nd ref="6607761594"/>
  <nd ref="6607761591"/>
  <nd ref="6607761592"/>
  <nd ref="6607761588"/>
  <nd ref="6607761587"/>
  <nd ref="6607761585"/>
  <nd ref="6607761582"/>
  <nd ref="6611260504"/>
  <nd ref="6611260502"/>
  <nd ref="6607761480"/>
  <tag k="source" v="MLIT, Japan"/>
 </way>
 <relation id="8857556" visible="true" version="166" changeset="185171745" timestamp="2026-07-06T02:54:07Z" user="okadatsuneo_import" uid="12352917">
  <member type="relation" ref="32989" role=""/>
  <member type="relation" ref="2064722" role=""/>
  <member type="relation" ref="2061678" role=""/>
  <member type="relation" ref="416684" role=""/>
  <member type="relation" ref="33009" role=""/>
  <member type="relation" ref="1521225" role=""/>
  <member type="relation" ref="2069116" role=""/>
  <member type="relation" ref="8589620" role=""/>
  <member type="relation" ref="2076294" role=""/>
  <member type="relation" ref="2082723" role=""/>
  <member type="relation" ref="12579" role=""/>
  <member type="relation" ref="2097432" role=""/>
  <member type="relation" ref="2098597" role=""/>
  <member type="relation" ref="2098903" role=""/>
  <member type="relation" ref="2107249" role=""/>
  <member type="relation" ref="18187" role=""/>
  <member type="relation" ref="2150021" role=""/>
  <member type="relation" ref="964698" role=""/>
  <member type="relation" ref="964699" role=""/>
  <member type="relation" ref="21087" role=""/>
  <member type="relation" ref="905615" role=""/>
  <member type="relation" ref="2191283" role=""/>
  <member type="relation" ref="8549439" role=""/>
  <member type="relation" ref="2281186" role=""/>
  <member type="relation" ref="1247317" role=""/>
  <member type="relation" ref="2283740" role=""/>
  <member type="relation" ref="2578411" role=""/>
  <member type="relation" ref="12592" role=""/>
  <member type="relation" ref="2773842" role=""/>
  <member type="relation" ref="59477" role=""/>
  <member type="relation" ref="1957766" role=""/>
  <member type="relation" ref="12585" role=""/>
  <member type="relation" ref="149017" role=""/>
  <member type="relation" ref="2829210" role=""/>
  <member type="relation" ref="2829437" role=""/>
  <member type="relation" ref="130867" role=""/>
  <member type="relation" ref="33017" role=""/>
  <member type="relation" ref="2863336" role=""/>
  <member type="relation" ref="2864639" role=""/>
  <member type="relation" ref="2865301" role=""/>
  <member type="relation" ref="31351" role=""/>
  <member type="relation" ref="2877152" role=""/>
  <member type="relation" ref="2878993" role=""/>
  <member type="relation" ref="2885462" role=""/>
  <member type="relation" ref="2887904" role=""/>
  <member type="relation" ref="443923" role=""/>
  <member type="relation" ref="2938281" role=""/>
  <member type="relation" ref="2938900" role=""/>
  <member type="relation" ref="2939533" role=""/>
  <member type="relation" ref="2954632" role=""/>
  <member type="relation" ref="6903690" role=""/>
  <member type="relation" ref="2957016" role=""/>
  <member type="relation" ref="2957132" role=""/>
  <member type="relation" ref="2957976" role=""/>
  <member type="relation" ref="12583" role=""/>
  <member type="relation" ref="12584" role=""/>
  <member type="relation" ref="2971983" role=""/>
  <member type="relation" ref="2972065" role=""/>
  <member type="relation" ref="2974952" role=""/>
  <member type="relation" ref="2975092" role=""/>
  <member type="relation" ref="2988615" role=""/>
  <member type="relation" ref="3066227" role=""/>
  <member type="relation" ref="2937948" role=""/>
  <member type="relation" ref="3066928" role=""/>
  <member type="relation" ref="3069619" role=""/>
  <member type="relation" ref="3118577" role=""/>
  <member type="relation" ref="3118835" role=""/>
  <member type="relation" ref="3128401" role=""/>
  <member type="relation" ref="3128448" role=""/>
  <member type="relation" ref="3129175" role=""/>
  <member type="relation" ref="3132634" role=""/>
  <member type="relation" ref="965403" role=""/>
  <member type="relation" ref="3189380" role=""/>
  <member type="relation" ref="3217184" role=""/>
  <member type="relation" ref="3217302" role=""/>
  <member type="relation" ref="3218039" role=""/>
  <member type="relation" ref="3248776" role=""/>
  <member type="relation" ref="3262076" role=""/>
  <member type="relation" ref="6604490" role=""/>
  <member type="relation" ref="9002996" role=""/>
  <member type="relation" ref="9066606" role=""/>
  <member type="relation" ref="9066742" role=""/>
  <member type="relation" ref="9069158" role=""/>
  <member type="relation" ref="3846566" role=""/>
  <member type="relation" ref="3767038" role=""/>
  <member type="relation" ref="3773599" role=""/>
  <member type="relation" ref="2665187" role=""/>
  <member type="relation" ref="3770942" role=""/>
  <member type="relation" ref="31118" role=""/>
  <member type="relation" ref="3639261" role=""/>
  <member type="relation" ref="8822215" role=""/>
  <member type="relation" ref="3908565" role=""/>
  <member type="relation" ref="3908696" role=""/>
  <member type="relation" ref="8842101" role=""/>
  <member type="relation" ref="8980964" role=""/>
  <member type="relation" ref="965538" role=""/>
  <member type="relation" ref="6518912" role=""/>
  <member type="relation" ref="2124106" role=""/>
  <member type="relation" ref="965533" role=""/>
  <member type="relation" ref="7438376" role=""/>
  <member type="relation" ref="3846790" role=""/>
  <member type="relation" ref="2104795" role=""/>
  <member type="relation" ref="3862939" role=""/>
  <member type="relation" ref="3770972" role=""/>
  <member type="relation" ref="8843661" role=""/>
  <member type="relation" ref="8475141" role=""/>
  <member type="relation" ref="53798" role=""/>
  <member type="relation" ref="3527405" role=""/>
  <member type="relation" ref="3786290" role=""/>
  <member type="relation" ref="8438979" role=""/>
  <member type="relation" ref="8519028" role=""/>
  <member type="relation" ref="8546711" role=""/>
  <member type="relation" ref="31352" role=""/>
  <member type="relation" ref="8634030" role=""/>
  <member type="relation" ref="8643289" role=""/>
  <member type="relation" ref="8730413" role=""/>
  <member type="relation" ref="8602705" role=""/>
  <member type="relation" ref="8376126" role=""/>
  <member type="relation" ref="3771120" role=""/>
  <member type="relation" ref="8360680" role=""/>
  <member type="relation" ref="8798843" role=""/>
  <member type="relation" ref="8253434" role=""/>
  <member type="relation" ref="8338767" role=""/>
  <member type="relation" ref="7790754" role=""/>
  <member type="relation" ref="8810155" role=""/>
  <member type="relation" ref="9316269" role=""/>
  <member type="relation" ref="3786705" role=""/>
  <member type="relation" ref="8814743" role=""/>
  <member type="relation" ref="3767143" role=""/>
  <member type="relation" ref="9349690" role=""/>
  <member type="relation" ref="8812592" role=""/>
  <member type="relation" ref="3767309" role=""/>
  <member type="relation" ref="8385407" role=""/>
  <member type="relation" ref="8385532" role=""/>
  <member type="relation" ref="7757831" role=""/>
  <member type="relation" ref="7756814" role=""/>
  <member type="relation" ref="8386008" role=""/>
  <member type="relation" ref="3500263" role=""/>
  <member type="relation" ref="9385077" role=""/>
  <member type="relation" ref="1282122" role=""/>
  <member type="relation" ref="4544619" role=""/>
  <member type="relation" ref="4165287" role=""/>
  <member type="relation" ref="3717459" role=""/>
  <member type="relation" ref="3771004" role=""/>
  <member type="relation" ref="9400756" role=""/>
  <member type="relation" ref="3904021" role=""/>
  <member type="relation" ref="12586" role=""/>
  <member type="relation" ref="12893" role=""/>
  <member type="relation" ref="149016" role=""/>
  <member type="relation" ref="12582" role=""/>
  <member type="relation" ref="9444474" role=""/>
  <member type="relation" ref="65441" role=""/>
  <member type="relation" ref="9483543" role=""/>
  <member type="relation" ref="9483646" role=""/>
  <member type="relation" ref="9491583" role=""/>
  <member type="relation" ref="7106297" role=""/>
  <member type="relation" ref="9361964" role=""/>
  <member type="relation" ref="9361958" role=""/>
  <member type="relation" ref="9364398" role=""/>
  <member type="relation" ref="9361965" role=""/>
  <member type="relation" ref="9364395" role=""/>
  <member type="relation" ref="9364399" role=""/>
  <member type="relation" ref="9361957" role=""/>
  <member type="relation" ref="9364404" role=""/>
  <member type="relation" ref="9592451" role=""/>
  <member type="relation" ref="9578522" role=""/>
  <member type="relation" ref="9608067" role=""/>
  <member type="relation" ref="6966370" role=""/>
  <member type="relation" ref="9659817" role=""/>
  <member type="relation" ref="9627337" role=""/>
  <member type="relation" ref="9633190" role=""/>
  <member type="relation" ref="9702108" role=""/>
  <member type="relation" ref="9651112" role=""/>
  <member type="relation" ref="9712245" role=""/>
  <member type="relation" ref="9669415" role=""/>
  <member type="relation" ref="3787044" role=""/>
  <member type="relation" ref="9680900" role=""/>
  <member type="relation" ref="9684360" role=""/>
  <member type="relation" ref="33010" role=""/>
  <member type="relation" ref="6585224" role=""/>
  <member type="relation" ref="6595831" role=""/>
  <member type="relation" ref="6584912" role=""/>
  <member type="relation" ref="6596139" role=""/>
  <member type="relation" ref="6612480" role=""/>
  <member type="relation" ref="6596367" role=""/>
  <member type="relation" ref="6601904" role=""/>
  <member type="relation" ref="6624769" role=""/>
  <member type="relation" ref="6626645" role=""/>
  <member type="relation" ref="2883869" role=""/>
  <member type="relation" ref="6621211" role=""/>
  <member type="relation" ref="6612481" role=""/>
  <member type="relation" ref="6641475" role=""/>
  <member type="relation" ref="6632428" role=""/>
  <member type="relation" ref="6639503" role=""/>
  <member type="relation" ref="6641549" role=""/>
  <member type="relation" ref="6645422" role=""/>
  <member type="relation" ref="5431055" role=""/>
  <member type="relation" ref="30840" role=""/>
  <member type="relation" ref="8466396" role=""/>
  <member type="relation" ref="8472959" role=""/>
  <member type="relation" ref="8903572" role=""/>
  <member type="relation" ref="9864624" role=""/>
  <member type="relation" ref="9365397" role=""/>
  <member type="relation" ref="6647077" role=""/>
  <member type="relation" ref="8197220" role=""/>
  <member type="relation" ref="1020657" role=""/>
  <member type="relation" ref="3639021" role=""/>
  <member type="relation" ref="1192346" role=""/>
  <member type="relation" ref="3521034" role=""/>
  <member type="relation" ref="8319600" role=""/>
  <member type="relation" ref="8421608" role=""/>
  <member type="relation" ref="8255454" role=""/>
  <member type="relation" ref="8171702" role=""/>
  <member type="relation" ref="9882017" role=""/>
  <member type="relation" ref="9361997" role=""/>
  <member type="relation" ref="9361995" role=""/>
  <member type="relation" ref="9621534" role=""/>
  <member type="relation" ref="9577579" role=""/>
  <member type="relation" ref="9662836" role=""/>
  <member type="relation" ref="9637071" role=""/>
  <member type="relation" ref="9706190" role=""/>
  <member type="relation" ref="9678094" role=""/>
  <member type="relation" ref="34190" role=""/>
  <member type="relation" ref="6651341" role=""/>
  <member type="relation" ref="6632429" role=""/>
  <member type="relation" ref="6651380" role=""/>
  <member type="relation" ref="6607033" role=""/>
  <member type="relation" ref="33018" role=""/>
  <member type="relation" ref="6594495" role=""/>
  <member type="relation" ref="3842394" role=""/>
  <member type="relation" ref="7346573" role=""/>
  <member type="relation" ref="6594518" role=""/>
  <member type="relation" ref="9230437" role=""/>
  <member type="relation" ref="6583464" role=""/>
  <member type="relation" ref="9220015" role=""/>
  <member type="relation" ref="947961" role=""/>
  <member type="relation" ref="6743360" role=""/>
  <member type="relation" ref="9389808" role=""/>
  <member type="relation" ref="9387618" role=""/>
  <member type="relation" ref="9095602" role=""/>
  <member type="relation" ref="6334848" role=""/>
  <member type="relation" ref="6519669" role=""/>
  <member type="relation" ref="6608790" role=""/>
  <member type="relation" ref="7920696" role=""/>
  <member type="relation" ref="6646894" role=""/>
  <member type="relation" ref="49515" role=""/>
  <member type="relation" ref="9842733" role=""/>
  <member type="relation" ref="9885666" role=""/>
  <member type="relation" ref="10259311" role=""/>
  <member type="relation" ref="10481824" role=""/>
  <member type="relation" ref="53796" role=""/>
  <member type="relation" ref="8839514" role=""/>
  <member type="relation" ref="3518585" role=""/>
  <member type="relation" ref="8512559" role=""/>
  <member type="relation" ref="8547309" role=""/>
  <member type="relation" ref="8901184" role=""/>
  <member type="relation" ref="8606655" role=""/>
  <member type="relation" ref="8330838" role=""/>
  <member type="relation" ref="6097291" role=""/>
  <member type="relation" ref="3947962" role=""/>
  <member type="relation" ref="6114814" role=""/>
  <member type="relation" ref="8770279" role=""/>
  <member type="relation" ref="7803946" role=""/>
  <member type="relation" ref="10015101" role=""/>
  <member type="relation" ref="8780413" role=""/>
  <member type="relation" ref="9226628" role=""/>
  <member type="relation" ref="1113900" role=""/>
  <member type="relation" ref="9878286" role=""/>
  <member type="relation" ref="9842064" role=""/>
  <member type="relation" ref="12886" role=""/>
  <member type="relation" ref="31661" role=""/>
  <member type="relation" ref="1061405" role=""/>
  <member type="relation" ref="9732500" role=""/>
  <member type="relation" ref="9566443" role=""/>
  <member type="relation" ref="9364401" role=""/>
  <member type="relation" ref="2360722" role=""/>
  <member type="relation" ref="9600043" role=""/>
  <member type="relation" ref="9655888" role=""/>
  <member type="relation" ref="9644147" role=""/>
  <member type="relation" ref="9674712" role=""/>
  <member type="relation" ref="10535240" role=""/>
  <member type="relation" ref="10997961" role=""/>
  <member type="relation" ref="3771097" role=""/>
  <member type="relation" ref="3771098" role=""/>
  <member type="relation" ref="6634560" role=""/>
  <member type="relation" ref="6649220" role=""/>
  <member type="relation" ref="6651324" role=""/>
  <member type="relation" ref="13970524" role=""/>
  <member type="relation" ref="6626646" role=""/>
  <member type="relation" ref="6604372" role=""/>
  <member type="relation" ref="33014" role=""/>
  <member type="relation" ref="195249" role=""/>
  <member type="relation" ref="7259555" role=""/>
  <member type="relation" ref="5385850" role=""/>
  <member type="relation" ref="7462562" role=""/>
  <member type="relation" ref="572350" role=""/>
  <member type="relation" ref="6649827" role=""/>
  <member type="relation" ref="9145802" role=""/>
  <member type="relation" ref="9167558" role=""/>
  <member type="relation" ref="9246031" role=""/>
  <member type="relation" ref="9384961" role=""/>
  <member type="relation" ref="6603804" role=""/>
  <member type="relation" ref="8660479" role=""/>
  <member type="relation" ref="8705812" role=""/>
  <member type="relation" ref="6357795" role=""/>
  <member type="relation" ref="2888579" role=""/>
  <member type="relation" ref="3644591" role=""/>
  <member type="relation" ref="13766033" role=""/>
  <member type="relation" ref="5347303" role=""/>
  <member type="relation" ref="3836968" role=""/>
  <member type="relation" ref="8250033" role=""/>
  <member type="relation" ref="8630931" role=""/>
  <member type="relation" ref="6518158" role=""/>
  <member type="relation" ref="3518586" role=""/>
  <member type="relation" ref="8507094" role=""/>
  <member type="relation" ref="8624536" role=""/>
  <member type="relation" ref="8330502" role=""/>
  <member type="relation" ref="8468445" role=""/>
  <member type="relation" ref="8736759" role=""/>
  <member type="relation" ref="8344320" role=""/>
  <member type="relation" ref="8346167" role=""/>
  <member type="relation" ref="8547781" role=""/>
  <member type="relation" ref="8778351" role=""/>
  <member type="relation" ref="8819316" role=""/>
  <member type="relation" ref="8428316" role=""/>
  <member type="relation" ref="10036652" role=""/>
  <member type="relation" ref="7521547" role=""/>
  <member type="relation" ref="9889643" role=""/>
  <member type="relation" ref="36203" role=""/>
  <member type="relation" ref="9727705" role=""/>
  <member type="relation" ref="9760336" role=""/>
  <member type="relation" ref="1061406" role=""/>
  <member type="relation" ref="9734691" role=""/>
  <member type="relation" ref="9364397" role=""/>
  <member type="relation" ref="9525476" role=""/>
  <member type="relation" ref="9365392" role=""/>
  <member type="relation" ref="9364403" role=""/>
  <member type="relation" ref="9581384" role=""/>
  <member type="relation" ref="9615824" role=""/>
  <member type="relation" ref="9648379" role=""/>
  <member type="relation" ref="9365391" role=""/>
  <member type="relation" ref="9849119" role=""/>
  <member type="relation" ref="6645423" role=""/>
  <member type="relation" ref="6653406" role=""/>
  <member type="relation" ref="6596106" role=""/>
  <member type="relation" ref="9301437" role=""/>
  <member type="relation" ref="9231531" role=""/>
  <member type="relation" ref="446121" role=""/>
  <member type="relation" ref="7901019" role=""/>
  <member type="relation" ref="6012803" role=""/>
  <member type="relation" ref="6594184" role=""/>
  <member type="relation" ref="5425459" role=""/>
  <member type="relation" ref="6491957" role=""/>
  <member type="relation" ref="8907070" role=""/>
  <member type="relation" ref="1017048" role=""/>
  <member type="relation" ref="8705506" role=""/>
  <member type="relation" ref="6518913" role=""/>
  <member type="relation" ref="4085924" role=""/>
  <member type="relation" ref="7021581" role=""/>
  <member type="relation" ref="7418329" role=""/>
  <member type="relation" ref="33003" role=""/>
  <member type="relation" ref="9889615" role=""/>
  <member type="relation" ref="8855535" role=""/>
  <member type="relation" ref="2162634" role=""/>
  <member type="relation" ref="3908697" role=""/>
  <member type="relation" ref="8824623" role=""/>
  <member type="relation" ref="8648367" role=""/>
  <member type="relation" ref="8616846" role=""/>
  <member type="relation" ref="8549720" role=""/>
  <member type="relation" ref="3524706" role=""/>
  <member type="relation" ref="8456817" role=""/>
  <member type="relation" ref="3527404" role=""/>
  <member type="relation" ref="8319621" role=""/>
  <member type="relation" ref="8346063" role=""/>
  <member type="relation" ref="8820384" role=""/>
  <member type="relation" ref="8788010" role=""/>
  <member type="relation" ref="3791425" role=""/>
  <member type="relation" ref="9999040" role=""/>
  <member type="relation" ref="9977958" role=""/>
  <member type="relation" ref="8821725" role=""/>
  <member type="relation" ref="9225568" role=""/>
  <member type="relation" ref="2789281" role=""/>
  <member type="relation" ref="1181630" role=""/>
  <member type="relation" ref="9869305" role=""/>
  <member type="relation" ref="572119" role=""/>
  <member type="relation" ref="9846585" role=""/>
  <member type="relation" ref="12873" role=""/>
  <member type="relation" ref="12591" role=""/>
  <member type="relation" ref="9743152" role=""/>
  <member type="relation" ref="9740226" role=""/>
  <member type="relation" ref="9604654" role=""/>
  <member type="relation" ref="9668498" role=""/>
  <member type="relation" ref="9663861" role=""/>
  <member type="relation" ref="9717721" role=""/>
  <member type="relation" ref="13766030" role=""/>
  <member type="relation" ref="6601928" role=""/>
  <member type="relation" ref="6605962" role=""/>
  <member type="relation" ref="6601896" role=""/>
  <member type="relation" ref="3317036" role=""/>
  <member type="relation" ref="416686" role=""/>
  <member type="relation" ref="446122" role=""/>
  <member type="relation" ref="9156540" role=""/>
  <member type="relation" ref="9383269" role=""/>
  <member type="relation" ref="7240653" role=""/>
  <member type="relation" ref="8725735" role=""/>
  <member type="relation" ref="5450521" role=""/>
  <member type="relation" ref="9028205" role=""/>
  <member type="relation" ref="11621854" role=""/>
  <member type="relation" ref="37650" role=""/>
  <member type="relation" ref="2695918" role=""/>
  <member type="relation" ref="8838236" role=""/>
  <member type="relation" ref="3948024" role=""/>
  <member type="relation" ref="3796161" role=""/>
  <member type="relation" ref="3796341" role=""/>
  <member type="relation" ref="3519913" role=""/>
  <member type="relation" ref="2168363" role=""/>
  <member type="relation" ref="7492744" role=""/>
  <member type="relation" ref="8596419" role=""/>
  <member type="relation" ref="7417266" role=""/>
  <member type="relation" ref="7722594" role=""/>
  <member type="relation" ref="10040102" role=""/>
  <member type="relation" ref="8784852" role=""/>
  <member type="relation" ref="3786630" role=""/>
  <member type="relation" ref="8372093" role=""/>
  <member type="relation" ref="7331065" role=""/>
  <member type="relation" ref="9994456" role=""/>
  <member type="relation" ref="9473486" role=""/>
  <member type="relation" ref="9918288" role=""/>
  <member type="relation" ref="5525014" role=""/>
  <member type="relation" ref="4544688" role=""/>
  <member type="relation" ref="9893745" role=""/>
  <member type="relation" ref="4452065" role=""/>
  <member type="relation" ref="9874325" role=""/>
  <member type="relation" ref="36085" role=""/>
  <member type="relation" ref="31622" role=""/>
  <member type="relation" ref="1597628" role=""/>
  <member type="relation" ref="9500290" role=""/>
  <member type="relation" ref="9584945" role=""/>
  <member type="relation" ref="9361963" role=""/>
  <member type="relation" ref="9364396" role=""/>
  <member type="relation" ref="9365393" role=""/>
  <member type="relation" ref="9586987" role=""/>
  <member type="relation" ref="9593068" role=""/>
  <member type="relation" ref="9623424" role=""/>
  <member type="relation" ref="9852047" role=""/>
  <member type="relation" ref="9671641" role=""/>
  <member type="relation" ref="10548190" role=""/>
  <member type="relation" ref="8063894" role=""/>
  <member type="relation" ref="10387581" role=""/>
  <member type="relation" ref="12079873" role=""/>
  <member type="relation" ref="9570519" role=""/>
  <tag k="name" v="日本の一般国道"/>
  <tag k="name:af" v="Nasionale snelweë van Japan"/>
  <tag k="name:en" v="National Highway of Japan"/>
  <tag k="name:es" v="Ruta nacional de Japón"/>
  <tag k="name:fr" v="Routes nationales du Japon"/>
  <tag k="name:ja" v="日本の一般国道"/>
  <tag k="name:ja-Hira" v="にっぽん の いっぱん こくどう"/>
  <tag k="name:ja-Latn" v="Nihon no ippan kokudō"/>
  <tag k="name:ko" v="일본의 일반 국도"/>
  <tag k="name:ru" v="Японские национальные дороги"/>
  <tag k="name:zh-Hans" v="日本一般国道"/>
  <tag k="name:zh-Hant" v="日本一般國道"/>
  <tag k="network" v="JP:national"/>
  <tag k="route_master" v="road"/>
  <tag k="type" v="route_master"/>
  <tag k="wikidata" v="Q926383"/>
  <tag k="wikimedia_commons" v="Category:National highways of Japan"/>
  <tag k="wikipedia" v="ja:一般国道"/>
 </relation>
 <relation id="9882017" visible="true" version="27" changeset="188021867" timestamp="2026-08-26T04:45:46Z" user="taketaketake" uid="4757277">
  <member type="way" ref="316339811" role="forward"/>
  <member type="way" ref="316339810" role="forward"/>
  <member type="way" ref="1229239527" role="forward"/>
  <member type="way" ref="316339813" role="forward"/>
  <member type="way" ref="316339819" role="forward"/>
  <member type="way" ref="710440310" role="forward"/>
  <member type="way" ref="316339797" role="forward"/>
  <member type="way" ref="42475228" role="forward"/>
  <member type="way" ref="1036709682" role="forward"/>
  <member type="way" ref="114057391" role="forward"/>
  <member type="way" ref="114056724" role="forward"/>
  <member type="way" ref="316339816" role="forward"/>
  <member type="way" ref="710440309" role="forward"/>
  <member type="way" ref="316339815" role="forward"/>
  <member type="way" ref="316339814" role="forward"/>
  <member type="way" ref="1036709683" role="forward"/>
  <member type="way" ref="316339817" role="forward"/>
  <member type="way" ref="316339812" role="forward"/>
  <member type="way" ref="316339820" role="forward"/>
  <member type="way" ref="1036709684" role=""/>
  <member type="way" ref="79534125" role=""/>
  <member type="way" ref="114058420" role=""/>
  <member type="way" ref="114055935" role=""/>
  <member type="way" ref="1430138808" role=""/>
  <member type="way" ref="1036709685" role=""/>
  <member type="way" ref="114057057" role=""/>
  <member type="way" ref="114057227" role=""/>
  <member type="way" ref="114056698" role=""/>
  <member type="way" ref="114057437" role=""/>
  <member type="way" ref="114056321" role=""/>
  <member type="way" ref="114057397" role=""/>
  <member type="way" ref="114056460" role=""/>
  <member type="way" ref="544735762" role=""/>
  <member type="way" ref="710459516" role=""/>
  <member type="way" ref="544735761" role=""/>
  <member type="way" ref="42476363" role=""/>
  <member type="way" ref="710459517" role=""/>
  <member type="way" ref="544735758" role=""/>
  <member type="way" ref="544735767" role=""/>
  <member type="way" ref="544735768" role=""/>
  <member type="way" ref="568591123" role=""/>
  <member type="way" ref="42476366" role=""/>
  <member type="way" ref="544735765" role=""/>
  <member type="way" ref="544735764" role=""/>
  <member type="way" ref="544735763" role=""/>
  <member type="way" ref="710477713" role=""/>
  <member type="way" ref="710477714" role=""/>
  <member type="way" ref="568591089" role=""/>
  <member type="way" ref="42476369" role=""/>
  <member type="way" ref="42476368" role=""/>
  <member type="way" ref="413732109" role=""/>
  <member type="way" ref="413732108" role=""/>
  <member type="way" ref="42476347" role=""/>
  <member type="way" ref="114041034" role=""/>
  <member type="way" ref="114041267" role=""/>
  <member type="way" ref="114040449" role=""/>
  <member type="way" ref="114041125" role=""/>
  <member type="way" ref="114040299" role=""/>
  <member type="way" ref="704734761" role=""/>
  <member type="way" ref="1036709669" role=""/>
  <member type="way" ref="114040354" role=""/>
  <member type="way" ref="1036709670" role=""/>
  <member type="way" ref="114040970" role=""/>
  <member type="way" ref="114040847" role=""/>
  <member type="way" ref="544509194" role=""/>
  <member type="way" ref="544509195" role=""/>
  <member type="way" ref="544509191" role="forward"/>
  <member type="way" ref="710481308" role="forward"/>
  <member type="way" ref="710482454" role=""/>
  <member type="way" ref="119875295" role=""/>
  <member type="way" ref="119875332" role=""/>
  <member type="way" ref="42476351" role=""/>
  <member type="way" ref="42476352" role=""/>
  <member type="way" ref="42476341" role=""/>
  <member type="way" ref="544509189" role=""/>
  <member type="way" ref="544509188" role=""/>
  <member type="way" ref="544509187" role=""/>
  <member type="way" ref="544509186" role=""/>
  <member type="way" ref="42476342" role=""/>
  <member type="way" ref="42476344" role=""/>
  <member type="way" ref="42476343" role=""/>
  <member type="way" ref="42476346" role=""/>
  <member type="way" ref="544509185" role=""/>
  <member type="way" ref="544509184" role=""/>
  <member type="way" ref="42403306" role=""/>
  <member type="way" ref="42403311" role="forward"/>
  <member type="way" ref="68875219" role="forward"/>
  <member type="way" ref="68875220" role="forward"/>
  <member type="way" ref="68875226" role="forward"/>
  <member type="way" ref="325171621" role="forward"/>
  <member type="way" ref="119879100" role="forward"/>
  <member type="way" ref="1427039464" role="forward"/>
  <member type="way" ref="119878876" role="forward"/>
  <member type="way" ref="289348763" role="forward"/>
  <member type="way" ref="1427039465" role="forward"/>
  <member type="way" ref="289348752" role="forward"/>
  <member type="way" ref="289348761" role="forward"/>
  <member type="way" ref="289348759" role="forward"/>
  <member type="way" ref="1473855298" role="forward"/>
  <member type="way" ref="1473855299" role="forward"/>
  <member type="way" ref="139849495" role="forward"/>
  <member type="way" ref="1420101861" role="forward"/>
  <member type="way" ref="1315033215" role="forward"/>
  <member type="way" ref="289348758" role="forward"/>
  <member type="way" ref="289348773" role="forward"/>
  <member type="way" ref="289348780" role="forward"/>
  <member type="way" ref="289348769" role="forward"/>
  <member type="way" ref="289348772" role="forward"/>
  <member type="way" ref="535381133" role="forward"/>
  <member type="way" ref="535381132" role="forward"/>
  <member type="way" ref="289348757" role="forward"/>
  <member type="way" ref="42403292" role="forward"/>
  <member type="way" ref="289348828" role="forward"/>
  <member type="way" ref="710577832" role="forward"/>
  <member type="way" ref="710577833" role="forward"/>
  <member type="way" ref="1163757160" role="forward"/>
  <member type="way" ref="710577836" role="forward"/>
  <member type="way" ref="552730769" role="forward"/>
  <member type="way" ref="68875218" role="forward"/>
  <member type="way" ref="68875217" role="forward"/>
  <member type="way" ref="68875222" role="forward"/>
  <member type="way" ref="68875229" role="forward"/>
  <member type="way" ref="289348822" role="forward"/>
  <member type="way" ref="289348806" role="forward"/>
  <member type="way" ref="1427039463" role="forward"/>
  <member type="way" ref="420062143" role="forward"/>
  <member type="way" ref="420062142" role="forward"/>
  <member type="way" ref="1427039466" role="forward"/>
  <member type="way" ref="289348793" role="forward"/>
  <member type="way" ref="289348799" role="forward"/>
  <member type="way" ref="289348791" role="forward"/>
  <member type="way" ref="1473855297" role="forward"/>
  <member type="way" ref="289348792" role="forward"/>
  <member type="way" ref="1473855296" role="forward"/>
  <member type="way" ref="1420101860" role="forward"/>
  <member type="way" ref="289348802" role="forward"/>
  <member type="way" ref="1315033214" role="forward"/>
  <member type="way" ref="289348809" role="forward"/>
  <member type="way" ref="289348798" role="forward"/>
  <member type="way" ref="289348808" role="forward"/>
  <member type="way" ref="289348803" role="forward"/>
  <member type="way" ref="289348800" role="forward"/>
  <member type="way" ref="535381134" role="forward"/>
  <member type="way" ref="535381131" role="forward"/>
  <member type="way" ref="119886915" role="forward"/>
  <member type="way" ref="119885470" role="forward"/>
  <member type="way" ref="710577830" role="forward"/>
  <member type="way" ref="710577831" role="forward"/>
  <member type="way" ref="710577834" role="forward"/>
  <member type="way" ref="1163757171" role="forward"/>
  <member type="way" ref="710577835" role="forward"/>
  <member type="way" ref="119986970" role="forward"/>
  <tag k="colour" v="red"/>
  <tag k="from" v="山口県萩市"/>
  <tag k="name" v="国道262号"/>
  <tag k="name:en" v="National Highway Route 262"/>
  <tag k="name:ja" v="国道262号"/>
  <tag k="name:ja-Hira" v="こくどうにひゃくろくじゅうにごう"/>
  <tag k="name:ja-Latn" v="Kokudou 262 Gou"/>
  <tag k="network" v="JP:national"/>
  <tag k="ref" v="262"/>
  <tag k="route" v="road"/>
  <tag k="to" v="山口県防府市"/>
  <tag k="type" v="route"/>
  <tag k="wikidata" v="Q6157069"/>
  <tag k="wikipedia" v="ja:国道262号"/>
 </relation>
 <relation id="10293249" visible="true" version="1" changeset="77014502" timestamp="2019-11-13T13:29:58Z" user="Otenkiya" uid="4702051">
  <member type="relation" ref="9882017" role=""/>
  <member type="relation" ref="9880103" role=""/>
  <member type="relation" ref="9880092" role=""/>
  <member type="relation" ref="8414600" role=""/>
  <member type="relation" ref="9881782" role=""/>
  <tag k="name" v="国道262号"/>
  <tag k="network" v="JP:national"/>
  <tag k="ref" v="262"/>
  <tag k="route_master" v="road"/>
  <tag k="type" v="route_master"/>
  <tag k="wikipedia" v="ja:国道262号"/>
 </relation>
 <relation id="11062966" visible="true" version="5" changeset="154860229" timestamp="2024-08-05T17:00:04Z" user="Ikuta" uid="2217888">
  <member type="way" ref="704095510" role="outer"/>
  <member type="way" ref="147225682" role="outer"/>
  <member type="way" ref="799289604" role="outer"/>
  <member type="way" ref="1005621600" role="outer"/>
  <member type="way" ref="699135170" role="outer"/>
  <member type="way" ref="1305781719" role="outer"/>
  <member type="way" ref="1305781722" role="outer"/>
  <member type="way" ref="1007680632" role="outer"/>
  <member type="way" ref="147226226" role="outer"/>
  <member type="way" ref="147226162" role="inner"/>
  <member type="way" ref="147225758" role="inner"/>
  <member type="way" ref="147225948" role="inner"/>
  <tag k="natural" v="wood"/>
  <tag k="type" v="multipolygon"/>
 </relation>
 <relation id="11062967" visible="true" version="19" changeset="154860229" timestamp="2024-08-05T17:00:04Z" user="Ikuta" uid="2217888">
  <member type="way" ref="688517896" role="outer"/>
  <member type="way" ref="1010020401" role="outer"/>
  <member type="way" ref="147225531" role="outer"/>
  <member type="way" ref="1004792386" role="outer"/>
  <member type="way" ref="147225327" role="outer"/>
  <member type="way" ref="705862549" role="outer"/>
  <member type="way" ref="983670483" role="outer"/>
  <member type="way" ref="705296642" role="outer"/>
  <member type="way" ref="704734772" role="outer"/>
  <member type="way" ref="147226177" role="outer"/>
  <member type="way" ref="147225610" role="outer"/>
  <member type="way" ref="704095512" role="outer"/>
  <member type="way" ref="704095513" role="outer"/>
  <member type="way" ref="1305781720" role="outer"/>
  <member type="way" ref="1305781721" role="outer"/>
  <member type="way" ref="1305781716" role="outer"/>
  <member type="way" ref="1305781717" role="outer"/>
  <member type="way" ref="318911964" role="outer"/>
  <member type="way" ref="1008992003" role="outer"/>
  <member type="way" ref="1008695408" role="outer"/>
  <member type="way" ref="1009338217" role="outer"/>
  <member type="way" ref="147225763" role="inner"/>
  <member type="way" ref="147225923" role="inner"/>
  <member type="way" ref="147225677" role="inner"/>
  <member type="way" ref="147225899" role="inner"/>
  <member type="way" ref="147225652" role="inner"/>
  <member type="way" ref="147225725" role="inner"/>
  <member type="way" ref="147225784" role="inner"/>
  <member type="way" ref="1005344341" role="inner"/>
  <member type="way" ref="1005344342" role="inner"/>
  <member type="way" ref="1005344335" role="inner"/>
  <tag k="natural" v="wood"/>
  <tag k="type" v="multipolygon"/>
 </relation>
 <relation id="13884431" visible="true" version="10" changeset="171993143" timestamp="2025-09-16T04:32:12Z" user="taketaketake" uid="4757277">
  <member type="node" ref="9412086504" role="platform"/>
  <member type="node" ref="9412086506" role="platform"/>
  <member type="node" ref="9412086508" role="platform"/>
  <member type="node" ref="9412086510" role="platform"/>
  <member type="node" ref="9412086491" role="platform"/>
  <member type="node" ref="9412086520" role="platform"/>
  <member type="node" ref="9412086519" role="platform"/>
  <member type="node" ref="9412086516" role="platform"/>
  <member type="node" ref="9412086518" role="platform"/>
  <member type="node" ref="9412086521" role="platform"/>
  <member type="node" ref="9412086522" role="platform"/>
  <member type="node" ref="9412086524" role="platform"/>
  <member type="node" ref="9412086476" role="platform"/>
  <member type="node" ref="9412086474" role="platform"/>
  <member type="node" ref="9412086472" role="platform"/>
  <member type="node" ref="9412086470" role="platform"/>
  <member type="node" ref="9412086468" role="platform"/>
  <member type="node" ref="9412086466" role="platform"/>
  <member type="node" ref="9412086464" role="platform"/>
  <member type="node" ref="9412086462" role="platform"/>
  <member type="node" ref="9412086460" role="platform"/>
  <member type="node" ref="9412086487" role="platform"/>
  <member type="node" ref="9412086485" role="platform"/>
  <member type="node" ref="10653428528" role="platform"/>
  <member type="node" ref="9412086458" role="platform"/>
  <member type="node" ref="9412086456" role="platform"/>
  <member type="node" ref="9412086454" role="platform"/>
  <member type="node" ref="9412086453" role="platform"/>
  <member type="node" ref="9412086451" role="platform"/>
  <member type="node" ref="9412086449" role="platform"/>
  <member type="node" ref="9412086447" role="platform"/>
  <member type="node" ref="9412086445" role="platform"/>
  <member type="node" ref="9412086443" role="platform"/>
  <member type="node" ref="9412086441" role="platform"/>
  <member type="node" ref="9412086483" role="platform"/>
  <member type="node" ref="9412086334" role="platform"/>
  <member type="node" ref="9412086439" role="platform"/>
  <member type="node" ref="9412086437" role="platform"/>
  <member type="node" ref="9412086435" role="platform"/>
  <member type="node" ref="9412086433" role="platform"/>
  <member type="node" ref="9412086431" role="platform"/>
  <member type="node" ref="9412086429" role="platform"/>
  <member type="node" ref="9412086427" role="platform"/>
  <member type="node" ref="9412086425" role="platform"/>
  <member type="node" ref="9412086423" role="platform"/>
  <member type="node" ref="9412086421" role="platform"/>
  <member type="node" ref="9412086419" role="platform"/>
  <member type="node" ref="9412086417" role="platform"/>
  <member type="node" ref="9412086415" role="platform"/>
  <member type="node" ref="9412086481" role="platform"/>
  <member type="node" ref="9412086413" role="platform"/>
  <member type="node" ref="9412086411" role="platform"/>
  <member type="node" ref="9412086409" role="platform"/>
  <member type="node" ref="9412086407" role="platform"/>
  <member type="node" ref="9412086405" role="platform"/>
  <member type="node" ref="9412086403" role="platform"/>
  <member type="node" ref="9412086401" role="platform"/>
  <member type="node" ref="9412086400" role="platform"/>
  <member type="node" ref="9412086398" role="platform"/>
  <member type="node" ref="9412086343" role="platform"/>
  <member type="node" ref="9412086479" role="platform"/>
  <member type="node" ref="9412086478" role="platform"/>
  <member type="way" ref="119885215" role=""/>
  <member type="way" ref="119879037" role=""/>
  <member type="way" ref="1036697523" role=""/>
  <member type="way" ref="119878523" role=""/>
  <member type="way" ref="1036697526" role=""/>
  <member type="way" ref="1036697532" role=""/>
  <member type="way" ref="1394161504" role=""/>
  <member type="way" ref="1036697531" role=""/>
  <member type="way" ref="1163757161" role=""/>
  <member type="way" ref="1036697528" role=""/>
  <member type="way" ref="1036697526" role=""/>
  <member type="way" ref="119878523" role=""/>
  <member type="way" ref="517552886" role=""/>
  <member type="way" ref="119878656" role=""/>
  <member type="way" ref="1036697525" role=""/>
  <member type="way" ref="1036697534" role=""/>
  <member type="way" ref="1036697533" role=""/>
  <member type="way" ref="1036697512" role=""/>
  <member type="way" ref="1036697534" role=""/>
  <member type="way" ref="1036697525" role=""/>
  <member type="way" ref="119878656" role=""/>
  <member type="way" ref="1036709693" role=""/>
  <member type="way" ref="1036709692" role=""/>
  <member type="way" ref="119879154" role=""/>
  <member type="way" ref="119879065" role=""/>
  <member type="way" ref="310175728" role=""/>
  <member type="way" ref="310175725" role=""/>
  <member type="way" ref="119878743" role=""/>
  <member type="way" ref="119878597" role=""/>
  <member type="way" ref="119879213" role=""/>
  <member type="way" ref="119879204" role=""/>
  <member type="way" ref="119878605" role=""/>
  <member type="way" ref="1036709691" role=""/>
  <member type="way" ref="119878779" role=""/>
  <member type="way" ref="119878679" role=""/>
  <member type="way" ref="119879109" role=""/>
  <member type="way" ref="119878957" role=""/>
  <member type="way" ref="119878571" role=""/>
  <member type="way" ref="119878796" role=""/>
  <member type="way" ref="119878467" role=""/>
  <member type="way" ref="68875222" role=""/>
  <member type="way" ref="68875217" role=""/>
  <member type="way" ref="68875218" role=""/>
  <member type="way" ref="42403306" role=""/>
  <member type="way" ref="544509184" role=""/>
  <member type="way" ref="544509185" role=""/>
  <member type="way" ref="42476346" role=""/>
  <member type="way" ref="42476343" role=""/>
  <member type="way" ref="42476344" role=""/>
  <member type="way" ref="42476342" role=""/>
  <member type="way" ref="544509186" role=""/>
  <member type="way" ref="544509187" role=""/>
  <member type="way" ref="544509188" role=""/>
  <member type="way" ref="544509189" role=""/>
  <member type="way" ref="42476341" role=""/>
  <member type="way" ref="42476352" role=""/>
  <member type="way" ref="42476351" role=""/>
  <member type="way" ref="119875332" role=""/>
  <member type="way" ref="119875295" role=""/>
  <member type="way" ref="710482454" role=""/>
  <member type="way" ref="544509193" role=""/>
  <member type="way" ref="1036709687" role=""/>
  <member type="way" ref="544509195" role=""/>
  <member type="way" ref="544509194" role=""/>
  <member type="way" ref="114040847" role=""/>
  <member type="way" ref="114040970" role=""/>
  <member type="way" ref="1036709670" role=""/>
  <member type="way" ref="434742622" role=""/>
  <member type="way" ref="1036709668" role=""/>
  <member type="way" ref="1036709669" role=""/>
  <member type="way" ref="704734761" role=""/>
  <member type="way" ref="114040299" role=""/>
  <member type="way" ref="114041125" role=""/>
  <member type="way" ref="114040449" role=""/>
  <member type="way" ref="114041267" role=""/>
  <member type="way" ref="114041034" role=""/>
  <member type="way" ref="42476347" role=""/>
  <member type="way" ref="413732108" role=""/>
  <member type="way" ref="413732109" role=""/>
  <member type="way" ref="42476368" role=""/>
  <member type="way" ref="42476369" role=""/>
  <member type="way" ref="568591089" role=""/>
  <member type="way" ref="710477714" role=""/>
  <member type="way" ref="710477713" role=""/>
  <member type="way" ref="544735763" role=""/>
  <member type="way" ref="544735764" role=""/>
  <member type="way" ref="544735765" role=""/>
  <member type="way" ref="42476366" role=""/>
  <member type="way" ref="568591123" role=""/>
  <member type="way" ref="544735768" role=""/>
  <member type="way" ref="544735767" role=""/>
  <member type="way" ref="544735758" role=""/>
  <member type="way" ref="710459517" role=""/>
  <member type="way" ref="114040401" role=""/>
  <member type="way" ref="114041191" role=""/>
  <member type="way" ref="702008675" role=""/>
  <member type="way" ref="114040351" role=""/>
  <member type="way" ref="544735762" role=""/>
  <member type="way" ref="114056460" role=""/>
  <member type="way" ref="114057397" role=""/>
  <member type="way" ref="114056321" role=""/>
  <member type="way" ref="114057881" role=""/>
  <member type="way" ref="114057811" role=""/>
  <member type="way" ref="114056744" role=""/>
  <member type="way" ref="114057169" role=""/>
  <member type="way" ref="114056169" role=""/>
  <member type="way" ref="1430138808" role=""/>
  <member type="way" ref="114055935" role=""/>
  <member type="way" ref="114058420" role=""/>
  <member type="way" ref="79534125" role=""/>
  <member type="way" ref="1036709684" role=""/>
  <member type="way" ref="316339820" role=""/>
  <member type="way" ref="316339812" role=""/>
  <member type="way" ref="316339817" role=""/>
  <member type="way" ref="114056144" role=""/>
  <member type="way" ref="1036709680" role=""/>
  <member type="way" ref="114058392" role=""/>
  <member type="way" ref="1036709679" role=""/>
  <member type="way" ref="421310968" role=""/>
  <member type="way" ref="1430138807" role=""/>
  <member type="way" ref="114055661" role=""/>
  <member type="way" ref="114058659" role=""/>
  <member type="way" ref="114058518" role=""/>
  <member type="way" ref="402834033" role=""/>
  <member type="way" ref="114056495" role=""/>
  <member type="way" ref="604148052" role=""/>
  <member type="way" ref="1036709675" role=""/>
  <member type="way" ref="1036709674" role=""/>
  <member type="way" ref="1036709676" role=""/>
  <member type="way" ref="1036709675" role=""/>
  <member type="way" ref="604148052" role=""/>
  <member type="way" ref="604148053" role=""/>
  <member type="way" ref="402834035" role=""/>
  <member type="way" ref="114056368" role=""/>
  <member type="way" ref="114058206" role=""/>
  <member type="way" ref="114056326" role=""/>
  <member type="way" ref="114056166" role=""/>
  <member type="way" ref="79534148" role=""/>
  <member type="way" ref="316339802" role=""/>
  <member type="way" ref="316339803" role=""/>
  <member type="way" ref="316339838" role=""/>
  <member type="way" ref="1036709673" role=""/>
  <member type="way" ref="114056730" role=""/>
  <member type="way" ref="1036709672" role=""/>
  <tag k="duration" v="01:40:00"/>
  <tag k="from" v="湯田温泉"/>
  <tag k="gtfs:route_id" v="2229846746"/>
  <tag k="gtfs:shape_id" v="40001280"/>
  <tag k="name" v="Bus: 湯田温泉→東萩駅前"/>
  <tag k="network" v="防長線"/>
  <tag k="opening_hours" v="09:20-11:00"/>
  <tag k="operator" v="中国ジェイアールバス"/>
  <tag k="operator:en" v="Chugoku JR Bus"/>
  <tag k="public_transport:version" v="2"/>
  <tag k="route" v="bus"/>
  <tag k="to" v="東萩駅前"/>
  <tag k="type" v="route"/>
 </relation>
 <relation id="13884432" visible="true" version="11" changeset="171993143" timestamp="2025-09-16T04:32:12Z" user="taketaketake" uid="4757277">
  <member type="node" ref="9412086478" role="platform"/>
  <member type="node" ref="9412086480" role="platform"/>
  <member type="node" ref="9412086343" role="platform"/>
  <member type="node" ref="9412086399" role="platform"/>
  <member type="node" ref="9412086400" role="platform"/>
  <member type="node" ref="9412086402" role="platform"/>
  <member type="node" ref="9412086404" role="platform"/>
  <member type="node" ref="9412086406" role="platform"/>
  <member type="node" ref="9412086408" role="platform"/>
  <member type="node" ref="9412086410" role="platform"/>
  <member type="node" ref="9412086412" role="platform"/>
  <member type="node" ref="9412086414" role="platform"/>
  <member type="node" ref="9412086482" role="platform"/>
  <member type="node" ref="9412086416" role="platform"/>
  <member type="node" ref="9412086418" role="platform"/>
  <member type="node" ref="9412086420" role="platform"/>
  <member type="node" ref="9412086422" role="platform"/>
  <member type="node" ref="9412086424" role="platform"/>
  <member type="node" ref="9412086426" role="platform"/>
  <member type="node" ref="9412086428" role="platform"/>
  <member type="node" ref="9412086430" role="platform"/>
  <member type="node" ref="9412086432" role="platform"/>
  <member type="node" ref="9412086434" role="platform"/>
  <member type="node" ref="9412086436" role="platform"/>
  <member type="node" ref="9412086438" role="platform"/>
  <member type="node" ref="9412086440" role="platform"/>
  <member type="node" ref="9412086334" role="platform"/>
  <member type="node" ref="9412086484" role="platform"/>
  <member type="node" ref="9412086442" role="platform"/>
  <member type="node" ref="9412086444" role="platform"/>
  <member type="node" ref="9412086446" role="platform"/>
  <member type="node" ref="9412086448" role="platform"/>
  <member type="node" ref="9412086450" role="platform"/>
  <member type="node" ref="9412086452" role="platform"/>
  <member type="node" ref="10653908309" role="platform"/>
  <member type="node" ref="9412086455" role="platform"/>
  <member type="node" ref="9412086457" role="platform"/>
  <member type="node" ref="9412086459" role="platform"/>
  <member type="node" ref="10653428529" role="platform"/>
  <member type="node" ref="9412086486" role="platform"/>
  <member type="node" ref="9412086488" role="platform"/>
  <member type="node" ref="9412086461" role="platform"/>
  <member type="node" ref="9412086463" role="platform"/>
  <member type="node" ref="9412086465" role="platform"/>
  <member type="node" ref="9412086467" role="platform"/>
  <member type="node" ref="9412086469" role="platform"/>
  <member type="node" ref="9412086471" role="platform"/>
  <member type="node" ref="9412086473" role="platform"/>
  <member type="node" ref="9412086475" role="platform"/>
  <member type="node" ref="9412086477" role="platform"/>
  <member type="node" ref="9412086525" role="platform"/>
  <member type="node" ref="9412086523" role="platform"/>
  <member type="node" ref="9412086520" role="platform"/>
  <member type="node" ref="9412086519" role="platform"/>
  <member type="node" ref="9412086517" role="platform"/>
  <member type="node" ref="9412086518" role="platform"/>
  <member type="node" ref="9412086521" role="platform"/>
  <member type="node" ref="9412086511" role="platform"/>
  <member type="node" ref="9412086509" role="platform"/>
  <member type="node" ref="9412086507" role="platform"/>
  <member type="node" ref="9412086505" role="platform"/>
  <member type="node" ref="9412086345" role="platform"/>
  <member type="way" ref="1036709672" role=""/>
  <member type="way" ref="1036709671" role=""/>
  <member type="way" ref="1036709673" role=""/>
  <member type="way" ref="316339838" role=""/>
  <member type="way" ref="316339803" role=""/>
  <member type="way" ref="316339802" role=""/>
  <member type="way" ref="79534148" role=""/>
  <member type="way" ref="114056166" role=""/>
  <member type="way" ref="114056326" role=""/>
  <member type="way" ref="114058206" role=""/>
  <member type="way" ref="1036709666" role=""/>
  <member type="way" ref="114055946" role=""/>
  <member type="way" ref="114058274" role=""/>
  <member type="way" ref="402834035" role=""/>
  <member type="way" ref="402834033" role=""/>
  <member type="way" ref="114056495" role=""/>
  <member type="way" ref="604148052" role=""/>
  <member type="way" ref="1036709675" role=""/>
  <member type="way" ref="1036709674" role=""/>
  <member type="way" ref="1036709676" role=""/>
  <member type="way" ref="1036709675" role=""/>
  <member type="way" ref="604148052" role=""/>
  <member type="way" ref="604148053" role=""/>
  <member type="way" ref="114058518" role=""/>
  <member type="way" ref="114058659" role=""/>
  <member type="way" ref="114055661" role=""/>
  <member type="way" ref="1430138807" role=""/>
  <member type="way" ref="421310968" role=""/>
  <member type="way" ref="1036709679" role=""/>
  <member type="way" ref="1036709678" role=""/>
  <member type="way" ref="1036709680" role=""/>
  <member type="way" ref="114058392" role=""/>
  <member type="way" ref="1036709678" role=""/>
  <member type="way" ref="114056144" role=""/>
  <member type="way" ref="1036709681" role=""/>
  <member type="way" ref="1036709682" role=""/>
  <member type="way" ref="114057391" role=""/>
  <member type="way" ref="114056724" role=""/>
  <member type="way" ref="79534125" role=""/>
  <member type="way" ref="114058420" role=""/>
  <member type="way" ref="114055935" role=""/>
  <member type="way" ref="1430138808" role=""/>
  <member type="way" ref="114056169" role=""/>
  <member type="way" ref="114057169" role=""/>
  <member type="way" ref="114056744" role=""/>
  <member type="way" ref="114057811" role=""/>
  <member type="way" ref="114057881" role=""/>
  <member type="way" ref="114056321" role=""/>
  <member type="way" ref="114057397" role=""/>
  <member type="way" ref="114056460" role=""/>
  <member type="way" ref="544735762" role=""/>
  <member type="way" ref="114040351" role=""/>
  <member type="way" ref="702008675" role=""/>
  <member type="way" ref="114041191" role=""/>
  <member type="way" ref="114040401" role=""/>
  <member type="way" ref="710459517" role=""/>
  <member type="way" ref="544735758" role=""/>
  <member type="way" ref="544735767" role=""/>
  <member type="way" ref="544735768" role=""/>
  <member type="way" ref="568591123" role=""/>
  <member type="way" ref="42476366" role=""/>
  <member type="way" ref="544735765" role=""/>
  <member type="way" ref="544735764" role=""/>
  <member type="way" ref="544735763" role=""/>
  <member type="way" ref="710477713" role=""/>
  <member type="way" ref="710477714" role=""/>
  <member type="way" ref="568591089" role=""/>
  <member type="way" ref="42476369" role=""/>
  <member type="way" ref="42476368" role=""/>
  <member type="way" ref="413732109" role=""/>
  <member type="way" ref="413732108" role=""/>
  <member type="way" ref="42476347" role=""/>
  <member type="way" ref="114041034" role=""/>
  <member type="way" ref="114041267" role=""/>
  <member type="way" ref="114040449" role=""/>
  <member type="way" ref="114041125" role=""/>
  <member type="way" ref="114040299" role=""/>
  <member type="way" ref="704734761" role=""/>
  <member type="way" ref="1036709669" role=""/>
  <member type="way" ref="1036709668" role=""/>
  <member type="way" ref="434742622" role=""/>
  <member type="way" ref="1036709670" role=""/>
  <member type="way" ref="114040970" role=""/>
  <member type="way" ref="114040847" role=""/>
  <member type="way" ref="544509194" role=""/>
  <member type="way" ref="544509195" role=""/>
  <member type="way" ref="544509191" role=""/>
  <member type="way" ref="1036709688" role=""/>
  <member type="way" ref="710482454" role=""/>
  <member type="way" ref="119875295" role=""/>
  <member type="way" ref="119875332" role=""/>
  <member type="way" ref="42476351" role=""/>
  <member type="way" ref="42476352" role=""/>
  <member type="way" ref="42476341" role=""/>
  <member type="way" ref="544509189" role=""/>
  <member type="way" ref="544509188" role=""/>
  <member type="way" ref="544509187" role=""/>
  <member type="way" ref="544509186" role=""/>
  <member type="way" ref="42476342" role=""/>
  <member type="way" ref="42476344" role=""/>
  <member type="way" ref="42476343" role=""/>
  <member type="way" ref="42476346" role=""/>
  <member type="way" ref="544509185" role=""/>
  <member type="way" ref="544509184" role=""/>
  <member type="way" ref="42403306" role=""/>
  <member type="way" ref="42403311" role=""/>
  <member type="way" ref="68875219" role=""/>
  <member type="way" ref="68875220" role=""/>
  <member type="way" ref="119878796" role=""/>
  <member type="way" ref="1036709690" role=""/>
  <member type="way" ref="119878679" role=""/>
  <member type="way" ref="119878779" role=""/>
  <member type="way" ref="1036709691" role=""/>
  <member type="way" ref="119878605" role=""/>
  <member type="way" ref="119879204" role=""/>
  <member type="way" ref="119879213" role=""/>
  <member type="way" ref="119878597" role=""/>
  <member type="way" ref="119878743" role=""/>
  <member type="way" ref="310175725" role=""/>
  <member type="way" ref="310175728" role=""/>
  <member type="way" ref="119879065" role=""/>
  <member type="way" ref="119879154" role=""/>
  <member type="way" ref="1036697536" role=""/>
  <member type="way" ref="119878656" role=""/>
  <member type="way" ref="1036697525" role=""/>
  <member type="way" ref="1036697534" role=""/>
  <member type="way" ref="1036697533" role=""/>
  <member type="way" ref="1036697512" role=""/>
  <member type="way" ref="1036697534" role=""/>
  <member type="way" ref="1036697525" role=""/>
  <member type="way" ref="119878656" role=""/>
  <member type="way" ref="119878549" role=""/>
  <member type="way" ref="119878523" role=""/>
  <member type="way" ref="1036697526" role=""/>
  <member type="way" ref="1036697532" role=""/>
  <member type="way" ref="1394161504" role=""/>
  <member type="way" ref="1036697531" role=""/>
  <member type="way" ref="1163757161" role=""/>
  <member type="way" ref="1036697528" role=""/>
  <member type="way" ref="1036697526" role=""/>
  <member type="way" ref="119878523" role=""/>
  <member type="way" ref="1036697523" role=""/>
  <member type="way" ref="119879037" role=""/>
  <member type="way" ref="119885215" role=""/>
  <tag k="duration" v="01:43:00"/>
  <tag k="from" v="東萩駅前"/>
  <tag k="gtfs:route_id" v="2229846746"/>
  <tag k="gtfs:shape_id" v="40001289"/>
  <tag k="name" v="Bus: 東萩駅前→湯田温泉通"/>
  <tag k="network" v="防長線"/>
  <tag k="opening_hours" v="06:15-16:13"/>
  <tag k="operator" v="中国ジェイアールバス"/>
  <tag k="operator:en" v="Chugoku JR Bus"/>
  <tag k="public_transport:version" v="2"/>
  <tag k="route" v="bus"/>
  <tag k="to" v="湯田温泉通"/>
  <tag k="type" v="route"/>
 </relation>
 <relation id="13884433" visible="true" version="9" changeset="171993143" timestamp="2025-09-16T04:32:12Z" user="taketaketake" uid="4757277">
  <member type="node" ref="9412086478" role="platform"/>
  <member type="node" ref="9412086480" role="platform"/>
  <member type="node" ref="9412086343" role="platform"/>
  <member type="node" ref="9412086399" role="platform"/>
  <member type="node" ref="9412086400" role="platform"/>
  <member type="node" ref="9412086402" role="platform"/>
  <member type="node" ref="9412086404" role="platform"/>
  <member type="node" ref="9412086406" role="platform"/>
  <member type="node" ref="9412086408" role="platform"/>
  <member type="node" ref="9412086410" role="platform"/>
  <member type="node" ref="9412086412" role="platform"/>
  <member type="node" ref="9412086414" role="platform"/>
  <member type="node" ref="9412086482" role="platform"/>
  <member type="node" ref="9412086416" role="platform"/>
  <member type="node" ref="9412086418" role="platform"/>
  <member type="node" ref="9412086420" role="platform"/>
  <member type="node" ref="9412086422" role="platform"/>
  <member type="node" ref="9412086424" role="platform"/>
  <member type="node" ref="9412086426" role="platform"/>
  <member type="node" ref="9412086428" role="platform"/>
  <member type="node" ref="9412086430" role="platform"/>
  <member type="node" ref="9412086432" role="platform"/>
  <member type="node" ref="9412086434" role="platform"/>
  <member type="node" ref="9412086436" role="platform"/>
  <member type="node" ref="9412086438" role="platform"/>
  <member type="node" ref="9412086440" role="platform"/>
  <member type="node" ref="9412086334" role="platform"/>
  <member type="node" ref="9412086484" role="platform"/>
  <member type="node" ref="9412086442" role="platform"/>
  <member type="node" ref="9412086444" role="platform"/>
  <member type="node" ref="9412086446" role="platform"/>
  <member type="node" ref="9412086448" role="platform"/>
  <member type="node" ref="9412086450" role="platform"/>
  <member type="node" ref="9412086452" role="platform"/>
  <member type="node" ref="9412086453" role="platform"/>
  <member type="node" ref="9412086455" role="platform"/>
  <member type="node" ref="9412086457" role="platform"/>
  <member type="node" ref="9412086459" role="platform"/>
  <member type="node" ref="9412086486" role="platform"/>
  <member type="node" ref="9412086488" role="platform"/>
  <member type="node" ref="9412086461" role="platform"/>
  <member type="node" ref="9412086463" role="platform"/>
  <member type="node" ref="9412086465" role="platform"/>
  <member type="node" ref="9412086467" role="platform"/>
  <member type="node" ref="9412086469" role="platform"/>
  <member type="node" ref="9412086471" role="platform"/>
  <member type="node" ref="9412086473" role="platform"/>
  <member type="node" ref="9412086475" role="platform"/>
  <member type="node" ref="9412086477" role="platform"/>
  <member type="node" ref="9412086525" role="platform"/>
  <member type="node" ref="9412086523" role="platform"/>
  <member type="node" ref="9412086520" role="platform"/>
  <member type="node" ref="9412086519" role="platform"/>
  <member type="node" ref="9412086516" role="platform"/>
  <member type="way" ref="1036709672" role=""/>
  <member type="way" ref="1036709671" role=""/>
  <member type="way" ref="1036709673" role=""/>
  <member type="way" ref="316339838" role=""/>
  <member type="way" ref="316339803" role=""/>
  <member type="way" ref="316339802" role=""/>
  <member type="way" ref="79534148" role=""/>
  <member type="way" ref="114056166" role=""/>
  <member type="way" ref="114056326" role=""/>
  <member type="way" ref="114058206" role=""/>
  <member type="way" ref="1036709666" role=""/>
  <member type="way" ref="114055946" role=""/>
  <member type="way" ref="114058274" role=""/>
  <member type="way" ref="402834035" role=""/>
  <member type="way" ref="402834033" role=""/>
  <member type="way" ref="114056495" role=""/>
  <member type="way" ref="604148052" role=""/>
  <member type="way" ref="1036709675" role=""/>
  <member type="way" ref="1036709674" role=""/>
  <member type="way" ref="1036709676" role=""/>
  <member type="way" ref="1036709675" role=""/>
  <member type="way" ref="604148052" role=""/>
  <member type="way" ref="604148053" role=""/>
  <member type="way" ref="114058518" role=""/>
  <member type="way" ref="114058659" role=""/>
  <member type="way" ref="114055661" role=""/>
  <member type="way" ref="1430138807" role=""/>
  <member type="way" ref="421310968" role=""/>
  <member type="way" ref="1036709679" role=""/>
  <member type="way" ref="1036709678" role=""/>
  <member type="way" ref="1036709680" role=""/>
  <member type="way" ref="114058392" role=""/>
  <member type="way" ref="1036709678" role=""/>
  <member type="way" ref="114056144" role=""/>
  <member type="way" ref="1036709681" role=""/>
  <member type="way" ref="1036709682" role=""/>
  <member type="way" ref="114057391" role=""/>
  <member type="way" ref="114056724" role=""/>
  <member type="way" ref="79534125" role=""/>
  <member type="way" ref="114058420" role=""/>
  <member type="way" ref="114055935" role=""/>
  <member type="way" ref="1430138808" role=""/>
  <member type="way" ref="114056169" role=""/>
  <member type="way" ref="114057169" role=""/>
  <member type="way" ref="114056744" role=""/>
  <member type="way" ref="114057811" role=""/>
  <member type="way" ref="114057881" role=""/>
  <member type="way" ref="114056321" role=""/>
  <member type="way" ref="114057397" role=""/>
  <member type="way" ref="114056460" role=""/>
  <member type="way" ref="544735762" role=""/>
  <member type="way" ref="114040351" role=""/>
  <member type="way" ref="702008675" role=""/>
  <member type="way" ref="114041191" role=""/>
  <member type="way" ref="114040401" role=""/>
  <member type="way" ref="710459517" role=""/>
  <member type="way" ref="544735758" role=""/>
  <member type="way" ref="544735767" role=""/>
  <member type="way" ref="544735768" role=""/>
  <member type="way" ref="568591123" role=""/>
  <member type="way" ref="42476366" role=""/>
  <member type="way" ref="544735765" role=""/>
  <member type="way" ref="544735764" role=""/>
  <member type="way" ref="544735763" role=""/>
  <member type="way" ref="710477713" role=""/>
  <member type="way" ref="710477714" role=""/>
  <member type="way" ref="568591089" role=""/>
  <member type="way" ref="42476369" role=""/>
  <member type="way" ref="42476368" role=""/>
  <member type="way" ref="413732109" role=""/>
  <member type="way" ref="413732108" role=""/>
  <member type="way" ref="42476347" role=""/>
  <member type="way" ref="114041034" role=""/>
  <member type="way" ref="114041267" role=""/>
  <member type="way" ref="114040449" role=""/>
  <member type="way" ref="114041125" role=""/>
  <member type="way" ref="114040299" role=""/>
  <member type="way" ref="704734761" role=""/>
  <member type="way" ref="1036709669" role=""/>
  <member type="way" ref="1036709668" role=""/>
  <member type="way" ref="434742622" role=""/>
  <member type="way" ref="1036709670" role=""/>
  <member type="way" ref="114040970" role=""/>
  <member type="way" ref="114040847" role=""/>
  <member type="way" ref="544509194" role=""/>
  <member type="way" ref="544509195" role=""/>
  <member type="way" ref="544509191" role=""/>
  <member type="way" ref="1036709688" role=""/>
  <member type="way" ref="710482454" role=""/>
  <member type="way" ref="119875295" role=""/>
  <member type="way" ref="119875332" role=""/>
  <member type="way" ref="42476351" role=""/>
  <member type="way" ref="42476352" role=""/>
  <member type="way" ref="42476341" role=""/>
  <member type="way" ref="544509189" role=""/>
  <member type="way" ref="544509188" role=""/>
  <member type="way" ref="544509187" role=""/>
  <member type="way" ref="544509186" role=""/>
  <member type="way" ref="42476342" role=""/>
  <member type="way" ref="42476344" role=""/>
  <member type="way" ref="42476343" role=""/>
  <member type="way" ref="42476346" role=""/>
  <member type="way" ref="544509185" role=""/>
  <member type="way" ref="544509184" role=""/>
  <member type="way" ref="42403306" role=""/>
  <member type="way" ref="42403311" role=""/>
  <member type="way" ref="68875219" role=""/>
  <member type="way" ref="68875220" role=""/>
  <member type="way" ref="119878796" role=""/>
  <member type="way" ref="1036709690" role=""/>
  <member type="way" ref="119878679" role=""/>
  <member type="way" ref="119878779" role=""/>
  <member type="way" ref="1036709691" role=""/>
  <member type="way" ref="119878605" role=""/>
  <member type="way" ref="119879204" role=""/>
  <member type="way" ref="119879213" role=""/>
  <member type="way" ref="119878597" role=""/>
  <member type="way" ref="119878743" role=""/>
  <member type="way" ref="310175725" role=""/>
  <member type="way" ref="310175728" role=""/>
  <member type="way" ref="119879065" role=""/>
  <member type="way" ref="119879154" role=""/>
  <member type="way" ref="1036697536" role=""/>
  <member type="way" ref="119878656" role=""/>
  <member type="way" ref="1036697525" role=""/>
  <member type="way" ref="1036697534" role=""/>
  <member type="way" ref="1036697533" role=""/>
  <member type="way" ref="1036697512" role=""/>
  <member type="way" ref="1036697534" role=""/>
  <member type="way" ref="1036697525" role=""/>
  <member type="way" ref="119878656" role=""/>
  <member type="way" ref="119878549" role=""/>
  <member type="way" ref="119878523" role=""/>
  <member type="way" ref="1036697526" role=""/>
  <member type="way" ref="1036697532" role=""/>
  <member type="way" ref="1394161504" role=""/>
  <tag k="duration" v="01:29:00"/>
  <tag k="from" v="東萩駅前"/>
  <tag k="gtfs:route_id" v="2229846746"/>
  <tag k="gtfs:shape_id" v="40001279"/>
  <tag k="name" v="Bus: 東萩駅前→山口駅"/>
  <tag k="network" v="防長線"/>
  <tag k="opening_hours" v="Mo-Fr 09:35-20:09; Sa-Su 12:00-20:09"/>
  <tag k="operator" v="中国ジェイアールバス"/>
  <tag k="operator:en" v="Chugoku JR Bus"/>
  <tag k="public_transport:version" v="2"/>
  <tag k="route" v="bus"/>
  <tag k="to" v="山口駅"/>
  <tag k="type" v="route"/>
 </relation>
 <relation id="13884434" visible="true" version="9" changeset="171993143" timestamp="2025-09-16T04:32:12Z" user="taketaketake" uid="4757277">
  <member type="node" ref="9412086516" role="platform"/>
  <member type="node" ref="9412086519" role="platform"/>
  <member type="node" ref="9412086521" role="platform"/>
  <member type="node" ref="9412086522" role="platform"/>
  <member type="node" ref="9412086524" role="platform"/>
  <member type="node" ref="9412086476" role="platform"/>
  <member type="node" ref="9412086474" role="platform"/>
  <member type="node" ref="9412086472" role="platform"/>
  <member type="node" ref="9412086470" role="platform"/>
  <member type="node" ref="9412086468" role="platform"/>
  <member type="node" ref="9412086466" role="platform"/>
  <member type="node" ref="9412086464" role="platform"/>
  <member type="node" ref="9412086462" role="platform"/>
  <member type="node" ref="9412086460" role="platform"/>
  <member type="node" ref="9412086487" role="platform"/>
  <member type="node" ref="9412086485" role="platform"/>
  <member type="node" ref="9412086458" role="platform"/>
  <member type="node" ref="9412086456" role="platform"/>
  <member type="node" ref="9412086454" role="platform"/>
  <member type="node" ref="9412086453" role="platform"/>
  <member type="node" ref="9412086451" role="platform"/>
  <member type="node" ref="9412086449" role="platform"/>
  <member type="node" ref="9412086447" role="platform"/>
  <member type="node" ref="9412086445" role="platform"/>
  <member type="node" ref="9412086443" role="platform"/>
  <member type="node" ref="9412086441" role="platform"/>
  <member type="node" ref="9412086483" role="platform"/>
  <member type="node" ref="9412086334" role="platform"/>
  <member type="node" ref="9412086439" role="platform"/>
  <member type="node" ref="9412086437" role="platform"/>
  <member type="node" ref="9412086435" role="platform"/>
  <member type="node" ref="9412086433" role="platform"/>
  <member type="node" ref="9412086431" role="platform"/>
  <member type="node" ref="9412086429" role="platform"/>
  <member type="node" ref="9412086427" role="platform"/>
  <member type="node" ref="9412086425" role="platform"/>
  <member type="node" ref="9412086423" role="platform"/>
  <member type="node" ref="9412086421" role="platform"/>
  <member type="node" ref="9412086419" role="platform"/>
  <member type="node" ref="9412086417" role="platform"/>
  <member type="node" ref="9412086415" role="platform"/>
  <member type="node" ref="9412086481" role="platform"/>
  <member type="node" ref="9412086413" role="platform"/>
  <member type="node" ref="9412086411" role="platform"/>
  <member type="node" ref="9412086409" role="platform"/>
  <member type="node" ref="9412086407" role="platform"/>
  <member type="node" ref="9412086405" role="platform"/>
  <member type="node" ref="9412086403" role="platform"/>
  <member type="node" ref="9412086401" role="platform"/>
  <member type="node" ref="9412086400" role="platform"/>
  <member type="node" ref="9412086398" role="platform"/>
  <member type="node" ref="9412086343" role="platform"/>
  <member type="node" ref="9412086479" role="platform"/>
  <member type="node" ref="9412086478" role="platform"/>
  <member type="way" ref="1036697531" role=""/>
  <member type="way" ref="1163757161" role=""/>
  <member type="way" ref="1036697528" role=""/>
  <member type="way" ref="1036697526" role=""/>
  <member type="way" ref="119878523" role=""/>
  <member type="way" ref="517552886" role=""/>
  <member type="way" ref="119878656" role=""/>
  <member type="way" ref="1036697525" role=""/>
  <member type="way" ref="1036697534" role=""/>
  <member type="way" ref="1036697533" role=""/>
  <member type="way" ref="1036697512" role=""/>
  <member type="way" ref="1036697534" role=""/>
  <member type="way" ref="1036697525" role=""/>
  <member type="way" ref="119878656" role=""/>
  <member type="way" ref="1036709693" role=""/>
  <member type="way" ref="1036709692" role=""/>
  <member type="way" ref="119879154" role=""/>
  <member type="way" ref="119879065" role=""/>
  <member type="way" ref="310175728" role=""/>
  <member type="way" ref="310175725" role=""/>
  <member type="way" ref="119878743" role=""/>
  <member type="way" ref="119878597" role=""/>
  <member type="way" ref="119879213" role=""/>
  <member type="way" ref="119879204" role=""/>
  <member type="way" ref="119878605" role=""/>
  <member type="way" ref="1036709691" role=""/>
  <member type="way" ref="119878779" role=""/>
  <member type="way" ref="119878679" role=""/>
  <member type="way" ref="119879109" role=""/>
  <member type="way" ref="119878957" role=""/>
  <member type="way" ref="119878571" role=""/>
  <member type="way" ref="119878796" role=""/>
  <member type="way" ref="119878467" role=""/>
  <member type="way" ref="68875222" role=""/>
  <member type="way" ref="68875217" role=""/>
  <member type="way" ref="68875218" role=""/>
  <member type="way" ref="42403306" role=""/>
  <member type="way" ref="544509184" role=""/>
  <member type="way" ref="544509185" role=""/>
  <member type="way" ref="42476346" role=""/>
  <member type="way" ref="42476343" role=""/>
  <member type="way" ref="42476344" role=""/>
  <member type="way" ref="42476342" role=""/>
  <member type="way" ref="544509186" role=""/>
  <member type="way" ref="544509187" role=""/>
  <member type="way" ref="544509188" role=""/>
  <member type="way" ref="544509189" role=""/>
  <member type="way" ref="42476341" role=""/>
  <member type="way" ref="42476352" role=""/>
  <member type="way" ref="42476351" role=""/>
  <member type="way" ref="119875332" role=""/>
  <member type="way" ref="119875295" role=""/>
  <member type="way" ref="710482454" role=""/>
  <member type="way" ref="544509193" role=""/>
  <member type="way" ref="1036709687" role=""/>
  <member type="way" ref="544509195" role=""/>
  <member type="way" ref="544509194" role=""/>
  <member type="way" ref="114040847" role=""/>
  <member type="way" ref="114040970" role=""/>
  <member type="way" ref="1036709670" role=""/>
  <member type="way" ref="434742622" role=""/>
  <member type="way" ref="1036709668" role=""/>
  <member type="way" ref="1036709669" role=""/>
  <member type="way" ref="704734761" role=""/>
  <member type="way" ref="114040299" role=""/>
  <member type="way" ref="114041125" role=""/>
  <member type="way" ref="114040449" role=""/>
  <member type="way" ref="114041267" role=""/>
  <member type="way" ref="114041034" role=""/>
  <member type="way" ref="42476347" role=""/>
  <member type="way" ref="413732108" role=""/>
  <member type="way" ref="413732109" role=""/>
  <member type="way" ref="42476368" role=""/>
  <member type="way" ref="42476369" role=""/>
  <member type="way" ref="568591089" role=""/>
  <member type="way" ref="710477714" role=""/>
  <member type="way" ref="710477713" role=""/>
  <member type="way" ref="544735763" role=""/>
  <member type="way" ref="544735764" role=""/>
  <member type="way" ref="544735765" role=""/>
  <member type="way" ref="42476366" role=""/>
  <member type="way" ref="568591123" role=""/>
  <member type="way" ref="544735768" role=""/>
  <member type="way" ref="544735767" role=""/>
  <member type="way" ref="544735758" role=""/>
  <member type="way" ref="710459517" role=""/>
  <member type="way" ref="114040401" role=""/>
  <member type="way" ref="114041191" role=""/>
  <member type="way" ref="702008675" role=""/>
  <member type="way" ref="114040351" role=""/>
  <member type="way" ref="544735762" role=""/>
  <member type="way" ref="114056460" role=""/>
  <member type="way" ref="114057397" role=""/>
  <member type="way" ref="114056321" role=""/>
  <member type="way" ref="114057881" role=""/>
  <member type="way" ref="114057811" role=""/>
  <member type="way" ref="114056744" role=""/>
  <member type="way" ref="114057169" role=""/>
  <member type="way" ref="114056169" role=""/>
  <member type="way" ref="1430138808" role=""/>
  <member type="way" ref="114055935" role=""/>
  <member type="way" ref="114058420" role=""/>
  <member type="way" ref="79534125" role=""/>
  <member type="way" ref="1036709684" role=""/>
  <member type="way" ref="316339820" role=""/>
  <member type="way" ref="316339812" role=""/>
  <member type="way" ref="316339817" role=""/>
  <member type="way" ref="114056144" role=""/>
  <member type="way" ref="1036709680" role=""/>
  <member type="way" ref="114058392" role=""/>
  <member type="way" ref="1036709679" role=""/>
  <member type="way" ref="421310968" role=""/>
  <member type="way" ref="1430138807" role=""/>
  <member type="way" ref="114055661" role=""/>
  <member type="way" ref="114058659" role=""/>
  <member type="way" ref="114058518" role=""/>
  <member type="way" ref="402834033" role=""/>
  <member type="way" ref="114056495" role=""/>
  <member type="way" ref="604148052" role=""/>
  <member type="way" ref="1036709675" role=""/>
  <member type="way" ref="1036709674" role=""/>
  <member type="way" ref="1036709676" role=""/>
  <member type="way" ref="1036709675" role=""/>
  <member type="way" ref="604148052" role=""/>
  <member type="way" ref="604148053" role=""/>
  <member type="way" ref="402834035" role=""/>
  <member type="way" ref="114056368" role=""/>
  <member type="way" ref="114058206" role=""/>
  <member type="way" ref="114056326" role=""/>
  <member type="way" ref="114056166" role=""/>
  <member type="way" ref="79534148" role=""/>
  <member type="way" ref="316339802" role=""/>
  <member type="way" ref="316339803" role=""/>
  <member type="way" ref="316339838" role=""/>
  <member type="way" ref="1036709673" role=""/>
  <member type="way" ref="114056730" role=""/>
  <member type="way" ref="1036709672" role=""/>
  <tag k="duration" v="01:27:00"/>
  <tag k="from" v="山口駅"/>
  <tag k="gtfs:route_id" v="2229846746"/>
  <tag k="gtfs:shape_id" v="40001270"/>
  <tag k="name" v="Bus: 山口駅→東萩駅前"/>
  <tag k="network" v="防長線"/>
  <tag k="opening_hours" v="Mo-Fr 06:40-21:17; Sa-Su 10:45-21:17"/>
  <tag k="operator" v="中国ジェイアールバス"/>
  <tag k="operator:en" v="Chugoku JR Bus"/>
  <tag k="public_transport:version" v="2"/>
  <tag k="route" v="bus"/>
  <tag k="to" v="東萩駅前"/>
  <tag k="type" v="route"/>
 </relation>
 <relation id="13884435" visible="true" version="1" changeset="118041702" timestamp="2022-03-03T05:33:13Z" user="okadatsuneo_import" uid="12352917">
  <member type="relation" ref="13884434" role=""/>
  <member type="relation" ref="13884433" role=""/>
  <tag k="name" v="Bus 山口駅&lt;-&gt;東萩駅前"/>
  <tag k="network" v="防長線"/>
  <tag k="operator" v="中国ジェイアールバス"/>
  <tag k="operator:en" v="Chugoku JR Bus"/>
  <tag k="route_master" v="bus"/>
  <tag k="type" v="route_master"/>
 </relation>
 <relation id="13884436" visible="true" version="2" changeset="134842526" timestamp="2023-04-13T03:15:44Z" user="okadatsuneo_import" uid="12352917">
  <member type="relation" ref="13884431" role=""/>
  <member type="relation" ref="13884432" role=""/>
  <tag k="name" v="Bus 湯田温泉&lt;-&gt;東萩駅前"/>
  <tag k="network" v="防長線"/>
  <tag k="operator" v="中国ジェイアールバス"/>
  <tag k="operator:en" v="Chugoku JR Bus"/>
  <tag k="route_master" v="bus"/>
  <tag k="type" v="route_master"/>
 </relation>
 <relation id="19424246" visible="true" version="2" changeset="188021867" timestamp="2026-08-26T04:45:46Z" user="taketaketake" uid="4757277">
  <member type="way" ref="68875220" role="forward"/>
  <member type="way" ref="68875219" role="forward"/>
  <member type="way" ref="42403311" role="forward"/>
  <member type="way" ref="68875218" role="forward"/>
  <member type="way" ref="68875217" role="forward"/>
  <member type="way" ref="68875222" role="forward"/>
  <member type="way" ref="42403306" role=""/>
  <member type="way" ref="544509184" role=""/>
  <member type="way" ref="544509185" role=""/>
  <member type="way" ref="42476346" role=""/>
  <member type="way" ref="42476343" role=""/>
  <member type="way" ref="42476344" role=""/>
  <member type="way" ref="42476342" role=""/>
  <member type="way" ref="544509186" role=""/>
  <member type="way" ref="544509187" role=""/>
  <member type="way" ref="544509188" role=""/>
  <member type="way" ref="544509189" role=""/>
  <member type="way" ref="42476341" role=""/>
  <member type="way" ref="42476352" role=""/>
  <member type="way" ref="42476351" role=""/>
  <member type="way" ref="119875332" role=""/>
  <member type="way" ref="119875295" role=""/>
  <member type="way" ref="710482454" role=""/>
  <member type="way" ref="544509193" role="forward"/>
  <member type="way" ref="1036709687" role="forward"/>
  <member type="way" ref="544509191" role="forward"/>
  <member type="way" ref="1036709688" role=""/>
  <member type="way" ref="544509195" role=""/>
  <member type="way" ref="544509194" role=""/>
  <member type="way" ref="114040847" role=""/>
  <member type="way" ref="114040970" role=""/>
  <member type="way" ref="1036709670" role=""/>
  <member type="way" ref="114040354" role=""/>
  <member type="way" ref="114041320" role=""/>
  <member type="way" ref="544502305" role=""/>
  <member type="way" ref="114040457" role=""/>
  <member type="way" ref="114040928" role=""/>
  <member type="way" ref="1419900070" role=""/>
  <member type="way" ref="114040283" role=""/>
  <member type="way" ref="1419900071" role=""/>
  <member type="way" ref="706257355" role=""/>
  <member type="way" ref="114040450" role=""/>
  <member type="way" ref="1419900072" role=""/>
  <member type="way" ref="114040273" role=""/>
  <member type="way" ref="114040585" role=""/>
  <member type="way" ref="114040531" role=""/>
  <member type="way" ref="114040514" role=""/>
  <member type="way" ref="114040466" role=""/>
  <member type="way" ref="114041646" role=""/>
  <member type="way" ref="114040524" role=""/>
  <member type="way" ref="114040543" role=""/>
  <member type="way" ref="114040871" role=""/>
  <member type="way" ref="114040500" role=""/>
  <member type="way" ref="692512533" role=""/>
  <member type="way" ref="692512534" role=""/>
  <member type="way" ref="114040826" role=""/>
  <member type="way" ref="114041288" role=""/>
  <member type="way" ref="114040754" role=""/>
  <member type="way" ref="114055760" role=""/>
  <member type="way" ref="425616462" role=""/>
  <member type="way" ref="1315002835" role=""/>
  <member type="way" ref="1315002836" role=""/>
  <member type="way" ref="114055733" role=""/>
  <member type="way" ref="1419900074" role=""/>
  <member type="way" ref="1419900073" role=""/>
  <member type="way" ref="1315002834" role=""/>
  <member type="way" ref="114057361" role=""/>
  <member type="way" ref="1315002837" role=""/>
  <member type="way" ref="114057467" role=""/>
  <member type="way" ref="1419900076" role=""/>
  <member type="way" ref="114055989" role=""/>
  <member type="way" ref="1419900078" role=""/>
  <member type="way" ref="1419900077" role=""/>
  <member type="way" ref="114056770" role=""/>
  <member type="way" ref="425410920" role=""/>
  <member type="way" ref="114056309" role=""/>
  <member type="way" ref="1315002838" role=""/>
  <member type="way" ref="114056293" role=""/>
  <member type="way" ref="1315002839" role=""/>
  <member type="way" ref="114057283" role=""/>
  <member type="way" ref="114057861" role=""/>
  <member type="way" ref="114057667" role=""/>
  <member type="way" ref="114056590" role=""/>
  <member type="way" ref="114058169" role=""/>
  <member type="way" ref="114056566" role=""/>
  <member type="way" ref="114056413" role=""/>
  <member type="way" ref="114056095" role=""/>
  <member type="way" ref="1315002841" role=""/>
  <member type="way" ref="114056764" role=""/>
  <member type="way" ref="114056206" role=""/>
  <member type="way" ref="1315002844" role=""/>
  <member type="way" ref="1315002842" role=""/>
  <member type="way" ref="114056080" role=""/>
  <member type="way" ref="1315002846" role=""/>
  <member type="way" ref="114058399" role=""/>
  <member type="way" ref="114058729" role=""/>
  <member type="way" ref="114055918" role=""/>
  <member type="way" ref="114055779" role=""/>
  <member type="way" ref="114057064" role=""/>
  <member type="way" ref="114058006" role=""/>
  <member type="way" ref="685538956" role=""/>
  <member type="way" ref="114057231" role=""/>
  <member type="way" ref="421334051" role=""/>
  <member type="way" ref="114057197" role=""/>
  <member type="way" ref="1315002847" role=""/>
  <member type="way" ref="113331704" role=""/>
  <member type="way" ref="113331141" role=""/>
  <member type="way" ref="113330520" role=""/>
  <member type="way" ref="113330340" role=""/>
  <member type="way" ref="1315002848" role=""/>
  <member type="way" ref="113330373" role=""/>
  <member type="way" ref="113332136" role=""/>
  <member type="way" ref="678305419" role=""/>
  <member type="way" ref="113330832" role=""/>
  <member type="way" ref="113330892" role=""/>
  <member type="way" ref="113331862" role=""/>
  <member type="way" ref="113331550" role=""/>
  <member type="way" ref="113331477" role=""/>
  <member type="way" ref="113331624" role=""/>
  <member type="way" ref="113330403" role=""/>
  <member type="way" ref="113331319" role=""/>
  <member type="way" ref="113331837" role=""/>
  <member type="way" ref="1394453510" role=""/>
  <member type="way" ref="113331349" role=""/>
  <member type="way" ref="113331642" role=""/>
  <member type="way" ref="113331032" role=""/>
  <member type="way" ref="113332293" role=""/>
  <member type="way" ref="113330852" role=""/>
  <member type="way" ref="113332219" role=""/>
  <member type="way" ref="113330543" role=""/>
  <member type="way" ref="113331974" role=""/>
  <member type="way" ref="113330795" role=""/>
  <member type="way" ref="113959658" role=""/>
  <member type="way" ref="1394453509" role=""/>
  <member type="way" ref="678305405" role=""/>
  <member type="way" ref="710587995" role=""/>
  <member type="way" ref="710587996" role=""/>
  <member type="way" ref="710587993" role=""/>
  <member type="way" ref="710587994" role=""/>
  <member type="way" ref="710587990" role=""/>
  <member type="way" ref="710587989" role=""/>
  <member type="way" ref="678305406" role=""/>
  <member type="way" ref="113960055" role=""/>
  <member type="way" ref="113960027" role=""/>
  <member type="way" ref="113963765" role=""/>
  <member type="way" ref="113963965" role=""/>
  <member type="way" ref="113964329" role=""/>
  <member type="way" ref="113964476" role=""/>
  <member type="way" ref="113963817" role=""/>
  <member type="way" ref="113963850" role=""/>
  <member type="way" ref="113331624" role=""/>
  <member type="way" ref="113964369" role=""/>
  <member type="way" ref="113963879" role=""/>
  <tag k="colour" v="Orange"/>
  <tag k="from" v="山口県山口市宮野下"/>
  <tag k="name" v="山口県道10号　山口福栄須佐線"/>
  <tag k="name:en" v="Yamaguchi Prefectural Route 10 Yamaguchi Fukue Susa Line"/>
  <tag k="name:ja" v="山口県道10号　山口福栄須佐線"/>
  <tag k="name:ja-Hira" v="やまぐちけんどう10ごう やまぐちふくえすさせん"/>
  <tag k="name:ja_rm" v="Yamaguchikendō 10-gō Yamaguchi Fukue Susa-sen"/>
  <tag k="network" v="JP:prefectural"/>
  <tag k="ref" v="10"/>
  <tag k="route" v="road"/>
  <tag k="to" v="山口県萩市大字須佐"/>
  <tag k="type" v="route"/>
  <tag k="wikidata" v="Q11467127"/>
  <tag k="wikipedia" v="ja:山口県道10号山口福栄須佐線"/>
 </relation>
</osm>
