<?xml version="1.0" encoding="UTF-8"?>
<osm version="0.6" generator="openstreetmap-cgimap 2.1.0 (2942780 spike-08.openstreetmap.org)" copyright="OpenStreetMap and contributors" attribution="http://www.openstreetmap.org/copyright" license="http://opendatacommons.org/licenses/odbl/1-0/">
 <bounds minlat="34.1729621" minlon="131.4774836" maxlat="34.1753621" maxlon="131.4804836"/>
 <node id="1345449322" visible="true" version="4" changeset="56403979" timestamp="2018-02-16T06:09:26Z" user="mklyr" uid="614924" lat="34.1749822" lon="131.4791248"/>
 <node id="1345449342" visible="true" version="4" changeset="56407542" timestamp="2018-02-16T09:18:49Z" user="mklyr" uid="614924" lat="34.1751455" lon="131.4817976"/>
 <node id="1345449393" visible="true" version="4" changeset="33496597" timestamp="2015-08-21T23:36:25Z" user="higa4" uid="162590" lat="34.1743401" lon="131.4814449"/>
 <node id="1345449412" visible="true" version="4" changeset="56407542" timestamp="2018-02-16T09:18:49Z" user="mklyr" uid="614924" lat="34.1777174" lon="131.4818123"/>
 <node id="1345449523" visible="true" version="2" changeset="33521817" timestamp="2015-08-23T10:40:50Z" user="higa4" uid="162590" lat="34.1739395" lon="131.4771810"/>
 <node id="1345449689" visible="true" version="4" changeset="56403979" timestamp="2018-02-16T06:09:27Z" user="mklyr" uid="614924" lat="34.1744497" lon="131.4805369"/>
 <node id="1345449780" visible="true" version="3" changeset="56403979" timestamp="2018-02-16T06:09:27Z" user="mklyr" uid="614924" lat="34.1770404" lon="131.4759424"/>
 <node id="1345449833" visible="true" version="3" changeset="33496697" timestamp="2015-08-21T23:51:07Z" user="higa4" uid="162590" lat="34.1753547" lon="131.4796552"/>
 <node id="1345449851" visible="true" version="4" changeset="56407542" timestamp="2018-02-16T09:18:49Z" user="mklyr" uid="614924" lat="34.1770772" lon="131.4817748"/>
 <node id="1345449894" visible="true" version="6" changeset="56403979" timestamp="2018-02-16T06:09:27Z" user="mklyr" uid="614924" lat="34.1723423" lon="131.4777783"/>
 <node id="1345449899" visible="true" version="4" changeset="33497260" timestamp="2015-08-22T01:28:22Z" user="higa4" uid="162590" lat="34.1758136" lon="131.4774447"/>
 <node id="1345449905" visible="true" version="3" changeset="33496597" timestamp="2015-08-21T23:36:26Z" user="higa4" uid="162590" lat="34.1788136" lon="131.4822750"/>
 <node id="1345449915" visible="true" version="8" changeset="56403979" timestamp="2018-02-16T06:09:27Z" user="mklyr" uid="614924" lat="34.1764150" lon="131.4768698">
  <tag k="highway" v="traffic_signals"/>
 </node>
 <node id="1345449937" visible="true" version="4" changeset="33496545" timestamp="2015-08-21T23:30:00Z" user="higa4" uid="162590" lat="34.1721504" lon="131.4794882"/>
 <node id="1345449983" visible="true" version="3" changeset="56403979" timestamp="2018-02-16T06:09:27Z" user="mklyr" uid="614924" lat="34.1746962" lon="131.4810534"/>
 <node id="1345450005" visible="true" version="8" changeset="56403979" timestamp="2018-02-16T06:09:27Z" user="mklyr" uid="614924" lat="34.1729847" lon="131.4802486">
  <tag k="highway" v="traffic_signals"/>
 </node>
 <node id="1345450429" visible="true" version="5" changeset="56403979" timestamp="2018-02-16T06:09:28Z" user="mklyr" uid="614924" lat="34.1748049" lon="131.4817654"/>
 <node id="1345450451" visible="true" version="1" changeset="8595532" timestamp="2011-07-01T02:52:43Z" user="yamasan" uid="32308" lat="34.1733510" lon="131.4805680"/>
 <node id="1345450501" visible="true" version="7" changeset="56403979" timestamp="2018-02-16T06:09:28Z" user="mklyr" uid="614924" lat="34.1746287" lon="131.4785873"/>
 <node id="1345450524" visible="true" version="4" changeset="56403979" timestamp="2018-02-16T06:09:28Z" user="mklyr" uid="614924" lat="34.1740291" lon="131.4799978"/>
 <node id="1345450741" visible="true" version="6" changeset="60364286" timestamp="2018-07-03T04:35:26Z" user="hibagonsan" uid="5939709" lat="34.1774144" lon="131.4754363">
  <tag k="highway" v="traffic_signals"/>
  <tag k="name" v="早間田"/>
 </node>
 <node id="1345450793" visible="true" version="3" changeset="56407542" timestamp="2018-02-16T09:18:50Z" user="mklyr" uid="614924" lat="34.1742075" lon="131.4768095"/>
 <node id="1345450799" visible="true" version="4" changeset="56407542" timestamp="2018-02-16T09:18:50Z" user="mklyr" uid="614924" lat="34.1780314" lon="131.4819318"/>
 <node id="1345450863" visible="true" version="4" changeset="56403979" timestamp="2018-02-16T06:09:28Z" user="mklyr" uid="614924" lat="34.1756132" lon="131.4799677"/>
 <node id="1345450923" visible="true" version="6" changeset="56403979" timestamp="2018-02-16T06:09:28Z" user="mklyr" uid="614924" lat="34.1769555" lon="131.4760733"/>
 <node id="1345450967" visible="true" version="6" changeset="56403979" timestamp="2018-02-16T06:09:28Z" user="mklyr" uid="614924" lat="34.1736680" lon="131.4795124"/>
 <node id="1345451226" visible="true" version="7" changeset="56403979" timestamp="2018-02-16T06:09:28Z" user="mklyr" uid="614924" lat="34.1748417" lon="131.4783728"/>
 <node id="1345451318" visible="true" version="3" changeset="33496597" timestamp="2015-08-21T23:36:25Z" user="higa4" uid="162590" lat="34.1759311" lon="131.4817842"/>
 <node id="1345451364" visible="true" version="5" changeset="33497260" timestamp="2015-08-22T01:28:22Z" user="higa4" uid="162590" lat="34.1757182" lon="131.4775399"/>
 <node id="1345451444" visible="true" version="7" changeset="56403979" timestamp="2018-02-16T06:09:28Z" user="mklyr" uid="614924" lat="34.1751224" lon="131.4781032"/>
 <node id="1345451465" visible="true" version="4" changeset="56403979" timestamp="2018-02-16T06:09:28Z" user="mklyr" uid="614924" lat="34.1740172" lon="131.4811726"/>
 <node id="1423655476" visible="true" version="3" changeset="115977341" timestamp="2022-01-10T11:21:17Z" user="higa4" uid="162590" lat="34.1732889" lon="131.4783164">
  <tag k="amenity" v="public_building"/>
  <tag k="name" v="山口地方検察庁"/>
  <tag k="note" v="National-Land Numerical Information (Public Facility) 2006, MLIT Japan"/>
  <tag k="note:ja" v="国土数値情報（公共施設データ）平成19年　国土交通省"/>
  <tag k="source" v="KSJ2"/>
  <tag k="source_ref" v="http://nlftp.mlit.go.jp/ksj/jpgis/datalist/KsjTmplt-P02-v2_0.html"/>
  <tag k="wikidata" v="Q11466725"/>
  <tag k="wikipedia" v="ja:山口地方検察庁"/>
 </node>
 <node id="1423655489" visible="true" version="2" changeset="33497334" timestamp="2015-08-22T01:44:38Z" user="higa4" uid="162590" lat="34.1731668" lon="131.4784546">
  <tag k="amenity" v="public_building"/>
  <tag k="name" v="山口地方検察庁 山口区検察庁"/>
  <tag k="note" v="National-Land Numerical Information (Public Facility) 2006, MLIT Japan"/>
  <tag k="note:ja" v="国土数値情報（公共施設データ）平成19年　国土交通省"/>
  <tag k="source" v="KSJ2"/>
  <tag k="source_ref" v="http://nlftp.mlit.go.jp/ksj/jpgis/datalist/KsjTmplt-P02-v2_0.html"/>
 </node>
 <node id="1423655529" visible="true" version="1" changeset="9214254" timestamp="2011-09-05T04:43:21Z" user="watao" uid="393606" lat="34.1736650" lon="131.4789560">
  <tag k="amenity" v="courthouse"/>
  <tag k="KSJ2:AdminArea" v="山口県山口市"/>
  <tag k="KSJ2:ADS" v="駅通り1-6-1"/>
  <tag k="KSJ2:PubFacAdmin" v="国"/>
  <tag k="name" v="山口地方裁判所"/>
  <tag k="note" v="National-Land Numerical Information (Public Facility) 2006, MLIT Japan"/>
  <tag k="note:ja" v="国土数値情報（公共施設データ）平成19年　国土交通省"/>
  <tag k="source" v="KSJ2"/>
  <tag k="source_ref" v="http://nlftp.mlit.go.jp/ksj/jpgis/datalist/KsjTmplt-P02-v2_0.html"/>
 </node>
 <node id="1423655568" visible="true" version="1" changeset="9214254" timestamp="2011-09-05T04:43:23Z" user="watao" uid="393606" lat="34.1736650" lon="131.4789560">
  <tag k="amenity" v="courthouse"/>
  <tag k="KSJ2:AdminArea" v="山口県山口市"/>
  <tag k="KSJ2:ADS" v="駅通り1-6-1"/>
  <tag k="KSJ2:PubFacAdmin" v="国"/>
  <tag k="name" v="山口地方裁判所山口検察審査会"/>
  <tag k="note" v="National-Land Numerical Information (Public Facility) 2006, MLIT Japan"/>
  <tag k="note:ja" v="国土数値情報（公共施設データ）平成19年　国土交通省"/>
  <tag k="source" v="KSJ2"/>
  <tag k="source_ref" v="http://nlftp.mlit.go.jp/ksj/jpgis/datalist/KsjTmplt-P02-v2_0.html"/>
 </node>
 <node id="1423655570" visible="true" version="1" changeset="9214254" timestamp="2011-09-05T04:43:23Z" user="watao" uid="393606" lat="34.1736650" lon="131.4789560">
  <tag k="amenity" v="courthouse"/>
  <tag k="KSJ2:AdminArea" v="山口県山口市"/>
  <tag k="KSJ2:ADS" v="駅通り1-6-1"/>
  <tag k="KSJ2:PubFacAdmin" v="国"/>
  <tag k="name" v="山口地方裁判所山口簡易裁判所"/>
  <tag k="note" v="National-Land Numerical Information (Public Facility) 2006, MLIT Japan"/>
  <tag k="note:ja" v="国土数値情報（公共施設データ）平成19年　国土交通省"/>
  <tag k="source" v="KSJ2"/>
  <tag k="source_ref" v="http://nlftp.mlit.go.jp/ksj/jpgis/datalist/KsjTmplt-P02-v2_0.html"/>
 </node>
 <node id="1423655615" visible="true" version="1" changeset="9214254" timestamp="2011-09-05T04:43:27Z" user="watao" uid="393606" lat="34.1736650" lon="131.4789560">
  <tag k="amenity" v="courthouse"/>
  <tag k="KSJ2:AdminArea" v="山口県山口市"/>
  <tag k="KSJ2:ADS" v="駅通り1-6-1"/>
  <tag k="KSJ2:PubFacAdmin" v="国"/>
  <tag k="name" v="山口家庭裁判所"/>
  <tag k="note" v="National-Land Numerical Information (Public Facility) 2006, MLIT Japan"/>
  <tag k="note:ja" v="国土数値情報（公共施設データ）平成19年　国土交通省"/>
  <tag k="source" v="KSJ2"/>
  <tag k="source_ref" v="http://nlftp.mlit.go.jp/ksj/jpgis/datalist/KsjTmplt-P02-v2_0.html"/>
 </node>
 <node id="1423660624" visible="true" version="3" changeset="33497319" timestamp="2015-08-22T01:42:03Z" user="higa4" uid="162590" lat="34.1739335" lon="131.4795315">
  <tag k="amenity" v="public_building"/>
  <tag k="name" v="緑資源機構中国四国整備局 山口水源林整備事務所"/>
  <tag k="note" v="National-Land Numerical Information (Public Facility) 2006, MLIT Japan"/>
  <tag k="note:ja" v="国土数値情報（公共施設データ）平成19年　国土交通省"/>
  <tag k="source" v="KSJ2"/>
  <tag k="source_ref" v="http://nlftp.mlit.go.jp/ksj/jpgis/datalist/KsjTmplt-P02-v2_0.html"/>
 </node>
 <node id="1713906943" visible="true" version="4" changeset="115172417" timestamp="2021-12-20T15:58:02Z" user="AYAGE" uid="521665" lat="34.1789656" lon="131.4823447"/>
 <node id="1713906952" visible="true" version="6" changeset="56403979" timestamp="2018-02-16T06:09:29Z" user="mklyr" uid="614924" lat="34.1733407" lon="131.4798249"/>
 <node id="2214862923" visible="true" version="3" changeset="56407542" timestamp="2018-02-16T09:18:50Z" user="mklyr" uid="614924" lat="34.1746407" lon="131.4816917"/>
 <node id="2214862926" visible="true" version="3" changeset="56407542" timestamp="2018-02-16T09:18:50Z" user="mklyr" uid="614924" lat="34.1750335" lon="131.4817949"/>
 <node id="3318350000" visible="true" version="5" changeset="167486642" timestamp="2025-06-11T11:22:27Z" user="AlexM51" uid="174705" lat="34.1773134" lon="131.4755610">
  <tag k="highway" v="crossing"/>
 </node>
 <node id="3708709032" visible="true" version="2" changeset="56403979" timestamp="2018-02-16T06:09:29Z" user="mklyr" uid="614924" lat="34.1744399" lon="131.4813108"/>
 <node id="3708712242" visible="true" version="1" changeset="33496672" timestamp="2015-08-21T23:46:33Z" user="higa4" uid="162590" lat="34.1736330" lon="131.4802069"/>
 <node id="3708712243" visible="true" version="1" changeset="33496672" timestamp="2015-08-21T23:46:33Z" user="higa4" uid="162590" lat="34.1735279" lon="131.4800661"/>
 <node id="3708712244" visible="true" version="1" changeset="33496672" timestamp="2015-08-21T23:46:33Z" user="higa4" uid="162590" lat="34.1733211" lon="131.4803011"/>
 <node id="3708712245" visible="true" version="1" changeset="33496672" timestamp="2015-08-21T23:46:33Z" user="higa4" uid="162590" lat="34.1734286" lon="131.4804392"/>
 <node id="3708712246" visible="true" version="1" changeset="33496672" timestamp="2015-08-21T23:46:33Z" user="higa4" uid="162590" lat="34.1735938" lon="131.4800850"/>
 <node id="3708712247" visible="true" version="1" changeset="33496672" timestamp="2015-08-21T23:46:33Z" user="higa4" uid="162590" lat="34.1735606" lon="131.4800424"/>
 <node id="3708712248" visible="true" version="1" changeset="33496672" timestamp="2015-08-21T23:46:33Z" user="higa4" uid="162590" lat="34.1735643" lon="131.4801185"/>
 <node id="3708712249" visible="true" version="1" changeset="33496672" timestamp="2015-08-21T23:46:33Z" user="higa4" uid="162590" lat="34.1735334" lon="131.4800733"/>
 <node id="3708718668" visible="true" version="1" changeset="33496681" timestamp="2015-08-21T23:48:31Z" user="higa4" uid="162590" lat="34.1733033" lon="131.4802720"/>
 <node id="3708718669" visible="true" version="1" changeset="33496681" timestamp="2015-08-21T23:48:31Z" user="higa4" uid="162590" lat="34.1732022" lon="131.4801561"/>
 <node id="3708718670" visible="true" version="1" changeset="33496681" timestamp="2015-08-21T23:48:31Z" user="higa4" uid="162590" lat="34.1731834" lon="131.4801829"/>
 <node id="3708718671" visible="true" version="1" changeset="33496681" timestamp="2015-08-21T23:48:31Z" user="higa4" uid="162590" lat="34.1732627" lon="131.4803257"/>
 <node id="3708718672" visible="true" version="1" changeset="33496681" timestamp="2015-08-21T23:48:31Z" user="higa4" uid="162590" lat="34.1731828" lon="131.4802526"/>
 <node id="3708718673" visible="true" version="1" changeset="33496681" timestamp="2015-08-21T23:48:31Z" user="higa4" uid="162590" lat="34.1735617" lon="131.4800153"/>
 <node id="3708718674" visible="true" version="1" changeset="33496681" timestamp="2015-08-21T23:48:31Z" user="higa4" uid="162590" lat="34.1734528" lon="131.4798632"/>
 <node id="3708718675" visible="true" version="1" changeset="33496681" timestamp="2015-08-21T23:48:31Z" user="higa4" uid="162590" lat="34.1732067" lon="131.4801246"/>
 <node id="3708718676" visible="true" version="1" changeset="33496681" timestamp="2015-08-21T23:48:31Z" user="higa4" uid="162590" lat="34.1735312" lon="131.4800468"/>
 <node id="3708718677" visible="true" version="1" changeset="33496681" timestamp="2015-08-21T23:48:31Z" user="higa4" uid="162590" lat="34.1735112" lon="131.4800179"/>
 <node id="3708718678" visible="true" version="1" changeset="33496681" timestamp="2015-08-21T23:48:31Z" user="higa4" uid="162590" lat="34.1733026" lon="131.4802533"/>
 <node id="3708718679" visible="true" version="1" changeset="33496681" timestamp="2015-08-21T23:48:31Z" user="higa4" uid="162590" lat="34.1733720" lon="131.4801722"/>
 <node id="3708718680" visible="true" version="1" changeset="33496681" timestamp="2015-08-21T23:48:31Z" user="higa4" uid="162590" lat="34.1733453" lon="131.4802077"/>
 <node id="3708718681" visible="true" version="1" changeset="33496681" timestamp="2015-08-21T23:48:31Z" user="higa4" uid="162590" lat="34.1733836" lon="131.4801910"/>
 <node id="3708718682" visible="true" version="1" changeset="33496681" timestamp="2015-08-21T23:48:31Z" user="higa4" uid="162590" lat="34.1733542" lon="131.4802211"/>
 <node id="3708718683" visible="true" version="2" changeset="79369053" timestamp="2020-01-09T08:25:32Z" user="hibagonsan" uid="5939709" lat="34.1736285" lon="131.4804572"/>
 <node id="3708718684" visible="true" version="2" changeset="79369053" timestamp="2020-01-09T08:25:32Z" user="hibagonsan" uid="5939709" lat="34.1735861" lon="131.4803046"/>
 <node id="3708718685" visible="true" version="2" changeset="79369053" timestamp="2020-01-09T08:25:32Z" user="hibagonsan" uid="5939709" lat="34.1734266" lon="131.4804839"/>
 <node id="3708718686" visible="true" version="2" changeset="79369053" timestamp="2020-01-09T08:25:32Z" user="hibagonsan" uid="5939709" lat="34.1735093" lon="131.4805913"/>
 <node id="3708718687" visible="true" version="1" changeset="33496681" timestamp="2015-08-21T23:48:31Z" user="higa4" uid="162590" lat="34.1737706" lon="131.4805188"/>
 <node id="3708718688" visible="true" version="1" changeset="33496681" timestamp="2015-08-21T23:48:31Z" user="higa4" uid="162590" lat="34.1737286" lon="131.4804629"/>
 <node id="3708718689" visible="true" version="1" changeset="33496681" timestamp="2015-08-21T23:48:31Z" user="higa4" uid="162590" lat="34.1735856" lon="131.4806201"/>
 <node id="3708718690" visible="true" version="1" changeset="33496681" timestamp="2015-08-21T23:48:31Z" user="higa4" uid="162590" lat="34.1736277" lon="131.4806759"/>
 <node id="3708719248" visible="true" version="2" changeset="56403979" timestamp="2018-02-16T06:09:29Z" user="mklyr" uid="614924" lat="34.1749478" lon="131.4800260"/>
 <node id="3708719249" visible="true" version="2" changeset="56403979" timestamp="2018-02-16T06:09:29Z" user="mklyr" uid="614924" lat="34.1752164" lon="131.4804245"/>
 <node id="3708733515" visible="true" version="2" changeset="56413413" timestamp="2018-02-16T13:06:39Z" user="mklyr" uid="614924" lat="34.1741848" lon="131.4802921"/>
 <node id="3708733516" visible="true" version="2" changeset="56413413" timestamp="2018-02-16T13:06:39Z" user="mklyr" uid="614924" lat="34.1740339" lon="131.4801031"/>
 <node id="3708733517" visible="true" version="2" changeset="56413413" timestamp="2018-02-16T13:06:39Z" user="mklyr" uid="614924" lat="34.1738563" lon="131.4803069"/>
 <node id="3708733518" visible="true" version="2" changeset="56413413" timestamp="2018-02-16T13:06:39Z" user="mklyr" uid="614924" lat="34.1739217" lon="131.4805792"/>
 <node id="3708733519" visible="true" version="2" changeset="56413413" timestamp="2018-02-16T13:06:39Z" user="mklyr" uid="614924" lat="34.1738286" lon="131.4805980"/>
 <node id="3708733520" visible="true" version="2" changeset="56413413" timestamp="2018-02-16T13:06:39Z" user="mklyr" uid="614924" lat="34.1738873" lon="131.4805322"/>
 <node id="3708733522" visible="true" version="2" changeset="56413413" timestamp="2018-02-16T13:06:39Z" user="mklyr" uid="614924" lat="34.1736421" lon="131.4800374"/>
 <node id="3708745249" visible="true" version="2" changeset="56413413" timestamp="2018-02-16T13:06:39Z" user="mklyr" uid="614924" lat="34.1742179" lon="131.4803764"/>
 <node id="3708745250" visible="true" version="2" changeset="56413413" timestamp="2018-02-16T13:06:39Z" user="mklyr" uid="614924" lat="34.1741726" lon="131.4803163"/>
 <node id="3708745251" visible="true" version="2" changeset="56413413" timestamp="2018-02-16T13:06:39Z" user="mklyr" uid="614924" lat="34.1739309" lon="131.4805825"/>
 <node id="3708745252" visible="true" version="2" changeset="56413413" timestamp="2018-02-16T13:06:39Z" user="mklyr" uid="614924" lat="34.1739762" lon="131.4806426"/>
 <node id="3708745263" visible="true" version="1" changeset="33497040" timestamp="2015-08-22T00:48:06Z" user="higa4" uid="162590" lat="34.1743730" lon="131.4805203"/>
 <node id="3708745264" visible="true" version="1" changeset="33497040" timestamp="2015-08-22T00:48:06Z" user="higa4" uid="162590" lat="34.1742770" lon="131.4804165"/>
 <node id="3708745265" visible="true" version="1" changeset="33497040" timestamp="2015-08-22T00:48:06Z" user="higa4" uid="162590" lat="34.1741719" lon="131.4805203"/>
 <node id="3708745266" visible="true" version="1" changeset="33497040" timestamp="2015-08-22T00:48:06Z" user="higa4" uid="162590" lat="34.1742525" lon="131.4806394"/>
 <node id="3708745267" visible="true" version="1" changeset="33497040" timestamp="2015-08-22T00:48:06Z" user="higa4" uid="162590" lat="34.1743396" lon="131.4805090"/>
 <node id="3708745268" visible="true" version="1" changeset="33497040" timestamp="2015-08-22T00:48:06Z" user="higa4" uid="162590" lat="34.1743551" lon="131.4804937"/>
 <node id="3708759204" visible="true" version="1" changeset="33497246" timestamp="2015-08-22T01:25:56Z" user="higa4" uid="162590" lat="34.1740847" lon="131.4795136"/>
 <node id="3708759205" visible="true" version="1" changeset="33497246" timestamp="2015-08-22T01:25:56Z" user="higa4" uid="162590" lat="34.1739788" lon="131.4793524"/>
 <node id="3708759206" visible="true" version="1" changeset="33497246" timestamp="2015-08-22T01:25:56Z" user="higa4" uid="162590" lat="34.1737844" lon="131.4795390"/>
 <node id="3708759207" visible="true" version="1" changeset="33497246" timestamp="2015-08-22T01:25:56Z" user="higa4" uid="162590" lat="34.1738903" lon="131.4797002"/>
 <node id="3708759208" visible="true" version="2" changeset="56413413" timestamp="2018-02-16T13:06:39Z" user="mklyr" uid="614924" lat="34.1741130" lon="131.4797209"/>
 <node id="3708759209" visible="true" version="2" changeset="56413413" timestamp="2018-02-16T13:06:39Z" user="mklyr" uid="614924" lat="34.1739987" lon="131.4798333"/>
 <node id="3708759210" visible="true" version="2" changeset="56413413" timestamp="2018-02-16T13:06:39Z" user="mklyr" uid="614924" lat="34.1741746" lon="131.4798126"/>
 <node id="3708759211" visible="true" version="2" changeset="56413413" timestamp="2018-02-16T13:06:39Z" user="mklyr" uid="614924" lat="34.1741456" lon="131.4797694"/>
 <node id="3708759212" visible="true" version="2" changeset="56413413" timestamp="2018-02-16T13:06:39Z" user="mklyr" uid="614924" lat="34.1740313" lon="131.4798817"/>
 <node id="3708759213" visible="true" version="2" changeset="56413413" timestamp="2018-02-16T13:06:39Z" user="mklyr" uid="614924" lat="34.1740625" lon="131.4799251"/>
 <node id="3708759214" visible="true" version="2" changeset="56413413" timestamp="2018-02-16T13:06:39Z" user="mklyr" uid="614924" lat="34.1740142" lon="131.4798026"/>
 <node id="3708759215" visible="true" version="2" changeset="56413413" timestamp="2018-02-16T13:06:39Z" user="mklyr" uid="614924" lat="34.1739584" lon="131.4797200"/>
 <node id="3708759216" visible="true" version="2" changeset="56413413" timestamp="2018-02-16T13:06:39Z" user="mklyr" uid="614924" lat="34.1739215" lon="131.4797564"/>
 <node id="3708759217" visible="true" version="2" changeset="56413413" timestamp="2018-02-16T13:06:39Z" user="mklyr" uid="614924" lat="34.1739773" lon="131.4798390"/>
 <node id="3708759218" visible="true" version="1" changeset="33497246" timestamp="2015-08-22T01:25:56Z" user="higa4" uid="162590" lat="34.1740855" lon="131.4793441"/>
 <node id="3708759219" visible="true" version="1" changeset="33497246" timestamp="2015-08-22T01:25:56Z" user="higa4" uid="162590" lat="34.1740421" lon="131.4792780"/>
 <node id="3708759220" visible="true" version="1" changeset="33497246" timestamp="2015-08-22T01:25:56Z" user="higa4" uid="162590" lat="34.1739942" lon="131.4793240"/>
 <node id="3708759221" visible="true" version="1" changeset="33497246" timestamp="2015-08-22T01:25:56Z" user="higa4" uid="162590" lat="34.1740377" lon="131.4793901"/>
 <node id="3708759222" visible="true" version="1" changeset="33497246" timestamp="2015-08-22T01:25:56Z" user="higa4" uid="162590" lat="34.1741728" lon="131.4794886"/>
 <node id="3708759223" visible="true" version="1" changeset="33497246" timestamp="2015-08-22T01:25:56Z" user="higa4" uid="162590" lat="34.1740869" lon="131.4793489"/>
 <node id="3708759224" visible="true" version="1" changeset="33497246" timestamp="2015-08-22T01:25:56Z" user="higa4" uid="162590" lat="34.1740380" lon="131.4793929"/>
 <node id="3708759925" visible="true" version="1" changeset="33497246" timestamp="2015-08-22T01:25:56Z" user="higa4" uid="162590" lat="34.1741240" lon="131.4795326"/>
 <node id="3708759926" visible="true" version="1" changeset="33497246" timestamp="2015-08-22T01:25:56Z" user="higa4" uid="162590" lat="34.1741591" lon="131.4793184"/>
 <node id="3708759927" visible="true" version="1" changeset="33497246" timestamp="2015-08-22T01:25:56Z" user="higa4" uid="162590" lat="34.1741053" lon="131.4792354"/>
 <node id="3708759928" visible="true" version="1" changeset="33497246" timestamp="2015-08-22T01:25:56Z" user="higa4" uid="162590" lat="34.1740625" lon="131.4792759"/>
 <node id="3708759929" visible="true" version="1" changeset="33497246" timestamp="2015-08-22T01:25:56Z" user="higa4" uid="162590" lat="34.1741447" lon="131.4794029"/>
 <node id="3708759930" visible="true" version="1" changeset="33497246" timestamp="2015-08-22T01:25:56Z" user="higa4" uid="162590" lat="34.1742343" lon="131.4793182"/>
 <node id="3708759931" visible="true" version="1" changeset="33497246" timestamp="2015-08-22T01:25:56Z" user="higa4" uid="162590" lat="34.1742058" lon="131.4792742"/>
 <node id="3708759932" visible="true" version="1" changeset="33497246" timestamp="2015-08-22T01:25:56Z" user="higa4" uid="162590" lat="34.1742069" lon="131.4792485"/>
 <node id="3708759933" visible="true" version="1" changeset="33497246" timestamp="2015-08-22T01:25:56Z" user="higa4" uid="162590" lat="34.1741566" lon="131.4791715"/>
 <node id="3708759934" visible="true" version="1" changeset="33497246" timestamp="2015-08-22T01:25:56Z" user="higa4" uid="162590" lat="34.1741137" lon="131.4792125"/>
 <node id="3708759935" visible="true" version="1" changeset="33497246" timestamp="2015-08-22T01:25:56Z" user="higa4" uid="162590" lat="34.1741639" lon="131.4792895"/>
 <node id="3708759936" visible="true" version="1" changeset="33497246" timestamp="2015-08-22T01:25:56Z" user="higa4" uid="162590" lat="34.1742623" lon="131.4793874"/>
 <node id="3708759937" visible="true" version="1" changeset="33497246" timestamp="2015-08-22T01:25:56Z" user="higa4" uid="162590" lat="34.1742345" lon="131.4793436"/>
 <node id="3708759938" visible="true" version="1" changeset="33497246" timestamp="2015-08-22T01:25:56Z" user="higa4" uid="162590" lat="34.1741580" lon="131.4794147"/>
 <node id="3708759939" visible="true" version="1" changeset="33497246" timestamp="2015-08-22T01:25:56Z" user="higa4" uid="162590" lat="34.1741858" lon="131.4794585"/>
 <node id="3708759940" visible="true" version="1" changeset="33497246" timestamp="2015-08-22T01:25:56Z" user="higa4" uid="162590" lat="34.1743076" lon="131.4794168"/>
 <node id="3708759941" visible="true" version="1" changeset="33497246" timestamp="2015-08-22T01:25:56Z" user="higa4" uid="162590" lat="34.1742741" lon="131.4793963"/>
 <node id="3708759942" visible="true" version="1" changeset="33497246" timestamp="2015-08-22T01:25:56Z" user="higa4" uid="162590" lat="34.1742163" lon="131.4794524"/>
 <node id="3708759943" visible="true" version="1" changeset="33497246" timestamp="2015-08-22T01:25:56Z" user="higa4" uid="162590" lat="34.1742790" lon="131.4795466"/>
 <node id="3708759944" visible="true" version="1" changeset="33497246" timestamp="2015-08-22T01:25:56Z" user="higa4" uid="162590" lat="34.1742868" lon="131.4795390"/>
 <node id="3708759945" visible="true" version="1" changeset="33497246" timestamp="2015-08-22T01:25:56Z" user="higa4" uid="162590" lat="34.1743376" lon="131.4796155"/>
 <node id="3708759946" visible="true" version="1" changeset="33497246" timestamp="2015-08-22T01:25:56Z" user="higa4" uid="162590" lat="34.1742955" lon="131.4794286"/>
 <node id="3708759947" visible="true" version="1" changeset="33497246" timestamp="2015-08-22T01:25:56Z" user="higa4" uid="162590" lat="34.1743939" lon="131.4795465"/>
 <node id="3708759948" visible="true" version="1" changeset="33497246" timestamp="2015-08-22T01:25:56Z" user="higa4" uid="162590" lat="34.1743612" lon="131.4795926"/>
 <node id="3708759949" visible="true" version="1" changeset="33497246" timestamp="2015-08-22T01:25:56Z" user="higa4" uid="162590" lat="34.1743554" lon="131.4795839"/>
 <node id="3708761652" visible="true" version="2" changeset="56413413" timestamp="2018-02-16T13:06:39Z" user="mklyr" uid="614924" lat="34.1746810" lon="131.4796158"/>
 <node id="3708761653" visible="true" version="2" changeset="56413413" timestamp="2018-02-16T13:06:39Z" user="mklyr" uid="614924" lat="34.1746073" lon="131.4795486"/>
 <node id="3708761654" visible="true" version="2" changeset="56413413" timestamp="2018-02-16T13:06:39Z" user="mklyr" uid="614924" lat="34.1745421" lon="131.4796172"/>
 <node id="3708761655" visible="true" version="2" changeset="56413413" timestamp="2018-02-16T13:06:39Z" user="mklyr" uid="614924" lat="34.1747172" lon="131.4798600"/>
 <node id="3708761656" visible="true" version="2" changeset="56413413" timestamp="2018-02-16T13:06:39Z" user="mklyr" uid="614924" lat="34.1747525" lon="131.4797098"/>
 <node id="3708761657" visible="true" version="2" changeset="56413413" timestamp="2018-02-16T13:06:39Z" user="mklyr" uid="614924" lat="34.1749409" lon="131.4795113"/>
 <node id="3708761658" visible="true" version="2" changeset="56413413" timestamp="2018-02-16T13:06:39Z" user="mklyr" uid="614924" lat="34.1748728" lon="131.4794153"/>
 <node id="3708761659" visible="true" version="2" changeset="56413413" timestamp="2018-02-16T13:06:39Z" user="mklyr" uid="614924" lat="34.1747863" lon="131.4795064"/>
 <node id="3708761660" visible="true" version="2" changeset="56413413" timestamp="2018-02-16T13:06:39Z" user="mklyr" uid="614924" lat="34.1747457" lon="131.4795476"/>
 <node id="3708761661" visible="true" version="2" changeset="56413413" timestamp="2018-02-16T13:06:39Z" user="mklyr" uid="614924" lat="34.1747606" lon="131.4794708"/>
 <node id="3708761662" visible="true" version="2" changeset="56413413" timestamp="2018-02-16T13:06:39Z" user="mklyr" uid="614924" lat="34.1747207" lon="131.4795129"/>
 <node id="3708761663" visible="true" version="2" changeset="56413413" timestamp="2018-02-16T13:06:39Z" user="mklyr" uid="614924" lat="34.1749032" lon="131.4794574"/>
 <node id="3708761664" visible="true" version="2" changeset="56413413" timestamp="2018-02-16T13:06:39Z" user="mklyr" uid="614924" lat="34.1749152" lon="131.4794756"/>
 <node id="3708761665" visible="true" version="2" changeset="56413413" timestamp="2018-02-16T13:06:39Z" user="mklyr" uid="614924" lat="34.1749249" lon="131.4794345"/>
 <node id="3708761666" visible="true" version="2" changeset="56413413" timestamp="2018-02-16T13:06:39Z" user="mklyr" uid="614924" lat="34.1749376" lon="131.4794521"/>
 <node id="3708761667" visible="true" version="2" changeset="56413413" timestamp="2018-02-16T13:06:39Z" user="mklyr" uid="614924" lat="34.1747963" lon="131.4797706"/>
 <node id="3708761668" visible="true" version="2" changeset="56413413" timestamp="2018-02-16T13:06:39Z" user="mklyr" uid="614924" lat="34.1746372" lon="131.4795551"/>
 <node id="3708761669" visible="true" version="2" changeset="56413413" timestamp="2018-02-16T13:06:39Z" user="mklyr" uid="614924" lat="34.1746247" lon="131.4795492"/>
 <node id="3708761670" visible="true" version="2" changeset="56413413" timestamp="2018-02-16T13:06:39Z" user="mklyr" uid="614924" lat="34.1747687" lon="131.4797998"/>
 <node id="3708761672" visible="true" version="2" changeset="56413413" timestamp="2018-02-16T13:06:39Z" user="mklyr" uid="614924" lat="34.1747514" lon="131.4798240"/>
 <node id="3708761673" visible="true" version="2" changeset="56413413" timestamp="2018-02-16T13:06:39Z" user="mklyr" uid="614924" lat="34.1747809" lon="131.4798167"/>
 <node id="3708761677" visible="true" version="2" changeset="56413413" timestamp="2018-02-16T13:06:39Z" user="mklyr" uid="614924" lat="34.1747611" lon="131.4798375"/>
 <node id="3708761678" visible="true" version="2" changeset="56413413" timestamp="2018-02-16T13:06:40Z" user="mklyr" uid="614924" lat="34.1746325" lon="131.4795600"/>
 <node id="3708761679" visible="true" version="2" changeset="56413413" timestamp="2018-02-16T13:06:40Z" user="mklyr" uid="614924" lat="34.1746150" lon="131.4795594"/>
 <node id="3708761680" visible="true" version="1" changeset="33497289" timestamp="2015-08-22T01:33:50Z" user="higa4" uid="162590" lat="34.1751240" lon="131.4793925"/>
 <node id="3708761681" visible="true" version="1" changeset="33497289" timestamp="2015-08-22T01:33:50Z" user="higa4" uid="162590" lat="34.1750022" lon="131.4792140"/>
 <node id="3708761682" visible="true" version="1" changeset="33497289" timestamp="2015-08-22T01:33:50Z" user="higa4" uid="162590" lat="34.1748755" lon="131.4793403"/>
 <node id="3708761683" visible="true" version="1" changeset="33497289" timestamp="2015-08-22T01:33:50Z" user="higa4" uid="162590" lat="34.1749972" lon="131.4795188"/>
 <node id="3708761684" visible="true" version="1" changeset="33497289" timestamp="2015-08-22T01:33:50Z" user="higa4" uid="162590" lat="34.1751829" lon="131.4797788"/>
 <node id="3708761685" visible="true" version="1" changeset="33497289" timestamp="2015-08-22T01:33:50Z" user="higa4" uid="162590" lat="34.1750825" lon="131.4796356"/>
 <node id="3708761686" visible="true" version="1" changeset="33497289" timestamp="2015-08-22T01:33:50Z" user="higa4" uid="162590" lat="34.1749537" lon="131.4797674"/>
 <node id="3708761687" visible="true" version="1" changeset="33497289" timestamp="2015-08-22T01:33:50Z" user="higa4" uid="162590" lat="34.1750542" lon="131.4799107"/>
 <node id="3708763689" visible="true" version="1" changeset="33497334" timestamp="2015-08-22T01:44:37Z" user="higa4" uid="162590" lat="34.1734685" lon="131.4783125"/>
 <node id="3708763690" visible="true" version="1" changeset="33497334" timestamp="2015-08-22T01:44:37Z" user="higa4" uid="162590" lat="34.1733343" lon="131.4781193"/>
 <node id="3708763691" visible="true" version="1" changeset="33497334" timestamp="2015-08-22T01:44:37Z" user="higa4" uid="162590" lat="34.1730039" lon="131.4784545"/>
 <node id="3708763692" visible="true" version="1" changeset="33497334" timestamp="2015-08-22T01:44:37Z" user="higa4" uid="162590" lat="34.1731381" lon="131.4786477"/>
 <node id="3708763693" visible="true" version="1" changeset="33497334" timestamp="2015-08-22T01:44:37Z" user="higa4" uid="162590" lat="34.1730721" lon="131.4785658"/>
 <node id="3708763694" visible="true" version="1" changeset="33497334" timestamp="2015-08-22T01:44:37Z" user="higa4" uid="162590" lat="34.1729959" lon="131.4784561"/>
 <node id="3708763695" visible="true" version="1" changeset="33497334" timestamp="2015-08-22T01:44:37Z" user="higa4" uid="162590" lat="34.1729698" lon="131.4784826"/>
 <node id="3708763696" visible="true" version="1" changeset="33497334" timestamp="2015-08-22T01:44:37Z" user="higa4" uid="162590" lat="34.1730459" lon="131.4785923"/>
 <node id="3708763697" visible="true" version="1" changeset="33497334" timestamp="2015-08-22T01:44:37Z" user="higa4" uid="162590" lat="34.1732744" lon="131.4786906"/>
 <node id="3708763698" visible="true" version="1" changeset="33497334" timestamp="2015-08-22T01:44:37Z" user="higa4" uid="162590" lat="34.1732323" lon="131.4786365"/>
 <node id="3708763699" visible="true" version="1" changeset="33497334" timestamp="2015-08-22T01:44:37Z" user="higa4" uid="162590" lat="34.1731392" lon="131.4787423"/>
 <node id="3708763700" visible="true" version="1" changeset="33497334" timestamp="2015-08-22T01:44:37Z" user="higa4" uid="162590" lat="34.1731813" lon="131.4787964"/>
 <node id="3708763701" visible="true" version="1" changeset="33497334" timestamp="2015-08-22T01:44:37Z" user="higa4" uid="162590" lat="34.1734139" lon="131.4778804"/>
 <node id="3708763702" visible="true" version="1" changeset="33497334" timestamp="2015-08-22T01:44:37Z" user="higa4" uid="162590" lat="34.1733499" lon="131.4777904"/>
 <node id="3708763703" visible="true" version="1" changeset="33497334" timestamp="2015-08-22T01:44:37Z" user="higa4" uid="162590" lat="34.1730740" lon="131.4780770"/>
 <node id="3708763704" visible="true" version="1" changeset="33497334" timestamp="2015-08-22T01:44:37Z" user="higa4" uid="162590" lat="34.1731379" lon="131.4781670"/>
 <node id="3708764049" visible="true" version="1" changeset="33497319" timestamp="2015-08-22T01:42:03Z" user="higa4" uid="162590" lat="34.1740217" lon="131.4786959"/>
 <node id="3708764050" visible="true" version="1" changeset="33497319" timestamp="2015-08-22T01:42:03Z" user="higa4" uid="162590" lat="34.1739009" lon="131.4785099"/>
 <node id="3708764051" visible="true" version="1" changeset="33497319" timestamp="2015-08-22T01:42:03Z" user="higa4" uid="162590" lat="34.1736508" lon="131.4787470"/>
 <node id="3708764052" visible="true" version="1" changeset="33497319" timestamp="2015-08-22T01:42:03Z" user="higa4" uid="162590" lat="34.1739227" lon="131.4787897"/>
 <node id="3708764053" visible="true" version="1" changeset="33497319" timestamp="2015-08-22T01:42:03Z" user="higa4" uid="162590" lat="34.1736191" lon="131.4791600"/>
 <node id="3708764054" visible="true" version="1" changeset="33497319" timestamp="2015-08-22T01:42:03Z" user="higa4" uid="162590" lat="34.1736087" lon="131.4788673"/>
 <node id="3708764055" visible="true" version="1" changeset="33497319" timestamp="2015-08-22T01:42:03Z" user="higa4" uid="162590" lat="34.1733041" lon="131.4786745"/>
 <node id="3708764056" visible="true" version="1" changeset="33497319" timestamp="2015-08-22T01:42:03Z" user="higa4" uid="162590" lat="34.1734152" lon="131.4785691"/>
 <node id="3708764057" visible="true" version="1" changeset="33497319" timestamp="2015-08-22T01:42:03Z" user="higa4" uid="162590" lat="34.1736831" lon="131.4787968"/>
 <node id="3708764058" visible="true" version="1" changeset="33497319" timestamp="2015-08-22T01:42:03Z" user="higa4" uid="162590" lat="34.1739558" lon="131.4788409"/>
 <node id="3708764059" visible="true" version="1" changeset="33497319" timestamp="2015-08-22T01:42:03Z" user="higa4" uid="162590" lat="34.1738860" lon="131.4790140"/>
 <node id="3708764060" visible="true" version="1" changeset="33497319" timestamp="2015-08-22T01:42:03Z" user="higa4" uid="162590" lat="34.1738451" lon="131.4789505"/>
 <node id="3708764061" visible="true" version="1" changeset="33497319" timestamp="2015-08-22T01:42:03Z" user="higa4" uid="162590" lat="34.1737396" lon="131.4790498"/>
 <node id="3708764062" visible="true" version="1" changeset="33497319" timestamp="2015-08-22T01:42:03Z" user="higa4" uid="162590" lat="34.1737805" lon="131.4791134"/>
 <node id="3708764063" visible="true" version="1" changeset="33497319" timestamp="2015-08-22T01:42:03Z" user="higa4" uid="162590" lat="34.1737110" lon="131.4786100"/>
 <node id="3708764064" visible="true" version="1" changeset="33497319" timestamp="2015-08-22T01:42:03Z" user="higa4" uid="162590" lat="34.1735936" lon="131.4784316"/>
 <node id="3708764065" visible="true" version="1" changeset="33497319" timestamp="2015-08-22T01:42:03Z" user="higa4" uid="162590" lat="34.1734428" lon="131.4785766"/>
 <node id="3708764066" visible="true" version="1" changeset="33497319" timestamp="2015-08-22T01:42:03Z" user="higa4" uid="162590" lat="34.1735602" lon="131.4787550"/>
 <node id="3708764067" visible="true" version="1" changeset="33497319" timestamp="2015-08-22T01:42:03Z" user="higa4" uid="162590" lat="34.1737216" lon="131.4785336"/>
 <node id="3708764068" visible="true" version="1" changeset="33497319" timestamp="2015-08-22T01:42:03Z" user="higa4" uid="162590" lat="34.1736599" lon="131.4784463"/>
 <node id="3708764069" visible="true" version="1" changeset="33497319" timestamp="2015-08-22T01:42:03Z" user="higa4" uid="162590" lat="34.1736292" lon="131.4784780"/>
 <node id="3708764070" visible="true" version="1" changeset="33497319" timestamp="2015-08-22T01:42:03Z" user="higa4" uid="162590" lat="34.1736910" lon="131.4785653"/>
 <node id="3708764071" visible="true" version="1" changeset="33497319" timestamp="2015-08-22T01:42:03Z" user="higa4" uid="162590" lat="34.1738965" lon="131.4784881"/>
 <node id="3708764072" visible="true" version="1" changeset="33497319" timestamp="2015-08-22T01:42:03Z" user="higa4" uid="162590" lat="34.1738199" lon="131.4783771"/>
 <node id="3708764073" visible="true" version="1" changeset="33497319" timestamp="2015-08-22T01:42:03Z" user="higa4" uid="162590" lat="34.1737443" lon="131.4784533"/>
 <node id="3708764074" visible="true" version="1" changeset="33497319" timestamp="2015-08-22T01:42:03Z" user="higa4" uid="162590" lat="34.1738209" lon="131.4785643"/>
 <node id="3708765344" visible="true" version="2" changeset="33497762" timestamp="2015-08-22T02:58:06Z" user="higa4" uid="162590" lat="34.1734747" lon="131.4774970"/>
 <node id="3708765345" visible="true" version="2" changeset="33497762" timestamp="2015-08-22T02:58:06Z" user="higa4" uid="162590" lat="34.1733244" lon="131.4772556"/>
 <node id="3708765346" visible="true" version="1" changeset="33497358" timestamp="2015-08-22T01:48:15Z" user="higa4" uid="162590" lat="34.1730950" lon="131.4774681"/>
 <node id="3708765347" visible="true" version="2" changeset="33497762" timestamp="2015-08-22T02:58:06Z" user="higa4" uid="162590" lat="34.1732961" lon="131.4777052"/>
 <node id="3708765348" visible="true" version="1" changeset="33497358" timestamp="2015-08-22T01:48:15Z" user="higa4" uid="162590" lat="34.1732449" lon="131.4777069"/>
 <node id="3708765349" visible="true" version="1" changeset="33497358" timestamp="2015-08-22T01:48:15Z" user="higa4" uid="162590" lat="34.1732780" lon="131.4776766"/>
 <node id="3708765350" visible="true" version="2" changeset="33497762" timestamp="2015-08-22T02:58:06Z" user="higa4" uid="162590" lat="34.1734562" lon="131.4775547"/>
 <node id="3708765351" visible="true" version="1" changeset="33497358" timestamp="2015-08-22T01:48:15Z" user="higa4" uid="162590" lat="34.1734413" lon="131.4775302"/>
 <node id="3708765352" visible="true" version="1" changeset="33497358" timestamp="2015-08-22T01:48:15Z" user="higa4" uid="162590" lat="34.1733166" lon="131.4771247"/>
 <node id="3708765353" visible="true" version="1" changeset="33497358" timestamp="2015-08-22T01:48:15Z" user="higa4" uid="162590" lat="34.1735021" lon="131.4768039"/>
 <node id="3708765354" visible="true" version="1" changeset="33497358" timestamp="2015-08-22T01:48:15Z" user="higa4" uid="162590" lat="34.1731202" lon="131.4771544"/>
 <node id="3708765355" visible="true" version="1" changeset="33497358" timestamp="2015-08-22T01:48:15Z" user="higa4" uid="162590" lat="34.1731802" lon="131.4772499"/>
 <node id="3708765356" visible="true" version="1" changeset="33497358" timestamp="2015-08-22T01:48:15Z" user="higa4" uid="162590" lat="34.1735643" lon="131.4769029"/>
 <node id="3708765357" visible="true" version="1" changeset="33497358" timestamp="2015-08-22T01:48:15Z" user="higa4" uid="162590" lat="34.1736686" lon="131.4774102"/>
 <node id="3708765358" visible="true" version="2" changeset="33497762" timestamp="2015-08-22T02:58:06Z" user="higa4" uid="162590" lat="34.1734416" lon="131.4773247"/>
 <node id="3708765359" visible="true" version="1" changeset="33497358" timestamp="2015-08-22T01:48:15Z" user="higa4" uid="162590" lat="34.1734283" lon="131.4770277"/>
 <node id="3708765360" visible="true" version="2" changeset="33497762" timestamp="2015-08-22T02:58:06Z" user="higa4" uid="162590" lat="34.1734680" lon="131.4772992"/>
 <node id="3708765361" visible="true" version="2" changeset="33497762" timestamp="2015-08-22T02:58:06Z" user="higa4" uid="162590" lat="34.1737811" lon="131.4777977"/>
 <node id="3708765362" visible="true" version="1" changeset="33497358" timestamp="2015-08-22T01:48:15Z" user="higa4" uid="162590" lat="34.1737041" lon="131.4774564"/>
 <node id="3708765363" visible="true" version="1" changeset="33497358" timestamp="2015-08-22T01:48:15Z" user="higa4" uid="162590" lat="34.1738789" lon="131.4777347"/>
 <node id="3708765364" visible="true" version="1" changeset="33497358" timestamp="2015-08-22T01:48:15Z" user="higa4" uid="162590" lat="34.1738526" lon="131.4777589"/>
 <node id="3708765365" visible="true" version="2" changeset="33497762" timestamp="2015-08-22T02:58:06Z" user="higa4" uid="162590" lat="34.1738405" lon="131.4777411"/>
 <node id="3708765366" visible="true" version="1" changeset="33497358" timestamp="2015-08-22T01:48:15Z" user="higa4" uid="162590" lat="34.1737298" lon="131.4773541"/>
 <node id="3708765367" visible="true" version="1" changeset="33497358" timestamp="2015-08-22T01:48:15Z" user="higa4" uid="162590" lat="34.1737611" lon="131.4774040"/>
 <node id="3708765368" visible="true" version="1" changeset="33497358" timestamp="2015-08-22T01:48:15Z" user="higa4" uid="162590" lat="34.1736193" lon="131.4776922"/>
 <node id="3708765369" visible="true" version="1" changeset="33497358" timestamp="2015-08-22T01:48:15Z" user="higa4" uid="162590" lat="34.1735283" lon="131.4775463"/>
 <node id="3708765370" visible="true" version="1" changeset="33497358" timestamp="2015-08-22T01:48:15Z" user="higa4" uid="162590" lat="34.1733669" lon="131.4776933"/>
 <node id="3708765371" visible="true" version="1" changeset="33497358" timestamp="2015-08-22T01:48:15Z" user="higa4" uid="162590" lat="34.1734598" lon="131.4778373"/>
 <node id="3708765372" visible="true" version="1" changeset="33497358" timestamp="2015-08-22T01:48:15Z" user="higa4" uid="162590" lat="34.1734329" lon="131.4777993"/>
 <node id="3708765373" visible="true" version="1" changeset="33497358" timestamp="2015-08-22T01:48:15Z" user="higa4" uid="162590" lat="34.1734138" lon="131.4778167"/>
 <node id="3708765374" visible="true" version="1" changeset="33497358" timestamp="2015-08-22T01:48:15Z" user="higa4" uid="162590" lat="34.1734328" lon="131.4778471"/>
 <node id="3708765375" visible="true" version="1" changeset="33497358" timestamp="2015-08-22T01:48:15Z" user="higa4" uid="162590" lat="34.1734539" lon="131.4778278"/>
 <node id="3708788258" visible="true" version="1" changeset="33497762" timestamp="2015-08-22T02:58:05Z" user="higa4" uid="162590" lat="34.1736682" lon="131.4776194"/>
 <node id="3708788259" visible="true" version="1" changeset="33497762" timestamp="2015-08-22T02:58:06Z" user="higa4" uid="162590" lat="34.1734666" lon="131.4773069"/>
 <node id="3708788260" visible="true" version="1" changeset="33497762" timestamp="2015-08-22T02:58:06Z" user="higa4" uid="162590" lat="34.1734871" lon="131.4773971"/>
 <node id="3708788261" visible="true" version="1" changeset="33497762" timestamp="2015-08-22T02:58:06Z" user="higa4" uid="162590" lat="34.1736416" lon="131.4776442"/>
 <node id="3708788262" visible="true" version="1" changeset="33497762" timestamp="2015-08-22T02:58:06Z" user="higa4" uid="162590" lat="34.1734444" lon="131.4773294"/>
 <node id="3708788263" visible="true" version="1" changeset="33497762" timestamp="2015-08-22T02:58:06Z" user="higa4" uid="162590" lat="34.1734738" lon="131.4773763"/>
 <node id="3708788264" visible="true" version="1" changeset="33497762" timestamp="2015-08-22T02:58:06Z" user="higa4" uid="162590" lat="34.1734324" lon="131.4774172"/>
 <node id="3708788265" visible="true" version="1" changeset="33497762" timestamp="2015-08-22T02:58:06Z" user="higa4" uid="162590" lat="34.1734430" lon="131.4774387"/>
 <node id="3708788266" visible="true" version="1" changeset="33497762" timestamp="2015-08-22T02:58:06Z" user="higa4" uid="162590" lat="34.1735367" lon="131.4774752"/>
 <node id="3708788267" visible="true" version="1" changeset="33497762" timestamp="2015-08-22T02:58:06Z" user="higa4" uid="162590" lat="34.1735728" lon="131.4775339"/>
 <node id="3708788268" visible="true" version="1" changeset="33497762" timestamp="2015-08-22T02:58:06Z" user="higa4" uid="162590" lat="34.1735498" lon="131.4774987"/>
 <node id="3708788269" visible="true" version="1" changeset="33497762" timestamp="2015-08-22T02:58:06Z" user="higa4" uid="162590" lat="34.1735603" lon="131.4775151"/>
 <node id="3708788270" visible="true" version="1" changeset="33497762" timestamp="2015-08-22T02:58:06Z" user="higa4" uid="162590" lat="34.1734544" lon="131.4775597"/>
 <node id="3708788271" visible="true" version="1" changeset="33497762" timestamp="2015-08-22T02:58:06Z" user="higa4" uid="162590" lat="34.1734682" lon="131.4775798"/>
 <node id="3708788272" visible="true" version="1" changeset="33497762" timestamp="2015-08-22T02:58:06Z" user="higa4" uid="162590" lat="34.1735351" lon="131.4775426"/>
 <node id="3708788273" visible="true" version="1" changeset="33497762" timestamp="2015-08-22T02:58:06Z" user="higa4" uid="162590" lat="34.1735459" lon="131.4775587"/>
 <node id="3708788274" visible="true" version="1" changeset="33497762" timestamp="2015-08-22T02:58:06Z" user="higa4" uid="162590" lat="34.1737706" lon="131.4778490"/>
 <node id="3708788275" visible="true" version="1" changeset="33497762" timestamp="2015-08-22T02:58:06Z" user="higa4" uid="162590" lat="34.1736726" lon="131.4776826"/>
 <node id="3708788276" visible="true" version="1" changeset="33497762" timestamp="2015-08-22T02:58:06Z" user="higa4" uid="162590" lat="34.1735973" lon="131.4777473"/>
 <node id="3708788277" visible="true" version="1" changeset="33497762" timestamp="2015-08-22T02:58:06Z" user="higa4" uid="162590" lat="34.1737097" lon="131.4779013"/>
 <node id="3708788278" visible="true" version="1" changeset="33497762" timestamp="2015-08-22T02:58:06Z" user="higa4" uid="162590" lat="34.1736342" lon="131.4778099"/>
 <node id="3708788279" visible="true" version="1" changeset="33497762" timestamp="2015-08-22T02:58:06Z" user="higa4" uid="162590" lat="34.1736486" lon="131.4777975"/>
 <node id="3708788835" visible="true" version="1" changeset="33497775" timestamp="2015-08-22T03:00:01Z" user="higa4" uid="162590" lat="34.1736720" lon="131.4779152"/>
 <node id="3708788836" visible="true" version="1" changeset="33497775" timestamp="2015-08-22T03:00:01Z" user="higa4" uid="162590" lat="34.1736244" lon="131.4778298"/>
 <node id="3708788837" visible="true" version="1" changeset="33497775" timestamp="2015-08-22T03:00:01Z" user="higa4" uid="162590" lat="34.1735198" lon="131.4779151"/>
 <node id="3708788838" visible="true" version="1" changeset="33497775" timestamp="2015-08-22T03:00:01Z" user="higa4" uid="162590" lat="34.1735770" lon="131.4779927"/>
 <node id="3708788839" visible="true" version="1" changeset="33497775" timestamp="2015-08-22T03:00:01Z" user="higa4" uid="162590" lat="34.1735432" lon="131.4779322"/>
 <node id="3708788840" visible="true" version="1" changeset="33497775" timestamp="2015-08-22T03:00:01Z" user="higa4" uid="162590" lat="34.1735337" lon="131.4779399"/>
 <node id="3708788841" visible="true" version="1" changeset="33497775" timestamp="2015-08-22T03:00:01Z" user="higa4" uid="162590" lat="34.1735337" lon="131.4779883"/>
 <node id="3708788842" visible="true" version="1" changeset="33497775" timestamp="2015-08-22T03:00:01Z" user="higa4" uid="162590" lat="34.1734954" lon="131.4779292"/>
 <node id="3708788843" visible="true" version="1" changeset="33497775" timestamp="2015-08-22T03:00:01Z" user="higa4" uid="162590" lat="34.1734250" lon="131.4779957"/>
 <node id="3708788844" visible="true" version="1" changeset="33497775" timestamp="2015-08-22T03:00:01Z" user="higa4" uid="162590" lat="34.1734633" lon="131.4780548"/>
 <node id="3708788845" visible="true" version="1" changeset="33497775" timestamp="2015-08-22T03:00:01Z" user="higa4" uid="162590" lat="34.1736009" lon="131.4780746"/>
 <node id="3708788846" visible="true" version="1" changeset="33497775" timestamp="2015-08-22T03:00:01Z" user="higa4" uid="162590" lat="34.1735502" lon="131.4779968"/>
 <node id="3708788847" visible="true" version="1" changeset="33497775" timestamp="2015-08-22T03:00:01Z" user="higa4" uid="162590" lat="34.1734808" lon="131.4780628"/>
 <node id="3708788848" visible="true" version="1" changeset="33497775" timestamp="2015-08-22T03:00:01Z" user="higa4" uid="162590" lat="34.1735246" lon="131.4781472"/>
 <node id="3708788849" visible="true" version="1" changeset="33497775" timestamp="2015-08-22T03:00:01Z" user="higa4" uid="162590" lat="34.1735042" lon="131.4780987"/>
 <node id="3708788850" visible="true" version="1" changeset="33497775" timestamp="2015-08-22T03:00:01Z" user="higa4" uid="162590" lat="34.1734973" lon="131.4781052"/>
 <node id="3708788851" visible="true" version="1" changeset="33497775" timestamp="2015-08-22T03:00:01Z" user="higa4" uid="162590" lat="34.1736574" lon="131.4781608"/>
 <node id="3708788852" visible="true" version="1" changeset="33497775" timestamp="2015-08-22T03:00:01Z" user="higa4" uid="162590" lat="34.1736072" lon="131.4780848"/>
 <node id="3708788853" visible="true" version="1" changeset="33497775" timestamp="2015-08-22T03:00:01Z" user="higa4" uid="162590" lat="34.1735322" lon="131.4781571"/>
 <node id="3708788854" visible="true" version="1" changeset="33497775" timestamp="2015-08-22T03:00:01Z" user="higa4" uid="162590" lat="34.1736032" lon="131.4782130"/>
 <node id="3708788855" visible="true" version="1" changeset="33497775" timestamp="2015-08-22T03:00:01Z" user="higa4" uid="162590" lat="34.1735787" lon="131.4781758"/>
 <node id="3708788856" visible="true" version="1" changeset="33497775" timestamp="2015-08-22T03:00:01Z" user="higa4" uid="162590" lat="34.1735595" lon="131.4781738"/>
 <node id="3708788857" visible="true" version="1" changeset="33497775" timestamp="2015-08-22T03:00:01Z" user="higa4" uid="162590" lat="34.1735495" lon="131.4781834"/>
 <node id="3708788858" visible="true" version="1" changeset="33497775" timestamp="2015-08-22T03:00:01Z" user="higa4" uid="162590" lat="34.1735677" lon="131.4781863"/>
 <node id="3710059137" visible="true" version="1" changeset="33516210" timestamp="2015-08-23T02:02:07Z" user="higa4" uid="162590" lat="34.1729879" lon="131.4798757"/>
 <node id="3710059138" visible="true" version="1" changeset="33516210" timestamp="2015-08-23T02:02:08Z" user="higa4" uid="162590" lat="34.1729289" lon="131.4796877"/>
 <node id="3710059139" visible="true" version="1" changeset="33516210" timestamp="2015-08-23T02:02:08Z" user="higa4" uid="162590" lat="34.1728831" lon="131.4797087"/>
 <node id="3710059140" visible="true" version="1" changeset="33516210" timestamp="2015-08-23T02:02:08Z" user="higa4" uid="162590" lat="34.1729420" lon="131.4798967"/>
 <node id="3710059141" visible="true" version="1" changeset="33516210" timestamp="2015-08-23T02:02:08Z" user="higa4" uid="162590" lat="34.1730785" lon="131.4800130"/>
 <node id="3710059142" visible="true" version="1" changeset="33516210" timestamp="2015-08-23T02:02:08Z" user="higa4" uid="162590" lat="34.1729948" lon="131.4798992"/>
 <node id="3710059143" visible="true" version="1" changeset="33516210" timestamp="2015-08-23T02:02:08Z" user="higa4" uid="162590" lat="34.1729538" lon="131.4799432"/>
 <node id="3710059144" visible="true" version="1" changeset="33516210" timestamp="2015-08-23T02:02:08Z" user="higa4" uid="162590" lat="34.1730375" lon="131.4800570"/>
 <node id="3710059157" visible="true" version="1" changeset="33516210" timestamp="2015-08-23T02:02:08Z" user="higa4" uid="162590" lat="34.1730297" lon="131.4800612"/>
 <node id="3710059158" visible="true" version="1" changeset="33516210" timestamp="2015-08-23T02:02:08Z" user="higa4" uid="162590" lat="34.1729376" lon="131.4799332"/>
 <node id="3710059159" visible="true" version="1" changeset="33516210" timestamp="2015-08-23T02:02:08Z" user="higa4" uid="162590" lat="34.1729110" lon="131.4799666"/>
 <node id="3710059160" visible="true" version="1" changeset="33516210" timestamp="2015-08-23T02:02:08Z" user="higa4" uid="162590" lat="34.1729803" lon="131.4800632"/>
 <node id="3710059161" visible="true" version="1" changeset="33516210" timestamp="2015-08-23T02:02:08Z" user="higa4" uid="162590" lat="34.1729759" lon="131.4800652"/>
 <node id="3710059162" visible="true" version="1" changeset="33516210" timestamp="2015-08-23T02:02:08Z" user="higa4" uid="162590" lat="34.1728838" lon="131.4799371"/>
 <node id="3710059163" visible="true" version="1" changeset="33516210" timestamp="2015-08-23T02:02:08Z" user="higa4" uid="162590" lat="34.1728494" lon="131.4799800"/>
 <node id="3710059164" visible="true" version="1" changeset="33516210" timestamp="2015-08-23T02:02:08Z" user="higa4" uid="162590" lat="34.1729326" lon="131.4800665"/>
 <node id="3710236996" visible="true" version="1" changeset="33519893" timestamp="2015-08-23T08:47:34Z" user="higa4" uid="162590" lat="34.1732522" lon="131.4796781"/>
 <node id="3710236997" visible="true" version="1" changeset="33519893" timestamp="2015-08-23T08:47:34Z" user="higa4" uid="162590" lat="34.1732211" lon="131.4796540"/>
 <node id="3710236998" visible="true" version="1" changeset="33519893" timestamp="2015-08-23T08:47:34Z" user="higa4" uid="162590" lat="34.1728527" lon="131.4796620"/>
 <node id="3710236999" visible="true" version="1" changeset="33519893" timestamp="2015-08-23T08:47:34Z" user="higa4" uid="162590" lat="34.1726353" lon="131.4794662"/>
 <node id="3710237000" visible="true" version="1" changeset="33519893" timestamp="2015-08-23T08:47:34Z" user="higa4" uid="162590" lat="34.1725753" lon="131.4794421"/>
 <node id="3710237001" visible="true" version="1" changeset="33519893" timestamp="2015-08-23T08:47:34Z" user="higa4" uid="162590" lat="34.1722136" lon="131.4794126"/>
 <node id="3710237008" visible="true" version="1" changeset="33519893" timestamp="2015-08-23T08:47:34Z" user="higa4" uid="162590" lat="34.1730208" lon="131.4795072"/>
 <node id="3710237009" visible="true" version="1" changeset="33519893" timestamp="2015-08-23T08:47:34Z" user="higa4" uid="162590" lat="34.1729304" lon="131.4794669"/>
 <node id="3710237010" visible="true" version="1" changeset="33519893" timestamp="2015-08-23T08:47:34Z" user="higa4" uid="162590" lat="34.1728827" lon="131.4796090"/>
 <node id="3710237011" visible="true" version="1" changeset="33519893" timestamp="2015-08-23T08:47:34Z" user="higa4" uid="162590" lat="34.1729914" lon="131.4795889"/>
 <node id="3710237012" visible="true" version="1" changeset="33519893" timestamp="2015-08-23T08:47:34Z" user="higa4" uid="162590" lat="34.1734410" lon="131.4796192"/>
 <node id="3710237013" visible="true" version="1" changeset="33519893" timestamp="2015-08-23T08:47:34Z" user="higa4" uid="162590" lat="34.1733759" lon="131.4796105"/>
 <node id="3710237014" visible="true" version="1" changeset="33519893" timestamp="2015-08-23T08:47:34Z" user="higa4" uid="162590" lat="34.1732969" lon="131.4796896"/>
 <node id="3710237015" visible="true" version="1" changeset="33519893" timestamp="2015-08-23T08:47:34Z" user="higa4" uid="162590" lat="34.1733269" lon="131.4797334"/>
 <node id="3710237016" visible="true" version="1" changeset="33519893" timestamp="2015-08-23T08:47:34Z" user="higa4" uid="162590" lat="34.1734001" lon="131.4796458"/>
 <node id="3710237017" visible="true" version="1" changeset="33519893" timestamp="2015-08-23T08:47:34Z" user="higa4" uid="162590" lat="34.1734352" lon="131.4796107"/>
 <node id="3710237018" visible="true" version="1" changeset="33519893" timestamp="2015-08-23T08:47:34Z" user="higa4" uid="162590" lat="34.1734187" lon="131.4796076"/>
 <node id="3710237019" visible="true" version="1" changeset="33519893" timestamp="2015-08-23T08:47:34Z" user="higa4" uid="162590" lat="34.1734014" lon="131.4795811"/>
 <node id="3710237020" visible="true" version="1" changeset="33519893" timestamp="2015-08-23T08:47:34Z" user="higa4" uid="162590" lat="34.1733828" lon="131.4795989"/>
 <node id="3710237021" visible="true" version="1" changeset="33519893" timestamp="2015-08-23T08:47:34Z" user="higa4" uid="162590" lat="34.1734001" lon="131.4796254"/>
 <node id="3710237022" visible="true" version="1" changeset="33519893" timestamp="2015-08-23T08:47:34Z" user="higa4" uid="162590" lat="34.1734139" lon="131.4795480"/>
 <node id="3710237023" visible="true" version="1" changeset="33519893" timestamp="2015-08-23T08:47:34Z" user="higa4" uid="162590" lat="34.1733868" lon="131.4795074"/>
 <node id="3710237024" visible="true" version="1" changeset="33519893" timestamp="2015-08-23T08:47:34Z" user="higa4" uid="162590" lat="34.1732732" lon="131.4796179"/>
 <node id="3710237525" visible="true" version="1" changeset="33519893" timestamp="2015-08-23T08:47:34Z" user="higa4" uid="162590" lat="34.1733653" lon="131.4795954"/>
 <node id="3710237526" visible="true" version="1" changeset="33519893" timestamp="2015-08-23T08:47:34Z" user="higa4" uid="162590" lat="34.1733700" lon="131.4796024"/>
 <node id="3710237527" visible="true" version="1" changeset="33519893" timestamp="2015-08-23T08:47:34Z" user="higa4" uid="162590" lat="34.1733050" lon="131.4796656"/>
 <node id="3710237528" visible="true" version="1" changeset="33519893" timestamp="2015-08-23T08:47:34Z" user="higa4" uid="162590" lat="34.1735196" lon="131.4795486"/>
 <node id="3710237529" visible="true" version="1" changeset="33519893" timestamp="2015-08-23T08:47:34Z" user="higa4" uid="162590" lat="34.1734932" lon="131.4795107"/>
 <node id="3710237530" visible="true" version="1" changeset="33519893" timestamp="2015-08-23T08:47:34Z" user="higa4" uid="162590" lat="34.1734367" lon="131.4795681"/>
 <node id="3710237531" visible="true" version="1" changeset="33519893" timestamp="2015-08-23T08:47:34Z" user="higa4" uid="162590" lat="34.1734904" lon="131.4795783"/>
 <node id="3710237532" visible="true" version="1" changeset="33519893" timestamp="2015-08-23T08:47:34Z" user="higa4" uid="162590" lat="34.1734473" lon="131.4795833"/>
 <node id="3710237533" visible="true" version="1" changeset="33519893" timestamp="2015-08-23T08:47:34Z" user="higa4" uid="162590" lat="34.1734746" lon="131.4795556"/>
 <node id="3710237534" visible="true" version="1" changeset="33519893" timestamp="2015-08-23T08:47:34Z" user="higa4" uid="162590" lat="34.1735544" lon="131.4794383"/>
 <node id="3710237535" visible="true" version="1" changeset="33519893" timestamp="2015-08-23T08:47:34Z" user="higa4" uid="162590" lat="34.1735065" lon="131.4793707"/>
 <node id="3710237536" visible="true" version="1" changeset="33519893" timestamp="2015-08-23T08:47:34Z" user="higa4" uid="162590" lat="34.1733859" lon="131.4794957"/>
 <node id="3710237537" visible="true" version="1" changeset="33519893" timestamp="2015-08-23T08:47:34Z" user="higa4" uid="162590" lat="34.1734337" lon="131.4795633"/>
 <node id="3710237538" visible="true" version="1" changeset="33519893" timestamp="2015-08-23T08:47:34Z" user="higa4" uid="162590" lat="34.1735600" lon="131.4795055"/>
 <node id="3710237539" visible="true" version="1" changeset="33519893" timestamp="2015-08-23T08:47:34Z" user="higa4" uid="162590" lat="34.1735580" lon="131.4794448"/>
 <node id="3710237540" visible="true" version="1" changeset="33519893" timestamp="2015-08-23T08:47:34Z" user="higa4" uid="162590" lat="34.1734968" lon="131.4795055"/>
 <node id="3710237541" visible="true" version="1" changeset="33519893" timestamp="2015-08-23T08:47:34Z" user="higa4" uid="162590" lat="34.1735247" lon="131.4795429"/>
 <node id="3710237542" visible="true" version="1" changeset="33519893" timestamp="2015-08-23T08:47:34Z" user="higa4" uid="162590" lat="34.1735020" lon="131.4793671"/>
 <node id="3710237543" visible="true" version="1" changeset="33519893" timestamp="2015-08-23T08:47:34Z" user="higa4" uid="162590" lat="34.1734371" lon="131.4792763"/>
 <node id="3710237544" visible="true" version="1" changeset="33519893" timestamp="2015-08-23T08:47:34Z" user="higa4" uid="162590" lat="34.1733780" lon="131.4794092"/>
 <node id="3710237545" visible="true" version="1" changeset="33519893" timestamp="2015-08-23T08:47:34Z" user="higa4" uid="162590" lat="34.1734138" lon="131.4794592"/>
 <node id="3710237546" visible="true" version="1" changeset="33519893" timestamp="2015-08-23T08:47:34Z" user="higa4" uid="162590" lat="34.1733117" lon="131.4794073"/>
 <node id="3710237547" visible="true" version="1" changeset="33519893" timestamp="2015-08-23T08:47:34Z" user="higa4" uid="162590" lat="34.1733408" lon="131.4794480"/>
 <node id="3710237548" visible="true" version="1" changeset="33519893" timestamp="2015-08-23T08:47:34Z" user="higa4" uid="162590" lat="34.1733851" lon="131.4792962"/>
 <node id="3710237549" visible="true" version="1" changeset="33519893" timestamp="2015-08-23T08:47:34Z" user="higa4" uid="162590" lat="34.1733421" lon="131.4792375"/>
 <node id="3710237550" visible="true" version="1" changeset="33519893" timestamp="2015-08-23T08:47:34Z" user="higa4" uid="162590" lat="34.1731994" lon="131.4792872"/>
 <node id="3710237551" visible="true" version="1" changeset="33519893" timestamp="2015-08-23T08:47:34Z" user="higa4" uid="162590" lat="34.1733070" lon="131.4793795"/>
 <node id="3710237552" visible="true" version="1" changeset="33519893" timestamp="2015-08-23T08:47:34Z" user="higa4" uid="162590" lat="34.1733351" lon="131.4792451"/>
 <node id="3710237553" visible="true" version="1" changeset="33519893" timestamp="2015-08-23T08:47:34Z" user="higa4" uid="162590" lat="34.1733232" lon="131.4792289"/>
 <node id="3710237554" visible="true" version="1" changeset="33519893" timestamp="2015-08-23T08:47:34Z" user="higa4" uid="162590" lat="34.1732615" lon="131.4793172"/>
 <node id="3710237555" visible="true" version="1" changeset="33519893" timestamp="2015-08-23T08:47:34Z" user="higa4" uid="162590" lat="34.1732390" lon="131.4793413"/>
 <node id="3710237556" visible="true" version="1" changeset="33519893" timestamp="2015-08-23T08:47:35Z" user="higa4" uid="162590" lat="34.1733153" lon="131.4791635"/>
 <node id="3710237557" visible="true" version="1" changeset="33519893" timestamp="2015-08-23T08:47:35Z" user="higa4" uid="162590" lat="34.1733456" lon="131.4792050"/>
 <node id="3710237558" visible="true" version="1" changeset="33519893" timestamp="2015-08-23T08:47:35Z" user="higa4" uid="162590" lat="34.1732125" lon="131.4793600"/>
 <node id="3710237559" visible="true" version="1" changeset="33519893" timestamp="2015-08-23T08:47:35Z" user="higa4" uid="162590" lat="34.1731738" lon="131.4793081"/>
 <node id="3710237560" visible="true" version="1" changeset="33519893" timestamp="2015-08-23T08:47:35Z" user="higa4" uid="162590" lat="34.1731245" lon="131.4793617"/>
 <node id="3710237561" visible="true" version="1" changeset="33519893" timestamp="2015-08-23T08:47:35Z" user="higa4" uid="162590" lat="34.1731882" lon="131.4793864"/>
 <node id="3710237562" visible="true" version="1" changeset="33519893" timestamp="2015-08-23T08:47:35Z" user="higa4" uid="162590" lat="34.1731765" lon="131.4793707"/>
 <node id="3710237563" visible="true" version="1" changeset="33519893" timestamp="2015-08-23T08:47:35Z" user="higa4" uid="162590" lat="34.1731515" lon="131.4793979"/>
 <node id="3710237564" visible="true" version="1" changeset="33519893" timestamp="2015-08-23T08:47:35Z" user="higa4" uid="162590" lat="34.1730400" lon="131.4794257"/>
 <node id="3710237565" visible="true" version="1" changeset="33519893" timestamp="2015-08-23T08:47:35Z" user="higa4" uid="162590" lat="34.1729730" lon="131.4793528"/>
 <node id="3710237566" visible="true" version="1" changeset="33519893" timestamp="2015-08-23T08:47:35Z" user="higa4" uid="162590" lat="34.1729410" lon="131.4794619"/>
 <node id="3710237567" visible="true" version="1" changeset="33519893" timestamp="2015-08-23T08:47:35Z" user="higa4" uid="162590" lat="34.1730185" lon="131.4794973"/>
 <node id="3710237568" visible="true" version="1" changeset="33519893" timestamp="2015-08-23T08:47:35Z" user="higa4" uid="162590" lat="34.1731084" lon="131.4793433"/>
 <node id="3710237569" visible="true" version="1" changeset="33519893" timestamp="2015-08-23T08:47:35Z" user="higa4" uid="162590" lat="34.1729754" lon="131.4791587"/>
 <node id="3710237570" visible="true" version="1" changeset="33519893" timestamp="2015-08-23T08:47:35Z" user="higa4" uid="162590" lat="34.1729728" lon="131.4793161"/>
 <node id="3710237571" visible="true" version="1" changeset="33519893" timestamp="2015-08-23T08:47:35Z" user="higa4" uid="162590" lat="34.1730425" lon="131.4794127"/>
 <node id="3710237572" visible="true" version="1" changeset="33519893" timestamp="2015-08-23T08:47:35Z" user="higa4" uid="162590" lat="34.1729076" lon="131.4792301"/>
 <node id="3710237573" visible="true" version="1" changeset="33519893" timestamp="2015-08-23T08:47:35Z" user="higa4" uid="162590" lat="34.1729122" lon="131.4792563"/>
 <node id="3710237574" visible="true" version="1" changeset="33519893" timestamp="2015-08-23T08:47:35Z" user="higa4" uid="162590" lat="34.1729203" lon="131.4792478"/>
 <node id="3710237575" visible="true" version="1" changeset="33519893" timestamp="2015-08-23T08:47:35Z" user="higa4" uid="162590" lat="34.1729629" lon="131.4793265"/>
 <node id="3710249809" visible="true" version="1" changeset="33520064" timestamp="2015-08-23T08:59:21Z" user="higa4" uid="162590" lat="34.1732028" lon="131.4792430"/>
 <node id="3710249810" visible="true" version="1" changeset="33520064" timestamp="2015-08-23T08:59:21Z" user="higa4" uid="162590" lat="34.1731376" lon="131.4791532"/>
 <node id="3710249811" visible="true" version="1" changeset="33520064" timestamp="2015-08-23T08:59:21Z" user="higa4" uid="162590" lat="34.1730468" lon="131.4792494"/>
 <node id="3710249812" visible="true" version="1" changeset="33520064" timestamp="2015-08-23T08:59:21Z" user="higa4" uid="162590" lat="34.1731121" lon="131.4793392"/>
 <node id="3710249813" visible="true" version="1" changeset="33520064" timestamp="2015-08-23T08:59:21Z" user="higa4" uid="162590" lat="34.1731610" lon="131.4791238"/>
 <node id="3710249814" visible="true" version="1" changeset="33520064" timestamp="2015-08-23T08:59:21Z" user="higa4" uid="162590" lat="34.1731372" lon="131.4790902"/>
 <node id="3710249815" visible="true" version="1" changeset="33520064" timestamp="2015-08-23T08:59:21Z" user="higa4" uid="162590" lat="34.1730002" lon="131.4791837"/>
 <node id="3710249816" visible="true" version="1" changeset="33520064" timestamp="2015-08-23T08:59:21Z" user="higa4" uid="162590" lat="34.1730438" lon="131.4792452"/>
 <node id="3710249817" visible="true" version="1" changeset="33520064" timestamp="2015-08-23T08:59:21Z" user="higa4" uid="162590" lat="34.1729914" lon="131.4791273"/>
 <node id="3710249818" visible="true" version="1" changeset="33520064" timestamp="2015-08-23T08:59:21Z" user="higa4" uid="162590" lat="34.1730517" lon="131.4790648"/>
 <node id="3710249819" visible="true" version="1" changeset="33520064" timestamp="2015-08-23T08:59:21Z" user="higa4" uid="162590" lat="34.1730983" lon="131.4791305"/>
 <node id="3710249820" visible="true" version="1" changeset="33520064" timestamp="2015-08-23T08:59:21Z" user="higa4" uid="162590" lat="34.1730182" lon="131.4791650"/>
 <node id="3710249821" visible="true" version="1" changeset="33520064" timestamp="2015-08-23T08:59:21Z" user="higa4" uid="162590" lat="34.1732256" lon="131.4789969"/>
 <node id="3710249822" visible="true" version="1" changeset="33520064" timestamp="2015-08-23T08:59:21Z" user="higa4" uid="162590" lat="34.1731809" lon="131.4789377"/>
 <node id="3710249823" visible="true" version="1" changeset="33520064" timestamp="2015-08-23T08:59:21Z" user="higa4" uid="162590" lat="34.1730880" lon="131.4790402"/>
 <node id="3710249824" visible="true" version="1" changeset="33520064" timestamp="2015-08-23T08:59:21Z" user="higa4" uid="162590" lat="34.1731520" lon="131.4790781"/>
 <node id="3710249825" visible="true" version="1" changeset="33520064" timestamp="2015-08-23T08:59:21Z" user="higa4" uid="162590" lat="34.1731410" lon="131.4790634"/>
 <node id="3710249826" visible="true" version="1" changeset="33520064" timestamp="2015-08-23T08:59:22Z" user="higa4" uid="162590" lat="34.1731216" lon="131.4790847"/>
 <node id="3710249827" visible="true" version="1" changeset="33520064" timestamp="2015-08-23T08:59:22Z" user="higa4" uid="162590" lat="34.1730974" lon="131.4790106"/>
 <node id="3710249828" visible="true" version="1" changeset="33520064" timestamp="2015-08-23T08:59:22Z" user="higa4" uid="162590" lat="34.1730656" lon="131.4789665"/>
 <node id="3710249829" visible="true" version="1" changeset="33520064" timestamp="2015-08-23T08:59:22Z" user="higa4" uid="162590" lat="34.1730227" lon="131.4790117"/>
 <node id="3710249830" visible="true" version="1" changeset="33520064" timestamp="2015-08-23T08:59:22Z" user="higa4" uid="162590" lat="34.1730546" lon="131.4790558"/>
 <node id="3710249831" visible="true" version="1" changeset="33520064" timestamp="2015-08-23T08:59:22Z" user="higa4" uid="162590" lat="34.1731198" lon="131.4788672"/>
 <node id="3710249832" visible="true" version="1" changeset="33520064" timestamp="2015-08-23T08:59:22Z" user="higa4" uid="162590" lat="34.1730698" lon="131.4787998"/>
 <node id="3710249833" visible="true" version="1" changeset="33520064" timestamp="2015-08-23T08:59:22Z" user="higa4" uid="162590" lat="34.1729181" lon="131.4789644"/>
 <node id="3710249834" visible="true" version="1" changeset="33520064" timestamp="2015-08-23T08:59:22Z" user="higa4" uid="162590" lat="34.1729917" lon="131.4789779"/>
 <node id="3710249835" visible="true" version="1" changeset="33520064" timestamp="2015-08-23T08:59:22Z" user="higa4" uid="162590" lat="34.1730769" lon="131.4789137"/>
 <node id="3710249836" visible="true" version="1" changeset="33520064" timestamp="2015-08-23T08:59:22Z" user="higa4" uid="162590" lat="34.1730653" lon="131.4788980"/>
 <node id="3710249837" visible="true" version="1" changeset="33520064" timestamp="2015-08-23T08:59:22Z" user="higa4" uid="162590" lat="34.1729113" lon="131.4790069"/>
 <node id="3710249838" visible="true" version="1" changeset="33520064" timestamp="2015-08-23T08:59:22Z" user="higa4" uid="162590" lat="34.1729439" lon="131.4791725"/>
 <node id="3710249839" visible="true" version="1" changeset="33520064" timestamp="2015-08-23T08:59:22Z" user="higa4" uid="162590" lat="34.1729927" lon="131.4790940"/>
 <node id="3710249840" visible="true" version="1" changeset="33520064" timestamp="2015-08-23T08:59:22Z" user="higa4" uid="162590" lat="34.1730399" lon="131.4790427"/>
 <node id="3710249841" visible="true" version="1" changeset="33520064" timestamp="2015-08-23T08:59:22Z" user="higa4" uid="162590" lat="34.1730032" lon="131.4791081"/>
 <node id="3710249842" visible="true" version="1" changeset="33520064" timestamp="2015-08-23T08:59:22Z" user="higa4" uid="162590" lat="34.1729326" lon="131.4789838"/>
 <node id="3710249843" visible="true" version="1" changeset="33520064" timestamp="2015-08-23T08:59:22Z" user="higa4" uid="162590" lat="34.1728695" lon="131.4790723"/>
 <node id="3710249844" visible="true" version="1" changeset="33520064" timestamp="2015-08-23T08:59:22Z" user="higa4" uid="162590" lat="34.1728301" lon="131.4790573"/>
 <node id="3710249845" visible="true" version="1" changeset="33520064" timestamp="2015-08-23T08:59:22Z" user="higa4" uid="162590" lat="34.1728539" lon="131.4790893"/>
 <node id="3710249846" visible="true" version="1" changeset="33520064" timestamp="2015-08-23T08:59:22Z" user="higa4" uid="162590" lat="34.1728957" lon="131.4789860"/>
 <node id="3710261658" visible="true" version="1" changeset="33520222" timestamp="2015-08-23T09:11:17Z" user="higa4" uid="162590" lat="34.1729129" lon="131.4788765"/>
 <node id="3710261659" visible="true" version="1" changeset="33520222" timestamp="2015-08-23T09:11:17Z" user="higa4" uid="162590" lat="34.1729529" lon="131.4786485"/>
 <node id="3710261660" visible="true" version="1" changeset="33520222" timestamp="2015-08-23T09:11:17Z" user="higa4" uid="162590" lat="34.1727065" lon="131.4789135"/>
 <node id="3710261661" visible="true" version="1" changeset="33520222" timestamp="2015-08-23T09:11:17Z" user="higa4" uid="162590" lat="34.1727471" lon="131.4789657"/>
 <node id="3710261662" visible="true" version="1" changeset="33520222" timestamp="2015-08-23T09:11:17Z" user="higa4" uid="162590" lat="34.1727681" lon="131.4790334"/>
 <node id="3710261663" visible="true" version="1" changeset="33520222" timestamp="2015-08-23T09:11:17Z" user="higa4" uid="162590" lat="34.1730466" lon="131.4787692"/>
 <node id="3710261664" visible="true" version="1" changeset="33520222" timestamp="2015-08-23T09:11:17Z" user="higa4" uid="162590" lat="34.1730067" lon="131.4788121"/>
 <node id="3710261665" visible="true" version="1" changeset="33520222" timestamp="2015-08-23T09:11:17Z" user="higa4" uid="162590" lat="34.1729884" lon="131.4787907"/>
 <node id="3710261666" visible="true" version="1" changeset="33520222" timestamp="2015-08-23T09:11:17Z" user="higa4" uid="162590" lat="34.1729840" lon="131.4788208"/>
 <node id="3710261667" visible="true" version="1" changeset="33520222" timestamp="2015-08-23T09:11:17Z" user="higa4" uid="162590" lat="34.1729235" lon="131.4788879"/>
 <node id="3710261668" visible="true" version="1" changeset="33520222" timestamp="2015-08-23T09:11:17Z" user="higa4" uid="162590" lat="34.1729729" lon="131.4788067"/>
 <node id="3710261669" visible="true" version="1" changeset="33520222" timestamp="2015-08-23T09:11:17Z" user="higa4" uid="162590" lat="34.1727299" lon="131.4789885"/>
 <node id="3710277139" visible="true" version="1" changeset="33520517" timestamp="2015-08-23T09:28:41Z" user="higa4" uid="162590" lat="34.1734456" lon="131.4790516"/>
 <node id="3710277140" visible="true" version="1" changeset="33520517" timestamp="2015-08-23T09:28:41Z" user="higa4" uid="162590" lat="34.1734074" lon="131.4789986"/>
 <node id="3710277141" visible="true" version="1" changeset="33520517" timestamp="2015-08-23T09:28:41Z" user="higa4" uid="162590" lat="34.1733742" lon="131.4790337"/>
 <node id="3710277142" visible="true" version="1" changeset="33520517" timestamp="2015-08-23T09:28:41Z" user="higa4" uid="162590" lat="34.1734125" lon="131.4790866"/>
 <node id="3710277143" visible="true" version="1" changeset="33520517" timestamp="2015-08-23T09:28:41Z" user="higa4" uid="162590" lat="34.1733134" lon="131.4788651"/>
 <node id="3710277144" visible="true" version="1" changeset="33520517" timestamp="2015-08-23T09:28:41Z" user="higa4" uid="162590" lat="34.1732532" lon="131.4787814"/>
 <node id="3710277145" visible="true" version="1" changeset="33520517" timestamp="2015-08-23T09:28:41Z" user="higa4" uid="162590" lat="34.1732352" lon="131.4788004"/>
 <node id="3710277146" visible="true" version="1" changeset="33520517" timestamp="2015-08-23T09:28:41Z" user="higa4" uid="162590" lat="34.1732954" lon="131.4788841"/>
 <node id="3710277147" visible="true" version="1" changeset="33520517" timestamp="2015-08-23T09:28:41Z" user="higa4" uid="162590" lat="34.1732954" lon="131.4789164"/>
 <node id="3710277148" visible="true" version="1" changeset="33520517" timestamp="2015-08-23T09:28:41Z" user="higa4" uid="162590" lat="34.1732227" lon="131.4788102"/>
 <node id="3710277149" visible="true" version="1" changeset="33520517" timestamp="2015-08-23T09:28:41Z" user="higa4" uid="162590" lat="34.1732105" lon="131.4788224"/>
 <node id="3710277150" visible="true" version="1" changeset="33520517" timestamp="2015-08-23T09:28:41Z" user="higa4" uid="162590" lat="34.1732832" lon="131.4789286"/>
 <node id="3710277151" visible="true" version="1" changeset="33520517" timestamp="2015-08-23T09:28:41Z" user="higa4" uid="162590" lat="34.1733833" lon="131.4785179"/>
 <node id="3710277152" visible="true" version="1" changeset="33520517" timestamp="2015-08-23T09:28:41Z" user="higa4" uid="162590" lat="34.1733707" lon="131.4784998"/>
 <node id="3710277153" visible="true" version="1" changeset="33520517" timestamp="2015-08-23T09:28:41Z" user="higa4" uid="162590" lat="34.1732423" lon="131.4786302"/>
 <node id="3710277154" visible="true" version="1" changeset="33520517" timestamp="2015-08-23T09:28:41Z" user="higa4" uid="162590" lat="34.1732548" lon="131.4786483"/>
 <node id="3710416482" visible="true" version="1" changeset="33523492" timestamp="2015-08-23T11:54:10Z" user="higa4" uid="162590" lat="34.1742026" lon="131.4788633"/>
 <node id="3710416483" visible="true" version="1" changeset="33523492" timestamp="2015-08-23T11:54:10Z" user="higa4" uid="162590" lat="34.1741214" lon="131.4787456"/>
 <node id="3710416484" visible="true" version="1" changeset="33523492" timestamp="2015-08-23T11:54:10Z" user="higa4" uid="162590" lat="34.1741045" lon="131.4787627"/>
 <node id="3710416485" visible="true" version="1" changeset="33523492" timestamp="2015-08-23T11:54:10Z" user="higa4" uid="162590" lat="34.1741856" lon="131.4788804"/>
 <node id="3710416486" visible="true" version="1" changeset="33523492" timestamp="2015-08-23T11:54:10Z" user="higa4" uid="162590" lat="34.1743017" lon="131.4787927"/>
 <node id="3710416487" visible="true" version="1" changeset="33523492" timestamp="2015-08-23T11:54:10Z" user="higa4" uid="162590" lat="34.1742407" lon="131.4787038"/>
 <node id="3710416488" visible="true" version="1" changeset="33523492" timestamp="2015-08-23T11:54:10Z" user="higa4" uid="162590" lat="34.1741927" lon="131.4787519"/>
 <node id="3710416489" visible="true" version="1" changeset="33523492" timestamp="2015-08-23T11:54:10Z" user="higa4" uid="162590" lat="34.1742537" lon="131.4788409"/>
 <node id="3710416490" visible="true" version="1" changeset="33523492" timestamp="2015-08-23T11:54:10Z" user="higa4" uid="162590" lat="34.1742393" lon="131.4786981"/>
 <node id="3710416491" visible="true" version="1" changeset="33523492" timestamp="2015-08-23T11:54:10Z" user="higa4" uid="162590" lat="34.1742194" lon="131.4786686"/>
 <node id="3710416492" visible="true" version="1" changeset="33523492" timestamp="2015-08-23T11:54:10Z" user="higa4" uid="162590" lat="34.1741683" lon="131.4787191"/>
 <node id="3710416493" visible="true" version="1" changeset="33523492" timestamp="2015-08-23T11:54:10Z" user="higa4" uid="162590" lat="34.1741881" lon="131.4787485"/>
 <node id="3710416494" visible="true" version="1" changeset="33523492" timestamp="2015-08-23T11:54:10Z" user="higa4" uid="162590" lat="34.1741669" lon="131.4785614"/>
 <node id="3710416495" visible="true" version="1" changeset="33523492" timestamp="2015-08-23T11:54:10Z" user="higa4" uid="162590" lat="34.1741040" lon="131.4784602"/>
 <node id="3710416496" visible="true" version="1" changeset="33523492" timestamp="2015-08-23T11:54:10Z" user="higa4" uid="162590" lat="34.1740475" lon="131.4785159"/>
 <node id="3710416497" visible="true" version="1" changeset="33523492" timestamp="2015-08-23T11:54:10Z" user="higa4" uid="162590" lat="34.1741150" lon="131.4786111"/>
 <node id="3710416498" visible="true" version="1" changeset="33523492" timestamp="2015-08-23T11:54:10Z" user="higa4" uid="162590" lat="34.1742261" lon="131.4786564"/>
 <node id="3710416499" visible="true" version="1" changeset="33523492" timestamp="2015-08-23T11:54:10Z" user="higa4" uid="162590" lat="34.1741690" lon="131.4785642"/>
 <node id="3710416500" visible="true" version="1" changeset="33523492" timestamp="2015-08-23T11:54:10Z" user="higa4" uid="162590" lat="34.1740991" lon="131.4786274"/>
 <node id="3710416501" visible="true" version="1" changeset="33523492" timestamp="2015-08-23T11:54:10Z" user="higa4" uid="162590" lat="34.1741562" lon="131.4787197"/>
 <node id="3710416502" visible="true" version="1" changeset="33523492" timestamp="2015-08-23T11:54:10Z" user="higa4" uid="162590" lat="34.1743307" lon="131.4787482"/>
 <node id="3710416503" visible="true" version="1" changeset="33523492" timestamp="2015-08-23T11:54:10Z" user="higa4" uid="162590" lat="34.1742838" lon="131.4786741"/>
 <node id="3710416504" visible="true" version="1" changeset="33523492" timestamp="2015-08-23T11:54:10Z" user="higa4" uid="162590" lat="34.1742537" lon="131.4787057"/>
 <node id="3710416505" visible="true" version="1" changeset="33523492" timestamp="2015-08-23T11:54:10Z" user="higa4" uid="162590" lat="34.1743009" lon="131.4787779"/>
 <node id="3710416506" visible="true" version="1" changeset="33523492" timestamp="2015-08-23T11:54:10Z" user="higa4" uid="162590" lat="34.1743902" lon="131.4787053"/>
 <node id="3710416507" visible="true" version="1" changeset="33523492" timestamp="2015-08-23T11:54:10Z" user="higa4" uid="162590" lat="34.1743171" lon="131.4785987"/>
 <node id="3710416508" visible="true" version="1" changeset="33523492" timestamp="2015-08-23T11:54:10Z" user="higa4" uid="162590" lat="34.1742879" lon="131.4786332"/>
 <node id="3710416509" visible="true" version="1" changeset="33523492" timestamp="2015-08-23T11:54:10Z" user="higa4" uid="162590" lat="34.1743542" lon="131.4787345"/>
 <node id="3710441093" visible="true" version="1" changeset="33523411" timestamp="2015-08-23T11:49:01Z" user="higa4" uid="162590" lat="34.1742836" lon="131.4792091"/>
 <node id="3710441094" visible="true" version="1" changeset="33523411" timestamp="2015-08-23T11:49:01Z" user="higa4" uid="162590" lat="34.1742187" lon="131.4791118"/>
 <node id="3710441095" visible="true" version="1" changeset="33523411" timestamp="2015-08-23T11:49:01Z" user="higa4" uid="162590" lat="34.1741776" lon="131.4791508"/>
 <node id="3710441096" visible="true" version="1" changeset="33523411" timestamp="2015-08-23T11:49:01Z" user="higa4" uid="162590" lat="34.1742411" lon="131.4792486"/>
 <node id="3710441097" visible="true" version="1" changeset="33523411" timestamp="2015-08-23T11:49:01Z" user="higa4" uid="162590" lat="34.1743327" lon="131.4791516"/>
 <node id="3710441098" visible="true" version="1" changeset="33523411" timestamp="2015-08-23T11:49:01Z" user="higa4" uid="162590" lat="34.1742765" lon="131.4790651"/>
 <node id="3710441099" visible="true" version="1" changeset="33523411" timestamp="2015-08-23T11:49:01Z" user="higa4" uid="162590" lat="34.1742250" lon="131.4791139"/>
 <node id="3710441100" visible="true" version="1" changeset="33523411" timestamp="2015-08-23T11:49:01Z" user="higa4" uid="162590" lat="34.1742811" lon="131.4792004"/>
 <node id="3710441101" visible="true" version="1" changeset="33523411" timestamp="2015-08-23T11:49:01Z" user="higa4" uid="162590" lat="34.1743327" lon="131.4792889"/>
 <node id="3710441102" visible="true" version="1" changeset="33523411" timestamp="2015-08-23T11:49:01Z" user="higa4" uid="162590" lat="34.1742864" lon="131.4792141"/>
 <node id="3710441103" visible="true" version="1" changeset="33523411" timestamp="2015-08-23T11:49:01Z" user="higa4" uid="162590" lat="34.1742428" lon="131.4792540"/>
 <node id="3710441104" visible="true" version="1" changeset="33523411" timestamp="2015-08-23T11:49:02Z" user="higa4" uid="162590" lat="34.1742827" lon="131.4793358"/>
 <node id="3710441105" visible="true" version="1" changeset="33523411" timestamp="2015-08-23T11:49:02Z" user="higa4" uid="162590" lat="34.1743920" lon="131.4792299"/>
 <node id="3710441106" visible="true" version="1" changeset="33523411" timestamp="2015-08-23T11:49:02Z" user="higa4" uid="162590" lat="34.1743366" lon="131.4791531"/>
 <node id="3710441107" visible="true" version="1" changeset="33523411" timestamp="2015-08-23T11:49:02Z" user="higa4" uid="162590" lat="34.1742825" lon="131.4792040"/>
 <node id="3710441108" visible="true" version="1" changeset="33523411" timestamp="2015-08-23T11:49:02Z" user="higa4" uid="162590" lat="34.1743360" lon="131.4792882"/>
 <node id="3710441109" visible="true" version="1" changeset="33523411" timestamp="2015-08-23T11:49:02Z" user="higa4" uid="162590" lat="34.1743834" lon="131.4790827"/>
 <node id="3710441110" visible="true" version="1" changeset="33523411" timestamp="2015-08-23T11:49:02Z" user="higa4" uid="162590" lat="34.1743343" lon="131.4790092"/>
 <node id="3710441111" visible="true" version="1" changeset="33523411" timestamp="2015-08-23T11:49:02Z" user="higa4" uid="162590" lat="34.1742789" lon="131.4790632"/>
 <node id="3710441112" visible="true" version="1" changeset="33523411" timestamp="2015-08-23T11:49:02Z" user="higa4" uid="162590" lat="34.1743282" lon="131.4791360"/>
 <node id="3710441113" visible="true" version="1" changeset="33523411" timestamp="2015-08-23T11:49:02Z" user="higa4" uid="162590" lat="34.1744409" lon="131.4791695"/>
 <node id="3710441114" visible="true" version="1" changeset="33523411" timestamp="2015-08-23T11:49:02Z" user="higa4" uid="162590" lat="34.1743859" lon="131.4790886"/>
 <node id="3710441115" visible="true" version="1" changeset="33523411" timestamp="2015-08-23T11:49:02Z" user="higa4" uid="162590" lat="34.1743338" lon="131.4791400"/>
 <node id="3710441116" visible="true" version="1" changeset="33523411" timestamp="2015-08-23T11:49:02Z" user="higa4" uid="162590" lat="34.1743884" lon="131.4792205"/>
 <node id="3710441117" visible="true" version="1" changeset="33523411" timestamp="2015-08-23T11:49:02Z" user="higa4" uid="162590" lat="34.1744270" lon="131.4792899"/>
 <node id="3710441118" visible="true" version="1" changeset="33523411" timestamp="2015-08-23T11:49:02Z" user="higa4" uid="162590" lat="34.1744015" lon="131.4792500"/>
 <node id="3710441119" visible="true" version="1" changeset="33523411" timestamp="2015-08-23T11:49:02Z" user="higa4" uid="162590" lat="34.1742996" lon="131.4793450"/>
 <node id="3710441120" visible="true" version="1" changeset="33523411" timestamp="2015-08-23T11:49:02Z" user="higa4" uid="162590" lat="34.1743252" lon="131.4793850"/>
 <node id="3710441121" visible="true" version="1" changeset="33523411" timestamp="2015-08-23T11:49:02Z" user="higa4" uid="162590" lat="34.1744398" lon="131.4793688"/>
 <node id="3710441122" visible="true" version="1" changeset="33523411" timestamp="2015-08-23T11:49:02Z" user="higa4" uid="162590" lat="34.1744051" lon="131.4793161"/>
 <node id="3710441123" visible="true" version="1" changeset="33523411" timestamp="2015-08-23T11:49:02Z" user="higa4" uid="162590" lat="34.1743280" lon="131.4793902"/>
 <node id="3710441124" visible="true" version="1" changeset="33523411" timestamp="2015-08-23T11:49:02Z" user="higa4" uid="162590" lat="34.1744005" lon="131.4794065"/>
 <node id="3710441225" visible="true" version="1" changeset="33523411" timestamp="2015-08-23T11:49:02Z" user="higa4" uid="162590" lat="34.1744164" lon="131.4795248"/>
 <node id="3710441226" visible="true" version="1" changeset="33523411" timestamp="2015-08-23T11:49:02Z" user="higa4" uid="162590" lat="34.1744544" lon="131.4794884"/>
 <node id="3710441227" visible="true" version="1" changeset="33523411" timestamp="2015-08-23T11:49:02Z" user="higa4" uid="162590" lat="34.1745551" lon="131.4794875"/>
 <node id="3710441228" visible="true" version="1" changeset="33523411" timestamp="2015-08-23T11:49:02Z" user="higa4" uid="162590" lat="34.1744996" lon="131.4794036"/>
 <node id="3710441229" visible="true" version="1" changeset="33523411" timestamp="2015-08-23T11:49:02Z" user="higa4" uid="162590" lat="34.1744383" lon="131.4794580"/>
 <node id="3710441230" visible="true" version="1" changeset="33523411" timestamp="2015-08-23T11:49:02Z" user="higa4" uid="162590" lat="34.1744469" lon="131.4795868"/>
 <node id="3710441231" visible="true" version="1" changeset="33523411" timestamp="2015-08-23T11:49:02Z" user="higa4" uid="162590" lat="34.1744591" lon="131.4794885"/>
 <node id="3710441232" visible="true" version="1" changeset="33523411" timestamp="2015-08-23T11:49:02Z" user="higa4" uid="162590" lat="34.1744117" lon="131.4795328"/>
 <node id="3710441233" visible="true" version="1" changeset="33523411" timestamp="2015-08-23T11:49:02Z" user="higa4" uid="162590" lat="34.1746852" lon="131.4793082"/>
 <node id="3710441234" visible="true" version="1" changeset="33523411" timestamp="2015-08-23T11:49:02Z" user="higa4" uid="162590" lat="34.1746158" lon="131.4792095"/>
 <node id="3710441235" visible="true" version="1" changeset="33523411" timestamp="2015-08-23T11:49:02Z" user="higa4" uid="162590" lat="34.1745603" lon="131.4792592"/>
 <node id="3710441236" visible="true" version="1" changeset="33523411" timestamp="2015-08-23T11:49:02Z" user="higa4" uid="162590" lat="34.1746208" lon="131.4793672"/>
 <node id="3710441237" visible="true" version="1" changeset="33523411" timestamp="2015-08-23T11:49:02Z" user="higa4" uid="162590" lat="34.1745759" lon="131.4792827"/>
 <node id="3710441238" visible="true" version="1" changeset="33523411" timestamp="2015-08-23T11:49:02Z" user="higa4" uid="162590" lat="34.1745709" lon="131.4792934"/>
 <node id="3710441239" visible="true" version="1" changeset="33523411" timestamp="2015-08-23T11:49:02Z" user="higa4" uid="162590" lat="34.1745817" lon="131.4793118"/>
 <node id="3710441240" visible="true" version="1" changeset="33523411" timestamp="2015-08-23T11:49:03Z" user="higa4" uid="162590" lat="34.1746574" lon="131.4793380"/>
 <node id="3710441241" visible="true" version="1" changeset="33523411" timestamp="2015-08-23T11:49:03Z" user="higa4" uid="162590" lat="34.1746688" lon="131.4793571"/>
 <node id="3710441242" visible="true" version="1" changeset="33523411" timestamp="2015-08-23T11:49:03Z" user="higa4" uid="162590" lat="34.1746375" lon="131.4793869"/>
 <node id="3710441243" visible="true" version="1" changeset="33523411" timestamp="2015-08-23T11:49:03Z" user="higa4" uid="162590" lat="34.1745714" lon="131.4793236"/>
 <node id="3710441244" visible="true" version="1" changeset="33523411" timestamp="2015-08-23T11:49:03Z" user="higa4" uid="162590" lat="34.1745745" lon="131.4794087"/>
 <node id="3710441245" visible="true" version="1" changeset="33523411" timestamp="2015-08-23T11:49:03Z" user="higa4" uid="162590" lat="34.1745584" lon="131.4793819"/>
 <node id="3710441246" visible="true" version="1" changeset="33523411" timestamp="2015-08-23T11:49:03Z" user="higa4" uid="162590" lat="34.1745223" lon="131.4793477"/>
 <node id="3710441247" visible="true" version="1" changeset="33523411" timestamp="2015-08-23T11:49:03Z" user="higa4" uid="162590" lat="34.1745481" lon="131.4793879"/>
 <node id="3710441248" visible="true" version="1" changeset="33523411" timestamp="2015-08-23T11:49:03Z" user="higa4" uid="162590" lat="34.1745626" lon="131.4793122"/>
 <node id="3710441820" visible="true" version="1" changeset="33523445" timestamp="2015-08-23T11:51:32Z" user="higa4" uid="162590" lat="34.1745400" lon="131.4789652"/>
 <node id="3710441821" visible="true" version="1" changeset="33523445" timestamp="2015-08-23T11:51:32Z" user="higa4" uid="162590" lat="34.1744764" lon="131.4788648"/>
 <node id="3710441822" visible="true" version="1" changeset="33523445" timestamp="2015-08-23T11:51:32Z" user="higa4" uid="162590" lat="34.1743924" lon="131.4789410"/>
 <node id="3710441823" visible="true" version="1" changeset="33523445" timestamp="2015-08-23T11:51:32Z" user="higa4" uid="162590" lat="34.1744562" lon="131.4790409"/>
 <node id="3710441824" visible="true" version="2" changeset="56413413" timestamp="2018-02-16T13:06:40Z" user="mklyr" uid="614924" lat="34.1745746" lon="131.4788820"/>
 <node id="3710442625" visible="true" version="2" changeset="56413413" timestamp="2018-02-16T13:06:40Z" user="mklyr" uid="614924" lat="34.1745282" lon="131.4788178"/>
 <node id="3710442626" visible="true" version="2" changeset="56413413" timestamp="2018-02-16T13:06:40Z" user="mklyr" uid="614924" lat="34.1744914" lon="131.4788566"/>
 <node id="3710442627" visible="true" version="2" changeset="56413413" timestamp="2018-02-16T13:06:40Z" user="mklyr" uid="614924" lat="34.1745379" lon="131.4789208"/>
 <node id="3710442628" visible="true" version="2" changeset="56413413" timestamp="2018-02-16T13:06:40Z" user="mklyr" uid="614924" lat="34.1746273" lon="131.4789917"/>
 <node id="3710442629" visible="true" version="2" changeset="56413413" timestamp="2018-02-16T13:06:40Z" user="mklyr" uid="614924" lat="34.1745809" lon="131.4789144"/>
 <node id="3710442630" visible="true" version="2" changeset="56413413" timestamp="2018-02-16T13:06:40Z" user="mklyr" uid="614924" lat="34.1745392" lon="131.4789510"/>
 <node id="3710442631" visible="true" version="2" changeset="56413413" timestamp="2018-02-16T13:06:40Z" user="mklyr" uid="614924" lat="34.1745855" lon="131.4790283"/>
 <node id="3710442632" visible="true" version="2" changeset="56413413" timestamp="2018-02-16T13:06:40Z" user="mklyr" uid="614924" lat="34.1747061" lon="131.4789017"/>
 <node id="3710442633" visible="true" version="2" changeset="56413413" timestamp="2018-02-16T13:06:40Z" user="mklyr" uid="614924" lat="34.1746388" lon="131.4787987"/>
 <node id="3710442634" visible="true" version="2" changeset="56413413" timestamp="2018-02-16T13:06:40Z" user="mklyr" uid="614924" lat="34.1745770" lon="131.4788578"/>
 <node id="3710442635" visible="true" version="2" changeset="56413413" timestamp="2018-02-16T13:06:40Z" user="mklyr" uid="614924" lat="34.1746443" lon="131.4789607"/>
 <node id="3710442636" visible="true" version="1" changeset="33523445" timestamp="2015-08-23T11:51:32Z" user="higa4" uid="162590" lat="34.1747141" lon="131.4787499"/>
 <node id="3710442637" visible="true" version="1" changeset="33523445" timestamp="2015-08-23T11:51:32Z" user="higa4" uid="162590" lat="34.1746658" lon="131.4786762"/>
 <node id="3710442638" visible="true" version="1" changeset="33523445" timestamp="2015-08-23T11:51:32Z" user="higa4" uid="162590" lat="34.1746139" lon="131.4787259"/>
 <node id="3710442639" visible="true" version="1" changeset="33523445" timestamp="2015-08-23T11:51:32Z" user="higa4" uid="162590" lat="34.1746621" lon="131.4787996"/>
 <node id="3710442640" visible="true" version="1" changeset="33523445" timestamp="2015-08-23T11:51:32Z" user="higa4" uid="162590" lat="34.1747631" lon="131.4788210"/>
 <node id="3710442641" visible="true" version="1" changeset="33523445" timestamp="2015-08-23T11:51:32Z" user="higa4" uid="162590" lat="34.1747150" lon="131.4787513"/>
 <node id="3710442642" visible="true" version="1" changeset="33523445" timestamp="2015-08-23T11:51:32Z" user="higa4" uid="162590" lat="34.1746631" lon="131.4788009"/>
 <node id="3710442643" visible="true" version="1" changeset="33523445" timestamp="2015-08-23T11:51:33Z" user="higa4" uid="162590" lat="34.1747110" lon="131.4788699"/>
 <node id="3710442644" visible="true" version="2" changeset="56413413" timestamp="2018-02-16T13:06:40Z" user="mklyr" uid="614924" lat="34.1748132" lon="131.4790307"/>
 <node id="3710442645" visible="true" version="2" changeset="56413413" timestamp="2018-02-16T13:06:40Z" user="mklyr" uid="614924" lat="34.1747594" lon="131.4789460"/>
 <node id="3710442646" visible="true" version="2" changeset="56413413" timestamp="2018-02-16T13:06:40Z" user="mklyr" uid="614924" lat="34.1747193" lon="131.4789832"/>
 <node id="3710442647" visible="true" version="2" changeset="56413413" timestamp="2018-02-16T13:06:40Z" user="mklyr" uid="614924" lat="34.1747731" lon="131.4790679"/>
 <node id="3710567053" visible="true" version="1" changeset="33525003" timestamp="2015-08-23T13:42:11Z" user="higa4" uid="162590" lat="34.1744538" lon="131.4786397"/>
 <node id="3710567054" visible="true" version="1" changeset="33525003" timestamp="2015-08-23T13:42:11Z" user="higa4" uid="162590" lat="34.1743948" lon="131.4785507"/>
 <node id="3710567055" visible="true" version="1" changeset="33525003" timestamp="2015-08-23T13:42:11Z" user="higa4" uid="162590" lat="34.1743557" lon="131.4786393"/>
 <node id="3710567056" visible="true" version="1" changeset="33525003" timestamp="2015-08-23T13:42:11Z" user="higa4" uid="162590" lat="34.1743942" lon="131.4786974"/>
 <node id="3710567057" visible="true" version="1" changeset="33525003" timestamp="2015-08-23T13:42:11Z" user="higa4" uid="162590" lat="34.1743697" lon="131.4785750"/>
 <node id="3710567058" visible="true" version="1" changeset="33525003" timestamp="2015-08-23T13:42:11Z" user="higa4" uid="162590" lat="34.1743902" lon="131.4786060"/>
 <node id="3710567059" visible="true" version="1" changeset="33525003" timestamp="2015-08-23T13:42:11Z" user="higa4" uid="162590" lat="34.1743897" lon="131.4785281"/>
 <node id="3710567060" visible="true" version="1" changeset="33525003" timestamp="2015-08-23T13:42:11Z" user="higa4" uid="162590" lat="34.1742989" lon="131.4783874"/>
 <node id="3710567061" visible="true" version="1" changeset="33525003" timestamp="2015-08-23T13:42:11Z" user="higa4" uid="162590" lat="34.1742358" lon="131.4784469"/>
 <node id="3710567062" visible="true" version="1" changeset="33525003" timestamp="2015-08-23T13:42:11Z" user="higa4" uid="162590" lat="34.1743541" lon="131.4786304"/>
 <node id="3710567063" visible="true" version="1" changeset="33525003" timestamp="2015-08-23T13:42:11Z" user="higa4" uid="162590" lat="34.1743550" lon="131.4785608"/>
 <node id="3710567064" visible="true" version="1" changeset="33525003" timestamp="2015-08-23T13:42:11Z" user="higa4" uid="162590" lat="34.1743826" lon="131.4786036"/>
 <node id="3710567065" visible="true" version="1" changeset="33525003" timestamp="2015-08-23T13:42:11Z" user="higa4" uid="162590" lat="34.1743852" lon="131.4784068"/>
 <node id="3710567066" visible="true" version="1" changeset="33525003" timestamp="2015-08-23T13:42:11Z" user="higa4" uid="162590" lat="34.1743769" lon="131.4783527"/>
 <node id="3710567067" visible="true" version="1" changeset="33525003" timestamp="2015-08-23T13:42:11Z" user="higa4" uid="162590" lat="34.1743199" lon="131.4784086"/>
 <node id="3710567068" visible="true" version="1" changeset="33525003" timestamp="2015-08-23T13:42:11Z" user="higa4" uid="162590" lat="34.1743803" lon="131.4784986"/>
 <node id="3710567069" visible="true" version="1" changeset="33525003" timestamp="2015-08-23T13:42:11Z" user="higa4" uid="162590" lat="34.1744021" lon="131.4783903"/>
 <node id="3710567070" visible="true" version="1" changeset="33525003" timestamp="2015-08-23T13:42:11Z" user="higa4" uid="162590" lat="34.1744204" lon="131.4784593"/>
 <node id="3710567071" visible="true" version="1" changeset="33525003" timestamp="2015-08-23T13:42:11Z" user="higa4" uid="162590" lat="34.1744872" lon="131.4785306"/>
 <node id="3710567072" visible="true" version="1" changeset="33525003" timestamp="2015-08-23T13:42:11Z" user="higa4" uid="162590" lat="34.1744475" lon="131.4784703"/>
 <node id="3710567073" visible="true" version="1" changeset="33525003" timestamp="2015-08-23T13:42:12Z" user="higa4" uid="162590" lat="34.1743827" lon="131.4785066"/>
 <node id="3710567074" visible="true" version="1" changeset="33525003" timestamp="2015-08-23T13:42:12Z" user="higa4" uid="162590" lat="34.1744320" lon="131.4785836"/>
 <node id="3710567075" visible="true" version="1" changeset="33525003" timestamp="2015-08-23T13:42:12Z" user="higa4" uid="162590" lat="34.1744085" lon="131.4784822"/>
 <node id="3710567076" visible="true" version="1" changeset="33525003" timestamp="2015-08-23T13:42:12Z" user="higa4" uid="162590" lat="34.1744185" lon="131.4784977"/>
 <node id="3710567077" visible="true" version="1" changeset="33525003" timestamp="2015-08-23T13:42:12Z" user="higa4" uid="162590" lat="34.1745481" lon="131.4785561"/>
 <node id="3710567078" visible="true" version="1" changeset="33525003" timestamp="2015-08-23T13:42:12Z" user="higa4" uid="162590" lat="34.1745171" lon="131.4785087"/>
 <node id="3710567079" visible="true" version="1" changeset="33525003" timestamp="2015-08-23T13:42:12Z" user="higa4" uid="162590" lat="34.1744311" lon="131.4785907"/>
 <node id="3710567080" visible="true" version="1" changeset="33525003" timestamp="2015-08-23T13:42:12Z" user="higa4" uid="162590" lat="34.1744620" lon="131.4786381"/>
 <node id="3710567081" visible="true" version="1" changeset="33525003" timestamp="2015-08-23T13:42:12Z" user="higa4" uid="162590" lat="34.1745867" lon="131.4785122"/>
 <node id="3710567082" visible="true" version="1" changeset="33525003" timestamp="2015-08-23T13:42:12Z" user="higa4" uid="162590" lat="34.1743962" lon="131.4782507"/>
 <node id="3710567083" visible="true" version="1" changeset="33525003" timestamp="2015-08-23T13:42:12Z" user="higa4" uid="162590" lat="34.1743336" lon="131.4782829"/>
 <node id="3710567084" visible="true" version="1" changeset="33525003" timestamp="2015-08-23T13:42:12Z" user="higa4" uid="162590" lat="34.1745040" lon="131.4785142"/>
 <node id="3710567085" visible="true" version="1" changeset="33525003" timestamp="2015-08-23T13:42:12Z" user="higa4" uid="162590" lat="34.1745173" lon="131.4785021"/>
 <node id="3710567086" visible="true" version="1" changeset="33525003" timestamp="2015-08-23T13:42:12Z" user="higa4" uid="162590" lat="34.1745517" lon="131.4785477"/>
 <node id="3710567087" visible="true" version="1" changeset="33525003" timestamp="2015-08-23T13:42:12Z" user="higa4" uid="162590" lat="34.1743521" lon="131.4783139"/>
 <node id="3710567088" visible="true" version="1" changeset="33525003" timestamp="2015-08-23T13:42:12Z" user="higa4" uid="162590" lat="34.1743121" lon="131.4782546"/>
 <node id="3710567089" visible="true" version="1" changeset="33525003" timestamp="2015-08-23T13:42:12Z" user="higa4" uid="162590" lat="34.1741911" lon="131.4783737"/>
 <node id="3710567090" visible="true" version="1" changeset="33525003" timestamp="2015-08-23T13:42:12Z" user="higa4" uid="162590" lat="34.1742311" lon="131.4784330"/>
 <node id="3710570213" visible="true" version="1" changeset="33525055" timestamp="2015-08-23T13:44:51Z" user="higa4" uid="162590" lat="34.1743970" lon="131.4780871"/>
 <node id="3710570214" visible="true" version="1" changeset="33525055" timestamp="2015-08-23T13:44:51Z" user="higa4" uid="162590" lat="34.1743659" lon="131.4779570"/>
 <node id="3710570215" visible="true" version="1" changeset="33525055" timestamp="2015-08-23T13:44:51Z" user="higa4" uid="162590" lat="34.1742320" lon="131.4780898"/>
 <node id="3710570216" visible="true" version="1" changeset="33525055" timestamp="2015-08-23T13:44:51Z" user="higa4" uid="162590" lat="34.1743126" lon="131.4781675"/>
 <node id="3710570217" visible="true" version="1" changeset="33525055" timestamp="2015-08-23T13:44:51Z" user="higa4" uid="162590" lat="34.1742732" lon="131.4781481"/>
 <node id="3710570218" visible="true" version="1" changeset="33525055" timestamp="2015-08-23T13:44:51Z" user="higa4" uid="162590" lat="34.1743348" lon="131.4782319"/>
 <node id="3710570219" visible="true" version="1" changeset="33525055" timestamp="2015-08-23T13:44:51Z" user="higa4" uid="162590" lat="34.1744530" lon="131.4781186"/>
 <node id="3710570220" visible="true" version="1" changeset="33525055" timestamp="2015-08-23T13:44:51Z" user="higa4" uid="162590" lat="34.1743931" lon="131.4780254"/>
 <node id="3710570221" visible="true" version="1" changeset="33525055" timestamp="2015-08-23T13:44:51Z" user="higa4" uid="162590" lat="34.1743726" lon="131.4780482"/>
 <node id="3710570222" visible="true" version="1" changeset="33525055" timestamp="2015-08-23T13:44:51Z" user="higa4" uid="162590" lat="34.1743836" lon="131.4779865"/>
 <node id="3710570223" visible="true" version="1" changeset="33525055" timestamp="2015-08-23T13:44:51Z" user="higa4" uid="162590" lat="34.1743742" lon="131.4779952"/>
 <node id="3710570224" visible="true" version="1" changeset="33525055" timestamp="2015-08-23T13:44:51Z" user="higa4" uid="162590" lat="34.1744164" lon="131.4780649"/>
 <node id="3710570225" visible="true" version="1" changeset="33525055" timestamp="2015-08-23T13:44:51Z" user="higa4" uid="162590" lat="34.1742860" lon="131.4781360"/>
 <node id="3710570226" visible="true" version="1" changeset="33525055" timestamp="2015-08-23T13:44:51Z" user="higa4" uid="162590" lat="34.1742999" lon="131.4781830"/>
 <node id="3710570227" visible="true" version="1" changeset="33525055" timestamp="2015-08-23T13:44:51Z" user="higa4" uid="162590" lat="34.1740981" lon="131.4784498"/>
 <node id="3710570228" visible="true" version="1" changeset="33525055" timestamp="2015-08-23T13:44:51Z" user="higa4" uid="162590" lat="34.1740136" lon="131.4783271"/>
 <node id="3710570229" visible="true" version="1" changeset="33525055" timestamp="2015-08-23T13:44:51Z" user="higa4" uid="162590" lat="34.1739648" lon="131.4784203"/>
 <node id="3710570230" visible="true" version="1" changeset="33525055" timestamp="2015-08-23T13:44:51Z" user="higa4" uid="162590" lat="34.1740264" lon="131.4785209"/>
 <node id="3710570231" visible="true" version="1" changeset="33525055" timestamp="2015-08-23T13:44:51Z" user="higa4" uid="162590" lat="34.1739726" lon="131.4783714"/>
 <node id="3710570232" visible="true" version="1" changeset="33525055" timestamp="2015-08-23T13:44:51Z" user="higa4" uid="162590" lat="34.1739864" lon="131.4783942"/>
 <node id="3716202776" visible="true" version="4" changeset="186084332" timestamp="2026-07-20T21:25:35Z" user="geomaster01" uid="24232512" lat="34.1753343" lon="131.4781999">
  <tag k="addr:full" v="山口県山口市駅前通り２丁目１－１９"/>
  <tag k="branch" v="山口駅前通り店"/>
  <tag k="contact:phone" v="+81 83 923 7525"/>
  <tag k="mapillary" v="174644701210121"/>
  <tag k="name" v="セブンイレブン"/>
  <tag k="shop" v="convenience"/>
 </node>
 <node id="3716218300" visible="true" version="2" changeset="33610835" timestamp="2015-08-27T02:16:00Z" user="higa4" uid="162590" lat="34.1753050" lon="131.4780689"/>
 <node id="3716218301" visible="true" version="2" changeset="33610835" timestamp="2015-08-27T02:16:00Z" user="higa4" uid="162590" lat="34.1752794" lon="131.4780941"/>
 <node id="3716218302" visible="true" version="2" changeset="33610835" timestamp="2015-08-27T02:16:00Z" user="higa4" uid="162590" lat="34.1752991" lon="131.4781234"/>
 <node id="3716218303" visible="true" version="2" changeset="33610835" timestamp="2015-08-27T02:16:00Z" user="higa4" uid="162590" lat="34.1752505" lon="131.4781713"/>
 <node id="3716218304" visible="true" version="2" changeset="33610835" timestamp="2015-08-27T02:16:00Z" user="higa4" uid="162590" lat="34.1753400" lon="131.4783042"/>
 <node id="3716218305" visible="true" version="2" changeset="33610835" timestamp="2015-08-27T02:16:00Z" user="higa4" uid="162590" lat="34.1754142" lon="131.4782312"/>
 <node id="4607349515" visible="true" version="1" changeset="45154184" timestamp="2017-01-14T06:38:55Z" user="freshcl" uid="1204536" lat="34.1729504" lon="131.4804548"/>
 <node id="4607349516" visible="true" version="1" changeset="45154184" timestamp="2017-01-14T06:38:55Z" user="freshcl" uid="1204536" lat="34.1729819" lon="131.4804434"/>
 <node id="4607349517" visible="true" version="1" changeset="45154184" timestamp="2017-01-14T06:38:55Z" user="freshcl" uid="1204536" lat="34.1730464" lon="131.4804510"/>
 <node id="4607349518" visible="true" version="1" changeset="45154184" timestamp="2017-01-14T06:38:55Z" user="freshcl" uid="1204536" lat="34.1731707" lon="131.4805632"/>
 <node id="4607349519" visible="true" version="1" changeset="45154184" timestamp="2017-01-14T06:38:55Z" user="freshcl" uid="1204536" lat="34.1731739" lon="131.4806412"/>
 <node id="4607349520" visible="true" version="1" changeset="45154184" timestamp="2017-01-14T06:38:55Z" user="freshcl" uid="1204536" lat="34.1731392" lon="131.4807059"/>
 <node id="4607349521" visible="true" version="1" changeset="45154184" timestamp="2017-01-14T06:38:55Z" user="freshcl" uid="1204536" lat="34.1729143" lon="131.4804967"/>
 <node id="4607349528" visible="true" version="4" changeset="118039848" timestamp="2022-03-03T03:21:21Z" user="okadatsuneo_import" uid="12352917" lat="34.1725704" lon="131.4798728"/>
 <node id="5415747580" visible="true" version="1" changeset="56403979" timestamp="2018-02-16T06:09:22Z" user="mklyr" uid="614924" lat="34.1748806" lon="131.4808050"/>
 <node id="5416052821" visible="true" version="1" changeset="56407542" timestamp="2018-02-16T09:18:46Z" user="mklyr" uid="614924" lat="34.1775357" lon="131.4817800"/>
 <node id="5416052828" visible="true" version="1" changeset="56407542" timestamp="2018-02-16T09:18:46Z" user="mklyr" uid="614924" lat="34.1769369" lon="131.4761006"/>
 <node id="5416485363" visible="true" version="1" changeset="56413413" timestamp="2018-02-16T13:06:35Z" user="mklyr" uid="614924" lat="34.1744646" lon="131.4795992"/>
 <node id="5416485364" visible="true" version="1" changeset="56413413" timestamp="2018-02-16T13:06:35Z" user="mklyr" uid="614924" lat="34.1748281" lon="131.4801391"/>
 <node id="5416485365" visible="true" version="1" changeset="56413413" timestamp="2018-02-16T13:06:35Z" user="mklyr" uid="614924" lat="34.1749278" lon="131.4778699"/>
 <node id="5416485366" visible="true" version="1" changeset="56413413" timestamp="2018-02-16T13:06:35Z" user="mklyr" uid="614924" lat="34.1748671" lon="131.4779308"/>
 <node id="5416485367" visible="true" version="1" changeset="56413413" timestamp="2018-02-16T13:06:35Z" user="mklyr" uid="614924" lat="34.1748512" lon="131.4779076"/>
 <node id="5416485368" visible="true" version="1" changeset="56413413" timestamp="2018-02-16T13:06:35Z" user="mklyr" uid="614924" lat="34.1748303" lon="131.4779285"/>
 <node id="5416485369" visible="true" version="1" changeset="56413413" timestamp="2018-02-16T13:06:35Z" user="mklyr" uid="614924" lat="34.1748417" lon="131.4779451"/>
 <node id="5416485370" visible="true" version="1" changeset="56413413" timestamp="2018-02-16T13:06:35Z" user="mklyr" uid="614924" lat="34.1748127" lon="131.4779742"/>
 <node id="5416485371" visible="true" version="1" changeset="56413413" timestamp="2018-02-16T13:06:35Z" user="mklyr" uid="614924" lat="34.1748234" lon="131.4779898"/>
 <node id="5416485372" visible="true" version="1" changeset="56413413" timestamp="2018-02-16T13:06:35Z" user="mklyr" uid="614924" lat="34.1747782" lon="131.4780351"/>
 <node id="5416485373" visible="true" version="1" changeset="56413413" timestamp="2018-02-16T13:06:35Z" user="mklyr" uid="614924" lat="34.1747651" lon="131.4780160"/>
 <node id="5416485374" visible="true" version="1" changeset="56413413" timestamp="2018-02-16T13:06:35Z" user="mklyr" uid="614924" lat="34.1747299" lon="131.4780513"/>
 <node id="5416485375" visible="true" version="1" changeset="56413413" timestamp="2018-02-16T13:06:35Z" user="mklyr" uid="614924" lat="34.1746431" lon="131.4779247"/>
 <node id="5416485376" visible="true" version="1" changeset="56413413" timestamp="2018-02-16T13:06:35Z" user="mklyr" uid="614924" lat="34.1746603" lon="131.4779075"/>
 <node id="5416485377" visible="true" version="1" changeset="56413413" timestamp="2018-02-16T13:06:35Z" user="mklyr" uid="614924" lat="34.1746387" lon="131.4778759"/>
 <node id="5416485378" visible="true" version="1" changeset="56413413" timestamp="2018-02-16T13:06:35Z" user="mklyr" uid="614924" lat="34.1747820" lon="131.4777323"/>
 <node id="5416485379" visible="true" version="1" changeset="56413413" timestamp="2018-02-16T13:06:35Z" user="mklyr" uid="614924" lat="34.1747265" lon="131.4776514"/>
 <node id="5416485380" visible="true" version="1" changeset="56413413" timestamp="2018-02-16T13:06:35Z" user="mklyr" uid="614924" lat="34.1747570" lon="131.4776209"/>
 <node id="5416486453" visible="true" version="1" changeset="56413413" timestamp="2018-02-16T13:06:36Z" user="mklyr" uid="614924" lat="34.1754192" lon="131.4774818"/>
 <node id="5416486454" visible="true" version="1" changeset="56413413" timestamp="2018-02-16T13:06:36Z" user="mklyr" uid="614924" lat="34.1753907" lon="131.4775086"/>
 <node id="5416486455" visible="true" version="1" changeset="56413413" timestamp="2018-02-16T13:06:36Z" user="mklyr" uid="614924" lat="34.1753997" lon="131.4775226"/>
 <node id="5416486456" visible="true" version="1" changeset="56413413" timestamp="2018-02-16T13:06:36Z" user="mklyr" uid="614924" lat="34.1753503" lon="131.4775690"/>
 <node id="5416486457" visible="true" version="1" changeset="56413413" timestamp="2018-02-16T13:06:36Z" user="mklyr" uid="614924" lat="34.1753410" lon="131.4775546"/>
 <node id="5416486458" visible="true" version="1" changeset="56413413" timestamp="2018-02-16T13:06:36Z" user="mklyr" uid="614924" lat="34.1753074" lon="131.4775862"/>
 <node id="5416486459" visible="true" version="1" changeset="56413413" timestamp="2018-02-16T13:06:36Z" user="mklyr" uid="614924" lat="34.1752131" lon="131.4774396"/>
 <node id="5416486460" visible="true" version="1" changeset="56413413" timestamp="2018-02-16T13:06:36Z" user="mklyr" uid="614924" lat="34.1753247" lon="131.4773348"/>
 <node id="6546638574" visible="true" version="1" changeset="71239066" timestamp="2019-06-14T04:54:26Z" user="hibagonsan" uid="5939709" lat="34.1732171" lon="131.4796973"/>
 <node id="6546638575" visible="true" version="1" changeset="71239066" timestamp="2019-06-14T04:54:26Z" user="hibagonsan" uid="5939709" lat="34.1731245" lon="131.4798052"/>
 <node id="6546638576" visible="true" version="1" changeset="71239066" timestamp="2019-06-14T04:54:26Z" user="hibagonsan" uid="5939709" lat="34.1731902" lon="131.4798877"/>
 <node id="6546638577" visible="true" version="1" changeset="71239066" timestamp="2019-06-14T04:54:26Z" user="hibagonsan" uid="5939709" lat="34.1732828" lon="131.4797797"/>
 <node id="6546638578" visible="true" version="1" changeset="71239066" timestamp="2019-06-14T04:54:26Z" user="hibagonsan" uid="5939709" lat="34.1744386" lon="131.4802154"/>
 <node id="6546638579" visible="true" version="1" changeset="71239066" timestamp="2019-06-14T04:54:26Z" user="hibagonsan" uid="5939709" lat="34.1743454" lon="131.4803294"/>
 <node id="6546638580" visible="true" version="1" changeset="71239066" timestamp="2019-06-14T04:54:26Z" user="hibagonsan" uid="5939709" lat="34.1743180" lon="131.4802967"/>
 <node id="6546638581" visible="true" version="1" changeset="71239066" timestamp="2019-06-14T04:54:26Z" user="hibagonsan" uid="5939709" lat="34.1744112" lon="131.4801827"/>
 <node id="6546638582" visible="true" version="1" changeset="71239066" timestamp="2019-06-14T04:54:26Z" user="hibagonsan" uid="5939709" lat="34.1744023" lon="131.4801688"/>
 <node id="6546638583" visible="true" version="1" changeset="71239066" timestamp="2019-06-14T04:54:26Z" user="hibagonsan" uid="5939709" lat="34.1742969" lon="131.4800495"/>
 <node id="6546638584" visible="true" version="1" changeset="71239066" timestamp="2019-06-14T04:54:26Z" user="hibagonsan" uid="5939709" lat="34.1742248" lon="131.4801425"/>
 <node id="6546740985" visible="true" version="1" changeset="71239066" timestamp="2019-06-14T04:54:26Z" user="hibagonsan" uid="5939709" lat="34.1743303" lon="131.4802618"/>
 <node id="6585430471" visible="true" version="1" changeset="71840819" timestamp="2019-07-03T00:18:04Z" user="hibagonsan" uid="5939709" lat="34.1728479" lon="131.4782381"/>
 <node id="6585430472" visible="true" version="1" changeset="71840819" timestamp="2019-07-03T00:18:04Z" user="hibagonsan" uid="5939709" lat="34.1725949" lon="131.4778961"/>
 <node id="6585430473" visible="true" version="1" changeset="71840819" timestamp="2019-07-03T00:18:04Z" user="hibagonsan" uid="5939709" lat="34.1730398" lon="131.4774710"/>
 <node id="6585430474" visible="true" version="1" changeset="71840819" timestamp="2019-07-03T00:18:04Z" user="hibagonsan" uid="5939709" lat="34.1732629" lon="131.4778183"/>
 <node id="6758172779" visible="true" version="1" changeset="73901847" timestamp="2019-08-30T00:43:56Z" user="hibagonsan" uid="5939709" lat="34.1743567" lon="131.4775456"/>
 <node id="6758172780" visible="true" version="1" changeset="73901847" timestamp="2019-08-30T00:43:56Z" user="hibagonsan" uid="5939709" lat="34.1742963" lon="131.4774611"/>
 <node id="6758172781" visible="true" version="1" changeset="73901847" timestamp="2019-08-30T00:43:56Z" user="hibagonsan" uid="5939709" lat="34.1743580" lon="131.4773966"/>
 <node id="6758172782" visible="true" version="1" changeset="73901847" timestamp="2019-08-30T00:43:56Z" user="hibagonsan" uid="5939709" lat="34.1744185" lon="131.4774811"/>
 <node id="6758172783" visible="true" version="1" changeset="73901847" timestamp="2019-08-30T00:43:56Z" user="hibagonsan" uid="5939709" lat="34.1745476" lon="131.4774027"/>
 <node id="6758172784" visible="true" version="1" changeset="73901847" timestamp="2019-08-30T00:43:56Z" user="hibagonsan" uid="5939709" lat="34.1744599" lon="131.4774980"/>
 <node id="6758219111" visible="true" version="1" changeset="73901829" timestamp="2019-08-30T00:41:53Z" user="hibagonsan" uid="5939709" lat="34.1751249" lon="131.4777175"/>
 <node id="6758219112" visible="true" version="1" changeset="73901829" timestamp="2019-08-30T00:41:53Z" user="hibagonsan" uid="5939709" lat="34.1751629" lon="131.4777787"/>
 <node id="6758219113" visible="true" version="1" changeset="73901829" timestamp="2019-08-30T00:41:53Z" user="hibagonsan" uid="5939709" lat="34.1752256" lon="131.4777218"/>
 <node id="6758219114" visible="true" version="1" changeset="73901829" timestamp="2019-08-30T00:41:53Z" user="hibagonsan" uid="5939709" lat="34.1750339" lon="131.4778001"/>
 <node id="6758219115" visible="true" version="1" changeset="73901829" timestamp="2019-08-30T00:41:53Z" user="hibagonsan" uid="5939709" lat="34.1751385" lon="131.4779685"/>
 <node id="6758219116" visible="true" version="1" changeset="73901829" timestamp="2019-08-30T00:41:53Z" user="hibagonsan" uid="5939709" lat="34.1752922" lon="131.4778291"/>
 <node id="6758219117" visible="true" version="1" changeset="73901829" timestamp="2019-08-30T00:41:53Z" user="hibagonsan" uid="5939709" lat="34.1753965" lon="131.4777445"/>
 <node id="6758219118" visible="true" version="1" changeset="73901829" timestamp="2019-08-30T00:41:53Z" user="hibagonsan" uid="5939709" lat="34.1753404" lon="131.4776486"/>
 <node id="6758219119" visible="true" version="1" changeset="73901829" timestamp="2019-08-30T00:41:53Z" user="hibagonsan" uid="5939709" lat="34.1752955" lon="131.4776869"/>
 <node id="6758219120" visible="true" version="1" changeset="73901829" timestamp="2019-08-30T00:41:53Z" user="hibagonsan" uid="5939709" lat="34.1753516" lon="131.4777828"/>
 <node id="6758219121" visible="true" version="1" changeset="73901829" timestamp="2019-08-30T00:41:53Z" user="hibagonsan" uid="5939709" lat="34.1754542" lon="131.4776872"/>
 <node id="6758219122" visible="true" version="1" changeset="73901829" timestamp="2019-08-30T00:41:53Z" user="hibagonsan" uid="5939709" lat="34.1753632" lon="131.4775639"/>
 <node id="6758219123" visible="true" version="1" changeset="73901829" timestamp="2019-08-30T00:41:53Z" user="hibagonsan" uid="5939709" lat="34.1753200" lon="131.4776105"/>
 <node id="6758219124" visible="true" version="1" changeset="73901829" timestamp="2019-08-30T00:41:53Z" user="hibagonsan" uid="5939709" lat="34.1754109" lon="131.4777338"/>
 <node id="6758219125" visible="true" version="1" changeset="73901829" timestamp="2019-08-30T00:41:53Z" user="hibagonsan" uid="5939709" lat="34.1753388" lon="131.4777828"/>
 <node id="6758219126" visible="true" version="1" changeset="73901829" timestamp="2019-08-30T00:41:53Z" user="hibagonsan" uid="5939709" lat="34.1752651" lon="131.4776748"/>
 <node id="6758219127" visible="true" version="1" changeset="73901829" timestamp="2019-08-30T00:41:53Z" user="hibagonsan" uid="5939709" lat="34.1752268" lon="131.4777131"/>
 <node id="6758219128" visible="true" version="1" changeset="73901829" timestamp="2019-08-30T00:41:53Z" user="hibagonsan" uid="5939709" lat="34.1753005" lon="131.4778210"/>
 <node id="6758219129" visible="true" version="1" changeset="73901829" timestamp="2019-08-30T00:41:53Z" user="hibagonsan" uid="5939709" lat="34.1752004" lon="131.4775859"/>
 <node id="6758219130" visible="true" version="1" changeset="73901829" timestamp="2019-08-30T00:41:53Z" user="hibagonsan" uid="5939709" lat="34.1751338" lon="131.4774894"/>
 <node id="6758219131" visible="true" version="1" changeset="73901829" timestamp="2019-08-30T00:41:53Z" user="hibagonsan" uid="5939709" lat="34.1750975" lon="131.4775260"/>
 <node id="6758219132" visible="true" version="1" changeset="73901829" timestamp="2019-08-30T00:41:53Z" user="hibagonsan" uid="5939709" lat="34.1751641" lon="131.4776225"/>
 <node id="6758219133" visible="true" version="1" changeset="73901829" timestamp="2019-08-30T00:41:53Z" user="hibagonsan" uid="5939709" lat="34.1751210" lon="131.4774679"/>
 <node id="6758219134" visible="true" version="1" changeset="73901829" timestamp="2019-08-30T00:41:53Z" user="hibagonsan" uid="5939709" lat="34.1750672" lon="131.4773995"/>
 <node id="6758219135" visible="true" version="1" changeset="73901829" timestamp="2019-08-30T00:41:53Z" user="hibagonsan" uid="5939709" lat="34.1750365" lon="131.4774348"/>
 <node id="6758219136" visible="true" version="1" changeset="73901829" timestamp="2019-08-30T00:41:53Z" user="hibagonsan" uid="5939709" lat="34.1750903" lon="131.4775032"/>
 <node id="6758219137" visible="true" version="1" changeset="73901829" timestamp="2019-08-30T00:41:53Z" user="hibagonsan" uid="5939709" lat="34.1751100" lon="131.4775822"/>
 <node id="6758219138" visible="true" version="1" changeset="73901829" timestamp="2019-08-30T00:41:53Z" user="hibagonsan" uid="5939709" lat="34.1750446" lon="131.4774856"/>
 <node id="6758219139" visible="true" version="1" changeset="73901829" timestamp="2019-08-30T00:41:53Z" user="hibagonsan" uid="5939709" lat="34.1749910" lon="131.4775387"/>
 <node id="6758219140" visible="true" version="1" changeset="73901829" timestamp="2019-08-30T00:41:53Z" user="hibagonsan" uid="5939709" lat="34.1750564" lon="131.4776353"/>
 <node id="6758219141" visible="true" version="1" changeset="73901829" timestamp="2019-08-30T00:41:53Z" user="hibagonsan" uid="5939709" lat="34.1752239" lon="131.4776240"/>
 <node id="6758219142" visible="true" version="1" changeset="73901829" timestamp="2019-08-30T00:41:53Z" user="hibagonsan" uid="5939709" lat="34.1751856" lon="131.4776629"/>
 <node id="6758219143" visible="true" version="1" changeset="73901829" timestamp="2019-08-30T00:41:53Z" user="hibagonsan" uid="5939709" lat="34.1752112" lon="131.4776997"/>
 <node id="6758219144" visible="true" version="1" changeset="73901829" timestamp="2019-08-30T00:41:53Z" user="hibagonsan" uid="5939709" lat="34.1752495" lon="131.4776608"/>
 <node id="6758219145" visible="true" version="1" changeset="73901829" timestamp="2019-08-30T00:41:53Z" user="hibagonsan" uid="5939709" lat="34.1749996" lon="131.4777928"/>
 <node id="6758219146" visible="true" version="1" changeset="73901829" timestamp="2019-08-30T00:41:53Z" user="hibagonsan" uid="5939709" lat="34.1749419" lon="131.4777090"/>
 <node id="6758219147" visible="true" version="1" changeset="73901829" timestamp="2019-08-30T00:41:53Z" user="hibagonsan" uid="5939709" lat="34.1750098" lon="131.4776406"/>
 <node id="6758219148" visible="true" version="1" changeset="73901829" timestamp="2019-08-30T00:41:53Z" user="hibagonsan" uid="5939709" lat="34.1750675" lon="131.4777245"/>
 <node id="6758219149" visible="true" version="1" changeset="73901829" timestamp="2019-08-30T00:41:53Z" user="hibagonsan" uid="5939709" lat="34.1751552" lon="131.4777493"/>
 <node id="6758219150" visible="true" version="1" changeset="73901829" timestamp="2019-08-30T00:41:53Z" user="hibagonsan" uid="5939709" lat="34.1750975" lon="131.4776608"/>
 <node id="6758219151" visible="true" version="1" changeset="73901829" timestamp="2019-08-30T00:41:53Z" user="hibagonsan" uid="5939709" lat="34.1751446" lon="131.4776158"/>
 <node id="6758219152" visible="true" version="1" changeset="73901829" timestamp="2019-08-30T00:41:53Z" user="hibagonsan" uid="5939709" lat="34.1752023" lon="131.4777043"/>
 <node id="6758219153" visible="true" version="1" changeset="73901829" timestamp="2019-08-30T00:41:53Z" user="hibagonsan" uid="5939709" lat="34.1752199" lon="131.4784211"/>
 <node id="6758219154" visible="true" version="1" changeset="73901829" timestamp="2019-08-30T00:41:53Z" user="hibagonsan" uid="5939709" lat="34.1751783" lon="131.4783580"/>
 <node id="6758219155" visible="true" version="1" changeset="73901829" timestamp="2019-08-30T00:41:53Z" user="hibagonsan" uid="5939709" lat="34.1752207" lon="131.4783172"/>
 <node id="6758219156" visible="true" version="1" changeset="73901829" timestamp="2019-08-30T00:41:53Z" user="hibagonsan" uid="5939709" lat="34.1752623" lon="131.4783803"/>
 <node id="6758219157" visible="true" version="1" changeset="73901829" timestamp="2019-08-30T00:41:53Z" user="hibagonsan" uid="5939709" lat="34.1751657" lon="131.4782917"/>
 <node id="6758219158" visible="true" version="1" changeset="73901829" timestamp="2019-08-30T00:41:53Z" user="hibagonsan" uid="5939709" lat="34.1752025" lon="131.4782900"/>
 <node id="6758219159" visible="true" version="1" changeset="73901829" timestamp="2019-08-30T00:41:53Z" user="hibagonsan" uid="5939709" lat="34.1751537" lon="131.4782048"/>
 <node id="6758219160" visible="true" version="1" changeset="73901829" timestamp="2019-08-30T00:41:53Z" user="hibagonsan" uid="5939709" lat="34.1751103" lon="131.4782435"/>
 <node id="6758219161" visible="true" version="1" changeset="73901829" timestamp="2019-08-30T00:41:53Z" user="hibagonsan" uid="5939709" lat="34.1751474" lon="131.4783045"/>
 <node id="6758219162" visible="true" version="1" changeset="73901829" timestamp="2019-08-30T00:41:53Z" user="hibagonsan" uid="5939709" lat="34.1751415" lon="131.4784167"/>
 <node id="6758219163" visible="true" version="1" changeset="73901829" timestamp="2019-08-30T00:41:53Z" user="hibagonsan" uid="5939709" lat="34.1751185" lon="131.4784143"/>
 <node id="6758219164" visible="true" version="1" changeset="73901829" timestamp="2019-08-30T00:41:53Z" user="hibagonsan" uid="5939709" lat="34.1750904" lon="131.4783680"/>
 <node id="6758219165" visible="true" version="1" changeset="73901829" timestamp="2019-08-30T00:41:53Z" user="hibagonsan" uid="5939709" lat="34.1751045" lon="131.4783556"/>
 <node id="6758219166" visible="true" version="1" changeset="73901829" timestamp="2019-08-30T00:41:53Z" user="hibagonsan" uid="5939709" lat="34.1751808" lon="131.4783820"/>
 <node id="6758219167" visible="true" version="1" changeset="73901829" timestamp="2019-08-30T00:41:53Z" user="hibagonsan" uid="5939709" lat="34.1750786" lon="131.4784496"/>
 <node id="6758219168" visible="true" version="1" changeset="73901829" timestamp="2019-08-30T00:41:53Z" user="hibagonsan" uid="5939709" lat="34.1750082" lon="131.4783333"/>
 <node id="6758219169" visible="true" version="1" changeset="73901829" timestamp="2019-08-30T00:41:53Z" user="hibagonsan" uid="5939709" lat="34.1751014" lon="131.4782508"/>
 <node id="6758219170" visible="true" version="1" changeset="73901829" timestamp="2019-08-30T00:41:53Z" user="hibagonsan" uid="5939709" lat="34.1750743" lon="131.4785402"/>
 <node id="6758219171" visible="true" version="1" changeset="73901829" timestamp="2019-08-30T00:41:53Z" user="hibagonsan" uid="5939709" lat="34.1750516" lon="131.4785072"/>
 <node id="6758219172" visible="true" version="1" changeset="73901829" timestamp="2019-08-30T00:41:53Z" user="hibagonsan" uid="5939709" lat="34.1749540" lon="131.4784263"/>
 <node id="6758219173" visible="true" version="1" changeset="73901829" timestamp="2019-08-30T00:41:53Z" user="hibagonsan" uid="5939709" lat="34.1749737" lon="131.4784548"/>
 <node id="6758219174" visible="true" version="1" changeset="73901829" timestamp="2019-08-30T00:41:53Z" user="hibagonsan" uid="5939709" lat="34.1749305" lon="131.4784500"/>
 <node id="6758219175" visible="true" version="1" changeset="73901829" timestamp="2019-08-30T00:41:53Z" user="hibagonsan" uid="5939709" lat="34.1749635" lon="131.4784980"/>
 <node id="6758219176" visible="true" version="1" changeset="73901829" timestamp="2019-08-30T00:41:53Z" user="hibagonsan" uid="5939709" lat="34.1750332" lon="131.4783949"/>
 <node id="6758219177" visible="true" version="1" changeset="73901829" timestamp="2019-08-30T00:41:53Z" user="hibagonsan" uid="5939709" lat="34.1749440" lon="131.4785177"/>
 <node id="6758219178" visible="true" version="1" changeset="73901829" timestamp="2019-08-30T00:41:53Z" user="hibagonsan" uid="5939709" lat="34.1749838" lon="131.4785754"/>
 <node id="6758219179" visible="true" version="1" changeset="73901829" timestamp="2019-08-30T00:41:53Z" user="hibagonsan" uid="5939709" lat="34.1751092" lon="131.4785052"/>
 <node id="6758219180" visible="true" version="1" changeset="73901829" timestamp="2019-08-30T00:41:53Z" user="hibagonsan" uid="5939709" lat="34.1749466" lon="131.4784975"/>
 <node id="6758219181" visible="true" version="1" changeset="73901829" timestamp="2019-08-30T00:41:53Z" user="hibagonsan" uid="5939709" lat="34.1749244" lon="131.4785181"/>
 <node id="6758219182" visible="true" version="1" changeset="73901829" timestamp="2019-08-30T00:41:53Z" user="hibagonsan" uid="5939709" lat="34.1749502" lon="131.4785589"/>
 <node id="6758219183" visible="true" version="1" changeset="73901829" timestamp="2019-08-30T00:41:53Z" user="hibagonsan" uid="5939709" lat="34.1749164" lon="131.4784498"/>
 <node id="6758219184" visible="true" version="1" changeset="73901829" timestamp="2019-08-30T00:41:53Z" user="hibagonsan" uid="5939709" lat="34.1748495" lon="131.4785117"/>
 <node id="6758219185" visible="true" version="1" changeset="73901829" timestamp="2019-08-30T00:41:53Z" user="hibagonsan" uid="5939709" lat="34.1749055" lon="131.4786002"/>
 <node id="6758219186" visible="true" version="1" changeset="73901829" timestamp="2019-08-30T00:41:53Z" user="hibagonsan" uid="5939709" lat="34.1748772" lon="131.4786083"/>
 <node id="6758219187" visible="true" version="1" changeset="73901829" timestamp="2019-08-30T00:41:53Z" user="hibagonsan" uid="5939709" lat="34.1748195" lon="131.4785258"/>
 <node id="6758219188" visible="true" version="1" changeset="73901829" timestamp="2019-08-30T00:41:53Z" user="hibagonsan" uid="5939709" lat="34.1747835" lon="131.4785627"/>
 <node id="6758219189" visible="true" version="1" changeset="73901829" timestamp="2019-08-30T00:41:53Z" user="hibagonsan" uid="5939709" lat="34.1748412" lon="131.4786451"/>
 <node id="6758219190" visible="true" version="1" changeset="73901829" timestamp="2019-08-30T00:41:53Z" user="hibagonsan" uid="5939709" lat="34.1750624" lon="131.4780514"/>
 <node id="6758219191" visible="true" version="1" changeset="73901829" timestamp="2019-08-30T00:41:53Z" user="hibagonsan" uid="5939709" lat="34.1749770" lon="131.4779321"/>
 <node id="6758219192" visible="true" version="1" changeset="73901829" timestamp="2019-08-30T00:41:53Z" user="hibagonsan" uid="5939709" lat="34.1749466" lon="131.4779638"/>
 <node id="6758219193" visible="true" version="1" changeset="73901829" timestamp="2019-08-30T00:41:53Z" user="hibagonsan" uid="5939709" lat="34.1750320" lon="131.4780832"/>
 <node id="6758219194" visible="true" version="1" changeset="73901829" timestamp="2019-08-30T00:41:53Z" user="hibagonsan" uid="5939709" lat="34.1749838" lon="131.4780264"/>
 <node id="6758219195" visible="true" version="1" changeset="73901829" timestamp="2019-08-30T00:41:53Z" user="hibagonsan" uid="5939709" lat="34.1749061" lon="131.4780975"/>
 <node id="6758219196" visible="true" version="1" changeset="73901829" timestamp="2019-08-30T00:41:53Z" user="hibagonsan" uid="5939709" lat="34.1749438" lon="131.4781576"/>
 <node id="6758219197" visible="true" version="1" changeset="73901829" timestamp="2019-08-30T00:41:53Z" user="hibagonsan" uid="5939709" lat="34.1750215" lon="131.4780866"/>
 <node id="6758219198" visible="true" version="1" changeset="73901829" timestamp="2019-08-30T00:41:53Z" user="hibagonsan" uid="5939709" lat="34.1748915" lon="131.4781118"/>
 <node id="6758219199" visible="true" version="1" changeset="73901829" timestamp="2019-08-30T00:41:53Z" user="hibagonsan" uid="5939709" lat="34.1748565" lon="131.4781501"/>
 <node id="6758219200" visible="true" version="1" changeset="73901829" timestamp="2019-08-30T00:41:53Z" user="hibagonsan" uid="5939709" lat="34.1748933" lon="131.4781992"/>
 <node id="6758219201" visible="true" version="1" changeset="73901829" timestamp="2019-08-30T00:41:53Z" user="hibagonsan" uid="5939709" lat="34.1749283" lon="131.4781610"/>
 <node id="6758219202" visible="true" version="1" changeset="73901829" timestamp="2019-08-30T00:41:53Z" user="hibagonsan" uid="5939709" lat="34.1748454" lon="131.4781567"/>
 <node id="6758219203" visible="true" version="1" changeset="73901829" timestamp="2019-08-30T00:41:53Z" user="hibagonsan" uid="5939709" lat="34.1747766" lon="131.4782332"/>
 <node id="6758219204" visible="true" version="1" changeset="73901829" timestamp="2019-08-30T00:41:53Z" user="hibagonsan" uid="5939709" lat="34.1748140" lon="131.4782824"/>
 <node id="6758219205" visible="true" version="1" changeset="73901829" timestamp="2019-08-30T00:41:53Z" user="hibagonsan" uid="5939709" lat="34.1748828" lon="131.4782059"/>
 <node id="6758219206" visible="true" version="1" changeset="73901829" timestamp="2019-08-30T00:41:53Z" user="hibagonsan" uid="5939709" lat="34.1746719" lon="131.4784106"/>
 <node id="6758219207" visible="true" version="1" changeset="73901829" timestamp="2019-08-30T00:41:53Z" user="hibagonsan" uid="5939709" lat="34.1745221" lon="131.4782269"/>
 <node id="6758219208" visible="true" version="1" changeset="73901829" timestamp="2019-08-30T00:41:53Z" user="hibagonsan" uid="5939709" lat="34.1744767" lon="131.4782810"/>
 <node id="6758219209" visible="true" version="1" changeset="73901829" timestamp="2019-08-30T00:41:53Z" user="hibagonsan" uid="5939709" lat="34.1746265" lon="131.4784648"/>
 <node id="6758219210" visible="true" version="2" changeset="80455261" timestamp="2020-02-03T05:10:26Z" user="hibagonsan" uid="5939709" lat="34.1745878" lon="131.4781381"/>
 <node id="6758219211" visible="true" version="2" changeset="80455261" timestamp="2020-02-03T05:10:26Z" user="hibagonsan" uid="5939709" lat="34.1745367" lon="131.4781891"/>
 <node id="6758219212" visible="true" version="1" changeset="73901829" timestamp="2019-08-30T00:41:53Z" user="hibagonsan" uid="5939709" lat="34.1746942" lon="131.4784192"/>
 <node id="6758219213" visible="true" version="2" changeset="80455261" timestamp="2020-02-03T05:10:26Z" user="hibagonsan" uid="5939709" lat="34.1747453" lon="131.4783681"/>
 <node id="6758219214" visible="true" version="1" changeset="73901829" timestamp="2019-08-30T00:41:53Z" user="hibagonsan" uid="5939709" lat="34.1747762" lon="131.4785725"/>
 <node id="6758219215" visible="true" version="1" changeset="73901829" timestamp="2019-08-30T00:41:53Z" user="hibagonsan" uid="5939709" lat="34.1747018" lon="131.4786462"/>
 <node id="6758219216" visible="true" version="1" changeset="73901829" timestamp="2019-08-30T00:41:53Z" user="hibagonsan" uid="5939709" lat="34.1747608" lon="131.4787330"/>
 <node id="6758219217" visible="true" version="1" changeset="73901829" timestamp="2019-08-30T00:41:53Z" user="hibagonsan" uid="5939709" lat="34.1748351" lon="131.4786592"/>
 <node id="6758219218" visible="true" version="1" changeset="73901829" timestamp="2019-08-30T00:41:53Z" user="hibagonsan" uid="5939709" lat="34.1740129" lon="131.4800701"/>
 <node id="6758219219" visible="true" version="1" changeset="73901829" timestamp="2019-08-30T00:41:53Z" user="hibagonsan" uid="5939709" lat="34.1738332" lon="131.4802578"/>
 <node id="6758219220" visible="true" version="1" changeset="73901829" timestamp="2019-08-30T00:41:53Z" user="hibagonsan" uid="5939709" lat="34.1734992" lon="131.4798260"/>
 <node id="6758219221" visible="true" version="1" changeset="73901829" timestamp="2019-08-30T00:41:53Z" user="hibagonsan" uid="5939709" lat="34.1736878" lon="131.4796489"/>
 <node id="6758220085" visible="true" version="1" changeset="73901847" timestamp="2019-08-30T00:43:56Z" user="hibagonsan" uid="5939709" lat="34.1745167" lon="131.4775743"/>
 <node id="6758220086" visible="true" version="1" changeset="73901847" timestamp="2019-08-30T00:43:56Z" user="hibagonsan" uid="5939709" lat="34.1746043" lon="131.4774790"/>
 <node id="6758220091" visible="true" version="1" changeset="73901847" timestamp="2019-08-30T00:43:56Z" user="hibagonsan" uid="5939709" lat="34.1742400" lon="131.4776197"/>
 <node id="6758220092" visible="true" version="1" changeset="73901847" timestamp="2019-08-30T00:43:56Z" user="hibagonsan" uid="5939709" lat="34.1741790" lon="131.4776787"/>
 <node id="6758220093" visible="true" version="1" changeset="73901847" timestamp="2019-08-30T00:43:56Z" user="hibagonsan" uid="5939709" lat="34.1742182" lon="131.4777379"/>
 <node id="6758220094" visible="true" version="1" changeset="73901847" timestamp="2019-08-30T00:43:56Z" user="hibagonsan" uid="5939709" lat="34.1742792" lon="131.4776789"/>
 <node id="6758220095" visible="true" version="1" changeset="73901847" timestamp="2019-08-30T00:43:56Z" user="hibagonsan" uid="5939709" lat="34.1743482" lon="131.4779154"/>
 <node id="6758220096" visible="true" version="1" changeset="73901847" timestamp="2019-08-30T00:43:56Z" user="hibagonsan" uid="5939709" lat="34.1743086" lon="131.4778564"/>
 <node id="6758220097" visible="true" version="1" changeset="73901847" timestamp="2019-08-30T00:43:56Z" user="hibagonsan" uid="5939709" lat="34.1743408" lon="131.4778248"/>
 <node id="6758220098" visible="true" version="1" changeset="73901847" timestamp="2019-08-30T00:43:56Z" user="hibagonsan" uid="5939709" lat="34.1742450" lon="131.4780166"/>
 <node id="6758220099" visible="true" version="1" changeset="73901847" timestamp="2019-08-30T00:43:56Z" user="hibagonsan" uid="5939709" lat="34.1741561" lon="131.4778841"/>
 <node id="6758220100" visible="true" version="1" changeset="73901847" timestamp="2019-08-30T00:43:56Z" user="hibagonsan" uid="5939709" lat="34.1742914" lon="131.4777513"/>
 <node id="7118873596" visible="true" version="1" changeset="79369053" timestamp="2020-01-09T08:25:32Z" user="hibagonsan" uid="5939709" lat="34.1736462" lon="131.4803827"/>
 <node id="7118873597" visible="true" version="1" changeset="79369053" timestamp="2020-01-09T08:25:32Z" user="hibagonsan" uid="5939709" lat="34.1736059" lon="131.4804280"/>
 <node id="7129712523" visible="true" version="1" changeset="79539052" timestamp="2020-01-14T02:11:35Z" user="hibagonsan" uid="5939709" lat="34.1743661" lon="131.4799689"/>
 <node id="7129712524" visible="true" version="1" changeset="79539052" timestamp="2020-01-14T02:11:35Z" user="hibagonsan" uid="5939709" lat="34.1743927" lon="131.4799396"/>
 <node id="7129712525" visible="true" version="1" changeset="79539052" timestamp="2020-01-14T02:11:35Z" user="hibagonsan" uid="5939709" lat="34.1743772" lon="131.4799863"/>
 <node id="7129712526" visible="true" version="1" changeset="79539052" timestamp="2020-01-14T02:11:35Z" user="hibagonsan" uid="5939709" lat="34.1743294" lon="131.4800460"/>
 <node id="7129712527" visible="true" version="1" changeset="79539052" timestamp="2020-01-14T02:11:35Z" user="hibagonsan" uid="5939709" lat="34.1743547" lon="131.4800754"/>
 <node id="7129712528" visible="true" version="1" changeset="79539052" timestamp="2020-01-14T02:11:35Z" user="hibagonsan" uid="5939709" lat="34.1744024" lon="131.4800157"/>
 <node id="7129712529" visible="true" version="1" changeset="79539052" timestamp="2020-01-14T02:11:35Z" user="hibagonsan" uid="5939709" lat="34.1744347" lon="131.4799953"/>
 <node id="7129712530" visible="true" version="1" changeset="79539052" timestamp="2020-01-14T02:11:35Z" user="hibagonsan" uid="5939709" lat="34.1743404" lon="131.4799347"/>
 <node id="7129712531" visible="true" version="1" changeset="79539052" timestamp="2020-01-14T02:11:35Z" user="hibagonsan" uid="5939709" lat="34.1744057" lon="131.4798629"/>
 <node id="7129712532" visible="true" version="1" changeset="79539052" timestamp="2020-01-14T02:11:35Z" user="hibagonsan" uid="5939709" lat="34.1744734" lon="131.4799527"/>
 <node id="7129712533" visible="true" version="1" changeset="79539052" timestamp="2020-01-14T02:11:35Z" user="hibagonsan" uid="5939709" lat="34.1743581" lon="131.4800009"/>
 <node id="7129712534" visible="true" version="1" changeset="79539052" timestamp="2020-01-14T02:11:35Z" user="hibagonsan" uid="5939709" lat="34.1743248" lon="131.4799473"/>
 <node id="7129712535" visible="true" version="1" changeset="79539052" timestamp="2020-01-14T02:11:35Z" user="hibagonsan" uid="5939709" lat="34.1742959" lon="131.4799735"/>
 <node id="7129712536" visible="true" version="1" changeset="79539052" timestamp="2020-01-14T02:11:35Z" user="hibagonsan" uid="5939709" lat="34.1743291" lon="131.4800271"/>
 <node id="7129712537" visible="true" version="1" changeset="79539052" timestamp="2020-01-14T02:11:35Z" user="hibagonsan" uid="5939709" lat="34.1747106" lon="131.4805701"/>
 <node id="7129712538" visible="true" version="1" changeset="79539052" timestamp="2020-01-14T02:11:35Z" user="hibagonsan" uid="5939709" lat="34.1746773" lon="131.4805178"/>
 <node id="7129712539" visible="true" version="1" changeset="79539052" timestamp="2020-01-14T02:11:35Z" user="hibagonsan" uid="5939709" lat="34.1747319" lon="131.4804670"/>
 <node id="7129712540" visible="true" version="1" changeset="79539052" timestamp="2020-01-14T02:11:35Z" user="hibagonsan" uid="5939709" lat="34.1747652" lon="131.4805193"/>
 <node id="7129712545" visible="true" version="1" changeset="79539052" timestamp="2020-01-14T02:11:35Z" user="hibagonsan" uid="5939709" lat="34.1748623" lon="131.4800834"/>
 <node id="7129712546" visible="true" version="1" changeset="79539052" timestamp="2020-01-14T02:11:35Z" user="hibagonsan" uid="5939709" lat="34.1747935" lon="131.4799815"/>
 <node id="7129712547" visible="true" version="1" changeset="79539052" timestamp="2020-01-14T02:11:35Z" user="hibagonsan" uid="5939709" lat="34.1748628" lon="131.4799131"/>
 <node id="7129712548" visible="true" version="1" changeset="79539052" timestamp="2020-01-14T02:11:35Z" user="hibagonsan" uid="5939709" lat="34.1749316" lon="131.4800151"/>
 <node id="7129712549" visible="true" version="1" changeset="79539052" timestamp="2020-01-14T02:11:35Z" user="hibagonsan" uid="5939709" lat="34.1749925" lon="131.4805777"/>
 <node id="7129712550" visible="true" version="1" changeset="79539052" timestamp="2020-01-14T02:11:35Z" user="hibagonsan" uid="5939709" lat="34.1747872" lon="131.4802726"/>
 <node id="7129712551" visible="true" version="1" changeset="79539052" timestamp="2020-01-14T02:11:35Z" user="hibagonsan" uid="5939709" lat="34.1748917" lon="131.4801700"/>
 <node id="7129712552" visible="true" version="1" changeset="79539052" timestamp="2020-01-14T02:11:35Z" user="hibagonsan" uid="5939709" lat="34.1750969" lon="131.4804751"/>
 <node id="7129712553" visible="true" version="1" changeset="79539052" timestamp="2020-01-14T02:11:35Z" user="hibagonsan" uid="5939709" lat="34.1746948" lon="131.4803149"/>
 <node id="7129712554" visible="true" version="1" changeset="79539052" timestamp="2020-01-14T02:11:35Z" user="hibagonsan" uid="5939709" lat="34.1747104" lon="131.4803393"/>
 <node id="7129712555" visible="true" version="1" changeset="79539052" timestamp="2020-01-14T02:11:35Z" user="hibagonsan" uid="5939709" lat="34.1747345" lon="131.4802780"/>
 <node id="7129712556" visible="true" version="1" changeset="79539052" timestamp="2020-01-14T02:11:35Z" user="hibagonsan" uid="5939709" lat="34.1746319" lon="131.4804124"/>
 <node id="7129712557" visible="true" version="1" changeset="79539052" timestamp="2020-01-14T02:11:35Z" user="hibagonsan" uid="5939709" lat="34.1746714" lon="131.4804744"/>
 <node id="7129712558" visible="true" version="1" changeset="79539052" timestamp="2020-01-14T02:11:35Z" user="hibagonsan" uid="5939709" lat="34.1747896" lon="131.4803644"/>
 <node id="7129712559" visible="true" version="1" changeset="79539052" timestamp="2020-01-14T02:11:35Z" user="hibagonsan" uid="5939709" lat="34.1748690" lon="131.4804508"/>
 <node id="7129712560" visible="true" version="1" changeset="79539052" timestamp="2020-01-14T02:11:35Z" user="hibagonsan" uid="5939709" lat="34.1747819" lon="131.4805366"/>
 <node id="7129712561" visible="true" version="1" changeset="79539052" timestamp="2020-01-14T02:11:35Z" user="hibagonsan" uid="5939709" lat="34.1748246" lon="131.4805998"/>
 <node id="7129712562" visible="true" version="1" changeset="79539052" timestamp="2020-01-14T02:11:35Z" user="hibagonsan" uid="5939709" lat="34.1749116" lon="131.4805140"/>
 <node id="7180407901" visible="true" version="1" changeset="80455078" timestamp="2020-02-03T05:04:59Z" user="hibagonsan" uid="5939709" lat="34.1742021" lon="131.4783590"/>
 <node id="7180407902" visible="true" version="1" changeset="80455078" timestamp="2020-02-03T05:04:59Z" user="hibagonsan" uid="5939709" lat="34.1741177" lon="131.4784321"/>
 <node id="7180407903" visible="true" version="1" changeset="80455078" timestamp="2020-02-03T05:04:59Z" user="hibagonsan" uid="5939709" lat="34.1740778" lon="131.4783648"/>
 <node id="7180407904" visible="true" version="1" changeset="80455078" timestamp="2020-02-03T05:04:59Z" user="hibagonsan" uid="5939709" lat="34.1741622" lon="131.4782917"/>
 <node id="7180407905" visible="true" version="1" changeset="80455078" timestamp="2020-02-03T05:04:59Z" user="hibagonsan" uid="5939709" lat="34.1741140" lon="131.4782018"/>
 <node id="7180407906" visible="true" version="1" changeset="80455078" timestamp="2020-02-03T05:04:59Z" user="hibagonsan" uid="5939709" lat="34.1740768" lon="131.4782340"/>
 <node id="7180407907" visible="true" version="1" changeset="80455078" timestamp="2020-02-03T05:04:59Z" user="hibagonsan" uid="5939709" lat="34.1741178" lon="131.4783031"/>
 <node id="7180407908" visible="true" version="1" changeset="80455078" timestamp="2020-02-03T05:04:59Z" user="hibagonsan" uid="5939709" lat="34.1741549" lon="131.4782710"/>
 <node id="7180407909" visible="true" version="1" changeset="80455078" timestamp="2020-02-03T05:04:59Z" user="hibagonsan" uid="5939709" lat="34.1740221" lon="131.4780936"/>
 <node id="7180407910" visible="true" version="1" changeset="80455078" timestamp="2020-02-03T05:04:59Z" user="hibagonsan" uid="5939709" lat="34.1739888" lon="131.4781298"/>
 <node id="7180407911" visible="true" version="1" changeset="80455078" timestamp="2020-02-03T05:04:59Z" user="hibagonsan" uid="5939709" lat="34.1740235" lon="131.4781764"/>
 <node id="7180407912" visible="true" version="1" changeset="80455078" timestamp="2020-02-03T05:04:59Z" user="hibagonsan" uid="5939709" lat="34.1740568" lon="131.4781402"/>
 <node id="7180407913" visible="true" version="1" changeset="80455078" timestamp="2020-02-03T05:04:59Z" user="hibagonsan" uid="5939709" lat="34.1740017" lon="131.4781582"/>
 <node id="7180407914" visible="true" version="1" changeset="80455078" timestamp="2020-02-03T05:04:59Z" user="hibagonsan" uid="5939709" lat="34.1739116" lon="131.4782436"/>
 <node id="7180407915" visible="true" version="1" changeset="80455078" timestamp="2020-02-03T05:04:59Z" user="hibagonsan" uid="5939709" lat="34.1739556" lon="131.4783114"/>
 <node id="7180407916" visible="true" version="1" changeset="80455078" timestamp="2020-02-03T05:04:59Z" user="hibagonsan" uid="5939709" lat="34.1740457" lon="131.4782260"/>
 <node id="7180407917" visible="true" version="1" changeset="80455078" timestamp="2020-02-03T05:04:59Z" user="hibagonsan" uid="5939709" lat="34.1739633" lon="131.4781202"/>
 <node id="7180407918" visible="true" version="1" changeset="80455078" timestamp="2020-02-03T05:04:59Z" user="hibagonsan" uid="5939709" lat="34.1739162" lon="131.4780565"/>
 <node id="7180407919" visible="true" version="1" changeset="80455078" timestamp="2020-02-03T05:04:59Z" user="hibagonsan" uid="5939709" lat="34.1739647" lon="131.4780041"/>
 <node id="7180407920" visible="true" version="1" changeset="80455078" timestamp="2020-02-03T05:04:59Z" user="hibagonsan" uid="5939709" lat="34.1740118" lon="131.4780678"/>
 <node id="7180407921" visible="true" version="1" changeset="80455078" timestamp="2020-02-03T05:04:59Z" user="hibagonsan" uid="5939709" lat="34.1740828" lon="131.4781542"/>
 <node id="7180407922" visible="true" version="1" changeset="80455078" timestamp="2020-02-03T05:04:59Z" user="hibagonsan" uid="5939709" lat="34.1739197" lon="131.4779074"/>
 <node id="7180407923" visible="true" version="1" changeset="80455078" timestamp="2020-02-03T05:04:59Z" user="hibagonsan" uid="5939709" lat="34.1739563" lon="131.4778720"/>
 <node id="7180407924" visible="true" version="1" changeset="80455078" timestamp="2020-02-03T05:04:59Z" user="hibagonsan" uid="5939709" lat="34.1741194" lon="131.4781187"/>
 <node id="7180407925" visible="true" version="1" changeset="80455078" timestamp="2020-02-03T05:04:59Z" user="hibagonsan" uid="5939709" lat="34.1741494" lon="131.4781067"/>
 <node id="7180407926" visible="true" version="1" changeset="80455078" timestamp="2020-02-03T05:04:59Z" user="hibagonsan" uid="5939709" lat="34.1739807" lon="131.4778465"/>
 <node id="7180407927" visible="true" version="1" changeset="80455078" timestamp="2020-02-03T05:04:59Z" user="hibagonsan" uid="5939709" lat="34.1740629" lon="131.4777687"/>
 <node id="7180407928" visible="true" version="1" changeset="80455078" timestamp="2020-02-03T05:04:59Z" user="hibagonsan" uid="5939709" lat="34.1742315" lon="131.4780289"/>
 <node id="7180407929" visible="true" version="1" changeset="80455078" timestamp="2020-02-03T05:04:59Z" user="hibagonsan" uid="5939709" lat="34.1740624" lon="131.4776243"/>
 <node id="7180407930" visible="true" version="1" changeset="80455078" timestamp="2020-02-03T05:04:59Z" user="hibagonsan" uid="5939709" lat="34.1739736" lon="131.4776967"/>
 <node id="7180407931" visible="true" version="1" changeset="80455078" timestamp="2020-02-03T05:04:59Z" user="hibagonsan" uid="5939709" lat="34.1740029" lon="131.4777493"/>
 <node id="7180407932" visible="true" version="1" changeset="80455078" timestamp="2020-02-03T05:04:59Z" user="hibagonsan" uid="5939709" lat="34.1740917" lon="131.4776769"/>
 <node id="7180407933" visible="true" version="1" changeset="80455078" timestamp="2020-02-03T05:04:59Z" user="hibagonsan" uid="5939709" lat="34.1740577" lon="131.4776232"/>
 <node id="7180407934" visible="true" version="1" changeset="80455078" timestamp="2020-02-03T05:04:59Z" user="hibagonsan" uid="5939709" lat="34.1740804" lon="131.4775978"/>
 <node id="7180407935" visible="true" version="1" changeset="80455078" timestamp="2020-02-03T05:04:59Z" user="hibagonsan" uid="5939709" lat="34.1740213" lon="131.4775756"/>
 <node id="7180407936" visible="true" version="1" changeset="80455078" timestamp="2020-02-03T05:04:59Z" user="hibagonsan" uid="5939709" lat="34.1740648" lon="131.4775270"/>
 <node id="7180407937" visible="true" version="1" changeset="80455078" timestamp="2020-02-03T05:04:59Z" user="hibagonsan" uid="5939709" lat="34.1741444" lon="131.4776814"/>
 <node id="7180407938" visible="true" version="1" changeset="80455078" timestamp="2020-02-03T05:04:59Z" user="hibagonsan" uid="5939709" lat="34.1740481" lon="131.4775053"/>
 <node id="7180407939" visible="true" version="1" changeset="80455078" timestamp="2020-02-03T05:04:59Z" user="hibagonsan" uid="5939709" lat="34.1740961" lon="131.4774515"/>
 <node id="7180407940" visible="true" version="1" changeset="80455078" timestamp="2020-02-03T05:04:59Z" user="hibagonsan" uid="5939709" lat="34.1742132" lon="131.4776044"/>
 <node id="7180407941" visible="true" version="1" changeset="80455078" timestamp="2020-02-03T05:04:59Z" user="hibagonsan" uid="5939709" lat="34.1741367" lon="131.4777051"/>
 <node id="7180407942" visible="true" version="1" changeset="80455078" timestamp="2020-02-03T05:04:59Z" user="hibagonsan" uid="5939709" lat="34.1740846" lon="131.4777695"/>
 <node id="7180407943" visible="true" version="1" changeset="80455078" timestamp="2020-02-03T05:04:59Z" user="hibagonsan" uid="5939709" lat="34.1741361" lon="131.4778304"/>
 <node id="7180407944" visible="true" version="1" changeset="80455078" timestamp="2020-02-03T05:04:59Z" user="hibagonsan" uid="5939709" lat="34.1741882" lon="131.4777660"/>
 <node id="7180407953" visible="true" version="1" changeset="80455078" timestamp="2020-02-03T05:04:59Z" user="hibagonsan" uid="5939709" lat="34.1739351" lon="131.4777374"/>
 <node id="7180407954" visible="true" version="1" changeset="80455078" timestamp="2020-02-03T05:04:59Z" user="hibagonsan" uid="5939709" lat="34.1738441" lon="131.4778380"/>
 <node id="7180407955" visible="true" version="1" changeset="80455078" timestamp="2020-02-03T05:04:59Z" user="hibagonsan" uid="5939709" lat="34.1738820" lon="131.4778881"/>
 <node id="7180407956" visible="true" version="1" changeset="80455078" timestamp="2020-02-03T05:04:59Z" user="hibagonsan" uid="5939709" lat="34.1739730" lon="131.4777875"/>
 <node id="7180407957" visible="true" version="1" changeset="80455078" timestamp="2020-02-03T05:04:59Z" user="hibagonsan" uid="5939709" lat="34.1738667" lon="131.4780839"/>
 <node id="7180407958" visible="true" version="1" changeset="80455078" timestamp="2020-02-03T05:04:59Z" user="hibagonsan" uid="5939709" lat="34.1738550" lon="131.4780673"/>
 <node id="7180407959" visible="true" version="1" changeset="80455078" timestamp="2020-02-03T05:04:59Z" user="hibagonsan" uid="5939709" lat="34.1738980" lon="131.4779614"/>
 <node id="7180407960" visible="true" version="1" changeset="80455078" timestamp="2020-02-03T05:04:59Z" user="hibagonsan" uid="5939709" lat="34.1738553" lon="131.4779006"/>
 <node id="7180407961" visible="true" version="1" changeset="80455078" timestamp="2020-02-03T05:04:59Z" user="hibagonsan" uid="5939709" lat="34.1738718" lon="131.4779883"/>
 <node id="7180407962" visible="true" version="1" changeset="80455078" timestamp="2020-02-03T05:04:59Z" user="hibagonsan" uid="5939709" lat="34.1738160" lon="131.4779409"/>
 <node id="7180407963" visible="true" version="1" changeset="80455078" timestamp="2020-02-03T05:04:59Z" user="hibagonsan" uid="5939709" lat="34.1738084" lon="131.4779301"/>
 <node id="7180407964" visible="true" version="1" changeset="80455078" timestamp="2020-02-03T05:04:59Z" user="hibagonsan" uid="5939709" lat="34.1737811" lon="131.4779582"/>
 <node id="7180407965" visible="true" version="1" changeset="80455078" timestamp="2020-02-03T05:04:59Z" user="hibagonsan" uid="5939709" lat="34.1739087" lon="131.4780408"/>
 <node id="7180407966" visible="true" version="1" changeset="80455078" timestamp="2020-02-03T05:04:59Z" user="hibagonsan" uid="5939709" lat="34.1737629" lon="131.4779322"/>
 <node id="7180407967" visible="true" version="1" changeset="80455078" timestamp="2020-02-03T05:04:59Z" user="hibagonsan" uid="5939709" lat="34.1737405" lon="131.4779551"/>
 <node id="7180407968" visible="true" version="1" changeset="80455078" timestamp="2020-02-03T05:04:59Z" user="hibagonsan" uid="5939709" lat="34.1738343" lon="131.4780886"/>
 <node id="7180407969" visible="true" version="1" changeset="80455078" timestamp="2020-02-03T05:04:59Z" user="hibagonsan" uid="5939709" lat="34.1738709" lon="131.4782857"/>
 <node id="7180407970" visible="true" version="1" changeset="80455078" timestamp="2020-02-03T05:04:59Z" user="hibagonsan" uid="5939709" lat="34.1738326" lon="131.4782301"/>
 <node id="7180407971" visible="true" version="1" changeset="80455078" timestamp="2020-02-03T05:04:59Z" user="hibagonsan" uid="5939709" lat="34.1738720" lon="131.4781905"/>
 <node id="7180407972" visible="true" version="1" changeset="80455078" timestamp="2020-02-03T05:04:59Z" user="hibagonsan" uid="5939709" lat="34.1739103" lon="131.4782462"/>
 <node id="7180407973" visible="true" version="2" changeset="167486642" timestamp="2025-06-11T11:22:27Z" user="AlexM51" uid="174705" lat="34.1730948" lon="131.4801103">
  <tag k="highway" v="crossing"/>
 </node>
 <node id="7180411227" visible="true" version="1" changeset="80455261" timestamp="2020-02-03T05:10:26Z" user="hibagonsan" uid="5939709" lat="34.1743038" lon="131.4774332"/>
 <node id="7180411228" visible="true" version="1" changeset="80455261" timestamp="2020-02-03T05:10:26Z" user="hibagonsan" uid="5939709" lat="34.1742306" lon="131.4775137"/>
 <node id="7180411229" visible="true" version="1" changeset="80455261" timestamp="2020-02-03T05:10:26Z" user="hibagonsan" uid="5939709" lat="34.1741905" lon="131.4774603"/>
 <node id="7180411230" visible="true" version="1" changeset="80455261" timestamp="2020-02-03T05:10:26Z" user="hibagonsan" uid="5939709" lat="34.1742637" lon="131.4773798"/>
 <node id="7180411247" visible="true" version="1" changeset="80455261" timestamp="2020-02-03T05:10:26Z" user="hibagonsan" uid="5939709" lat="34.1745973" lon="131.4776447"/>
 <node id="7180411248" visible="true" version="1" changeset="80455261" timestamp="2020-02-03T05:10:26Z" user="hibagonsan" uid="5939709" lat="34.1746569" lon="131.4775849"/>
 <node id="7180411249" visible="true" version="1" changeset="80455261" timestamp="2020-02-03T05:10:26Z" user="hibagonsan" uid="5939709" lat="34.1745768" lon="131.4776149"/>
 <node id="7180411250" visible="true" version="1" changeset="80455261" timestamp="2020-02-03T05:10:26Z" user="hibagonsan" uid="5939709" lat="34.1746364" lon="131.4775551"/>
 <node id="7180411251" visible="true" version="1" changeset="80455261" timestamp="2020-02-03T05:10:26Z" user="hibagonsan" uid="5939709" lat="34.1746504" lon="131.4775410"/>
 <node id="7180411252" visible="true" version="1" changeset="80455261" timestamp="2020-02-03T05:10:26Z" user="hibagonsan" uid="5939709" lat="34.1745461" lon="131.4776456"/>
 <node id="7180411253" visible="true" version="1" changeset="80455261" timestamp="2020-02-03T05:10:26Z" user="hibagonsan" uid="5939709" lat="34.1745155" lon="131.4776011"/>
 <node id="7180411254" visible="true" version="1" changeset="80455261" timestamp="2020-02-03T05:10:26Z" user="hibagonsan" uid="5939709" lat="34.1746198" lon="131.4774965"/>
 <node id="7180411255" visible="true" version="1" changeset="80455261" timestamp="2020-02-03T05:10:26Z" user="hibagonsan" uid="5939709" lat="34.1744699" lon="131.4776533"/>
 <node id="7180411256" visible="true" version="1" changeset="80455261" timestamp="2020-02-03T05:10:26Z" user="hibagonsan" uid="5939709" lat="34.1744166" lon="131.4777163"/>
 <node id="7180411257" visible="true" version="1" changeset="80455261" timestamp="2020-02-03T05:10:26Z" user="hibagonsan" uid="5939709" lat="34.1744656" lon="131.4777768"/>
 <node id="7180411258" visible="true" version="1" changeset="80455261" timestamp="2020-02-03T05:10:26Z" user="hibagonsan" uid="5939709" lat="34.1745189" lon="131.4777137"/>
 <node id="7180411259" visible="true" version="1" changeset="80455261" timestamp="2020-02-03T05:10:26Z" user="hibagonsan" uid="5939709" lat="34.1744344" lon="131.4775077"/>
 <node id="7180411260" visible="true" version="1" changeset="80455261" timestamp="2020-02-03T05:10:26Z" user="hibagonsan" uid="5939709" lat="34.1743645" lon="131.4775815"/>
 <node id="7180411261" visible="true" version="1" changeset="80455261" timestamp="2020-02-03T05:10:26Z" user="hibagonsan" uid="5939709" lat="34.1744212" lon="131.4776601"/>
 <node id="7180411262" visible="true" version="1" changeset="80455261" timestamp="2020-02-03T05:10:26Z" user="hibagonsan" uid="5939709" lat="34.1744911" lon="131.4775863"/>
 <node id="7180411263" visible="true" version="1" changeset="80455261" timestamp="2020-02-03T05:10:26Z" user="hibagonsan" uid="5939709" lat="34.1743754" lon="131.4776327"/>
 <node id="7180411264" visible="true" version="1" changeset="80455261" timestamp="2020-02-03T05:10:26Z" user="hibagonsan" uid="5939709" lat="34.1743376" lon="131.4776730"/>
 <node id="7180411265" visible="true" version="1" changeset="80455261" timestamp="2020-02-03T05:10:26Z" user="hibagonsan" uid="5939709" lat="34.1743713" lon="131.4777191"/>
 <node id="7180411266" visible="true" version="1" changeset="80455261" timestamp="2020-02-03T05:10:26Z" user="hibagonsan" uid="5939709" lat="34.1744090" lon="131.4776789"/>
 <node id="7180411267" visible="true" version="1" changeset="80455261" timestamp="2020-02-03T05:10:26Z" user="hibagonsan" uid="5939709" lat="34.1746202" lon="131.4781670"/>
 <node id="7180411268" visible="true" version="1" changeset="80455261" timestamp="2020-02-03T05:10:26Z" user="hibagonsan" uid="5939709" lat="34.1745774" lon="131.4781113"/>
 <node id="7180411269" visible="true" version="1" changeset="80455261" timestamp="2020-02-03T05:10:26Z" user="hibagonsan" uid="5939709" lat="34.1746043" lon="131.4780812"/>
 <node id="7180411270" visible="true" version="1" changeset="80455261" timestamp="2020-02-03T05:10:26Z" user="hibagonsan" uid="5939709" lat="34.1746470" lon="131.4781369"/>
 <node id="7180411271" visible="true" version="1" changeset="80455261" timestamp="2020-02-03T05:10:26Z" user="hibagonsan" uid="5939709" lat="34.1746857" lon="131.4782604"/>
 <node id="7180411272" visible="true" version="1" changeset="80455261" timestamp="2020-02-03T05:10:26Z" user="hibagonsan" uid="5939709" lat="34.1746405" lon="131.4782058"/>
 <node id="7180411273" visible="true" version="1" changeset="80455261" timestamp="2020-02-03T05:10:26Z" user="hibagonsan" uid="5939709" lat="34.1746678" lon="131.4781727"/>
 <node id="7180411274" visible="true" version="1" changeset="80455261" timestamp="2020-02-03T05:10:26Z" user="hibagonsan" uid="5939709" lat="34.1747130" lon="131.4782274"/>
 <node id="7180411275" visible="true" version="1" changeset="80455261" timestamp="2020-02-03T05:10:26Z" user="hibagonsan" uid="5939709" lat="34.1747049" lon="131.4782999"/>
 <node id="7180411276" visible="true" version="1" changeset="80455261" timestamp="2020-02-03T05:10:26Z" user="hibagonsan" uid="5939709" lat="34.1746833" lon="131.4782683"/>
 <node id="7180411277" visible="true" version="1" changeset="80455261" timestamp="2020-02-03T05:10:26Z" user="hibagonsan" uid="5939709" lat="34.1747014" lon="131.4782502"/>
 <node id="7180411278" visible="true" version="1" changeset="80455261" timestamp="2020-02-03T05:10:26Z" user="hibagonsan" uid="5939709" lat="34.1747230" lon="131.4782817"/>
 <node id="7180411279" visible="true" version="1" changeset="80455261" timestamp="2020-02-03T05:10:26Z" user="hibagonsan" uid="5939709" lat="34.1744821" lon="131.4780584"/>
 <node id="7180411280" visible="true" version="1" changeset="80455261" timestamp="2020-02-03T05:10:26Z" user="hibagonsan" uid="5939709" lat="34.1745236" lon="131.4780087"/>
 <node id="7180411281" visible="true" version="1" changeset="80455261" timestamp="2020-02-03T05:10:26Z" user="hibagonsan" uid="5939709" lat="34.1744991" lon="131.4779789"/>
 <node id="7180411282" visible="true" version="1" changeset="80455261" timestamp="2020-02-03T05:10:26Z" user="hibagonsan" uid="5939709" lat="34.1744577" lon="131.4780287"/>
 <node id="7180411283" visible="true" version="1" changeset="80455261" timestamp="2020-02-03T05:10:26Z" user="hibagonsan" uid="5939709" lat="34.1744638" lon="131.4779056"/>
 <node id="7180411284" visible="true" version="1" changeset="80455261" timestamp="2020-02-03T05:10:26Z" user="hibagonsan" uid="5939709" lat="34.1743873" lon="131.4779975"/>
 <node id="7180413785" visible="true" version="1" changeset="80455261" timestamp="2020-02-03T05:10:26Z" user="hibagonsan" uid="5939709" lat="34.1744351" lon="131.4780557"/>
 <node id="7180413786" visible="true" version="1" changeset="80455261" timestamp="2020-02-03T05:10:26Z" user="hibagonsan" uid="5939709" lat="34.1745117" lon="131.4779638"/>
 <node id="7242506905" visible="true" version="1" changeset="81456703" timestamp="2020-02-25T13:14:35Z" user="hibagonsan" uid="5939709" lat="34.1751127" lon="131.4802231"/>
 <node id="7242506906" visible="true" version="1" changeset="81456703" timestamp="2020-02-25T13:14:35Z" user="hibagonsan" uid="5939709" lat="34.1751613" lon="131.4801760"/>
 <node id="7242506907" visible="true" version="1" changeset="81456703" timestamp="2020-02-25T13:14:35Z" user="hibagonsan" uid="5939709" lat="34.1751909" lon="131.4803410"/>
 <node id="7242506908" visible="true" version="1" changeset="81456703" timestamp="2020-02-25T13:14:35Z" user="hibagonsan" uid="5939709" lat="34.1751452" lon="131.4801517"/>
 <node id="7242506909" visible="true" version="1" changeset="81456703" timestamp="2020-02-25T13:14:35Z" user="hibagonsan" uid="5939709" lat="34.1751935" lon="131.4801049"/>
 <node id="7242506910" visible="true" version="1" changeset="81456703" timestamp="2020-02-25T13:14:35Z" user="hibagonsan" uid="5939709" lat="34.1752878" lon="131.4802471"/>
 <node id="7242506911" visible="true" version="1" changeset="81456703" timestamp="2020-02-25T13:14:35Z" user="hibagonsan" uid="5939709" lat="34.1753511" lon="131.4800585"/>
 <node id="7242506912" visible="true" version="1" changeset="81456703" timestamp="2020-02-25T13:14:35Z" user="hibagonsan" uid="5939709" lat="34.1752823" lon="131.4801350"/>
 <node id="7242506913" visible="true" version="1" changeset="81456703" timestamp="2020-02-25T13:14:35Z" user="hibagonsan" uid="5939709" lat="34.1753410" lon="131.4802122"/>
 <node id="7242506914" visible="true" version="1" changeset="81456703" timestamp="2020-02-25T13:14:35Z" user="hibagonsan" uid="5939709" lat="34.1754098" lon="131.4801358"/>
 <node id="7242506919" visible="true" version="1" changeset="81456703" timestamp="2020-02-25T13:14:35Z" user="hibagonsan" uid="5939709" lat="34.1751514" lon="131.4799226"/>
 <node id="7242506920" visible="true" version="1" changeset="81456703" timestamp="2020-02-25T13:14:35Z" user="hibagonsan" uid="5939709" lat="34.1751785" lon="131.4798953"/>
 <node id="7242506921" visible="true" version="1" changeset="81456703" timestamp="2020-02-25T13:14:35Z" user="hibagonsan" uid="5939709" lat="34.1752255" lon="131.4799635"/>
 <node id="7242506922" visible="true" version="1" changeset="81456703" timestamp="2020-02-25T13:14:35Z" user="hibagonsan" uid="5939709" lat="34.1751106" lon="131.4798634"/>
 <node id="7242506923" visible="true" version="1" changeset="81456703" timestamp="2020-02-25T13:14:35Z" user="hibagonsan" uid="5939709" lat="34.1752079" lon="131.4797656"/>
 <node id="7242506924" visible="true" version="1" changeset="81456703" timestamp="2020-02-25T13:14:35Z" user="hibagonsan" uid="5939709" lat="34.1752955" lon="131.4798930"/>
 <node id="7242506925" visible="true" version="1" changeset="81456703" timestamp="2020-02-25T13:14:35Z" user="hibagonsan" uid="5939709" lat="34.1752403" lon="131.4801329"/>
 <node id="7242506926" visible="true" version="1" changeset="81456703" timestamp="2020-02-25T13:14:35Z" user="hibagonsan" uid="5939709" lat="34.1751782" lon="131.4800323"/>
 <node id="7242506927" visible="true" version="1" changeset="81456703" timestamp="2020-02-25T13:14:35Z" user="hibagonsan" uid="5939709" lat="34.1752434" lon="131.4799735"/>
 <node id="7242506928" visible="true" version="1" changeset="81456703" timestamp="2020-02-25T13:14:35Z" user="hibagonsan" uid="5939709" lat="34.1753055" lon="131.4800741"/>
 <node id="7242506929" visible="true" version="1" changeset="81456703" timestamp="2020-02-25T13:14:35Z" user="hibagonsan" uid="5939709" lat="34.1744372" lon="131.4802632"/>
 <node id="7242506930" visible="true" version="1" changeset="81456703" timestamp="2020-02-25T13:14:35Z" user="hibagonsan" uid="5939709" lat="34.1743751" lon="131.4803409"/>
 <node id="7242506931" visible="true" version="1" changeset="81456703" timestamp="2020-02-25T13:14:35Z" user="hibagonsan" uid="5939709" lat="34.1744257" lon="131.4804000"/>
 <node id="7242506932" visible="true" version="1" changeset="81456703" timestamp="2020-02-25T13:14:35Z" user="hibagonsan" uid="5939709" lat="34.1744878" lon="131.4803222"/>
 <node id="7242506933" visible="true" version="1" changeset="81456703" timestamp="2020-02-25T13:14:35Z" user="hibagonsan" uid="5939709" lat="34.1745115" lon="131.4803273"/>
 <node id="7242506934" visible="true" version="1" changeset="81456703" timestamp="2020-02-25T13:14:35Z" user="hibagonsan" uid="5939709" lat="34.1744427" lon="131.4804171"/>
 <node id="7242506935" visible="true" version="1" changeset="81456703" timestamp="2020-02-25T13:14:35Z" user="hibagonsan" uid="5939709" lat="34.1744934" lon="131.4804737"/>
 <node id="7242506936" visible="true" version="1" changeset="81456703" timestamp="2020-02-25T13:14:35Z" user="hibagonsan" uid="5939709" lat="34.1745621" lon="131.4803839"/>
 <node id="7260141741" visible="true" version="1" changeset="81716347" timestamp="2020-03-03T08:14:44Z" user="hibagonsan" uid="5939709" lat="34.1748810" lon="131.4772800"/>
 <node id="7260141742" visible="true" version="1" changeset="81716347" timestamp="2020-03-03T08:14:44Z" user="hibagonsan" uid="5939709" lat="34.1748930" lon="131.4772976"/>
 <node id="7260141743" visible="true" version="1" changeset="81716347" timestamp="2020-03-03T08:14:44Z" user="hibagonsan" uid="5939709" lat="34.1749594" lon="131.4773867"/>
 <node id="7260141744" visible="true" version="1" changeset="81716347" timestamp="2020-03-03T08:14:44Z" user="hibagonsan" uid="5939709" lat="34.1749321" lon="131.4773469"/>
 <node id="7260141745" visible="true" version="1" changeset="81716347" timestamp="2020-03-03T08:14:44Z" user="hibagonsan" uid="5939709" lat="34.1749452" lon="131.4773338"/>
 <node id="7260141746" visible="true" version="1" changeset="81716347" timestamp="2020-03-03T08:14:44Z" user="hibagonsan" uid="5939709" lat="34.1749725" lon="131.4773737"/>
 <node id="7260141747" visible="true" version="1" changeset="81716347" timestamp="2020-03-03T08:14:44Z" user="hibagonsan" uid="5939709" lat="34.1749089" lon="131.4773834"/>
 <node id="7260141748" visible="true" version="1" changeset="81716347" timestamp="2020-03-03T08:14:44Z" user="hibagonsan" uid="5939709" lat="34.1749307" lon="131.4774153"/>
 <node id="7260141749" visible="true" version="1" changeset="81716347" timestamp="2020-03-03T08:14:44Z" user="hibagonsan" uid="5939709" lat="34.1749086" lon="131.4774373"/>
 <node id="7260141750" visible="true" version="1" changeset="81716347" timestamp="2020-03-03T08:14:44Z" user="hibagonsan" uid="5939709" lat="34.1748868" lon="131.4774054"/>
 <node id="7260141751" visible="true" version="1" changeset="81716347" timestamp="2020-03-03T08:14:44Z" user="hibagonsan" uid="5939709" lat="34.1749093" lon="131.4772813"/>
 <node id="7260141752" visible="true" version="1" changeset="81716347" timestamp="2020-03-03T08:14:44Z" user="hibagonsan" uid="5939709" lat="34.1748335" lon="131.4773274"/>
 <node id="7260141753" visible="true" version="1" changeset="81716347" timestamp="2020-03-03T08:14:44Z" user="hibagonsan" uid="5939709" lat="34.1749555" lon="131.4775059"/>
 <node id="7260141754" visible="true" version="1" changeset="81716347" timestamp="2020-03-03T08:14:44Z" user="hibagonsan" uid="5939709" lat="34.1750193" lon="131.4774422"/>
 <node id="7262704663" visible="true" version="1" changeset="81756901" timestamp="2020-03-04T05:47:02Z" user="hibagonsan" uid="5939709" lat="34.1753473" lon="131.4796327"/>
 <node id="7262704664" visible="true" version="1" changeset="81756901" timestamp="2020-03-04T05:47:02Z" user="hibagonsan" uid="5939709" lat="34.1752691" lon="131.4795207"/>
 <node id="7262704665" visible="true" version="1" changeset="81756901" timestamp="2020-03-04T05:47:02Z" user="hibagonsan" uid="5939709" lat="34.1753083" lon="131.4794806"/>
 <node id="7262704666" visible="true" version="1" changeset="81756901" timestamp="2020-03-04T05:47:02Z" user="hibagonsan" uid="5939709" lat="34.1753865" lon="131.4795926"/>
 <node id="7262704667" visible="true" version="1" changeset="81756901" timestamp="2020-03-04T05:47:02Z" user="hibagonsan" uid="5939709" lat="34.1753727" lon="131.4795386"/>
 <node id="7262704668" visible="true" version="1" changeset="81756901" timestamp="2020-03-04T05:47:02Z" user="hibagonsan" uid="5939709" lat="34.1753266" lon="131.4794782"/>
 <node id="7262704669" visible="true" version="1" changeset="81756901" timestamp="2020-03-04T05:47:02Z" user="hibagonsan" uid="5939709" lat="34.1753666" lon="131.4794337"/>
 <node id="7262704670" visible="true" version="1" changeset="81756901" timestamp="2020-03-04T05:47:02Z" user="hibagonsan" uid="5939709" lat="34.1754126" lon="131.4794940"/>
 <node id="7262704675" visible="true" version="1" changeset="81756901" timestamp="2020-03-04T05:47:02Z" user="hibagonsan" uid="5939709" lat="34.1754105" lon="131.4793235"/>
 <node id="7262704676" visible="true" version="1" changeset="81756901" timestamp="2020-03-04T05:47:02Z" user="hibagonsan" uid="5939709" lat="34.1753567" lon="131.4793752"/>
 <node id="7262704677" visible="true" version="1" changeset="81756901" timestamp="2020-03-04T05:47:02Z" user="hibagonsan" uid="5939709" lat="34.1753899" lon="131.4794257"/>
 <node id="7262704678" visible="true" version="1" changeset="81756901" timestamp="2020-03-04T05:47:02Z" user="hibagonsan" uid="5939709" lat="34.1754437" lon="131.4793740"/>
 <node id="7262707649" visible="true" version="1" changeset="81756901" timestamp="2020-03-04T05:47:02Z" user="hibagonsan" uid="5939709" lat="34.1748854" lon="131.4796506"/>
 <node id="7262707650" visible="true" version="1" changeset="81756901" timestamp="2020-03-04T05:47:02Z" user="hibagonsan" uid="5939709" lat="34.1748577" lon="131.4796814"/>
 <node id="7262707651" visible="true" version="1" changeset="81756901" timestamp="2020-03-04T05:47:02Z" user="hibagonsan" uid="5939709" lat="34.1748723" lon="131.4797006"/>
 <node id="7262707652" visible="true" version="1" changeset="81756901" timestamp="2020-03-04T05:47:02Z" user="hibagonsan" uid="5939709" lat="34.1749000" lon="131.4796697"/>
 <node id="7262707653" visible="true" version="1" changeset="81756901" timestamp="2020-03-04T05:47:02Z" user="hibagonsan" uid="5939709" lat="34.1751568" lon="131.4795051"/>
 <node id="7262707654" visible="true" version="1" changeset="81756901" timestamp="2020-03-04T05:47:02Z" user="hibagonsan" uid="5939709" lat="34.1751079" lon="131.4795467"/>
 <node id="7262707655" visible="true" version="1" changeset="81756901" timestamp="2020-03-04T05:47:02Z" user="hibagonsan" uid="5939709" lat="34.1751269" lon="131.4795792"/>
 <node id="7262707656" visible="true" version="1" changeset="81756901" timestamp="2020-03-04T05:47:02Z" user="hibagonsan" uid="5939709" lat="34.1751757" lon="131.4795376"/>
 <node id="7262707657" visible="true" version="1" changeset="81756901" timestamp="2020-03-04T05:47:02Z" user="hibagonsan" uid="5939709" lat="34.1752270" lon="131.4797145"/>
 <node id="7262707658" visible="true" version="1" changeset="81756901" timestamp="2020-03-04T05:47:02Z" user="hibagonsan" uid="5939709" lat="34.1751638" lon="131.4796153"/>
 <node id="7262707659" visible="true" version="1" changeset="81756901" timestamp="2020-03-04T05:47:02Z" user="hibagonsan" uid="5939709" lat="34.1752356" lon="131.4795484"/>
 <node id="7262707660" visible="true" version="1" changeset="81756901" timestamp="2020-03-04T05:47:02Z" user="hibagonsan" uid="5939709" lat="34.1752989" lon="131.4796476"/>
 <node id="7262707669" visible="true" version="1" changeset="81756901" timestamp="2020-03-04T05:47:02Z" user="hibagonsan" uid="5939709" lat="34.1752357" lon="131.4793835"/>
 <node id="7262707670" visible="true" version="1" changeset="81756901" timestamp="2020-03-04T05:47:02Z" user="hibagonsan" uid="5939709" lat="34.1751403" lon="131.4792454"/>
 <node id="7262707671" visible="true" version="1" changeset="81756901" timestamp="2020-03-04T05:47:02Z" user="hibagonsan" uid="5939709" lat="34.1751125" lon="131.4792734"/>
 <node id="7262707672" visible="true" version="1" changeset="81756901" timestamp="2020-03-04T05:47:02Z" user="hibagonsan" uid="5939709" lat="34.1752079" lon="131.4794116"/>
 <node id="7262707673" visible="true" version="1" changeset="81756901" timestamp="2020-03-04T05:47:02Z" user="hibagonsan" uid="5939709" lat="34.1751186" lon="131.4790465"/>
 <node id="7262707674" visible="true" version="1" changeset="81756901" timestamp="2020-03-04T05:47:02Z" user="hibagonsan" uid="5939709" lat="34.1750332" lon="131.4791189"/>
 <node id="7262707675" visible="true" version="1" changeset="81756901" timestamp="2020-03-04T05:47:02Z" user="hibagonsan" uid="5939709" lat="34.1750625" lon="131.4791695"/>
 <node id="7262707676" visible="true" version="1" changeset="81756901" timestamp="2020-03-04T05:47:02Z" user="hibagonsan" uid="5939709" lat="34.1751480" lon="131.4790971"/>
 <node id="7262707677" visible="true" version="1" changeset="81756901" timestamp="2020-03-04T05:47:02Z" user="hibagonsan" uid="5939709" lat="34.1751398" lon="131.4791184"/>
 <node id="7262707678" visible="true" version="1" changeset="81756901" timestamp="2020-03-04T05:47:02Z" user="hibagonsan" uid="5939709" lat="34.1750799" lon="131.4791707"/>
 <node id="7262707679" visible="true" version="1" changeset="81756901" timestamp="2020-03-04T05:47:02Z" user="hibagonsan" uid="5939709" lat="34.1751036" lon="131.4792104"/>
 <node id="7262707680" visible="true" version="1" changeset="81756901" timestamp="2020-03-04T05:47:02Z" user="hibagonsan" uid="5939709" lat="34.1751635" lon="131.4791581"/>
 <node id="7262707681" visible="true" version="1" changeset="81756901" timestamp="2020-03-04T05:47:02Z" user="hibagonsan" uid="5939709" lat="34.1751146" lon="131.4787720"/>
 <node id="7262707682" visible="true" version="1" changeset="81756901" timestamp="2020-03-04T05:47:02Z" user="hibagonsan" uid="5939709" lat="34.1750503" lon="131.4788418"/>
 <node id="7262707683" visible="true" version="1" changeset="81756901" timestamp="2020-03-04T05:47:02Z" user="hibagonsan" uid="5939709" lat="34.1751158" lon="131.4789301"/>
 <node id="7262707684" visible="true" version="1" changeset="81756901" timestamp="2020-03-04T05:47:02Z" user="hibagonsan" uid="5939709" lat="34.1751802" lon="131.4788604"/>
 <node id="7262707685" visible="true" version="1" changeset="81756901" timestamp="2020-03-04T05:47:02Z" user="hibagonsan" uid="5939709" lat="34.1748479" lon="131.4788870"/>
 <node id="7262707686" visible="true" version="1" changeset="81756901" timestamp="2020-03-04T05:47:02Z" user="hibagonsan" uid="5939709" lat="34.1749039" lon="131.4788340"/>
 <node id="7262707687" visible="true" version="1" changeset="81756901" timestamp="2020-03-04T05:47:02Z" user="hibagonsan" uid="5939709" lat="34.1748940" lon="131.4789582"/>
 <node id="7262707688" visible="true" version="1" changeset="81756901" timestamp="2020-03-04T05:47:02Z" user="hibagonsan" uid="5939709" lat="34.1748135" lon="131.4786946"/>
 <node id="7262707689" visible="true" version="1" changeset="81756901" timestamp="2020-03-04T05:47:02Z" user="hibagonsan" uid="5939709" lat="34.1748906" lon="131.4786217"/>
 <node id="7262707690" visible="true" version="1" changeset="81756901" timestamp="2020-03-04T05:47:02Z" user="hibagonsan" uid="5939709" lat="34.1750270" lon="131.4788322"/>
 <node id="7262707691" visible="true" version="1" changeset="81756901" timestamp="2020-03-04T05:47:02Z" user="hibagonsan" uid="5939709" lat="34.1753152" lon="131.4790432"/>
 <node id="7262707692" visible="true" version="1" changeset="81756901" timestamp="2020-03-04T05:47:02Z" user="hibagonsan" uid="5939709" lat="34.1752520" lon="131.4789373"/>
 <node id="7262707693" visible="true" version="1" changeset="81756901" timestamp="2020-03-04T05:47:02Z" user="hibagonsan" uid="5939709" lat="34.1753433" lon="131.4788577"/>
 <node id="7262707694" visible="true" version="1" changeset="81756901" timestamp="2020-03-04T05:47:02Z" user="hibagonsan" uid="5939709" lat="34.1754065" lon="131.4789636"/>
 <node id="7262707703" visible="true" version="1" changeset="81756901" timestamp="2020-03-04T05:47:02Z" user="hibagonsan" uid="5939709" lat="34.1752728" lon="131.4789878"/>
 <node id="7262707704" visible="true" version="1" changeset="81756901" timestamp="2020-03-04T05:47:02Z" user="hibagonsan" uid="5939709" lat="34.1751563" lon="131.4790950"/>
 <node id="7262707705" visible="true" version="1" changeset="81756901" timestamp="2020-03-04T05:47:02Z" user="hibagonsan" uid="5939709" lat="34.1751935" lon="131.4791541"/>
 <node id="7262707706" visible="true" version="1" changeset="81756901" timestamp="2020-03-04T05:47:02Z" user="hibagonsan" uid="5939709" lat="34.1753100" lon="131.4790468"/>
 <node id="7262707707" visible="true" version="1" changeset="81756901" timestamp="2020-03-04T05:47:02Z" user="hibagonsan" uid="5939709" lat="34.1752891" lon="131.4792861"/>
 <node id="7262707708" visible="true" version="1" changeset="81756901" timestamp="2020-03-04T05:47:02Z" user="hibagonsan" uid="5939709" lat="34.1752225" lon="131.4791855"/>
 <node id="7262707709" visible="true" version="1" changeset="81756901" timestamp="2020-03-04T05:47:02Z" user="hibagonsan" uid="5939709" lat="34.1751691" lon="131.4792372"/>
 <node id="7262707710" visible="true" version="1" changeset="81756901" timestamp="2020-03-04T05:47:02Z" user="hibagonsan" uid="5939709" lat="34.1752356" lon="131.4793378"/>
 <node id="7262707711" visible="true" version="1" changeset="81756901" timestamp="2020-03-04T05:47:02Z" user="hibagonsan" uid="5939709" lat="34.1753857" lon="131.4792547"/>
 <node id="7262707712" visible="true" version="1" changeset="81756901" timestamp="2020-03-04T05:47:02Z" user="hibagonsan" uid="5939709" lat="34.1753047" lon="131.4791366"/>
 <node id="7262707713" visible="true" version="1" changeset="81756901" timestamp="2020-03-04T05:47:02Z" user="hibagonsan" uid="5939709" lat="34.1752512" lon="131.4791903"/>
 <node id="7262707714" visible="true" version="1" changeset="81756901" timestamp="2020-03-04T05:47:02Z" user="hibagonsan" uid="5939709" lat="34.1753322" lon="131.4793083"/>
 <node id="7262707715" visible="true" version="1" changeset="81756901" timestamp="2020-03-04T05:47:02Z" user="hibagonsan" uid="5939709" lat="34.1754737" lon="131.4791238"/>
 <node id="7262707716" visible="true" version="1" changeset="81756901" timestamp="2020-03-04T05:47:02Z" user="hibagonsan" uid="5939709" lat="34.1754027" lon="131.4790312"/>
 <node id="7262707717" visible="true" version="1" changeset="81756901" timestamp="2020-03-04T05:47:02Z" user="hibagonsan" uid="5939709" lat="34.1753566" lon="131.4790830"/>
 <node id="7262707718" visible="true" version="1" changeset="81756901" timestamp="2020-03-04T05:47:02Z" user="hibagonsan" uid="5939709" lat="34.1754276" lon="131.4791755"/>
 <node id="7262707723" visible="true" version="1" changeset="81756901" timestamp="2020-03-04T05:47:02Z" user="hibagonsan" uid="5939709" lat="34.1752033" lon="131.4786301"/>
 <node id="7262707724" visible="true" version="1" changeset="81756901" timestamp="2020-03-04T05:47:02Z" user="hibagonsan" uid="5939709" lat="34.1751678" lon="131.4785825"/>
 <node id="7262707725" visible="true" version="1" changeset="81756901" timestamp="2020-03-04T05:47:02Z" user="hibagonsan" uid="5939709" lat="34.1752001" lon="131.4785472"/>
 <node id="7262707726" visible="true" version="1" changeset="81756901" timestamp="2020-03-04T05:47:02Z" user="hibagonsan" uid="5939709" lat="34.1752356" lon="131.4785948"/>
 <node id="7262707727" visible="true" version="1" changeset="81756901" timestamp="2020-03-04T05:47:02Z" user="hibagonsan" uid="5939709" lat="34.1752534" lon="131.4785008"/>
 <node id="7262707728" visible="true" version="1" changeset="81756901" timestamp="2020-03-04T05:47:02Z" user="hibagonsan" uid="5939709" lat="34.1752096" lon="131.4785410"/>
 <node id="7262707729" visible="true" version="1" changeset="81756901" timestamp="2020-03-04T05:47:02Z" user="hibagonsan" uid="5939709" lat="34.1752207" lon="131.4785586"/>
 <node id="7262707730" visible="true" version="1" changeset="81756901" timestamp="2020-03-04T05:47:02Z" user="hibagonsan" uid="5939709" lat="34.1752645" lon="131.4785184"/>
 <node id="7262707731" visible="true" version="1" changeset="81756901" timestamp="2020-03-04T05:47:02Z" user="hibagonsan" uid="5939709" lat="34.1751353" lon="131.4786264"/>
 <node id="7262707732" visible="true" version="1" changeset="81756901" timestamp="2020-03-04T05:47:02Z" user="hibagonsan" uid="5939709" lat="34.1750698" lon="131.4786934"/>
 <node id="7262707733" visible="true" version="1" changeset="81756901" timestamp="2020-03-04T05:47:02Z" user="hibagonsan" uid="5939709" lat="34.1751042" lon="131.4787424"/>
 <node id="7262707734" visible="true" version="1" changeset="81756901" timestamp="2020-03-04T05:47:02Z" user="hibagonsan" uid="5939709" lat="34.1751696" lon="131.4786753"/>
 <node id="7262707735" visible="true" version="1" changeset="81756901" timestamp="2020-03-04T05:47:02Z" user="hibagonsan" uid="5939709" lat="34.1750930" lon="131.4785661"/>
 <node id="7262707736" visible="true" version="1" changeset="81756901" timestamp="2020-03-04T05:47:02Z" user="hibagonsan" uid="5939709" lat="34.1750386" lon="131.4786191"/>
 <node id="7262707737" visible="true" version="1" changeset="81756901" timestamp="2020-03-04T05:47:02Z" user="hibagonsan" uid="5939709" lat="34.1750725" lon="131.4786699"/>
 <node id="7262707738" visible="true" version="1" changeset="81756901" timestamp="2020-03-04T05:47:02Z" user="hibagonsan" uid="5939709" lat="34.1751269" lon="131.4786170"/>
 <node id="7262707739" visible="true" version="1" changeset="81756901" timestamp="2020-03-04T05:47:02Z" user="hibagonsan" uid="5939709" lat="34.1751347" lon="131.4786042"/>
 <node id="7262707740" visible="true" version="1" changeset="81756901" timestamp="2020-03-04T05:47:02Z" user="hibagonsan" uid="5939709" lat="34.1750925" lon="131.4785431"/>
 <node id="7262707741" visible="true" version="1" changeset="81756901" timestamp="2020-03-04T05:47:02Z" user="hibagonsan" uid="5939709" lat="34.1751230" lon="131.4785124"/>
 <node id="7262707742" visible="true" version="1" changeset="81756901" timestamp="2020-03-04T05:47:02Z" user="hibagonsan" uid="5939709" lat="34.1751652" lon="131.4785734"/>
 <node id="7262707743" visible="true" version="1" changeset="81756901" timestamp="2020-03-04T05:47:02Z" user="hibagonsan" uid="5939709" lat="34.1753127" lon="131.4784815"/>
 <node id="7262707744" visible="true" version="1" changeset="81756901" timestamp="2020-03-04T05:47:02Z" user="hibagonsan" uid="5939709" lat="34.1753173" lon="131.4784420"/>
 <node id="7262707745" visible="true" version="1" changeset="81756901" timestamp="2020-03-04T05:47:02Z" user="hibagonsan" uid="5939709" lat="34.1752746" lon="131.4785117"/>
 <node id="7262707746" visible="true" version="1" changeset="81756901" timestamp="2020-03-04T05:47:02Z" user="hibagonsan" uid="5939709" lat="34.1752406" lon="131.4784480"/>
 <node id="7262707747" visible="true" version="1" changeset="81756901" timestamp="2020-03-04T05:47:02Z" user="hibagonsan" uid="5939709" lat="34.1752955" lon="131.4784031"/>
 <node id="7262707748" visible="true" version="1" changeset="81756901" timestamp="2020-03-04T05:47:02Z" user="hibagonsan" uid="5939709" lat="34.1751904" lon="131.4784198"/>
 <node id="7262707749" visible="true" version="1" changeset="81756901" timestamp="2020-03-04T05:47:02Z" user="hibagonsan" uid="5939709" lat="34.1751316" lon="131.4784735"/>
 <node id="7262707750" visible="true" version="1" changeset="81756901" timestamp="2020-03-04T05:47:02Z" user="hibagonsan" uid="5939709" lat="34.1751785" lon="131.4785486"/>
 <node id="7262707751" visible="true" version="1" changeset="81756901" timestamp="2020-03-04T05:47:02Z" user="hibagonsan" uid="5939709" lat="34.1752373" lon="131.4784949"/>
 <node id="7345555034" visible="true" version="1" changeset="82808602" timestamp="2020-03-30T07:23:54Z" user="hibagonsan" uid="5939709" lat="34.1763584" lon="131.4817807"/>
 <node id="7345555035" visible="true" version="2" changeset="148833838" timestamp="2024-03-18T20:28:48Z" user="Noldaire" uid="20626236" lat="34.1769487" lon="131.4817759">
  <tag k="button_operated" v="yes"/>
  <tag k="crossing" v="traffic_signals"/>
  <tag k="crossing:island" v="no"/>
  <tag k="crossing:markings" v="zebra"/>
  <tag k="highway" v="crossing"/>
  <tag k="tactile_paving" v="no"/>
 </node>
 <node id="7348653480" visible="true" version="1" changeset="82846852" timestamp="2020-03-31T00:16:14Z" user="hibagonsan" uid="5939709" lat="34.1753002" lon="131.4804475"/>
 <node id="7348653481" visible="true" version="1" changeset="82846852" timestamp="2020-03-31T00:16:14Z" user="hibagonsan" uid="5939709" lat="34.1752670" lon="131.4803993"/>
 <node id="7348653482" visible="true" version="1" changeset="82846852" timestamp="2020-03-31T00:16:14Z" user="hibagonsan" uid="5939709" lat="34.1752423" lon="131.4804241"/>
 <node id="7348653483" visible="true" version="1" changeset="82846852" timestamp="2020-03-31T00:16:14Z" user="hibagonsan" uid="5939709" lat="34.1752756" lon="131.4804724"/>
 <node id="7348653484" visible="true" version="1" changeset="82846852" timestamp="2020-03-31T00:16:14Z" user="hibagonsan" uid="5939709" lat="34.1753784" lon="131.4805018"/>
 <node id="7348653485" visible="true" version="1" changeset="82846852" timestamp="2020-03-31T00:16:14Z" user="hibagonsan" uid="5939709" lat="34.1753385" lon="131.4804375"/>
 <node id="7348653486" visible="true" version="1" changeset="82846852" timestamp="2020-03-31T00:16:14Z" user="hibagonsan" uid="5939709" lat="34.1752867" lon="131.4804845"/>
 <node id="7348653487" visible="true" version="1" changeset="82846852" timestamp="2020-03-31T00:16:14Z" user="hibagonsan" uid="5939709" lat="34.1753266" lon="131.4805488"/>
 <node id="7348653496" visible="true" version="1" changeset="82846852" timestamp="2020-03-31T00:16:14Z" user="hibagonsan" uid="5939709" lat="34.1754634" lon="131.4803898"/>
 <node id="7348653497" visible="true" version="1" changeset="82846852" timestamp="2020-03-31T00:16:14Z" user="hibagonsan" uid="5939709" lat="34.1753968" lon="131.4802919"/>
 <node id="7348653498" visible="true" version="1" changeset="82846852" timestamp="2020-03-31T00:16:14Z" user="hibagonsan" uid="5939709" lat="34.1753488" lon="131.4803396"/>
 <node id="7348653499" visible="true" version="1" changeset="82846852" timestamp="2020-03-31T00:16:14Z" user="hibagonsan" uid="5939709" lat="34.1754154" lon="131.4804375"/>
 <node id="9218352823" visible="true" version="3" changeset="181792300" timestamp="2026-04-25T05:55:29Z" user="FajrAl" uid="2649988" lat="34.1748310" lon="131.4796390">
  <tag k="name" v="駅通り二丁目"/>
  <tag k="name:en" v="Ekidori 2-chome"/>
  <tag k="name:id" v="Ekidori 2-chome"/>
  <tag k="place" v="neighbourhood"/>
 </node>
 <node id="9218352824" visible="true" version="3" changeset="181792300" timestamp="2026-04-25T05:55:29Z" user="FajrAl" uid="2649988" lat="34.1731140" lon="131.4785580">
  <tag k="name" v="駅通り一丁目"/>
  <tag k="name:en" v="Ekidori 1-chome"/>
  <tag k="name:id" v="Ekidori 1-chome"/>
  <tag k="place" v="neighbourhood"/>
 </node>
 <node id="9412086518" visible="true" version="2" changeset="167486642" timestamp="2025-06-11T11:22:27Z" user="AlexM51" uid="174705" lat="34.1741600" lon="131.4789816">
  <tag k="bus" v="yes"/>
  <tag k="gtfs:stop_id" v="60027 2;60027 4"/>
  <tag k="highway" v="bus_stop"/>
  <tag k="name" v="今市通"/>
  <tag k="name:ja" v="今市通"/>
  <tag k="name:ja-Hira" v="いまいちどおり"/>
  <tag k="name:ja-Latn" v="Imaichi-dōri"/>
  <tag k="operator" v="中国ジェイアールバス"/>
  <tag k="operator:en" v="Chugoku JR Bus"/>
  <tag k="public_transport" v="platform"/>
 </node>
 <node id="9412086519" visible="true" version="2" changeset="167486642" timestamp="2025-06-11T11:22:27Z" user="AlexM51" uid="174705" lat="34.1744933" lon="131.4787816">
  <tag k="bus" v="yes"/>
  <tag k="gtfs:stop_id" v="60027 1;60027 3"/>
  <tag k="highway" v="bus_stop"/>
  <tag k="name" v="今市通"/>
  <tag k="name:ja" v="今市通"/>
  <tag k="name:ja-Hira" v="いまいちどおり"/>
  <tag k="name:ja-Latn" v="Imaichi-dōri"/>
  <tag k="operator" v="中国ジェイアールバス"/>
  <tag k="operator:en" v="Chugoku JR Bus"/>
  <tag k="public_transport" v="platform"/>
 </node>
 <node id="9550863711" visible="true" version="1" changeset="118039848" timestamp="2022-03-03T03:21:21Z" user="okadatsuneo_import" uid="12352917" lat="34.1728165" lon="131.4804764"/>
 <node id="11225171258" visible="true" version="1" changeset="141868830" timestamp="2023-09-28T15:07:56Z" user="FallingPeppers" uid="19745387" lat="34.1721097" lon="131.4794431"/>
 <node id="11225171259" visible="true" version="1" changeset="141868830" timestamp="2023-09-28T15:07:56Z" user="FallingPeppers" uid="19745387" lat="34.1716710" lon="131.4790589"/>
 <node id="11225171260" visible="true" version="1" changeset="141868830" timestamp="2023-09-28T15:07:56Z" user="FallingPeppers" uid="19745387" lat="34.1714052" lon="131.4787583"/>
 <node id="11225171266" visible="true" version="1" changeset="141868830" timestamp="2023-09-28T15:07:56Z" user="FallingPeppers" uid="19745387" lat="34.1746410" lon="131.4785882"/>
 <node id="11225171267" visible="true" version="1" changeset="141868830" timestamp="2023-09-28T15:07:56Z" user="FallingPeppers" uid="19745387" lat="34.1742785" lon="131.4789318"/>
 <node id="11225171268" visible="true" version="1" changeset="141868830" timestamp="2023-09-28T15:07:56Z" user="FallingPeppers" uid="19745387" lat="34.1741151" lon="131.4790833"/>
 <node id="11225171269" visible="true" version="1" changeset="141868830" timestamp="2023-09-28T15:07:56Z" user="FallingPeppers" uid="19745387" lat="34.1736764" lon="131.4795134"/>
 <node id="11225171270" visible="true" version="1" changeset="141868830" timestamp="2023-09-28T15:07:56Z" user="FallingPeppers" uid="19745387" lat="34.1736585" lon="131.4794945"/>
 <node id="11225171271" visible="true" version="1" changeset="141868830" timestamp="2023-09-28T15:07:56Z" user="FallingPeppers" uid="19745387" lat="34.1734280" lon="131.4797569"/>
 <node id="11225171272" visible="true" version="1" changeset="141868830" timestamp="2023-09-28T15:07:56Z" user="FallingPeppers" uid="19745387" lat="34.1733564" lon="131.4798326"/>
 <node id="11225171273" visible="true" version="1" changeset="141868830" timestamp="2023-09-28T15:07:56Z" user="FallingPeppers" uid="19745387" lat="34.1730162" lon="131.4802337"/>
 <node id="11225171274" visible="true" version="1" changeset="141868830" timestamp="2023-09-28T15:07:56Z" user="FallingPeppers" uid="19745387" lat="34.1738734" lon="131.4810337"/>
 <node id="11225171275" visible="true" version="1" changeset="141868830" timestamp="2023-09-28T15:07:56Z" user="FallingPeppers" uid="19745387" lat="34.1740076" lon="131.4811528"/>
 <node id="11225171276" visible="true" version="1" changeset="141868830" timestamp="2023-09-28T15:07:56Z" user="FallingPeppers" uid="19745387" lat="34.1741419" lon="131.4812664"/>
 <node id="11225171289" visible="true" version="1" changeset="141868830" timestamp="2023-09-28T15:07:56Z" user="FallingPeppers" uid="19745387" lat="34.1743439" lon="131.4814409"/>
 <node id="11225171290" visible="true" version="1" changeset="141868830" timestamp="2023-09-28T15:07:56Z" user="FallingPeppers" uid="19745387" lat="34.1744396" lon="131.4812880"/>
 <node id="11225171291" visible="true" version="1" changeset="141868830" timestamp="2023-09-28T15:07:56Z" user="FallingPeppers" uid="19745387" lat="34.1745963" lon="131.4811582"/>
 <node id="11225171292" visible="true" version="1" changeset="141868830" timestamp="2023-09-28T15:07:56Z" user="FallingPeppers" uid="19745387" lat="34.1746903" lon="131.4810662"/>
 <node id="11225171293" visible="true" version="1" changeset="141868830" timestamp="2023-09-28T15:07:56Z" user="FallingPeppers" uid="19745387" lat="34.1748044" lon="131.4809228"/>
 <node id="11225171294" visible="true" version="1" changeset="141868830" timestamp="2023-09-28T15:07:56Z" user="FallingPeppers" uid="19745387" lat="34.1748581" lon="131.4808471"/>
 <node id="11225171295" visible="true" version="1" changeset="141868830" timestamp="2023-09-28T15:07:56Z" user="FallingPeppers" uid="19745387" lat="34.1752151" lon="131.4804359"/>
 <node id="11225171296" visible="true" version="1" changeset="141868830" timestamp="2023-09-28T15:07:56Z" user="FallingPeppers" uid="19745387" lat="34.1752918" lon="131.4803486"/>
 <node id="11225171297" visible="true" version="1" changeset="141868830" timestamp="2023-09-28T15:07:56Z" user="FallingPeppers" uid="19745387" lat="34.1755116" lon="131.4801146"/>
 <node id="11225171298" visible="true" version="1" changeset="141868830" timestamp="2023-09-28T15:07:56Z" user="FallingPeppers" uid="19745387" lat="34.1755754" lon="131.4799726"/>
 <node id="11225171299" visible="true" version="1" changeset="141868830" timestamp="2023-09-28T15:07:56Z" user="FallingPeppers" uid="19745387" lat="34.1758597" lon="131.4796460"/>
 <node id="11225171300" visible="true" version="1" changeset="141868830" timestamp="2023-09-28T15:07:56Z" user="FallingPeppers" uid="19745387" lat="34.1759755" lon="131.4795012"/>
 <node id="11225171313" visible="true" version="1" changeset="141868830" timestamp="2023-09-28T15:07:56Z" user="FallingPeppers" uid="19745387" lat="34.1766503" lon="131.4787600"/>
 <node id="11225171324" visible="true" version="1" changeset="141868830" timestamp="2023-09-28T15:07:56Z" user="FallingPeppers" uid="19745387" lat="34.1758236" lon="131.4774385"/>
 <node id="11225171325" visible="true" version="1" changeset="141868830" timestamp="2023-09-28T15:07:56Z" user="FallingPeppers" uid="19745387" lat="34.1751267" lon="131.4781013"/>
 <node id="11225171326" visible="true" version="1" changeset="141868830" timestamp="2023-09-28T15:07:56Z" user="FallingPeppers" uid="19745387" lat="34.1750685" lon="131.4781716"/>
 <node id="11225171327" visible="true" version="1" changeset="141868830" timestamp="2023-09-28T15:07:56Z" user="FallingPeppers" uid="19745387" lat="34.1748516" lon="131.4783754"/>
 <node id="11225171328" visible="true" version="1" changeset="141868830" timestamp="2023-09-28T15:07:56Z" user="FallingPeppers" uid="19745387" lat="34.1744418" lon="131.4778632"/>
 <node id="11225171329" visible="true" version="1" changeset="141868830" timestamp="2023-09-28T15:07:56Z" user="FallingPeppers" uid="19745387" lat="34.1743702" lon="131.4777280"/>
 <node id="11225171330" visible="true" version="1" changeset="141868830" timestamp="2023-09-28T15:07:56Z" user="FallingPeppers" uid="19745387" lat="34.1739517" lon="131.4771950"/>
 <node id="11225171331" visible="true" version="1" changeset="141868830" timestamp="2023-09-28T15:07:56Z" user="FallingPeppers" uid="19745387" lat="34.1735085" lon="131.4766107"/>
 <node id="12657802115" visible="true" version="1" changeset="163552659" timestamp="2025-03-13T03:16:17Z" user="ikuraikukiu" uid="21709822" lat="34.1728184" lon="131.4806252"/>
 <node id="12657802116" visible="true" version="1" changeset="163552659" timestamp="2025-03-13T03:16:17Z" user="ikuraikukiu" uid="21709822" lat="34.1729286" lon="131.4804511"/>
 <node id="12657802117" visible="true" version="1" changeset="163552659" timestamp="2025-03-13T03:16:17Z" user="ikuraikukiu" uid="21709822" lat="34.1729908" lon="131.4804118"/>
 <node id="12657802118" visible="true" version="1" changeset="163552659" timestamp="2025-03-13T03:16:17Z" user="ikuraikukiu" uid="21709822" lat="34.1730713" lon="131.4804340"/>
 <node id="12657802119" visible="true" version="1" changeset="163552659" timestamp="2025-03-13T03:16:17Z" user="ikuraikukiu" uid="21709822" lat="34.1730925" lon="131.4804442"/>
 <node id="12657802120" visible="true" version="1" changeset="163552659" timestamp="2025-03-13T03:16:17Z" user="ikuraikukiu" uid="21709822" lat="34.1731659" lon="131.4803196"/>
 <node id="12657802121" visible="true" version="1" changeset="163552659" timestamp="2025-03-13T03:16:17Z" user="ikuraikukiu" uid="21709822" lat="34.1731490" lon="131.4802735"/>
 <node id="12657802122" visible="true" version="1" changeset="163552659" timestamp="2025-03-13T03:16:17Z" user="ikuraikukiu" uid="21709822" lat="34.1731433" lon="131.4802137"/>
 <node id="12657802123" visible="true" version="1" changeset="163552659" timestamp="2025-03-13T03:16:17Z" user="ikuraikukiu" uid="21709822" lat="34.1731447" lon="131.4801489"/>
 <node id="12657802124" visible="true" version="1" changeset="163552659" timestamp="2025-03-13T03:16:17Z" user="ikuraikukiu" uid="21709822" lat="34.1732577" lon="131.4799969"/>
 <node id="12657802125" visible="true" version="1" changeset="163552659" timestamp="2025-03-13T03:16:17Z" user="ikuraikukiu" uid="21709822" lat="34.1735162" lon="131.4797340"/>
 <node id="12657802126" visible="true" version="1" changeset="163552659" timestamp="2025-03-13T03:16:17Z" user="ikuraikukiu" uid="21709822" lat="34.1738284" lon="131.4794335"/>
 <node id="12657802127" visible="true" version="1" changeset="163552659" timestamp="2025-03-13T03:16:17Z" user="ikuraikukiu" uid="21709822" lat="34.1742635" lon="131.4790203"/>
 <node id="12657802128" visible="true" version="1" changeset="163552659" timestamp="2025-03-13T03:16:17Z" user="ikuraikukiu" uid="21709822" lat="34.1747254" lon="131.4785627"/>
 <node id="12657802129" visible="true" version="1" changeset="163552659" timestamp="2025-03-13T03:16:17Z" user="ikuraikukiu" uid="21709822" lat="34.1750446" lon="131.4782451"/>
 <node id="12905858456" visible="true" version="1" changeset="167486642" timestamp="2025-06-11T11:22:27Z" user="AlexM51" uid="174705" lat="34.1737389" lon="131.4794397">
  <tag k="highway" v="crossing"/>
 </node>
 <node id="12905858457" visible="true" version="1" changeset="167486642" timestamp="2025-06-11T11:22:27Z" user="AlexM51" uid="174705" lat="34.1729000" lon="131.4803624">
  <tag k="highway" v="crossing"/>
 </node>
 <node id="12905858459" visible="true" version="1" changeset="167486642" timestamp="2025-06-11T11:22:27Z" user="AlexM51" uid="174705" lat="34.1744689" lon="131.4787450">
  <tag k="bus" v="yes"/>
  <tag k="gtfs:stop_id" v="60027 1;60027 3"/>
  <tag k="name" v="今市通"/>
  <tag k="name:ja" v="今市通"/>
  <tag k="name:ja-Hira" v="いまいちどおり"/>
  <tag k="name:ja-Latn" v="Imaichi-dōri"/>
  <tag k="operator" v="中国ジェイアールバス"/>
  <tag k="operator:en" v="Chugoku JR Bus"/>
  <tag k="public_transport" v="stop_position"/>
 </node>
 <node id="12905858460" visible="true" version="1" changeset="167486642" timestamp="2025-06-11T11:22:27Z" user="AlexM51" uid="174705" lat="34.1768106" lon="131.4762955">
  <tag k="bus" v="yes"/>
  <tag k="gtfs:stop_id" v="60026 1;60026 3"/>
  <tag k="name" v="米屋町"/>
  <tag k="name:ja" v="米屋町"/>
  <tag k="name:ja-Hira" v="こめやちょう"/>
  <tag k="name:ja-Latn" v="Komeyachō"/>
  <tag k="operator" v="中国ジェイアールバス"/>
  <tag k="operator:en" v="Chugoku JR Bus"/>
  <tag k="public_transport" v="stop_position"/>
 </node>
 <node id="12905870003" visible="true" version="1" changeset="167486642" timestamp="2025-06-11T11:22:27Z" user="AlexM51" uid="174705" lat="34.1765896" lon="131.4766124">
  <tag k="bus" v="yes"/>
  <tag k="gtfs:stop_id" v="60026 2;60026 4"/>
  <tag k="name" v="米屋町"/>
  <tag k="name:ja" v="米屋町"/>
  <tag k="name:ja-Hira" v="こめやちょう"/>
  <tag k="name:ja-Latn" v="Komeyachō"/>
  <tag k="operator" v="中国ジェイアールバス"/>
  <tag k="operator:en" v="Chugoku JR Bus"/>
  <tag k="public_transport" v="stop_position"/>
 </node>
 <node id="12905870004" visible="true" version="1" changeset="167486642" timestamp="2025-06-11T11:22:27Z" user="AlexM51" uid="174705" lat="34.1741811" lon="131.4790183">
  <tag k="bus" v="yes"/>
  <tag k="gtfs:stop_id" v="60027 2;60027 4"/>
  <tag k="name" v="今市通"/>
  <tag k="name:ja" v="今市通"/>
  <tag k="name:ja-Hira" v="いまいちどおり"/>
  <tag k="name:ja-Latn" v="Imaichi-dōri"/>
  <tag k="operator" v="中国ジェイアールバス"/>
  <tag k="operator:en" v="Chugoku JR Bus"/>
  <tag k="public_transport" v="stop_position"/>
 </node>
 <node id="13118819026" visible="true" version="1" changeset="171436830" timestamp="2025-09-04T07:00:48Z" user="taketaketake" uid="4757277" lat="34.1731320" lon="131.4803771"/>
 <way id="119878461" visible="true" version="3" changeset="56413413" timestamp="2018-02-16T13:06:40Z" user="mklyr" uid="614924">
  <nd ref="1345449689"/>
  <nd ref="5416485364"/>
  <nd ref="3708719248"/>
  <tag k="highway" v="unclassified"/>
  <tag k="source" v="YahooJapan/ALPSMAP"/>
 </way>
 <way id="119878523" visible="true" version="5" changeset="171431260" timestamp="2025-09-04T02:44:01Z" user="taketaketake" uid="4757277">
  <nd ref="1345450741"/>
  <nd ref="3318350000"/>
  <nd ref="1345449780"/>
  <nd ref="1345450923"/>
  <nd ref="5416052828"/>
  <nd ref="12905858460"/>
  <nd ref="12905870003"/>
  <nd ref="1345449915"/>
  <nd ref="1345449899"/>
  <nd ref="1345451364"/>
  <nd ref="1345451444"/>
  <nd ref="1345451226"/>
  <nd ref="1345450501"/>
  <nd ref="12905858459"/>
  <nd ref="12905870004"/>
  <nd ref="12905858456"/>
  <nd ref="1345450967"/>
  <nd ref="1713906952"/>
  <nd ref="7180407973"/>
  <nd ref="1345450005"/>
  <tag k="highway" v="secondary"/>
  <tag k="lanes" v="2"/>
  <tag k="name" v="山口秋穂線"/>
  <tag k="name:en" v="Yamaguchi Aio Line"/>
  <tag k="name:ja" v="山口秋穂線"/>
  <tag k="name:ja-Hira" v="やまぐちあいおせん"/>
  <tag k="name:ja_rm" v="Yamaguchi Aio-sen"/>
  <tag k="ref" v="194;205"/>
  <tag k="source" v="YahooJapan/ALPSMAP"/>
  <tag k="surface" v="asphalt"/>
  <tag k="wikidata" v="Q11467183"/>
  <tag k="wikipedia" v="ja:山口県道194号山口秋穂線"/>
 </way>
 <way id="119878636" visible="true" version="1" changeset="8595532" timestamp="2011-07-01T02:54:16Z" user="yamasan" uid="32308">
  <nd ref="1345450501"/>
  <nd ref="1345449322"/>
  <tag k="highway" v="unclassified"/>
  <tag k="source" v="YahooJapan/ALPSMAP"/>
  <tag k="yh:STRUCTURE" v="地上"/>
  <tag k="yh:TOTYUMONO" v="供用中"/>
  <tag k="yh:TYPE" v="その他一般道"/>
  <tag k="yh:WIDTH" v="3.0m〜5.5m"/>
  <tag k="yh:WIDTH_RANK" v="3"/>
 </way>
 <way id="119878695" visible="true" version="1" changeset="8595532" timestamp="2011-07-01T02:54:27Z" user="yamasan" uid="32308">
  <nd ref="1345449523"/>
  <nd ref="1345451226"/>
  <tag k="highway" v="unclassified"/>
  <tag k="source" v="YahooJapan/ALPSMAP"/>
  <tag k="yh:STRUCTURE" v="地上"/>
  <tag k="yh:TOTYUMONO" v="供用中"/>
  <tag k="yh:TYPE" v="その他一般道"/>
  <tag k="yh:WIDTH" v="3.0m〜5.5m"/>
  <tag k="yh:WIDTH_RANK" v="3"/>
 </way>
 <way id="119878717" visible="true" version="1" changeset="8595532" timestamp="2011-07-01T02:54:32Z" user="yamasan" uid="32308">
  <nd ref="1345450524"/>
  <nd ref="1345450967"/>
  <tag k="highway" v="unclassified"/>
  <tag k="source" v="YahooJapan/ALPSMAP"/>
  <tag k="yh:STRUCTURE" v="地上"/>
  <tag k="yh:TOTYUMONO" v="供用中"/>
  <tag k="yh:TYPE" v="その他一般道"/>
  <tag k="yh:WIDTH" v="3.0m〜5.5m"/>
  <tag k="yh:WIDTH_RANK" v="3"/>
 </way>
 <way id="119878739" visible="true" version="2" changeset="56413413" timestamp="2018-02-16T13:06:40Z" user="mklyr" uid="614924">
  <nd ref="1345450524"/>
  <nd ref="5416485363"/>
  <nd ref="1345449322"/>
  <tag k="highway" v="unclassified"/>
  <tag k="source" v="YahooJapan/ALPSMAP"/>
 </way>
 <way id="119878790" visible="true" version="2" changeset="33496662" timestamp="2015-08-21T23:45:17Z" user="higa4" uid="162590">
  <nd ref="1345450967"/>
  <nd ref="1345449894"/>
  <tag k="highway" v="unclassified"/>
  <tag k="source" v="YahooJapan/ALPSMAP"/>
  <tag k="yh:WIDTH" v="3.0m〜5.5m"/>
 </way>
 <way id="119878944" visible="true" version="4" changeset="171436830" timestamp="2025-09-04T07:00:48Z" user="taketaketake" uid="4757277">
  <nd ref="1713906943"/>
  <nd ref="1345449905"/>
  <nd ref="1345450799"/>
  <nd ref="1345449412"/>
  <nd ref="5416052821"/>
  <nd ref="1345449851"/>
  <nd ref="7345555035"/>
  <nd ref="7345555034"/>
  <nd ref="1345451318"/>
  <nd ref="1345449342"/>
  <nd ref="2214862926"/>
  <nd ref="1345450429"/>
  <nd ref="2214862923"/>
  <nd ref="1345449393"/>
  <nd ref="1345451465"/>
  <nd ref="1345450451"/>
  <nd ref="13118819026"/>
  <nd ref="1345450005"/>
  <tag k="highway" v="secondary"/>
  <tag k="lanes" v="2"/>
  <tag k="name" v="宮野上山口停車場線"/>
  <tag k="name:en" v="Miyanokami Yamaguchi Station Line"/>
  <tag k="name:ja" v="宮野上山口停車場線"/>
  <tag k="name:ja-Hira" v="みやのかみやまぐちていしゃじょうせん"/>
  <tag k="name:ja_rm" v="Miyanokami Yamaguchi Teishajō-sen"/>
  <tag k="ref" v="201"/>
  <tag k="source" v="YahooJapan/ALPSMAP"/>
  <tag k="surface" v="asphalt"/>
  <tag k="wikidata" v="Q11467189"/>
  <tag k="wikipedia" v="ja:山口県道201号宮野上山口停車場線"/>
 </way>
 <way id="119878997" visible="true" version="4" changeset="56403979" timestamp="2018-02-16T06:09:31Z" user="mklyr" uid="614924">
  <nd ref="1345449393"/>
  <nd ref="3708709032"/>
  <nd ref="1345449983"/>
  <nd ref="5415747580"/>
  <nd ref="3708719249"/>
  <nd ref="1345450863"/>
  <tag k="highway" v="unclassified"/>
  <tag k="source" v="YahooJapan/ALPSMAP"/>
 </way>
 <way id="119879022" visible="true" version="2" changeset="56403979" timestamp="2018-02-16T06:09:32Z" user="mklyr" uid="614924">
  <nd ref="1345449322"/>
  <nd ref="1345449833"/>
  <nd ref="1345450863"/>
  <tag k="highway" v="unclassified"/>
  <tag k="source" v="YahooJapan/ALPSMAP"/>
 </way>
 <way id="119879077" visible="true" version="1" changeset="8595532" timestamp="2011-07-01T02:56:10Z" user="yamasan" uid="32308">
  <nd ref="1345449689"/>
  <nd ref="1345450524"/>
  <tag k="highway" v="unclassified"/>
  <tag k="source" v="YahooJapan/ALPSMAP"/>
  <tag k="yh:STRUCTURE" v="地上"/>
  <tag k="yh:TOTYUMONO" v="供用中"/>
  <tag k="yh:TYPE" v="その他一般道"/>
  <tag k="yh:WIDTH" v="3.0m〜5.5m"/>
  <tag k="yh:WIDTH_RANK" v="3"/>
 </way>
 <way id="119879174" visible="true" version="2" changeset="33521817" timestamp="2015-08-23T10:40:50Z" user="higa4" uid="162590">
  <nd ref="1345450793"/>
  <nd ref="1345451444"/>
  <tag k="highway" v="unclassified"/>
  <tag k="source" v="YahooJapan/ALPSMAP"/>
  <tag k="yh:WIDTH" v="3.0m〜5.5m"/>
 </way>
 <way id="366894715" visible="true" version="1" changeset="33496672" timestamp="2015-08-21T23:46:33Z" user="higa4" uid="162590">
  <nd ref="3708712242"/>
  <nd ref="3708712248"/>
  <nd ref="3708712246"/>
  <nd ref="3708712247"/>
  <nd ref="3708712249"/>
  <nd ref="3708712243"/>
  <nd ref="3708712244"/>
  <nd ref="3708712245"/>
  <nd ref="3708712242"/>
  <tag k="building" v="yes"/>
  <tag k="source" v="GSI/KIBAN 2500;NARO"/>
 </way>
 <way id="366895436" visible="true" version="1" changeset="33496681" timestamp="2015-08-21T23:48:31Z" user="higa4" uid="162590">
  <nd ref="3708718668"/>
  <nd ref="3708718669"/>
  <nd ref="3708718670"/>
  <nd ref="3708718672"/>
  <nd ref="3708718671"/>
  <nd ref="3708718668"/>
  <tag k="building" v="yes"/>
  <tag k="source" v="GSI/KIBAN 2500;NARO"/>
 </way>
 <way id="366895437" visible="true" version="1" changeset="33496681" timestamp="2015-08-21T23:48:31Z" user="higa4" uid="162590">
  <nd ref="3708718673"/>
  <nd ref="3708718674"/>
  <nd ref="3708718675"/>
  <nd ref="3708718678"/>
  <nd ref="3708718680"/>
  <nd ref="3708718682"/>
  <nd ref="3708718681"/>
  <nd ref="3708718679"/>
  <nd ref="3708718677"/>
  <nd ref="3708718676"/>
  <nd ref="3708718673"/>
  <tag k="building" v="yes"/>
  <tag k="source" v="GSI/KIBAN 2500;NARO"/>
 </way>
 <way id="366895438" visible="true" version="2" changeset="79369053" timestamp="2020-01-09T08:25:32Z" user="hibagonsan" uid="5939709">
  <nd ref="3708718683"/>
  <nd ref="7118873597"/>
  <nd ref="7118873596"/>
  <nd ref="3708718684"/>
  <nd ref="3708718685"/>
  <nd ref="3708718686"/>
  <nd ref="3708718683"/>
  <tag k="building" v="yes"/>
  <tag k="source" v="GSI/KIBAN 2500;NARO"/>
 </way>
 <way id="366895440" visible="true" version="1" changeset="33496681" timestamp="2015-08-21T23:48:31Z" user="higa4" uid="162590">
  <nd ref="3708718687"/>
  <nd ref="3708718688"/>
  <nd ref="3708718689"/>
  <nd ref="3708718690"/>
  <nd ref="3708718687"/>
  <tag k="building" v="yes"/>
  <tag k="source" v="GSI/KIBAN 2500;NARO"/>
 </way>
 <way id="366897705" visible="true" version="2" changeset="56413413" timestamp="2018-02-16T13:06:41Z" user="mklyr" uid="614924">
  <nd ref="3708733515"/>
  <nd ref="3708733516"/>
  <nd ref="3708733517"/>
  <nd ref="3708733522"/>
  <nd ref="3708733519"/>
  <nd ref="3708733520"/>
  <nd ref="3708733518"/>
  <nd ref="3708733515"/>
  <tag k="amenity" v="bank"/>
  <tag k="branch" v="山口支店"/>
  <tag k="building" v="yes"/>
  <tag k="name" v="山口銀行"/>
  <tag k="source" v="GSI/KIBAN 2500;NARO"/>
 </way>
 <way id="366897710" visible="true" version="1" changeset="33497040" timestamp="2015-08-22T00:48:06Z" user="higa4" uid="162590">
  <nd ref="3708745249"/>
  <nd ref="3708745250"/>
  <nd ref="3708745251"/>
  <nd ref="3708745252"/>
  <nd ref="3708745249"/>
  <tag k="building" v="yes"/>
  <tag k="source" v="GSI/KIBAN 2500;NARO"/>
 </way>
 <way id="366897712" visible="true" version="1" changeset="33497040" timestamp="2015-08-22T00:48:06Z" user="higa4" uid="162590">
  <nd ref="3708745263"/>
  <nd ref="3708745268"/>
  <nd ref="3708745267"/>
  <nd ref="3708745264"/>
  <nd ref="3708745265"/>
  <nd ref="3708745266"/>
  <nd ref="3708745263"/>
  <tag k="building" v="yes"/>
  <tag k="source" v="GSI/KIBAN 2500;NARO"/>
 </way>
 <way id="366899297" visible="true" version="1" changeset="33497246" timestamp="2015-08-22T01:25:56Z" user="higa4" uid="162590">
  <nd ref="3708759204"/>
  <nd ref="3708759205"/>
  <nd ref="3708759206"/>
  <nd ref="3708759207"/>
  <nd ref="3708759204"/>
  <tag k="building" v="yes"/>
  <tag k="source" v="GSI/KIBAN 2500;NARO"/>
 </way>
 <way id="366899298" visible="true" version="1" changeset="33497246" timestamp="2015-08-22T01:25:56Z" user="higa4" uid="162590">
  <nd ref="3708759211"/>
  <nd ref="3708759208"/>
  <nd ref="3708759209"/>
  <nd ref="3708759212"/>
  <nd ref="3708759211"/>
  <tag k="building" v="yes"/>
  <tag k="source" v="GSI/KIBAN 2500;NARO"/>
 </way>
 <way id="366899299" visible="true" version="1" changeset="33497246" timestamp="2015-08-22T01:25:56Z" user="higa4" uid="162590">
  <nd ref="3708759210"/>
  <nd ref="3708759211"/>
  <nd ref="3708759212"/>
  <nd ref="3708759213"/>
  <nd ref="3708759210"/>
  <tag k="building" v="yes"/>
  <tag k="source" v="GSI/KIBAN 2500;NARO"/>
 </way>
 <way id="366899300" visible="true" version="1" changeset="33497246" timestamp="2015-08-22T01:25:56Z" user="higa4" uid="162590">
  <nd ref="3708759214"/>
  <nd ref="3708759215"/>
  <nd ref="3708759216"/>
  <nd ref="3708759217"/>
  <nd ref="3708759214"/>
  <tag k="building" v="yes"/>
  <tag k="source" v="GSI/KIBAN 2500;NARO"/>
 </way>
 <way id="366899301" visible="true" version="1" changeset="33497246" timestamp="2015-08-22T01:25:56Z" user="higa4" uid="162590">
  <nd ref="3708759218"/>
  <nd ref="3708759219"/>
  <nd ref="3708759220"/>
  <nd ref="3708759221"/>
  <nd ref="3708759218"/>
  <tag k="building" v="yes"/>
  <tag k="source" v="GSI/KIBAN 2500;NARO"/>
 </way>
 <way id="366899302" visible="true" version="1" changeset="33497246" timestamp="2015-08-22T01:25:57Z" user="higa4" uid="162590">
  <nd ref="3708759222"/>
  <nd ref="3708759223"/>
  <nd ref="3708759224"/>
  <nd ref="3708759925"/>
  <nd ref="3708759222"/>
  <tag k="building" v="yes"/>
  <tag k="source" v="GSI/KIBAN 2500;NARO"/>
 </way>
 <way id="366899303" visible="true" version="1" changeset="33497246" timestamp="2015-08-22T01:25:57Z" user="higa4" uid="162590">
  <nd ref="3708759926"/>
  <nd ref="3708759927"/>
  <nd ref="3708759928"/>
  <nd ref="3708759929"/>
  <nd ref="3708759930"/>
  <nd ref="3708759931"/>
  <nd ref="3708759926"/>
  <tag k="building" v="yes"/>
  <tag k="source" v="GSI/KIBAN 2500;NARO"/>
 </way>
 <way id="366899304" visible="true" version="1" changeset="33497246" timestamp="2015-08-22T01:25:57Z" user="higa4" uid="162590">
  <nd ref="3708759932"/>
  <nd ref="3708759933"/>
  <nd ref="3708759934"/>
  <nd ref="3708759935"/>
  <nd ref="3708759932"/>
  <tag k="building" v="yes"/>
  <tag k="source" v="GSI/KIBAN 2500;NARO"/>
 </way>
 <way id="366899305" visible="true" version="1" changeset="33497246" timestamp="2015-08-22T01:25:57Z" user="higa4" uid="162590">
  <nd ref="3708759936"/>
  <nd ref="3708759937"/>
  <nd ref="3708759938"/>
  <nd ref="3708759939"/>
  <nd ref="3708759936"/>
  <tag k="building" v="yes"/>
  <tag k="source" v="GSI/KIBAN 2500;NARO"/>
 </way>
 <way id="366899306" visible="true" version="1" changeset="33497246" timestamp="2015-08-22T01:25:57Z" user="higa4" uid="162590">
  <nd ref="3708759940"/>
  <nd ref="3708759946"/>
  <nd ref="3708759941"/>
  <nd ref="3708759942"/>
  <nd ref="3708759943"/>
  <nd ref="3708759944"/>
  <nd ref="3708759945"/>
  <nd ref="3708759948"/>
  <nd ref="3708759949"/>
  <nd ref="3708759947"/>
  <nd ref="3708759940"/>
  <tag k="building" v="yes"/>
  <tag k="source" v="GSI/KIBAN 2500;NARO"/>
 </way>
 <way id="366899552" visible="true" version="2" changeset="56413413" timestamp="2018-02-16T13:06:41Z" user="mklyr" uid="614924">
  <nd ref="3708761652"/>
  <nd ref="3708761668"/>
  <nd ref="3708761678"/>
  <nd ref="3708761669"/>
  <nd ref="3708761679"/>
  <nd ref="3708761653"/>
  <nd ref="3708761654"/>
  <nd ref="3708761655"/>
  <nd ref="3708761672"/>
  <nd ref="3708761677"/>
  <nd ref="3708761673"/>
  <nd ref="3708761670"/>
  <nd ref="3708761667"/>
  <nd ref="3708761656"/>
  <nd ref="3708761657"/>
  <nd ref="3708761664"/>
  <nd ref="3708761666"/>
  <nd ref="3708761665"/>
  <nd ref="3708761663"/>
  <nd ref="3708761658"/>
  <nd ref="3708761659"/>
  <nd ref="3708761661"/>
  <nd ref="3708761662"/>
  <nd ref="3708761660"/>
  <nd ref="3708761652"/>
  <tag k="amenity" v="hospital"/>
  <tag k="building" v="hospital"/>
  <tag k="name" v="樹一会 山口病院"/>
  <tag k="note" v="National-Land Numerical Information (Public Facility) 2006, MLIT Japan"/>
  <tag k="note:ja" v="国土数値情報（公共施設データ）平成19年　国土交通省"/>
  <tag k="source" v="KSJ2"/>
  <tag k="source_ref" v="http://nlftp.mlit.go.jp/ksj/jpgis/datalist/KsjTmplt-P02-v2_0.html"/>
 </way>
 <way id="366899553" visible="true" version="1" changeset="33497289" timestamp="2015-08-22T01:33:51Z" user="higa4" uid="162590">
  <nd ref="3708761680"/>
  <nd ref="3708761681"/>
  <nd ref="3708761682"/>
  <nd ref="3708761683"/>
  <nd ref="3708761680"/>
  <tag k="building" v="yes"/>
  <tag k="source" v="GSI/KIBAN 2500;NARO"/>
 </way>
 <way id="366899554" visible="true" version="1" changeset="33497289" timestamp="2015-08-22T01:33:51Z" user="higa4" uid="162590">
  <nd ref="3708761684"/>
  <nd ref="3708761685"/>
  <nd ref="3708761686"/>
  <nd ref="3708761687"/>
  <nd ref="3708761684"/>
  <tag k="building" v="yes"/>
  <tag k="source" v="GSI/KIBAN 2500;NARO"/>
 </way>
 <way id="366899709" visible="true" version="1" changeset="33497319" timestamp="2015-08-22T01:42:03Z" user="higa4" uid="162590">
  <nd ref="3708764049"/>
  <nd ref="3708764050"/>
  <nd ref="3708764051"/>
  <nd ref="3708764057"/>
  <nd ref="3708764054"/>
  <nd ref="3708764056"/>
  <nd ref="3708764055"/>
  <nd ref="3708764053"/>
  <nd ref="3708764058"/>
  <nd ref="3708764052"/>
  <nd ref="3708764049"/>
  <tag k="building" v="yes"/>
  <tag k="source" v="GSI/KIBAN 2500;NARO"/>
 </way>
 <way id="366899710" visible="true" version="1" changeset="33497319" timestamp="2015-08-22T01:42:03Z" user="higa4" uid="162590">
  <nd ref="3708764059"/>
  <nd ref="3708764060"/>
  <nd ref="3708764061"/>
  <nd ref="3708764062"/>
  <nd ref="3708764059"/>
  <tag k="building" v="yes"/>
  <tag k="source" v="GSI/KIBAN 2500;NARO"/>
 </way>
 <way id="366899711" visible="true" version="1" changeset="33497319" timestamp="2015-08-22T01:42:03Z" user="higa4" uid="162590">
  <nd ref="3708764063"/>
  <nd ref="3708764064"/>
  <nd ref="3708764065"/>
  <nd ref="3708764066"/>
  <nd ref="3708764063"/>
  <tag k="building" v="yes"/>
  <tag k="source" v="GSI/KIBAN 2500;NARO"/>
 </way>
 <way id="366899712" visible="true" version="1" changeset="33497319" timestamp="2015-08-22T01:42:03Z" user="higa4" uid="162590">
  <nd ref="3708764067"/>
  <nd ref="3708764068"/>
  <nd ref="3708764069"/>
  <nd ref="3708764070"/>
  <nd ref="3708764067"/>
  <tag k="building" v="yes"/>
  <tag k="source" v="GSI/KIBAN 2500;NARO"/>
 </way>
 <way id="366899713" visible="true" version="1" changeset="33497319" timestamp="2015-08-22T01:42:03Z" user="higa4" uid="162590">
  <nd ref="3708764071"/>
  <nd ref="3708764072"/>
  <nd ref="3708764073"/>
  <nd ref="3708764074"/>
  <nd ref="3708764071"/>
  <tag k="building" v="yes"/>
  <tag k="source" v="GSI/KIBAN 2500;NARO"/>
 </way>
 <way id="366899735" visible="true" version="1" changeset="33497334" timestamp="2015-08-22T01:44:37Z" user="higa4" uid="162590">
  <nd ref="3708763689"/>
  <nd ref="3708763690"/>
  <nd ref="3708763691"/>
  <nd ref="3708763692"/>
  <nd ref="3708763689"/>
  <tag k="building" v="yes"/>
  <tag k="source" v="GSI/KIBAN 2500;NARO"/>
 </way>
 <way id="366899736" visible="true" version="1" changeset="33497334" timestamp="2015-08-22T01:44:37Z" user="higa4" uid="162590">
  <nd ref="3708763693"/>
  <nd ref="3708763694"/>
  <nd ref="3708763695"/>
  <nd ref="3708763696"/>
  <nd ref="3708763693"/>
  <tag k="building" v="yes"/>
  <tag k="source" v="GSI/KIBAN 2500;NARO"/>
 </way>
 <way id="366899737" visible="true" version="1" changeset="33497334" timestamp="2015-08-22T01:44:38Z" user="higa4" uid="162590">
  <nd ref="3708763697"/>
  <nd ref="3708763698"/>
  <nd ref="3708763699"/>
  <nd ref="3708763700"/>
  <nd ref="3708763697"/>
  <tag k="building" v="yes"/>
  <tag k="source" v="GSI/KIBAN 2500;NARO"/>
 </way>
 <way id="366899738" visible="true" version="1" changeset="33497334" timestamp="2015-08-22T01:44:38Z" user="higa4" uid="162590">
  <nd ref="3708763701"/>
  <nd ref="3708763702"/>
  <nd ref="3708763703"/>
  <nd ref="3708763704"/>
  <nd ref="3708763701"/>
  <tag k="building" v="yes"/>
  <tag k="source" v="GSI/KIBAN 2500;NARO"/>
 </way>
 <way id="366899909" visible="true" version="1" changeset="33497358" timestamp="2015-08-22T01:48:15Z" user="higa4" uid="162590">
  <nd ref="3708765344"/>
  <nd ref="3708765345"/>
  <nd ref="3708765346"/>
  <nd ref="3708765348"/>
  <nd ref="3708765349"/>
  <nd ref="3708765347"/>
  <nd ref="3708765350"/>
  <nd ref="3708765351"/>
  <nd ref="3708765344"/>
  <tag k="building" v="yes"/>
  <tag k="source" v="GSI/KIBAN 2500;NARO"/>
 </way>
 <way id="366899910" visible="true" version="1" changeset="33497358" timestamp="2015-08-22T01:48:15Z" user="higa4" uid="162590">
  <nd ref="3708765352"/>
  <nd ref="3708765358"/>
  <nd ref="3708765360"/>
  <nd ref="3708765361"/>
  <nd ref="3708765365"/>
  <nd ref="3708765364"/>
  <nd ref="3708765363"/>
  <nd ref="3708765362"/>
  <nd ref="3708765367"/>
  <nd ref="3708765366"/>
  <nd ref="3708765357"/>
  <nd ref="3708765359"/>
  <nd ref="3708765356"/>
  <nd ref="3708765353"/>
  <nd ref="3708765354"/>
  <nd ref="3708765355"/>
  <nd ref="3708765352"/>
  <tag k="building" v="yes"/>
  <tag k="source" v="GSI/KIBAN 2500;NARO"/>
 </way>
 <way id="366899911" visible="true" version="1" changeset="33497358" timestamp="2015-08-22T01:48:16Z" user="higa4" uid="162590">
  <nd ref="3708765368"/>
  <nd ref="3708765369"/>
  <nd ref="3708765370"/>
  <nd ref="3708765372"/>
  <nd ref="3708765373"/>
  <nd ref="3708765374"/>
  <nd ref="3708765375"/>
  <nd ref="3708765371"/>
  <nd ref="3708765368"/>
  <tag k="building" v="yes"/>
  <tag k="source" v="GSI/KIBAN 2500;NARO"/>
 </way>
 <way id="366902283" visible="true" version="1" changeset="33497762" timestamp="2015-08-22T02:58:06Z" user="higa4" uid="162590">
  <nd ref="3708788258"/>
  <nd ref="3708788259"/>
  <nd ref="3708788262"/>
  <nd ref="3708788263"/>
  <nd ref="3708788264"/>
  <nd ref="3708788265"/>
  <nd ref="3708788260"/>
  <nd ref="3708788266"/>
  <nd ref="3708788270"/>
  <nd ref="3708788271"/>
  <nd ref="3708788268"/>
  <nd ref="3708788269"/>
  <nd ref="3708788272"/>
  <nd ref="3708788273"/>
  <nd ref="3708788267"/>
  <nd ref="3708788261"/>
  <nd ref="3708788258"/>
  <tag k="building" v="yes"/>
  <tag k="source" v="GSI/KIBAN 2500;NARO"/>
 </way>
 <way id="366902284" visible="true" version="1" changeset="33497762" timestamp="2015-08-22T02:58:06Z" user="higa4" uid="162590">
  <nd ref="3708788274"/>
  <nd ref="3708788275"/>
  <nd ref="3708788276"/>
  <nd ref="3708788278"/>
  <nd ref="3708788279"/>
  <nd ref="3708788277"/>
  <nd ref="3708788274"/>
  <tag k="building" v="yes"/>
  <tag k="source" v="GSI/KIBAN 2500;NARO"/>
 </way>
 <way id="366902318" visible="true" version="1" changeset="33497775" timestamp="2015-08-22T03:00:01Z" user="higa4" uid="162590">
  <nd ref="3708788835"/>
  <nd ref="3708788836"/>
  <nd ref="3708788837"/>
  <nd ref="3708788840"/>
  <nd ref="3708788839"/>
  <nd ref="3708788838"/>
  <nd ref="3708788835"/>
  <tag k="building" v="yes"/>
  <tag k="source" v="GSI/KIBAN 2500;NARO"/>
 </way>
 <way id="366902319" visible="true" version="1" changeset="33497775" timestamp="2015-08-22T03:00:02Z" user="higa4" uid="162590">
  <nd ref="3708788841"/>
  <nd ref="3708788842"/>
  <nd ref="3708788843"/>
  <nd ref="3708788844"/>
  <nd ref="3708788841"/>
  <tag k="building" v="yes"/>
  <tag k="source" v="GSI/KIBAN 2500;NARO"/>
 </way>
 <way id="366902320" visible="true" version="1" changeset="33497775" timestamp="2015-08-22T03:00:02Z" user="higa4" uid="162590">
  <nd ref="3708788845"/>
  <nd ref="3708788846"/>
  <nd ref="3708788847"/>
  <nd ref="3708788849"/>
  <nd ref="3708788850"/>
  <nd ref="3708788848"/>
  <nd ref="3708788845"/>
  <tag k="building" v="yes"/>
  <tag k="source" v="GSI/KIBAN 2500;NARO"/>
 </way>
 <way id="366902321" visible="true" version="1" changeset="33497775" timestamp="2015-08-22T03:00:02Z" user="higa4" uid="162590">
  <nd ref="3708788851"/>
  <nd ref="3708788852"/>
  <nd ref="3708788853"/>
  <nd ref="3708788857"/>
  <nd ref="3708788856"/>
  <nd ref="3708788858"/>
  <nd ref="3708788855"/>
  <nd ref="3708788854"/>
  <nd ref="3708788851"/>
  <tag k="building" v="yes"/>
  <tag k="source" v="GSI/KIBAN 2500;NARO"/>
 </way>
 <way id="367036861" visible="true" version="1" changeset="33516210" timestamp="2015-08-23T02:02:08Z" user="higa4" uid="162590">
  <nd ref="3710059137"/>
  <nd ref="3710059138"/>
  <nd ref="3710059139"/>
  <nd ref="3710059140"/>
  <nd ref="3710059137"/>
  <tag k="building" v="yes"/>
  <tag k="source" v="GSI/KIBAN 2500;NARO"/>
 </way>
 <way id="367036862" visible="true" version="1" changeset="33516210" timestamp="2015-08-23T02:02:08Z" user="higa4" uid="162590">
  <nd ref="3710059141"/>
  <nd ref="3710059142"/>
  <nd ref="3710059143"/>
  <nd ref="3710059144"/>
  <nd ref="3710059141"/>
  <tag k="building" v="yes"/>
  <tag k="source" v="GSI/KIBAN 2500;NARO"/>
 </way>
 <way id="367036865" visible="true" version="1" changeset="33516210" timestamp="2015-08-23T02:02:08Z" user="higa4" uid="162590">
  <nd ref="3710059157"/>
  <nd ref="3710059158"/>
  <nd ref="3710059159"/>
  <nd ref="3710059160"/>
  <nd ref="3710059157"/>
  <tag k="building" v="yes"/>
  <tag k="source" v="GSI/KIBAN 2500;NARO"/>
 </way>
 <way id="367036866" visible="true" version="1" changeset="33516210" timestamp="2015-08-23T02:02:08Z" user="higa4" uid="162590">
  <nd ref="3710059161"/>
  <nd ref="3710059162"/>
  <nd ref="3710059163"/>
  <nd ref="3710059164"/>
  <nd ref="3710059161"/>
  <tag k="building" v="yes"/>
  <tag k="source" v="GSI/KIBAN 2500;NARO"/>
 </way>
 <way id="367060136" visible="true" version="1" changeset="33519893" timestamp="2015-08-23T08:47:36Z" user="higa4" uid="162590">
  <nd ref="1713906952"/>
  <nd ref="3710236996"/>
  <nd ref="3710236997"/>
  <nd ref="3710236998"/>
  <nd ref="3710236999"/>
  <nd ref="3710237000"/>
  <nd ref="3710237001"/>
  <nd ref="1345449937"/>
  <tag k="highway" v="residential"/>
  <tag k="source" v="GSI/KIBAN 2500;NARO"/>
 </way>
 <way id="367060138" visible="true" version="1" changeset="33519893" timestamp="2015-08-23T08:47:36Z" user="higa4" uid="162590">
  <nd ref="3710237008"/>
  <nd ref="3710237009"/>
  <nd ref="3710237010"/>
  <nd ref="3710237011"/>
  <nd ref="3710237008"/>
  <tag k="building" v="yes"/>
  <tag k="source" v="GSI/KIBAN 2500;NARO"/>
 </way>
 <way id="367060139" visible="true" version="1" changeset="33519893" timestamp="2015-08-23T08:47:36Z" user="higa4" uid="162590">
  <nd ref="3710237012"/>
  <nd ref="3710237017"/>
  <nd ref="3710237016"/>
  <nd ref="3710237013"/>
  <nd ref="3710237014"/>
  <nd ref="3710237015"/>
  <nd ref="3710237012"/>
  <tag k="building" v="yes"/>
  <tag k="source" v="GSI/KIBAN 2500;NARO"/>
 </way>
 <way id="367060140" visible="true" version="1" changeset="33519893" timestamp="2015-08-23T08:47:36Z" user="higa4" uid="162590">
  <nd ref="3710237018"/>
  <nd ref="3710237019"/>
  <nd ref="3710237020"/>
  <nd ref="3710237021"/>
  <nd ref="3710237018"/>
  <tag k="building" v="yes"/>
  <tag k="source" v="GSI/KIBAN 2500;NARO"/>
 </way>
 <way id="367060141" visible="true" version="1" changeset="33519893" timestamp="2015-08-23T08:47:36Z" user="higa4" uid="162590">
  <nd ref="3710237022"/>
  <nd ref="3710237023"/>
  <nd ref="3710237024"/>
  <nd ref="3710237527"/>
  <nd ref="3710237526"/>
  <nd ref="3710237525"/>
  <nd ref="3710237022"/>
  <tag k="building" v="yes"/>
  <tag k="source" v="GSI/KIBAN 2500;NARO"/>
 </way>
 <way id="367060142" visible="true" version="1" changeset="33519893" timestamp="2015-08-23T08:47:36Z" user="higa4" uid="162590">
  <nd ref="3710237528"/>
  <nd ref="3710237529"/>
  <nd ref="3710237530"/>
  <nd ref="3710237532"/>
  <nd ref="3710237533"/>
  <nd ref="3710237531"/>
  <nd ref="3710237528"/>
  <tag k="building" v="yes"/>
  <tag k="source" v="GSI/KIBAN 2500;NARO"/>
 </way>
 <way id="367060143" visible="true" version="1" changeset="33519893" timestamp="2015-08-23T08:47:36Z" user="higa4" uid="162590">
  <nd ref="3710237534"/>
  <nd ref="3710237535"/>
  <nd ref="3710237536"/>
  <nd ref="3710237537"/>
  <nd ref="3710237534"/>
  <tag k="building" v="yes"/>
  <tag k="source" v="GSI/KIBAN 2500;NARO"/>
 </way>
 <way id="367060144" visible="true" version="1" changeset="33519893" timestamp="2015-08-23T08:47:36Z" user="higa4" uid="162590">
  <nd ref="3710237538"/>
  <nd ref="3710237539"/>
  <nd ref="3710237540"/>
  <nd ref="3710237541"/>
  <nd ref="3710237538"/>
  <tag k="building" v="yes"/>
  <tag k="source" v="GSI/KIBAN 2500;NARO"/>
 </way>
 <way id="367060145" visible="true" version="1" changeset="33519893" timestamp="2015-08-23T08:47:37Z" user="higa4" uid="162590">
  <nd ref="3710237542"/>
  <nd ref="3710237543"/>
  <nd ref="3710237546"/>
  <nd ref="3710237547"/>
  <nd ref="3710237544"/>
  <nd ref="3710237545"/>
  <nd ref="3710237542"/>
  <tag k="building" v="yes"/>
  <tag k="source" v="GSI/KIBAN 2500;NARO"/>
 </way>
 <way id="367060146" visible="true" version="1" changeset="33519893" timestamp="2015-08-23T08:47:37Z" user="higa4" uid="162590">
  <nd ref="3710237548"/>
  <nd ref="3710237549"/>
  <nd ref="3710237552"/>
  <nd ref="3710237553"/>
  <nd ref="3710237557"/>
  <nd ref="3710237556"/>
  <nd ref="3710237550"/>
  <nd ref="3710237555"/>
  <nd ref="3710237554"/>
  <nd ref="3710237551"/>
  <nd ref="3710237548"/>
  <tag k="building" v="yes"/>
  <tag k="source" v="GSI/KIBAN 2500;NARO"/>
 </way>
 <way id="367060147" visible="true" version="1" changeset="33519893" timestamp="2015-08-23T08:47:37Z" user="higa4" uid="162590">
  <nd ref="3710237558"/>
  <nd ref="3710237559"/>
  <nd ref="3710237560"/>
  <nd ref="3710237563"/>
  <nd ref="3710237562"/>
  <nd ref="3710237561"/>
  <nd ref="3710237558"/>
  <tag k="building" v="yes"/>
  <tag k="source" v="GSI/KIBAN 2500;NARO"/>
 </way>
 <way id="367060148" visible="true" version="1" changeset="33519893" timestamp="2015-08-23T08:47:37Z" user="higa4" uid="162590">
  <nd ref="3710237564"/>
  <nd ref="3710237565"/>
  <nd ref="3710237566"/>
  <nd ref="3710237567"/>
  <nd ref="3710237564"/>
  <tag k="building" v="yes"/>
  <tag k="source" v="GSI/KIBAN 2500;NARO"/>
 </way>
 <way id="367060149" visible="true" version="1" changeset="33519893" timestamp="2015-08-23T08:47:37Z" user="higa4" uid="162590">
  <nd ref="3710237568"/>
  <nd ref="3710237569"/>
  <nd ref="3710237572"/>
  <nd ref="3710237574"/>
  <nd ref="3710237573"/>
  <nd ref="3710237575"/>
  <nd ref="3710237570"/>
  <nd ref="3710237571"/>
  <nd ref="3710237568"/>
  <tag k="building" v="yes"/>
  <tag k="source" v="GSI/KIBAN 2500;NARO"/>
 </way>
 <way id="367061886" visible="true" version="1" changeset="33520064" timestamp="2015-08-23T08:59:22Z" user="higa4" uid="162590">
  <nd ref="3710249809"/>
  <nd ref="3710249810"/>
  <nd ref="3710249811"/>
  <nd ref="3710249812"/>
  <nd ref="3710249809"/>
  <tag k="building" v="yes"/>
  <tag k="source" v="GSI/KIBAN 2500;NARO"/>
 </way>
 <way id="367061887" visible="true" version="1" changeset="33520064" timestamp="2015-08-23T08:59:22Z" user="higa4" uid="162590">
  <nd ref="3710249813"/>
  <nd ref="3710249814"/>
  <nd ref="3710249819"/>
  <nd ref="3710249818"/>
  <nd ref="3710249817"/>
  <nd ref="3710249820"/>
  <nd ref="3710249815"/>
  <nd ref="3710249816"/>
  <nd ref="3710249813"/>
  <tag k="building" v="yes"/>
  <tag k="source" v="GSI/KIBAN 2500;NARO"/>
 </way>
 <way id="367061888" visible="true" version="1" changeset="33520064" timestamp="2015-08-23T08:59:22Z" user="higa4" uid="162590">
  <nd ref="3710249821"/>
  <nd ref="3710249822"/>
  <nd ref="3710249823"/>
  <nd ref="3710249826"/>
  <nd ref="3710249825"/>
  <nd ref="3710249824"/>
  <nd ref="3710249821"/>
  <tag k="building" v="yes"/>
  <tag k="source" v="GSI/KIBAN 2500;NARO"/>
 </way>
 <way id="367061889" visible="true" version="1" changeset="33520064" timestamp="2015-08-23T08:59:22Z" user="higa4" uid="162590">
  <nd ref="3710249827"/>
  <nd ref="3710249828"/>
  <nd ref="3710249829"/>
  <nd ref="3710249830"/>
  <nd ref="3710249827"/>
  <tag k="building" v="yes"/>
  <tag k="source" v="GSI/KIBAN 2500;NARO"/>
 </way>
 <way id="367061890" visible="true" version="1" changeset="33520064" timestamp="2015-08-23T08:59:22Z" user="higa4" uid="162590">
  <nd ref="3710249831"/>
  <nd ref="3710249832"/>
  <nd ref="3710249833"/>
  <nd ref="3710249842"/>
  <nd ref="3710249837"/>
  <nd ref="3710249846"/>
  <nd ref="3710249844"/>
  <nd ref="3710249845"/>
  <nd ref="3710249843"/>
  <nd ref="3710249838"/>
  <nd ref="3710249841"/>
  <nd ref="3710249839"/>
  <nd ref="3710249840"/>
  <nd ref="3710249834"/>
  <nd ref="3710249836"/>
  <nd ref="3710249835"/>
  <nd ref="3710249831"/>
  <tag k="building" v="yes"/>
  <tag k="source" v="GSI/KIBAN 2500;NARO"/>
 </way>
 <way id="367063086" visible="true" version="1" changeset="33520222" timestamp="2015-08-23T09:11:18Z" user="higa4" uid="162590">
  <nd ref="3710261658"/>
  <nd ref="3710261667"/>
  <nd ref="3710261666"/>
  <nd ref="3710261668"/>
  <nd ref="3710261665"/>
  <nd ref="3710261664"/>
  <nd ref="3710261663"/>
  <nd ref="3710261659"/>
  <nd ref="3710261660"/>
  <nd ref="3710261661"/>
  <nd ref="3710261669"/>
  <nd ref="3710261662"/>
  <nd ref="3710261658"/>
  <tag k="building" v="yes"/>
  <tag k="source" v="GSI/KIBAN 2500;NARO"/>
 </way>
 <way id="367065073" visible="true" version="1" changeset="33520517" timestamp="2015-08-23T09:28:41Z" user="higa4" uid="162590">
  <nd ref="3710277139"/>
  <nd ref="3710277140"/>
  <nd ref="3710277141"/>
  <nd ref="3710277142"/>
  <nd ref="3710277139"/>
  <tag k="building" v="yes"/>
  <tag k="source" v="GSI/KIBAN 2500;NARO"/>
 </way>
 <way id="367065074" visible="true" version="1" changeset="33520517" timestamp="2015-08-23T09:28:41Z" user="higa4" uid="162590">
  <nd ref="3710277143"/>
  <nd ref="3710277144"/>
  <nd ref="3710277145"/>
  <nd ref="3710277146"/>
  <nd ref="3710277143"/>
  <tag k="building" v="yes"/>
  <tag k="source" v="GSI/KIBAN 2500;NARO"/>
 </way>
 <way id="367065075" visible="true" version="1" changeset="33520517" timestamp="2015-08-23T09:28:41Z" user="higa4" uid="162590">
  <nd ref="3710277147"/>
  <nd ref="3710277148"/>
  <nd ref="3710277149"/>
  <nd ref="3710277150"/>
  <nd ref="3710277147"/>
  <tag k="building" v="yes"/>
  <tag k="source" v="GSI/KIBAN 2500;NARO"/>
 </way>
 <way id="367065076" visible="true" version="1" changeset="33520517" timestamp="2015-08-23T09:28:41Z" user="higa4" uid="162590">
  <nd ref="3710277151"/>
  <nd ref="3710277152"/>
  <nd ref="3710277153"/>
  <nd ref="3710277154"/>
  <nd ref="3710277151"/>
  <tag k="building" v="yes"/>
  <tag k="source" v="GSI/KIBAN 2500;NARO"/>
 </way>
 <way id="367084827" visible="true" version="1" changeset="33523411" timestamp="2015-08-23T11:49:03Z" user="higa4" uid="162590">
  <nd ref="3710441093"/>
  <nd ref="3710441094"/>
  <nd ref="3710441095"/>
  <nd ref="3710441096"/>
  <nd ref="3710441093"/>
  <tag k="building" v="yes"/>
  <tag k="source" v="GSI/KIBAN 2500;NARO"/>
 </way>
 <way id="367084828" visible="true" version="1" changeset="33523411" timestamp="2015-08-23T11:49:03Z" user="higa4" uid="162590">
  <nd ref="3710441097"/>
  <nd ref="3710441098"/>
  <nd ref="3710441099"/>
  <nd ref="3710441100"/>
  <nd ref="3710441097"/>
  <tag k="building" v="yes"/>
  <tag k="source" v="GSI/KIBAN 2500;NARO"/>
 </way>
 <way id="367084829" visible="true" version="1" changeset="33523411" timestamp="2015-08-23T11:49:03Z" user="higa4" uid="162590">
  <nd ref="3710441101"/>
  <nd ref="3710441102"/>
  <nd ref="3710441103"/>
  <nd ref="3710441104"/>
  <nd ref="3710441101"/>
  <tag k="building" v="yes"/>
  <tag k="source" v="GSI/KIBAN 2500;NARO"/>
 </way>
 <way id="367084830" visible="true" version="1" changeset="33523411" timestamp="2015-08-23T11:49:03Z" user="higa4" uid="162590">
  <nd ref="3710441105"/>
  <nd ref="3710441106"/>
  <nd ref="3710441107"/>
  <nd ref="3710441108"/>
  <nd ref="3710441105"/>
  <tag k="building" v="yes"/>
  <tag k="source" v="GSI/KIBAN 2500;NARO"/>
 </way>
 <way id="367084831" visible="true" version="1" changeset="33523411" timestamp="2015-08-23T11:49:03Z" user="higa4" uid="162590">
  <nd ref="3710441109"/>
  <nd ref="3710441110"/>
  <nd ref="3710441111"/>
  <nd ref="3710441112"/>
  <nd ref="3710441109"/>
  <tag k="building" v="yes"/>
  <tag k="source" v="GSI/KIBAN 2500;NARO"/>
 </way>
 <way id="367084832" visible="true" version="1" changeset="33523411" timestamp="2015-08-23T11:49:03Z" user="higa4" uid="162590">
  <nd ref="3710441113"/>
  <nd ref="3710441114"/>
  <nd ref="3710441115"/>
  <nd ref="3710441116"/>
  <nd ref="3710441113"/>
  <tag k="building" v="yes"/>
  <tag k="source" v="GSI/KIBAN 2500;NARO"/>
 </way>
 <way id="367084833" visible="true" version="1" changeset="33523411" timestamp="2015-08-23T11:49:03Z" user="higa4" uid="162590">
  <nd ref="3710441117"/>
  <nd ref="3710441118"/>
  <nd ref="3710441119"/>
  <nd ref="3710441120"/>
  <nd ref="3710441117"/>
  <tag k="building" v="yes"/>
  <tag k="source" v="GSI/KIBAN 2500;NARO"/>
 </way>
 <way id="367084834" visible="true" version="1" changeset="33523411" timestamp="2015-08-23T11:49:03Z" user="higa4" uid="162590">
  <nd ref="3710441121"/>
  <nd ref="3710441122"/>
  <nd ref="3710441123"/>
  <nd ref="3710441225"/>
  <nd ref="3710441226"/>
  <nd ref="3710441124"/>
  <nd ref="3710441121"/>
  <tag k="building" v="yes"/>
  <tag k="source" v="GSI/KIBAN 2500;NARO"/>
 </way>
 <way id="367084835" visible="true" version="1" changeset="33523411" timestamp="2015-08-23T11:49:03Z" user="higa4" uid="162590">
  <nd ref="3710441227"/>
  <nd ref="3710441228"/>
  <nd ref="3710441229"/>
  <nd ref="3710441231"/>
  <nd ref="3710441232"/>
  <nd ref="3710441230"/>
  <nd ref="3710441227"/>
  <tag k="building" v="yes"/>
  <tag k="source" v="GSI/KIBAN 2500;NARO"/>
 </way>
 <way id="367084836" visible="true" version="1" changeset="33523411" timestamp="2015-08-23T11:49:03Z" user="higa4" uid="162590">
  <nd ref="3710441233"/>
  <nd ref="3710441234"/>
  <nd ref="3710441235"/>
  <nd ref="3710441237"/>
  <nd ref="3710441238"/>
  <nd ref="3710441239"/>
  <nd ref="3710441243"/>
  <nd ref="3710441248"/>
  <nd ref="3710441246"/>
  <nd ref="3710441247"/>
  <nd ref="3710441245"/>
  <nd ref="3710441244"/>
  <nd ref="3710441236"/>
  <nd ref="3710441242"/>
  <nd ref="3710441241"/>
  <nd ref="3710441240"/>
  <nd ref="3710441233"/>
  <tag k="building" v="yes"/>
  <tag k="source" v="GSI/KIBAN 2500;NARO"/>
 </way>
 <way id="367084969" visible="true" version="1" changeset="33523445" timestamp="2015-08-23T11:51:33Z" user="higa4" uid="162590">
  <nd ref="3710441820"/>
  <nd ref="3710441821"/>
  <nd ref="3710441822"/>
  <nd ref="3710441823"/>
  <nd ref="3710441820"/>
  <tag k="building" v="yes"/>
  <tag k="source" v="GSI/KIBAN 2500;NARO"/>
 </way>
 <way id="367084970" visible="true" version="1" changeset="33523445" timestamp="2015-08-23T11:51:33Z" user="higa4" uid="162590">
  <nd ref="3710441824"/>
  <nd ref="3710442625"/>
  <nd ref="3710442626"/>
  <nd ref="3710442627"/>
  <nd ref="3710441824"/>
  <tag k="building" v="yes"/>
  <tag k="source" v="GSI/KIBAN 2500;NARO"/>
 </way>
 <way id="367084971" visible="true" version="1" changeset="33523445" timestamp="2015-08-23T11:51:33Z" user="higa4" uid="162590">
  <nd ref="3710442628"/>
  <nd ref="3710442629"/>
  <nd ref="3710442630"/>
  <nd ref="3710442631"/>
  <nd ref="3710442628"/>
  <tag k="building" v="yes"/>
  <tag k="source" v="GSI/KIBAN 2500;NARO"/>
 </way>
 <way id="367084972" visible="true" version="1" changeset="33523445" timestamp="2015-08-23T11:51:33Z" user="higa4" uid="162590">
  <nd ref="3710442632"/>
  <nd ref="3710442633"/>
  <nd ref="3710442634"/>
  <nd ref="3710442635"/>
  <nd ref="3710442632"/>
  <tag k="building" v="yes"/>
  <tag k="source" v="GSI/KIBAN 2500;NARO"/>
 </way>
 <way id="367084973" visible="true" version="1" changeset="33523445" timestamp="2015-08-23T11:51:33Z" user="higa4" uid="162590">
  <nd ref="3710442636"/>
  <nd ref="3710442637"/>
  <nd ref="3710442638"/>
  <nd ref="3710442639"/>
  <nd ref="3710442636"/>
  <tag k="building" v="yes"/>
  <tag k="source" v="GSI/KIBAN 2500;NARO"/>
 </way>
 <way id="367084974" visible="true" version="1" changeset="33523445" timestamp="2015-08-23T11:51:33Z" user="higa4" uid="162590">
  <nd ref="3710442640"/>
  <nd ref="3710442641"/>
  <nd ref="3710442642"/>
  <nd ref="3710442643"/>
  <nd ref="3710442640"/>
  <tag k="building" v="yes"/>
  <tag k="source" v="GSI/KIBAN 2500;NARO"/>
 </way>
 <way id="367084975" visible="true" version="1" changeset="33523445" timestamp="2015-08-23T11:51:33Z" user="higa4" uid="162590">
  <nd ref="3710442644"/>
  <nd ref="3710442645"/>
  <nd ref="3710442646"/>
  <nd ref="3710442647"/>
  <nd ref="3710442644"/>
  <tag k="building" v="yes"/>
  <tag k="source" v="GSI/KIBAN 2500;NARO"/>
 </way>
 <way id="367085362" visible="true" version="1" changeset="33523492" timestamp="2015-08-23T11:54:10Z" user="higa4" uid="162590">
  <nd ref="3710416482"/>
  <nd ref="3710416483"/>
  <nd ref="3710416484"/>
  <nd ref="3710416485"/>
  <nd ref="3710416482"/>
  <tag k="building" v="yes"/>
  <tag k="source" v="GSI/KIBAN 2500;NARO"/>
 </way>
 <way id="367085363" visible="true" version="1" changeset="33523492" timestamp="2015-08-23T11:54:11Z" user="higa4" uid="162590">
  <nd ref="3710416486"/>
  <nd ref="3710416487"/>
  <nd ref="3710416488"/>
  <nd ref="3710416489"/>
  <nd ref="3710416486"/>
  <tag k="building" v="yes"/>
  <tag k="source" v="GSI/KIBAN 2500;NARO"/>
 </way>
 <way id="367085364" visible="true" version="1" changeset="33523492" timestamp="2015-08-23T11:54:11Z" user="higa4" uid="162590">
  <nd ref="3710416490"/>
  <nd ref="3710416491"/>
  <nd ref="3710416492"/>
  <nd ref="3710416493"/>
  <nd ref="3710416490"/>
  <tag k="building" v="yes"/>
  <tag k="source" v="GSI/KIBAN 2500;NARO"/>
 </way>
 <way id="367085365" visible="true" version="1" changeset="33523492" timestamp="2015-08-23T11:54:11Z" user="higa4" uid="162590">
  <nd ref="3710416494"/>
  <nd ref="3710416495"/>
  <nd ref="3710416496"/>
  <nd ref="3710416497"/>
  <nd ref="3710416494"/>
  <tag k="building" v="yes"/>
  <tag k="source" v="GSI/KIBAN 2500;NARO"/>
 </way>
 <way id="367085366" visible="true" version="1" changeset="33523492" timestamp="2015-08-23T11:54:11Z" user="higa4" uid="162590">
  <nd ref="3710416498"/>
  <nd ref="3710416499"/>
  <nd ref="3710416500"/>
  <nd ref="3710416501"/>
  <nd ref="3710416498"/>
  <tag k="building" v="yes"/>
  <tag k="source" v="GSI/KIBAN 2500;NARO"/>
 </way>
 <way id="367085367" visible="true" version="1" changeset="33523492" timestamp="2015-08-23T11:54:11Z" user="higa4" uid="162590">
  <nd ref="3710416502"/>
  <nd ref="3710416503"/>
  <nd ref="3710416504"/>
  <nd ref="3710416505"/>
  <nd ref="3710416502"/>
  <tag k="building" v="yes"/>
  <tag k="source" v="GSI/KIBAN 2500;NARO"/>
 </way>
 <way id="367085368" visible="true" version="1" changeset="33523492" timestamp="2015-08-23T11:54:11Z" user="higa4" uid="162590">
  <nd ref="3710416506"/>
  <nd ref="3710416507"/>
  <nd ref="3710416508"/>
  <nd ref="3710416509"/>
  <nd ref="3710416506"/>
  <tag k="building" v="yes"/>
  <tag k="source" v="GSI/KIBAN 2500;NARO"/>
 </way>
 <way id="367103090" visible="true" version="1" changeset="33525003" timestamp="2015-08-23T13:42:12Z" user="higa4" uid="162590">
  <nd ref="3710567053"/>
  <nd ref="3710567054"/>
  <nd ref="3710567057"/>
  <nd ref="3710567058"/>
  <nd ref="3710567055"/>
  <nd ref="3710567056"/>
  <nd ref="3710567053"/>
  <tag k="building" v="yes"/>
  <tag k="source" v="GSI/KIBAN 2500;NARO"/>
 </way>
 <way id="367103091" visible="true" version="1" changeset="33525003" timestamp="2015-08-23T13:42:12Z" user="higa4" uid="162590">
  <nd ref="3710567059"/>
  <nd ref="3710567060"/>
  <nd ref="3710567061"/>
  <nd ref="3710567062"/>
  <nd ref="3710567064"/>
  <nd ref="3710567063"/>
  <nd ref="3710567059"/>
  <tag k="building" v="yes"/>
  <tag k="source" v="GSI/KIBAN 2500;NARO"/>
 </way>
 <way id="367103092" visible="true" version="1" changeset="33525003" timestamp="2015-08-23T13:42:12Z" user="higa4" uid="162590">
  <nd ref="3710567065"/>
  <nd ref="3710567069"/>
  <nd ref="3710567066"/>
  <nd ref="3710567067"/>
  <nd ref="3710567068"/>
  <nd ref="3710567070"/>
  <nd ref="3710567065"/>
  <tag k="building" v="yes"/>
  <tag k="source" v="GSI/KIBAN 2500;NARO"/>
 </way>
 <way id="367103093" visible="true" version="1" changeset="33525003" timestamp="2015-08-23T13:42:12Z" user="higa4" uid="162590">
  <nd ref="3710567071"/>
  <nd ref="3710567072"/>
  <nd ref="3710567076"/>
  <nd ref="3710567075"/>
  <nd ref="3710567073"/>
  <nd ref="3710567074"/>
  <nd ref="3710567071"/>
  <tag k="building" v="yes"/>
  <tag k="source" v="GSI/KIBAN 2500;NARO"/>
 </way>
 <way id="367103094" visible="true" version="1" changeset="33525003" timestamp="2015-08-23T13:42:12Z" user="higa4" uid="162590">
  <nd ref="3710567077"/>
  <nd ref="3710567078"/>
  <nd ref="3710567079"/>
  <nd ref="3710567080"/>
  <nd ref="3710567077"/>
  <tag k="building" v="yes"/>
  <tag k="source" v="GSI/KIBAN 2500;NARO"/>
 </way>
 <way id="367103095" visible="true" version="1" changeset="33525003" timestamp="2015-08-23T13:42:12Z" user="higa4" uid="162590">
  <nd ref="3710567081"/>
  <nd ref="3710567082"/>
  <nd ref="3710567083"/>
  <nd ref="3710567084"/>
  <nd ref="3710567085"/>
  <nd ref="3710567086"/>
  <nd ref="3710567081"/>
  <tag k="building" v="yes"/>
  <tag k="source" v="GSI/KIBAN 2500;NARO"/>
 </way>
 <way id="367103096" visible="true" version="1" changeset="33525003" timestamp="2015-08-23T13:42:12Z" user="higa4" uid="162590">
  <nd ref="3710567087"/>
  <nd ref="3710567088"/>
  <nd ref="3710567089"/>
  <nd ref="3710567090"/>
  <nd ref="3710567087"/>
  <tag k="building" v="yes"/>
  <tag k="source" v="GSI/KIBAN 2500;NARO"/>
 </way>
 <way id="367103331" visible="true" version="1" changeset="33525055" timestamp="2015-08-23T13:44:51Z" user="higa4" uid="162590">
  <nd ref="3710570213"/>
  <nd ref="3710570221"/>
  <nd ref="3710570220"/>
  <nd ref="3710570223"/>
  <nd ref="3710570222"/>
  <nd ref="3710570214"/>
  <nd ref="3710570215"/>
  <nd ref="3710570217"/>
  <nd ref="3710570225"/>
  <nd ref="3710570216"/>
  <nd ref="3710570226"/>
  <nd ref="3710570218"/>
  <nd ref="3710570219"/>
  <nd ref="3710570224"/>
  <nd ref="3710570213"/>
  <tag k="building" v="yes"/>
  <tag k="source" v="GSI/KIBAN 2500;NARO"/>
 </way>
 <way id="367103332" visible="true" version="1" changeset="33525055" timestamp="2015-08-23T13:44:51Z" user="higa4" uid="162590">
  <nd ref="3710570227"/>
  <nd ref="3710570228"/>
  <nd ref="3710570231"/>
  <nd ref="3710570232"/>
  <nd ref="3710570229"/>
  <nd ref="3710570230"/>
  <nd ref="3710570227"/>
  <tag k="building" v="yes"/>
  <tag k="source" v="GSI/KIBAN 2500;NARO"/>
 </way>
 <way id="367733411" visible="true" version="1" changeset="33610831" timestamp="2015-08-27T02:15:23Z" user="higa4" uid="162590">
  <nd ref="3716218300"/>
  <nd ref="3716218301"/>
  <nd ref="3716218302"/>
  <nd ref="3716218303"/>
  <nd ref="3716218304"/>
  <nd ref="3716218305"/>
  <nd ref="3716218300"/>
  <tag k="building" v="yes"/>
  <tag k="building:levels" v="3"/>
  <tag k="source" v="GSI/KIBAN 2500;NARO"/>
 </way>
 <way id="465818529" visible="true" version="1" changeset="45154184" timestamp="2017-01-14T06:38:57Z" user="freshcl" uid="1204536">
  <nd ref="4607349515"/>
  <nd ref="4607349516"/>
  <nd ref="4607349517"/>
  <nd ref="4607349518"/>
  <nd ref="4607349519"/>
  <nd ref="4607349520"/>
  <nd ref="4607349521"/>
  <nd ref="4607349515"/>
  <tag k="access" v="customers"/>
  <tag k="amenity" v="parking"/>
  <tag k="fee" v="no"/>
  <tag k="operator" v="山口駅"/>
  <tag k="parking" v="surface"/>
 </way>
 <way id="561780572" visible="true" version="1" changeset="56413413" timestamp="2018-02-16T13:06:36Z" user="mklyr" uid="614924">
  <nd ref="5416485364"/>
  <nd ref="5416485363"/>
  <tag k="highway" v="residential"/>
  <tag k="source" v="GSImaps/std"/>
 </way>
 <way id="561780573" visible="true" version="1" changeset="56413413" timestamp="2018-02-16T13:06:37Z" user="mklyr" uid="614924">
  <nd ref="3708719248"/>
  <nd ref="3708719249"/>
  <tag k="highway" v="path"/>
  <tag k="source" v="YahooJapan/ALPSMAP"/>
 </way>
 <way id="561780574" visible="true" version="1" changeset="56413413" timestamp="2018-02-16T13:06:37Z" user="mklyr" uid="614924">
  <nd ref="5416485380"/>
  <nd ref="5416485379"/>
  <nd ref="5416485378"/>
  <nd ref="5416485377"/>
  <nd ref="5416485376"/>
  <nd ref="5416485375"/>
  <nd ref="5416485374"/>
  <nd ref="5416485373"/>
  <nd ref="5416485372"/>
  <nd ref="5416485371"/>
  <nd ref="5416485370"/>
  <nd ref="5416485369"/>
  <nd ref="5416485368"/>
  <nd ref="5416485367"/>
  <nd ref="5416485366"/>
  <nd ref="5416485365"/>
  <nd ref="5416485380"/>
  <tag k="amenity" v="place_of_worship"/>
  <tag k="building" v="temple"/>
  <tag k="name" v="正善寺"/>
  <tag k="religion" v="buddhist"/>
  <tag k="source" v="GSImaps/std;survey"/>
 </way>
 <way id="561780586" visible="true" version="1" changeset="56413413" timestamp="2018-02-16T13:06:38Z" user="mklyr" uid="614924">
  <nd ref="5416486460"/>
  <nd ref="5416486459"/>
  <nd ref="5416486458"/>
  <nd ref="5416486457"/>
  <nd ref="5416486456"/>
  <nd ref="5416486455"/>
  <nd ref="5416486454"/>
  <nd ref="5416486453"/>
  <nd ref="5416486460"/>
  <tag k="amenity" v="place_of_worship"/>
  <tag k="building" v="temple"/>
  <tag k="name" v="万徳寺"/>
  <tag k="religion" v="buddhist"/>
  <tag k="source" v="GSImaps/std;survey"/>
 </way>
 <way id="697065138" visible="true" version="1" changeset="71239066" timestamp="2019-06-14T04:54:26Z" user="hibagonsan" uid="5939709">
  <nd ref="6546638577"/>
  <nd ref="6546638576"/>
  <nd ref="6546638575"/>
  <nd ref="6546638574"/>
  <nd ref="6546638577"/>
  <tag k="building" v="yes"/>
  <tag k="source" v="GSImaps/ort"/>
 </way>
 <way id="697065139" visible="true" version="1" changeset="71239066" timestamp="2019-06-14T04:54:26Z" user="hibagonsan" uid="5939709">
  <nd ref="6546638581"/>
  <nd ref="6546638578"/>
  <nd ref="6546638579"/>
  <nd ref="6546638580"/>
  <nd ref="6546638581"/>
  <tag k="building" v="yes"/>
  <tag k="source" v="GSImaps/ort"/>
 </way>
 <way id="697065140" visible="true" version="1" changeset="71239066" timestamp="2019-06-14T04:54:26Z" user="hibagonsan" uid="5939709">
  <nd ref="6546740985"/>
  <nd ref="6546638584"/>
  <nd ref="6546638583"/>
  <nd ref="6546638582"/>
  <nd ref="6546740985"/>
  <tag k="building" v="yes"/>
  <tag k="source" v="GSImaps/ort"/>
 </way>
 <way id="701206364" visible="true" version="1" changeset="71840819" timestamp="2019-07-03T00:18:04Z" user="hibagonsan" uid="5939709">
  <nd ref="6585430474"/>
  <nd ref="6585430473"/>
  <nd ref="6585430472"/>
  <nd ref="6585430471"/>
  <nd ref="6585430474"/>
  <tag k="leisure" v="pitch"/>
  <tag k="sport" v="multi"/>
 </way>
 <way id="720048477" visible="true" version="1" changeset="73901829" timestamp="2019-08-30T00:41:53Z" user="hibagonsan" uid="5939709">
  <nd ref="6758219116"/>
  <nd ref="6758219115"/>
  <nd ref="6758219114"/>
  <nd ref="6758219111"/>
  <nd ref="6758219112"/>
  <nd ref="6758219113"/>
  <nd ref="6758219116"/>
  <tag k="building" v="yes"/>
  <tag k="source" v="GSImaps/ort"/>
 </way>
 <way id="720048478" visible="true" version="1" changeset="73901829" timestamp="2019-08-30T00:41:53Z" user="hibagonsan" uid="5939709">
  <nd ref="6758219120"/>
  <nd ref="6758219119"/>
  <nd ref="6758219118"/>
  <nd ref="6758219117"/>
  <nd ref="6758219120"/>
  <tag k="building" v="yes"/>
  <tag k="source" v="GSImaps/ort"/>
 </way>
 <way id="720048479" visible="true" version="1" changeset="73901829" timestamp="2019-08-30T00:41:53Z" user="hibagonsan" uid="5939709">
  <nd ref="6758219124"/>
  <nd ref="6758219123"/>
  <nd ref="6758219122"/>
  <nd ref="6758219121"/>
  <nd ref="6758219124"/>
  <tag k="building" v="yes"/>
  <tag k="source" v="GSImaps/ort"/>
 </way>
 <way id="720048480" visible="true" version="1" changeset="73901829" timestamp="2019-08-30T00:41:53Z" user="hibagonsan" uid="5939709">
  <nd ref="6758219128"/>
  <nd ref="6758219127"/>
  <nd ref="6758219126"/>
  <nd ref="6758219125"/>
  <nd ref="6758219128"/>
  <tag k="building" v="yes"/>
  <tag k="source" v="GSImaps/ort"/>
 </way>
 <way id="720048481" visible="true" version="1" changeset="73901829" timestamp="2019-08-30T00:41:53Z" user="hibagonsan" uid="5939709">
  <nd ref="6758219132"/>
  <nd ref="6758219131"/>
  <nd ref="6758219130"/>
  <nd ref="6758219129"/>
  <nd ref="6758219132"/>
  <tag k="building" v="yes"/>
  <tag k="source" v="GSImaps/ort"/>
 </way>
 <way id="720048482" visible="true" version="1" changeset="73901829" timestamp="2019-08-30T00:41:53Z" user="hibagonsan" uid="5939709">
  <nd ref="6758219136"/>
  <nd ref="6758219135"/>
  <nd ref="6758219134"/>
  <nd ref="6758219133"/>
  <nd ref="6758219136"/>
  <tag k="building" v="yes"/>
  <tag k="source" v="GSImaps/ort"/>
 </way>
 <way id="720048483" visible="true" version="1" changeset="73901829" timestamp="2019-08-30T00:41:53Z" user="hibagonsan" uid="5939709">
  <nd ref="6758219140"/>
  <nd ref="6758219139"/>
  <nd ref="6758219138"/>
  <nd ref="6758219137"/>
  <nd ref="6758219140"/>
  <tag k="building" v="yes"/>
  <tag k="source" v="GSImaps/ort"/>
 </way>
 <way id="720048484" visible="true" version="1" changeset="73901829" timestamp="2019-08-30T00:41:53Z" user="hibagonsan" uid="5939709">
  <nd ref="6758219144"/>
  <nd ref="6758219143"/>
  <nd ref="6758219142"/>
  <nd ref="6758219141"/>
  <nd ref="6758219144"/>
  <tag k="building" v="yes"/>
  <tag k="source" v="GSImaps/ort"/>
 </way>
 <way id="720048485" visible="true" version="1" changeset="73901829" timestamp="2019-08-30T00:41:53Z" user="hibagonsan" uid="5939709">
  <nd ref="6758219148"/>
  <nd ref="6758219145"/>
  <nd ref="6758219146"/>
  <nd ref="6758219147"/>
  <nd ref="6758219148"/>
  <tag k="building" v="yes"/>
  <tag k="source" v="GSImaps/ort"/>
 </way>
 <way id="720048486" visible="true" version="1" changeset="73901829" timestamp="2019-08-30T00:41:53Z" user="hibagonsan" uid="5939709">
  <nd ref="6758219152"/>
  <nd ref="6758219149"/>
  <nd ref="6758219150"/>
  <nd ref="6758219151"/>
  <nd ref="6758219152"/>
  <tag k="building" v="yes"/>
  <tag k="source" v="GSImaps/ort"/>
 </way>
 <way id="720048487" visible="true" version="1" changeset="73901829" timestamp="2019-08-30T00:41:53Z" user="hibagonsan" uid="5939709">
  <nd ref="6758219156"/>
  <nd ref="6758219153"/>
  <nd ref="6758219154"/>
  <nd ref="6758219155"/>
  <nd ref="6758219156"/>
  <tag k="building" v="yes"/>
  <tag k="source" v="GSImaps/ort"/>
 </way>
 <way id="720048488" visible="true" version="1" changeset="73901829" timestamp="2019-08-30T00:41:53Z" user="hibagonsan" uid="5939709">
  <nd ref="6758219161"/>
  <nd ref="6758219160"/>
  <nd ref="6758219159"/>
  <nd ref="6758219158"/>
  <nd ref="6758219157"/>
  <nd ref="6758219161"/>
  <tag k="building" v="yes"/>
  <tag k="source" v="GSImaps/ort"/>
 </way>
 <way id="720048489" visible="true" version="1" changeset="73901829" timestamp="2019-08-30T00:41:53Z" user="hibagonsan" uid="5939709">
  <nd ref="6758219169"/>
  <nd ref="6758219166"/>
  <nd ref="6758219162"/>
  <nd ref="6758219165"/>
  <nd ref="6758219164"/>
  <nd ref="6758219163"/>
  <nd ref="6758219167"/>
  <nd ref="6758219168"/>
  <nd ref="6758219169"/>
  <tag k="building" v="yes"/>
  <tag k="source" v="GSImaps/ort"/>
 </way>
 <way id="720048490" visible="true" version="1" changeset="73901829" timestamp="2019-08-30T00:41:53Z" user="hibagonsan" uid="5939709">
  <nd ref="6758219179"/>
  <nd ref="6758219170"/>
  <nd ref="6758219171"/>
  <nd ref="6758219178"/>
  <nd ref="6758219177"/>
  <nd ref="6758219175"/>
  <nd ref="6758219174"/>
  <nd ref="6758219172"/>
  <nd ref="6758219173"/>
  <nd ref="6758219176"/>
  <nd ref="6758219179"/>
  <tag k="building" v="yes"/>
  <tag k="source" v="GSImaps/ort"/>
 </way>
 <way id="720048491" visible="true" version="1" changeset="73901829" timestamp="2019-08-30T00:41:53Z" user="hibagonsan" uid="5939709">
  <nd ref="6758219185"/>
  <nd ref="6758219184"/>
  <nd ref="6758219183"/>
  <nd ref="6758219180"/>
  <nd ref="6758219181"/>
  <nd ref="6758219182"/>
  <nd ref="6758219185"/>
  <tag k="building" v="yes"/>
  <tag k="source" v="GSImaps/ort"/>
 </way>
 <way id="720048492" visible="true" version="1" changeset="73901829" timestamp="2019-08-30T00:41:53Z" user="hibagonsan" uid="5939709">
  <nd ref="6758219189"/>
  <nd ref="6758219188"/>
  <nd ref="6758219187"/>
  <nd ref="6758219186"/>
  <nd ref="6758219189"/>
  <tag k="building" v="yes"/>
  <tag k="source" v="GSImaps/ort"/>
 </way>
 <way id="720048493" visible="true" version="1" changeset="73901829" timestamp="2019-08-30T00:41:53Z" user="hibagonsan" uid="5939709">
  <nd ref="6758219193"/>
  <nd ref="6758219192"/>
  <nd ref="6758219191"/>
  <nd ref="6758219190"/>
  <nd ref="6758219193"/>
  <tag k="building" v="yes"/>
  <tag k="source" v="GSImaps/ort"/>
 </way>
 <way id="720048494" visible="true" version="1" changeset="73901829" timestamp="2019-08-30T00:41:53Z" user="hibagonsan" uid="5939709">
  <nd ref="6758219197"/>
  <nd ref="6758219196"/>
  <nd ref="6758219195"/>
  <nd ref="6758219194"/>
  <nd ref="6758219197"/>
  <tag k="building" v="yes"/>
  <tag k="source" v="GSImaps/ort"/>
 </way>
 <way id="720048495" visible="true" version="1" changeset="73901829" timestamp="2019-08-30T00:41:53Z" user="hibagonsan" uid="5939709">
  <nd ref="6758219201"/>
  <nd ref="6758219200"/>
  <nd ref="6758219199"/>
  <nd ref="6758219198"/>
  <nd ref="6758219201"/>
  <tag k="building" v="yes"/>
  <tag k="source" v="GSImaps/ort"/>
 </way>
 <way id="720048496" visible="true" version="1" changeset="73901829" timestamp="2019-08-30T00:41:53Z" user="hibagonsan" uid="5939709">
  <nd ref="6758219205"/>
  <nd ref="6758219204"/>
  <nd ref="6758219203"/>
  <nd ref="6758219202"/>
  <nd ref="6758219205"/>
  <tag k="building" v="yes"/>
  <tag k="source" v="GSImaps/ort"/>
 </way>
 <way id="720048497" visible="true" version="1" changeset="73901829" timestamp="2019-08-30T00:41:53Z" user="hibagonsan" uid="5939709">
  <nd ref="6758219209"/>
  <nd ref="6758219208"/>
  <nd ref="6758219207"/>
  <nd ref="6758219206"/>
  <nd ref="6758219209"/>
  <tag k="building" v="yes"/>
  <tag k="source" v="GSImaps/ort"/>
 </way>
 <way id="720048498" visible="true" version="1" changeset="73901829" timestamp="2019-08-30T00:41:53Z" user="hibagonsan" uid="5939709">
  <nd ref="6758219213"/>
  <nd ref="6758219212"/>
  <nd ref="6758219211"/>
  <nd ref="6758219210"/>
  <nd ref="6758219213"/>
  <tag k="building" v="yes"/>
  <tag k="source" v="GSImaps/ort"/>
 </way>
 <way id="720048499" visible="true" version="1" changeset="73901829" timestamp="2019-08-30T00:41:53Z" user="hibagonsan" uid="5939709">
  <nd ref="6758219217"/>
  <nd ref="6758219216"/>
  <nd ref="6758219215"/>
  <nd ref="6758219214"/>
  <nd ref="6758219217"/>
  <tag k="building" v="yes"/>
  <tag k="source" v="GSImaps/ort"/>
 </way>
 <way id="720048500" visible="true" version="1" changeset="73901829" timestamp="2019-08-30T00:41:53Z" user="hibagonsan" uid="5939709">
  <nd ref="6758219221"/>
  <nd ref="6758219220"/>
  <nd ref="6758219219"/>
  <nd ref="6758219218"/>
  <nd ref="6758219221"/>
  <tag k="amenity" v="parking"/>
 </way>
 <way id="720048604" visible="true" version="1" changeset="73901847" timestamp="2019-08-30T00:43:56Z" user="hibagonsan" uid="5939709">
  <nd ref="6758172782"/>
  <nd ref="6758172779"/>
  <nd ref="6758172780"/>
  <nd ref="6758172781"/>
  <nd ref="6758172782"/>
  <tag k="building" v="yes"/>
  <tag k="source" v="GSImaps/ort"/>
 </way>
 <way id="720048605" visible="true" version="1" changeset="73901847" timestamp="2019-08-30T00:43:56Z" user="hibagonsan" uid="5939709">
  <nd ref="6758220086"/>
  <nd ref="6758220085"/>
  <nd ref="6758172784"/>
  <nd ref="6758172783"/>
  <nd ref="6758220086"/>
  <tag k="building" v="yes"/>
  <tag k="source" v="GSImaps/ort"/>
 </way>
 <way id="720048607" visible="true" version="1" changeset="73901847" timestamp="2019-08-30T00:43:56Z" user="hibagonsan" uid="5939709">
  <nd ref="6758220094"/>
  <nd ref="6758220093"/>
  <nd ref="6758220092"/>
  <nd ref="6758220091"/>
  <nd ref="6758220094"/>
  <tag k="building" v="yes"/>
  <tag k="source" v="GSImaps/ort"/>
 </way>
 <way id="720048608" visible="true" version="1" changeset="73901847" timestamp="2019-08-30T00:43:56Z" user="hibagonsan" uid="5939709">
  <nd ref="6758220100"/>
  <nd ref="6758220097"/>
  <nd ref="6758220096"/>
  <nd ref="6758220095"/>
  <nd ref="6758220098"/>
  <nd ref="6758220099"/>
  <nd ref="6758220100"/>
  <tag k="building" v="yes"/>
  <tag k="source" v="GSImaps/ort"/>
 </way>
 <way id="762999986" visible="true" version="1" changeset="79539052" timestamp="2020-01-14T02:11:35Z" user="hibagonsan" uid="5939709">
  <nd ref="7129712528"/>
  <nd ref="7129712527"/>
  <nd ref="7129712526"/>
  <nd ref="7129712525"/>
  <nd ref="7129712528"/>
  <tag k="building" v="yes"/>
  <tag k="source" v="Bing"/>
 </way>
 <way id="762999987" visible="true" version="1" changeset="79539052" timestamp="2020-01-14T02:11:35Z" user="hibagonsan" uid="5939709">
  <nd ref="7129712532"/>
  <nd ref="7129712529"/>
  <nd ref="7129712524"/>
  <nd ref="7129712523"/>
  <nd ref="7129712530"/>
  <nd ref="7129712531"/>
  <nd ref="7129712532"/>
  <tag k="building" v="yes"/>
  <tag k="source" v="Bing"/>
 </way>
 <way id="762999988" visible="true" version="1" changeset="79539052" timestamp="2020-01-14T02:11:35Z" user="hibagonsan" uid="5939709">
  <nd ref="7129712536"/>
  <nd ref="7129712535"/>
  <nd ref="7129712534"/>
  <nd ref="7129712533"/>
  <nd ref="7129712536"/>
  <tag k="building" v="yes"/>
  <tag k="source" v="Bing"/>
 </way>
 <way id="762999989" visible="true" version="1" changeset="79539052" timestamp="2020-01-14T02:11:35Z" user="hibagonsan" uid="5939709">
  <nd ref="7129712540"/>
  <nd ref="7129712537"/>
  <nd ref="7129712538"/>
  <nd ref="7129712539"/>
  <nd ref="7129712540"/>
  <tag k="building" v="yes"/>
  <tag k="source" v="Bing"/>
 </way>
 <way id="762999991" visible="true" version="1" changeset="79539052" timestamp="2020-01-14T02:11:35Z" user="hibagonsan" uid="5939709">
  <nd ref="7129712548"/>
  <nd ref="7129712545"/>
  <nd ref="7129712546"/>
  <nd ref="7129712547"/>
  <nd ref="7129712548"/>
  <tag k="building" v="yes"/>
  <tag k="source" v="Bing"/>
 </way>
 <way id="762999992" visible="true" version="1" changeset="79539052" timestamp="2020-01-14T02:11:35Z" user="hibagonsan" uid="5939709">
  <nd ref="7129712552"/>
  <nd ref="7129712549"/>
  <nd ref="7129712550"/>
  <nd ref="7129712551"/>
  <nd ref="7129712552"/>
  <tag k="building" v="yes"/>
  <tag k="source" v="Bing"/>
 </way>
 <way id="762999993" visible="true" version="1" changeset="79539052" timestamp="2020-01-14T02:11:35Z" user="hibagonsan" uid="5939709">
  <nd ref="7129712558"/>
  <nd ref="7129712557"/>
  <nd ref="7129712556"/>
  <nd ref="7129712554"/>
  <nd ref="7129712553"/>
  <nd ref="7129712555"/>
  <nd ref="7129712558"/>
  <tag k="building" v="yes"/>
  <tag k="source" v="Bing"/>
 </way>
 <way id="762999994" visible="true" version="1" changeset="79539052" timestamp="2020-01-14T02:11:35Z" user="hibagonsan" uid="5939709">
  <nd ref="7129712562"/>
  <nd ref="7129712561"/>
  <nd ref="7129712560"/>
  <nd ref="7129712559"/>
  <nd ref="7129712562"/>
  <tag k="building" v="yes"/>
  <tag k="source" v="Bing"/>
 </way>
 <way id="769195526" visible="true" version="1" changeset="80455078" timestamp="2020-02-03T05:04:59Z" user="hibagonsan" uid="5939709">
  <nd ref="7180407904"/>
  <nd ref="7180407901"/>
  <nd ref="7180407902"/>
  <nd ref="7180407903"/>
  <nd ref="7180407904"/>
  <tag k="building" v="yes"/>
 </way>
 <way id="769195527" visible="true" version="1" changeset="80455078" timestamp="2020-02-03T05:04:59Z" user="hibagonsan" uid="5939709">
  <nd ref="7180407908"/>
  <nd ref="7180407907"/>
  <nd ref="7180407906"/>
  <nd ref="7180407905"/>
  <nd ref="7180407908"/>
  <tag k="building" v="yes"/>
 </way>
 <way id="769195528" visible="true" version="1" changeset="80455078" timestamp="2020-02-03T05:04:59Z" user="hibagonsan" uid="5939709">
  <nd ref="7180407912"/>
  <nd ref="7180407911"/>
  <nd ref="7180407910"/>
  <nd ref="7180407909"/>
  <nd ref="7180407912"/>
  <tag k="building" v="yes"/>
 </way>
 <way id="769195529" visible="true" version="1" changeset="80455078" timestamp="2020-02-03T05:04:59Z" user="hibagonsan" uid="5939709">
  <nd ref="7180407916"/>
  <nd ref="7180407915"/>
  <nd ref="7180407914"/>
  <nd ref="7180407913"/>
  <nd ref="7180407916"/>
  <tag k="building" v="yes"/>
 </way>
 <way id="769195530" visible="true" version="1" changeset="80455078" timestamp="2020-02-03T05:04:59Z" user="hibagonsan" uid="5939709">
  <nd ref="7180407920"/>
  <nd ref="7180407917"/>
  <nd ref="7180407918"/>
  <nd ref="7180407919"/>
  <nd ref="7180407920"/>
  <tag k="building" v="yes"/>
 </way>
 <way id="769195531" visible="true" version="1" changeset="80455078" timestamp="2020-02-03T05:04:59Z" user="hibagonsan" uid="5939709">
  <nd ref="7180407924"/>
  <nd ref="7180407921"/>
  <nd ref="7180407922"/>
  <nd ref="7180407923"/>
  <nd ref="7180407924"/>
  <tag k="building" v="yes"/>
 </way>
 <way id="769195532" visible="true" version="1" changeset="80455078" timestamp="2020-02-03T05:04:59Z" user="hibagonsan" uid="5939709">
  <nd ref="7180407928"/>
  <nd ref="7180407925"/>
  <nd ref="7180407926"/>
  <nd ref="7180407927"/>
  <nd ref="7180407928"/>
  <tag k="building" v="yes"/>
 </way>
 <way id="769195533" visible="true" version="1" changeset="80455078" timestamp="2020-02-03T05:04:59Z" user="hibagonsan" uid="5939709">
  <nd ref="7180407932"/>
  <nd ref="7180407931"/>
  <nd ref="7180407930"/>
  <nd ref="7180407929"/>
  <nd ref="7180407932"/>
  <tag k="building" v="yes"/>
 </way>
 <way id="769195534" visible="true" version="1" changeset="80455078" timestamp="2020-02-03T05:04:59Z" user="hibagonsan" uid="5939709">
  <nd ref="7180407940"/>
  <nd ref="7180407937"/>
  <nd ref="7180407934"/>
  <nd ref="7180407933"/>
  <nd ref="7180407935"/>
  <nd ref="7180407936"/>
  <nd ref="7180407938"/>
  <nd ref="7180407939"/>
  <nd ref="7180407940"/>
  <tag k="building" v="yes"/>
 </way>
 <way id="769195535" visible="true" version="1" changeset="80455078" timestamp="2020-02-03T05:04:59Z" user="hibagonsan" uid="5939709">
  <nd ref="7180407944"/>
  <nd ref="7180407943"/>
  <nd ref="7180407942"/>
  <nd ref="7180407941"/>
  <nd ref="7180407944"/>
  <tag k="building" v="yes"/>
 </way>
 <way id="769195538" visible="true" version="1" changeset="80455078" timestamp="2020-02-03T05:04:59Z" user="hibagonsan" uid="5939709">
  <nd ref="7180407956"/>
  <nd ref="7180407955"/>
  <nd ref="7180407954"/>
  <nd ref="7180407953"/>
  <nd ref="7180407956"/>
  <tag k="building" v="yes"/>
 </way>
 <way id="769195539" visible="true" version="1" changeset="80455078" timestamp="2020-02-03T05:04:59Z" user="hibagonsan" uid="5939709">
  <nd ref="7180407968"/>
  <nd ref="7180407967"/>
  <nd ref="7180407966"/>
  <nd ref="7180407964"/>
  <nd ref="7180407963"/>
  <nd ref="7180407962"/>
  <nd ref="7180407960"/>
  <nd ref="7180407959"/>
  <nd ref="7180407961"/>
  <nd ref="7180407965"/>
  <nd ref="7180407957"/>
  <nd ref="7180407958"/>
  <nd ref="7180407968"/>
  <tag k="building" v="yes"/>
 </way>
 <way id="769195540" visible="true" version="1" changeset="80455078" timestamp="2020-02-03T05:04:59Z" user="hibagonsan" uid="5939709">
  <nd ref="7180407972"/>
  <nd ref="7180407969"/>
  <nd ref="7180407970"/>
  <nd ref="7180407971"/>
  <nd ref="7180407972"/>
  <tag k="building" v="yes"/>
 </way>
 <way id="769196776" visible="true" version="1" changeset="80455261" timestamp="2020-02-03T05:10:26Z" user="hibagonsan" uid="5939709">
  <nd ref="7180411230"/>
  <nd ref="7180411227"/>
  <nd ref="7180411228"/>
  <nd ref="7180411229"/>
  <nd ref="7180411230"/>
  <tag k="building" v="yes"/>
 </way>
 <way id="769196781" visible="true" version="1" changeset="80455261" timestamp="2020-02-03T05:10:26Z" user="hibagonsan" uid="5939709">
  <nd ref="7180411254"/>
  <nd ref="7180411251"/>
  <nd ref="7180411250"/>
  <nd ref="7180411248"/>
  <nd ref="7180411247"/>
  <nd ref="7180411249"/>
  <nd ref="7180411252"/>
  <nd ref="7180411253"/>
  <nd ref="7180411254"/>
  <tag k="building" v="yes"/>
 </way>
 <way id="769196782" visible="true" version="1" changeset="80455261" timestamp="2020-02-03T05:10:26Z" user="hibagonsan" uid="5939709">
  <nd ref="7180411258"/>
  <nd ref="7180411257"/>
  <nd ref="7180411256"/>
  <nd ref="7180411255"/>
  <nd ref="7180411258"/>
  <tag k="building" v="yes"/>
 </way>
 <way id="769196783" visible="true" version="1" changeset="80455261" timestamp="2020-02-03T05:10:26Z" user="hibagonsan" uid="5939709">
  <nd ref="7180411262"/>
  <nd ref="7180411261"/>
  <nd ref="7180411260"/>
  <nd ref="7180411259"/>
  <nd ref="7180411262"/>
  <tag k="building" v="yes"/>
 </way>
 <way id="769196784" visible="true" version="1" changeset="80455261" timestamp="2020-02-03T05:10:26Z" user="hibagonsan" uid="5939709">
  <nd ref="7180411266"/>
  <nd ref="7180411265"/>
  <nd ref="7180411264"/>
  <nd ref="7180411263"/>
  <nd ref="7180411266"/>
  <tag k="building" v="yes"/>
 </way>
 <way id="769196785" visible="true" version="1" changeset="80455261" timestamp="2020-02-03T05:10:26Z" user="hibagonsan" uid="5939709">
  <nd ref="7180411270"/>
  <nd ref="7180411267"/>
  <nd ref="7180411268"/>
  <nd ref="7180411269"/>
  <nd ref="7180411270"/>
  <tag k="building" v="yes"/>
 </way>
 <way id="769196786" visible="true" version="1" changeset="80455261" timestamp="2020-02-03T05:10:26Z" user="hibagonsan" uid="5939709">
  <nd ref="7180411274"/>
  <nd ref="7180411271"/>
  <nd ref="7180411272"/>
  <nd ref="7180411273"/>
  <nd ref="7180411274"/>
  <tag k="building" v="yes"/>
 </way>
 <way id="769196787" visible="true" version="1" changeset="80455261" timestamp="2020-02-03T05:10:26Z" user="hibagonsan" uid="5939709">
  <nd ref="7180411278"/>
  <nd ref="7180411275"/>
  <nd ref="7180411276"/>
  <nd ref="7180411277"/>
  <nd ref="7180411278"/>
  <tag k="building" v="yes"/>
 </way>
 <way id="769196788" visible="true" version="1" changeset="80455261" timestamp="2020-02-03T05:10:26Z" user="hibagonsan" uid="5939709">
  <nd ref="7180413786"/>
  <nd ref="7180411281"/>
  <nd ref="7180411280"/>
  <nd ref="7180411279"/>
  <nd ref="7180411282"/>
  <nd ref="7180413785"/>
  <nd ref="7180411284"/>
  <nd ref="7180411283"/>
  <nd ref="7180413786"/>
  <tag k="building" v="yes"/>
 </way>
 <way id="776234359" visible="true" version="1" changeset="81456703" timestamp="2020-02-25T13:14:35Z" user="hibagonsan" uid="5939709">
  <nd ref="7242506910"/>
  <nd ref="7242506907"/>
  <nd ref="7242506905"/>
  <nd ref="7242506906"/>
  <nd ref="7242506908"/>
  <nd ref="7242506909"/>
  <nd ref="7242506910"/>
  <tag k="building" v="yes"/>
  <tag k="source" v="Bing"/>
 </way>
 <way id="776234360" visible="true" version="1" changeset="81456703" timestamp="2020-02-25T13:14:35Z" user="hibagonsan" uid="5939709">
  <nd ref="7242506914"/>
  <nd ref="7242506913"/>
  <nd ref="7242506912"/>
  <nd ref="7242506911"/>
  <nd ref="7242506914"/>
  <tag k="building" v="yes"/>
  <tag k="source" v="Bing"/>
 </way>
 <way id="776234362" visible="true" version="1" changeset="81456703" timestamp="2020-02-25T13:14:35Z" user="hibagonsan" uid="5939709">
  <nd ref="7242506924"/>
  <nd ref="7242506921"/>
  <nd ref="7242506920"/>
  <nd ref="7242506919"/>
  <nd ref="7242506922"/>
  <nd ref="7242506923"/>
  <nd ref="7242506924"/>
  <tag k="building" v="yes"/>
  <tag k="source" v="Bing"/>
 </way>
 <way id="776234363" visible="true" version="1" changeset="81456703" timestamp="2020-02-25T13:14:35Z" user="hibagonsan" uid="5939709">
  <nd ref="7242506928"/>
  <nd ref="7242506925"/>
  <nd ref="7242506926"/>
  <nd ref="7242506927"/>
  <nd ref="7242506928"/>
  <tag k="building" v="yes"/>
  <tag k="source" v="Bing"/>
 </way>
 <way id="776234364" visible="true" version="1" changeset="81456703" timestamp="2020-02-25T13:14:35Z" user="hibagonsan" uid="5939709">
  <nd ref="7242506932"/>
  <nd ref="7242506931"/>
  <nd ref="7242506930"/>
  <nd ref="7242506929"/>
  <nd ref="7242506932"/>
  <tag k="building" v="yes"/>
  <tag k="source" v="Bing"/>
 </way>
 <way id="776234365" visible="true" version="1" changeset="81456703" timestamp="2020-02-25T13:14:35Z" user="hibagonsan" uid="5939709">
  <nd ref="7242506936"/>
  <nd ref="7242506935"/>
  <nd ref="7242506934"/>
  <nd ref="7242506933"/>
  <nd ref="7242506936"/>
  <tag k="building" v="yes"/>
  <tag k="source" v="Bing"/>
 </way>
 <way id="777926096" visible="true" version="1" changeset="81716347" timestamp="2020-03-03T08:14:44Z" user="hibagonsan" uid="5939709">
  <nd ref="7260141754"/>
  <nd ref="7260141753"/>
  <nd ref="7260141749"/>
  <nd ref="7260141748"/>
  <nd ref="7260141747"/>
  <nd ref="7260141750"/>
  <nd ref="7260141752"/>
  <nd ref="7260141741"/>
  <nd ref="7260141742"/>
  <nd ref="7260141751"/>
  <nd ref="7260141745"/>
  <nd ref="7260141744"/>
  <nd ref="7260141743"/>
  <nd ref="7260141746"/>
  <nd ref="7260141754"/>
  <tag k="building" v="yes"/>
 </way>
 <way id="778173754" visible="true" version="1" changeset="81756901" timestamp="2020-03-04T05:47:02Z" user="hibagonsan" uid="5939709">
  <nd ref="7262704666"/>
  <nd ref="7262704663"/>
  <nd ref="7262704664"/>
  <nd ref="7262704665"/>
  <nd ref="7262704666"/>
  <tag k="building" v="yes"/>
 </way>
 <way id="778173755" visible="true" version="1" changeset="81756901" timestamp="2020-03-04T05:47:02Z" user="hibagonsan" uid="5939709">
  <nd ref="7262704670"/>
  <nd ref="7262704667"/>
  <nd ref="7262704668"/>
  <nd ref="7262704669"/>
  <nd ref="7262704670"/>
  <tag k="building" v="yes"/>
 </way>
 <way id="778173757" visible="true" version="1" changeset="81756901" timestamp="2020-03-04T05:47:02Z" user="hibagonsan" uid="5939709">
  <nd ref="7262704678"/>
  <nd ref="7262704677"/>
  <nd ref="7262704676"/>
  <nd ref="7262704675"/>
  <nd ref="7262704678"/>
  <tag k="building" v="yes"/>
 </way>
 <way id="778173796" visible="true" version="1" changeset="81756901" timestamp="2020-03-04T05:47:02Z" user="hibagonsan" uid="5939709">
  <nd ref="7262707652"/>
  <nd ref="7262707651"/>
  <nd ref="7262707650"/>
  <nd ref="7262707649"/>
  <nd ref="7262707652"/>
  <tag k="building" v="yes"/>
 </way>
 <way id="778173797" visible="true" version="1" changeset="81756901" timestamp="2020-03-04T05:47:02Z" user="hibagonsan" uid="5939709">
  <nd ref="7262707656"/>
  <nd ref="7262707655"/>
  <nd ref="7262707654"/>
  <nd ref="7262707653"/>
  <nd ref="7262707656"/>
  <tag k="building" v="yes"/>
 </way>
 <way id="778173798" visible="true" version="1" changeset="81756901" timestamp="2020-03-04T05:47:02Z" user="hibagonsan" uid="5939709">
  <nd ref="7262707660"/>
  <nd ref="7262707657"/>
  <nd ref="7262707658"/>
  <nd ref="7262707659"/>
  <nd ref="7262707660"/>
  <tag k="building" v="yes"/>
 </way>
 <way id="778173801" visible="true" version="1" changeset="81756901" timestamp="2020-03-04T05:47:02Z" user="hibagonsan" uid="5939709">
  <nd ref="7262707672"/>
  <nd ref="7262707671"/>
  <nd ref="7262707670"/>
  <nd ref="7262707669"/>
  <nd ref="7262707672"/>
  <tag k="building" v="yes"/>
 </way>
 <way id="778173802" visible="true" version="1" changeset="81756901" timestamp="2020-03-04T05:47:02Z" user="hibagonsan" uid="5939709">
  <nd ref="7262707676"/>
  <nd ref="7262707675"/>
  <nd ref="7262707674"/>
  <nd ref="7262707673"/>
  <nd ref="7262707676"/>
  <tag k="building" v="yes"/>
 </way>
 <way id="778173803" visible="true" version="1" changeset="81756901" timestamp="2020-03-04T05:47:02Z" user="hibagonsan" uid="5939709">
  <nd ref="7262707680"/>
  <nd ref="7262707679"/>
  <nd ref="7262707678"/>
  <nd ref="7262707677"/>
  <nd ref="7262707680"/>
  <tag k="building" v="yes"/>
 </way>
 <way id="778173804" visible="true" version="1" changeset="81756901" timestamp="2020-03-04T05:47:02Z" user="hibagonsan" uid="5939709">
  <nd ref="7262707684"/>
  <nd ref="7262707683"/>
  <nd ref="7262707682"/>
  <nd ref="7262707681"/>
  <nd ref="7262707684"/>
  <tag k="building" v="yes"/>
 </way>
 <way id="778173805" visible="true" version="1" changeset="81756901" timestamp="2020-03-04T05:47:02Z" user="hibagonsan" uid="5939709">
  <nd ref="7262707690"/>
  <nd ref="7262707687"/>
  <nd ref="7262707685"/>
  <nd ref="7262707686"/>
  <nd ref="7262707688"/>
  <nd ref="7262707689"/>
  <nd ref="7262707690"/>
  <tag k="building" v="yes"/>
 </way>
 <way id="778173806" visible="true" version="1" changeset="81756901" timestamp="2020-03-04T05:47:02Z" user="hibagonsan" uid="5939709">
  <nd ref="7262707694"/>
  <nd ref="7262707691"/>
  <nd ref="7262707692"/>
  <nd ref="7262707693"/>
  <nd ref="7262707694"/>
  <tag k="building" v="yes"/>
 </way>
 <way id="778173809" visible="true" version="1" changeset="81756901" timestamp="2020-03-04T05:47:02Z" user="hibagonsan" uid="5939709">
  <nd ref="7262707706"/>
  <nd ref="7262707705"/>
  <nd ref="7262707704"/>
  <nd ref="7262707703"/>
  <nd ref="7262707706"/>
  <tag k="building" v="yes"/>
 </way>
 <way id="778173810" visible="true" version="1" changeset="81756901" timestamp="2020-03-04T05:47:02Z" user="hibagonsan" uid="5939709">
  <nd ref="7262707710"/>
  <nd ref="7262707709"/>
  <nd ref="7262707708"/>
  <nd ref="7262707707"/>
  <nd ref="7262707710"/>
  <tag k="building" v="yes"/>
 </way>
 <way id="778173811" visible="true" version="1" changeset="81756901" timestamp="2020-03-04T05:47:02Z" user="hibagonsan" uid="5939709">
  <nd ref="7262707714"/>
  <nd ref="7262707713"/>
  <nd ref="7262707712"/>
  <nd ref="7262707711"/>
  <nd ref="7262707714"/>
  <tag k="building" v="yes"/>
 </way>
 <way id="778173812" visible="true" version="1" changeset="81756901" timestamp="2020-03-04T05:47:02Z" user="hibagonsan" uid="5939709">
  <nd ref="7262707718"/>
  <nd ref="7262707717"/>
  <nd ref="7262707716"/>
  <nd ref="7262707715"/>
  <nd ref="7262707718"/>
  <tag k="building" v="yes"/>
 </way>
 <way id="778173814" visible="true" version="1" changeset="81756901" timestamp="2020-03-04T05:47:02Z" user="hibagonsan" uid="5939709">
  <nd ref="7262707726"/>
  <nd ref="7262707723"/>
  <nd ref="7262707724"/>
  <nd ref="7262707725"/>
  <nd ref="7262707726"/>
  <tag k="building" v="yes"/>
 </way>
 <way id="778173815" visible="true" version="1" changeset="81756901" timestamp="2020-03-04T05:47:02Z" user="hibagonsan" uid="5939709">
  <nd ref="7262707730"/>
  <nd ref="7262707729"/>
  <nd ref="7262707728"/>
  <nd ref="7262707727"/>
  <nd ref="7262707730"/>
  <tag k="building" v="yes"/>
 </way>
 <way id="778173816" visible="true" version="1" changeset="81756901" timestamp="2020-03-04T05:47:02Z" user="hibagonsan" uid="5939709">
  <nd ref="7262707734"/>
  <nd ref="7262707733"/>
  <nd ref="7262707732"/>
  <nd ref="7262707731"/>
  <nd ref="7262707734"/>
  <tag k="building" v="yes"/>
 </way>
 <way id="778173817" visible="true" version="1" changeset="81756901" timestamp="2020-03-04T05:47:02Z" user="hibagonsan" uid="5939709">
  <nd ref="7262707738"/>
  <nd ref="7262707737"/>
  <nd ref="7262707736"/>
  <nd ref="7262707735"/>
  <nd ref="7262707738"/>
  <tag k="building" v="yes"/>
 </way>
 <way id="778173818" visible="true" version="1" changeset="81756901" timestamp="2020-03-04T05:47:02Z" user="hibagonsan" uid="5939709">
  <nd ref="7262707742"/>
  <nd ref="7262707739"/>
  <nd ref="7262707740"/>
  <nd ref="7262707741"/>
  <nd ref="7262707742"/>
  <tag k="building" v="yes"/>
 </way>
 <way id="778173819" visible="true" version="1" changeset="81756901" timestamp="2020-03-04T05:47:02Z" user="hibagonsan" uid="5939709">
  <nd ref="7262707747"/>
  <nd ref="7262707744"/>
  <nd ref="7262707743"/>
  <nd ref="7262707745"/>
  <nd ref="7262707746"/>
  <nd ref="7262707747"/>
  <tag k="building" v="yes"/>
 </way>
 <way id="778173820" visible="true" version="1" changeset="81756901" timestamp="2020-03-04T05:47:02Z" user="hibagonsan" uid="5939709">
  <nd ref="7262707751"/>
  <nd ref="7262707750"/>
  <nd ref="7262707749"/>
  <nd ref="7262707748"/>
  <nd ref="7262707751"/>
  <tag k="building" v="yes"/>
 </way>
 <way id="786050445" visible="true" version="1" changeset="82846852" timestamp="2020-03-31T00:16:14Z" user="hibagonsan" uid="5939709">
  <nd ref="7348653483"/>
  <nd ref="7348653482"/>
  <nd ref="7348653481"/>
  <nd ref="7348653480"/>
  <nd ref="7348653483"/>
  <tag k="building" v="yes"/>
 </way>
 <way id="786050446" visible="true" version="1" changeset="82846852" timestamp="2020-03-31T00:16:14Z" user="hibagonsan" uid="5939709">
  <nd ref="7348653487"/>
  <nd ref="7348653486"/>
  <nd ref="7348653485"/>
  <nd ref="7348653484"/>
  <nd ref="7348653487"/>
  <tag k="building" v="yes"/>
 </way>
 <way id="786050449" visible="true" version="1" changeset="82846852" timestamp="2020-03-31T00:16:14Z" user="hibagonsan" uid="5939709">
  <nd ref="7348653499"/>
  <nd ref="7348653498"/>
  <nd ref="7348653497"/>
  <nd ref="7348653496"/>
  <nd ref="7348653499"/>
  <tag k="building" v="yes"/>
 </way>
 <way id="1036697526" visible="true" version="2" changeset="167486642" timestamp="2025-06-11T11:22:27Z" user="AlexM51" uid="174705">
  <nd ref="1345450005"/>
  <nd ref="12905858457"/>
  <nd ref="9550863711"/>
  <tag k="highway" v="service"/>
 </way>
 <way id="1036697530" visible="true" version="2" changeset="171431260" timestamp="2025-09-04T02:44:01Z" user="taketaketake" uid="4757277">
  <nd ref="1345450005"/>
  <nd ref="4607349528"/>
  <tag k="highway" v="secondary"/>
  <tag k="lanes" v="2"/>
  <tag k="name" v="山口秋穂線"/>
  <tag k="name:en" v="Yamaguchi Aio Line"/>
  <tag k="name:ja" v="山口秋穂線"/>
  <tag k="name:ja-Hira" v="やまぐちあいおせん"/>
  <tag k="name:ja_rm" v="Yamaguchi Aio-sen"/>
  <tag k="ref" v="194"/>
  <tag k="source" v="YahooJapan/ALPSMAP"/>
  <tag k="surface" v="asphalt"/>
  <tag k="wikidata" v="Q11467183"/>
  <tag k="wikipedia" v="ja:山口県道194号山口秋穂線"/>
 </way>
 <way id="1211608499" visible="true" version="2" changeset="141870883" timestamp="2023-09-28T15:58:35Z" user="FallingPeppers" uid="19745387">
  <nd ref="11225171273"/>
  <nd ref="11225171272"/>
  <nd ref="11225171271"/>
  <nd ref="11225171270"/>
  <nd ref="11225171269"/>
  <nd ref="11225171268"/>
  <nd ref="11225171267"/>
  <nd ref="11225171266"/>
  <nd ref="11225171327"/>
  <tag k="admin_level" v="10"/>
  <tag k="boundary" v="administrative"/>
 </way>
 <way id="1211608503" visible="true" version="2" changeset="141870883" timestamp="2023-09-28T15:58:35Z" user="FallingPeppers" uid="19745387">
  <nd ref="11225171327"/>
  <nd ref="11225171326"/>
  <nd ref="11225171325"/>
  <nd ref="11225171324"/>
  <tag k="admin_level" v="9"/>
  <tag k="boundary" v="administrative"/>
 </way>
 <way id="1211616688" visible="true" version="1" changeset="141870883" timestamp="2023-09-28T15:58:35Z" user="FallingPeppers" uid="19745387">
  <nd ref="11225171260"/>
  <nd ref="11225171259"/>
  <nd ref="11225171258"/>
  <nd ref="11225171273"/>
  <tag k="admin_level" v="9"/>
  <tag k="boundary" v="administrative"/>
 </way>
 <way id="1211616690" visible="true" version="1" changeset="141870883" timestamp="2023-09-28T15:58:35Z" user="FallingPeppers" uid="19745387">
  <nd ref="11225171331"/>
  <nd ref="11225171330"/>
  <nd ref="11225171329"/>
  <nd ref="11225171328"/>
  <nd ref="11225171327"/>
  <tag k="admin_level" v="9"/>
  <tag k="boundary" v="administrative"/>
 </way>
 <way id="1211616691" visible="true" version="1" changeset="141870883" timestamp="2023-09-28T15:58:35Z" user="FallingPeppers" uid="19745387">
  <nd ref="11225171289"/>
  <nd ref="11225171276"/>
  <nd ref="11225171275"/>
  <nd ref="11225171274"/>
  <nd ref="11225171273"/>
  <tag k="admin_level" v="9"/>
  <tag k="boundary" v="administrative"/>
 </way>
 <way id="1211616695" visible="true" version="1" changeset="141870883" timestamp="2023-09-28T15:58:35Z" user="FallingPeppers" uid="19745387">
  <nd ref="11225171313"/>
  <nd ref="11225171300"/>
  <nd ref="11225171299"/>
  <nd ref="11225171298"/>
  <nd ref="11225171297"/>
  <nd ref="11225171296"/>
  <nd ref="11225171295"/>
  <nd ref="11225171294"/>
  <nd ref="11225171293"/>
  <nd ref="11225171292"/>
  <nd ref="11225171291"/>
  <nd ref="11225171290"/>
  <nd ref="11225171289"/>
  <tag k="admin_level" v="9"/>
  <tag k="boundary" v="administrative"/>
 </way>
 <way id="1366730006" visible="true" version="2" changeset="171436830" timestamp="2025-09-04T07:00:48Z" user="taketaketake" uid="4757277">
  <nd ref="12657802120"/>
  <nd ref="12657802121"/>
  <nd ref="12657802122"/>
  <nd ref="12657802123"/>
  <nd ref="12657802124"/>
  <nd ref="12657802125"/>
  <nd ref="12657802126"/>
  <nd ref="12657802127"/>
  <nd ref="12657802128"/>
  <nd ref="12657802129"/>
  <tag k="footway" v="sidewalk"/>
  <tag k="highway" v="footway"/>
 </way>
 <way id="1427039467" visible="true" version="1" changeset="171436830" timestamp="2025-09-04T07:00:48Z" user="taketaketake" uid="4757277">
  <nd ref="12657802115"/>
  <nd ref="12657802116"/>
  <nd ref="12657802117"/>
  <nd ref="12657802118"/>
  <nd ref="12657802119"/>
  <tag k="footway" v="sidewalk"/>
  <tag k="highway" v="footway"/>
 </way>
 <way id="1427039468" visible="true" version="1" changeset="171436830" timestamp="2025-09-04T07:00:48Z" user="taketaketake" uid="4757277">
  <nd ref="12657802119"/>
  <nd ref="13118819026"/>
  <nd ref="12657802120"/>
  <tag k="crossing" v="traffic_signals"/>
  <tag k="footway" v="crossing"/>
  <tag k="highway" v="footway"/>
 </way>
 <relation id="13884347" visible="true" version="11" changeset="170042622" timestamp="2025-08-06T07:56:43Z" user="taketaketake" uid="4757277">
  <member type="node" ref="9550863707" role="stop"/>
  <member type="node" ref="9412086517" role="platform"/>
  <member type="node" ref="12905870004" role="stop"/>
  <member type="node" ref="9412086518" role="platform"/>
  <member type="node" ref="12905870003" role="stop"/>
  <member type="node" ref="9412086521" role="platform"/>
  <member type="node" ref="5050396471" role="stop"/>
  <member type="node" ref="9412086522" role="platform"/>
  <member type="node" ref="12905870002" role="stop"/>
  <member type="node" ref="9412086525" role="platform"/>
  <member type="node" ref="12905870001" role="stop"/>
  <member type="node" ref="9412086527" role="platform"/>
  <member type="node" ref="12905858500" role="stop"/>
  <member type="node" ref="9412086511" role="platform"/>
  <member type="node" ref="5091003773" role="stop"/>
  <member type="node" ref="9412086509" role="platform"/>
  <member type="node" ref="12905858499" role="stop"/>
  <member type="node" ref="9412086507" role="platform"/>
  <member type="node" ref="12905858498" role="stop"/>
  <member type="node" ref="9412086505" role="platform"/>
  <member type="node" ref="12905858497" role="stop"/>
  <member type="node" ref="9412086503" role="platform"/>
  <member type="node" ref="12905870005" role="stop"/>
  <member type="node" ref="9412086501" role="platform"/>
  <member type="node" ref="12905858496" role="stop"/>
  <member type="node" ref="9412086396" role="platform"/>
  <member type="node" ref="12905858495" role="stop"/>
  <member type="node" ref="9412086394" role="platform"/>
  <member type="node" ref="12905858494" role="stop"/>
  <member type="node" ref="9412086392" role="platform"/>
  <member type="node" ref="5177662684" role="stop"/>
  <member type="node" ref="9412086390" role="platform"/>
  <member type="node" ref="12905858493" role="stop"/>
  <member type="node" ref="9412086388" role="platform"/>
  <member type="node" ref="12905858492" role="stop"/>
  <member type="node" ref="9412086386" role="platform"/>
  <member type="node" ref="1345409061" role="stop"/>
  <member type="node" ref="9412086384" role="platform"/>
  <member type="node" ref="1345405197" role="stop"/>
  <member type="node" ref="9412086349" role="platform"/>
  <member type="node" ref="12905858491" role="stop"/>
  <member type="node" ref="9412086351" role="platform"/>
  <member type="node" ref="12905858490" role="stop"/>
  <member type="node" ref="9412086353" role="platform"/>
  <member type="node" ref="12905858489" role="stop"/>
  <member type="node" ref="9412086355" role="platform"/>
  <member type="node" ref="12905858487" role="stop"/>
  <member type="node" ref="9412086357" role="platform"/>
  <member type="node" ref="12905858486" role="stop"/>
  <member type="node" ref="9412086359" role="platform"/>
  <member type="node" ref="1349991438" role="stop"/>
  <member type="node" ref="9412086361" role="platform"/>
  <member type="node" ref="1349978390" role="stop"/>
  <member type="node" ref="9412086363" role="platform"/>
  <member type="node" ref="1694280261" role="stop"/>
  <member type="node" ref="9412086365" role="platform"/>
  <member type="node" ref="5271724147" role="stop"/>
  <member type="node" ref="9412086367" role="platform"/>
  <member type="node" ref="1349987969" role="stop"/>
  <member type="node" ref="9412086368" role="platform"/>
  <member type="node" ref="1349993957" role="stop"/>
  <member type="node" ref="9412086370" role="platform"/>
  <member type="node" ref="12905858485" role="stop"/>
  <member type="node" ref="9412086372" role="platform"/>
  <member type="node" ref="1349992109" role="stop"/>
  <member type="node" ref="9412086374" role="platform"/>
  <member type="node" ref="12905858484" role="stop"/>
  <member type="node" ref="9412086376" role="platform"/>
  <member type="node" ref="12905858483" role="stop"/>
  <member type="node" ref="9412086378" role="platform"/>
  <member type="node" ref="3510016039" role="stop"/>
  <member type="node" ref="9412086248" role="platform"/>
  <member type="node" ref="928307865" role="stop"/>
  <member type="node" ref="9412086380" role="platform"/>
  <member type="node" ref="12905858478" role="stop"/>
  <member type="node" ref="9412086382" role="platform"/>
  <member type="way" ref="1036697531" role=""/>
  <member type="way" ref="1163757161" role=""/>
  <member type="way" ref="1036697528" role=""/>
  <member type="way" ref="1036697526" role=""/>
  <member type="way" ref="119878523" role=""/>
  <member type="way" ref="517552886" role=""/>
  <member type="way" ref="119878656" role=""/>
  <member type="way" ref="1036697525" role=""/>
  <member type="way" ref="1036697534" role=""/>
  <member type="way" ref="1036697533" role=""/>
  <member type="way" ref="1036697512" role=""/>
  <member type="way" ref="1036697534" role=""/>
  <member type="way" ref="1036697525" role=""/>
  <member type="way" ref="119878656" role=""/>
  <member type="way" ref="1036697524" role=""/>
  <member type="way" ref="119879071" role=""/>
  <member type="way" ref="119887610" role=""/>
  <member type="way" ref="119888155" role=""/>
  <member type="way" ref="119879116" role=""/>
  <member type="way" ref="119879037" role=""/>
  <member type="way" ref="119885215" role=""/>
  <member type="way" ref="1161949597" role=""/>
  <member type="way" ref="119886759" role=""/>
  <member type="way" ref="119887879" role=""/>
  <member type="way" ref="119885734" role=""/>
  <member type="way" ref="119885590" role=""/>
  <member type="way" ref="119887887" role=""/>
  <member type="way" ref="119888300" role=""/>
  <member type="way" ref="119885704" role=""/>
  <member type="way" ref="119885762" role=""/>
  <member type="way" ref="119887444" role=""/>
  <member type="way" ref="119885764" role=""/>
  <member type="way" ref="119885750" role=""/>
  <member type="way" ref="119875257" role=""/>
  <member type="way" ref="119875281" role=""/>
  <member type="way" ref="119875438" role=""/>
  <member type="way" ref="119876142" role=""/>
  <member type="way" ref="119875716" role=""/>
  <member type="way" ref="120388743" role=""/>
  <member type="way" ref="120388792" role=""/>
  <member type="way" ref="120388521" role=""/>
  <member type="way" ref="120387602" role=""/>
  <member type="way" ref="120387163" role=""/>
  <member type="way" ref="120387921" role=""/>
  <member type="way" ref="120387996" role=""/>
  <member type="way" ref="709552913" role=""/>
  <member type="way" ref="120388144" role=""/>
  <member type="way" ref="425432195" role=""/>
  <member type="way" ref="425432196" role=""/>
  <member type="way" ref="120388598" role=""/>
  <member type="way" ref="120389202" role=""/>
  <member type="way" ref="120387725" role=""/>
  <member type="way" ref="223295974" role=""/>
  <member type="way" ref="120389227" role=""/>
  <member type="way" ref="120387221" role=""/>
  <member type="way" ref="120387054" role=""/>
  <member type="way" ref="120387198" role=""/>
  <member type="way" ref="120387943" role=""/>
  <member type="way" ref="1394161505" role=""/>
  <member type="way" ref="1036697518" role=""/>
  <member type="way" ref="1036697520" role=""/>
  <member type="way" ref="545450104" role=""/>
  <member type="way" ref="1394161505" role=""/>
  <member type="way" ref="120387104" role=""/>
  <member type="way" ref="120389235" role=""/>
  <member type="way" ref="120387433" role=""/>
  <member type="way" ref="120389045" role=""/>
  <member type="way" ref="120483110" role=""/>
  <member type="way" ref="120482984" role=""/>
  <member type="way" ref="120485756" role=""/>
  <member type="way" ref="1036697517" role=""/>
  <member type="way" ref="344262388" role=""/>
  <member type="way" ref="344262386" role=""/>
  <member type="way" ref="1394161503" role=""/>
  <member type="way" ref="1394161502" role=""/>
  <member type="way" ref="1036697515" role=""/>
  <member type="way" ref="1036697517" role=""/>
  <member type="way" ref="344262387" role=""/>
  <member type="way" ref="561527716" role=""/>
  <member type="way" ref="561527721" role=""/>
  <member type="way" ref="120483470" role=""/>
  <member type="way" ref="1394161508" role=""/>
  <member type="way" ref="1394161506" role=""/>
  <member type="way" ref="1394161509" role=""/>
  <tag k="duration" v="01:04:00"/>
  <tag k="from" v="山口駅"/>
  <tag k="from:ja-Latn" v="Yamaguchieki"/>
  <tag k="gtfs:route_id" v="2196404353"/>
  <tag k="gtfs:shape_id" v="40000799"/>
  <tag k="name" v="秋吉線 (山口駅 =&gt; 秋吉)"/>
  <tag k="name:ja-Latn" v="Akiyoshi-sen (Yamaguchieki =&gt; Akiyoshi)"/>
  <tag k="network" v="秋吉線"/>
  <tag k="opening_hours" v="Mo-Fr 16:30-20:04; Sa-Su 08:30-09:34,13:00-18:29"/>
  <tag k="operator" v="中国ジェイアールバス"/>
  <tag k="operator:en" v="Chugoku JR Bus"/>
  <tag k="public_transport:version" v="2"/>
  <tag k="route" v="bus"/>
  <tag k="to" v="秋吉"/>
  <tag k="to:ja-Latn" v="Akiyoshi"/>
  <tag k="type" v="route"/>
 </relation>
 <relation id="13884349" visible="true" version="9" changeset="170042622" timestamp="2025-08-06T07:56:43Z" user="taketaketake" uid="4757277">
  <member type="node" ref="12905858478" role="stop"/>
  <member type="node" ref="9412086382" role="platform"/>
  <member type="node" ref="928307865" role="stop"/>
  <member type="node" ref="9412086381" role="platform"/>
  <member type="node" ref="3510016040" role="stop"/>
  <member type="node" ref="9412086249" role="platform"/>
  <member type="node" ref="12905858483" role="stop"/>
  <member type="node" ref="9412086379" role="platform"/>
  <member type="node" ref="1349982756" role="stop"/>
  <member type="node" ref="9412086377" role="platform"/>
  <member type="node" ref="1349977487" role="stop"/>
  <member type="node" ref="9412086375" role="platform"/>
  <member type="node" ref="1349997902" role="stop"/>
  <member type="node" ref="9412086373" role="platform"/>
  <member type="node" ref="1349996530" role="stop"/>
  <member type="node" ref="9412086371" role="platform"/>
  <member type="node" ref="8754100322" role="stop"/>
  <member type="node" ref="9412086335" role="platform"/>
  <member type="node" ref="12905858475" role="stop"/>
  <member type="node" ref="9412086369" role="platform"/>
  <member type="node" ref="5271724147" role="stop"/>
  <member type="node" ref="9412086367" role="platform"/>
  <member type="node" ref="12905858474" role="stop"/>
  <member type="node" ref="9412086366" role="platform"/>
  <member type="node" ref="12905858454" role="stop"/>
  <member type="node" ref="9412086364" role="platform"/>
  <member type="node" ref="1349988030" role="stop"/>
  <member type="node" ref="9412086362" role="platform"/>
  <member type="node" ref="12905858473" role="stop"/>
  <member type="node" ref="9412086360" role="platform"/>
  <member type="node" ref="12905858488" role="stop"/>
  <member type="node" ref="9412086358" role="platform"/>
  <member type="node" ref="12905858489" role="stop"/>
  <member type="node" ref="9412086356" role="platform"/>
  <member type="node" ref="1349996460" role="stop"/>
  <member type="node" ref="9412086354" role="platform"/>
  <member type="node" ref="12905858472" role="stop"/>
  <member type="node" ref="9412086352" role="platform"/>
  <member type="node" ref="12905858471" role="stop"/>
  <member type="node" ref="9412086350" role="platform"/>
  <member type="node" ref="1345409061" role="stop"/>
  <member type="node" ref="9412086385" role="platform"/>
  <member type="node" ref="12905858492" role="stop"/>
  <member type="node" ref="9412086387" role="platform"/>
  <member type="node" ref="12905858493" role="stop"/>
  <member type="node" ref="9412086389" role="platform"/>
  <member type="node" ref="5177662684" role="stop"/>
  <member type="node" ref="9412086391" role="platform"/>
  <member type="node" ref="12905858470" role="stop"/>
  <member type="node" ref="9412086393" role="platform"/>
  <member type="node" ref="12905858469" role="stop"/>
  <member type="node" ref="9412086395" role="platform"/>
  <member type="node" ref="12905858468" role="stop"/>
  <member type="node" ref="9412086397" role="platform"/>
  <member type="node" ref="12905858467" role="stop"/>
  <member type="node" ref="9412086502" role="platform"/>
  <member type="node" ref="12905858497" role="stop"/>
  <member type="node" ref="9412086504" role="platform"/>
  <member type="node" ref="12905858466" role="stop"/>
  <member type="node" ref="9412086506" role="platform"/>
  <member type="node" ref="12905858465" role="stop"/>
  <member type="node" ref="9412086508" role="platform"/>
  <member type="node" ref="1345519464" role="stop"/>
  <member type="node" ref="9412086510" role="platform"/>
  <member type="node" ref="12905858464" role="stop"/>
  <member type="node" ref="9412086512" role="platform"/>
  <member type="node" ref="12905858463" role="stop"/>
  <member type="node" ref="9412086528" role="platform"/>
  <member type="node" ref="12905858462" role="stop"/>
  <member type="node" ref="9412086526" role="platform"/>
  <member type="node" ref="12905858461" role="stop"/>
  <member type="node" ref="9412086523" role="platform"/>
  <member type="node" ref="12905858460" role="stop"/>
  <member type="node" ref="9412086520" role="platform"/>
  <member type="node" ref="12905858459" role="stop"/>
  <member type="node" ref="9412086519" role="platform"/>
  <member type="node" ref="12905858458" role="stop"/>
  <member type="node" ref="9412086516" role="platform"/>
  <member type="way" ref="1394161507" role=""/>
  <member type="way" ref="120483470" role=""/>
  <member type="way" ref="561527721" role=""/>
  <member type="way" ref="561527716" role=""/>
  <member type="way" ref="344262387" role=""/>
  <member type="way" ref="1036697517" role=""/>
  <member type="way" ref="344262388" role=""/>
  <member type="way" ref="344262386" role=""/>
  <member type="way" ref="1394161503" role=""/>
  <member type="way" ref="1394161502" role=""/>
  <member type="way" ref="1036697515" role=""/>
  <member type="way" ref="1036697517" role=""/>
  <member type="way" ref="120485756" role=""/>
  <member type="way" ref="120482984" role=""/>
  <member type="way" ref="120483110" role=""/>
  <member type="way" ref="120389045" role=""/>
  <member type="way" ref="120387433" role=""/>
  <member type="way" ref="1036697522" role=""/>
  <member type="way" ref="945602190" role=""/>
  <member type="way" ref="945602188" role=""/>
  <member type="way" ref="1036697522" role=""/>
  <member type="way" ref="120389235" role=""/>
  <member type="way" ref="120387104" role=""/>
  <member type="way" ref="1394161505" role=""/>
  <member type="way" ref="1036697518" role=""/>
  <member type="way" ref="1036697520" role=""/>
  <member type="way" ref="545450104" role=""/>
  <member type="way" ref="1394161505" role=""/>
  <member type="way" ref="120387943" role=""/>
  <member type="way" ref="120387198" role=""/>
  <member type="way" ref="120387054" role=""/>
  <member type="way" ref="120387221" role=""/>
  <member type="way" ref="120389227" role=""/>
  <member type="way" ref="223295974" role=""/>
  <member type="way" ref="120387725" role=""/>
  <member type="way" ref="120389202" role=""/>
  <member type="way" ref="120388598" role=""/>
  <member type="way" ref="425432196" role=""/>
  <member type="way" ref="425432195" role=""/>
  <member type="way" ref="120388144" role=""/>
  <member type="way" ref="709552913" role=""/>
  <member type="way" ref="120387996" role=""/>
  <member type="way" ref="120387921" role=""/>
  <member type="way" ref="120387163" role=""/>
  <member type="way" ref="120387602" role=""/>
  <member type="way" ref="120388521" role=""/>
  <member type="way" ref="120388792" role=""/>
  <member type="way" ref="120388743" role=""/>
  <member type="way" ref="119875716" role=""/>
  <member type="way" ref="119876142" role=""/>
  <member type="way" ref="119875438" role=""/>
  <member type="way" ref="119875281" role=""/>
  <member type="way" ref="119875257" role=""/>
  <member type="way" ref="119885750" role=""/>
  <member type="way" ref="119885764" role=""/>
  <member type="way" ref="119887444" role=""/>
  <member type="way" ref="119885762" role=""/>
  <member type="way" ref="119885704" role=""/>
  <member type="way" ref="119888300" role=""/>
  <member type="way" ref="119887887" role=""/>
  <member type="way" ref="119885590" role=""/>
  <member type="way" ref="119885734" role=""/>
  <member type="way" ref="119887879" role=""/>
  <member type="way" ref="119886759" role=""/>
  <member type="way" ref="1161949597" role=""/>
  <member type="way" ref="119885215" role=""/>
  <member type="way" ref="119879037" role=""/>
  <member type="way" ref="119879116" role=""/>
  <member type="way" ref="119888155" role=""/>
  <member type="way" ref="119887610" role=""/>
  <member type="way" ref="119879071" role=""/>
  <member type="way" ref="1036697511" role=""/>
  <member type="way" ref="1036697510" role=""/>
  <member type="way" ref="1036697514" role=""/>
  <member type="way" ref="1036697512" role=""/>
  <member type="way" ref="1036697534" role=""/>
  <member type="way" ref="1036697525" role=""/>
  <member type="way" ref="119878656" role=""/>
  <member type="way" ref="119878549" role=""/>
  <member type="way" ref="119878523" role=""/>
  <member type="way" ref="1036697526" role=""/>
  <member type="way" ref="1036697532" role=""/>
  <tag k="duration" v="01:04:00"/>
  <tag k="from" v="秋吉"/>
  <tag k="from:ja-Latn" v="Akiyoshi"/>
  <tag k="gtfs:route_id" v="2196404353"/>
  <tag k="gtfs:shape_id" v="40000800"/>
  <tag k="name" v="秋吉線 (秋吉 =&gt; 美東病院 =&gt; 山口駅)"/>
  <tag k="name:ja-Latn" v="Akiyoshi-sen (Akiyoshi =&gt; Mito-byoin =&gt; Yamaguchieki)"/>
  <tag k="network" v="秋吉線"/>
  <tag k="opening_hours" v="Mo-Fr 10:40-17:19"/>
  <tag k="operator" v="中国ジェイアールバス"/>
  <tag k="operator:en" v="Chugoku JR Bus"/>
  <tag k="public_transport:version" v="2"/>
  <tag k="route" v="bus"/>
  <tag k="to" v="山口駅"/>
  <tag k="to:ja-Latn" v="Yamaguchieki"/>
  <tag k="type" v="route"/>
  <tag k="via" v="美東病院"/>
  <tag k="via:ja-Latn" v="Mito-byoin"/>
 </relation>
 <relation id="13884350" visible="true" version="9" changeset="170042622" timestamp="2025-08-06T07:56:43Z" user="taketaketake" uid="4757277">
  <member type="node" ref="12905858478" role="stop"/>
  <member type="node" ref="9412086382" role="platform"/>
  <member type="node" ref="928307865" role="stop"/>
  <member type="node" ref="9412086381" role="platform"/>
  <member type="node" ref="3510016040" role="stop"/>
  <member type="node" ref="9412086249" role="platform"/>
  <member type="node" ref="12905858483" role="stop"/>
  <member type="node" ref="9412086379" role="platform"/>
  <member type="node" ref="1349982756" role="stop"/>
  <member type="node" ref="9412086377" role="platform"/>
  <member type="node" ref="1349977487" role="stop"/>
  <member type="node" ref="9412086375" role="platform"/>
  <member type="node" ref="1349997902" role="stop"/>
  <member type="node" ref="9412086373" role="platform"/>
  <member type="node" ref="1349996530" role="stop"/>
  <member type="node" ref="9412086371" role="platform"/>
  <member type="node" ref="12905858475" role="stop"/>
  <member type="node" ref="9412086369" role="platform"/>
  <member type="node" ref="5271724147" role="stop"/>
  <member type="node" ref="9412086367" role="platform"/>
  <member type="node" ref="12905858474" role="stop"/>
  <member type="node" ref="9412086366" role="platform"/>
  <member type="node" ref="12905858454" role="stop"/>
  <member type="node" ref="9412086364" role="platform"/>
  <member type="node" ref="1349988030" role="stop"/>
  <member type="node" ref="9412086362" role="platform"/>
  <member type="node" ref="12905858473" role="stop"/>
  <member type="node" ref="9412086360" role="platform"/>
  <member type="node" ref="12905858488" role="stop"/>
  <member type="node" ref="9412086358" role="platform"/>
  <member type="node" ref="12905858489" role="stop"/>
  <member type="node" ref="9412086356" role="platform"/>
  <member type="node" ref="1349996460" role="stop"/>
  <member type="node" ref="9412086354" role="platform"/>
  <member type="node" ref="12905858472" role="stop"/>
  <member type="node" ref="9412086352" role="platform"/>
  <member type="node" ref="12905858471" role="stop"/>
  <member type="node" ref="9412086350" role="platform"/>
  <member type="node" ref="1345409061" role="stop"/>
  <member type="node" ref="9412086385" role="platform"/>
  <member type="node" ref="12905858492" role="stop"/>
  <member type="node" ref="9412086387" role="platform"/>
  <member type="node" ref="12905858493" role="stop"/>
  <member type="node" ref="9412086389" role="platform"/>
  <member type="node" ref="5177662684" role="stop"/>
  <member type="node" ref="9412086391" role="platform"/>
  <member type="node" ref="12905858470" role="stop"/>
  <member type="node" ref="9412086393" role="platform"/>
  <member type="node" ref="12905858469" role="stop"/>
  <member type="node" ref="9412086395" role="platform"/>
  <member type="node" ref="12905858468" role="stop"/>
  <member type="node" ref="9412086397" role="platform"/>
  <member type="node" ref="12905858467" role="stop"/>
  <member type="node" ref="9412086502" role="platform"/>
  <member type="node" ref="12905858497" role="stop"/>
  <member type="node" ref="9412086504" role="platform"/>
  <member type="node" ref="12905858466" role="stop"/>
  <member type="node" ref="9412086506" role="platform"/>
  <member type="node" ref="12905858465" role="stop"/>
  <member type="node" ref="9412086508" role="platform"/>
  <member type="node" ref="1345519464" role="stop"/>
  <member type="node" ref="9412086510" role="platform"/>
  <member type="node" ref="12905858464" role="stop"/>
  <member type="node" ref="9412086512" role="platform"/>
  <member type="node" ref="12905858463" role="stop"/>
  <member type="node" ref="9412086528" role="platform"/>
  <member type="node" ref="12905858462" role="stop"/>
  <member type="node" ref="9412086526" role="platform"/>
  <member type="node" ref="12905858461" role="stop"/>
  <member type="node" ref="9412086523" role="platform"/>
  <member type="node" ref="12905858460" role="stop"/>
  <member type="node" ref="9412086520" role="platform"/>
  <member type="node" ref="12905858459" role="stop"/>
  <member type="node" ref="9412086519" role="platform"/>
  <member type="node" ref="9412086516" role="platform"/>
  <member type="way" ref="1394161507" role=""/>
  <member type="way" ref="120483470" role=""/>
  <member type="way" ref="561527721" role=""/>
  <member type="way" ref="561527716" role=""/>
  <member type="way" ref="344262387" role=""/>
  <member type="way" ref="1036697517" role=""/>
  <member type="way" ref="344262388" role=""/>
  <member type="way" ref="344262386" role=""/>
  <member type="way" ref="1394161503" role=""/>
  <member type="way" ref="1394161502" role=""/>
  <member type="way" ref="1036697515" role=""/>
  <member type="way" ref="1036697517" role=""/>
  <member type="way" ref="120485756" role=""/>
  <member type="way" ref="120482984" role=""/>
  <member type="way" ref="120483110" role=""/>
  <member type="way" ref="120389045" role=""/>
  <member type="way" ref="120387433" role=""/>
  <member type="way" ref="120389235" role=""/>
  <member type="way" ref="120387104" role=""/>
  <member type="way" ref="1394161505" role=""/>
  <member type="way" ref="1036697518" role=""/>
  <member type="way" ref="1036697520" role=""/>
  <member type="way" ref="545450104" role=""/>
  <member type="way" ref="1394161505" role=""/>
  <member type="way" ref="120387943" role=""/>
  <member type="way" ref="120387198" role=""/>
  <member type="way" ref="120387054" role=""/>
  <member type="way" ref="120387221" role=""/>
  <member type="way" ref="120389227" role=""/>
  <member type="way" ref="223295974" role=""/>
  <member type="way" ref="120387725" role=""/>
  <member type="way" ref="120389202" role=""/>
  <member type="way" ref="120388598" role=""/>
  <member type="way" ref="425432196" role=""/>
  <member type="way" ref="425432195" role=""/>
  <member type="way" ref="120388144" role=""/>
  <member type="way" ref="709552913" role=""/>
  <member type="way" ref="120387996" role=""/>
  <member type="way" ref="120387921" role=""/>
  <member type="way" ref="120387163" role=""/>
  <member type="way" ref="120387602" role=""/>
  <member type="way" ref="120388521" role=""/>
  <member type="way" ref="120388792" role=""/>
  <member type="way" ref="120388743" role=""/>
  <member type="way" ref="119875716" role=""/>
  <member type="way" ref="119876142" role=""/>
  <member type="way" ref="119875438" role=""/>
  <member type="way" ref="119875281" role=""/>
  <member type="way" ref="119875257" role=""/>
  <member type="way" ref="119885750" role=""/>
  <member type="way" ref="119885764" role=""/>
  <member type="way" ref="119887444" role=""/>
  <member type="way" ref="119885762" role=""/>
  <member type="way" ref="119885704" role=""/>
  <member type="way" ref="119888300" role=""/>
  <member type="way" ref="119887887" role=""/>
  <member type="way" ref="119885590" role=""/>
  <member type="way" ref="119885734" role=""/>
  <member type="way" ref="119887879" role=""/>
  <member type="way" ref="119886759" role=""/>
  <member type="way" ref="1161949597" role=""/>
  <member type="way" ref="119885215" role=""/>
  <member type="way" ref="119879037" role=""/>
  <member type="way" ref="119879116" role=""/>
  <member type="way" ref="119888155" role=""/>
  <member type="way" ref="119887610" role=""/>
  <member type="way" ref="119879071" role=""/>
  <member type="way" ref="1036697511" role=""/>
  <member type="way" ref="1036697510" role=""/>
  <member type="way" ref="1036697514" role=""/>
  <member type="way" ref="1036697512" role=""/>
  <member type="way" ref="1036697534" role=""/>
  <member type="way" ref="1036697525" role=""/>
  <member type="way" ref="119878656" role=""/>
  <member type="way" ref="119878549" role=""/>
  <member type="way" ref="119878523" role=""/>
  <member type="way" ref="1036697526" role=""/>
  <member type="way" ref="1036697532" role=""/>
  <tag k="duration" v="01:02:00"/>
  <tag k="from" v="秋吉"/>
  <tag k="from:ja-Latn" v="Akiyoshi"/>
  <tag k="gtfs:route_id" v="2196404353"/>
  <tag k="gtfs:shape_id" v="40000790"/>
  <tag k="name" v="秋吉線 (秋吉 =&gt; 山口駅)"/>
  <tag k="name:ja-Latn" v="Akiyoshi-sen (Akiyoshi =&gt; Yamaguchieki)"/>
  <tag k="network" v="秋吉線"/>
  <tag k="opening_hours" v="Mo-Fr 06:35-19:02; Sa-Su 06:55-19:02"/>
  <tag k="operator" v="中国ジェイアールバス"/>
  <tag k="operator:en" v="Chugoku JR Bus"/>
  <tag k="public_transport:version" v="2"/>
  <tag k="route" v="bus"/>
  <tag k="to" v="山口駅"/>
  <tag k="to:ja-Latn" v="Yamaguchieki"/>
  <tag k="type" v="route"/>
 </relation>
 <relation id="13884351" visible="true" version="10" changeset="170042622" timestamp="2025-08-06T07:56:43Z" user="taketaketake" uid="4757277">
  <member type="node" ref="9550863707" role="stop"/>
  <member type="node" ref="9412086517" role="platform"/>
  <member type="node" ref="12905870004" role="stop"/>
  <member type="node" ref="9412086518" role="platform"/>
  <member type="node" ref="12905870003" role="stop"/>
  <member type="node" ref="9412086521" role="platform"/>
  <member type="node" ref="5050396471" role="stop"/>
  <member type="node" ref="9412086522" role="platform"/>
  <member type="node" ref="12905870002" role="stop"/>
  <member type="node" ref="9412086525" role="platform"/>
  <member type="node" ref="12905870001" role="stop"/>
  <member type="node" ref="9412086527" role="platform"/>
  <member type="node" ref="12905858500" role="stop"/>
  <member type="node" ref="9412086511" role="platform"/>
  <member type="node" ref="5091003773" role="stop"/>
  <member type="node" ref="9412086509" role="platform"/>
  <member type="node" ref="12905858499" role="stop"/>
  <member type="node" ref="9412086507" role="platform"/>
  <member type="node" ref="12905858498" role="stop"/>
  <member type="node" ref="9412086505" role="platform"/>
  <member type="node" ref="12905858497" role="stop"/>
  <member type="node" ref="9412086503" role="platform"/>
  <member type="node" ref="12905870005" role="stop"/>
  <member type="node" ref="9412086501" role="platform"/>
  <member type="node" ref="12905858496" role="stop"/>
  <member type="node" ref="9412086396" role="platform"/>
  <member type="node" ref="12905858495" role="stop"/>
  <member type="node" ref="9412086394" role="platform"/>
  <member type="node" ref="12905858494" role="stop"/>
  <member type="node" ref="9412086392" role="platform"/>
  <member type="node" ref="5177662684" role="stop"/>
  <member type="node" ref="9412086390" role="platform"/>
  <member type="node" ref="12905858493" role="stop"/>
  <member type="node" ref="9412086388" role="platform"/>
  <member type="node" ref="12905858492" role="stop"/>
  <member type="node" ref="9412086386" role="platform"/>
  <member type="node" ref="1345409061" role="stop"/>
  <member type="node" ref="9412086384" role="platform"/>
  <member type="node" ref="1345405197" role="stop"/>
  <member type="node" ref="9412086349" role="platform"/>
  <member type="node" ref="12905858491" role="stop"/>
  <member type="node" ref="9412086351" role="platform"/>
  <member type="node" ref="12905858490" role="stop"/>
  <member type="node" ref="9412086353" role="platform"/>
  <member type="node" ref="12905858489" role="stop"/>
  <member type="node" ref="9412086355" role="platform"/>
  <member type="node" ref="12905858487" role="stop"/>
  <member type="node" ref="9412086357" role="platform"/>
  <member type="node" ref="12905858486" role="stop"/>
  <member type="node" ref="9412086359" role="platform"/>
  <member type="node" ref="1349991438" role="stop"/>
  <member type="node" ref="9412086361" role="platform"/>
  <member type="node" ref="1349978390" role="stop"/>
  <member type="node" ref="9412086363" role="platform"/>
  <member type="node" ref="1694280261" role="stop"/>
  <member type="node" ref="9412086365" role="platform"/>
  <member type="node" ref="5271724147" role="stop"/>
  <member type="node" ref="9412086367" role="platform"/>
  <member type="node" ref="1349987969" role="stop"/>
  <member type="node" ref="9412086368" role="platform"/>
  <member type="node" ref="8754100322" role="stop"/>
  <member type="node" ref="9412086335" role="platform"/>
  <member type="node" ref="1349993957" role="stop"/>
  <member type="node" ref="9412086370" role="platform"/>
  <member type="node" ref="12905858485" role="stop"/>
  <member type="node" ref="9412086372" role="platform"/>
  <member type="node" ref="1349992109" role="stop"/>
  <member type="node" ref="9412086374" role="platform"/>
  <member type="node" ref="12905858484" role="stop"/>
  <member type="node" ref="9412086376" role="platform"/>
  <member type="node" ref="12905858483" role="stop"/>
  <member type="node" ref="9412086378" role="platform"/>
  <member type="node" ref="3510016039" role="stop"/>
  <member type="node" ref="9412086248" role="platform"/>
  <member type="node" ref="928307865" role="stop"/>
  <member type="node" ref="9412086380" role="platform"/>
  <member type="node" ref="12905858478" role="stop"/>
  <member type="node" ref="9412086382" role="platform"/>
  <member type="way" ref="1036697531" role=""/>
  <member type="way" ref="1163757161" role=""/>
  <member type="way" ref="1036697528" role=""/>
  <member type="way" ref="1036697526" role=""/>
  <member type="way" ref="119878523" role=""/>
  <member type="way" ref="517552886" role=""/>
  <member type="way" ref="119878656" role=""/>
  <member type="way" ref="1036697525" role=""/>
  <member type="way" ref="1036697534" role=""/>
  <member type="way" ref="1036697533" role=""/>
  <member type="way" ref="1036697512" role=""/>
  <member type="way" ref="1036697534" role=""/>
  <member type="way" ref="1036697525" role=""/>
  <member type="way" ref="119878656" role=""/>
  <member type="way" ref="1036697524" role=""/>
  <member type="way" ref="119879071" role=""/>
  <member type="way" ref="119887610" role=""/>
  <member type="way" ref="119888155" role=""/>
  <member type="way" ref="119879116" role=""/>
  <member type="way" ref="119879037" role=""/>
  <member type="way" ref="119885215" role=""/>
  <member type="way" ref="1161949597" role=""/>
  <member type="way" ref="119886759" role=""/>
  <member type="way" ref="119887879" role=""/>
  <member type="way" ref="119885734" role=""/>
  <member type="way" ref="119885590" role=""/>
  <member type="way" ref="119887887" role=""/>
  <member type="way" ref="119888300" role=""/>
  <member type="way" ref="119885704" role=""/>
  <member type="way" ref="119885762" role=""/>
  <member type="way" ref="119887444" role=""/>
  <member type="way" ref="119885764" role=""/>
  <member type="way" ref="119885750" role=""/>
  <member type="way" ref="119875257" role=""/>
  <member type="way" ref="119875281" role=""/>
  <member type="way" ref="119875438" role=""/>
  <member type="way" ref="119876142" role=""/>
  <member type="way" ref="119875716" role=""/>
  <member type="way" ref="120388743" role=""/>
  <member type="way" ref="120388792" role=""/>
  <member type="way" ref="120388521" role=""/>
  <member type="way" ref="120387602" role=""/>
  <member type="way" ref="120387163" role=""/>
  <member type="way" ref="120387921" role=""/>
  <member type="way" ref="120387996" role=""/>
  <member type="way" ref="709552913" role=""/>
  <member type="way" ref="120388144" role=""/>
  <member type="way" ref="425432195" role=""/>
  <member type="way" ref="425432196" role=""/>
  <member type="way" ref="120388598" role=""/>
  <member type="way" ref="120389202" role=""/>
  <member type="way" ref="120387725" role=""/>
  <member type="way" ref="223295974" role=""/>
  <member type="way" ref="120389227" role=""/>
  <member type="way" ref="120387221" role=""/>
  <member type="way" ref="120387054" role=""/>
  <member type="way" ref="120387198" role=""/>
  <member type="way" ref="120387943" role=""/>
  <member type="way" ref="1394161505" role=""/>
  <member type="way" ref="1036697518" role=""/>
  <member type="way" ref="1036697520" role=""/>
  <member type="way" ref="545450104" role=""/>
  <member type="way" ref="1394161505" role=""/>
  <member type="way" ref="120387104" role=""/>
  <member type="way" ref="120389235" role=""/>
  <member type="way" ref="1036697522" role=""/>
  <member type="way" ref="945602190" role=""/>
  <member type="way" ref="945602188" role=""/>
  <member type="way" ref="1036697522" role=""/>
  <member type="way" ref="120387433" role=""/>
  <member type="way" ref="120389045" role=""/>
  <member type="way" ref="120483110" role=""/>
  <member type="way" ref="120482984" role=""/>
  <member type="way" ref="120485756" role=""/>
  <member type="way" ref="1036697517" role=""/>
  <member type="way" ref="344262388" role=""/>
  <member type="way" ref="344262386" role=""/>
  <member type="way" ref="1394161503" role=""/>
  <member type="way" ref="1394161502" role=""/>
  <member type="way" ref="1036697515" role=""/>
  <member type="way" ref="1036697517" role=""/>
  <member type="way" ref="344262387" role=""/>
  <member type="way" ref="561527716" role=""/>
  <member type="way" ref="561527721" role=""/>
  <member type="way" ref="120483470" role=""/>
  <member type="way" ref="1394161508" role=""/>
  <member type="way" ref="1394161506" role=""/>
  <member type="way" ref="1394161509" role=""/>
  <tag k="duration" v="01:06:00"/>
  <tag k="from" v="山口駅"/>
  <tag k="from:ja-Latn" v="Yamaguchieki"/>
  <tag k="gtfs:route_id" v="2196404353"/>
  <tag k="gtfs:shape_id" v="40000809"/>
  <tag k="name" v="秋吉線 (山口駅 =&gt; 美東病院 =&gt; 秋吉)"/>
  <tag k="name:ja-Latn" v="Akiyoshi-sen (Yamaguchieki =&gt; Mito-byoin =&gt; Akiyoshi)"/>
  <tag k="network" v="秋吉線"/>
  <tag k="opening_hours" v="Mo-Fr 08:30-14:06"/>
  <tag k="operator" v="中国ジェイアールバス"/>
  <tag k="operator:en" v="Chugoku JR Bus"/>
  <tag k="public_transport:version" v="2"/>
  <tag k="route" v="bus"/>
  <tag k="to" v="秋吉"/>
  <tag k="to:ja-Latn" v="Akiyoshi"/>
  <tag k="type" v="route"/>
  <tag k="via" v="美東病院"/>
  <tag k="via:ja-Latn" v="Mito-byoin"/>
 </relation>
 <relation id="13884352" visible="true" version="2" changeset="167486642" timestamp="2025-06-11T11:22:27Z" user="AlexM51" uid="174705">
  <member type="relation" ref="13884347" role=""/>
  <member type="relation" ref="13884351" role=""/>
  <member type="relation" ref="13884350" role=""/>
  <member type="relation" ref="13884349" role=""/>
  <tag k="name" v="秋吉線 (山口駅 &lt;=&gt; 秋吉)"/>
  <tag k="name:ja-Latn" v="Akiyoshi-sen (Yamaguchieki &lt;=&gt; Akiyoshi)"/>
  <tag k="network" v="秋吉線"/>
  <tag k="operator" v="中国ジェイアールバス"/>
  <tag k="operator:en" v="Chugoku JR Bus"/>
  <tag k="route_master" v="bus"/>
  <tag k="type" v="route_master"/>
 </relation>
 <relation id="13884431" visible="true" version="10" changeset="171993143" timestamp="2025-09-16T04:32:12Z" user="taketaketake" uid="4757277">
  <member type="node" ref="9412086504" role="platform"/>
  <member type="node" ref="9412086506" role="platform"/>
  <member type="node" ref="9412086508" role="platform"/>
  <member type="node" ref="9412086510" role="platform"/>
  <member type="node" ref="9412086491" role="platform"/>
  <member type="node" ref="9412086520" role="platform"/>
  <member type="node" ref="9412086519" role="platform"/>
  <member type="node" ref="9412086516" role="platform"/>
  <member type="node" ref="9412086518" role="platform"/>
  <member type="node" ref="9412086521" role="platform"/>
  <member type="node" ref="9412086522" role="platform"/>
  <member type="node" ref="9412086524" role="platform"/>
  <member type="node" ref="9412086476" role="platform"/>
  <member type="node" ref="9412086474" role="platform"/>
  <member type="node" ref="9412086472" role="platform"/>
  <member type="node" ref="9412086470" role="platform"/>
  <member type="node" ref="9412086468" role="platform"/>
  <member type="node" ref="9412086466" role="platform"/>
  <member type="node" ref="9412086464" role="platform"/>
  <member type="node" ref="9412086462" role="platform"/>
  <member type="node" ref="9412086460" role="platform"/>
  <member type="node" ref="9412086487" role="platform"/>
  <member type="node" ref="9412086485" role="platform"/>
  <member type="node" ref="10653428528" role="platform"/>
  <member type="node" ref="9412086458" role="platform"/>
  <member type="node" ref="9412086456" role="platform"/>
  <member type="node" ref="9412086454" role="platform"/>
  <member type="node" ref="9412086453" role="platform"/>
  <member type="node" ref="9412086451" role="platform"/>
  <member type="node" ref="9412086449" role="platform"/>
  <member type="node" ref="9412086447" role="platform"/>
  <member type="node" ref="9412086445" role="platform"/>
  <member type="node" ref="9412086443" role="platform"/>
  <member type="node" ref="9412086441" role="platform"/>
  <member type="node" ref="9412086483" role="platform"/>
  <member type="node" ref="9412086334" role="platform"/>
  <member type="node" ref="9412086439" role="platform"/>
  <member type="node" ref="9412086437" role="platform"/>
  <member type="node" ref="9412086435" role="platform"/>
  <member type="node" ref="9412086433" role="platform"/>
  <member type="node" ref="9412086431" role="platform"/>
  <member type="node" ref="9412086429" role="platform"/>
  <member type="node" ref="9412086427" role="platform"/>
  <member type="node" ref="9412086425" role="platform"/>
  <member type="node" ref="9412086423" role="platform"/>
  <member type="node" ref="9412086421" role="platform"/>
  <member type="node" ref="9412086419" role="platform"/>
  <member type="node" ref="9412086417" role="platform"/>
  <member type="node" ref="9412086415" role="platform"/>
  <member type="node" ref="9412086481" role="platform"/>
  <member type="node" ref="9412086413" role="platform"/>
  <member type="node" ref="9412086411" role="platform"/>
  <member type="node" ref="9412086409" role="platform"/>
  <member type="node" ref="9412086407" role="platform"/>
  <member type="node" ref="9412086405" role="platform"/>
  <member type="node" ref="9412086403" role="platform"/>
  <member type="node" ref="9412086401" role="platform"/>
  <member type="node" ref="9412086400" role="platform"/>
  <member type="node" ref="9412086398" role="platform"/>
  <member type="node" ref="9412086343" role="platform"/>
  <member type="node" ref="9412086479" role="platform"/>
  <member type="node" ref="9412086478" role="platform"/>
  <member type="way" ref="119885215" role=""/>
  <member type="way" ref="119879037" role=""/>
  <member type="way" ref="1036697523" role=""/>
  <member type="way" ref="119878523" role=""/>
  <member type="way" ref="1036697526" role=""/>
  <member type="way" ref="1036697532" role=""/>
  <member type="way" ref="1394161504" role=""/>
  <member type="way" ref="1036697531" role=""/>
  <member type="way" ref="1163757161" role=""/>
  <member type="way" ref="1036697528" role=""/>
  <member type="way" ref="1036697526" role=""/>
  <member type="way" ref="119878523" role=""/>
  <member type="way" ref="517552886" role=""/>
  <member type="way" ref="119878656" role=""/>
  <member type="way" ref="1036697525" role=""/>
  <member type="way" ref="1036697534" role=""/>
  <member type="way" ref="1036697533" role=""/>
  <member type="way" ref="1036697512" role=""/>
  <member type="way" ref="1036697534" role=""/>
  <member type="way" ref="1036697525" role=""/>
  <member type="way" ref="119878656" role=""/>
  <member type="way" ref="1036709693" role=""/>
  <member type="way" ref="1036709692" role=""/>
  <member type="way" ref="119879154" role=""/>
  <member type="way" ref="119879065" role=""/>
  <member type="way" ref="310175728" role=""/>
  <member type="way" ref="310175725" role=""/>
  <member type="way" ref="119878743" role=""/>
  <member type="way" ref="119878597" role=""/>
  <member type="way" ref="119879213" role=""/>
  <member type="way" ref="119879204" role=""/>
  <member type="way" ref="119878605" role=""/>
  <member type="way" ref="1036709691" role=""/>
  <member type="way" ref="119878779" role=""/>
  <member type="way" ref="119878679" role=""/>
  <member type="way" ref="119879109" role=""/>
  <member type="way" ref="119878957" role=""/>
  <member type="way" ref="119878571" role=""/>
  <member type="way" ref="119878796" role=""/>
  <member type="way" ref="119878467" role=""/>
  <member type="way" ref="68875222" role=""/>
  <member type="way" ref="68875217" role=""/>
  <member type="way" ref="68875218" role=""/>
  <member type="way" ref="42403306" role=""/>
  <member type="way" ref="544509184" role=""/>
  <member type="way" ref="544509185" role=""/>
  <member type="way" ref="42476346" role=""/>
  <member type="way" ref="42476343" role=""/>
  <member type="way" ref="42476344" role=""/>
  <member type="way" ref="42476342" role=""/>
  <member type="way" ref="544509186" role=""/>
  <member type="way" ref="544509187" role=""/>
  <member type="way" ref="544509188" role=""/>
  <member type="way" ref="544509189" role=""/>
  <member type="way" ref="42476341" role=""/>
  <member type="way" ref="42476352" role=""/>
  <member type="way" ref="42476351" role=""/>
  <member type="way" ref="119875332" role=""/>
  <member type="way" ref="119875295" role=""/>
  <member type="way" ref="710482454" role=""/>
  <member type="way" ref="544509193" role=""/>
  <member type="way" ref="1036709687" role=""/>
  <member type="way" ref="544509195" role=""/>
  <member type="way" ref="544509194" role=""/>
  <member type="way" ref="114040847" role=""/>
  <member type="way" ref="114040970" role=""/>
  <member type="way" ref="1036709670" role=""/>
  <member type="way" ref="434742622" role=""/>
  <member type="way" ref="1036709668" role=""/>
  <member type="way" ref="1036709669" role=""/>
  <member type="way" ref="704734761" role=""/>
  <member type="way" ref="114040299" role=""/>
  <member type="way" ref="114041125" role=""/>
  <member type="way" ref="114040449" role=""/>
  <member type="way" ref="114041267" role=""/>
  <member type="way" ref="114041034" role=""/>
  <member type="way" ref="42476347" role=""/>
  <member type="way" ref="413732108" role=""/>
  <member type="way" ref="413732109" role=""/>
  <member type="way" ref="42476368" role=""/>
  <member type="way" ref="42476369" role=""/>
  <member type="way" ref="568591089" role=""/>
  <member type="way" ref="710477714" role=""/>
  <member type="way" ref="710477713" role=""/>
  <member type="way" ref="544735763" role=""/>
  <member type="way" ref="544735764" role=""/>
  <member type="way" ref="544735765" role=""/>
  <member type="way" ref="42476366" role=""/>
  <member type="way" ref="568591123" role=""/>
  <member type="way" ref="544735768" role=""/>
  <member type="way" ref="544735767" role=""/>
  <member type="way" ref="544735758" role=""/>
  <member type="way" ref="710459517" role=""/>
  <member type="way" ref="114040401" role=""/>
  <member type="way" ref="114041191" role=""/>
  <member type="way" ref="702008675" role=""/>
  <member type="way" ref="114040351" role=""/>
  <member type="way" ref="544735762" role=""/>
  <member type="way" ref="114056460" role=""/>
  <member type="way" ref="114057397" role=""/>
  <member type="way" ref="114056321" role=""/>
  <member type="way" ref="114057881" role=""/>
  <member type="way" ref="114057811" role=""/>
  <member type="way" ref="114056744" role=""/>
  <member type="way" ref="114057169" role=""/>
  <member type="way" ref="114056169" role=""/>
  <member type="way" ref="1430138808" role=""/>
  <member type="way" ref="114055935" role=""/>
  <member type="way" ref="114058420" role=""/>
  <member type="way" ref="79534125" role=""/>
  <member type="way" ref="1036709684" role=""/>
  <member type="way" ref="316339820" role=""/>
  <member type="way" ref="316339812" role=""/>
  <member type="way" ref="316339817" role=""/>
  <member type="way" ref="114056144" role=""/>
  <member type="way" ref="1036709680" role=""/>
  <member type="way" ref="114058392" role=""/>
  <member type="way" ref="1036709679" role=""/>
  <member type="way" ref="421310968" role=""/>
  <member type="way" ref="1430138807" role=""/>
  <member type="way" ref="114055661" role=""/>
  <member type="way" ref="114058659" role=""/>
  <member type="way" ref="114058518" role=""/>
  <member type="way" ref="402834033" role=""/>
  <member type="way" ref="114056495" role=""/>
  <member type="way" ref="604148052" role=""/>
  <member type="way" ref="1036709675" role=""/>
  <member type="way" ref="1036709674" role=""/>
  <member type="way" ref="1036709676" role=""/>
  <member type="way" ref="1036709675" role=""/>
  <member type="way" ref="604148052" role=""/>
  <member type="way" ref="604148053" role=""/>
  <member type="way" ref="402834035" role=""/>
  <member type="way" ref="114056368" role=""/>
  <member type="way" ref="114058206" role=""/>
  <member type="way" ref="114056326" role=""/>
  <member type="way" ref="114056166" role=""/>
  <member type="way" ref="79534148" role=""/>
  <member type="way" ref="316339802" role=""/>
  <member type="way" ref="316339803" role=""/>
  <member type="way" ref="316339838" role=""/>
  <member type="way" ref="1036709673" role=""/>
  <member type="way" ref="114056730" role=""/>
  <member type="way" ref="1036709672" role=""/>
  <tag k="duration" v="01:40:00"/>
  <tag k="from" v="湯田温泉"/>
  <tag k="gtfs:route_id" v="2229846746"/>
  <tag k="gtfs:shape_id" v="40001280"/>
  <tag k="name" v="Bus: 湯田温泉→東萩駅前"/>
  <tag k="network" v="防長線"/>
  <tag k="opening_hours" v="09:20-11:00"/>
  <tag k="operator" v="中国ジェイアールバス"/>
  <tag k="operator:en" v="Chugoku JR Bus"/>
  <tag k="public_transport:version" v="2"/>
  <tag k="route" v="bus"/>
  <tag k="to" v="東萩駅前"/>
  <tag k="type" v="route"/>
 </relation>
 <relation id="13884432" visible="true" version="11" changeset="171993143" timestamp="2025-09-16T04:32:12Z" user="taketaketake" uid="4757277">
  <member type="node" ref="9412086478" role="platform"/>
  <member type="node" ref="9412086480" role="platform"/>
  <member type="node" ref="9412086343" role="platform"/>
  <member type="node" ref="9412086399" role="platform"/>
  <member type="node" ref="9412086400" role="platform"/>
  <member type="node" ref="9412086402" role="platform"/>
  <member type="node" ref="9412086404" role="platform"/>
  <member type="node" ref="9412086406" role="platform"/>
  <member type="node" ref="9412086408" role="platform"/>
  <member type="node" ref="9412086410" role="platform"/>
  <member type="node" ref="9412086412" role="platform"/>
  <member type="node" ref="9412086414" role="platform"/>
  <member type="node" ref="9412086482" role="platform"/>
  <member type="node" ref="9412086416" role="platform"/>
  <member type="node" ref="9412086418" role="platform"/>
  <member type="node" ref="9412086420" role="platform"/>
  <member type="node" ref="9412086422" role="platform"/>
  <member type="node" ref="9412086424" role="platform"/>
  <member type="node" ref="9412086426" role="platform"/>
  <member type="node" ref="9412086428" role="platform"/>
  <member type="node" ref="9412086430" role="platform"/>
  <member type="node" ref="9412086432" role="platform"/>
  <member type="node" ref="9412086434" role="platform"/>
  <member type="node" ref="9412086436" role="platform"/>
  <member type="node" ref="9412086438" role="platform"/>
  <member type="node" ref="9412086440" role="platform"/>
  <member type="node" ref="9412086334" role="platform"/>
  <member type="node" ref="9412086484" role="platform"/>
  <member type="node" ref="9412086442" role="platform"/>
  <member type="node" ref="9412086444" role="platform"/>
  <member type="node" ref="9412086446" role="platform"/>
  <member type="node" ref="9412086448" role="platform"/>
  <member type="node" ref="9412086450" role="platform"/>
  <member type="node" ref="9412086452" role="platform"/>
  <member type="node" ref="10653908309" role="platform"/>
  <member type="node" ref="9412086455" role="platform"/>
  <member type="node" ref="9412086457" role="platform"/>
  <member type="node" ref="9412086459" role="platform"/>
  <member type="node" ref="10653428529" role="platform"/>
  <member type="node" ref="9412086486" role="platform"/>
  <member type="node" ref="9412086488" role="platform"/>
  <member type="node" ref="9412086461" role="platform"/>
  <member type="node" ref="9412086463" role="platform"/>
  <member type="node" ref="9412086465" role="platform"/>
  <member type="node" ref="9412086467" role="platform"/>
  <member type="node" ref="9412086469" role="platform"/>
  <member type="node" ref="9412086471" role="platform"/>
  <member type="node" ref="9412086473" role="platform"/>
  <member type="node" ref="9412086475" role="platform"/>
  <member type="node" ref="9412086477" role="platform"/>
  <member type="node" ref="9412086525" role="platform"/>
  <member type="node" ref="9412086523" role="platform"/>
  <member type="node" ref="9412086520" role="platform"/>
  <member type="node" ref="9412086519" role="platform"/>
  <member type="node" ref="9412086517" role="platform"/>
  <member type="node" ref="9412086518" role="platform"/>
  <member type="node" ref="9412086521" role="platform"/>
  <member type="node" ref="9412086511" role="platform"/>
  <member type="node" ref="9412086509" role="platform"/>
  <member type="node" ref="9412086507" role="platform"/>
  <member type="node" ref="9412086505" role="platform"/>
  <member type="node" ref="9412086345" role="platform"/>
  <member type="way" ref="1036709672" role=""/>
  <member type="way" ref="1036709671" role=""/>
  <member type="way" ref="1036709673" role=""/>
  <member type="way" ref="316339838" role=""/>
  <member type="way" ref="316339803" role=""/>
  <member type="way" ref="316339802" role=""/>
  <member type="way" ref="79534148" role=""/>
  <member type="way" ref="114056166" role=""/>
  <member type="way" ref="114056326" role=""/>
  <member type="way" ref="114058206" role=""/>
  <member type="way" ref="1036709666" role=""/>
  <member type="way" ref="114055946" role=""/>
  <member type="way" ref="114058274" role=""/>
  <member type="way" ref="402834035" role=""/>
  <member type="way" ref="402834033" role=""/>
  <member type="way" ref="114056495" role=""/>
  <member type="way" ref="604148052" role=""/>
  <member type="way" ref="1036709675" role=""/>
  <member type="way" ref="1036709674" role=""/>
  <member type="way" ref="1036709676" role=""/>
  <member type="way" ref="1036709675" role=""/>
  <member type="way" ref="604148052" role=""/>
  <member type="way" ref="604148053" role=""/>
  <member type="way" ref="114058518" role=""/>
  <member type="way" ref="114058659" role=""/>
  <member type="way" ref="114055661" role=""/>
  <member type="way" ref="1430138807" role=""/>
  <member type="way" ref="421310968" role=""/>
  <member type="way" ref="1036709679" role=""/>
  <member type="way" ref="1036709678" role=""/>
  <member type="way" ref="1036709680" role=""/>
  <member type="way" ref="114058392" role=""/>
  <member type="way" ref="1036709678" role=""/>
  <member type="way" ref="114056144" role=""/>
  <member type="way" ref="1036709681" role=""/>
  <member type="way" ref="1036709682" role=""/>
  <member type="way" ref="114057391" role=""/>
  <member type="way" ref="114056724" role=""/>
  <member type="way" ref="79534125" role=""/>
  <member type="way" ref="114058420" role=""/>
  <member type="way" ref="114055935" role=""/>
  <member type="way" ref="1430138808" role=""/>
  <member type="way" ref="114056169" role=""/>
  <member type="way" ref="114057169" role=""/>
  <member type="way" ref="114056744" role=""/>
  <member type="way" ref="114057811" role=""/>
  <member type="way" ref="114057881" role=""/>
  <member type="way" ref="114056321" role=""/>
  <member type="way" ref="114057397" role=""/>
  <member type="way" ref="114056460" role=""/>
  <member type="way" ref="544735762" role=""/>
  <member type="way" ref="114040351" role=""/>
  <member type="way" ref="702008675" role=""/>
  <member type="way" ref="114041191" role=""/>
  <member type="way" ref="114040401" role=""/>
  <member type="way" ref="710459517" role=""/>
  <member type="way" ref="544735758" role=""/>
  <member type="way" ref="544735767" role=""/>
  <member type="way" ref="544735768" role=""/>
  <member type="way" ref="568591123" role=""/>
  <member type="way" ref="42476366" role=""/>
  <member type="way" ref="544735765" role=""/>
  <member type="way" ref="544735764" role=""/>
  <member type="way" ref="544735763" role=""/>
  <member type="way" ref="710477713" role=""/>
  <member type="way" ref="710477714" role=""/>
  <member type="way" ref="568591089" role=""/>
  <member type="way" ref="42476369" role=""/>
  <member type="way" ref="42476368" role=""/>
  <member type="way" ref="413732109" role=""/>
  <member type="way" ref="413732108" role=""/>
  <member type="way" ref="42476347" role=""/>
  <member type="way" ref="114041034" role=""/>
  <member type="way" ref="114041267" role=""/>
  <member type="way" ref="114040449" role=""/>
  <member type="way" ref="114041125" role=""/>
  <member type="way" ref="114040299" role=""/>
  <member type="way" ref="704734761" role=""/>
  <member type="way" ref="1036709669" role=""/>
  <member type="way" ref="1036709668" role=""/>
  <member type="way" ref="434742622" role=""/>
  <member type="way" ref="1036709670" role=""/>
  <member type="way" ref="114040970" role=""/>
  <member type="way" ref="114040847" role=""/>
  <member type="way" ref="544509194" role=""/>
  <member type="way" ref="544509195" role=""/>
  <member type="way" ref="544509191" role=""/>
  <member type="way" ref="1036709688" role=""/>
  <member type="way" ref="710482454" role=""/>
  <member type="way" ref="119875295" role=""/>
  <member type="way" ref="119875332" role=""/>
  <member type="way" ref="42476351" role=""/>
  <member type="way" ref="42476352" role=""/>
  <member type="way" ref="42476341" role=""/>
  <member type="way" ref="544509189" role=""/>
  <member type="way" ref="544509188" role=""/>
  <member type="way" ref="544509187" role=""/>
  <member type="way" ref="544509186" role=""/>
  <member type="way" ref="42476342" role=""/>
  <member type="way" ref="42476344" role=""/>
  <member type="way" ref="42476343" role=""/>
  <member type="way" ref="42476346" role=""/>
  <member type="way" ref="544509185" role=""/>
  <member type="way" ref="544509184" role=""/>
  <member type="way" ref="42403306" role=""/>
  <member type="way" ref="42403311" role=""/>
  <member type="way" ref="68875219" role=""/>
  <member type="way" ref="68875220" role=""/>
  <member type="way" ref="119878796" role=""/>
  <member type="way" ref="1036709690" role=""/>
  <member type="way" ref="119878679" role=""/>
  <member type="way" ref="119878779" role=""/>
  <member type="way" ref="1036709691" role=""/>
  <member type="way" ref="119878605" role=""/>
  <member type="way" ref="119879204" role=""/>
  <member type="way" ref="119879213" role=""/>
  <member type="way" ref="119878597" role=""/>
  <member type="way" ref="119878743" role=""/>
  <member type="way" ref="310175725" role=""/>
  <member type="way" ref="310175728" role=""/>
  <member type="way" ref="119879065" role=""/>
  <member type="way" ref="119879154" role=""/>
  <member type="way" ref="1036697536" role=""/>
  <member type="way" ref="119878656" role=""/>
  <member type="way" ref="1036697525" role=""/>
  <member type="way" ref="1036697534" role=""/>
  <member type="way" ref="1036697533" role=""/>
  <member type="way" ref="1036697512" role=""/>
  <member type="way" ref="1036697534" role=""/>
  <member type="way" ref="1036697525" role=""/>
  <member type="way" ref="119878656" role=""/>
  <member type="way" ref="119878549" role=""/>
  <member type="way" ref="119878523" role=""/>
  <member type="way" ref="1036697526" role=""/>
  <member type="way" ref="1036697532" role=""/>
  <member type="way" ref="1394161504" role=""/>
  <member type="way" ref="1036697531" role=""/>
  <member type="way" ref="1163757161" role=""/>
  <member type="way" ref="1036697528" role=""/>
  <member type="way" ref="1036697526" role=""/>
  <member type="way" ref="119878523" role=""/>
  <member type="way" ref="1036697523" role=""/>
  <member type="way" ref="119879037" role=""/>
  <member type="way" ref="119885215" role=""/>
  <tag k="duration" v="01:43:00"/>
  <tag k="from" v="東萩駅前"/>
  <tag k="gtfs:route_id" v="2229846746"/>
  <tag k="gtfs:shape_id" v="40001289"/>
  <tag k="name" v="Bus: 東萩駅前→湯田温泉通"/>
  <tag k="network" v="防長線"/>
  <tag k="opening_hours" v="06:15-16:13"/>
  <tag k="operator" v="中国ジェイアールバス"/>
  <tag k="operator:en" v="Chugoku JR Bus"/>
  <tag k="public_transport:version" v="2"/>
  <tag k="route" v="bus"/>
  <tag k="to" v="湯田温泉通"/>
  <tag k="type" v="route"/>
 </relation>
 <relation id="13884433" visible="true" version="9" changeset="171993143" timestamp="2025-09-16T04:32:12Z" user="taketaketake" uid="4757277">
  <member type="node" ref="9412086478" role="platform"/>
  <member type="node" ref="9412086480" role="platform"/>
  <member type="node" ref="9412086343" role="platform"/>
  <member type="node" ref="9412086399" role="platform"/>
  <member type="node" ref="9412086400" role="platform"/>
  <member type="node" ref="9412086402" role="platform"/>
  <member type="node" ref="9412086404" role="platform"/>
  <member type="node" ref="9412086406" role="platform"/>
  <member type="node" ref="9412086408" role="platform"/>
  <member type="node" ref="9412086410" role="platform"/>
  <member type="node" ref="9412086412" role="platform"/>
  <member type="node" ref="9412086414" role="platform"/>
  <member type="node" ref="9412086482" role="platform"/>
  <member type="node" ref="9412086416" role="platform"/>
  <member type="node" ref="9412086418" role="platform"/>
  <member type="node" ref="9412086420" role="platform"/>
  <member type="node" ref="9412086422" role="platform"/>
  <member type="node" ref="9412086424" role="platform"/>
  <member type="node" ref="9412086426" role="platform"/>
  <member type="node" ref="9412086428" role="platform"/>
  <member type="node" ref="9412086430" role="platform"/>
  <member type="node" ref="9412086432" role="platform"/>
  <member type="node" ref="9412086434" role="platform"/>
  <member type="node" ref="9412086436" role="platform"/>
  <member type="node" ref="9412086438" role="platform"/>
  <member type="node" ref="9412086440" role="platform"/>
  <member type="node" ref="9412086334" role="platform"/>
  <member type="node" ref="9412086484" role="platform"/>
  <member type="node" ref="9412086442" role="platform"/>
  <member type="node" ref="9412086444" role="platform"/>
  <member type="node" ref="9412086446" role="platform"/>
  <member type="node" ref="9412086448" role="platform"/>
  <member type="node" ref="9412086450" role="platform"/>
  <member type="node" ref="9412086452" role="platform"/>
  <member type="node" ref="9412086453" role="platform"/>
  <member type="node" ref="9412086455" role="platform"/>
  <member type="node" ref="9412086457" role="platform"/>
  <member type="node" ref="9412086459" role="platform"/>
  <member type="node" ref="9412086486" role="platform"/>
  <member type="node" ref="9412086488" role="platform"/>
  <member type="node" ref="9412086461" role="platform"/>
  <member type="node" ref="9412086463" role="platform"/>
  <member type="node" ref="9412086465" role="platform"/>
  <member type="node" ref="9412086467" role="platform"/>
  <member type="node" ref="9412086469" role="platform"/>
  <member type="node" ref="9412086471" role="platform"/>
  <member type="node" ref="9412086473" role="platform"/>
  <member type="node" ref="9412086475" role="platform"/>
  <member type="node" ref="9412086477" role="platform"/>
  <member type="node" ref="9412086525" role="platform"/>
  <member type="node" ref="9412086523" role="platform"/>
  <member type="node" ref="9412086520" role="platform"/>
  <member type="node" ref="9412086519" role="platform"/>
  <member type="node" ref="9412086516" role="platform"/>
  <member type="way" ref="1036709672" role=""/>
  <member type="way" ref="1036709671" role=""/>
  <member type="way" ref="1036709673" role=""/>
  <member type="way" ref="316339838" role=""/>
  <member type="way" ref="316339803" role=""/>
  <member type="way" ref="316339802" role=""/>
  <member type="way" ref="79534148" role=""/>
  <member type="way" ref="114056166" role=""/>
  <member type="way" ref="114056326" role=""/>
  <member type="way" ref="114058206" role=""/>
  <member type="way" ref="1036709666" role=""/>
  <member type="way" ref="114055946" role=""/>
  <member type="way" ref="114058274" role=""/>
  <member type="way" ref="402834035" role=""/>
  <member type="way" ref="402834033" role=""/>
  <member type="way" ref="114056495" role=""/>
  <member type="way" ref="604148052" role=""/>
  <member type="way" ref="1036709675" role=""/>
  <member type="way" ref="1036709674" role=""/>
  <member type="way" ref="1036709676" role=""/>
  <member type="way" ref="1036709675" role=""/>
  <member type="way" ref="604148052" role=""/>
  <member type="way" ref="604148053" role=""/>
  <member type="way" ref="114058518" role=""/>
  <member type="way" ref="114058659" role=""/>
  <member type="way" ref="114055661" role=""/>
  <member type="way" ref="1430138807" role=""/>
  <member type="way" ref="421310968" role=""/>
  <member type="way" ref="1036709679" role=""/>
  <member type="way" ref="1036709678" role=""/>
  <member type="way" ref="1036709680" role=""/>
  <member type="way" ref="114058392" role=""/>
  <member type="way" ref="1036709678" role=""/>
  <member type="way" ref="114056144" role=""/>
  <member type="way" ref="1036709681" role=""/>
  <member type="way" ref="1036709682" role=""/>
  <member type="way" ref="114057391" role=""/>
  <member type="way" ref="114056724" role=""/>
  <member type="way" ref="79534125" role=""/>
  <member type="way" ref="114058420" role=""/>
  <member type="way" ref="114055935" role=""/>
  <member type="way" ref="1430138808" role=""/>
  <member type="way" ref="114056169" role=""/>
  <member type="way" ref="114057169" role=""/>
  <member type="way" ref="114056744" role=""/>
  <member type="way" ref="114057811" role=""/>
  <member type="way" ref="114057881" role=""/>
  <member type="way" ref="114056321" role=""/>
  <member type="way" ref="114057397" role=""/>
  <member type="way" ref="114056460" role=""/>
  <member type="way" ref="544735762" role=""/>
  <member type="way" ref="114040351" role=""/>
  <member type="way" ref="702008675" role=""/>
  <member type="way" ref="114041191" role=""/>
  <member type="way" ref="114040401" role=""/>
  <member type="way" ref="710459517" role=""/>
  <member type="way" ref="544735758" role=""/>
  <member type="way" ref="544735767" role=""/>
  <member type="way" ref="544735768" role=""/>
  <member type="way" ref="568591123" role=""/>
  <member type="way" ref="42476366" role=""/>
  <member type="way" ref="544735765" role=""/>
  <member type="way" ref="544735764" role=""/>
  <member type="way" ref="544735763" role=""/>
  <member type="way" ref="710477713" role=""/>
  <member type="way" ref="710477714" role=""/>
  <member type="way" ref="568591089" role=""/>
  <member type="way" ref="42476369" role=""/>
  <member type="way" ref="42476368" role=""/>
  <member type="way" ref="413732109" role=""/>
  <member type="way" ref="413732108" role=""/>
  <member type="way" ref="42476347" role=""/>
  <member type="way" ref="114041034" role=""/>
  <member type="way" ref="114041267" role=""/>
  <member type="way" ref="114040449" role=""/>
  <member type="way" ref="114041125" role=""/>
  <member type="way" ref="114040299" role=""/>
  <member type="way" ref="704734761" role=""/>
  <member type="way" ref="1036709669" role=""/>
  <member type="way" ref="1036709668" role=""/>
  <member type="way" ref="434742622" role=""/>
  <member type="way" ref="1036709670" role=""/>
  <member type="way" ref="114040970" role=""/>
  <member type="way" ref="114040847" role=""/>
  <member type="way" ref="544509194" role=""/>
  <member type="way" ref="544509195" role=""/>
  <member type="way" ref="544509191" role=""/>
  <member type="way" ref="1036709688" role=""/>
  <member type="way" ref="710482454" role=""/>
  <member type="way" ref="119875295" role=""/>
  <member type="way" ref="119875332" role=""/>
  <member type="way" ref="42476351" role=""/>
  <member type="way" ref="42476352" role=""/>
  <member type="way" ref="42476341" role=""/>
  <member type="way" ref="544509189" role=""/>
  <member type="way" ref="544509188" role=""/>
  <member type="way" ref="544509187" role=""/>
  <member type="way" ref="544509186" role=""/>
  <member type="way" ref="42476342" role=""/>
  <member type="way" ref="42476344" role=""/>
  <member type="way" ref="42476343" role=""/>
  <member type="way" ref="42476346" role=""/>
  <member type="way" ref="544509185" role=""/>
  <member type="way" ref="544509184" role=""/>
  <member type="way" ref="42403306" role=""/>
  <member type="way" ref="42403311" role=""/>
  <member type="way" ref="68875219" role=""/>
  <member type="way" ref="68875220" role=""/>
  <member type="way" ref="119878796" role=""/>
  <member type="way" ref="1036709690" role=""/>
  <member type="way" ref="119878679" role=""/>
  <member type="way" ref="119878779" role=""/>
  <member type="way" ref="1036709691" role=""/>
  <member type="way" ref="119878605" role=""/>
  <member type="way" ref="119879204" role=""/>
  <member type="way" ref="119879213" role=""/>
  <member type="way" ref="119878597" role=""/>
  <member type="way" ref="119878743" role=""/>
  <member type="way" ref="310175725" role=""/>
  <member type="way" ref="310175728" role=""/>
  <member type="way" ref="119879065" role=""/>
  <member type="way" ref="119879154" role=""/>
  <member type="way" ref="1036697536" role=""/>
  <member type="way" ref="119878656" role=""/>
  <member type="way" ref="1036697525" role=""/>
  <member type="way" ref="1036697534" role=""/>
  <member type="way" ref="1036697533" role=""/>
  <member type="way" ref="1036697512" role=""/>
  <member type="way" ref="1036697534" role=""/>
  <member type="way" ref="1036697525" role=""/>
  <member type="way" ref="119878656" role=""/>
  <member type="way" ref="119878549" role=""/>
  <member type="way" ref="119878523" role=""/>
  <member type="way" ref="1036697526" role=""/>
  <member type="way" ref="1036697532" role=""/>
  <member type="way" ref="1394161504" role=""/>
  <tag k="duration" v="01:29:00"/>
  <tag k="from" v="東萩駅前"/>
  <tag k="gtfs:route_id" v="2229846746"/>
  <tag k="gtfs:shape_id" v="40001279"/>
  <tag k="name" v="Bus: 東萩駅前→山口駅"/>
  <tag k="network" v="防長線"/>
  <tag k="opening_hours" v="Mo-Fr 09:35-20:09; Sa-Su 12:00-20:09"/>
  <tag k="operator" v="中国ジェイアールバス"/>
  <tag k="operator:en" v="Chugoku JR Bus"/>
  <tag k="public_transport:version" v="2"/>
  <tag k="route" v="bus"/>
  <tag k="to" v="山口駅"/>
  <tag k="type" v="route"/>
 </relation>
 <relation id="13884434" visible="true" version="9" changeset="171993143" timestamp="2025-09-16T04:32:12Z" user="taketaketake" uid="4757277">
  <member type="node" ref="9412086516" role="platform"/>
  <member type="node" ref="9412086519" role="platform"/>
  <member type="node" ref="9412086521" role="platform"/>
  <member type="node" ref="9412086522" role="platform"/>
  <member type="node" ref="9412086524" role="platform"/>
  <member type="node" ref="9412086476" role="platform"/>
  <member type="node" ref="9412086474" role="platform"/>
  <member type="node" ref="9412086472" role="platform"/>
  <member type="node" ref="9412086470" role="platform"/>
  <member type="node" ref="9412086468" role="platform"/>
  <member type="node" ref="9412086466" role="platform"/>
  <member type="node" ref="9412086464" role="platform"/>
  <member type="node" ref="9412086462" role="platform"/>
  <member type="node" ref="9412086460" role="platform"/>
  <member type="node" ref="9412086487" role="platform"/>
  <member type="node" ref="9412086485" role="platform"/>
  <member type="node" ref="9412086458" role="platform"/>
  <member type="node" ref="9412086456" role="platform"/>
  <member type="node" ref="9412086454" role="platform"/>
  <member type="node" ref="9412086453" role="platform"/>
  <member type="node" ref="9412086451" role="platform"/>
  <member type="node" ref="9412086449" role="platform"/>
  <member type="node" ref="9412086447" role="platform"/>
  <member type="node" ref="9412086445" role="platform"/>
  <member type="node" ref="9412086443" role="platform"/>
  <member type="node" ref="9412086441" role="platform"/>
  <member type="node" ref="9412086483" role="platform"/>
  <member type="node" ref="9412086334" role="platform"/>
  <member type="node" ref="9412086439" role="platform"/>
  <member type="node" ref="9412086437" role="platform"/>
  <member type="node" ref="9412086435" role="platform"/>
  <member type="node" ref="9412086433" role="platform"/>
  <member type="node" ref="9412086431" role="platform"/>
  <member type="node" ref="9412086429" role="platform"/>
  <member type="node" ref="9412086427" role="platform"/>
  <member type="node" ref="9412086425" role="platform"/>
  <member type="node" ref="9412086423" role="platform"/>
  <member type="node" ref="9412086421" role="platform"/>
  <member type="node" ref="9412086419" role="platform"/>
  <member type="node" ref="9412086417" role="platform"/>
  <member type="node" ref="9412086415" role="platform"/>
  <member type="node" ref="9412086481" role="platform"/>
  <member type="node" ref="9412086413" role="platform"/>
  <member type="node" ref="9412086411" role="platform"/>
  <member type="node" ref="9412086409" role="platform"/>
  <member type="node" ref="9412086407" role="platform"/>
  <member type="node" ref="9412086405" role="platform"/>
  <member type="node" ref="9412086403" role="platform"/>
  <member type="node" ref="9412086401" role="platform"/>
  <member type="node" ref="9412086400" role="platform"/>
  <member type="node" ref="9412086398" role="platform"/>
  <member type="node" ref="9412086343" role="platform"/>
  <member type="node" ref="9412086479" role="platform"/>
  <member type="node" ref="9412086478" role="platform"/>
  <member type="way" ref="1036697531" role=""/>
  <member type="way" ref="1163757161" role=""/>
  <member type="way" ref="1036697528" role=""/>
  <member type="way" ref="1036697526" role=""/>
  <member type="way" ref="119878523" role=""/>
  <member type="way" ref="517552886" role=""/>
  <member type="way" ref="119878656" role=""/>
  <member type="way" ref="1036697525" role=""/>
  <member type="way" ref="1036697534" role=""/>
  <member type="way" ref="1036697533" role=""/>
  <member type="way" ref="1036697512" role=""/>
  <member type="way" ref="1036697534" role=""/>
  <member type="way" ref="1036697525" role=""/>
  <member type="way" ref="119878656" role=""/>
  <member type="way" ref="1036709693" role=""/>
  <member type="way" ref="1036709692" role=""/>
  <member type="way" ref="119879154" role=""/>
  <member type="way" ref="119879065" role=""/>
  <member type="way" ref="310175728" role=""/>
  <member type="way" ref="310175725" role=""/>
  <member type="way" ref="119878743" role=""/>
  <member type="way" ref="119878597" role=""/>
  <member type="way" ref="119879213" role=""/>
  <member type="way" ref="119879204" role=""/>
  <member type="way" ref="119878605" role=""/>
  <member type="way" ref="1036709691" role=""/>
  <member type="way" ref="119878779" role=""/>
  <member type="way" ref="119878679" role=""/>
  <member type="way" ref="119879109" role=""/>
  <member type="way" ref="119878957" role=""/>
  <member type="way" ref="119878571" role=""/>
  <member type="way" ref="119878796" role=""/>
  <member type="way" ref="119878467" role=""/>
  <member type="way" ref="68875222" role=""/>
  <member type="way" ref="68875217" role=""/>
  <member type="way" ref="68875218" role=""/>
  <member type="way" ref="42403306" role=""/>
  <member type="way" ref="544509184" role=""/>
  <member type="way" ref="544509185" role=""/>
  <member type="way" ref="42476346" role=""/>
  <member type="way" ref="42476343" role=""/>
  <member type="way" ref="42476344" role=""/>
  <member type="way" ref="42476342" role=""/>
  <member type="way" ref="544509186" role=""/>
  <member type="way" ref="544509187" role=""/>
  <member type="way" ref="544509188" role=""/>
  <member type="way" ref="544509189" role=""/>
  <member type="way" ref="42476341" role=""/>
  <member type="way" ref="42476352" role=""/>
  <member type="way" ref="42476351" role=""/>
  <member type="way" ref="119875332" role=""/>
  <member type="way" ref="119875295" role=""/>
  <member type="way" ref="710482454" role=""/>
  <member type="way" ref="544509193" role=""/>
  <member type="way" ref="1036709687" role=""/>
  <member type="way" ref="544509195" role=""/>
  <member type="way" ref="544509194" role=""/>
  <member type="way" ref="114040847" role=""/>
  <member type="way" ref="114040970" role=""/>
  <member type="way" ref="1036709670" role=""/>
  <member type="way" ref="434742622" role=""/>
  <member type="way" ref="1036709668" role=""/>
  <member type="way" ref="1036709669" role=""/>
  <member type="way" ref="704734761" role=""/>
  <member type="way" ref="114040299" role=""/>
  <member type="way" ref="114041125" role=""/>
  <member type="way" ref="114040449" role=""/>
  <member type="way" ref="114041267" role=""/>
  <member type="way" ref="114041034" role=""/>
  <member type="way" ref="42476347" role=""/>
  <member type="way" ref="413732108" role=""/>
  <member type="way" ref="413732109" role=""/>
  <member type="way" ref="42476368" role=""/>
  <member type="way" ref="42476369" role=""/>
  <member type="way" ref="568591089" role=""/>
  <member type="way" ref="710477714" role=""/>
  <member type="way" ref="710477713" role=""/>
  <member type="way" ref="544735763" role=""/>
  <member type="way" ref="544735764" role=""/>
  <member type="way" ref="544735765" role=""/>
  <member type="way" ref="42476366" role=""/>
  <member type="way" ref="568591123" role=""/>
  <member type="way" ref="544735768" role=""/>
  <member type="way" ref="544735767" role=""/>
  <member type="way" ref="544735758" role=""/>
  <member type="way" ref="710459517" role=""/>
  <member type="way" ref="114040401" role=""/>
  <member type="way" ref="114041191" role=""/>
  <member type="way" ref="702008675" role=""/>
  <member type="way" ref="114040351" role=""/>
  <member type="way" ref="544735762" role=""/>
  <member type="way" ref="114056460" role=""/>
  <member type="way" ref="114057397" role=""/>
  <member type="way" ref="114056321" role=""/>
  <member type="way" ref="114057881" role=""/>
  <member type="way" ref="114057811" role=""/>
  <member type="way" ref="114056744" role=""/>
  <member type="way" ref="114057169" role=""/>
  <member type="way" ref="114056169" role=""/>
  <member type="way" ref="1430138808" role=""/>
  <member type="way" ref="114055935" role=""/>
  <member type="way" ref="114058420" role=""/>
  <member type="way" ref="79534125" role=""/>
  <member type="way" ref="1036709684" role=""/>
  <member type="way" ref="316339820" role=""/>
  <member type="way" ref="316339812" role=""/>
  <member type="way" ref="316339817" role=""/>
  <member type="way" ref="114056144" role=""/>
  <member type="way" ref="1036709680" role=""/>
  <member type="way" ref="114058392" role=""/>
  <member type="way" ref="1036709679" role=""/>
  <member type="way" ref="421310968" role=""/>
  <member type="way" ref="1430138807" role=""/>
  <member type="way" ref="114055661" role=""/>
  <member type="way" ref="114058659" role=""/>
  <member type="way" ref="114058518" role=""/>
  <member type="way" ref="402834033" role=""/>
  <member type="way" ref="114056495" role=""/>
  <member type="way" ref="604148052" role=""/>
  <member type="way" ref="1036709675" role=""/>
  <member type="way" ref="1036709674" role=""/>
  <member type="way" ref="1036709676" role=""/>
  <member type="way" ref="1036709675" role=""/>
  <member type="way" ref="604148052" role=""/>
  <member type="way" ref="604148053" role=""/>
  <member type="way" ref="402834035" role=""/>
  <member type="way" ref="114056368" role=""/>
  <member type="way" ref="114058206" role=""/>
  <member type="way" ref="114056326" role=""/>
  <member type="way" ref="114056166" role=""/>
  <member type="way" ref="79534148" role=""/>
  <member type="way" ref="316339802" role=""/>
  <member type="way" ref="316339803" role=""/>
  <member type="way" ref="316339838" role=""/>
  <member type="way" ref="1036709673" role=""/>
  <member type="way" ref="114056730" role=""/>
  <member type="way" ref="1036709672" role=""/>
  <tag k="duration" v="01:27:00"/>
  <tag k="from" v="山口駅"/>
  <tag k="gtfs:route_id" v="2229846746"/>
  <tag k="gtfs:shape_id" v="40001270"/>
  <tag k="name" v="Bus: 山口駅→東萩駅前"/>
  <tag k="network" v="防長線"/>
  <tag k="opening_hours" v="Mo-Fr 06:40-21:17; Sa-Su 10:45-21:17"/>
  <tag k="operator" v="中国ジェイアールバス"/>
  <tag k="operator:en" v="Chugoku JR Bus"/>
  <tag k="public_transport:version" v="2"/>
  <tag k="route" v="bus"/>
  <tag k="to" v="東萩駅前"/>
  <tag k="type" v="route"/>
 </relation>
 <relation id="13884435" visible="true" version="1" changeset="118041702" timestamp="2022-03-03T05:33:13Z" user="okadatsuneo_import" uid="12352917">
  <member type="relation" ref="13884434" role=""/>
  <member type="relation" ref="13884433" role=""/>
  <tag k="name" v="Bus 山口駅&lt;-&gt;東萩駅前"/>
  <tag k="network" v="防長線"/>
  <tag k="operator" v="中国ジェイアールバス"/>
  <tag k="operator:en" v="Chugoku JR Bus"/>
  <tag k="route_master" v="bus"/>
  <tag k="type" v="route_master"/>
 </relation>
 <relation id="13884436" visible="true" version="2" changeset="134842526" timestamp="2023-04-13T03:15:44Z" user="okadatsuneo_import" uid="12352917">
  <member type="relation" ref="13884431" role=""/>
  <member type="relation" ref="13884432" role=""/>
  <tag k="name" v="Bus 湯田温泉&lt;-&gt;東萩駅前"/>
  <tag k="network" v="防長線"/>
  <tag k="operator" v="中国ジェイアールバス"/>
  <tag k="operator:en" v="Chugoku JR Bus"/>
  <tag k="route_master" v="bus"/>
  <tag k="type" v="route_master"/>
 </relation>
 <relation id="15742023" visible="true" version="16" changeset="172594622" timestamp="2025-09-29T06:10:24Z" user="taketaketake" uid="4757277">
  <member type="node" ref="9412086570" role="platform"/>
  <member type="node" ref="9412086568" role="platform"/>
  <member type="node" ref="9412086566" role="platform"/>
  <member type="node" ref="9412086564" role="platform"/>
  <member type="node" ref="9412086562" role="platform"/>
  <member type="node" ref="9412086560" role="platform"/>
  <member type="node" ref="9412086558" role="platform"/>
  <member type="node" ref="9412086556" role="platform"/>
  <member type="node" ref="9412086554" role="platform"/>
  <member type="node" ref="9412086552" role="platform"/>
  <member type="node" ref="9412086550" role="platform"/>
  <member type="node" ref="9412086548" role="platform"/>
  <member type="node" ref="9412086546" role="platform"/>
  <member type="node" ref="9412086544" role="platform"/>
  <member type="node" ref="9412086542" role="platform"/>
  <member type="node" ref="9412086540" role="platform"/>
  <member type="node" ref="9412086538" role="platform"/>
  <member type="node" ref="9412086536" role="platform"/>
  <member type="node" ref="9412086534" role="platform"/>
  <member type="node" ref="9412086346" role="platform"/>
  <member type="node" ref="9412086515" role="platform"/>
  <member type="node" ref="9412086532" role="platform"/>
  <member type="node" ref="9412086530" role="platform"/>
  <member type="node" ref="9412086513" role="platform"/>
  <member type="node" ref="9412086517" role="platform"/>
  <member type="node" ref="9412086518" role="platform"/>
  <member type="node" ref="9412086521" role="platform"/>
  <member type="node" ref="9412086522" role="platform"/>
  <member type="node" ref="9412086525" role="platform"/>
  <member type="node" ref="9412086527" role="platform"/>
  <member type="node" ref="9412086511" role="platform"/>
  <member type="node" ref="9412086509" role="platform"/>
  <member type="node" ref="9412086507" role="platform"/>
  <member type="node" ref="9412086505" role="platform"/>
  <member type="node" ref="9412086503" role="platform"/>
  <member type="node" ref="9412086396" role="platform"/>
  <member type="node" ref="9412086394" role="platform"/>
  <member type="node" ref="9412086392" role="platform"/>
  <member type="node" ref="9412086390" role="platform"/>
  <member type="node" ref="9412086388" role="platform"/>
  <member type="node" ref="9412086386" role="platform"/>
  <member type="node" ref="9412086384" role="platform"/>
  <member type="way" ref="357194915" role=""/>
  <member type="way" ref="357194913" role=""/>
  <member type="way" ref="957733672" role=""/>
  <member type="way" ref="77178773" role=""/>
  <member type="way" ref="361731290" role=""/>
  <member type="way" ref="1420856717" role=""/>
  <member type="way" ref="1122925019" role=""/>
  <member type="way" ref="361731281" role=""/>
  <member type="way" ref="361731282" role=""/>
  <member type="way" ref="361731280" role=""/>
  <member type="way" ref="119986970" role=""/>
  <member type="way" ref="710577835" role=""/>
  <member type="way" ref="1163757171" role=""/>
  <member type="way" ref="710577834" role=""/>
  <member type="way" ref="710577831" role=""/>
  <member type="way" ref="710577830" role=""/>
  <member type="way" ref="119885470" role=""/>
  <member type="way" ref="119886915" role=""/>
  <member type="way" ref="535381131" role=""/>
  <member type="way" ref="535381134" role=""/>
  <member type="way" ref="289348800" role=""/>
  <member type="way" ref="289348803" role=""/>
  <member type="way" ref="289348808" role=""/>
  <member type="way" ref="289348798" role=""/>
  <member type="way" ref="289348809" role=""/>
  <member type="way" ref="1315033214" role=""/>
  <member type="way" ref="289348802" role=""/>
  <member type="way" ref="1420101860" role=""/>
  <member type="way" ref="289348826" role=""/>
  <member type="way" ref="119887013" role=""/>
  <member type="way" ref="552482886" role=""/>
  <member type="way" ref="546317412" role=""/>
  <member type="way" ref="119885290" role=""/>
  <member type="way" ref="119887419" role=""/>
  <member type="way" ref="1163757165" role=""/>
  <member type="way" ref="1163757164" role=""/>
  <member type="way" ref="119887419" role=""/>
  <member type="way" ref="119887566" role=""/>
  <member type="way" ref="119886474" role=""/>
  <member type="way" ref="119888061" role=""/>
  <member type="way" ref="119886880" role=""/>
  <member type="way" ref="119885817" role=""/>
  <member type="way" ref="957726378" role=""/>
  <member type="way" ref="119879058" role=""/>
  <member type="way" ref="1036697530" role=""/>
  <member type="way" ref="1036697526" role=""/>
  <member type="way" ref="1036697532" role=""/>
  <member type="way" ref="1394161504" role=""/>
  <member type="way" ref="1036697531" role=""/>
  <member type="way" ref="1163757161" role=""/>
  <member type="way" ref="1036697528" role=""/>
  <member type="way" ref="1036697526" role=""/>
  <member type="way" ref="119878523" role=""/>
  <member type="way" ref="517552886" role=""/>
  <member type="way" ref="119878656" role=""/>
  <member type="way" ref="1036697525" role=""/>
  <member type="way" ref="1036697534" role=""/>
  <member type="way" ref="1036697533" role=""/>
  <member type="way" ref="1036697512" role=""/>
  <member type="way" ref="1036697534" role=""/>
  <member type="way" ref="1036697525" role=""/>
  <member type="way" ref="119878656" role=""/>
  <member type="way" ref="1036697524" role=""/>
  <member type="way" ref="119879071" role=""/>
  <member type="way" ref="119887610" role=""/>
  <member type="way" ref="119888155" role=""/>
  <member type="way" ref="119879116" role=""/>
  <member type="way" ref="119879037" role=""/>
  <member type="way" ref="119885215" role=""/>
  <member type="way" ref="1161949597" role=""/>
  <member type="way" ref="119886759" role=""/>
  <member type="way" ref="119887879" role=""/>
  <member type="way" ref="119885734" role=""/>
  <member type="way" ref="119885590" role=""/>
  <member type="way" ref="119887887" role=""/>
  <member type="way" ref="119888300" role=""/>
  <member type="way" ref="119885704" role=""/>
  <member type="way" ref="119885762" role=""/>
  <member type="way" ref="119887444" role=""/>
  <member type="way" ref="119885764" role=""/>
  <member type="way" ref="119885750" role=""/>
  <member type="way" ref="119875257" role=""/>
  <tag k="duration" v="01:09:00"/>
  <tag k="from" v="防府駅前"/>
  <tag k="gtfs:route_id" v="2229846746"/>
  <tag k="gtfs:shape_id" v="40000770"/>
  <tag k="name" v="Bus: 防府駅前→ゆめタウン山口→山口県庁前→中尾口"/>
  <tag k="network" v="防長線"/>
  <tag k="opening_hours" v="Mo-Fr 08:25-15:21; Sa-Su 08:25-15:23"/>
  <tag k="operator" v="中国ジェイアールバス"/>
  <tag k="operator:en" v="Chugoku JR Bus"/>
  <tag k="public_transport:version" v="2"/>
  <tag k="route" v="bus"/>
  <tag k="to" v="中尾口"/>
  <tag k="type" v="route"/>
  <tag k="via" v="ゆめタウン山口;山口県庁前"/>
 </relation>
 <relation id="15742024" visible="true" version="16" changeset="178047391" timestamp="2026-02-03T12:01:21Z" user="setowalker" uid="21720421">
  <member type="node" ref="9412086385" role="platform"/>
  <member type="node" ref="9412086387" role="platform"/>
  <member type="node" ref="9412086389" role="platform"/>
  <member type="node" ref="9412086391" role="platform"/>
  <member type="node" ref="9412086393" role="platform"/>
  <member type="node" ref="9412086395" role="platform"/>
  <member type="node" ref="9412086397" role="platform"/>
  <member type="node" ref="9412086502" role="platform"/>
  <member type="node" ref="9412086504" role="platform"/>
  <member type="node" ref="9412086506" role="platform"/>
  <member type="node" ref="9412086508" role="platform"/>
  <member type="node" ref="9412086510" role="platform"/>
  <member type="node" ref="9412086512" role="platform"/>
  <member type="node" ref="9412086528" role="platform"/>
  <member type="node" ref="9412086526" role="platform"/>
  <member type="node" ref="9412086523" role="platform"/>
  <member type="node" ref="9412086520" role="platform"/>
  <member type="node" ref="9412086519" role="platform"/>
  <member type="node" ref="9412086516" role="platform"/>
  <member type="node" ref="9412086514" role="platform"/>
  <member type="node" ref="9412086531" role="platform"/>
  <member type="node" ref="9412086533" role="platform"/>
  <member type="node" ref="9412086515" role="platform"/>
  <member type="node" ref="9412086535" role="platform"/>
  <member type="node" ref="9412086537" role="platform"/>
  <member type="node" ref="9412086539" role="platform"/>
  <member type="node" ref="9412086541" role="platform"/>
  <member type="node" ref="9412086543" role="platform"/>
  <member type="node" ref="9412086545" role="platform"/>
  <member type="node" ref="9412086547" role="platform"/>
  <member type="node" ref="9412086549" role="platform"/>
  <member type="node" ref="9412086551" role="platform"/>
  <member type="node" ref="9412086553" role="platform"/>
  <member type="node" ref="9412086555" role="platform"/>
  <member type="node" ref="9412086557" role="platform"/>
  <member type="node" ref="9412086559" role="platform"/>
  <member type="node" ref="9412086561" role="platform"/>
  <member type="node" ref="9412086563" role="platform"/>
  <member type="node" ref="9412086565" role="platform"/>
  <member type="node" ref="9412086567" role="platform"/>
  <member type="node" ref="9412086569" role="platform"/>
  <member type="node" ref="9412086571" role="platform"/>
  <member type="way" ref="119875257" role=""/>
  <member type="way" ref="119885750" role=""/>
  <member type="way" ref="119885764" role=""/>
  <member type="way" ref="119887444" role=""/>
  <member type="way" ref="119885762" role=""/>
  <member type="way" ref="119885704" role=""/>
  <member type="way" ref="119888300" role=""/>
  <member type="way" ref="119887887" role=""/>
  <member type="way" ref="119885590" role=""/>
  <member type="way" ref="119885734" role=""/>
  <member type="way" ref="119887879" role=""/>
  <member type="way" ref="119886759" role=""/>
  <member type="way" ref="1161949597" role=""/>
  <member type="way" ref="119885215" role=""/>
  <member type="way" ref="119879037" role=""/>
  <member type="way" ref="119879116" role=""/>
  <member type="way" ref="119888155" role=""/>
  <member type="way" ref="119887610" role=""/>
  <member type="way" ref="119879071" role=""/>
  <member type="way" ref="1036697511" role=""/>
  <member type="way" ref="1036697510" role=""/>
  <member type="way" ref="1036697514" role=""/>
  <member type="way" ref="1036697512" role=""/>
  <member type="way" ref="1036697534" role=""/>
  <member type="way" ref="1036697525" role=""/>
  <member type="way" ref="119878656" role=""/>
  <member type="way" ref="119878549" role=""/>
  <member type="way" ref="119878523" role=""/>
  <member type="way" ref="1036697526" role=""/>
  <member type="way" ref="1036697532" role=""/>
  <member type="way" ref="1394161504" role=""/>
  <member type="way" ref="1036697531" role=""/>
  <member type="way" ref="1036697527" role=""/>
  <member type="way" ref="119879058" role=""/>
  <member type="way" ref="957726378" role=""/>
  <member type="way" ref="119885817" role=""/>
  <member type="way" ref="119886880" role=""/>
  <member type="way" ref="119888061" role=""/>
  <member type="way" ref="119886474" role=""/>
  <member type="way" ref="119887566" role=""/>
  <member type="way" ref="119887419" role=""/>
  <member type="way" ref="1163757165" role=""/>
  <member type="way" ref="1163757164" role=""/>
  <member type="way" ref="119887419" role=""/>
  <member type="way" ref="119885290" role=""/>
  <member type="way" ref="546317412" role=""/>
  <member type="way" ref="407829907" role=""/>
  <member type="way" ref="1473855298" role=""/>
  <member type="way" ref="1473855299" role=""/>
  <member type="way" ref="139849495" role=""/>
  <member type="way" ref="1420101861" role=""/>
  <member type="way" ref="1315033215" role=""/>
  <member type="way" ref="289348758" role=""/>
  <member type="way" ref="289348773" role=""/>
  <member type="way" ref="289348780" role=""/>
  <member type="way" ref="289348769" role=""/>
  <member type="way" ref="289348772" role=""/>
  <member type="way" ref="535381133" role=""/>
  <member type="way" ref="535381132" role=""/>
  <member type="way" ref="289348757" role=""/>
  <member type="way" ref="42403292" role=""/>
  <member type="way" ref="289348828" role=""/>
  <member type="way" ref="710577832" role=""/>
  <member type="way" ref="710577833" role=""/>
  <member type="way" ref="1163757160" role=""/>
  <member type="way" ref="710577836" role=""/>
  <member type="way" ref="552730769" role=""/>
  <member type="way" ref="552730766" role=""/>
  <member type="way" ref="1315019735" role=""/>
  <member type="way" ref="361731287" role=""/>
  <member type="way" ref="1420856718" role=""/>
  <member type="way" ref="361731290" role=""/>
  <member type="way" ref="77178773" role=""/>
  <member type="way" ref="957733672" role=""/>
  <member type="way" ref="646777796" role=""/>
  <tag k="duration" v="01:15:00"/>
  <tag k="from" v="中尾口"/>
  <tag k="gtfs:route_id" v="2229846746"/>
  <tag k="gtfs:shape_id" v="40000779"/>
  <tag k="name" v="Bus: 中尾口→山口県庁前→ゆめタウン山口→防府駅"/>
  <tag k="network" v="防長線"/>
  <tag k="opening_hours" v="Mo-Fr 08:35-16:45; Sa-Su 09:30-16:45"/>
  <tag k="operator" v="中国ジェイアールバス"/>
  <tag k="operator:en" v="Chugoku JR Bus"/>
  <tag k="public_transport:version" v="2"/>
  <tag k="route" v="bus"/>
  <tag k="to" v="防府駅"/>
  <tag k="type" v="route"/>
  <tag k="via" v="山口県庁前;ゆめタウン山口"/>
 </relation>
 <relation id="15742025" visible="true" version="16" changeset="172594622" timestamp="2025-09-29T06:10:24Z" user="taketaketake" uid="4757277">
  <member type="node" ref="9412086570" role="platform"/>
  <member type="node" ref="9412086568" role="platform"/>
  <member type="node" ref="9412086566" role="platform"/>
  <member type="node" ref="9412086564" role="platform"/>
  <member type="node" ref="9412086562" role="platform"/>
  <member type="node" ref="9412086560" role="platform"/>
  <member type="node" ref="9412086558" role="platform"/>
  <member type="node" ref="9412086556" role="platform"/>
  <member type="node" ref="9412086554" role="platform"/>
  <member type="node" ref="9412086552" role="platform"/>
  <member type="node" ref="9412086550" role="platform"/>
  <member type="node" ref="9412086548" role="platform"/>
  <member type="node" ref="9412086546" role="platform"/>
  <member type="node" ref="9412086544" role="platform"/>
  <member type="node" ref="9412086542" role="platform"/>
  <member type="node" ref="9412086540" role="platform"/>
  <member type="node" ref="9412086538" role="platform"/>
  <member type="node" ref="9412086536" role="platform"/>
  <member type="node" ref="9412086534" role="platform"/>
  <member type="node" ref="9412086346" role="platform"/>
  <member type="node" ref="9412086532" role="platform"/>
  <member type="node" ref="9412086530" role="platform"/>
  <member type="node" ref="9412086513" role="platform"/>
  <member type="node" ref="9412086517" role="platform"/>
  <member type="node" ref="9412086518" role="platform"/>
  <member type="node" ref="9412086521" role="platform"/>
  <member type="node" ref="9412086522" role="platform"/>
  <member type="node" ref="9412086525" role="platform"/>
  <member type="node" ref="9412086527" role="platform"/>
  <member type="node" ref="9412086511" role="platform"/>
  <member type="node" ref="9412086509" role="platform"/>
  <member type="node" ref="9412086507" role="platform"/>
  <member type="node" ref="9412086505" role="platform"/>
  <member type="node" ref="9412086503" role="platform"/>
  <member type="node" ref="9412086396" role="platform"/>
  <member type="node" ref="9412086394" role="platform"/>
  <member type="node" ref="9412086392" role="platform"/>
  <member type="node" ref="9412086390" role="platform"/>
  <member type="node" ref="9412086388" role="platform"/>
  <member type="node" ref="9412086386" role="platform"/>
  <member type="node" ref="9412086384" role="platform"/>
  <member type="way" ref="357194915" role=""/>
  <member type="way" ref="357194913" role=""/>
  <member type="way" ref="957733672" role=""/>
  <member type="way" ref="77178773" role=""/>
  <member type="way" ref="361731290" role=""/>
  <member type="way" ref="1420856717" role=""/>
  <member type="way" ref="1122925019" role=""/>
  <member type="way" ref="361731281" role=""/>
  <member type="way" ref="361731282" role=""/>
  <member type="way" ref="361731280" role=""/>
  <member type="way" ref="119986970" role=""/>
  <member type="way" ref="710577835" role=""/>
  <member type="way" ref="1163757171" role=""/>
  <member type="way" ref="710577834" role=""/>
  <member type="way" ref="710577831" role=""/>
  <member type="way" ref="710577830" role=""/>
  <member type="way" ref="119885470" role=""/>
  <member type="way" ref="119886915" role=""/>
  <member type="way" ref="535381131" role=""/>
  <member type="way" ref="535381134" role=""/>
  <member type="way" ref="289348800" role=""/>
  <member type="way" ref="289348803" role=""/>
  <member type="way" ref="289348808" role=""/>
  <member type="way" ref="289348798" role=""/>
  <member type="way" ref="289348809" role=""/>
  <member type="way" ref="1315033214" role=""/>
  <member type="way" ref="289348802" role=""/>
  <member type="way" ref="1420101860" role=""/>
  <member type="way" ref="289348826" role=""/>
  <member type="way" ref="119887013" role=""/>
  <member type="way" ref="552482886" role=""/>
  <member type="way" ref="546317412" role=""/>
  <member type="way" ref="119885290" role=""/>
  <member type="way" ref="119887566" role=""/>
  <member type="way" ref="119886474" role=""/>
  <member type="way" ref="119888061" role=""/>
  <member type="way" ref="119886880" role=""/>
  <member type="way" ref="119885817" role=""/>
  <member type="way" ref="957726378" role=""/>
  <member type="way" ref="119879058" role=""/>
  <member type="way" ref="1036697530" role=""/>
  <member type="way" ref="1036697526" role=""/>
  <member type="way" ref="1036697532" role=""/>
  <member type="way" ref="1394161504" role=""/>
  <member type="way" ref="1036697531" role=""/>
  <member type="way" ref="1163757161" role=""/>
  <member type="way" ref="1036697528" role=""/>
  <member type="way" ref="1036697526" role=""/>
  <member type="way" ref="119878523" role=""/>
  <member type="way" ref="517552886" role=""/>
  <member type="way" ref="119878656" role=""/>
  <member type="way" ref="1036697525" role=""/>
  <member type="way" ref="1036697534" role=""/>
  <member type="way" ref="1036697533" role=""/>
  <member type="way" ref="1036697512" role=""/>
  <member type="way" ref="1036697534" role=""/>
  <member type="way" ref="1036697525" role=""/>
  <member type="way" ref="119878656" role=""/>
  <member type="way" ref="1036697524" role=""/>
  <member type="way" ref="119879071" role=""/>
  <member type="way" ref="119887610" role=""/>
  <member type="way" ref="119888155" role=""/>
  <member type="way" ref="119879116" role=""/>
  <member type="way" ref="119879037" role=""/>
  <member type="way" ref="119885215" role=""/>
  <member type="way" ref="1161949597" role=""/>
  <member type="way" ref="119886759" role=""/>
  <member type="way" ref="119887879" role=""/>
  <member type="way" ref="119885734" role=""/>
  <member type="way" ref="119885590" role=""/>
  <member type="way" ref="119887887" role=""/>
  <member type="way" ref="119888300" role=""/>
  <member type="way" ref="119885704" role=""/>
  <member type="way" ref="119885762" role=""/>
  <member type="way" ref="119887444" role=""/>
  <member type="way" ref="119885764" role=""/>
  <member type="way" ref="119885750" role=""/>
  <member type="way" ref="119875257" role=""/>
  <tag k="duration" v="01:05:00"/>
  <tag k="from" v="防府駅前"/>
  <tag k="gtfs:route_id" v="2229846746"/>
  <tag k="gtfs:shape_id" v="40000990"/>
  <tag k="name" v="Bus: 防府駅前→山口県庁前→中尾口"/>
  <tag k="network" v="防長線"/>
  <tag k="opening_hours" v="Mo-Fr 06:50-07:55"/>
  <tag k="operator" v="中国ジェイアールバス"/>
  <tag k="operator:en" v="Chugoku JR Bus"/>
  <tag k="public_transport:version" v="2"/>
  <tag k="route" v="bus"/>
  <tag k="to" v="中尾口"/>
  <tag k="type" v="route"/>
  <tag k="via" v="山口県庁前"/>
 </relation>
 <relation id="15742026" visible="true" version="17" changeset="172594622" timestamp="2025-09-29T06:10:24Z" user="taketaketake" uid="4757277">
  <member type="node" ref="9412086570" role="platform"/>
  <member type="node" ref="9412086568" role="platform"/>
  <member type="node" ref="9412086566" role="platform"/>
  <member type="node" ref="9412086564" role="platform"/>
  <member type="node" ref="9412086562" role="platform"/>
  <member type="node" ref="9412086342" role="platform"/>
  <member type="node" ref="9412086340" role="platform"/>
  <member type="node" ref="9412086337" role="platform"/>
  <member type="node" ref="9412086339" role="platform"/>
  <member type="node" ref="9412086341" role="platform"/>
  <member type="node" ref="9412086560" role="platform"/>
  <member type="node" ref="9412086558" role="platform"/>
  <member type="node" ref="9412086556" role="platform"/>
  <member type="node" ref="9412086554" role="platform"/>
  <member type="node" ref="9412086552" role="platform"/>
  <member type="node" ref="9412086550" role="platform"/>
  <member type="node" ref="9412086548" role="platform"/>
  <member type="node" ref="9412086546" role="platform"/>
  <member type="node" ref="9412086544" role="platform"/>
  <member type="node" ref="9412086542" role="platform"/>
  <member type="node" ref="9412086540" role="platform"/>
  <member type="node" ref="9412086538" role="platform"/>
  <member type="node" ref="9412086536" role="platform"/>
  <member type="node" ref="9412086534" role="platform"/>
  <member type="node" ref="9412086346" role="platform"/>
  <member type="node" ref="9412086515" role="platform"/>
  <member type="node" ref="9412086532" role="platform"/>
  <member type="node" ref="9412086530" role="platform"/>
  <member type="node" ref="9412086513" role="platform"/>
  <member type="node" ref="9412086517" role="platform"/>
  <member type="node" ref="9412086518" role="platform"/>
  <member type="node" ref="9412086521" role="platform"/>
  <member type="node" ref="9412086522" role="platform"/>
  <member type="node" ref="9412086525" role="platform"/>
  <member type="node" ref="9412086527" role="platform"/>
  <member type="node" ref="9412086511" role="platform"/>
  <member type="node" ref="9412086509" role="platform"/>
  <member type="node" ref="9412086507" role="platform"/>
  <member type="node" ref="9412086505" role="platform"/>
  <member type="node" ref="9412086503" role="platform"/>
  <member type="node" ref="9412086396" role="platform"/>
  <member type="node" ref="9412086394" role="platform"/>
  <member type="node" ref="9412086392" role="platform"/>
  <member type="node" ref="9412086390" role="platform"/>
  <member type="node" ref="9412086388" role="platform"/>
  <member type="node" ref="9412086386" role="platform"/>
  <member type="node" ref="9412086384" role="platform"/>
  <member type="way" ref="357194915" role=""/>
  <member type="way" ref="357194913" role=""/>
  <member type="way" ref="957733672" role=""/>
  <member type="way" ref="77178773" role=""/>
  <member type="way" ref="361731290" role=""/>
  <member type="way" ref="1420856717" role=""/>
  <member type="way" ref="1122925019" role=""/>
  <member type="way" ref="361731281" role=""/>
  <member type="way" ref="361731282" role=""/>
  <member type="way" ref="361731280" role=""/>
  <member type="way" ref="119986970" role=""/>
  <member type="way" ref="710577835" role=""/>
  <member type="way" ref="1163757171" role=""/>
  <member type="way" ref="119986480" role=""/>
  <member type="way" ref="1163757168" role=""/>
  <member type="way" ref="1163757169" role=""/>
  <member type="way" ref="1163757168" role=""/>
  <member type="way" ref="119986480" role=""/>
  <member type="way" ref="710577834" role=""/>
  <member type="way" ref="710577831" role=""/>
  <member type="way" ref="710577830" role=""/>
  <member type="way" ref="119885470" role=""/>
  <member type="way" ref="119886915" role=""/>
  <member type="way" ref="535381131" role=""/>
  <member type="way" ref="535381134" role=""/>
  <member type="way" ref="289348800" role=""/>
  <member type="way" ref="289348803" role=""/>
  <member type="way" ref="289348808" role=""/>
  <member type="way" ref="289348798" role=""/>
  <member type="way" ref="289348809" role=""/>
  <member type="way" ref="1315033214" role=""/>
  <member type="way" ref="289348802" role=""/>
  <member type="way" ref="1420101860" role=""/>
  <member type="way" ref="289348826" role=""/>
  <member type="way" ref="119887013" role=""/>
  <member type="way" ref="552482886" role=""/>
  <member type="way" ref="546317412" role=""/>
  <member type="way" ref="119885290" role=""/>
  <member type="way" ref="119887419" role=""/>
  <member type="way" ref="1163757165" role=""/>
  <member type="way" ref="1163757164" role=""/>
  <member type="way" ref="119887419" role=""/>
  <member type="way" ref="119887566" role=""/>
  <member type="way" ref="119886474" role=""/>
  <member type="way" ref="119888061" role=""/>
  <member type="way" ref="119886880" role=""/>
  <member type="way" ref="119885817" role=""/>
  <member type="way" ref="957726378" role=""/>
  <member type="way" ref="119879058" role=""/>
  <member type="way" ref="1036697530" role=""/>
  <member type="way" ref="1036697526" role=""/>
  <member type="way" ref="1036697532" role=""/>
  <member type="way" ref="1394161504" role=""/>
  <member type="way" ref="1036697531" role=""/>
  <member type="way" ref="1163757161" role=""/>
  <member type="way" ref="1036697528" role=""/>
  <member type="way" ref="1036697526" role=""/>
  <member type="way" ref="119878523" role=""/>
  <member type="way" ref="517552886" role=""/>
  <member type="way" ref="119878656" role=""/>
  <member type="way" ref="1036697525" role=""/>
  <member type="way" ref="1036697534" role=""/>
  <member type="way" ref="1036697533" role=""/>
  <member type="way" ref="1036697512" role=""/>
  <member type="way" ref="1036697534" role=""/>
  <member type="way" ref="1036697525" role=""/>
  <member type="way" ref="119878656" role=""/>
  <member type="way" ref="1036697524" role=""/>
  <member type="way" ref="119879071" role=""/>
  <member type="way" ref="119887610" role=""/>
  <member type="way" ref="119888155" role=""/>
  <member type="way" ref="119879116" role=""/>
  <member type="way" ref="119879037" role=""/>
  <member type="way" ref="119885215" role=""/>
  <member type="way" ref="1161949597" role=""/>
  <member type="way" ref="119886759" role=""/>
  <member type="way" ref="119887879" role=""/>
  <member type="way" ref="119885734" role=""/>
  <member type="way" ref="119885590" role=""/>
  <member type="way" ref="119887887" role=""/>
  <member type="way" ref="119888300" role=""/>
  <member type="way" ref="119885704" role=""/>
  <member type="way" ref="119885762" role=""/>
  <member type="way" ref="119887444" role=""/>
  <member type="way" ref="119885764" role=""/>
  <member type="way" ref="119885750" role=""/>
  <member type="way" ref="119875257" role=""/>
  <tag k="duration" v="01:21:00"/>
  <tag k="from" v="防府駅前"/>
  <tag k="gtfs:route_id" v="2229846746"/>
  <tag k="gtfs:shape_id" v="40001310"/>
  <tag k="name" v="Bus: 防府駅前→総合医療センター前→ゆめタウン山口→山口県庁前→中尾口"/>
  <tag k="network" v="防長線"/>
  <tag k="opening_hours" v="15:00-16:21"/>
  <tag k="operator" v="中国ジェイアールバス"/>
  <tag k="operator:en" v="Chugoku JR Bus"/>
  <tag k="public_transport:version" v="2"/>
  <tag k="route" v="bus"/>
  <tag k="to" v="中尾口"/>
  <tag k="type" v="route"/>
  <tag k="via" v="総合医療センター前;ゆめタウン山口;山口県庁前"/>
 </relation>
 <relation id="15742027" visible="true" version="17" changeset="178047391" timestamp="2026-02-03T12:01:21Z" user="setowalker" uid="21720421">
  <member type="node" ref="9412086385" role="platform"/>
  <member type="node" ref="9412086387" role="platform"/>
  <member type="node" ref="9412086389" role="platform"/>
  <member type="node" ref="9412086391" role="platform"/>
  <member type="node" ref="9412086393" role="platform"/>
  <member type="node" ref="9412086395" role="platform"/>
  <member type="node" ref="9412086397" role="platform"/>
  <member type="node" ref="9412086502" role="platform"/>
  <member type="node" ref="9412086504" role="platform"/>
  <member type="node" ref="9412086506" role="platform"/>
  <member type="node" ref="9412086508" role="platform"/>
  <member type="node" ref="9412086510" role="platform"/>
  <member type="node" ref="9412086512" role="platform"/>
  <member type="node" ref="9412086528" role="platform"/>
  <member type="node" ref="9412086526" role="platform"/>
  <member type="node" ref="9412086523" role="platform"/>
  <member type="node" ref="9412086520" role="platform"/>
  <member type="node" ref="9412086519" role="platform"/>
  <member type="node" ref="9412086516" role="platform"/>
  <member type="node" ref="9412086514" role="platform"/>
  <member type="node" ref="9412086531" role="platform"/>
  <member type="node" ref="9412086533" role="platform"/>
  <member type="node" ref="9412086515" role="platform"/>
  <member type="node" ref="9412086535" role="platform"/>
  <member type="node" ref="9412086537" role="platform"/>
  <member type="node" ref="9412086539" role="platform"/>
  <member type="node" ref="9412086541" role="platform"/>
  <member type="node" ref="9412086543" role="platform"/>
  <member type="node" ref="9412086545" role="platform"/>
  <member type="node" ref="9412086547" role="platform"/>
  <member type="node" ref="9412086549" role="platform"/>
  <member type="node" ref="9412086551" role="platform"/>
  <member type="node" ref="9412086553" role="platform"/>
  <member type="node" ref="9412086555" role="platform"/>
  <member type="node" ref="9412086557" role="platform"/>
  <member type="node" ref="9412086559" role="platform"/>
  <member type="node" ref="9412086561" role="platform"/>
  <member type="node" ref="9412086342" role="platform"/>
  <member type="node" ref="9412086340" role="platform"/>
  <member type="node" ref="9412086338" role="platform"/>
  <member type="node" ref="9412086339" role="platform"/>
  <member type="node" ref="9412086341" role="platform"/>
  <member type="node" ref="9412086563" role="platform"/>
  <member type="node" ref="9412086565" role="platform"/>
  <member type="node" ref="9412086567" role="platform"/>
  <member type="node" ref="9412086569" role="platform"/>
  <member type="node" ref="9412086571" role="platform"/>
  <member type="way" ref="119875257" role=""/>
  <member type="way" ref="119885750" role=""/>
  <member type="way" ref="119885764" role=""/>
  <member type="way" ref="119887444" role=""/>
  <member type="way" ref="119885762" role=""/>
  <member type="way" ref="119885704" role=""/>
  <member type="way" ref="119888300" role=""/>
  <member type="way" ref="119887887" role=""/>
  <member type="way" ref="119885590" role=""/>
  <member type="way" ref="119885734" role=""/>
  <member type="way" ref="119887879" role=""/>
  <member type="way" ref="119886759" role=""/>
  <member type="way" ref="1161949597" role=""/>
  <member type="way" ref="119885215" role=""/>
  <member type="way" ref="119879037" role=""/>
  <member type="way" ref="119879116" role=""/>
  <member type="way" ref="119888155" role=""/>
  <member type="way" ref="119887610" role=""/>
  <member type="way" ref="119879071" role=""/>
  <member type="way" ref="1036697511" role=""/>
  <member type="way" ref="1036697510" role=""/>
  <member type="way" ref="1036697514" role=""/>
  <member type="way" ref="1036697512" role=""/>
  <member type="way" ref="1036697534" role=""/>
  <member type="way" ref="1036697525" role=""/>
  <member type="way" ref="119878656" role=""/>
  <member type="way" ref="119878549" role=""/>
  <member type="way" ref="119878523" role=""/>
  <member type="way" ref="1036697526" role=""/>
  <member type="way" ref="1036697532" role=""/>
  <member type="way" ref="1394161504" role=""/>
  <member type="way" ref="1036697531" role=""/>
  <member type="way" ref="1036697527" role=""/>
  <member type="way" ref="119879058" role=""/>
  <member type="way" ref="957726378" role=""/>
  <member type="way" ref="119885817" role=""/>
  <member type="way" ref="119886880" role=""/>
  <member type="way" ref="119888061" role=""/>
  <member type="way" ref="119886474" role=""/>
  <member type="way" ref="119887566" role=""/>
  <member type="way" ref="119887419" role=""/>
  <member type="way" ref="1163757165" role=""/>
  <member type="way" ref="1163757164" role=""/>
  <member type="way" ref="119887419" role=""/>
  <member type="way" ref="119885290" role=""/>
  <member type="way" ref="546317412" role=""/>
  <member type="way" ref="407829907" role=""/>
  <member type="way" ref="1473855298" role=""/>
  <member type="way" ref="1473855299" role=""/>
  <member type="way" ref="139849495" role=""/>
  <member type="way" ref="1420101861" role=""/>
  <member type="way" ref="1315033215" role=""/>
  <member type="way" ref="289348758" role=""/>
  <member type="way" ref="289348773" role=""/>
  <member type="way" ref="289348780" role=""/>
  <member type="way" ref="289348769" role=""/>
  <member type="way" ref="289348772" role=""/>
  <member type="way" ref="535381133" role=""/>
  <member type="way" ref="535381132" role=""/>
  <member type="way" ref="289348757" role=""/>
  <member type="way" ref="42403292" role=""/>
  <member type="way" ref="289348828" role=""/>
  <member type="way" ref="710577832" role=""/>
  <member type="way" ref="710577833" role=""/>
  <member type="way" ref="119990501" role=""/>
  <member type="way" ref="119986480" role=""/>
  <member type="way" ref="1163757168" role=""/>
  <member type="way" ref="1163757169" role=""/>
  <member type="way" ref="1163757168" role=""/>
  <member type="way" ref="119986480" role=""/>
  <member type="way" ref="119990501" role=""/>
  <member type="way" ref="1163757160" role=""/>
  <member type="way" ref="710577836" role=""/>
  <member type="way" ref="552730769" role=""/>
  <member type="way" ref="552730766" role=""/>
  <member type="way" ref="1315019735" role=""/>
  <member type="way" ref="361731287" role=""/>
  <member type="way" ref="1420856718" role=""/>
  <member type="way" ref="361731290" role=""/>
  <member type="way" ref="77178773" role=""/>
  <member type="way" ref="957733672" role=""/>
  <member type="way" ref="646777796" role=""/>
  <tag k="duration" v="01:21:00"/>
  <tag k="from" v="中尾口"/>
  <tag k="gtfs:route_id" v="2229846746"/>
  <tag k="gtfs:shape_id" v="40001319"/>
  <tag k="name" v="Bus: 中尾口→山口県庁前→ゆめタウン山口→総合医療センター前→防府駅"/>
  <tag k="network" v="防長線"/>
  <tag k="opening_hours" v="11:45-13:08"/>
  <tag k="operator" v="中国ジェイアールバス"/>
  <tag k="operator:en" v="Chugoku JR Bus"/>
  <tag k="public_transport:version" v="2"/>
  <tag k="route" v="bus"/>
  <tag k="to" v="防府駅"/>
  <tag k="type" v="route"/>
  <tag k="via" v="山口県庁前;ゆめタウン山口;総合医療センター前"/>
 </relation>
 <relation id="15742028" visible="true" version="1" changeset="135081250" timestamp="2023-04-19T01:12:02Z" user="okadatsuneo_import" uid="12352917">
  <member type="relation" ref="15742026" role=""/>
  <member type="relation" ref="15742025" role=""/>
  <member type="relation" ref="15742023" role=""/>
  <member type="relation" ref="15742027" role=""/>
  <member type="relation" ref="15742024" role=""/>
  <tag k="name" v="Bus: 防府駅前&lt;-&gt;中尾口"/>
  <tag k="network" v="防長線"/>
  <tag k="operator" v="中国ジェイアールバス"/>
  <tag k="operator:en" v="Chugoku JR Bus"/>
  <tag k="route_master" v="bus"/>
  <tag k="type" v="route_master"/>
 </relation>
 <relation id="15742094" visible="true" version="13" changeset="172594622" timestamp="2025-09-29T06:10:24Z" user="taketaketake" uid="4757277">
  <member type="node" ref="9412086570" role="platform"/>
  <member type="node" ref="9412086568" role="platform"/>
  <member type="node" ref="9412086566" role="platform"/>
  <member type="node" ref="9412086564" role="platform"/>
  <member type="node" ref="9412086562" role="platform"/>
  <member type="node" ref="9412086560" role="platform"/>
  <member type="node" ref="9412086558" role="platform"/>
  <member type="node" ref="9412086556" role="platform"/>
  <member type="node" ref="9412086554" role="platform"/>
  <member type="node" ref="9412086552" role="platform"/>
  <member type="node" ref="9412086550" role="platform"/>
  <member type="node" ref="9412086548" role="platform"/>
  <member type="node" ref="9412086546" role="platform"/>
  <member type="node" ref="9412086544" role="platform"/>
  <member type="node" ref="9412086542" role="platform"/>
  <member type="node" ref="9412086540" role="platform"/>
  <member type="node" ref="9412086538" role="platform"/>
  <member type="node" ref="9412086536" role="platform"/>
  <member type="node" ref="9412086534" role="platform"/>
  <member type="node" ref="9412086346" role="platform"/>
  <member type="node" ref="9412086515" role="platform"/>
  <member type="node" ref="9412086532" role="platform"/>
  <member type="node" ref="9412086530" role="platform"/>
  <member type="node" ref="9412086513" role="platform"/>
  <member type="node" ref="9412086517" role="platform"/>
  <member type="way" ref="357194915" role=""/>
  <member type="way" ref="357194913" role=""/>
  <member type="way" ref="957733672" role=""/>
  <member type="way" ref="77178773" role=""/>
  <member type="way" ref="361731290" role=""/>
  <member type="way" ref="1420856717" role=""/>
  <member type="way" ref="1122925019" role=""/>
  <member type="way" ref="361731281" role=""/>
  <member type="way" ref="361731282" role=""/>
  <member type="way" ref="361731280" role=""/>
  <member type="way" ref="119986970" role=""/>
  <member type="way" ref="710577835" role=""/>
  <member type="way" ref="1163757171" role=""/>
  <member type="way" ref="710577834" role=""/>
  <member type="way" ref="710577831" role=""/>
  <member type="way" ref="710577830" role=""/>
  <member type="way" ref="119885470" role=""/>
  <member type="way" ref="119886915" role=""/>
  <member type="way" ref="535381131" role=""/>
  <member type="way" ref="535381134" role=""/>
  <member type="way" ref="289348800" role=""/>
  <member type="way" ref="289348803" role=""/>
  <member type="way" ref="289348808" role=""/>
  <member type="way" ref="289348798" role=""/>
  <member type="way" ref="289348809" role=""/>
  <member type="way" ref="1315033214" role=""/>
  <member type="way" ref="289348802" role=""/>
  <member type="way" ref="1420101860" role=""/>
  <member type="way" ref="289348826" role=""/>
  <member type="way" ref="119887013" role=""/>
  <member type="way" ref="552482886" role=""/>
  <member type="way" ref="546317412" role=""/>
  <member type="way" ref="119885290" role=""/>
  <member type="way" ref="119887419" role=""/>
  <member type="way" ref="1163757165" role=""/>
  <member type="way" ref="1163757164" role=""/>
  <member type="way" ref="119887419" role=""/>
  <member type="way" ref="119887566" role=""/>
  <member type="way" ref="119886474" role=""/>
  <member type="way" ref="119888061" role=""/>
  <member type="way" ref="119886880" role=""/>
  <member type="way" ref="119885817" role=""/>
  <member type="way" ref="957726378" role=""/>
  <member type="way" ref="119879058" role=""/>
  <member type="way" ref="1036697530" role=""/>
  <member type="way" ref="1036697526" role=""/>
  <member type="way" ref="1036697532" role=""/>
  <member type="way" ref="1394161504" role=""/>
  <tag k="duration" v="00:41:00"/>
  <tag k="from" v="防府駅前"/>
  <tag k="gtfs:route_id" v="2229846746"/>
  <tag k="gtfs:shape_id" v="40000749"/>
  <tag k="name" v="Bus: 防府駅前→ゆめタウン山口→山口駅"/>
  <tag k="network" v="防長線"/>
  <tag k="opening_hours" v="Mo-Fr 09:25-18:41; Sa-Su 09:25-17:28"/>
  <tag k="operator" v="中国ジェイアールバス"/>
  <tag k="operator:en" v="Chugoku JR Bus"/>
  <tag k="public_transport:version" v="2"/>
  <tag k="route" v="bus"/>
  <tag k="to" v="山口駅"/>
  <tag k="type" v="route"/>
  <tag k="via" v="ゆめタウン山口"/>
 </relation>
 <relation id="15742095" visible="true" version="13" changeset="172594622" timestamp="2025-09-29T06:10:24Z" user="taketaketake" uid="4757277">
  <member type="node" ref="9412086570" role="platform"/>
  <member type="node" ref="9412086568" role="platform"/>
  <member type="node" ref="9412086566" role="platform"/>
  <member type="node" ref="9412086564" role="platform"/>
  <member type="node" ref="9412086562" role="platform"/>
  <member type="node" ref="9412086560" role="platform"/>
  <member type="node" ref="9412086558" role="platform"/>
  <member type="node" ref="9412086556" role="platform"/>
  <member type="node" ref="9412086554" role="platform"/>
  <member type="node" ref="9412086552" role="platform"/>
  <member type="node" ref="9412086550" role="platform"/>
  <member type="node" ref="9412086548" role="platform"/>
  <member type="node" ref="9412086546" role="platform"/>
  <member type="node" ref="9412086544" role="platform"/>
  <member type="node" ref="9412086542" role="platform"/>
  <member type="node" ref="9412086540" role="platform"/>
  <member type="node" ref="9412086538" role="platform"/>
  <member type="node" ref="9412086536" role="platform"/>
  <member type="node" ref="9412086534" role="platform"/>
  <member type="node" ref="9412086346" role="platform"/>
  <member type="node" ref="9412086532" role="platform"/>
  <member type="node" ref="9412086530" role="platform"/>
  <member type="node" ref="9412086513" role="platform"/>
  <member type="node" ref="9412086517" role="platform"/>
  <member type="way" ref="357194915" role=""/>
  <member type="way" ref="357194913" role=""/>
  <member type="way" ref="957733672" role=""/>
  <member type="way" ref="77178773" role=""/>
  <member type="way" ref="361731290" role=""/>
  <member type="way" ref="1420856717" role=""/>
  <member type="way" ref="1122925019" role=""/>
  <member type="way" ref="361731281" role=""/>
  <member type="way" ref="361731282" role=""/>
  <member type="way" ref="361731280" role=""/>
  <member type="way" ref="119986970" role=""/>
  <member type="way" ref="710577835" role=""/>
  <member type="way" ref="1163757171" role=""/>
  <member type="way" ref="710577834" role=""/>
  <member type="way" ref="710577831" role=""/>
  <member type="way" ref="710577830" role=""/>
  <member type="way" ref="119885470" role=""/>
  <member type="way" ref="119886915" role=""/>
  <member type="way" ref="535381131" role=""/>
  <member type="way" ref="535381134" role=""/>
  <member type="way" ref="289348800" role=""/>
  <member type="way" ref="289348803" role=""/>
  <member type="way" ref="289348808" role=""/>
  <member type="way" ref="289348798" role=""/>
  <member type="way" ref="289348809" role=""/>
  <member type="way" ref="1315033214" role=""/>
  <member type="way" ref="289348802" role=""/>
  <member type="way" ref="1420101860" role=""/>
  <member type="way" ref="289348826" role=""/>
  <member type="way" ref="119887013" role=""/>
  <member type="way" ref="552482886" role=""/>
  <member type="way" ref="546317412" role=""/>
  <member type="way" ref="119885290" role=""/>
  <member type="way" ref="119887566" role=""/>
  <member type="way" ref="119886474" role=""/>
  <member type="way" ref="119888061" role=""/>
  <member type="way" ref="119886880" role=""/>
  <member type="way" ref="119885817" role=""/>
  <member type="way" ref="957726378" role=""/>
  <member type="way" ref="119879058" role=""/>
  <member type="way" ref="1036697530" role=""/>
  <member type="way" ref="1036697526" role=""/>
  <member type="way" ref="1036697532" role=""/>
  <member type="way" ref="1394161504" role=""/>
  <tag k="duration" v="00:32:00"/>
  <tag k="from" v="防府駅前"/>
  <tag k="gtfs:route_id" v="2229846746"/>
  <tag k="gtfs:shape_id" v="40000759"/>
  <tag k="name" v="Bus: 防府駅前→山口駅"/>
  <tag k="network" v="防長線"/>
  <tag k="opening_hours" v="Mo-Fr 21:15-23:07"/>
  <tag k="operator" v="中国ジェイアールバス"/>
  <tag k="operator:en" v="Chugoku JR Bus"/>
  <tag k="public_transport:version" v="2"/>
  <tag k="route" v="bus"/>
  <tag k="to" v="山口駅"/>
  <tag k="type" v="route"/>
 </relation>
 <relation id="15742096" visible="true" version="17" changeset="172594622" timestamp="2025-09-29T06:10:24Z" user="taketaketake" uid="4757277">
  <member type="node" ref="9412086570" role="platform"/>
  <member type="node" ref="9412086568" role="platform"/>
  <member type="node" ref="9412086566" role="platform"/>
  <member type="node" ref="9412086564" role="platform"/>
  <member type="node" ref="9412086562" role="platform"/>
  <member type="node" ref="9412086560" role="platform"/>
  <member type="node" ref="9412086558" role="platform"/>
  <member type="node" ref="9412086556" role="platform"/>
  <member type="node" ref="9412086554" role="platform"/>
  <member type="node" ref="9412086552" role="platform"/>
  <member type="node" ref="9412086550" role="platform"/>
  <member type="node" ref="9412086548" role="platform"/>
  <member type="node" ref="9412086546" role="platform"/>
  <member type="node" ref="9412086544" role="platform"/>
  <member type="node" ref="9412086542" role="platform"/>
  <member type="node" ref="9412086540" role="platform"/>
  <member type="node" ref="9412086538" role="platform"/>
  <member type="node" ref="9412086536" role="platform"/>
  <member type="node" ref="9412086534" role="platform"/>
  <member type="node" ref="9412086346" role="platform"/>
  <member type="node" ref="9412086515" role="platform"/>
  <member type="node" ref="9412086532" role="platform"/>
  <member type="node" ref="9412086530" role="platform"/>
  <member type="node" ref="9412086513" role="platform"/>
  <member type="node" ref="9412086517" role="platform"/>
  <member type="node" ref="9412086518" role="platform"/>
  <member type="node" ref="9412086521" role="platform"/>
  <member type="node" ref="9412086511" role="platform"/>
  <member type="node" ref="9412086509" role="platform"/>
  <member type="node" ref="9412086507" role="platform"/>
  <member type="node" ref="9412086505" role="platform"/>
  <member type="node" ref="9412086503" role="platform"/>
  <member type="node" ref="9412086500" role="platform"/>
  <member type="node" ref="9412086498" role="platform"/>
  <member type="node" ref="9412086496" role="platform"/>
  <member type="node" ref="9412086494" role="platform"/>
  <member type="node" ref="9412086493" role="platform"/>
  <member type="way" ref="357194915" role=""/>
  <member type="way" ref="357194913" role=""/>
  <member type="way" ref="957733672" role=""/>
  <member type="way" ref="77178773" role=""/>
  <member type="way" ref="361731290" role=""/>
  <member type="way" ref="1420856717" role=""/>
  <member type="way" ref="1122925019" role=""/>
  <member type="way" ref="361731281" role=""/>
  <member type="way" ref="361731282" role=""/>
  <member type="way" ref="361731280" role=""/>
  <member type="way" ref="119986970" role=""/>
  <member type="way" ref="710577835" role=""/>
  <member type="way" ref="1163757171" role=""/>
  <member type="way" ref="710577834" role=""/>
  <member type="way" ref="710577831" role=""/>
  <member type="way" ref="710577830" role=""/>
  <member type="way" ref="119885470" role=""/>
  <member type="way" ref="119886915" role=""/>
  <member type="way" ref="535381131" role=""/>
  <member type="way" ref="535381134" role=""/>
  <member type="way" ref="289348800" role=""/>
  <member type="way" ref="289348803" role=""/>
  <member type="way" ref="289348808" role=""/>
  <member type="way" ref="289348798" role=""/>
  <member type="way" ref="289348809" role=""/>
  <member type="way" ref="1315033214" role=""/>
  <member type="way" ref="289348802" role=""/>
  <member type="way" ref="1420101860" role=""/>
  <member type="way" ref="289348826" role=""/>
  <member type="way" ref="119887013" role=""/>
  <member type="way" ref="552482886" role=""/>
  <member type="way" ref="546317412" role=""/>
  <member type="way" ref="119885290" role=""/>
  <member type="way" ref="119887419" role=""/>
  <member type="way" ref="1163757165" role=""/>
  <member type="way" ref="1163757164" role=""/>
  <member type="way" ref="119887419" role=""/>
  <member type="way" ref="119887566" role=""/>
  <member type="way" ref="119886474" role=""/>
  <member type="way" ref="119888061" role=""/>
  <member type="way" ref="119886880" role=""/>
  <member type="way" ref="119885817" role=""/>
  <member type="way" ref="957726378" role=""/>
  <member type="way" ref="119879058" role=""/>
  <member type="way" ref="1036697530" role=""/>
  <member type="way" ref="1036697526" role=""/>
  <member type="way" ref="1036697532" role=""/>
  <member type="way" ref="1394161504" role=""/>
  <member type="way" ref="1036697531" role=""/>
  <member type="way" ref="1163757161" role=""/>
  <member type="way" ref="1036697528" role=""/>
  <member type="way" ref="1036697526" role=""/>
  <member type="way" ref="119878523" role=""/>
  <member type="way" ref="1036697523" role=""/>
  <member type="way" ref="119879037" role=""/>
  <member type="way" ref="119885215" role=""/>
  <member type="way" ref="1161949597" role=""/>
  <member type="way" ref="1427055400" role=""/>
  <member type="way" ref="119885217" role=""/>
  <member type="way" ref="119888475" role=""/>
  <member type="way" ref="119887315" role=""/>
  <member type="way" ref="119886472" role=""/>
  <member type="way" ref="119885381" role=""/>
  <member type="way" ref="119887360" role=""/>
  <member type="way" ref="119887402" role=""/>
  <member type="way" ref="283108776" role=""/>
  <member type="way" ref="283108775" role=""/>
  <member type="way" ref="1163761251" role=""/>
  <member type="way" ref="1163761254" role=""/>
  <tag k="duration" v="00:56:00"/>
  <tag k="from" v="防府駅前"/>
  <tag k="gtfs:route_id" v="2229846746"/>
  <tag k="gtfs:shape_id" v="40000760"/>
  <tag k="name" v="Bus: 防府駅前→ゆめタウン山口→山口大学"/>
  <tag k="network" v="防長線"/>
  <tag k="opening_hours" v="Mo-Fr 19:50-21:31; Sa-Su 18:40-21:31"/>
  <tag k="operator" v="中国ジェイアールバス"/>
  <tag k="operator:en" v="Chugoku JR Bus"/>
  <tag k="public_transport:version" v="2"/>
  <tag k="route" v="bus"/>
  <tag k="to" v="山口大学"/>
  <tag k="type" v="route"/>
  <tag k="via" v="ゆめタウン山口"/>
 </relation>
 <relation id="15742097" visible="true" version="18" changeset="178047391" timestamp="2026-02-03T12:01:21Z" user="setowalker" uid="21720421">
  <member type="node" ref="9412086493" role="platform"/>
  <member type="node" ref="9412086492" role="platform"/>
  <member type="node" ref="9412086495" role="platform"/>
  <member type="node" ref="9412086497" role="platform"/>
  <member type="node" ref="9412086499" role="platform"/>
  <member type="node" ref="9412086502" role="platform"/>
  <member type="node" ref="9412086504" role="platform"/>
  <member type="node" ref="9412086506" role="platform"/>
  <member type="node" ref="9412086508" role="platform"/>
  <member type="node" ref="9412086510" role="platform"/>
  <member type="node" ref="9412086491" role="platform"/>
  <member type="node" ref="9412086520" role="platform"/>
  <member type="node" ref="9412086519" role="platform"/>
  <member type="node" ref="9412086516" role="platform"/>
  <member type="node" ref="9412086514" role="platform"/>
  <member type="node" ref="9412086531" role="platform"/>
  <member type="node" ref="9412086533" role="platform"/>
  <member type="node" ref="9412086515" role="platform"/>
  <member type="node" ref="9412086535" role="platform"/>
  <member type="node" ref="9412086537" role="platform"/>
  <member type="node" ref="9412086539" role="platform"/>
  <member type="node" ref="9412086541" role="platform"/>
  <member type="node" ref="9412086543" role="platform"/>
  <member type="node" ref="9412086545" role="platform"/>
  <member type="node" ref="9412086547" role="platform"/>
  <member type="node" ref="9412086549" role="platform"/>
  <member type="node" ref="9412086551" role="platform"/>
  <member type="node" ref="9412086553" role="platform"/>
  <member type="node" ref="9412086555" role="platform"/>
  <member type="node" ref="9412086557" role="platform"/>
  <member type="node" ref="9412086559" role="platform"/>
  <member type="node" ref="9412086561" role="platform"/>
  <member type="node" ref="9412086563" role="platform"/>
  <member type="node" ref="9412086565" role="platform"/>
  <member type="node" ref="9412086567" role="platform"/>
  <member type="node" ref="9412086569" role="platform"/>
  <member type="node" ref="9412086571" role="platform"/>
  <member type="way" ref="119885969" role=""/>
  <member type="way" ref="119887402" role=""/>
  <member type="way" ref="119887360" role=""/>
  <member type="way" ref="119885381" role=""/>
  <member type="way" ref="119886472" role=""/>
  <member type="way" ref="119887315" role=""/>
  <member type="way" ref="119888475" role=""/>
  <member type="way" ref="119885217" role=""/>
  <member type="way" ref="1427055400" role=""/>
  <member type="way" ref="1161949597" role=""/>
  <member type="way" ref="119885215" role=""/>
  <member type="way" ref="119879037" role=""/>
  <member type="way" ref="1036697523" role=""/>
  <member type="way" ref="119878523" role=""/>
  <member type="way" ref="1036697526" role=""/>
  <member type="way" ref="1036697532" role=""/>
  <member type="way" ref="1394161504" role=""/>
  <member type="way" ref="1036697531" role=""/>
  <member type="way" ref="1036697527" role=""/>
  <member type="way" ref="119879058" role=""/>
  <member type="way" ref="957726378" role=""/>
  <member type="way" ref="119885817" role=""/>
  <member type="way" ref="119886880" role=""/>
  <member type="way" ref="119888061" role=""/>
  <member type="way" ref="119886474" role=""/>
  <member type="way" ref="119887566" role=""/>
  <member type="way" ref="119887419" role=""/>
  <member type="way" ref="1163757165" role=""/>
  <member type="way" ref="1163757164" role=""/>
  <member type="way" ref="119887419" role=""/>
  <member type="way" ref="119885290" role=""/>
  <member type="way" ref="546317412" role=""/>
  <member type="way" ref="407829907" role=""/>
  <member type="way" ref="1473855298" role=""/>
  <member type="way" ref="1473855299" role=""/>
  <member type="way" ref="139849495" role=""/>
  <member type="way" ref="1420101861" role=""/>
  <member type="way" ref="1315033215" role=""/>
  <member type="way" ref="289348758" role=""/>
  <member type="way" ref="289348773" role=""/>
  <member type="way" ref="289348780" role=""/>
  <member type="way" ref="289348769" role=""/>
  <member type="way" ref="289348772" role=""/>
  <member type="way" ref="535381133" role=""/>
  <member type="way" ref="535381132" role=""/>
  <member type="way" ref="289348757" role=""/>
  <member type="way" ref="42403292" role=""/>
  <member type="way" ref="289348828" role=""/>
  <member type="way" ref="710577832" role=""/>
  <member type="way" ref="710577833" role=""/>
  <member type="way" ref="1163757160" role=""/>
  <member type="way" ref="710577836" role=""/>
  <member type="way" ref="552730769" role=""/>
  <member type="way" ref="552730766" role=""/>
  <member type="way" ref="1315019735" role=""/>
  <member type="way" ref="361731287" role=""/>
  <member type="way" ref="1420856718" role=""/>
  <member type="way" ref="361731290" role=""/>
  <member type="way" ref="77178773" role=""/>
  <member type="way" ref="957733672" role=""/>
  <member type="way" ref="646777796" role=""/>
  <tag k="duration" v="00:56:00"/>
  <tag k="from" v="山口大学"/>
  <tag k="gtfs:route_id" v="2229846746"/>
  <tag k="gtfs:shape_id" v="40000769"/>
  <tag k="name" v="Bus: 山口大学→市民会館前→ゆめタウン山口→防府駅"/>
  <tag k="network" v="防長線"/>
  <tag k="opening_hours" v="Mo-Fr 06:40-07:38, 21:15-22:13; Sa-Su 06:40-07:36"/>
  <tag k="operator" v="中国ジェイアールバス"/>
  <tag k="operator:en" v="Chugoku JR Bus"/>
  <tag k="public_transport:version" v="2"/>
  <tag k="route" v="bus"/>
  <tag k="to" v="防府駅"/>
  <tag k="type" v="route"/>
  <tag k="via" v="市民会館前;ゆめタウン山口"/>
 </relation>
 <relation id="15742098" visible="true" version="17" changeset="172594622" timestamp="2025-09-29T06:10:24Z" user="taketaketake" uid="4757277">
  <member type="node" ref="9412086570" role="platform"/>
  <member type="node" ref="9412086568" role="platform"/>
  <member type="node" ref="9412086566" role="platform"/>
  <member type="node" ref="9412086564" role="platform"/>
  <member type="node" ref="9412086562" role="platform"/>
  <member type="node" ref="9412086560" role="platform"/>
  <member type="node" ref="9412086558" role="platform"/>
  <member type="node" ref="9412086556" role="platform"/>
  <member type="node" ref="9412086554" role="platform"/>
  <member type="node" ref="9412086552" role="platform"/>
  <member type="node" ref="9412086550" role="platform"/>
  <member type="node" ref="9412086548" role="platform"/>
  <member type="node" ref="9412086546" role="platform"/>
  <member type="node" ref="9412086544" role="platform"/>
  <member type="node" ref="9412086542" role="platform"/>
  <member type="node" ref="9412086540" role="platform"/>
  <member type="node" ref="9412086538" role="platform"/>
  <member type="node" ref="9412086536" role="platform"/>
  <member type="node" ref="9412086534" role="platform"/>
  <member type="node" ref="9412086346" role="platform"/>
  <member type="node" ref="9412086532" role="platform"/>
  <member type="node" ref="9412086530" role="platform"/>
  <member type="node" ref="9412086513" role="platform"/>
  <member type="node" ref="9412086517" role="platform"/>
  <member type="node" ref="9412086518" role="platform"/>
  <member type="node" ref="9412086521" role="platform"/>
  <member type="node" ref="9412086522" role="platform"/>
  <member type="node" ref="9412086525" role="platform"/>
  <member type="node" ref="9412086527" role="platform"/>
  <member type="node" ref="9412086511" role="platform"/>
  <member type="node" ref="9412086509" role="platform"/>
  <member type="node" ref="9412086507" role="platform"/>
  <member type="node" ref="9412086505" role="platform"/>
  <member type="node" ref="9412086503" role="platform"/>
  <member type="node" ref="9412086500" role="platform"/>
  <member type="node" ref="9412086498" role="platform"/>
  <member type="node" ref="9412086496" role="platform"/>
  <member type="node" ref="9412086494" role="platform"/>
  <member type="node" ref="9412086493" role="platform"/>
  <member type="way" ref="357194915" role=""/>
  <member type="way" ref="357194913" role=""/>
  <member type="way" ref="957733672" role=""/>
  <member type="way" ref="77178773" role=""/>
  <member type="way" ref="361731290" role=""/>
  <member type="way" ref="1420856717" role=""/>
  <member type="way" ref="1122925019" role=""/>
  <member type="way" ref="361731281" role=""/>
  <member type="way" ref="361731282" role=""/>
  <member type="way" ref="361731280" role=""/>
  <member type="way" ref="119986970" role=""/>
  <member type="way" ref="710577835" role=""/>
  <member type="way" ref="1163757171" role=""/>
  <member type="way" ref="710577834" role=""/>
  <member type="way" ref="710577831" role=""/>
  <member type="way" ref="710577830" role=""/>
  <member type="way" ref="119885470" role=""/>
  <member type="way" ref="119886915" role=""/>
  <member type="way" ref="535381131" role=""/>
  <member type="way" ref="535381134" role=""/>
  <member type="way" ref="289348800" role=""/>
  <member type="way" ref="289348803" role=""/>
  <member type="way" ref="289348808" role=""/>
  <member type="way" ref="289348798" role=""/>
  <member type="way" ref="289348809" role=""/>
  <member type="way" ref="1315033214" role=""/>
  <member type="way" ref="289348802" role=""/>
  <member type="way" ref="1420101860" role=""/>
  <member type="way" ref="289348826" role=""/>
  <member type="way" ref="119887013" role=""/>
  <member type="way" ref="552482886" role=""/>
  <member type="way" ref="546317412" role=""/>
  <member type="way" ref="119885290" role=""/>
  <member type="way" ref="119887566" role=""/>
  <member type="way" ref="119886474" role=""/>
  <member type="way" ref="119888061" role=""/>
  <member type="way" ref="119886880" role=""/>
  <member type="way" ref="119885817" role=""/>
  <member type="way" ref="957726378" role=""/>
  <member type="way" ref="119879058" role=""/>
  <member type="way" ref="1036697530" role=""/>
  <member type="way" ref="1036697526" role=""/>
  <member type="way" ref="1036697532" role=""/>
  <member type="way" ref="1394161504" role=""/>
  <member type="way" ref="1036697531" role=""/>
  <member type="way" ref="1163757161" role=""/>
  <member type="way" ref="1036697528" role=""/>
  <member type="way" ref="1036697526" role=""/>
  <member type="way" ref="119878523" role=""/>
  <member type="way" ref="517552886" role=""/>
  <member type="way" ref="119878656" role=""/>
  <member type="way" ref="1036697525" role=""/>
  <member type="way" ref="1036697534" role=""/>
  <member type="way" ref="1036697533" role=""/>
  <member type="way" ref="1036697512" role=""/>
  <member type="way" ref="1036697534" role=""/>
  <member type="way" ref="1036697525" role=""/>
  <member type="way" ref="119878656" role=""/>
  <member type="way" ref="1036697524" role=""/>
  <member type="way" ref="119879071" role=""/>
  <member type="way" ref="119887610" role=""/>
  <member type="way" ref="119888155" role=""/>
  <member type="way" ref="119879116" role=""/>
  <member type="way" ref="119879037" role=""/>
  <member type="way" ref="119885215" role=""/>
  <member type="way" ref="1161949597" role=""/>
  <member type="way" ref="1427055400" role=""/>
  <member type="way" ref="119885217" role=""/>
  <member type="way" ref="119888475" role=""/>
  <member type="way" ref="119887315" role=""/>
  <member type="way" ref="119886472" role=""/>
  <member type="way" ref="119885381" role=""/>
  <member type="way" ref="119887360" role=""/>
  <member type="way" ref="119887402" role=""/>
  <member type="way" ref="283108776" role=""/>
  <member type="way" ref="283108775" role=""/>
  <member type="way" ref="1163761251" role=""/>
  <member type="way" ref="1163761254" role=""/>
  <tag k="duration" v="01:03:00"/>
  <tag k="from" v="防府駅前"/>
  <tag k="gtfs:route_id" v="2229846746"/>
  <tag k="gtfs:shape_id" v="40000980"/>
  <tag k="name" v="Bus: 防府駅前→山口県庁前→山口大学"/>
  <tag k="network" v="防長線"/>
  <tag k="opening_hours" v="Mo-Fr 06:40-08:42; Sa-Su 07:00-08:33"/>
  <tag k="operator" v="中国ジェイアールバス"/>
  <tag k="operator:en" v="Chugoku JR Bus"/>
  <tag k="public_transport:version" v="2"/>
  <tag k="route" v="bus"/>
  <tag k="to" v="山口大学"/>
  <tag k="type" v="route"/>
  <tag k="via" v="山口県庁前"/>
 </relation>
 <relation id="15742099" visible="true" version="17" changeset="172594622" timestamp="2025-09-29T06:10:24Z" user="taketaketake" uid="4757277">
  <member type="node" ref="9412086570" role="platform"/>
  <member type="node" ref="9412086568" role="platform"/>
  <member type="node" ref="9412086566" role="platform"/>
  <member type="node" ref="9412086564" role="platform"/>
  <member type="node" ref="9412086562" role="platform"/>
  <member type="node" ref="9412086560" role="platform"/>
  <member type="node" ref="9412086558" role="platform"/>
  <member type="node" ref="9412086556" role="platform"/>
  <member type="node" ref="9412086554" role="platform"/>
  <member type="node" ref="9412086552" role="platform"/>
  <member type="node" ref="9412086550" role="platform"/>
  <member type="node" ref="9412086548" role="platform"/>
  <member type="node" ref="9412086546" role="platform"/>
  <member type="node" ref="9412086544" role="platform"/>
  <member type="node" ref="9412086542" role="platform"/>
  <member type="node" ref="9412086540" role="platform"/>
  <member type="node" ref="9412086538" role="platform"/>
  <member type="node" ref="9412086536" role="platform"/>
  <member type="node" ref="9412086534" role="platform"/>
  <member type="node" ref="9412086346" role="platform"/>
  <member type="node" ref="9412086532" role="platform"/>
  <member type="node" ref="9412086530" role="platform"/>
  <member type="node" ref="9412086513" role="platform"/>
  <member type="node" ref="9412086517" role="platform"/>
  <member type="node" ref="9412086518" role="platform"/>
  <member type="node" ref="9412086521" role="platform"/>
  <member type="node" ref="9412086511" role="platform"/>
  <member type="node" ref="9412086509" role="platform"/>
  <member type="node" ref="9412086507" role="platform"/>
  <member type="node" ref="9412086505" role="platform"/>
  <member type="node" ref="9412086503" role="platform"/>
  <member type="node" ref="9412086500" role="platform"/>
  <member type="node" ref="9412086498" role="platform"/>
  <member type="node" ref="9412086496" role="platform"/>
  <member type="node" ref="9412086494" role="platform"/>
  <member type="node" ref="9412086493" role="platform"/>
  <member type="way" ref="357194915" role=""/>
  <member type="way" ref="357194913" role=""/>
  <member type="way" ref="957733672" role=""/>
  <member type="way" ref="77178773" role=""/>
  <member type="way" ref="361731290" role=""/>
  <member type="way" ref="1420856717" role=""/>
  <member type="way" ref="1122925019" role=""/>
  <member type="way" ref="361731281" role=""/>
  <member type="way" ref="361731282" role=""/>
  <member type="way" ref="361731280" role=""/>
  <member type="way" ref="119986970" role=""/>
  <member type="way" ref="710577835" role=""/>
  <member type="way" ref="1163757171" role=""/>
  <member type="way" ref="710577834" role=""/>
  <member type="way" ref="710577831" role=""/>
  <member type="way" ref="710577830" role=""/>
  <member type="way" ref="119885470" role=""/>
  <member type="way" ref="119886915" role=""/>
  <member type="way" ref="535381131" role=""/>
  <member type="way" ref="535381134" role=""/>
  <member type="way" ref="289348800" role=""/>
  <member type="way" ref="289348803" role=""/>
  <member type="way" ref="289348808" role=""/>
  <member type="way" ref="289348798" role=""/>
  <member type="way" ref="289348809" role=""/>
  <member type="way" ref="1315033214" role=""/>
  <member type="way" ref="289348802" role=""/>
  <member type="way" ref="1420101860" role=""/>
  <member type="way" ref="289348826" role=""/>
  <member type="way" ref="119887013" role=""/>
  <member type="way" ref="552482886" role=""/>
  <member type="way" ref="546317412" role=""/>
  <member type="way" ref="119885290" role=""/>
  <member type="way" ref="119887566" role=""/>
  <member type="way" ref="119886474" role=""/>
  <member type="way" ref="119888061" role=""/>
  <member type="way" ref="119886880" role=""/>
  <member type="way" ref="119885817" role=""/>
  <member type="way" ref="957726378" role=""/>
  <member type="way" ref="119879058" role=""/>
  <member type="way" ref="1036697530" role=""/>
  <member type="way" ref="1036697526" role=""/>
  <member type="way" ref="1036697532" role=""/>
  <member type="way" ref="1394161504" role=""/>
  <member type="way" ref="1036697531" role=""/>
  <member type="way" ref="1163757161" role=""/>
  <member type="way" ref="1036697528" role=""/>
  <member type="way" ref="1036697526" role=""/>
  <member type="way" ref="119878523" role=""/>
  <member type="way" ref="1036697523" role=""/>
  <member type="way" ref="119879037" role=""/>
  <member type="way" ref="119885215" role=""/>
  <member type="way" ref="1161949597" role=""/>
  <member type="way" ref="1427055400" role=""/>
  <member type="way" ref="119885217" role=""/>
  <member type="way" ref="119888475" role=""/>
  <member type="way" ref="119887315" role=""/>
  <member type="way" ref="119886472" role=""/>
  <member type="way" ref="119885381" role=""/>
  <member type="way" ref="119887360" role=""/>
  <member type="way" ref="119887402" role=""/>
  <member type="way" ref="283108776" role=""/>
  <member type="way" ref="283108775" role=""/>
  <member type="way" ref="1163761251" role=""/>
  <member type="way" ref="1163761254" role=""/>
  <tag k="duration" v="00:55:00"/>
  <tag k="from" v="防府駅前"/>
  <tag k="gtfs:route_id" v="2229846746"/>
  <tag k="gtfs:shape_id" v="40001010"/>
  <tag k="name" v="Bus: 防府駅前→山口大学"/>
  <tag k="network" v="防長線"/>
  <tag k="opening_hours" v="Mo-Fr 06:20-07:15"/>
  <tag k="operator" v="中国ジェイアールバス"/>
  <tag k="operator:en" v="Chugoku JR Bus"/>
  <tag k="public_transport:version" v="2"/>
  <tag k="route" v="bus"/>
  <tag k="to" v="山口大学"/>
  <tag k="type" v="route"/>
 </relation>
 <relation id="15742100" visible="true" version="17" changeset="172594622" timestamp="2025-09-29T06:10:24Z" user="taketaketake" uid="4757277">
  <member type="node" ref="9412086570" role="platform"/>
  <member type="node" ref="9412086568" role="platform"/>
  <member type="node" ref="9412086566" role="platform"/>
  <member type="node" ref="9412086564" role="platform"/>
  <member type="node" ref="9412086562" role="platform"/>
  <member type="node" ref="9412086560" role="platform"/>
  <member type="node" ref="9412086558" role="platform"/>
  <member type="node" ref="9412086556" role="platform"/>
  <member type="node" ref="9412086554" role="platform"/>
  <member type="node" ref="9412086552" role="platform"/>
  <member type="node" ref="9412086550" role="platform"/>
  <member type="node" ref="9412086548" role="platform"/>
  <member type="node" ref="9412086546" role="platform"/>
  <member type="node" ref="9412086544" role="platform"/>
  <member type="node" ref="9412086542" role="platform"/>
  <member type="node" ref="9412086540" role="platform"/>
  <member type="node" ref="9412086538" role="platform"/>
  <member type="node" ref="9412086536" role="platform"/>
  <member type="node" ref="9412086534" role="platform"/>
  <member type="node" ref="9412086346" role="platform"/>
  <member type="node" ref="9412086515" role="platform"/>
  <member type="node" ref="9412086532" role="platform"/>
  <member type="node" ref="9412086530" role="platform"/>
  <member type="node" ref="9412086513" role="platform"/>
  <member type="node" ref="9412086517" role="platform"/>
  <member type="node" ref="9412086518" role="platform"/>
  <member type="node" ref="9412086521" role="platform"/>
  <member type="node" ref="9412086522" role="platform"/>
  <member type="node" ref="9412086525" role="platform"/>
  <member type="node" ref="9412086527" role="platform"/>
  <member type="node" ref="9412086511" role="platform"/>
  <member type="node" ref="9412086509" role="platform"/>
  <member type="node" ref="9412086507" role="platform"/>
  <member type="node" ref="9412086505" role="platform"/>
  <member type="node" ref="9412086503" role="platform"/>
  <member type="node" ref="9412086500" role="platform"/>
  <member type="node" ref="9412086498" role="platform"/>
  <member type="node" ref="9412086496" role="platform"/>
  <member type="node" ref="9412086494" role="platform"/>
  <member type="node" ref="9412086493" role="platform"/>
  <member type="way" ref="357194915" role=""/>
  <member type="way" ref="357194913" role=""/>
  <member type="way" ref="957733672" role=""/>
  <member type="way" ref="77178773" role=""/>
  <member type="way" ref="361731290" role=""/>
  <member type="way" ref="1420856717" role=""/>
  <member type="way" ref="1122925019" role=""/>
  <member type="way" ref="361731281" role=""/>
  <member type="way" ref="361731282" role=""/>
  <member type="way" ref="361731280" role=""/>
  <member type="way" ref="119986970" role=""/>
  <member type="way" ref="710577835" role=""/>
  <member type="way" ref="1163757171" role=""/>
  <member type="way" ref="710577834" role=""/>
  <member type="way" ref="710577831" role=""/>
  <member type="way" ref="710577830" role=""/>
  <member type="way" ref="119885470" role=""/>
  <member type="way" ref="119886915" role=""/>
  <member type="way" ref="535381131" role=""/>
  <member type="way" ref="535381134" role=""/>
  <member type="way" ref="289348800" role=""/>
  <member type="way" ref="289348803" role=""/>
  <member type="way" ref="289348808" role=""/>
  <member type="way" ref="289348798" role=""/>
  <member type="way" ref="289348809" role=""/>
  <member type="way" ref="1315033214" role=""/>
  <member type="way" ref="289348802" role=""/>
  <member type="way" ref="1420101860" role=""/>
  <member type="way" ref="289348826" role=""/>
  <member type="way" ref="119887013" role=""/>
  <member type="way" ref="552482886" role=""/>
  <member type="way" ref="546317412" role=""/>
  <member type="way" ref="119885290" role=""/>
  <member type="way" ref="119887419" role=""/>
  <member type="way" ref="1163757165" role=""/>
  <member type="way" ref="1163757164" role=""/>
  <member type="way" ref="119887419" role=""/>
  <member type="way" ref="119887566" role=""/>
  <member type="way" ref="119886474" role=""/>
  <member type="way" ref="119888061" role=""/>
  <member type="way" ref="119886880" role=""/>
  <member type="way" ref="119885817" role=""/>
  <member type="way" ref="957726378" role=""/>
  <member type="way" ref="119879058" role=""/>
  <member type="way" ref="1036697530" role=""/>
  <member type="way" ref="1036697526" role=""/>
  <member type="way" ref="1036697532" role=""/>
  <member type="way" ref="1394161504" role=""/>
  <member type="way" ref="1036697531" role=""/>
  <member type="way" ref="1163757161" role=""/>
  <member type="way" ref="1036697528" role=""/>
  <member type="way" ref="1036697526" role=""/>
  <member type="way" ref="119878523" role=""/>
  <member type="way" ref="517552886" role=""/>
  <member type="way" ref="119878656" role=""/>
  <member type="way" ref="1036697525" role=""/>
  <member type="way" ref="1036697534" role=""/>
  <member type="way" ref="1036697533" role=""/>
  <member type="way" ref="1036697512" role=""/>
  <member type="way" ref="1036697534" role=""/>
  <member type="way" ref="1036697525" role=""/>
  <member type="way" ref="119878656" role=""/>
  <member type="way" ref="1036697524" role=""/>
  <member type="way" ref="119879071" role=""/>
  <member type="way" ref="119887610" role=""/>
  <member type="way" ref="119888155" role=""/>
  <member type="way" ref="119879116" role=""/>
  <member type="way" ref="119879037" role=""/>
  <member type="way" ref="119885215" role=""/>
  <member type="way" ref="1161949597" role=""/>
  <member type="way" ref="1427055400" role=""/>
  <member type="way" ref="119885217" role=""/>
  <member type="way" ref="119888475" role=""/>
  <member type="way" ref="119887315" role=""/>
  <member type="way" ref="119886472" role=""/>
  <member type="way" ref="119885381" role=""/>
  <member type="way" ref="119887360" role=""/>
  <member type="way" ref="119887402" role=""/>
  <member type="way" ref="283108776" role=""/>
  <member type="way" ref="283108775" role=""/>
  <member type="way" ref="1163761251" role=""/>
  <member type="way" ref="1163761254" role=""/>
  <tag k="duration" v="01:07:00"/>
  <tag k="from" v="防府駅前"/>
  <tag k="gtfs:route_id" v="2229846746"/>
  <tag k="gtfs:shape_id" v="40001090"/>
  <tag k="name" v="Bus: 防府駅前→ゆめタウン山口→山口県庁前→山口大学"/>
  <tag k="network" v="防長線"/>
  <tag k="opening_hours" v="Mo-Fr 08:00-19:49; Sa-Su 08:00-19:11"/>
  <tag k="operator" v="中国ジェイアールバス"/>
  <tag k="operator:en" v="Chugoku JR Bus"/>
  <tag k="public_transport:version" v="2"/>
  <tag k="route" v="bus"/>
  <tag k="to" v="山口大学"/>
  <tag k="type" v="route"/>
  <tag k="via" v="ゆめタウン山口;山口県庁前"/>
 </relation>
 <relation id="15742101" visible="true" version="18" changeset="178047391" timestamp="2026-02-03T12:01:21Z" user="setowalker" uid="21720421">
  <member type="node" ref="9412086493" role="platform"/>
  <member type="node" ref="9412086492" role="platform"/>
  <member type="node" ref="9412086495" role="platform"/>
  <member type="node" ref="9412086497" role="platform"/>
  <member type="node" ref="9412086499" role="platform"/>
  <member type="node" ref="9412086502" role="platform"/>
  <member type="node" ref="9412086504" role="platform"/>
  <member type="node" ref="9412086506" role="platform"/>
  <member type="node" ref="9412086508" role="platform"/>
  <member type="node" ref="9412086510" role="platform"/>
  <member type="node" ref="9412086512" role="platform"/>
  <member type="node" ref="9412086528" role="platform"/>
  <member type="node" ref="9412086526" role="platform"/>
  <member type="node" ref="9412086523" role="platform"/>
  <member type="node" ref="9412086520" role="platform"/>
  <member type="node" ref="9412086519" role="platform"/>
  <member type="node" ref="9412086516" role="platform"/>
  <member type="node" ref="9412086514" role="platform"/>
  <member type="node" ref="9412086531" role="platform"/>
  <member type="node" ref="9412086533" role="platform"/>
  <member type="node" ref="9412086515" role="platform"/>
  <member type="node" ref="9412086535" role="platform"/>
  <member type="node" ref="9412086537" role="platform"/>
  <member type="node" ref="9412086539" role="platform"/>
  <member type="node" ref="9412086541" role="platform"/>
  <member type="node" ref="9412086543" role="platform"/>
  <member type="node" ref="9412086545" role="platform"/>
  <member type="node" ref="9412086547" role="platform"/>
  <member type="node" ref="9412086549" role="platform"/>
  <member type="node" ref="9412086551" role="platform"/>
  <member type="node" ref="9412086553" role="platform"/>
  <member type="node" ref="9412086555" role="platform"/>
  <member type="node" ref="9412086557" role="platform"/>
  <member type="node" ref="9412086559" role="platform"/>
  <member type="node" ref="9412086561" role="platform"/>
  <member type="node" ref="9412086563" role="platform"/>
  <member type="node" ref="9412086565" role="platform"/>
  <member type="node" ref="9412086567" role="platform"/>
  <member type="node" ref="9412086569" role="platform"/>
  <member type="node" ref="9412086571" role="platform"/>
  <member type="way" ref="119885969" role=""/>
  <member type="way" ref="119887402" role=""/>
  <member type="way" ref="119887360" role=""/>
  <member type="way" ref="119885381" role=""/>
  <member type="way" ref="119886472" role=""/>
  <member type="way" ref="119887315" role=""/>
  <member type="way" ref="119888475" role=""/>
  <member type="way" ref="119885217" role=""/>
  <member type="way" ref="1427055400" role=""/>
  <member type="way" ref="1161949597" role=""/>
  <member type="way" ref="119885215" role=""/>
  <member type="way" ref="119879037" role=""/>
  <member type="way" ref="119879116" role=""/>
  <member type="way" ref="119888155" role=""/>
  <member type="way" ref="119887610" role=""/>
  <member type="way" ref="119879071" role=""/>
  <member type="way" ref="1036697511" role=""/>
  <member type="way" ref="1036697510" role=""/>
  <member type="way" ref="1036697514" role=""/>
  <member type="way" ref="1036697512" role=""/>
  <member type="way" ref="1036697534" role=""/>
  <member type="way" ref="1036697525" role=""/>
  <member type="way" ref="119878656" role=""/>
  <member type="way" ref="119878549" role=""/>
  <member type="way" ref="119878523" role=""/>
  <member type="way" ref="1036697526" role=""/>
  <member type="way" ref="1036697532" role=""/>
  <member type="way" ref="1394161504" role=""/>
  <member type="way" ref="1036697531" role=""/>
  <member type="way" ref="1036697527" role=""/>
  <member type="way" ref="119879058" role=""/>
  <member type="way" ref="957726378" role=""/>
  <member type="way" ref="119885817" role=""/>
  <member type="way" ref="119886880" role=""/>
  <member type="way" ref="119888061" role=""/>
  <member type="way" ref="119886474" role=""/>
  <member type="way" ref="119887566" role=""/>
  <member type="way" ref="119887419" role=""/>
  <member type="way" ref="1163757165" role=""/>
  <member type="way" ref="1163757164" role=""/>
  <member type="way" ref="119887419" role=""/>
  <member type="way" ref="119885290" role=""/>
  <member type="way" ref="546317412" role=""/>
  <member type="way" ref="407829907" role=""/>
  <member type="way" ref="1473855298" role=""/>
  <member type="way" ref="1473855299" role=""/>
  <member type="way" ref="139849495" role=""/>
  <member type="way" ref="1420101861" role=""/>
  <member type="way" ref="1315033215" role=""/>
  <member type="way" ref="289348758" role=""/>
  <member type="way" ref="289348773" role=""/>
  <member type="way" ref="289348780" role=""/>
  <member type="way" ref="289348769" role=""/>
  <member type="way" ref="289348772" role=""/>
  <member type="way" ref="535381133" role=""/>
  <member type="way" ref="535381132" role=""/>
  <member type="way" ref="289348757" role=""/>
  <member type="way" ref="42403292" role=""/>
  <member type="way" ref="289348828" role=""/>
  <member type="way" ref="710577832" role=""/>
  <member type="way" ref="710577833" role=""/>
  <member type="way" ref="1163757160" role=""/>
  <member type="way" ref="710577836" role=""/>
  <member type="way" ref="552730769" role=""/>
  <member type="way" ref="552730766" role=""/>
  <member type="way" ref="1315019735" role=""/>
  <member type="way" ref="361731287" role=""/>
  <member type="way" ref="1420856718" role=""/>
  <member type="way" ref="361731290" role=""/>
  <member type="way" ref="77178773" role=""/>
  <member type="way" ref="957733672" role=""/>
  <member type="way" ref="646777796" role=""/>
  <tag k="duration" v="01:12:00"/>
  <tag k="from" v="山口大学"/>
  <tag k="gtfs:route_id" v="2229846746"/>
  <tag k="gtfs:shape_id" v="40001099"/>
  <tag k="name" v="Bus: 山口大学→山口県庁前→ゆめタウン山口→防府駅"/>
  <tag k="network" v="防長線"/>
  <tag k="opening_hours" v="Mo-Fr 06:55-20:40; Sa-Su 06:55-19:42"/>
  <tag k="operator" v="中国ジェイアールバス"/>
  <tag k="operator:en" v="Chugoku JR Bus"/>
  <tag k="public_transport:version" v="2"/>
  <tag k="route" v="bus"/>
  <tag k="to" v="防府駅"/>
  <tag k="type" v="route"/>
  <tag k="via" v="山口県庁前;ゆめタウン山口"/>
 </relation>
 <relation id="15742102" visible="true" version="18" changeset="172594622" timestamp="2025-09-29T06:10:24Z" user="taketaketake" uid="4757277">
  <member type="node" ref="9412086570" role="platform"/>
  <member type="node" ref="9412086568" role="platform"/>
  <member type="node" ref="9412086566" role="platform"/>
  <member type="node" ref="9412086564" role="platform"/>
  <member type="node" ref="9412086562" role="platform"/>
  <member type="node" ref="9412086342" role="platform"/>
  <member type="node" ref="9412086340" role="platform"/>
  <member type="node" ref="9412086337" role="platform"/>
  <member type="node" ref="9412086339" role="platform"/>
  <member type="node" ref="9412086341" role="platform"/>
  <member type="node" ref="9412086560" role="platform"/>
  <member type="node" ref="9412086558" role="platform"/>
  <member type="node" ref="9412086556" role="platform"/>
  <member type="node" ref="9412086554" role="platform"/>
  <member type="node" ref="9412086552" role="platform"/>
  <member type="node" ref="9412086550" role="platform"/>
  <member type="node" ref="9412086548" role="platform"/>
  <member type="node" ref="9412086546" role="platform"/>
  <member type="node" ref="9412086544" role="platform"/>
  <member type="node" ref="9412086542" role="platform"/>
  <member type="node" ref="9412086540" role="platform"/>
  <member type="node" ref="9412086538" role="platform"/>
  <member type="node" ref="9412086536" role="platform"/>
  <member type="node" ref="9412086534" role="platform"/>
  <member type="node" ref="9412086346" role="platform"/>
  <member type="node" ref="9412086515" role="platform"/>
  <member type="node" ref="9412086532" role="platform"/>
  <member type="node" ref="9412086530" role="platform"/>
  <member type="node" ref="9412086513" role="platform"/>
  <member type="node" ref="9412086517" role="platform"/>
  <member type="node" ref="9412086518" role="platform"/>
  <member type="node" ref="9412086521" role="platform"/>
  <member type="node" ref="9412086522" role="platform"/>
  <member type="node" ref="9412086525" role="platform"/>
  <member type="node" ref="9412086527" role="platform"/>
  <member type="node" ref="9412086511" role="platform"/>
  <member type="node" ref="9412086509" role="platform"/>
  <member type="node" ref="9412086507" role="platform"/>
  <member type="node" ref="9412086505" role="platform"/>
  <member type="node" ref="9412086503" role="platform"/>
  <member type="node" ref="9412086500" role="platform"/>
  <member type="node" ref="9412086498" role="platform"/>
  <member type="node" ref="9412086496" role="platform"/>
  <member type="node" ref="9412086494" role="platform"/>
  <member type="node" ref="9412086493" role="platform"/>
  <member type="way" ref="357194915" role=""/>
  <member type="way" ref="357194913" role=""/>
  <member type="way" ref="957733672" role=""/>
  <member type="way" ref="77178773" role=""/>
  <member type="way" ref="361731290" role=""/>
  <member type="way" ref="1420856717" role=""/>
  <member type="way" ref="1122925019" role=""/>
  <member type="way" ref="361731281" role=""/>
  <member type="way" ref="361731282" role=""/>
  <member type="way" ref="361731280" role=""/>
  <member type="way" ref="119986970" role=""/>
  <member type="way" ref="710577835" role=""/>
  <member type="way" ref="1163757171" role=""/>
  <member type="way" ref="119986480" role=""/>
  <member type="way" ref="1163757168" role=""/>
  <member type="way" ref="1163757169" role=""/>
  <member type="way" ref="1163757168" role=""/>
  <member type="way" ref="119986480" role=""/>
  <member type="way" ref="710577834" role=""/>
  <member type="way" ref="710577831" role=""/>
  <member type="way" ref="710577830" role=""/>
  <member type="way" ref="119885470" role=""/>
  <member type="way" ref="119886915" role=""/>
  <member type="way" ref="535381131" role=""/>
  <member type="way" ref="535381134" role=""/>
  <member type="way" ref="289348800" role=""/>
  <member type="way" ref="289348803" role=""/>
  <member type="way" ref="289348808" role=""/>
  <member type="way" ref="289348798" role=""/>
  <member type="way" ref="289348809" role=""/>
  <member type="way" ref="1315033214" role=""/>
  <member type="way" ref="289348802" role=""/>
  <member type="way" ref="1420101860" role=""/>
  <member type="way" ref="289348826" role=""/>
  <member type="way" ref="119887013" role=""/>
  <member type="way" ref="552482886" role=""/>
  <member type="way" ref="546317412" role=""/>
  <member type="way" ref="119885290" role=""/>
  <member type="way" ref="119887419" role=""/>
  <member type="way" ref="1163757165" role=""/>
  <member type="way" ref="1163757164" role=""/>
  <member type="way" ref="119887419" role=""/>
  <member type="way" ref="119887566" role=""/>
  <member type="way" ref="119886474" role=""/>
  <member type="way" ref="119888061" role=""/>
  <member type="way" ref="119886880" role=""/>
  <member type="way" ref="119885817" role=""/>
  <member type="way" ref="957726378" role=""/>
  <member type="way" ref="119879058" role=""/>
  <member type="way" ref="1036697530" role=""/>
  <member type="way" ref="1036697526" role=""/>
  <member type="way" ref="1036697532" role=""/>
  <member type="way" ref="1394161504" role=""/>
  <member type="way" ref="1036697531" role=""/>
  <member type="way" ref="1163757161" role=""/>
  <member type="way" ref="1036697528" role=""/>
  <member type="way" ref="1036697526" role=""/>
  <member type="way" ref="119878523" role=""/>
  <member type="way" ref="517552886" role=""/>
  <member type="way" ref="119878656" role=""/>
  <member type="way" ref="1036697525" role=""/>
  <member type="way" ref="1036697534" role=""/>
  <member type="way" ref="1036697533" role=""/>
  <member type="way" ref="1036697512" role=""/>
  <member type="way" ref="1036697534" role=""/>
  <member type="way" ref="1036697525" role=""/>
  <member type="way" ref="119878656" role=""/>
  <member type="way" ref="1036697524" role=""/>
  <member type="way" ref="119879071" role=""/>
  <member type="way" ref="119887610" role=""/>
  <member type="way" ref="119888155" role=""/>
  <member type="way" ref="119879116" role=""/>
  <member type="way" ref="119879037" role=""/>
  <member type="way" ref="119885215" role=""/>
  <member type="way" ref="1161949597" role=""/>
  <member type="way" ref="1427055400" role=""/>
  <member type="way" ref="119885217" role=""/>
  <member type="way" ref="119888475" role=""/>
  <member type="way" ref="119887315" role=""/>
  <member type="way" ref="119886472" role=""/>
  <member type="way" ref="119885381" role=""/>
  <member type="way" ref="119887360" role=""/>
  <member type="way" ref="119887402" role=""/>
  <member type="way" ref="283108776" role=""/>
  <member type="way" ref="283108775" role=""/>
  <member type="way" ref="1163761251" role=""/>
  <member type="way" ref="1163761254" role=""/>
  <tag k="duration" v="01:19:00"/>
  <tag k="from" v="防府駅前"/>
  <tag k="gtfs:route_id" v="2229846746"/>
  <tag k="gtfs:shape_id" v="40001350"/>
  <tag k="name" v="Bus: 防府駅前→総合医療センター前→ゆめタウン山口→山口県庁前→山口大学"/>
  <tag k="network" v="防長線"/>
  <tag k="opening_hours" v="Mo-Fr 10:35-20:25; Sa-Su 10:35-20:22"/>
  <tag k="operator" v="中国ジェイアールバス"/>
  <tag k="operator:en" v="Chugoku JR Bus"/>
  <tag k="public_transport:version" v="2"/>
  <tag k="route" v="bus"/>
  <tag k="to" v="山口大学"/>
  <tag k="type" v="route"/>
  <tag k="via" v="総合医療センター前;ゆめタウン山口;山口県庁前"/>
 </relation>
 <relation id="15742103" visible="true" version="19" changeset="178047391" timestamp="2026-02-03T12:01:21Z" user="setowalker" uid="21720421">
  <member type="node" ref="9412086493" role="platform"/>
  <member type="node" ref="9412086492" role="platform"/>
  <member type="node" ref="9412086495" role="platform"/>
  <member type="node" ref="9412086497" role="platform"/>
  <member type="node" ref="9412086499" role="platform"/>
  <member type="node" ref="9412086502" role="platform"/>
  <member type="node" ref="9412086504" role="platform"/>
  <member type="node" ref="9412086506" role="platform"/>
  <member type="node" ref="9412086508" role="platform"/>
  <member type="node" ref="9412086510" role="platform"/>
  <member type="node" ref="9412086512" role="platform"/>
  <member type="node" ref="9412086528" role="platform"/>
  <member type="node" ref="9412086526" role="platform"/>
  <member type="node" ref="9412086523" role="platform"/>
  <member type="node" ref="9412086520" role="platform"/>
  <member type="node" ref="9412086519" role="platform"/>
  <member type="node" ref="9412086516" role="platform"/>
  <member type="node" ref="9412086514" role="platform"/>
  <member type="node" ref="9412086531" role="platform"/>
  <member type="node" ref="9412086533" role="platform"/>
  <member type="node" ref="9412086515" role="platform"/>
  <member type="node" ref="9412086535" role="platform"/>
  <member type="node" ref="9412086537" role="platform"/>
  <member type="node" ref="9412086539" role="platform"/>
  <member type="node" ref="9412086541" role="platform"/>
  <member type="node" ref="9412086543" role="platform"/>
  <member type="node" ref="9412086545" role="platform"/>
  <member type="node" ref="9412086547" role="platform"/>
  <member type="node" ref="9412086549" role="platform"/>
  <member type="node" ref="9412086551" role="platform"/>
  <member type="node" ref="9412086553" role="platform"/>
  <member type="node" ref="9412086555" role="platform"/>
  <member type="node" ref="9412086557" role="platform"/>
  <member type="node" ref="9412086559" role="platform"/>
  <member type="node" ref="9412086561" role="platform"/>
  <member type="node" ref="9412086342" role="platform"/>
  <member type="node" ref="9412086340" role="platform"/>
  <member type="node" ref="9412086338" role="platform"/>
  <member type="node" ref="9412086339" role="platform"/>
  <member type="node" ref="9412086341" role="platform"/>
  <member type="node" ref="9412086563" role="platform"/>
  <member type="node" ref="9412086565" role="platform"/>
  <member type="node" ref="9412086567" role="platform"/>
  <member type="node" ref="9412086569" role="platform"/>
  <member type="node" ref="9412086571" role="platform"/>
  <member type="way" ref="119885969" role=""/>
  <member type="way" ref="119887402" role=""/>
  <member type="way" ref="119887360" role=""/>
  <member type="way" ref="119885381" role=""/>
  <member type="way" ref="119886472" role=""/>
  <member type="way" ref="119887315" role=""/>
  <member type="way" ref="119888475" role=""/>
  <member type="way" ref="119885217" role=""/>
  <member type="way" ref="1427055400" role=""/>
  <member type="way" ref="1161949597" role=""/>
  <member type="way" ref="119885215" role=""/>
  <member type="way" ref="119879037" role=""/>
  <member type="way" ref="119879116" role=""/>
  <member type="way" ref="119888155" role=""/>
  <member type="way" ref="119887610" role=""/>
  <member type="way" ref="119879071" role=""/>
  <member type="way" ref="1036697511" role=""/>
  <member type="way" ref="1036697510" role=""/>
  <member type="way" ref="1036697514" role=""/>
  <member type="way" ref="1036697512" role=""/>
  <member type="way" ref="1036697534" role=""/>
  <member type="way" ref="1036697525" role=""/>
  <member type="way" ref="119878656" role=""/>
  <member type="way" ref="119878549" role=""/>
  <member type="way" ref="119878523" role=""/>
  <member type="way" ref="1036697526" role=""/>
  <member type="way" ref="1036697532" role=""/>
  <member type="way" ref="1394161504" role=""/>
  <member type="way" ref="1036697531" role=""/>
  <member type="way" ref="1036697527" role=""/>
  <member type="way" ref="119879058" role=""/>
  <member type="way" ref="957726378" role=""/>
  <member type="way" ref="119885817" role=""/>
  <member type="way" ref="119886880" role=""/>
  <member type="way" ref="119888061" role=""/>
  <member type="way" ref="119886474" role=""/>
  <member type="way" ref="119887566" role=""/>
  <member type="way" ref="119887419" role=""/>
  <member type="way" ref="1163757165" role=""/>
  <member type="way" ref="1163757164" role=""/>
  <member type="way" ref="119887419" role=""/>
  <member type="way" ref="119885290" role=""/>
  <member type="way" ref="546317412" role=""/>
  <member type="way" ref="407829907" role=""/>
  <member type="way" ref="1473855298" role=""/>
  <member type="way" ref="1473855299" role=""/>
  <member type="way" ref="139849495" role=""/>
  <member type="way" ref="1420101861" role=""/>
  <member type="way" ref="1315033215" role=""/>
  <member type="way" ref="289348758" role=""/>
  <member type="way" ref="289348773" role=""/>
  <member type="way" ref="289348780" role=""/>
  <member type="way" ref="289348769" role=""/>
  <member type="way" ref="289348772" role=""/>
  <member type="way" ref="535381133" role=""/>
  <member type="way" ref="535381132" role=""/>
  <member type="way" ref="289348757" role=""/>
  <member type="way" ref="42403292" role=""/>
  <member type="way" ref="289348828" role=""/>
  <member type="way" ref="710577832" role=""/>
  <member type="way" ref="710577833" role=""/>
  <member type="way" ref="119990501" role=""/>
  <member type="way" ref="119986480" role=""/>
  <member type="way" ref="1163757168" role=""/>
  <member type="way" ref="1163757169" role=""/>
  <member type="way" ref="1163757168" role=""/>
  <member type="way" ref="119986480" role=""/>
  <member type="way" ref="119990501" role=""/>
  <member type="way" ref="1163757160" role=""/>
  <member type="way" ref="710577836" role=""/>
  <member type="way" ref="552730769" role=""/>
  <member type="way" ref="552730766" role=""/>
  <member type="way" ref="1315019735" role=""/>
  <member type="way" ref="361731287" role=""/>
  <member type="way" ref="1420856718" role=""/>
  <member type="way" ref="361731290" role=""/>
  <member type="way" ref="77178773" role=""/>
  <member type="way" ref="957733672" role=""/>
  <member type="way" ref="646777796" role=""/>
  <tag k="duration" v="01:13:00"/>
  <tag k="from" v="山口大学"/>
  <tag k="gtfs:route_id" v="2229846746"/>
  <tag k="gtfs:shape_id" v="40001359"/>
  <tag k="name" v="Bus: 山口大学→山口県庁前→ゆめタウン山口→総合医療センター前→防府駅"/>
  <tag k="network" v="防長線"/>
  <tag k="opening_hours" v="Mo-Fr 10:35-20:25; Sa-Su 08:15-10:15"/>
  <tag k="operator" v="中国ジェイアールバス"/>
  <tag k="operator:en" v="Chugoku JR Bus"/>
  <tag k="public_transport:version" v="2"/>
  <tag k="route" v="bus"/>
  <tag k="to" v="防府駅"/>
  <tag k="type" v="route"/>
  <tag k="via" v="山口県庁前;ゆめタウン山口;総合医療センター前"/>
 </relation>
 <relation id="15742104" visible="true" version="1" changeset="135081958" timestamp="2023-04-19T01:53:23Z" user="okadatsuneo_import" uid="12352917">
  <member type="relation" ref="15742103" role=""/>
  <member type="relation" ref="15742102" role=""/>
  <member type="relation" ref="15742101" role=""/>
  <member type="relation" ref="15742100" role=""/>
  <member type="relation" ref="15742099" role=""/>
  <member type="relation" ref="15742098" role=""/>
  <member type="relation" ref="15742097" role=""/>
  <member type="relation" ref="15742096" role=""/>
  <tag k="name" v="Bus: 防府駅前&lt;-&gt;山口大学"/>
  <tag k="network" v="防長線"/>
  <tag k="operator" v="中国ジェイアールバス"/>
  <tag k="operator:en" v="Chugoku JR Bus"/>
  <tag k="route_master" v="bus"/>
  <tag k="type" v="route_master"/>
 </relation>
 <relation id="15742105" visible="true" version="1" changeset="135081958" timestamp="2023-04-19T01:53:23Z" user="okadatsuneo_import" uid="12352917">
  <member type="relation" ref="15742095" role=""/>
  <member type="relation" ref="15742094" role=""/>
  <member type="relation" ref="15742093" role=""/>
  <tag k="name" v="Bus: 防府駅前&lt;-&gt;山口駅"/>
  <tag k="network" v="防長線"/>
  <tag k="operator" v="中国ジェイアールバス"/>
  <tag k="operator:en" v="Chugoku JR Bus"/>
  <tag k="route_master" v="bus"/>
  <tag k="type" v="route_master"/>
 </relation>
 <relation id="16393024" visible="true" version="1" changeset="141870883" timestamp="2023-09-28T15:58:35Z" user="FallingPeppers" uid="19745387">
  <member type="node" ref="9218352752" role="label"/>
  <member type="way" ref="1211506214" role="outer"/>
  <member type="way" ref="1211616687" role="outer"/>
  <member type="way" ref="1211616690" role="outer"/>
  <member type="way" ref="1211608503" role="outer"/>
  <member type="way" ref="1211616693" role="outer"/>
  <member type="way" ref="1211616689" role="outer"/>
  <tag k="admin_level" v="10"/>
  <tag k="boundary" v="administrative"/>
  <tag k="name" v="道場門前２"/>
  <tag k="name:en" v="Dojomonzen 2"/>
  <tag k="type" v="boundary"/>
 </relation>
 <relation id="16393026" visible="true" version="1" changeset="141870883" timestamp="2023-09-28T15:58:35Z" user="FallingPeppers" uid="19745387">
  <member type="way" ref="1211506216" role="outer"/>
  <member type="way" ref="1211506212" role="outer"/>
  <member type="way" ref="1211506214" role="outer"/>
  <member type="way" ref="1211616687" role="outer"/>
  <member type="way" ref="1211616690" role="outer"/>
  <member type="way" ref="1211608503" role="outer"/>
  <member type="way" ref="1211616693" role="outer"/>
  <member type="way" ref="1211608502" role="outer"/>
  <member type="way" ref="1211506219" role="outer"/>
  <member type="relation" ref="16393025" role="subarea"/>
  <member type="relation" ref="16393024" role="subarea"/>
  <tag k="admin_level" v="9"/>
  <tag k="boundary" v="administrative"/>
  <tag k="name" v="道場門前"/>
  <tag k="name:en" v="Dojomonzen"/>
  <tag k="type" v="boundary"/>
 </relation>
 <relation id="16393028" visible="true" version="1" changeset="141870883" timestamp="2023-09-28T15:58:35Z" user="FallingPeppers" uid="19745387">
  <member type="way" ref="1211616690" role="outer"/>
  <member type="way" ref="1211608498" role="outer"/>
  <member type="way" ref="1211616688" role="outer"/>
  <member type="way" ref="1211608499" role="outer"/>
  <member type="node" ref="9218352824" role="label"/>
  <tag k="admin_level" v="10"/>
  <tag k="boundary" v="administrative"/>
  <tag k="name" v="駅通り１"/>
  <tag k="name:en" v="Ekidori 1"/>
  <tag k="type" v="boundary"/>
 </relation>
 <relation id="16393029" visible="true" version="1" changeset="141870883" timestamp="2023-09-28T15:58:35Z" user="FallingPeppers" uid="19745387">
  <member type="way" ref="1211616692" role="outer"/>
  <member type="way" ref="1211608503" role="outer"/>
  <member type="way" ref="1211608499" role="outer"/>
  <member type="way" ref="1211616691" role="outer"/>
  <member type="way" ref="1211616695" role="outer"/>
  <member type="node" ref="9218352823" role="label"/>
  <tag k="admin_level" v="10"/>
  <tag k="boundary" v="administrative"/>
  <tag k="name" v="駅通り２"/>
  <tag k="name:en" v="Ekidori 2"/>
  <tag k="type" v="boundary"/>
 </relation>
 <relation id="16393030" visible="true" version="1" changeset="141870883" timestamp="2023-09-28T15:58:35Z" user="FallingPeppers" uid="19745387">
  <member type="way" ref="1211616692" role="outer"/>
  <member type="way" ref="1211608503" role="outer"/>
  <member type="way" ref="1211616690" role="outer"/>
  <member type="way" ref="1211608498" role="outer"/>
  <member type="way" ref="1211616688" role="outer"/>
  <member type="way" ref="1211616691" role="outer"/>
  <member type="way" ref="1211616695" role="outer"/>
  <member type="relation" ref="16393028" role="subarea"/>
  <member type="relation" ref="16393029" role="subarea"/>
  <tag k="admin_level" v="9"/>
  <tag k="boundary" v="administrative"/>
  <tag k="name" v="駅通り"/>
  <tag k="name:en" v="Ekidori"/>
  <tag k="type" v="boundary"/>
 </relation>
 <relation id="16393037" visible="true" version="1" changeset="141870883" timestamp="2023-09-28T15:58:35Z" user="FallingPeppers" uid="19745387">
  <member type="way" ref="1211616695" role="outer"/>
  <member type="way" ref="1211616714" role="outer"/>
  <member type="way" ref="1211616694" role="outer"/>
  <member type="way" ref="1211616697" role="outer"/>
  <member type="node" ref="9218352740" role="label"/>
  <tag k="admin_level" v="10"/>
  <tag k="boundary" v="administrative"/>
  <tag k="name" v="東山１"/>
  <tag k="name:en" v="Higashiyama 1"/>
  <tag k="type" v="boundary"/>
 </relation>
 <relation id="16393039" visible="true" version="1" changeset="141870883" timestamp="2023-09-28T15:58:35Z" user="FallingPeppers" uid="19745387">
  <member type="way" ref="1211616702" role="outer"/>
  <member type="way" ref="1211616706" role="outer"/>
  <member type="way" ref="1211616707" role="outer"/>
  <member type="way" ref="1211616715" role="outer"/>
  <member type="way" ref="1211616714" role="outer"/>
  <member type="way" ref="1211616695" role="outer"/>
  <member type="way" ref="1211616697" role="outer"/>
  <member type="relation" ref="16393037" role="subarea"/>
  <member type="relation" ref="16393038" role="subarea"/>
  <tag k="admin_level" v="9"/>
  <tag k="boundary" v="administrative"/>
  <tag k="name" v="東山"/>
  <tag k="name:en" v="Higashiyama"/>
  <tag k="type" v="boundary"/>
 </relation>
 <relation id="16393045" visible="true" version="2" changeset="179519431" timestamp="2026-03-08T06:05:24Z" user="FallingPeppers" uid="19745387">
  <member type="way" ref="1211502020" role="outer"/>
  <member type="way" ref="1211608477" role="outer"/>
  <member type="way" ref="1211616686" role="outer"/>
  <member type="way" ref="1211616688" role="outer"/>
  <member type="way" ref="1211616691" role="outer"/>
  <member type="way" ref="1211616714" role="outer"/>
  <member type="way" ref="1211616715" role="outer"/>
  <member type="way" ref="1211616723" role="outer"/>
  <member type="way" ref="1211608478" role="outer"/>
  <member type="node" ref="7637351440" role="label"/>
  <tag k="admin_level" v="10"/>
  <tag k="boundary" v="administrative"/>
  <tag k="name" v="惣太夫町"/>
  <tag k="name:en" v="Sodayucho"/>
  <tag k="type" v="boundary"/>
 </relation>
 <relation id="19563127" visible="true" version="1" changeset="171431260" timestamp="2025-09-04T02:44:01Z" user="taketaketake" uid="4757277">
  <member type="way" ref="119878523" role=""/>
  <member type="way" ref="1036697530" role=""/>
  <member type="way" ref="119879058" role=""/>
  <member type="way" ref="957726378" role=""/>
  <member type="way" ref="119885817" role=""/>
  <member type="way" ref="119886880" role=""/>
  <member type="way" ref="119888061" role=""/>
  <member type="way" ref="119886474" role=""/>
  <member type="way" ref="119887566" role=""/>
  <member type="way" ref="119885290" role=""/>
  <member type="way" ref="119885264" role=""/>
  <member type="way" ref="119887670" role=""/>
  <member type="way" ref="119886894" role=""/>
  <member type="way" ref="119888295" role=""/>
  <member type="way" ref="119887059" role=""/>
  <member type="way" ref="119885221" role=""/>
  <member type="way" ref="1427012739" role=""/>
  <member type="way" ref="119885514" role=""/>
  <member type="way" ref="517802741" role=""/>
  <member type="way" ref="517802742" role=""/>
  <member type="way" ref="517802743" role=""/>
  <member type="way" ref="119886309" role=""/>
  <member type="way" ref="119976929" role=""/>
  <member type="way" ref="119973367" role=""/>
  <member type="way" ref="1427012742" role=""/>
  <member type="way" ref="119976926" role=""/>
  <member type="way" ref="119973278" role=""/>
  <member type="way" ref="1126494020" role=""/>
  <member type="way" ref="119973460" role=""/>
  <tag k="from" v="山口県山口市中央1丁目"/>
  <tag k="name" v="山口県道194号　山口秋穂線"/>
  <tag k="name:en" v="Yamaguchi Prefectural Route 194 Yamaguchi Aio Line"/>
  <tag k="name:ja" v="山口県道194号　山口秋穂線"/>
  <tag k="name:ja-Hira" v="やまぐちけんどう194ごう やまぐちあいおせん"/>
  <tag k="name:ja_rm" v="Yamaguchikendō 194-gō Yamaguchi Aio-sen"/>
  <tag k="network" v="JP:prefectural"/>
  <tag k="ref" v="194"/>
  <tag k="route" v="road"/>
  <tag k="to" v="山口県山口市秋穂東"/>
  <tag k="type" v="route"/>
  <tag k="wikidata" v="Q11467183"/>
  <tag k="wikipedia" v="ja:山口県道194号山口秋穂線"/>
 </relation>
 <relation id="19563607" visible="true" version="2" changeset="188021867" timestamp="2026-08-26T04:45:46Z" user="taketaketake" uid="4757277">
  <member type="way" ref="312559067" role=""/>
  <member type="way" ref="119878948" role=""/>
  <member type="way" ref="312550812" role=""/>
  <member type="way" ref="119878750" role=""/>
  <member type="way" ref="1315871702" role=""/>
  <member type="way" ref="1315871701" role=""/>
  <member type="way" ref="1427039461" role=""/>
  <member type="way" ref="1427039462" role=""/>
  <member type="way" ref="119878546" role=""/>
  <member type="way" ref="957723983" role=""/>
  <member type="way" ref="312670435" role=""/>
  <member type="way" ref="1315871700" role=""/>
  <member type="way" ref="1315871699" role=""/>
  <member type="way" ref="1427039466" role="forward"/>
  <member type="way" ref="420062142" role="forward"/>
  <member type="way" ref="420062143" role="forward"/>
  <member type="way" ref="1427039465" role="forward"/>
  <member type="way" ref="289348763" role="forward"/>
  <member type="way" ref="119878876" role="forward"/>
  <member type="way" ref="119878625" role=""/>
  <member type="way" ref="119878749" role=""/>
  <member type="way" ref="1012152080" role=""/>
  <member type="way" ref="1012152079" role=""/>
  <member type="way" ref="957724340" role=""/>
  <member type="way" ref="119878822" role=""/>
  <member type="way" ref="119878726" role=""/>
  <member type="way" ref="119878988" role=""/>
  <member type="way" ref="119878475" role=""/>
  <member type="way" ref="119878944" role=""/>
  <tag k="colour" v="Yellow"/>
  <tag k="from" v="山口県山口市宮野上"/>
  <tag k="name" v="山口県道201号　宮野上山口停車場線"/>
  <tag k="name:en" v="Yamaguchi Prefectural Route 201 Miyanokami Yamaguchi Station Line"/>
  <tag k="name:ja" v="山口県道201号　宮野上山口停車場線"/>
  <tag k="name:ja-Hira" v="やまぐちけんどう201ごう みやのかみやまぐちていしゃじょうせん"/>
  <tag k="name:ja_rm" v="Yamaguchikendō 201-gō Miyanokami Yamaguchi Teishajō-sen"/>
  <tag k="network" v="JP:prefectural"/>
  <tag k="ref" v="201"/>
  <tag k="route" v="road"/>
  <tag k="to" v="山口県山口市駅通り2丁目（山口駅）"/>
  <tag k="type" v="route"/>
  <tag k="wikidata" v="Q11467189"/>
  <tag k="wikipedia" v="ja:山口県道201号宮野上山口停車場線"/>
 </relation>
 <relation id="19564031" visible="true" version="1" changeset="171439789" timestamp="2025-09-04T08:17:15Z" user="taketaketake" uid="4757277">
  <member type="way" ref="119878523" role=""/>
  <tag k="from" v="山口県山口市駅通り2丁目（山口駅）"/>
  <tag k="name" v="山口県道205号　山口停車場線"/>
  <tag k="name:en" v="Yamaguchi Prefectural Route 205 Yamaguchi Station Line"/>
  <tag k="name:ja" v="山口県道205号　山口停車場線"/>
  <tag k="name:ja-Hira" v="やまぐちけんどう205ごう やまぐちていしゃじょうせん"/>
  <tag k="name:ja_rm" v="Yamaguchikendō 205-gō Yamaguchi Teishajō-sen"/>
  <tag k="network" v="JP:prefectural"/>
  <tag k="ref" v="205"/>
  <tag k="route" v="road"/>
  <tag k="to" v="山口県山口市中央1丁目"/>
  <tag k="type" v="route"/>
  <tag k="wikidata" v="Q11467195"/>
  <tag k="wikipedia" v="ja:山口県道205号山口停車場線"/>
 </relation>
</osm>
