<?xml version="1.0" encoding="UTF-8"?>
<osm version="0.6" generator="openstreetmap-cgimap 2.1.0 (2942786 spike-08.openstreetmap.org)" copyright="OpenStreetMap and contributors" attribution="http://www.openstreetmap.org/copyright" license="http://opendatacommons.org/licenses/odbl/1-0/">
 <bounds minlat="34.1742308" minlon="131.4711748" maxlat="34.1766308" maxlon="131.4741748"/>
 <node id="748904100" visible="true" version="6" changeset="77581660" timestamp="2019-11-26T14:33:22Z" user="hibagonsan" uid="5939709" lat="34.1755281" lon="131.4711712"/>
 <node id="748922776" visible="true" version="3" changeset="79769512" timestamp="2020-01-20T01:17:29Z" user="hibagonsan" uid="5939709" lat="34.1786632" lon="131.4688529"/>
 <node id="748960521" visible="true" version="1" changeset="4813224" timestamp="2010-05-26T14:04:49Z" user="Tom_G3X" uid="146930" lat="34.1782450" lon="131.4693690"/>
 <node id="748986420" visible="true" version="5" changeset="77581660" timestamp="2019-11-26T14:33:22Z" user="hibagonsan" uid="5939709" lat="34.1757575" lon="131.4711253"/>
 <node id="749023817" visible="true" version="3" changeset="79771836" timestamp="2020-01-20T02:56:44Z" user="hibagonsan" uid="5939709" lat="34.1771817" lon="131.4697625"/>
 <node id="749076079" visible="true" version="5" changeset="77581660" timestamp="2019-11-26T14:33:22Z" user="hibagonsan" uid="5939709" lat="34.1756932" lon="131.4711968"/>
 <node id="749099822" visible="true" version="2" changeset="23998347" timestamp="2014-07-07T07:24:47Z" user="mklyr" uid="614924" lat="34.1798461" lon="131.4706298"/>
 <node id="749126712" visible="true" version="2" changeset="79769512" timestamp="2020-01-20T01:17:29Z" user="hibagonsan" uid="5939709" lat="34.1780333" lon="131.4694903"/>
 <node id="749163514" visible="true" version="3" changeset="79769512" timestamp="2020-01-20T01:17:29Z" user="hibagonsan" uid="5939709" lat="34.1783206" lon="131.4691346"/>
 <node id="749236066" visible="true" version="2" changeset="16428601" timestamp="2013-06-05T08:08:50Z" user="mklyr" uid="614924" lat="34.1777704" lon="131.4697053"/>
 <node id="749303222" visible="true" version="3" changeset="79769512" timestamp="2020-01-20T01:17:29Z" user="hibagonsan" uid="5939709" lat="34.1785174" lon="131.4688198"/>
 <node id="749347873" visible="true" version="2" changeset="79769512" timestamp="2020-01-20T01:17:29Z" user="hibagonsan" uid="5939709" lat="34.1782228" lon="131.4693964"/>
 <node id="749388169" visible="true" version="3" changeset="79769512" timestamp="2020-01-20T01:17:29Z" user="hibagonsan" uid="5939709" lat="34.1784511" lon="131.4688596"/>
 <node id="749418356" visible="true" version="3" changeset="79771836" timestamp="2020-01-20T02:56:44Z" user="hibagonsan" uid="5939709" lat="34.1770192" lon="131.4697404"/>
 <node id="749513033" visible="true" version="5" changeset="77581660" timestamp="2019-11-26T14:33:22Z" user="hibagonsan" uid="5939709" lat="34.1756481" lon="131.4712288"/>
 <node id="749558538" visible="true" version="2" changeset="23998347" timestamp="2014-07-07T07:24:48Z" user="mklyr" uid="614924" lat="34.1794485" lon="131.4699502"/>
 <node id="749614250" visible="true" version="3" changeset="79769512" timestamp="2020-01-20T01:17:29Z" user="hibagonsan" uid="5939709" lat="34.1783009" lon="131.4692257"/>
 <node id="749703366" visible="true" version="2" changeset="16428601" timestamp="2013-06-05T08:08:50Z" user="mklyr" uid="614924" lat="34.1776260" lon="131.4697647"/>
 <node id="749794613" visible="true" version="2" changeset="23998347" timestamp="2014-07-07T07:24:48Z" user="mklyr" uid="614924" lat="34.1799293" lon="131.4707529"/>
 <node id="749805845" visible="true" version="2" changeset="79769512" timestamp="2020-01-20T01:17:29Z" user="hibagonsan" uid="5939709" lat="34.1781484" lon="131.4694494"/>
 <node id="749819174" visible="true" version="3" changeset="79769512" timestamp="2020-01-20T01:17:29Z" user="hibagonsan" uid="5939709" lat="34.1783806" lon="131.4689174"/>
 <node id="749854421" visible="true" version="3" changeset="79771836" timestamp="2020-01-20T02:56:44Z" user="hibagonsan" uid="5939709" lat="34.1769704" lon="131.4697825"/>
 <node id="1345449267" visible="true" version="6" changeset="33478358" timestamp="2015-08-21T08:51:08Z" user="higa4" uid="162590" lat="34.1771175" lon="131.4730830"/>
 <node id="1345450223" visible="true" version="6" changeset="56405920" timestamp="2018-02-16T07:59:49Z" user="mklyr" uid="614924" lat="34.1763338" lon="131.4737203">
  <tag k="highway" v="traffic_signals"/>
  <tag k="name" v="市民会館前"/>
 </node>
 <node id="1345450423" visible="true" version="4" changeset="33478833" timestamp="2015-08-21T09:21:03Z" user="higa4" uid="162590" lat="34.1762173" lon="131.4738022"/>
 <node id="1345450741" visible="true" version="6" changeset="60364286" timestamp="2018-07-03T04:35:26Z" user="hibagonsan" uid="5939709" lat="34.1774144" lon="131.4754363">
  <tag k="highway" v="traffic_signals"/>
  <tag k="name" v="早間田"/>
 </node>
 <node id="1345451374" visible="true" version="5" changeset="33498228" timestamp="2015-08-22T04:00:12Z" user="higa4" uid="162590" lat="34.1757791" lon="131.4741979"/>
 <node id="1345516205" visible="true" version="4" changeset="51190677" timestamp="2017-08-17T01:12:28Z" user="hibagonsan" uid="5939709" lat="34.1763525" lon="131.4721580"/>
 <node id="1345516934" visible="true" version="6" changeset="148150632" timestamp="2024-03-03T00:21:54Z" user="paopao234" uid="8303738" lat="34.1686963" lon="131.4637278"/>
 <node id="1345517064" visible="true" version="3" changeset="26404144" timestamp="2014-10-29T03:16:14Z" user="mklyr" uid="614924" lat="34.1751941" lon="131.4707595"/>
 <node id="1345517878" visible="true" version="4" changeset="71840914" timestamp="2019-07-03T00:28:59Z" user="hibagonsan" uid="5939709" lat="34.1747445" lon="131.4740683"/>
 <node id="1345518090" visible="true" version="3" changeset="56405920" timestamp="2018-02-16T07:59:50Z" user="mklyr" uid="614924" lat="34.1752722" lon="131.4742627"/>
 <node id="1345519006" visible="true" version="3" changeset="26404144" timestamp="2014-10-29T03:16:14Z" user="mklyr" uid="614924" lat="34.1760302" lon="131.4732209"/>
 <node id="1345519129" visible="true" version="4" changeset="71840914" timestamp="2019-07-03T00:28:59Z" user="hibagonsan" uid="5939709" lat="34.1746715" lon="131.4741135"/>
 <node id="1345519464" visible="true" version="3" changeset="167486642" timestamp="2025-06-11T11:22:27Z" user="AlexM51" uid="174705" lat="34.1721433" lon="131.4692389">
  <tag k="bus" v="yes"/>
  <tag k="gtfs:stop_id" v="60032 1"/>
  <tag k="name" v="商工会館前"/>
  <tag k="name:ja" v="商工会館前"/>
  <tag k="name:ja-Hira" v="しょうこうかいかんまえ"/>
  <tag k="name:ja-Latn" v="Shoukoukaikan-mae"/>
  <tag k="operator" v="中国ジェイアールバス"/>
  <tag k="operator:en" v="Chugoku JR Bus"/>
  <tag k="public_transport" v="stop_position"/>
 </node>
 <node id="1345519973" visible="true" version="5" changeset="56405920" timestamp="2018-02-16T07:59:50Z" user="mklyr" uid="614924" lat="34.1750386" lon="131.4722513">
  <tag k="highway" v="traffic_signals"/>
 </node>
 <node id="1345520106" visible="true" version="3" changeset="26404144" timestamp="2014-10-29T03:16:14Z" user="mklyr" uid="614924" lat="34.1758638" lon="131.4730015"/>
 <node id="1345521046" visible="true" version="4" changeset="71840914" timestamp="2019-07-03T00:28:59Z" user="hibagonsan" uid="5939709" lat="34.1749165" lon="131.4744323"/>
 <node id="1345521174" visible="true" version="4" changeset="56405920" timestamp="2018-02-16T07:59:51Z" user="mklyr" uid="614924" lat="34.1743596" lon="131.4715984"/>
 <node id="1345521571" visible="true" version="7" changeset="148150632" timestamp="2024-03-03T00:21:54Z" user="paopao234" uid="8303738" lat="34.1712537" lon="131.4679575">
  <tag k="highway" v="traffic_signals"/>
  <tag k="name" v="済生会病院前"/>
 </node>
 <node id="1345522323" visible="true" version="4" changeset="56405920" timestamp="2018-02-16T07:59:51Z" user="mklyr" uid="614924" lat="34.1741112" lon="131.4732570"/>
 <node id="1345522926" visible="true" version="6" changeset="51190677" timestamp="2017-08-17T01:12:28Z" user="hibagonsan" uid="5939709" lat="34.1757893" lon="131.4714537"/>
 <node id="1345523647" visible="true" version="6" changeset="56405920" timestamp="2018-02-16T07:59:51Z" user="mklyr" uid="614924" lat="34.1728227" lon="131.4701041"/>
 <node id="1345523815" visible="true" version="10" changeset="148150632" timestamp="2024-03-03T00:21:54Z" user="paopao234" uid="8303738" lat="34.1688840" lon="131.4640538">
  <tag k="highway" v="traffic_signals"/>
  <tag k="name" v="泉都町"/>
 </node>
 <node id="1345524142" visible="true" version="5" changeset="56405920" timestamp="2018-02-16T07:59:51Z" user="mklyr" uid="614924" lat="34.1726366" lon="131.4747772"/>
 <node id="1345524423" visible="true" version="2" changeset="51190677" timestamp="2017-08-17T01:12:28Z" user="hibagonsan" uid="5939709" lat="34.1772140" lon="131.4699343"/>
 <node id="1345524591" visible="true" version="3" changeset="26404144" timestamp="2014-10-29T03:16:14Z" user="mklyr" uid="614924" lat="34.1755500" lon="131.4712274"/>
 <node id="1345525201" visible="true" version="4" changeset="56405920" timestamp="2018-02-16T07:59:51Z" user="mklyr" uid="614924" lat="34.1734630" lon="131.4739097"/>
 <node id="1345525633" visible="true" version="10" changeset="77758608" timestamp="2019-11-30T14:01:49Z" user="hibagonsan" uid="5939709" lat="34.1737847" lon="131.4710740">
  <tag k="highway" v="traffic_signals"/>
  <tag k="name" v="中央"/>
 </node>
 <node id="1345525639" visible="true" version="5" changeset="56405920" timestamp="2018-02-16T07:59:51Z" user="mklyr" uid="614924" lat="34.1741665" lon="131.4731935"/>
 <node id="1345525655" visible="true" version="4" changeset="56405920" timestamp="2018-02-16T07:59:51Z" user="mklyr" uid="614924" lat="34.1756531" lon="131.4741746"/>
 <node id="1345527018" visible="true" version="3" changeset="79769512" timestamp="2020-01-20T01:17:29Z" user="hibagonsan" uid="5939709" lat="34.1776858" lon="131.4706290"/>
 <node id="1345527260" visible="true" version="4" changeset="77581660" timestamp="2019-11-26T14:33:22Z" user="hibagonsan" uid="5939709" lat="34.1754173" lon="131.4710938"/>
 <node id="1345528306" visible="true" version="5" changeset="56405920" timestamp="2018-02-16T07:59:52Z" user="mklyr" uid="614924" lat="34.1725395" lon="131.4697623"/>
 <node id="1345528691" visible="true" version="8" changeset="180148595" timestamp="2026-03-20T09:12:12Z" user="Mozkun" uid="2651887" lat="34.1665616" lon="131.4601789">
  <tag k="highway" v="traffic_signals"/>
  <tag k="name" v="湯田温泉一丁目"/>
  <tag k="name:en" v="Yudaonsen 1-chome"/>
  <tag k="source" v="survey"/>
 </node>
 <node id="1345529396" visible="true" version="3" changeset="33478499" timestamp="2015-08-21T08:59:52Z" user="higa4" uid="162590" lat="34.1768438" lon="131.4727423"/>
 <node id="1345530123" visible="true" version="3" changeset="33498228" timestamp="2015-08-22T04:00:12Z" user="higa4" uid="162590" lat="34.1754585" lon="131.4741898"/>
 <node id="1423655402" visible="true" version="2" changeset="184668033" timestamp="2026-06-26T21:13:45Z" user="gc27" uid="7130304" lat="34.1749150" lon="131.4713190">
  <tag k="amenity" v="kindergarten"/>
  <tag k="KSJ2:AdminArea" v="山口県山口市"/>
  <tag k="KSJ2:ADS" v="中央4-2-2"/>
  <tag k="name" v="山口中央幼稚園"/>
  <tag k="note" v="National-Land Numerical Information (Public Facility) 2006, MLIT Japan"/>
  <tag k="note:ja" v="国土数値情報（公共施設データ）平成19年　国土交通省"/>
  <tag k="operator:type" v="private"/>
  <tag k="source" v="KSJ2"/>
  <tag k="source_ref" v="http://nlftp.mlit.go.jp/ksj/jpgis/datalist/KsjTmplt-P02-v2_0.html"/>
 </node>
 <node id="1423655950" visible="true" version="2" changeset="33478833" timestamp="2015-08-21T09:21:03Z" user="higa4" uid="162590" lat="34.1761297" lon="131.4741643">
  <tag k="amenity" v="hospital"/>
  <tag k="name" v="山口逓信診療所"/>
  <tag k="note" v="National-Land Numerical Information (Public Facility) 2006, MLIT Japan"/>
  <tag k="note:ja" v="国土数値情報（公共施設データ）平成19年　国土交通省"/>
  <tag k="source" v="KSJ2"/>
  <tag k="source_ref" v="http://nlftp.mlit.go.jp/ksj/jpgis/datalist/KsjTmplt-P02-v2_0.html"/>
 </node>
 <node id="1423657323" visible="true" version="2" changeset="88538910" timestamp="2020-07-27T04:00:00Z" user="higa4" uid="162590" lat="34.1777243" lon="131.4707588"/>
 <node id="1999675065" visible="true" version="5" changeset="56405920" timestamp="2018-02-16T07:59:52Z" user="mklyr" uid="614924" lat="34.1732386" lon="131.4705281"/>
 <node id="2332795760" visible="true" version="2" changeset="79771836" timestamp="2020-01-20T02:56:44Z" user="hibagonsan" uid="5939709" lat="34.1771150" lon="131.4697280"/>
 <node id="2332795761" visible="true" version="2" changeset="79771836" timestamp="2020-01-20T02:56:44Z" user="hibagonsan" uid="5939709" lat="34.1772884" lon="131.4697845"/>
 <node id="2332795762" visible="true" version="2" changeset="79771836" timestamp="2020-01-20T02:56:44Z" user="hibagonsan" uid="5939709" lat="34.1774132" lon="131.4697882"/>
 <node id="2332795763" visible="true" version="1" changeset="16428601" timestamp="2013-06-05T08:08:20Z" user="mklyr" uid="614924" lat="34.1777161" lon="131.4697439"/>
 <node id="2952052102" visible="true" version="1" changeset="23998347" timestamp="2014-07-07T07:24:13Z" user="mklyr" uid="614924" lat="34.1756374" lon="131.4712708"/>
 <node id="2952052103" visible="true" version="1" changeset="23998347" timestamp="2014-07-07T07:24:13Z" user="mklyr" uid="614924" lat="34.1756975" lon="131.4713337"/>
 <node id="2952052128" visible="true" version="2" changeset="51190677" timestamp="2017-08-17T01:12:28Z" user="hibagonsan" uid="5939709" lat="34.1777664" lon="131.4707513"/>
 <node id="2952052343" visible="true" version="2" changeset="79769512" timestamp="2020-01-20T01:17:29Z" user="hibagonsan" uid="5939709" lat="34.1783552" lon="131.4689978"/>
 <node id="2952052346" visible="true" version="2" changeset="79769512" timestamp="2020-01-20T01:17:29Z" user="hibagonsan" uid="5939709" lat="34.1785984" lon="131.4688178"/>
 <node id="2952052348" visible="true" version="1" changeset="23998347" timestamp="2014-07-07T07:24:14Z" user="mklyr" uid="614924" lat="34.1790864" lon="131.4694684"/>
 <node id="2952052352" visible="true" version="2" changeset="79771836" timestamp="2020-01-20T02:56:44Z" user="hibagonsan" uid="5939709" lat="34.1800414" lon="131.4708447"/>
 <node id="2952052353" visible="true" version="2" changeset="79771836" timestamp="2020-01-20T02:56:44Z" user="hibagonsan" uid="5939709" lat="34.1800960" lon="131.4709024"/>
 <node id="3223114287" visible="true" version="4" changeset="56405920" timestamp="2018-02-16T07:59:53Z" user="mklyr" uid="614924" lat="34.1682237" lon="131.4629168"/>
 <node id="3223114298" visible="true" version="2" changeset="39214500" timestamp="2016-05-10T12:01:59Z" user="mklyr" uid="614924" lat="34.1673125" lon="131.4614208"/>
 <node id="3318349999" visible="true" version="2" changeset="54066381" timestamp="2017-11-25T07:31:02Z" user="hibagonsan" uid="5939709" lat="34.1758522" lon="131.4741284"/>
 <node id="3707678066" visible="true" version="1" changeset="33478596" timestamp="2015-08-21T09:06:01Z" user="higa4" uid="162590" lat="34.1767119" lon="131.4738206"/>
 <node id="3707678067" visible="true" version="1" changeset="33478596" timestamp="2015-08-21T09:06:01Z" user="higa4" uid="162590" lat="34.1765838" lon="131.4737854"/>
 <node id="3707678068" visible="true" version="1" changeset="33478596" timestamp="2015-08-21T09:06:01Z" user="higa4" uid="162590" lat="34.1768724" lon="131.4742936"/>
 <node id="3707678069" visible="true" version="1" changeset="33478596" timestamp="2015-08-21T09:06:01Z" user="higa4" uid="162590" lat="34.1769459" lon="131.4742326"/>
 <node id="3707678070" visible="true" version="1" changeset="33478596" timestamp="2015-08-21T09:06:01Z" user="higa4" uid="162590" lat="34.1770255" lon="131.4734190"/>
 <node id="3707678071" visible="true" version="1" changeset="33478596" timestamp="2015-08-21T09:06:01Z" user="higa4" uid="162590" lat="34.1770801" lon="131.4735151"/>
 <node id="3707689022" visible="true" version="1" changeset="33478833" timestamp="2015-08-21T09:21:03Z" user="higa4" uid="162590" lat="34.1765990" lon="131.4735232"/>
 <node id="3707689023" visible="true" version="1" changeset="33478833" timestamp="2015-08-21T09:21:03Z" user="higa4" uid="162590" lat="34.1763194" lon="131.4739215"/>
 <node id="3707689024" visible="true" version="1" changeset="33478833" timestamp="2015-08-21T09:21:03Z" user="higa4" uid="162590" lat="34.1762451" lon="131.4739054"/>
 <node id="3707692325" visible="true" version="1" changeset="33478833" timestamp="2015-08-21T09:21:03Z" user="higa4" uid="162590" lat="34.1759954" lon="131.4741254"/>
 <node id="3707692326" visible="true" version="1" changeset="33478833" timestamp="2015-08-21T09:21:03Z" user="higa4" uid="162590" lat="34.1762240" lon="131.4745089"/>
 <node id="3707692327" visible="true" version="1" changeset="33478833" timestamp="2015-08-21T09:21:03Z" user="higa4" uid="162590" lat="34.1765191" lon="131.4742501"/>
 <node id="3707692328" visible="true" version="1" changeset="33478833" timestamp="2015-08-21T09:21:03Z" user="higa4" uid="162590" lat="34.1764198" lon="131.4740888"/>
 <node id="3707692329" visible="true" version="1" changeset="33478833" timestamp="2015-08-21T09:21:03Z" user="higa4" uid="162590" lat="34.1764825" lon="131.4741508"/>
 <node id="3707692330" visible="true" version="1" changeset="33478833" timestamp="2015-08-21T09:21:03Z" user="higa4" uid="162590" lat="34.1764370" lon="131.4740744"/>
 <node id="3707692331" visible="true" version="1" changeset="33478833" timestamp="2015-08-21T09:21:03Z" user="higa4" uid="162590" lat="34.1764692" lon="131.4741656"/>
 <node id="5025619346" visible="true" version="1" changeset="50990088" timestamp="2017-08-10T06:18:46Z" user="hibagonsan" uid="5939709" lat="34.1744821" lon="131.4714036"/>
 <node id="5025619347" visible="true" version="1" changeset="50990088" timestamp="2017-08-10T06:18:46Z" user="hibagonsan" uid="5939709" lat="34.1746176" lon="131.4717257"/>
 <node id="5025619348" visible="true" version="1" changeset="50990088" timestamp="2017-08-10T06:18:46Z" user="hibagonsan" uid="5939709" lat="34.1745355" lon="131.4716412"/>
 <node id="5025619349" visible="true" version="1" changeset="50990088" timestamp="2017-08-10T06:18:46Z" user="hibagonsan" uid="5939709" lat="34.1745938" lon="131.4715681"/>
 <node id="5025619350" visible="true" version="1" changeset="50990088" timestamp="2017-08-10T06:18:46Z" user="hibagonsan" uid="5939709" lat="34.1744873" lon="131.4714219"/>
 <node id="5025619351" visible="true" version="1" changeset="50990088" timestamp="2017-08-10T06:18:46Z" user="hibagonsan" uid="5939709" lat="34.1748739" lon="131.4710813"/>
 <node id="5025619352" visible="true" version="1" changeset="50990088" timestamp="2017-08-10T06:18:46Z" user="hibagonsan" uid="5939709" lat="34.1750381" lon="131.4713569"/>
 <node id="5025623018" visible="true" version="1" changeset="50990162" timestamp="2017-08-10T06:22:46Z" user="hibagonsan" uid="5939709" lat="34.1748728" lon="131.4713220"/>
 <node id="5025623019" visible="true" version="1" changeset="50990162" timestamp="2017-08-10T06:22:46Z" user="hibagonsan" uid="5939709" lat="34.1747907" lon="131.4711732"/>
 <node id="5025623020" visible="true" version="1" changeset="50990162" timestamp="2017-08-10T06:22:46Z" user="hibagonsan" uid="5939709" lat="34.1748773" lon="131.4711070"/>
 <node id="5025624321" visible="true" version="1" changeset="50990162" timestamp="2017-08-10T06:22:46Z" user="hibagonsan" uid="5939709" lat="34.1746820" lon="131.4714866"/>
 <node id="5025624322" visible="true" version="1" changeset="50990162" timestamp="2017-08-10T06:22:46Z" user="hibagonsan" uid="5939709" lat="34.1747497" lon="131.4715996"/>
 <node id="5025624323" visible="true" version="1" changeset="50990162" timestamp="2017-08-10T06:22:46Z" user="hibagonsan" uid="5939709" lat="34.1750259" lon="131.4713582"/>
 <node id="5025624324" visible="true" version="1" changeset="50990162" timestamp="2017-08-10T06:22:46Z" user="hibagonsan" uid="5939709" lat="34.1745087" lon="131.4714309"/>
 <node id="5025624325" visible="true" version="1" changeset="50990162" timestamp="2017-08-10T06:22:46Z" user="hibagonsan" uid="5939709" lat="34.1745698" lon="131.4715127"/>
 <node id="5025624326" visible="true" version="1" changeset="50990162" timestamp="2017-08-10T06:22:46Z" user="hibagonsan" uid="5939709" lat="34.1746032" lon="131.4714763"/>
 <node id="5025624327" visible="true" version="1" changeset="50990162" timestamp="2017-08-10T06:22:46Z" user="hibagonsan" uid="5939709" lat="34.1745422" lon="131.4713944"/>
 <node id="5040155972" visible="true" version="1" changeset="51190677" timestamp="2017-08-17T01:12:27Z" user="hibagonsan" uid="5939709" lat="34.1763795" lon="131.4720878"/>
 <node id="5040155973" visible="true" version="1" changeset="51190677" timestamp="2017-08-17T01:12:27Z" user="hibagonsan" uid="5939709" lat="34.1757227" lon="131.4712644"/>
 <node id="5040155974" visible="true" version="1" changeset="51190677" timestamp="2017-08-17T01:12:27Z" user="hibagonsan" uid="5939709" lat="34.1763452" lon="131.4705884"/>
 <node id="5040155975" visible="true" version="1" changeset="51190677" timestamp="2017-08-17T01:12:27Z" user="hibagonsan" uid="5939709" lat="34.1767135" lon="131.4701861"/>
 <node id="5040155976" visible="true" version="1" changeset="51190677" timestamp="2017-08-17T01:12:27Z" user="hibagonsan" uid="5939709" lat="34.1769964" lon="131.4699005"/>
 <node id="5040155977" visible="true" version="1" changeset="51190677" timestamp="2017-08-17T01:12:27Z" user="hibagonsan" uid="5939709" lat="34.1771096" lon="131.4698602"/>
 <node id="5040155978" visible="true" version="1" changeset="51190677" timestamp="2017-08-17T01:12:27Z" user="hibagonsan" uid="5939709" lat="34.1777265" lon="131.4707226"/>
 <node id="5040247523" visible="true" version="1" changeset="51192553" timestamp="2017-08-17T04:39:46Z" user="hibagonsan" uid="5939709" lat="34.1767956" lon="131.4715406"/>
 <node id="5040247524" visible="true" version="1" changeset="51192553" timestamp="2017-08-17T04:39:46Z" user="hibagonsan" uid="5939709" lat="34.1764006" lon="131.4719322"/>
 <node id="5040247525" visible="true" version="1" changeset="51192553" timestamp="2017-08-17T04:39:46Z" user="hibagonsan" uid="5939709" lat="34.1758658" lon="131.4712697"/>
 <node id="5040247526" visible="true" version="1" changeset="51192553" timestamp="2017-08-17T04:39:46Z" user="hibagonsan" uid="5939709" lat="34.1761166" lon="131.4709881"/>
 <node id="5040247527" visible="true" version="1" changeset="51192553" timestamp="2017-08-17T04:39:46Z" user="hibagonsan" uid="5939709" lat="34.1762941" lon="131.4708808"/>
 <node id="5091003773" visible="true" version="3" changeset="167486642" timestamp="2025-06-11T11:22:27Z" user="AlexM51" uid="174705" lat="34.1718614" lon="131.4688478">
  <tag k="bus" v="yes"/>
  <tag k="gtfs:stop_id" v="60032 2"/>
  <tag k="name" v="商工会館前"/>
  <tag k="name:ja" v="商工会館前"/>
  <tag k="name:ja-Hira" v="しょうこうかいかんまえ"/>
  <tag k="name:ja-Latn" v="Shoukoukaikan-mae"/>
  <tag k="operator" v="中国ジェイアールバス"/>
  <tag k="operator:en" v="Chugoku JR Bus"/>
  <tag k="public_transport" v="stop_position"/>
 </node>
 <node id="5246745576" visible="true" version="1" changeset="54066352" timestamp="2017-11-25T07:29:25Z" user="hibagonsan" uid="5939709" lat="34.1758309" lon="131.4738774"/>
 <node id="5246745577" visible="true" version="1" changeset="54066352" timestamp="2017-11-25T07:29:25Z" user="hibagonsan" uid="5939709" lat="34.1759131" lon="131.4740102"/>
 <node id="5246745578" visible="true" version="1" changeset="54066352" timestamp="2017-11-25T07:29:25Z" user="hibagonsan" uid="5939709" lat="34.1759834" lon="131.4739466"/>
 <node id="5246745579" visible="true" version="1" changeset="54066352" timestamp="2017-11-25T07:29:25Z" user="hibagonsan" uid="5939709" lat="34.1759013" lon="131.4738138"/>
 <node id="5246746821" visible="true" version="1" changeset="54066381" timestamp="2017-11-25T07:31:01Z" user="hibagonsan" uid="5939709" lat="34.1759266" lon="131.4738232"/>
 <node id="5246746822" visible="true" version="1" changeset="54066381" timestamp="2017-11-25T07:31:01Z" user="hibagonsan" uid="5939709" lat="34.1759943" lon="131.4739372"/>
 <node id="5246746823" visible="true" version="1" changeset="54066381" timestamp="2017-11-25T07:31:01Z" user="hibagonsan" uid="5939709" lat="34.1760423" lon="131.4738956"/>
 <node id="5246746824" visible="true" version="1" changeset="54066381" timestamp="2017-11-25T07:31:02Z" user="hibagonsan" uid="5939709" lat="34.1759746" lon="131.4737816"/>
 <node id="5415903938" visible="true" version="1" changeset="56405920" timestamp="2018-02-16T07:59:39Z" user="mklyr" uid="614924" lat="34.1749417" lon="131.4723977"/>
 <node id="5735465295" visible="true" version="1" changeset="60364286" timestamp="2018-07-03T04:35:25Z" user="hibagonsan" uid="5939709" lat="34.1769343" lon="131.4746574"/>
 <node id="5735495684" visible="true" version="1" changeset="60364536" timestamp="2018-07-03T04:50:11Z" user="hibagonsan" uid="5939709" lat="34.1759040" lon="131.4726276"/>
 <node id="5735495685" visible="true" version="1" changeset="60364536" timestamp="2018-07-03T04:50:11Z" user="hibagonsan" uid="5939709" lat="34.1758635" lon="131.4725906"/>
 <node id="5735495686" visible="true" version="1" changeset="60364536" timestamp="2018-07-03T04:50:11Z" user="hibagonsan" uid="5939709" lat="34.1756602" lon="131.4726603"/>
 <node id="5735495687" visible="true" version="1" changeset="60364536" timestamp="2018-07-03T04:50:11Z" user="hibagonsan" uid="5939709" lat="34.1758374" lon="131.4725252"/>
 <node id="5735495688" visible="true" version="1" changeset="60364536" timestamp="2018-07-03T04:50:12Z" user="hibagonsan" uid="5939709" lat="34.1758166" lon="131.4725584"/>
 <node id="5735495689" visible="true" version="1" changeset="60364536" timestamp="2018-07-03T04:50:12Z" user="hibagonsan" uid="5939709" lat="34.1756783" lon="131.4726315"/>
 <node id="5735495690" visible="true" version="1" changeset="60364536" timestamp="2018-07-03T04:50:12Z" user="hibagonsan" uid="5939709" lat="34.1756244" lon="131.4725821"/>
 <node id="5735495691" visible="true" version="1" changeset="60364536" timestamp="2018-07-03T04:50:12Z" user="hibagonsan" uid="5939709" lat="34.1757617" lon="131.4727531"/>
 <node id="5735495692" visible="true" version="1" changeset="60364536" timestamp="2018-07-03T04:50:12Z" user="hibagonsan" uid="5939709" lat="34.1759205" lon="131.4726012"/>
 <node id="5735495693" visible="true" version="1" changeset="60364536" timestamp="2018-07-03T04:50:12Z" user="hibagonsan" uid="5939709" lat="34.1757039" lon="131.4724553"/>
 <node id="5735495694" visible="true" version="1" changeset="60364536" timestamp="2018-07-03T04:50:12Z" user="hibagonsan" uid="5939709" lat="34.1758629" lon="131.4726772"/>
 <node id="5735495695" visible="true" version="1" changeset="60364536" timestamp="2018-07-03T04:50:12Z" user="hibagonsan" uid="5939709" lat="34.1758230" lon="131.4727423"/>
 <node id="5735495696" visible="true" version="1" changeset="60364536" timestamp="2018-07-03T04:50:12Z" user="hibagonsan" uid="5939709" lat="34.1758449" lon="131.4727619"/>
 <node id="5735495697" visible="true" version="1" changeset="60364536" timestamp="2018-07-03T04:50:12Z" user="hibagonsan" uid="5939709" lat="34.1758848" lon="131.4726968"/>
 <node id="5735495698" visible="true" version="1" changeset="60364536" timestamp="2018-07-03T04:50:12Z" user="hibagonsan" uid="5939709" lat="34.1758237" lon="131.4727966"/>
 <node id="5735495699" visible="true" version="1" changeset="60364536" timestamp="2018-07-03T04:50:12Z" user="hibagonsan" uid="5939709" lat="34.1760678" lon="131.4730152"/>
 <node id="5735495700" visible="true" version="1" changeset="60364536" timestamp="2018-07-03T04:50:12Z" user="hibagonsan" uid="5939709" lat="34.1761454" lon="131.4728884"/>
 <node id="5735495701" visible="true" version="1" changeset="60364536" timestamp="2018-07-03T04:50:12Z" user="hibagonsan" uid="5939709" lat="34.1759013" lon="131.4726698"/>
 <node id="5735495702" visible="true" version="1" changeset="60364536" timestamp="2018-07-03T04:50:12Z" user="hibagonsan" uid="5939709" lat="34.1761571" lon="131.4730865"/>
 <node id="5735495703" visible="true" version="1" changeset="60364536" timestamp="2018-07-03T04:50:12Z" user="hibagonsan" uid="5939709" lat="34.1765854" lon="131.4734459"/>
 <node id="5735495704" visible="true" version="1" changeset="60364536" timestamp="2018-07-03T04:50:12Z" user="hibagonsan" uid="5939709" lat="34.1766691" lon="131.4733002"/>
 <node id="5735495705" visible="true" version="1" changeset="60364536" timestamp="2018-07-03T04:50:12Z" user="hibagonsan" uid="5939709" lat="34.1762409" lon="131.4729407"/>
 <node id="6353832695" visible="true" version="1" changeset="68400721" timestamp="2019-03-22T08:07:29Z" user="yoshitk" uid="1003241" lat="34.1722231" lon="131.4693492"/>
 <node id="6353850143" visible="true" version="2" changeset="77581660" timestamp="2019-11-26T14:33:22Z" user="hibagonsan" uid="5939709" lat="34.1754797" lon="131.4712048"/>
 <node id="6353850144" visible="true" version="1" changeset="68400947" timestamp="2019-03-22T08:16:35Z" user="yoshitk" uid="1003241" lat="34.1747206" lon="131.4719455"/>
 <node id="6353850146" visible="true" version="1" changeset="68400947" timestamp="2019-03-22T08:16:35Z" user="yoshitk" uid="1003241" lat="34.1738334" lon="131.4718955"/>
 <node id="6353850147" visible="true" version="1" changeset="68400947" timestamp="2019-03-22T08:16:35Z" user="yoshitk" uid="1003241" lat="34.1744906" lon="131.4728608"/>
 <node id="6463513266" visible="true" version="1" changeset="70095916" timestamp="2019-05-10T04:44:26Z" user="hibagonsan" uid="5939709" lat="34.1751757" lon="131.4722487"/>
 <node id="6463513267" visible="true" version="1" changeset="70095916" timestamp="2019-05-10T04:44:26Z" user="hibagonsan" uid="5939709" lat="34.1752487" lon="131.4723211"/>
 <node id="6463513268" visible="true" version="1" changeset="70095916" timestamp="2019-05-10T04:44:26Z" user="hibagonsan" uid="5939709" lat="34.1751727" lon="131.4721984"/>
 <node id="6463513269" visible="true" version="1" changeset="70095916" timestamp="2019-05-10T04:44:26Z" user="hibagonsan" uid="5939709" lat="34.1752168" lon="131.4721441"/>
 <node id="6463513270" visible="true" version="1" changeset="70095916" timestamp="2019-05-10T04:44:26Z" user="hibagonsan" uid="5939709" lat="34.1753055" lon="131.4722541"/>
 <node id="6463513271" visible="true" version="1" changeset="70095916" timestamp="2019-05-10T04:44:26Z" user="hibagonsan" uid="5939709" lat="34.1753638" lon="131.4724234"/>
 <node id="6463513272" visible="true" version="1" changeset="70095916" timestamp="2019-05-10T04:44:26Z" user="hibagonsan" uid="5939709" lat="34.1752806" lon="131.4723442"/>
 <node id="6463513273" visible="true" version="1" changeset="70095916" timestamp="2019-05-10T04:44:26Z" user="hibagonsan" uid="5939709" lat="34.1753410" lon="131.4722514"/>
 <node id="6463513274" visible="true" version="1" changeset="70095916" timestamp="2019-05-10T04:44:26Z" user="hibagonsan" uid="5939709" lat="34.1754243" lon="131.4723305"/>
 <node id="6463513279" visible="true" version="1" changeset="70095916" timestamp="2019-05-10T04:44:26Z" user="hibagonsan" uid="5939709" lat="34.1756790" lon="131.4729778"/>
 <node id="6463513280" visible="true" version="1" changeset="70095916" timestamp="2019-05-10T04:44:26Z" user="hibagonsan" uid="5939709" lat="34.1756024" lon="131.4730690"/>
 <node id="6463513281" visible="true" version="1" changeset="70095916" timestamp="2019-05-10T04:44:26Z" user="hibagonsan" uid="5939709" lat="34.1756750" lon="131.4731580"/>
 <node id="6463513282" visible="true" version="1" changeset="70095916" timestamp="2019-05-10T04:44:26Z" user="hibagonsan" uid="5939709" lat="34.1757516" lon="131.4730668"/>
 <node id="6463513283" visible="true" version="1" changeset="70095916" timestamp="2019-05-10T04:44:26Z" user="hibagonsan" uid="5939709" lat="34.1755198" lon="131.4731338"/>
 <node id="6463513284" visible="true" version="1" changeset="70095916" timestamp="2019-05-10T04:44:26Z" user="hibagonsan" uid="5939709" lat="34.1754699" lon="131.4730613"/>
 <node id="6463513285" visible="true" version="1" changeset="70095916" timestamp="2019-05-10T04:44:26Z" user="hibagonsan" uid="5939709" lat="34.1755496" lon="131.4729810"/>
 <node id="6463513286" visible="true" version="1" changeset="70095916" timestamp="2019-05-10T04:44:26Z" user="hibagonsan" uid="5939709" lat="34.1755996" lon="131.4730534"/>
 <node id="6463513287" visible="true" version="1" changeset="70095916" timestamp="2019-05-10T04:44:26Z" user="hibagonsan" uid="5939709" lat="34.1754847" lon="131.4733166"/>
 <node id="6463513288" visible="true" version="1" changeset="70095916" timestamp="2019-05-10T04:44:27Z" user="hibagonsan" uid="5939709" lat="34.1754303" lon="131.4732442"/>
 <node id="6463513289" visible="true" version="1" changeset="70095916" timestamp="2019-05-10T04:44:27Z" user="hibagonsan" uid="5939709" lat="34.1754697" lon="131.4732009"/>
 <node id="6463513290" visible="true" version="1" changeset="70095916" timestamp="2019-05-10T04:44:27Z" user="hibagonsan" uid="5939709" lat="34.1755241" lon="131.4732733"/>
 <node id="6463513291" visible="true" version="1" changeset="70095916" timestamp="2019-05-10T04:44:27Z" user="hibagonsan" uid="5939709" lat="34.1755199" lon="131.4733092"/>
 <node id="6463513292" visible="true" version="1" changeset="70095916" timestamp="2019-05-10T04:44:27Z" user="hibagonsan" uid="5939709" lat="34.1754411" lon="131.4733897"/>
 <node id="6463513293" visible="true" version="1" changeset="70095916" timestamp="2019-05-10T04:44:27Z" user="hibagonsan" uid="5939709" lat="34.1755041" lon="131.4734799"/>
 <node id="6463513294" visible="true" version="1" changeset="70095916" timestamp="2019-05-10T04:44:27Z" user="hibagonsan" uid="5939709" lat="34.1755829" lon="131.4733994"/>
 <node id="6463513295" visible="true" version="1" changeset="70095916" timestamp="2019-05-10T04:44:27Z" user="hibagonsan" uid="5939709" lat="34.1755996" lon="131.4731446"/>
 <node id="6463513296" visible="true" version="1" changeset="70095916" timestamp="2019-05-10T04:44:27Z" user="hibagonsan" uid="5939709" lat="34.1755263" lon="131.4732197"/>
 <node id="6463513297" visible="true" version="1" changeset="70095916" timestamp="2019-05-10T04:44:27Z" user="hibagonsan" uid="5939709" lat="34.1755574" lon="131.4732639"/>
 <node id="6463513298" visible="true" version="1" changeset="70095916" timestamp="2019-05-10T04:44:27Z" user="hibagonsan" uid="5939709" lat="34.1756306" lon="131.4731888"/>
 <node id="6463513299" visible="true" version="1" changeset="70095916" timestamp="2019-05-10T04:44:27Z" user="hibagonsan" uid="5939709" lat="34.1746720" lon="131.4728703"/>
 <node id="6463513300" visible="true" version="1" changeset="70095916" timestamp="2019-05-10T04:44:27Z" user="hibagonsan" uid="5939709" lat="34.1747852" lon="131.4728891"/>
 <node id="6463513301" visible="true" version="1" changeset="70095916" timestamp="2019-05-10T04:44:27Z" user="hibagonsan" uid="5939709" lat="34.1747264" lon="131.4728690"/>
 <node id="6463513302" visible="true" version="1" changeset="70095916" timestamp="2019-05-10T04:44:27Z" user="hibagonsan" uid="5939709" lat="34.1746221" lon="131.4729025"/>
 <node id="6463513303" visible="true" version="1" changeset="70095916" timestamp="2019-05-10T04:44:27Z" user="hibagonsan" uid="5939709" lat="34.1746953" lon="131.4730393"/>
 <node id="6463513304" visible="true" version="1" changeset="70095916" timestamp="2019-05-10T04:44:27Z" user="hibagonsan" uid="5939709" lat="34.1748240" lon="131.4729367"/>
 <node id="6463513305" visible="true" version="1" changeset="70095916" timestamp="2019-05-10T04:44:27Z" user="hibagonsan" uid="5939709" lat="34.1749232" lon="131.4728547"/>
 <node id="6463513306" visible="true" version="1" changeset="70095916" timestamp="2019-05-10T04:44:27Z" user="hibagonsan" uid="5939709" lat="34.1749550" lon="131.4729108"/>
 <node id="6463513307" visible="true" version="2" changeset="79768807" timestamp="2020-01-20T00:27:26Z" user="hibagonsan" uid="5939709" lat="34.1750109" lon="131.4725895"/>
 <node id="6463513308" visible="true" version="1" changeset="70095916" timestamp="2019-05-10T04:44:27Z" user="hibagonsan" uid="5939709" lat="34.1745961" lon="131.4731256"/>
 <node id="6463513309" visible="true" version="1" changeset="70095916" timestamp="2019-05-10T04:44:27Z" user="hibagonsan" uid="5939709" lat="34.1747019" lon="131.4733122"/>
 <node id="6463513310" visible="true" version="2" changeset="79768807" timestamp="2020-01-20T00:27:26Z" user="hibagonsan" uid="5939709" lat="34.1751909" lon="131.4729073"/>
 <node id="6463513311" visible="true" version="1" changeset="70095916" timestamp="2019-05-10T04:44:27Z" user="hibagonsan" uid="5939709" lat="34.1744684" lon="131.4734658"/>
 <node id="6463513312" visible="true" version="1" changeset="70095916" timestamp="2019-05-10T04:44:27Z" user="hibagonsan" uid="5939709" lat="34.1744195" lon="131.4733585"/>
 <node id="6463513313" visible="true" version="1" changeset="70095916" timestamp="2019-05-10T04:44:27Z" user="hibagonsan" uid="5939709" lat="34.1744911" lon="131.4733109"/>
 <node id="6463513314" visible="true" version="1" changeset="70095916" timestamp="2019-05-10T04:44:27Z" user="hibagonsan" uid="5939709" lat="34.1745400" lon="131.4734182"/>
 <node id="6463513315" visible="true" version="1" changeset="70095916" timestamp="2019-05-10T04:44:27Z" user="hibagonsan" uid="5939709" lat="34.1744307" lon="131.4731682"/>
 <node id="6463513316" visible="true" version="1" changeset="70095916" timestamp="2019-05-10T04:44:27Z" user="hibagonsan" uid="5939709" lat="34.1743642" lon="131.4730529"/>
 <node id="6463513317" visible="true" version="1" changeset="70095916" timestamp="2019-05-10T04:44:27Z" user="hibagonsan" uid="5939709" lat="34.1744479" lon="131.4729823"/>
 <node id="6463513318" visible="true" version="1" changeset="70095916" timestamp="2019-05-10T04:44:27Z" user="hibagonsan" uid="5939709" lat="34.1745144" lon="131.4730977"/>
 <node id="6463528175" visible="true" version="1" changeset="70096175" timestamp="2019-05-10T05:10:27Z" user="hibagonsan" uid="5939709" lat="34.1754066" lon="131.4711435"/>
 <node id="6463528176" visible="true" version="1" changeset="70096175" timestamp="2019-05-10T05:10:27Z" user="hibagonsan" uid="5939709" lat="34.1752957" lon="131.4712683"/>
 <node id="6463528177" visible="true" version="1" changeset="70096175" timestamp="2019-05-10T05:10:27Z" user="hibagonsan" uid="5939709" lat="34.1753433" lon="131.4713301"/>
 <node id="6463528178" visible="true" version="1" changeset="70096175" timestamp="2019-05-10T05:10:27Z" user="hibagonsan" uid="5939709" lat="34.1754542" lon="131.4712054"/>
 <node id="6463528179" visible="true" version="1" changeset="70096175" timestamp="2019-05-10T05:10:27Z" user="hibagonsan" uid="5939709" lat="34.1753864" lon="131.4711356"/>
 <node id="6463528180" visible="true" version="1" changeset="70096175" timestamp="2019-05-10T05:10:28Z" user="hibagonsan" uid="5939709" lat="34.1753221" lon="131.4711932"/>
 <node id="6463528181" visible="true" version="1" changeset="70096175" timestamp="2019-05-10T05:10:28Z" user="hibagonsan" uid="5939709" lat="34.1752900" lon="131.4711410"/>
 <node id="6463528182" visible="true" version="1" changeset="70096175" timestamp="2019-05-10T05:10:28Z" user="hibagonsan" uid="5939709" lat="34.1753544" lon="131.4710833"/>
 <node id="6463528199" visible="true" version="1" changeset="70096175" timestamp="2019-05-10T05:10:28Z" user="hibagonsan" uid="5939709" lat="34.1746257" lon="131.4712048"/>
 <node id="6463528200" visible="true" version="1" changeset="70096175" timestamp="2019-05-10T05:10:28Z" user="hibagonsan" uid="5939709" lat="34.1745735" lon="131.4711203"/>
 <node id="6463528201" visible="true" version="1" changeset="70096175" timestamp="2019-05-10T05:10:28Z" user="hibagonsan" uid="5939709" lat="34.1746309" lon="131.4710686"/>
 <node id="6463528202" visible="true" version="1" changeset="70096175" timestamp="2019-05-10T05:10:28Z" user="hibagonsan" uid="5939709" lat="34.1746831" lon="131.4711530"/>
 <node id="6463528400" visible="true" version="1" changeset="70096175" timestamp="2019-05-10T05:10:31Z" user="hibagonsan" uid="5939709" lat="34.1744559" lon="131.4728542"/>
 <node id="6463528401" visible="true" version="1" changeset="70096175" timestamp="2019-05-10T05:10:31Z" user="hibagonsan" uid="5939709" lat="34.1744004" lon="131.4727617"/>
 <node id="6463528402" visible="true" version="1" changeset="70096175" timestamp="2019-05-10T05:10:31Z" user="hibagonsan" uid="5939709" lat="34.1743613" lon="131.4727959"/>
 <node id="6463528403" visible="true" version="1" changeset="70096175" timestamp="2019-05-10T05:10:31Z" user="hibagonsan" uid="5939709" lat="34.1744168" lon="131.4728884"/>
 <node id="6463528404" visible="true" version="1" changeset="70096175" timestamp="2019-05-10T05:10:31Z" user="hibagonsan" uid="5939709" lat="34.1745700" lon="131.4727135"/>
 <node id="6463528405" visible="true" version="1" changeset="70096175" timestamp="2019-05-10T05:10:31Z" user="hibagonsan" uid="5939709" lat="34.1745034" lon="131.4726129"/>
 <node id="6463528406" visible="true" version="1" changeset="70096175" timestamp="2019-05-10T05:10:31Z" user="hibagonsan" uid="5939709" lat="34.1745721" lon="131.4725465"/>
 <node id="6463528407" visible="true" version="1" changeset="70096175" timestamp="2019-05-10T05:10:31Z" user="hibagonsan" uid="5939709" lat="34.1746387" lon="131.4726470"/>
 <node id="6463528408" visible="true" version="1" changeset="70096175" timestamp="2019-05-10T05:10:31Z" user="hibagonsan" uid="5939709" lat="34.1754301" lon="131.4723374"/>
 <node id="6463528409" visible="true" version="1" changeset="70096175" timestamp="2019-05-10T05:10:31Z" user="hibagonsan" uid="5939709" lat="34.1753774" lon="131.4724219"/>
 <node id="6463528410" visible="true" version="1" changeset="70096175" timestamp="2019-05-10T05:10:31Z" user="hibagonsan" uid="5939709" lat="34.1754048" lon="131.4724593"/>
 <node id="6463528411" visible="true" version="1" changeset="70096175" timestamp="2019-05-10T05:10:31Z" user="hibagonsan" uid="5939709" lat="34.1754725" lon="131.4723869"/>
 <node id="6463528412" visible="true" version="1" changeset="70096175" timestamp="2019-05-10T05:10:31Z" user="hibagonsan" uid="5939709" lat="34.1754181" lon="131.4724626"/>
 <node id="6463528413" visible="true" version="1" changeset="70096175" timestamp="2019-05-10T05:10:31Z" user="hibagonsan" uid="5939709" lat="34.1754792" lon="131.4723936"/>
 <node id="6463528414" visible="true" version="1" changeset="70096175" timestamp="2019-05-10T05:10:31Z" user="hibagonsan" uid="5939709" lat="34.1755330" lon="131.4723419"/>
 <node id="6463528415" visible="true" version="1" changeset="70096175" timestamp="2019-05-10T05:10:31Z" user="hibagonsan" uid="5939709" lat="34.1755535" lon="131.4723694"/>
 <node id="6463528416" visible="true" version="1" changeset="70096175" timestamp="2019-05-10T05:10:31Z" user="hibagonsan" uid="5939709" lat="34.1756619" lon="131.4723890"/>
 <node id="6463528417" visible="true" version="1" changeset="70096175" timestamp="2019-05-10T05:10:31Z" user="hibagonsan" uid="5939709" lat="34.1755110" lon="131.4725700"/>
 <node id="6463528418" visible="true" version="1" changeset="70096175" timestamp="2019-05-10T05:10:31Z" user="hibagonsan" uid="5939709" lat="34.1754476" lon="131.4724928"/>
 <node id="6463528419" visible="true" version="1" changeset="70096175" timestamp="2019-05-10T05:10:31Z" user="hibagonsan" uid="5939709" lat="34.1755984" lon="131.4723118"/>
 <node id="6463528424" visible="true" version="1" changeset="70096175" timestamp="2019-05-10T05:10:31Z" user="hibagonsan" uid="5939709" lat="34.1757045" lon="131.4724135"/>
 <node id="6463528425" visible="true" version="1" changeset="70096175" timestamp="2019-05-10T05:10:31Z" user="hibagonsan" uid="5939709" lat="34.1756313" lon="131.4723022"/>
 <node id="6463528426" visible="true" version="1" changeset="70096175" timestamp="2019-05-10T05:10:31Z" user="hibagonsan" uid="5939709" lat="34.1756828" lon="131.4722528"/>
 <node id="6463528427" visible="true" version="1" changeset="70096175" timestamp="2019-05-10T05:10:31Z" user="hibagonsan" uid="5939709" lat="34.1757560" lon="131.4723641"/>
 <node id="6463528428" visible="true" version="1" changeset="70096175" timestamp="2019-05-10T05:10:31Z" user="hibagonsan" uid="5939709" lat="34.1749294" lon="131.4719725"/>
 <node id="6463528429" visible="true" version="1" changeset="70096175" timestamp="2019-05-10T05:10:31Z" user="hibagonsan" uid="5939709" lat="34.1749849" lon="131.4719671"/>
 <node id="6463528430" visible="true" version="1" changeset="70096175" timestamp="2019-05-10T05:10:31Z" user="hibagonsan" uid="5939709" lat="34.1749205" lon="131.4720234"/>
 <node id="6463528431" visible="true" version="1" changeset="70096175" timestamp="2019-05-10T05:10:31Z" user="hibagonsan" uid="5939709" lat="34.1750548" lon="131.4721428"/>
 <node id="6463528432" visible="true" version="1" changeset="70096175" timestamp="2019-05-10T05:10:31Z" user="hibagonsan" uid="5939709" lat="34.1751223" lon="131.4721432"/>
 <node id="6463528433" visible="true" version="1" changeset="70096175" timestamp="2019-05-10T05:10:31Z" user="hibagonsan" uid="5939709" lat="34.1749559" lon="131.4719541"/>
 <node id="6463528434" visible="true" version="1" changeset="70096175" timestamp="2019-05-10T05:10:31Z" user="hibagonsan" uid="5939709" lat="34.1750115" lon="131.4719094"/>
 <node id="6463528435" visible="true" version="1" changeset="70096175" timestamp="2019-05-10T05:10:31Z" user="hibagonsan" uid="5939709" lat="34.1751746" lon="131.4720610"/>
 <node id="6463528436" visible="true" version="1" changeset="70096175" timestamp="2019-05-10T05:10:31Z" user="hibagonsan" uid="5939709" lat="34.1752246" lon="131.4719491"/>
 <node id="6463528437" visible="true" version="1" changeset="70096175" timestamp="2019-05-10T05:10:31Z" user="hibagonsan" uid="5939709" lat="34.1751115" lon="131.4718082"/>
 <node id="6463528438" visible="true" version="1" changeset="70096175" timestamp="2019-05-10T05:10:31Z" user="hibagonsan" uid="5939709" lat="34.1750481" lon="131.4718826"/>
 <node id="6463528439" visible="true" version="1" changeset="70096175" timestamp="2019-05-10T05:10:31Z" user="hibagonsan" uid="5939709" lat="34.1751613" lon="131.4720234"/>
 <node id="6463528440" visible="true" version="1" changeset="70096175" timestamp="2019-05-10T05:10:31Z" user="hibagonsan" uid="5939709" lat="34.1747837" lon="131.4716221"/>
 <node id="6463528441" visible="true" version="1" changeset="70096175" timestamp="2019-05-10T05:10:31Z" user="hibagonsan" uid="5939709" lat="34.1748325" lon="131.4717079"/>
 <node id="6463528442" visible="true" version="1" changeset="70096175" timestamp="2019-05-10T05:10:31Z" user="hibagonsan" uid="5939709" lat="34.1749305" lon="131.4716265"/>
 <node id="6463528443" visible="true" version="1" changeset="70096175" timestamp="2019-05-10T05:10:31Z" user="hibagonsan" uid="5939709" lat="34.1748817" lon="131.4715406"/>
 <node id="6463528444" visible="true" version="1" changeset="70096175" timestamp="2019-05-10T05:10:31Z" user="hibagonsan" uid="5939709" lat="34.1747767" lon="131.4722280"/>
 <node id="6463528445" visible="true" version="1" changeset="70096175" timestamp="2019-05-10T05:10:31Z" user="hibagonsan" uid="5939709" lat="34.1746785" lon="131.4723252"/>
 <node id="6463528446" visible="true" version="1" changeset="70096175" timestamp="2019-05-10T05:10:31Z" user="hibagonsan" uid="5939709" lat="34.1747003" lon="131.4723574"/>
 <node id="6463528447" visible="true" version="1" changeset="70096175" timestamp="2019-05-10T05:10:31Z" user="hibagonsan" uid="5939709" lat="34.1747985" lon="131.4722601"/>
 <node id="6463528448" visible="true" version="1" changeset="70096175" timestamp="2019-05-10T05:10:32Z" user="hibagonsan" uid="5939709" lat="34.1747391" lon="131.4723319"/>
 <node id="6463528449" visible="true" version="1" changeset="70096175" timestamp="2019-05-10T05:10:32Z" user="hibagonsan" uid="5939709" lat="34.1747008" lon="131.4723667"/>
 <node id="6463528450" visible="true" version="1" changeset="70096175" timestamp="2019-05-10T05:10:32Z" user="hibagonsan" uid="5939709" lat="34.1747508" lon="131.4723279"/>
 <node id="6463528451" visible="true" version="1" changeset="70096175" timestamp="2019-05-10T05:10:32Z" user="hibagonsan" uid="5939709" lat="34.1747863" lon="131.4722916"/>
 <node id="6463528452" visible="true" version="1" changeset="70096175" timestamp="2019-05-10T05:10:32Z" user="hibagonsan" uid="5939709" lat="34.1748079" lon="131.4723064"/>
 <node id="6463528453" visible="true" version="1" changeset="70096175" timestamp="2019-05-10T05:10:32Z" user="hibagonsan" uid="5939709" lat="34.1749094" lon="131.4723218"/>
 <node id="6463528454" visible="true" version="1" changeset="70096175" timestamp="2019-05-10T05:10:32Z" user="hibagonsan" uid="5939709" lat="34.1748477" lon="131.4722558"/>
 <node id="6463528455" visible="true" version="1" changeset="70096175" timestamp="2019-05-10T05:10:32Z" user="hibagonsan" uid="5939709" lat="34.1747041" lon="131.4723846"/>
 <node id="6463528456" visible="true" version="1" changeset="70096175" timestamp="2019-05-10T05:10:32Z" user="hibagonsan" uid="5939709" lat="34.1747846" lon="131.4725102"/>
 <node id="6463528457" visible="true" version="1" changeset="70096175" timestamp="2019-05-10T05:10:32Z" user="hibagonsan" uid="5939709" lat="34.1749116" lon="131.4723788"/>
 <node id="6463528458" visible="true" version="1" changeset="70096175" timestamp="2019-05-10T05:10:32Z" user="hibagonsan" uid="5939709" lat="34.1745590" lon="131.4721578"/>
 <node id="6463528459" visible="true" version="1" changeset="70096175" timestamp="2019-05-10T05:10:32Z" user="hibagonsan" uid="5939709" lat="34.1746565" lon="131.4720764"/>
 <node id="6463528460" visible="true" version="1" changeset="70096175" timestamp="2019-05-10T05:10:32Z" user="hibagonsan" uid="5939709" lat="34.1746448" lon="131.4720744"/>
 <node id="6463528461" visible="true" version="1" changeset="70096175" timestamp="2019-05-10T05:10:32Z" user="hibagonsan" uid="5939709" lat="34.1746876" lon="131.4720343"/>
 <node id="6463528462" visible="true" version="1" changeset="70096175" timestamp="2019-05-10T05:10:32Z" user="hibagonsan" uid="5939709" lat="34.1745645" lon="131.4721523"/>
 <node id="6463528463" visible="true" version="1" changeset="70096175" timestamp="2019-05-10T05:10:32Z" user="hibagonsan" uid="5939709" lat="34.1746177" lon="131.4722434"/>
 <node id="6463528464" visible="true" version="1" changeset="70096175" timestamp="2019-05-10T05:10:32Z" user="hibagonsan" uid="5939709" lat="34.1747585" lon="131.4721026"/>
 <node id="6463528465" visible="true" version="1" changeset="70096175" timestamp="2019-05-10T05:10:32Z" user="hibagonsan" uid="5939709" lat="34.1747392" lon="131.4721478"/>
 <node id="6463528466" visible="true" version="1" changeset="70096175" timestamp="2019-05-10T05:10:32Z" user="hibagonsan" uid="5939709" lat="34.1746515" lon="131.4722443"/>
 <node id="6463528467" visible="true" version="1" changeset="70096175" timestamp="2019-05-10T05:10:32Z" user="hibagonsan" uid="5939709" lat="34.1746909" lon="131.4723010"/>
 <node id="6463528468" visible="true" version="1" changeset="70096175" timestamp="2019-05-10T05:10:32Z" user="hibagonsan" uid="5939709" lat="34.1747940" lon="131.4721964"/>
 <node id="6463528469" visible="true" version="1" changeset="70096175" timestamp="2019-05-10T05:10:32Z" user="hibagonsan" uid="5939709" lat="34.1747732" lon="131.4725125"/>
 <node id="6463528470" visible="true" version="1" changeset="70096175" timestamp="2019-05-10T05:10:32Z" user="hibagonsan" uid="5939709" lat="34.1747011" lon="131.4723971"/>
 <node id="6463528471" visible="true" version="1" changeset="70096175" timestamp="2019-05-10T05:10:32Z" user="hibagonsan" uid="5939709" lat="34.1746653" lon="131.4724298"/>
 <node id="6463528472" visible="true" version="1" changeset="70096175" timestamp="2019-05-10T05:10:32Z" user="hibagonsan" uid="5939709" lat="34.1747375" lon="131.4725451"/>
 <node id="6463528473" visible="true" version="1" changeset="70096175" timestamp="2019-05-10T05:10:32Z" user="hibagonsan" uid="5939709" lat="34.1747013" lon="131.4725431"/>
 <node id="6463528474" visible="true" version="1" changeset="70096175" timestamp="2019-05-10T05:10:32Z" user="hibagonsan" uid="5939709" lat="34.1746270" lon="131.4724117"/>
 <node id="6463528475" visible="true" version="1" changeset="70096175" timestamp="2019-05-10T05:10:32Z" user="hibagonsan" uid="5939709" lat="34.1745710" lon="131.4724579"/>
 <node id="6463528476" visible="true" version="1" changeset="70096175" timestamp="2019-05-10T05:10:32Z" user="hibagonsan" uid="5939709" lat="34.1746454" lon="131.4725894"/>
 <node id="6463528477" visible="true" version="1" changeset="70096175" timestamp="2019-05-10T05:10:32Z" user="hibagonsan" uid="5939709" lat="34.1743975" lon="131.4724602"/>
 <node id="6463528478" visible="true" version="1" changeset="70096175" timestamp="2019-05-10T05:10:32Z" user="hibagonsan" uid="5939709" lat="34.1743354" lon="131.4723770"/>
 <node id="6463528479" visible="true" version="1" changeset="70096175" timestamp="2019-05-10T05:10:32Z" user="hibagonsan" uid="5939709" lat="34.1742859" lon="131.4724311"/>
 <node id="6463528480" visible="true" version="1" changeset="70096175" timestamp="2019-05-10T05:10:32Z" user="hibagonsan" uid="5939709" lat="34.1743480" lon="131.4725143"/>
 <node id="6463528481" visible="true" version="1" changeset="70096175" timestamp="2019-05-10T05:10:32Z" user="hibagonsan" uid="5939709" lat="34.1741724" lon="131.4723188"/>
 <node id="6463528482" visible="true" version="1" changeset="70096175" timestamp="2019-05-10T05:10:32Z" user="hibagonsan" uid="5939709" lat="34.1741258" lon="131.4722544"/>
 <node id="6463528483" visible="true" version="1" changeset="70096175" timestamp="2019-05-10T05:10:32Z" user="hibagonsan" uid="5939709" lat="34.1741882" lon="131.4721884"/>
 <node id="6463528484" visible="true" version="1" changeset="70096175" timestamp="2019-05-10T05:10:32Z" user="hibagonsan" uid="5939709" lat="34.1742348" lon="131.4722528"/>
 <node id="6463528485" visible="true" version="1" changeset="70096175" timestamp="2019-05-10T05:10:32Z" user="hibagonsan" uid="5939709" lat="34.1742688" lon="131.4722529"/>
 <node id="6463528486" visible="true" version="1" changeset="70096175" timestamp="2019-05-10T05:10:32Z" user="hibagonsan" uid="5939709" lat="34.1742111" lon="131.4723106"/>
 <node id="6463528487" visible="true" version="1" changeset="70096175" timestamp="2019-05-10T05:10:32Z" user="hibagonsan" uid="5939709" lat="34.1742615" lon="131.4723842"/>
 <node id="6463528488" visible="true" version="1" changeset="70096175" timestamp="2019-05-10T05:10:32Z" user="hibagonsan" uid="5939709" lat="34.1743192" lon="131.4723265"/>
 <node id="6463528489" visible="true" version="1" changeset="70096175" timestamp="2019-05-10T05:10:32Z" user="hibagonsan" uid="5939709" lat="34.1743151" lon="131.4720995"/>
 <node id="6463528490" visible="true" version="1" changeset="70096175" timestamp="2019-05-10T05:10:32Z" user="hibagonsan" uid="5939709" lat="34.1742286" lon="131.4721746"/>
 <node id="6463528491" visible="true" version="1" changeset="70096175" timestamp="2019-05-10T05:10:32Z" user="hibagonsan" uid="5939709" lat="34.1742670" lon="131.4722393"/>
 <node id="6463528492" visible="true" version="1" changeset="70096175" timestamp="2019-05-10T05:10:32Z" user="hibagonsan" uid="5939709" lat="34.1743536" lon="131.4721642"/>
 <node id="6463528493" visible="true" version="1" changeset="70096175" timestamp="2019-05-10T05:10:32Z" user="hibagonsan" uid="5939709" lat="34.1743661" lon="131.4722992"/>
 <node id="6463528494" visible="true" version="1" changeset="70096175" timestamp="2019-05-10T05:10:32Z" user="hibagonsan" uid="5939709" lat="34.1743228" lon="131.4722254"/>
 <node id="6463528495" visible="true" version="1" changeset="70096175" timestamp="2019-05-10T05:10:32Z" user="hibagonsan" uid="5939709" lat="34.1743613" lon="131.4721924"/>
 <node id="6463528496" visible="true" version="1" changeset="70096175" timestamp="2019-05-10T05:10:32Z" user="hibagonsan" uid="5939709" lat="34.1744046" lon="131.4722662"/>
 <node id="6463528497" visible="true" version="1" changeset="70096175" timestamp="2019-05-10T05:10:32Z" user="hibagonsan" uid="5939709" lat="34.1744329" lon="131.4722985"/>
 <node id="6463528498" visible="true" version="1" changeset="70096175" timestamp="2019-05-10T05:10:32Z" user="hibagonsan" uid="5939709" lat="34.1743863" lon="131.4723374"/>
 <node id="6463528499" visible="true" version="1" changeset="70096175" timestamp="2019-05-10T05:10:32Z" user="hibagonsan" uid="5939709" lat="34.1744246" lon="131.4724043"/>
 <node id="6463528500" visible="true" version="1" changeset="70096175" timestamp="2019-05-10T05:10:32Z" user="hibagonsan" uid="5939709" lat="34.1744712" lon="131.4723654"/>
 <node id="6463528501" visible="true" version="1" changeset="70096175" timestamp="2019-05-10T05:10:32Z" user="hibagonsan" uid="5939709" lat="34.1745865" lon="131.4722632"/>
 <node id="6463528502" visible="true" version="1" changeset="70096175" timestamp="2019-05-10T05:10:32Z" user="hibagonsan" uid="5939709" lat="34.1745322" lon="131.4721733"/>
 <node id="6463528503" visible="true" version="1" changeset="70096175" timestamp="2019-05-10T05:10:32Z" user="hibagonsan" uid="5939709" lat="34.1744712" lon="131.4722273"/>
 <node id="6463528504" visible="true" version="1" changeset="70096175" timestamp="2019-05-10T05:10:32Z" user="hibagonsan" uid="5939709" lat="34.1745255" lon="131.4723171"/>
 <node id="6463528505" visible="true" version="1" changeset="70096175" timestamp="2019-05-10T05:10:32Z" user="hibagonsan" uid="5939709" lat="34.1744581" lon="131.4720946"/>
 <node id="6463528506" visible="true" version="1" changeset="70096175" timestamp="2019-05-10T05:10:32Z" user="hibagonsan" uid="5939709" lat="34.1744015" lon="131.4721456"/>
 <node id="6463528507" visible="true" version="1" changeset="70096175" timestamp="2019-05-10T05:10:32Z" user="hibagonsan" uid="5939709" lat="34.1744279" lon="131.4721884"/>
 <node id="6463528508" visible="true" version="1" changeset="70096175" timestamp="2019-05-10T05:10:32Z" user="hibagonsan" uid="5939709" lat="34.1744845" lon="131.4721374"/>
 <node id="6463528509" visible="true" version="1" changeset="70096175" timestamp="2019-05-10T05:10:32Z" user="hibagonsan" uid="5939709" lat="34.1743841" lon="131.4720281"/>
 <node id="6463528510" visible="true" version="1" changeset="70096175" timestamp="2019-05-10T05:10:32Z" user="hibagonsan" uid="5939709" lat="34.1744201" lon="131.4719242"/>
 <node id="6463528511" visible="true" version="1" changeset="70096175" timestamp="2019-05-10T05:10:32Z" user="hibagonsan" uid="5939709" lat="34.1743769" lon="131.4719966"/>
 <node id="6463528512" visible="true" version="1" changeset="70096175" timestamp="2019-05-10T05:10:33Z" user="hibagonsan" uid="5939709" lat="34.1744379" lon="131.4719523"/>
 <node id="6463528513" visible="true" version="1" changeset="70096175" timestamp="2019-05-10T05:10:33Z" user="hibagonsan" uid="5939709" lat="34.1744710" lon="131.4718887"/>
 <node id="6463528514" visible="true" version="1" changeset="70096175" timestamp="2019-05-10T05:10:33Z" user="hibagonsan" uid="5939709" lat="34.1743689" lon="131.4720604"/>
 <node id="6463528515" visible="true" version="1" changeset="70096175" timestamp="2019-05-10T05:10:33Z" user="hibagonsan" uid="5939709" lat="34.1744024" lon="131.4721106"/>
 <node id="6463528516" visible="true" version="1" changeset="70096175" timestamp="2019-05-10T05:10:33Z" user="hibagonsan" uid="5939709" lat="34.1745511" lon="131.4719658"/>
 <node id="6463528517" visible="true" version="1" changeset="70096175" timestamp="2019-05-10T05:10:33Z" user="hibagonsan" uid="5939709" lat="34.1742176" lon="131.4721132"/>
 <node id="6463528518" visible="true" version="1" changeset="70096175" timestamp="2019-05-10T05:10:33Z" user="hibagonsan" uid="5939709" lat="34.1741677" lon="131.4720247"/>
 <node id="6463528519" visible="true" version="1" changeset="70096175" timestamp="2019-05-10T05:10:33Z" user="hibagonsan" uid="5939709" lat="34.1742359" lon="131.4719684"/>
 <node id="6463528520" visible="true" version="1" changeset="70096175" timestamp="2019-05-10T05:10:33Z" user="hibagonsan" uid="5939709" lat="34.1742859" lon="131.4720570"/>
 <node id="6463528521" visible="true" version="1" changeset="70096175" timestamp="2019-05-10T05:10:33Z" user="hibagonsan" uid="5939709" lat="34.1742508" lon="131.4717822"/>
 <node id="6463528522" visible="true" version="1" changeset="70096175" timestamp="2019-05-10T05:10:33Z" user="hibagonsan" uid="5939709" lat="34.1741631" lon="131.4718586"/>
 <node id="6463528523" visible="true" version="1" changeset="70096175" timestamp="2019-05-10T05:10:33Z" user="hibagonsan" uid="5939709" lat="34.1742126" lon="131.4719416"/>
 <node id="6463528524" visible="true" version="1" changeset="70096175" timestamp="2019-05-10T05:10:33Z" user="hibagonsan" uid="5939709" lat="34.1743003" lon="131.4718652"/>
 <node id="6463528525" visible="true" version="1" changeset="70096175" timestamp="2019-05-10T05:10:33Z" user="hibagonsan" uid="5939709" lat="34.1745119" lon="131.4716120"/>
 <node id="6463528526" visible="true" version="1" changeset="70096175" timestamp="2019-05-10T05:10:33Z" user="hibagonsan" uid="5939709" lat="34.1744575" lon="131.4715664"/>
 <node id="6463528527" visible="true" version="1" changeset="70096175" timestamp="2019-05-10T05:10:33Z" user="hibagonsan" uid="5939709" lat="34.1744900" lon="131.4715098"/>
 <node id="6463528528" visible="true" version="1" changeset="70096175" timestamp="2019-05-10T05:10:33Z" user="hibagonsan" uid="5939709" lat="34.1745444" lon="131.4715554"/>
 <node id="6463528543" visible="true" version="1" changeset="70096175" timestamp="2019-05-10T05:10:33Z" user="hibagonsan" uid="5939709" lat="34.1742364" lon="131.4711058"/>
 <node id="6463528544" visible="true" version="1" changeset="70096175" timestamp="2019-05-10T05:10:33Z" user="hibagonsan" uid="5939709" lat="34.1741299" lon="131.4712144"/>
 <node id="6463528545" visible="true" version="1" changeset="70096175" timestamp="2019-05-10T05:10:33Z" user="hibagonsan" uid="5939709" lat="34.1741938" lon="131.4713059"/>
 <node id="6463528546" visible="true" version="1" changeset="70096175" timestamp="2019-05-10T05:10:33Z" user="hibagonsan" uid="5939709" lat="34.1743003" lon="131.4711973"/>
 <node id="6463528547" visible="true" version="1" changeset="70096175" timestamp="2019-05-10T05:10:33Z" user="hibagonsan" uid="5939709" lat="34.1743000" lon="131.4712201"/>
 <node id="6463528548" visible="true" version="1" changeset="70096175" timestamp="2019-05-10T05:10:33Z" user="hibagonsan" uid="5939709" lat="34.1742212" lon="131.4713100"/>
 <node id="6463528549" visible="true" version="1" changeset="70096175" timestamp="2019-05-10T05:10:33Z" user="hibagonsan" uid="5939709" lat="34.1742903" lon="131.4713985"/>
 <node id="6463528550" visible="true" version="1" changeset="70096175" timestamp="2019-05-10T05:10:33Z" user="hibagonsan" uid="5939709" lat="34.1743691" lon="131.4713086"/>
 <node id="6544229421" visible="true" version="1" changeset="71206938" timestamp="2019-06-13T07:56:22Z" user="hibagonsan" uid="5939709" lat="34.1755993" lon="131.4729053"/>
 <node id="6544229422" visible="true" version="1" changeset="71206938" timestamp="2019-06-13T07:56:22Z" user="hibagonsan" uid="5939709" lat="34.1755576" lon="131.4729593"/>
 <node id="6544229423" visible="true" version="1" changeset="71206938" timestamp="2019-06-13T07:56:22Z" user="hibagonsan" uid="5939709" lat="34.1755848" lon="131.4729900"/>
 <node id="6544229424" visible="true" version="1" changeset="71206938" timestamp="2019-06-13T07:56:22Z" user="hibagonsan" uid="5939709" lat="34.1756265" lon="131.4729360"/>
 <node id="6544229425" visible="true" version="1" changeset="71206938" timestamp="2019-06-13T07:56:22Z" user="hibagonsan" uid="5939709" lat="34.1756422" lon="131.4729156"/>
 <node id="6544229426" visible="true" version="1" changeset="71206938" timestamp="2019-06-13T07:56:22Z" user="hibagonsan" uid="5939709" lat="34.1755759" lon="131.4730014"/>
 <node id="6544229427" visible="true" version="1" changeset="71206938" timestamp="2019-06-13T07:56:22Z" user="hibagonsan" uid="5939709" lat="34.1756065" lon="131.4730360"/>
 <node id="6544229428" visible="true" version="1" changeset="71206938" timestamp="2019-06-13T07:56:22Z" user="hibagonsan" uid="5939709" lat="34.1756728" lon="131.4729501"/>
 <node id="6544229439" visible="true" version="1" changeset="71206938" timestamp="2019-06-13T07:56:22Z" user="hibagonsan" uid="5939709" lat="34.1758366" lon="131.4732622"/>
 <node id="6544229440" visible="true" version="1" changeset="71206938" timestamp="2019-06-13T07:56:22Z" user="hibagonsan" uid="5939709" lat="34.1756946" lon="131.4734178"/>
 <node id="6544229441" visible="true" version="1" changeset="71206938" timestamp="2019-06-13T07:56:22Z" user="hibagonsan" uid="5939709" lat="34.1757582" lon="131.4735027"/>
 <node id="6544229442" visible="true" version="1" changeset="71206938" timestamp="2019-06-13T07:56:22Z" user="hibagonsan" uid="5939709" lat="34.1759002" lon="131.4733471"/>
 <node id="6544242263" visible="true" version="1" changeset="71206977" timestamp="2019-06-13T07:57:24Z" user="hibagonsan" uid="5939709" lat="34.1752063" lon="131.4742082"/>
 <node id="6544242264" visible="true" version="1" changeset="71206977" timestamp="2019-06-13T07:57:24Z" user="hibagonsan" uid="5939709" lat="34.1751508" lon="131.4740928"/>
 <node id="6544242265" visible="true" version="1" changeset="71206977" timestamp="2019-06-13T07:57:24Z" user="hibagonsan" uid="5939709" lat="34.1752234" lon="131.4740418"/>
 <node id="6544242266" visible="true" version="1" changeset="71206977" timestamp="2019-06-13T07:57:24Z" user="hibagonsan" uid="5939709" lat="34.1752789" lon="131.4741571"/>
 <node id="6544242267" visible="true" version="1" changeset="71206977" timestamp="2019-06-13T07:57:24Z" user="hibagonsan" uid="5939709" lat="34.1751328" lon="131.4740597"/>
 <node id="6544242268" visible="true" version="1" changeset="71206977" timestamp="2019-06-13T07:57:24Z" user="hibagonsan" uid="5939709" lat="34.1750984" lon="131.4739940"/>
 <node id="6544242269" visible="true" version="1" changeset="71206977" timestamp="2019-06-13T07:57:24Z" user="hibagonsan" uid="5939709" lat="34.1751657" lon="131.4739425"/>
 <node id="6544242270" visible="true" version="1" changeset="71206977" timestamp="2019-06-13T07:57:24Z" user="hibagonsan" uid="5939709" lat="34.1752001" lon="131.4740083"/>
 <node id="6544242271" visible="true" version="1" changeset="71206977" timestamp="2019-06-13T07:57:24Z" user="hibagonsan" uid="5939709" lat="34.1752911" lon="131.4740399"/>
 <node id="6544242272" visible="true" version="1" changeset="71206977" timestamp="2019-06-13T07:57:24Z" user="hibagonsan" uid="5939709" lat="34.1751935" lon="131.4738682"/>
 <node id="6544242273" visible="true" version="1" changeset="71206977" timestamp="2019-06-13T07:57:24Z" user="hibagonsan" uid="5939709" lat="34.1752944" lon="131.4737843"/>
 <node id="6544242274" visible="true" version="1" changeset="71206977" timestamp="2019-06-13T07:57:24Z" user="hibagonsan" uid="5939709" lat="34.1753921" lon="131.4739560"/>
 <node id="6544242275" visible="true" version="2" changeset="79768807" timestamp="2020-01-20T00:27:26Z" user="hibagonsan" uid="5939709" lat="34.1754279" lon="131.4741850"/>
 <node id="6544242276" visible="true" version="2" changeset="79768807" timestamp="2020-01-20T00:27:26Z" user="hibagonsan" uid="5939709" lat="34.1753636" lon="131.4740590"/>
 <node id="6544242277" visible="true" version="2" changeset="79768807" timestamp="2020-01-20T00:27:26Z" user="hibagonsan" uid="5939709" lat="34.1754387" lon="131.4740029"/>
 <node id="6544242278" visible="true" version="2" changeset="79768807" timestamp="2020-01-20T00:27:26Z" user="hibagonsan" uid="5939709" lat="34.1755030" lon="131.4741290"/>
 <node id="6544242279" visible="true" version="1" changeset="71206977" timestamp="2019-06-13T07:57:24Z" user="hibagonsan" uid="5939709" lat="34.1750401" lon="131.4742125"/>
 <node id="6544242280" visible="true" version="1" changeset="71206977" timestamp="2019-06-13T07:57:24Z" user="hibagonsan" uid="5939709" lat="34.1750811" lon="131.4741828"/>
 <node id="6544242281" visible="true" version="1" changeset="71206977" timestamp="2019-06-13T07:57:24Z" user="hibagonsan" uid="5939709" lat="34.1748739" lon="131.4738761"/>
 <node id="6544242282" visible="true" version="1" changeset="71206977" timestamp="2019-06-13T07:57:24Z" user="hibagonsan" uid="5939709" lat="34.1750958" lon="131.4742125"/>
 <node id="6544242283" visible="true" version="1" changeset="71206977" timestamp="2019-06-13T07:57:24Z" user="hibagonsan" uid="5939709" lat="34.1751280" lon="131.4741893"/>
 <node id="6544242284" visible="true" version="1" changeset="71206977" timestamp="2019-06-13T07:57:24Z" user="hibagonsan" uid="5939709" lat="34.1749472" lon="131.4738232"/>
 <node id="6544275001" visible="true" version="1" changeset="71207146" timestamp="2019-06-13T08:01:40Z" user="hibagonsan" uid="5939709" lat="34.1744885" lon="131.4713581"/>
 <node id="6544275002" visible="true" version="1" changeset="71207146" timestamp="2019-06-13T08:01:40Z" user="hibagonsan" uid="5939709" lat="34.1744330" lon="131.4712495"/>
 <node id="6544275003" visible="true" version="1" changeset="71207146" timestamp="2019-06-13T08:01:40Z" user="hibagonsan" uid="5939709" lat="34.1745011" lon="131.4711986"/>
 <node id="6544275004" visible="true" version="1" changeset="71207146" timestamp="2019-06-13T08:01:40Z" user="hibagonsan" uid="5939709" lat="34.1745566" lon="131.4713073"/>
 <node id="6585424593" visible="true" version="1" changeset="71840914" timestamp="2019-07-03T00:28:59Z" user="hibagonsan" uid="5939709" lat="34.1743576" lon="131.4735834"/>
 <node id="6585424594" visible="true" version="1" changeset="71840914" timestamp="2019-07-03T00:28:59Z" user="hibagonsan" uid="5939709" lat="34.1743066" lon="131.4734975"/>
 <node id="6585424595" visible="true" version="1" changeset="71840914" timestamp="2019-07-03T00:28:59Z" user="hibagonsan" uid="5939709" lat="34.1743624" lon="131.4734490"/>
 <node id="6585424596" visible="true" version="1" changeset="71840914" timestamp="2019-07-03T00:28:59Z" user="hibagonsan" uid="5939709" lat="34.1744135" lon="131.4735349"/>
 <node id="6585424617" visible="true" version="1" changeset="71840914" timestamp="2019-07-03T00:28:59Z" user="hibagonsan" uid="5939709" lat="34.1748926" lon="131.4740547"/>
 <node id="6585424618" visible="true" version="1" changeset="71840914" timestamp="2019-07-03T00:28:59Z" user="hibagonsan" uid="5939709" lat="34.1749358" lon="131.4741674"/>
 <node id="6585424619" visible="true" version="1" changeset="71840914" timestamp="2019-07-03T00:28:59Z" user="hibagonsan" uid="5939709" lat="34.1748562" lon="131.4742121"/>
 <node id="6585424620" visible="true" version="1" changeset="71840914" timestamp="2019-07-03T00:28:59Z" user="hibagonsan" uid="5939709" lat="34.1748129" lon="131.4740995"/>
 <node id="6585424621" visible="true" version="1" changeset="71840914" timestamp="2019-07-03T00:28:59Z" user="hibagonsan" uid="5939709" lat="34.1748964" lon="131.4739830"/>
 <node id="6585424622" visible="true" version="1" changeset="71840914" timestamp="2019-07-03T00:28:59Z" user="hibagonsan" uid="5939709" lat="34.1748032" lon="131.4740621"/>
 <node id="6585424623" visible="true" version="1" changeset="71840914" timestamp="2019-07-03T00:28:59Z" user="hibagonsan" uid="5939709" lat="34.1747408" lon="131.4739546"/>
 <node id="6585424624" visible="true" version="1" changeset="71840914" timestamp="2019-07-03T00:28:59Z" user="hibagonsan" uid="5939709" lat="34.1748340" lon="131.4738755"/>
 <node id="6585424639" visible="true" version="1" changeset="71840914" timestamp="2019-07-03T00:28:59Z" user="hibagonsan" uid="5939709" lat="34.1747299" lon="131.4741121"/>
 <node id="6585424640" visible="true" version="1" changeset="71840914" timestamp="2019-07-03T00:28:59Z" user="hibagonsan" uid="5939709" lat="34.1745879" lon="131.4741979"/>
 <node id="6585424641" visible="true" version="1" changeset="71840914" timestamp="2019-07-03T00:28:59Z" user="hibagonsan" uid="5939709" lat="34.1746087" lon="131.4742483"/>
 <node id="6585424642" visible="true" version="1" changeset="71840914" timestamp="2019-07-03T00:28:59Z" user="hibagonsan" uid="5939709" lat="34.1747508" lon="131.4741625"/>
 <node id="6585452932" visible="true" version="1" changeset="71840965" timestamp="2019-07-03T00:36:00Z" user="hibagonsan" uid="5939709" lat="34.1750526" lon="131.4736649"/>
 <node id="6585452933" visible="true" version="1" changeset="71840965" timestamp="2019-07-03T00:36:00Z" user="hibagonsan" uid="5939709" lat="34.1746864" lon="131.4739425"/>
 <node id="6585452934" visible="true" version="1" changeset="71840965" timestamp="2019-07-03T00:36:00Z" user="hibagonsan" uid="5939709" lat="34.1745732" lon="131.4734249"/>
 <node id="6585452935" visible="true" version="1" changeset="71840965" timestamp="2019-07-03T00:36:00Z" user="hibagonsan" uid="5939709" lat="34.1743658" lon="131.4736006"/>
 <node id="6585452936" visible="true" version="1" changeset="71840965" timestamp="2019-07-03T00:36:00Z" user="hibagonsan" uid="5939709" lat="34.1743430" lon="131.4735965"/>
 <node id="6585452945" visible="true" version="1" changeset="71840965" timestamp="2019-07-03T00:36:00Z" user="hibagonsan" uid="5939709" lat="34.1745943" lon="131.4739262"/>
 <node id="6585452946" visible="true" version="1" changeset="71840965" timestamp="2019-07-03T00:36:00Z" user="hibagonsan" uid="5939709" lat="34.1746299" lon="131.4738993"/>
 <node id="6585452947" visible="true" version="1" changeset="71840965" timestamp="2019-07-03T00:36:00Z" user="hibagonsan" uid="5939709" lat="34.1745828" lon="131.4738086"/>
 <node id="6585452948" visible="true" version="1" changeset="71840965" timestamp="2019-07-03T00:36:00Z" user="hibagonsan" uid="5939709" lat="34.1746183" lon="131.4739724"/>
 <node id="6585452949" visible="true" version="1" changeset="71840965" timestamp="2019-07-03T00:36:00Z" user="hibagonsan" uid="5939709" lat="34.1747319" lon="131.4738862"/>
 <node id="6585452950" visible="true" version="1" changeset="71840965" timestamp="2019-07-03T00:36:00Z" user="hibagonsan" uid="5939709" lat="34.1746609" lon="131.4737494"/>
 <node id="6585452951" visible="true" version="1" changeset="71840965" timestamp="2019-07-03T00:36:00Z" user="hibagonsan" uid="5939709" lat="34.1744882" lon="131.4736795"/>
 <node id="6585452952" visible="true" version="1" changeset="71840965" timestamp="2019-07-03T00:36:00Z" user="hibagonsan" uid="5939709" lat="34.1745382" lon="131.4737788"/>
 <node id="6585452953" visible="true" version="1" changeset="71840965" timestamp="2019-07-03T00:36:00Z" user="hibagonsan" uid="5939709" lat="34.1746620" lon="131.4736877"/>
 <node id="6585452954" visible="true" version="1" changeset="71840965" timestamp="2019-07-03T00:36:00Z" user="hibagonsan" uid="5939709" lat="34.1746121" lon="131.4735885"/>
 <node id="6585452955" visible="true" version="1" changeset="71840965" timestamp="2019-07-03T00:36:00Z" user="hibagonsan" uid="5939709" lat="34.1744804" lon="131.4735185"/>
 <node id="6585452956" visible="true" version="1" changeset="71840965" timestamp="2019-07-03T00:36:00Z" user="hibagonsan" uid="5939709" lat="34.1745370" lon="131.4736285"/>
 <node id="6585452957" visible="true" version="1" changeset="71840965" timestamp="2019-07-03T00:36:00Z" user="hibagonsan" uid="5939709" lat="34.1746010" lon="131.4735804"/>
 <node id="6585452958" visible="true" version="1" changeset="71840965" timestamp="2019-07-03T00:36:00Z" user="hibagonsan" uid="5939709" lat="34.1745444" lon="131.4734705"/>
 <node id="6585452959" visible="true" version="1" changeset="71840965" timestamp="2019-07-03T00:36:00Z" user="hibagonsan" uid="5939709" lat="34.1742557" lon="131.4731601"/>
 <node id="6585452960" visible="true" version="1" changeset="71840965" timestamp="2019-07-03T00:36:00Z" user="hibagonsan" uid="5939709" lat="34.1742763" lon="131.4731911"/>
 <node id="6585452961" visible="true" version="1" changeset="71840965" timestamp="2019-07-03T00:36:00Z" user="hibagonsan" uid="5939709" lat="34.1742985" lon="131.4731187"/>
 <node id="6585452962" visible="true" version="1" changeset="71840965" timestamp="2019-07-03T00:36:00Z" user="hibagonsan" uid="5939709" lat="34.1742136" lon="131.4732517"/>
 <node id="6585452963" visible="true" version="1" changeset="71840965" timestamp="2019-07-03T00:36:00Z" user="hibagonsan" uid="5939709" lat="34.1742626" lon="131.4733256"/>
 <node id="6585452964" visible="true" version="1" changeset="71840965" timestamp="2019-07-03T00:36:00Z" user="hibagonsan" uid="5939709" lat="34.1743680" lon="131.4732237"/>
 <node id="7021736526" visible="true" version="1" changeset="77759084" timestamp="2019-11-30T14:25:42Z" user="hibagonsan" uid="5939709" lat="34.1753166" lon="131.4715391"/>
 <node id="7021736527" visible="true" version="1" changeset="77759084" timestamp="2019-11-30T14:25:42Z" user="hibagonsan" uid="5939709" lat="34.1752351" lon="131.4716189"/>
 <node id="7021736528" visible="true" version="1" changeset="77759084" timestamp="2019-11-30T14:25:42Z" user="hibagonsan" uid="5939709" lat="34.1751863" lon="131.4715460"/>
 <node id="7021736529" visible="true" version="1" changeset="77759084" timestamp="2019-11-30T14:25:42Z" user="hibagonsan" uid="5939709" lat="34.1752678" lon="131.4714662"/>
 <node id="7021736530" visible="true" version="1" changeset="77759084" timestamp="2019-11-30T14:25:42Z" user="hibagonsan" uid="5939709" lat="34.1755036" lon="131.4713038"/>
 <node id="7021736531" visible="true" version="1" changeset="77759084" timestamp="2019-11-30T14:25:42Z" user="hibagonsan" uid="5939709" lat="34.1754956" lon="131.4712924"/>
 <node id="7021736532" visible="true" version="1" changeset="77759084" timestamp="2019-11-30T14:25:42Z" user="hibagonsan" uid="5939709" lat="34.1755213" lon="131.4712855"/>
 <node id="7021736533" visible="true" version="1" changeset="77759084" timestamp="2019-11-30T14:25:42Z" user="hibagonsan" uid="5939709" lat="34.1754123" lon="131.4713787"/>
 <node id="7021736534" visible="true" version="1" changeset="77759084" timestamp="2019-11-30T14:25:42Z" user="hibagonsan" uid="5939709" lat="34.1754520" lon="131.4714347"/>
 <node id="7021736535" visible="true" version="1" changeset="77759084" timestamp="2019-11-30T14:25:42Z" user="hibagonsan" uid="5939709" lat="34.1755530" lon="131.4713301"/>
 <node id="7021736536" visible="true" version="1" changeset="77759084" timestamp="2019-11-30T14:25:42Z" user="hibagonsan" uid="5939709" lat="34.1754255" lon="131.4714524"/>
 <node id="7021736537" visible="true" version="1" changeset="77759084" timestamp="2019-11-30T14:25:42Z" user="hibagonsan" uid="5939709" lat="34.1753600" lon="131.4713559"/>
 <node id="7021736538" visible="true" version="1" changeset="77759084" timestamp="2019-11-30T14:25:42Z" user="hibagonsan" uid="5939709" lat="34.1753211" lon="131.4713944"/>
 <node id="7021736539" visible="true" version="1" changeset="77759084" timestamp="2019-11-30T14:25:42Z" user="hibagonsan" uid="5939709" lat="34.1753865" lon="131.4714910"/>
 <node id="7021736540" visible="true" version="1" changeset="77759084" timestamp="2019-11-30T14:25:42Z" user="hibagonsan" uid="5939709" lat="34.1755178" lon="131.4713994"/>
 <node id="7021736541" visible="true" version="1" changeset="77759084" timestamp="2019-11-30T14:25:42Z" user="hibagonsan" uid="5939709" lat="34.1754501" lon="131.4714611"/>
 <node id="7021736542" visible="true" version="1" changeset="77759084" timestamp="2019-11-30T14:25:42Z" user="hibagonsan" uid="5939709" lat="34.1754897" lon="131.4715245"/>
 <node id="7021736543" visible="true" version="1" changeset="77759084" timestamp="2019-11-30T14:25:42Z" user="hibagonsan" uid="5939709" lat="34.1755574" lon="131.4714628"/>
 <node id="7021736544" visible="true" version="1" changeset="77759084" timestamp="2019-11-30T14:25:42Z" user="hibagonsan" uid="5939709" lat="34.1757330" lon="131.4714718"/>
 <node id="7021736545" visible="true" version="1" changeset="77759084" timestamp="2019-11-30T14:25:42Z" user="hibagonsan" uid="5939709" lat="34.1756764" lon="131.4713994"/>
 <node id="7021736546" visible="true" version="1" changeset="77759084" timestamp="2019-11-30T14:25:42Z" user="hibagonsan" uid="5939709" lat="34.1756373" lon="131.4714441"/>
 <node id="7021736547" visible="true" version="1" changeset="77759084" timestamp="2019-11-30T14:25:42Z" user="hibagonsan" uid="5939709" lat="34.1756939" lon="131.4715165"/>
 <node id="7021736700" visible="true" version="1" changeset="77759084" timestamp="2019-11-30T14:25:42Z" user="hibagonsan" uid="5939709" lat="34.1749990" lon="131.4716362"/>
 <node id="7021736701" visible="true" version="1" changeset="77759084" timestamp="2019-11-30T14:25:42Z" user="hibagonsan" uid="5939709" lat="34.1749125" lon="131.4714981"/>
 <node id="7021736702" visible="true" version="1" changeset="77759084" timestamp="2019-11-30T14:25:42Z" user="hibagonsan" uid="5939709" lat="34.1749788" lon="131.4714374"/>
 <node id="7021736703" visible="true" version="1" changeset="77759084" timestamp="2019-11-30T14:25:42Z" user="hibagonsan" uid="5939709" lat="34.1750653" lon="131.4715755"/>
 <node id="7021736704" visible="true" version="1" changeset="77759084" timestamp="2019-11-30T14:25:42Z" user="hibagonsan" uid="5939709" lat="34.1750736" lon="131.4715696"/>
 <node id="7021736705" visible="true" version="1" changeset="77759084" timestamp="2019-11-30T14:25:42Z" user="hibagonsan" uid="5939709" lat="34.1749837" lon="131.4714314"/>
 <node id="7021736706" visible="true" version="1" changeset="77759084" timestamp="2019-11-30T14:25:42Z" user="hibagonsan" uid="5939709" lat="34.1750304" lon="131.4713871"/>
 <node id="7021736707" visible="true" version="1" changeset="77759084" timestamp="2019-11-30T14:25:42Z" user="hibagonsan" uid="5939709" lat="34.1751202" lon="131.4715252"/>
 <node id="7021736708" visible="true" version="1" changeset="77759084" timestamp="2019-11-30T14:25:42Z" user="hibagonsan" uid="5939709" lat="34.1750938" lon="131.4712811"/>
 <node id="7021736709" visible="true" version="1" changeset="77759084" timestamp="2019-11-30T14:25:42Z" user="hibagonsan" uid="5939709" lat="34.1750821" lon="131.4712603"/>
 <node id="7021736710" visible="true" version="1" changeset="77759084" timestamp="2019-11-30T14:25:42Z" user="hibagonsan" uid="5939709" lat="34.1750640" lon="131.4712751"/>
 <node id="7021736711" visible="true" version="1" changeset="77759084" timestamp="2019-11-30T14:25:42Z" user="hibagonsan" uid="5939709" lat="34.1749569" lon="131.4710840"/>
 <node id="7021736712" visible="true" version="1" changeset="77759084" timestamp="2019-11-30T14:25:42Z" user="hibagonsan" uid="5939709" lat="34.1750004" lon="131.4710484"/>
 <node id="7021736713" visible="true" version="1" changeset="77759084" timestamp="2019-11-30T14:25:42Z" user="hibagonsan" uid="5939709" lat="34.1751191" lon="131.4712603"/>
 <node id="7021736714" visible="true" version="1" changeset="77759084" timestamp="2019-11-30T14:25:42Z" user="hibagonsan" uid="5939709" lat="34.1750445" lon="131.4713550"/>
 <node id="7021736715" visible="true" version="1" changeset="77759084" timestamp="2019-11-30T14:25:42Z" user="hibagonsan" uid="5939709" lat="34.1749946" lon="131.4712759"/>
 <node id="7021736716" visible="true" version="1" changeset="77759084" timestamp="2019-11-30T14:25:42Z" user="hibagonsan" uid="5939709" lat="34.1750304" lon="131.4712429"/>
 <node id="7021736717" visible="true" version="1" changeset="77759084" timestamp="2019-11-30T14:25:42Z" user="hibagonsan" uid="5939709" lat="34.1750803" lon="131.4713220"/>
 <node id="7090239562" visible="true" version="1" changeset="78948879" timestamp="2019-12-28T07:13:01Z" user="hibagonsan" uid="5939709" lat="34.1742342" lon="131.4725441"/>
 <node id="7090239563" visible="true" version="1" changeset="78948879" timestamp="2019-12-28T07:13:01Z" user="hibagonsan" uid="5939709" lat="34.1741852" lon="131.4724590"/>
 <node id="7090239564" visible="true" version="1" changeset="78948879" timestamp="2019-12-28T07:13:01Z" user="hibagonsan" uid="5939709" lat="34.1742098" lon="131.4725643"/>
 <node id="7090239565" visible="true" version="1" changeset="78948879" timestamp="2019-12-28T07:13:01Z" user="hibagonsan" uid="5939709" lat="34.1741612" lon="131.4724788"/>
 <node id="7090239566" visible="true" version="1" changeset="78948879" timestamp="2019-12-28T07:13:01Z" user="hibagonsan" uid="5939709" lat="34.1742628" lon="131.4725943"/>
 <node id="7090239567" visible="true" version="1" changeset="78948879" timestamp="2019-12-28T07:13:01Z" user="hibagonsan" uid="5939709" lat="34.1741697" lon="131.4724318"/>
 <node id="7090239568" visible="true" version="1" changeset="78948879" timestamp="2019-12-28T07:13:01Z" user="hibagonsan" uid="5939709" lat="34.1740712" lon="131.4725136"/>
 <node id="7090239569" visible="true" version="1" changeset="78948879" timestamp="2019-12-28T07:13:01Z" user="hibagonsan" uid="5939709" lat="34.1741638" lon="131.4726765"/>
 <node id="7143790929" visible="true" version="1" changeset="79768807" timestamp="2020-01-20T00:27:26Z" user="hibagonsan" uid="5939709" lat="34.1748663" lon="131.4717911"/>
 <node id="7143790930" visible="true" version="1" changeset="79768807" timestamp="2020-01-20T00:27:26Z" user="hibagonsan" uid="5939709" lat="34.1747836" lon="131.4718722"/>
 <node id="7143790931" visible="true" version="1" changeset="79768807" timestamp="2020-01-20T00:27:26Z" user="hibagonsan" uid="5939709" lat="34.1747491" lon="131.4718451"/>
 <node id="7143790932" visible="true" version="1" changeset="79768807" timestamp="2020-01-20T00:27:26Z" user="hibagonsan" uid="5939709" lat="34.1748401" lon="131.4717532"/>
 <node id="7143790933" visible="true" version="1" changeset="79768807" timestamp="2020-01-20T00:27:26Z" user="hibagonsan" uid="5939709" lat="34.1750387" lon="131.4716638"/>
 <node id="7143790934" visible="true" version="1" changeset="79768807" timestamp="2020-01-20T00:27:26Z" user="hibagonsan" uid="5939709" lat="34.1750132" lon="131.4716913"/>
 <node id="7143790935" visible="true" version="1" changeset="79768807" timestamp="2020-01-20T00:27:26Z" user="hibagonsan" uid="5939709" lat="34.1750331" lon="131.4717183"/>
 <node id="7143790936" visible="true" version="1" changeset="79768807" timestamp="2020-01-20T00:27:26Z" user="hibagonsan" uid="5939709" lat="34.1750587" lon="131.4716908"/>
 <node id="7143790937" visible="true" version="1" changeset="79768807" timestamp="2020-01-20T00:27:26Z" user="hibagonsan" uid="5939709" lat="34.1750801" lon="131.4716970"/>
 <node id="7143790938" visible="true" version="1" changeset="79768807" timestamp="2020-01-20T00:27:26Z" user="hibagonsan" uid="5939709" lat="34.1750520" lon="131.4716524"/>
 <node id="7143790939" visible="true" version="1" changeset="79768807" timestamp="2020-01-20T00:27:26Z" user="hibagonsan" uid="5939709" lat="34.1751074" lon="131.4716013"/>
 <node id="7143790940" visible="true" version="1" changeset="79768807" timestamp="2020-01-20T00:27:26Z" user="hibagonsan" uid="5939709" lat="34.1751338" lon="131.4716432"/>
 <node id="7143790941" visible="true" version="1" changeset="79768807" timestamp="2020-01-20T00:27:26Z" user="hibagonsan" uid="5939709" lat="34.1751601" lon="131.4716190"/>
 <node id="7143790942" visible="true" version="1" changeset="79768807" timestamp="2020-01-20T00:27:26Z" user="hibagonsan" uid="5939709" lat="34.1750962" lon="131.4716821"/>
 <node id="7143790943" visible="true" version="1" changeset="79768807" timestamp="2020-01-20T00:27:26Z" user="hibagonsan" uid="5939709" lat="34.1751281" lon="131.4717326"/>
 <node id="7143790944" visible="true" version="1" changeset="79768807" timestamp="2020-01-20T00:27:26Z" user="hibagonsan" uid="5939709" lat="34.1751937" lon="131.4716722"/>
 <node id="7143790945" visible="true" version="1" changeset="79768807" timestamp="2020-01-20T00:27:26Z" user="hibagonsan" uid="5939709" lat="34.1753629" lon="131.4718523"/>
 <node id="7143790946" visible="true" version="1" changeset="79768807" timestamp="2020-01-20T00:27:26Z" user="hibagonsan" uid="5939709" lat="34.1752786" lon="131.4717370"/>
 <node id="7143790947" visible="true" version="1" changeset="79768807" timestamp="2020-01-20T00:27:26Z" user="hibagonsan" uid="5939709" lat="34.1753444" lon="131.4716667"/>
 <node id="7143790948" visible="true" version="1" changeset="79768807" timestamp="2020-01-20T00:27:26Z" user="hibagonsan" uid="5939709" lat="34.1754287" lon="131.4717820"/>
 <node id="7143790949" visible="true" version="1" changeset="79768807" timestamp="2020-01-20T00:27:26Z" user="hibagonsan" uid="5939709" lat="34.1752923" lon="131.4715964"/>
 <node id="7143790950" visible="true" version="1" changeset="79768807" timestamp="2020-01-20T00:27:26Z" user="hibagonsan" uid="5939709" lat="34.1752013" lon="131.4716916"/>
 <node id="7143790951" visible="true" version="1" changeset="79768807" timestamp="2020-01-20T00:27:26Z" user="hibagonsan" uid="5939709" lat="34.1752334" lon="131.4717364"/>
 <node id="7143790952" visible="true" version="1" changeset="79768807" timestamp="2020-01-20T00:27:26Z" user="hibagonsan" uid="5939709" lat="34.1753244" lon="131.4716412"/>
 <node id="7143790953" visible="true" version="1" changeset="79768807" timestamp="2020-01-20T00:27:26Z" user="hibagonsan" uid="5939709" lat="34.1752040" lon="131.4718713"/>
 <node id="7143790954" visible="true" version="1" changeset="79768807" timestamp="2020-01-20T00:27:26Z" user="hibagonsan" uid="5939709" lat="34.1751508" lon="131.4717895"/>
 <node id="7143790955" visible="true" version="1" changeset="79768807" timestamp="2020-01-20T00:27:26Z" user="hibagonsan" uid="5939709" lat="34.1752023" lon="131.4717405"/>
 <node id="7143790956" visible="true" version="1" changeset="79768807" timestamp="2020-01-20T00:27:26Z" user="hibagonsan" uid="5939709" lat="34.1752556" lon="131.4718223"/>
 <node id="7143790957" visible="true" version="1" changeset="79768807" timestamp="2020-01-20T00:27:26Z" user="hibagonsan" uid="5939709" lat="34.1742321" lon="131.4740438"/>
 <node id="7143790958" visible="true" version="1" changeset="79768807" timestamp="2020-01-20T00:27:26Z" user="hibagonsan" uid="5939709" lat="34.1741944" lon="131.4740840"/>
 <node id="7143790959" visible="true" version="1" changeset="79768807" timestamp="2020-01-20T00:27:26Z" user="hibagonsan" uid="5939709" lat="34.1742282" lon="131.4741303"/>
 <node id="7143790960" visible="true" version="1" changeset="79768807" timestamp="2020-01-20T00:27:26Z" user="hibagonsan" uid="5939709" lat="34.1742659" lon="131.4740901"/>
 <node id="7143790961" visible="true" version="1" changeset="79768807" timestamp="2020-01-20T00:27:26Z" user="hibagonsan" uid="5939709" lat="34.1750681" lon="131.4738643"/>
 <node id="7143790962" visible="true" version="1" changeset="79768807" timestamp="2020-01-20T00:27:26Z" user="hibagonsan" uid="5939709" lat="34.1750165" lon="131.4737718"/>
 <node id="7143790963" visible="true" version="1" changeset="79768807" timestamp="2020-01-20T00:27:26Z" user="hibagonsan" uid="5939709" lat="34.1749682" lon="131.4738111"/>
 <node id="7143790964" visible="true" version="1" changeset="79768807" timestamp="2020-01-20T00:27:26Z" user="hibagonsan" uid="5939709" lat="34.1750198" lon="131.4739037"/>
 <node id="7143790965" visible="true" version="1" changeset="79768807" timestamp="2020-01-20T00:27:26Z" user="hibagonsan" uid="5939709" lat="34.1755957" lon="131.4739348"/>
 <node id="7143790966" visible="true" version="1" changeset="79768807" timestamp="2020-01-20T00:27:26Z" user="hibagonsan" uid="5939709" lat="34.1755724" lon="131.4738932"/>
 <node id="7143790967" visible="true" version="1" changeset="79768807" timestamp="2020-01-20T00:27:26Z" user="hibagonsan" uid="5939709" lat="34.1756129" lon="131.4738601"/>
 <node id="7143790968" visible="true" version="1" changeset="79768807" timestamp="2020-01-20T00:27:26Z" user="hibagonsan" uid="5939709" lat="34.1756362" lon="131.4739016"/>
 <node id="7143790969" visible="true" version="1" changeset="79768807" timestamp="2020-01-20T00:27:26Z" user="hibagonsan" uid="5939709" lat="34.1756539" lon="131.4740206"/>
 <node id="7143790970" visible="true" version="1" changeset="79768807" timestamp="2020-01-20T00:27:26Z" user="hibagonsan" uid="5939709" lat="34.1756057" lon="131.4739462"/>
 <node id="7143790971" visible="true" version="1" changeset="79768807" timestamp="2020-01-20T00:27:26Z" user="hibagonsan" uid="5939709" lat="34.1756534" lon="131.4739010"/>
 <node id="7143790972" visible="true" version="1" changeset="79768807" timestamp="2020-01-20T00:27:26Z" user="hibagonsan" uid="5939709" lat="34.1757016" lon="131.4739754"/>
 <node id="7143790973" visible="true" version="1" changeset="79768807" timestamp="2020-01-20T00:27:26Z" user="hibagonsan" uid="5939709" lat="34.1757190" lon="131.4740359"/>
 <node id="7143790974" visible="true" version="1" changeset="79768807" timestamp="2020-01-20T00:27:26Z" user="hibagonsan" uid="5939709" lat="34.1756935" lon="131.4740058"/>
 <node id="7143790975" visible="true" version="1" changeset="79768807" timestamp="2020-01-20T00:27:26Z" user="hibagonsan" uid="5939709" lat="34.1757083" lon="131.4739875"/>
 <node id="7143790976" visible="true" version="1" changeset="79768807" timestamp="2020-01-20T00:27:26Z" user="hibagonsan" uid="5939709" lat="34.1757338" lon="131.4740176"/>
 <node id="7143790977" visible="true" version="1" changeset="79768807" timestamp="2020-01-20T00:27:26Z" user="hibagonsan" uid="5939709" lat="34.1756614" lon="131.4740536"/>
 <node id="7143790978" visible="true" version="1" changeset="79768807" timestamp="2020-01-20T00:27:26Z" user="hibagonsan" uid="5939709" lat="34.1756680" lon="131.4741321"/>
 <node id="7143790979" visible="true" version="1" changeset="79768807" timestamp="2020-01-20T00:27:26Z" user="hibagonsan" uid="5939709" lat="34.1757310" lon="131.4741243"/>
 <node id="7143790980" visible="true" version="1" changeset="79768807" timestamp="2020-01-20T00:27:26Z" user="hibagonsan" uid="5939709" lat="34.1757244" lon="131.4740458"/>
 <node id="7143790981" visible="true" version="1" changeset="79768807" timestamp="2020-01-20T00:27:26Z" user="hibagonsan" uid="5939709" lat="34.1756547" lon="131.4735976"/>
 <node id="7143790982" visible="true" version="1" changeset="79768807" timestamp="2020-01-20T00:27:26Z" user="hibagonsan" uid="5939709" lat="34.1755348" lon="131.4737109"/>
 <node id="7143790983" visible="true" version="1" changeset="79768807" timestamp="2020-01-20T00:27:26Z" user="hibagonsan" uid="5939709" lat="34.1755763" lon="131.4737749"/>
 <node id="7143790984" visible="true" version="1" changeset="79768807" timestamp="2020-01-20T00:27:26Z" user="hibagonsan" uid="5939709" lat="34.1756961" lon="131.4736616"/>
 <node id="7143792685" visible="true" version="1" changeset="79768807" timestamp="2020-01-20T00:27:26Z" user="hibagonsan" uid="5939709" lat="34.1754239" lon="131.4730706"/>
 <node id="7143792686" visible="true" version="1" changeset="79768807" timestamp="2020-01-20T00:27:26Z" user="hibagonsan" uid="5939709" lat="34.1752641" lon="131.4729177"/>
 <node id="7143792687" visible="true" version="1" changeset="79768807" timestamp="2020-01-20T00:27:26Z" user="hibagonsan" uid="5939709" lat="34.1753211" lon="131.4728308"/>
 <node id="7143792688" visible="true" version="1" changeset="79768807" timestamp="2020-01-20T00:27:26Z" user="hibagonsan" uid="5939709" lat="34.1754808" lon="131.4729837"/>
 <node id="7143792689" visible="true" version="1" changeset="79768807" timestamp="2020-01-20T00:27:26Z" user="hibagonsan" uid="5939709" lat="34.1759119" lon="131.4733213"/>
 <node id="7143792690" visible="true" version="1" changeset="79768807" timestamp="2020-01-20T00:27:26Z" user="hibagonsan" uid="5939709" lat="34.1758353" lon="131.4732124"/>
 <node id="7143792691" visible="true" version="1" changeset="79768807" timestamp="2020-01-20T00:27:26Z" user="hibagonsan" uid="5939709" lat="34.1758828" lon="131.4731637"/>
 <node id="7143792692" visible="true" version="1" changeset="79768807" timestamp="2020-01-20T00:27:26Z" user="hibagonsan" uid="5939709" lat="34.1759593" lon="131.4732727"/>
 <node id="7143792693" visible="true" version="1" changeset="79768807" timestamp="2020-01-20T00:27:26Z" user="hibagonsan" uid="5939709" lat="34.1759181" lon="131.4738062"/>
 <node id="7143792694" visible="true" version="1" changeset="79768807" timestamp="2020-01-20T00:27:26Z" user="hibagonsan" uid="5939709" lat="34.1758515" lon="131.4737056"/>
 <node id="7143792695" visible="true" version="1" changeset="79768807" timestamp="2020-01-20T00:27:26Z" user="hibagonsan" uid="5939709" lat="34.1758825" lon="131.4736757"/>
 <node id="7143792696" visible="true" version="1" changeset="79768807" timestamp="2020-01-20T00:27:26Z" user="hibagonsan" uid="5939709" lat="34.1759491" lon="131.4737762"/>
 <node id="7143792697" visible="true" version="1" changeset="79768807" timestamp="2020-01-20T00:27:26Z" user="hibagonsan" uid="5939709" lat="34.1758070" lon="131.4738616"/>
 <node id="7143792698" visible="true" version="1" changeset="79768807" timestamp="2020-01-20T00:27:26Z" user="hibagonsan" uid="5939709" lat="34.1757081" lon="131.4739496"/>
 <node id="7143792699" visible="true" version="1" changeset="79768807" timestamp="2020-01-20T00:27:26Z" user="hibagonsan" uid="5939709" lat="34.1758015" lon="131.4741028"/>
 <node id="7143792700" visible="true" version="1" changeset="79768807" timestamp="2020-01-20T00:27:26Z" user="hibagonsan" uid="5939709" lat="34.1759003" lon="131.4740148"/>
 <node id="7143792701" visible="true" version="1" changeset="79768807" timestamp="2020-01-20T00:27:26Z" user="hibagonsan" uid="5939709" lat="34.1758025" lon="131.4738181"/>
 <node id="7143792702" visible="true" version="1" changeset="79768807" timestamp="2020-01-20T00:27:26Z" user="hibagonsan" uid="5939709" lat="34.1757670" lon="131.4737444"/>
 <node id="7143792703" visible="true" version="1" changeset="79768807" timestamp="2020-01-20T00:27:26Z" user="hibagonsan" uid="5939709" lat="34.1758170" lon="131.4737092"/>
 <node id="7143792704" visible="true" version="1" changeset="79768807" timestamp="2020-01-20T00:27:26Z" user="hibagonsan" uid="5939709" lat="34.1758525" lon="131.4737830"/>
 <node id="7143792705" visible="true" version="1" changeset="79768807" timestamp="2020-01-20T00:27:26Z" user="hibagonsan" uid="5939709" lat="34.1757081" lon="131.4738621"/>
 <node id="7143792706" visible="true" version="1" changeset="79768807" timestamp="2020-01-20T00:27:26Z" user="hibagonsan" uid="5939709" lat="34.1756459" lon="131.4737293"/>
 <node id="7143792707" visible="true" version="1" changeset="79768807" timestamp="2020-01-20T00:27:26Z" user="hibagonsan" uid="5939709" lat="34.1757205" lon="131.4736783"/>
 <node id="7143792708" visible="true" version="1" changeset="79768807" timestamp="2020-01-20T00:27:26Z" user="hibagonsan" uid="5939709" lat="34.1757826" lon="131.4738111"/>
 <node id="7143792717" visible="true" version="1" changeset="79768807" timestamp="2020-01-20T00:27:26Z" user="hibagonsan" uid="5939709" lat="34.1748931" lon="131.4736550"/>
 <node id="7143792718" visible="true" version="1" changeset="79768807" timestamp="2020-01-20T00:27:26Z" user="hibagonsan" uid="5939709" lat="34.1749292" lon="131.4736262"/>
 <node id="7143792719" visible="true" version="1" changeset="79768807" timestamp="2020-01-20T00:27:26Z" user="hibagonsan" uid="5939709" lat="34.1749634" lon="131.4736889"/>
 <node id="7143792720" visible="true" version="1" changeset="79768807" timestamp="2020-01-20T00:27:26Z" user="hibagonsan" uid="5939709" lat="34.1748629" lon="131.4735997"/>
 <node id="7143792721" visible="true" version="1" changeset="79768807" timestamp="2020-01-20T00:27:26Z" user="hibagonsan" uid="5939709" lat="34.1749527" lon="131.4735281"/>
 <node id="7143792722" visible="true" version="1" changeset="79768807" timestamp="2020-01-20T00:27:26Z" user="hibagonsan" uid="5939709" lat="34.1750171" lon="131.4736462"/>
 <node id="7143792723" visible="true" version="1" changeset="79768807" timestamp="2020-01-20T00:27:26Z" user="hibagonsan" uid="5939709" lat="34.1748268" lon="131.4737160"/>
 <node id="7143792724" visible="true" version="1" changeset="79768807" timestamp="2020-01-20T00:27:26Z" user="hibagonsan" uid="5939709" lat="34.1747313" lon="131.4737924"/>
 <node id="7143792725" visible="true" version="1" changeset="79768807" timestamp="2020-01-20T00:27:26Z" user="hibagonsan" uid="5939709" lat="34.1746931" lon="131.4737226"/>
 <node id="7143792726" visible="true" version="1" changeset="79768807" timestamp="2020-01-20T00:27:26Z" user="hibagonsan" uid="5939709" lat="34.1747885" lon="131.4736462"/>
 <node id="7143792727" visible="true" version="1" changeset="79768807" timestamp="2020-01-20T00:27:26Z" user="hibagonsan" uid="5939709" lat="34.1750071" lon="131.4732696"/>
 <node id="7143792728" visible="true" version="1" changeset="79768807" timestamp="2020-01-20T00:27:26Z" user="hibagonsan" uid="5939709" lat="34.1749478" lon="131.4733112"/>
 <node id="7143792729" visible="true" version="1" changeset="79768807" timestamp="2020-01-20T00:27:26Z" user="hibagonsan" uid="5939709" lat="34.1749766" lon="131.4733712"/>
 <node id="7143792730" visible="true" version="1" changeset="79768807" timestamp="2020-01-20T00:27:26Z" user="hibagonsan" uid="5939709" lat="34.1750359" lon="131.4733297"/>
 <node id="7143792731" visible="true" version="1" changeset="79768807" timestamp="2020-01-20T00:27:26Z" user="hibagonsan" uid="5939709" lat="34.1750138" lon="131.4731533"/>
 <node id="7143792732" visible="true" version="1" changeset="79768807" timestamp="2020-01-20T00:27:26Z" user="hibagonsan" uid="5939709" lat="34.1749267" lon="131.4732156"/>
 <node id="7143792733" visible="true" version="1" changeset="79768807" timestamp="2020-01-20T00:27:26Z" user="hibagonsan" uid="5939709" lat="34.1749616" lon="131.4732867"/>
 <node id="7143792734" visible="true" version="1" changeset="79768807" timestamp="2020-01-20T00:27:26Z" user="hibagonsan" uid="5939709" lat="34.1750487" lon="131.4732244"/>
 <node id="7143792735" visible="true" version="1" changeset="79768807" timestamp="2020-01-20T00:27:26Z" user="hibagonsan" uid="5939709" lat="34.1749288" lon="131.4731630"/>
 <node id="7143792736" visible="true" version="1" changeset="79768807" timestamp="2020-01-20T00:27:26Z" user="hibagonsan" uid="5939709" lat="34.1748745" lon="131.4732052"/>
 <node id="7143792737" visible="true" version="1" changeset="79768807" timestamp="2020-01-20T00:27:26Z" user="hibagonsan" uid="5939709" lat="34.1748900" lon="131.4732344"/>
 <node id="7143792738" visible="true" version="1" changeset="79768807" timestamp="2020-01-20T00:27:26Z" user="hibagonsan" uid="5939709" lat="34.1749444" lon="131.4731922"/>
 <node id="7143792739" visible="true" version="1" changeset="79768807" timestamp="2020-01-20T00:27:26Z" user="hibagonsan" uid="5939709" lat="34.1750755" lon="131.4734557"/>
 <node id="7143792740" visible="true" version="1" changeset="79768807" timestamp="2020-01-20T00:27:26Z" user="hibagonsan" uid="5939709" lat="34.1750388" lon="131.4734843"/>
 <node id="7143792741" visible="true" version="1" changeset="79768807" timestamp="2020-01-20T00:27:26Z" user="hibagonsan" uid="5939709" lat="34.1750673" lon="131.4735378"/>
 <node id="7143792742" visible="true" version="1" changeset="79768807" timestamp="2020-01-20T00:27:26Z" user="hibagonsan" uid="5939709" lat="34.1751040" lon="131.4735092"/>
 <node id="7143792743" visible="true" version="1" changeset="79768807" timestamp="2020-01-20T00:27:26Z" user="hibagonsan" uid="5939709" lat="34.1751196" lon="131.4734970"/>
 <node id="7143792744" visible="true" version="1" changeset="79768807" timestamp="2020-01-20T00:27:26Z" user="hibagonsan" uid="5939709" lat="34.1750386" lon="131.4735601"/>
 <node id="7143792745" visible="true" version="1" changeset="79768807" timestamp="2020-01-20T00:27:26Z" user="hibagonsan" uid="5939709" lat="34.1750770" lon="131.4736321"/>
 <node id="7143792746" visible="true" version="1" changeset="79768807" timestamp="2020-01-20T00:27:26Z" user="hibagonsan" uid="5939709" lat="34.1751580" lon="131.4735690"/>
 <node id="7143792747" visible="true" version="1" changeset="79768807" timestamp="2020-01-20T00:27:26Z" user="hibagonsan" uid="5939709" lat="34.1753619" lon="131.4735933"/>
 <node id="7143792748" visible="true" version="1" changeset="79768807" timestamp="2020-01-20T00:27:26Z" user="hibagonsan" uid="5939709" lat="34.1753331" lon="131.4735451"/>
 <node id="7143792749" visible="true" version="1" changeset="79768807" timestamp="2020-01-20T00:27:26Z" user="hibagonsan" uid="5939709" lat="34.1753693" lon="131.4735134"/>
 <node id="7143792750" visible="true" version="1" changeset="79768807" timestamp="2020-01-20T00:27:26Z" user="hibagonsan" uid="5939709" lat="34.1753982" lon="131.4735617"/>
 <node id="7143792751" visible="true" version="1" changeset="79768807" timestamp="2020-01-20T00:27:26Z" user="hibagonsan" uid="5939709" lat="34.1753337" lon="131.4734807"/>
 <node id="7143792752" visible="true" version="1" changeset="79768807" timestamp="2020-01-20T00:27:26Z" user="hibagonsan" uid="5939709" lat="34.1752921" lon="131.4735183"/>
 <node id="7143792753" visible="true" version="1" changeset="79768807" timestamp="2020-01-20T00:27:26Z" user="hibagonsan" uid="5939709" lat="34.1753094" lon="131.4735463"/>
 <node id="7143792754" visible="true" version="1" changeset="79768807" timestamp="2020-01-20T00:27:26Z" user="hibagonsan" uid="5939709" lat="34.1753510" lon="131.4735087"/>
 <node id="7143792755" visible="true" version="1" changeset="79768807" timestamp="2020-01-20T00:27:26Z" user="hibagonsan" uid="5939709" lat="34.1753481" lon="131.4736852"/>
 <node id="7143792756" visible="true" version="1" changeset="79768807" timestamp="2020-01-20T00:27:26Z" user="hibagonsan" uid="5939709" lat="34.1753048" lon="131.4737234"/>
 <node id="7143792757" visible="true" version="1" changeset="79768807" timestamp="2020-01-20T00:27:26Z" user="hibagonsan" uid="5939709" lat="34.1753388" lon="131.4737796"/>
 <node id="7143792758" visible="true" version="1" changeset="79768807" timestamp="2020-01-20T00:27:26Z" user="hibagonsan" uid="5939709" lat="34.1753821" lon="131.4737414"/>
 <node id="7143792759" visible="true" version="1" changeset="79768807" timestamp="2020-01-20T00:27:26Z" user="hibagonsan" uid="5939709" lat="34.1754555" lon="131.4735395"/>
 <node id="7143792760" visible="true" version="1" changeset="79768807" timestamp="2020-01-20T00:27:26Z" user="hibagonsan" uid="5939709" lat="34.1753889" lon="131.4734389"/>
 <node id="7143792761" visible="true" version="1" changeset="79768807" timestamp="2020-01-20T00:27:26Z" user="hibagonsan" uid="5939709" lat="34.1753577" lon="131.4734691"/>
 <node id="7143792762" visible="true" version="1" changeset="79768807" timestamp="2020-01-20T00:27:26Z" user="hibagonsan" uid="5939709" lat="34.1754243" lon="131.4735697"/>
 <node id="7143792763" visible="true" version="1" changeset="79768807" timestamp="2020-01-20T00:27:26Z" user="hibagonsan" uid="5939709" lat="34.1755591" lon="131.4735362"/>
 <node id="7143792764" visible="true" version="1" changeset="79768807" timestamp="2020-01-20T00:27:26Z" user="hibagonsan" uid="5939709" lat="34.1754892" lon="131.4736100"/>
 <node id="7143792765" visible="true" version="1" changeset="79768807" timestamp="2020-01-20T00:27:26Z" user="hibagonsan" uid="5939709" lat="34.1755463" lon="131.4736891"/>
 <node id="7143792766" visible="true" version="1" changeset="79768807" timestamp="2020-01-20T00:27:26Z" user="hibagonsan" uid="5939709" lat="34.1756162" lon="131.4736153"/>
 <node id="7143792767" visible="true" version="1" changeset="79768807" timestamp="2020-01-20T00:27:26Z" user="hibagonsan" uid="5939709" lat="34.1754150" lon="131.4732490"/>
 <node id="7143792768" visible="true" version="1" changeset="79768807" timestamp="2020-01-20T00:27:26Z" user="hibagonsan" uid="5939709" lat="34.1753892" lon="131.4732726"/>
 <node id="7143792769" visible="true" version="1" changeset="79768807" timestamp="2020-01-20T00:27:26Z" user="hibagonsan" uid="5939709" lat="34.1754391" lon="131.4733524"/>
 <node id="7143792770" visible="true" version="1" changeset="79768807" timestamp="2020-01-20T00:27:26Z" user="hibagonsan" uid="5939709" lat="34.1753384" lon="131.4731264"/>
 <node id="7143792771" visible="true" version="1" changeset="79768807" timestamp="2020-01-20T00:27:26Z" user="hibagonsan" uid="5939709" lat="34.1752612" lon="131.4731969"/>
 <node id="7143792772" visible="true" version="1" changeset="79768807" timestamp="2020-01-20T00:27:26Z" user="hibagonsan" uid="5939709" lat="34.1753876" lon="131.4733994"/>
 <node id="7143792773" visible="true" version="1" changeset="79768807" timestamp="2020-01-20T00:27:26Z" user="hibagonsan" uid="5939709" lat="34.1748918" lon="131.4726881"/>
 <node id="7143792774" visible="true" version="1" changeset="79768807" timestamp="2020-01-20T00:27:26Z" user="hibagonsan" uid="5939709" lat="34.1749978" lon="131.4728754"/>
 <node id="7143792781" visible="true" version="1" changeset="79768807" timestamp="2020-01-20T00:27:26Z" user="hibagonsan" uid="5939709" lat="34.1744281" lon="131.4742981"/>
 <node id="7143792782" visible="true" version="1" changeset="79768807" timestamp="2020-01-20T00:27:26Z" user="hibagonsan" uid="5939709" lat="34.1743395" lon="131.4741322"/>
 <node id="7143792783" visible="true" version="1" changeset="79768807" timestamp="2020-01-20T00:27:26Z" user="hibagonsan" uid="5939709" lat="34.1744059" lon="131.4740805"/>
 <node id="7143792784" visible="true" version="1" changeset="79768807" timestamp="2020-01-20T00:27:26Z" user="hibagonsan" uid="5939709" lat="34.1744945" lon="131.4742463"/>
 <node id="7143792785" visible="true" version="1" changeset="79768807" timestamp="2020-01-20T00:27:26Z" user="hibagonsan" uid="5939709" lat="34.1742821" lon="131.4740869"/>
 <node id="7143792786" visible="true" version="1" changeset="79768807" timestamp="2020-01-20T00:27:26Z" user="hibagonsan" uid="5939709" lat="34.1743294" lon="131.4740511"/>
 <node id="7143792787" visible="true" version="1" changeset="79768807" timestamp="2020-01-20T00:27:26Z" user="hibagonsan" uid="5939709" lat="34.1744540" lon="131.4738965"/>
 <node id="7143792788" visible="true" version="1" changeset="79768807" timestamp="2020-01-20T00:27:26Z" user="hibagonsan" uid="5939709" lat="34.1742597" lon="131.4740436"/>
 <node id="7143792789" visible="true" version="1" changeset="79768807" timestamp="2020-01-20T00:27:26Z" user="hibagonsan" uid="5939709" lat="34.1743569" lon="131.4741042"/>
 <node id="7143792790" visible="true" version="1" changeset="79768807" timestamp="2020-01-20T00:27:26Z" user="hibagonsan" uid="5939709" lat="34.1745039" lon="131.4739928"/>
 <node id="7143792791" visible="true" version="1" changeset="79768807" timestamp="2020-01-20T00:27:26Z" user="hibagonsan" uid="5939709" lat="34.1745512" lon="131.4739682"/>
 <node id="7143792792" visible="true" version="1" changeset="79768807" timestamp="2020-01-20T00:27:26Z" user="hibagonsan" uid="5939709" lat="34.1744580" lon="131.4740426"/>
 <node id="7143792793" visible="true" version="1" changeset="79768807" timestamp="2020-01-20T00:27:26Z" user="hibagonsan" uid="5939709" lat="34.1744817" lon="131.4740860"/>
 <node id="7143792794" visible="true" version="1" changeset="79768807" timestamp="2020-01-20T00:27:26Z" user="hibagonsan" uid="5939709" lat="34.1745749" lon="131.4740116"/>
 <node id="7143792795" visible="true" version="1" changeset="79768807" timestamp="2020-01-20T00:27:26Z" user="hibagonsan" uid="5939709" lat="34.1745824" lon="131.4741889"/>
 <node id="7143792796" visible="true" version="1" changeset="79768807" timestamp="2020-01-20T00:27:26Z" user="hibagonsan" uid="5939709" lat="34.1745335" lon="131.4740997"/>
 <node id="7143792797" visible="true" version="1" changeset="79768807" timestamp="2020-01-20T00:27:26Z" user="hibagonsan" uid="5939709" lat="34.1746010" lon="131.4740458"/>
 <node id="7143792798" visible="true" version="1" changeset="79768807" timestamp="2020-01-20T00:27:26Z" user="hibagonsan" uid="5939709" lat="34.1746498" lon="131.4741350"/>
 <node id="7143792799" visible="true" version="1" changeset="79768807" timestamp="2020-01-20T00:27:26Z" user="hibagonsan" uid="5939709" lat="34.1742536" lon="131.4737725"/>
 <node id="7143792800" visible="true" version="1" changeset="79768807" timestamp="2020-01-20T00:27:26Z" user="hibagonsan" uid="5939709" lat="34.1742980" lon="131.4737386"/>
 <node id="7143792801" visible="true" version="1" changeset="79768807" timestamp="2020-01-20T00:27:26Z" user="hibagonsan" uid="5939709" lat="34.1743515" lon="131.4738409"/>
 <node id="7143792802" visible="true" version="1" changeset="79768807" timestamp="2020-01-20T00:27:26Z" user="hibagonsan" uid="5939709" lat="34.1742212" lon="131.4737105"/>
 <node id="7143792803" visible="true" version="1" changeset="79768807" timestamp="2020-01-20T00:27:26Z" user="hibagonsan" uid="5939709" lat="34.1743536" lon="131.4736093"/>
 <node id="7143792804" visible="true" version="1" changeset="79768807" timestamp="2020-01-20T00:27:26Z" user="hibagonsan" uid="5939709" lat="34.1744395" lon="131.4737736"/>
 <node id="7143792805" visible="true" version="1" changeset="79768807" timestamp="2020-01-20T00:27:26Z" user="hibagonsan" uid="5939709" lat="34.1744318" lon="131.4738026"/>
 <node id="7143792806" visible="true" version="1" changeset="79768807" timestamp="2020-01-20T00:27:26Z" user="hibagonsan" uid="5939709" lat="34.1743464" lon="131.4738656"/>
 <node id="7143792807" visible="true" version="1" changeset="79768807" timestamp="2020-01-20T00:27:26Z" user="hibagonsan" uid="5939709" lat="34.1743818" lon="131.4739358"/>
 <node id="7143792808" visible="true" version="1" changeset="79768807" timestamp="2020-01-20T00:27:26Z" user="hibagonsan" uid="5939709" lat="34.1744673" lon="131.4738728"/>
 <node id="7143864477" visible="true" version="1" changeset="79769949" timestamp="2020-01-20T01:42:04Z" user="hibagonsan" uid="5939709" lat="34.1765157" lon="131.4726110"/>
 <node id="7143864478" visible="true" version="1" changeset="79769949" timestamp="2020-01-20T01:42:04Z" user="hibagonsan" uid="5939709" lat="34.1764691" lon="131.4726606"/>
 <node id="7143864479" visible="true" version="1" changeset="79769949" timestamp="2020-01-20T01:42:04Z" user="hibagonsan" uid="5939709" lat="34.1764983" lon="131.4727007"/>
 <node id="7143864480" visible="true" version="1" changeset="79769949" timestamp="2020-01-20T01:42:04Z" user="hibagonsan" uid="5939709" lat="34.1765449" lon="131.4726511"/>
 <node id="7143864481" visible="true" version="1" changeset="79769949" timestamp="2020-01-20T01:42:04Z" user="hibagonsan" uid="5939709" lat="34.1765664" lon="131.4726454"/>
 <node id="7143864482" visible="true" version="1" changeset="79769949" timestamp="2020-01-20T01:42:04Z" user="hibagonsan" uid="5939709" lat="34.1765931" lon="131.4726142"/>
 <node id="7143864483" visible="true" version="1" changeset="79769949" timestamp="2020-01-20T01:42:04Z" user="hibagonsan" uid="5939709" lat="34.1766180" lon="131.4726454"/>
 <node id="7143864484" visible="true" version="1" changeset="79769949" timestamp="2020-01-20T01:42:04Z" user="hibagonsan" uid="5939709" lat="34.1765335" lon="131.4726042"/>
 <node id="7143864485" visible="true" version="1" changeset="79769949" timestamp="2020-01-20T01:42:04Z" user="hibagonsan" uid="5939709" lat="34.1765981" lon="131.4725290"/>
 <node id="7143864486" visible="true" version="1" changeset="79769949" timestamp="2020-01-20T01:42:04Z" user="hibagonsan" uid="5939709" lat="34.1766558" lon="131.4726014"/>
 <node id="7143864487" visible="true" version="1" changeset="79769949" timestamp="2020-01-20T01:42:04Z" user="hibagonsan" uid="5939709" lat="34.1763851" lon="131.4726983"/>
 <node id="7143864488" visible="true" version="1" changeset="79769949" timestamp="2020-01-20T01:42:04Z" user="hibagonsan" uid="5939709" lat="34.1763688" lon="131.4726743"/>
 <node id="7143864489" visible="true" version="1" changeset="79769949" timestamp="2020-01-20T01:42:04Z" user="hibagonsan" uid="5939709" lat="34.1765715" lon="131.4725136"/>
 <node id="7143864490" visible="true" version="1" changeset="79769949" timestamp="2020-01-20T01:42:04Z" user="hibagonsan" uid="5939709" lat="34.1763455" lon="131.4726974"/>
 <node id="7143864491" visible="true" version="1" changeset="79769949" timestamp="2020-01-20T01:42:04Z" user="hibagonsan" uid="5939709" lat="34.1762531" lon="131.4725612"/>
 <node id="7143864492" visible="true" version="1" changeset="79769949" timestamp="2020-01-20T01:42:04Z" user="hibagonsan" uid="5939709" lat="34.1764628" lon="131.4723533"/>
 <node id="7143864524" visible="true" version="1" changeset="79769949" timestamp="2020-01-20T01:42:04Z" user="hibagonsan" uid="5939709" lat="34.1762083" lon="131.4736951"/>
 <node id="7143864525" visible="true" version="1" changeset="79769949" timestamp="2020-01-20T01:42:04Z" user="hibagonsan" uid="5939709" lat="34.1761706" lon="131.4736347"/>
 <node id="7143864526" visible="true" version="1" changeset="79769949" timestamp="2020-01-20T01:42:04Z" user="hibagonsan" uid="5939709" lat="34.1761970" lon="131.4736106"/>
 <node id="7143864527" visible="true" version="1" changeset="79769949" timestamp="2020-01-20T01:42:04Z" user="hibagonsan" uid="5939709" lat="34.1762348" lon="131.4736710"/>
 <node id="7143864528" visible="true" version="1" changeset="79769949" timestamp="2020-01-20T01:42:04Z" user="hibagonsan" uid="5939709" lat="34.1762857" lon="131.4738041"/>
 <node id="7143864529" visible="true" version="1" changeset="79769949" timestamp="2020-01-20T01:42:04Z" user="hibagonsan" uid="5939709" lat="34.1762313" lon="131.4738457"/>
 <node id="7143864530" visible="true" version="1" changeset="79769949" timestamp="2020-01-20T01:42:04Z" user="hibagonsan" uid="5939709" lat="34.1762458" lon="131.4738735"/>
 <node id="7143864531" visible="true" version="1" changeset="79769949" timestamp="2020-01-20T01:42:04Z" user="hibagonsan" uid="5939709" lat="34.1763002" lon="131.4738319"/>
 <node id="7143864532" visible="true" version="1" changeset="79769949" timestamp="2020-01-20T01:42:04Z" user="hibagonsan" uid="5939709" lat="34.1765471" lon="131.4736601"/>
 <node id="7143864533" visible="true" version="1" changeset="79769949" timestamp="2020-01-20T01:42:04Z" user="hibagonsan" uid="5939709" lat="34.1764916" lon="131.4737023"/>
 <node id="7143864534" visible="true" version="1" changeset="79769949" timestamp="2020-01-20T01:42:04Z" user="hibagonsan" uid="5939709" lat="34.1765088" lon="131.4737353"/>
 <node id="7143864535" visible="true" version="1" changeset="79769949" timestamp="2020-01-20T01:42:04Z" user="hibagonsan" uid="5939709" lat="34.1765643" lon="131.4736931"/>
 <node id="7143864536" visible="true" version="1" changeset="79769949" timestamp="2020-01-20T01:42:04Z" user="hibagonsan" uid="5939709" lat="34.1761960" lon="131.4725655"/>
 <node id="7143864537" visible="true" version="1" changeset="79769949" timestamp="2020-01-20T01:42:04Z" user="hibagonsan" uid="5939709" lat="34.1761150" lon="131.4724583"/>
 <node id="7143864538" visible="true" version="1" changeset="79769949" timestamp="2020-01-20T01:42:04Z" user="hibagonsan" uid="5939709" lat="34.1761809" lon="131.4723855"/>
 <node id="7143864539" visible="true" version="1" changeset="79769949" timestamp="2020-01-20T01:42:04Z" user="hibagonsan" uid="5939709" lat="34.1762619" lon="131.4724928"/>
 <node id="7143864540" visible="true" version="1" changeset="79769949" timestamp="2020-01-20T01:42:04Z" user="hibagonsan" uid="5939709" lat="34.1760548" lon="131.4727142"/>
 <node id="7143864541" visible="true" version="1" changeset="79769949" timestamp="2020-01-20T01:42:04Z" user="hibagonsan" uid="5939709" lat="34.1759804" lon="131.4726176"/>
 <node id="7143864542" visible="true" version="1" changeset="79769949" timestamp="2020-01-20T01:42:04Z" user="hibagonsan" uid="5939709" lat="34.1760389" lon="131.4725518"/>
 <node id="7143864543" visible="true" version="1" changeset="79769949" timestamp="2020-01-20T01:42:04Z" user="hibagonsan" uid="5939709" lat="34.1761133" lon="131.4726484"/>
 <node id="7143864544" visible="true" version="1" changeset="79769949" timestamp="2020-01-20T01:42:04Z" user="hibagonsan" uid="5939709" lat="34.1762419" lon="131.4725893"/>
 <node id="7143864545" visible="true" version="1" changeset="79769949" timestamp="2020-01-20T01:42:04Z" user="hibagonsan" uid="5939709" lat="34.1761465" lon="131.4726939"/>
 <node id="7143864546" visible="true" version="1" changeset="79769949" timestamp="2020-01-20T01:42:04Z" user="hibagonsan" uid="5939709" lat="34.1762009" lon="131.4727664"/>
 <node id="7143864547" visible="true" version="1" changeset="79769949" timestamp="2020-01-20T01:42:04Z" user="hibagonsan" uid="5939709" lat="34.1762963" lon="131.4726618"/>
 <node id="7143864557" visible="true" version="1" changeset="79769949" timestamp="2020-01-20T01:42:04Z" user="hibagonsan" uid="5939709" lat="34.1765779" lon="131.4731315"/>
 <node id="7143864558" visible="true" version="1" changeset="79769949" timestamp="2020-01-20T01:42:04Z" user="hibagonsan" uid="5939709" lat="34.1765224" lon="131.4730322"/>
 <node id="7143864559" visible="true" version="1" changeset="79769949" timestamp="2020-01-20T01:42:04Z" user="hibagonsan" uid="5939709" lat="34.1765671" lon="131.4729957"/>
 <node id="7143864560" visible="true" version="1" changeset="79769949" timestamp="2020-01-20T01:42:04Z" user="hibagonsan" uid="5939709" lat="34.1766225" lon="131.4730950"/>
 <node id="7143864561" visible="true" version="1" changeset="79769949" timestamp="2020-01-20T01:42:04Z" user="hibagonsan" uid="5939709" lat="34.1766497" lon="131.4730823"/>
 <node id="7143864562" visible="true" version="1" changeset="79769949" timestamp="2020-01-20T01:42:04Z" user="hibagonsan" uid="5939709" lat="34.1765976" lon="131.4729858"/>
 <node id="7143864563" visible="true" version="1" changeset="79769949" timestamp="2020-01-20T01:42:04Z" user="hibagonsan" uid="5939709" lat="34.1766580" lon="131.4729381"/>
 <node id="7143864564" visible="true" version="1" changeset="79769949" timestamp="2020-01-20T01:42:04Z" user="hibagonsan" uid="5939709" lat="34.1767102" lon="131.4730346"/>
 <node id="7144105737" visible="true" version="1" changeset="79770564" timestamp="2020-01-20T02:08:34Z" user="hibagonsan" uid="5939709" lat="34.1767008" lon="131.4723240"/>
 <node id="7144105738" visible="true" version="1" changeset="79770564" timestamp="2020-01-20T02:08:34Z" user="hibagonsan" uid="5939709" lat="34.1766048" lon="131.4721832"/>
 <node id="7144105739" visible="true" version="1" changeset="79770564" timestamp="2020-01-20T02:08:34Z" user="hibagonsan" uid="5939709" lat="34.1766636" lon="131.4721247"/>
 <node id="7144105740" visible="true" version="1" changeset="79770564" timestamp="2020-01-20T02:08:34Z" user="hibagonsan" uid="5939709" lat="34.1767596" lon="131.4722655"/>
 <node id="7144105741" visible="true" version="1" changeset="79770564" timestamp="2020-01-20T02:08:34Z" user="hibagonsan" uid="5939709" lat="34.1765892" lon="131.4722119"/>
 <node id="7144105742" visible="true" version="1" changeset="79770564" timestamp="2020-01-20T02:08:34Z" user="hibagonsan" uid="5939709" lat="34.1765265" lon="131.4722823"/>
 <node id="7144105743" visible="true" version="1" changeset="79770564" timestamp="2020-01-20T02:08:34Z" user="hibagonsan" uid="5939709" lat="34.1765698" lon="131.4723386"/>
 <node id="7144105744" visible="true" version="1" changeset="79770564" timestamp="2020-01-20T02:08:34Z" user="hibagonsan" uid="5939709" lat="34.1766325" lon="131.4722682"/>
 <node id="7144105745" visible="true" version="1" changeset="79770564" timestamp="2020-01-20T02:08:34Z" user="hibagonsan" uid="5939709" lat="34.1765207" lon="131.4720926"/>
 <node id="7144105746" visible="true" version="1" changeset="79770564" timestamp="2020-01-20T02:08:34Z" user="hibagonsan" uid="5939709" lat="34.1765543" lon="131.4721302"/>
 <node id="7144105747" visible="true" version="1" changeset="79770564" timestamp="2020-01-20T02:08:34Z" user="hibagonsan" uid="5939709" lat="34.1765059" lon="131.4721088"/>
 <node id="7144105748" visible="true" version="1" changeset="79770564" timestamp="2020-01-20T02:08:34Z" user="hibagonsan" uid="5939709" lat="34.1765365" lon="131.4721496"/>
 <node id="7144105749" visible="true" version="1" changeset="79770564" timestamp="2020-01-20T02:08:34Z" user="hibagonsan" uid="5939709" lat="34.1765863" lon="131.4721729"/>
 <node id="7144105750" visible="true" version="1" changeset="79770564" timestamp="2020-01-20T02:08:34Z" user="hibagonsan" uid="5939709" lat="34.1765029" lon="131.4720690"/>
 <node id="7144105751" visible="true" version="1" changeset="79770564" timestamp="2020-01-20T02:08:34Z" user="hibagonsan" uid="5939709" lat="34.1764379" lon="131.4721402"/>
 <node id="7144105752" visible="true" version="1" changeset="79770564" timestamp="2020-01-20T02:08:34Z" user="hibagonsan" uid="5939709" lat="34.1765182" lon="131.4722474"/>
 <node id="7144105753" visible="true" version="1" changeset="79770564" timestamp="2020-01-20T02:08:34Z" user="hibagonsan" uid="5939709" lat="34.1766392" lon="131.4721101"/>
 <node id="7144105754" visible="true" version="1" changeset="79770564" timestamp="2020-01-20T02:08:34Z" user="hibagonsan" uid="5939709" lat="34.1765693" lon="131.4720122"/>
 <node id="7144105755" visible="true" version="1" changeset="79770564" timestamp="2020-01-20T02:08:34Z" user="hibagonsan" uid="5939709" lat="34.1765277" lon="131.4720556"/>
 <node id="7144105756" visible="true" version="1" changeset="79770564" timestamp="2020-01-20T02:08:34Z" user="hibagonsan" uid="5939709" lat="34.1765976" lon="131.4721535"/>
 <node id="7144105761" visible="true" version="1" changeset="79770564" timestamp="2020-01-20T02:08:34Z" user="hibagonsan" uid="5939709" lat="34.1766627" lon="131.4719839"/>
 <node id="7144105762" visible="true" version="1" changeset="79770564" timestamp="2020-01-20T02:08:34Z" user="hibagonsan" uid="5939709" lat="34.1766195" lon="131.4720308"/>
 <node id="7144105763" visible="true" version="1" changeset="79770564" timestamp="2020-01-20T02:08:34Z" user="hibagonsan" uid="5939709" lat="34.1766558" lon="131.4720798"/>
 <node id="7144105764" visible="true" version="1" changeset="79770564" timestamp="2020-01-20T02:08:34Z" user="hibagonsan" uid="5939709" lat="34.1766991" lon="131.4720328"/>
 <node id="7144470785" visible="true" version="1" changeset="79771836" timestamp="2020-01-20T02:56:44Z" user="hibagonsan" uid="5939709" lat="34.1771146" lon="131.4697938"/>
 <node id="7144470787" visible="true" version="1" changeset="79771836" timestamp="2020-01-20T02:56:44Z" user="hibagonsan" uid="5939709" lat="34.1756073" lon="131.4711557"/>
 <node id="7189035493" visible="true" version="1" changeset="80612180" timestamp="2020-02-06T00:51:54Z" user="hibagonsan" uid="5939709" lat="34.1755713" lon="131.4714739"/>
 <node id="7189035494" visible="true" version="1" changeset="80612180" timestamp="2020-02-06T00:51:54Z" user="hibagonsan" uid="5939709" lat="34.1755161" lon="131.4715313"/>
 <node id="7189035495" visible="true" version="1" changeset="80612180" timestamp="2020-02-06T00:51:54Z" user="hibagonsan" uid="5939709" lat="34.1755462" lon="131.4715736"/>
 <node id="7189035496" visible="true" version="1" changeset="80612180" timestamp="2020-02-06T00:51:54Z" user="hibagonsan" uid="5939709" lat="34.1756014" lon="131.4715162"/>
 <node id="7189035497" visible="true" version="1" changeset="80612180" timestamp="2020-02-06T00:51:54Z" user="hibagonsan" uid="5939709" lat="34.1756185" lon="131.4714983"/>
 <node id="7189035498" visible="true" version="1" changeset="80612180" timestamp="2020-02-06T00:51:54Z" user="hibagonsan" uid="5939709" lat="34.1755270" lon="131.4715936"/>
 <node id="7189035499" visible="true" version="1" changeset="80612180" timestamp="2020-02-06T00:51:54Z" user="hibagonsan" uid="5939709" lat="34.1755724" lon="131.4716573"/>
 <node id="7189035500" visible="true" version="1" changeset="80612180" timestamp="2020-02-06T00:51:54Z" user="hibagonsan" uid="5939709" lat="34.1756639" lon="131.4715621"/>
 <node id="7189035501" visible="true" version="1" changeset="80612180" timestamp="2020-02-06T00:51:54Z" user="hibagonsan" uid="5939709" lat="34.1757652" lon="131.4717965"/>
 <node id="7189035502" visible="true" version="1" changeset="80612180" timestamp="2020-02-06T00:51:54Z" user="hibagonsan" uid="5939709" lat="34.1757385" lon="131.4718274"/>
 <node id="7189035503" visible="true" version="1" changeset="80612180" timestamp="2020-02-06T00:51:54Z" user="hibagonsan" uid="5939709" lat="34.1757627" lon="131.4718578"/>
 <node id="7189035504" visible="true" version="1" changeset="80612180" timestamp="2020-02-06T00:51:54Z" user="hibagonsan" uid="5939709" lat="34.1757893" lon="131.4718270"/>
 <node id="7189035505" visible="true" version="1" changeset="80612180" timestamp="2020-02-06T00:51:54Z" user="hibagonsan" uid="5939709" lat="34.1758815" lon="131.4716467"/>
 <node id="7189035506" visible="true" version="1" changeset="80612180" timestamp="2020-02-06T00:51:54Z" user="hibagonsan" uid="5939709" lat="34.1758244" lon="131.4717178"/>
 <node id="7189035507" visible="true" version="1" changeset="80612180" timestamp="2020-02-06T00:51:54Z" user="hibagonsan" uid="5939709" lat="34.1758642" lon="131.4717646"/>
 <node id="7189035508" visible="true" version="1" changeset="80612180" timestamp="2020-02-06T00:51:54Z" user="hibagonsan" uid="5939709" lat="34.1759213" lon="131.4716935"/>
 <node id="7189035509" visible="true" version="1" changeset="80612180" timestamp="2020-02-06T00:51:54Z" user="hibagonsan" uid="5939709" lat="34.1757306" lon="131.4718113"/>
 <node id="7189035510" visible="true" version="1" changeset="80612180" timestamp="2020-02-06T00:51:54Z" user="hibagonsan" uid="5939709" lat="34.1757757" lon="131.4717633"/>
 <node id="7189035511" visible="true" version="1" changeset="80612180" timestamp="2020-02-06T00:51:54Z" user="hibagonsan" uid="5939709" lat="34.1757210" lon="131.4717980"/>
 <node id="7189035512" visible="true" version="1" changeset="80612180" timestamp="2020-02-06T00:51:54Z" user="hibagonsan" uid="5939709" lat="34.1757661" lon="131.4717501"/>
 <node id="7189035513" visible="true" version="1" changeset="80612180" timestamp="2020-02-06T00:51:54Z" user="hibagonsan" uid="5939709" lat="34.1757779" lon="131.4717375"/>
 <node id="7189035514" visible="true" version="1" changeset="80612180" timestamp="2020-02-06T00:51:54Z" user="hibagonsan" uid="5939709" lat="34.1758091" lon="131.4717088"/>
 <node id="7189035515" visible="true" version="1" changeset="80612180" timestamp="2020-02-06T00:51:54Z" user="hibagonsan" uid="5939709" lat="34.1757523" lon="131.4717024"/>
 <node id="7189035516" visible="true" version="1" changeset="80612180" timestamp="2020-02-06T00:51:54Z" user="hibagonsan" uid="5939709" lat="34.1757817" lon="131.4716712"/>
 <node id="7189035517" visible="true" version="1" changeset="80612180" timestamp="2020-02-06T00:51:54Z" user="hibagonsan" uid="5939709" lat="34.1758693" lon="131.4716448"/>
 <node id="7189035518" visible="true" version="1" changeset="80612180" timestamp="2020-02-06T00:51:54Z" user="hibagonsan" uid="5939709" lat="34.1757022" lon="131.4718180"/>
 <node id="7189035519" visible="true" version="1" changeset="80612180" timestamp="2020-02-06T00:51:54Z" user="hibagonsan" uid="5939709" lat="34.1756351" lon="131.4717257"/>
 <node id="7189035520" visible="true" version="1" changeset="80612180" timestamp="2020-02-06T00:51:54Z" user="hibagonsan" uid="5939709" lat="34.1758004" lon="131.4715500"/>
 <node id="7262632447" visible="true" version="1" changeset="81754891" timestamp="2020-03-04T04:41:20Z" user="hibagonsan" uid="5939709" lat="34.1762201" lon="131.4723852"/>
 <node id="7262632448" visible="true" version="1" changeset="81754891" timestamp="2020-03-04T04:41:20Z" user="hibagonsan" uid="5939709" lat="34.1762457" lon="131.4724170"/>
 <node id="7262632449" visible="true" version="1" changeset="81754891" timestamp="2020-03-04T04:41:20Z" user="hibagonsan" uid="5939709" lat="34.1762940" lon="131.4722982"/>
 <node id="7262632450" visible="true" version="1" changeset="81754891" timestamp="2020-03-04T04:41:20Z" user="hibagonsan" uid="5939709" lat="34.1762317" lon="131.4724334"/>
 <node id="7262632451" visible="true" version="1" changeset="81754891" timestamp="2020-03-04T04:41:20Z" user="hibagonsan" uid="5939709" lat="34.1762741" lon="131.4724861"/>
 <node id="7262632452" visible="true" version="1" changeset="81754891" timestamp="2020-03-04T04:41:20Z" user="hibagonsan" uid="5939709" lat="34.1763620" lon="131.4723826"/>
 <node id="7262632453" visible="true" version="1" changeset="81754891" timestamp="2020-03-04T04:41:20Z" user="hibagonsan" uid="5939709" lat="34.1763994" lon="131.4723572"/>
 <node id="7262632454" visible="true" version="1" changeset="81754891" timestamp="2020-03-04T04:41:20Z" user="hibagonsan" uid="5939709" lat="34.1763463" lon="131.4722863"/>
 <node id="7262632455" visible="true" version="1" changeset="81754891" timestamp="2020-03-04T04:41:20Z" user="hibagonsan" uid="5939709" lat="34.1759304" lon="131.4719499"/>
 <node id="7262632456" visible="true" version="1" changeset="81754891" timestamp="2020-03-04T04:41:20Z" user="hibagonsan" uid="5939709" lat="34.1759757" lon="131.4719002"/>
 <node id="7262632457" visible="true" version="1" changeset="81754891" timestamp="2020-03-04T04:41:20Z" user="hibagonsan" uid="5939709" lat="34.1758462" lon="131.4720088"/>
 <node id="7262632458" visible="true" version="1" changeset="81754891" timestamp="2020-03-04T04:41:20Z" user="hibagonsan" uid="5939709" lat="34.1758097" lon="131.4720539"/>
 <node id="7262632459" visible="true" version="1" changeset="81754891" timestamp="2020-03-04T04:41:20Z" user="hibagonsan" uid="5939709" lat="34.1758034" lon="131.4719580"/>
 <node id="7262632460" visible="true" version="1" changeset="81754891" timestamp="2020-03-04T04:41:20Z" user="hibagonsan" uid="5939709" lat="34.1757136" lon="131.4720688"/>
 <node id="7262632461" visible="true" version="1" changeset="81754891" timestamp="2020-03-04T04:41:20Z" user="hibagonsan" uid="5939709" lat="34.1757726" lon="131.4721388"/>
 <node id="7262632462" visible="true" version="1" changeset="81754891" timestamp="2020-03-04T04:41:20Z" user="hibagonsan" uid="5939709" lat="34.1758259" lon="131.4720730"/>
 <node id="7262632463" visible="true" version="1" changeset="81754891" timestamp="2020-03-04T04:41:20Z" user="hibagonsan" uid="5939709" lat="34.1760971" lon="131.4721936"/>
 <node id="7262632464" visible="true" version="1" changeset="81754891" timestamp="2020-03-04T04:41:20Z" user="hibagonsan" uid="5939709" lat="34.1760842" lon="131.4721752"/>
 <node id="7262632465" visible="true" version="1" changeset="81754891" timestamp="2020-03-04T04:41:20Z" user="hibagonsan" uid="5939709" lat="34.1760494" lon="131.4718703"/>
 <node id="7262632466" visible="true" version="1" changeset="81754891" timestamp="2020-03-04T04:41:20Z" user="hibagonsan" uid="5939709" lat="34.1759940" lon="131.4717966"/>
 <node id="7262632467" visible="true" version="1" changeset="81754891" timestamp="2020-03-04T04:41:20Z" user="hibagonsan" uid="5939709" lat="34.1759413" lon="131.4718544"/>
 <node id="7262632468" visible="true" version="1" changeset="81754891" timestamp="2020-03-04T04:41:20Z" user="hibagonsan" uid="5939709" lat="34.1759515" lon="131.4719779"/>
 <node id="7262632469" visible="true" version="1" changeset="81754891" timestamp="2020-03-04T04:41:20Z" user="hibagonsan" uid="5939709" lat="34.1760666" lon="131.4722249"/>
 <node id="7262632470" visible="true" version="1" changeset="81754891" timestamp="2020-03-04T04:41:20Z" user="hibagonsan" uid="5939709" lat="34.1761164" lon="131.4721423"/>
 <node id="7262632471" visible="true" version="1" changeset="81754891" timestamp="2020-03-04T04:41:20Z" user="hibagonsan" uid="5939709" lat="34.1761270" lon="131.4721575"/>
 <node id="7262632472" visible="true" version="1" changeset="81754891" timestamp="2020-03-04T04:41:20Z" user="hibagonsan" uid="5939709" lat="34.1760211" lon="131.4721600"/>
 <node id="7262632473" visible="true" version="1" changeset="81754891" timestamp="2020-03-04T04:41:20Z" user="hibagonsan" uid="5939709" lat="34.1761321" lon="131.4720462"/>
 <node id="7262632474" visible="true" version="1" changeset="81754891" timestamp="2020-03-04T04:41:20Z" user="hibagonsan" uid="5939709" lat="34.1761754" lon="131.4721079"/>
 <node id="7262632475" visible="true" version="1" changeset="81754891" timestamp="2020-03-04T04:41:20Z" user="hibagonsan" uid="5939709" lat="34.1761829" lon="131.4720891"/>
 <node id="7262632476" visible="true" version="1" changeset="81754891" timestamp="2020-03-04T04:41:20Z" user="hibagonsan" uid="5939709" lat="34.1761341" lon="131.4720221"/>
 <node id="7262632477" visible="true" version="1" changeset="81754891" timestamp="2020-03-04T04:41:20Z" user="hibagonsan" uid="5939709" lat="34.1761732" lon="131.4719805"/>
 <node id="7262632478" visible="true" version="1" changeset="81754891" timestamp="2020-03-04T04:41:20Z" user="hibagonsan" uid="5939709" lat="34.1762220" lon="131.4720476"/>
 <node id="7262632479" visible="true" version="1" changeset="81754891" timestamp="2020-03-04T04:41:20Z" user="hibagonsan" uid="5939709" lat="34.1760548" lon="131.4722276"/>
 <node id="7262632480" visible="true" version="1" changeset="81754891" timestamp="2020-03-04T04:41:20Z" user="hibagonsan" uid="5939709" lat="34.1759927" lon="131.4721511"/>
 <node id="7262632481" visible="true" version="1" changeset="81754891" timestamp="2020-03-04T04:41:20Z" user="hibagonsan" uid="5939709" lat="34.1759568" lon="131.4721937"/>
 <node id="7262632482" visible="true" version="1" changeset="81754891" timestamp="2020-03-04T04:41:20Z" user="hibagonsan" uid="5939709" lat="34.1760190" lon="131.4722702"/>
 <node id="7262632483" visible="true" version="1" changeset="81754891" timestamp="2020-03-04T04:41:20Z" user="hibagonsan" uid="5939709" lat="34.1758499" lon="131.4721782"/>
 <node id="7262632484" visible="true" version="1" changeset="81754891" timestamp="2020-03-04T04:41:20Z" user="hibagonsan" uid="5939709" lat="34.1758937" lon="131.4721210"/>
 <node id="7262632485" visible="true" version="1" changeset="81754891" timestamp="2020-03-04T04:41:20Z" user="hibagonsan" uid="5939709" lat="34.1759414" lon="131.4721745"/>
 <node id="7262632486" visible="true" version="1" changeset="81754891" timestamp="2020-03-04T04:41:20Z" user="hibagonsan" uid="5939709" lat="34.1758066" lon="131.4721297"/>
 <node id="7262632487" visible="true" version="1" changeset="81754891" timestamp="2020-03-04T04:41:20Z" user="hibagonsan" uid="5939709" lat="34.1758891" lon="131.4720221"/>
 <node id="7262632488" visible="true" version="1" changeset="81754891" timestamp="2020-03-04T04:41:20Z" user="hibagonsan" uid="5939709" lat="34.1759801" lon="131.4721240"/>
 <node id="7262632489" visible="true" version="1" changeset="81754891" timestamp="2020-03-04T04:41:20Z" user="hibagonsan" uid="5939709" lat="34.1759999" lon="131.4722838"/>
 <node id="7262632490" visible="true" version="1" changeset="81754891" timestamp="2020-03-04T04:41:20Z" user="hibagonsan" uid="5939709" lat="34.1758934" lon="131.4721416"/>
 <node id="7262632491" visible="true" version="1" changeset="81754891" timestamp="2020-03-04T04:41:20Z" user="hibagonsan" uid="5939709" lat="34.1758237" lon="131.4722179"/>
 <node id="7262632492" visible="true" version="1" changeset="81754891" timestamp="2020-03-04T04:41:20Z" user="hibagonsan" uid="5939709" lat="34.1759302" lon="131.4723600"/>
 <node id="7262632493" visible="true" version="1" changeset="81754891" timestamp="2020-03-04T04:41:20Z" user="hibagonsan" uid="5939709" lat="34.1761035" lon="131.4720422"/>
 <node id="7262632494" visible="true" version="1" changeset="81754891" timestamp="2020-03-04T04:41:20Z" user="hibagonsan" uid="5939709" lat="34.1760237" lon="131.4719376"/>
 <node id="7262632495" visible="true" version="1" changeset="81754891" timestamp="2020-03-04T04:41:20Z" user="hibagonsan" uid="5939709" lat="34.1759624" lon="131.4720060"/>
 <node id="7262632496" visible="true" version="1" changeset="81754891" timestamp="2020-03-04T04:41:20Z" user="hibagonsan" uid="5939709" lat="34.1760423" lon="131.4721106"/>
 <node id="7262632497" visible="true" version="1" changeset="81754891" timestamp="2020-03-04T04:41:20Z" user="hibagonsan" uid="5939709" lat="34.1764464" lon="131.4723057"/>
 <node id="7262632498" visible="true" version="1" changeset="81754891" timestamp="2020-03-04T04:41:20Z" user="hibagonsan" uid="5939709" lat="34.1763183" lon="131.4723169"/>
 <node id="7262632499" visible="true" version="1" changeset="81754891" timestamp="2020-03-04T04:41:20Z" user="hibagonsan" uid="5939709" lat="34.1762835" lon="131.4722705"/>
 <node id="7262632500" visible="true" version="1" changeset="81754891" timestamp="2020-03-04T04:41:20Z" user="hibagonsan" uid="5939709" lat="34.1763585" lon="131.4721884"/>
 <node id="7262632501" visible="true" version="1" changeset="81754891" timestamp="2020-03-04T04:41:20Z" user="hibagonsan" uid="5939709" lat="34.1763280" lon="131.4721435"/>
 <node id="7262632502" visible="true" version="1" changeset="81754891" timestamp="2020-03-04T04:41:20Z" user="hibagonsan" uid="5939709" lat="34.1762658" lon="131.4720684"/>
 <node id="7262632503" visible="true" version="1" changeset="81754891" timestamp="2020-03-04T04:41:20Z" user="hibagonsan" uid="5939709" lat="34.1762098" lon="131.4721361"/>
 <node id="7262632504" visible="true" version="1" changeset="81754891" timestamp="2020-03-04T04:41:20Z" user="hibagonsan" uid="5939709" lat="34.1762719" lon="131.4722112"/>
 <node id="7262632505" visible="true" version="1" changeset="81754891" timestamp="2020-03-04T04:41:20Z" user="hibagonsan" uid="5939709" lat="34.1762386" lon="131.4722940"/>
 <node id="7262632506" visible="true" version="1" changeset="81754891" timestamp="2020-03-04T04:41:20Z" user="hibagonsan" uid="5939709" lat="34.1761831" lon="131.4722242"/>
 <node id="7262632507" visible="true" version="1" changeset="81754891" timestamp="2020-03-04T04:41:20Z" user="hibagonsan" uid="5939709" lat="34.1761355" lon="131.4722796"/>
 <node id="7262632508" visible="true" version="1" changeset="81754891" timestamp="2020-03-04T04:41:20Z" user="hibagonsan" uid="5939709" lat="34.1761909" lon="131.4723493"/>
 <node id="7262632509" visible="true" version="1" changeset="81754891" timestamp="2020-03-04T04:41:20Z" user="hibagonsan" uid="5939709" lat="34.1754720" lon="131.4715827"/>
 <node id="7262632510" visible="true" version="1" changeset="81754891" timestamp="2020-03-04T04:41:20Z" user="hibagonsan" uid="5939709" lat="34.1754459" lon="131.4716120"/>
 <node id="7262632511" visible="true" version="1" changeset="81754891" timestamp="2020-03-04T04:41:20Z" user="hibagonsan" uid="5939709" lat="34.1755374" lon="131.4716681"/>
 <node id="7262632512" visible="true" version="1" changeset="81754891" timestamp="2020-03-04T04:41:20Z" user="hibagonsan" uid="5939709" lat="34.1754126" lon="131.4715685"/>
 <node id="7262632513" visible="true" version="1" changeset="81754891" timestamp="2020-03-04T04:41:20Z" user="hibagonsan" uid="5939709" lat="34.1753621" lon="131.4716251"/>
 <node id="7262632514" visible="true" version="1" changeset="81754891" timestamp="2020-03-04T04:41:20Z" user="hibagonsan" uid="5939709" lat="34.1754609" lon="131.4717539"/>
 <node id="7262632515" visible="true" version="1" changeset="81754891" timestamp="2020-03-04T04:41:20Z" user="hibagonsan" uid="5939709" lat="34.1755830" lon="131.4717538"/>
 <node id="7262632516" visible="true" version="1" changeset="81754891" timestamp="2020-03-04T04:41:20Z" user="hibagonsan" uid="5939709" lat="34.1755209" lon="131.4718181"/>
 <node id="7262632517" visible="true" version="1" changeset="81754891" timestamp="2020-03-04T04:41:20Z" user="hibagonsan" uid="5939709" lat="34.1755685" lon="131.4718853"/>
 <node id="7262632518" visible="true" version="1" changeset="81754891" timestamp="2020-03-04T04:41:20Z" user="hibagonsan" uid="5939709" lat="34.1756306" lon="131.4718209"/>
 <node id="9218352756" visible="true" version="3" changeset="181792300" timestamp="2026-04-25T05:55:28Z" user="FajrAl" uid="2649988" lat="34.1747900" lon="131.4730820">
  <tag k="name" v="中央三丁目"/>
  <tag k="name:en" v="Chuo 3-chome"/>
  <tag k="name:id" v="Chuo 3-chome"/>
  <tag k="place" v="neighbourhood"/>
 </node>
 <node id="9218352757" visible="true" version="3" changeset="181792300" timestamp="2026-04-25T05:55:28Z" user="FajrAl" uid="2649988" lat="34.1765440" lon="131.4732180">
  <tag k="name" v="中央二丁目"/>
  <tag k="name:en" v="Chuo 2-chome"/>
  <tag k="name:id" v="Chuo 2-chome"/>
  <tag k="place" v="neighbourhood"/>
 </node>
 <node id="9412086511" visible="true" version="2" changeset="167486642" timestamp="2025-06-11T11:22:27Z" user="AlexM51" uid="174705" lat="34.1754264" lon="131.4726654">
  <tag k="bus" v="yes"/>
  <tag k="gtfs:stop_id" v="60031 2"/>
  <tag k="highway" v="bus_stop"/>
  <tag k="name" v="中国電力・ｙａｂ前"/>
  <tag k="name:ja" v="中国電力・ｙａｂ前"/>
  <tag k="name:ja-Hira" v="ちゅうごくでんりょくまえ"/>
  <tag k="name:ja-Latn" v="Chūgokudenryoku-mae"/>
  <tag k="operator" v="中国ジェイアールバス"/>
  <tag k="operator:en" v="Chugoku JR Bus"/>
  <tag k="public_transport" v="platform"/>
 </node>
 <node id="9412086512" visible="true" version="2" changeset="167486642" timestamp="2025-06-11T11:22:27Z" user="AlexM51" uid="174705" lat="34.1762263" lon="131.4733653">
  <tag k="bus" v="yes"/>
  <tag k="gtfs:stop_id" v="60031 1"/>
  <tag k="highway" v="bus_stop"/>
  <tag k="name" v="中国電力・ｙａｂ前"/>
  <tag k="name:ja" v="中国電力・ｙａｂ前"/>
  <tag k="name:ja-Hira" v="ちゅうごくでんりょくまえ"/>
  <tag k="name:ja-Latn" v="Chūgokudenryoku-mae"/>
  <tag k="operator" v="中国ジェイアールバス"/>
  <tag k="operator:en" v="Chugoku JR Bus"/>
  <tag k="public_transport" v="platform"/>
 </node>
 <node id="11224298376" visible="true" version="2" changeset="141850740" timestamp="2023-09-28T07:29:32Z" user="FallingPeppers" uid="19745387" lat="34.1737728" lon="131.4710746"/>
 <node id="11224298377" visible="true" version="2" changeset="141850740" timestamp="2023-09-28T07:29:32Z" user="FallingPeppers" uid="19745387" lat="34.1732243" lon="131.4717364"/>
 <node id="11224298378" visible="true" version="2" changeset="141850740" timestamp="2023-09-28T07:29:32Z" user="FallingPeppers" uid="19745387" lat="34.1736285" lon="131.4723435"/>
 <node id="11224298379" visible="true" version="2" changeset="141850740" timestamp="2023-09-28T07:29:32Z" user="FallingPeppers" uid="19745387" lat="34.1741500" lon="131.4731889"/>
 <node id="11224298380" visible="true" version="2" changeset="141850740" timestamp="2023-09-28T07:29:32Z" user="FallingPeppers" uid="19745387" lat="34.1740976" lon="131.4732435"/>
 <node id="11224298382" visible="true" version="2" changeset="141850740" timestamp="2023-09-28T07:29:32Z" user="FallingPeppers" uid="19745387" lat="34.1746452" lon="131.4741092"/>
 <node id="11224298383" visible="true" version="2" changeset="141850740" timestamp="2023-09-28T07:29:32Z" user="FallingPeppers" uid="19745387" lat="34.1747504" lon="131.4740958"/>
 <node id="11224298384" visible="true" version="2" changeset="141850740" timestamp="2023-09-28T07:29:32Z" user="FallingPeppers" uid="19745387" lat="34.1749679" lon="131.4745479"/>
 <node id="11224298407" visible="true" version="2" changeset="141850740" timestamp="2023-09-28T07:29:32Z" user="FallingPeppers" uid="19745387" lat="34.1757071" lon="131.4743260"/>
 <node id="11224298408" visible="true" version="2" changeset="141850740" timestamp="2023-09-28T07:29:32Z" user="FallingPeppers" uid="19745387" lat="34.1763296" lon="131.4736803"/>
 <node id="11224298409" visible="true" version="2" changeset="141850740" timestamp="2023-09-28T07:29:32Z" user="FallingPeppers" uid="19745387" lat="34.1759873" lon="131.4731098"/>
 <node id="11224298410" visible="true" version="2" changeset="141850740" timestamp="2023-09-28T07:29:32Z" user="FallingPeppers" uid="19745387" lat="34.1753355" lon="131.4725046"/>
 <node id="11224298411" visible="true" version="2" changeset="141850740" timestamp="2023-09-28T07:29:32Z" user="FallingPeppers" uid="19745387" lat="34.1744757" lon="131.4717028"/>
 <node id="11224298426" visible="true" version="2" changeset="141850740" timestamp="2023-09-28T07:29:32Z" user="FallingPeppers" uid="19745387" lat="34.1769778" lon="131.4747644"/>
 <node id="11224298427" visible="true" version="2" changeset="141850740" timestamp="2023-09-28T07:29:32Z" user="FallingPeppers" uid="19745387" lat="34.1773861" lon="131.4754175"/>
 <node id="11224298432" visible="true" version="2" changeset="141850740" timestamp="2023-09-28T07:29:32Z" user="FallingPeppers" uid="19745387" lat="34.1771409" lon="131.4730424"/>
 <node id="11224298433" visible="true" version="2" changeset="141850740" timestamp="2023-09-28T07:29:32Z" user="FallingPeppers" uid="19745387" lat="34.1764550" lon="131.4722920"/>
 <node id="11224298434" visible="true" version="1" changeset="141847460" timestamp="2023-09-28T05:58:07Z" user="FallingPeppers" uid="19745387" lat="34.1760758" lon="131.4718251"/>
 <node id="11224298435" visible="true" version="1" changeset="141847460" timestamp="2023-09-28T05:58:07Z" user="FallingPeppers" uid="19745387" lat="34.1757793" lon="131.4714698"/>
 <node id="11224298436" visible="true" version="2" changeset="141850740" timestamp="2023-09-28T07:29:32Z" user="FallingPeppers" uid="19745387" lat="34.1750439" lon="131.4722377"/>
 <node id="11224335337" visible="true" version="2" changeset="141850740" timestamp="2023-09-28T07:29:32Z" user="FallingPeppers" uid="19745387" lat="34.1755527" lon="131.4712432"/>
 <node id="11224335338" visible="true" version="2" changeset="141850740" timestamp="2023-09-28T07:29:32Z" user="FallingPeppers" uid="19745387" lat="34.1747407" lon="131.4700709"/>
 <node id="11224335339" visible="true" version="2" changeset="141850740" timestamp="2023-09-28T07:29:32Z" user="FallingPeppers" uid="19745387" lat="34.1736861" lon="131.4685411"/>
 <node id="11224454554" visible="true" version="1" changeset="141850740" timestamp="2023-09-28T07:29:32Z" user="FallingPeppers" uid="19745387" lat="34.1763575" lon="131.4703253"/>
 <node id="11224454555" visible="true" version="1" changeset="141850740" timestamp="2023-09-28T07:29:32Z" user="FallingPeppers" uid="19745387" lat="34.1769839" lon="131.4696676"/>
 <node id="11224454556" visible="true" version="1" changeset="141850740" timestamp="2023-09-28T07:29:32Z" user="FallingPeppers" uid="19745387" lat="34.1772748" lon="131.4693738"/>
 <node id="11224454557" visible="true" version="1" changeset="141850740" timestamp="2023-09-28T07:29:32Z" user="FallingPeppers" uid="19745387" lat="34.1776820" lon="131.4689188"/>
 <node id="11224454558" visible="true" version="1" changeset="141850740" timestamp="2023-09-28T07:29:32Z" user="FallingPeppers" uid="19745387" lat="34.1777437" lon="131.4687947"/>
 <node id="11224454559" visible="true" version="1" changeset="141850740" timestamp="2023-09-28T07:29:32Z" user="FallingPeppers" uid="19745387" lat="34.1778429" lon="131.4686623"/>
 <node id="11224454560" visible="true" version="1" changeset="141850740" timestamp="2023-09-28T07:29:32Z" user="FallingPeppers" uid="19745387" lat="34.1779387" lon="131.4686002"/>
 <node id="11224454561" visible="true" version="1" changeset="141850740" timestamp="2023-09-28T07:29:32Z" user="FallingPeppers" uid="19745387" lat="34.1781167" lon="131.4685133"/>
 <node id="11224454562" visible="true" version="1" changeset="141850740" timestamp="2023-09-28T07:29:32Z" user="FallingPeppers" uid="19745387" lat="34.1782262" lon="131.4684430"/>
 <node id="11224454982" visible="true" version="1" changeset="141850740" timestamp="2023-09-28T07:29:32Z" user="FallingPeppers" uid="19745387" lat="34.1745853" lon="131.4698350"/>
 <node id="11224454983" visible="true" version="1" changeset="141850740" timestamp="2023-09-28T07:29:32Z" user="FallingPeppers" uid="19745387" lat="34.1745210" lon="131.4697278"/>
 <node id="11224454984" visible="true" version="1" changeset="141850740" timestamp="2023-09-28T07:29:32Z" user="FallingPeppers" uid="19745387" lat="34.1754865" lon="131.4711852"/>
 <node id="11224454985" visible="true" version="1" changeset="141850740" timestamp="2023-09-28T07:29:32Z" user="FallingPeppers" uid="19745387" lat="34.1756334" lon="131.4712832"/>
 <node id="11224454986" visible="true" version="1" changeset="141850740" timestamp="2023-09-28T07:29:32Z" user="FallingPeppers" uid="19745387" lat="34.1747169" lon="131.4719416"/>
 <node id="11224454987" visible="true" version="1" changeset="141850740" timestamp="2023-09-28T07:29:32Z" user="FallingPeppers" uid="19745387" lat="34.1733565" lon="131.4719416"/>
 <node id="11224454988" visible="true" version="1" changeset="141850740" timestamp="2023-09-28T07:29:32Z" user="FallingPeppers" uid="19745387" lat="34.1743588" lon="131.4736210"/>
 <node id="11224455004" visible="true" version="1" changeset="141850740" timestamp="2023-09-28T07:29:32Z" user="FallingPeppers" uid="19745387" lat="34.1770702" lon="131.4730180"/>
 <node id="11224455010" visible="true" version="1" changeset="141850740" timestamp="2023-09-28T07:29:32Z" user="FallingPeppers" uid="19745387" lat="34.1766142" lon="131.4742146"/>
 <node id="11224455011" visible="true" version="1" changeset="141850740" timestamp="2023-09-28T07:29:32Z" user="FallingPeppers" uid="19745387" lat="34.1760068" lon="131.4739687"/>
 <node id="11224455012" visible="true" version="1" changeset="141850740" timestamp="2023-09-28T07:29:32Z" user="FallingPeppers" uid="19745387" lat="34.1758078" lon="131.4741536"/>
 <node id="11686016251" visible="true" version="1" changeset="148150632" timestamp="2024-03-03T00:21:54Z" user="paopao234" uid="8303738" lat="34.1711786" lon="131.4678338"/>
 <node id="11686016257" visible="true" version="1" changeset="148150632" timestamp="2024-03-03T00:21:54Z" user="paopao234" uid="8303738" lat="34.1689651" lon="131.4641875"/>
 <node id="12905858464" visible="true" version="1" changeset="167486642" timestamp="2025-06-11T11:22:27Z" user="AlexM51" uid="174705" lat="34.1761588" lon="131.4734235">
  <tag k="bus" v="yes"/>
  <tag k="gtfs:stop_id" v="60031 1"/>
  <tag k="name" v="中国電力・ｙａｂ前"/>
  <tag k="name:ja" v="中国電力・ｙａｂ前"/>
  <tag k="name:ja-Hira" v="ちゅうごくでんりょくまえ"/>
  <tag k="name:ja-Latn" v="Chūgokudenryoku-mae"/>
  <tag k="operator" v="中国ジェイアールバス"/>
  <tag k="operator:en" v="Chugoku JR Bus"/>
  <tag k="public_transport" v="stop_position"/>
 </node>
 <node id="12905858465" visible="true" version="1" changeset="167486642" timestamp="2025-06-11T11:22:27Z" user="AlexM51" uid="174705" lat="34.1702337" lon="131.4662768">
  <tag k="bus" v="yes"/>
  <tag k="gtfs:stop_id" v="60033 1"/>
  <tag k="name" v="情報芸術センター前"/>
  <tag k="name:ja" v="情報芸術センター前"/>
  <tag k="name:ja-Hira" v="じょうほうげいじゅつせんたーまえ"/>
  <tag k="name:ja-Latn" v="Jouhougeijutsusentā-mae"/>
  <tag k="operator" v="中国ジェイアールバス"/>
  <tag k="operator:en" v="Chugoku JR Bus"/>
  <tag k="public_transport" v="stop_position"/>
 </node>
 <node id="12905858466" visible="true" version="1" changeset="167486642" timestamp="2025-06-11T11:22:27Z" user="AlexM51" uid="174705" lat="34.1678270" lon="131.4622642">
  <tag k="bus" v="yes"/>
  <tag k="gtfs:stop_id" v="60034 1"/>
  <tag k="name" v="ＮＴＴ山口前"/>
  <tag k="name:ja" v="ＮＴＴ山口前"/>
  <tag k="name:ja-Hira" v="えぬてぃーてぃーやまぐちまえ"/>
  <tag k="name:ja-Latn" v="NTT Yamaguchi-mae"/>
  <tag k="operator" v="中国ジェイアールバス"/>
  <tag k="operator:en" v="Chugoku JR Bus"/>
  <tag k="public_transport" v="stop_position"/>
 </node>
 <node id="12905858498" visible="true" version="1" changeset="167486642" timestamp="2025-06-11T11:22:27Z" user="AlexM51" uid="174705" lat="34.1673674" lon="131.4615110">
  <tag k="bus" v="yes"/>
  <tag k="gtfs:stop_id" v="60034 2"/>
  <tag k="name" v="ＮＴＴ山口前"/>
  <tag k="name:ja" v="ＮＴＴ山口前"/>
  <tag k="name:ja-Hira" v="えぬてぃーてぃーやまぐちまえ"/>
  <tag k="name:ja-Latn" v="NTT Yamaguchi-mae"/>
  <tag k="operator" v="中国ジェイアールバス"/>
  <tag k="operator:en" v="Chugoku JR Bus"/>
  <tag k="public_transport" v="stop_position"/>
 </node>
 <node id="12905858499" visible="true" version="1" changeset="167486642" timestamp="2025-06-11T11:22:27Z" user="AlexM51" uid="174705" lat="34.1697952" lon="131.4655549">
  <tag k="bus" v="yes"/>
  <tag k="gtfs:stop_id" v="60033 2"/>
  <tag k="name" v="情報芸術センター前"/>
  <tag k="name:ja" v="情報芸術センター前"/>
  <tag k="name:ja-Hira" v="じょうほうげいじゅつせんたーまえ"/>
  <tag k="name:ja-Latn" v="Jouhougeijutsusentā-mae"/>
  <tag k="operator" v="中国ジェイアールバス"/>
  <tag k="operator:en" v="Chugoku JR Bus"/>
  <tag k="public_transport" v="stop_position"/>
 </node>
 <node id="12905858500" visible="true" version="1" changeset="167486642" timestamp="2025-06-11T11:22:27Z" user="AlexM51" uid="174705" lat="34.1754498" lon="131.4726251">
  <tag k="bus" v="yes"/>
  <tag k="gtfs:stop_id" v="60031 2"/>
  <tag k="name" v="中国電力・ｙａｂ前"/>
  <tag k="name:ja" v="中国電力・ｙａｂ前"/>
  <tag k="name:ja-Hira" v="ちゅうごくでんりょくまえ"/>
  <tag k="name:ja-Latn" v="Chūgokudenryoku-mae"/>
  <tag k="operator" v="中国ジェイアールバス"/>
  <tag k="operator:en" v="Chugoku JR Bus"/>
  <tag k="public_transport" v="stop_position"/>
 </node>
 <way id="119878495" visible="true" version="3" changeset="28483091" timestamp="2015-01-29T10:30:11Z" user="mklyr" uid="614924">
  <nd ref="1345451374"/>
  <nd ref="3318349999"/>
  <nd ref="1345450423"/>
  <nd ref="1345450223"/>
  <tag k="highway" v="tertiary"/>
  <tag k="source" v="YahooJapan/ALPSMAP"/>
  <tag k="yh:WIDTH" v="3.0m〜5.5m"/>
 </way>
 <way id="119879037" visible="true" version="9" changeset="171438115" timestamp="2025-09-04T07:35:56Z" user="taketaketake" uid="4757277">
  <nd ref="1345450223"/>
  <nd ref="12905858464"/>
  <nd ref="1345519006"/>
  <nd ref="1345520106"/>
  <nd ref="12905858500"/>
  <nd ref="1345519973"/>
  <nd ref="6353850144"/>
  <nd ref="1345521174"/>
  <nd ref="1345525633"/>
  <nd ref="1999675065"/>
  <nd ref="1345523647"/>
  <nd ref="1345528306"/>
  <nd ref="6353832695"/>
  <nd ref="1345519464"/>
  <nd ref="5091003773"/>
  <nd ref="1345521571"/>
  <nd ref="11686016251"/>
  <nd ref="12905858465"/>
  <nd ref="12905858499"/>
  <nd ref="11686016257"/>
  <nd ref="1345523815"/>
  <nd ref="1345516934"/>
  <nd ref="3223114287"/>
  <nd ref="12905858466"/>
  <nd ref="12905858498"/>
  <nd ref="3223114298"/>
  <nd ref="1345528691"/>
  <tag k="highway" v="secondary"/>
  <tag k="lanes" v="2"/>
  <tag k="name" v="宮野大歳線"/>
  <tag k="name:en" v="Miyano Otoshi Line"/>
  <tag k="name:ja" v="宮野大歳線"/>
  <tag k="name:ja-Hira" v="みやのおおとしせん"/>
  <tag k="name:ja_rm" v="Miyano Ōtoshi-sen"/>
  <tag k="old_name" v="国道9号"/>
  <tag k="old_name:en" v="National Highway Route 9"/>
  <tag k="old_name:ja" v="国道9号"/>
  <tag k="old_ref" v="9"/>
  <tag k="ref" v="204"/>
  <tag k="source" v="YahooJapan/ALPSMAP"/>
  <tag k="surface" v="asphalt"/>
  <tag k="wikidata" v="Q11467194"/>
  <tag k="wikipedia" v="ja:山口県道204号宮野大歳線"/>
 </way>
 <way id="119879116" visible="true" version="3" changeset="33478833" timestamp="2015-08-21T09:21:04Z" user="higa4" uid="162590">
  <nd ref="1345450223"/>
  <nd ref="3707689022"/>
  <nd ref="1345449267"/>
  <tag k="highway" v="tertiary"/>
  <tag k="source" v="YahooJapan/ALPSMAP"/>
  <tag k="yh:WIDTH" v="5.5m〜13.0m"/>
 </way>
 <way id="119885250" visible="true" version="2" changeset="37843100" timestamp="2016-03-15T13:47:59Z" user="yoshitk" uid="1003241">
  <nd ref="1345524591"/>
  <nd ref="2952052102"/>
  <nd ref="2952052103"/>
  <nd ref="1345522926"/>
  <nd ref="1345516205"/>
  <nd ref="1345529396"/>
  <nd ref="1345449267"/>
  <tag k="highway" v="unclassified"/>
  <tag k="source" v="YahooJapan/ALPSMAP"/>
  <tag k="yh:WIDTH" v="3.0m〜5.5m"/>
 </way>
 <way id="119885725" visible="true" version="2" changeset="68400947" timestamp="2019-03-22T08:16:38Z" user="yoshitk" uid="1003241">
  <nd ref="1345517064"/>
  <nd ref="1345527260"/>
  <nd ref="6353850143"/>
  <nd ref="1345524591"/>
  <tag k="highway" v="unclassified"/>
  <tag k="source" v="YahooJapan/ALPSMAP"/>
 </way>
 <way id="119886037" visible="true" version="3" changeset="33498228" timestamp="2015-08-22T04:00:16Z" user="higa4" uid="162590">
  <nd ref="1345521046"/>
  <nd ref="1345518090"/>
  <nd ref="1345530123"/>
  <nd ref="1345525655"/>
  <nd ref="1345451374"/>
  <tag k="highway" v="unclassified"/>
  <tag k="source" v="YahooJapan/ALPSMAP"/>
  <tag k="yh:WIDTH" v="3.0m〜5.5m"/>
 </way>
 <way id="119886650" visible="true" version="2" changeset="37843100" timestamp="2016-03-15T13:47:59Z" user="yoshitk" uid="1003241">
  <nd ref="1345519973"/>
  <nd ref="1345522926"/>
  <tag k="highway" v="unclassified"/>
  <tag k="source" v="YahooJapan/ALPSMAP"/>
  <tag k="yh:WIDTH" v="3.0m〜5.5m"/>
 </way>
 <way id="119886707" visible="true" version="2" changeset="50990088" timestamp="2017-08-10T06:18:47Z" user="hibagonsan" uid="5939709">
  <nd ref="5025619346"/>
  <nd ref="1345517064"/>
  <tag k="highway" v="unclassified"/>
  <tag k="source" v="YahooJapan/ALPSMAP"/>
 </way>
 <way id="119886737" visible="true" version="4" changeset="79771836" timestamp="2020-01-20T02:56:44Z" user="hibagonsan" uid="5939709">
  <nd ref="1345516205"/>
  <nd ref="2952052128"/>
  <nd ref="1345527018"/>
  <nd ref="1345524423"/>
  <nd ref="7144470785"/>
  <tag k="highway" v="unclassified"/>
  <tag k="source" v="YahooJapan/ALPSMAP"/>
 </way>
 <way id="119886843" visible="true" version="5" changeset="68400947" timestamp="2019-03-22T08:16:38Z" user="yoshitk" uid="1003241">
  <nd ref="1345524142"/>
  <nd ref="1345525201"/>
  <nd ref="1345522323"/>
  <nd ref="1345525639"/>
  <nd ref="6353850147"/>
  <nd ref="5415903938"/>
  <nd ref="1345519973"/>
  <tag k="highway" v="unclassified"/>
  <tag k="source" v="YahooJapan/ALPSMAP"/>
 </way>
 <way id="119887554" visible="true" version="3" changeset="71840965" timestamp="2019-07-03T00:36:00Z" user="hibagonsan" uid="5939709">
  <nd ref="1345522323"/>
  <nd ref="6585452936"/>
  <nd ref="6585452935"/>
  <nd ref="1345519129"/>
  <nd ref="1345517878"/>
  <nd ref="1345521046"/>
  <tag k="highway" v="unclassified"/>
  <tag k="source" v="YahooJapan/ALPSMAP"/>
 </way>
 <way id="366788723" visible="true" version="1" changeset="33478596" timestamp="2015-08-21T09:06:01Z" user="higa4" uid="162590">
  <nd ref="3707678066"/>
  <nd ref="3707678071"/>
  <nd ref="3707678070"/>
  <nd ref="3707678067"/>
  <nd ref="3707678068"/>
  <nd ref="3707678069"/>
  <nd ref="3707678066"/>
  <tag k="building" v="yes"/>
  <tag k="source" v="GSI/KIBAN 2500;NARO"/>
 </way>
 <way id="366790515" visible="true" version="4" changeset="170368547" timestamp="2025-08-13T04:45:33Z" user="pseek" uid="21586509">
  <nd ref="3707689023"/>
  <nd ref="3707689024"/>
  <nd ref="3707692325"/>
  <nd ref="3707692326"/>
  <nd ref="3707692327"/>
  <nd ref="3707692331"/>
  <nd ref="3707692329"/>
  <nd ref="3707692330"/>
  <nd ref="3707692328"/>
  <nd ref="3707689023"/>
  <tag k="building" v="yes"/>
  <tag k="source" v="KSJ2"/>
 </way>
 <way id="514392357" visible="true" version="1" changeset="50990088" timestamp="2017-08-10T06:18:46Z" user="hibagonsan" uid="5939709">
  <nd ref="5025619352"/>
  <nd ref="5025619351"/>
  <nd ref="5025619350"/>
  <nd ref="5025619349"/>
  <nd ref="5025619348"/>
  <nd ref="5025619347"/>
  <nd ref="5025619352"/>
  <tag k="amenity" v="kindergarten"/>
  <tag k="name" v="山口中央幼稚園"/>
 </way>
 <way id="514393215" visible="true" version="1" changeset="50990162" timestamp="2017-08-10T06:22:46Z" user="hibagonsan" uid="5939709">
  <nd ref="5025624323"/>
  <nd ref="5025624322"/>
  <nd ref="5025624321"/>
  <nd ref="5025623018"/>
  <nd ref="5025623019"/>
  <nd ref="5025623020"/>
  <nd ref="5025624323"/>
  <tag k="building" v="yes"/>
  <tag k="source" v="GSImaps/ort"/>
 </way>
 <way id="514393216" visible="true" version="1" changeset="50990162" timestamp="2017-08-10T06:22:46Z" user="hibagonsan" uid="5939709">
  <nd ref="5025624327"/>
  <nd ref="5025624326"/>
  <nd ref="5025624325"/>
  <nd ref="5025624324"/>
  <nd ref="5025624327"/>
  <tag k="building" v="yes"/>
  <tag k="source" v="GSImaps/ort"/>
 </way>
 <way id="516266993" visible="true" version="3" changeset="88538910" timestamp="2020-07-27T04:00:00Z" user="higa4" uid="162590">
  <nd ref="1423657323"/>
  <nd ref="5040155978"/>
  <nd ref="5040155977"/>
  <nd ref="5040155976"/>
  <nd ref="5040155975"/>
  <nd ref="5040155974"/>
  <nd ref="5040155973"/>
  <nd ref="5040155972"/>
  <nd ref="1423657323"/>
  <tag k="amenity" v="school"/>
  <tag k="name" v="山口市立白石小学校"/>
  <tag k="note" v="National-Land Numerical Information (Public Facility) 2006, MLIT Japan"/>
  <tag k="note:ja" v="国土数値情報（公共施設データ）平成19年　国土交通省"/>
  <tag k="source" v="KSJ2"/>
  <tag k="source_ref" v="http://nlftp.mlit.go.jp/ksj/jpgis/datalist/KsjTmplt-P02-v2_0.html"/>
  <tag k="wikidata" v="Q55536964"/>
  <tag k="wikipedia" v="ja:山口市立白石小学校"/>
 </way>
 <way id="516278265" visible="true" version="1" changeset="51192553" timestamp="2017-08-17T04:39:46Z" user="hibagonsan" uid="5939709">
  <nd ref="5040247527"/>
  <nd ref="5040247526"/>
  <nd ref="5040247525"/>
  <nd ref="5040247524"/>
  <nd ref="5040247523"/>
  <nd ref="5040247527"/>
  <tag k="leisure" v="pitch"/>
  <tag k="sport" v="multi"/>
 </way>
 <way id="542705231" visible="true" version="1" changeset="54066352" timestamp="2017-11-25T07:29:25Z" user="hibagonsan" uid="5939709">
  <nd ref="5246745579"/>
  <nd ref="5246745578"/>
  <nd ref="5246745577"/>
  <nd ref="5246745576"/>
  <nd ref="5246745579"/>
  <tag k="building" v="yes"/>
  <tag k="source" v="GSImaps/ort"/>
 </way>
 <way id="542705427" visible="true" version="1" changeset="54066381" timestamp="2017-11-25T07:31:02Z" user="hibagonsan" uid="5939709">
  <nd ref="5246746824"/>
  <nd ref="5246746823"/>
  <nd ref="5246746822"/>
  <nd ref="5246746821"/>
  <nd ref="5246746824"/>
  <tag k="building" v="yes"/>
  <tag k="source" v="GSImaps/ort"/>
 </way>
 <way id="604453627" visible="true" version="1" changeset="60364536" timestamp="2018-07-03T04:50:12Z" user="hibagonsan" uid="5939709">
  <nd ref="5735495693"/>
  <nd ref="5735495688"/>
  <nd ref="5735495687"/>
  <nd ref="5735495692"/>
  <nd ref="5735495684"/>
  <nd ref="5735495685"/>
  <nd ref="5735495691"/>
  <nd ref="5735495686"/>
  <nd ref="5735495689"/>
  <nd ref="5735495690"/>
  <nd ref="5735495693"/>
  <tag k="building" v="yes"/>
  <tag k="source" v="GSImaps/ort"/>
 </way>
 <way id="604453629" visible="true" version="1" changeset="60364536" timestamp="2018-07-03T04:50:12Z" user="hibagonsan" uid="5939709">
  <nd ref="5735495701"/>
  <nd ref="5735495700"/>
  <nd ref="5735495699"/>
  <nd ref="5735495698"/>
  <nd ref="5735495696"/>
  <nd ref="5735495695"/>
  <nd ref="5735495694"/>
  <nd ref="5735495697"/>
  <nd ref="5735495701"/>
  <tag k="building" v="yes"/>
  <tag k="source" v="GSImaps/ort"/>
 </way>
 <way id="604453632" visible="true" version="1" changeset="60364536" timestamp="2018-07-03T04:50:12Z" user="hibagonsan" uid="5939709">
  <nd ref="5735495705"/>
  <nd ref="5735495704"/>
  <nd ref="5735495703"/>
  <nd ref="5735495702"/>
  <nd ref="5735495705"/>
  <tag k="building" v="yes"/>
  <tag k="source" v="GSImaps/ort"/>
 </way>
 <way id="678578687" visible="true" version="1" changeset="68400947" timestamp="2019-03-22T08:16:36Z" user="yoshitk" uid="1003241">
  <nd ref="6353850143"/>
  <nd ref="6353850144"/>
  <tag k="highway" v="service"/>
  <tag k="service" v="alley"/>
 </way>
 <way id="678578689" visible="true" version="1" changeset="68400947" timestamp="2019-03-22T08:16:36Z" user="yoshitk" uid="1003241">
  <nd ref="6353850146"/>
  <nd ref="6353850147"/>
  <tag k="highway" v="path"/>
 </way>
 <way id="689049452" visible="true" version="1" changeset="70095916" timestamp="2019-05-10T04:44:31Z" user="hibagonsan" uid="5939709">
  <nd ref="6463513270"/>
  <nd ref="6463513267"/>
  <nd ref="6463513266"/>
  <nd ref="6463513268"/>
  <nd ref="6463513269"/>
  <nd ref="6463513270"/>
  <tag k="building" v="yes"/>
  <tag k="source" v="GSImaps/ort"/>
 </way>
 <way id="689049453" visible="true" version="1" changeset="70095916" timestamp="2019-05-10T04:44:31Z" user="hibagonsan" uid="5939709">
  <nd ref="6463513274"/>
  <nd ref="6463513271"/>
  <nd ref="6463513272"/>
  <nd ref="6463513273"/>
  <nd ref="6463513274"/>
  <tag k="building" v="yes"/>
  <tag k="source" v="GSImaps/ort"/>
 </way>
 <way id="689049455" visible="true" version="1" changeset="70095916" timestamp="2019-05-10T04:44:31Z" user="hibagonsan" uid="5939709">
  <nd ref="6463513282"/>
  <nd ref="6463513281"/>
  <nd ref="6463513280"/>
  <nd ref="6463513279"/>
  <nd ref="6463513282"/>
  <tag k="building" v="yes"/>
  <tag k="source" v="GSImaps/ort"/>
 </way>
 <way id="689049456" visible="true" version="1" changeset="70095916" timestamp="2019-05-10T04:44:31Z" user="hibagonsan" uid="5939709">
  <nd ref="6463513286"/>
  <nd ref="6463513283"/>
  <nd ref="6463513284"/>
  <nd ref="6463513285"/>
  <nd ref="6463513286"/>
  <tag k="building" v="yes"/>
  <tag k="source" v="GSImaps/ort"/>
 </way>
 <way id="689049457" visible="true" version="1" changeset="70095916" timestamp="2019-05-10T04:44:31Z" user="hibagonsan" uid="5939709">
  <nd ref="6463513290"/>
  <nd ref="6463513287"/>
  <nd ref="6463513288"/>
  <nd ref="6463513289"/>
  <nd ref="6463513290"/>
  <tag k="building" v="yes"/>
  <tag k="source" v="GSImaps/ort"/>
 </way>
 <way id="689049458" visible="true" version="1" changeset="70095916" timestamp="2019-05-10T04:44:31Z" user="hibagonsan" uid="5939709">
  <nd ref="6463513294"/>
  <nd ref="6463513293"/>
  <nd ref="6463513292"/>
  <nd ref="6463513291"/>
  <nd ref="6463513294"/>
  <tag k="building" v="yes"/>
  <tag k="source" v="GSImaps/ort"/>
 </way>
 <way id="689049459" visible="true" version="1" changeset="70095916" timestamp="2019-05-10T04:44:31Z" user="hibagonsan" uid="5939709">
  <nd ref="6463513298"/>
  <nd ref="6463513297"/>
  <nd ref="6463513296"/>
  <nd ref="6463513295"/>
  <nd ref="6463513298"/>
  <tag k="building" v="yes"/>
  <tag k="source" v="GSImaps/ort"/>
 </way>
 <way id="689049460" visible="true" version="2" changeset="79768807" timestamp="2020-01-20T00:27:26Z" user="hibagonsan" uid="5939709">
  <nd ref="6463513310"/>
  <nd ref="6463513309"/>
  <nd ref="6463513308"/>
  <nd ref="6463513303"/>
  <nd ref="6463513302"/>
  <nd ref="6463513299"/>
  <nd ref="6463513301"/>
  <nd ref="6463513300"/>
  <nd ref="6463513304"/>
  <nd ref="6463513305"/>
  <nd ref="6463513306"/>
  <nd ref="7143792774"/>
  <nd ref="7143792773"/>
  <nd ref="6463513307"/>
  <nd ref="6463513310"/>
  <tag k="building" v="yes"/>
  <tag k="source" v="Bing"/>
 </way>
 <way id="689049461" visible="true" version="1" changeset="70095916" timestamp="2019-05-10T04:44:32Z" user="hibagonsan" uid="5939709">
  <nd ref="6463513314"/>
  <nd ref="6463513311"/>
  <nd ref="6463513312"/>
  <nd ref="6463513313"/>
  <nd ref="6463513314"/>
  <tag k="building" v="yes"/>
  <tag k="source" v="GSImaps/ort"/>
 </way>
 <way id="689049462" visible="true" version="1" changeset="70095916" timestamp="2019-05-10T04:44:32Z" user="hibagonsan" uid="5939709">
  <nd ref="6463513318"/>
  <nd ref="6463513315"/>
  <nd ref="6463513316"/>
  <nd ref="6463513317"/>
  <nd ref="6463513318"/>
  <tag k="building" v="yes"/>
  <tag k="source" v="GSImaps/ort"/>
 </way>
 <way id="689050890" visible="true" version="1" changeset="70096175" timestamp="2019-05-10T05:10:39Z" user="hibagonsan" uid="5939709">
  <nd ref="6463528178"/>
  <nd ref="6463528177"/>
  <nd ref="6463528176"/>
  <nd ref="6463528175"/>
  <nd ref="6463528178"/>
  <tag k="building" v="yes"/>
  <tag k="source" v="GSImaps/ort"/>
 </way>
 <way id="689050891" visible="true" version="1" changeset="70096175" timestamp="2019-05-10T05:10:39Z" user="hibagonsan" uid="5939709">
  <nd ref="6463528182"/>
  <nd ref="6463528179"/>
  <nd ref="6463528180"/>
  <nd ref="6463528181"/>
  <nd ref="6463528182"/>
  <tag k="building" v="yes"/>
  <tag k="source" v="GSImaps/ort"/>
 </way>
 <way id="689050896" visible="true" version="1" changeset="70096175" timestamp="2019-05-10T05:10:40Z" user="hibagonsan" uid="5939709">
  <nd ref="6463528202"/>
  <nd ref="6463528199"/>
  <nd ref="6463528200"/>
  <nd ref="6463528201"/>
  <nd ref="6463528202"/>
  <tag k="building" v="yes"/>
  <tag k="source" v="GSImaps/ort"/>
 </way>
 <way id="689050944" visible="true" version="1" changeset="70096175" timestamp="2019-05-10T05:10:42Z" user="hibagonsan" uid="5939709">
  <nd ref="6463528403"/>
  <nd ref="6463528402"/>
  <nd ref="6463528401"/>
  <nd ref="6463528400"/>
  <nd ref="6463528403"/>
  <tag k="building" v="yes"/>
  <tag k="source" v="GSImaps/ort"/>
 </way>
 <way id="689050945" visible="true" version="1" changeset="70096175" timestamp="2019-05-10T05:10:43Z" user="hibagonsan" uid="5939709">
  <nd ref="6463528407"/>
  <nd ref="6463528404"/>
  <nd ref="6463528405"/>
  <nd ref="6463528406"/>
  <nd ref="6463528407"/>
  <tag k="building" v="yes"/>
  <tag k="source" v="GSImaps/ort"/>
 </way>
 <way id="689050946" visible="true" version="1" changeset="70096175" timestamp="2019-05-10T05:10:43Z" user="hibagonsan" uid="5939709">
  <nd ref="6463528411"/>
  <nd ref="6463528410"/>
  <nd ref="6463528409"/>
  <nd ref="6463528408"/>
  <nd ref="6463528411"/>
  <tag k="building" v="yes"/>
  <tag k="source" v="GSImaps/ort"/>
 </way>
 <way id="689050947" visible="true" version="1" changeset="70096175" timestamp="2019-05-10T05:10:43Z" user="hibagonsan" uid="5939709">
  <nd ref="6463528419"/>
  <nd ref="6463528416"/>
  <nd ref="6463528417"/>
  <nd ref="6463528418"/>
  <nd ref="6463528412"/>
  <nd ref="6463528413"/>
  <nd ref="6463528414"/>
  <nd ref="6463528415"/>
  <nd ref="6463528419"/>
  <tag k="building" v="yes"/>
  <tag k="source" v="GSImaps/ort"/>
 </way>
 <way id="689050949" visible="true" version="1" changeset="70096175" timestamp="2019-05-10T05:10:43Z" user="hibagonsan" uid="5939709">
  <nd ref="6463528427"/>
  <nd ref="6463528424"/>
  <nd ref="6463528425"/>
  <nd ref="6463528426"/>
  <nd ref="6463528427"/>
  <tag k="building" v="yes"/>
  <tag k="source" v="GSImaps/ort"/>
 </way>
 <way id="689050950" visible="true" version="1" changeset="70096175" timestamp="2019-05-10T05:10:43Z" user="hibagonsan" uid="5939709">
  <nd ref="6463528435"/>
  <nd ref="6463528432"/>
  <nd ref="6463528431"/>
  <nd ref="6463528430"/>
  <nd ref="6463528428"/>
  <nd ref="6463528433"/>
  <nd ref="6463528429"/>
  <nd ref="6463528434"/>
  <nd ref="6463528435"/>
  <tag k="building" v="yes"/>
  <tag k="source" v="GSImaps/ort"/>
 </way>
 <way id="689050951" visible="true" version="1" changeset="70096175" timestamp="2019-05-10T05:10:43Z" user="hibagonsan" uid="5939709">
  <nd ref="6463528439"/>
  <nd ref="6463528438"/>
  <nd ref="6463528437"/>
  <nd ref="6463528436"/>
  <nd ref="6463528439"/>
  <tag k="building" v="yes"/>
  <tag k="source" v="GSImaps/ort"/>
 </way>
 <way id="689050952" visible="true" version="1" changeset="70096175" timestamp="2019-05-10T05:10:43Z" user="hibagonsan" uid="5939709">
  <nd ref="6463528443"/>
  <nd ref="6463528442"/>
  <nd ref="6463528441"/>
  <nd ref="6463528440"/>
  <nd ref="6463528443"/>
  <tag k="building" v="yes"/>
  <tag k="source" v="GSImaps/ort"/>
 </way>
 <way id="689050953" visible="true" version="1" changeset="70096175" timestamp="2019-05-10T05:10:43Z" user="hibagonsan" uid="5939709">
  <nd ref="6463528447"/>
  <nd ref="6463528446"/>
  <nd ref="6463528445"/>
  <nd ref="6463528444"/>
  <nd ref="6463528447"/>
  <tag k="building" v="yes"/>
  <tag k="source" v="GSImaps/ort"/>
 </way>
 <way id="689050954" visible="true" version="1" changeset="70096175" timestamp="2019-05-10T05:10:43Z" user="hibagonsan" uid="5939709">
  <nd ref="6463528457"/>
  <nd ref="6463528456"/>
  <nd ref="6463528455"/>
  <nd ref="6463528449"/>
  <nd ref="6463528448"/>
  <nd ref="6463528450"/>
  <nd ref="6463528451"/>
  <nd ref="6463528452"/>
  <nd ref="6463528454"/>
  <nd ref="6463528453"/>
  <nd ref="6463528457"/>
  <tag k="building" v="yes"/>
  <tag k="source" v="GSImaps/ort"/>
 </way>
 <way id="689050955" visible="true" version="1" changeset="70096175" timestamp="2019-05-10T05:10:43Z" user="hibagonsan" uid="5939709">
  <nd ref="6463528464"/>
  <nd ref="6463528463"/>
  <nd ref="6463528458"/>
  <nd ref="6463528462"/>
  <nd ref="6463528460"/>
  <nd ref="6463528459"/>
  <nd ref="6463528461"/>
  <nd ref="6463528464"/>
  <tag k="building" v="yes"/>
  <tag k="source" v="GSImaps/ort"/>
 </way>
 <way id="689050956" visible="true" version="1" changeset="70096175" timestamp="2019-05-10T05:10:43Z" user="hibagonsan" uid="5939709">
  <nd ref="6463528468"/>
  <nd ref="6463528467"/>
  <nd ref="6463528466"/>
  <nd ref="6463528465"/>
  <nd ref="6463528468"/>
  <tag k="building" v="yes"/>
  <tag k="source" v="GSImaps/ort"/>
 </way>
 <way id="689050957" visible="true" version="1" changeset="70096175" timestamp="2019-05-10T05:10:43Z" user="hibagonsan" uid="5939709">
  <nd ref="6463528472"/>
  <nd ref="6463528471"/>
  <nd ref="6463528470"/>
  <nd ref="6463528469"/>
  <nd ref="6463528472"/>
  <tag k="building" v="yes"/>
  <tag k="source" v="GSImaps/ort"/>
 </way>
 <way id="689050958" visible="true" version="1" changeset="70096175" timestamp="2019-05-10T05:10:43Z" user="hibagonsan" uid="5939709">
  <nd ref="6463528476"/>
  <nd ref="6463528475"/>
  <nd ref="6463528474"/>
  <nd ref="6463528473"/>
  <nd ref="6463528476"/>
  <tag k="building" v="yes"/>
  <tag k="source" v="GSImaps/ort"/>
 </way>
 <way id="689050959" visible="true" version="1" changeset="70096175" timestamp="2019-05-10T05:10:43Z" user="hibagonsan" uid="5939709">
  <nd ref="6463528480"/>
  <nd ref="6463528479"/>
  <nd ref="6463528478"/>
  <nd ref="6463528477"/>
  <nd ref="6463528480"/>
  <tag k="building" v="yes"/>
  <tag k="source" v="GSImaps/ort"/>
 </way>
 <way id="689050960" visible="true" version="1" changeset="70096175" timestamp="2019-05-10T05:10:43Z" user="hibagonsan" uid="5939709">
  <nd ref="6463528484"/>
  <nd ref="6463528481"/>
  <nd ref="6463528482"/>
  <nd ref="6463528483"/>
  <nd ref="6463528484"/>
  <tag k="building" v="yes"/>
  <tag k="source" v="GSImaps/ort"/>
 </way>
 <way id="689050961" visible="true" version="1" changeset="70096175" timestamp="2019-05-10T05:10:44Z" user="hibagonsan" uid="5939709">
  <nd ref="6463528488"/>
  <nd ref="6463528487"/>
  <nd ref="6463528486"/>
  <nd ref="6463528485"/>
  <nd ref="6463528488"/>
  <tag k="building" v="yes"/>
  <tag k="source" v="GSImaps/ort"/>
 </way>
 <way id="689050962" visible="true" version="1" changeset="70096175" timestamp="2019-05-10T05:10:44Z" user="hibagonsan" uid="5939709">
  <nd ref="6463528492"/>
  <nd ref="6463528491"/>
  <nd ref="6463528490"/>
  <nd ref="6463528489"/>
  <nd ref="6463528492"/>
  <tag k="building" v="yes"/>
  <tag k="source" v="GSImaps/ort"/>
 </way>
 <way id="689050963" visible="true" version="1" changeset="70096175" timestamp="2019-05-10T05:10:44Z" user="hibagonsan" uid="5939709">
  <nd ref="6463528496"/>
  <nd ref="6463528493"/>
  <nd ref="6463528494"/>
  <nd ref="6463528495"/>
  <nd ref="6463528496"/>
  <tag k="building" v="yes"/>
  <tag k="source" v="GSImaps/ort"/>
 </way>
 <way id="689050964" visible="true" version="1" changeset="70096175" timestamp="2019-05-10T05:10:44Z" user="hibagonsan" uid="5939709">
  <nd ref="6463528500"/>
  <nd ref="6463528499"/>
  <nd ref="6463528498"/>
  <nd ref="6463528497"/>
  <nd ref="6463528500"/>
  <tag k="building" v="yes"/>
  <tag k="source" v="GSImaps/ort"/>
 </way>
 <way id="689050965" visible="true" version="1" changeset="70096175" timestamp="2019-05-10T05:10:44Z" user="hibagonsan" uid="5939709">
  <nd ref="6463528504"/>
  <nd ref="6463528503"/>
  <nd ref="6463528502"/>
  <nd ref="6463528501"/>
  <nd ref="6463528504"/>
  <tag k="building" v="yes"/>
  <tag k="source" v="GSImaps/ort"/>
 </way>
 <way id="689050966" visible="true" version="1" changeset="70096175" timestamp="2019-05-10T05:10:44Z" user="hibagonsan" uid="5939709">
  <nd ref="6463528508"/>
  <nd ref="6463528507"/>
  <nd ref="6463528506"/>
  <nd ref="6463528505"/>
  <nd ref="6463528508"/>
  <tag k="building" v="yes"/>
  <tag k="source" v="GSImaps/ort"/>
 </way>
 <way id="689050967" visible="true" version="1" changeset="70096175" timestamp="2019-05-10T05:10:44Z" user="hibagonsan" uid="5939709">
  <nd ref="6463528516"/>
  <nd ref="6463528515"/>
  <nd ref="6463528514"/>
  <nd ref="6463528509"/>
  <nd ref="6463528511"/>
  <nd ref="6463528512"/>
  <nd ref="6463528510"/>
  <nd ref="6463528513"/>
  <nd ref="6463528516"/>
  <tag k="building" v="yes"/>
  <tag k="source" v="GSImaps/ort"/>
 </way>
 <way id="689050968" visible="true" version="1" changeset="70096175" timestamp="2019-05-10T05:10:44Z" user="hibagonsan" uid="5939709">
  <nd ref="6463528520"/>
  <nd ref="6463528517"/>
  <nd ref="6463528518"/>
  <nd ref="6463528519"/>
  <nd ref="6463528520"/>
  <tag k="building" v="yes"/>
  <tag k="source" v="GSImaps/ort"/>
 </way>
 <way id="689050969" visible="true" version="1" changeset="70096175" timestamp="2019-05-10T05:10:44Z" user="hibagonsan" uid="5939709">
  <nd ref="6463528524"/>
  <nd ref="6463528523"/>
  <nd ref="6463528522"/>
  <nd ref="6463528521"/>
  <nd ref="6463528524"/>
  <tag k="building" v="yes"/>
  <tag k="source" v="GSImaps/ort"/>
 </way>
 <way id="689050970" visible="true" version="1" changeset="70096175" timestamp="2019-05-10T05:10:44Z" user="hibagonsan" uid="5939709">
  <nd ref="6463528528"/>
  <nd ref="6463528525"/>
  <nd ref="6463528526"/>
  <nd ref="6463528527"/>
  <nd ref="6463528528"/>
  <tag k="building" v="yes"/>
  <tag k="source" v="GSImaps/ort"/>
 </way>
 <way id="689050973" visible="true" version="1" changeset="70096175" timestamp="2019-05-10T05:10:44Z" user="hibagonsan" uid="5939709">
  <nd ref="6463528546"/>
  <nd ref="6463528545"/>
  <nd ref="6463528544"/>
  <nd ref="6463528543"/>
  <nd ref="6463528546"/>
  <tag k="building" v="yes"/>
  <tag k="source" v="GSImaps/ort"/>
 </way>
 <way id="689050974" visible="true" version="1" changeset="70096175" timestamp="2019-05-10T05:10:44Z" user="hibagonsan" uid="5939709">
  <nd ref="6463528550"/>
  <nd ref="6463528549"/>
  <nd ref="6463528548"/>
  <nd ref="6463528547"/>
  <nd ref="6463528550"/>
  <tag k="building" v="yes"/>
  <tag k="source" v="GSImaps/ort"/>
 </way>
 <way id="696843201" visible="true" version="1" changeset="71206938" timestamp="2019-06-13T07:56:22Z" user="hibagonsan" uid="5939709">
  <nd ref="6544229428"/>
  <nd ref="6544229427"/>
  <nd ref="6544229426"/>
  <nd ref="6544229423"/>
  <nd ref="6544229422"/>
  <nd ref="6544229421"/>
  <nd ref="6544229424"/>
  <nd ref="6544229425"/>
  <nd ref="6544229428"/>
  <tag k="building" v="yes"/>
  <tag k="source" v="GSImaps/ort"/>
 </way>
 <way id="696843204" visible="true" version="1" changeset="71206938" timestamp="2019-06-13T07:56:22Z" user="hibagonsan" uid="5939709">
  <nd ref="6544229442"/>
  <nd ref="6544229441"/>
  <nd ref="6544229440"/>
  <nd ref="6544229439"/>
  <nd ref="6544229442"/>
  <tag k="building" v="yes"/>
  <tag k="source" v="GSImaps/ort"/>
 </way>
 <way id="696843433" visible="true" version="1" changeset="71206977" timestamp="2019-06-13T07:57:24Z" user="hibagonsan" uid="5939709">
  <nd ref="6544242266"/>
  <nd ref="6544242263"/>
  <nd ref="6544242264"/>
  <nd ref="6544242265"/>
  <nd ref="6544242266"/>
  <tag k="building" v="yes"/>
  <tag k="source" v="GSImaps/ort"/>
 </way>
 <way id="696843434" visible="true" version="1" changeset="71206977" timestamp="2019-06-13T07:57:24Z" user="hibagonsan" uid="5939709">
  <nd ref="6544242270"/>
  <nd ref="6544242267"/>
  <nd ref="6544242268"/>
  <nd ref="6544242269"/>
  <nd ref="6544242270"/>
  <tag k="building" v="yes"/>
  <tag k="source" v="GSImaps/ort"/>
 </way>
 <way id="696843435" visible="true" version="1" changeset="71206977" timestamp="2019-06-13T07:57:24Z" user="hibagonsan" uid="5939709">
  <nd ref="6544242274"/>
  <nd ref="6544242271"/>
  <nd ref="6544242272"/>
  <nd ref="6544242273"/>
  <nd ref="6544242274"/>
  <tag k="building" v="yes"/>
  <tag k="source" v="GSImaps/ort"/>
 </way>
 <way id="696843436" visible="true" version="1" changeset="71206977" timestamp="2019-06-13T07:57:24Z" user="hibagonsan" uid="5939709">
  <nd ref="6544242278"/>
  <nd ref="6544242275"/>
  <nd ref="6544242276"/>
  <nd ref="6544242277"/>
  <nd ref="6544242278"/>
  <tag k="building" v="yes"/>
  <tag k="source" v="GSImaps/ort"/>
 </way>
 <way id="696843437" visible="true" version="1" changeset="71206977" timestamp="2019-06-13T07:57:24Z" user="hibagonsan" uid="5939709">
  <nd ref="6544242284"/>
  <nd ref="6544242283"/>
  <nd ref="6544242282"/>
  <nd ref="6544242280"/>
  <nd ref="6544242279"/>
  <nd ref="6544242281"/>
  <nd ref="6544242284"/>
  <tag k="building" v="yes"/>
  <tag k="source" v="GSImaps/ort"/>
 </way>
 <way id="696844447" visible="true" version="1" changeset="71207146" timestamp="2019-06-13T08:01:40Z" user="hibagonsan" uid="5939709">
  <nd ref="6544275004"/>
  <nd ref="6544275001"/>
  <nd ref="6544275002"/>
  <nd ref="6544275003"/>
  <nd ref="6544275004"/>
  <tag k="building" v="yes"/>
  <tag k="source" v="GSImaps/ort"/>
 </way>
 <way id="701206886" visible="true" version="1" changeset="71840914" timestamp="2019-07-03T00:28:59Z" user="hibagonsan" uid="5939709">
  <nd ref="6585424596"/>
  <nd ref="6585424593"/>
  <nd ref="6585424594"/>
  <nd ref="6585424595"/>
  <nd ref="6585424596"/>
  <tag k="building" v="yes"/>
  <tag k="source" v="GSImaps/ort"/>
 </way>
 <way id="701206892" visible="true" version="1" changeset="71840914" timestamp="2019-07-03T00:28:59Z" user="hibagonsan" uid="5939709">
  <nd ref="6585424620"/>
  <nd ref="6585424617"/>
  <nd ref="6585424618"/>
  <nd ref="6585424619"/>
  <nd ref="6585424620"/>
  <tag k="building" v="yes"/>
  <tag k="source" v="GSImaps/ort"/>
 </way>
 <way id="701206893" visible="true" version="1" changeset="71840914" timestamp="2019-07-03T00:28:59Z" user="hibagonsan" uid="5939709">
  <nd ref="6585424624"/>
  <nd ref="6585424621"/>
  <nd ref="6585424622"/>
  <nd ref="6585424623"/>
  <nd ref="6585424624"/>
  <tag k="building" v="yes"/>
  <tag k="source" v="GSImaps/ort"/>
 </way>
 <way id="701206895" visible="true" version="1" changeset="71840914" timestamp="2019-07-03T00:28:59Z" user="hibagonsan" uid="5939709">
  <nd ref="6585424642"/>
  <nd ref="6585424641"/>
  <nd ref="6585424640"/>
  <nd ref="6585424639"/>
  <nd ref="6585424642"/>
  <tag k="building" v="yes"/>
  <tag k="source" v="GSImaps/ort"/>
 </way>
 <way id="701207190" visible="true" version="1" changeset="71840965" timestamp="2019-07-03T00:36:00Z" user="hibagonsan" uid="5939709">
  <nd ref="1345517878"/>
  <nd ref="6585452933"/>
  <nd ref="6585452932"/>
  <tag k="highway" v="residential"/>
  <tag k="noname" v="yes"/>
 </way>
 <way id="701207191" visible="true" version="1" changeset="71840965" timestamp="2019-07-03T00:36:00Z" user="hibagonsan" uid="5939709">
  <nd ref="6585452934"/>
  <nd ref="6585452935"/>
  <tag k="highway" v="path"/>
 </way>
 <way id="701207194" visible="true" version="1" changeset="71840965" timestamp="2019-07-03T00:36:00Z" user="hibagonsan" uid="5939709">
  <nd ref="6585452950"/>
  <nd ref="6585452949"/>
  <nd ref="6585452948"/>
  <nd ref="6585452945"/>
  <nd ref="6585452946"/>
  <nd ref="6585452947"/>
  <nd ref="6585452950"/>
  <tag k="building" v="yes"/>
  <tag k="source" v="GSImaps/ort"/>
 </way>
 <way id="701207195" visible="true" version="1" changeset="71840965" timestamp="2019-07-03T00:36:00Z" user="hibagonsan" uid="5939709">
  <nd ref="6585452954"/>
  <nd ref="6585452953"/>
  <nd ref="6585452952"/>
  <nd ref="6585452951"/>
  <nd ref="6585452954"/>
  <tag k="building" v="yes"/>
  <tag k="source" v="GSImaps/ort"/>
 </way>
 <way id="701207196" visible="true" version="1" changeset="71840965" timestamp="2019-07-03T00:36:00Z" user="hibagonsan" uid="5939709">
  <nd ref="6585452958"/>
  <nd ref="6585452957"/>
  <nd ref="6585452956"/>
  <nd ref="6585452955"/>
  <nd ref="6585452958"/>
  <tag k="building" v="yes"/>
  <tag k="source" v="GSImaps/ort"/>
 </way>
 <way id="701207197" visible="true" version="1" changeset="71840965" timestamp="2019-07-03T00:36:00Z" user="hibagonsan" uid="5939709">
  <nd ref="6585452964"/>
  <nd ref="6585452963"/>
  <nd ref="6585452962"/>
  <nd ref="6585452960"/>
  <nd ref="6585452959"/>
  <nd ref="6585452961"/>
  <nd ref="6585452964"/>
  <tag k="building" v="yes"/>
  <tag k="source" v="GSImaps/ort"/>
 </way>
 <way id="751060269" visible="true" version="1" changeset="77759084" timestamp="2019-11-30T14:25:42Z" user="hibagonsan" uid="5939709">
  <nd ref="7021736529"/>
  <nd ref="7021736526"/>
  <nd ref="7021736527"/>
  <nd ref="7021736528"/>
  <nd ref="7021736529"/>
  <tag k="building" v="yes"/>
  <tag k="source" v="Bing"/>
 </way>
 <way id="751060270" visible="true" version="1" changeset="77759084" timestamp="2019-11-30T14:25:42Z" user="hibagonsan" uid="5939709">
  <nd ref="7021736535"/>
  <nd ref="7021736534"/>
  <nd ref="7021736533"/>
  <nd ref="7021736531"/>
  <nd ref="7021736530"/>
  <nd ref="7021736532"/>
  <nd ref="7021736535"/>
  <tag k="building" v="yes"/>
  <tag k="source" v="Bing"/>
 </way>
 <way id="751060271" visible="true" version="1" changeset="77759084" timestamp="2019-11-30T14:25:42Z" user="hibagonsan" uid="5939709">
  <nd ref="7021736539"/>
  <nd ref="7021736538"/>
  <nd ref="7021736537"/>
  <nd ref="7021736536"/>
  <nd ref="7021736539"/>
  <tag k="building" v="yes"/>
  <tag k="source" v="Bing"/>
 </way>
 <way id="751060272" visible="true" version="1" changeset="77759084" timestamp="2019-11-30T14:25:42Z" user="hibagonsan" uid="5939709">
  <nd ref="7021736543"/>
  <nd ref="7021736542"/>
  <nd ref="7021736541"/>
  <nd ref="7021736540"/>
  <nd ref="7021736543"/>
  <tag k="building" v="yes"/>
  <tag k="source" v="Bing"/>
 </way>
 <way id="751060273" visible="true" version="1" changeset="77759084" timestamp="2019-11-30T14:25:42Z" user="hibagonsan" uid="5939709">
  <nd ref="7021736547"/>
  <nd ref="7021736546"/>
  <nd ref="7021736545"/>
  <nd ref="7021736544"/>
  <nd ref="7021736547"/>
  <tag k="building" v="yes"/>
  <tag k="source" v="Bing"/>
 </way>
 <way id="751060308" visible="true" version="1" changeset="77759084" timestamp="2019-11-30T14:25:42Z" user="hibagonsan" uid="5939709">
  <nd ref="7021736703"/>
  <nd ref="7021736700"/>
  <nd ref="7021736701"/>
  <nd ref="7021736702"/>
  <nd ref="7021736703"/>
  <tag k="building" v="yes"/>
  <tag k="source" v="Bing"/>
 </way>
 <way id="751060309" visible="true" version="1" changeset="77759084" timestamp="2019-11-30T14:25:42Z" user="hibagonsan" uid="5939709">
  <nd ref="7021736707"/>
  <nd ref="7021736704"/>
  <nd ref="7021736705"/>
  <nd ref="7021736706"/>
  <nd ref="7021736707"/>
  <tag k="building" v="yes"/>
  <tag k="source" v="Bing"/>
 </way>
 <way id="751060310" visible="true" version="1" changeset="77759084" timestamp="2019-11-30T14:25:42Z" user="hibagonsan" uid="5939709">
  <nd ref="7021736713"/>
  <nd ref="7021736708"/>
  <nd ref="7021736709"/>
  <nd ref="7021736710"/>
  <nd ref="7021736711"/>
  <nd ref="7021736712"/>
  <nd ref="7021736713"/>
  <tag k="building" v="yes"/>
  <tag k="source" v="Bing"/>
 </way>
 <way id="751060311" visible="true" version="1" changeset="77759084" timestamp="2019-11-30T14:25:42Z" user="hibagonsan" uid="5939709">
  <nd ref="7021736717"/>
  <nd ref="7021736714"/>
  <nd ref="7021736715"/>
  <nd ref="7021736716"/>
  <nd ref="7021736717"/>
  <tag k="building" v="yes"/>
  <tag k="source" v="Bing"/>
 </way>
 <way id="759102166" visible="true" version="1" changeset="78948879" timestamp="2019-12-28T07:13:01Z" user="hibagonsan" uid="5939709">
  <nd ref="7090239569"/>
  <nd ref="7090239568"/>
  <nd ref="7090239567"/>
  <nd ref="7090239563"/>
  <nd ref="7090239565"/>
  <nd ref="7090239564"/>
  <nd ref="7090239562"/>
  <nd ref="7090239566"/>
  <nd ref="7090239569"/>
  <tag k="building" v="yes"/>
  <tag k="source" v="DigitalGlobe"/>
 </way>
 <way id="764679803" visible="true" version="1" changeset="79768807" timestamp="2020-01-20T00:27:26Z" user="hibagonsan" uid="5939709">
  <nd ref="7143790932"/>
  <nd ref="7143790929"/>
  <nd ref="7143790930"/>
  <nd ref="7143790931"/>
  <nd ref="7143790932"/>
  <tag k="building" v="yes"/>
  <tag k="source" v="Bing"/>
 </way>
 <way id="764679804" visible="true" version="1" changeset="79768807" timestamp="2020-01-20T00:27:26Z" user="hibagonsan" uid="5939709">
  <nd ref="7143790936"/>
  <nd ref="7143790935"/>
  <nd ref="7143790934"/>
  <nd ref="7143790933"/>
  <nd ref="7143790936"/>
  <tag k="building" v="yes"/>
  <tag k="source" v="Bing"/>
 </way>
 <way id="764679805" visible="true" version="1" changeset="79768807" timestamp="2020-01-20T00:27:26Z" user="hibagonsan" uid="5939709">
  <nd ref="7143790944"/>
  <nd ref="7143790943"/>
  <nd ref="7143790942"/>
  <nd ref="7143790937"/>
  <nd ref="7143790938"/>
  <nd ref="7143790939"/>
  <nd ref="7143790940"/>
  <nd ref="7143790941"/>
  <nd ref="7143790944"/>
  <tag k="building" v="yes"/>
  <tag k="source" v="Bing"/>
 </way>
 <way id="764679806" visible="true" version="1" changeset="79768807" timestamp="2020-01-20T00:27:26Z" user="hibagonsan" uid="5939709">
  <nd ref="7143790948"/>
  <nd ref="7143790945"/>
  <nd ref="7143790946"/>
  <nd ref="7143790947"/>
  <nd ref="7143790948"/>
  <tag k="building" v="yes"/>
  <tag k="source" v="Bing"/>
 </way>
 <way id="764679807" visible="true" version="1" changeset="79768807" timestamp="2020-01-20T00:27:26Z" user="hibagonsan" uid="5939709">
  <nd ref="7143790952"/>
  <nd ref="7143790951"/>
  <nd ref="7143790950"/>
  <nd ref="7143790949"/>
  <nd ref="7143790952"/>
  <tag k="building" v="yes"/>
  <tag k="source" v="Bing"/>
 </way>
 <way id="764679808" visible="true" version="1" changeset="79768807" timestamp="2020-01-20T00:27:26Z" user="hibagonsan" uid="5939709">
  <nd ref="7143790956"/>
  <nd ref="7143790953"/>
  <nd ref="7143790954"/>
  <nd ref="7143790955"/>
  <nd ref="7143790956"/>
  <tag k="building" v="yes"/>
  <tag k="source" v="Bing"/>
 </way>
 <way id="764679809" visible="true" version="1" changeset="79768807" timestamp="2020-01-20T00:27:26Z" user="hibagonsan" uid="5939709">
  <nd ref="7143790960"/>
  <nd ref="7143790959"/>
  <nd ref="7143790958"/>
  <nd ref="7143790957"/>
  <nd ref="7143790960"/>
  <tag k="building" v="yes"/>
  <tag k="source" v="Bing"/>
 </way>
 <way id="764679810" visible="true" version="1" changeset="79768807" timestamp="2020-01-20T00:27:26Z" user="hibagonsan" uid="5939709">
  <nd ref="7143790964"/>
  <nd ref="7143790963"/>
  <nd ref="7143790962"/>
  <nd ref="7143790961"/>
  <nd ref="7143790964"/>
  <tag k="building" v="yes"/>
  <tag k="source" v="Bing"/>
 </way>
 <way id="764679811" visible="true" version="1" changeset="79768807" timestamp="2020-01-20T00:27:26Z" user="hibagonsan" uid="5939709">
  <nd ref="7143790968"/>
  <nd ref="7143790965"/>
  <nd ref="7143790966"/>
  <nd ref="7143790967"/>
  <nd ref="7143790968"/>
  <tag k="building" v="yes"/>
  <tag k="source" v="Bing"/>
 </way>
 <way id="764679812" visible="true" version="1" changeset="79768807" timestamp="2020-01-20T00:27:26Z" user="hibagonsan" uid="5939709">
  <nd ref="7143790972"/>
  <nd ref="7143790969"/>
  <nd ref="7143790970"/>
  <nd ref="7143790971"/>
  <nd ref="7143790972"/>
  <tag k="building" v="yes"/>
  <tag k="source" v="Bing"/>
 </way>
 <way id="764679813" visible="true" version="1" changeset="79768807" timestamp="2020-01-20T00:27:26Z" user="hibagonsan" uid="5939709">
  <nd ref="7143790976"/>
  <nd ref="7143790973"/>
  <nd ref="7143790974"/>
  <nd ref="7143790975"/>
  <nd ref="7143790976"/>
  <tag k="building" v="yes"/>
  <tag k="source" v="Bing"/>
 </way>
 <way id="764679814" visible="true" version="1" changeset="79768807" timestamp="2020-01-20T00:27:26Z" user="hibagonsan" uid="5939709">
  <nd ref="7143790980"/>
  <nd ref="7143790979"/>
  <nd ref="7143790978"/>
  <nd ref="7143790977"/>
  <nd ref="7143790980"/>
  <tag k="building" v="yes"/>
  <tag k="source" v="Bing"/>
 </way>
 <way id="764679815" visible="true" version="1" changeset="79768807" timestamp="2020-01-20T00:27:26Z" user="hibagonsan" uid="5939709">
  <nd ref="7143790984"/>
  <nd ref="7143790983"/>
  <nd ref="7143790982"/>
  <nd ref="7143790981"/>
  <nd ref="7143790984"/>
  <tag k="building" v="yes"/>
  <tag k="source" v="Bing"/>
 </way>
 <way id="764679816" visible="true" version="1" changeset="79768807" timestamp="2020-01-20T00:27:26Z" user="hibagonsan" uid="5939709">
  <nd ref="7143792688"/>
  <nd ref="7143792685"/>
  <nd ref="7143792686"/>
  <nd ref="7143792687"/>
  <nd ref="7143792688"/>
  <tag k="building" v="yes"/>
  <tag k="source" v="Bing"/>
 </way>
 <way id="764679817" visible="true" version="1" changeset="79768807" timestamp="2020-01-20T00:27:26Z" user="hibagonsan" uid="5939709">
  <nd ref="7143792692"/>
  <nd ref="7143792689"/>
  <nd ref="7143792690"/>
  <nd ref="7143792691"/>
  <nd ref="7143792692"/>
  <tag k="building" v="yes"/>
  <tag k="source" v="Bing"/>
 </way>
 <way id="764679818" visible="true" version="1" changeset="79768807" timestamp="2020-01-20T00:27:26Z" user="hibagonsan" uid="5939709">
  <nd ref="7143792696"/>
  <nd ref="7143792693"/>
  <nd ref="7143792694"/>
  <nd ref="7143792695"/>
  <nd ref="7143792696"/>
  <tag k="building" v="yes"/>
  <tag k="source" v="Bing"/>
 </way>
 <way id="764679819" visible="true" version="1" changeset="79768807" timestamp="2020-01-20T00:27:26Z" user="hibagonsan" uid="5939709">
  <nd ref="7143792700"/>
  <nd ref="7143792699"/>
  <nd ref="7143792698"/>
  <nd ref="7143792697"/>
  <nd ref="7143792700"/>
  <tag k="building" v="yes"/>
  <tag k="source" v="Bing"/>
 </way>
 <way id="764679820" visible="true" version="1" changeset="79768807" timestamp="2020-01-20T00:27:26Z" user="hibagonsan" uid="5939709">
  <nd ref="7143792704"/>
  <nd ref="7143792701"/>
  <nd ref="7143792702"/>
  <nd ref="7143792703"/>
  <nd ref="7143792704"/>
  <tag k="building" v="yes"/>
  <tag k="source" v="Bing"/>
 </way>
 <way id="764679821" visible="true" version="1" changeset="79768807" timestamp="2020-01-20T00:27:26Z" user="hibagonsan" uid="5939709">
  <nd ref="7143792708"/>
  <nd ref="7143792705"/>
  <nd ref="7143792706"/>
  <nd ref="7143792707"/>
  <nd ref="7143792708"/>
  <tag k="building" v="yes"/>
  <tag k="source" v="Bing"/>
 </way>
 <way id="764679824" visible="true" version="1" changeset="79768807" timestamp="2020-01-20T00:27:26Z" user="hibagonsan" uid="5939709">
  <nd ref="7143792722"/>
  <nd ref="7143792719"/>
  <nd ref="7143792718"/>
  <nd ref="7143792717"/>
  <nd ref="7143792720"/>
  <nd ref="7143792721"/>
  <nd ref="7143792722"/>
  <tag k="building" v="yes"/>
  <tag k="source" v="Bing"/>
 </way>
 <way id="764679825" visible="true" version="1" changeset="79768807" timestamp="2020-01-20T00:27:26Z" user="hibagonsan" uid="5939709">
  <nd ref="7143792726"/>
  <nd ref="7143792723"/>
  <nd ref="7143792724"/>
  <nd ref="7143792725"/>
  <nd ref="7143792726"/>
  <tag k="building" v="yes"/>
  <tag k="source" v="Bing"/>
 </way>
 <way id="764679826" visible="true" version="1" changeset="79768807" timestamp="2020-01-20T00:27:26Z" user="hibagonsan" uid="5939709">
  <nd ref="7143792730"/>
  <nd ref="7143792729"/>
  <nd ref="7143792728"/>
  <nd ref="7143792727"/>
  <nd ref="7143792730"/>
  <tag k="building" v="yes"/>
  <tag k="source" v="Bing"/>
 </way>
 <way id="764679827" visible="true" version="1" changeset="79768807" timestamp="2020-01-20T00:27:26Z" user="hibagonsan" uid="5939709">
  <nd ref="7143792734"/>
  <nd ref="7143792733"/>
  <nd ref="7143792732"/>
  <nd ref="7143792731"/>
  <nd ref="7143792734"/>
  <tag k="building" v="yes"/>
  <tag k="source" v="Bing"/>
 </way>
 <way id="764679828" visible="true" version="1" changeset="79768807" timestamp="2020-01-20T00:27:26Z" user="hibagonsan" uid="5939709">
  <nd ref="7143792738"/>
  <nd ref="7143792737"/>
  <nd ref="7143792736"/>
  <nd ref="7143792735"/>
  <nd ref="7143792738"/>
  <tag k="building" v="yes"/>
  <tag k="source" v="Bing"/>
 </way>
 <way id="764679829" visible="true" version="1" changeset="79768807" timestamp="2020-01-20T00:27:26Z" user="hibagonsan" uid="5939709">
  <nd ref="7143792746"/>
  <nd ref="7143792745"/>
  <nd ref="7143792744"/>
  <nd ref="7143792741"/>
  <nd ref="7143792740"/>
  <nd ref="7143792739"/>
  <nd ref="7143792742"/>
  <nd ref="7143792743"/>
  <nd ref="7143792746"/>
  <tag k="building" v="yes"/>
  <tag k="source" v="Bing"/>
 </way>
 <way id="764679830" visible="true" version="1" changeset="79768807" timestamp="2020-01-20T00:27:26Z" user="hibagonsan" uid="5939709">
  <nd ref="7143792750"/>
  <nd ref="7143792747"/>
  <nd ref="7143792748"/>
  <nd ref="7143792749"/>
  <nd ref="7143792750"/>
  <tag k="building" v="yes"/>
  <tag k="source" v="Bing"/>
 </way>
 <way id="764679831" visible="true" version="1" changeset="79768807" timestamp="2020-01-20T00:27:26Z" user="hibagonsan" uid="5939709">
  <nd ref="7143792754"/>
  <nd ref="7143792753"/>
  <nd ref="7143792752"/>
  <nd ref="7143792751"/>
  <nd ref="7143792754"/>
  <tag k="building" v="yes"/>
  <tag k="source" v="Bing"/>
 </way>
 <way id="764679832" visible="true" version="1" changeset="79768807" timestamp="2020-01-20T00:27:26Z" user="hibagonsan" uid="5939709">
  <nd ref="7143792758"/>
  <nd ref="7143792757"/>
  <nd ref="7143792756"/>
  <nd ref="7143792755"/>
  <nd ref="7143792758"/>
  <tag k="building" v="yes"/>
  <tag k="source" v="Bing"/>
 </way>
 <way id="764679833" visible="true" version="1" changeset="79768807" timestamp="2020-01-20T00:27:26Z" user="hibagonsan" uid="5939709">
  <nd ref="7143792762"/>
  <nd ref="7143792761"/>
  <nd ref="7143792760"/>
  <nd ref="7143792759"/>
  <nd ref="7143792762"/>
  <tag k="building" v="yes"/>
  <tag k="source" v="Bing"/>
 </way>
 <way id="764679834" visible="true" version="1" changeset="79768807" timestamp="2020-01-20T00:27:26Z" user="hibagonsan" uid="5939709">
  <nd ref="7143792766"/>
  <nd ref="7143792765"/>
  <nd ref="7143792764"/>
  <nd ref="7143792763"/>
  <nd ref="7143792766"/>
  <tag k="building" v="yes"/>
  <tag k="source" v="Bing"/>
 </way>
 <way id="764679835" visible="true" version="1" changeset="79768807" timestamp="2020-01-20T00:27:26Z" user="hibagonsan" uid="5939709">
  <nd ref="7143792772"/>
  <nd ref="7143792771"/>
  <nd ref="7143792770"/>
  <nd ref="7143792767"/>
  <nd ref="7143792768"/>
  <nd ref="7143792769"/>
  <nd ref="7143792772"/>
  <tag k="building" v="yes"/>
  <tag k="source" v="Bing"/>
 </way>
 <way id="764679837" visible="true" version="1" changeset="79768807" timestamp="2020-01-20T00:27:26Z" user="hibagonsan" uid="5939709">
  <nd ref="7143792784"/>
  <nd ref="7143792781"/>
  <nd ref="7143792782"/>
  <nd ref="7143792783"/>
  <nd ref="7143792784"/>
  <tag k="building" v="yes"/>
  <tag k="source" v="Bing"/>
 </way>
 <way id="764679838" visible="true" version="1" changeset="79768807" timestamp="2020-01-20T00:27:26Z" user="hibagonsan" uid="5939709">
  <nd ref="7143792790"/>
  <nd ref="7143792789"/>
  <nd ref="7143792786"/>
  <nd ref="7143792785"/>
  <nd ref="7143792788"/>
  <nd ref="7143792787"/>
  <nd ref="7143792790"/>
  <tag k="building" v="yes"/>
  <tag k="source" v="Bing"/>
 </way>
 <way id="764679839" visible="true" version="1" changeset="79768807" timestamp="2020-01-20T00:27:26Z" user="hibagonsan" uid="5939709">
  <nd ref="7143792794"/>
  <nd ref="7143792793"/>
  <nd ref="7143792792"/>
  <nd ref="7143792791"/>
  <nd ref="7143792794"/>
  <tag k="building" v="yes"/>
  <tag k="source" v="Bing"/>
 </way>
 <way id="764679840" visible="true" version="1" changeset="79768807" timestamp="2020-01-20T00:27:26Z" user="hibagonsan" uid="5939709">
  <nd ref="7143792798"/>
  <nd ref="7143792795"/>
  <nd ref="7143792796"/>
  <nd ref="7143792797"/>
  <nd ref="7143792798"/>
  <tag k="building" v="yes"/>
  <tag k="source" v="Bing"/>
 </way>
 <way id="764679841" visible="true" version="1" changeset="79768807" timestamp="2020-01-20T00:27:26Z" user="hibagonsan" uid="5939709">
  <nd ref="7143792804"/>
  <nd ref="7143792801"/>
  <nd ref="7143792800"/>
  <nd ref="7143792799"/>
  <nd ref="7143792802"/>
  <nd ref="7143792803"/>
  <nd ref="7143792804"/>
  <tag k="building" v="yes"/>
  <tag k="source" v="Bing"/>
 </way>
 <way id="764679842" visible="true" version="1" changeset="79768807" timestamp="2020-01-20T00:27:26Z" user="hibagonsan" uid="5939709">
  <nd ref="7143792808"/>
  <nd ref="7143792807"/>
  <nd ref="7143792806"/>
  <nd ref="7143792805"/>
  <nd ref="7143792808"/>
  <tag k="building" v="yes"/>
  <tag k="source" v="Bing"/>
 </way>
 <way id="764687057" visible="true" version="1" changeset="79769949" timestamp="2020-01-20T01:42:04Z" user="hibagonsan" uid="5939709">
  <nd ref="7143864480"/>
  <nd ref="7143864479"/>
  <nd ref="7143864478"/>
  <nd ref="7143864477"/>
  <nd ref="7143864480"/>
  <tag k="building" v="yes"/>
  <tag k="source" v="Bing"/>
 </way>
 <way id="764687058" visible="true" version="1" changeset="79769949" timestamp="2020-01-20T01:42:04Z" user="hibagonsan" uid="5939709">
  <nd ref="7143864486"/>
  <nd ref="7143864483"/>
  <nd ref="7143864482"/>
  <nd ref="7143864481"/>
  <nd ref="7143864484"/>
  <nd ref="7143864485"/>
  <nd ref="7143864486"/>
  <tag k="building" v="yes"/>
  <tag k="source" v="Bing"/>
 </way>
 <way id="764687059" visible="true" version="2" changeset="129850835" timestamp="2022-12-08T08:40:41Z" user="traveleditor" uid="8726248">
  <nd ref="7143864492"/>
  <nd ref="7143864489"/>
  <nd ref="7143864487"/>
  <nd ref="7143864488"/>
  <nd ref="7143864490"/>
  <nd ref="7143864491"/>
  <nd ref="7143864492"/>
  <tag k="amenity" v="parking"/>
  <tag k="building" v="yes"/>
  <tag k="source" v="Bing"/>
 </way>
 <way id="764687066" visible="true" version="1" changeset="79769949" timestamp="2020-01-20T01:42:04Z" user="hibagonsan" uid="5939709">
  <nd ref="7143864527"/>
  <nd ref="7143864524"/>
  <nd ref="7143864525"/>
  <nd ref="7143864526"/>
  <nd ref="7143864527"/>
  <tag k="building" v="yes"/>
  <tag k="source" v="Bing"/>
 </way>
 <way id="764687067" visible="true" version="1" changeset="79769949" timestamp="2020-01-20T01:42:04Z" user="hibagonsan" uid="5939709">
  <nd ref="7143864531"/>
  <nd ref="7143864530"/>
  <nd ref="7143864529"/>
  <nd ref="7143864528"/>
  <nd ref="7143864531"/>
  <tag k="building" v="yes"/>
  <tag k="source" v="Bing"/>
 </way>
 <way id="764687068" visible="true" version="1" changeset="79769949" timestamp="2020-01-20T01:42:04Z" user="hibagonsan" uid="5939709">
  <nd ref="7143864535"/>
  <nd ref="7143864534"/>
  <nd ref="7143864533"/>
  <nd ref="7143864532"/>
  <nd ref="7143864535"/>
  <tag k="building" v="yes"/>
  <tag k="source" v="Bing"/>
 </way>
 <way id="764687069" visible="true" version="1" changeset="79769949" timestamp="2020-01-20T01:42:04Z" user="hibagonsan" uid="5939709">
  <nd ref="7143864539"/>
  <nd ref="7143864536"/>
  <nd ref="7143864537"/>
  <nd ref="7143864538"/>
  <nd ref="7143864539"/>
  <tag k="building" v="yes"/>
  <tag k="source" v="Bing"/>
 </way>
 <way id="764687070" visible="true" version="1" changeset="79769949" timestamp="2020-01-20T01:42:04Z" user="hibagonsan" uid="5939709">
  <nd ref="7143864543"/>
  <nd ref="7143864540"/>
  <nd ref="7143864541"/>
  <nd ref="7143864542"/>
  <nd ref="7143864543"/>
  <tag k="building" v="yes"/>
  <tag k="source" v="Bing"/>
 </way>
 <way id="764687071" visible="true" version="1" changeset="79769949" timestamp="2020-01-20T01:42:04Z" user="hibagonsan" uid="5939709">
  <nd ref="7143864547"/>
  <nd ref="7143864546"/>
  <nd ref="7143864545"/>
  <nd ref="7143864544"/>
  <nd ref="7143864547"/>
  <tag k="building" v="yes"/>
  <tag k="source" v="Bing"/>
 </way>
 <way id="764687074" visible="true" version="1" changeset="79769949" timestamp="2020-01-20T01:42:04Z" user="hibagonsan" uid="5939709">
  <nd ref="7143864560"/>
  <nd ref="7143864557"/>
  <nd ref="7143864558"/>
  <nd ref="7143864559"/>
  <nd ref="7143864560"/>
  <tag k="building" v="yes"/>
  <tag k="source" v="Bing"/>
 </way>
 <way id="764687075" visible="true" version="1" changeset="79769949" timestamp="2020-01-20T01:42:04Z" user="hibagonsan" uid="5939709">
  <nd ref="7143864564"/>
  <nd ref="7143864561"/>
  <nd ref="7143864562"/>
  <nd ref="7143864563"/>
  <nd ref="7143864564"/>
  <tag k="building" v="yes"/>
  <tag k="source" v="Bing"/>
 </way>
 <way id="764755831" visible="true" version="1" changeset="79770564" timestamp="2020-01-20T02:08:34Z" user="hibagonsan" uid="5939709">
  <nd ref="7144105740"/>
  <nd ref="7144105737"/>
  <nd ref="7144105738"/>
  <nd ref="7144105739"/>
  <nd ref="7144105740"/>
  <tag k="building" v="yes"/>
  <tag k="source" v="Bing"/>
 </way>
 <way id="764755832" visible="true" version="1" changeset="79770564" timestamp="2020-01-20T02:08:34Z" user="hibagonsan" uid="5939709">
  <nd ref="7144105744"/>
  <nd ref="7144105743"/>
  <nd ref="7144105742"/>
  <nd ref="7144105741"/>
  <nd ref="7144105744"/>
  <tag k="building" v="yes"/>
  <tag k="source" v="Bing"/>
 </way>
 <way id="764755833" visible="true" version="1" changeset="79770564" timestamp="2020-01-20T02:08:34Z" user="hibagonsan" uid="5939709">
  <nd ref="7144105752"/>
  <nd ref="7144105751"/>
  <nd ref="7144105750"/>
  <nd ref="7144105745"/>
  <nd ref="7144105747"/>
  <nd ref="7144105748"/>
  <nd ref="7144105746"/>
  <nd ref="7144105749"/>
  <nd ref="7144105752"/>
  <tag k="building" v="yes"/>
  <tag k="source" v="Bing"/>
 </way>
 <way id="764755834" visible="true" version="1" changeset="79770564" timestamp="2020-01-20T02:08:34Z" user="hibagonsan" uid="5939709">
  <nd ref="7144105756"/>
  <nd ref="7144105755"/>
  <nd ref="7144105754"/>
  <nd ref="7144105753"/>
  <nd ref="7144105756"/>
  <tag k="building" v="yes"/>
  <tag k="source" v="Bing"/>
 </way>
 <way id="764755836" visible="true" version="1" changeset="79770564" timestamp="2020-01-20T02:08:34Z" user="hibagonsan" uid="5939709">
  <nd ref="7144105764"/>
  <nd ref="7144105763"/>
  <nd ref="7144105762"/>
  <nd ref="7144105761"/>
  <nd ref="7144105764"/>
  <tag k="building" v="yes"/>
  <tag k="source" v="Bing"/>
 </way>
 <way id="764837631" visible="true" version="1" changeset="79771836" timestamp="2020-01-20T02:56:44Z" user="hibagonsan" uid="5939709">
  <nd ref="2952052353"/>
  <nd ref="2952052352"/>
  <nd ref="749794613"/>
  <nd ref="749099822"/>
  <nd ref="749558538"/>
  <nd ref="2952052348"/>
  <nd ref="748922776"/>
  <nd ref="2952052346"/>
  <nd ref="749303222"/>
  <nd ref="749388169"/>
  <nd ref="749819174"/>
  <nd ref="2952052343"/>
  <nd ref="749163514"/>
  <nd ref="749614250"/>
  <nd ref="748960521"/>
  <nd ref="749347873"/>
  <nd ref="749805845"/>
  <nd ref="749126712"/>
  <nd ref="749236066"/>
  <nd ref="2332795763"/>
  <nd ref="749703366"/>
  <nd ref="2332795762"/>
  <nd ref="2332795761"/>
  <nd ref="749023817"/>
  <nd ref="2332795760"/>
  <nd ref="749418356"/>
  <nd ref="749854421"/>
  <nd ref="748986420"/>
  <nd ref="749076079"/>
  <nd ref="749513033"/>
  <nd ref="748904100"/>
  <tag k="name" v="五十鈴川"/>
  <tag k="name:ja" v="五十鈴川"/>
  <tag k="note" v="National-Land Numerical Information (River) 2006, MLIT Japan"/>
  <tag k="note:ja" v="国土数値情報(河川データ)平成18年国土交通省"/>
  <tag k="source" v="KSJ2"/>
  <tag k="source_ref" v="http://nlftp.mlit.go.jp/ksj/jpgis/datalist/KsjTmplt-W05.html"/>
  <tag k="waterway" v="river"/>
 </way>
 <way id="764837636" visible="true" version="1" changeset="79771836" timestamp="2020-01-20T02:56:44Z" user="hibagonsan" uid="5939709">
  <nd ref="1345524591"/>
  <nd ref="7144470787"/>
  <tag k="bridge" v="yes"/>
  <tag k="highway" v="unclassified"/>
  <tag k="layer" v="1"/>
  <tag k="source" v="YahooJapan/ALPSMAP"/>
 </way>
 <way id="770081545" visible="true" version="1" changeset="80612180" timestamp="2020-02-06T00:51:54Z" user="hibagonsan" uid="5939709">
  <nd ref="7189035500"/>
  <nd ref="7189035499"/>
  <nd ref="7189035498"/>
  <nd ref="7189035495"/>
  <nd ref="7189035494"/>
  <nd ref="7189035493"/>
  <nd ref="7189035496"/>
  <nd ref="7189035497"/>
  <nd ref="7189035500"/>
  <tag k="building" v="yes"/>
 </way>
 <way id="770081546" visible="true" version="1" changeset="80612180" timestamp="2020-02-06T00:51:54Z" user="hibagonsan" uid="5939709">
  <nd ref="7189035504"/>
  <nd ref="7189035503"/>
  <nd ref="7189035502"/>
  <nd ref="7189035501"/>
  <nd ref="7189035504"/>
  <tag k="building" v="yes"/>
 </way>
 <way id="770081547" visible="true" version="1" changeset="80612180" timestamp="2020-02-06T00:51:54Z" user="hibagonsan" uid="5939709">
  <nd ref="7189035508"/>
  <nd ref="7189035507"/>
  <nd ref="7189035506"/>
  <nd ref="7189035505"/>
  <nd ref="7189035508"/>
  <tag k="building" v="yes"/>
 </way>
 <way id="770081548" visible="true" version="1" changeset="80612180" timestamp="2020-02-06T00:51:54Z" user="hibagonsan" uid="5939709">
  <nd ref="7189035520"/>
  <nd ref="7189035517"/>
  <nd ref="7189035514"/>
  <nd ref="7189035516"/>
  <nd ref="7189035515"/>
  <nd ref="7189035513"/>
  <nd ref="7189035512"/>
  <nd ref="7189035510"/>
  <nd ref="7189035509"/>
  <nd ref="7189035511"/>
  <nd ref="7189035518"/>
  <nd ref="7189035519"/>
  <nd ref="7189035520"/>
  <tag k="building" v="yes"/>
 </way>
 <way id="778165039" visible="true" version="1" changeset="81754891" timestamp="2020-03-04T04:41:20Z" user="hibagonsan" uid="5939709">
  <nd ref="7262632452"/>
  <nd ref="7262632451"/>
  <nd ref="7262632450"/>
  <nd ref="7262632448"/>
  <nd ref="7262632447"/>
  <nd ref="7262632449"/>
  <nd ref="7262632452"/>
  <tag k="building" v="yes"/>
 </way>
 <way id="778165040" visible="true" version="1" changeset="81754891" timestamp="2020-03-04T04:41:20Z" user="hibagonsan" uid="5939709">
  <nd ref="7262632462"/>
  <nd ref="7262632461"/>
  <nd ref="7262632460"/>
  <nd ref="7262632459"/>
  <nd ref="7262632457"/>
  <nd ref="7262632458"/>
  <nd ref="7262632462"/>
  <tag k="building" v="yes"/>
 </way>
 <way id="778165041" visible="true" version="1" changeset="81754891" timestamp="2020-03-04T04:41:20Z" user="hibagonsan" uid="5939709">
  <nd ref="7262632468"/>
  <nd ref="7262632455"/>
  <nd ref="7262632456"/>
  <nd ref="7262632467"/>
  <nd ref="7262632466"/>
  <nd ref="7262632465"/>
  <nd ref="7262632468"/>
  <tag k="building" v="yes"/>
 </way>
 <way id="778165042" visible="true" version="1" changeset="81754891" timestamp="2020-03-04T04:41:20Z" user="hibagonsan" uid="5939709">
  <nd ref="7262632474"/>
  <nd ref="7262632471"/>
  <nd ref="7262632470"/>
  <nd ref="7262632464"/>
  <nd ref="7262632463"/>
  <nd ref="7262632469"/>
  <nd ref="7262632472"/>
  <nd ref="7262632473"/>
  <nd ref="7262632474"/>
  <tag k="building" v="yes"/>
 </way>
 <way id="778165043" visible="true" version="1" changeset="81754891" timestamp="2020-03-04T04:41:20Z" user="hibagonsan" uid="5939709">
  <nd ref="7262632478"/>
  <nd ref="7262632475"/>
  <nd ref="7262632476"/>
  <nd ref="7262632477"/>
  <nd ref="7262632478"/>
  <tag k="building" v="yes"/>
 </way>
 <way id="778165044" visible="true" version="1" changeset="81754891" timestamp="2020-03-04T04:41:20Z" user="hibagonsan" uid="5939709">
  <nd ref="7262632482"/>
  <nd ref="7262632481"/>
  <nd ref="7262632480"/>
  <nd ref="7262632479"/>
  <nd ref="7262632482"/>
  <tag k="building" v="yes"/>
 </way>
 <way id="778165045" visible="true" version="1" changeset="81754891" timestamp="2020-03-04T04:41:20Z" user="hibagonsan" uid="5939709">
  <nd ref="7262632488"/>
  <nd ref="7262632485"/>
  <nd ref="7262632484"/>
  <nd ref="7262632483"/>
  <nd ref="7262632486"/>
  <nd ref="7262632487"/>
  <nd ref="7262632488"/>
  <tag k="building" v="yes"/>
 </way>
 <way id="778165046" visible="true" version="1" changeset="81754891" timestamp="2020-03-04T04:41:20Z" user="hibagonsan" uid="5939709">
  <nd ref="7262632492"/>
  <nd ref="7262632491"/>
  <nd ref="7262632490"/>
  <nd ref="7262632489"/>
  <nd ref="7262632492"/>
  <tag k="building" v="yes"/>
 </way>
 <way id="778165047" visible="true" version="1" changeset="81754891" timestamp="2020-03-04T04:41:20Z" user="hibagonsan" uid="5939709">
  <nd ref="7262632496"/>
  <nd ref="7262632495"/>
  <nd ref="7262632494"/>
  <nd ref="7262632493"/>
  <nd ref="7262632496"/>
  <tag k="building" v="yes"/>
 </way>
 <way id="778165048" visible="true" version="1" changeset="81754891" timestamp="2020-03-04T04:41:20Z" user="hibagonsan" uid="5939709">
  <nd ref="7262632500"/>
  <nd ref="7262632497"/>
  <nd ref="7262632453"/>
  <nd ref="7262632454"/>
  <nd ref="7262632498"/>
  <nd ref="7262632499"/>
  <nd ref="7262632500"/>
  <tag k="building" v="yes"/>
 </way>
 <way id="778165049" visible="true" version="1" changeset="81754891" timestamp="2020-03-04T04:41:20Z" user="hibagonsan" uid="5939709">
  <nd ref="7262632504"/>
  <nd ref="7262632503"/>
  <nd ref="7262632502"/>
  <nd ref="7262632501"/>
  <nd ref="7262632504"/>
  <tag k="building" v="yes"/>
 </way>
 <way id="778165050" visible="true" version="1" changeset="81754891" timestamp="2020-03-04T04:41:20Z" user="hibagonsan" uid="5939709">
  <nd ref="7262632508"/>
  <nd ref="7262632507"/>
  <nd ref="7262632506"/>
  <nd ref="7262632505"/>
  <nd ref="7262632508"/>
  <tag k="building" v="yes"/>
 </way>
 <way id="778165051" visible="true" version="1" changeset="81754891" timestamp="2020-03-04T04:41:20Z" user="hibagonsan" uid="5939709">
  <nd ref="7262632514"/>
  <nd ref="7262632513"/>
  <nd ref="7262632512"/>
  <nd ref="7262632510"/>
  <nd ref="7262632509"/>
  <nd ref="7262632511"/>
  <nd ref="7262632514"/>
  <tag k="building" v="yes"/>
 </way>
 <way id="778165052" visible="true" version="1" changeset="81754891" timestamp="2020-03-04T04:41:20Z" user="hibagonsan" uid="5939709">
  <nd ref="7262632518"/>
  <nd ref="7262632517"/>
  <nd ref="7262632516"/>
  <nd ref="7262632515"/>
  <nd ref="7262632518"/>
  <tag k="building" v="yes"/>
 </way>
 <way id="1036697523" visible="true" version="3" changeset="171438115" timestamp="2025-09-04T07:35:56Z" user="taketaketake" uid="4757277">
  <nd ref="1345450741"/>
  <nd ref="5735465295"/>
  <nd ref="1345450223"/>
  <tag k="highway" v="secondary"/>
  <tag k="lanes" v="2"/>
  <tag k="name" v="宮野大歳線"/>
  <tag k="name:en" v="Miyano Otoshi Line"/>
  <tag k="name:ja" v="宮野大歳線"/>
  <tag k="name:ja-Hira" v="みやのおおとしせん"/>
  <tag k="name:ja_rm" v="Miyano Ōtoshi-sen"/>
  <tag k="old_name" v="国道9号"/>
  <tag k="old_name:en" v="National Highway Route 9"/>
  <tag k="old_name:ja" v="国道9号"/>
  <tag k="old_ref" v="9"/>
  <tag k="ref" v="204"/>
  <tag k="source" v="YahooJapan/ALPSMAP"/>
  <tag k="surface" v="asphalt"/>
  <tag k="wikidata" v="Q11467194"/>
  <tag k="wikipedia" v="ja:山口県道204号宮野大歳線"/>
 </way>
 <way id="1211506211" visible="true" version="2" changeset="141850740" timestamp="2023-09-28T07:29:32Z" user="FallingPeppers" uid="19745387">
  <nd ref="11224298377"/>
  <nd ref="11224454987"/>
  <nd ref="11224298378"/>
  <nd ref="11224298379"/>
  <nd ref="11224298380"/>
  <nd ref="11224454988"/>
  <nd ref="11224298382"/>
  <nd ref="11224298383"/>
  <nd ref="11224298384"/>
  <tag k="admin_level" v="9"/>
  <tag k="boundary" v="administrative"/>
 </way>
 <way id="1211506217" visible="true" version="2" changeset="141850740" timestamp="2023-09-28T07:29:32Z" user="FallingPeppers" uid="19745387">
  <nd ref="11224298407"/>
  <nd ref="11224455012"/>
  <nd ref="11224455011"/>
  <nd ref="11224298408"/>
  <tag k="admin_level" v="10"/>
  <tag k="boundary" v="administrative"/>
 </way>
 <way id="1211506218" visible="true" version="1" changeset="141847460" timestamp="2023-09-28T05:58:07Z" user="FallingPeppers" uid="19745387">
  <nd ref="11224298408"/>
  <nd ref="11224298409"/>
  <nd ref="11224298410"/>
  <nd ref="11224298436"/>
  <tag k="admin_level" v="10"/>
  <tag k="boundary" v="administrative"/>
 </way>
 <way id="1211506223" visible="true" version="2" changeset="141850740" timestamp="2023-09-28T07:29:32Z" user="FallingPeppers" uid="19745387">
  <nd ref="11224298427"/>
  <nd ref="11224298426"/>
  <nd ref="11224455010"/>
  <nd ref="11224298408"/>
  <tag k="admin_level" v="10"/>
  <tag k="boundary" v="administrative"/>
 </way>
 <way id="1211506226" visible="true" version="2" changeset="141850740" timestamp="2023-09-28T07:29:32Z" user="FallingPeppers" uid="19745387">
  <nd ref="11224298432"/>
  <nd ref="11224455004"/>
  <nd ref="11224298433"/>
  <nd ref="11224298434"/>
  <nd ref="11224298435"/>
  <tag k="admin_level" v="9"/>
  <tag k="boundary" v="administrative"/>
 </way>
 <way id="1211506227" visible="true" version="1" changeset="141847460" timestamp="2023-09-28T05:58:07Z" user="FallingPeppers" uid="19745387">
  <nd ref="11224298435"/>
  <nd ref="11224298436"/>
  <tag k="admin_level" v="10"/>
  <tag k="boundary" v="administrative"/>
 </way>
 <way id="1211506228" visible="true" version="2" changeset="141850740" timestamp="2023-09-28T07:29:32Z" user="FallingPeppers" uid="19745387">
  <nd ref="11224298436"/>
  <nd ref="11224454986"/>
  <nd ref="11224298411"/>
  <nd ref="11224298376"/>
  <tag k="admin_level" v="10"/>
  <tag k="boundary" v="administrative"/>
 </way>
 <way id="1211506229" visible="true" version="2" changeset="141850740" timestamp="2023-09-28T07:29:32Z" user="FallingPeppers" uid="19745387">
  <nd ref="11224298435"/>
  <nd ref="11224454985"/>
  <nd ref="11224335337"/>
  <tag k="admin_level" v="9"/>
  <tag k="boundary" v="administrative"/>
 </way>
 <way id="1211506230" visible="true" version="2" changeset="141850740" timestamp="2023-09-28T07:29:32Z" user="FallingPeppers" uid="19745387">
  <nd ref="11224335337"/>
  <nd ref="11224454984"/>
  <nd ref="11224335338"/>
  <nd ref="11224454982"/>
  <nd ref="11224454983"/>
  <nd ref="11224335339"/>
  <tag k="admin_level" v="9"/>
  <tag k="boundary" v="administrative"/>
 </way>
 <way id="1211519976" visible="true" version="2" changeset="141861355" timestamp="2023-09-28T12:00:35Z" user="FallingPeppers" uid="19745387">
  <nd ref="11224454562"/>
  <nd ref="11224454561"/>
  <nd ref="11224454560"/>
  <nd ref="11224454559"/>
  <nd ref="11224454558"/>
  <nd ref="11224454557"/>
  <nd ref="11224454556"/>
  <nd ref="11224454555"/>
  <nd ref="11224454554"/>
  <nd ref="11224335337"/>
  <tag k="admin_level" v="10"/>
  <tag k="boundary" v="administrative"/>
 </way>
 <relation id="13884347" visible="true" version="11" changeset="170042622" timestamp="2025-08-06T07:56:43Z" user="taketaketake" uid="4757277">
  <member type="node" ref="9550863707" role="stop"/>
  <member type="node" ref="9412086517" role="platform"/>
  <member type="node" ref="12905870004" role="stop"/>
  <member type="node" ref="9412086518" role="platform"/>
  <member type="node" ref="12905870003" role="stop"/>
  <member type="node" ref="9412086521" role="platform"/>
  <member type="node" ref="5050396471" role="stop"/>
  <member type="node" ref="9412086522" role="platform"/>
  <member type="node" ref="12905870002" role="stop"/>
  <member type="node" ref="9412086525" role="platform"/>
  <member type="node" ref="12905870001" role="stop"/>
  <member type="node" ref="9412086527" role="platform"/>
  <member type="node" ref="12905858500" role="stop"/>
  <member type="node" ref="9412086511" role="platform"/>
  <member type="node" ref="5091003773" role="stop"/>
  <member type="node" ref="9412086509" role="platform"/>
  <member type="node" ref="12905858499" role="stop"/>
  <member type="node" ref="9412086507" role="platform"/>
  <member type="node" ref="12905858498" role="stop"/>
  <member type="node" ref="9412086505" role="platform"/>
  <member type="node" ref="12905858497" role="stop"/>
  <member type="node" ref="9412086503" role="platform"/>
  <member type="node" ref="12905870005" role="stop"/>
  <member type="node" ref="9412086501" role="platform"/>
  <member type="node" ref="12905858496" role="stop"/>
  <member type="node" ref="9412086396" role="platform"/>
  <member type="node" ref="12905858495" role="stop"/>
  <member type="node" ref="9412086394" role="platform"/>
  <member type="node" ref="12905858494" role="stop"/>
  <member type="node" ref="9412086392" role="platform"/>
  <member type="node" ref="5177662684" role="stop"/>
  <member type="node" ref="9412086390" role="platform"/>
  <member type="node" ref="12905858493" role="stop"/>
  <member type="node" ref="9412086388" role="platform"/>
  <member type="node" ref="12905858492" role="stop"/>
  <member type="node" ref="9412086386" role="platform"/>
  <member type="node" ref="1345409061" role="stop"/>
  <member type="node" ref="9412086384" role="platform"/>
  <member type="node" ref="1345405197" role="stop"/>
  <member type="node" ref="9412086349" role="platform"/>
  <member type="node" ref="12905858491" role="stop"/>
  <member type="node" ref="9412086351" role="platform"/>
  <member type="node" ref="12905858490" role="stop"/>
  <member type="node" ref="9412086353" role="platform"/>
  <member type="node" ref="12905858489" role="stop"/>
  <member type="node" ref="9412086355" role="platform"/>
  <member type="node" ref="12905858487" role="stop"/>
  <member type="node" ref="9412086357" role="platform"/>
  <member type="node" ref="12905858486" role="stop"/>
  <member type="node" ref="9412086359" role="platform"/>
  <member type="node" ref="1349991438" role="stop"/>
  <member type="node" ref="9412086361" role="platform"/>
  <member type="node" ref="1349978390" role="stop"/>
  <member type="node" ref="9412086363" role="platform"/>
  <member type="node" ref="1694280261" role="stop"/>
  <member type="node" ref="9412086365" role="platform"/>
  <member type="node" ref="5271724147" role="stop"/>
  <member type="node" ref="9412086367" role="platform"/>
  <member type="node" ref="1349987969" role="stop"/>
  <member type="node" ref="9412086368" role="platform"/>
  <member type="node" ref="1349993957" role="stop"/>
  <member type="node" ref="9412086370" role="platform"/>
  <member type="node" ref="12905858485" role="stop"/>
  <member type="node" ref="9412086372" role="platform"/>
  <member type="node" ref="1349992109" role="stop"/>
  <member type="node" ref="9412086374" role="platform"/>
  <member type="node" ref="12905858484" role="stop"/>
  <member type="node" ref="9412086376" role="platform"/>
  <member type="node" ref="12905858483" role="stop"/>
  <member type="node" ref="9412086378" role="platform"/>
  <member type="node" ref="3510016039" role="stop"/>
  <member type="node" ref="9412086248" role="platform"/>
  <member type="node" ref="928307865" role="stop"/>
  <member type="node" ref="9412086380" role="platform"/>
  <member type="node" ref="12905858478" role="stop"/>
  <member type="node" ref="9412086382" role="platform"/>
  <member type="way" ref="1036697531" role=""/>
  <member type="way" ref="1163757161" role=""/>
  <member type="way" ref="1036697528" role=""/>
  <member type="way" ref="1036697526" role=""/>
  <member type="way" ref="119878523" role=""/>
  <member type="way" ref="517552886" role=""/>
  <member type="way" ref="119878656" role=""/>
  <member type="way" ref="1036697525" role=""/>
  <member type="way" ref="1036697534" role=""/>
  <member type="way" ref="1036697533" role=""/>
  <member type="way" ref="1036697512" role=""/>
  <member type="way" ref="1036697534" role=""/>
  <member type="way" ref="1036697525" role=""/>
  <member type="way" ref="119878656" role=""/>
  <member type="way" ref="1036697524" role=""/>
  <member type="way" ref="119879071" role=""/>
  <member type="way" ref="119887610" role=""/>
  <member type="way" ref="119888155" role=""/>
  <member type="way" ref="119879116" role=""/>
  <member type="way" ref="119879037" role=""/>
  <member type="way" ref="119885215" role=""/>
  <member type="way" ref="1161949597" role=""/>
  <member type="way" ref="119886759" role=""/>
  <member type="way" ref="119887879" role=""/>
  <member type="way" ref="119885734" role=""/>
  <member type="way" ref="119885590" role=""/>
  <member type="way" ref="119887887" role=""/>
  <member type="way" ref="119888300" role=""/>
  <member type="way" ref="119885704" role=""/>
  <member type="way" ref="119885762" role=""/>
  <member type="way" ref="119887444" role=""/>
  <member type="way" ref="119885764" role=""/>
  <member type="way" ref="119885750" role=""/>
  <member type="way" ref="119875257" role=""/>
  <member type="way" ref="119875281" role=""/>
  <member type="way" ref="119875438" role=""/>
  <member type="way" ref="119876142" role=""/>
  <member type="way" ref="119875716" role=""/>
  <member type="way" ref="120388743" role=""/>
  <member type="way" ref="120388792" role=""/>
  <member type="way" ref="120388521" role=""/>
  <member type="way" ref="120387602" role=""/>
  <member type="way" ref="120387163" role=""/>
  <member type="way" ref="120387921" role=""/>
  <member type="way" ref="120387996" role=""/>
  <member type="way" ref="709552913" role=""/>
  <member type="way" ref="120388144" role=""/>
  <member type="way" ref="425432195" role=""/>
  <member type="way" ref="425432196" role=""/>
  <member type="way" ref="120388598" role=""/>
  <member type="way" ref="120389202" role=""/>
  <member type="way" ref="120387725" role=""/>
  <member type="way" ref="223295974" role=""/>
  <member type="way" ref="120389227" role=""/>
  <member type="way" ref="120387221" role=""/>
  <member type="way" ref="120387054" role=""/>
  <member type="way" ref="120387198" role=""/>
  <member type="way" ref="120387943" role=""/>
  <member type="way" ref="1394161505" role=""/>
  <member type="way" ref="1036697518" role=""/>
  <member type="way" ref="1036697520" role=""/>
  <member type="way" ref="545450104" role=""/>
  <member type="way" ref="1394161505" role=""/>
  <member type="way" ref="120387104" role=""/>
  <member type="way" ref="120389235" role=""/>
  <member type="way" ref="120387433" role=""/>
  <member type="way" ref="120389045" role=""/>
  <member type="way" ref="120483110" role=""/>
  <member type="way" ref="120482984" role=""/>
  <member type="way" ref="120485756" role=""/>
  <member type="way" ref="1036697517" role=""/>
  <member type="way" ref="344262388" role=""/>
  <member type="way" ref="344262386" role=""/>
  <member type="way" ref="1394161503" role=""/>
  <member type="way" ref="1394161502" role=""/>
  <member type="way" ref="1036697515" role=""/>
  <member type="way" ref="1036697517" role=""/>
  <member type="way" ref="344262387" role=""/>
  <member type="way" ref="561527716" role=""/>
  <member type="way" ref="561527721" role=""/>
  <member type="way" ref="120483470" role=""/>
  <member type="way" ref="1394161508" role=""/>
  <member type="way" ref="1394161506" role=""/>
  <member type="way" ref="1394161509" role=""/>
  <tag k="duration" v="01:04:00"/>
  <tag k="from" v="山口駅"/>
  <tag k="from:ja-Latn" v="Yamaguchieki"/>
  <tag k="gtfs:route_id" v="2196404353"/>
  <tag k="gtfs:shape_id" v="40000799"/>
  <tag k="name" v="秋吉線 (山口駅 =&gt; 秋吉)"/>
  <tag k="name:ja-Latn" v="Akiyoshi-sen (Yamaguchieki =&gt; Akiyoshi)"/>
  <tag k="network" v="秋吉線"/>
  <tag k="opening_hours" v="Mo-Fr 16:30-20:04; Sa-Su 08:30-09:34,13:00-18:29"/>
  <tag k="operator" v="中国ジェイアールバス"/>
  <tag k="operator:en" v="Chugoku JR Bus"/>
  <tag k="public_transport:version" v="2"/>
  <tag k="route" v="bus"/>
  <tag k="to" v="秋吉"/>
  <tag k="to:ja-Latn" v="Akiyoshi"/>
  <tag k="type" v="route"/>
 </relation>
 <relation id="13884349" visible="true" version="9" changeset="170042622" timestamp="2025-08-06T07:56:43Z" user="taketaketake" uid="4757277">
  <member type="node" ref="12905858478" role="stop"/>
  <member type="node" ref="9412086382" role="platform"/>
  <member type="node" ref="928307865" role="stop"/>
  <member type="node" ref="9412086381" role="platform"/>
  <member type="node" ref="3510016040" role="stop"/>
  <member type="node" ref="9412086249" role="platform"/>
  <member type="node" ref="12905858483" role="stop"/>
  <member type="node" ref="9412086379" role="platform"/>
  <member type="node" ref="1349982756" role="stop"/>
  <member type="node" ref="9412086377" role="platform"/>
  <member type="node" ref="1349977487" role="stop"/>
  <member type="node" ref="9412086375" role="platform"/>
  <member type="node" ref="1349997902" role="stop"/>
  <member type="node" ref="9412086373" role="platform"/>
  <member type="node" ref="1349996530" role="stop"/>
  <member type="node" ref="9412086371" role="platform"/>
  <member type="node" ref="8754100322" role="stop"/>
  <member type="node" ref="9412086335" role="platform"/>
  <member type="node" ref="12905858475" role="stop"/>
  <member type="node" ref="9412086369" role="platform"/>
  <member type="node" ref="5271724147" role="stop"/>
  <member type="node" ref="9412086367" role="platform"/>
  <member type="node" ref="12905858474" role="stop"/>
  <member type="node" ref="9412086366" role="platform"/>
  <member type="node" ref="12905858454" role="stop"/>
  <member type="node" ref="9412086364" role="platform"/>
  <member type="node" ref="1349988030" role="stop"/>
  <member type="node" ref="9412086362" role="platform"/>
  <member type="node" ref="12905858473" role="stop"/>
  <member type="node" ref="9412086360" role="platform"/>
  <member type="node" ref="12905858488" role="stop"/>
  <member type="node" ref="9412086358" role="platform"/>
  <member type="node" ref="12905858489" role="stop"/>
  <member type="node" ref="9412086356" role="platform"/>
  <member type="node" ref="1349996460" role="stop"/>
  <member type="node" ref="9412086354" role="platform"/>
  <member type="node" ref="12905858472" role="stop"/>
  <member type="node" ref="9412086352" role="platform"/>
  <member type="node" ref="12905858471" role="stop"/>
  <member type="node" ref="9412086350" role="platform"/>
  <member type="node" ref="1345409061" role="stop"/>
  <member type="node" ref="9412086385" role="platform"/>
  <member type="node" ref="12905858492" role="stop"/>
  <member type="node" ref="9412086387" role="platform"/>
  <member type="node" ref="12905858493" role="stop"/>
  <member type="node" ref="9412086389" role="platform"/>
  <member type="node" ref="5177662684" role="stop"/>
  <member type="node" ref="9412086391" role="platform"/>
  <member type="node" ref="12905858470" role="stop"/>
  <member type="node" ref="9412086393" role="platform"/>
  <member type="node" ref="12905858469" role="stop"/>
  <member type="node" ref="9412086395" role="platform"/>
  <member type="node" ref="12905858468" role="stop"/>
  <member type="node" ref="9412086397" role="platform"/>
  <member type="node" ref="12905858467" role="stop"/>
  <member type="node" ref="9412086502" role="platform"/>
  <member type="node" ref="12905858497" role="stop"/>
  <member type="node" ref="9412086504" role="platform"/>
  <member type="node" ref="12905858466" role="stop"/>
  <member type="node" ref="9412086506" role="platform"/>
  <member type="node" ref="12905858465" role="stop"/>
  <member type="node" ref="9412086508" role="platform"/>
  <member type="node" ref="1345519464" role="stop"/>
  <member type="node" ref="9412086510" role="platform"/>
  <member type="node" ref="12905858464" role="stop"/>
  <member type="node" ref="9412086512" role="platform"/>
  <member type="node" ref="12905858463" role="stop"/>
  <member type="node" ref="9412086528" role="platform"/>
  <member type="node" ref="12905858462" role="stop"/>
  <member type="node" ref="9412086526" role="platform"/>
  <member type="node" ref="12905858461" role="stop"/>
  <member type="node" ref="9412086523" role="platform"/>
  <member type="node" ref="12905858460" role="stop"/>
  <member type="node" ref="9412086520" role="platform"/>
  <member type="node" ref="12905858459" role="stop"/>
  <member type="node" ref="9412086519" role="platform"/>
  <member type="node" ref="12905858458" role="stop"/>
  <member type="node" ref="9412086516" role="platform"/>
  <member type="way" ref="1394161507" role=""/>
  <member type="way" ref="120483470" role=""/>
  <member type="way" ref="561527721" role=""/>
  <member type="way" ref="561527716" role=""/>
  <member type="way" ref="344262387" role=""/>
  <member type="way" ref="1036697517" role=""/>
  <member type="way" ref="344262388" role=""/>
  <member type="way" ref="344262386" role=""/>
  <member type="way" ref="1394161503" role=""/>
  <member type="way" ref="1394161502" role=""/>
  <member type="way" ref="1036697515" role=""/>
  <member type="way" ref="1036697517" role=""/>
  <member type="way" ref="120485756" role=""/>
  <member type="way" ref="120482984" role=""/>
  <member type="way" ref="120483110" role=""/>
  <member type="way" ref="120389045" role=""/>
  <member type="way" ref="120387433" role=""/>
  <member type="way" ref="1036697522" role=""/>
  <member type="way" ref="945602190" role=""/>
  <member type="way" ref="945602188" role=""/>
  <member type="way" ref="1036697522" role=""/>
  <member type="way" ref="120389235" role=""/>
  <member type="way" ref="120387104" role=""/>
  <member type="way" ref="1394161505" role=""/>
  <member type="way" ref="1036697518" role=""/>
  <member type="way" ref="1036697520" role=""/>
  <member type="way" ref="545450104" role=""/>
  <member type="way" ref="1394161505" role=""/>
  <member type="way" ref="120387943" role=""/>
  <member type="way" ref="120387198" role=""/>
  <member type="way" ref="120387054" role=""/>
  <member type="way" ref="120387221" role=""/>
  <member type="way" ref="120389227" role=""/>
  <member type="way" ref="223295974" role=""/>
  <member type="way" ref="120387725" role=""/>
  <member type="way" ref="120389202" role=""/>
  <member type="way" ref="120388598" role=""/>
  <member type="way" ref="425432196" role=""/>
  <member type="way" ref="425432195" role=""/>
  <member type="way" ref="120388144" role=""/>
  <member type="way" ref="709552913" role=""/>
  <member type="way" ref="120387996" role=""/>
  <member type="way" ref="120387921" role=""/>
  <member type="way" ref="120387163" role=""/>
  <member type="way" ref="120387602" role=""/>
  <member type="way" ref="120388521" role=""/>
  <member type="way" ref="120388792" role=""/>
  <member type="way" ref="120388743" role=""/>
  <member type="way" ref="119875716" role=""/>
  <member type="way" ref="119876142" role=""/>
  <member type="way" ref="119875438" role=""/>
  <member type="way" ref="119875281" role=""/>
  <member type="way" ref="119875257" role=""/>
  <member type="way" ref="119885750" role=""/>
  <member type="way" ref="119885764" role=""/>
  <member type="way" ref="119887444" role=""/>
  <member type="way" ref="119885762" role=""/>
  <member type="way" ref="119885704" role=""/>
  <member type="way" ref="119888300" role=""/>
  <member type="way" ref="119887887" role=""/>
  <member type="way" ref="119885590" role=""/>
  <member type="way" ref="119885734" role=""/>
  <member type="way" ref="119887879" role=""/>
  <member type="way" ref="119886759" role=""/>
  <member type="way" ref="1161949597" role=""/>
  <member type="way" ref="119885215" role=""/>
  <member type="way" ref="119879037" role=""/>
  <member type="way" ref="119879116" role=""/>
  <member type="way" ref="119888155" role=""/>
  <member type="way" ref="119887610" role=""/>
  <member type="way" ref="119879071" role=""/>
  <member type="way" ref="1036697511" role=""/>
  <member type="way" ref="1036697510" role=""/>
  <member type="way" ref="1036697514" role=""/>
  <member type="way" ref="1036697512" role=""/>
  <member type="way" ref="1036697534" role=""/>
  <member type="way" ref="1036697525" role=""/>
  <member type="way" ref="119878656" role=""/>
  <member type="way" ref="119878549" role=""/>
  <member type="way" ref="119878523" role=""/>
  <member type="way" ref="1036697526" role=""/>
  <member type="way" ref="1036697532" role=""/>
  <tag k="duration" v="01:04:00"/>
  <tag k="from" v="秋吉"/>
  <tag k="from:ja-Latn" v="Akiyoshi"/>
  <tag k="gtfs:route_id" v="2196404353"/>
  <tag k="gtfs:shape_id" v="40000800"/>
  <tag k="name" v="秋吉線 (秋吉 =&gt; 美東病院 =&gt; 山口駅)"/>
  <tag k="name:ja-Latn" v="Akiyoshi-sen (Akiyoshi =&gt; Mito-byoin =&gt; Yamaguchieki)"/>
  <tag k="network" v="秋吉線"/>
  <tag k="opening_hours" v="Mo-Fr 10:40-17:19"/>
  <tag k="operator" v="中国ジェイアールバス"/>
  <tag k="operator:en" v="Chugoku JR Bus"/>
  <tag k="public_transport:version" v="2"/>
  <tag k="route" v="bus"/>
  <tag k="to" v="山口駅"/>
  <tag k="to:ja-Latn" v="Yamaguchieki"/>
  <tag k="type" v="route"/>
  <tag k="via" v="美東病院"/>
  <tag k="via:ja-Latn" v="Mito-byoin"/>
 </relation>
 <relation id="13884350" visible="true" version="9" changeset="170042622" timestamp="2025-08-06T07:56:43Z" user="taketaketake" uid="4757277">
  <member type="node" ref="12905858478" role="stop"/>
  <member type="node" ref="9412086382" role="platform"/>
  <member type="node" ref="928307865" role="stop"/>
  <member type="node" ref="9412086381" role="platform"/>
  <member type="node" ref="3510016040" role="stop"/>
  <member type="node" ref="9412086249" role="platform"/>
  <member type="node" ref="12905858483" role="stop"/>
  <member type="node" ref="9412086379" role="platform"/>
  <member type="node" ref="1349982756" role="stop"/>
  <member type="node" ref="9412086377" role="platform"/>
  <member type="node" ref="1349977487" role="stop"/>
  <member type="node" ref="9412086375" role="platform"/>
  <member type="node" ref="1349997902" role="stop"/>
  <member type="node" ref="9412086373" role="platform"/>
  <member type="node" ref="1349996530" role="stop"/>
  <member type="node" ref="9412086371" role="platform"/>
  <member type="node" ref="12905858475" role="stop"/>
  <member type="node" ref="9412086369" role="platform"/>
  <member type="node" ref="5271724147" role="stop"/>
  <member type="node" ref="9412086367" role="platform"/>
  <member type="node" ref="12905858474" role="stop"/>
  <member type="node" ref="9412086366" role="platform"/>
  <member type="node" ref="12905858454" role="stop"/>
  <member type="node" ref="9412086364" role="platform"/>
  <member type="node" ref="1349988030" role="stop"/>
  <member type="node" ref="9412086362" role="platform"/>
  <member type="node" ref="12905858473" role="stop"/>
  <member type="node" ref="9412086360" role="platform"/>
  <member type="node" ref="12905858488" role="stop"/>
  <member type="node" ref="9412086358" role="platform"/>
  <member type="node" ref="12905858489" role="stop"/>
  <member type="node" ref="9412086356" role="platform"/>
  <member type="node" ref="1349996460" role="stop"/>
  <member type="node" ref="9412086354" role="platform"/>
  <member type="node" ref="12905858472" role="stop"/>
  <member type="node" ref="9412086352" role="platform"/>
  <member type="node" ref="12905858471" role="stop"/>
  <member type="node" ref="9412086350" role="platform"/>
  <member type="node" ref="1345409061" role="stop"/>
  <member type="node" ref="9412086385" role="platform"/>
  <member type="node" ref="12905858492" role="stop"/>
  <member type="node" ref="9412086387" role="platform"/>
  <member type="node" ref="12905858493" role="stop"/>
  <member type="node" ref="9412086389" role="platform"/>
  <member type="node" ref="5177662684" role="stop"/>
  <member type="node" ref="9412086391" role="platform"/>
  <member type="node" ref="12905858470" role="stop"/>
  <member type="node" ref="9412086393" role="platform"/>
  <member type="node" ref="12905858469" role="stop"/>
  <member type="node" ref="9412086395" role="platform"/>
  <member type="node" ref="12905858468" role="stop"/>
  <member type="node" ref="9412086397" role="platform"/>
  <member type="node" ref="12905858467" role="stop"/>
  <member type="node" ref="9412086502" role="platform"/>
  <member type="node" ref="12905858497" role="stop"/>
  <member type="node" ref="9412086504" role="platform"/>
  <member type="node" ref="12905858466" role="stop"/>
  <member type="node" ref="9412086506" role="platform"/>
  <member type="node" ref="12905858465" role="stop"/>
  <member type="node" ref="9412086508" role="platform"/>
  <member type="node" ref="1345519464" role="stop"/>
  <member type="node" ref="9412086510" role="platform"/>
  <member type="node" ref="12905858464" role="stop"/>
  <member type="node" ref="9412086512" role="platform"/>
  <member type="node" ref="12905858463" role="stop"/>
  <member type="node" ref="9412086528" role="platform"/>
  <member type="node" ref="12905858462" role="stop"/>
  <member type="node" ref="9412086526" role="platform"/>
  <member type="node" ref="12905858461" role="stop"/>
  <member type="node" ref="9412086523" role="platform"/>
  <member type="node" ref="12905858460" role="stop"/>
  <member type="node" ref="9412086520" role="platform"/>
  <member type="node" ref="12905858459" role="stop"/>
  <member type="node" ref="9412086519" role="platform"/>
  <member type="node" ref="9412086516" role="platform"/>
  <member type="way" ref="1394161507" role=""/>
  <member type="way" ref="120483470" role=""/>
  <member type="way" ref="561527721" role=""/>
  <member type="way" ref="561527716" role=""/>
  <member type="way" ref="344262387" role=""/>
  <member type="way" ref="1036697517" role=""/>
  <member type="way" ref="344262388" role=""/>
  <member type="way" ref="344262386" role=""/>
  <member type="way" ref="1394161503" role=""/>
  <member type="way" ref="1394161502" role=""/>
  <member type="way" ref="1036697515" role=""/>
  <member type="way" ref="1036697517" role=""/>
  <member type="way" ref="120485756" role=""/>
  <member type="way" ref="120482984" role=""/>
  <member type="way" ref="120483110" role=""/>
  <member type="way" ref="120389045" role=""/>
  <member type="way" ref="120387433" role=""/>
  <member type="way" ref="120389235" role=""/>
  <member type="way" ref="120387104" role=""/>
  <member type="way" ref="1394161505" role=""/>
  <member type="way" ref="1036697518" role=""/>
  <member type="way" ref="1036697520" role=""/>
  <member type="way" ref="545450104" role=""/>
  <member type="way" ref="1394161505" role=""/>
  <member type="way" ref="120387943" role=""/>
  <member type="way" ref="120387198" role=""/>
  <member type="way" ref="120387054" role=""/>
  <member type="way" ref="120387221" role=""/>
  <member type="way" ref="120389227" role=""/>
  <member type="way" ref="223295974" role=""/>
  <member type="way" ref="120387725" role=""/>
  <member type="way" ref="120389202" role=""/>
  <member type="way" ref="120388598" role=""/>
  <member type="way" ref="425432196" role=""/>
  <member type="way" ref="425432195" role=""/>
  <member type="way" ref="120388144" role=""/>
  <member type="way" ref="709552913" role=""/>
  <member type="way" ref="120387996" role=""/>
  <member type="way" ref="120387921" role=""/>
  <member type="way" ref="120387163" role=""/>
  <member type="way" ref="120387602" role=""/>
  <member type="way" ref="120388521" role=""/>
  <member type="way" ref="120388792" role=""/>
  <member type="way" ref="120388743" role=""/>
  <member type="way" ref="119875716" role=""/>
  <member type="way" ref="119876142" role=""/>
  <member type="way" ref="119875438" role=""/>
  <member type="way" ref="119875281" role=""/>
  <member type="way" ref="119875257" role=""/>
  <member type="way" ref="119885750" role=""/>
  <member type="way" ref="119885764" role=""/>
  <member type="way" ref="119887444" role=""/>
  <member type="way" ref="119885762" role=""/>
  <member type="way" ref="119885704" role=""/>
  <member type="way" ref="119888300" role=""/>
  <member type="way" ref="119887887" role=""/>
  <member type="way" ref="119885590" role=""/>
  <member type="way" ref="119885734" role=""/>
  <member type="way" ref="119887879" role=""/>
  <member type="way" ref="119886759" role=""/>
  <member type="way" ref="1161949597" role=""/>
  <member type="way" ref="119885215" role=""/>
  <member type="way" ref="119879037" role=""/>
  <member type="way" ref="119879116" role=""/>
  <member type="way" ref="119888155" role=""/>
  <member type="way" ref="119887610" role=""/>
  <member type="way" ref="119879071" role=""/>
  <member type="way" ref="1036697511" role=""/>
  <member type="way" ref="1036697510" role=""/>
  <member type="way" ref="1036697514" role=""/>
  <member type="way" ref="1036697512" role=""/>
  <member type="way" ref="1036697534" role=""/>
  <member type="way" ref="1036697525" role=""/>
  <member type="way" ref="119878656" role=""/>
  <member type="way" ref="119878549" role=""/>
  <member type="way" ref="119878523" role=""/>
  <member type="way" ref="1036697526" role=""/>
  <member type="way" ref="1036697532" role=""/>
  <tag k="duration" v="01:02:00"/>
  <tag k="from" v="秋吉"/>
  <tag k="from:ja-Latn" v="Akiyoshi"/>
  <tag k="gtfs:route_id" v="2196404353"/>
  <tag k="gtfs:shape_id" v="40000790"/>
  <tag k="name" v="秋吉線 (秋吉 =&gt; 山口駅)"/>
  <tag k="name:ja-Latn" v="Akiyoshi-sen (Akiyoshi =&gt; Yamaguchieki)"/>
  <tag k="network" v="秋吉線"/>
  <tag k="opening_hours" v="Mo-Fr 06:35-19:02; Sa-Su 06:55-19:02"/>
  <tag k="operator" v="中国ジェイアールバス"/>
  <tag k="operator:en" v="Chugoku JR Bus"/>
  <tag k="public_transport:version" v="2"/>
  <tag k="route" v="bus"/>
  <tag k="to" v="山口駅"/>
  <tag k="to:ja-Latn" v="Yamaguchieki"/>
  <tag k="type" v="route"/>
 </relation>
 <relation id="13884351" visible="true" version="10" changeset="170042622" timestamp="2025-08-06T07:56:43Z" user="taketaketake" uid="4757277">
  <member type="node" ref="9550863707" role="stop"/>
  <member type="node" ref="9412086517" role="platform"/>
  <member type="node" ref="12905870004" role="stop"/>
  <member type="node" ref="9412086518" role="platform"/>
  <member type="node" ref="12905870003" role="stop"/>
  <member type="node" ref="9412086521" role="platform"/>
  <member type="node" ref="5050396471" role="stop"/>
  <member type="node" ref="9412086522" role="platform"/>
  <member type="node" ref="12905870002" role="stop"/>
  <member type="node" ref="9412086525" role="platform"/>
  <member type="node" ref="12905870001" role="stop"/>
  <member type="node" ref="9412086527" role="platform"/>
  <member type="node" ref="12905858500" role="stop"/>
  <member type="node" ref="9412086511" role="platform"/>
  <member type="node" ref="5091003773" role="stop"/>
  <member type="node" ref="9412086509" role="platform"/>
  <member type="node" ref="12905858499" role="stop"/>
  <member type="node" ref="9412086507" role="platform"/>
  <member type="node" ref="12905858498" role="stop"/>
  <member type="node" ref="9412086505" role="platform"/>
  <member type="node" ref="12905858497" role="stop"/>
  <member type="node" ref="9412086503" role="platform"/>
  <member type="node" ref="12905870005" role="stop"/>
  <member type="node" ref="9412086501" role="platform"/>
  <member type="node" ref="12905858496" role="stop"/>
  <member type="node" ref="9412086396" role="platform"/>
  <member type="node" ref="12905858495" role="stop"/>
  <member type="node" ref="9412086394" role="platform"/>
  <member type="node" ref="12905858494" role="stop"/>
  <member type="node" ref="9412086392" role="platform"/>
  <member type="node" ref="5177662684" role="stop"/>
  <member type="node" ref="9412086390" role="platform"/>
  <member type="node" ref="12905858493" role="stop"/>
  <member type="node" ref="9412086388" role="platform"/>
  <member type="node" ref="12905858492" role="stop"/>
  <member type="node" ref="9412086386" role="platform"/>
  <member type="node" ref="1345409061" role="stop"/>
  <member type="node" ref="9412086384" role="platform"/>
  <member type="node" ref="1345405197" role="stop"/>
  <member type="node" ref="9412086349" role="platform"/>
  <member type="node" ref="12905858491" role="stop"/>
  <member type="node" ref="9412086351" role="platform"/>
  <member type="node" ref="12905858490" role="stop"/>
  <member type="node" ref="9412086353" role="platform"/>
  <member type="node" ref="12905858489" role="stop"/>
  <member type="node" ref="9412086355" role="platform"/>
  <member type="node" ref="12905858487" role="stop"/>
  <member type="node" ref="9412086357" role="platform"/>
  <member type="node" ref="12905858486" role="stop"/>
  <member type="node" ref="9412086359" role="platform"/>
  <member type="node" ref="1349991438" role="stop"/>
  <member type="node" ref="9412086361" role="platform"/>
  <member type="node" ref="1349978390" role="stop"/>
  <member type="node" ref="9412086363" role="platform"/>
  <member type="node" ref="1694280261" role="stop"/>
  <member type="node" ref="9412086365" role="platform"/>
  <member type="node" ref="5271724147" role="stop"/>
  <member type="node" ref="9412086367" role="platform"/>
  <member type="node" ref="1349987969" role="stop"/>
  <member type="node" ref="9412086368" role="platform"/>
  <member type="node" ref="8754100322" role="stop"/>
  <member type="node" ref="9412086335" role="platform"/>
  <member type="node" ref="1349993957" role="stop"/>
  <member type="node" ref="9412086370" role="platform"/>
  <member type="node" ref="12905858485" role="stop"/>
  <member type="node" ref="9412086372" role="platform"/>
  <member type="node" ref="1349992109" role="stop"/>
  <member type="node" ref="9412086374" role="platform"/>
  <member type="node" ref="12905858484" role="stop"/>
  <member type="node" ref="9412086376" role="platform"/>
  <member type="node" ref="12905858483" role="stop"/>
  <member type="node" ref="9412086378" role="platform"/>
  <member type="node" ref="3510016039" role="stop"/>
  <member type="node" ref="9412086248" role="platform"/>
  <member type="node" ref="928307865" role="stop"/>
  <member type="node" ref="9412086380" role="platform"/>
  <member type="node" ref="12905858478" role="stop"/>
  <member type="node" ref="9412086382" role="platform"/>
  <member type="way" ref="1036697531" role=""/>
  <member type="way" ref="1163757161" role=""/>
  <member type="way" ref="1036697528" role=""/>
  <member type="way" ref="1036697526" role=""/>
  <member type="way" ref="119878523" role=""/>
  <member type="way" ref="517552886" role=""/>
  <member type="way" ref="119878656" role=""/>
  <member type="way" ref="1036697525" role=""/>
  <member type="way" ref="1036697534" role=""/>
  <member type="way" ref="1036697533" role=""/>
  <member type="way" ref="1036697512" role=""/>
  <member type="way" ref="1036697534" role=""/>
  <member type="way" ref="1036697525" role=""/>
  <member type="way" ref="119878656" role=""/>
  <member type="way" ref="1036697524" role=""/>
  <member type="way" ref="119879071" role=""/>
  <member type="way" ref="119887610" role=""/>
  <member type="way" ref="119888155" role=""/>
  <member type="way" ref="119879116" role=""/>
  <member type="way" ref="119879037" role=""/>
  <member type="way" ref="119885215" role=""/>
  <member type="way" ref="1161949597" role=""/>
  <member type="way" ref="119886759" role=""/>
  <member type="way" ref="119887879" role=""/>
  <member type="way" ref="119885734" role=""/>
  <member type="way" ref="119885590" role=""/>
  <member type="way" ref="119887887" role=""/>
  <member type="way" ref="119888300" role=""/>
  <member type="way" ref="119885704" role=""/>
  <member type="way" ref="119885762" role=""/>
  <member type="way" ref="119887444" role=""/>
  <member type="way" ref="119885764" role=""/>
  <member type="way" ref="119885750" role=""/>
  <member type="way" ref="119875257" role=""/>
  <member type="way" ref="119875281" role=""/>
  <member type="way" ref="119875438" role=""/>
  <member type="way" ref="119876142" role=""/>
  <member type="way" ref="119875716" role=""/>
  <member type="way" ref="120388743" role=""/>
  <member type="way" ref="120388792" role=""/>
  <member type="way" ref="120388521" role=""/>
  <member type="way" ref="120387602" role=""/>
  <member type="way" ref="120387163" role=""/>
  <member type="way" ref="120387921" role=""/>
  <member type="way" ref="120387996" role=""/>
  <member type="way" ref="709552913" role=""/>
  <member type="way" ref="120388144" role=""/>
  <member type="way" ref="425432195" role=""/>
  <member type="way" ref="425432196" role=""/>
  <member type="way" ref="120388598" role=""/>
  <member type="way" ref="120389202" role=""/>
  <member type="way" ref="120387725" role=""/>
  <member type="way" ref="223295974" role=""/>
  <member type="way" ref="120389227" role=""/>
  <member type="way" ref="120387221" role=""/>
  <member type="way" ref="120387054" role=""/>
  <member type="way" ref="120387198" role=""/>
  <member type="way" ref="120387943" role=""/>
  <member type="way" ref="1394161505" role=""/>
  <member type="way" ref="1036697518" role=""/>
  <member type="way" ref="1036697520" role=""/>
  <member type="way" ref="545450104" role=""/>
  <member type="way" ref="1394161505" role=""/>
  <member type="way" ref="120387104" role=""/>
  <member type="way" ref="120389235" role=""/>
  <member type="way" ref="1036697522" role=""/>
  <member type="way" ref="945602190" role=""/>
  <member type="way" ref="945602188" role=""/>
  <member type="way" ref="1036697522" role=""/>
  <member type="way" ref="120387433" role=""/>
  <member type="way" ref="120389045" role=""/>
  <member type="way" ref="120483110" role=""/>
  <member type="way" ref="120482984" role=""/>
  <member type="way" ref="120485756" role=""/>
  <member type="way" ref="1036697517" role=""/>
  <member type="way" ref="344262388" role=""/>
  <member type="way" ref="344262386" role=""/>
  <member type="way" ref="1394161503" role=""/>
  <member type="way" ref="1394161502" role=""/>
  <member type="way" ref="1036697515" role=""/>
  <member type="way" ref="1036697517" role=""/>
  <member type="way" ref="344262387" role=""/>
  <member type="way" ref="561527716" role=""/>
  <member type="way" ref="561527721" role=""/>
  <member type="way" ref="120483470" role=""/>
  <member type="way" ref="1394161508" role=""/>
  <member type="way" ref="1394161506" role=""/>
  <member type="way" ref="1394161509" role=""/>
  <tag k="duration" v="01:06:00"/>
  <tag k="from" v="山口駅"/>
  <tag k="from:ja-Latn" v="Yamaguchieki"/>
  <tag k="gtfs:route_id" v="2196404353"/>
  <tag k="gtfs:shape_id" v="40000809"/>
  <tag k="name" v="秋吉線 (山口駅 =&gt; 美東病院 =&gt; 秋吉)"/>
  <tag k="name:ja-Latn" v="Akiyoshi-sen (Yamaguchieki =&gt; Mito-byoin =&gt; Akiyoshi)"/>
  <tag k="network" v="秋吉線"/>
  <tag k="opening_hours" v="Mo-Fr 08:30-14:06"/>
  <tag k="operator" v="中国ジェイアールバス"/>
  <tag k="operator:en" v="Chugoku JR Bus"/>
  <tag k="public_transport:version" v="2"/>
  <tag k="route" v="bus"/>
  <tag k="to" v="秋吉"/>
  <tag k="to:ja-Latn" v="Akiyoshi"/>
  <tag k="type" v="route"/>
  <tag k="via" v="美東病院"/>
  <tag k="via:ja-Latn" v="Mito-byoin"/>
 </relation>
 <relation id="13884352" visible="true" version="2" changeset="167486642" timestamp="2025-06-11T11:22:27Z" user="AlexM51" uid="174705">
  <member type="relation" ref="13884347" role=""/>
  <member type="relation" ref="13884351" role=""/>
  <member type="relation" ref="13884350" role=""/>
  <member type="relation" ref="13884349" role=""/>
  <tag k="name" v="秋吉線 (山口駅 &lt;=&gt; 秋吉)"/>
  <tag k="name:ja-Latn" v="Akiyoshi-sen (Yamaguchieki &lt;=&gt; Akiyoshi)"/>
  <tag k="network" v="秋吉線"/>
  <tag k="operator" v="中国ジェイアールバス"/>
  <tag k="operator:en" v="Chugoku JR Bus"/>
  <tag k="route_master" v="bus"/>
  <tag k="type" v="route_master"/>
 </relation>
 <relation id="13884431" visible="true" version="10" changeset="171993143" timestamp="2025-09-16T04:32:12Z" user="taketaketake" uid="4757277">
  <member type="node" ref="9412086504" role="platform"/>
  <member type="node" ref="9412086506" role="platform"/>
  <member type="node" ref="9412086508" role="platform"/>
  <member type="node" ref="9412086510" role="platform"/>
  <member type="node" ref="9412086491" role="platform"/>
  <member type="node" ref="9412086520" role="platform"/>
  <member type="node" ref="9412086519" role="platform"/>
  <member type="node" ref="9412086516" role="platform"/>
  <member type="node" ref="9412086518" role="platform"/>
  <member type="node" ref="9412086521" role="platform"/>
  <member type="node" ref="9412086522" role="platform"/>
  <member type="node" ref="9412086524" role="platform"/>
  <member type="node" ref="9412086476" role="platform"/>
  <member type="node" ref="9412086474" role="platform"/>
  <member type="node" ref="9412086472" role="platform"/>
  <member type="node" ref="9412086470" role="platform"/>
  <member type="node" ref="9412086468" role="platform"/>
  <member type="node" ref="9412086466" role="platform"/>
  <member type="node" ref="9412086464" role="platform"/>
  <member type="node" ref="9412086462" role="platform"/>
  <member type="node" ref="9412086460" role="platform"/>
  <member type="node" ref="9412086487" role="platform"/>
  <member type="node" ref="9412086485" role="platform"/>
  <member type="node" ref="10653428528" role="platform"/>
  <member type="node" ref="9412086458" role="platform"/>
  <member type="node" ref="9412086456" role="platform"/>
  <member type="node" ref="9412086454" role="platform"/>
  <member type="node" ref="9412086453" role="platform"/>
  <member type="node" ref="9412086451" role="platform"/>
  <member type="node" ref="9412086449" role="platform"/>
  <member type="node" ref="9412086447" role="platform"/>
  <member type="node" ref="9412086445" role="platform"/>
  <member type="node" ref="9412086443" role="platform"/>
  <member type="node" ref="9412086441" role="platform"/>
  <member type="node" ref="9412086483" role="platform"/>
  <member type="node" ref="9412086334" role="platform"/>
  <member type="node" ref="9412086439" role="platform"/>
  <member type="node" ref="9412086437" role="platform"/>
  <member type="node" ref="9412086435" role="platform"/>
  <member type="node" ref="9412086433" role="platform"/>
  <member type="node" ref="9412086431" role="platform"/>
  <member type="node" ref="9412086429" role="platform"/>
  <member type="node" ref="9412086427" role="platform"/>
  <member type="node" ref="9412086425" role="platform"/>
  <member type="node" ref="9412086423" role="platform"/>
  <member type="node" ref="9412086421" role="platform"/>
  <member type="node" ref="9412086419" role="platform"/>
  <member type="node" ref="9412086417" role="platform"/>
  <member type="node" ref="9412086415" role="platform"/>
  <member type="node" ref="9412086481" role="platform"/>
  <member type="node" ref="9412086413" role="platform"/>
  <member type="node" ref="9412086411" role="platform"/>
  <member type="node" ref="9412086409" role="platform"/>
  <member type="node" ref="9412086407" role="platform"/>
  <member type="node" ref="9412086405" role="platform"/>
  <member type="node" ref="9412086403" role="platform"/>
  <member type="node" ref="9412086401" role="platform"/>
  <member type="node" ref="9412086400" role="platform"/>
  <member type="node" ref="9412086398" role="platform"/>
  <member type="node" ref="9412086343" role="platform"/>
  <member type="node" ref="9412086479" role="platform"/>
  <member type="node" ref="9412086478" role="platform"/>
  <member type="way" ref="119885215" role=""/>
  <member type="way" ref="119879037" role=""/>
  <member type="way" ref="1036697523" role=""/>
  <member type="way" ref="119878523" role=""/>
  <member type="way" ref="1036697526" role=""/>
  <member type="way" ref="1036697532" role=""/>
  <member type="way" ref="1394161504" role=""/>
  <member type="way" ref="1036697531" role=""/>
  <member type="way" ref="1163757161" role=""/>
  <member type="way" ref="1036697528" role=""/>
  <member type="way" ref="1036697526" role=""/>
  <member type="way" ref="119878523" role=""/>
  <member type="way" ref="517552886" role=""/>
  <member type="way" ref="119878656" role=""/>
  <member type="way" ref="1036697525" role=""/>
  <member type="way" ref="1036697534" role=""/>
  <member type="way" ref="1036697533" role=""/>
  <member type="way" ref="1036697512" role=""/>
  <member type="way" ref="1036697534" role=""/>
  <member type="way" ref="1036697525" role=""/>
  <member type="way" ref="119878656" role=""/>
  <member type="way" ref="1036709693" role=""/>
  <member type="way" ref="1036709692" role=""/>
  <member type="way" ref="119879154" role=""/>
  <member type="way" ref="119879065" role=""/>
  <member type="way" ref="310175728" role=""/>
  <member type="way" ref="310175725" role=""/>
  <member type="way" ref="119878743" role=""/>
  <member type="way" ref="119878597" role=""/>
  <member type="way" ref="119879213" role=""/>
  <member type="way" ref="119879204" role=""/>
  <member type="way" ref="119878605" role=""/>
  <member type="way" ref="1036709691" role=""/>
  <member type="way" ref="119878779" role=""/>
  <member type="way" ref="119878679" role=""/>
  <member type="way" ref="119879109" role=""/>
  <member type="way" ref="119878957" role=""/>
  <member type="way" ref="119878571" role=""/>
  <member type="way" ref="119878796" role=""/>
  <member type="way" ref="119878467" role=""/>
  <member type="way" ref="68875222" role=""/>
  <member type="way" ref="68875217" role=""/>
  <member type="way" ref="68875218" role=""/>
  <member type="way" ref="42403306" role=""/>
  <member type="way" ref="544509184" role=""/>
  <member type="way" ref="544509185" role=""/>
  <member type="way" ref="42476346" role=""/>
  <member type="way" ref="42476343" role=""/>
  <member type="way" ref="42476344" role=""/>
  <member type="way" ref="42476342" role=""/>
  <member type="way" ref="544509186" role=""/>
  <member type="way" ref="544509187" role=""/>
  <member type="way" ref="544509188" role=""/>
  <member type="way" ref="544509189" role=""/>
  <member type="way" ref="42476341" role=""/>
  <member type="way" ref="42476352" role=""/>
  <member type="way" ref="42476351" role=""/>
  <member type="way" ref="119875332" role=""/>
  <member type="way" ref="119875295" role=""/>
  <member type="way" ref="710482454" role=""/>
  <member type="way" ref="544509193" role=""/>
  <member type="way" ref="1036709687" role=""/>
  <member type="way" ref="544509195" role=""/>
  <member type="way" ref="544509194" role=""/>
  <member type="way" ref="114040847" role=""/>
  <member type="way" ref="114040970" role=""/>
  <member type="way" ref="1036709670" role=""/>
  <member type="way" ref="434742622" role=""/>
  <member type="way" ref="1036709668" role=""/>
  <member type="way" ref="1036709669" role=""/>
  <member type="way" ref="704734761" role=""/>
  <member type="way" ref="114040299" role=""/>
  <member type="way" ref="114041125" role=""/>
  <member type="way" ref="114040449" role=""/>
  <member type="way" ref="114041267" role=""/>
  <member type="way" ref="114041034" role=""/>
  <member type="way" ref="42476347" role=""/>
  <member type="way" ref="413732108" role=""/>
  <member type="way" ref="413732109" role=""/>
  <member type="way" ref="42476368" role=""/>
  <member type="way" ref="42476369" role=""/>
  <member type="way" ref="568591089" role=""/>
  <member type="way" ref="710477714" role=""/>
  <member type="way" ref="710477713" role=""/>
  <member type="way" ref="544735763" role=""/>
  <member type="way" ref="544735764" role=""/>
  <member type="way" ref="544735765" role=""/>
  <member type="way" ref="42476366" role=""/>
  <member type="way" ref="568591123" role=""/>
  <member type="way" ref="544735768" role=""/>
  <member type="way" ref="544735767" role=""/>
  <member type="way" ref="544735758" role=""/>
  <member type="way" ref="710459517" role=""/>
  <member type="way" ref="114040401" role=""/>
  <member type="way" ref="114041191" role=""/>
  <member type="way" ref="702008675" role=""/>
  <member type="way" ref="114040351" role=""/>
  <member type="way" ref="544735762" role=""/>
  <member type="way" ref="114056460" role=""/>
  <member type="way" ref="114057397" role=""/>
  <member type="way" ref="114056321" role=""/>
  <member type="way" ref="114057881" role=""/>
  <member type="way" ref="114057811" role=""/>
  <member type="way" ref="114056744" role=""/>
  <member type="way" ref="114057169" role=""/>
  <member type="way" ref="114056169" role=""/>
  <member type="way" ref="1430138808" role=""/>
  <member type="way" ref="114055935" role=""/>
  <member type="way" ref="114058420" role=""/>
  <member type="way" ref="79534125" role=""/>
  <member type="way" ref="1036709684" role=""/>
  <member type="way" ref="316339820" role=""/>
  <member type="way" ref="316339812" role=""/>
  <member type="way" ref="316339817" role=""/>
  <member type="way" ref="114056144" role=""/>
  <member type="way" ref="1036709680" role=""/>
  <member type="way" ref="114058392" role=""/>
  <member type="way" ref="1036709679" role=""/>
  <member type="way" ref="421310968" role=""/>
  <member type="way" ref="1430138807" role=""/>
  <member type="way" ref="114055661" role=""/>
  <member type="way" ref="114058659" role=""/>
  <member type="way" ref="114058518" role=""/>
  <member type="way" ref="402834033" role=""/>
  <member type="way" ref="114056495" role=""/>
  <member type="way" ref="604148052" role=""/>
  <member type="way" ref="1036709675" role=""/>
  <member type="way" ref="1036709674" role=""/>
  <member type="way" ref="1036709676" role=""/>
  <member type="way" ref="1036709675" role=""/>
  <member type="way" ref="604148052" role=""/>
  <member type="way" ref="604148053" role=""/>
  <member type="way" ref="402834035" role=""/>
  <member type="way" ref="114056368" role=""/>
  <member type="way" ref="114058206" role=""/>
  <member type="way" ref="114056326" role=""/>
  <member type="way" ref="114056166" role=""/>
  <member type="way" ref="79534148" role=""/>
  <member type="way" ref="316339802" role=""/>
  <member type="way" ref="316339803" role=""/>
  <member type="way" ref="316339838" role=""/>
  <member type="way" ref="1036709673" role=""/>
  <member type="way" ref="114056730" role=""/>
  <member type="way" ref="1036709672" role=""/>
  <tag k="duration" v="01:40:00"/>
  <tag k="from" v="湯田温泉"/>
  <tag k="gtfs:route_id" v="2229846746"/>
  <tag k="gtfs:shape_id" v="40001280"/>
  <tag k="name" v="Bus: 湯田温泉→東萩駅前"/>
  <tag k="network" v="防長線"/>
  <tag k="opening_hours" v="09:20-11:00"/>
  <tag k="operator" v="中国ジェイアールバス"/>
  <tag k="operator:en" v="Chugoku JR Bus"/>
  <tag k="public_transport:version" v="2"/>
  <tag k="route" v="bus"/>
  <tag k="to" v="東萩駅前"/>
  <tag k="type" v="route"/>
 </relation>
 <relation id="13884432" visible="true" version="11" changeset="171993143" timestamp="2025-09-16T04:32:12Z" user="taketaketake" uid="4757277">
  <member type="node" ref="9412086478" role="platform"/>
  <member type="node" ref="9412086480" role="platform"/>
  <member type="node" ref="9412086343" role="platform"/>
  <member type="node" ref="9412086399" role="platform"/>
  <member type="node" ref="9412086400" role="platform"/>
  <member type="node" ref="9412086402" role="platform"/>
  <member type="node" ref="9412086404" role="platform"/>
  <member type="node" ref="9412086406" role="platform"/>
  <member type="node" ref="9412086408" role="platform"/>
  <member type="node" ref="9412086410" role="platform"/>
  <member type="node" ref="9412086412" role="platform"/>
  <member type="node" ref="9412086414" role="platform"/>
  <member type="node" ref="9412086482" role="platform"/>
  <member type="node" ref="9412086416" role="platform"/>
  <member type="node" ref="9412086418" role="platform"/>
  <member type="node" ref="9412086420" role="platform"/>
  <member type="node" ref="9412086422" role="platform"/>
  <member type="node" ref="9412086424" role="platform"/>
  <member type="node" ref="9412086426" role="platform"/>
  <member type="node" ref="9412086428" role="platform"/>
  <member type="node" ref="9412086430" role="platform"/>
  <member type="node" ref="9412086432" role="platform"/>
  <member type="node" ref="9412086434" role="platform"/>
  <member type="node" ref="9412086436" role="platform"/>
  <member type="node" ref="9412086438" role="platform"/>
  <member type="node" ref="9412086440" role="platform"/>
  <member type="node" ref="9412086334" role="platform"/>
  <member type="node" ref="9412086484" role="platform"/>
  <member type="node" ref="9412086442" role="platform"/>
  <member type="node" ref="9412086444" role="platform"/>
  <member type="node" ref="9412086446" role="platform"/>
  <member type="node" ref="9412086448" role="platform"/>
  <member type="node" ref="9412086450" role="platform"/>
  <member type="node" ref="9412086452" role="platform"/>
  <member type="node" ref="10653908309" role="platform"/>
  <member type="node" ref="9412086455" role="platform"/>
  <member type="node" ref="9412086457" role="platform"/>
  <member type="node" ref="9412086459" role="platform"/>
  <member type="node" ref="10653428529" role="platform"/>
  <member type="node" ref="9412086486" role="platform"/>
  <member type="node" ref="9412086488" role="platform"/>
  <member type="node" ref="9412086461" role="platform"/>
  <member type="node" ref="9412086463" role="platform"/>
  <member type="node" ref="9412086465" role="platform"/>
  <member type="node" ref="9412086467" role="platform"/>
  <member type="node" ref="9412086469" role="platform"/>
  <member type="node" ref="9412086471" role="platform"/>
  <member type="node" ref="9412086473" role="platform"/>
  <member type="node" ref="9412086475" role="platform"/>
  <member type="node" ref="9412086477" role="platform"/>
  <member type="node" ref="9412086525" role="platform"/>
  <member type="node" ref="9412086523" role="platform"/>
  <member type="node" ref="9412086520" role="platform"/>
  <member type="node" ref="9412086519" role="platform"/>
  <member type="node" ref="9412086517" role="platform"/>
  <member type="node" ref="9412086518" role="platform"/>
  <member type="node" ref="9412086521" role="platform"/>
  <member type="node" ref="9412086511" role="platform"/>
  <member type="node" ref="9412086509" role="platform"/>
  <member type="node" ref="9412086507" role="platform"/>
  <member type="node" ref="9412086505" role="platform"/>
  <member type="node" ref="9412086345" role="platform"/>
  <member type="way" ref="1036709672" role=""/>
  <member type="way" ref="1036709671" role=""/>
  <member type="way" ref="1036709673" role=""/>
  <member type="way" ref="316339838" role=""/>
  <member type="way" ref="316339803" role=""/>
  <member type="way" ref="316339802" role=""/>
  <member type="way" ref="79534148" role=""/>
  <member type="way" ref="114056166" role=""/>
  <member type="way" ref="114056326" role=""/>
  <member type="way" ref="114058206" role=""/>
  <member type="way" ref="1036709666" role=""/>
  <member type="way" ref="114055946" role=""/>
  <member type="way" ref="114058274" role=""/>
  <member type="way" ref="402834035" role=""/>
  <member type="way" ref="402834033" role=""/>
  <member type="way" ref="114056495" role=""/>
  <member type="way" ref="604148052" role=""/>
  <member type="way" ref="1036709675" role=""/>
  <member type="way" ref="1036709674" role=""/>
  <member type="way" ref="1036709676" role=""/>
  <member type="way" ref="1036709675" role=""/>
  <member type="way" ref="604148052" role=""/>
  <member type="way" ref="604148053" role=""/>
  <member type="way" ref="114058518" role=""/>
  <member type="way" ref="114058659" role=""/>
  <member type="way" ref="114055661" role=""/>
  <member type="way" ref="1430138807" role=""/>
  <member type="way" ref="421310968" role=""/>
  <member type="way" ref="1036709679" role=""/>
  <member type="way" ref="1036709678" role=""/>
  <member type="way" ref="1036709680" role=""/>
  <member type="way" ref="114058392" role=""/>
  <member type="way" ref="1036709678" role=""/>
  <member type="way" ref="114056144" role=""/>
  <member type="way" ref="1036709681" role=""/>
  <member type="way" ref="1036709682" role=""/>
  <member type="way" ref="114057391" role=""/>
  <member type="way" ref="114056724" role=""/>
  <member type="way" ref="79534125" role=""/>
  <member type="way" ref="114058420" role=""/>
  <member type="way" ref="114055935" role=""/>
  <member type="way" ref="1430138808" role=""/>
  <member type="way" ref="114056169" role=""/>
  <member type="way" ref="114057169" role=""/>
  <member type="way" ref="114056744" role=""/>
  <member type="way" ref="114057811" role=""/>
  <member type="way" ref="114057881" role=""/>
  <member type="way" ref="114056321" role=""/>
  <member type="way" ref="114057397" role=""/>
  <member type="way" ref="114056460" role=""/>
  <member type="way" ref="544735762" role=""/>
  <member type="way" ref="114040351" role=""/>
  <member type="way" ref="702008675" role=""/>
  <member type="way" ref="114041191" role=""/>
  <member type="way" ref="114040401" role=""/>
  <member type="way" ref="710459517" role=""/>
  <member type="way" ref="544735758" role=""/>
  <member type="way" ref="544735767" role=""/>
  <member type="way" ref="544735768" role=""/>
  <member type="way" ref="568591123" role=""/>
  <member type="way" ref="42476366" role=""/>
  <member type="way" ref="544735765" role=""/>
  <member type="way" ref="544735764" role=""/>
  <member type="way" ref="544735763" role=""/>
  <member type="way" ref="710477713" role=""/>
  <member type="way" ref="710477714" role=""/>
  <member type="way" ref="568591089" role=""/>
  <member type="way" ref="42476369" role=""/>
  <member type="way" ref="42476368" role=""/>
  <member type="way" ref="413732109" role=""/>
  <member type="way" ref="413732108" role=""/>
  <member type="way" ref="42476347" role=""/>
  <member type="way" ref="114041034" role=""/>
  <member type="way" ref="114041267" role=""/>
  <member type="way" ref="114040449" role=""/>
  <member type="way" ref="114041125" role=""/>
  <member type="way" ref="114040299" role=""/>
  <member type="way" ref="704734761" role=""/>
  <member type="way" ref="1036709669" role=""/>
  <member type="way" ref="1036709668" role=""/>
  <member type="way" ref="434742622" role=""/>
  <member type="way" ref="1036709670" role=""/>
  <member type="way" ref="114040970" role=""/>
  <member type="way" ref="114040847" role=""/>
  <member type="way" ref="544509194" role=""/>
  <member type="way" ref="544509195" role=""/>
  <member type="way" ref="544509191" role=""/>
  <member type="way" ref="1036709688" role=""/>
  <member type="way" ref="710482454" role=""/>
  <member type="way" ref="119875295" role=""/>
  <member type="way" ref="119875332" role=""/>
  <member type="way" ref="42476351" role=""/>
  <member type="way" ref="42476352" role=""/>
  <member type="way" ref="42476341" role=""/>
  <member type="way" ref="544509189" role=""/>
  <member type="way" ref="544509188" role=""/>
  <member type="way" ref="544509187" role=""/>
  <member type="way" ref="544509186" role=""/>
  <member type="way" ref="42476342" role=""/>
  <member type="way" ref="42476344" role=""/>
  <member type="way" ref="42476343" role=""/>
  <member type="way" ref="42476346" role=""/>
  <member type="way" ref="544509185" role=""/>
  <member type="way" ref="544509184" role=""/>
  <member type="way" ref="42403306" role=""/>
  <member type="way" ref="42403311" role=""/>
  <member type="way" ref="68875219" role=""/>
  <member type="way" ref="68875220" role=""/>
  <member type="way" ref="119878796" role=""/>
  <member type="way" ref="1036709690" role=""/>
  <member type="way" ref="119878679" role=""/>
  <member type="way" ref="119878779" role=""/>
  <member type="way" ref="1036709691" role=""/>
  <member type="way" ref="119878605" role=""/>
  <member type="way" ref="119879204" role=""/>
  <member type="way" ref="119879213" role=""/>
  <member type="way" ref="119878597" role=""/>
  <member type="way" ref="119878743" role=""/>
  <member type="way" ref="310175725" role=""/>
  <member type="way" ref="310175728" role=""/>
  <member type="way" ref="119879065" role=""/>
  <member type="way" ref="119879154" role=""/>
  <member type="way" ref="1036697536" role=""/>
  <member type="way" ref="119878656" role=""/>
  <member type="way" ref="1036697525" role=""/>
  <member type="way" ref="1036697534" role=""/>
  <member type="way" ref="1036697533" role=""/>
  <member type="way" ref="1036697512" role=""/>
  <member type="way" ref="1036697534" role=""/>
  <member type="way" ref="1036697525" role=""/>
  <member type="way" ref="119878656" role=""/>
  <member type="way" ref="119878549" role=""/>
  <member type="way" ref="119878523" role=""/>
  <member type="way" ref="1036697526" role=""/>
  <member type="way" ref="1036697532" role=""/>
  <member type="way" ref="1394161504" role=""/>
  <member type="way" ref="1036697531" role=""/>
  <member type="way" ref="1163757161" role=""/>
  <member type="way" ref="1036697528" role=""/>
  <member type="way" ref="1036697526" role=""/>
  <member type="way" ref="119878523" role=""/>
  <member type="way" ref="1036697523" role=""/>
  <member type="way" ref="119879037" role=""/>
  <member type="way" ref="119885215" role=""/>
  <tag k="duration" v="01:43:00"/>
  <tag k="from" v="東萩駅前"/>
  <tag k="gtfs:route_id" v="2229846746"/>
  <tag k="gtfs:shape_id" v="40001289"/>
  <tag k="name" v="Bus: 東萩駅前→湯田温泉通"/>
  <tag k="network" v="防長線"/>
  <tag k="opening_hours" v="06:15-16:13"/>
  <tag k="operator" v="中国ジェイアールバス"/>
  <tag k="operator:en" v="Chugoku JR Bus"/>
  <tag k="public_transport:version" v="2"/>
  <tag k="route" v="bus"/>
  <tag k="to" v="湯田温泉通"/>
  <tag k="type" v="route"/>
 </relation>
 <relation id="13884436" visible="true" version="2" changeset="134842526" timestamp="2023-04-13T03:15:44Z" user="okadatsuneo_import" uid="12352917">
  <member type="relation" ref="13884431" role=""/>
  <member type="relation" ref="13884432" role=""/>
  <tag k="name" v="Bus 湯田温泉&lt;-&gt;東萩駅前"/>
  <tag k="network" v="防長線"/>
  <tag k="operator" v="中国ジェイアールバス"/>
  <tag k="operator:en" v="Chugoku JR Bus"/>
  <tag k="route_master" v="bus"/>
  <tag k="type" v="route_master"/>
 </relation>
 <relation id="15742023" visible="true" version="16" changeset="172594622" timestamp="2025-09-29T06:10:24Z" user="taketaketake" uid="4757277">
  <member type="node" ref="9412086570" role="platform"/>
  <member type="node" ref="9412086568" role="platform"/>
  <member type="node" ref="9412086566" role="platform"/>
  <member type="node" ref="9412086564" role="platform"/>
  <member type="node" ref="9412086562" role="platform"/>
  <member type="node" ref="9412086560" role="platform"/>
  <member type="node" ref="9412086558" role="platform"/>
  <member type="node" ref="9412086556" role="platform"/>
  <member type="node" ref="9412086554" role="platform"/>
  <member type="node" ref="9412086552" role="platform"/>
  <member type="node" ref="9412086550" role="platform"/>
  <member type="node" ref="9412086548" role="platform"/>
  <member type="node" ref="9412086546" role="platform"/>
  <member type="node" ref="9412086544" role="platform"/>
  <member type="node" ref="9412086542" role="platform"/>
  <member type="node" ref="9412086540" role="platform"/>
  <member type="node" ref="9412086538" role="platform"/>
  <member type="node" ref="9412086536" role="platform"/>
  <member type="node" ref="9412086534" role="platform"/>
  <member type="node" ref="9412086346" role="platform"/>
  <member type="node" ref="9412086515" role="platform"/>
  <member type="node" ref="9412086532" role="platform"/>
  <member type="node" ref="9412086530" role="platform"/>
  <member type="node" ref="9412086513" role="platform"/>
  <member type="node" ref="9412086517" role="platform"/>
  <member type="node" ref="9412086518" role="platform"/>
  <member type="node" ref="9412086521" role="platform"/>
  <member type="node" ref="9412086522" role="platform"/>
  <member type="node" ref="9412086525" role="platform"/>
  <member type="node" ref="9412086527" role="platform"/>
  <member type="node" ref="9412086511" role="platform"/>
  <member type="node" ref="9412086509" role="platform"/>
  <member type="node" ref="9412086507" role="platform"/>
  <member type="node" ref="9412086505" role="platform"/>
  <member type="node" ref="9412086503" role="platform"/>
  <member type="node" ref="9412086396" role="platform"/>
  <member type="node" ref="9412086394" role="platform"/>
  <member type="node" ref="9412086392" role="platform"/>
  <member type="node" ref="9412086390" role="platform"/>
  <member type="node" ref="9412086388" role="platform"/>
  <member type="node" ref="9412086386" role="platform"/>
  <member type="node" ref="9412086384" role="platform"/>
  <member type="way" ref="357194915" role=""/>
  <member type="way" ref="357194913" role=""/>
  <member type="way" ref="957733672" role=""/>
  <member type="way" ref="77178773" role=""/>
  <member type="way" ref="361731290" role=""/>
  <member type="way" ref="1420856717" role=""/>
  <member type="way" ref="1122925019" role=""/>
  <member type="way" ref="361731281" role=""/>
  <member type="way" ref="361731282" role=""/>
  <member type="way" ref="361731280" role=""/>
  <member type="way" ref="119986970" role=""/>
  <member type="way" ref="710577835" role=""/>
  <member type="way" ref="1163757171" role=""/>
  <member type="way" ref="710577834" role=""/>
  <member type="way" ref="710577831" role=""/>
  <member type="way" ref="710577830" role=""/>
  <member type="way" ref="119885470" role=""/>
  <member type="way" ref="119886915" role=""/>
  <member type="way" ref="535381131" role=""/>
  <member type="way" ref="535381134" role=""/>
  <member type="way" ref="289348800" role=""/>
  <member type="way" ref="289348803" role=""/>
  <member type="way" ref="289348808" role=""/>
  <member type="way" ref="289348798" role=""/>
  <member type="way" ref="289348809" role=""/>
  <member type="way" ref="1315033214" role=""/>
  <member type="way" ref="289348802" role=""/>
  <member type="way" ref="1420101860" role=""/>
  <member type="way" ref="289348826" role=""/>
  <member type="way" ref="119887013" role=""/>
  <member type="way" ref="552482886" role=""/>
  <member type="way" ref="546317412" role=""/>
  <member type="way" ref="119885290" role=""/>
  <member type="way" ref="119887419" role=""/>
  <member type="way" ref="1163757165" role=""/>
  <member type="way" ref="1163757164" role=""/>
  <member type="way" ref="119887419" role=""/>
  <member type="way" ref="119887566" role=""/>
  <member type="way" ref="119886474" role=""/>
  <member type="way" ref="119888061" role=""/>
  <member type="way" ref="119886880" role=""/>
  <member type="way" ref="119885817" role=""/>
  <member type="way" ref="957726378" role=""/>
  <member type="way" ref="119879058" role=""/>
  <member type="way" ref="1036697530" role=""/>
  <member type="way" ref="1036697526" role=""/>
  <member type="way" ref="1036697532" role=""/>
  <member type="way" ref="1394161504" role=""/>
  <member type="way" ref="1036697531" role=""/>
  <member type="way" ref="1163757161" role=""/>
  <member type="way" ref="1036697528" role=""/>
  <member type="way" ref="1036697526" role=""/>
  <member type="way" ref="119878523" role=""/>
  <member type="way" ref="517552886" role=""/>
  <member type="way" ref="119878656" role=""/>
  <member type="way" ref="1036697525" role=""/>
  <member type="way" ref="1036697534" role=""/>
  <member type="way" ref="1036697533" role=""/>
  <member type="way" ref="1036697512" role=""/>
  <member type="way" ref="1036697534" role=""/>
  <member type="way" ref="1036697525" role=""/>
  <member type="way" ref="119878656" role=""/>
  <member type="way" ref="1036697524" role=""/>
  <member type="way" ref="119879071" role=""/>
  <member type="way" ref="119887610" role=""/>
  <member type="way" ref="119888155" role=""/>
  <member type="way" ref="119879116" role=""/>
  <member type="way" ref="119879037" role=""/>
  <member type="way" ref="119885215" role=""/>
  <member type="way" ref="1161949597" role=""/>
  <member type="way" ref="119886759" role=""/>
  <member type="way" ref="119887879" role=""/>
  <member type="way" ref="119885734" role=""/>
  <member type="way" ref="119885590" role=""/>
  <member type="way" ref="119887887" role=""/>
  <member type="way" ref="119888300" role=""/>
  <member type="way" ref="119885704" role=""/>
  <member type="way" ref="119885762" role=""/>
  <member type="way" ref="119887444" role=""/>
  <member type="way" ref="119885764" role=""/>
  <member type="way" ref="119885750" role=""/>
  <member type="way" ref="119875257" role=""/>
  <tag k="duration" v="01:09:00"/>
  <tag k="from" v="防府駅前"/>
  <tag k="gtfs:route_id" v="2229846746"/>
  <tag k="gtfs:shape_id" v="40000770"/>
  <tag k="name" v="Bus: 防府駅前→ゆめタウン山口→山口県庁前→中尾口"/>
  <tag k="network" v="防長線"/>
  <tag k="opening_hours" v="Mo-Fr 08:25-15:21; Sa-Su 08:25-15:23"/>
  <tag k="operator" v="中国ジェイアールバス"/>
  <tag k="operator:en" v="Chugoku JR Bus"/>
  <tag k="public_transport:version" v="2"/>
  <tag k="route" v="bus"/>
  <tag k="to" v="中尾口"/>
  <tag k="type" v="route"/>
  <tag k="via" v="ゆめタウン山口;山口県庁前"/>
 </relation>
 <relation id="15742024" visible="true" version="16" changeset="178047391" timestamp="2026-02-03T12:01:21Z" user="setowalker" uid="21720421">
  <member type="node" ref="9412086385" role="platform"/>
  <member type="node" ref="9412086387" role="platform"/>
  <member type="node" ref="9412086389" role="platform"/>
  <member type="node" ref="9412086391" role="platform"/>
  <member type="node" ref="9412086393" role="platform"/>
  <member type="node" ref="9412086395" role="platform"/>
  <member type="node" ref="9412086397" role="platform"/>
  <member type="node" ref="9412086502" role="platform"/>
  <member type="node" ref="9412086504" role="platform"/>
  <member type="node" ref="9412086506" role="platform"/>
  <member type="node" ref="9412086508" role="platform"/>
  <member type="node" ref="9412086510" role="platform"/>
  <member type="node" ref="9412086512" role="platform"/>
  <member type="node" ref="9412086528" role="platform"/>
  <member type="node" ref="9412086526" role="platform"/>
  <member type="node" ref="9412086523" role="platform"/>
  <member type="node" ref="9412086520" role="platform"/>
  <member type="node" ref="9412086519" role="platform"/>
  <member type="node" ref="9412086516" role="platform"/>
  <member type="node" ref="9412086514" role="platform"/>
  <member type="node" ref="9412086531" role="platform"/>
  <member type="node" ref="9412086533" role="platform"/>
  <member type="node" ref="9412086515" role="platform"/>
  <member type="node" ref="9412086535" role="platform"/>
  <member type="node" ref="9412086537" role="platform"/>
  <member type="node" ref="9412086539" role="platform"/>
  <member type="node" ref="9412086541" role="platform"/>
  <member type="node" ref="9412086543" role="platform"/>
  <member type="node" ref="9412086545" role="platform"/>
  <member type="node" ref="9412086547" role="platform"/>
  <member type="node" ref="9412086549" role="platform"/>
  <member type="node" ref="9412086551" role="platform"/>
  <member type="node" ref="9412086553" role="platform"/>
  <member type="node" ref="9412086555" role="platform"/>
  <member type="node" ref="9412086557" role="platform"/>
  <member type="node" ref="9412086559" role="platform"/>
  <member type="node" ref="9412086561" role="platform"/>
  <member type="node" ref="9412086563" role="platform"/>
  <member type="node" ref="9412086565" role="platform"/>
  <member type="node" ref="9412086567" role="platform"/>
  <member type="node" ref="9412086569" role="platform"/>
  <member type="node" ref="9412086571" role="platform"/>
  <member type="way" ref="119875257" role=""/>
  <member type="way" ref="119885750" role=""/>
  <member type="way" ref="119885764" role=""/>
  <member type="way" ref="119887444" role=""/>
  <member type="way" ref="119885762" role=""/>
  <member type="way" ref="119885704" role=""/>
  <member type="way" ref="119888300" role=""/>
  <member type="way" ref="119887887" role=""/>
  <member type="way" ref="119885590" role=""/>
  <member type="way" ref="119885734" role=""/>
  <member type="way" ref="119887879" role=""/>
  <member type="way" ref="119886759" role=""/>
  <member type="way" ref="1161949597" role=""/>
  <member type="way" ref="119885215" role=""/>
  <member type="way" ref="119879037" role=""/>
  <member type="way" ref="119879116" role=""/>
  <member type="way" ref="119888155" role=""/>
  <member type="way" ref="119887610" role=""/>
  <member type="way" ref="119879071" role=""/>
  <member type="way" ref="1036697511" role=""/>
  <member type="way" ref="1036697510" role=""/>
  <member type="way" ref="1036697514" role=""/>
  <member type="way" ref="1036697512" role=""/>
  <member type="way" ref="1036697534" role=""/>
  <member type="way" ref="1036697525" role=""/>
  <member type="way" ref="119878656" role=""/>
  <member type="way" ref="119878549" role=""/>
  <member type="way" ref="119878523" role=""/>
  <member type="way" ref="1036697526" role=""/>
  <member type="way" ref="1036697532" role=""/>
  <member type="way" ref="1394161504" role=""/>
  <member type="way" ref="1036697531" role=""/>
  <member type="way" ref="1036697527" role=""/>
  <member type="way" ref="119879058" role=""/>
  <member type="way" ref="957726378" role=""/>
  <member type="way" ref="119885817" role=""/>
  <member type="way" ref="119886880" role=""/>
  <member type="way" ref="119888061" role=""/>
  <member type="way" ref="119886474" role=""/>
  <member type="way" ref="119887566" role=""/>
  <member type="way" ref="119887419" role=""/>
  <member type="way" ref="1163757165" role=""/>
  <member type="way" ref="1163757164" role=""/>
  <member type="way" ref="119887419" role=""/>
  <member type="way" ref="119885290" role=""/>
  <member type="way" ref="546317412" role=""/>
  <member type="way" ref="407829907" role=""/>
  <member type="way" ref="1473855298" role=""/>
  <member type="way" ref="1473855299" role=""/>
  <member type="way" ref="139849495" role=""/>
  <member type="way" ref="1420101861" role=""/>
  <member type="way" ref="1315033215" role=""/>
  <member type="way" ref="289348758" role=""/>
  <member type="way" ref="289348773" role=""/>
  <member type="way" ref="289348780" role=""/>
  <member type="way" ref="289348769" role=""/>
  <member type="way" ref="289348772" role=""/>
  <member type="way" ref="535381133" role=""/>
  <member type="way" ref="535381132" role=""/>
  <member type="way" ref="289348757" role=""/>
  <member type="way" ref="42403292" role=""/>
  <member type="way" ref="289348828" role=""/>
  <member type="way" ref="710577832" role=""/>
  <member type="way" ref="710577833" role=""/>
  <member type="way" ref="1163757160" role=""/>
  <member type="way" ref="710577836" role=""/>
  <member type="way" ref="552730769" role=""/>
  <member type="way" ref="552730766" role=""/>
  <member type="way" ref="1315019735" role=""/>
  <member type="way" ref="361731287" role=""/>
  <member type="way" ref="1420856718" role=""/>
  <member type="way" ref="361731290" role=""/>
  <member type="way" ref="77178773" role=""/>
  <member type="way" ref="957733672" role=""/>
  <member type="way" ref="646777796" role=""/>
  <tag k="duration" v="01:15:00"/>
  <tag k="from" v="中尾口"/>
  <tag k="gtfs:route_id" v="2229846746"/>
  <tag k="gtfs:shape_id" v="40000779"/>
  <tag k="name" v="Bus: 中尾口→山口県庁前→ゆめタウン山口→防府駅"/>
  <tag k="network" v="防長線"/>
  <tag k="opening_hours" v="Mo-Fr 08:35-16:45; Sa-Su 09:30-16:45"/>
  <tag k="operator" v="中国ジェイアールバス"/>
  <tag k="operator:en" v="Chugoku JR Bus"/>
  <tag k="public_transport:version" v="2"/>
  <tag k="route" v="bus"/>
  <tag k="to" v="防府駅"/>
  <tag k="type" v="route"/>
  <tag k="via" v="山口県庁前;ゆめタウン山口"/>
 </relation>
 <relation id="15742025" visible="true" version="16" changeset="172594622" timestamp="2025-09-29T06:10:24Z" user="taketaketake" uid="4757277">
  <member type="node" ref="9412086570" role="platform"/>
  <member type="node" ref="9412086568" role="platform"/>
  <member type="node" ref="9412086566" role="platform"/>
  <member type="node" ref="9412086564" role="platform"/>
  <member type="node" ref="9412086562" role="platform"/>
  <member type="node" ref="9412086560" role="platform"/>
  <member type="node" ref="9412086558" role="platform"/>
  <member type="node" ref="9412086556" role="platform"/>
  <member type="node" ref="9412086554" role="platform"/>
  <member type="node" ref="9412086552" role="platform"/>
  <member type="node" ref="9412086550" role="platform"/>
  <member type="node" ref="9412086548" role="platform"/>
  <member type="node" ref="9412086546" role="platform"/>
  <member type="node" ref="9412086544" role="platform"/>
  <member type="node" ref="9412086542" role="platform"/>
  <member type="node" ref="9412086540" role="platform"/>
  <member type="node" ref="9412086538" role="platform"/>
  <member type="node" ref="9412086536" role="platform"/>
  <member type="node" ref="9412086534" role="platform"/>
  <member type="node" ref="9412086346" role="platform"/>
  <member type="node" ref="9412086532" role="platform"/>
  <member type="node" ref="9412086530" role="platform"/>
  <member type="node" ref="9412086513" role="platform"/>
  <member type="node" ref="9412086517" role="platform"/>
  <member type="node" ref="9412086518" role="platform"/>
  <member type="node" ref="9412086521" role="platform"/>
  <member type="node" ref="9412086522" role="platform"/>
  <member type="node" ref="9412086525" role="platform"/>
  <member type="node" ref="9412086527" role="platform"/>
  <member type="node" ref="9412086511" role="platform"/>
  <member type="node" ref="9412086509" role="platform"/>
  <member type="node" ref="9412086507" role="platform"/>
  <member type="node" ref="9412086505" role="platform"/>
  <member type="node" ref="9412086503" role="platform"/>
  <member type="node" ref="9412086396" role="platform"/>
  <member type="node" ref="9412086394" role="platform"/>
  <member type="node" ref="9412086392" role="platform"/>
  <member type="node" ref="9412086390" role="platform"/>
  <member type="node" ref="9412086388" role="platform"/>
  <member type="node" ref="9412086386" role="platform"/>
  <member type="node" ref="9412086384" role="platform"/>
  <member type="way" ref="357194915" role=""/>
  <member type="way" ref="357194913" role=""/>
  <member type="way" ref="957733672" role=""/>
  <member type="way" ref="77178773" role=""/>
  <member type="way" ref="361731290" role=""/>
  <member type="way" ref="1420856717" role=""/>
  <member type="way" ref="1122925019" role=""/>
  <member type="way" ref="361731281" role=""/>
  <member type="way" ref="361731282" role=""/>
  <member type="way" ref="361731280" role=""/>
  <member type="way" ref="119986970" role=""/>
  <member type="way" ref="710577835" role=""/>
  <member type="way" ref="1163757171" role=""/>
  <member type="way" ref="710577834" role=""/>
  <member type="way" ref="710577831" role=""/>
  <member type="way" ref="710577830" role=""/>
  <member type="way" ref="119885470" role=""/>
  <member type="way" ref="119886915" role=""/>
  <member type="way" ref="535381131" role=""/>
  <member type="way" ref="535381134" role=""/>
  <member type="way" ref="289348800" role=""/>
  <member type="way" ref="289348803" role=""/>
  <member type="way" ref="289348808" role=""/>
  <member type="way" ref="289348798" role=""/>
  <member type="way" ref="289348809" role=""/>
  <member type="way" ref="1315033214" role=""/>
  <member type="way" ref="289348802" role=""/>
  <member type="way" ref="1420101860" role=""/>
  <member type="way" ref="289348826" role=""/>
  <member type="way" ref="119887013" role=""/>
  <member type="way" ref="552482886" role=""/>
  <member type="way" ref="546317412" role=""/>
  <member type="way" ref="119885290" role=""/>
  <member type="way" ref="119887566" role=""/>
  <member type="way" ref="119886474" role=""/>
  <member type="way" ref="119888061" role=""/>
  <member type="way" ref="119886880" role=""/>
  <member type="way" ref="119885817" role=""/>
  <member type="way" ref="957726378" role=""/>
  <member type="way" ref="119879058" role=""/>
  <member type="way" ref="1036697530" role=""/>
  <member type="way" ref="1036697526" role=""/>
  <member type="way" ref="1036697532" role=""/>
  <member type="way" ref="1394161504" role=""/>
  <member type="way" ref="1036697531" role=""/>
  <member type="way" ref="1163757161" role=""/>
  <member type="way" ref="1036697528" role=""/>
  <member type="way" ref="1036697526" role=""/>
  <member type="way" ref="119878523" role=""/>
  <member type="way" ref="517552886" role=""/>
  <member type="way" ref="119878656" role=""/>
  <member type="way" ref="1036697525" role=""/>
  <member type="way" ref="1036697534" role=""/>
  <member type="way" ref="1036697533" role=""/>
  <member type="way" ref="1036697512" role=""/>
  <member type="way" ref="1036697534" role=""/>
  <member type="way" ref="1036697525" role=""/>
  <member type="way" ref="119878656" role=""/>
  <member type="way" ref="1036697524" role=""/>
  <member type="way" ref="119879071" role=""/>
  <member type="way" ref="119887610" role=""/>
  <member type="way" ref="119888155" role=""/>
  <member type="way" ref="119879116" role=""/>
  <member type="way" ref="119879037" role=""/>
  <member type="way" ref="119885215" role=""/>
  <member type="way" ref="1161949597" role=""/>
  <member type="way" ref="119886759" role=""/>
  <member type="way" ref="119887879" role=""/>
  <member type="way" ref="119885734" role=""/>
  <member type="way" ref="119885590" role=""/>
  <member type="way" ref="119887887" role=""/>
  <member type="way" ref="119888300" role=""/>
  <member type="way" ref="119885704" role=""/>
  <member type="way" ref="119885762" role=""/>
  <member type="way" ref="119887444" role=""/>
  <member type="way" ref="119885764" role=""/>
  <member type="way" ref="119885750" role=""/>
  <member type="way" ref="119875257" role=""/>
  <tag k="duration" v="01:05:00"/>
  <tag k="from" v="防府駅前"/>
  <tag k="gtfs:route_id" v="2229846746"/>
  <tag k="gtfs:shape_id" v="40000990"/>
  <tag k="name" v="Bus: 防府駅前→山口県庁前→中尾口"/>
  <tag k="network" v="防長線"/>
  <tag k="opening_hours" v="Mo-Fr 06:50-07:55"/>
  <tag k="operator" v="中国ジェイアールバス"/>
  <tag k="operator:en" v="Chugoku JR Bus"/>
  <tag k="public_transport:version" v="2"/>
  <tag k="route" v="bus"/>
  <tag k="to" v="中尾口"/>
  <tag k="type" v="route"/>
  <tag k="via" v="山口県庁前"/>
 </relation>
 <relation id="15742026" visible="true" version="17" changeset="172594622" timestamp="2025-09-29T06:10:24Z" user="taketaketake" uid="4757277">
  <member type="node" ref="9412086570" role="platform"/>
  <member type="node" ref="9412086568" role="platform"/>
  <member type="node" ref="9412086566" role="platform"/>
  <member type="node" ref="9412086564" role="platform"/>
  <member type="node" ref="9412086562" role="platform"/>
  <member type="node" ref="9412086342" role="platform"/>
  <member type="node" ref="9412086340" role="platform"/>
  <member type="node" ref="9412086337" role="platform"/>
  <member type="node" ref="9412086339" role="platform"/>
  <member type="node" ref="9412086341" role="platform"/>
  <member type="node" ref="9412086560" role="platform"/>
  <member type="node" ref="9412086558" role="platform"/>
  <member type="node" ref="9412086556" role="platform"/>
  <member type="node" ref="9412086554" role="platform"/>
  <member type="node" ref="9412086552" role="platform"/>
  <member type="node" ref="9412086550" role="platform"/>
  <member type="node" ref="9412086548" role="platform"/>
  <member type="node" ref="9412086546" role="platform"/>
  <member type="node" ref="9412086544" role="platform"/>
  <member type="node" ref="9412086542" role="platform"/>
  <member type="node" ref="9412086540" role="platform"/>
  <member type="node" ref="9412086538" role="platform"/>
  <member type="node" ref="9412086536" role="platform"/>
  <member type="node" ref="9412086534" role="platform"/>
  <member type="node" ref="9412086346" role="platform"/>
  <member type="node" ref="9412086515" role="platform"/>
  <member type="node" ref="9412086532" role="platform"/>
  <member type="node" ref="9412086530" role="platform"/>
  <member type="node" ref="9412086513" role="platform"/>
  <member type="node" ref="9412086517" role="platform"/>
  <member type="node" ref="9412086518" role="platform"/>
  <member type="node" ref="9412086521" role="platform"/>
  <member type="node" ref="9412086522" role="platform"/>
  <member type="node" ref="9412086525" role="platform"/>
  <member type="node" ref="9412086527" role="platform"/>
  <member type="node" ref="9412086511" role="platform"/>
  <member type="node" ref="9412086509" role="platform"/>
  <member type="node" ref="9412086507" role="platform"/>
  <member type="node" ref="9412086505" role="platform"/>
  <member type="node" ref="9412086503" role="platform"/>
  <member type="node" ref="9412086396" role="platform"/>
  <member type="node" ref="9412086394" role="platform"/>
  <member type="node" ref="9412086392" role="platform"/>
  <member type="node" ref="9412086390" role="platform"/>
  <member type="node" ref="9412086388" role="platform"/>
  <member type="node" ref="9412086386" role="platform"/>
  <member type="node" ref="9412086384" role="platform"/>
  <member type="way" ref="357194915" role=""/>
  <member type="way" ref="357194913" role=""/>
  <member type="way" ref="957733672" role=""/>
  <member type="way" ref="77178773" role=""/>
  <member type="way" ref="361731290" role=""/>
  <member type="way" ref="1420856717" role=""/>
  <member type="way" ref="1122925019" role=""/>
  <member type="way" ref="361731281" role=""/>
  <member type="way" ref="361731282" role=""/>
  <member type="way" ref="361731280" role=""/>
  <member type="way" ref="119986970" role=""/>
  <member type="way" ref="710577835" role=""/>
  <member type="way" ref="1163757171" role=""/>
  <member type="way" ref="119986480" role=""/>
  <member type="way" ref="1163757168" role=""/>
  <member type="way" ref="1163757169" role=""/>
  <member type="way" ref="1163757168" role=""/>
  <member type="way" ref="119986480" role=""/>
  <member type="way" ref="710577834" role=""/>
  <member type="way" ref="710577831" role=""/>
  <member type="way" ref="710577830" role=""/>
  <member type="way" ref="119885470" role=""/>
  <member type="way" ref="119886915" role=""/>
  <member type="way" ref="535381131" role=""/>
  <member type="way" ref="535381134" role=""/>
  <member type="way" ref="289348800" role=""/>
  <member type="way" ref="289348803" role=""/>
  <member type="way" ref="289348808" role=""/>
  <member type="way" ref="289348798" role=""/>
  <member type="way" ref="289348809" role=""/>
  <member type="way" ref="1315033214" role=""/>
  <member type="way" ref="289348802" role=""/>
  <member type="way" ref="1420101860" role=""/>
  <member type="way" ref="289348826" role=""/>
  <member type="way" ref="119887013" role=""/>
  <member type="way" ref="552482886" role=""/>
  <member type="way" ref="546317412" role=""/>
  <member type="way" ref="119885290" role=""/>
  <member type="way" ref="119887419" role=""/>
  <member type="way" ref="1163757165" role=""/>
  <member type="way" ref="1163757164" role=""/>
  <member type="way" ref="119887419" role=""/>
  <member type="way" ref="119887566" role=""/>
  <member type="way" ref="119886474" role=""/>
  <member type="way" ref="119888061" role=""/>
  <member type="way" ref="119886880" role=""/>
  <member type="way" ref="119885817" role=""/>
  <member type="way" ref="957726378" role=""/>
  <member type="way" ref="119879058" role=""/>
  <member type="way" ref="1036697530" role=""/>
  <member type="way" ref="1036697526" role=""/>
  <member type="way" ref="1036697532" role=""/>
  <member type="way" ref="1394161504" role=""/>
  <member type="way" ref="1036697531" role=""/>
  <member type="way" ref="1163757161" role=""/>
  <member type="way" ref="1036697528" role=""/>
  <member type="way" ref="1036697526" role=""/>
  <member type="way" ref="119878523" role=""/>
  <member type="way" ref="517552886" role=""/>
  <member type="way" ref="119878656" role=""/>
  <member type="way" ref="1036697525" role=""/>
  <member type="way" ref="1036697534" role=""/>
  <member type="way" ref="1036697533" role=""/>
  <member type="way" ref="1036697512" role=""/>
  <member type="way" ref="1036697534" role=""/>
  <member type="way" ref="1036697525" role=""/>
  <member type="way" ref="119878656" role=""/>
  <member type="way" ref="1036697524" role=""/>
  <member type="way" ref="119879071" role=""/>
  <member type="way" ref="119887610" role=""/>
  <member type="way" ref="119888155" role=""/>
  <member type="way" ref="119879116" role=""/>
  <member type="way" ref="119879037" role=""/>
  <member type="way" ref="119885215" role=""/>
  <member type="way" ref="1161949597" role=""/>
  <member type="way" ref="119886759" role=""/>
  <member type="way" ref="119887879" role=""/>
  <member type="way" ref="119885734" role=""/>
  <member type="way" ref="119885590" role=""/>
  <member type="way" ref="119887887" role=""/>
  <member type="way" ref="119888300" role=""/>
  <member type="way" ref="119885704" role=""/>
  <member type="way" ref="119885762" role=""/>
  <member type="way" ref="119887444" role=""/>
  <member type="way" ref="119885764" role=""/>
  <member type="way" ref="119885750" role=""/>
  <member type="way" ref="119875257" role=""/>
  <tag k="duration" v="01:21:00"/>
  <tag k="from" v="防府駅前"/>
  <tag k="gtfs:route_id" v="2229846746"/>
  <tag k="gtfs:shape_id" v="40001310"/>
  <tag k="name" v="Bus: 防府駅前→総合医療センター前→ゆめタウン山口→山口県庁前→中尾口"/>
  <tag k="network" v="防長線"/>
  <tag k="opening_hours" v="15:00-16:21"/>
  <tag k="operator" v="中国ジェイアールバス"/>
  <tag k="operator:en" v="Chugoku JR Bus"/>
  <tag k="public_transport:version" v="2"/>
  <tag k="route" v="bus"/>
  <tag k="to" v="中尾口"/>
  <tag k="type" v="route"/>
  <tag k="via" v="総合医療センター前;ゆめタウン山口;山口県庁前"/>
 </relation>
 <relation id="15742027" visible="true" version="17" changeset="178047391" timestamp="2026-02-03T12:01:21Z" user="setowalker" uid="21720421">
  <member type="node" ref="9412086385" role="platform"/>
  <member type="node" ref="9412086387" role="platform"/>
  <member type="node" ref="9412086389" role="platform"/>
  <member type="node" ref="9412086391" role="platform"/>
  <member type="node" ref="9412086393" role="platform"/>
  <member type="node" ref="9412086395" role="platform"/>
  <member type="node" ref="9412086397" role="platform"/>
  <member type="node" ref="9412086502" role="platform"/>
  <member type="node" ref="9412086504" role="platform"/>
  <member type="node" ref="9412086506" role="platform"/>
  <member type="node" ref="9412086508" role="platform"/>
  <member type="node" ref="9412086510" role="platform"/>
  <member type="node" ref="9412086512" role="platform"/>
  <member type="node" ref="9412086528" role="platform"/>
  <member type="node" ref="9412086526" role="platform"/>
  <member type="node" ref="9412086523" role="platform"/>
  <member type="node" ref="9412086520" role="platform"/>
  <member type="node" ref="9412086519" role="platform"/>
  <member type="node" ref="9412086516" role="platform"/>
  <member type="node" ref="9412086514" role="platform"/>
  <member type="node" ref="9412086531" role="platform"/>
  <member type="node" ref="9412086533" role="platform"/>
  <member type="node" ref="9412086515" role="platform"/>
  <member type="node" ref="9412086535" role="platform"/>
  <member type="node" ref="9412086537" role="platform"/>
  <member type="node" ref="9412086539" role="platform"/>
  <member type="node" ref="9412086541" role="platform"/>
  <member type="node" ref="9412086543" role="platform"/>
  <member type="node" ref="9412086545" role="platform"/>
  <member type="node" ref="9412086547" role="platform"/>
  <member type="node" ref="9412086549" role="platform"/>
  <member type="node" ref="9412086551" role="platform"/>
  <member type="node" ref="9412086553" role="platform"/>
  <member type="node" ref="9412086555" role="platform"/>
  <member type="node" ref="9412086557" role="platform"/>
  <member type="node" ref="9412086559" role="platform"/>
  <member type="node" ref="9412086561" role="platform"/>
  <member type="node" ref="9412086342" role="platform"/>
  <member type="node" ref="9412086340" role="platform"/>
  <member type="node" ref="9412086338" role="platform"/>
  <member type="node" ref="9412086339" role="platform"/>
  <member type="node" ref="9412086341" role="platform"/>
  <member type="node" ref="9412086563" role="platform"/>
  <member type="node" ref="9412086565" role="platform"/>
  <member type="node" ref="9412086567" role="platform"/>
  <member type="node" ref="9412086569" role="platform"/>
  <member type="node" ref="9412086571" role="platform"/>
  <member type="way" ref="119875257" role=""/>
  <member type="way" ref="119885750" role=""/>
  <member type="way" ref="119885764" role=""/>
  <member type="way" ref="119887444" role=""/>
  <member type="way" ref="119885762" role=""/>
  <member type="way" ref="119885704" role=""/>
  <member type="way" ref="119888300" role=""/>
  <member type="way" ref="119887887" role=""/>
  <member type="way" ref="119885590" role=""/>
  <member type="way" ref="119885734" role=""/>
  <member type="way" ref="119887879" role=""/>
  <member type="way" ref="119886759" role=""/>
  <member type="way" ref="1161949597" role=""/>
  <member type="way" ref="119885215" role=""/>
  <member type="way" ref="119879037" role=""/>
  <member type="way" ref="119879116" role=""/>
  <member type="way" ref="119888155" role=""/>
  <member type="way" ref="119887610" role=""/>
  <member type="way" ref="119879071" role=""/>
  <member type="way" ref="1036697511" role=""/>
  <member type="way" ref="1036697510" role=""/>
  <member type="way" ref="1036697514" role=""/>
  <member type="way" ref="1036697512" role=""/>
  <member type="way" ref="1036697534" role=""/>
  <member type="way" ref="1036697525" role=""/>
  <member type="way" ref="119878656" role=""/>
  <member type="way" ref="119878549" role=""/>
  <member type="way" ref="119878523" role=""/>
  <member type="way" ref="1036697526" role=""/>
  <member type="way" ref="1036697532" role=""/>
  <member type="way" ref="1394161504" role=""/>
  <member type="way" ref="1036697531" role=""/>
  <member type="way" ref="1036697527" role=""/>
  <member type="way" ref="119879058" role=""/>
  <member type="way" ref="957726378" role=""/>
  <member type="way" ref="119885817" role=""/>
  <member type="way" ref="119886880" role=""/>
  <member type="way" ref="119888061" role=""/>
  <member type="way" ref="119886474" role=""/>
  <member type="way" ref="119887566" role=""/>
  <member type="way" ref="119887419" role=""/>
  <member type="way" ref="1163757165" role=""/>
  <member type="way" ref="1163757164" role=""/>
  <member type="way" ref="119887419" role=""/>
  <member type="way" ref="119885290" role=""/>
  <member type="way" ref="546317412" role=""/>
  <member type="way" ref="407829907" role=""/>
  <member type="way" ref="1473855298" role=""/>
  <member type="way" ref="1473855299" role=""/>
  <member type="way" ref="139849495" role=""/>
  <member type="way" ref="1420101861" role=""/>
  <member type="way" ref="1315033215" role=""/>
  <member type="way" ref="289348758" role=""/>
  <member type="way" ref="289348773" role=""/>
  <member type="way" ref="289348780" role=""/>
  <member type="way" ref="289348769" role=""/>
  <member type="way" ref="289348772" role=""/>
  <member type="way" ref="535381133" role=""/>
  <member type="way" ref="535381132" role=""/>
  <member type="way" ref="289348757" role=""/>
  <member type="way" ref="42403292" role=""/>
  <member type="way" ref="289348828" role=""/>
  <member type="way" ref="710577832" role=""/>
  <member type="way" ref="710577833" role=""/>
  <member type="way" ref="119990501" role=""/>
  <member type="way" ref="119986480" role=""/>
  <member type="way" ref="1163757168" role=""/>
  <member type="way" ref="1163757169" role=""/>
  <member type="way" ref="1163757168" role=""/>
  <member type="way" ref="119986480" role=""/>
  <member type="way" ref="119990501" role=""/>
  <member type="way" ref="1163757160" role=""/>
  <member type="way" ref="710577836" role=""/>
  <member type="way" ref="552730769" role=""/>
  <member type="way" ref="552730766" role=""/>
  <member type="way" ref="1315019735" role=""/>
  <member type="way" ref="361731287" role=""/>
  <member type="way" ref="1420856718" role=""/>
  <member type="way" ref="361731290" role=""/>
  <member type="way" ref="77178773" role=""/>
  <member type="way" ref="957733672" role=""/>
  <member type="way" ref="646777796" role=""/>
  <tag k="duration" v="01:21:00"/>
  <tag k="from" v="中尾口"/>
  <tag k="gtfs:route_id" v="2229846746"/>
  <tag k="gtfs:shape_id" v="40001319"/>
  <tag k="name" v="Bus: 中尾口→山口県庁前→ゆめタウン山口→総合医療センター前→防府駅"/>
  <tag k="network" v="防長線"/>
  <tag k="opening_hours" v="11:45-13:08"/>
  <tag k="operator" v="中国ジェイアールバス"/>
  <tag k="operator:en" v="Chugoku JR Bus"/>
  <tag k="public_transport:version" v="2"/>
  <tag k="route" v="bus"/>
  <tag k="to" v="防府駅"/>
  <tag k="type" v="route"/>
  <tag k="via" v="山口県庁前;ゆめタウン山口;総合医療センター前"/>
 </relation>
 <relation id="15742028" visible="true" version="1" changeset="135081250" timestamp="2023-04-19T01:12:02Z" user="okadatsuneo_import" uid="12352917">
  <member type="relation" ref="15742026" role=""/>
  <member type="relation" ref="15742025" role=""/>
  <member type="relation" ref="15742023" role=""/>
  <member type="relation" ref="15742027" role=""/>
  <member type="relation" ref="15742024" role=""/>
  <tag k="name" v="Bus: 防府駅前&lt;-&gt;中尾口"/>
  <tag k="network" v="防長線"/>
  <tag k="operator" v="中国ジェイアールバス"/>
  <tag k="operator:en" v="Chugoku JR Bus"/>
  <tag k="route_master" v="bus"/>
  <tag k="type" v="route_master"/>
 </relation>
 <relation id="15742096" visible="true" version="17" changeset="172594622" timestamp="2025-09-29T06:10:24Z" user="taketaketake" uid="4757277">
  <member type="node" ref="9412086570" role="platform"/>
  <member type="node" ref="9412086568" role="platform"/>
  <member type="node" ref="9412086566" role="platform"/>
  <member type="node" ref="9412086564" role="platform"/>
  <member type="node" ref="9412086562" role="platform"/>
  <member type="node" ref="9412086560" role="platform"/>
  <member type="node" ref="9412086558" role="platform"/>
  <member type="node" ref="9412086556" role="platform"/>
  <member type="node" ref="9412086554" role="platform"/>
  <member type="node" ref="9412086552" role="platform"/>
  <member type="node" ref="9412086550" role="platform"/>
  <member type="node" ref="9412086548" role="platform"/>
  <member type="node" ref="9412086546" role="platform"/>
  <member type="node" ref="9412086544" role="platform"/>
  <member type="node" ref="9412086542" role="platform"/>
  <member type="node" ref="9412086540" role="platform"/>
  <member type="node" ref="9412086538" role="platform"/>
  <member type="node" ref="9412086536" role="platform"/>
  <member type="node" ref="9412086534" role="platform"/>
  <member type="node" ref="9412086346" role="platform"/>
  <member type="node" ref="9412086515" role="platform"/>
  <member type="node" ref="9412086532" role="platform"/>
  <member type="node" ref="9412086530" role="platform"/>
  <member type="node" ref="9412086513" role="platform"/>
  <member type="node" ref="9412086517" role="platform"/>
  <member type="node" ref="9412086518" role="platform"/>
  <member type="node" ref="9412086521" role="platform"/>
  <member type="node" ref="9412086511" role="platform"/>
  <member type="node" ref="9412086509" role="platform"/>
  <member type="node" ref="9412086507" role="platform"/>
  <member type="node" ref="9412086505" role="platform"/>
  <member type="node" ref="9412086503" role="platform"/>
  <member type="node" ref="9412086500" role="platform"/>
  <member type="node" ref="9412086498" role="platform"/>
  <member type="node" ref="9412086496" role="platform"/>
  <member type="node" ref="9412086494" role="platform"/>
  <member type="node" ref="9412086493" role="platform"/>
  <member type="way" ref="357194915" role=""/>
  <member type="way" ref="357194913" role=""/>
  <member type="way" ref="957733672" role=""/>
  <member type="way" ref="77178773" role=""/>
  <member type="way" ref="361731290" role=""/>
  <member type="way" ref="1420856717" role=""/>
  <member type="way" ref="1122925019" role=""/>
  <member type="way" ref="361731281" role=""/>
  <member type="way" ref="361731282" role=""/>
  <member type="way" ref="361731280" role=""/>
  <member type="way" ref="119986970" role=""/>
  <member type="way" ref="710577835" role=""/>
  <member type="way" ref="1163757171" role=""/>
  <member type="way" ref="710577834" role=""/>
  <member type="way" ref="710577831" role=""/>
  <member type="way" ref="710577830" role=""/>
  <member type="way" ref="119885470" role=""/>
  <member type="way" ref="119886915" role=""/>
  <member type="way" ref="535381131" role=""/>
  <member type="way" ref="535381134" role=""/>
  <member type="way" ref="289348800" role=""/>
  <member type="way" ref="289348803" role=""/>
  <member type="way" ref="289348808" role=""/>
  <member type="way" ref="289348798" role=""/>
  <member type="way" ref="289348809" role=""/>
  <member type="way" ref="1315033214" role=""/>
  <member type="way" ref="289348802" role=""/>
  <member type="way" ref="1420101860" role=""/>
  <member type="way" ref="289348826" role=""/>
  <member type="way" ref="119887013" role=""/>
  <member type="way" ref="552482886" role=""/>
  <member type="way" ref="546317412" role=""/>
  <member type="way" ref="119885290" role=""/>
  <member type="way" ref="119887419" role=""/>
  <member type="way" ref="1163757165" role=""/>
  <member type="way" ref="1163757164" role=""/>
  <member type="way" ref="119887419" role=""/>
  <member type="way" ref="119887566" role=""/>
  <member type="way" ref="119886474" role=""/>
  <member type="way" ref="119888061" role=""/>
  <member type="way" ref="119886880" role=""/>
  <member type="way" ref="119885817" role=""/>
  <member type="way" ref="957726378" role=""/>
  <member type="way" ref="119879058" role=""/>
  <member type="way" ref="1036697530" role=""/>
  <member type="way" ref="1036697526" role=""/>
  <member type="way" ref="1036697532" role=""/>
  <member type="way" ref="1394161504" role=""/>
  <member type="way" ref="1036697531" role=""/>
  <member type="way" ref="1163757161" role=""/>
  <member type="way" ref="1036697528" role=""/>
  <member type="way" ref="1036697526" role=""/>
  <member type="way" ref="119878523" role=""/>
  <member type="way" ref="1036697523" role=""/>
  <member type="way" ref="119879037" role=""/>
  <member type="way" ref="119885215" role=""/>
  <member type="way" ref="1161949597" role=""/>
  <member type="way" ref="1427055400" role=""/>
  <member type="way" ref="119885217" role=""/>
  <member type="way" ref="119888475" role=""/>
  <member type="way" ref="119887315" role=""/>
  <member type="way" ref="119886472" role=""/>
  <member type="way" ref="119885381" role=""/>
  <member type="way" ref="119887360" role=""/>
  <member type="way" ref="119887402" role=""/>
  <member type="way" ref="283108776" role=""/>
  <member type="way" ref="283108775" role=""/>
  <member type="way" ref="1163761251" role=""/>
  <member type="way" ref="1163761254" role=""/>
  <tag k="duration" v="00:56:00"/>
  <tag k="from" v="防府駅前"/>
  <tag k="gtfs:route_id" v="2229846746"/>
  <tag k="gtfs:shape_id" v="40000760"/>
  <tag k="name" v="Bus: 防府駅前→ゆめタウン山口→山口大学"/>
  <tag k="network" v="防長線"/>
  <tag k="opening_hours" v="Mo-Fr 19:50-21:31; Sa-Su 18:40-21:31"/>
  <tag k="operator" v="中国ジェイアールバス"/>
  <tag k="operator:en" v="Chugoku JR Bus"/>
  <tag k="public_transport:version" v="2"/>
  <tag k="route" v="bus"/>
  <tag k="to" v="山口大学"/>
  <tag k="type" v="route"/>
  <tag k="via" v="ゆめタウン山口"/>
 </relation>
 <relation id="15742097" visible="true" version="18" changeset="178047391" timestamp="2026-02-03T12:01:21Z" user="setowalker" uid="21720421">
  <member type="node" ref="9412086493" role="platform"/>
  <member type="node" ref="9412086492" role="platform"/>
  <member type="node" ref="9412086495" role="platform"/>
  <member type="node" ref="9412086497" role="platform"/>
  <member type="node" ref="9412086499" role="platform"/>
  <member type="node" ref="9412086502" role="platform"/>
  <member type="node" ref="9412086504" role="platform"/>
  <member type="node" ref="9412086506" role="platform"/>
  <member type="node" ref="9412086508" role="platform"/>
  <member type="node" ref="9412086510" role="platform"/>
  <member type="node" ref="9412086491" role="platform"/>
  <member type="node" ref="9412086520" role="platform"/>
  <member type="node" ref="9412086519" role="platform"/>
  <member type="node" ref="9412086516" role="platform"/>
  <member type="node" ref="9412086514" role="platform"/>
  <member type="node" ref="9412086531" role="platform"/>
  <member type="node" ref="9412086533" role="platform"/>
  <member type="node" ref="9412086515" role="platform"/>
  <member type="node" ref="9412086535" role="platform"/>
  <member type="node" ref="9412086537" role="platform"/>
  <member type="node" ref="9412086539" role="platform"/>
  <member type="node" ref="9412086541" role="platform"/>
  <member type="node" ref="9412086543" role="platform"/>
  <member type="node" ref="9412086545" role="platform"/>
  <member type="node" ref="9412086547" role="platform"/>
  <member type="node" ref="9412086549" role="platform"/>
  <member type="node" ref="9412086551" role="platform"/>
  <member type="node" ref="9412086553" role="platform"/>
  <member type="node" ref="9412086555" role="platform"/>
  <member type="node" ref="9412086557" role="platform"/>
  <member type="node" ref="9412086559" role="platform"/>
  <member type="node" ref="9412086561" role="platform"/>
  <member type="node" ref="9412086563" role="platform"/>
  <member type="node" ref="9412086565" role="platform"/>
  <member type="node" ref="9412086567" role="platform"/>
  <member type="node" ref="9412086569" role="platform"/>
  <member type="node" ref="9412086571" role="platform"/>
  <member type="way" ref="119885969" role=""/>
  <member type="way" ref="119887402" role=""/>
  <member type="way" ref="119887360" role=""/>
  <member type="way" ref="119885381" role=""/>
  <member type="way" ref="119886472" role=""/>
  <member type="way" ref="119887315" role=""/>
  <member type="way" ref="119888475" role=""/>
  <member type="way" ref="119885217" role=""/>
  <member type="way" ref="1427055400" role=""/>
  <member type="way" ref="1161949597" role=""/>
  <member type="way" ref="119885215" role=""/>
  <member type="way" ref="119879037" role=""/>
  <member type="way" ref="1036697523" role=""/>
  <member type="way" ref="119878523" role=""/>
  <member type="way" ref="1036697526" role=""/>
  <member type="way" ref="1036697532" role=""/>
  <member type="way" ref="1394161504" role=""/>
  <member type="way" ref="1036697531" role=""/>
  <member type="way" ref="1036697527" role=""/>
  <member type="way" ref="119879058" role=""/>
  <member type="way" ref="957726378" role=""/>
  <member type="way" ref="119885817" role=""/>
  <member type="way" ref="119886880" role=""/>
  <member type="way" ref="119888061" role=""/>
  <member type="way" ref="119886474" role=""/>
  <member type="way" ref="119887566" role=""/>
  <member type="way" ref="119887419" role=""/>
  <member type="way" ref="1163757165" role=""/>
  <member type="way" ref="1163757164" role=""/>
  <member type="way" ref="119887419" role=""/>
  <member type="way" ref="119885290" role=""/>
  <member type="way" ref="546317412" role=""/>
  <member type="way" ref="407829907" role=""/>
  <member type="way" ref="1473855298" role=""/>
  <member type="way" ref="1473855299" role=""/>
  <member type="way" ref="139849495" role=""/>
  <member type="way" ref="1420101861" role=""/>
  <member type="way" ref="1315033215" role=""/>
  <member type="way" ref="289348758" role=""/>
  <member type="way" ref="289348773" role=""/>
  <member type="way" ref="289348780" role=""/>
  <member type="way" ref="289348769" role=""/>
  <member type="way" ref="289348772" role=""/>
  <member type="way" ref="535381133" role=""/>
  <member type="way" ref="535381132" role=""/>
  <member type="way" ref="289348757" role=""/>
  <member type="way" ref="42403292" role=""/>
  <member type="way" ref="289348828" role=""/>
  <member type="way" ref="710577832" role=""/>
  <member type="way" ref="710577833" role=""/>
  <member type="way" ref="1163757160" role=""/>
  <member type="way" ref="710577836" role=""/>
  <member type="way" ref="552730769" role=""/>
  <member type="way" ref="552730766" role=""/>
  <member type="way" ref="1315019735" role=""/>
  <member type="way" ref="361731287" role=""/>
  <member type="way" ref="1420856718" role=""/>
  <member type="way" ref="361731290" role=""/>
  <member type="way" ref="77178773" role=""/>
  <member type="way" ref="957733672" role=""/>
  <member type="way" ref="646777796" role=""/>
  <tag k="duration" v="00:56:00"/>
  <tag k="from" v="山口大学"/>
  <tag k="gtfs:route_id" v="2229846746"/>
  <tag k="gtfs:shape_id" v="40000769"/>
  <tag k="name" v="Bus: 山口大学→市民会館前→ゆめタウン山口→防府駅"/>
  <tag k="network" v="防長線"/>
  <tag k="opening_hours" v="Mo-Fr 06:40-07:38, 21:15-22:13; Sa-Su 06:40-07:36"/>
  <tag k="operator" v="中国ジェイアールバス"/>
  <tag k="operator:en" v="Chugoku JR Bus"/>
  <tag k="public_transport:version" v="2"/>
  <tag k="route" v="bus"/>
  <tag k="to" v="防府駅"/>
  <tag k="type" v="route"/>
  <tag k="via" v="市民会館前;ゆめタウン山口"/>
 </relation>
 <relation id="15742098" visible="true" version="17" changeset="172594622" timestamp="2025-09-29T06:10:24Z" user="taketaketake" uid="4757277">
  <member type="node" ref="9412086570" role="platform"/>
  <member type="node" ref="9412086568" role="platform"/>
  <member type="node" ref="9412086566" role="platform"/>
  <member type="node" ref="9412086564" role="platform"/>
  <member type="node" ref="9412086562" role="platform"/>
  <member type="node" ref="9412086560" role="platform"/>
  <member type="node" ref="9412086558" role="platform"/>
  <member type="node" ref="9412086556" role="platform"/>
  <member type="node" ref="9412086554" role="platform"/>
  <member type="node" ref="9412086552" role="platform"/>
  <member type="node" ref="9412086550" role="platform"/>
  <member type="node" ref="9412086548" role="platform"/>
  <member type="node" ref="9412086546" role="platform"/>
  <member type="node" ref="9412086544" role="platform"/>
  <member type="node" ref="9412086542" role="platform"/>
  <member type="node" ref="9412086540" role="platform"/>
  <member type="node" ref="9412086538" role="platform"/>
  <member type="node" ref="9412086536" role="platform"/>
  <member type="node" ref="9412086534" role="platform"/>
  <member type="node" ref="9412086346" role="platform"/>
  <member type="node" ref="9412086532" role="platform"/>
  <member type="node" ref="9412086530" role="platform"/>
  <member type="node" ref="9412086513" role="platform"/>
  <member type="node" ref="9412086517" role="platform"/>
  <member type="node" ref="9412086518" role="platform"/>
  <member type="node" ref="9412086521" role="platform"/>
  <member type="node" ref="9412086522" role="platform"/>
  <member type="node" ref="9412086525" role="platform"/>
  <member type="node" ref="9412086527" role="platform"/>
  <member type="node" ref="9412086511" role="platform"/>
  <member type="node" ref="9412086509" role="platform"/>
  <member type="node" ref="9412086507" role="platform"/>
  <member type="node" ref="9412086505" role="platform"/>
  <member type="node" ref="9412086503" role="platform"/>
  <member type="node" ref="9412086500" role="platform"/>
  <member type="node" ref="9412086498" role="platform"/>
  <member type="node" ref="9412086496" role="platform"/>
  <member type="node" ref="9412086494" role="platform"/>
  <member type="node" ref="9412086493" role="platform"/>
  <member type="way" ref="357194915" role=""/>
  <member type="way" ref="357194913" role=""/>
  <member type="way" ref="957733672" role=""/>
  <member type="way" ref="77178773" role=""/>
  <member type="way" ref="361731290" role=""/>
  <member type="way" ref="1420856717" role=""/>
  <member type="way" ref="1122925019" role=""/>
  <member type="way" ref="361731281" role=""/>
  <member type="way" ref="361731282" role=""/>
  <member type="way" ref="361731280" role=""/>
  <member type="way" ref="119986970" role=""/>
  <member type="way" ref="710577835" role=""/>
  <member type="way" ref="1163757171" role=""/>
  <member type="way" ref="710577834" role=""/>
  <member type="way" ref="710577831" role=""/>
  <member type="way" ref="710577830" role=""/>
  <member type="way" ref="119885470" role=""/>
  <member type="way" ref="119886915" role=""/>
  <member type="way" ref="535381131" role=""/>
  <member type="way" ref="535381134" role=""/>
  <member type="way" ref="289348800" role=""/>
  <member type="way" ref="289348803" role=""/>
  <member type="way" ref="289348808" role=""/>
  <member type="way" ref="289348798" role=""/>
  <member type="way" ref="289348809" role=""/>
  <member type="way" ref="1315033214" role=""/>
  <member type="way" ref="289348802" role=""/>
  <member type="way" ref="1420101860" role=""/>
  <member type="way" ref="289348826" role=""/>
  <member type="way" ref="119887013" role=""/>
  <member type="way" ref="552482886" role=""/>
  <member type="way" ref="546317412" role=""/>
  <member type="way" ref="119885290" role=""/>
  <member type="way" ref="119887566" role=""/>
  <member type="way" ref="119886474" role=""/>
  <member type="way" ref="119888061" role=""/>
  <member type="way" ref="119886880" role=""/>
  <member type="way" ref="119885817" role=""/>
  <member type="way" ref="957726378" role=""/>
  <member type="way" ref="119879058" role=""/>
  <member type="way" ref="1036697530" role=""/>
  <member type="way" ref="1036697526" role=""/>
  <member type="way" ref="1036697532" role=""/>
  <member type="way" ref="1394161504" role=""/>
  <member type="way" ref="1036697531" role=""/>
  <member type="way" ref="1163757161" role=""/>
  <member type="way" ref="1036697528" role=""/>
  <member type="way" ref="1036697526" role=""/>
  <member type="way" ref="119878523" role=""/>
  <member type="way" ref="517552886" role=""/>
  <member type="way" ref="119878656" role=""/>
  <member type="way" ref="1036697525" role=""/>
  <member type="way" ref="1036697534" role=""/>
  <member type="way" ref="1036697533" role=""/>
  <member type="way" ref="1036697512" role=""/>
  <member type="way" ref="1036697534" role=""/>
  <member type="way" ref="1036697525" role=""/>
  <member type="way" ref="119878656" role=""/>
  <member type="way" ref="1036697524" role=""/>
  <member type="way" ref="119879071" role=""/>
  <member type="way" ref="119887610" role=""/>
  <member type="way" ref="119888155" role=""/>
  <member type="way" ref="119879116" role=""/>
  <member type="way" ref="119879037" role=""/>
  <member type="way" ref="119885215" role=""/>
  <member type="way" ref="1161949597" role=""/>
  <member type="way" ref="1427055400" role=""/>
  <member type="way" ref="119885217" role=""/>
  <member type="way" ref="119888475" role=""/>
  <member type="way" ref="119887315" role=""/>
  <member type="way" ref="119886472" role=""/>
  <member type="way" ref="119885381" role=""/>
  <member type="way" ref="119887360" role=""/>
  <member type="way" ref="119887402" role=""/>
  <member type="way" ref="283108776" role=""/>
  <member type="way" ref="283108775" role=""/>
  <member type="way" ref="1163761251" role=""/>
  <member type="way" ref="1163761254" role=""/>
  <tag k="duration" v="01:03:00"/>
  <tag k="from" v="防府駅前"/>
  <tag k="gtfs:route_id" v="2229846746"/>
  <tag k="gtfs:shape_id" v="40000980"/>
  <tag k="name" v="Bus: 防府駅前→山口県庁前→山口大学"/>
  <tag k="network" v="防長線"/>
  <tag k="opening_hours" v="Mo-Fr 06:40-08:42; Sa-Su 07:00-08:33"/>
  <tag k="operator" v="中国ジェイアールバス"/>
  <tag k="operator:en" v="Chugoku JR Bus"/>
  <tag k="public_transport:version" v="2"/>
  <tag k="route" v="bus"/>
  <tag k="to" v="山口大学"/>
  <tag k="type" v="route"/>
  <tag k="via" v="山口県庁前"/>
 </relation>
 <relation id="15742099" visible="true" version="17" changeset="172594622" timestamp="2025-09-29T06:10:24Z" user="taketaketake" uid="4757277">
  <member type="node" ref="9412086570" role="platform"/>
  <member type="node" ref="9412086568" role="platform"/>
  <member type="node" ref="9412086566" role="platform"/>
  <member type="node" ref="9412086564" role="platform"/>
  <member type="node" ref="9412086562" role="platform"/>
  <member type="node" ref="9412086560" role="platform"/>
  <member type="node" ref="9412086558" role="platform"/>
  <member type="node" ref="9412086556" role="platform"/>
  <member type="node" ref="9412086554" role="platform"/>
  <member type="node" ref="9412086552" role="platform"/>
  <member type="node" ref="9412086550" role="platform"/>
  <member type="node" ref="9412086548" role="platform"/>
  <member type="node" ref="9412086546" role="platform"/>
  <member type="node" ref="9412086544" role="platform"/>
  <member type="node" ref="9412086542" role="platform"/>
  <member type="node" ref="9412086540" role="platform"/>
  <member type="node" ref="9412086538" role="platform"/>
  <member type="node" ref="9412086536" role="platform"/>
  <member type="node" ref="9412086534" role="platform"/>
  <member type="node" ref="9412086346" role="platform"/>
  <member type="node" ref="9412086532" role="platform"/>
  <member type="node" ref="9412086530" role="platform"/>
  <member type="node" ref="9412086513" role="platform"/>
  <member type="node" ref="9412086517" role="platform"/>
  <member type="node" ref="9412086518" role="platform"/>
  <member type="node" ref="9412086521" role="platform"/>
  <member type="node" ref="9412086511" role="platform"/>
  <member type="node" ref="9412086509" role="platform"/>
  <member type="node" ref="9412086507" role="platform"/>
  <member type="node" ref="9412086505" role="platform"/>
  <member type="node" ref="9412086503" role="platform"/>
  <member type="node" ref="9412086500" role="platform"/>
  <member type="node" ref="9412086498" role="platform"/>
  <member type="node" ref="9412086496" role="platform"/>
  <member type="node" ref="9412086494" role="platform"/>
  <member type="node" ref="9412086493" role="platform"/>
  <member type="way" ref="357194915" role=""/>
  <member type="way" ref="357194913" role=""/>
  <member type="way" ref="957733672" role=""/>
  <member type="way" ref="77178773" role=""/>
  <member type="way" ref="361731290" role=""/>
  <member type="way" ref="1420856717" role=""/>
  <member type="way" ref="1122925019" role=""/>
  <member type="way" ref="361731281" role=""/>
  <member type="way" ref="361731282" role=""/>
  <member type="way" ref="361731280" role=""/>
  <member type="way" ref="119986970" role=""/>
  <member type="way" ref="710577835" role=""/>
  <member type="way" ref="1163757171" role=""/>
  <member type="way" ref="710577834" role=""/>
  <member type="way" ref="710577831" role=""/>
  <member type="way" ref="710577830" role=""/>
  <member type="way" ref="119885470" role=""/>
  <member type="way" ref="119886915" role=""/>
  <member type="way" ref="535381131" role=""/>
  <member type="way" ref="535381134" role=""/>
  <member type="way" ref="289348800" role=""/>
  <member type="way" ref="289348803" role=""/>
  <member type="way" ref="289348808" role=""/>
  <member type="way" ref="289348798" role=""/>
  <member type="way" ref="289348809" role=""/>
  <member type="way" ref="1315033214" role=""/>
  <member type="way" ref="289348802" role=""/>
  <member type="way" ref="1420101860" role=""/>
  <member type="way" ref="289348826" role=""/>
  <member type="way" ref="119887013" role=""/>
  <member type="way" ref="552482886" role=""/>
  <member type="way" ref="546317412" role=""/>
  <member type="way" ref="119885290" role=""/>
  <member type="way" ref="119887566" role=""/>
  <member type="way" ref="119886474" role=""/>
  <member type="way" ref="119888061" role=""/>
  <member type="way" ref="119886880" role=""/>
  <member type="way" ref="119885817" role=""/>
  <member type="way" ref="957726378" role=""/>
  <member type="way" ref="119879058" role=""/>
  <member type="way" ref="1036697530" role=""/>
  <member type="way" ref="1036697526" role=""/>
  <member type="way" ref="1036697532" role=""/>
  <member type="way" ref="1394161504" role=""/>
  <member type="way" ref="1036697531" role=""/>
  <member type="way" ref="1163757161" role=""/>
  <member type="way" ref="1036697528" role=""/>
  <member type="way" ref="1036697526" role=""/>
  <member type="way" ref="119878523" role=""/>
  <member type="way" ref="1036697523" role=""/>
  <member type="way" ref="119879037" role=""/>
  <member type="way" ref="119885215" role=""/>
  <member type="way" ref="1161949597" role=""/>
  <member type="way" ref="1427055400" role=""/>
  <member type="way" ref="119885217" role=""/>
  <member type="way" ref="119888475" role=""/>
  <member type="way" ref="119887315" role=""/>
  <member type="way" ref="119886472" role=""/>
  <member type="way" ref="119885381" role=""/>
  <member type="way" ref="119887360" role=""/>
  <member type="way" ref="119887402" role=""/>
  <member type="way" ref="283108776" role=""/>
  <member type="way" ref="283108775" role=""/>
  <member type="way" ref="1163761251" role=""/>
  <member type="way" ref="1163761254" role=""/>
  <tag k="duration" v="00:55:00"/>
  <tag k="from" v="防府駅前"/>
  <tag k="gtfs:route_id" v="2229846746"/>
  <tag k="gtfs:shape_id" v="40001010"/>
  <tag k="name" v="Bus: 防府駅前→山口大学"/>
  <tag k="network" v="防長線"/>
  <tag k="opening_hours" v="Mo-Fr 06:20-07:15"/>
  <tag k="operator" v="中国ジェイアールバス"/>
  <tag k="operator:en" v="Chugoku JR Bus"/>
  <tag k="public_transport:version" v="2"/>
  <tag k="route" v="bus"/>
  <tag k="to" v="山口大学"/>
  <tag k="type" v="route"/>
 </relation>
 <relation id="15742100" visible="true" version="17" changeset="172594622" timestamp="2025-09-29T06:10:24Z" user="taketaketake" uid="4757277">
  <member type="node" ref="9412086570" role="platform"/>
  <member type="node" ref="9412086568" role="platform"/>
  <member type="node" ref="9412086566" role="platform"/>
  <member type="node" ref="9412086564" role="platform"/>
  <member type="node" ref="9412086562" role="platform"/>
  <member type="node" ref="9412086560" role="platform"/>
  <member type="node" ref="9412086558" role="platform"/>
  <member type="node" ref="9412086556" role="platform"/>
  <member type="node" ref="9412086554" role="platform"/>
  <member type="node" ref="9412086552" role="platform"/>
  <member type="node" ref="9412086550" role="platform"/>
  <member type="node" ref="9412086548" role="platform"/>
  <member type="node" ref="9412086546" role="platform"/>
  <member type="node" ref="9412086544" role="platform"/>
  <member type="node" ref="9412086542" role="platform"/>
  <member type="node" ref="9412086540" role="platform"/>
  <member type="node" ref="9412086538" role="platform"/>
  <member type="node" ref="9412086536" role="platform"/>
  <member type="node" ref="9412086534" role="platform"/>
  <member type="node" ref="9412086346" role="platform"/>
  <member type="node" ref="9412086515" role="platform"/>
  <member type="node" ref="9412086532" role="platform"/>
  <member type="node" ref="9412086530" role="platform"/>
  <member type="node" ref="9412086513" role="platform"/>
  <member type="node" ref="9412086517" role="platform"/>
  <member type="node" ref="9412086518" role="platform"/>
  <member type="node" ref="9412086521" role="platform"/>
  <member type="node" ref="9412086522" role="platform"/>
  <member type="node" ref="9412086525" role="platform"/>
  <member type="node" ref="9412086527" role="platform"/>
  <member type="node" ref="9412086511" role="platform"/>
  <member type="node" ref="9412086509" role="platform"/>
  <member type="node" ref="9412086507" role="platform"/>
  <member type="node" ref="9412086505" role="platform"/>
  <member type="node" ref="9412086503" role="platform"/>
  <member type="node" ref="9412086500" role="platform"/>
  <member type="node" ref="9412086498" role="platform"/>
  <member type="node" ref="9412086496" role="platform"/>
  <member type="node" ref="9412086494" role="platform"/>
  <member type="node" ref="9412086493" role="platform"/>
  <member type="way" ref="357194915" role=""/>
  <member type="way" ref="357194913" role=""/>
  <member type="way" ref="957733672" role=""/>
  <member type="way" ref="77178773" role=""/>
  <member type="way" ref="361731290" role=""/>
  <member type="way" ref="1420856717" role=""/>
  <member type="way" ref="1122925019" role=""/>
  <member type="way" ref="361731281" role=""/>
  <member type="way" ref="361731282" role=""/>
  <member type="way" ref="361731280" role=""/>
  <member type="way" ref="119986970" role=""/>
  <member type="way" ref="710577835" role=""/>
  <member type="way" ref="1163757171" role=""/>
  <member type="way" ref="710577834" role=""/>
  <member type="way" ref="710577831" role=""/>
  <member type="way" ref="710577830" role=""/>
  <member type="way" ref="119885470" role=""/>
  <member type="way" ref="119886915" role=""/>
  <member type="way" ref="535381131" role=""/>
  <member type="way" ref="535381134" role=""/>
  <member type="way" ref="289348800" role=""/>
  <member type="way" ref="289348803" role=""/>
  <member type="way" ref="289348808" role=""/>
  <member type="way" ref="289348798" role=""/>
  <member type="way" ref="289348809" role=""/>
  <member type="way" ref="1315033214" role=""/>
  <member type="way" ref="289348802" role=""/>
  <member type="way" ref="1420101860" role=""/>
  <member type="way" ref="289348826" role=""/>
  <member type="way" ref="119887013" role=""/>
  <member type="way" ref="552482886" role=""/>
  <member type="way" ref="546317412" role=""/>
  <member type="way" ref="119885290" role=""/>
  <member type="way" ref="119887419" role=""/>
  <member type="way" ref="1163757165" role=""/>
  <member type="way" ref="1163757164" role=""/>
  <member type="way" ref="119887419" role=""/>
  <member type="way" ref="119887566" role=""/>
  <member type="way" ref="119886474" role=""/>
  <member type="way" ref="119888061" role=""/>
  <member type="way" ref="119886880" role=""/>
  <member type="way" ref="119885817" role=""/>
  <member type="way" ref="957726378" role=""/>
  <member type="way" ref="119879058" role=""/>
  <member type="way" ref="1036697530" role=""/>
  <member type="way" ref="1036697526" role=""/>
  <member type="way" ref="1036697532" role=""/>
  <member type="way" ref="1394161504" role=""/>
  <member type="way" ref="1036697531" role=""/>
  <member type="way" ref="1163757161" role=""/>
  <member type="way" ref="1036697528" role=""/>
  <member type="way" ref="1036697526" role=""/>
  <member type="way" ref="119878523" role=""/>
  <member type="way" ref="517552886" role=""/>
  <member type="way" ref="119878656" role=""/>
  <member type="way" ref="1036697525" role=""/>
  <member type="way" ref="1036697534" role=""/>
  <member type="way" ref="1036697533" role=""/>
  <member type="way" ref="1036697512" role=""/>
  <member type="way" ref="1036697534" role=""/>
  <member type="way" ref="1036697525" role=""/>
  <member type="way" ref="119878656" role=""/>
  <member type="way" ref="1036697524" role=""/>
  <member type="way" ref="119879071" role=""/>
  <member type="way" ref="119887610" role=""/>
  <member type="way" ref="119888155" role=""/>
  <member type="way" ref="119879116" role=""/>
  <member type="way" ref="119879037" role=""/>
  <member type="way" ref="119885215" role=""/>
  <member type="way" ref="1161949597" role=""/>
  <member type="way" ref="1427055400" role=""/>
  <member type="way" ref="119885217" role=""/>
  <member type="way" ref="119888475" role=""/>
  <member type="way" ref="119887315" role=""/>
  <member type="way" ref="119886472" role=""/>
  <member type="way" ref="119885381" role=""/>
  <member type="way" ref="119887360" role=""/>
  <member type="way" ref="119887402" role=""/>
  <member type="way" ref="283108776" role=""/>
  <member type="way" ref="283108775" role=""/>
  <member type="way" ref="1163761251" role=""/>
  <member type="way" ref="1163761254" role=""/>
  <tag k="duration" v="01:07:00"/>
  <tag k="from" v="防府駅前"/>
  <tag k="gtfs:route_id" v="2229846746"/>
  <tag k="gtfs:shape_id" v="40001090"/>
  <tag k="name" v="Bus: 防府駅前→ゆめタウン山口→山口県庁前→山口大学"/>
  <tag k="network" v="防長線"/>
  <tag k="opening_hours" v="Mo-Fr 08:00-19:49; Sa-Su 08:00-19:11"/>
  <tag k="operator" v="中国ジェイアールバス"/>
  <tag k="operator:en" v="Chugoku JR Bus"/>
  <tag k="public_transport:version" v="2"/>
  <tag k="route" v="bus"/>
  <tag k="to" v="山口大学"/>
  <tag k="type" v="route"/>
  <tag k="via" v="ゆめタウン山口;山口県庁前"/>
 </relation>
 <relation id="15742101" visible="true" version="18" changeset="178047391" timestamp="2026-02-03T12:01:21Z" user="setowalker" uid="21720421">
  <member type="node" ref="9412086493" role="platform"/>
  <member type="node" ref="9412086492" role="platform"/>
  <member type="node" ref="9412086495" role="platform"/>
  <member type="node" ref="9412086497" role="platform"/>
  <member type="node" ref="9412086499" role="platform"/>
  <member type="node" ref="9412086502" role="platform"/>
  <member type="node" ref="9412086504" role="platform"/>
  <member type="node" ref="9412086506" role="platform"/>
  <member type="node" ref="9412086508" role="platform"/>
  <member type="node" ref="9412086510" role="platform"/>
  <member type="node" ref="9412086512" role="platform"/>
  <member type="node" ref="9412086528" role="platform"/>
  <member type="node" ref="9412086526" role="platform"/>
  <member type="node" ref="9412086523" role="platform"/>
  <member type="node" ref="9412086520" role="platform"/>
  <member type="node" ref="9412086519" role="platform"/>
  <member type="node" ref="9412086516" role="platform"/>
  <member type="node" ref="9412086514" role="platform"/>
  <member type="node" ref="9412086531" role="platform"/>
  <member type="node" ref="9412086533" role="platform"/>
  <member type="node" ref="9412086515" role="platform"/>
  <member type="node" ref="9412086535" role="platform"/>
  <member type="node" ref="9412086537" role="platform"/>
  <member type="node" ref="9412086539" role="platform"/>
  <member type="node" ref="9412086541" role="platform"/>
  <member type="node" ref="9412086543" role="platform"/>
  <member type="node" ref="9412086545" role="platform"/>
  <member type="node" ref="9412086547" role="platform"/>
  <member type="node" ref="9412086549" role="platform"/>
  <member type="node" ref="9412086551" role="platform"/>
  <member type="node" ref="9412086553" role="platform"/>
  <member type="node" ref="9412086555" role="platform"/>
  <member type="node" ref="9412086557" role="platform"/>
  <member type="node" ref="9412086559" role="platform"/>
  <member type="node" ref="9412086561" role="platform"/>
  <member type="node" ref="9412086563" role="platform"/>
  <member type="node" ref="9412086565" role="platform"/>
  <member type="node" ref="9412086567" role="platform"/>
  <member type="node" ref="9412086569" role="platform"/>
  <member type="node" ref="9412086571" role="platform"/>
  <member type="way" ref="119885969" role=""/>
  <member type="way" ref="119887402" role=""/>
  <member type="way" ref="119887360" role=""/>
  <member type="way" ref="119885381" role=""/>
  <member type="way" ref="119886472" role=""/>
  <member type="way" ref="119887315" role=""/>
  <member type="way" ref="119888475" role=""/>
  <member type="way" ref="119885217" role=""/>
  <member type="way" ref="1427055400" role=""/>
  <member type="way" ref="1161949597" role=""/>
  <member type="way" ref="119885215" role=""/>
  <member type="way" ref="119879037" role=""/>
  <member type="way" ref="119879116" role=""/>
  <member type="way" ref="119888155" role=""/>
  <member type="way" ref="119887610" role=""/>
  <member type="way" ref="119879071" role=""/>
  <member type="way" ref="1036697511" role=""/>
  <member type="way" ref="1036697510" role=""/>
  <member type="way" ref="1036697514" role=""/>
  <member type="way" ref="1036697512" role=""/>
  <member type="way" ref="1036697534" role=""/>
  <member type="way" ref="1036697525" role=""/>
  <member type="way" ref="119878656" role=""/>
  <member type="way" ref="119878549" role=""/>
  <member type="way" ref="119878523" role=""/>
  <member type="way" ref="1036697526" role=""/>
  <member type="way" ref="1036697532" role=""/>
  <member type="way" ref="1394161504" role=""/>
  <member type="way" ref="1036697531" role=""/>
  <member type="way" ref="1036697527" role=""/>
  <member type="way" ref="119879058" role=""/>
  <member type="way" ref="957726378" role=""/>
  <member type="way" ref="119885817" role=""/>
  <member type="way" ref="119886880" role=""/>
  <member type="way" ref="119888061" role=""/>
  <member type="way" ref="119886474" role=""/>
  <member type="way" ref="119887566" role=""/>
  <member type="way" ref="119887419" role=""/>
  <member type="way" ref="1163757165" role=""/>
  <member type="way" ref="1163757164" role=""/>
  <member type="way" ref="119887419" role=""/>
  <member type="way" ref="119885290" role=""/>
  <member type="way" ref="546317412" role=""/>
  <member type="way" ref="407829907" role=""/>
  <member type="way" ref="1473855298" role=""/>
  <member type="way" ref="1473855299" role=""/>
  <member type="way" ref="139849495" role=""/>
  <member type="way" ref="1420101861" role=""/>
  <member type="way" ref="1315033215" role=""/>
  <member type="way" ref="289348758" role=""/>
  <member type="way" ref="289348773" role=""/>
  <member type="way" ref="289348780" role=""/>
  <member type="way" ref="289348769" role=""/>
  <member type="way" ref="289348772" role=""/>
  <member type="way" ref="535381133" role=""/>
  <member type="way" ref="535381132" role=""/>
  <member type="way" ref="289348757" role=""/>
  <member type="way" ref="42403292" role=""/>
  <member type="way" ref="289348828" role=""/>
  <member type="way" ref="710577832" role=""/>
  <member type="way" ref="710577833" role=""/>
  <member type="way" ref="1163757160" role=""/>
  <member type="way" ref="710577836" role=""/>
  <member type="way" ref="552730769" role=""/>
  <member type="way" ref="552730766" role=""/>
  <member type="way" ref="1315019735" role=""/>
  <member type="way" ref="361731287" role=""/>
  <member type="way" ref="1420856718" role=""/>
  <member type="way" ref="361731290" role=""/>
  <member type="way" ref="77178773" role=""/>
  <member type="way" ref="957733672" role=""/>
  <member type="way" ref="646777796" role=""/>
  <tag k="duration" v="01:12:00"/>
  <tag k="from" v="山口大学"/>
  <tag k="gtfs:route_id" v="2229846746"/>
  <tag k="gtfs:shape_id" v="40001099"/>
  <tag k="name" v="Bus: 山口大学→山口県庁前→ゆめタウン山口→防府駅"/>
  <tag k="network" v="防長線"/>
  <tag k="opening_hours" v="Mo-Fr 06:55-20:40; Sa-Su 06:55-19:42"/>
  <tag k="operator" v="中国ジェイアールバス"/>
  <tag k="operator:en" v="Chugoku JR Bus"/>
  <tag k="public_transport:version" v="2"/>
  <tag k="route" v="bus"/>
  <tag k="to" v="防府駅"/>
  <tag k="type" v="route"/>
  <tag k="via" v="山口県庁前;ゆめタウン山口"/>
 </relation>
 <relation id="15742102" visible="true" version="18" changeset="172594622" timestamp="2025-09-29T06:10:24Z" user="taketaketake" uid="4757277">
  <member type="node" ref="9412086570" role="platform"/>
  <member type="node" ref="9412086568" role="platform"/>
  <member type="node" ref="9412086566" role="platform"/>
  <member type="node" ref="9412086564" role="platform"/>
  <member type="node" ref="9412086562" role="platform"/>
  <member type="node" ref="9412086342" role="platform"/>
  <member type="node" ref="9412086340" role="platform"/>
  <member type="node" ref="9412086337" role="platform"/>
  <member type="node" ref="9412086339" role="platform"/>
  <member type="node" ref="9412086341" role="platform"/>
  <member type="node" ref="9412086560" role="platform"/>
  <member type="node" ref="9412086558" role="platform"/>
  <member type="node" ref="9412086556" role="platform"/>
  <member type="node" ref="9412086554" role="platform"/>
  <member type="node" ref="9412086552" role="platform"/>
  <member type="node" ref="9412086550" role="platform"/>
  <member type="node" ref="9412086548" role="platform"/>
  <member type="node" ref="9412086546" role="platform"/>
  <member type="node" ref="9412086544" role="platform"/>
  <member type="node" ref="9412086542" role="platform"/>
  <member type="node" ref="9412086540" role="platform"/>
  <member type="node" ref="9412086538" role="platform"/>
  <member type="node" ref="9412086536" role="platform"/>
  <member type="node" ref="9412086534" role="platform"/>
  <member type="node" ref="9412086346" role="platform"/>
  <member type="node" ref="9412086515" role="platform"/>
  <member type="node" ref="9412086532" role="platform"/>
  <member type="node" ref="9412086530" role="platform"/>
  <member type="node" ref="9412086513" role="platform"/>
  <member type="node" ref="9412086517" role="platform"/>
  <member type="node" ref="9412086518" role="platform"/>
  <member type="node" ref="9412086521" role="platform"/>
  <member type="node" ref="9412086522" role="platform"/>
  <member type="node" ref="9412086525" role="platform"/>
  <member type="node" ref="9412086527" role="platform"/>
  <member type="node" ref="9412086511" role="platform"/>
  <member type="node" ref="9412086509" role="platform"/>
  <member type="node" ref="9412086507" role="platform"/>
  <member type="node" ref="9412086505" role="platform"/>
  <member type="node" ref="9412086503" role="platform"/>
  <member type="node" ref="9412086500" role="platform"/>
  <member type="node" ref="9412086498" role="platform"/>
  <member type="node" ref="9412086496" role="platform"/>
  <member type="node" ref="9412086494" role="platform"/>
  <member type="node" ref="9412086493" role="platform"/>
  <member type="way" ref="357194915" role=""/>
  <member type="way" ref="357194913" role=""/>
  <member type="way" ref="957733672" role=""/>
  <member type="way" ref="77178773" role=""/>
  <member type="way" ref="361731290" role=""/>
  <member type="way" ref="1420856717" role=""/>
  <member type="way" ref="1122925019" role=""/>
  <member type="way" ref="361731281" role=""/>
  <member type="way" ref="361731282" role=""/>
  <member type="way" ref="361731280" role=""/>
  <member type="way" ref="119986970" role=""/>
  <member type="way" ref="710577835" role=""/>
  <member type="way" ref="1163757171" role=""/>
  <member type="way" ref="119986480" role=""/>
  <member type="way" ref="1163757168" role=""/>
  <member type="way" ref="1163757169" role=""/>
  <member type="way" ref="1163757168" role=""/>
  <member type="way" ref="119986480" role=""/>
  <member type="way" ref="710577834" role=""/>
  <member type="way" ref="710577831" role=""/>
  <member type="way" ref="710577830" role=""/>
  <member type="way" ref="119885470" role=""/>
  <member type="way" ref="119886915" role=""/>
  <member type="way" ref="535381131" role=""/>
  <member type="way" ref="535381134" role=""/>
  <member type="way" ref="289348800" role=""/>
  <member type="way" ref="289348803" role=""/>
  <member type="way" ref="289348808" role=""/>
  <member type="way" ref="289348798" role=""/>
  <member type="way" ref="289348809" role=""/>
  <member type="way" ref="1315033214" role=""/>
  <member type="way" ref="289348802" role=""/>
  <member type="way" ref="1420101860" role=""/>
  <member type="way" ref="289348826" role=""/>
  <member type="way" ref="119887013" role=""/>
  <member type="way" ref="552482886" role=""/>
  <member type="way" ref="546317412" role=""/>
  <member type="way" ref="119885290" role=""/>
  <member type="way" ref="119887419" role=""/>
  <member type="way" ref="1163757165" role=""/>
  <member type="way" ref="1163757164" role=""/>
  <member type="way" ref="119887419" role=""/>
  <member type="way" ref="119887566" role=""/>
  <member type="way" ref="119886474" role=""/>
  <member type="way" ref="119888061" role=""/>
  <member type="way" ref="119886880" role=""/>
  <member type="way" ref="119885817" role=""/>
  <member type="way" ref="957726378" role=""/>
  <member type="way" ref="119879058" role=""/>
  <member type="way" ref="1036697530" role=""/>
  <member type="way" ref="1036697526" role=""/>
  <member type="way" ref="1036697532" role=""/>
  <member type="way" ref="1394161504" role=""/>
  <member type="way" ref="1036697531" role=""/>
  <member type="way" ref="1163757161" role=""/>
  <member type="way" ref="1036697528" role=""/>
  <member type="way" ref="1036697526" role=""/>
  <member type="way" ref="119878523" role=""/>
  <member type="way" ref="517552886" role=""/>
  <member type="way" ref="119878656" role=""/>
  <member type="way" ref="1036697525" role=""/>
  <member type="way" ref="1036697534" role=""/>
  <member type="way" ref="1036697533" role=""/>
  <member type="way" ref="1036697512" role=""/>
  <member type="way" ref="1036697534" role=""/>
  <member type="way" ref="1036697525" role=""/>
  <member type="way" ref="119878656" role=""/>
  <member type="way" ref="1036697524" role=""/>
  <member type="way" ref="119879071" role=""/>
  <member type="way" ref="119887610" role=""/>
  <member type="way" ref="119888155" role=""/>
  <member type="way" ref="119879116" role=""/>
  <member type="way" ref="119879037" role=""/>
  <member type="way" ref="119885215" role=""/>
  <member type="way" ref="1161949597" role=""/>
  <member type="way" ref="1427055400" role=""/>
  <member type="way" ref="119885217" role=""/>
  <member type="way" ref="119888475" role=""/>
  <member type="way" ref="119887315" role=""/>
  <member type="way" ref="119886472" role=""/>
  <member type="way" ref="119885381" role=""/>
  <member type="way" ref="119887360" role=""/>
  <member type="way" ref="119887402" role=""/>
  <member type="way" ref="283108776" role=""/>
  <member type="way" ref="283108775" role=""/>
  <member type="way" ref="1163761251" role=""/>
  <member type="way" ref="1163761254" role=""/>
  <tag k="duration" v="01:19:00"/>
  <tag k="from" v="防府駅前"/>
  <tag k="gtfs:route_id" v="2229846746"/>
  <tag k="gtfs:shape_id" v="40001350"/>
  <tag k="name" v="Bus: 防府駅前→総合医療センター前→ゆめタウン山口→山口県庁前→山口大学"/>
  <tag k="network" v="防長線"/>
  <tag k="opening_hours" v="Mo-Fr 10:35-20:25; Sa-Su 10:35-20:22"/>
  <tag k="operator" v="中国ジェイアールバス"/>
  <tag k="operator:en" v="Chugoku JR Bus"/>
  <tag k="public_transport:version" v="2"/>
  <tag k="route" v="bus"/>
  <tag k="to" v="山口大学"/>
  <tag k="type" v="route"/>
  <tag k="via" v="総合医療センター前;ゆめタウン山口;山口県庁前"/>
 </relation>
 <relation id="15742103" visible="true" version="19" changeset="178047391" timestamp="2026-02-03T12:01:21Z" user="setowalker" uid="21720421">
  <member type="node" ref="9412086493" role="platform"/>
  <member type="node" ref="9412086492" role="platform"/>
  <member type="node" ref="9412086495" role="platform"/>
  <member type="node" ref="9412086497" role="platform"/>
  <member type="node" ref="9412086499" role="platform"/>
  <member type="node" ref="9412086502" role="platform"/>
  <member type="node" ref="9412086504" role="platform"/>
  <member type="node" ref="9412086506" role="platform"/>
  <member type="node" ref="9412086508" role="platform"/>
  <member type="node" ref="9412086510" role="platform"/>
  <member type="node" ref="9412086512" role="platform"/>
  <member type="node" ref="9412086528" role="platform"/>
  <member type="node" ref="9412086526" role="platform"/>
  <member type="node" ref="9412086523" role="platform"/>
  <member type="node" ref="9412086520" role="platform"/>
  <member type="node" ref="9412086519" role="platform"/>
  <member type="node" ref="9412086516" role="platform"/>
  <member type="node" ref="9412086514" role="platform"/>
  <member type="node" ref="9412086531" role="platform"/>
  <member type="node" ref="9412086533" role="platform"/>
  <member type="node" ref="9412086515" role="platform"/>
  <member type="node" ref="9412086535" role="platform"/>
  <member type="node" ref="9412086537" role="platform"/>
  <member type="node" ref="9412086539" role="platform"/>
  <member type="node" ref="9412086541" role="platform"/>
  <member type="node" ref="9412086543" role="platform"/>
  <member type="node" ref="9412086545" role="platform"/>
  <member type="node" ref="9412086547" role="platform"/>
  <member type="node" ref="9412086549" role="platform"/>
  <member type="node" ref="9412086551" role="platform"/>
  <member type="node" ref="9412086553" role="platform"/>
  <member type="node" ref="9412086555" role="platform"/>
  <member type="node" ref="9412086557" role="platform"/>
  <member type="node" ref="9412086559" role="platform"/>
  <member type="node" ref="9412086561" role="platform"/>
  <member type="node" ref="9412086342" role="platform"/>
  <member type="node" ref="9412086340" role="platform"/>
  <member type="node" ref="9412086338" role="platform"/>
  <member type="node" ref="9412086339" role="platform"/>
  <member type="node" ref="9412086341" role="platform"/>
  <member type="node" ref="9412086563" role="platform"/>
  <member type="node" ref="9412086565" role="platform"/>
  <member type="node" ref="9412086567" role="platform"/>
  <member type="node" ref="9412086569" role="platform"/>
  <member type="node" ref="9412086571" role="platform"/>
  <member type="way" ref="119885969" role=""/>
  <member type="way" ref="119887402" role=""/>
  <member type="way" ref="119887360" role=""/>
  <member type="way" ref="119885381" role=""/>
  <member type="way" ref="119886472" role=""/>
  <member type="way" ref="119887315" role=""/>
  <member type="way" ref="119888475" role=""/>
  <member type="way" ref="119885217" role=""/>
  <member type="way" ref="1427055400" role=""/>
  <member type="way" ref="1161949597" role=""/>
  <member type="way" ref="119885215" role=""/>
  <member type="way" ref="119879037" role=""/>
  <member type="way" ref="119879116" role=""/>
  <member type="way" ref="119888155" role=""/>
  <member type="way" ref="119887610" role=""/>
  <member type="way" ref="119879071" role=""/>
  <member type="way" ref="1036697511" role=""/>
  <member type="way" ref="1036697510" role=""/>
  <member type="way" ref="1036697514" role=""/>
  <member type="way" ref="1036697512" role=""/>
  <member type="way" ref="1036697534" role=""/>
  <member type="way" ref="1036697525" role=""/>
  <member type="way" ref="119878656" role=""/>
  <member type="way" ref="119878549" role=""/>
  <member type="way" ref="119878523" role=""/>
  <member type="way" ref="1036697526" role=""/>
  <member type="way" ref="1036697532" role=""/>
  <member type="way" ref="1394161504" role=""/>
  <member type="way" ref="1036697531" role=""/>
  <member type="way" ref="1036697527" role=""/>
  <member type="way" ref="119879058" role=""/>
  <member type="way" ref="957726378" role=""/>
  <member type="way" ref="119885817" role=""/>
  <member type="way" ref="119886880" role=""/>
  <member type="way" ref="119888061" role=""/>
  <member type="way" ref="119886474" role=""/>
  <member type="way" ref="119887566" role=""/>
  <member type="way" ref="119887419" role=""/>
  <member type="way" ref="1163757165" role=""/>
  <member type="way" ref="1163757164" role=""/>
  <member type="way" ref="119887419" role=""/>
  <member type="way" ref="119885290" role=""/>
  <member type="way" ref="546317412" role=""/>
  <member type="way" ref="407829907" role=""/>
  <member type="way" ref="1473855298" role=""/>
  <member type="way" ref="1473855299" role=""/>
  <member type="way" ref="139849495" role=""/>
  <member type="way" ref="1420101861" role=""/>
  <member type="way" ref="1315033215" role=""/>
  <member type="way" ref="289348758" role=""/>
  <member type="way" ref="289348773" role=""/>
  <member type="way" ref="289348780" role=""/>
  <member type="way" ref="289348769" role=""/>
  <member type="way" ref="289348772" role=""/>
  <member type="way" ref="535381133" role=""/>
  <member type="way" ref="535381132" role=""/>
  <member type="way" ref="289348757" role=""/>
  <member type="way" ref="42403292" role=""/>
  <member type="way" ref="289348828" role=""/>
  <member type="way" ref="710577832" role=""/>
  <member type="way" ref="710577833" role=""/>
  <member type="way" ref="119990501" role=""/>
  <member type="way" ref="119986480" role=""/>
  <member type="way" ref="1163757168" role=""/>
  <member type="way" ref="1163757169" role=""/>
  <member type="way" ref="1163757168" role=""/>
  <member type="way" ref="119986480" role=""/>
  <member type="way" ref="119990501" role=""/>
  <member type="way" ref="1163757160" role=""/>
  <member type="way" ref="710577836" role=""/>
  <member type="way" ref="552730769" role=""/>
  <member type="way" ref="552730766" role=""/>
  <member type="way" ref="1315019735" role=""/>
  <member type="way" ref="361731287" role=""/>
  <member type="way" ref="1420856718" role=""/>
  <member type="way" ref="361731290" role=""/>
  <member type="way" ref="77178773" role=""/>
  <member type="way" ref="957733672" role=""/>
  <member type="way" ref="646777796" role=""/>
  <tag k="duration" v="01:13:00"/>
  <tag k="from" v="山口大学"/>
  <tag k="gtfs:route_id" v="2229846746"/>
  <tag k="gtfs:shape_id" v="40001359"/>
  <tag k="name" v="Bus: 山口大学→山口県庁前→ゆめタウン山口→総合医療センター前→防府駅"/>
  <tag k="network" v="防長線"/>
  <tag k="opening_hours" v="Mo-Fr 10:35-20:25; Sa-Su 08:15-10:15"/>
  <tag k="operator" v="中国ジェイアールバス"/>
  <tag k="operator:en" v="Chugoku JR Bus"/>
  <tag k="public_transport:version" v="2"/>
  <tag k="route" v="bus"/>
  <tag k="to" v="防府駅"/>
  <tag k="type" v="route"/>
  <tag k="via" v="山口県庁前;ゆめタウン山口;総合医療センター前"/>
 </relation>
 <relation id="15742104" visible="true" version="1" changeset="135081958" timestamp="2023-04-19T01:53:23Z" user="okadatsuneo_import" uid="12352917">
  <member type="relation" ref="15742103" role=""/>
  <member type="relation" ref="15742102" role=""/>
  <member type="relation" ref="15742101" role=""/>
  <member type="relation" ref="15742100" role=""/>
  <member type="relation" ref="15742099" role=""/>
  <member type="relation" ref="15742098" role=""/>
  <member type="relation" ref="15742097" role=""/>
  <member type="relation" ref="15742096" role=""/>
  <tag k="name" v="Bus: 防府駅前&lt;-&gt;山口大学"/>
  <tag k="network" v="防長線"/>
  <tag k="operator" v="中国ジェイアールバス"/>
  <tag k="operator:en" v="Chugoku JR Bus"/>
  <tag k="route_master" v="bus"/>
  <tag k="type" v="route_master"/>
 </relation>
 <relation id="16390470" visible="true" version="1" changeset="141847460" timestamp="2023-09-28T05:58:07Z" user="FallingPeppers" uid="19745387">
  <member type="way" ref="1211506211" role="outer"/>
  <member type="way" ref="1211506209" role="outer"/>
  <member type="way" ref="1211506213" role="outer"/>
  <member type="way" ref="1211506212" role="outer"/>
  <member type="node" ref="9218352733" role="label"/>
  <tag k="admin_level" v="10"/>
  <tag k="boundary" v="administrative"/>
  <tag k="name" v="本町１"/>
  <tag k="name:en" v="Honmachi 1"/>
  <tag k="type" v="boundary"/>
 </relation>
 <relation id="16390471" visible="true" version="2" changeset="141870883" timestamp="2023-09-28T15:58:35Z" user="FallingPeppers" uid="19745387">
  <member type="way" ref="1211506211" role="outer"/>
  <member type="way" ref="1211506209" role="outer"/>
  <member type="way" ref="1211502017" role="outer"/>
  <member type="way" ref="1211502012" role="outer"/>
  <member type="way" ref="1211506215" role="outer"/>
  <member type="way" ref="1211506214" role="outer"/>
  <member type="way" ref="1211506212" role="outer"/>
  <member type="relation" ref="16390470" role="subarea"/>
  <member type="relation" ref="16390469" role="subarea"/>
  <tag k="admin_level" v="9"/>
  <tag k="boundary" v="administrative"/>
  <tag k="name" v="本町"/>
  <tag k="name:en" v="Honmachi"/>
  <tag k="type" v="boundary"/>
 </relation>
 <relation id="16390472" visible="true" version="1" changeset="141847460" timestamp="2023-09-28T05:58:07Z" user="FallingPeppers" uid="19745387">
  <member type="node" ref="9218352758" role="label"/>
  <member type="way" ref="1211506223" role="outer"/>
  <member type="way" ref="1211506222" role="outer"/>
  <member type="way" ref="1211506221" role="outer"/>
  <member type="way" ref="1211506220" role="outer"/>
  <member type="way" ref="1211506219" role="outer"/>
  <member type="way" ref="1211506217" role="outer"/>
  <tag k="admin_level" v="10"/>
  <tag k="boundary" v="administrative"/>
  <tag k="name" v="中央１"/>
  <tag k="name:en" v="Chuo 1"/>
  <tag k="type" v="boundary"/>
 </relation>
 <relation id="16390473" visible="true" version="1" changeset="141847460" timestamp="2023-09-28T05:58:07Z" user="FallingPeppers" uid="19745387">
  <member type="way" ref="1211506218" role="outer"/>
  <member type="way" ref="1211506227" role="outer"/>
  <member type="way" ref="1211506226" role="outer"/>
  <member type="way" ref="1211506225" role="outer"/>
  <member type="way" ref="1211506224" role="outer"/>
  <member type="way" ref="1211506223" role="outer"/>
  <member type="node" ref="9218352757" role="label"/>
  <tag k="admin_level" v="10"/>
  <tag k="boundary" v="administrative"/>
  <tag k="name" v="中央２"/>
  <tag k="name:en" v="Chuo 2"/>
  <tag k="type" v="boundary"/>
 </relation>
 <relation id="16390474" visible="true" version="1" changeset="141847460" timestamp="2023-09-28T05:58:07Z" user="FallingPeppers" uid="19745387">
  <member type="node" ref="9218352755" role="label"/>
  <member type="way" ref="1211506230" role="outer"/>
  <member type="way" ref="1211506231" role="outer"/>
  <member type="way" ref="1211506206" role="outer"/>
  <member type="way" ref="1211506208" role="outer"/>
  <member type="way" ref="1211506228" role="outer"/>
  <member type="way" ref="1211506227" role="outer"/>
  <member type="way" ref="1211506229" role="outer"/>
  <tag k="admin_level" v="10"/>
  <tag k="boundary" v="administrative"/>
  <tag k="name" v="中央４"/>
  <tag k="name:en" v="Chuo 4"/>
  <tag k="type" v="boundary"/>
 </relation>
 <relation id="16390475" visible="true" version="3" changeset="179519431" timestamp="2026-03-08T06:05:24Z" user="FallingPeppers" uid="19745387">
  <member type="way" ref="1211506226" role="outer"/>
  <member type="way" ref="1211506225" role="outer"/>
  <member type="way" ref="1211506224" role="outer"/>
  <member type="way" ref="1211506222" role="outer"/>
  <member type="way" ref="1211506221" role="outer"/>
  <member type="way" ref="1211506220" role="outer"/>
  <member type="way" ref="1211506219" role="outer"/>
  <member type="way" ref="1211506216" role="outer"/>
  <member type="way" ref="1211506211" role="outer"/>
  <member type="way" ref="1211506209" role="outer"/>
  <member type="way" ref="1211502018" role="outer"/>
  <member type="way" ref="1211506202" role="outer"/>
  <member type="way" ref="1211506206" role="outer"/>
  <member type="way" ref="1211506231" role="outer"/>
  <member type="way" ref="1211506230" role="outer"/>
  <member type="way" ref="1211506229" role="outer"/>
  <member type="relation" ref="16390474" role="subarea"/>
  <member type="relation" ref="16390468" role="subarea"/>
  <member type="relation" ref="16393027" role="subarea"/>
  <member type="relation" ref="16390473" role="subarea"/>
  <member type="relation" ref="16390472" role="subarea"/>
  <tag k="admin_level" v="9"/>
  <tag k="boundary" v="administrative"/>
  <tag k="name" v="中央"/>
  <tag k="name:en" v="Chuo"/>
  <tag k="type" v="boundary"/>
 </relation>
 <relation id="16391476" visible="true" version="1" changeset="141861355" timestamp="2023-09-28T12:00:35Z" user="FallingPeppers" uid="19745387">
  <member type="way" ref="1211519976" role="outer"/>
  <member type="way" ref="1211519975" role="outer"/>
  <member type="way" ref="1211519977" role="outer"/>
  <member type="way" ref="1211506230" role="outer"/>
  <member type="node" ref="9218352764" role="label"/>
  <tag k="admin_level" v="10"/>
  <tag k="boundary" v="administrative"/>
  <tag k="name" v="白石２"/>
  <tag k="name:en" v="Shiraishi 2"/>
  <tag k="type" v="boundary"/>
 </relation>
 <relation id="16391477" visible="true" version="1" changeset="141861355" timestamp="2023-09-28T12:00:35Z" user="FallingPeppers" uid="19745387">
  <member type="way" ref="1211519973" role="outer"/>
  <member type="way" ref="1211506226" role="outer"/>
  <member type="way" ref="1211506229" role="outer"/>
  <member type="way" ref="1211519976" role="outer"/>
  <member type="way" ref="1211519974" role="outer"/>
  <member type="node" ref="9218352765" role="label"/>
  <tag k="admin_level" v="10"/>
  <tag k="boundary" v="administrative"/>
  <tag k="name" v="白石１"/>
  <tag k="name:en" v="Shiraishi 1"/>
  <tag k="type" v="boundary"/>
 </relation>
 <relation id="16391479" visible="true" version="1" changeset="141861355" timestamp="2023-09-28T12:00:35Z" user="FallingPeppers" uid="19745387">
  <member type="way" ref="1211519979" role="outer"/>
  <member type="way" ref="1211519972" role="outer"/>
  <member type="way" ref="1211519971" role="outer"/>
  <member type="way" ref="1211519973" role="outer"/>
  <member type="way" ref="1211506226" role="outer"/>
  <member type="way" ref="1211506229" role="outer"/>
  <member type="way" ref="1211506230" role="outer"/>
  <member type="way" ref="1211519977" role="outer"/>
  <member type="relation" ref="16391476" role="subarea"/>
  <member type="relation" ref="16391477" role="subarea"/>
  <member type="relation" ref="16391478" role="subarea"/>
  <tag k="admin_level" v="9"/>
  <tag k="boundary" v="administrative"/>
  <tag k="name" v="白石"/>
  <tag k="name:en" v="Shiraishi"/>
  <tag k="type" v="boundary"/>
 </relation>
 <relation id="16393027" visible="true" version="1" changeset="141870883" timestamp="2023-09-28T15:58:35Z" user="FallingPeppers" uid="19745387">
  <member type="way" ref="1211506211" role="outer"/>
  <member type="way" ref="1211506210" role="outer"/>
  <member type="way" ref="1211506228" role="outer"/>
  <member type="way" ref="1211506218" role="outer"/>
  <member type="way" ref="1211506217" role="outer"/>
  <member type="way" ref="1211506216" role="outer"/>
  <member type="node" ref="9218352756" role="label"/>
  <tag k="admin_level" v="10"/>
  <tag k="boundary" v="administrative"/>
  <tag k="name" v="中央３"/>
  <tag k="name:en" v="Chuo 3"/>
  <tag k="type" v="boundary"/>
 </relation>
 <relation id="19563808" visible="true" version="1" changeset="171438115" timestamp="2025-09-04T07:35:56Z" user="taketaketake" uid="4757277">
  <member type="way" ref="119878467" role=""/>
  <member type="way" ref="119878796" role=""/>
  <member type="way" ref="1036709690" role=""/>
  <member type="way" ref="119878679" role=""/>
  <member type="way" ref="119878779" role=""/>
  <member type="way" ref="1036709691" role=""/>
  <member type="way" ref="119878619" role=""/>
  <member type="way" ref="119878533" role=""/>
  <member type="way" ref="119878507" role=""/>
  <member type="way" ref="1036697523" role=""/>
  <member type="way" ref="119879037" role=""/>
  <member type="way" ref="119885215" role=""/>
  <member type="way" ref="1161949597" role=""/>
  <member type="way" ref="119885925" role=""/>
  <member type="way" ref="119886658" role=""/>
  <member type="way" ref="119886196" role=""/>
  <member type="way" ref="119887138" role=""/>
  <member type="way" ref="119885715" role=""/>
  <member type="way" ref="119888579" role=""/>
  <member type="way" ref="119885225" role=""/>
  <tag k="from" v="山口県山口市宮野下"/>
  <tag k="name" v="山口県道204号　宮野大歳線"/>
  <tag k="name:en" v="Yamaguchi Prefectural Route 204 Miyano Otoshi Line"/>
  <tag k="name:ja" v="山口県道204号　宮野大歳線"/>
  <tag k="name:ja-Hira" v="やまぐちけんどう204ごう みやのおおとしせん"/>
  <tag k="name:ja_rm" v="Yamaguchikendō 204-gō Miyano Ōtoshi-sen"/>
  <tag k="network" v="JP:prefectural"/>
  <tag k="ref" v="204"/>
  <tag k="route" v="road"/>
  <tag k="to" v="山口県山口市朝田"/>
  <tag k="type" v="route"/>
  <tag k="wikidata" v="Q11467194"/>
  <tag k="wikipedia" v="ja:山口県道204号宮野大歳線"/>
 </relation>
</osm>
