都道府県コード又は市区町村コード,NO,都道府県名,市区町村名,介護サービス事業所名称,介護サービス事業所名称_カナ,実施サービス,住所,方書,緯度,経度,電話番号,内線番号,FAX番号,法人番号,法人の名称,事業所番号,利用可能曜日,利用可能曜日特記事項,定員,URL,備考
山口県,,山口県,,はまゆう苑あやらぎ,,訪問介護,下関市綾羅木新町3－11－40,,34.011292,130.922928,083-251-1113,,083-251-1118,,社会福祉法人 松涛会,3570100036,,,,,
山口県,,山口県,,医療法人茜会桜山ホームヘルパーステーション,,訪問介護,下関市上新地町2－6－26,,33.96093,130.92128,083-223-1367,,083-223-1385,,医療法人茜会,3570100176,,,,,
山口県,,山口県,,医療法人茜会勝山ホームヘルパーステーション,,訪問介護,下関市秋根南町2－3－7,,34.007889,130.954758,083-257-2662,,083-250-8133,,医療法人茜会,3570100184,,,,,
山口県,,山口県,,豊前田ホームヘルパーステーション,,訪問介護,下関市豊前田町2－4－10　　2Ｆ,,33.952354,130.926575,083-228-1988,,083-223-2684,,医療法人 其桃会,3570100192,,,,,
山口県,,山口県,,長府ケアハウスホームヘルプサービスセンター,,訪問介護,下関市長府黒門南町6－53,,33.983883,130.985168,083-246-8444,,083-246-8445,,社会福祉法人さわやか会,3570100283,,,,,
山口県,,山口県,,ホームヘルパーステーション安岡,,訪問介護,下関市横野町3－1－2,,34.03476,130.913177,083-250-6891,,083-250-6876,,社会医療法人 松涛会,3570100291,,,,,
山口県,,山口県,,彦島ホームヘルパーステーション,,訪問介護,下関市彦島江の浦町9－4－5,,33.92981,130.917984,083-266-6687,,083-266-1315,,社会医療法人 松涛会,3570100309,,,,,
山口県,,山口県,,有限会社 ゴールデン・エイジ・サービス,,訪問介護,下関市武久町1－39－6,,33.979492,130.922607,083-255-2005,,083-254-7403,,有限会社 ゴールデン・エイジ・サービス,3570100325,,,,,
山口県,,山口県,,ニチイケアセンター下関,,訪問介護,下関市細江町2－2－1　　原弘産ビル3Ｆ,,33.9519,130.931519,083-228-6451,,083-228-6452,,株式会社ニチイ学館,3570100382,,,,,
山口県,,山口県,,豊関介護サービス株式会社,,訪問介護,下関市生野町2－19－6,,33.982876,130.933563,083-251-1188,,083-251-2377,,豊関介護サービス株式会社,3570100390,,,,,
山口県,,山口県,,アイユウ長府ホームヘルプサービス事業部,,訪問介護,下関市長府南之町1－1,,33.997856,130.990936,083-246-6430,,083-227-2481,,医療法人 松永会,3570100416,,,,,
山口県,,山口県,,みどり園訪問介護事業所,,訪問介護,下関市長府才川2－21－1,,34.024536,130.999893,083-248-2639,,083-248-0866,,社会福祉法人 朋愛会,3570100432,,,,,
山口県,,山口県,,アイユウの苑ホームヘルプサービス,,訪問介護,下関市彦島迫町3－17－2,,33.938328,130.900558,083-261-1372,,083-266-7276,,社会福祉法人 松美会,3570100556,,,,,
山口県,,山口県,,ホームヘルパーステーション員光,,訪問介護,下関市員光1544,,34.050526,130.984467,083-248-5115,,083-248-5118,,社会福祉法人 やまばと会員光園,3570100697,,,,,
山口県,,山口県,,株式会社 セービング,,訪問介護,下関市小月宮の町7－3,,34.074059,131.038132,083-281-1221,,083-281-1220,,株式会社セービング,3570100838,,,,,
山口県,,山口県,,愛グループ シャングリラ,,訪問介護,下関市みもすそ川町23－1,,33.968121,130.955322,083-231-1165,,083-223-5681,,株式会社 日本セレモニー,3570100879,,,,,
山口県,,山口県,,王喜の郷ホームヘルパーステーションいるか,,訪問介護,下関市王喜本町6－1－12,,34.063911,131.052368,083-283-2834,,083-283-2060,,社会福祉法人緑樹会,3570100903,,,,,
山口県,,山口県,,ピア ヘルパーステーション どりーむ,,訪問介護,下関市新地町4－22,,33.955334,130.921463,083-242-9952,,083-242-9953,,特定非営利活動法人 ヒューマンネットワーク ピア,3570101075,,,,,
山口県,,山口県,,ＮＰＯ法人 らいと,,訪問介護,下関市秋根南町1－1－5,,34.008095,130.952164,083-263-2687,,083-263-2688,,特定非営利活動法人らいと,3570101083,,,,,
山口県,,山口県,,有限会社 ライフサポートたきやま,,訪問介護,下関市豊田町西市48,,34.202335,131.075424,083-766-0642,,083-766-1718,,有限会社 ライフサポートたきやま,3577800356,,,,,
山口県,,山口県,,安夢住ケアセンター下関,,訪問介護,下関市長府松小田北町15－18,,34.021812,130.995773,083-245-5113,,083-245-5173,,有限会社 アムズ,3570101174,,,,,
山口県,,山口県,,しゃくなげ園ヘルパーステーション,,訪問介護,下関市田倉80－2,,34.022175,130.975433,083-256-3670,,083-256-3673,,社会福祉法人 しゃくなげ園,3570101216,,,,,
山口県,,山口県,,ヘルパーセンター山風,,訪問介護,下関市永田郷440－3,,34.096703,130.892853,083-286-7115,,083-286-6791,,社会福祉法人 山口県盲人福祉協会,3570101240,,,,,
山口県,,山口県,,ティーワスヘルパーステーション,,訪問介護,下関市秋根本町2－9－20,,34.009666,130.951721,083-263-1011,,083-250-7783,,ティーワス株式会社,3570101281,,,,,
山口県,,山口県,,ハートケアセンター下関,,訪問介護,下関市豊前田町3－2－7　下関第一ビル1Ｆ,,33.950855,130.927734,083-228-0336,,083-228-0337,,有限会社ライフプラス,3570101299,,,,,
山口県,,山口県,,三伶ヘルパーステーション,,訪問介護,下関市一の宮町4－10－19,,33.99509,130.948654,083-260-1260,,083-260-1262,,株式会社燦伶,3570101513,,,,,
山口県,,山口県,,梨花の里ホームヘルパーステーション,,訪問介護,下関市豊北町滝部11042－1,,34.295853,130.946243,083-782-0305,,083-782-0121,,社会福祉法人豊北福祉会,3577800463,,,,,
山口県,,山口県,,ファミリーケア・雅,,訪問介護,下関市稗田北町10－27,,33.996967,130.931076,083-250-1620,,083-250-1622,,有限会社ファミリーケア・雅,3570101828,,,,,
山口県,,山口県,,下関市社協豊北ホームヘルパーステーション,,訪問介護,下関市豊北町滝部3140－1,,34.295853,130.946243,083-784-1028,,083-784-1247,,社会福祉法人下関市社会福祉協議会,3570102032,,,,,
山口県,,山口県,,下関市社協下関ホームヘルパーステーション,,訪問介護,下関市貴船町3－4－1,,33.968594,130.941864,083-232-2005,,083-232-3434,,社会福祉法人下関市社会福祉協議会,3570102040,,,,,
山口県,,山口県,,下関市社協豊田ホームヘルパーステーション,,訪問介護,下関市豊田町矢田194,,34.202244,131.070801,083-767-0488,,083-766-2190,,社会福祉法人下関市社会福祉協議会,3570102099,,,,,
山口県,,山口県,,下関市社協豊浦ホームヘルパーステーション,,訪問介護,下関市豊浦町川棚6895－1,,34.14529,130.924118,083-775-4139,,083-774-3528,,社会福祉法人下関市社会福祉協議会,3570102115,,,,,
山口県,,山口県,,ホームヘルプサービスセンターＳＵＮ,,訪問介護,下関市豊浦町吉永1815－1,,34.1297,130.925858,083-774-3915,,083-774-3916,,社会福祉法人響会,3570102149,,,,,
山口県,,山口県,,菊川ヘルパーステーションひかり,,訪問介護,下関市菊川町下岡枝389－1,,34.127308,131.035873,083-288-2027,,083-288-2028,,株式会社介援,3570102461,,,,,
山口県,,山口県,,神田福祉介護サービス,,訪問介護,下関市豊北町阿川3647－2,,34.329491,130.929703,083-786-1058,,083-786-1058,,有限会社神田タクシー,3570102537,,,,,
山口県,,山口県,,済生会貴船福祉ケアセンター貴船園ヘルパーステーション,,訪問介護,下関市貴船町3－4－1,,33.968594,130.941864,083-223-0261,,083-223-0271,,社会福祉法人恩賜財団済生会支部山口県済生会,3570102578,,,,,
山口県,,山口県,,松涛園ホームヘルパーステーション,,訪問介護,下関市豊北町神田上1893,,34.281658,130.900955,083-788-0026,,083-788-0646,,社会福祉法人豊北福祉会,3570102800,,,,,
山口県,,山口県,,豊寿苑ホームヘルパーステーション,,訪問介護,下関市豊浦町厚母郷10442,,34.110443,130.903198,083-772-0107,,083-772-0108,,社会福祉法人 豊浦福祉会,3570102917,,,,,
山口県,,山口県,,アビイヘルパーステーション,,訪問介護,下関市清末鞍馬2－4－15,,34.063606,131.025879,083-283-0953,,083-281-3339,,株式会社 アビイ,3570103121,,,,,
山口県,,山口県,,ホームヘルプサービス ほがらか,,訪問介護,下関市彦島向井町2－10－36,,33.919777,130.918121,083-294-2172,,083-294-2173,,株式会社東,3570103170,,,,,
山口県,,山口県,,ふくしサービスセンターあゆむ,,訪問介護,下関市東神田町1－10,,33.960415,130.927429,083-229-2940,,083-229-2941,,社会福祉法人グリーンコープ,3570103253,,,,,
山口県,,山口県,,武久興産指定訪問介護事業所,,訪問介護,下関市西大坪町18－13,,33.961582,130.915024,083-222-2551,,083-222-2574,,武久興産株式会社,3570103436,,,,,
山口県,,山口県,,ケアライフくろいヘルパーステーション,,訪問介護,下関市豊浦町黒井10634－5,,34.119259,130.920685,083-775-1765,,083-775-1766,,有限会社ベストライフ,3570103584,,,,,
山口県,,山口県,,あいサービス下関,,訪問介護,下関市幸町13－25　　増田ビル2Ｆ,,33.962883,130.944,083-250-8475,,083-250-8476,,合同会社ソレイユ,3570103923,,,,,
山口県,,山口県,,訪問介護ステーション にじの丘,,訪問介護,下関市菊川町田部223－1,,34.108871,131.038406,083-287-2269,,083-287-2212,,社会福祉法人 菊水会,3570103972,,,,,
山口県,,山口県,,サンキ・ウエルビィ介護センター下関,,訪問介護,下関市生野町1－4－10－2,,33.981506,130.934189,083-250-1127,,083-252-0611,,サンキ・ウエルビィ株式会社,3570104137,,,,,
山口県,,山口県,,林田クリニックヘルパーステーションそよ風,,訪問介護,下関市山の口町1－30,,33.968624,130.935013,083-242-5810,,083-242-5811,,医療法人社団林田クリニック,3570104186,,,,,
山口県,,山口県,,夢ステーションすいれん花,,訪問介護,下関市一の宮町4－11－27,,33.994587,130.950394,083-227-4171,,083-227-4172,,株式会社煌青,3570104624,,,,,
山口県,,山口県,,ＩＭＬヘルパーステーション,,訪問介護,下関市一の宮本町1－7－17,,34.002052,130.951111,083-227-2427,,083-227-2439,,株式会社インマイライフ,3570104814,,,,,
山口県,,山口県,,ヘルパーステーション木蘭,,訪問介護,下関市豊浦町黒井1536－1,,34.121181,130.911331,083-774-3077,,083-774-3044,,特定非営利活動法人宅老所あじさい,3570105217,,,,,
山口県,,山口県,,ヘルパーステーション華園,,訪問介護,下関市豊浦町川棚4040－1　コンフォールⅡ号館103号室,,34.168091,130.95723,083-242-2336,,083-775-1012,,株式会社華園,3570105357,,,,,
山口県,,山口県,,みらいヘルパーステーション,,訪問介護,下関市幡生宮の下町8－12,,33.980213,130.933441,083-242-1221,,083-249-5458,,株式会社ウエルケア,3570105415,,,,,
山口県,,山口県,,ヘルパーステーション夢叶,,訪問介護,下関市山の田中央町1－18,,33.986187,130.927872,083-255-3003,,083-255-3004,,株式会社 ケアセラピー,3570105464,,,,,
山口県,,山口県,,ハピネスケア,,訪問介護,下関市幸町6－26,,33.961933,130.94278,083-227-2405,,083-227-2425,,株式会社フレックス,3570105613,,,,,
山口県,,山口県,,第一あんしんサービス下関,,訪問介護,下関市幡生宮の下町24－11,,33.984962,130.930786,083-251-6645,,083-251-6643,,下関第一交通株式会社,3570105647,,,,,
山口県,,山口県,,ファイン訪問介護ステーション,,訪問介護,下関市冨任131,,34.025433,130.926865,083-258-4010,,083-258-4133,,株式会社ルナー,3570105662,,,,,
山口県,,山口県,,ケアーズヘルパーステーション,,訪問介護,下関市稗田町9－23,,33.992943,130.930634,083-242-0550,,083-242-0570,,合同会社ケアーズ,3570105811,,,,,
山口県,,山口県,,シンフォニー川棚ヘルパーステーション,,訪問介護,下関市豊浦町川棚6923－6,,34.147514,130.924377,083-775-3200,,083-775-3030,,株式会社ケアオーケストラ,3570106033,,,,,
山口県,,山口県,,ヘルパーステーション ここしあ,,訪問介護,下関市壇之浦町4－28,,33.961929,130.951859,083-228-0700,,083-228-0710,,社会福祉法人 礼和会,3570106041,,,,,
山口県,,山口県,,訪問介護 ハビリス,,訪問介護,下関市勝谷新町1－3－7,,34.003433,130.972305,083-242-9303,,083-242-9202,,合同会社ハビリス,3570106140,,,,,
山口県,,山口県,,ほっとステーション心桜,,訪問介護,下関市長府新松原町10－3,,33.990963,130.987976,083-242-4544,,083-242-4540,,株式会社池田,3570106249,,,,,
山口県,,山口県,,介助派遣事業所セカンド,,訪問介護,下関市竹崎町1－15－33－710　ポラスタービル下関駅前,,33.951328,130.924606,083-228-3999,,083-963-4359,,一般社団法人パーソンズ,3570106322,,,,,
山口県,,山口県,,ニチイケアセンターえげ町,,訪問介護,下関市長府江下町1－46　ＥＬＣＩＡ－Ⅱ　3階　311号室,,34.014019,130.99791,083-241-4207,,083-246-7987,,株式会社ニチイ学館,3570106355,,,,,
山口県,,山口県,,ヘルパーステーションオクトサービス,,訪問介護,下関市綾羅木新町1－13－11,,34.011215,130.920395,083-242-2366,,083-242-2365,,有限会社オクトサービス,3570106389,,,,,
山口県,,山口県,,あさお。ヘルパーステーション,,訪問介護,下関市栄町1－13,,33.963711,130.92688,083-291-3026,,083-265-9753,,株式会社あさお,3570106439,,,,,
山口県,,山口県,,ホームケア土屋下関,,訪問介護,下関市新垢田南町1－13－19　2Ｆ　グリーンベル,,33.987858,130.91806,050-32042418,,050-68682475,,株式会社土屋,3570106553,,,,,
山口県,,山口県,,タイヘイヘルパーステーション,,訪問介護,下関市上新地町2－2－7,,33.961166,130.918518,083-235-5000,,083-235-5001,,株式会社ウィズ,3570106587,,,,,
山口県,,山口県,,こころハウスヘルパーステーション,,訪問介護,下関市菊川町久野94－1,,34.14946,130.967422,083-287-0001,,083-287-0003,,株式会社支援の森,3570106595,,,,,
山口県,,山口県,,ぶちヘルパーステーション山の田,,訪問介護,下関市山の田東町1－20,,33.987839,130.930252,083-242-6776,,083-242-6556,,株式会社アドバンス,3570106629,,,,,
山口県,,山口県,,訪問介護ステーション エクラ,,訪問介護,下関市山の田中央町1－13　武嶋ビル2－Ｂ,,33.986584,130.928192,083-250-7842,,083-250-7843,,株式会社 エクラ,3570106637,,,,,
山口県,,山口県,,ヘルパーステーションひまわり安岡,,訪問介護,下関市安岡1478－1,,34.03587,130.930695,083-250-8753,,083-250-8757,,ひまわり有限会社,3570106728,,,,,
山口県,,山口県,,下関市社協豊浦訪問入浴介護事業所,,訪問入浴介護,下関市豊浦町川棚6895－1,,34.14529,130.924118,083-775-4139,,083-774-3528,,社会福祉法人下関市社会福祉協議会,3570102107,,,,,
山口県,,山口県,,アサヒサンクリーン在宅介護センター下関,,訪問入浴介護,下関市石原71－6　石原テナント,,34.016159,130.951965,050-33177711,,083-249-5441,,アサヒサンクリーン株式会社,3570104004,,,,,
山口県,,山口県,,医療法人 茜会 あかね老人訪問看護ステーション,,訪問看護,下関市上新地町1－5－8－205,,33.959492,130.920624,083-224-2880,,083-224-2886,,医療法人茜会,3560190005,,,,,
山口県,,山口県,,光風園病院訪問看護ステーション,,訪問看護,下関市長府才川2－21－2,,34.024475,130.999954,083-248-5588,,083-249-5272,,医療法人 愛の会,3560190047,,,,,
山口県,,山口県,,医療法人 茜会 勝山訪問看護ステーション,,訪問看護,下関市田倉221－11,,34.012268,130.97348,083-257-4338,,083-257-4346,,医療法人茜会,3560190054,,,,,
山口県,,山口県,,豊前田訪問看護ステーション,,訪問看護,下関市豊前田町2－4－10　弘仁ビル3階,,33.952236,130.926682,083-228-1910,,083-223-2684,,医療法人 其桃会,3560190062,,,,,
山口県,,山口県,,社会医療法人松涛会 松濤会訪問看護ステーション,,訪問看護,下関市彦島江の浦町9－4－5,,33.92981,130.917984,083-266-6888,,083-266-1315,,社会医療法人 松涛会,3560190088,,,,,
山口県,,山口県,,下関市豊浦地域ケアセンター訪問看護ステーション,,訪問看護,下関市豊浦町小串10007－3,,34.176769,130.937637,083-772-2231,,083-772-4605,,社会福祉法人恩賜財団済生会支部山口県済生会,3567890037,,,,,
山口県,,山口県,,あおぞらの里下関訪問看護ステーション,,訪問看護,下関市伊崎町1－1－9　サンヒルズビル2Ｆ,,33.954369,130.920074,083-228-3833,,083-228-3988,,株式会社 シダー,3560190104,,,,,
山口県,,山口県,,アイユウの苑訪問看護サービス,,訪問看護,下関市彦島迫町3－17－2,,33.938328,130.900558,083-261-4337,,083-266-7276,,社会福祉法人 松美会,3560190112,,,,,
山口県,,山口県,,下関市社協 とよた訪問看護ステーション,,訪問看護,下関市豊田町矢田194,,34.202244,131.070801,083-766-2016,,083-766-2029,,社会福祉法人下関市社会福祉協議会,3560190146,,,,,
山口県,,山口県,,下関市社協 ほうほく訪問看護ステーション,,訪問看護,下関市豊北町滝部3140－1,,34.295853,130.946243,083-782-1594,,083-782-1583,,社会福祉法人下関市社会福祉協議会,3560190153,,,,,
山口県,,山口県,,独立行政法人地域医療機能推進機構下関医療センター附属訪問看護ステーション,,訪問看護,下関市新地西町4－1,,33.957882,130.919357,083-250-7116,,083-250-7116,,独立行政法人地域医療機能推進機構,3560190195,,,,,
山口県,,山口県,,訪問看護ステーション にじの丘,,訪問看護,下関市菊川町田部223－1,,34.108871,131.038406,083-287-0564,,083-287-2212,,社会福祉法人菊水会,3560190203,,,,,
山口県,,山口県,,東亜訪問看護ステーション,,訪問看護,下関市一の宮学園町2－2,,34.000916,130.948242,083-257-0195,,083-227-4841,,株式会社東亜悠々の里,3560190237,,,,,
山口県,,山口県,,ファイン訪問看護ステーション,,訪問看護,下関市冨任131,,34.025433,130.926865,083-258-4010,,083-258-4133,,株式会社ルナー,3560190245,,,,,
山口県,,山口県,,訪問看護ステーションたけひさ,,訪問看護,下関市武久町2－53－8,,33.981216,130.917114,083-255-5505,,083-250-8120,,医療法人社団 青寿会,3560190252,,,,,
山口県,,山口県,,セレスト訪問看護ステーション,,訪問看護,下関市秋根南町2－7－28,,34.007561,130.955444,083-250-8111,,083-250-8175,,株式会社セレスト,3560190286,,,,,
山口県,,山口県,,くにのぶ訪問看護ステーション,,訪問看護,下関市新垢田南町1－13－23,,33.988106,130.917831,083-250-8855,,083-250-7477,,医療法人社団卓心会,3560190294,,,,,
山口県,,山口県,,関門医療センタービーンズ訪問看護ステーション,,訪問看護,下関市長府外浦町1－1,,33.9897,130.992935,083-241-1199,,083-241-1362,,独立行政法人国立病院機構,3560190302,,,,,
山口県,,山口県,,訪問看護ステーションデューン下関,,訪問看護,下関市秋根本町1－7－9　新下関ビル301号室,,34.008598,130.950256,083-242-1601,,083-242-1602,,株式会社Ｎ・フィールド,3560190310,,,,,
山口県,,山口県,,笑顔（スマイル）訪問看護サービス,,訪問看護,下関市稗田中町4－18,,33.996746,130.928375,083-250-3588,,083-250-3587,,株式会社プルート,3560190328,,,,,
山口県,,山口県,,ハートケア訪問看護ステーション,,訪問看護,下関市川中豊町3－3－5,,33.997932,130.938995,083-242-1991,,083-242-1990,,有限会社ライフプラス,3560190336,,,,,
山口県,,山口県,,下関病院訪問看護ステーション,,訪問看護,下関市梶栗町4－2－34,,34.017609,130.921066,083-258-0830,,083-227-2480,,医療法人水の木会,3560190344,,,,,
山口県,,山口県,,在宅看護センター ヴィータ,,訪問看護,下関市王喜本町3－7－3,,34.06741,131.053253,083-227-2820,,083-282-4923,,株式会社Ｔ－フォース,3560190351,,,,,
山口県,,山口県,,安夢住ナースセンター,,訪問看護,下関市長府新松原町3－30,,33.992195,130.989075,083-242-5211,,083-242-5215,,有限会社 アムズ,3560190369,,,,,
山口県,,山口県,,訪問看護リハビリステーション ラポル,,訪問看護,下関市王司上町2－5－9,,34.040001,131.01236,083-242-1122,,083-242-2931,,株式会社リハピス,3560190377,,,,,
山口県,,山口県,,フリーナースネットケア Ｈ－Ｎｓサービス,,訪問看護,下関市熊野町2－4－18,,33.99369,130.94397,083-250-6027,,083-250-6056,,キャリアホープ株式会社,3560190385,,,,,
山口県,,山口県,,訪問看護ステーション ゆとり 下関,,訪問看護,下関市形山みどり町15－13　岡田ビル1階1号,,34.01442,130.953751,083-242-0833,,083-242-0834,,合同会社看,3560190427,,,,,
山口県,,山口県,,はるかぜ訪問看護ステーション,,訪問看護,下関市綾羅木本町8－2－23　コーポＩＶＹ　Ａ104号室,,34.006317,130.918655,083-250-9388,,083-963-4377,,株式会社春風,3560190443,,,,,
山口県,,山口県,,訪問看護ステーション 花ごころ,,訪問看護,下関市豊浦町豊洋台1－447－186　ヴィレッタ豊洋台101号室,,34.115192,130.908737,083-249-5164,,083-249-5165,,合同会社Ｋ＆Ｔ,3560190450,,,,,
山口県,,山口県,,ＯＨＡＮＡケアステーション,,訪問看護,下関市岬之町10－8　第7トマトビル305,,33.952396,130.936081,083-249-5663,,083-249-5664,,株式会社 Ｖｉｔａｌｉｔｙ,3560190468,,,,,
山口県,,山口県,,訪問看護ステーション ゆめか,,訪問看護,下関市椋野町3－20－9　イルソーレ2　202号室,,33.979324,130.943527,083-227-2507,,083-255-2100,,株式会社 ケアセラピー,3560190476,,,,,
山口県,,山口県,,はぴれすと訪問看護ステーション,,訪問看護,下関市幡生宮の下町8－12,,33.980213,130.933441,083-242-2000,,083-242-2202,,社会福祉法人夢の会,3560190484,,,,,
山口県,,山口県,,アイユウ訪問リハビリテーション,,訪問リハビリテーション,下関市長府金屋浜町1－5,,34.002235,130.992264,083-246-5453,,083-246-5485,,医療法人 松永会,3570104707,,,,,
山口県,,山口県,,独立行政法人地域医療機能推進機構下関医療センター附属介護老人保健施設,,訪問リハビリテーション,下関市上新地町3－4－36,,33.958889,130.919113,083-233-7850,,083-233-7851,,独立行政法人地域医療機能推進機構,3550180073,,,,,
山口県,,山口県,,アイユウの苑デイサービスセンター,,通所介護,下関市彦島迫町3－17－2,,33.938328,130.900558,083-266-6364,,083-266-7276,,社会福祉法人 松美会,3570100457,,,55名,,
山口県,,山口県,,フェニックスデイサービスセンター,,通所介護,下関市小野64－1,,34.034351,130.962555,083-256-0077,,083-256-5025,,社会福祉法人 暁会,3570100473,,,(1) 70名、(2) 15名,,
山口県,,山口県,,みどり園デイサービスセンター,,通所介護,下関市長府才川2－21－1,,34.024536,130.999893,083-248-3294,,083-249-6171,,社会福祉法人 朋愛会,3570100549,,,30名,,
山口県,,山口県,,デイサービスセンター員光,,通所介護,下関市員光1544,,34.050526,130.984467,083-248-5115,,083-248-5118,,社会福祉法人 やまばと会員光園,3570100598,,,28名,,
山口県,,山口県,,王喜の郷デイサービスセンター,,通所介護,下関市王喜本町6－1－12,,34.063911,131.052368,083-283-2834,,083-283-2060,,社会福祉法人緑樹会,3570100671,,,35名,,
山口県,,山口県,,とよたデイサービスセンター,,通所介護,下関市豊田町荒木10051－2,,34.254292,131.047745,083-768-0587,,083-768-0660,,社会福祉法人 豊寿会,3577800109,,,35名,,
山口県,,山口県,,きくがわ苑デイサービスセンター,,通所介護,下関市菊川町下岡枝1064,,34.133572,131.036057,083-287-1220,,083-287-1270,,社会福祉法人 菊水会,3577800190,,,35名,,
山口県,,山口県,,敬老デイサービスセンター,,通所介護,下関市長府中浜町2－5,,33.99799,130.990234,083-227-2237,,083-245-0235,,医療法人 松永会,3570100846,,,30名,,
山口県,,山口県,,あおぞらの里下関デイサービスセンター,,通所介護,下関市今浦町10－11,,33.953449,130.921341,083-232-5511,,083-229-3320,,株式会社 シダー,3570100929,,,(1) 75名、(2) 35名,,
山口県,,山口県,,デイサービスセンターすずらん後田,,通所介護,下関市後田町3－1－28,,33.972378,130.932556,083-250-8536,,083-250-8546,,有限会社 ゴールデン・エイジ・サービス,3570100960,,,25名,,
山口県,,山口県,,デイサービスセンター 陣屋の森,,通所介護,下関市清末西町1－6－10,,34.064556,131.019073,083-281-2020,,083-281-2031,,社会福祉法人 やまばと会員光園,3570100978,,,28名,,
山口県,,山口県,,デイサービス小月,,通所介護,下関市小月宮の町7－3,,34.074059,131.038132,083-281-3010,,083-281-1220,,株式会社セービング,3570101018,,,50名,,
山口県,,山口県,,はまゆう苑デイサービスセンター,,通所介護,下関市綾羅木新町3－11－40,,34.011292,130.922928,083-251-1112,,083-251-1118,,社会福祉法人 松涛会,3570101430,,,25名,,
山口県,,山口県,,デイサービスセンター大正浪漫館,,通所介護,下関市幡生宮の下町16－3,,33.982773,130.933472,083-252-5900,,083-252-5888,,社会福祉法人さわやか会,3570101455,,,26名,,
山口県,,山口県,,デイサービスセンターあかだ,,通所介護,下関市富任町8－8－3,,34.023678,130.927612,083-258-1511,,083-258-1512,,有限会社ライフケアー,3570101422,,,21名,,
山口県,,山口県,,特定非営利活動法人 デイサービス豆たん,,通所介護,下関市内日下1028－2,,34.101173,130.969711,083-289-2693,,083-289-2694,,特定非営利活動法人豆たん,3570101489,,,42名,,
山口県,,山口県,,ベストライフ川棚 デイサービスセンター,,通所介護,下関市豊浦町吉永10165－1,,34.1297,130.925858,083-775-1165,,083-775-1156,,有限会社ベストライフ,3577800521,,,50名,,
山口県,,山口県,,デイサービスセンターＳＵＮ,,通所介護,下関市豊浦町川棚12139－2,,34.168091,130.95723,083-774-3907,,083-774-3920,,社会福祉法人響会,3577800554,,,33名,,
山口県,,山口県,,あおぞらの里 下関幡生デイサービスセンター,,通所介護,下関市幡生本町12－5,,33.978073,130.928055,083-253-5010,,083-253-5008,,株式会社 シダー,3570102222,,,33名,,
山口県,,山口県,,フロイデ彦島デイサービスセンター,,通所介護,下関市彦島西山町3－12－1,,33.944992,130.879852,083-261-5083,,083-267-1188,,社会福祉法人 松涛会,3570102339,,,25名,,
山口県,,山口県,,デイサービス 新遊楽,,通所介護,下関市彦島江の浦町3－11－12,,33.930477,130.914566,083-266-0123,,083-266-0128,,株式会社セービング,3570102412,,,45名,,
山口県,,山口県,,菊川デイサービスひかり,,通所介護,下関市菊川町下岡枝389－1,,34.127308,131.035873,083-288-2027,,083-288-2028,,株式会社介援,3570102651,,,20名,,
山口県,,山口県,,リゾートデイ 遊とぴあ,,通所介護,下関市彦島弟子待東町8－1,,33.927269,130.925079,083-266-8800,,083-266-8805,,有限会社ホームケア彦島,3570102677,,,41名,,
山口県,,山口県,,愛グループ シャングリラ,,通所介護,下関市みもすそ川町23－1,,33.968121,130.955322,083-231-1165,,083-223-5681,,株式会社 日本セレモニー,3570102750,,,110名,,
山口県,,山口県,,豊寿苑デイサービスセンター,,通所介護,下関市豊浦町厚母郷10442,,34.110443,130.903198,083-772-0107,,083-772-0108,,社会福祉法人 豊浦福祉会,3570102875,,,25名,,
山口県,,山口県,,デイサービス デイホーム川棚,,通所介護,下関市豊浦町川棚1500－3,,34.158245,130.923279,083-774-2266,,083-774-2447,,ティーワス株式会社,3570103139,,,20名,,
山口県,,山口県,,デイサービスセンター道,,通所介護,下関市本町4－14－13,,33.967773,130.950226,083-242-5551,,083-229-1183,,合同会社 有歩道,3570103188,,,23名,,
山口県,,山口県,,ケアライフくろいデイサービスセンター,,通所介護,下関市豊浦町黒井10634－5,,34.119259,130.920685,083-775-1765,,083-775-1766,,有限会社ベストライフ,3570103204,,,50名,,
山口県,,山口県,,やすらぎデイサービスＳＵＮ,,通所介護,下関市豊浦町吉永1815－1,,34.1297,130.925858,083-774-3927,,083-774-3937,,社会福祉法人響会,3570103386,,,20名,,
山口県,,山口県,,三伶デイサービスセンター,,通所介護,下関市一の宮町4－10－19,,33.99509,130.948654,083-260-1261,,083-260-1262,,株式会社燦伶,3570103618,,,30名,,
山口県,,山口県,,デイサービスセンター すずらん,,通所介護,下関市神田町2－13－5,,33.962032,130.923294,083-250-8770,,083-250-8771,,有限会社 ゴールデン・エイジ・サービス,3570103683,,,20名,,
山口県,,山口県,,ハートケアきらら デイサービス,,通所介護,下関市福江浜田1425－1,,34.048141,130.924377,083-262-3401,,083-262-3402,,有限会社ライフプラス,3570103907,,,31名,,
山口県,,山口県,,ケアライフ綾羅木デイサービスセンター,,通所介護,下関市垢田洞ノ上341,,33.996819,130.913254,083-250-1165,,083-250-1166,,有限会社ベストライフ,3570104012,,,45名,,
山口県,,山口県,,晴晴伶デイサービスセンター,,通所介護,下関市長府浜浦町14－4,,33.983795,130.979462,083-249-5710,,083-245-2181,,株式会社燦伶,3570104194,,,26名,,
山口県,,山口県,,デイサービス花水木,,通所介護,下関市吉母218,,34.091396,130.881775,083-249-5588,,083-249-5577,,株式会社オアシス,3570104384,,,60名,,
山口県,,山口県,,ハートケア一の宮デイサービス,,通所介護,下関市一の宮町3－3－15,,33.998363,130.950424,083-256-6228,,083-249-6308,,有限会社ライフプラス,3570104467,,,30名,,
山口県,,山口県,,デイサービス健歩,,通所介護,下関市椋野町3－21－11,,33.980068,130.94455,083-250-8995,,083-250-8996,,株式会社 ケアセラピー,3570104558,,,30名,,
山口県,,山口県,,ハートケアしおはまデイサービス,,通所介護,下関市彦島塩浜町3－14－52,,33.919807,130.912872,083-227-4865,,083-261-1170,,有限会社ライフプラス,3570104657,,,20名,,
山口県,,山口県,,伊崎町デイサービス,,通所介護,下関市伊崎町1－1－5,,33.954735,130.920074,083-222-0002,,083-222-0026,,有限会社伊崎メディカル,3570104772,,,(1) 45名、(2) 35名、(3) 40名,,
山口県,,山口県,,ファインアクティブデイサービス,,通所介護,下関市冨任131,,34.025433,130.926865,083-258-4163,,083-258-4164,,株式会社ルナー,3570104848,,,40名,,
山口県,,山口県,,長府ケアハウスデイサービスセンター,,通所介護,下関市長府黒門南町6－54,,33.983971,130.985138,083-245-1860,,083-241-1501,,社会福祉法人さわやか会,3570104889,,,55名,,
山口県,,山口県,,デイサービス笑笑歩,,通所介護,下関市西大坪町18－12,,33.96167,130.915009,083-227-2876,,083-227-2877,,株式会社心笑,3570105167,,,45名,,
山口県,,山口県,,デイサービスかがやき,,通所介護,下関市豊浦町黒井1536－1,,34.121181,130.911331,083-774-1577,,083-774-3044,,特定非営利活動法人宅老所あじさい,3570105183,,,20名,,
山口県,,山口県,,橘デイサービス,,通所介護,下関市豊浦町川棚1545－10,,34.160515,130.922134,083-227-2895,,083-227-2897,,株式会社大樹,3570105290,,,24名,,
山口県,,山口県,,デイサービスセンター山茶花,,通所介護,下関市富任町3－4－28,,34.019592,130.920883,083-262-1465,,083-258-1015,,医療法人水の木会,3570105449,,,35名,,
山口県,,山口県,,燦燦デイサービスセンター,,通所介護,下関市石原字上岡175－11,,34.020676,130.952103,083-250-7725,,083-250-7735,,株式会社燦伶,3570105597,,,26名,,
山口県,,山口県,,歩行リハビリセンターテクラ,,通所介護,下関市王司上町5－3－45,,34.043591,131.014618,083-248-3536,,083-227-3529,,株式会社リハピス,3570105688,,,35名,,
山口県,,山口県,,シンフォニー川棚デイサービスセンター,,通所介護,下関市豊浦町川棚6923－6,,34.147514,130.924377,083-775-3200,,083-775-3030,,株式会社ケアオーケストラ,3570105696,,,20名,,
山口県,,山口県,,デイサービスほほ笑み倶楽部,,通所介護,下関市稗田南町7－9,,33.990196,130.930908,083-250-8681,,083-250-8682,,株式会社ウエルケア,3570105712,,,70名,,
山口県,,山口県,,ファイン デイサービス,,通所介護,下関市　冨任91,,34.019386,130.931107,083-262-1565,,083-262-1766,,株式会社ルナー,3570105779,,,50名,,
山口県,,山口県,,デイサービス夢の里,,通所介護,下関市新地町3－28,,33.956406,130.921509,083-228-2277,,083-228-0303,,社会福祉法人夢の会,3570105878,,,55名,,
山口県,,山口県,,デイサービス 風の丘,,通所介護,下関市生野町2－24－22,,33.983814,130.933212,083-291-0839,,083-291-0819,,社会福祉法人 礼和会,3570106058,,,31名,,
山口県,,山口県,,デイサービス 海と空,,通所介護,下関市壇之浦町4－28,,33.961929,130.951859,083-228-0700,,083-228-0710,,社会福祉法人 礼和会,3570106066,,,85名,,
山口県,,山口県,,デイサービス 夢ひろば,,通所介護,下関市梶栗町4－8－15,,34.014515,130.922409,083-258-0334,,083-258-0334,,株式会社夢,3570106074,,,22名,,
山口県,,山口県,,リハビリデイサービスさくらやま,,通所介護,下関市上新地町3－2－3,,33.959728,130.919464,083-227-3412,,083-227-3413,,医療法人茜会,3570106157,,,(1) 22名、(2) 22名,,
山口県,,山口県,,ＩＭＬデイサービス リライブ,,通所介護,下関市一の宮町2－14－5,,34.001965,130.950836,083-227-2437,,083-227-2439,,株式会社インマイライフ,3570106215,,,55名,,
山口県,,山口県,,デイサービス想やい,,通所介護,下関市山の田西町10－11,,33.987152,130.923233,083-242-1210,,083-242-1211,,株式会社心笑,3570106223,,,35名,,
山口県,,山口県,,歩行リハビリセンターテクラ新下関店,,通所介護,下関市熊野西町1－11,,33.995411,130.944824,083-242-0109,,083-242-2941,,株式会社リハピス,3570106256,,,(1) 25名、(2) 25名,,
山口県,,山口県,,コンパスウォーク 綾羅木,,通所介護,下関市綾羅木本町2－5－25,,34.003277,130.925461,083-253-7720,,083-253-7721,,株式会社ハニードライ,3570106363,,,(1) 24名、(2) 24名,,
山口県,,山口県,,ＴｒｙＱ（トライク）デイフィットネス,,通所介護,下関市武久町2－3－3　第二はまのビル1階,,33.976921,130.920776,083-254-7120,,083-254-7121,,株式会社ＴｒｙＱ,3570106454,,,25名,,
山口県,,山口県,,ツクイ下関生野,,通所介護,下関市生野町1－2－18,,33.979439,130.93631,083-251-6061,,083-251-6063,,株式会社ツクイ,3570106496,,,35名,,
山口県,,山口県,,コンパスウォーク安岡,,通所介護,下関市梶栗町3－3－5,,34.015427,130.921555,083-227-2297,,083-227-2298,,株式会社ハニードライ,3570106512,,,35名,,
山口県,,山口県,,通所介護 野の花,,通所介護,下関市豊浦町川棚古川3615,,34.168091,130.95723,083-775-3001,,083-775-2005,,株式会社華園,3570106538,,,25名,,
山口県,,山口県,,デイサービス四季の森,,通所介護,下関市一の宮町1－3－46,,34.004452,130.946274,083-250-8911,,083-256-1332,,株式会社セービング,3570106579,,,40名,,
山口県,,山口県,,コンパスカインド安岡,,通所介護,下関市安岡本町2－10－17,,34.027969,130.912628,083-227-2125,,083-227-2126,,株式会社ハニードライ,3570106603,,,35名,,
山口県,,山口県,,輝くデイサービス心,,通所介護,下関市山の田東町1－20,,33.987839,130.930252,083-242-6776,,083-242-5556,,株式会社アドバンス,3570106645,,,25名,,
山口県,,山口県,,コンパスウォーク勝山,,通所介護,下関市田倉御殿町1－1－1,,34.013985,130.973663,083-227-4844,,083-227-4845,,株式会社ハニードライ,3570106769,,,(1) 25名、(2) 25名,,
山口県,,山口県,,介護老人保健施設 青海荘,,通所リハビリテーション,下関市武久町2－53－8,,33.981216,130.917114,083-252-7124,,083-252-7125,,医療法人社団 青寿会,3550180008,,,50名,,
山口県,,山口県,,社会医療法人松涛会 老人保健施設コスモス,,通所リハビリテーション,下関市横野町3－16－5,,34.034122,130.910461,083-259-7117,,083-262-1550,,社会医療法人 松涛会,3550180016,,,(1) 50名、(2) 25名、(3) 25名,,
山口県,,山口県,,老人保健施設アイユウ,,通所リハビリテーション,下関市長府金屋浜町1－5,,34.002235,130.992264,083-246-5453,,083-246-5485,,医療法人 松永会,3550180032,,,40名,,
山口県,,山口県,,介護老人保健施設さくら寮,,通所リハビリテーション,下関市長府才川2－21－2,,34.024475,130.999954,083-248-5211,,083-248-5714,,医療法人 愛の会,3550180040,,,30名,,
山口県,,山口県,,独立行政法人地域医療機能推進機構下関医療センター附属介護老人保健施設,,通所リハビリテーション,下関市上新地町3－4－36,,33.958889,130.919113,083-233-7850,,083-233-7851,,独立行政法人地域医療機能推進機構,3550180073,,,37名,,
山口県,,山口県,,老人保健施設ライフ菊川,,通所リハビリテーション,下関市菊川町下岡枝1113,,34.133572,131.036057,083-287-3081,,083-287-3082,,医療法人星の里会,3557880006,,,30名,,
山口県,,山口県,,下関市豊浦地域ケアセンター　介護老人保健施設ひびき苑,,通所リハビリテーション,下関市豊浦町小串10007－3,,34.176769,130.937637,083-772-2231,,083-772-4605,,社会福祉法人 恩賜財団済生会支部山口県済生会,3550180107,,,35名,,
山口県,,山口県,,株式会社 ホームケアサービス山口 下関店,,福祉用具貸与,下関市長府才川1－35－21,,34.027813,131.008347,083-248-7788,,083-248-6688,,株式会社 ホームケアサービス山口,3570100499,,,,,
山口県,,山口県,,株式会社 ひまわり,,福祉用具貸与,下関市一の宮卸本町3－30,,33.988876,130.950165,083-229-1505,,083-229-1506,,株式会社 ひまわり,3570100507,,,,,
山口県,,山口県,,金剛住機株式会社下関支店,,福祉用具貸与,下関市貴船町4－1－23,,33.968899,130.938171,083-222-6221,,083-222-3259,,金剛住機株式会社,3570100655,,,,,
山口県,,山口県,,愛グループ シャングリラ あっぷる下関店,,福祉用具貸与,下関市みもすそ川町23－1,,33.968121,130.955322,083-231-1165,,083-223-5681,,株式会社 日本セレモニー,3570100879,,,,,
山口県,,山口県,,はんど下関営業所,,福祉用具貸与,下関市長府扇町9－5,,34.020752,131.018219,083-248-4888,,083-248-4164,,株式会社 はんど,3570101604,,,,,
山口県,,山口県,,株式会社モリワカ,,福祉用具貸与,下関市綾羅木本町3－2－21,,34.003792,130.923935,083-252-1899,,083-253-6972,,株式会社 モリワカ,3570101778,,,,,
山口県,,山口県,,有限会社 いきいき介護支援,,福祉用具貸与,下関市秋根東町2－17,,34.011311,130.95369,083-263-1086,,083-263-1087,,有限会社 いきいき介護支援,3570102545,,,,,
山口県,,山口県,,株式会社 東武住販,,福祉用具貸与,下関市岬之町11－46,,33.952034,130.936066,083-234-1111,,083-234-1112,,株式会社 東武住販,3570103352,,,,,
山口県,,山口県,,下関福祉サービス,,福祉用具貸与,下関市石原65－5,,34.016949,130.953033,083-263-0228,,083-242-8102,,株式会社秋本薬局,3570103444,,,,,
山口県,,山口県,,西日本商事株式会社 下関営業所,,福祉用具貸与,下関市秋根北町8－9,,34.012665,130.953461,083-263-3240,,083-263-3235,,西日本商事株式会社,3570103501,,,,,
山口県,,山口県,,ＺＯＮ福祉レンタルサービス,,福祉用具貸与,下関市川中本町12－18,,34.000916,130.929306,083-249-5591,,083-249-5592,,株式会社ＺＯＮ,3570104046,,,,,
山口県,,山口県,,株式会社 キロク,,福祉用具貸与,下関市秋根北町8－1,,34.013374,130.953476,083-257-2111,,083-257-1362,,株式会社 キロク,3570104152,,,,,
山口県,,山口県,,株式会社リフレ,,福祉用具貸与,下関市汐入町3－1,,33.973019,130.919037,083-231-0594,,083-231-0595,,株式会社リフレ,3570102776,,,,,
山口県,,山口県,,株式会社ぴーす,,福祉用具貸与,下関市安岡町4－14－22,,34.0299,130.915573,083-227-4256,,083-227-4257,,株式会社ぴーす,3570104665,,,,,
山口県,,山口県,,有限会社ベストライフ福祉用具サービス,,福祉用具貸与,下関市豊浦町黒井10634－5,,34.119259,130.920685,083-775-1765,,083-775-1766,,有限会社ベストライフ,3570105043,,,,,
山口県,,山口県,,アイユウ長府福祉用具サービス事業部,,福祉用具貸与,下関市長府金屋浜町1－5,,34.002235,130.992264,083-246-5453,,083-246-5485,,医療法人 松永会,3570105191,,,,,
山口県,,山口県,,株式会社モリモトプラスケア,,福祉用具貸与,下関市石神町4－24,,33.975441,130.935959,083-232-6100,,083-234-0228,,株式会社モリモト,3570105340,,,,,
山口県,,山口県,,株式会社セービング,,福祉用具貸与,下関市幡生宮の下町8－12,,33.980213,130.933441,083-242-2000,,083-242-2202,,株式会社セービング,3570105589,,,,,
山口県,,山口県,,株式会社じあい,,福祉用具貸与,下関市一の宮卸本町3－30,,33.988876,130.950165,083-228-1539,,083-228-1538,,株式会社じあい,3570105753,,,,,
山口県,,山口県,,株式会社フルケア下関営業所,,福祉用具貸与,下関市観音崎町10－8,,33.952793,130.938797,083-227-2802,,083-227-2875,,株式会社フルケア,3570105928,,,,,
山口県,,山口県,,ウエルケアレンタルサービス,,福祉用具貸与,下関市小月宮の町7－3,,34.074059,131.038132,083-250-8280,,083-281-1220,,株式会社ウエルケア,3570105969,,,,,
山口県,,山口県,,合同会社つなぎ,,福祉用具貸与,下関市綾羅木本町6－19－1－103,,34.006618,130.921173,083-242-0687,,083-242-0689,,合同会社つなぎ,3570106314,,,,,
山口県,,山口県,,ダスキンヘルスレント下関ステーション,,福祉用具貸与,下関市卸新町7－1,,33.98423,130.948639,083-232-0294,,083-232-0295,,株式会社ニッシンコーポレーション,3570106371,,,,,
山口県,,山口県,,関門産業株式会社,,福祉用具貸与,下関市長府扇町9－24,,34.01738,131.015594,083-242-0569,,083-242-2006,,関門産業株式会社,3570106413,,,,,
山口県,,山口県,,あん燦ぶる,,福祉用具貸与,下関市長府侍町2－4－8　山内ヴィラージュ侍町1Ｆ,,33.994556,130.990845,083-250-8732,,083-250-8733,,株式会社燦伶,3570106447,,,,,
山口県,,山口県,,ケアプロダクツ 支援の森,,福祉用具貸与,下関市菊川町久野675,,34.14946,130.967422,083-227-4745,,083-227-4746,,株式会社支援の森,3570106652,,,,,
山口県,,山口県,,株式会社スーリール,,福祉用具貸与,下関市豊浦町黒井2841－12,,34.136051,130.897964,083-242-5050,,00-0000-0000,,株式会社 スーリール,3570106710,,,,,
山口県,,山口県,,ふくふく介護事業所,,福祉用具貸与,下関市小月本町1－7－8,,34.071316,131.034424,090-97377996,,083-284-0456,,合同会社 ふく,3570106744,,,,,
山口県,,山口県,,特別養護老人ホームはまゆう苑,,短期入所生活介護,下関市横野町3－15－10,,34.034821,130.910721,083-258-3800,,083-258-5397,,社会福祉法人 松涛会,3570100093,,,8名,,
山口県,,山口県,,特別養護老人ホームみどり園,,短期入所生活介護,下関市長府才川2－21－1,,34.024536,130.999893,083-248-3222,,083-248-3937,,社会福祉法人 朋愛会,3570100440,,,16名,,
山口県,,山口県,,特別養護老人ホーム慈公園,,短期入所生活介護,下関市稗田中町8－38,,33.995922,130.925934,083-252-7500,,083-254-8970,,社会福祉法人 稗田福祉会,3570100465,,,14名,,
山口県,,山口県,,特別養護老人ホームアイユウの苑,,短期入所生活介護,下関市彦島迫町3－17－2,,33.938328,130.900558,083-266-8287,,083-266-7276,,社会福祉法人 松美会,3570100580,,,20名,,
山口県,,山口県,,特別養護老人ホーム寿海荘,,短期入所生活介護,下関市武久町2－53－8,,33.981216,130.917114,083-253-5251,,083-252-8706,,社会福祉法人 祥寿園,3570100606,,,14名,,
山口県,,山口県,,特別養護老人ホームフェニックス,,短期入所生活介護,下関市小野64－1,,34.034351,130.962555,083-256-5336,,083-256-5025,,社会福祉法人 暁会,3570100630,,,16名,,
山口県,,山口県,,特別養護老人ホーム員光園,,短期入所生活介護,下関市員光1544,,34.050526,130.984467,083-248-5115,,083-248-5118,,社会福祉法人 やまばと会員光園,3570100663,,,,,
山口県,,山口県,,特別養護老人ホーム白滝荘,,短期入所生活介護,下関市豊北町田耕12426－1,,34.269527,130.988174,083-783-0056,,083-783-0029,,社会福祉法人豊北福祉会,3577800083,,,19名,,
山口県,,山口県,,特別養護老人ホームほたるホームとよた,,短期入所生活介護,下関市豊田町荒木10051－2,,34.254292,131.047745,083-768-0051,,083-768-0134,,社会福祉法人 豊寿会,3577800117,,,10名,,
山口県,,山口県,,特別養護老人ホームきくがわ苑,,短期入所生活介護,下関市菊川町下岡枝1064,,34.133572,131.036057,083-287-1220,,083-287-1270,,社会福祉法人 菊水会,3577800208,,,16名,,
山口県,,山口県,,アイユウ長府ショートステイ,,短期入所生活介護,下関市長府金屋浜町1－5,,34.002235,130.992264,083-246-5453,,083-246-5485,,医療法人 松永会,3570102180,,,ユニット型 32名,,
山口県,,山口県,,特別養護老人ホーム 貴船園,,短期入所生活介護,下関市貴船町3－4－1,,33.968594,130.941864,083-223-0261,,083-223-0271,,社会福祉法人恩賜財団済生会支部山口県済生会,3570102198,,,ユニット型 20名,,
山口県,,山口県,,特別養護老人ホーム 豊寿苑,,短期入所生活介護,下関市豊浦町厚母郷10442,,34.110443,130.903198,083-772-0107,,083-772-0108,,社会福祉法人 豊浦福祉会,3570102883,,,14名,,
山口県,,山口県,,サテライト 望海苑,,短期入所生活介護,下関市武久町2－48－17,,33.981739,130.917862,083-250-2000,,083-253-5007,,社会福祉法人 祥寿園,3570103212,,,ユニット型 9名,,
山口県,,山口県,,アイユウの苑 ゆめタウン ショートステイ,,短期入所生活介護,下関市ゆめタウン2－24,,34.027565,131.012833,083-249-2200,,00-0000-0000,,社会福祉法人 松美会,3570103329,,,ユニット型 20名,,
山口県,,山口県,,特別養護老人ホーム梨花の里,,短期入所生活介護,下関市豊北町滝部11042－1,,34.295853,130.946243,083-784-1000,,083-782-0121,,社会福祉法人豊北福祉会,3570103477,,,,,
山口県,,山口県,,サテライト梨花の里アスピア,,短期入所生活介護,下関市豊北町滝部2969－1,,34.295853,130.946243,083-782-1181,,083-782-1161,,社会福祉法人豊北福祉会,3570104285,,,,,
山口県,,山口県,,特別養護老人ホーム富任荘,,短期入所生活介護,下関市富任町6－18－8,,34.017529,130.923676,083-258-5451,,083-258-5467,,社会福祉法人水の木会,3570104293,,,ユニット型 9名,,
山口県,,山口県,,特別養護老人ホームはまゆう苑なぎさ,,短期入所生活介護,下関市横野町3－15－10,,34.034821,130.910721,083-258-3800,,083-258-5397,,社会福祉法人 松涛会,3570104962,,,ユニット型 10名,,
山口県,,山口県,,ユニット型特別養護老人ホームフェニックス,,短期入所生活介護,下関市小野64－1,,34.034351,130.962555,083-256-5336,,083-256-5025,,社会福祉法人 暁会,3570104970,,,,,
山口県,,山口県,,特別養護老人ホームほたるホームとよた（ユニット型）,,短期入所生活介護,下関市豊田町荒木10051－2,,34.254292,131.047745,083-768-0051,,083-768-0134,,社会福祉法人 豊寿会,3570104996,,,,,
山口県,,山口県,,ショートステイフロイデ金比羅,,短期入所生活介護,下関市金比羅町10－1,,33.969746,130.919708,083-227-2812,,083-227-2819,,社会福祉法人 松涛会,3570105373,,,ユニット型 20名,,
山口県,,山口県,,特別養護老人ホームフェニックス一の宮,,短期入所生活介護,下関市一の宮学園町19－1,,33.997875,130.946976,083-242-8580,,083-242-8581,,社会福祉法人 暁会,3570105381,,,10名,,
山口県,,山口県,,地域密着型介護老人福祉施設アイユウの苑しおはま,,短期入所生活介護,下関市彦島塩浜町3－14－47,,33.919968,130.912567,083-267-8800,,083-267-8808,,社会福祉法人 松美会,3570105522,,,,,
山口県,,山口県,,特別養護老人ホーム員光園（ユニット型）,,短期入所生活介護,下関市員光1544,,34.050526,130.984467,083-248-5115,,083-248-5118,,社会福祉法人 やまばと会員光園,3570104988,,,ユニット型 10名,,
山口県,,山口県,,特別養護老人ホーム夢の里,,短期入所生活介護,下関市新地町3－28,,33.956406,130.921509,083-228-0300,,083-228-0303,,社会福祉法人夢の会,3570105860,,,29名,,
山口県,,山口県,,特別養護老人ホーム稗田喜楽園,,短期入所生活介護,下関市稗田町8－18,,33.994701,130.930725,083-242-1765,,083-255-6517,,社会福祉法人豊友会,3570105936,,,10名,,
山口県,,山口県,,特別養護老人ホーム夢ごこち,,短期入所生活介護,下関市長府才川1－41－76,,34.025841,131.006348,083-248-5567,,083-248-5544,,社会福祉法人夢の会,3570106082,,,,,
山口県,,山口県,,特別養護老人ホーム椋野喜楽園,,短期入所生活介護,下関市新椋野3－3－38,,33.984051,130.943863,083-231-1765,,083-228-6517,,社会福祉法人豊友会,3570106330,,,10名,,
山口県,,山口県,,介護老人保健施設 青海荘,,短期入所療養介護,下関市武久町2－53－8,,33.981216,130.917114,083-252-7124,,083-252-7125,,医療法人社団 青寿会,3550180008,,,,,
山口県,,山口県,,社会医療法人松涛会 老人保健施設コスモス,,短期入所療養介護,下関市横野町3－16－35,,34.034851,130.909927,083-258-3030,,083-258-1300,,社会医療法人 松涛会,3550180016,,,,,
山口県,,山口県,,介護老人保健施設豊松苑,,短期入所療養介護,下関市富任町6－17－20,,34.017971,130.923813,083-259-7381,,083-259-7382,,医療法人水の木会,3550180024,,,,,
山口県,,山口県,,老人保健施設アイユウ,,短期入所療養介護,下関市長府金屋浜町1－5,,34.002235,130.992264,083-246-5453,,083-246-5485,,医療法人 松永会,3550180032,,,,,
山口県,,山口県,,介護老人保健施設さくら寮,,短期入所療養介護,下関市長府才川2－21－2,,34.024475,130.999954,083-248-5211,,083-248-5714,,医療法人 愛の会,3550180040,,,,,
山口県,,山口県,,独立行政法人地域医療機能推進機構下関医療センター附属介護老人保健施設,,短期入所療養介護,下関市上新地町3－4－36,,33.958889,130.919113,083-233-7850,,083-233-7851,,独立行政法人地域医療機能推進機構,3550180073,,,,,
山口県,,山口県,,老人保健施設ライフ菊川,,短期入所療養介護,下関市菊川町下岡枝1113,,34.133572,131.036057,083-287-3081,,083-287-3082,,医療法人星の里会,3557880006,,,,,
山口県,,山口県,,下関市豊浦地域ケアセンター　介護老人保健施設ひびき苑,,短期入所療養介護,下関市豊浦町小串10007－3,,34.176769,130.937637,083-772-2231,,083-772-4605,,社会福祉法人 恩賜財団済生会支部山口県済生会,3550180107,,,空床利用,,
山口県,,山口県,,介護老人保健施設 ももとせ,,短期入所療養介護,下関市豊北町滝部3669－1,,34.295853,130.946243,083-782-0032,,083-782-0773,,医療法人せんじゅ,3550180115,,,,,
山口県,,山口県,,介護老人保健施設 葵の園・下関,,短期入所療養介護,下関市吉見新町1－6－17,,34.069504,130.899628,083-286-2137,,083-286-5428,,医療法人社団葵会,3550180149,,,空床利用,,
山口県,,山口県,,医療法人 星の里会 岡病院,,短期入所療養介護,下関市小月本町2－15－20,,34.070522,131.036469,083-282-0070,,083-282-4327,,医療法人星の里会,3510113677,,,,,
山口県,,山口県,,介護医療院 あかね,,短期入所療養介護,下関市後田町1－1－1,,33.96859,130.93428,083-231-3888,,083-231-7957,,医療法人茜会,35B0100037,,,,,
山口県,,山口県,,まつなが医院 介護医療院,,短期入所療養介護,下関市長府中浜町2－5,,33.99799,130.990234,083-245-2103,,083-245-0689,,医療法人 松永会,35B0100078,,,,,
山口県,,山口県,,グループホームチェリーブラッサム,,認知症対応型共同生活介護,岩国市下342－1,,34.169106,132.095917,0827-47-3326,,0827-47-3210,,医療法人 新生会,3570800353,,,9名,,
山口県,,山口県,,グループホーム かなえ,,認知症対応型共同生活介護,岩国市錦見3－7－55,,34.165905,132.198792,0827-44-2237,,0827-44-2238,,社会福祉法人 鼎会,3570800577,,,9名,,
山口県,,山口県,,グループホーム へいせいホーム,,認知症対応型共同生活介護,岩国市玖珂町11340,,34.100464,132.092773,0827-81-1222,,0827-82-3870,,医療法人 山口平成会,3577200524,,,(1) 9名、(2) 9名,,
山口県,,山口県,,グループホーム 秀東館 蓮華,,認知症対応型共同生活介護,岩国市周東町西長野265－1,,34.090858,132.038239,0827-83-1200,,0827-84-4400,,有限会社 龍泉,3577200532,,,(1) 9名、(2) 9名,,
山口県,,山口県,,グループホーム たんぽぽ,,認知症対応型共同生活介護,岩国市保津町2－3－3,,34.085392,132.209625,0827-38-2877,,0827-38-2879,,株式会社 ひまわりあくと,3570800734,,,(1) 9名、(2) 9名,,
山口県,,山口県,,グループホーム いろりの家,,認知症対応型共同生活介護,岩国市由宇町神東1603－3,,34.000664,132.209518,0827-62-0294,,0827-62-0295,,特定非営利活動法人 いろりの家,3577200649,,,(1) 9名、(2) 9名,,
山口県,,山口県,,グループホームあかしあ,,認知症対応型共同生活介護,岩国市今津町1－10－9,,34.16708,132.22084,0827-30-0802,,0827-23-7100,,有限会社 サンメディカル,3570801005,,,(1) 9名、(2) 9名,,
山口県,,山口県,,グループホーム なのはな,,認知症対応型共同生活介護,岩国市玖珂町1020－3,,34.100464,132.092773,0827-81-0725,,0827-81-0825,,有限会社 にこにこ苑,3577200904,,,(1) 9名、(2) 9名,,
山口県,,山口県,,グループホーム本郷,,認知症対応型共同生活介護,岩国市本郷町本郷2086,,34.290527,132.043274,0827-78-1113,,0827-78-1115,,社会福祉法人 平成記念会,3577200912,,,(1) 9名、(2) 9名,,
山口県,,山口県,,グループホーム かえで,,認知症対応型共同生活介護,岩国市南岩国町4－59－5－1,,34.131073,132.196991,0827-34-2887,,0827-34-2888,,有限会社 岩国メディカルサポート,3570801187,,,(1) 9名、(2) 9名,,
山口県,,山口県,,グループホーム 秀東館 虹,,認知症対応型共同生活介護,岩国市周東町下久原1733,,34.090725,132.046249,0827-83-0036,,0827-83-0046,,有限会社 龍泉,3577200920,,,(1) 9名、(2) 9名,,
山口県,,山口県,,グループホームあかしあ保津,,認知症対応型共同生活介護,岩国市保津町2－6－3,,34.082436,132.209,0827-39-0266,,0827-39-0267,,有限会社サンメディカル,3590800078,,,(1) 9名、(2) 9名,,
山口県,,山口県,,愛の家グループホーム岩国平田,,認知症対応型共同生活介護,岩国市平田5－27－55,,34.142708,132.190659,0827-34-3005,,0827-34-3006,,メディカル・ケア・サービス関西株式会社,3590800086,,,(1) 9名、(2) 9名,,
山口県,,山口県,,グループホーム だんろの家,,認知症対応型共同生活介護,岩国市由宇町港2－1－37,,34.047619,132.216965,0827-62-0300,,0827-62-0301,,特定非営利活動法人 いろりの家,3590800094,,,(1) 9名、(2) 9名,,
山口県,,山口県,,グループホーム錦帯橋・みどりの家,,認知症対応型共同生活介護,岩国市岩国1－20－36,,34.166904,132.181442,0827-28-4875,,0827-28-4876,,株式会社 エポカケアサービス,3590800144,,,(1) 9名、(2) 9名,,
山口県,,山口県,,サンキ・ウエルビィグループホーム岩国,,認知症対応型共同生活介護,岩国市牛野谷町2－16－32,,34.155949,132.196548,0827-28-5362,,0827-31-3330,,サンキ・ウエルビィ株式会社,3590800169,,,(1) 9名、(2) 9名,,
山口県,,山口県,,グループホーム装束門・みどりの家,,認知症対応型共同生活介護,岩国市装束町4－10－13,,34.201088,132.229233,0827-28-5220,,0827-28-5221,,株式会社 エポカケアサービス,3590800185,,,(1) 9名、(2) 9名,,
山口県,,山口県,,グループホームソラストりんか岩国,,認知症対応型共同生活介護,岩国市川口町1－8－6,,34.165226,132.228104,0827-29-6337,,0827-29-6338,,株式会社ソラスト,3590800250,,,(1) 9名、(2) 9名,,
山口県,,山口県,,グループホームだんけぐーと,,認知症対応型共同生活介護,岩国市周東町下久原407,,34.089275,132.064331,0827-83-1122,,0827-83-1817,,医療法人 山口平成会,3590800441,,,(1) 9名、(2) 9名,,
山口県,,山口県,,グループホームだんけぐーと有延,,認知症対応型共同生活介護,岩国市周東町下久原36－1,,34.096893,132.045563,0827-81-1050,,0827-81-1066,,医療法人 山口平成会,3590800458,,,(1) 9名、(2) 9名,,
山口県,,山口県,,グループホームひまわり,,認知症対応型共同生活介護,岩国市車町1－8－12,,34.158806,132.218079,0827-24-1517,,0827-24-1517,,有限会社岩国メディカルサポート,3590800474,,,(1) 9名、(2) 9名,,
山口県,,山口県,,グループホームわきあいあい苑,,認知症対応型共同生活介護,玖珂郡和木町瀬田4－1－1,,34.194065,132.225128,0827-54-0345,,0827-52-0055,,社会福祉法人和木三志会,3597200017,,,9名,,
山口県,,山口県,,グループホームゆうわ苑,,認知症対応型共同生活介護,柳井市伊保庄字近長浜1－4,,33.930088,132.116165,0820-27-6001,,0820-27-0800,,社会福祉法人恒和会,3571200231,,,9名,,
山口県,,山口県,,グループホームあそか,,認知症対応型共同生活介護,柳井市日積3213,,34.00214,132.161804,0820-28-6130,,0820-28-6130,,社会福祉法人最勝会,3571200306,,,9名,,
山口県,,山口県,,もみの木グループホーム,,認知症対応型共同生活介護,柳井市中央1－8－1,,33.965973,132.108658,0820-23-3000,,0820-24-0080,,大平有限会社,3591200013,,,(1) 9名、(2) 9名,,
山口県,,山口県,,グループホームつくし,,認知症対応型共同生活介護,柳井市南町6－6－6,,33.961445,132.10112,0820-25-3500,,0820-25-3501,,株式会社ひまわりあくと,3591200047,,,(1) 9名、(2) 9名,,
山口県,,山口県,,サンキ・ウエルビィグループホーム柳井,,認知症対応型共同生活介護,柳井市柳井1013－1,,33.961246,132.129623,0820-22-3115,,0820-22-3116,,サンキ・ウエルビィ株式会社,3591200088,,,(1) 9名、(2) 9名,,
山口県,,山口県,,けあビジョンホーム柳井,,認知症対応型共同生活介護,柳井市新庄2391－1,,33.967072,132.08577,0820-24-5000,,0820-23-2333,,株式会社ビジュアルビジョン,3591200104,,,(1) 9名、(2) 9名,,
山口県,,山口県,,グループホーム太陽の家,,認知症対応型共同生活介護,大島郡周防大島町久賀5377－1,,33.937672,132.266953,0820-72-1011,,0820-72-2882,,社会福祉法人 慈光福祉会,3577100302,,,9名,,
山口県,,山口県,,グループホーム ひまわり,,認知症対応型共同生活介護,大島郡周防大島町小松開作143－25,,33.929504,132.188858,0820-74-1122,,0827-34-1230,,株式会社 ひまわりあくと,3577100385,,,(1) 9名、(2) 9名,,
山口県,,山口県,,グループホームみかん畑,,認知症対応型共同生活介護,大島郡周防大島町西方463,,33.885509,132.357452,0820-78-5111,,0820-78-5112,,有限会社 瀬戸内荘やまもと,3597100027,,,(1) 9名、(2) 9名,,
山口県,,山口県,,グループホーム こすもす,,認知症対応型共同生活介護,大島郡周防大島町小松開作143－27,,33.929504,132.188858,0820-74-1124,,0820-74-1126,,株式会社 ひまわりあくと,3597100035,,,9名,,
山口県,,山口県,,グループホームすこやか,,認知症対応型共同生活介護,大島郡周防大島町椋野1338－5,,33.950668,132.231567,0820-72-2368,,0820-79-0126,,特定非営利活動法人 いい日の里,3597100050,,,9名,,
山口県,,山口県,,グループホームほうばいの絆,,認知症対応型共同生活介護,大島郡周防大島町小松91－4,,33.93969,132.193604,0820-79-2230,,0820-79-2231,,医療法人 おかはら会,3597100076,,,9名,,
山口県,,山口県,,グループホームしらき,,認知症対応型共同生活介護,大島郡周防大島町西方14,,33.885509,132.357452,0820-78-5500,,0820-78-2627,,有限会社しらき,3597100084,,,(1) 9名、(2) 9名,,
山口県,,山口県,,グループホーム さくら,,認知症対応型共同生活介護,熊毛郡田布施町下田布施806,,33.951309,132.050461,0820-51-0170,,0820-52-0080,,医療法人社団 光仁会,3577300449,,,(1) 9名、(2) 9名,,
山口県,,山口県,,グループホーム みずき,,認知症対応型共同生活介護,熊毛郡田布施町宿井416－4,,33.973915,132.020782,0820-51-1200,,0820-53-2940,,社会福祉法人 施福会,3597330020,,,(1) 9名、(2) 9名,,
山口県,,山口県,,グループホーム 天晴,,認知症対応型共同生活介護,熊毛郡田布施町下田布施384－3,,33.953941,132.052582,0820-25-1358,,0820-25-1383,,株式会社 星天の和,3597330061,,,,,
山口県,,山口県,,ひらお・みんなの家,,認知症対応型共同生活介護,平生町平生村618－2,,33.945328,132.07637,0820-56-0408,,0820-56-0408,,社会福祉法人 平生町社会福祉協議会,3577300308,,,9名,,
山口県,,山口県,,グループホーム さんぽみち,,認知症対応型共同生活介護,熊毛郡平生町平生村862－2,,33.943233,132.072586,0820-56-8080,,0820-56-6556,,有限会社 長安工業,3597340029,,,9名,,
山口県,,山口県,,グループホームなでしこ,,認知症対応型共同生活介護,熊毛郡平生町平生村895,,33.945328,132.07637,0820-57-3800,,0820-56-8181,,医療法人 松栄会,3597340037,,,(1) 9名、(2) 9名,,
山口県,,山口県,,グループホーム清瀬の里,,認知症対応型共同生活介護,下松市清瀬町3－1－10,,34.030254,131.855042,0833-44-5801,,0833-44-5801,,有限会社 清瀬ホーム,3570700306,,,(1) 9名、(2) 9名,,
山口県,,山口県,,グループホーム のんびり村 米川,,認知症対応型共同生活介護,下松市下谷字砂の本179,,34.089306,131.872162,0833-53-6688,,0833-53-5555,,株式会社ホームケアサービス山口,3590700062,,,9名,,
山口県,,山口県,,グループホーム幸ケ丘,,認知症対応型共同生活介護,下松市山田字四郎丸111－4,,34.047009,131.906265,0833-47-3009,,0833-46-4126,,社会福祉法人緑山会,3590700088,,,9名,,
山口県,,山口県,,はぴね 周南,,認知症対応型共同生活介護,下松市河内1070－1,,34.012997,131.897705,0833-47-2225,,0833-47-2235,,グリーンライフ株式会社,3590700096,,,(1) 9名、(2) 9名,,
山口県,,山口県,,グループホーム元気,,認知症対応型共同生活介護,下松市山田256,,34.034492,131.905945,0833-47-1165,,0833-47-1167,,社会福祉法人 元気の会,3590700138,,,9名,,
山口県,,山口県,,グループホーム笠戸,,認知症対応型共同生活介護,下松市笠戸島32－38,,33.960022,131.854721,0833-52-1156,,0833-52-1157,,有限会社 誠心会,3590700161,,,9名,,
山口県,,山口県,,グループホームふぁみりあ,,認知症対応型共同生活介護,下松市藤光町1－12－18,,34.024055,131.866592,0833-48-8732,,0833-48-8751,,株式会社 アッセンブルピープル,3590700179,,,9名,,
山口県,,山口県,,グループホーム和み 潮音,,認知症対応型共同生活介護,下松市潮音町4－5－17,,34.022556,131.847534,0833-44-9895,,0833-44-9896,,医療法人社団 生和会,3590700229,,,,,
山口県,,山口県,,グループホーム はまゆう,,認知症対応型共同生活介護,光市室積村1529－1,,33.918396,131.998077,0833-79-3533,,0833-79-3533,,特定非営利活動法人 浜木綿,3571000268,,,9名,,
山口県,,山口県,,グループホーム 室積なかよかん,,認知症対応型共同生活介護,光市室積松原8－1,,33.93541,131.969223,0833-78-0026,,0833-78-0097,,有限会社 山幸興産,3571000276,,,9名,,
山口県,,山口県,,グループホーム よりさんせ,,認知症対応型共同生活介護,光市三井6－18－1,,33.988396,131.952942,0833-77-0381,,0833-77-0382,,医療法人 やよい,3571000318,,,9名,,
山口県,,山口県,,グループホーム兼清,,認知症対応型共同生活介護,光市光ヶ丘3－6,,33.98056,131.920898,0833-74-0100,,0833-48-6133,,（有）兼清メディカルサービス,3591000025,,,9名,,
山口県,,山口県,,グループホームやまとの里,,認知症対応型共同生活介護,光市岩田267,,33.982563,131.988388,0820-48-0033,,0820-48-0011,,社会福祉法人 大和福祉会,3591000033,,,9名,,
山口県,,山口県,,グループホーム アクア,,認知症対応型共同生活介護,光市木園1－4－5,,33.976341,131.930695,0833-48-8321,,0833-48-8322,,株式会社 コウケンパートナーズ,3591000041,,,9名,,
山口県,,山口県,,グループホームのはら,,認知症対応型共同生活介護,光市中央3－2－13,,33.958992,131.945786,0833-72-0170,,,,医療法人社団 光仁会,3591000066,,,9名,,
山口県,,山口県,,グループホーム 浅江,,認知症対応型共同生活介護,光市浅江3－1－25　兼清外科3階,,33.974781,131.924866,0833-71-0888,,0833-48-5352,,有限会社 兼清メディカルサービス,3591000124,,,18名,,
山口県,,山口県,,ニチイケアセンター光岩田,,認知症対応型共同生活介護,光市三輪2252－1,,33.966751,131.982742,0820-48-0071,,0820-48-0072,,株式会社 ニチイ学館,3591000264,,,,,
山口県,,山口県,,白鳩老人グループホーム,,認知症対応型共同生活介護,周南市大島637－2,,33.989231,131.801712,0834-84-0480,,0834-84-0065,,社会福祉法人 白鳩学園,3570500425,,,9名,,
山口県,,山口県,,グループホーム せせらぎ,,認知症対応型共同生活介護,周南市鹿野上2755－1,,34.253082,131.853287,0834-68-5454,,0834-68-5454,,社会福祉法人 鹿野福祉会,3577400066,,,9名,,
山口県,,山口県,,グループホーム のんた,,認知症対応型共同生活介護,周南市戸田2806－1,,34.073734,131.679123,0834-82-0100,,0834-82-0200,,医療法人 竹内医院,3570500490,,,(1) 9名、(2) 9名,,
山口県,,山口県,,グループホーム 天王園,,認知症対応型共同生活介護,周南市大河内1109－2,,34.025928,131.940994,0833-91-5550,,0833-91-0621,,社会福祉法人 一仁会,3577300407,,,9名,,
山口県,,山口県,,グループホーム とーか,,認知症対応型共同生活介護,周南市政所4－11－13,,34.074551,131.771744,0834-62-1308,,0834-61-0540,,有限会社 とーか,3571500168,,,(1) 9名、(2) 9名,,
山口県,,山口県,,グループホーム こころ,,認知症対応型共同生活介護,周南市櫛ケ浜西浜田517－11,,34.026096,131.829803,0834-36-0556,,0834-36-0557,,株式会社 まつもと,3571500200,,,9名,,
山口県,,山口県,,グループホーム和み,,認知症対応型共同生活介護,周南市湯野4298－1,,34.09095,131.673279,0834-82-1010,,0834-82-1015,,医療法人社団 生和会,3571500291,,,(1) 9名、(2) 9名,,
山口県,,山口県,,グループホーム夜市のんた,,認知症対応型共同生活介護,周南市夜市720－1,,34.081734,131.715881,0834-61-3500,,0834-61-2911,,医療法人 竹内医院,3571500366,,,9名,,
山口県,,山口県,,グループホーム 香雪,,認知症対応型共同生活介護,周南市徳山750－8号,,34.073544,131.822449,0834-33-3317,,0834-22-0668,,株式会社 Ｍ・Ｃ・Ｃ,3591500024,,,(1) 9名、(2) 9名,,
山口県,,山口県,,サンキ・ウエルビィ グループホーム周南,,認知症対応型共同生活介護,周南市遠石1－10－57,,34.039909,131.821732,0834-27-6785,,0834-27-6787,,サンキ・ウエルビィ 株式会社,3591500032,,,(1) 9名、(2) 9名,,
山口県,,山口県,,グループホームおかでら荘,,認知症対応型共同生活介護,周南市樋口字京田262－1,,34.071499,131.978302,0833-91-7355,,0833-91-7355,,特定非営利活動法人 熊毛清風会,3591500081,,,(1) 9名、(2) 9名,,
山口県,,山口県,,グループホームこもれび城ヶ丘,,認知症対応型共同生活介護,周南市城ヶ丘4－3536－1,,34.044868,131.844788,0834-28-0012,,0834-28-0033,,エポックワン有限会社,3591500131,,,(1) 9名、(2) 9名,,
山口県,,山口県,,グループホーム和み 福谷の森,,認知症対応型共同生活介護,周南市岡田町3―30,,34.060448,131.806793,0834-22-1880,,0834-22-1888,,医療法人社団 生和会,3591500149,,,(1) 9名、(2) 9名,,
山口県,,山口県,,グループホーム心音,,認知症対応型共同生活介護,周南市久米3146,,34.03009,131.832306,0834-36-0200,,0834-36-0201,,株式会社 まつもと,3591500156,,,9名,,
山口県,,山口県,,サンキ・ウェルビィ グループホーム新南陽,,認知症対応型共同生活介護,周南市政所2－7－20,,34.073616,131.768158,0834-34-3250,,0834-63-3335,,サンキ・ウェルビィ株式会社,3591500172,,,(1) 9名、(2) 9名,,
山口県,,山口県,,グループホーム くめの里,,認知症対応型共同生活介護,周南市久米字沢田1416－1,,34.051853,131.85611,0834-34-3113,,0834-36-3377,,社会福祉法人 大和福祉会,3591500206,,,(1) 9名、(2) 9名,,
山口県,,山口県,,グループホーム万年青,,認知症対応型共同生活介護,周南市上村709－1,,34.091042,131.800613,0834-34-3236,,0834-34-3237,,医療法人 田中医院,3591500222,,,(1) 9名、(2) 9名,,
山口県,,山口県,,サンキ・ウエルビィ グループホーム熊毛,,認知症対応型共同生活介護,周南市呼坂本町9－7,,34.049046,131.968475,0833-92-0556,,0833-91-3376,,サンキ・ウエルビィ株式会社,3591500230,,,9名,,
山口県,,山口県,,グループホームさるびあ,,認知症対応型共同生活介護,周南市城ケ丘3－6－1,,34.043266,131.841156,0834-33-8886,,0834-33-8887,,社会福祉法人 光仁会,3591500271,,,(1) 9名、(2) 9名,,
山口県,,山口県,,愛の家グループホーム周南須々万,,認知症対応型共同生活介護,周南市須々万本郷404－1,,34.112503,131.864151,0834-87-2760,,0834-87-2761,,メディカル・ケア・サービス関西株式会社,3591500354,,,(1) 9名、(2) 9名,,
山口県,,山口県,,２４時間宅老所 楽さん家,,認知症対応型共同生活介護,防府市東松崎町4－16,,34.060085,131.579254,0835-24-6611,,0835-24-6611,,有限会社 楽さん家,3570600381,,,9名,,
山口県,,山口県,,２４時間宅老所 新田の楽さん家,,認知症対応型共同生活介護,防府市新田966－1,,34.0285,131.565857,0835-21-3463,,0835-21-3463,,有限会社 楽さん家,3570600472,,,9名,,
山口県,,山口県,,グループホーム 防府あかり園,,認知症対応型共同生活介護,防府市台道1681,,34.052521,131.480865,0835-33-0800,,0835-32-1839,,社会福祉法人 博愛会,3570600555,,,(1) 9名、(2) 9名,,
山口県,,山口県,,グループホーム ニコニコ創,,認知症対応型共同生活介護,防府市上右田2458－1,,34.072468,131.571243,0835-24-0602,,0835-24-0602,,有限会社 創,3570600621,,,(1) 9名、(2) 9名,,
山口県,,山口県,,ヘスティア華城グループホーム,,認知症対応型共同生活介護,防府市伊佐江字上中河内1598,,34.038055,131.554077,0835-20-0322,,0835-38-6202,,社会福祉法人 華世会,3570600704,,,(1) 9名、(2) 9名,,
山口県,,山口県,,グループホーム笑生苑,,認知症対応型共同生活介護,防府市佐野152－1,,34.057476,131.518448,0835-27-6850,,0835-27-6560,,社会福祉法人 ひとつの会,3570600829,,,(1) 9名、(2) 9名,,
山口県,,山口県,,グループホーム笑生苑 より愛,,認知症対応型共同生活介護,防府市仁井令765－6,,34.036945,131.562378,0835-21-8555,,0835-21-8555,,社会福祉法人 ひとつの会,3590600023,,,9名,,
山口県,,山口県,,防府あかり園グループホームいちえ,,認知症対応型共同生活介護,防府市牟礼柳23－22,,34.057972,131.602997,0835-26-6063,,0835-26-6063,,社会福祉法人博愛会,3590600056,,,(1) 9名、(2) 9名,,
山口県,,山口県,,ニチイケアセンター防府,,認知症対応型共同生活介護,防府市敷山町14－1,,34.064861,131.598053,0835-26-6871,,0835-26-6872,,株式会社ニチイ学館,3590600114,,,9名,,
山口県,,山口県,,グループホーム自由の杜,,認知症対応型共同生活介護,防府市大崎801－1,,34.06316,131.538696,0835-27-5503,,0835-26-6668,,社会福祉法人 ひとつの会,3590600155,,,9名,,
山口県,,山口県,,グループホームひごろもそう,,認知症対応型共同生活介護,防府市浜方8－1,,34.02528,131.573181,0835-28-7706,,0835-28-7726,,社会福祉法人 勝縁福祉会,3590600197,,,9名,,
山口県,,山口県,,グループホームあかつき防府,,認知症対応型共同生活介護,防府市江泊1790,,34.05368,131.608292,0835-28-7660,,0835-23-6776,,社会福祉法人 暁会,3590600213,,,(1) 9名、(2) 9名,,
山口県,,山口県,,グループホーム フィラージュ開出,,認知症対応型共同生活介護,防府市開出西町32－8,,34.050682,131.542435,0835-28-9301,,0835-28-9303,,社会福祉法人 ひとつの会,3590600239,,,(1) 9名、(2) 9名,,
山口県,,山口県,,グループホーム 和楽,,認知症対応型共同生活介護,防府市新田966－1,,34.0285,131.565857,0835-28-8731,,,,有限会社 楽さん家,3590600437,,,9名,,
山口県,,山口県,,ハートホーム宮野グループホーム,,認知症対応型共同生活介護,山口市宮野下2997－5,,34.199802,131.504715,083-934-5610,,083-934-5611,,社会福祉法人青藍会,3570300446,,,9名,,
山口県,,山口県,,グループホーム希望の里,,認知症対応型共同生活介護,山口市鋳銭司12361－3,,34.086681,131.464523,083-986-3186,,083-986-3658,,社会福祉法人相清福祉会,3570300453,,,9名,,
山口県,,山口県,,グループホーム白松苑,,認知症対応型共同生活介護,山口市阿知須4900－4,,34.016357,131.343506,0836-38-8520,,0836-38-8525,,社会福祉法人正清会,3577600244,,,(1) 9名、(2) 9名,,
山口県,,山口県,,グループホーム山口あかり園,,認知症対応型共同生活介護,山口市黒川3363,,34.131638,131.438644,083-921-1618,,083-932-5370,,社会福祉法人博愛会,3570300529,,,(1) 9名、(2) 9名,,
山口県,,山口県,,グループホーム秋穂あかり園,,認知症対応型共同生活介護,山口市秋穂東3980,,34.014923,131.445801,083-984-5781,,083-984-5124,,社会福祉法人博愛会,3577600269,,,(1) 9名、(2) 9名,,
山口県,,山口県,,グループホームおいでませ,,認知症対応型共同生活介護,山口市大内御堀5－19－10,,34.163826,131.491501,083-925-3555,,083-902-2270,,有限会社タカノホーム・スイート,3570300628,,,(1) 9名、(2) 9名,,
山口県,,山口県,,ハートホーム山口グループホーム,,認知症対応型共同生活介護,山口市吉敷中東1－1－2,,34.167183,131.447418,083-933-6000,,083-933-6084,,医療法人社団青藍会,3570300651,,,(1) 9名、(2) 7名,,
山口県,,山口県,,グループホームはるひ苑,,認知症対応型共同生活介護,山口市仁保中郷2321－2,,34.199314,131.576553,083-929-5100,,083-929-0123,,有限会社 はるひ福祉サービス,3578100384,,,(1) 9名、(2) 9名,,
山口県,,山口県,,ハートホーム平川グループホーム,,認知症対応型共同生活介護,山口市黒川729－2,,34.143696,131.450119,083-934-7611,,083-934-7611,,医療法人社団青藍会,3570300743,,,(1) 9名、(2) 9名,,
山口県,,山口県,,グループホームかじかの里,,認知症対応型共同生活介護,山口市徳地八坂1330,,34.223145,131.664078,0835-56-1377,,0835-56-1849,,社会福祉法人佐波福祉会,3577500113,,,9名,,
山口県,,山口県,,ハートホーム南山口グループホーム,,認知症対応型共同生活介護,山口市深溝803－1,,34.046692,131.373016,083-988-3306,,083-988-3306,,社会福祉法人青藍会,3570300768,,,9名,,
山口県,,山口県,,グループホーム山口リハ,,認知症対応型共同生活介護,山口市黒川3380,,34.131638,131.438644,083-921-1240,,083-925-2550,,医療法人和同会,3570300842,,,(1) 9名、(2) 9名,,
山口県,,山口県,,済生会山口地域ケアセンターグループホームあさくら,,認知症対応型共同生活介護,山口市朝倉町4－55－6,,34.175591,131.452347,083-933-0030,,083-928-7060,,社会福祉法人恩賜財団済生会支部山口県済生,3570300909,,,9名,,
山口県,,山口県,,きらら苑グループホーム,,認知症対応型共同生活介護,山口市秋穂二島327－44,,34.033401,131.397552,083-987-0023,,083-987-3223,,特定非営利活動法人きらら山口福祉の会,3570300917,,,(1) 9名、(2) 9名,,
山口県,,山口県,,グループホーム阿東園,,認知症対応型共同生活介護,山口市阿東地福下286－1,,34.337532,131.653961,083-952-5003,,083-952-5030,,社会福祉法人 友愛会,3578100434,,,9名,,
山口県,,山口県,,ハートハウス新山口グループホーム,,認知症対応型共同生活介護,山口市小郡緑町3－33,,34.091434,131.403168,083-973-9510,,083-973-9510,,社会福祉法人青藍会,3577600392,,,9名,,
山口県,,山口県,,グループホームグッドスマイルズ,,認知症対応型共同生活介護,山口市桜畠2－9－32,,34.194786,131.501755,083-933-6188,,083-932-1532,,医療法人英知会,3590300020,,,(1) 9名、(2) 9名,,
山口県,,山口県,,海の見えるグループホームしおさい,,認知症対応型共同生活介護,山口市秋穂西3317－1,,34.02895,131.440475,083-984-5656,,083-984-3336,,株式会社ＶＡＮ,3590300038,,,(1) 9名、(2) 9名,,
山口県,,山口県,,グループホーム湯田あいおい苑,,認知症対応型共同生活介護,山口市下市町2－1,,34.163586,131.460068,083-933-1550,,083-933-1551,,社会福祉法人ひとつの会,3590300061,,,(1) 9名、(2) 9名,,
山口県,,山口県,,グループホーム徳佐あいおい苑,,認知症対応型共同生活介護,山口市阿東徳佐中987－5,,34.405739,131.719284,083-956-2822,,083-956-2823,,社会福祉法人ひとつの会,3597800022,,,(1) 9名、(2) 9名,,
山口県,,山口県,,グループホーム徳地あいおい苑,,認知症対応型共同生活介護,山口市徳地堀1785－1,,34.189011,131.636612,0835-53-1188,,0835-53-0088,,社会福祉法人ひとつの会,3590300103,,,(1) 9名、(2) 9名,,
山口県,,山口県,,グループホーム陶ヶ岳,,認知症対応型共同生活介護,山口市鋳銭司2361－38,,34.067196,131.433167,083-985-0150,,083-985-0151,,社会福祉法人相清福祉会,3590300202,,,(1) 9名、(2) 9名,,
山口県,,山口県,,グループホームむべ,,認知症対応型共同生活介護,宇部市東須恵310－5,,33.975182,131.189468,0836-45-4321,,0836-45-4322,,特定非営利活動法人 生活ヘルプセンター宇部,3570200604,,,9名,,
山口県,,山口県,,グループホーム なのはなの家,,認知症対応型共同生活介護,宇部市笹山町2－8－16－4,,33.93819,131.263306,0836-37-2570,,0836-37-2578,,株式会社 マイプティット,3570200612,,,9名,,
山口県,,山口県,,グループホーム厚南,,認知症対応型共同生活介護,宇部市黒石北4－5－39,,33.986034,131.204865,0836-45-3690,,0836-39-7328,,社会福祉法人むべの里光栄,3570200620,,,9名,,
山口県,,山口県,,グループホームあっぷる,,認知症対応型共同生活介護,宇部市昭和町1－9－3,,33.943516,131.252686,0836-35-7691,,0836-35-7691,,医療法人 仁心会,3570200703,,,(1) 9名、(2) 9名,,
山口県,,山口県,,グループホームふなき,,認知症対応型共同生活介護,宇部市船木833,,34.049004,131.193573,0836-69-0975,,0836-69-0998,,医療法人 扶老会,3577700168,,,(1) 9名、(2) 9名,,
山口県,,山口県,,グループホーム サンきらら,,認知症対応型共同生活介護,宇部市東岐波4327－26,,33.961617,131.342422,0836-58-1263,,0836-58-5362,,有限会社 ピーエス興産,3570200778,,,(1) 9名、(2) 9名,,
山口県,,山口県,,グループホーム宇部,,認知症対応型共同生活介護,宇部市西岐波229－3,,33.974148,131.28624,0836-54-2580,,0836-51-4441,,医療法人 和同会,3570200828,,,(1) 9名、(2) 9名,,
山口県,,山口県,,グループホーム 大小路,,認知症対応型共同生活介護,宇部市上宇部字高田589－5,,33.992851,131.258057,0836-37-6151,,0836-37-6152,,社会福祉法人 むべの里光栄,3570200851,,,(1) 9名、(2) 9名,,
山口県,,山口県,,グループホ－ム喜楽苑,,認知症対応型共同生活介護,宇部市西岐波5224－3,,33.967991,131.304337,0836-54-3445,,0836-54-3446,,有限会社 ミセスヘルパー,3570200869,,,(1) 9名、(2) 9名,,
山口県,,山口県,,宇部西グループホーム,,認知症対応型共同生活介護,宇部市際波287－1,,33.996155,131.224411,0836-45-2323,,0836-45-1224,,医療法人 和同会,3570200919,,,(1) 9名、(2) 9名,,
山口県,,山口県,,グループホーム オアシスことしば,,認知症対応型共同生活介護,宇部市寿町3－2－5,,33.951752,131.253403,0836-37-6512,,0836-37-6613,,株式会社レナール,3570200992,,,(1) 9名、(2) 9名,,
山口県,,山口県,,グループホーム和らぎ・歓び,,認知症対応型共同生活介護,宇部市妻崎開作字崎789ノに467,,33.972759,131.209854,0836-45-0343,,0836-45-0343,,医療法人 博愛会,3570201008,,,(1) 9名、(2) 9名,,
山口県,,山口県,,グループホーム藤山,,認知症対応型共同生活介護,宇部市東藤曲1－1195－2,,33.96954,131.235535,0836-29-5000,,0836-29-5001,,社会福祉法人むべの里光栄,3570201057,,,(1) 9名、(2) 9名,,
山口県,,山口県,,グループホーム ぬくもりの家,,認知症対応型共同生活介護,宇部市木田字中山田40－20,,34.064102,131.281021,0836-62-1001,,0836-62-1074,,医療法人社団 泉仁会,3570201073,,,9名,,
山口県,,山口県,,グループホームらくや,,認知症対応型共同生活介護,宇部市浜町2－1－3,,33.964874,131.238449,0836-37-2512,,0836-37-2512,,医療法人 博愛会,3570201172,,,(1) 9名、(2) 9名,,
山口県,,山口県,,神原苑 東新川グループホーム,,認知症対応型共同生活介護,宇部市東新川町6－10,,33.946278,131.256165,0836-39-9915,,0836-31-0065,,社会福祉法人 神原苑,3590200253,,,(1) 9名、(2) 9名,,
山口県,,山口県,,協立グループホームかいなん,,認知症対応型共同生活介護,宇部市海南町5－14,,33.958542,131.264175,0836-43-7571,,0836-43-7572,,医療生活協同組合健文会,3590200303,,,(1) 9名、(2) 9名,,
山口県,,山口県,,グループホームオパール光栄,,認知症対応型共同生活介護,宇部市東岐波1196－16,,33.994415,131.354385,0836-43-9880,,0836-43-9881,,社会福祉法人 むべの里光栄,3590200584,,,(1) 9名、(2) 9名,,
山口県,,山口県,,グループホームひかりの園,,認知症対応型共同生活介護,美祢市於福町下3267－1,,34.247952,131.213837,0837-56-5555,,0837-56-5556,,社会福祉法人同朋福祉会,3571300148,,,9名,,
山口県,,山口県,,グループホームのぞみ苑,,認知症対応型共同生活介護,美祢市美東町大田3838－1,,34.232838,131.357422,08396-2-1789,,08396-2-1790,,有限会社 盛和会,3597910011,,,(1) 9名、(2) 9名,,
山口県,,山口県,,グループホームありがとう,,認知症対応型共同生活介護,美祢市大嶺町東分1020－2,,34.181614,131.212418,0837-52-0780,,0837-52-0881,,有限会社 富喜,3591300011,,,(1) 9名、(2) 9名,,
山口県,,山口県,,認知症対応型グループホームゆいしん,,認知症対応型共同生活介護,美祢市大嶺町東分1707－2,,34.178757,131.20723,0837-54-2080,,0837-53-1011,,社会福祉法人同朋福祉会,3591300060,,,9名,,
山口県,,山口県,,グループホームねたろう,,認知症対応型共同生活介護,山陽小野田市福田949―1,,34.069973,131.107651,0836-79-0575,,0836-79-0585,,有限会社 大昇,3577700184,,,9名,,
山口県,,山口県,,グループホーム花,,認知症対応型共同生活介護,山陽小野田市有帆字仏石662－11,,34.019894,131.213226,0836-83-7270,,0836-83-7563,,医療法人 健仁会,3570900229,,,(1) 9名、(2) 9名,,
山口県,,山口県,,グループホームこもれび,,認知症対応型共同生活介護,山陽小野田市有帆字真土,,34.019894,131.213226,0836-84-2887,,0836-84-2887,,医療法人社団 村重医院,3570900369,,,(1) 9名、(2) 9名,,
山口県,,山口県,,グループホーム風花,,認知症対応型共同生活介護,山陽小野田市桜1－3－1,,34.053429,131.155624,0836-71-1710,,0836-71-1701,,医療法人 健仁会,3577700226,,,(1) 9名、(2) 9名,,
山口県,,山口県,,グループホーム野の花,,認知症対応型共同生活介護,山陽小野田市郡字浜3233－7,,34.022358,131.141968,0836-78-1800,,,,医療法人健仁会,3591600048,,,(1) 9名、(2) 9名,,
山口県,,山口県,,グループホームなみおと,,認知症対応型共同生活介護,山陽小野田市小野田1147－13,,33.957695,131.172302,0836-88-3080,,,,医療法人社団早川内科医院,3591600089,,,(1) 9名、(2) 9名,,
山口県,,山口県,,グループホームいつは,,認知症対応型共同生活介護,山陽小野田市住吉本町2－7－20,,33.979637,131.180389,0836-81-2828,,0836-39-7379,,医療法人社団 早川内科医院,3591600139,,,(1) 9名、(2) 9名,,
山口県,,山口県,,グループホーム咲花,,認知症対応型共同生活介護,山陽小野田市厚狭字埴生田503－1,,34.053097,131.164917,0836-73-3700,,0836-71-1201,,社会福祉法人 健仁会,3591600170,,,(1) 9名、(2) 9名,,
山口県,,山口県,,グループホームそらり,,認知症対応型共同生活介護,山陽小野田市西高泊1334－1,,34.00108,131.171005,0836-39-9101,,0836-84-6851,,医療法人社団 早川内科医院,3591600212,,,(1) 9名、(2) 9名,,
山口県,,山口県,,グループホーム彩花,,認知症対応型共同生活介護,山陽小野田市厚狭埴生田498－1,,34.053097,131.164917,0836-39-9988,,0836-39-7760,,社会福祉法人 健仁会,3591600261,,,(1) 9名、(2) 9名,,
山口県,,山口県,,グループホーム あかつきの里,,認知症対応型共同生活介護,下関市汐入町36－6,,33.97184,130.91571,083-222-3202,,083-222-3202,,社会福祉法人 暁会,3570100713,,,(1) 9名、(2) 9名,,
山口県,,山口県,,グループホーム わたぼうし,,認知症対応型共同生活介護,下関市横野町3－16－35,,34.034851,130.909927,083-258-3123,,083-258-2590,,社会医療法人 松涛会,3570100721,,,(1) 9名、(2) 9名,,
山口県,,山口県,,グループホーム あじさい,,認知症対応型共同生活介護,下関市豊浦町黒井1536－1,,34.121181,130.911331,083-774-1981,,083-774-3044,,特定非営利活動法人宅老所あじさい,3577800315,,,9名,,
山口県,,山口県,,グループホームうぐいすの里,,認知症対応型共同生活介護,下関市菊川町下岡枝1062,,34.133572,131.036057,083-287-1230,,083-287-1332,,社会福祉法人 菊水会,3577800331,,,(1) 9名、(2) 9名,,
山口県,,山口県,,グループホーム 王喜の郷,,認知症対応型共同生活介護,下関市王喜本町6－1－12,,34.063911,131.052368,083-283-2834,,083-283-2060,,社会福祉法人緑樹会,3570101125,,,9名,,
山口県,,山口県,,グループホーム昇陽館,,認知症対応型共同生活介護,下関市長府黒門南町6－54,,33.983971,130.985138,083-241-1500,,083-241-1501,,社会福祉法人さわやか会,3570101133,,,(1) 9名、(2) 9名,,
山口県,,山口県,,グループホーム しおさい,,認知症対応型共同生活介護,下関市武久町2－53－8,,33.981216,130.917114,083-254-4031,,083-250-9100,,医療法人社団 青寿会,3570101158,,,9名,,
山口県,,山口県,,グループホーム あいの家,,認知症対応型共同生活介護,下関市豊浦町宇賀7378－19,,34.206902,130.933182,083-776-5451,,083-776-5452,,特定非営利活動法人 宅老所 あいの家,3577800398,,,9名,,
山口県,,山口県,,グループホーム フェニックスの里,,認知症対応型共同生活介護,下関市小野64－1,,34.034351,130.962555,083-263-2088,,083-256-5025,,社会福祉法人 暁会,3570101448,,,9名,,
山口県,,山口県,,グループホーム あじさい室津,,認知症対応型共同生活介護,下関市豊浦町室津下1443－1,,34.132431,130.881897,083-774-2368,,083-774-2368,,特定非営利活動法人宅老所あじさい,3577800422,,,9名,,
山口県,,山口県,,グループホーム ほほえみ,,認知症対応型共同生活介護,下関市豊浦町涌田後地字二反田31－1,,34.148396,130.907791,083-772-0334,,083-772-0334,,特定非営利活動法人 宅老所 ほほえみ,3577800489,,,9名,,
山口県,,山口県,,グループホーム 愛の郷,,認知症対応型共同生活介護,下関市一の宮東町3－380－1,,34.003052,130.964066,083-263-6662,,083-263-3941,,有限会社 マインド,3570101687,,,(1) 9名、(2) 9名,,
山口県,,山口県,,下関市社協 グループホームそまじ,,認知症対応型共同生活介護,下関市豊北町田耕2790,,34.269527,130.988174,083-783-0441,,083-783-0441,,社会福祉法人下関市社会福祉協議会,3570101927,,,9名,,
山口県,,山口県,,下関市社協 グループホームしまど,,認知症対応型共同生活介護,下関市豊北町神田4611－2,,34.328148,130.901138,083-786-0246,,083-786-0246,,社会福祉法人下関市社会福祉協議会,3570101943,,,9名,,
山口県,,山口県,,アイユウの苑 グループホーム,,認知症対応型共同生活介護,下関市彦島田の首町1－1－32,,33.919811,130.916138,083-266-5361,,083-266-5363,,社会福祉法人 松美会,3570102271,,,(1) 9名、(2) 9名,,
山口県,,山口県,,グループホームフロイデ彦島,,認知症対応型共同生活介護,下関市彦島西山町3－12－1,,33.944992,130.879852,083-261-5082,,083-267-1188,,社会福祉法人 松涛会,3570102362,,,(1) 9名、(2) 9名,,
山口県,,山口県,,グループホーム あやらぎ,,認知症対応型共同生活介護,下関市綾羅木新町1－16－13,,34.011806,130.921249,083-242-9336,,083-255-1795,,株式会社セービング,3590104018,,,(1) 9名、(2) 9名,,
山口県,,山口県,,グループホーム ケアタウン山の田,,認知症対応型共同生活介護,下関市武久町1－19－30,,33.984394,130.926636,083-250-7183,,083-252-8110,,社会医療法人 松涛会,3590104026,,,9名,,
山口県,,山口県,,グループホーム小月,,認知症対応型共同生活介護,下関市小月宮の町7－3,,34.074059,131.038132,083-250-5021,,083-282-1771,,株式会社セービング,3590104034,,,(1) 9名、(2) 9名,,
山口県,,山口県,,グループホーム ケアタウン江の浦,,認知症対応型共同生活介護,下関市彦島江の浦町9－4－5,,33.92981,130.917984,083-261-5610,,083-266-1315,,社会医療法人 松涛会,3590104042,,,9名,,
山口県,,山口県,,グループホーム椋野,,認知症対応型共同生活介護,下関市椋野町3－22－43,,33.980499,130.943817,083-250-8815,,083-222-0282,,株式会社セービング,3590104059,,,9名,,
山口県,,山口県,,サンキ・ウエルビィグループホーム下関,,認知症対応型共同生活介護,下関市生野町1－4－10－2,,33.981506,130.934189,083-250-1125,,083-252-0612,,サンキ・ウエルビィ株式会社,3590104075,,,9名,,
山口県,,山口県,,グループホームシャンバラ,,認知症対応型共同生活介護,下関市小月茶屋2－8－27,,34.06641,131.028885,083-242-6600,,083-242-6601,,医療法人星の里会,3590104083,,,9名,,
山口県,,山口県,,地域密着型グループホームにじの丘,,認知症対応型共同生活介護,下関市菊川町田部223－9,,34.108871,131.038406,083-287-2610,,083-287-2657,,社会福祉法人菊水会,3590104091,,,9名,,
山口県,,山口県,,ケアシティ白雲台,,認知症対応型共同生活介護,下関市上田中町8－14－5,,33.962463,130.93364,083-249-5132,,083-228-0333,,医療法人茜会,3590104109,,,9名,,
山口県,,山口県,,グループホーム豊田喜楽園,,認知症対応型共同生活介護,下関市豊田町中村819－1,,34.191704,131.071838,083-766-3765,,083-766-3766,,社会福祉法人豊友会,3590104117,,,9名,,
山口県,,山口県,,グループホームフロイデ金比羅,,認知症対応型共同生活介護,下関市金比羅町10－1,,33.969746,130.919708,083-227-2813,,083-227-2819,,社会福祉法人 松涛会,3590104125,,,9名,,
山口県,,山口県,,グループホーム一の宮の里,,認知症対応型共同生活介護,下関市一の宮学園町19－1,,33.997875,130.946976,083-242-8582,,083-242-8581,,社会福祉法人 暁会,3590104133,,,9名,,
山口県,,山口県,,グループホーム椋野弐番館,,認知症対応型共同生活介護,下関市椋野町3－4－26,,33.979622,130.946411,083-250-7323,,083-223-3833,,株式会社セービング,3590104141,,,9名,,
山口県,,山口県,,グループホームやすおかの里,,認知症対応型共同生活介護,下関市安岡町7－7－1,,34.029556,130.924179,083-250-8257,,083-258-5119,,社会福祉法人夢の会,3590109173,,,27名,,
山口県,,山口県,,グループホームあやらぎの里,,認知症対応型共同生活介護,下関市綾羅木新町2－2－9,,34.012375,130.921295,083-250-7215,,083-252-5119,,社会福祉法人夢の会,3590104158,,,9名,,
山口県,,山口県,,グループホーム夢ごこち,,認知症対応型共同生活介護,下関市長府才川1－41－76,,34.025841,131.006348,083-248-5505,,083-248-5544,,社会福祉法人夢の会,3590104166,,,9名,,
山口県,,山口県,,グループホーム元町,,認知症対応型共同生活介護,下関市元町1－7,,33.967522,130.924164,083-227-3507,,083-232-5673,,株式会社セービング,3590104182,,,9名,,
山口県,,山口県,,グループホームたけひさ,,認知症対応型共同生活介護,下関市武久町1－48－32,,33.984554,130.92334,083-227-2873,,083-254-3155,,株式会社ウエルケア,3590104190,,,9名,,
山口県,,山口県,,グループホーム豊田,,認知症対応型共同生活介護,下関市豊田町中村7－1,,34.191704,131.071838,083-767-0058,,083-767-0057,,特定非営利活動法人こころ和み,3590104208,,,(1) 9名、(2) 9名,,
山口県,,山口県,,グループホーム形山,,認知症対応型共同生活介護,下関市形山町5－57,,34.014954,130.957565,083-263-6611,,083-263-6622,,株式会社ウエルケア,3590104216,,,9名,,
山口県,,山口県,,グループホーム王司,,認知症対応型共同生活介護,下関市王司川端1－4－56－2,,34.04834,131.017654,083-249-2255,,083-249-2266,,社会福祉法人夢の会,3590104224,,,9名,,
山口県,,山口県,,グループホーム王喜の郷ライム,,認知症対応型共同生活介護,下関市王喜本町4－1－6,,34.068108,131.051117,083-250-6666,,083-250-6777,,社会福祉法人緑樹会,3590104232,,,18名,,
山口県,,山口県,,グループホーム きららの里,,認知症対応型共同生活介護,長門市深川湯本10600－1,,34.332188,131.172775,0837-22-7006,,0837-22-7005,,社会福祉法人 福祥会,3571100126,,,(1) 9名、(2) 9名,,
山口県,,山口県,,（ＮＰＯ）グループホームひまわり,,認知症対応型共同生活介護,長門市油谷伊上字中上り野2238,,34.370571,131.019653,0837-32-1515,,0837-33-3500,,特定非営利活動法人ひまわり,3591100031,,,(1) 9名、(2) 9名,,
山口県,,山口県,,グループホームゆうなぎ,,認知症対応型共同生活介護,長門市仙崎10040－1,,34.390049,131.198837,0837-26-5006,,0837-26-5001,,有限会社ライフサポートながと,3591100056,,,(1) 9名、(2) 9名,,
山口県,,山口県,,グループホームひまわり日置,,認知症対応型共同生活介護,長門市日置上字反所1540－1,,34.391991,131.133804,0837-37-6881,,0837-37-2661,,ひまわり有限会社,3591100080,,,9名,,
山口県,,山口県,,グループホームやすらぎの里,,認知症対応型共同生活介護,長門市油谷河原2016－11,,34.367596,131.047333,0837-32-1517,,0837-32-1518,,社会福祉法人長門市社会福祉協議会,3591100114,,,9名,,
山口県,,山口県,,グループホームほたるの里,,認知症対応型共同生活介護,萩市須佐1378－1,,34.62389,131.623734,08387-6-3168,,08387-6-3148,,社会福祉法人 寿幸会,3578100376,,,9名,,
山口県,,山口県,,グループホームオアシスはぎ園,,認知症対応型共同生活介護,萩市大井1689－13,,34.468403,131.458984,0838-28-5177,,0838-28-5178,,社会福祉法人山口県社会福祉事業団,3570400303,,,(1) 9名、(2) 9名,,
山口県,,山口県,,萩市中津江認知症高齢者グループホームなごみ,,認知症対応型共同生活介護,萩市椿東315－6,,34.395485,131.41539,0838-24-1753,,0838-22-1100,,社会福祉法人萩市社会福祉事業団,3570400410,,,(1) 9名、(2) 9名,,
山口県,,山口県,,グループホームぬくもり,,認知症対応型共同生活介護,萩市江崎55,,34.645512,131.634171,08387-3-2565,,08387-3-2565,,特定非営利活動法人田万川地域サポート２１,3590400028,,,9名,,
山口県,,山口県,,グループホーム華房福栄,,認知症対応型共同生活介護,萩市福井下3507－1,,34.417358,131.475433,0838-52-5522,,0838-52-5558,,医療法人 社団慈生会,3590400051,,,9名,,
山口県,,山口県,,グループホーム華房福栄２号館,,認知症対応型共同生活介護,萩市福井下3507－11,,34.417358,131.475433,0838-52-5455,,0838-22-0132,,医療法人 社団慈生会,3590400069,,,9名,,
山口県,,山口県,,グループホーム であい,,認知症対応型共同生活介護,阿武郡阿武町木与10039－5,,34.530689,131.508789,08388-2-0220,,08388-2-3231,,社会福祉法人 阿武福祉会,3578100442,,,9名,,
山口県,,山口県,,ひだまりの里グループホーム,,認知症対応型共同生活介護,阿武郡阿武町宇田2251,,34.558441,131.550919,08388-4-0787,,08388-4-0787,,社会福祉法人 阿武福祉会,3597820012,,,9名,,
山口県,,山口県,,グループホームいらお苑,,認知症対応型共同生活介護,阿武郡阿武町福田下1358－1,,34.529537,131.589233,08388-5-0800,,08388-5-5101,,社会福祉法人 阿武福祉会,3597820038,,,7名,,
山口県,,山口県,,有料老人ホーム 夢沓舎,,特定施設入居者生活介護,下関市新垢田西町2－2－22,,33.985058,130.913177,083-251-1313,,083-255-1555,,社会福祉法人 祥寿園,3570100986,,,100名,,
山口県,,山口県,,有料老人ホーム 昇陽館,,特定施設入居者生活介護,下関市長府黒門南町6－54,,33.983971,130.985138,083-241-1500,,083-241-1501,,社会福祉法人さわやか会,3570101141,,,69名,,
山口県,,山口県,,外部サービス利用型特定施設入居者生活介護事業所・春光苑,,特定施設入居者生活介護,下関市永田郷440－3,,34.096703,130.892853,083-286-7300,,083-286-6791,,社会福祉法人 山口県盲人福祉協会,3570102826,,,80名,,
山口県,,山口県,,外部サービス利用型特定施設 松涛園,,特定施設入居者生活介護,下関市豊北町神田上1893,,34.281658,130.900955,083-788-0026,,083-788-0646,,社会福祉法人豊北福祉会,3570102859,,,50名,,
山口県,,山口県,,介護付有料老人ホームヴィラジオ武久,,特定施設入居者生活介護,下関市武久町2－37－24,,33.97776,130.918716,083-255-1101,,083-255-1100,,医療法人社団 青寿会,3570105654,,,66名,,
山口県,,山口県,,ケアホーム横山 陽だまりの家,,地域密着型特定施設入居者生活介護,岩国市横山3－8－10,,34.176266,132.17868,0827-43-5151,,0827-43-5152,,有限会社 福栄,3590800011,,,29名,,
山口県,,山口県,,のんびり村 通津,,地域密着型特定施設入居者生活介護,岩国市通津2252－1,,34.073696,132.182037,0827-39-1188,,0827-39-1155,,株式会社ホームケアサービス山口,3590800110,,,29名,,
山口県,,山口県,,のんびり村 今津,,地域密着型特定施設入居者生活介護,岩国市今津町4－12－7,,34.165043,132.214752,0827-30-0077,,0827-30-0055,,株式会社ホームケアサービス山口,3590800128,,,29名,,
山口県,,山口県,,有料老人ホーム 秀東館 美空,,地域密着型特定施設入居者生活介護,岩国市周東町西長野265－1,,34.090858,132.038239,0827-83-0010,,0827-84-0033,,有限会社龍泉,3590800136,,,29名,,
山口県,,山口県,,株式会社 ホームケアサービス山口 下関店,,特定福祉用具販売,下関市長府才川1－35－21,,34.027813,131.008347,083-248-7788,,083-248-6688,,株式会社 ホームケアサービス山口,3570100499,,,,,
山口県,,山口県,,株式会社 ひまわり,,特定福祉用具販売,下関市一の宮卸本町3－30,,33.988876,130.950165,083-229-1505,,083-229-1506,,株式会社 ひまわり,3570100507,,,,,
山口県,,山口県,,金剛住機株式会社下関支店,,特定福祉用具販売,下関市貴船町4－1－23,,33.968899,130.938171,083-222-6221,,083-222-3259,,金剛住機株式会社,3570100655,,,,,
山口県,,山口県,,愛グループ シャングリラ あっぷる下関店,,特定福祉用具販売,下関市みもすそ川町23－1,,33.968121,130.955322,083-231-1165,,083-223-5681,,株式会社 日本セレモニー,3570100879,,,,,
山口県,,山口県,,はんど下関営業所,,特定福祉用具販売,下関市長府扇町9－5,,34.020752,131.018219,083-248-4888,,083-248-4164,,株式会社 はんど,3570101604,,,,,
山口県,,山口県,,株式会社 モリワカ,,特定福祉用具販売,下関市綾羅木本町3－2－21,,34.003792,130.923935,083-252-1899,,083-253-6972,,株式会社 モリワカ,3570101778,,,,,
山口県,,山口県,,有限会社 いきいき介護支援,,特定福祉用具販売,下関市秋根東町2－17,,34.011311,130.95369,083-263-1086,,083-263-1087,,有限会社 いきいき介護支援,3570102545,,,,,
山口県,,山口県,,株式会社メディカルテンダー,,特定福祉用具販売,下関市垢田町1－21－16,,33.99213,130.922531,083-250-1551,,083-250-1552,,株式会社メディカルテンダー,3570102206,,,,,
山口県,,山口県,,株式会社リフレ,,特定福祉用具販売,下関市汐入町3－1,,33.973019,130.919037,083-231-0594,,083-231-0595,,株式会社リフレ,3570102776,,,,,
山口県,,山口県,,株式会社 東武住販,,特定福祉用具販売,下関市岬之町11－46,,33.952034,130.936066,083-234-1111,,083-234-1112,,株式会社 東武住販,3570103352,,,,,
山口県,,山口県,,下関福祉サービス,,特定福祉用具販売,下関市石原65－5,,34.016949,130.953033,083-263-0228,,083-242-8102,,株式会社秋本薬局,3570103444,,,,,
山口県,,山口県,,西日本商事株式会社 下関営業所,,特定福祉用具販売,下関市秋根北町8－9,,34.012665,130.953461,083-263-3240,,083-263-3235,,西日本商事株式会社,3570103501,,,,,
山口県,,山口県,,ＺＯＮ福祉レンタルサービス,,特定福祉用具販売,下関市川中本町12－18,,34.000916,130.929306,083-249-5591,,083-249-5592,,株式会社ＺＯＮ,3570104046,,,,,
山口県,,山口県,,株式会社 キロク,,特定福祉用具販売,下関市秋根北町8－1,,34.013374,130.953476,083-257-2111,,083-257-1362,,株式会社 キロク,3570104152,,,,,
山口県,,山口県,,株式会社ぴーす,,特定福祉用具販売,下関市安岡町4－14－22,,34.0299,130.915573,083-227-4256,,083-227-4257,,株式会社ぴーす,3570104665,,,,,
山口県,,山口県,,有限会社ベストライフ福祉用具サービス,,特定福祉用具販売,下関市豊浦町黒井10634－5,,34.119259,130.920685,083-775-1765,,083-775-1766,,有限会社ベストライフ,3570105043,,,,,
山口県,,山口県,,アイユウ長府福祉用具サービス事業部,,特定福祉用具販売,下関市長府金屋浜町1－5,,34.002235,130.992264,083-246-5453,,083-246-5485,,医療法人 松永会,3570105191,,,,,
山口県,,山口県,,株式会社モリモトプラスケア,,特定福祉用具販売,下関市石神町4－24,,33.975441,130.935959,083-232-6100,,083-234-0228,,株式会社モリモト,3570105340,,,,,
山口県,,山口県,,株式会社セービング,,特定福祉用具販売,下関市幡生宮の下町8－12,,33.980213,130.933441,083-242-2000,,083-242-2202,,株式会社セービング,3570105589,,,,,
山口県,,山口県,,株式会社じあい,,特定福祉用具販売,下関市一の宮卸本町3－30,,33.988876,130.950165,083-228-1539,,083-228-1538,,株式会社じあい,3570105753,,,,,
山口県,,山口県,,株式会社フルケア下関営業所,,特定福祉用具販売,下関市観音崎町10－8,,33.952793,130.938797,083-227-2802,,083-227-2875,,株式会社フルケア,3570105928,,,,,
山口県,,山口県,,ウエルケアレンタルサービス,,特定福祉用具販売,下関市小月宮の町7－3,,34.074059,131.038132,083-250-8280,,083-281-1220,,株式会社ウエルケア,3570105969,,,,,
山口県,,山口県,,合同会社つなぎ,,特定福祉用具販売,下関市綾羅木本町6－19－1－103,,34.006618,130.921173,083-242-0687,,083-242-0689,,合同会社つなぎ,3570106314,,,,,
山口県,,山口県,,ダスキンヘルスレント下関ステーション,,特定福祉用具販売,下関市卸新町7－1,,33.98423,130.948639,083-232-0294,,083-232-0295,,株式会社ニッシンコーポレーション,3570106371,,,,,
山口県,,山口県,,関門産業株式会社,,特定福祉用具販売,下関市長府扇町9－24,,34.01738,131.015594,083-242-0569,,083-242-2006,,関門産業株式会社,3570106413,,,,,
山口県,,山口県,,あん燦ぶる,,特定福祉用具販売,下関市長府侍町2－4－8　山内ヴィラージュ侍町1Ｆ,,33.994556,130.990845,083-250-8732,,083-250-8733,,株式会社燦伶,3570106447,,,,,
山口県,,山口県,,ケアプロダクツ 支援の森,,特定福祉用具販売,下関市菊川町久野675,,34.14946,130.967422,083-227-4745,,083-227-4746,,株式会社支援の森,3570106652,,,,,
山口県,,山口県,,株式会社スーリール,,特定福祉用具販売,下関市豊浦町黒井2841－12,,34.136051,130.897964,083-242-5050,,00-0000-0000,,株式会社 スーリール,3570106710,,,,,
山口県,,山口県,,ふくふく介護事業所,,特定福祉用具販売,下関市小月本町1－7－8,,34.071316,131.034424,090-97377996,,083-284-0456,,合同会社 ふく,3570106744,,,,,
山口県,,山口県,,平成介護支援センター,,居宅介護支援,岩国市玖珂町11361,,34.100464,132.092773,0827-82-6111,,0827-82-3870,,医療法人 山口平成会,3517210831,,,,,
山口県,,山口県,,訪問看護ステーションつくし,,居宅介護支援,岩国市南岩国町2－77－23,,34.138248,132.19252,0827-32-8338,,0827-32-8378,,医療法人 岩国みなみ病院,3560890000,,,,,
山口県,,山口県,,医療法人 錦病院 指定居宅介護支援事業所あいりす,,居宅介護支援,岩国市錦見7－16－1,,34.159916,132.18718,0827-44-0160,,0827-44-0535,,医療法人 錦病院,3570800031,,,,,
山口県,,山口県,,平成在宅介護支援センター平田,,居宅介護支援,岩国市平田5－31－7,,34.140362,132.190521,0827-34-1112,,0827-34-1115,,社会福祉法人 平成記念会,3570800049,,,,,
山口県,,山口県,,なんわ荘在宅介護支援センター,,居宅介護支援,岩国市尾津町5－7－30,,34.132225,132.209656,0827-34-0281,,0827-34-0076,,医療法人 南和会,3570800056,,,,,
山口県,,山口県,,有限会社渡辺薬局 在宅ケアサービス,,居宅介護支援,岩国市麻里布町2－1－9　2Ｆ,,34.171528,132.224442,0827-23-5188,,0827-30-1566,,有限会社 渡辺薬局,3570800148,,,,,
山口県,,山口県,,ふれんず在宅介護支援センター,,居宅介護支援,岩国市今津町1－11－23,,34.166946,132.220749,0827-21-5135,,0827-21-5133,,医療法人社団 まりふ会,3570800288,,,,,
山口県,,山口県,,南和会つづ在宅介護支援センター,,居宅介護支援,岩国市通津2594－2,,34.070915,132.206223,0827-39-0050,,0827-39-0075,,医療法人 南和会,3570800379,,,,,
山口県,,山口県,,錦福祉会居宅介護支援事業所,,居宅介護支援,岩国市錦町広瀬758,,34.274345,131.921814,0827-72-3523,,0827-72-3562,,社会福祉法人 錦福祉会,3577200029,,,,,
山口県,,山口県,,高森福祉会居宅介護支援事業所,,居宅介護支援,岩国市玖珂町3813－6,,34.100464,132.092773,0827-82-6900,,0827-82-0736,,社会福祉法人 高森福祉会,3577200045,,,,,
山口県,,山口県,,美和苑居宅介護支援事業所,,居宅介護支援,岩国市美和町生見12538,,34.247898,132.086365,0827-96-1158,,0827-96-0446,,社会福祉法人 美和福祉会,3577200060,,,,,
山口県,,山口県,,美川苑在宅介護支援センター,,居宅介護支援,岩国市美川町小川437－1,,34.242199,132.00737,0827-76-5030,,0827-76-5010,,社会福祉法人 美川福祉会,3577200227,,,,,
山口県,,山口県,,光葉苑介護保険相談室,,居宅介護支援,岩国市下317－2,,34.169106,132.095917,0827-47-3423,,0827-47-3502,,社会福祉法人 光葉会,3570800445,,,,,
山口県,,山口県,,有限会社 酔風企画 やまもとたかひろ社会福祉士事務所,,居宅介護支援,岩国市柱野866,,34.13118,132.15062,0827-45-1555,,0827-45-1556,,有限会社 酔風企画,3570800478,,,,,
山口県,,山口県,,新生会 介護保険相談室,,居宅介護支援,岩国市下342－1,,34.169106,132.095917,0827-37-0700,,0827-37-0701,,医療法人 新生会,3570800502,,,,,
山口県,,山口県,,かなえ介護保険相談室,,居宅介護支援,岩国市錦見3－7－55,,34.165905,132.198792,0827-44-2231,,0827-44-2232,,社会福祉法人 鼎会,3570800569,,,,,
山口県,,山口県,,居宅介護支援事業所 スマイルちゃん,,居宅介護支援,岩国市周東町下久原146,,34.092285,132.072632,0827-82-0078,,0827-82-4415,,特定非営利活動法人 スマイルちゃん,3577200581,,,,,
山口県,,山口県,,ニチイケアセンター岩国,,居宅介護支援,岩国市川西3－5－40,,34.15617,132.175751,0827-44-0511,,0827-41-3651,,株式会社ニチイ学館,3570800015,,,,,
山口県,,山口県,,有限会社岩国メディカルサポート居宅介護支援事業所かえで,,居宅介護支援,岩国市南岩国町4－59－5－1,,34.131073,132.196991,0827-28-1700,,0827-34-2888,,有限会社岩国メディカルサポート,3570800940,,,,,
山口県,,山口県,,居宅介護支援事業所有限会社にこにこ苑,,居宅介護支援,岩国市玖珂町1011－4,,34.100464,132.092773,0827-81-0525,,0827-81-0625,,有限会社にこにこ苑,3570800973,,,,,
山口県,,山口県,,社会福祉法人岩国市社会福祉協議会社協介護相談センター周東,,居宅介護支援,岩国市周東町下久原626－8,,34.090099,132.057373,0827-84-0077,,0827-84-4911,,社会福祉法人岩国市社会福祉協議会,3570801146,,,,,
山口県,,山口県,,緑風会介護支援センター,,居宅介護支援,岩国市由宇町北1－5－20,,34.04937,132.211472,0827-62-1152,,0827-62-1134,,社会福祉法人緑風会,3570801211,,,,,
山口県,,山口県,,いしいケア・クリニック介護保険相談室,,居宅介護支援,岩国市麻里布町3－5－5,,34.170181,132.222794,0827-29-0365,,0827-29-0213,,医療法人 新生会,3570801237,,,,,
山口県,,山口県,,あすなろ居宅介護支援事業所,,居宅介護支援,岩国市美和町渋前603－2,,34.218582,132.093811,0827-96-0667,,0827-96-1970,,有限会社 きらく,3570801443,,,,,
山口県,,山口県,,縁介護支援事業所,,居宅介護支援,岩国市平田5－50－14,,34.141201,132.193192,0827-28-1183,,0827-28-1184,,合同会社 縁,3570801450,,,,,
山口県,,山口県,,灘海園居宅介護支援事業所,,居宅介護支援,岩国市愛宕町1－5－1,,34.145725,132.199829,0827-34-0138,,0827-28-0318,,社会福祉法人 山口県社会福祉事業団,3570801708,,,,,
山口県,,山口県,,玖西居宅介護支援事業所,,居宅介護支援,岩国市玖珂町581－6,,34.100464,132.092773,0827-28-4188,,0827-82-7718,,合同会社玖西介護保険相談所,3570801906,,,,,
山口県,,山口県,,錦福祉会まりふ居宅介護支援事業所,,居宅介護支援,岩国市麻里布町3－5－30,,34.170403,132.222122,0827-30-0012,,0827-30-0013,,社会福祉法人 錦福祉会,3570801963,,,,,
山口県,,山口県,,居宅介護支援センターあゆみ,,居宅介護支援,岩国市玖珂町3432－8,,34.100464,132.092773,0827-81-1165,,0827-81-0065,,株式会社 Ｆｏｒｅｓｔ,3570802011,,,,,
山口県,,山口県,,一般社団法人 岩国薬剤師会会営薬局,,居宅介護支援,岩国市今津町1－10－13,,34.166882,132.220474,0827-21-1105,,0827-29-5531,,一般社団法人 岩国薬剤師会,3570802037,,,,,
山口県,,山口県,,あまがき居宅介護支援事業所,,居宅介護支援,岩国市由宇町682－1,,34.035919,132.176926,0827-63-3285,,0827-63-3286,,特定非営利活動法人 サポートゆう,3570802078,,,,,
山口県,,山口県,,しいのき坂居宅介護支援事業所,,居宅介護支援,岩国市車町2－13－35,,34.156418,132.220856,0827-22-2847,,0827-22-6740,,合同会社椎ノ木坂,3570802094,,,,,
山口県,,山口県,,居宅介護支援事業所 岩国・みどりの家,,居宅介護支援,岩国市岩国1－20－46－201,,34.166801,132.180847,0827-35-4840,,0827-35-4844,,株式会社エポカケアサービス,3570802169,,,,,
山口県,,山口県,,居宅介護支援事業所 和,,居宅介護支援,岩国市由宇町神東1692－1,,33.995953,132.206375,0827-63-4210,,0827-63-4210,,株式会社 Ａｍｏｌｉｒ,3570802193,,,,,
山口県,,山口県,,介護保険相談センターティエラ,,居宅介護支援,岩国市多田3－104－2,,34.180756,132.168777,0827-44-3003,,0827-44-2700,,株式会社ティエラ,3570802235,,,,,
山口県,,山口県,,居宅介護支援事業所すなお,,居宅介護支援,岩国市御庄1－107－6,,34.16581,132.148956,0827-28-6668,,0827-28-6880,,有限会社 正栄福祉会,3570802243,,,,,
山口県,,山口県,,訪問ステーションてとてと岩国,,居宅介護支援,岩国市御庄4－106－7,,34.169209,132.15654,0827-28-6360,,0827-28-6361,,株式会社 メディス,3560890109,,,,,
山口県,,山口県,,シンシアゆうわ居宅介護支援事業所,,居宅介護支援,岩国市藤生町3－27－8,,34.120247,132.190186,0827-34-6002,,0827-34-6011,,社会福祉法人 恒和会,3570802276,,,,,
山口県,,山口県,,あくと居宅介護支援事業所,,居宅介護支援,岩国市山手町4－2－61－1号,,34.160248,132.206009,0827-35-6111,,0827-35-6261,,合同会社あくとソーシャルサポート,3570802318,,,,,
山口県,,山口県,,三志会居宅介護支援センター,,居宅介護支援,岩国市尾津町2－22－10,,34.136459,132.206604,0827-31-3377,,0827-31-3339,,医療法人社団三志会,3570802359,,,,,
山口県,,山口県,,介護相談センターカフナ,,居宅介護支援,岩国市美和町佐坂20,,34.228626,132.113419,0827-96-0777,,0827-96-0779,,株式会社カフナ,3570802367,,,,,
山口県,,山口県,,オリーブ居宅介護支援事業所,,居宅介護支援,岩国市関戸1－105－12,,34.185856,132.172867,0827-28-1558,,0827-28-2669,,フォースマイル株式会社,3570802409,,,,,
山口県,,山口県,,久米医院居宅介護支援事業所,,居宅介護支援,岩国市由宇町1－12－5,,34.035919,132.176926,0827-63-2220,,0827-63-2288,,医療法人 久米医院,3570802441,,,,,
山口県,,山口県,,大野社会福祉士事務所,,居宅介護支援,岩国市由宇町千鳥ヶ丘2－8－12,,34.032864,132.2117,0827-28-4742,,0827-28-4743,,合同会社 はなみどり,3570802482,,,,,
山口県,,山口県,,わきあいあい苑指定居宅介護支援事業所,,居宅介護支援,玖珂郡和木町瀬田4－1－1,,34.194065,132.225128,0827-54-0322,,0827-52-0055,,社会福祉法人 和木三志会,3577200169,,,,,
山口県,,山口県,,山口県厚生農業協同組合連合会 周東総合病院,,居宅介護支援,柳井市古開作1000－1,,33.959858,132.095093,0820-22-3456,,0820-24-2505,,山口県厚生農業協同組合連合会,3511210027,,,,,
山口県,,山口県,,在宅介護支援センターまつかぜ居宅介護支援事業所,,居宅介護支援,柳井市余田3718,,33.958447,132.067291,0820-23-3320,,0820-23-3595,,医療法人 松栄会,3571200017,,,,,
山口県,,山口県,,わたぼうし居宅介護支援事業所,,居宅介護支援,柳井市柳井4920－2,,33.972912,132.097061,0820-23-6233,,0820-23-6235,,有限会社 わたぼうし,3571200314,,,,,
山口県,,山口県,,社会福祉法人柳井市社会福祉協議会指定居宅介護支援事業所,,居宅介護支援,柳井市南町3－9－2,,33.963169,132.102631,0820-23-1532,,0820-23-1107,,社会福祉法人柳井市社会福祉協議会,3571200439,,,,,
山口県,,山口県,,サンキ・ウエルビィ介護センター柳井,,居宅介護支援,柳井市柳井1010－1,,33.961246,132.129623,0820-24-1064,,0820-24-1065,,サンキ・ウエルビィ株式会社,3571200579,,,,,
山口県,,山口県,,ひらもと介護保険相談所,,居宅介護支援,柳井市山根6－17,,33.969166,132.117508,0820-23-1905,,0820-25-3922,,合同会社ＨＥＩＢＯＮＬＩＦＥ,3571200660,,,,,
山口県,,山口県,,ありがとうやない居宅介護支援事業所,,居宅介護支援,柳井市遠崎字高下7－1,,33.96254,132.148834,0820-25-3636,,0820-25-3658,,株式会社 無尽蔵,3571200751,,,,,
山口県,,山口県,,ゆうわケアプランセンター,,居宅介護支援,柳井市伊保庄字近長浜1－4,,33.930088,132.116165,0820-27-6001,,0820-27-0800,,社会福祉法人 恒和会,3571200785,,,,,
山口県,,山口県,,オレンジ苑居宅介護支援事業所,,居宅介護支援,大島郡周防大島町東安下庄774－9,,33.902946,132.292572,0820-77-2008,,0820-77-2007,,社会福祉法人橘福祉会,3577100021,,,,,
山口県,,山口県,,ほのぼの苑居宅介護支援事業所,,居宅介護支援,大島郡周防大島町小松133－1,,33.93969,132.193604,0820-74-2100,,0820-74-2131,,社会福祉法人 さつき会,3577100039,,,,,
山口県,,山口県,,白寿苑居宅介護支援事業所,,居宅介護支援,大島郡周防大島町西方1623－2,,33.885509,132.357452,0820-78-1817,,0820-78-2010,,社会福祉法人 大島白壽會,3577100088,,,,,
山口県,,山口県,,やまびこ苑居宅介護支援事業所,,居宅介護支援,大島郡周防大島町久賀5375－1,,33.937672,132.266953,0820-79-0123,,0820-72-2882,,社会福祉法人 慈光福祉会,3577100096,,,,,
山口県,,山口県,,周防大島町社協 居宅介護支援事業所,,居宅介護支援,大島郡周防大島町久賀4801－1,,33.937672,132.266953,0820-72-4165,,0820-72-4167,,社会福祉法人 周防大島町社会福祉協議会,3577100435,,,,,
山口県,,山口県,,居宅介護支援事業所 とうわ,,居宅介護支援,大島郡周防大島町西方571－1,,33.885509,132.357452,0820-78-0310,,0820-78-1885,,周防大島町,3577100468,,,,,
山口県,,山口県,,居宅介護支援事業所 おおしま,,居宅介護支援,大島郡周防大島町小松1415－1,,33.941822,132.187759,0820-74-3434,,0820-79-2037,,周防大島町,3577100476,,,,,
山口県,,山口県,,有限会社しらき,,居宅介護支援,大島郡周防大島町西方14,,33.885509,132.357452,0820-78-2626,,0820-78-2727,,有限会社 しらき,3577100674,,,,,
山口県,,山口県,,居宅介護支援事業所なないろ,,居宅介護支援,大島郡周防大島町小松91－4,,33.93969,132.193604,0820-79-2223,,0820-79-2226,,医療法人 おかはら会,3577100708,,,,,
山口県,,山口県,,松福介護相談所,,居宅介護支援,大島郡周防大島町小松開作1199,,33.92643,132.180984,0820-74-5539,,0820-74-1985,,合同会社松福,3577100773,,,,,
山口県,,山口県,,上関福祉会居宅介護支援事業所,,居宅介護支援,熊毛郡上関町長島1561－1,,33.82235,132.078217,0820-65-5111,,0820-65-0566,,社会福祉法人 上関福祉会,3577300605,,,,,
山口県,,山口県,,なぎさ居宅介護支援事業所,,居宅介護支援,熊毛郡上関町長島580,,33.82235,132.078217,0820-62-1880,,0820-62-1877,,株式会社 天吉屋,3577300621,,,,,
山口県,,山口県,,たぶせ苑指定居宅介護支援事業所,,居宅介護支援,熊毛郡田布施町宿井406,,33.965446,132.027832,0820-53-1297,,0820-53-2940,,社会福祉法人 施福会,3577300126,,,,,
山口県,,山口県,,アットホーム居宅介護支援事業所,,居宅介護支援,熊毛郡田布施町麻郷字平原776－68,,33.93198,132.044785,0820-53-0111,,0820-53-0119,,有限会社 アットホーム,3577300639,,,,,
山口県,,山口県,,ル・モンド田布施居宅介護支援事業所,,居宅介護支援,熊毛郡田布施町波野433－1,,33.969086,132.042664,0820-52-6660,,0820-52-6677,,株式会社 ブリスホーム,3577300696,,,,,
山口県,,山口県,,平生町社会福祉協議会,,居宅介護支援,熊毛郡平生町平生村618－2,,33.945328,132.07637,0820-56-8200,,0820-56-8220,,社会福祉法人 平生町社会福祉協議会,3577300027,,,,,
山口県,,山口県,,ながやす介護ステーション,,居宅介護支援,熊毛郡平生町平生村862－2,,33.943233,132.072586,0820-56-7890,,0820-56-6556,,有限会社 長安工業,3577300043,,,,,
山口県,,山口県,,光輝会居宅介護支援事業所,,居宅介護支援,熊毛郡平生町平生町佐賀字鳩ヶ峯10002－77,,33.936855,132.068466,0820-58-1111,,0820-58-1120,,医療法人 光輝会,3577300068,,,,,
山口県,,山口県,,株式会社河村福祉サービス柳井介護センター,,居宅介護支援,熊毛郡平生町平生町588－1,,33.941547,132.069839,0820-25-1770,,0820-25-1771,,株式会社 河村福祉サービス,3571200397,,,,,
山口県,,山口県,,お茶の間社会福祉士事務所,,居宅介護支援,熊毛郡平生町平生村590－4,,33.941216,132.076752,0820-56-6464,,0820-56-6454,,合同会社 分福,3577300837,,,,,
山口県,,山口県,,居宅介護支援事業所きらら,,居宅介護支援,下松市生野屋南1－10－1,,34.032719,131.876617,0833-41-6175,,0833-45-3371,,社会医療法人 同仁会,3560790002,,,,,
山口県,,山口県,,松寿苑指定居宅介護支援事業所,,居宅介護支援,下松市来巻944－1,,34.014561,131.923477,0833-47-1200,,0833-47-1229,,社会福祉法人 幸洋福祉会,3570700033,,,,,
山口県,,山口県,,さくら苑指定居宅介護支援事業所,,居宅介護支援,下松市瑞穂町2－21－1,,34.024117,131.851822,0833-43-8123,,0833-44-4516,,医療法人社団二三会,3570700041,,,,,
山口県,,山口県,,ほしのさと居宅介護支援事業所,,居宅介護支援,下松市生野屋南1－13－1,,34.032597,131.874741,0833-44-5151,,0833-45-3121,,社会福祉法人 くだまつ平成会,3570700066,,,,,
山口県,,山口県,,指定居宅介護支援事業所友・遊,,居宅介護支援,下松市河内1897,,34.012997,131.897705,0833-45-6511,,0833-43-6581,,有限会社 誠心会,3570700546,,,,,
山口県,,山口県,,のんびり村花岡居宅介護支援事業所,,居宅介護支援,下松市末武上久保田1800－1,,34.043716,131.869751,0833-48-3388,,0833-48-2288,,株式会社 ホームケアサービス山口,3571500549,,,,,
山口県,,山口県,,居宅介護支援事業所 あじさい,,居宅介護支援,下松市末武中41－6,,34.025146,131.842819,0833-44-0370,,0833-43-7391,,有限会社広吉,3570700611,,,,,
山口県,,山口県,,ル・モンド下松居宅介護支援事業所,,居宅介護支援,下松市望町1－11－28,,34.027889,131.861099,0833-48-1088,,0833-48-1089,,株式会社 ブリスホーム,3570700686,,,,,
山口県,,山口県,,ケアプランセンターねがい星,,居宅介護支援,下松市東陽6－1－3,,34.031921,131.91394,0833-46-0015,,0833-46-0030,,株式会社ハーモニーケア,3570700850,,,,,
山口県,,山口県,,居宅介護支援事業所来歩,,居宅介護支援,下松市中央町14－19,,34.017719,131.86264,0833-48-3507,,0833-45-2612,,株式会社総合リハビリテーション研究所,3570700942,,,,,
山口県,,山口県,,ＪＡ介護支援センター下松,,居宅介護支援,下松市西柳2－3－48,,34.017063,131.864075,0833-45-2340,,0833-45-2341,,ＪＡ協同サポート山口株式会社,3570701023,,,,,
山口県,,山口県,,指定居宅介護支援事業所げんき,,居宅介護支援,下松市西豊井1655－3,,34.018143,131.875214,0833-45-2200,,0833-45-2300,,株式会社つむぎ,3570701080,,,,,
山口県,,山口県,,居宅介護支援事業所 星ひろば,,居宅介護支援,下松市古川町3－1－2,,34.007442,131.872314,0833-48-9232,,0833-48-9233,,社会福祉法人緑山会,3570701114,,,,,
山口県,,山口県,,エトワール居宅介護支援事業所,,居宅介護支援,下松市切山165,,34.034374,131.918839,0833-46-3160,,0833-46-3160,,内山 合同会社,3570701130,,,,,
山口県,,山口県,,桜町介護相談室,,居宅介護支援,下松市桜町2－17－14,,34.018288,131.867188,0833-43-0866,,0833-43-0866,,合同会社 Ｎ＆Ｆ,3570701221,,,,,
山口県,,山口県,,しまた川苑指定居宅介護支援事業所,,居宅介護支援,光市島田5－8－20,,33.979996,131.939575,0833-76-0076,,0833-76-0075,,医療法人 愛命会,3571000011,,,,,
山口県,,山口県,,光富士白苑居宅介護支援事業所,,居宅介護支援,光市虹ケ浜2－5－30,,33.968555,131.918182,0833-71-5800,,0833-72-8088,,社会福祉法人 光富士白苑,3571000029,,,,,
山口県,,山口県,,光寿苑居宅介護支援事業所,,居宅介護支援,光市室積沖田5－1,,33.935333,131.974075,0833-79-1707,,0833-48-8210,,社会福祉法人 光寿福祉会,3571000045,,,,,
山口県,,山口県,,やまと苑指定居宅介護支援事業所,,居宅介護支援,光市岩田267,,33.982563,131.988388,0820-48-5588,,0820-48-8944,,社会福祉法人 大和福祉会,3577300076,,,,,
山口県,,山口県,,河村循環器神経内科居宅介護支援事業所,,居宅介護支援,光市三井6－18－1,,33.988396,131.952942,0833-77-0676,,0833-77-1606,,医療法人 やよい,3571000144,,,,,
山口県,,山口県,,ニチイケアセンター光,,居宅介護支援,光市木園1－5－32,,33.978184,131.929779,0833-74-2888,,0833-74-2891,,株式会社 ニチイ学館,3571000177,,,,,
山口県,,山口県,,社会福祉法人光市社会福祉協議会居宅介護支援事業所,,居宅介護支援,光市光井2－2－1,,33.952576,131.953812,0833-74-3060,,0833-74-3073,,社会福祉法人光市社会福祉協議会,3571000359,,,,,
山口県,,山口県,,ヒューマン・ライフ・ケアきらら居宅介護支援事業所,,居宅介護支援,光市小周防1658－1,,34.018436,131.978043,0833-77-0011,,0833-76-0551,,特定非営利活動法人優喜会,3571000383,,,,,
山口県,,山口県,,居宅介護支援事業所 市川医院,,居宅介護支援,光市中央3－2－26,,33.959202,131.946274,0833-74-0710,,0833-71-2171,,医療法人社団 光仁会,3571000532,,,,,
山口県,,山口県,,歩夢ケアプランセンター,,居宅介護支援,光市室積正木14－3,,33.938004,131.970566,0833-48-8542,,0833-48-8546,,合同会社 歩夢,3571000540,,,,,
山口県,,山口県,,ひかり苑居宅介護支援事業所,,居宅介護支援,光市光ケ丘5－18,,33.981831,131.918854,0833-74-1203,,0833-74-1204,,社会福祉法人 ひかり苑,3571000607,,,,,
山口県,,山口県,,鬼木事務所指定居宅介護支援事業所,,居宅介護支援,光市岩田1180－1,,33.98645,131.982422,090-75440323,,0820-49-3200,,合同会社 鬼木事務所,3571000615,,,,,
山口県,,山口県,,おりづる居宅介護支援事業所,,居宅介護支援,光市三井6－15－5,,33.989334,131.954361,0833-48-8376,,0833-77-4228,,有限会社 生活サポーターおりづる,3571000631,,,,,
山口県,,山口県,,さくら支援ステーション光,,居宅介護支援,光市中央3－7－18,,33.957432,131.945572,0833-71-0787,,0833-71-0778,,株式会社マストコーポレーション,3571000789,,,,,
山口県,,山口県,,指定居宅介護事業所ほっとはーと,,居宅介護支援,光市虹ケ浜1－1－10,,33.973976,131.920197,0833-48-7165,,0833-48-7155,,株式会社Ｓ．Ｋ．Ｇ,3571000847,,,,,
山口県,,山口県,,すみれ居宅介護支援事業所,,居宅介護支援,光市島田5－14－43　吉原ビル,,33.977764,131.937408,0833-48-8377,,0833-48-8828,,株式会社ＳＩＣＵＲＯ,3571000904,,,,,
山口県,,山口県,,美来ケアプランセンター,,居宅介護支援,光市上島田4－5－20,,33.989746,131.961029,090-75081005,,0833-44-7510,,合同会社 美来,3571000961,,,,,
山口県,,山口県,,医療法人 宇野医院本院 居宅介護支援事業,,居宅介護支援,周南市櫛ケ浜501,,34.026089,131.831543,0834-25-0075,,0834-25-0356,,医療法人 宇野医院本院,3510512043,,,,,
山口県,,山口県,,医療法人 真和会 松村医院,,居宅介護支援,周南市呼坂1－3,,34.051235,131.941422,0833-91-0303,,0833-91-7255,,医療法人 真和会,3517310599,,,,,
山口県,,山口県,,つづみ園居宅介護支援事業所,,居宅介護支援,周南市瀬戸見町12－30,,34.050682,131.832703,0834-28-7058,,0834-28-7061,,社会福祉法人 周南市社会福祉事業団,3570500029,,,,,
山口県,,山口県,,居宅介護支援事業所ひまわり,,居宅介護支援,周南市新地3－5－1,,34.068966,131.788528,0834-21-1000,,0834-31-5520,,医療法人社団 高橋内科,3570500045,,,,,
山口県,,山口県,,やすらぎ苑居宅介護支援センター,,居宅介護支援,周南市湯野158,,34.097805,131.684372,0834-83-2444,,0834-83-3438,,社会福祉法人 仁泉会,3570500094,,,,,
山口県,,山口県,,徳山医師会居宅介護支援事業所,,居宅介護支援,周南市東山町6－28,,34.049595,131.816147,0834-27-4155,,0834-32-9048,,一般社団法人 徳山医師会,3570500102,,,,,
山口県,,山口県,,鼓ヶ浦居宅介護支援センター,,居宅介護支援,周南市久米1533－3,,34.041332,131.849213,0834-29-5033,,0834-29-1156,,社会福祉法人 鼓ヶ浦整肢学園,3570500128,,,,,
山口県,,山口県,,友愛園指定居宅介護支援事業所,,居宅介護支援,周南市須々万本郷29－2,,34.112503,131.864151,0834-88-2346,,0834-88-2769,,社会福祉法人 緑山会,3570500144,,,,,
山口県,,山口県,,サンキ・ウエルビィ介護センター徳山,,居宅介護支援,周南市五月町7－10,,34.037788,131.828995,0834-27-6057,,0834-27-6095,,サンキ・ウエルビィ株式会社,3570500367,,,,,
山口県,,山口県,,春の里居宅介護支援事業所,,居宅介護支援,周南市羽島1－2－23,,34.073582,131.726776,0834-61-2001,,0834-61-2002,,医療法人 松仁会,3571400039,,,,,
山口県,,山口県,,天王園在宅介護支援センター,,居宅介護支援,周南市大河内1109－2,,34.025928,131.940994,0833-91-5851,,0833-91-5813,,社会福祉法人 一仁会,3577300084,,,,,
山口県,,山口県,,やまなみ荘在宅介護支援センター,,居宅介護支援,周南市鹿野上2755－1,,34.253082,131.853287,0834-68-4183,,0834-68-4101,,社会福祉法人 鹿野福祉会,3577400017,,,,,
山口県,,山口県,,あい・周南ケアセンター,,居宅介護支援,周南市秋月1－1－10,,34.054001,131.824753,0834-39-0506,,0834-39-0507,,有限会社 あい,3570500565,,,,,
山口県,,山口県,,周南市社会福祉協議会しんなんよう,,居宅介護支援,周南市古川町1－17,,34.069176,131.777283,0834-61-2270,,0834-61-2115,,社会福祉法人周南市社会福祉協議会,3571500036,,,,,
山口県,,山口県,,居宅介護支援事業所のんた,,居宅介護支援,周南市戸田2783,,34.076717,131.684418,0834-82-1121,,0834-82-1122,,医療法人 竹内医院,3571500077,,,,,
山口県,,山口県,,ケアパートナー周南・ケアプランセンター,,居宅介護支援,周南市桜木1－1－32,,34.043694,131.837433,0834-28-1330,,0834-28-1331,,ケアパートナー株式会社,3571501968,,,,,
山口県,,山口県,,ふじ周南居宅介護支援事業所,,居宅介護支援,周南市築港町12－1　スカイマンション1階,,34.048862,131.802155,0834-27-2212,,0834-32-2551,,株式会社不二ビルサービス,3571500150,,,,,
山口県,,山口県,,居宅介護支援センター こもれび,,居宅介護支援,周南市久米2665－7,,34.051853,131.85611,0834-39-3011,,0834-39-0531,,エポックワン有限会社,3571500226,,,,,
山口県,,山口県,,ニチイケアセンター菊川,,居宅介護支援,周南市下上644－1,,34.084961,131.778488,0834-61-2828,,0834-61-2811,,株式会社 ニチイ学館,3570500441,,,,,
山口県,,山口県,,居宅介護支援センター湯野温泉,,居宅介護支援,周南市湯野4203－6,,34.094482,131.675171,0834-82-1001,,0834-82-1002,,医療法人 治徳会,3571500416,,,,,
山口県,,山口県,,指定居宅介護支援事業所 ゆめ風車,,居宅介護支援,周南市宮の前2－6－27,,34.072559,131.763748,0834-61-3277,,0834-61-2581,,公益財団法人 周南市医療公社,3571500523,,,,,
山口県,,山口県,,三丘温泉指定居宅介護支援事業所,,居宅介護支援,周南市小松原1233－3,,34.040073,132.00824,0833-92-1650,,0833-91-1200,,株式会社 山陽グローバルパートナーズ,3571500663,,,,,
山口県,,山口県,,鹿野博愛居宅介護支援事業所,,居宅介護支援,周南市鹿野下1161－1,,34.210499,131.825378,0834-68-2233,,0834-68-3522,,医療法人 緑山会,3571500671,,,,,
山口県,,山口県,,香田整形外科医院 居宅介護支援事業所,,居宅介護支援,周南市代々木通り2－27,,34.054714,131.80513,0834-33-8133,,0834-21-8198,,医療法人 こうえい会,3571500689,,,,,
山口県,,山口県,,えがお,,居宅介護支援,周南市平野1－5－5,,34.072525,131.751633,0834-64-1016,,0834-64-1018,,株式会社 えがお,3571500770,,,,,
山口県,,山口県,,居宅介護支援事業所 元気村,,居宅介護支援,周南市湯野109－22,,34.108093,131.6716,0834-82-0001,,0834-82-0011,,医療法人社団 生和会,3571500812,,,,,
山口県,,山口県,,居宅介護支援事業所 なごやか熊毛,,居宅介護支援,周南市高水原2－7－21,,34.054207,131.973541,0833-92-0360,,0833-91-3382,,医療法人社団 生和会,3571500820,,,,,
山口県,,山口県,,くりや苑居宅介護支援センター,,居宅介護支援,周南市栗屋839－1,,34.020061,131.835266,0834-36-0110,,0834-36-0111,,社会福祉法人栗屋福祉会,3571501232,,,,,
山口県,,山口県,,居宅介護支援事業所徳山リハビリテーション病院,,居宅介護支援,周南市徳山626,,34.073544,131.822449,0834-33-7773,,0834-31-2380,,医療法人社団 生和会,3571501307,,,,,
山口県,,山口県,,居宅介護支援事業所 春風,,居宅介護支援,周南市呼坂字緑ヶ丘850－197,,34.051235,131.941422,0833-48-5423,,0833-48-5423,,株式会社千の春,3571501398,,,,,
山口県,,山口県,,ＪＡ介護支援センター新南陽,,居宅介護支援,周南市清水1－9－5,,34.070648,131.76915,0834-61-2352,,0834-61-3450,,ＪＡ協同サポート山口株式会社,3571501489,,,,,
山口県,,山口県,,ＪＡ介護支援センター須々万ぺんぎん,,居宅介護支援,周南市須々万本郷2502,,34.112503,131.864151,0834-87-0015,,0834-87-0035,,ＪＡ協同サポート山口株式会社,3571501497,,,,,
山口県,,山口県,,おにたけ居宅介護支援事業所,,居宅介護支援,周南市須々万奥600,,34.149956,131.870239,0834-87-1750,,0834-87-1760,,株式会社おにたけ,3571501612,,,,,
山口県,,山口県,,居宅介護支援事業所 絆,,居宅介護支援,周南市須々万奥544－8,,34.149956,131.870239,0834-88-1777,,0834-88-1366,,合同会社絆周南,3571501760,,,,,
山口県,,山口県,,徳山病院居宅介護支援事業所,,居宅介護支援,周南市南浦山町5－14,,34.069366,131.788071,0834-34-1510,,0834-34-1512,,医療法人周友会徳山病院,3571501828,,,,,
山口県,,山口県,,内山ケアマネジャー事務所,,居宅介護支援,周南市昭和通1－9－2　徳山プリンスマンション502,,34.051544,131.810333,0834-33-1830,,0834-33-1835,,合同会社内山ケアマネジャー事務所,3571501885,,,,,
山口県,,山口県,,居宅介護支援事業所 呼鶴温泉,,居宅介護支援,周南市安田1815,,34.047436,131.968735,0833-92-1117,,0833-92-1118,,有限会社 誠心会,3571501943,,,,,
山口県,,山口県,,＆Ｌｉｆｅケアプランセンター,,居宅介護支援,周南市櫛ヶ浜227－1,,34.026577,131.828415,0834-25-3778,,0834-25-3774,,株式会社 維新,3571501950,,,,,
山口県,,山口県,,みどりばケアプランセンター,,居宅介護支援,周南市毛利町3－45,,34.057495,131.811584,0834-51?7730,,0834-51-7897,,ギャップ・フィリング株式会社,3571501984,,,,,
山口県,,山口県,,医療法人和同会防府リハビリテーション病院,,居宅介護支援,防府市台道1634－1,,34.069256,131.492813,0835-33-1211,,0835-33-1212,,医療法人 和同会,3510611241,,,,,
山口県,,山口県,,防府あかり園在宅介護支援センター,,居宅介護支援,防府市台道1684,,34.052521,131.480865,0835-32-2418,,0835-33-2030,,社会福祉法人 博愛会,3570600019,,,,,
山口県,,山口県,,好日苑居宅介護支援事業所,,居宅介護支援,防府市戎町2－5－1,,34.058765,131.570129,0835-26-5013,,0835-26-5015,,医療法人 松寿会,3570600027,,,,,
山口県,,山口県,,岸津苑在宅介護支援センター,,居宅介護支援,防府市岸津2－24－20,,34.049118,131.593491,0835-24-0512,,0835-24-0178,,社会福祉法人 周陽福祉会,3570600043,,,,,
山口県,,山口県,,在宅介護支援センターはくあい,,居宅介護支援,防府市三田尻1－1－24,,34.048119,131.572754,0835-26-2627,,0835-26-2631,,医療法人 博愛会,3570600068,,,,,
山口県,,山口県,,防府在宅介護支援センター尚歯堂,,居宅介護支援,防府市新田780－3,,34.031162,131.563324,0835-26-1131,,0835-26-1130,,医療法人 惻隠会,3570600084,,,,,
山口県,,山口県,,社会福祉法人防府市社会福祉事業団 ホームヘルパーセンター,,居宅介護支援,防府市天神1－6－20,,34.055134,131.574127,0835-27-0210,,0835-23-3801,,社会福祉法人 防府市社会福祉事業団,3570600100,,,,,
山口県,,山口県,,有限会社 防府ケア・サービスケアプランセンター,,居宅介護支援,防府市緑町2－4－28,,34.053989,131.580353,0835-22-2026,,0835-21-8479,,有限会社 防府ケア・サービス,3570600191,,,,,
山口県,,山口県,,ヘスティア華城居宅介護支援事業所,,居宅介護支援,防府市伊佐江1039－1,,34.039661,131.544266,0835-27-1134,,0835-27-1135,,社会福祉法人 華世会,3570600308,,,,,
山口県,,山口県,,三田尻ケアサポートセンター,,居宅介護支援,防府市東松崎町4－29,,34.05928,131.579681,0835-27-6331,,0835-27-6330,,三田尻生活・ケア総合センター株式会社,3570600522,,,,,
山口県,,山口県,,特定非営利活動法人 さわやか防府,,居宅介護支援,防府市中西29－7－2階,,34.061436,131.603973,0835-28-8171,,0835-28-8171,,特定非営利活動法人 さわやか防府,3570600753,,,,,
山口県,,山口県,,とのみ居宅介護支援事業所,,居宅介護支援,防府市富海2520,,34.048042,131.641418,0835-34-5055,,0835-34-1247,,株式会社 山口メディカル,3570600787,,,,,
山口県,,山口県,,あいおい苑居宅介護支援事業所,,居宅介護支援,防府市高井544宇佐川ビル1階,,34.071266,131.554276,0835-27-6600,,0835-28-8832,,社会福祉法人 ひとつの会,3570600878,,,,,
山口県,,山口県,,きんこう居宅介護支援センター,,居宅介護支援,防府市田島433,,34.023891,131.552292,0835-20-1130,,0835-20-1118,,社会福祉法人防府滋光会,3570600936,,,,,
山口県,,山口県,,ケアパートナー防府指定居宅介護支援事業所,,居宅介護支援,防府市本橋町17－16,,34.067577,131.566086,0835-26-6767,,0835-24-4600,,ケアパートナー株式会社,3570601033,,,,,
山口県,,山口県,,やはず居宅介護支援事業所,,居宅介護支援,防府市江泊1790,,34.05368,131.608292,0835-38-5373,,0835-38-5374,,社会福祉法人 暁会,3570601082,,,,,
山口県,,山口県,,楽さん家居宅介護支援事業所,,居宅介護支援,防府市新田1723－3,,34.022545,131.577332,0835-25-6788,,0835-25-6798,,有限会社 楽さん家,3570601116,,,,,
山口県,,山口県,,株式会社ピーエー　ゆうの風三田尻居宅介護支援事業所,,居宅介護支援,防府市警固町1－6－39,,34.049969,131.57872,0835-21-7894,,0835-22-6206,,株式会社ピーエー,3570601249,,,,,
山口県,,山口県,,宅粋庵居宅介護支援事業所,,居宅介護支援,防府市勝間2－10－30,,34.047943,131.585556,0835-28-8821,,0835-28-1706,,株式会社 カインドリー・サポート,3570601298,,,,,
山口県,,山口県,,ル・モンド防府居宅介護支援事業所,,居宅介護支援,防府市沖今宿1－18－20,,34.048538,131.599991,0835-27-2826,,0835-27-2827,,株式会社 オールケアー,3570601306,,,,,
山口県,,山口県,,光山医院居宅介護支援事業所,,居宅介護支援,防府市今市町21－15,,34.062954,131.565277,0835-20-2800,,0835-20-2801,,医療法人 光恵会,3570601421,,,,,
山口県,,山口県,,ケアプランセンターたかぎ,,居宅介護支援,防府市江泊1978－12,,34.046345,131.603683,0835-28-9780,,0835-38-1890,,合同会社 たかぎ,3570601470,,,,,
山口県,,山口県,,むれ居宅介護支援事業所,,居宅介護支援,防府市牟礼山ノ口836－3,,34.070194,131.610596,0835-28-0101,,0835-28-0123,,社会福祉法人 牟礼会,3570601504,,,,,
山口県,,山口県,,コミュニティケア防府 福祉相談室,,居宅介護支援,防府市栄町1－10－20　エンゼルビル2階,,34.056244,131.571518,0835-28-7751,,0835-38-6660,,有限会社 コミュニティケア防府,3570601520,,,,,
山口県,,山口県,,医療法人康淳会　ナーシングホーム緑町　居宅介護支援事業所,,居宅介護支援,防府市緑町1－7－61,,34.054153,131.577988,0835-20-1613,,0835-20-1678,,医療法人 康淳会,3570601561,,,,,
山口県,,山口県,,一葉居宅介護支援事業所,,居宅介護支援,防府市西浦平原台2367－65,,34.023197,131.521393,0835-29-4017,,0835-29-0670,,株式会社 大樹,3570302020,,,,,
山口県,,山口県,,松本クリニック居宅介護支援事業所,,居宅介護支援,防府市国衙4－6－20,,34.05814,131.592346,0835-25-2522,,0835-25-2281,,医療法人 松風会,3570601587,,,,,
山口県,,山口県,,ふうき居宅介護支援事業所,,居宅介護支援,防府市国分寺町5－29,,34.06496,131.579437,0835-28-1980,,0835-28-1960,,株式会社富貴,3570601777,,,,,
山口県,,山口県,,居宅介護支援事業所はぴね防府,,居宅介護支援,防府市田島1460－4,,34.021721,131.54715,0835-26-5100,,0835-26-5080,,グリーンライフ株式会社,3570601843,,,,,
山口県,,山口県,,あんしん防府,,居宅介護支援,防府市華城中央1－19－5,,34.042324,131.54422,0835-28-7845,,0835-28-7846,,合同会社あんしん地域生活支援センター,3570602072,,,,,
山口県,,山口県,,居宅介護支援事業所 白雲荘,,居宅介護支援,防府市三田尻1－1－24,,34.048119,131.572754,0835-28-7277,,0835-28-0145,,医療法人 博愛会,3570602122,,,,,
山口県,,山口県,,ライフケア高砂居宅介護支援事業所,,居宅介護支援,防府市上右田334,,34.096363,131.567978,0835-22-5500,,0835-22-5504,,社会福祉法人 ライフケア高砂,3570602148,,,,,
山口県,,山口県,,ケアプランセンターえびすや,,居宅介護支援,防府市戎町1－7－8,,34.055519,131.569366,0835-28-7940,,0835-28-7941,,株式会社ケアバディ,3570602197,,,,,
山口県,,山口県,,居宅介護支援事業所 山吹,,居宅介護支援,防府市鋳物師町8－1 1階110号室,,34.051598,131.575485,0835-28-8290,,0835-28-8291,,合同会社 山吹,3570602205,,,,,
山口県,,山口県,,居宅介護支援事業所いこい,,居宅介護支援,防府市千日1－5－44,,34.057159,131.561035,0835-28-7756,,0835-23-7111,,合同会社太陽,3570602239,,,,,
山口県,,山口県,,ケアプランセンタープルメリア,,居宅介護支援,防府市新田818－1,,34.029846,131.563934,0835-28-1660,,0835-28-1670,,医療法人実昌会,3570602270,,,,,
山口県,,山口県,,加賀メディカル 居宅介護支援事業所,,居宅介護支援,防府市佐波2－10－12,,34.056114,131.563751,0835-22-1408,,0835-22-8225,,有限会社 加賀メディカル,3570602346,,,,,
山口県,,山口県,,居宅介護支援事業所 晴,,居宅介護支援,防府市自由ヶ丘3－2－4,,34.069046,131.541306,0835-38-8220,,0835-38-8220,,合同会社 晴,3570602395,,,,,
山口県,,山口県,,ケアプランセンターあこっと,,居宅介護支援,防府市田島1943－4,,34.028763,131.540329,0835-28-1143,,0835-28-1144,,株式会社 エルクラフト,3570602429,,,,,
山口県,,山口県,,まる居宅介護支援センター,,居宅介護支援,防府市南松崎町8－32,,34.057362,131.576126,0835-22-1192,,0835-22-3830,,医療法人 伯生会,3570602478,,,,,
山口県,,山口県,,ケアプランセンターひなた,,居宅介護支援,防府市車塚町6－33　シティハイツＫ101号室,,34.052113,131.572159,090-68194738,,0835-57-0547,,株式会社 豊友会,3570602510,,,,,
山口県,,山口県,,ケアプランセンターつばさ,,居宅介護支援,防府市富海1018,,34.053242,131.645203,0835-31-0123,,0835-31-0124,,合同会社七福,3570602544,,,,,
山口県,,山口県,,山口リハビリテーション病院,,居宅介護支援,山口市黒川3380,,34.131638,131.438644,083-921-1616,,083-925-2550,,医療法人 和同会,3510311255,,,,,
山口県,,山口県,,医療法人社団 向陽会 阿知須同仁病院,,居宅介護支援,山口市阿知須4241－4,,34.016357,131.343506,0836-65-5555,,0836-65-2836,,医療法人社団 向陽会,3517610188,,,,,
山口県,,山口県,,阿知須共立病院,,居宅介護支援,山口市阿知須4841－1,,34.016357,131.343506,0836-65-2523,,0836-65-2585,,医療法人 協愛会,3517610261,,,,,
山口県,,山口県,,山口県厚生農業協同組合連合会 老人保健施設みのり苑,,居宅介護支援,山口市小郡下郷862－3,,34.103893,131.3974,083-974-1721,,083-974-1720,,山口県厚生農業協同組合連合会,3557680000,,,,,
山口県,,山口県,,済生会山口地域ケアセンター在宅複合型施設やすらぎ居宅介護支援事業所,,居宅介護支援,山口市朝倉町4－55－6,,34.175591,131.452347,083-924-6614,,083-924-7045,,社会福祉法人 恩賜財団済生会,3570300016,,,,,
山口県,,山口県,,日吉台居宅介護支援事業所,,居宅介護支援,山口市陶3968,,34.101543,131.419495,083-973-7272,,083-973-8188,,社会福祉法人 山口向陽会,3570300024,,,,,
山口県,,山口県,,よしき悠々苑居宅介護支援事業所,,居宅介護支援,山口市吉敷佐畑4－8－1,,34.168495,131.427689,083-932-0231,,083-932-0778,,社会福祉法人 祐寿会,3570300032,,,,,
山口県,,山口県,,山口あかり園居宅介護支援事業所,,居宅介護支援,山口市黒川3363,,34.131638,131.438644,083-921-1619,,083-932-5370,,社会福祉法人 博愛会,3570300040,,,,,
山口県,,山口県,,梅光苑地域サポートセンター,,居宅介護支援,山口市鋳銭司12361－3,,34.086681,131.464523,083-986-3765,,083-986-3658,,社会福祉法人 相清福祉会,3570300057,,,,,
山口県,,山口県,,佐々木在宅ケアセンター,,居宅介護支援,山口市泉都町9－7,,34.167152,131.461319,083-934-5032,,083-934-5033,,医療法人社団 曙会,3570300073,,,,,
山口県,,山口県,,居宅介護支援事業所アーユス,,居宅介護支援,山口市大内矢田北5－11－1,,34.155025,131.509354,083-941-2001,,083-927-8316,,医療法人社団 水生会,3570300131,,,,,
山口県,,山口県,,介護老人保健施設あいあい山口指定居宅介護支援事業所,,居宅介護支援,山口市鋳銭司5963－1,,34.084579,131.443588,083-986-2178,,083-986-2145,,医療法人 相川医院,3570300149,,,,,
山口県,,山口県,,山口病院居宅介護支援事業所,,居宅介護支援,山口市駅通り2－8－5,,34.175171,131.480453,083-934-5066,,083-934-5050,,医療法人 樹一会,3570300156,,,,,
山口県,,山口県,,とくぢ苑指定居宅介護支援事業所,,居宅介護支援,山口市徳地八坂1330,,34.223145,131.664078,0835-56-1810,,0835-56-1309,,社会福祉法人 佐波福祉会,3577500014,,,,,
山口県,,山口県,,ヨシヤ徳地,,居宅介護支援,山口市徳地堀3939－1,,34.189011,131.636612,0835-52-0200,,0835-52-1577,,株式会社 ヨシヤ,3577500022,,,,,
山口県,,山口県,,小郡在宅ケアセンター,,居宅介護支援,山口市小郡下郷1381,,34.099266,131.3992,083-974-6505,,083-976-6506,,医療法人 清仁会,3577600012,,,,,
山口県,,山口県,,白松苑居宅介護支援事業所,,居宅介護支援,山口市阿知須4167－1,,34.016357,131.343506,0836-65-2250,,0836-65-4645,,社会福祉法人 正清会,3577600038,,,,,
山口県,,山口県,,小郡・山手一番館居宅介護支援事業所,,居宅介護支援,山口市小郡尾崎町2－1,,34.108932,131.395996,083-974-0200,,083-973-6700,,社会福祉法人 愛世会,3577600137,,,,,
山口県,,山口県,,青藍会在宅医療支援センター新山口指定居,,居宅介護支援,山口市小郡平成町1－18,,34.088314,131.400269,083-976-2400,,083-976-2403,,社会福祉法人 青藍会,3577600418,,,,,
山口県,,山口県,,山口市社会福祉協議会南部指定居宅介護支援事業所,,居宅介護支援,山口市小郡下郷1437－6,,34.101479,131.400833,083-973-0451,,083-976-8707,,社会福祉法人山口市社会福祉協議会,3570301121,,,,,
山口県,,山口県,,済生会山口地域ケアセンター居宅介護サービス複合施設にほ苑居宅介護支援事業所,,居宅介護支援,山口市仁保中郷988－1,,34.199314,131.576553,083-929-5080,,083-929-0558,,社会福祉法人 恩賜財団済生会支部山口県,3570301485,,,,,
山口県,,山口県,,松井介護支援事務所,,居宅介護支援,山口市上竪小路24－1,,34.189011,131.476303,083-941-5114,,083-941-5118,,株式会社和み,3570301667,,,,,
山口県,,山口県,,山口市社会福祉協議会　あとう居宅介護支援事業所,,居宅介護支援,山口市阿東地福上1697,,34.378544,131.662231,083-952-1355,,083-952-1356,,社会福祉法人 山口市社会福祉協議会,3570301774,,,,,
山口県,,山口県,,ゆうらく園居宅介護支援事業所,,居宅介護支援,山口市楠木町1－26,,34.170498,131.455978,083-941-5703,,083-941-5701,,株式会社 優楽園,3570301790,,,,,
山口県,,山口県,,居宅介護支援事業所むっちゃん方,,居宅介護支援,山口市徳地島地590－2,,34.16304,131.691879,0835-54-0505,,0835-54-0305,,株式会社 むっちゃん方,3570301816,,,,,
山口県,,山口県,,居宅介護支援事業所おはな,,居宅介護支援,山口市徳地堀1701,,34.189011,131.636612,0835-52-1234,,0835-52-1711,,株式会社 おはな,3570301824,,,,,
山口県,,山口県,,みんなのふるさと居宅介護支援事業所,,居宅介護支援,山口市小郡下郷251－9,,34.107044,131.401932,083-902-5851,,083-902-5852,,特定非営利活動法人 みんなのふるさと,3570301980,,,,,
山口県,,山口県,,夢の湖村居宅介護支援事業所,,居宅介護支援,山口市楠木町4－19－3号,,34.168415,131.453461,083-995-2821,,083-995-2824,,社会福祉法人 夢のみずうみ村,3570302087,,,,,
山口県,,山口県,,アイビーケアサポートセンター,,居宅介護支援,山口市嘉川4825－1,,34.07251,131.374435,083-988-3570,,083-988-3577,,合同会社大輪,3570302459,,,,,
山口県,,山口県,,一の坂居宅介護支援事業所,,居宅介護支援,山口市後河原23－3,,34.184097,131.476364,083-932-0100,,083-941-6335,,株式会社 絆,3570302509,,,,,
山口県,,山口県,,あじす陽だまりの家居宅介護支援事業所,,居宅介護支援,山口市阿知須4724－1,,34.016357,131.343506,0836-65-5166,,0836-65-5166,,有限会社エム・エッチ・ティー企画,3570302517,,,,,
山口県,,山口県,,ケアライフ小鯖ケアプランセンター,,居宅介護支援,山口市下小鯖520,,34.14901,131.529938,083-941-1765,,083-941-1766,,有限会社ベストライフ,3570302707,,,,,
山口県,,山口県,,合同会社らいふ居宅支援事業所,,居宅介護支援,山口市徳地島地2138－3,,34.16304,131.691879,0835-54-0970,,0835-54-0970,,合同会社らいふ居宅支援事業所,3570302731,,,,,
山口県,,山口県,,さんコープ・山口居宅介護支援事業所,,居宅介護支援,山口市熊野町5－17,,34.167912,131.458862,083-921-9825,,083-902-6221,,福祉生活協同組合さんコープ,3570302863,,,,,
山口県,,山口県,,居宅介護支援事業所おおうち,,居宅介護支援,山口市大内千坊6－11－2,,34.15773,131.493301,083-941-6170,,083-941-6188,,医療法人健伸会おおうちクリニック,3570302954,,,,,
山口県,,山口県,,青藍会 在宅医療支援センター山口 在宅マネジメントセンター,,居宅介護支援,山口市吉敷中東1－1－2,,34.167183,131.447418,083-933-6020,,083-933-6030,,社会福祉法人 青藍会,3570302996,,,,,
山口県,,山口県,,花みずき居宅介護支援事業所,,居宅介護支援,山口市大内長野字鍛冶屋208,,34.160595,131.526459,083-902-6666,,083-902-8775,,株式会社 まごころ,3570303044,,,,,
山口県,,山口県,,ひなた居宅介護支援事業所,,居宅介護支援,山口市宮野下1395－7,,34.184975,131.494919,083-929-3750,,083-902-1800,,合同会社山口福祉サービス,3570303127,,,,,
山口県,,山口県,,居宅介護支援事業所こころのにじ,,居宅介護支援,山口市小郡下郷850－20,,34.100391,131.39537,083-976-8501,,083-976-8502,,株式会社 ＡＫＯ,3570303150,,,,,
山口県,,山口県,,ケアプランセンター泉,,居宅介護支援,山口市秋穂東1192－7,,34.027374,131.463882,083-984-8577,,083-984-5757,,株式会社エルクラフト,3570303184,,,,,
山口県,,山口県,,居宅介護支援事業所プランニング,,居宅介護支援,山口市阿東徳佐中3512－1,,34.405739,131.719284,083-956-0182,,083-957-0610,,合同会社プランニング,3570303226,,,,,
山口県,,山口県,,居宅介護支援事業所 日日,,居宅介護支援,山口市大内長野715　101号,,34.160595,131.526459,083-902-2345,,083-902-2348,,株式会社つながり,3570303242,,,,,
山口県,,山口県,,ケアホーム小郡ケアマネセンター,,居宅介護支援,山口市小郡新町2－10－21,,34.114468,131.396133,083-974-5111,,083-974-5112,,医療法人社団山岸内科,3570303259,,,,,
山口県,,山口県,,ななつ星居宅介護支援事業所,,居宅介護支援,山口市大内御堀3777－104ヴィラナリー菅内2棟101号,,34.138325,131.503387,083-941-6630,,083-941-6631,,合同会社 きら星,3570303366,,,,,
山口県,,山口県,,ここり居宅介護支援事業所,,居宅介護支援,山口市本町1－4－7,,34.172588,131.473068,083-922-8038,,083-922-8038,,株式会社心里,3570303390,,,,,
山口県,,山口県,,地域サポートセンター オ・サーバ,,居宅介護支援,山口市下小鯖3936－1,,34.13126,131.526459,083-902-0882,,083-902-0883,,社会福祉法人ひとつの会,3570602411,,,,,
山口県,,山口県,,居宅介護支援事業所まーぶる,,居宅介護支援,山口市桜畠1－3－42,,34.191917,131.496552,083-902-8050,,083-902-8055,,株式会社 灯り,3570303580,,,,,
山口県,,山口県,,ツクイ山口,,居宅介護支援,山口市大内御堀6－2－5,,34.16486,131.485657,083-934-7225,,083-934-7234,,株式会社 ツクイ,3570303598,,,,,
山口県,,山口県,,ゆめのいろケアプランセンター,,居宅介護支援,山口市小郡下郷793－3　第一中央ビル301,,34.104366,131.395447,083-976-5960,,083-976-8814,,山陽メディカルケア株式会社,3570303655,,,,,
山口県,,山口県,,ウィンズタウン大内　喜郷居宅介護支援事業所,,居宅介護支援,山口市大内長野1558－1,,34.164566,131.516663,090-83602794,,083-941-6638,,株式会社 ウィンズオペレーティング,3570303671,,,,,
山口県,,山口県,,居宅介護支援事業所クローバーハート,,居宅介護支援,山口市小郡上郷1745－5,,34.129841,131.416458,090-27318100,,083-976-6967,,株式会社 ＥＤＩＨＩＲＯＮ,3570303770,,,,,
山口県,,山口県,,あさがおケアプラン事業所,,居宅介護支援,山口市宮野下1390－1　ハイツ宇佐川Ａ号,,34.185558,131.494324,050-30946822,,083-963-4238,,合同会社福祉サポートあさがお,3570303887,,,,,
山口県,,山口県,,社会医療法人いち樹会 尾中病院,,居宅介護支援,宇部市寿町1－3－28,,33.953377,131.248245,0836-31-2133,,0836-32-9907,,社会医療法人いち樹会,3510210556,,,,,
山口県,,山口県,,在宅介護支援センター豊生苑,,居宅介護支援,宇部市木田40－20,,34.064083,131.279587,0836-62-1470,,0836-62-1201,,医療法人 社団泉仁会,3570200018,,,,,
山口県,,山口県,,昭和町共生苑在宅介護支援センター,,居宅介護支援,宇部市昭和町2－12－12,,33.939186,131.255157,0836-31-4176,,0836-31-2399,,医療法人 仁心会,3570200026,,,,,
山口県,,山口県,,宇部市医師会在宅介護支援センター,,居宅介護支援,宇部市中村3－12－52‐11号,,33.962925,131.25766,0836-34-2215,,0836-34-4427,,一般社団法人 宇部市医師会,3570200034,,,,,
山口県,,山口県,,協立在宅介護支援センター,,居宅介護支援,宇部市末広町1－13,,33.937401,131.265366,0836-33-6199,,0836-33-7149,,医療生活協同組合 健文会,3570200042,,,,,
山口県,,山口県,,宇部あかり園在宅介護支援センター,,居宅介護支援,宇部市西岐波229－105,,33.974148,131.28624,0836-51-4343,,0836-51-6325,,社会福祉法人 博愛会,3570200067,,,,,
山口県,,山口県,,宇部リハビリテーション病院在宅支援センター,,居宅介護支援,宇部市西岐波229－3,,33.974148,131.28624,0836-54-4647,,0836-51-4441,,医療法人 和同会,3570200083,,,,,
山口県,,山口県,,神原苑在宅介護支援センター,,居宅介護支援,宇部市神原町2－1－22,,33.949406,131.261765,0836-35-8033,,0836-34-2884,,社会福祉法人 神原苑,3570200091,,,,,
山口県,,山口県,,さるびあ在宅介護支援センター指定居宅介護支援事業所,,居宅介護支援,宇部市浜町2－1－3,,33.964874,131.238449,0836-36-1178,,0836-36-1179,,医療法人 博愛会,3570200133,,,,,
山口県,,山口県,,ニチイケアセンター西岐波,,居宅介護支援,宇部市西岐波浜田1545－1,,33.969315,131.307983,0836-54-0582,,0836-54-0585,,株式会社 ニチイ学館,3570200190,,,,,
山口県,,山口県,,株式会社 河村福祉サービス,,居宅介護支援,宇部市川上720－9,,33.982861,131.273453,0836-37-0007,,0836-36-0006,,株式会社 河村福祉サービス,3570200430,,,,,
山口県,,山口県,,扶老会総合ケアセンター,,居宅介護支援,宇部市船木字向ヒ833－3,,34.052166,131.207214,0836-67-1104,,0836-67-1184,,社会福祉法人 扶老会,3577700010,,,,,
山口県,,山口県,,宇部西在宅総合支援センター,,居宅介護支援,宇部市際波287－1,,33.996155,131.224411,0836-45-1222,,0836-45-1224,,医療法人 和同会,3570200794,,,,,
山口県,,山口県,,フレンドサービス,,居宅介護支援,宇部市中宇部1964－1,,33.976761,131.251633,0836-33-7093,,0836-33-7091,,有限会社 フレンドサービス,3570200968,,,,,
山口県,,山口県,,医療法人太白会シーサイド病院居宅介護支援事業所,,居宅介護支援,宇部市東岐波丸尾4322－1,,33.980255,131.331787,0836-58-1170,,0836-58-5362,,医療法人 太白会,3570201131,,,,,
山口県,,山口県,,アスワン山荘居宅介護支援事業所,,居宅介護支援,宇部市二俣瀬山王坂40－221,,33.951824,131.247314,0836-62-6030,,0836-62-5185,,社会福祉法人 アスワン山荘,3570201289,,,,,
山口県,,山口県,,居宅介護支援事業所 のぞみ,,居宅介護支援,宇部市西万倉2074－2,,34.082935,131.225784,0836-67-3436,,0836-67-3560,,有限会社 希,3570201578,,,,,
山口県,,山口県,,居宅介護支援事業所 宇部あいおい苑,,居宅介護支援,宇部市恩田町3－8－1,,33.947147,131.265594,0836-34-4515,,0836-34-2100,,社会福祉法人 ひとつの会,3570201743,,,,,
山口県,,山口県,,ひだまりねっと,,居宅介護支援,宇部市ひらき台2－25－8,,33.951824,131.247314,0836-35-2141,,0836-38-7040,,合同会社ひだまりねっと,3570201818,,,,,
山口県,,山口県,,ケアマネセンター未来,,居宅介護支援,宇部市船木1016－1,,34.052166,131.207214,0836-39-6702,,0836-39-6703,,株式会社 愛優会,3570201883,,,,,
山口県,,山口県,,居宅介護支援事業所 まどか苑,,居宅介護支援,宇部市厚南北2－4－14,,33.99873,131.216736,0836-39-5112,,0836-38-8234,,まどか福祉サービス株式会社,3570201925,,,,,
山口県,,山口県,,さんコープ・宇部 居宅介護支援事業所,,居宅介護支援,宇部市上宇部黒岩75,,33.992851,131.258057,0836-37-6261,,0836-37-6173,,福祉生活協同組合 さんコープ,3570202121,,,,,
山口県,,山口県,,ケアマネセンター共生,,居宅介護支援,宇部市中央町3－2－7,,33.954624,131.24176,0836-29-6192,,0836-29-6193,,特定非営利活動法人 きょう・生,3570202154,,,,,
山口県,,山口県,,ドリームライフアポロ居宅介護支援事業所,,居宅介護支援,宇部市中宇部1858－30,,33.977917,131.252457,0836-37-0070,,0836-37-0071,,山口アポロ石油株式会社,3570202238,,,,,
山口県,,山口県,,ケアビレッジ桜 居宅介護支援事業所,,居宅介護支援,宇部市西岐波2068－1,,33.969826,131.312958,0836-51-3386,,0836-39-7798,,株式会社サクラ,3570202378,,,,,
山口県,,山口県,,片倉温泉居宅介護支援事業所,,居宅介護支援,宇部市西岐波5345,,33.973259,131.298447,0836-51-9848,,0836-51-9851,,有限会社 片倉温泉くぼた,3570202386,,,,,
山口県,,山口県,,サンキ・ウエルビィ介護センター宇部,,居宅介護支援,宇部市南浜町2－9－15田坂ビル1Ｆ,,33.966099,131.232056,0836-39-5277,,0836-31-0507,,サンキ・ウエルビィ株式会社,3570202410,,,,,
山口県,,山口県,,むべの里居宅介護支援事業所東芝中,,居宅介護支援,宇部市松山町3－4－6,,33.939011,131.25827,0836-39-9007,,0836-37-0785,,社会福祉法人むべの里光栄,3570202444,,,,,
山口県,,山口県,,上宇部居宅介護支援事業所,,居宅介護支援,宇部市中村1－3－1,,33.967926,131.260651,0836-43-9800,,0836-43-9801,,有限会社本池,3570202840,,,,,
山口県,,山口県,,寿光園指定居宅介護支援事業所,,居宅介護支援,宇部市妻崎開作470－3,,33.98378,131.204315,0836-45-4226,,0836-45-4232,,医療法人 博愛会,3570202923,,,,,
山口県,,山口県,,居宅介護支援センター美咲,,居宅介護支援,宇部市昭和町4－2－1,,33.935661,131.258453,0836-33-1007,,0836-33-1017,,合同会社美咲,3570202931,,,,,
山口県,,山口県,,若菜居宅介護支援事業所,,居宅介護支援,宇部市東岐波5436－4,,33.97155,131.346451,0836-39-8855,,0836-39-8114,,医療法人かむらクリニック,3570202956,,,,,
山口県,,山口県,,居宅介護支援事業所かもめ,,居宅介護支援,宇部市上宇部39－7,,33.992851,131.258057,0836-37-4165,,0836-37-4166,,合同会社かもめ,3570203202,,,,,
山口県,,山口県,,いまむら居宅介護支援事業所,,居宅介護支援,宇部市西岐波字高清水5189－1,,33.969315,131.307983,0836-43-7445,,0836-43-7444,,合同会社いまむら居宅介護支援事業所,3570203210,,,,,
山口県,,山口県,,なごみ居宅介護支援事業所,,居宅介護支援,宇部市草江2－5－6－1,,33.939045,131.275162,0836-35-7533,,0836-38-5800,,合同会社和の会,3570203236,,,,,
山口県,,山口県,,喜楽苑居宅介護支援事業所,,居宅介護支援,宇部市西岐波5225－5,,33.968159,131.306702,0836-54-3445,,0836-54-3446,,有限会社ミセスヘルパー,3570203251,,,,,
山口県,,山口県,,厚南セントヒル病院居宅介護支援事業所,,居宅介護支援,宇部市妻崎開作108,,33.978737,131.217499,0836-44-2118,,0836-39-5504,,医療法人 聖比留会,3570203368,,,,,
山口県,,山口県,,株式会社河村福祉サービス 海の家,,居宅介護支援,宇部市東岐波1464－1,,33.980255,131.331787,0836-58-5511,,0836-58-5525,,株式会社 河村福祉サービス,3570203376,,,,,
山口県,,山口県,,指定居宅介護支援事業所 たけのこ,,居宅介護支援,宇部市北小羽山町3－10－6,,33.98119,131.256912,0836-35-1544,,0836-35-1544,,合同会社 ガンホーズ,3571600786,,,,,
山口県,,山口県,,きわなみ居宅介護支援センター,,居宅介護支援,宇部市際波726－3,,33.99469,131.222946,0836-39-3317,,0836-39-3265,,株式会社きわなみ,3570203475,,,,,
山口県,,山口県,,居宅介護支援事業所 希望苑,,居宅介護支援,宇部市中宇部1570－1,,33.968807,131.256851,0836-43-6622,,0836-43-6623,,株式会社ＹＩＣトラスト,3570203509,,,,,
山口県,,山口県,,居宅介護支援事業所みのり,,居宅介護支援,宇部市際波1704－1,,34.006313,131.219513,0836-44-6194,,0836-44-6199,,株式会社厚仁,3570203533,,,,,
山口県,,山口県,,ケアマネセンター春,,居宅介護支援,宇部市開4－9－7,,33.9603,131.280289,0836-43-6270,,0836-43-6227,,株式会社姫先介護事業所,3570203590,,,,,
山口県,,山口県,,立花居宅介護支援事業所,,居宅介護支援,宇部市浜田3－24－1,,33.988995,131.229309,0836-43-6714,,0836-38-6020,,ホームナース立花株式会社,3570203681,,,,,
山口県,,山口県,,ケアマネステーションＦｕｎｔｏＬｉｆｅ,,居宅介護支援,宇部市西岐波4470－8,,33.942139,131.293839,0836-43-9741,,0836-43-9744,,合同会社ＨＡＣＮＡＭＡＴＡＴＡ,3570203814,,,,,
山口県,,山口県,,西日本ケアプランセンター,,居宅介護支援,宇部市海南町16－27,,33.957767,131.260559,0836-21-2299,,0836-39-3262,,三和ヒューマンサポート株式会社,3570203830,,,,,
山口県,,山口県,,ろしゅう居宅介護支援センター,,居宅介護支援,宇部市小串91－6,,33.969414,131.250565,0836-32-9531,,,,有限会社 ろしゅう,3570203863,,,,,
山口県,,山口県,,ＪＡ山口県介護支援センター宇部,,居宅介護支援,宇部市厚南中央1－7－10,,33.996037,131.220444,0836-45-0322,,0836-45-0325,,山口県農業協同組合,3570203871,,,,,
山口県,,山口県,,株式会社 河村福祉サービス 宇部南,,居宅介護支援,宇部市浜町2－11－12,,33.964977,131.234177,0836-37-3838,,0836-37-3839,,株式会社 河村福祉サービス,3570203889,,,,,
山口県,,山口県,,むべの里居宅介護支援事業所,,居宅介護支援,宇部市西宇部南3－5－21,,33.997768,131.220093,0836-44-0090,,0836-39-6675,,社会福祉法人むべの里光栄,3570203996,,,,,
山口県,,山口県,,ケアマネセンターＴＯＮＴＯＮ,,居宅介護支援,宇部市中央町2－3－2,,33.952793,131.243561,0836-93-1171,,0836-93-1208,,合同会社 壱番街,3570204051,,,,,
山口県,,山口県,,在宅介護支援センター なのはなの家,,居宅介護支援,宇部市笹山町2－8－16－4号,,33.93819,131.263306,0836-37-2570,,0836-37-2578,,株式会社 マイプティット,3570204127,,,,,
山口県,,山口県,,居宅介護支援センター 結和,,居宅介護支援,宇部市東須恵429－6,,33.975182,131.189468,0836-44-7951,,0836-44-7951,,合同会社 和奏の響,3570204176,,,,,
山口県,,山口県,,オパール光栄在宅介護支援センター,,居宅介護支援,宇部市東岐波5860－10－1,,33.980255,131.331787,0836-39-7220,,0836-39-7221,,社会福祉法人むべの里光栄,3570204333,,,,,
山口県,,山口県,,居宅介護支援事業所 いやし,,居宅介護支援,宇部市沖宇部62－4,,33.959709,131.293839,0836-52-7871,,0836-52-7872,,合同会社 三起,3570204432,,,,,
山口県,,山口県,,ここからサポートセンター,,居宅介護支援,宇部市海南町15－15,,33.957245,131.26152,0836-39-7548,,0836-39-7549,,株式会社ふらっとＣＯＭＭ．,3570204457,,,,,
山口県,,山口県,,プラスワンプラン,,居宅介護支援,宇部市常藤町5－25アビリティ常藤町1階テナントＡ,,33.947807,131.254333,050-17414883,,050-37307631,,合同会社 アズユー,3570204499,,,,,
山口県,,山口県,,おひさま居宅介護支援事業所,,居宅介護支援,宇部市西宇部北4－3－5,,34.010662,131.223221,0836-44-3992,,0836-93-2525,,合同会社おひさま居宅介護支援事業所,3570204531,,,,,
山口県,,山口県,,ケアマネセンターいろはに,,居宅介護支援,宇部市中村3－7－34－3号,,33.9604,131.260574,0836-32-2916,,0836-32-2916,,合同会社ｄａｎｒａｎ,3570204549,,,,,
山口県,,山口県,,在宅介護支援センター青景園,,居宅介護支援,美祢市秋芳町青景1873,,34.27483,131.292023,0837-65-2265,,0837-65-2268,,社会福祉法人 豊徳会,3577900016,,,,,
山口県,,山口県,,みとう悠々苑居宅介護支援事業所,,居宅介護支援,美祢市美東町大田苅屋5378－1,,34.232838,131.357422,08396-2-1116,,08396-2-1108,,社会福祉法人 祐寿会,3577900040,,,,,
山口県,,山口県,,介護サービス ひまわり,,居宅介護支援,美祢市大嶺町東分349－5,,34.169037,131.206268,0837-52-2236,,0837-52-2236,,有限会社 セイユー,3571300189,,,,,
山口県,,山口県,,ケアマネセンターありがとう,,居宅介護支援,美祢市大嶺町東分1215－1,,34.181614,131.212418,0837-52-1460,,0837-53-1829,,有限会社小田工務店,3571300254,,,,,
山口県,,山口県,,有限会社ライフサポートどれみ,,居宅介護支援,美祢市大嶺町東分3168－1,,34.169136,131.203217,0837-53-0758,,0837-53-0758,,有限会社ライフサポートどれみ,3571300239,,,,,
山口県,,山口県,,社会福祉法人美祢市社会福祉協議会 美祢事業所,,居宅介護支援,美祢市大嶺町東分320－1,,34.167782,131.208023,0837-54-0383,,0837-52-0529,,社会福祉法人 美祢市社会福祉協議会,3571300338,,,,,
山口県,,山口県,,社会福祉法人美祢市社会福祉協議会 美祢東事業所,,居宅介護支援,美祢市美東町大田5870－1,,34.232838,131.357422,08396-2-1133,,08396-2-2200,,社会福祉法人 美祢市社会福祉協議会,3571300346,,,,,
山口県,,山口県,,介護サポート なでしこ,,居宅介護支援,美祢市大嶺町東分来福台4－9－5,,34.184921,131.197723,0837-52-3077,,,,株式会社 瞳,3571300601,,,,,
山口県,,山口県,,ＪＡ介護支援センター美祢,,居宅介護支援,美祢市大嶺町東分来福台4－15－7,,34.1852,131.196472,0837-53-0321,,0837-54-0569,,ＪＡ協同サポート山口株式会社,3571300627,,,,,
山口県,,山口県,,虹の居宅介護支援事業所,,居宅介護支援,山陽小野田市くし山1－34－7,,34.011799,131.182541,0836-38-5755,,0836-43-9033,,医療生活協同組合 健文会,3510910684,,,,,
山口県,,山口県,,あおぞら居宅介護支援事業所,,居宅介護支援,山陽小野田市須恵1－12－33,,33.972221,131.179276,0836-81-0008,,0836-81-0015,,医療法人社団 村重医院,3510910783,,,,,
山口県,,山口県,,ニチイケアセンター小野田,,居宅介護支援,山陽小野田市日の出3－9－9　平成ビル2Ｆ,,34.00647,131.182373,0836-81-3571,,0836-81-3572,,株式会社ニチイ学館,3570900013,,,,,
山口県,,山口県,,長寿園居宅介護支援事業所,,居宅介護支援,山陽小野田市小野田11324－10,,33.957695,131.172302,0836-84-7055,,0836-84-4630,,社会福祉法人 長寿会,3570900021,,,,,
山口県,,山口県,,小野田赤十字在宅介護支援センター,,居宅介護支援,山陽小野田市小野田3700,,33.952679,131.182571,0836-88-4344,,0836-88-4377,,日本赤十字社,3570900039,,,,,
山口県,,山口県,,高千帆苑在宅介護支援センター,,居宅介護支援,山陽小野田市有帆10662－8,,34.019894,131.213226,0836-84-7093,,0836-84-7184,,社会福祉法人 健寿会,3570900054,,,,,
山口県,,山口県,,サンライフ山陽居宅介護支援事業所,,居宅介護支援,山陽小野田市埴生2156,,34.044708,131.076096,0836-76-3450,,0836-76-3447,,社会福祉法人山陽福祉会,3577700028,,,,,
山口県,,山口県,,医療法人社団民正会ケアマネセンターかがやき,,居宅介護支援,山陽小野田市鴨庄10－4,,34.07349,131.166428,0836-72-0331,,0836-72-1200,,医療法人 社団 民正会,3577700200,,,,,
山口県,,山口県,,ケアセンター康友,,居宅介護支援,山陽小野田市郡415－3,,34.047832,131.16925,0836-39-1711,,0836-39-1712,,有限会社 介護サービス康友,3570900427,,,,,
山口県,,山口県,,居宅介護支援事業所ケアサービスあすか,,居宅介護支援,山陽小野田市鴨庄76－3,,34.059769,131.159225,0836-72-1061,,0836-72-1877,,合同会社 あすか,3571600356,,,,,
山口県,,山口県,,マミーケアサービス,,居宅介護支援,山陽小野田市小野田7408,,34.00209,131.19104,0836-43-6650,,0836-83-0503,,有限会社カネフジ介護センター,3571600547,,,,,
山口県,,山口県,,なみおと居宅介護支援事業所,,居宅介護支援,山陽小野田市小野田1147－13,,33.957695,131.172302,0836-88-2200,,0836-88-3078,,医療法人社団早川内科医院,3571600554,,,,,
山口県,,山口県,,ケアプランセンターであい,,居宅介護支援,山陽小野田市山川1338－8,,34.059467,131.153412,0836-39-5262,,0836-39-2919,,合同会社ＳＬＯＷ,3571600844,,,,,
山口県,,山口県,,居宅介護支援事業所フクシア,,居宅介護支援,山陽小野田市港町1－1,,33.975597,131.178833,0836-81-1800,,0836-81-1888,,社会福祉法人健仁会,3571600851,,,,,
山口県,,山口県,,ケアマネセンターわけん,,居宅介護支援,山陽小野田市新生2－8－10,,34.000603,131.177292,0836-39-7773,,0836-84-5522,,株式会社和妍,3571600893,,,,,
山口県,,山口県,,山ぼうし居宅介護支援事業所,,居宅介護支援,山陽小野田市有帆535－117,,34.013245,131.206268,0836-38-8000,,0836-84-5323,,有限会社アシステッド・リビング村重,3571600901,,,,,
山口県,,山口県,,居宅介護支援事業所たいむ,,居宅介護支援,山陽小野田市山川985－16,,34.057995,131.145447,0836-73-2122,,0836-73-2122,,合同会社 ブルーローズ,3571600943,,,,,
山口県,,山口県,,総合ケアセンターゆう,,居宅介護支援,山陽小野田市西高泊758－1,,34.009682,131.163055,0836-43-7882,,0836-43-7883,,合同会社 優勇会,3571600992,,,,,
山口県,,山口県,,ゆうあい居宅介護支援事業所,,居宅介護支援,山陽小野田市小野田4046,,33.956699,131.17659,0836-39-9259,,0836-39-9261,,株式会社倭,3571601032,,,,,
山口県,,山口県,,ケアマネセンター伽野,,居宅介護支援,山陽小野田市厚狭932－6,,34.053097,131.164917,0836-43-7766,,0836-43-7786,,合同会社結,3571601099,,,,,
山口県,,山口県,,ケアプランナーこころ,,居宅介護支援,山陽小野田市小野田7188－3,,33.998631,131.185959,0836-39-0550,,0836-39-0677,,合同会社すみれ,3571601107,,,,,
山口県,,山口県,,医療法人 元洋会 森山病院,,居宅介護支援,下関市宮田町2－8－20,,33.963692,130.946213,083-231-0781,,083-231-5539,,医療法人 元洋会,3510113271,,,,,
山口県,,山口県,,はまゆう苑あやらぎ,,居宅介護支援,下関市綾羅木新町3－11－40,,34.011292,130.922928,083-251-1110,,083-251-1118,,社会福祉法人 松涛会,3570100036,,,,,
山口県,,山口県,,社会医療法人松涛会 彦島居宅介護支援事業所,,居宅介護支援,下関市彦島江の浦町9－4－5,,33.92981,130.917984,083-266-4455,,083-266-1315,,社会医療法人 松涛会,3570100051,,,,,
山口県,,山口県,,アイユウの苑ケアマネジメントセンター,,居宅介護支援,下関市彦島迫町3－17－2,,33.938328,130.900558,083-266-6501,,083-266-7276,,社会福祉法人 松美会,3570100077,,,,,
山口県,,山口県,,介護支援センター下関,,居宅介護支援,下関市石原65－5,,34.016949,130.953033,083-242-8101,,083-242-8102,,株式会社秋本薬局,3570100085,,,,,
山口県,,山口県,,豊前田ケアプランセンター,,居宅介護支援,下関市豊前田町2－4－10　　2Ｆ,,33.952354,130.926575,083-223-2670,,083-223-2684,,医療法人 其桃会,3570100101,,,,,
山口県,,山口県,,アイユウ長府在宅介護支援センター,,居宅介護支援,下関市長府金屋浜町1－5,,34.002235,130.992264,083-246-0927,,083-246-8911,,医療法人 松永会,3570100119,,,,,
山口県,,山口県,,フェニックスケアプランセンター,,居宅介護支援,下関市小野64－1,,34.034351,130.962555,083-256-1533,,083-256-5025,,社会福祉法人 暁会,3570100135,,,,,
山口県,,山口県,,王喜苑居宅介護支援センター,,居宅介護支援,下関市松屋本町2－3－38,,34.050278,131.056473,083-281-1212,,083-281-1421,,医療法人社団 季朋会,3570100143,,,,,
山口県,,山口県,,医療法人茜会桜山ケアプランセンター,,居宅介護支援,下関市上新地町2－6－26,,33.96093,130.92128,083-222-1511,,083-222-7217,,医療法人茜会,3570100150,,,,,
山口県,,山口県,,医療法人茜会勝山ケアプランセンター,,居宅介護支援,下関市秋根南町2－3－7,,34.007889,130.954758,083-256-8333,,083-257-2660,,医療法人茜会,3570100168,,,,,
山口県,,山口県,,員光園居宅介護支援事業所,,居宅介護支援,下関市員光1544,,34.050526,130.984467,083-248-5117,,083-248-5118,,社会福祉法人 やまばと会員光園,3570100200,,,,,
山口県,,山口県,,武久ケアプランセンター,,居宅介護支援,下関市武久町2－53－8,,33.981216,130.917114,083-254-7660,,083-250-6387,,医療法人社団 青寿会,3570100218,,,,,
山口県,,山口県,,長府ケアハウス居宅介護支援センター,,居宅介護支援,下関市長府黒門南町6－55,,33.984058,130.985107,083-241-1525,,083-246-8445,,社会福祉法人さわやか会,3570100242,,,,,
山口県,,山口県,,みどり園居宅介護支援事業所,,居宅介護支援,下関市長府才川2－21－1,,34.024536,130.999893,083-248-0986,,083-248-1304,,社会福祉法人 朋愛会,3570100374,,,,,
山口県,,山口県,,ニチイケアセンター下関,,居宅介護支援,下関市細江町2－2－1　　原弘産ビル3Ｆ,,33.9519,130.931519,083-228-6451,,083-228-6452,,株式会社ニチイ学館,3570100382,,,,,
山口県,,山口県,,豊関介護サービス株式会社,,居宅介護支援,下関市生野町2－19－6,,33.982876,130.933563,083-251-2477,,083-251-2377,,豊関介護サービス株式会社,3570100390,,,,,
山口県,,山口県,,とよた在宅介護支援センター,,居宅介護支援,下関市豊田町荒木10051－2,,34.254292,131.047745,083-768-0586,,083-768-0602,,社会福祉法人 豊寿会,3577800059,,,,,
山口県,,山口県,,下関市豊浦地域ケアセンター居宅介護支援事業所,,居宅介護支援,下関市豊浦町小串10007－3,,34.176769,130.937637,083-772-2352,,083-772-4605,,社会福祉法人恩賜財団済生会支部山口県済生会,3577800281,,,,,
山口県,,山口県,,愛グループ シャングリラ,,居宅介護支援,下関市みもすそ川町23－1,,33.968121,130.955322,083-231-1165,,083-223-5681,,株式会社 日本セレモニー,3570100879,,,,,
山口県,,山口県,,株式会社河村福祉サービス下関支店,,居宅介護支援,下関市上新地町3－5－1,,33.958786,130.920334,083-231-0499,,083-231-0668,,株式会社 河村福祉サービス,3570100648,,,,,
山口県,,山口県,,あおぞらの里 下関ケアプランセンター,,居宅介護支援,下関市伊崎町1－1－9　サンヒルズビル2Ｆ,,33.954369,130.920074,083-229-0630,,083-228-3988,,株式会社 シダー,3570100994,,,,,
山口県,,山口県,,安夢住ケアセンター下関,,居宅介護支援,下関市長府松小田北町15－18,,34.021812,130.995773,083-245-5113,,083-245-5173,,有限会社 アムズ,3570101174,,,,,
山口県,,山口県,,白滝荘居宅介護支援事業所,,居宅介護支援,下関市豊北町田耕12426－1,,34.269527,130.988174,083-783-0088,,083-783-0029,,社会福祉法人豊北福祉会,3577800455,,,,,
山口県,,山口県,,岡病院居宅介護支援事業所,,居宅介護支援,下関市小月本町2－18－9,,34.070641,131.036407,083-282-2935,,083-282-4327,,医療法人星の里会,3570101679,,,,,
山口県,,山口県,,王喜の郷居宅介護支援センター,,居宅介護支援,下関市王喜本町6－1－12,,34.063911,131.052368,083-283-2834,,083-283-2060,,社会福祉法人緑樹会,3570101703,,,,,
山口県,,山口県,,富士ケアプランセンター,,居宅介護支援,下関市一の宮町2－6－14　新下関ビジネスホテル1階,,34.004517,130.949722,083-250-5111,,083-263-0280,,株式会社メディカルテンダー,3570101752,,,,,
山口県,,山口県,,ベストライフ川棚ケアプランセンター,,居宅介護支援,下関市豊浦町吉永10165－1,,34.1297,130.925858,083-775-1165,,083-775-1156,,有限会社ベストライフ,3577800539,,,,,
山口県,,山口県,,下関市社協豊田居宅介護支援事業所,,居宅介護支援,下関市豊田町矢田194,,34.202244,131.070801,083-766-3956,,083-766-2190,,社会福祉法人下関市社会福祉協議会,3570101992,,,,,
山口県,,山口県,,下関市社協下関居宅介護支援事業所,,居宅介護支援,下関市貴船町3－4－1,,33.968594,130.941864,083-232-3400,,083-228-2941,,社会福祉法人下関市社会福祉協議会,3570102008,,,,,
山口県,,山口県,,下関市社協豊北居宅介護支援事業所,,居宅介護支援,下関市豊北町滝部3140－1,,34.295853,130.946243,083-784-1481,,083-782-0501,,社会福祉法人下関市社会福祉協議会,3570102016,,,,,
山口県,,山口県,,下関市社協豊浦居宅介護支援事業所,,居宅介護支援,下関市豊浦町川棚6895－1,,34.14529,130.924118,083-775-4139,,083-774-3528,,社会福祉法人下関市社会福祉協議会,3570102024,,,,,
山口県,,山口県,,ゴールデンエイジ居宅介護支援事業所,,居宅介護支援,下関市武久町1－39－6,,33.979492,130.922607,083-255-2005,,083-254-7403,,有限会社 ゴールデン・エイジ・サービス,3570102172,,,,,
山口県,,山口県,,指定居宅介護支援センター藤寿苑,,居宅介護支援,下関市稗田北町13－36,,33.995979,130.93251,083-250-8161,,083-250-8162,,医療法人藤寿会,3570102313,,,,,
山口県,,山口県,,医療法人茜会 よしみず病院,,居宅介護支援,下関市後田町1－1－1,,33.96859,130.93428,083-231-3890,,083-231-3882,,医療法人茜会,3510114493,,,,,
山口県,,山口県,,済生会貴船福祉ケアセンター貴船園居宅介護支援事業所,,居宅介護支援,下関市貴船町3－4－1,,33.968594,130.941864,083-223-0275,,083-223-0276,,社会福祉法人恩賜財団済生会支部山口県済生会,3570102602,,,,,
山口県,,山口県,,あん居宅介護支援事業所,,居宅介護支援,下関市長府安養寺1－9－5,,34.007942,130.982803,083-245-5001,,083-245-5055,,ＵＭＹ有限会社,3570102693,,,,,
山口県,,山口県,,あみいケアサポート,,居宅介護支援,下関市秋根東町6－14　甲斐ビル2Ｆ,,34.009502,130.954544,083-227-3527,,083-227-3537,,株式会社 オニツカ,3570102768,,,,,
山口県,,山口県,,豊寿苑居宅介護支援事業所,,居宅介護支援,下関市豊浦町厚母郷10442,,34.110443,130.903198,083-772-0109,,083-772-0108,,社会福祉法人 豊浦福祉会,3570102909,,,,,
山口県,,山口県,,社会医療法人松涛会 安岡居宅介護支援事業所,,居宅介護支援,下関市横野町3－1－2,,34.03476,130.913177,083-259-7171,,083-250-6876,,社会医療法人 松涛会,3570102990,,,,,
山口県,,山口県,,有歩道居宅介護支援事業所,,居宅介護支援,下関市三河町15－10,,33.986343,130.942612,083-252-2500,,083-252-2501,,合同会社 有歩道,3570103261,,,,,
山口県,,山口県,,寿海荘居宅介護支援事業所,,居宅介護支援,下関市武久町2－53－8,,33.981216,130.917114,083-253-5000,,083-249-5348,,社会福祉法人 祥寿園,3570103279,,,,,
山口県,,山口県,,ケアプランセンターＳＵＮ,,居宅介護支援,下関市豊浦町吉永1815－1,,34.1297,130.925858,083-774-1666,,083-774-3916,,社会福祉法人響会,3570103287,,,,,
山口県,,山口県,,特定非営利活動法人　さくらんぼ居宅介護支援センター,,居宅介護支援,下関市長府中土居北町6－18,,34.00824,130.988846,083-245-5080,,083-245-2530,,特定非営利活動法人さくらんぼ,3570103303,,,,,
山口県,,山口県,,セービングケアプラン四季の森,,居宅介護支援,下関市幡生宮の下町8－12,,33.980213,130.933441,083-242-2155,,083-242-2202,,株式会社セービング,3570103337,,,,,
山口県,,山口県,,あじさい 居宅介護支援事業所,,居宅介護支援,下関市豊浦町黒井1536－1,,34.121181,130.911331,083-774-3077,,083-774-3044,,特定非営利活動法人宅老所あじさい,3570103378,,,,,
山口県,,山口県,,つくしん坊居宅介護支援事業所,,居宅介護支援,下関市古屋町1－6－20,,33.998604,130.922592,083-291-2940,,083-291-2941,,有限会社つくしん坊,3570103535,,,,,
山口県,,山口県,,ハートケアきらら居宅介護支援事業所,,居宅介護支援,下関市福江1425－1,,34.045975,130.915756,083-258-2357,,083-262-3402,,有限会社ライフプラス,3570103915,,,,,
山口県,,山口県,,居宅介護支援事業所にじの丘,,居宅介護支援,下関市菊川町田部223－1,,34.108871,131.038406,083-287-2281,,083-287-2212,,社会福祉法人 菊水会,3570103964,,,,,
山口県,,山口県,,ミューズ居宅介護支援事業所,,居宅介護支援,下関市石原147－8　　サーパス新下関1－603,,34.020676,130.952103,083-257-0130,,083-250-5590,,有限会社 ババリィ,3570104103,,,,,
山口県,,山口県,,ハッピーケアプランセンター,,居宅介護支援,下関市長府安養寺1－10－20,,34.008656,130.982224,083-265-1229,,083-277-0018,,株式会社 ハッピークリック,3570104111,,,,,
山口県,,山口県,,ファイン在宅ケアセンター,,居宅介護支援,下関市冨任131,,34.025433,130.926865,083-249-5671,,083-249-5672,,株式会社ルナー,3570104145,,,,,
山口県,,山口県,,ティーワス居宅介護支援センター,,居宅介護支援,下関市長府才川2－4－27,,34.024052,131.004593,083-227-2626,,083-249-0309,,ティーワス株式会社,3570104160,,,,,
山口県,,山口県,,居宅介護支援事業所花水木,,居宅介護支援,下関市吉母218,,34.091396,130.881775,083-249-5581,,083-249-5577,,株式会社オアシス,3570104392,,,,,
山口県,,山口県,,下関病院居宅介護支援事業所,,居宅介護支援,下関市梶栗町4－2－34,,34.017609,130.921066,083-258-5552,,083-227-2480,,医療法人水の木会,3570104434,,,,,
山口県,,山口県,,独立行政法人地域医療機能推進機構下関医療センター附属居宅介護支援センター,,居宅介護支援,下関市上新地町3－4－36,,33.958889,130.919113,083-232-5066,,083-233-7851,,独立行政法人地域医療機能推進機構,3570104442,,,,,
山口県,,山口県,,ケアプランアイビィ,,居宅介護支援,下関市筋川町5－3,,33.963936,130.91597,083-231-7971,,083-231-7971,,株式会社ｉｖｙ,3570104533,,,,,
山口県,,山口県,,居宅介護支援事業所向日葵,,居宅介護支援,下関市豊北町神田上891－28,,34.281658,130.900955,083-788-5833,,083-788-0038,,株式会社 ナーシングケア,3570104616,,,,,
山口県,,山口県,,富士介護なんでも相談室,,居宅介護支援,下関市王司神田6－3－42,,34.048737,131.016296,083-227-2527,,083-227-2528,,株式会社メディカルテンダー,3570104673,,,,,
山口県,,山口県,,介護支援センターあやらぎ,,居宅介護支援,下関市綾羅木本町4－8－28,,34.004681,130.92366,083-250-8611,,083-250-9611,,株式会社秋本薬局,3570104764,,,,,
山口県,,山口県,,りあんケアセンター,,居宅介護支援,下関市豊浦町川棚1469－17,,34.159653,130.929504,083-772-0972,,083-250-9065,,合同会社優,3570105118,,,,,
山口県,,山口県,,まごころｄｅケアプラン,,居宅介護支援,下関市前田2－20－5,,33.972004,130.964432,083-265-9899,,083-265-9899,,合同会社介護相談センターまごころ,3570105126,,,,,
山口県,,山口県,,ＩＭＬケアプラン,,居宅介護支援,下関市一の宮本町1－7－17,,34.002052,130.951111,083-242-1712,,083-242-2141,,株式会社インマイライフ,3570105142,,,,,
山口県,,山口県,,まーくんケアプランセンター,,居宅介護支援,下関市豊浦町川棚4030,,34.168091,130.95723,083-242-0384,,083-242-0385,,株式会社野上,3570105225,,,,,
山口県,,山口県,,有限会社ゆずりは,,居宅介護支援,下関市丸山町3－12－22,,33.957214,130.931412,083-233-2412,,083-233-5696,,有限会社ゆずりは,3570105324,,,,,
山口県,,山口県,,ケアプランゆきち,,居宅介護支援,下関市新垢田東町2－3－12－207,,33.989849,130.914536,083-249-6574,,083-249-6514,,合同会社ＪＯＨ ＣＯＭＰＡＮＹ,3570105472,,,,,
山口県,,山口県,,杉山薬局ケアセンター,,居宅介護支援,下関市川中豊町7－11－15　リバティビル豊町2Ｆ－Ｅ,,33.992584,130.939163,083-242-4860,,083-242-4861,,有限会社杉山薬局,3570105506,,,,,
山口県,,山口県,,ケアサポートとまと畑,,居宅介護支援,下関市豊北町神田1139－1,,34.328148,130.901138,083-786-2580,,050-31530940,,合同会社日車草,3570105670,,,,,
山口県,,山口県,,ケアマネジメントセンターほがらか,,居宅介護支援,下関市彦島向井町2－10－36,,33.919777,130.918121,083-294-2175,,083-294-2173,,株式会社東,3570105795,,,,,
山口県,,山口県,,ケアプランセンター笑み,,居宅介護支援,下関市川中豊町7－4－19　101号,,33.993584,130.938187,083-227-4950,,083-242-5023,,株式会社タカヒラ,3570105829,,,,,
山口県,,山口県,,介護相談所らいふプラン,,居宅介護支援,下関市伊倉東町6－4,,34.004364,130.943665,083-227-2870,,083-227-2871,,株式会社マイホーム,3570105852,,,,,
山口県,,山口県,,ぷらんセンターらしさ,,居宅介護支援,下関市王司上町2－5－9,,34.040001,131.01236,083-242-2929,,083-242-2930,,株式会社リハピス,3570105910,,,,,
山口県,,山口県,,ケアライフ綾羅木ケアプランセンター,,居宅介護支援,下関市垢田洞ノ上355,,33.996819,130.913254,083-250-1165,,083-250-1166,,有限会社ベストライフ,3570105977,,,,,
山口県,,山口県,,ケアプラン彦島,,居宅介護支援,下関市彦島緑町10－14,,33.932167,130.909515,083-242-2910,,083-242-2911,,合同会社アイ・アイ・ディー,3570106090,,,,,
山口県,,山口県,,プランセンターはる,,居宅介護支援,下関市唐戸町4－1－807,,33.957222,130.943893,083-233-2454,,083-250-7707,,合同会社プランセンターはる,3570106116,,,,,
山口県,,山口県,,ここしあ ケアプランセンター,,居宅介護支援,下関市壇之浦町4－28,,33.961929,130.951859,083-227-3555,,083-227-3556,,社会福祉法人 礼和会,3570106124,,,,,
山口県,,山口県,,居宅介護支援 ハビリス,,居宅介護支援,下関市勝谷新町1－3－7,,34.003433,130.972305,083-257-3495,,083-242-9202,,合同会社ハビリス,3570106108,,,,,
山口県,,山口県,,ケアプランセンターこころ,,居宅介護支援,下関市熊野西町4－13　サンヒルズＢ,,33.99419,130.94313,083-242-1367,,083-242-1368,,株式会社フジヤマ,3570106165,,,,,
山口県,,山口県,,花咲く居宅介護支援センター,,居宅介護支援,下関市小月公園町4－14,,34.071125,131.032425,083-282-1652,,,,合同会社広田事務所,3570106181,,,,,
山口県,,山口県,,居宅介護支援事業所下関・あおいホームケアサービス,,居宅介護支援,下関市稗田中町9－37,,33.995117,130.925705,083-254-1563,,083-254-1701,,医療法人社団葵会,3570106173,,,,,
山口県,,山口県,,ケアプランセンターといろ,,居宅介護支援,下関市小月西の台2－7　グリーンドリーミングハイツ101号,,34.069454,131.042633,083-242-1016,,083-242-1019,,合同会社Ｔｏｉｒｏ,3570106207,,,,,
山口県,,山口県,,居宅介護支援事業所そら,,居宅介護支援,下関市中之町8－13,,33.9576,130.945938,083-250-8992,,083-250-8993,,合同会社ＳＯＲＡ,3570106306,,,,,
山口県,,山口県,,あおぞらの里 西の端ケアプランセンター,,居宅介護支援,下関市赤間町3－41,,33.960369,130.94191,083-222-3310,,083-222-3312,,株式会社 シダー,3570106348,,,,,
山口県,,山口県,,いちょうの丘ケアプランセンター,,居宅介護支援,下関市熊野町1－3－1,,33.989834,130.944138,083-249-5455,,083-249-5456,,株式会社啓,3570106397,,,,,
山口県,,山口県,,居宅介護支援事業所ポレポレ,,居宅介護支援,下関市豊田町矢田384,,34.202244,131.070801,083-250-7306,,083-250-7309,,合同会社ＰＯＬＥＰＯＬＥ,3570106405,,,,,
山口県,,山口県,,ケアプランたいよう,,居宅介護支援,下関市川中豊町1－3－17　シャトレーヌ豊202号,,33.99815,130.938309,083-242-0684,,083-242-2268,,合同会社青空,3570106421,,,,,
山口県,,山口県,,ツクイ下関生野,,居宅介護支援,下関市生野町1－2－18,,33.979439,130.93631,083-251-6061,,083-251-6063,,株式会社ツクイ,3570106470,,,,,
山口県,,山口県,,結 介護支援センター,,居宅介護支援,下関市勝谷新町3－14－25,,34.005192,130.970276,083-250-7895,,083-250-7896,,合同会社一歩,3570106488,,,,,
山口県,,山口県,,のぞみケアプランセンター,,居宅介護支援,下関市彦島塩浜町1－6－11,,33.922676,130.91037,083-250-6568,,083-250-6569,,株式会社ますだ,3570106504,,,,,
山口県,,山口県,,在宅ケアサポート下関,,居宅介護支援,下関市豊田町矢田423－1,,34.202244,131.070801,083-242-0896,,083-242-0897,,合同会社Ｎｅｃｏｎｏｔｅ Ｌａｂｏ,3570106546,,,,,
山口県,,山口県,,プランセンター明日葉,,居宅介護支援,下関市新垢田東町2－3－4,,33.990112,130.915359,083-252-5222,,083-292-0585,,合同会社 明日葉,3570106611,,,,,
山口県,,山口県,,セルネグケアマネジメント,,居宅介護支援,下関市本町2－11－11,,33.963676,130.949921,083-242-1017,,083-242-6887,,株式会社 ユナイト,3570106660,,,,,
山口県,,山口県,,夢の会ケアプランセンター,,居宅介護支援,下関市幡生宮の下町8－12,,33.980213,130.933441,083-242-2400,,083-242-5656,,社会福祉法人夢の会,3570106678,,,,,
山口県,,山口県,,ケアプランなな,,居宅介護支援,下関市綾羅木新町2－20－36－Ａ102,,34.013222,130.917374,083-250-8656,,083-250-8657,,合同会社ＮＡＮＡ,3570106694,,,,,
山口県,,山口県,,ケアプランセンターてんてん,,居宅介護支援,下関市形山町4－17,,34.013985,130.959198,083-250-7582,,083-250-7583,,合同会社Ｓｋｙ,3570106702,,,,,
山口県,,山口県,,ケアプランセンターくりの木,,居宅介護支援,下関市伊倉町2－6－10,,34.003475,130.929321,083-291-7581,,083-294-2340,,株式会社尚建,3570106736,,,,,
山口県,,山口県,,うついケアプランセンター,,居宅介護支援,下関市内日下1027－3,,34.099751,130.96907,083-289-2233,,083-289-2727,,株式会社 拓,3570106751,,,,,
山口県,,山口県,,のあケアプランセンター,,居宅介護支援,下関市武久町1－58－6　コーポラスコスモスＢ棟105号,,33.98135,130.922165,083-242-5581,,083-242-5582,,有限会社森脇保険事務所,3570106777,,,,,
山口県,,山口県,,山口県厚生農業協同組合連合会 長門総合病院,,居宅介護支援,長門市東深川85,,34.385899,131.197113,0837-23-4045,,0837-23-4045,,山口県厚生農業協同組合連合会,3511110011,,,,,
山口県,,山口県,,恵光苑指定居宅介護支援事業所,,居宅介護支援,長門市東深川10062－27,,34.37117,131.186829,0837-22-8970,,0837-22-8971,,社会福祉法人 新永福祉会,3571100019,,,,,
山口県,,山口県,,医療法人社団 成蹊会 岡田病院居宅介護支援センター,,居宅介護支援,長門市東深川895－2,,34.377472,131.185745,0837-23-0025,,0837-23-0026,,医療法人社団 成蹊会,3571100027,,,,,
山口県,,山口県,,ゆもと苑居宅介護支援事業所,,居宅介護支援,長門市深川湯本10600－1,,34.332188,131.172775,0837-22-7003,,0837-22-7020,,社会福祉法人 福祥会,3571100068,,,,,
山口県,,山口県,,へき楽園指定居宅介護支援事業所,,居宅介護支援,長門市日置上3114,,34.391991,131.133804,0837-37-4177,,0837-37-4188,,社会福祉法人 へき寿会,3578000014,,,,,
山口県,,山口県,,養寿苑指定居宅介護支援事業所,,居宅介護支援,長門市油谷向津具上10344,,34.416718,130.993225,0837-34-1625,,0837-34-0170,,社会福祉法人 同心会,3578000022,,,,,
山口県,,山口県,,福寿会居宅介護支援事業所,,居宅介護支援,長門市日置中2488－3,,34.374348,131.098846,0837-37-3915,,0837-37-3925,,医療法人社団 福寿会,3578000097,,,,,
山口県,,山口県,,清風ポラリス居宅介護支援センター,,居宅介護支援,長門市三隅中326,,34.358665,131.253769,0837-43-0325,,0837-43-1601,,社会福祉法人 清風会,3578000196,,,,,
山口県,,山口県,,生き活きネットみすみ,,居宅介護支援,長門市三隅下1394－5,,34.363853,131.223495,0837-42-1255,,0837-43-2510,,特定非営利活動法人生き活きネットみすみ,3578000204,,,,,
山口県,,山口県,,長門市社協ゆや居宅介護支援事業所,,居宅介護支援,長門市油谷新別名10803,,34.373348,131.060364,0837-32-0933,,0837-32-2810,,社会福祉法人長門市社会福祉協議会,3571100233,,,,,
山口県,,山口県,,居宅介護支援事業所しあわせ長門,,居宅介護支援,長門市東深川1321－1,,34.370918,131.181305,0837-27-0210,,0837-22-4340,,社会福祉法人長門市社会福祉協議会,3571100357,,,,,
山口県,,山口県,,明和苑居宅介護支援事業所,,居宅介護支援,長門市三隅中1811,,34.366657,131.270081,0837-43-1386,,0837-43-1053,,社会福祉法人 明和会,3571100381,,,,,
山口県,,山口県,,居宅介護支援事業所ケアホームありす,,居宅介護支援,長門市日置上2087－1,,34.391991,131.133804,0837-37-2386,,0837-37-2386,,合同会社愛あい,3571100514,,,,,
山口県,,山口県,,居宅介護支援センター寿樹,,居宅介護支援,長門市西深川338－1,,34.366936,131.169418,0837-27-0025,,0837-27-0026,,有限会社にこにこサービス,3571100597,,,,,
山口県,,山口県,,指定居宅介護支援事業所 さんみ苑,,居宅介護支援,萩市三見3852－1,,34.387905,131.340515,0838-27-5000,,0838-27-0888,,社会福祉法人 ふたば園,3570400030,,,,,
山口県,,山口県,,有限会社 ひまわり,,居宅介護支援,萩市山田4731－1,,34.405457,131.380981,0838-22-2612,,0838-25-5527,,有限会社 ひまわり,3570400048,,,,,
山口県,,山口県,,都志見居宅介護支援事業所,,居宅介護支援,萩市江向413－1,,34.406353,131.401016,0838-22-2811,,0838-22-2815,,医療法人 医誠会,3570400105,,,,,
山口県,,山口県,,すさ苑居宅介護支援事業所,,居宅介護支援,萩市須佐1378－1,,34.62389,131.623734,08387-6-3146,,08387-6-3148,,社会福祉法人 寿幸会,3578100061,,,,,
山口県,,山口県,,あさひ居宅介護支援事業所,,居宅介護支援,萩市佐々並2494－1,,34.265903,131.456161,0838-56-0003,,0838-56-0004,,医療法人 丘病院,3578100103,,,,,
山口県,,山口県,,オアシスはぎ園居宅介護支援事業所,,居宅介護支援,萩市大井1689－13,,34.468403,131.458984,0838-28-5155,,0838-28-5156,,社会福祉法人 山口県社会福祉事業団,3570400246,,,,,
山口県,,山口県,,萩市指定居宅介護支援事業所かがやき,,居宅介護支援,萩市椿2398－1,,34.393936,131.403122,0838-24-4717,,0838-24-4121,,社会福祉法人 萩市社会福祉事業団,3570400287,,,,,
山口県,,山口県,,萩社協居宅介護支援事業所,,居宅介護支援,萩市福井下3999－6,,34.417358,131.475433,0838-52-0339,,0838-52-0340,,社会福祉法人萩市社会福祉協議会,3570400782,,,,,
山口県,,山口県,,田町診療所居宅介護支援事業所,,居宅介護支援,萩市下五間町50,,34.413376,131.401505,0838-26-3456,,0838-21-7456,,医療法人社団 田町診療所,3570400477,,,,,
山口県,,山口県,,ケアサポート四季,,居宅介護支援,萩市土原35－3たなかセンタービル,,34.405632,131.407639,0838-21-7272,,0838-21-7274,,合同会社 ケアサポート四季,3570400642,,,,,
山口県,,山口県,,萩ほの花居宅介護支援事業所,,居宅介護支援,萩市東田町61－　岩崎ビル201号,,34.411926,131.402344,0838-21-5370,,0838-21-5380,,合同会社萩ほの花,3570400857,,,,,
山口県,,山口県,,ケアパートナーいろは,,居宅介護支援,萩市弥富下4083－1,,34.537964,131.647446,08387-8-5555,,08387-8-5555,,合同会社ケアパートナーいろは,3570400865,,,,,
山口県,,山口県,,ＪＡ介護支援センター萩,,居宅介護支援,萩市椿3032,,34.398888,131.400803,0838-26-0111,,,,ＪＡ協同サポート山口株式会社,3570400923,,,,,
山口県,,山口県,,社会福祉法人 阿武町社会福祉協議会指定居宅介護支援事業所,,居宅介護支援,阿武郡阿武町奈古3081－5,,34.515255,131.516464,08388-2-3313,,08388-2-3615,,社会福祉法人 阿武町社会福祉協議会,3578100145,,,,,
山口県,,山口県,,岩国市地域包括支援センター,,介護予防支援,岩国市今津町1－14－51,,34.167225,132.219208,0827-29-2566,,0827-22-0928,,岩国市,3500800010,,,,,
山口県,,山口県,,岩国市岩国第五包括支援センター,,介護予防支援,岩国市錦町広瀬1067－1,,34.274345,131.921814,0827-71-0055,,0827-71-0033,,社会福祉法人錦福祉会,3500800028,,,,,
山口県,,山口県,,岩国市岩国第一地域包括支援センター,,介護予防支援,岩国市牛野谷町2－12－38,,34.154606,132.199844,0827-34-1577,,0827-34-1578,,医療法人社団まりふ会,3500800036,,,,,
山口県,,山口県,,岩国市岩国第二地域包括支援センター,,介護予防支援,岩国市多田1115,,34.181149,132.162384,0827-44-0700,,0827-44-0701,,医療法人新生会,3500800044,,,,,
山口県,,山口県,,岩国市岩国第三地域包括支援センター,,介護予防支援,岩国市藤生町1－17－26,,34.113422,132.199692,0827-34-1313,,0827-34-1314,,社会福祉法人平成記念会,3500800051,,,,,
山口県,,山口県,,和木町地域包括支援センター,,介護予防支援,玖珂郡和木町和木1－1－1,,34.201897,132.218338,0827-52-2196,,0827-52-7277,,和木町,3507200016,,,,,
山口県,,山口県,,柳井市地域包括支援センター,,介護予防支援,柳井市南町1－10－2,,33.964119,132.101364,0820-22-2111,,,,柳井市,3501200012,,,,,
山口県,,山口県,,周防大島町地域包括支援センター,,介護予防支援,大島郡周防大島町土居1325－1,,33.913338,132.308136,0820-73-5506,,0820-73-5006,,周防大島町,3507100018,,,,,
山口県,,山口県,,上関町地域包括支援センター,,介護予防支援,熊毛郡上関町長島448,,33.82235,132.078217,0820-65-5113,,,,上関町,3507310013,,,,,
山口県,,山口県,,田布施地域包括支援センター,,介護予防支援,熊毛郡田布施町宿井406,,33.965446,132.027832,0820-53-1292,,0820-53-2940,,社会福祉法人施福会,3507330011,,,,,
山口県,,山口県,,平生町高齢者地域包括支援センター,,介護予防支援,熊毛郡平生町平生村618－2,,33.945328,132.07637,0820-56-8000,,,,社会福祉法人平生町社会福祉協議会,3507340010,,,,,
山口県,,山口県,,下松市地域包括支援センター,,介護予防支援,下松市大手町3－3－3,,34.014641,131.869873,0833-45-1838,,,,下松市,3500700012,,,,,
山口県,,山口県,,光市基幹型地域包括支援センター,,介護予防支援,光市光井2－2－1光市総合福祉センターあいぱーく光,,33.952576,131.953812,0833-74-3002,,,,光市基幹型地域包括支援センター,3501000016,,,,,
山口県,,山口県,,光市東部地域包括支援センター,,介護予防支援,光市光井2－2－1　光市総合福祉センターあいぱーく光内,,33.952576,131.953812,0833-74-3061,,0833-74-3093,,社会福祉法人光市社会福祉協議会,3501000032,,,,,
山口県,,山口県,,周南東部地域包括支援センター,,介護予防支援,周南市久米1533－3,,34.041332,131.849213,0834-29-1155,,,,社会福祉法人鼓ヶ浦整肢学園,3501500015,,,,,
山口県,,山口県,,つづみ園地域包括支援センター,,介護予防支援,周南市瀬戸見町12－30,,34.050682,131.832703,0834-28-7055,,0834-28-7061,,社会福祉法人周南市社会福祉事業団,3501500023,,,,,
山口県,,山口県,,徳山医師会地域包括支援センター,,介護予防支援,周南市東山町6－28,,34.049595,131.816147,0834-32-9035,,,,一般社団法人徳山医師会,3501500031,,,,,
山口県,,山口県,,周南西部地域包括支援センター,,介護予防支援,周南市古川町1－17,,34.069176,131.777283,0834-62-6301,,,,社会福祉法人周南市社会福祉協議会,3501500049,,,,,
山口県,,山口県,,周南北部地域包括支援センター,,介護予防支援,周南市須々万本郷2502,,34.112503,131.864151,0834-87-2000,,,,社会福祉法人鹿野福祉会,3501500056,,,,,
山口県,,山口県,,防府市地域包括支援センター,,介護予防支援,防府市寿町7－1,,34.052055,131.563461,0835-25-2964,,,,防府市,3500600014,,,,,
山口県,,山口県,,防府西地域包括支援センター,,介護予防支援,防府市台道1684,,34.052521,131.480865,0835-32-3310,,0835-32-2416,,社会福祉法人博愛会,3500600030,,,,,
山口県,,山口県,,防府南地域包括支援センター,,介護予防支援,防府市新田1629－1,,34.028366,131.577606,0835-28-7002,,,,医療法人松寿会,3500600055,,,,,
山口県,,山口県,,防府北地域包括支援センター,,介護予防支援,防府市高井544,,34.071266,131.554276,0835-28-7215,,0835-28-7623,,社会福祉法人ひとつの会,3500600071,,,,,
山口県,,山口県,,防府東地域包括支援センター,,介護予防支援,防府市岸津2－24－20,,34.049118,131.593491,0835-27-0150,,0835-27-0980,,社会福祉法人 周陽福祉会,3500600063,,,,,
山口県,,山口県,,山口市基幹型地域包括支援センター,,介護予防支援,山口市亀山町2－1,,34.178391,131.474396,083-934-2758,,083-934-2647,,山口市,3500300011,,,,,
山口県,,山口県,,山口市中央地域包括支援センター,,介護予防支援,山口市朝倉町5－4,,34.175125,131.453796,083-934-3338,,083-934-3487,,（福）恩賜財団済生会支部山口県済生会,3500300029,,,,,
山口県,,山口県,,山口市川東地域包括支援センター,,介護予防支援,山口市鋳銭司5435－1,,34.080338,131.448883,083-986-2077,,083-986-2107,,（福）相清福祉会,3500300037,,,,,
山口県,,山口県,,山口市川西地域包括支援センター,,介護予防支援,山口市小郡下郷609－5,,34.102661,131.392075,083-976-5711,,,,社会福祉法人山口市社会福祉協議会,3500300045,,,,,
山口県,,山口県,,山口市北東地域包括支援センター,,介護予防支援,山口市大内矢田北5－12－7,,34.154171,131.509247,083-941-6672,,,,医療法人社団水生会,3500300052,,,,,
山口県,,山口県,,山口市鴻南地域包括支援センター,,介護予防支援,山口市黒川3363,,34.131638,131.438644,083-934-3333,,,,社会福祉法人博愛会,3500300060,,,,,
山口県,,山口県,,山口市北東第２地域包括支援センター,,介護予防支援,山口市仁保中郷2316－2,,34.199314,131.576553,083-929-1414,,083-929-1515,,医療法人社団 水生会,3500300078,,,,,
山口県,,山口県,,山口市川西第２地域包括支援センター,,介護予防支援,山口市阿知須4226,,34.016357,131.343506,0836-39-9012,,0836-39-9013,,社会福祉法人山口市社会福祉協議会,3500300086,,,,,
山口県,,山口県,,宇部市北部東地域包括支援センター,,介護予防支援,宇部市二俣瀬山王坂40－221,,33.951824,131.247314,0836-62-5858,,0836-62-5959,,社会福祉法人アスワン山荘,3500200039,,,,,
山口県,,山口県,,宇部市東部第２地域包括支援センター,,介護予防支援,宇部市西岐波229－105,,33.974148,131.28624,0836-39-6151,,0836-39-6502,,社会福祉法人 博愛会,3500200055,,,,,
山口県,,山口県,,宇部市西部第１地域包括支援センター,,介護予防支援,宇部市際波字東河田287－1,,34.00695,131.21312,0836-45-3969,,0836-45-1224,,医療法人 和同会,3500200063,,,,,
山口県,,山口県,,宇部市西部第２地域包括支援センター,,介護予防支援,宇部市妻崎開作470－3,,33.98378,131.204315,0836-43-9307,,0836-43-9308,,医療法人 博愛会,3500200071,,,,,
山口県,,山口県,,宇部市中部第１地域包括支援センター,,介護予防支援,宇部市中村2－7－15,,33.963543,131.262436,0836-43-9551,,0836-35-9206,,社会福祉法人 むべの里光栄,3500200089,,,,,
山口県,,山口県,,宇部市中部第２地域包括支援センター,,介護予防支援,宇部市若松町8－3,,33.960457,131.239838,0836-39-6131,,0836-39-8134,,社会福祉法人 神原苑,3500200097,,,,,
山口県,,山口県,,宇部市北部西地域包括支援センター,,介護予防支援,宇部市船木833－3,,34.049004,131.193573,0836-67-0506,,0836-67-1413,,社会福祉法人 扶老会,3500200104,,,,,
山口県,,山口県,,宇部市南部第１地域包括支援センター,,介護予防支援,宇部市東芝中町4－45　柏ビル,,33.942123,131.257675,0836-38-8551,,0836-38-8552,,医療生活協同組合 健文会,3500200112,,,,,
山口県,,山口県,,宇部市南部第２地域包括支援センター,,介護予防支援,宇部市寿町3－2－26,,33.951855,131.252853,0836-38-3220,,0836-38-3221,,医療法人 仁心会,3500200120,,,,,
山口県,,山口県,,宇部市東部第１地域包括支援センター,,介護予防支援,宇部市東岐波4940－1,,33.970448,131.331055,0836-39-6971,,0836-39-6972,,社会福祉法人むべの里光栄,3500200138,,,,,
山口県,,山口県,,美祢市地域包括支援センター,,介護予防支援,美祢市大嶺町東分326－1,,34.166374,131.20607,0837-54-0138,,0837-52-1490,,美祢市,3501300010,,,,,
山口県,,山口県,,美祢東地域包括支援センター,,介護予防支援,美祢市秋芳町秋吉5243－3,,34.232285,131.297791,0837-62-0155,,0837-62-0337,,社会福祉法人豊徳会,3501300036,,,,,
山口県,,山口県,,山陽小野田市地域包括支援センター,,介護予防支援,山陽小野田市日の出1－1－1,,34.003357,131.182587,0836-82-1149,,,,山陽小野田市,3501600013,,,,,
山口県,,山口県,,下関市本庁東部地域包括支援センター,,介護予防支援,下関市南部町1－1,,33.957863,130.940689,083-231-1943,,083-231-1945,,下関市,3500100015,,,,,
山口県,,山口県,,下関市川中地域包括支援センター,,介護予防支援,下関市川中豊町3－3－5,,33.997932,130.938995,083-252-6223,,083-252-2195,,一般社団法人下関市医師会,3500100031,,,,,
山口県,,山口県,,下関市豊浦地域包括支援センター,,介護予防支援,下関市豊浦町川棚6895－1,,34.14529,130.924118,083-775-2941,,083-775-2942,,社会福祉法人下関市社会福祉協議会,3500100049,,,,,
山口県,,山口県,,下関市東部地域包括支援センター,,介護予防支援,下関市王司上町1－2－20,,34.046097,131.013489,083-249-2015,,083-248-2830,,社会福祉法人下関市社会福祉協議会,3500100056,,,,,
山口県,,山口県,,下関市豊北地域包括支援センター,,介護予防支援,下関市豊北町滝部3140－1,,34.295853,130.946243,083-782-1904,,083-782-1909,,社会福祉法人下関市社会福祉協議会,3500100064,,,,,
山口県,,山口県,,下関市本庁西部地域包括支援センター,,介護予防支援,下関市上新地町3－5－5,,33.958481,130.920609,083-250-8521,,083-250-8561,,医療法人茜会,3500100072,,,,,
山口県,,山口県,,下関市本庁北部地域包括支援センター,,介護予防支援,下関市武久町2－2－13,,33.976597,130.920715,083-255-1111,,083-255-7717,,医療法人社団 青寿会,3500100080,,,,,
山口県,,山口県,,下関市彦島地域包括支援センター,,介護予防支援,下関市彦島江の浦町1－5－2,,33.936623,130.912338,083-266-6516,,083-227-3112,,社会福祉法人 松美会,3500100098,,,,,
山口県,,山口県,,下関市長府地域包括支援センター,,介護予防支援,下関市長府松小田本町1－26,,34.020157,131.001083,083-227-3151,,083-248-3900,,社会福祉法人 朋愛会,3500100106,,,,,
山口県,,山口県,,下関市安岡・吉見地域包括支援センター,,介護予防支援,下関市富任町1－4－1－3,,34.0187,130.917969,083-249-5015,,083-249-6015,,社会福祉法人 松涛会,3500100114,,,,,
山口県,,山口県,,下関市勝山・内日地域包括支援センター,,介護予防支援,下関市形山みどり町14－16,,34.015125,130.954269,083-227-2700,,083-227-2701,,社会福祉法人 暁会,3500100122,,,,,
山口県,,山口県,,下関市菊川・豊田地域包括支援センター,,介護予防支援,下関市菊川町下岡枝172－2,,34.124542,131.031219,083-287-2870,,083-287-2873,,社会福祉法人 菊水会,3500100130,,,,,
山口県,,山口県,,長門市地域包括支援センター,,介護予防支援,長門市東深川1339－2,,34.371391,131.183594,0837-23-1244,,,,長門市,3501100014,,,,,
山口県,,山口県,,長門市東地域包括支援センター,,介護予防支援,長門市仙崎198－1,,34.375103,131.195663,0837-27-0410,,0837-27-0411,,社会福祉法人 福祥会,3501100022,,,,,
山口県,,山口県,,長門市西地域包括支援センター,,介護予防支援,長門市油谷新別名10803,,34.373348,131.060364,0837-33-2020,,0837-32-0230,,社会福祉法人長門市社会福祉協議会,3501100030,,,,,
山口県,,山口県,,萩市地域包括支援センター,,介護予防支援,萩市江向510,,34.408077,131.398972,0838-25-3521,,,,萩市,3500400019,,,,,
山口県,,山口県,,阿武町総合相談センター,,介護予防支援,阿武郡阿武町奈古3081－5,,34.515255,131.516464,08388-2-3313,,08388-2-3615,,社会福祉法人阿武町社会福祉協議会,3507820011,,,,,
山口県,,山口県,,特別養護老人ホームはまゆう苑,,介護老人福祉施設,下関市横野町3－15－10,,34.034821,130.910721,083-258-3800,,083-258-5397,,社会福祉法人 松涛会,3570100093,,,40名,,
山口県,,山口県,,特別養護老人ホームみどり園,,介護老人福祉施設,下関市長府才川2－21－1,,34.024536,130.999893,083-248-3222,,083-248-3937,,社会福祉法人 朋愛会,3570100440,,,84名,,
山口県,,山口県,,特別養護老人ホーム慈公園,,介護老人福祉施設,下関市稗田中町8－38,,33.995922,130.925934,083-252-7500,,083-254-8970,,社会福祉法人 稗田福祉会,3570100465,,,50名,,
山口県,,山口県,,特別養護老人ホームアイユウの苑,,介護老人福祉施設,下関市彦島迫町3－17－2,,33.938328,130.900558,083-266-8287,,083-266-7276,,社会福祉法人 松美会,3570100580,,,100名,,
山口県,,山口県,,特別養護老人ホーム寿海荘,,介護老人福祉施設,下関市武久町2－53－8,,33.981216,130.917114,083-253-5251,,083-252-8706,,社会福祉法人 祥寿園,3570100606,,,121名,,
山口県,,山口県,,特別養護老人ホームフェニックス,,介護老人福祉施設,下関市小野64－1,,34.034351,130.962555,083-256-5336,,083-256-5025,,社会福祉法人 暁会,3570100630,,,54名,,
山口県,,山口県,,特別養護老人ホーム員光園,,介護老人福祉施設,下関市員光1544,,34.050526,130.984467,083-248-5115,,083-248-5118,,社会福祉法人 やまばと会員光園,3570100663,,,70名,,
山口県,,山口県,,特別養護老人ホーム白滝荘,,介護老人福祉施設,下関市豊北町田耕12426－1,,34.269527,130.988174,083-783-0056,,083-783-0029,,社会福祉法人豊北福祉会,3577800083,,,60名,,
山口県,,山口県,,特別養護老人ホームほたるホームとよた,,介護老人福祉施設,下関市豊田町荒木10051－2,,34.254292,131.047745,083-768-0051,,083-768-0134,,社会福祉法人 豊寿会,3577800117,,,50名,,
山口県,,山口県,,特別養護老人ホームきくがわ苑,,介護老人福祉施設,下関市菊川町下岡枝1064,,34.133572,131.036057,083-287-1220,,083-287-1270,,社会福祉法人 菊水会,3577800208,,,54名,,
山口県,,山口県,,特別養護老人ホーム 貴船園,,介護老人福祉施設,下関市貴船町3－4－1,,33.968594,130.941864,083-223-0261,,083-223-0271,,社会福祉法人恩賜財団済生会支部山口県済生会,3570102198,,,ユニット型 100名,,
山口県,,山口県,,特別養護老人ホーム 豊寿苑,,介護老人福祉施設,下関市豊浦町厚母郷10442,,34.110443,130.903198,083-772-0107,,083-772-0108,,社会福祉法人 豊浦福祉会,3570102883,,,54名,,
山口県,,山口県,,特別養護老人ホーム梨花の里,,介護老人福祉施設,下関市豊北町滝部11042－1,,34.295853,130.946243,083-784-1000,,083-782-0121,,社会福祉法人豊北福祉会,3570103477,,,ユニット型 60名,,
山口県,,山口県,,ユニット型特別養護老人ホームフェニックス,,介護老人福祉施設,下関市小野64－1,,34.034351,130.962555,083-256-5336,,083-256-5025,,社会福祉法人 暁会,3570104970,,,ユニット型 50名,,
山口県,,山口県,,特別養護老人ホーム員光園（ユニット型）,,介護老人福祉施設,下関市員光1544,,34.050526,130.984467,083-248-5115,,083-248-5118,,社会福祉法人 やまばと会員光園,3570104988,,,ユニット型 60名,,
山口県,,山口県,,特別養護老人ホームほたるホームとよた（ユニット型）,,介護老人福祉施設,下関市豊田町荒木10051－2,,34.254292,131.047745,083-768-0051,,083-768-0134,,社会福祉法人 豊寿会,3570104996,,,ユニット型 30名,,
山口県,,山口県,,特別養護老人ホームきくがわ苑（ユニット型）,,介護老人福祉施設,下関市菊川町下岡枝1064,,34.133572,131.036057,083-287-1220,,083-287-1270,,社会福祉法人 菊水会,3570105001,,,ユニット型 30名,,
山口県,,山口県,,介護老人保健施設 青海荘,,介護老人保健施設,下関市武久町2－53－8,,33.981216,130.917114,083-252-7124,,083-252-7125,,医療法人社団 青寿会,3550180008,,,100名,,
山口県,,山口県,,社会医療法人松涛会 老人保健施設コスモス,,介護老人保健施設,下関市横野町3－16－35,,34.034851,130.909927,083-258-3030,,083-258-1300,,社会医療法人 松涛会,3550180016,,,71名,,
山口県,,山口県,,介護老人保健施設豊松苑,,介護老人保健施設,下関市富任町6－17－20,,34.017971,130.923813,083-259-7381,,083-259-7382,,医療法人水の木会,3550180024,,,50名,,
山口県,,山口県,,老人保健施設アイユウ,,介護老人保健施設,下関市長府金屋浜町1－5,,34.002235,130.992264,083-246-5453,,083-246-5485,,医療法人 松永会,3550180032,,,97名,,
山口県,,山口県,,介護老人保健施設さくら寮,,介護老人保健施設,下関市長府才川2－21－2,,34.024475,130.999954,083-248-5211,,083-248-5714,,医療法人 愛の会,3550180040,,,41名,,
山口県,,山口県,,独立行政法人地域医療機能推進機構下関医療センター附属介護老人保健施設,,介護老人保健施設,下関市上新地町3－4－36,,33.958889,130.919113,083-233-7850,,083-233-7851,,独立行政法人地域医療機能推進機構,3550180073,,,72名,,
山口県,,山口県,,老人保健施設ライフ菊川,,介護老人保健施設,下関市菊川町下岡枝1113,,34.133572,131.036057,083-287-3081,,083-287-3082,,医療法人星の里会,3557880006,,,70名,,
山口県,,山口県,,下関市豊浦地域ケアセンター 介護老人保健施設 ひびき苑,,介護老人保健施設,下関市豊浦町小串10007－3,,34.176769,130.937637,083-772-2231,,083-772-4605,,下関市,3550180081,,,50名,,
山口県,,山口県,,介護老人保健施設 ももとせ,,介護老人保健施設,下関市豊北町滝部3669－1,,34.295853,130.946243,083-782-0032,,083-782-0773,,医療法人せんじゅ,3550180115,,,60名,,
山口県,,山口県,,介護療養型老人保健施設 青海荘弐番館,,介護老人保健施設,下関市武久町2－53－8,,33.981216,130.917114,083-252-2124,,083-252-5240,,医療法人社団 青寿会,3550180131,,,60名,,
山口県,,山口県,,介護老人保健施設 葵の園・下関,,介護老人保健施設,下関市吉見新町1－6－17,,34.069504,130.899628,083-286-2137,,083-286-5428,,医療法人社団葵会,3550180149,,,96名,,
山口県,,山口県,,医療法人 星の里会 岡病院,,介護療養型医療施設,下関市小月本町2－15－20,,34.070522,131.036469,083-282-0070,,083-282-4327,,医療法人星の里会,3510113677,,,32名,,
山口県,,山口県,,特別養護老人ホーム ビオラ・ユウ,,地域密着型介護老人福祉施設,岩国市由宇町北1－5－20,,34.04937,132.211472,0827-62-1133,,0827-62-1134,,社会福祉法人 緑風会,3590800037,,,ユニット型 29名,,
山口県,,山口県,,特別養護老人ホーム 秀東館 光陽,,地域密着型介護老人福祉施設,岩国市周東町用田341,,34.068146,132.059921,0827-84-6000,,0827-84-6515,,社会福祉法人 豊心会,3590800243,,,ユニット型29名,,
山口県,,山口県,,シンシアゆうわ,,地域密着型介護老人福祉施設,岩国市藤生町3－27－8,,34.120247,132.190186,0827-34-6002,,0827-34-6011,,社会福祉法人 恒和会,3590800300,,,ユニット型 29名,,
山口県,,山口県,,特別養護老人ホーム かなえ,,地域密着型介護老人福祉施設,岩国市錦見3－7－55,,34.165905,132.198792,0827-44-2233,,0827-44-2234,,社会福祉法人 鼎会,3590800383,,,ユニット型 24名,,
山口県,,山口県,,特別養護老人ホーム樂寿苑,,地域密着型介護老人福祉施設,岩国市美和町生見字石兼2489－1,,34.247898,132.086365,0827-97-0800,,0827-97-0808,,社会福祉法人力水会,3590800516,,,29名,,
山口県,,山口県,,ユニット型特別養護老人ホーム つつじ苑,,地域密着型介護老人福祉施設,熊毛郡平生町曽根10126－2,,33.9217,132.070984,0820-56-1050,,0820-56-1052,,社会福祉法人 うちうみ会,3597340060,,,ユニット型 21名,,
山口県,,山口県,,地域密着型特別養護老人ホーム ほしのさと,,地域密着型介護老人福祉施設,下松市生野屋南1－13－1,,34.032597,131.874741,0833-45-3100,,0833-45-3200,,社会福祉法人 くだまつ平成会,3590700112,,,ユニット型 20名,,
山口県,,山口県,,地域密着型特別養護老人ホーム ほがらか,,地域密着型介護老人福祉施設,下松市山田256,,34.034492,131.905945,0833-47-1717,,0833-47-1718,,社会福祉法人 元気の会,3590700146,,,29名,,
山口県,,山口県,,地域密着型特別養護老人ホーム星てらす,,地域密着型介護老人福祉施設,下松市古川町3－1－2,,34.007442,131.872314,0833-44-9516,,0833-44-9512,,社会福祉法人 緑山会,3590700153,,,29名,,
山口県,,山口県,,特別養護老人ホーム 光富士白苑（従来型）,,地域密着型介護老人福祉施設,光市虹ケ浜2－5－7,,33.968704,131.918777,0833-71-3090,,0833-71-3196,,社会福祉法人 光富士白苑,3591000116,,,20名,,
山口県,,山口県,,地域密着型特別養護老人ホームひいらぎ,,地域密着型介護老人福祉施設,光市光井9－8－30,,33.959682,131.945816,0833-71-6155,,0833-71-6156,,社会福祉法人光仁会,3591000207,,,29名,,
山口県,,山口県,,地域密着型特別養護老人ホーム光ケ丘,,地域密着型介護老人福祉施設,光市光ケ丘5－18,,33.981831,131.918854,0833-74-1200,,0833-74-1202,,社会福祉法人ひかり苑,3591000223,,,,,
山口県,,山口県,,地域密着型特別養護老人ホーム光富士白苑 四季の風,,地域密着型介護老人福祉施設,光市光ケ丘4－2,,33.980675,131.920975,0833-48-5880,,0833-48-5881,,社会福祉法人 光富士白苑,3591000272,,,29名,,
山口県,,山口県,,地域密着型特別養護老人ホームくすのき苑,,地域密着型介護老人福祉施設,周南市城ケ丘3－6－1,,34.043266,131.841156,0834-33-8881,,0834-33-8882,,社会福祉法人 光仁会,3591500289,,,ユニット型 29名,,
山口県,,山口県,,特別養護老人ホーム ヘスティア華城,,地域密着型介護老人福祉施設,防府市伊佐江1039－1,,34.039661,131.544266,0835-27-1133,,0835-27-1135,,社会福祉法人 華世会,3570600456,,,(1) 20名、(2) ユニット型 9名,,
山口県,,山口県,,特別養護老人ホーム 自由の杜,,地域密着型介護老人福祉施設,防府市大崎801－1,,34.06316,131.538696,0835-27-5505,,0835-27-5504,,社会福祉法人 ひとつの会,3590600148,,,ユニット型　29名,,
山口県,,山口県,,特別養護老人ホームひごろもそう,,地域密着型介護老人福祉施設,防府市浜方8－1,,34.02528,131.573181,0835-28-7706,,0835-28-7726,,社会福祉法人 勝縁福祉会,3590600189,,,ユニット型　29名,,
山口県,,山口県,,特別養護老人ホームあかつき苑防府,,地域密着型介護老人福祉施設,防府市江泊1790,,34.05368,131.608292,0835-28-7660,,0835-23-6776,,社会福祉法人 暁会,3590600205,,,ユニット型 29名,,
山口県,,山口県,,特別養護老人ホーム フィラージュ開出,,地域密着型介護老人福祉施設,防府市開出西町32－8,,34.050682,131.542435,0835-28-9300,,0835-28-9303,,社会福祉法人 ひとつの会,3590600221,,,ユニット型 29名,,
山口県,,山口県,,済生会山口地域ケアセンター特別養護老人ホームにほ苑,,地域密着型介護老人福祉施設,山口市仁保中郷988－1,,34.199314,131.576553,083-929-5110,,083-929-5111,,社会福祉法人恩賜財団済生会支部山口県済生会,3590300079,,,ユニット型 20名,,
山口県,,山口県,,済生会山口地域ケアセンター特別養護老人ホーム福寿園,,地域密着型介護老人福祉施設,山口市朝倉町5－4,,34.175125,131.453796,083-934-6301,,083-934-6303,,社会福祉法人恩賜財団済生会支部山口県済生会,3590300095,,,ユニット型 20名,,
山口県,,山口県,,特別養護老人ホームハートホーム中央,,地域密着型介護老人福祉施設,山口市神田町4－8,,34.172569,131.457535,083-941-6740,,083-941-6790,,社会福祉法人青藍会,3590300210,,,ユニット型　29名,,
山口県,,山口県,,特別養護老人ホームハートホーム宮野,,地域密着型介護老人福祉施設,山口市宮野下2996－1,,34.200432,131.504364,083-934-5600,,083-934-5605,,社会福祉法人青藍会,3590300244,,,29名,,
山口県,,山口県,,特別養護老人ホーム小郡・山手一番館いこいの丘,,地域密着型介護老人福祉施設,山口市小郡尾崎町2－1,,34.108932,131.395996,083-974-0200,,083-973-6700,,社会福祉法人 愛世会,3590300277,,,(1) ユニット型 9名、(2) ユニット型 11名,,
山口県,,山口県,,特別養護老人ホーム とくぢ苑,,地域密着型介護老人福祉施設,山口市徳地八坂1330,,34.223145,131.664078,0835-56-1306,,0835-56-1849,,社会福祉法人 佐波福祉会,3590300285,,,ユニット型 20名,,
山口県,,山口県,,特別養護老人ホーム山口あかり園,,地域密着型介護老人福祉施設,山口市黒川3363,,34.131638,131.438644,083-921-1618,,083-932-5370,,社会福祉法人 博愛会,3590300293,,,ユニット型 20名,,
山口県,,山口県,,特別養護老人ホーム山口喜楽園,,地域密着型介護老人福祉施設,山口市大内長野636,,34.158142,131.519363,083-927-1765,,083-927-6517,,社会福祉法人豊友会,3590300384,,,29名,,
山口県,,山口県,,特別養護老人ホーム オ・サーバａｉｏｉ,,地域密着型介護老人福祉施設,山口市下小鯖11331－12,,34.128128,131.546036,083-902-1521,,083-902-1510,,社会福祉法人ひとつの会,3590300434,,,29名,,
山口県,,山口県,,特別養護老人ホームむべの里 博愛園,,地域密着型介護老人福祉施設,宇部市中村2－7－18,,33.963333,131.26236,0836-37-0366,,0836-21-5244,,社会福祉法人むべの里光栄,3590200121,,,ユニット型  29名,,
山口県,,山口県,,特別養護老人ホーム あすとぴあ,,地域密着型介護老人福祉施設,宇部市あすとぴあ7－1－2,,33.980404,131.296555,0836-53-5555,,0836-53-5556,,社会福祉法人 アスワン山荘,3590200220,,,29名,,
山口県,,山口県,,特別養護老人ホームむべの里,,地域密着型介護老人福祉施設,宇部市東須恵320－1,,33.975182,131.189468,0836-43-1735,,0836-43-1889,,社会福祉法人むべの里光栄,3590200246,,,25名,,
山口県,,山口県,,特別養護老人ホームむべの里 岬,,地域密着型介護老人福祉施設,宇部市明神町1－3－25,,33.930683,131.260513,0836-43-7660,,0836-43-7506,,社会福祉法人 むべの里光栄,3590200295,,,29名,,
山口県,,山口県,,特別養護老人ホームむべの里中山,,地域密着型介護老人福祉施設,宇部市中山字中堀1135－1,,33.985443,131.245743,0836-39-5711,,,,社会福祉法人むべの里光栄,3590200360,,,ユニット型 29名,,
山口県,,山口県,,特別養護老人ホーム青景園サテライト秋芳の里,,地域密着型介護老人福祉施設,美祢市秋芳町秋吉5243－3,,34.232285,131.297791,0837-62-0300,,0837-62-0337,,社会福祉法人 豊徳会,3591300037,,,ユニット型 29名,,
山口県,,山口県,,地域密着型特別養護老人ホームＧｒａｃｅｆul唯心,,地域密着型介護老人福祉施設,美祢市大嶺町東分1707－2,,34.178757,131.20723,0837-54-2080,,0837-53-1011,,社会福祉法人同朋福祉会,3591300078,,,ユニット型　29名,,
山口県,,山口県,,特別養護老人ホームみとう悠々苑おおだ園,,地域密着型介護老人福祉施設,美祢市美東町大田5378－1,,34.232838,131.357422,08396-2-1100,,08396-2-1108,,社会福祉法人祐寿会,3591300086,,,ユニット型 20名,,
山口県,,山口県,,地域密着型特別養護老人ホームなごみの里ななせ,,地域密着型介護老人福祉施設,山陽小野田市郡1773－2,,34.022358,131.141968,0836-39-8100,,0836-39-8106,,社会福祉法人山陽福祉会,3591600253,,,29名,,
山口県,,山口県,,特別養護老人ホームサテライト型新型特養フロイデハイム,,地域密着型介護老人福祉施設,下関市彦島西山町3－12－14,,33.944241,130.880341,083-261-5355,,083-261-5356,,社会福祉法人 松涛会,3590100024,,,ユニット型 20名,,
山口県,,山口県,,サテライト 望海苑,,地域密着型介護老人福祉施設,下関市武久町2－48－17,,33.981739,130.917862,083-250-2000,,083-253-5007,,社会福祉法人 祥寿園,3590106013,,,ユニット型   29名,,
山口県,,山口県,,アイユウの苑 ゆめタウン,,地域密着型介護老人福祉施設,下関市ゆめタウン2－24,,34.027565,131.012833,083-249-2200,,083-249-2370,,社会福祉法人 松美会,3590106021,,,ユニット型   20名,,
山口県,,山口県,,特別養護老人ホームＳＵＮ,,地域密着型介護老人福祉施設,下関市豊浦町吉永1819－1,,34.1297,130.925858,083-775-4155,,083-774-1115,,社会福祉法人響会,3590106039,,,ユニット型 29名,,
山口県,,山口県,,地域密着型特別養護老人ホームにじの丘,,地域密着型介護老人福祉施設,下関市菊川町田部223－9,,34.108871,131.038406,083-287-2655,,083-287-2657,,社会福祉法人菊水会,3590106047,,,ユニット型 29名,,
山口県,,山口県,,特別養護老人ホーム富任荘,,地域密着型介護老人福祉施設,下関市富任町6－18－8,,34.017529,130.923676,083-258-5451,,083-258-5467,,社会福祉法人水の木会,3590106054,,,ユニット型 29名,,
山口県,,山口県,,特別養護老人ホーム豊田喜楽園,,地域密着型介護老人福祉施設,下関市豊田町中村821－1,,34.191704,131.071838,083-766-3765,,083-766-3766,,社会福祉法人豊友会,3590106062,,,ユニット型 29名,,
山口県,,山口県,,サテライト梨花の里アスピア,,地域密着型介護老人福祉施設,下関市豊北町滝部2969－1,,34.295853,130.946243,083-782-1181,,083-782-1161,,社会福祉法人豊北福祉会,3590106070,,,ユニット型 29名,,
山口県,,山口県,,特別養護老人ホーム虹の郷,,地域密着型介護老人福祉施設,下関市豊浦町厚母郷10442,,34.110443,130.903198,083-772-0107,,083-772-0108,,社会福祉法人 豊浦福祉会,3590106088,,,ユニット型 29名,,
山口県,,山口県,,特別養護老人ホームはまゆう苑なぎさ,,地域密着型介護老人福祉施設,下関市横野町3－15－10,,34.034821,130.910721,083-258-3800,,083-258-5397,,社会福祉法人 松涛会,3590106096,,,ユニット型 20名,,
山口県,,山口県,,地域密着型介護老人福祉施設アイユウの苑しおはま,,地域密着型介護老人福祉施設,下関市彦島塩浜町3－14－47,,33.919968,130.912567,083-267-8800,,083-267-8808,,社会福祉法人 松美会,3590106104,,,ユニット型 29名,,
山口県,,山口県,,特別養護老人ホームフロイデ金比羅,,地域密着型介護老人福祉施設,下関市金比羅町10－1,,33.969746,130.919708,083-227-2812,,083-227-2819,,社会福祉法人 松涛会,3590106112,,,29名,,
山口県,,山口県,,地域密着型介護老人福祉施設王司さざなみ荘,,地域密着型介護老人福祉施設,下関市王司本町1－18－27,,34.040752,131.014725,083-248-2100,,083-248-2107,,社会福祉法人季朋会,3590106120,,,ユニット型 29名,,
山口県,,山口県,,特別養護老人ホームフェニックス一の宮,,地域密着型介護老人福祉施設,下関市一の宮学園町19－1,,33.997875,130.946976,083-242-8580,,083-242-8581,,社会福祉法人 暁会,3590106138,,,ユニット型 29名,,
山口県,,山口県,,特別養護老人ホームＳＵＮ２,,地域密着型介護老人福祉施設,下関市豊浦町川棚12139－1,,34.168091,130.95723,083-774-3903,,083-774-3933,,社会福祉法人響会,3590106146,,,ユニット型 29名,,
山口県,,山口県,,特別養護老人ホーム稗田喜楽園,,地域密着型介護老人福祉施設,下関市稗田町8－18,,33.994701,130.930725,083-242-1765,,083-255-6517,,社会福祉法人豊友会,3590106153,,,29名,,
山口県,,山口県,,特別養護老人ホーム夢の里,,地域密着型介護老人福祉施設,下関市新地町3－28,,33.956406,130.921509,083-228-0300,,083-228-0303,,社会福祉法人夢の会,3590106161,,,29名,,
山口県,,山口県,,特別養護老人ホーム椋野喜楽園,,地域密着型介護老人福祉施設,下関市新椋野3－3－38,,33.984051,130.943863,083-231-1765,,083-228-6517,,社会福祉法人豊友会,3590106179,,,29名,,
山口県,,山口県,,特別養護老人ホーム夢ごこち,,地域密着型介護老人福祉施設,下関市長府才川1－41－76,,34.025841,131.006348,083-248-5567,,083-248-5544,,社会福祉法人夢の会,3590106187,,,29名,,
山口県,,山口県,,地域密着型特別養護老人ホーム シャイディック和水,,地域密着型介護老人福祉施設,長門市三隅中1811,,34.366657,131.270081,0837-43-1234,,0837-43-1053,,社会福祉法人 明和会,3591100106,,,ユニット型 19名,,
山口県,,山口県,,特別養護老人ホームかわかみ苑,,地域密着型介護老人福祉施設,萩市川上4921－1,,34.35368,131.495499,0838-54-2000,,0838-54-2781,,社会福祉法人山水会,3590400093,,,ユニット型 20名,,
山口県,,山口県,,特別養護老人ホーム恵寿苑,,地域密着型介護老人福祉施設,阿武郡阿武町木与10039－5,,34.530689,131.508789,08388-2-0088,,,,社会福祉法人 阿武福祉会,3597820020,,,ユニット型 20名,,
山口県,,山口県,,介護医療院 もみじ,,介護医療院,下関市長府才川2－21－2,,34.024475,130.999954,083-248-0254,,083-248-0441,,医療法人 愛の会,35B0100011,,,30名,,
山口県,,山口県,,王司介護医療院,,介護医療院,下関市王司本町1－18－27,,34.040752,131.014725,083-248-3631,,083-248-2188,,医療法人社団 季朋会,35B0100029,,,48名,,
山口県,,山口県,,介護医療院 あかね,,介護医療院,下関市後田町1－1－1,,33.96859,130.93428,083-231-3888,,083-231-7957,,医療法人茜会,35B0100037,,,60名,,
山口県,,山口県,,社会医療法人 松涛会 安岡病院介護医療院,,介護医療院,下関市横野町3－16－35,,34.034851,130.909927,083-258-3711,,083-258-2590,,社会医療法人 松涛会,35B0100045,,,44名,,
山口県,,山口県,,たけひさ介護医療院,,介護医療院,下関市武久町2－53－8,,33.981216,130.917114,083-227-2575,,083-252-7125,,医療法人社団 青寿会,35B0100052,,,95名,,
山口県,,山口県,,森山病院 介護医療院,,介護医療院,下関市宮田町2－8－20,,33.963692,130.946213,083-231-0781,,083-231-5539,,医療法人 元洋会,35B0100060,,,48名,,
山口県,,山口県,,まつなが医院 介護医療院,,介護医療院,下関市長府中浜町2－5,,33.99799,130.990234,083-245-2103,,083-245-0689,,医療法人 松永会,35B0100078,,,4名,,
山口県,,山口県,,夜間対応型訪問介護 よる助,,夜間対応型訪問介護,宇部市文京町2－9,,33.971302,131.232117,0836-37-3560,,0836-37-3561,,株式会社 助さん,3590200634,,,,,
山口県,,山口県,,デイサービスセンターさくらんぼ坂上ケアセンター,,認知症対応型通所介護,岩国市美和町渋前977－1,,34.218582,132.093811,0827-95-0200,,0827-95-0201,,医療法人新生会,3577200664,,,12名,,
山口県,,山口県,,デイサービスセンターさくらんぼ平田ケアセンター,,認知症対応型通所介護,岩国市平田6－33－4,,34.136761,132.186356,0827-34-0011,,0827-34-0033,,医療法人新生会,3570801013,,,12名,,
山口県,,山口県,,デイサービス つづ倶楽部,,認知症対応型通所介護,岩国市通津2470,,34.072357,132.207672,0827-39-1810,,0827-39-1811,,医療法人 南和会,3590800045,,,12名,,
山口県,,山口県,,デイサービスセンター山手倶楽部,,認知症対応型通所介護,岩国市山手町1－5－11,,34.170528,132.216339,0827-30-0505,,0827-30-0500,,医療法人新生会,3590800326,,,12名,,
山口県,,山口県,,いしいケア・クリニックデイサービスセンターわかば,,認知症対応型通所介護,岩国市麻里布町3－5－5,,34.170181,132.222794,0827-29-0708,,0827-29-0706,,医療法人 新生会,3590800342,,,12名,,
山口県,,山口県,,共用型デイサービス 錦帯橋・みどりの家,,認知症対応型通所介護,岩国市岩国1－20－36,,34.166904,132.181442,0827-28-4875,,0827-28-4876,,株式会社エポカケアサービス,3590800482,,,,,
山口県,,山口県,,認知症対応型デイサービスセンターかえで,,認知症対応型通所介護,岩国市南岩国町4－59－5－1号,,34.131073,132.196991,0827-34-2887,,0827-34-2888,,有限会社岩国メディカルサポート,3590800508,,,,,
山口県,,山口県,,平生町社会福祉協議会 さが・みんなの家,,認知症対応型通所介護,熊毛郡平生町佐賀1572,,33.891022,132.091583,0820-58-5008,,0820-58-5008,,社会福祉法人 平生町社会福祉協議会,3597340045,,,10名,,
山口県,,山口県,,デイサービス はぴね 周南,,認知症対応型通所介護,下松市河内1070－1,,34.012997,131.897705,0833-47-2224,,0833-47-2235,,グリーンライフ株式会社,3590700104,,,32名,,
山口県,,山口県,,光富士白苑 デイサービスセンター,,認知症対応型通所介護,光市虹ヶ浜2－5－12,,33.96899,131.918381,0833-71-1788,,0833-71-1811,,社会福祉法人 光富士白苑,3571000052,,,12名,,
山口県,,山口県,,グループホームおかでら荘,,認知症対応型通所介護,周南市樋口262－1,,34.071499,131.978302,0833-91-7355,,0833-91-7355,,特定非営利活動法人 熊毛清風会,3591500164,,,6名,,
山口県,,山口県,,デイサービス 十人十色,,認知症対応型通所介護,周南市城ケ丘4－3536－1,,34.044868,131.844788,0834-28-0012,,0834-28-0033,,エポックワン有限会社,3591500198,,,6名,,
山口県,,山口県,,グループホーム 万年青,,認知症対応型通所介護,周南市上村709－1,,34.091042,131.800613,0834-34-3236,,0834-34-3237,,医療法人 田中医院,3591500396,,,3名,,
山口県,,山口県,,グループホームかじかの里,,認知症対応型通所介護,山口市徳地八坂1330,,34.223145,131.664078,0835-56-1377,,0835-56-1849,,社会福祉法人佐波福祉会,3577500113,,,3名,,
山口県,,山口県,,デイサービスえがお,,認知症対応型通所介護,山口市阿東徳佐下2566,,34.400993,131.693039,083-956-0700,,083-956-0700,,金子建設株式会社,3597800014,,,12名,,
山口県,,山口県,,ハートハウス大内脳活性リハビリ,,認知症対応型通所介護,山口市大内千坊5－6－19,,34.15723,131.491379,083-941-5831,,083-941-5611,,有限会社あんのメディカル,3590300137,,,12名,,
山口県,,山口県,,ハートホーム南山口脳活性リハビリ,,認知症対応型通所介護,山口市深溝803－1,,34.046692,131.373016,083-988-3300,,083-988-3301,,社会福祉法人青藍会,3590300145,,,12名,,
山口県,,山口県,,ハートホーム平川脳活性リハビリ,,認知症対応型通所介護,山口市黒川729－2,,34.143696,131.450119,083-934-7600,,083-934-7601,,医療法人社団青藍会,3590300178,,,(1) 12名、(2) 12名、(3) 12名,,
山口県,,山口県,,ハートホーム宮野脳活性リハビリ,,認知症対応型通所介護,山口市宮野下2997－5,,34.199802,131.504715,083-934-5600,,083-934-5601,,社会福祉法人青藍会,3590300194,,,(1) 12名、(2) 12名、(3) 12名,,
山口県,,山口県,,ハートハウス大歳脳活性リハビリ,,認知症対応型通所介護,山口市朝田751－1,,34.144417,131.430603,083-922-0170,,083-922-0172,,有限会社あんのメディカル,3590300228,,,(1) 12名、(2) 12名,,
山口県,,山口県,,ハートハウス新山口グループホーム,,認知症対応型通所介護,山口市小郡緑町3－33,,34.091434,131.403168,083-973-9510,,083-973-9510,,社会福祉法人青藍会,3577600392,,,3名,,
山口県,,山口県,,ハートホーム宮野グループホーム,,認知症対応型通所介護,山口市宮野下2997－5,,34.199802,131.504715,083-934-5610,,083-934-5611,,社会福祉法人青藍会,3570300446,,,3名,,
山口県,,山口県,,ハートホーム平川グループホーム,,認知症対応型通所介護,山口市黒川729－2,,34.143696,131.450119,083-934-7611,,083-934-7611,,医療法人社団青藍会,3570300743,,,(1) 3名、(2) 3名,,
山口県,,山口県,,ハートホーム南山口グループホーム,,認知症対応型通所介護,山口市深溝803－1,,34.046692,131.373016,083-988-3306,,083-988-3306,,社会福祉法人青藍会,3570300768,,,3名,,
山口県,,山口県,,きらら苑グループホーム,,認知症対応型通所介護,山口市秋穂二島327－44,,34.033401,131.397552,083-987-0023,,083-987-3223,,特定非営利活動法人きらら山口福祉の会,3570300917,,,3名,,
山口県,,山口県,,ハートホーム小郡脳活性リハビリ,,認知症対応型通所介護,山口市小郡下郷2222－3,,34.098148,131.391678,083-972-1200,,083-902-1899,,有限会社 あんのメディカル,3590300251,,,(1) 12名、(2) 12名,,
山口県,,山口県,,ハートホーム山口グループホーム,,認知症対応型通所介護,山口市吉敷中東1－1－2,,34.167183,131.447418,083-933-6084,,083-933-6084,,医療法人社団青藍会,3570300651,,,2名,,
山口県,,山口県,,ハートハウス吉敷脳活性リハビリ,,認知症対応型通所介護,山口市吉敷中東1－7－1,,34.16785,131.446365,083-922-0001,,083-922-0001,,有限会社 あんのメディカル,3590300343,,,12名,,
山口県,,山口県,,グループホームグッドスマイルズ,,認知症対応型通所介護,山口市桜畠2－9－32,,34.194786,131.501755,083-933-6188,,083-932-1532,,医療法人英知会,3590300020,,,3名,,
山口県,,山口県,,グループホーム希望の里,,認知症対応型通所介護,山口市鋳銭司12361－3,,34.086681,131.464523,083-986-3186,,083-986-3658,,社会福祉法人相清福祉会,3570300453,,,3名,,
山口県,,山口県,,グループホーム徳佐あいおい苑,,認知症対応型通所介護,山口市阿東徳佐中987－5,,34.405739,131.719284,083-956-2822,,083-956-2823,,社会福祉法人ひとつの会,3597800022,,,(1) 3名、(2) 3名,,
山口県,,山口県,,宇部西デイサービス,,認知症対応型通所介護,宇部市際波287－1,,33.996155,131.224411,0836-45-1223,,0836-45-1224,,医療法人 和同会,3570200786,,,24名,,
山口県,,山口県,,宇部リハビリテーション病院 デイサービス,,認知症対応型通所介護,宇部市西岐波229－3,,33.974148,131.28624,0836-51-3111,,0836-51-4441,,医療法人和同会,3590200097,,,24名,,
山口県,,山口県,,デイサービスかもめ３,,認知症対応型通所介護,宇部市西岐波4953－6,,33.969315,131.307983,0836-39-8888,,0836-39-8880,,合同会社かもめ,3590200238,,,12名,,
山口県,,山口県,,デイサービスほほえみ,,認知症対応型通所介護,山陽小野田市小野田7393－2,,34.001202,131.193832,0836-84-5304,,0836-84-5304,,有限会社カネフジ介護センター,3570900377,,,12名,,
山口県,,山口県,,デイサービスほほえみ有帆,,認知症対応型通所介護,山陽小野田市小野田7399,,34.00209,131.19104,0836-83-7796,,0836-83-7796,,有限会社 カネフジ介護センター,3570900435,,,12名,,
山口県,,山口県,,デイサービスセンターこうよう紫苑,,認知症対応型通所介護,山陽小野田市郡字浜3233－7,,34.022358,131.141968,0836-78-1800,,,,医療法人健仁会,3591600055,,,12名,,
山口県,,山口県,,デイサービスなみおと,,認知症対応型通所介護,山陽小野田市小野田1147－13,,33.957695,131.172302,0836-88-3080,,,,医療法人社団早川内科医院,3591600097,,,12名,,
山口県,,山口県,,認知症デイサービスとまりの郷,,認知症対応型通所介護,山陽小野田市西高泊10760－3,,34.009682,131.163055,0836-81-1818,,0836-81-1356,,社会福祉法人 萌仁会,3591600105,,,12名,,
山口県,,山口県,,デイサービスいつは,,認知症対応型通所介護,山陽小野田市住吉本町2－7－20,,33.979637,131.180389,0836-81-2828,,0836-39-7379,,医療法人社団 早川内科医院,3591600147,,,12名,,
山口県,,山口県,,デイサービスひなたぼっこ,,認知症対応型通所介護,山陽小野田市須恵1－12－21,,33.97261,131.178436,0836-39-6762,,0836-39-7341,,医療法人社団 村重医院,3591600162,,,12名,,
山口県,,山口県,,デイサービス ほほえみの里,,認知症対応型通所介護,山陽小野田市小野田7408,,34.00209,131.19104,0836-83-3770,,0836-83-0503,,有限会社 カネフジ介護センター,3591600188,,,12名,,
山口県,,山口県,,デーサービスほほえみ西の浜,,認知症対応型通所介護,山陽小野田市南竜王町12－16,,33.964203,131.175125,0836-88-2324,,0836-88-2324,,有限会社 カネフジ介護センター,3591600196,,,12名,,
山口県,,山口県,,脳いきいきデイサービスねぎ,,認知症対応型通所介護,下関市横野町3－16－5,,34.034122,130.910461,083-258-3600,,083-262-3801,,社会福祉法人 松涛会,3570100317,,,12名,,
山口県,,山口県,,特定非営利活動法人 デイサービス豆たん,,認知症対応型通所介護,下関市内日下1028－2,,34.101173,130.969711,083-289-2693,,083-289-2694,,特定非営利活動法人豆たん,3570101489,,,12名,,
山口県,,山口県,,デイサービス白雲台,,認知症対応型通所介護,下関市上田中町8－14－5,,33.962463,130.93364,083-249-5148,,083-228-0348,,医療法人茜会,3570101901,,,(1) 12名、(2) 8名,,
山口県,,山口県,,富士デイサービス大学町,,認知症対応型通所介護,下関市大学町5－8－4,,33.986961,130.937759,083-255-0070,,083-250-8270,,株式会社メディカルテンダー,3590102020,,,12名,,
山口県,,山口県,,富士デイサービス王司,,認知症対応型通所介護,下関市王司神田6－3－42,,34.048737,131.016296,083-227-2527,,083-227-2528,,株式会社メディカルテンダー,3590102095,,,12名,,
山口県,,山口県,,菊川デイサービスちとせ,,認知症対応型通所介護,下関市菊川町下岡枝389－1,,34.127308,131.035873,083-288-2027,,083-288-2028,,株式会社介援,3590102103,,,10名,,
山口県,,山口県,,社会医療法人 松涛会 デイサービスわたぼうし,,認知症対応型通所介護,下関市横野町3－16－35,,34.034851,130.909927,083-258-3123,,083-258-2590,,社会医療法人 松涛会,3590102129,,,3名,,
山口県,,山口県,,下関市社協 豊北デイサービスセンターほのぼの,,認知症対応型通所介護,下関市豊北町神田4611－2,,34.328148,130.901138,083-786-1607,,083-786-2607,,社会福祉法人下関市社会福祉協議会,3590102137,,,12名,,
山口県,,山口県,,グループホーム王司,,認知症対応型通所介護,下関市王司川端1－4－56－2,,34.04834,131.017654,083-249-2255,,083-249-2266,,社会福祉法人夢の会,3590102145,,,3名,,
山口県,,山口県,,グループホームたけひさ,,認知症対応型通所介護,下関市武久町1－48－32,,33.984554,130.92334,083-227-2873,,083-254-3155,,株式会社ウエルケア,3590102152,,,3名,,
山口県,,山口県,,グループホーム椋野弐番館,,認知症対応型通所介護,下関市椋野町3－4－26,,33.979622,130.946411,083-250-7323,,083-223-3833,,株式会社セービング,3590102160,,,3名,,
山口県,,山口県,,グループホーム形山,,認知症対応型通所介護,下関市形山町5－57,,34.014954,130.957565,083-263-6611,,083-263-6622,,株式会社ウエルケア,3590102178,,,3名,,
山口県,,山口県,,グループホーム元町,,認知症対応型通所介護,下関市元町1－7,,33.967522,130.924164,083-227-3507,,083-232-5673,,株式会社セービング,3590102186,,,3名,,
山口県,,山口県,,グループホーム豊田 共用型デイサービス,,認知症対応型通所介護,下関市豊田町中村7－1,,34.191704,131.071838,083-767-0058,,083-767-0057,,特定非営利活動法人こころ和み,3590102194,,,(1) 3名、(2) 3名,,
山口県,,山口県,,ゆもと苑デイサービスセンター,,認知症対応型通所介護,長門市深川湯本10600－1,,34.332188,131.172775,0837-22-7001,,0837-22-7005,,社会福祉法人 福祥会,3571100076,,,12名,,
山口県,,山口県,,デイサービスゆうなぎ,,認知症対応型通所介護,長門市仙崎10040－1,,34.390049,131.198837,0837-26-5005,,0837-26-5001,,有限会社ライフサポートながと,3591100064,,,12名,,
山口県,,山口県,,デイサービスセンター四縁,,認知症対応型通所介護,萩市下五間町48,,34.413376,131.401505,0838-21-7439,,0838-21-7439,,医療法人社団 田町診療所,3590400077,,,12名,,
山口県,,山口県,,小規模多機能型居宅介護 スマイルさくら,,小規模多機能型居宅介護,岩国市下342－1,,34.169106,132.095917,0827-47-3454,,0827-47-3102,,医療法人 新生会,3590800102,,,22名,,
山口県,,山口県,,小規模多機能ホーム錦帯橋・みどりの家,,小規模多機能型居宅介護,岩国市岩国1－20－36,,34.166904,132.181442,0827-28-4877,,0827-28-4878,,株式会社 エポカケアサービス,3590800151,,,29名,,
山口県,,山口県,,サンキ・ウエルビィ小規模多機能センター岩国,,小規模多機能型居宅介護,岩国市牛野谷町2－16－32,,34.155949,132.196548,0827-28-5361,,0827-31-3330,,サンキ・ウエルビィ株式会社,3590800177,,,25名,,
山口県,,山口県,,平成小規模多機能センター,,小規模多機能型居宅介護,岩国市玖珂町11340,,34.100464,132.092773,0827-82-1116,,0827-82-3870,,医療法人山口平成会,3590800201,,,29名,,
山口県,,山口県,,小規模多機能型居宅介護 さくら庵,,小規模多機能型居宅介護,岩国市横山2－1－8,,34.167736,132.176819,0827-41-1122,,0827-41-1123,,医療法人新生会,3590800235,,,20名,,
山口県,,山口県,,小規模多機能型居宅介護 さくらんぼはうす,,小規模多機能型居宅介護,岩国市車町1－7－8,,34.158386,132.216843,0827-23-2200,,0827-23-2201,,医療法人 新生会,3590800284,,,29名,,
山口県,,山口県,,小規模多機能 シンシアゆうわ,,小規模多機能型居宅介護,岩国市藤生町3－27－8,,34.120247,132.190186,0827-34-6002,,0827-34-6011,,社会福祉法人 恒和会,3590800318,,,29名,,
山口県,,山口県,,小規模多機能型居宅介護 ラ・スリーズ,,小規模多機能型居宅介護,岩国市麻里布町3－5－5,,34.170181,132.222794,0827-30-0721,,0827-30-0722,,医療法人 新生会,3590800359,,,25名,,
山口県,,山口県,,小規模多機能たかもり苑,,小規模多機能型居宅介護,岩国市周東町西長野618－1,,34.091099,132.001663,0827-35-5225,,0827-83-0505,,社会福祉法人高森福祉会,3590800367,,,29名,,
山口県,,山口県,,リフレの杜,,小規模多機能型居宅介護,岩国市玖珂町1887,,34.100464,132.092773,0827-82-3521,,0827-82-4812,,医療法人社団青山会,3590800375,,,25名,,
山口県,,山口県,,小規模多機能ホーム結埜音,,小規模多機能型居宅介護,岩国市立石町3－8－38,,34.176968,132.2258,0827-35-6677,,0827-35-6688,,株式会社ティエラ,3590800391,,,29名,,
山口県,,山口県,,小規模多機能事業所 よりそい,,小規模多機能型居宅介護,岩国市錦見3－5－53,,34.164955,132.197891,0827-28-0323,,0827-28-0175,,医療法人 岩国病院,3590800409,,,25名,,
山口県,,山口県,,小規模多機能型居宅介護トータルケアゆうわ,,小規模多機能型居宅介護,柳井市伊保庄字近長浜1－4,,33.930088,132.116165,0820-27-6001,,0820-27-0800,,社会福祉法人恒和会,3591200039,,,29名,,
山口県,,山口県,,サンキ・ウエルビィ小規模多機能センター柳井,,小規模多機能型居宅介護,柳井市柳井1010－1,,33.961246,132.129623,0820-25-3885,,0820-24-1080,,サンキ・ウエルビィ株式会社,3591200054,,,29名,,
山口県,,山口県,,小規模多機能 たすけ愛の里,,小規模多機能型居宅介護,大島郡周防大島町椋野1338－1,,33.950668,132.231567,0820-79-0120,,0820-79-0126,,特定非営利活動法人 いい日の里,3597100043,,,22名,,
山口県,,山口県,,小規模多機能型居宅介護 縁,,小規模多機能型居宅介護,熊毛郡田布施町下田布施384－3,,33.953941,132.052582,0820-25-1357,,0820-25-1383,,株式会社 星天の和,3597330053,,,,,
山口県,,山口県,,小規模多機能 のんびり村 米川,,小規模多機能型居宅介護,下松市下谷字砂の本179,,34.089306,131.872162,0833-53-6688,,0833-53-5555,,株式会社ホームケアサービス山口,3590700054,,,29名,,
山口県,,山口県,,小規模多機能型居宅介護 つどい,,小規模多機能型居宅介護,下松市山田256,,34.034492,131.905945,0833-47-1165,,0833-47-1167,,社会福祉法人 元気の会,3590700120,,,18名,,
山口県,,山口県,,あらなほーむ,,小規模多機能型居宅介護,下松市西豊井617－1,,34.01469,131.876389,0833-57-0538,,0833-57-0988,,合同会社Ａｒａｎａ,3590700203,,,29名,,
山口県,,山口県,,ＪＡ小規模多機能おひさま下松,,小規模多機能型居宅介護,下松市河内1933－1,,34.021362,131.885986,0833-43-6660,,0833-43-6650,,ＪＡ協同サポート山口株式会社,3590700211,,,28名,,
山口県,,山口県,,エリア なかよかん,,小規模多機能型居宅介護,光市室積松原10－24,,33.935524,131.969238,0833-78-0100,,0833-78-0097,,有限会社 山幸興産,3571000276,,,25名,,
山口県,,山口県,,小規模多機能型 ケアホーム はまゆう,,小規模多機能型居宅介護,光市室積村1529－1,,33.918396,131.998077,0833-79-3533,,0833-79-3533,,特定非営利活動法人 浜木綿,3571000268,,,15名,,
山口県,,山口県,,小規模多機能ケア兼清,,小規模多機能型居宅介護,光市光ヶ丘3－6,,33.98056,131.920898,0833-74-0100,,0833-48-6133,,（有）兼清メディカルサービス,3591000017,,,29名,,
山口県,,山口県,,小規模多機能ケアホームのはら,,小規模多機能型居宅介護,光市中央3－2－13,,33.958992,131.945786,0833-72-0170,,,,医療法人社団 光仁会,3591000074,,,25名,,
山口県,,山口県,,小規模多機能 おりづる周防の郷,,小規模多機能型居宅介護,光市小周防829－1,,34.020058,131.981583,0833-76-1200,,0833-76-1201,,有限会社 生活サポーターおりづる,3591000132,,,29名,,
山口県,,山口県,,ケアシステム オレンジ,,小規模多機能型居宅介護,光市島田2－22－16,,33.970184,131.933304,0833-72-1212,,,,医療法人 陽光会 光中央病院,3591000140,,,29名,,
山口県,,山口県,,アリヴィオげんきむら,,小規模多機能型居宅介護,光市島田2－20－20,,33.970741,131.93222,0833-71-3045,,0833-71-3047,,社会福祉法人 光寿福祉会,3591000165,,,29名,,
山口県,,山口県,,小規模多機能げんきむら,,小規模多機能型居宅介護,光市室積沖田5－1,,33.935333,131.974075,0833-79-1722,,0833-48-8366,,社会福祉法人 光寿福祉会,3591000256,,,,,
山口県,,山口県,,小規模多機能とーか,,小規模多機能型居宅介護,周南市政所4－11－13,,34.074551,131.771744,0834-63-7698,,0834-63-7704,,有限会社 とーか,3591500099,,,25名,,
山口県,,山口県,,サンキウエルビィ小規模多機能センター周南,,小規模多機能型居宅介護,周南市久米3503－1,,34.046066,131.847488,0834-39-1770,,0834-39-1771,,サンキ・ウェルビィ株式会社,3591500115,,,25名,,
山口県,,山口県,,こもれびダンディクラブ,,小規模多機能型居宅介護,周南市城ケ丘4－3536－1,,34.044868,131.844788,0834-34-3935,,0834-28-0033,,エポックワン有限会社,3591500180,,,29名,,
山口県,,山口県,,小規模多機能型居宅介護 周南高原,,小規模多機能型居宅介護,周南市須々万本郷29－2,,34.112503,131.864151,0834-88-2766,,0834-88-2769,,社会福祉法人 緑山会,3591500214,,,25名,,
山口県,,山口県,,サンキ・ウエルビィ小規模多機能センター熊毛,,小規模多機能型居宅介護,周南市呼坂本町9－7,,34.049046,131.968475,0833-92-0550,,0833-91-3333,,サンキ・ウエルビィ株式会社,3591500248,,,18名,,
山口県,,山口県,,小規模多機能型居宅介護 のんたⅢ,,小規模多機能型居宅介護,周南市戸田字佐畑4282,,34.073734,131.679123,0834-82-1500,,0834-82-1501,,医療法人 竹内医院,3591500263,,,18名,,
山口県,,山口県,,小規模多機能 スマイル創,,小規模多機能型居宅介護,防府市上右田2464,,34.072468,131.571243,0835-25-0778,,0835-25-0778,,有限会社 創,3590600064,,,6名,,
山口県,,山口県,,ヘスティア伊佐江小規模多機能型居宅介護,,小規模多機能型居宅介護,防府市伊佐江町11－44,,34.046898,131.550247,0835-27-2277,,0835-27-2288,,社会福祉法人華世会,3590600098,,,29名,,
山口県,,山口県,,ニチイケアセンター防府,,小規模多機能型居宅介護,防府市敷山町14－1,,34.064861,131.598053,0835-26-6861,,0835-26-6862,,株式会社ニチイ学館,3590600106,,,29名,,
山口県,,山口県,,スローライフ,,小規模多機能型居宅介護,防府市本橋町13－5,,34.065994,131.564651,0835-24-7667,,0835-24-7667,,株式会社 よこやま,3590600130,,,29名,,
山口県,,山口県,,夢ハウス丸山,,小規模多機能型居宅介護,防府市西浦586,,34.024715,131.524994,0835-39-2215,,0835-39-2205,,株式会社 夢のみずうみ社,3590600163,,,29名,,
山口県,,山口県,,サンキ・ウエルビィ小規模多機能センター防府,,小規模多機能型居宅介護,防府市新田600－5,,34.034271,131.567184,0835-28-7500,,0835-27-0688,,サンキ・ウエルビィ株式会社,3590600171,,,29名,,
山口県,,山口県,,自遊の街小規模多機能ハウスひだまり倶楽部,,小規模多機能型居宅介護,防府市自力町3－27,,34.043213,131.575333,0835-27-6648,,0835-21-3250,,有限会社コミュニティケア防府,3590600254,,,29名,,
山口県,,山口県,,ヘスティア天神小規模多機能型居宅介護,,小規模多機能型居宅介護,防府市天神1－7－23,,34.055222,131.573471,0835-26-4777,,0835-26-6777,,社会福祉法人 華世会,3590600387,,,25名,,
山口県,,山口県,,ハートホーム小郡 小規模多機能型居宅介護,,小規模多機能型居宅介護,山口市小郡下郷字沖田2222－3,,34.098232,131.394684,083-974-1650,,083-976-8700,,有限会社あんのメディカル,3590300129,,,29名,,
山口県,,山口県,,ハートハウス大歳 小規模多機能型居宅介護,,小規模多機能型居宅介護,山口市朝田751－1,,34.144417,131.430603,083-922-0170,,083-922-0172,,有限会社あんのメディカル,3590300160,,,29名,,
山口県,,山口県,,夢ハウスゆだ,,小規模多機能型居宅介護,山口市楠木町4－19－3,,34.168415,131.453461,083-921-8338,,083-995-2824,,社会福祉法人夢のみずうみ村,3590300236,,,25名,,
山口県,,山口県,,多機能ホーム 遠波の里白松苑,,小規模多機能型居宅介護,山口市佐山1804－1,,34.042114,131.346695,083-988-2277,,083-988-2278,,社会福祉法人 正清会,3590300269,,,25名,,
山口県,,山口県,,小規模多機能型居宅介護事業所 オ・サーバ,,小規模多機能型居宅介護,山口市下小鯖11331－12,,34.128128,131.546036,083-902-1520,,083-902-1510,,社会福祉法人ひとつの会,3590300426,,,25名,,
山口県,,山口県,,小規模多機能型居宅介護日々草,,小規模多機能型居宅介護,宇部市昭和町1－9－1,,33.94368,131.252579,0836-39-6116,,0836-39-6123,,株式会社レナール,3590200147,,,29名,,
山口県,,山口県,,神原苑 東新川デイホーム,,小規模多機能型居宅介護,宇部市東新川町6－10,,33.946278,131.256165,0836-31-0076,,0836-31-0065,,社会福祉法人神原苑,3590200162,,,25名,,
山口県,,山口県,,社会福祉法人育修会 ふれあいの家,,小規模多機能型居宅介護,宇部市小野字山根8295－1,,34.117241,131.334793,0836-64-5000,,0836-64-5001,,社会福祉法人育修会,3590200170,,,24名,,
山口県,,山口県,,やまもとクリニック小規模多機能型居宅介護「グッド・ハウス」,,小規模多機能型居宅介護,宇部市黒石北3－1－57,,33.98431,131.21286,0836-39-9528,,0836-39-9474,,医療法人社団厚心会,3590200212,,,29名,,
山口県,,山口県,,神原苑藤山デイホーム,,小規模多機能型居宅介護,宇部市西平原4－2－13,,33.972786,131.224808,0836-37-5505,,0836-37-5505,,社会福祉法人 神原苑,3590200279,,,25名,,
山口県,,山口県,,安心ライフ中宇部小規模多機能型居宅介護福寿草,,小規模多機能型居宅介護,宇部市中宇部字西岩田1562－1,,33.97216,131.258163,0836-43-7565,,0836-33-1222,,社会福祉法人 敬愛会,3590200287,,,29名,,
山口県,,山口県,,小規模多機能ホーム ヴィラ アスワン,,小規模多機能型居宅介護,宇部市あすとぴあ7－1－2,,33.980404,131.296555,0836-53-5557,,0836-53-5559,,社会福祉法人 アスワン山荘,3590200386,,,29名,,
山口県,,山口県,,みんなの家あそう,,小規模多機能型居宅介護,美祢市豊田前町麻生下579,,34.197201,131.120117,0837-57-0053,,0837-57-5020,,社会福祉法人 美祢市社会福祉協議会,3591300029,,,25名,,
山口県,,山口県,,小規模多機能ホームＧｒａｃｅｆｕｌゆいしん,,小規模多機能型居宅介護,美祢市大嶺町東分1707－2,,34.178757,131.20723,0837-54-2080,,0837-53-1011,,社会福祉法人同朋福祉会,3591300052,,,25名,,
山口県,,山口県,,小規模多機能型居宅介護こうよう紫苑,,小規模多機能型居宅介護,山陽小野田市郡字浜3233－7,,34.022358,131.141968,0836-78-1800,,,,医療法人健仁会,3591600063,,,29名,,
山口県,,山口県,,小規模多機能型居宅介護なみおと,,小規模多機能型居宅介護,山陽小野田市小野田1147－13,,33.957695,131.172302,0836-88-3080,,,,医療法人社団早川内科医院,3591600071,,,29名,,
山口県,,山口県,,小規模多機能型居宅介護いつは,,小規模多機能型居宅介護,山陽小野田市住吉本町2－7－20,,33.979637,131.180389,0836-81-2828,,0836-39-7379,,医療法人社団 早川内科医院,3591600154,,,29名,,
山口県,,山口県,,小規模多機能 杜の宮,,小規模多機能型居宅介護,下関市安岡町4－9－43,,34.030716,130.918228,083-262-2550,,083-258-3345,,社会福祉法人 松涛会,3590103051,,,25名,,
山口県,,山口県,,小規模多機能型居宅介護王喜の郷ミントの家,,小規模多機能型居宅介護,下関市王喜本町5－4－18,,34.06411,131.052063,083-282-1948,,083-283-2060,,社会福祉法人緑樹会,3590103069,,,25名,,
山口県,,山口県,,小規模多機能 ケアタウン山の田,,小規模多機能型居宅介護,下関市武久町1－19－30,,33.984394,130.926636,083-250-7182,,083-252-8110,,社会医療法人 松涛会,3590103085,,,29名,,
山口県,,山口県,,小規模多機能 ケアタウン江の浦,,小規模多機能型居宅介護,下関市彦島江の浦町9－2－14,,33.929665,130.918137,083-261-5612,,083-266-0120,,社会医療法人 松涛会,3590103093,,,29名,,
山口県,,山口県,,サンキ・ウエルビィ小規模多機能センター下関,,小規模多機能型居宅介護,下関市生野町1－4－10－2,,33.981506,130.934189,083-250-1123,,083-252-0611,,サンキ・ウエルビィ株式会社,3590103101,,,25名,,
山口県,,山口県,,小規模多機能くるみの家,,小規模多機能型居宅介護,下関市横野町4－9－24,,34.036205,130.910904,083-250-9324,,083-250-9325,,社会医療法人 松涛会,3590103119,,,29名,,
山口県,,山口県,,小規模多機能型居宅介護アイユウの苑しおはま,,小規模多機能型居宅介護,下関市彦島塩浜町3－14－47,,33.919968,130.912567,083-267-2525,,083-267-8808,,社会福祉法人 松美会,3590103143,,,29名,,
山口県,,山口県,,小規模多機能宝の家,,小規模多機能型居宅介護,下関市宝町23－3,,33.982502,130.938675,083-227-2627,,083-227-2628,,社会福祉法人 暁会,3590103150,,,25名,,
山口県,,山口県,,小規模多機能フロイデ金比羅,,小規模多機能型居宅介護,下関市金比羅町10－1,,33.969746,130.919708,083-227-2824,,083-227-2819,,社会福祉法人 松涛会,3590103168,,,29名,,
山口県,,山口県,,小規模多機能型居宅介護やすらが丘,,小規模多機能型居宅介護,下関市横野町4－2－18,,34.035183,130.913269,083-258-1113,,083-258-1005,,社会医療法人 松涛会,3590103176,,,29名,,
山口県,,山口県,,小規模多機能あやらぎの里,,小規模多機能型居宅介護,下関市綾羅木新町2－2－9,,34.012375,130.921295,083-250-7214,,083-252-5119,,社会福祉法人夢の会,3590103192,,,29名,,
山口県,,山口県,,えきまえケアセンター華房,,小規模多機能型居宅介護,萩市三見3350－5,,34.387905,131.340515,0838-27-0837,,0838-27-0839,,医療法人 社団 慈生会,3590400010,,,25名,,
山口県,,山口県,,小規模多機能ホームぬくもり,,小規模多機能型居宅介護,萩市江崎55,,34.645512,131.634171,08387-3-2565,,08387-3-2565,,田万川地域サポート２１,3590400036,,,25名,,
山口県,,山口県,,ケアセンター華房福栄,,小規模多機能型居宅介護,萩市福井下3507－1,,34.417358,131.475433,0838-52-5777,,0838-52-5778,,医療法人 社団慈生会,3590400044,,,25名,,
山口県,,山口県,,小規模多機能メディカルホーム絆,,小規模多機能型居宅介護,萩市大井1723－1,,34.468403,131.458984,0838-28-5300,,0838-28-5310,,医療法人河野医院,3590400085,,,25名,,
山口県,,山口県,,小規模多機能型居宅介護いらお苑,,小規模多機能型居宅介護,阿武郡阿武町福田下1358－1,,34.529537,131.589233,08388-5-0900,,08388-5-5101,,社会福祉法人 阿武福祉会,3597820046,,,20名,,
山口県,,山口県,,定期巡回訪問サービス ユー・アンド２４ゆうわ,,定期巡回・随時対応型訪問介護看護,柳井市古開作479－3,,33.969437,132.097351,0820-25-1212,,0820-25-1661,,社会福祉法人 恒和会,3591200062,,,,,
山口県,,山口県,,定期巡回随時対応型訪問介護看護元気村,,定期巡回・随時対応型訪問介護看護,周南市湯野字向山109－22,,34.108093,131.6716,0834-82-0001,,0834-82-0011,,医療法人社団 生和会,3591500305,,,,,
山口県,,山口県,,定期随時訪問ステーションこもれび,,定期巡回・随時対応型訪問介護看護,周南市城ヶ丘4－3536－1,,34.044868,131.844788,0834-33-8788,,0834-34-1812,,エポックワン有限会社,3591500412,,,,,
山口県,,山口県,,巡回サービス ゆうの風三田尻,,定期巡回・随時対応型訪問介護看護,防府市警固町1－6－42,,34.050232,131.578751,0835-28-1888,,0835-22-6206,,株式会社ピーエー,3590600296,,,,,
山口県,,山口県,,定期巡回プルメリア,,定期巡回・随時対応型訪問介護看護,防府市新田818－1,,34.029846,131.563934,0835-28-1192,,0835-28-1171,,医療法人 実昌会,3590600364,,,,,
山口県,,山口県,,定期巡回随時対応型訪問介護看護事業所飛梅,,定期巡回・随時対応型訪問介護看護,防府市下右田363,,34.073227,131.5569,0835-28-1257,,0835-28-1146,,合同会社あんしん地域生活支援センター,3590600403,,,,,
山口県,,山口県,,青藍会 在宅医療支援センター新山口 定期巡回・随時対応型訪問介護看護,,定期巡回・随時対応型訪問介護看護,山口市小郡平成町1－18,,34.088314,131.400269,083-976-2400,,083-976-2403,,社会福祉法人 青藍会,3590300368,,,,,
山口県,,山口県,,青藍会 在宅医療支援センター山口 定期巡回・随時対応型訪問介護看護,,定期巡回・随時対応型訪問介護看護,山口市黒川729－2,,34.143696,131.450119,083-934-7600,,083-934-7601,,有限会社あんのメディカル,3590300392,,,,,
山口県,,山口県,,さんコープ定期巡回・随時対応型訪問介護看護 宮野,,定期巡回・随時対応型訪問介護看護,山口市桜畠2－9－17,,34.195034,131.501343,083-941-5660,,083-902-0978,,福祉生活協同組合さんコープ,3590300533,,,,,
山口県,,山口県,,むべの里在宅福祉サービスセンター上宇部,,定期巡回・随時対応型訪問介護看護,宇部市中村2－7－43,,33.962955,131.261032,0836-35-8348,,0836-21-5253,,社会福祉法人むべの里光栄,3590200345,,,,,
山口県,,山口県,,シルバーサポートアスワン,,定期巡回・随時対応型訪問介護看護,宇部市あすとぴあ7－1－2,,33.980404,131.296555,0836-53-5558,,0836-53-5559,,社会福祉法人 アスワン山荘,3590200394,,,,,
山口県,,山口県,,定期巡回サービス すみれ,,定期巡回・随時対応型訪問介護看護,宇部市寿町3－2－5,,33.951752,131.253403,0836-34-3450,,0836-39-6123,,株式会社 レナール,3590200535,,,,,
山口県,,山口県,,定期巡回・随時対応型訪問介護看護 くるて,,定期巡回・随時対応型訪問介護看護,宇部市黒石北3－1－57,,33.98431,131.21286,0836-39-9528,,,,医療法人社団 厚心会,3590200550,,,,,
山口県,,山口県,,定期巡回・随時対応型訪問介護看護そらり,,定期巡回・随時対応型訪問介護看護,山陽小野田市西高泊1334－1,,34.00108,131.171005,0836-39-9101,,0836-84-6852,,医療法人社団 早川内科医院,3591600220,,,,,
山口県,,山口県,,２４時間訪問サービスしものせき,,定期巡回・随時対応型訪問介護看護,下関市上新地町2－6－26,,33.96093,130.92128,083-228-0770,,083-223-1385,,医療法人茜会,3590107011,,,,,
山口県,,山口県,,ＩＭＬ安心サポート２４,,定期巡回・随時対応型訪問介護看護,下関市一の宮本町1－7－17,,34.002052,130.951111,083-227-2427,,083-227-2439,,株式会社インマイライフ,3590107029,,,,,
山口県,,山口県,,定期巡回・随時対応型訪問介護看護にじの丘,,定期巡回・随時対応型訪問介護看護,下関市菊川町田部223－1,,34.108871,131.038406,083-287-2269,,083-287-2212,,社会福祉法人菊水会,3590107037,,,,,
山口県,,山口県,,菊川ヘルパーステーションちとせ,,定期巡回・随時対応型訪問介護看護,下関市菊川町下岡枝389－1,,34.127308,131.035873,083-288-2027,,083-288-2028,,株式会社介援,3590107045,,,,,
山口県,,山口県,,ケアサポート２４,,定期巡回・随時対応型訪問介護看護,下関市幡生宮の下町8－12,,33.980213,130.933441,083-242-2000,,083-242-2202,,株式会社セービング,3590107052,,,,,
山口県,,山口県,,２４時間ケアサポートよしみ・安岡,,定期巡回・随時対応型訪問介護看護,下関市横野町3－1－2,,34.03476,130.913177,083-250-6950,,083-250-6876,,社会医療法人 松涛会,3590107060,,,,,
山口県,,山口県,,もりの灯台定期巡回型サービス２４,,定期巡回・随時対応型訪問介護看護,下関市菊川町上田部343－2,,34.109756,131.023666,083-227-3270,,083-227-3271,,株式会社 もりの灯台,3590107078,,,,,
山口県,,山口県,,看護小規模多機能サンリンク,,複合型サービス（看護小規模多機能型居宅介護）,柳井市古開作479－3,,33.969437,132.097351,0820-25-1212,,0820-25-1661,,社会福祉法人恒和会,3591200112,,,,,
山口県,,山口県,,ケアシステム オレンジサークル,,複合型サービス（看護小規模多機能型居宅介護）,光市島田2－17－10,,33.970776,131.933334,0833-44-9890,,,,医療法人社団 陽光会,3591000215,,,29名,,
山口県,,山口県,,複合型サービス ほのぼのハウス三田尻,,複合型サービス（看護小規模多機能型居宅介護）,防府市東松崎町4－29,,34.05928,131.579681,0835-26-5355,,0835-27-6330,,三田尻生活・ケア総合センター,3590600247,,,25名,,
山口県,,山口県,,看護小規模多機能プルメリア,,複合型サービス（看護小規模多機能型居宅介護）,防府市新田818－1,,34.029846,131.563934,0835-28-1172,,0835-28-1173,,医療法人 実昌会,3590600379,,,29名,,
山口県,,山口県,,看護小規模多機能型居宅介護 東風,,複合型サービス（看護小規模多機能型居宅介護）,防府市下右田350－3,,34.073227,131.5569,0835-28-1145,,,,合同会社 あんしん地域生活支援センター,3590600395,,,25名,,
山口県,,山口県,,青藍会 在宅医療支援センター新山口 看護小規模多機能型居宅介護,,複合型サービス（看護小規模多機能型居宅介護）,山口市小郡平成町1－18,,34.088314,131.400269,083-976-2400,,083-976-2403,,社会福祉法人 青藍会,3590300400,,,29名,,
山口県,,山口県,,さんコープ看護小規模多機能型居宅介護宮野,,複合型サービス（看護小規模多機能型居宅介護）,山口市桜畠2－9－17,,34.195034,131.501343,083-902-0977,,083-902-0978,,福祉生活協同組合 さんコープ,3590300467,,,29名,,
山口県,,山口県,,青藍会在宅医療支援センター南山口 看護小規模多機能型居宅介護,,複合型サービス（看護小規模多機能型居宅介護）,山口市深溝803－1,,34.046692,131.373016,083-988-3300,,083-988-3301,,社会福祉法人 青藍会,3590300541,,,29名,,
山口県,,山口県,,看護小規模多機能型居宅介護そらり,,複合型サービス（看護小規模多機能型居宅介護）,山陽小野田市西高泊1334－1,,34.00108,131.171005,0836-39-9101,,0836-84-6852,,医療法人社団 早川内科医院,3591600204,,,29名,,
山口県,,山口県,,看護小規模多機能ホームフクシア,,複合型サービス（看護小規模多機能型居宅介護）,山陽小野田市厚狭字埴生田498－1,,34.053097,131.164917,0836-39-5677,,0836-39-7760,,社会福祉法人 健仁会,3591600279,,,29名,,
山口県,,山口県,,看護小規模多機能ケアタウンやすおか,,複合型サービス（看護小規模多機能型居宅介護）,下関市横野町3－1－2,,34.03476,130.913177,083-250-6678,,083-250-6876,,社会医療法人 松涛会,3590108019,,,29名,,
山口県,,山口県,,宅老所風の便り,,地域密着型通所介護,岩国市平田2－18－12,,34.144779,132.175766,0827-32-1118,,0827-32-1118,,有限会社 風の便り,3570800965,,,10名,,
山口県,,山口県,,本郷デイサービスセンター,,地域密着型通所介護,岩国市本郷町本郷2090,,34.290527,132.043274,0827-75-2500,,0827-75-2947,,社会福祉法人 岩国市社会福祉協議会,3570801179,,,10名,,
山口県,,山口県,,デイサービスセンターティエラ,,地域密着型通所介護,岩国市多田3－104－2,,34.180756,132.168777,0827-44-2711,,0827-44-2700,,株式会社 ティエラ,3570801252,,,18名,,
山口県,,山口県,,デイサービスきらら,,地域密着型通所介護,岩国市岩国2－7－4,,34.163467,132.180099,0827-28-2840,,0827-28-2841,,株式会社 きららケアサービス,3570801542,,,18名,,
山口県,,山口県,,ゆの里デイサービスセンター,,地域密着型通所介護,岩国市由宇町南沖1－10－25,,34.040524,132.215256,0827-63-2827,,0827-63-2827,,株式会社ＵＵライフ,3570801559,,,10名,,
山口県,,山口県,,デイグリーンいわくに,,地域密着型通所介護,岩国市錦見8－23－1,,34.16198,132.201996,0827-35-4326,,0827-35-4328,,社会福祉法人グリーンコープ,3570801732,,,15名,,
山口県,,山口県,,デイサービスセンターはーと・ふれんど関戸,,地域密着型通所介護,岩国市関戸1－105－29,,34.185856,132.172867,0827-28-0231,,0827-28-2669,,フォースマイル株式会社,3570801757,,,10名,,
山口県,,山口県,,デイサービスただいま,,地域密着型通所介護,岩国市玖珂町4991－1,,34.100464,132.092773,0827-82-4245,,0827-82-4245,,株式会社ただいま,3570801807,,,10名,,
山口県,,山口県,,デイサービスセンター灘海園,,地域密着型通所介護,岩国市愛宕町1－5－1,,34.145725,132.199829,0827-80-316,,0827-32-7554,,社会福祉法人山口県社会福祉事業団,3570801872,,,18名,,
山口県,,山口県,,いこいふじ,,地域密着型通所介護,岩国市室の木町4－1－1,,34.169746,132.210037,0827-28-0505,,0827-21-2203,,株式会社ふじ,3570801880,,,10名,,
山口県,,山口県,,運動特化型デイサービスふぁいと,,地域密着型通所介護,岩国市岩国2－7－4,,34.163467,132.180099,0827-28-2840,,0827-28-2841,,株式会社きららケアサービス,3570801989,,,(1) 10名、(2) 10名,,
山口県,,山口県,,リハビリデイサービスにしいわくに,,地域密着型通所介護,岩国市岩国3－13－5クラール1Ｆ,,34.162777,132.185074,0827-28-5732,,0827-28-5763,,株式会社ＴＨＡ,3570802052,,,(1) 10名、(2) 10名,,
山口県,,山口県,,美川苑デイサービスセンター,,地域密着型通所介護,岩国市美川町小川437－1,,34.242199,132.00737,0827-76-5008,,0827-76-5010,,社会福祉法人 美川福祉会,3577200334,,,18名,,
山口県,,山口県,,ケアホームといろ,,地域密着型通所介護,岩国市玖珂町992,,34.100464,132.092773,0827-82-7733,,0827-82-7734,,ＮＰＯ法人といろ,3577200763,,,10名,,
山口県,,山口県,,デイサービスきらく,,地域密着型通所介護,岩国市美和町渋前603－2,,34.218582,132.093811,0827-96-0667,,0827-96-1970,,有限会社 きらく,3577200771,,,10名,,
山口県,,山口県,,通所介護事業所ハートフラワー岩国,,地域密着型通所介護,岩国市柱野832－1,,34.13118,132.15062,0827-45-1355,,0827-45-1356,,株式会社ハートリンクケア,3590800417,,,16名,,
山口県,,山口県,,エブリデイサービス,,地域密着型通所介護,岩国市御庄1－107－6,,34.16581,132.148956,0827-28-6668,,0827-28-6880,,有限会社正栄福祉会,3590800425,,,18名,,
山口県,,山口県,,ゆう湯デイサービスセンター,,地域密着型通所介護,岩国市由宇町南5－10－27,,34.039837,132.208054,0827-63-3803,,0827-63-3808,,株式会社ＵＵライフ,3590800433,,,10名,,
山口県,,山口県,,ささみ園,,地域密着型通所介護,岩国市玖珂町4981－1,,34.100464,132.092773,0827-82-4931,,0827-82-4931,,社会福祉法人岩国市社会福祉協議会,3590800490,,,,,
山口県,,山口県,,わきあいあい苑デイサービスセンター,,地域密着型通所介護,玖珂郡和木町瀬田4－1－1,,34.194065,132.225128,0827-54-0345,,0827-52-0055,,社会福祉法人 和木三志会,3577200193,,,18名,,
山口県,,山口県,,社会福祉法人柳井市社会福祉協議会 平郡デイサービスセンター,,地域密着型通所介護,柳井市平郡1824－2,,33.792522,132.226974,0820-47-2011,,0820-47-2011,,社会福祉法人 柳井市社会福祉協議会,3571200447,,,10名,,
山口県,,山口県,,デイサービスほのか,,地域密着型通所介護,柳井市新庄1568－1,,33.971115,132.079086,0820-23-7000,,0820-25-3056,,株式会社 ガレリア,3571200652,,,18名,,
山口県,,山口県,,山根宅老所 ぼちぼち,,地域密着型通所介護,柳井市山根6－16,,33.969162,132.117401,0820-25-3911,,0820-25-3922,,合同会社ＨＥＩＢＯＮ ＬＩＦＥ,3571200678,,,15名,,
山口県,,山口県,,デイサービスセンターＡＳＯＫＡやない,,地域密着型通所介護,柳井市柳井4896－1,,33.971848,132.09964,0820-25-3607,,0820-25-3605,,社会福祉法人最勝会,3571200694,,,10名,,
山口県,,山口県,,デイサービスセンター一陽,,地域密着型通所介護,柳井市南町7－9－1,,33.963081,132.098999,0820-24-6431,,0820-24-6432,,株式会社Ｐｅｒｓｏｎｈｏｏｄ,3571200710,,,(1) 10名、(2) 10名,,
山口県,,山口県,,大畠苑デイサービスセンター,,地域密着型通所介護,柳井市遠崎10412－4,,33.96254,132.148834,0820-45-3838,,0820-45-3855,,社会福祉法人 千寿会,3577200185,,,18名,,
山口県,,山口県,,リハプライド柳井,,地域密着型通所介護,柳井市南町3－1－1ニシオビル4階,,33.964195,132.103851,0820-24-2080,,0820-24-2085,,太陽通信株式会社,3591200070,,,(1) 15名、(2) 15名,,
山口県,,山口県,,デイサービスセンター いこい苑,,地域密着型通所介護,大島郡周防大島町小松133－1,,33.93969,132.193604,0820-74-2100,,0820-74-2131,,社会福祉法人 さつき会,3577100120,,,18名,,
山口県,,山口県,,有限会社しらき,,地域密着型通所介護,大島郡周防大島町西方14,,33.885509,132.357452,0820-78-2626,,0820-78-2727,,有限会社 しらき,3577100310,,,12名,,
山口県,,山口県,,デイサービス たすけあい いい日の里,,地域密着型通所介護,大島郡周防大島町椋野1338－1,,33.950668,132.231567,0820-79-0120,,0820-79-0126,,特定非営利活動法人 いい日の里,3577100500,,,14名,,
山口県,,山口県,,デイサービスセンター しらとり苑,,地域密着型通所介護,大島郡周防大島町日前1932－32,,33.923691,132.291138,0820-73-0070,,0820-73-0071,,社会福祉法人周防大島町社会福祉協議会,3577100526,,,18名,,
山口県,,山口県,,デイサービスセンター 和田苑,,地域密着型通所介護,大島郡周防大島町和田1089－2,,33.935322,132.411697,0820-75-5015,,0820-75-5016,,社会福祉法人周防大島町社会福祉協議会,3577100534,,,18名,,
山口県,,山口県,,デイサービスセンター 山王苑,,地域密着型通所介護,大島郡周防大島町地家室163－1,,33.870983,132.350433,0820-78-0898,,0820-78-0898,,社会福祉法人周防大島町社会福祉協議会,3577100542,,,10名,,
山口県,,山口県,,デイサービス ひまわり,,地域密着型通所介護,大島郡周防大島町小松開作143－27,,33.929504,132.188858,0820-74-1125,,0820-74-1126,,株式会社 ひまわりあくと,3577100633,,,10名,,
山口県,,山口県,,ふれあい汐風の家デイサービスセンター,,地域密着型通所介護,大島郡周防大島町西三蒲68－1,,33.939377,132.206512,0820-79-2055,,0820-74-2299,,株式会社ピュアライフケア,3577100682,,,10名,,
山口県,,山口県,,デイサービスセンターＡｌｏｈａ,,地域密着型通所介護,大島郡周防大島町久賀4140－4,,33.937672,132.266953,0820-72-2512,,0820-72-2513,,特定非営利活動法人海祐会,3577100690,,,10名,,
山口県,,山口県,,デイサービスセンター智慧福朗,,地域密着型通所介護,大島郡周防大島町久賀4100,,33.937672,132.266953,0820-72-0993,,0820-72-0994,,特定非営利活動法人海祐会,3577100740,,,10名,,
山口県,,山口県,,デイサービスこんぺいとう,,地域密着型通所介護,大島郡周防大島町小松91－4,,33.93969,132.193604,0820-79-2228,,0820-79-2231,,医療法人おかはら会,3597100100,,,,,
山口県,,山口県,,デイサービスセンター松福,,地域密着型通所介護,大島郡周防大島町小松開作1202－7,,33.92643,132.180984,0820-72-4105,,0820-72-4106,,合同会社 松福,3597100118,,,,,
山口県,,山口県,,はなまるデイサービス,,地域密着型通所介護,大島郡周防大島町西方835－1,,33.885509,132.357452,0820-78-1115,,0820-80-4009,,合同会社はなまる,3597100126,,,,,
山口県,,山口県,,上関町デイサービスセンター,,地域密着型通所介護,熊毛郡上関町長島1561‐1,,33.82235,132.078217,0820-65-5110,,0820-65-0566,,社会福祉法人 上関福祉会,3577300258,,,(1) 15名、(2) 10名,,
山口県,,山口県,,リハビリ介護ひだまりデイサービスセンター,,地域密着型通所介護,熊毛郡田布施町下田布施650－10,,33.951309,132.050461,0820-52-8686,,0820-52-8688,,有限会社 真心会,3577300530,,,15名,,
山口県,,山口県,,デイサービス はぁ～との樹,,地域密着型通所介護,熊毛郡田布施町中央南1－11,,33.953243,132.043457,0820-51-0810,,0820-51-0811,,有限会社 真心会,3577300662,,,10名,,
山口県,,山口県,,デイサービス もよん,,地域密着型通所介護,熊毛郡田布施町麻郷2932－13,,33.93198,132.044785,0820-55-5501,,0820-25-3067,,株式会社巴屋,3577300753,,,10名,,
山口県,,山口県,,くろがねもちデイサービスセンター,,地域密着型通所介護,熊毛郡田布施町中央南18－9,,33.950871,132.046402,0820-51-1500,,0820-51-1501,,有限会社くろがねもち,3597330038,,,18名,,
山口県,,山口県,,デイサービスセンターサンコート,,地域密着型通所介護,熊毛郡平生町平生町5－56,,33.932762,132.069275,0820-56-6810,,0820-56-6363,,社会福祉法人幸寿会,3577300688,,,14名,,
山口県,,山口県,,はつらつセンター,,地域密着型通所介護,熊毛郡平生町平生村618－2,,33.945328,132.07637,0820-56-0080,,0820-56-8020,,平生町社会福祉協議会,3597340078,,,,,
山口県,,山口県,,デイサービス 和,,地域密着型通所介護,下松市望町3－4－24,,34.027493,131.859375,0833-48-9579,,0833-48-4228,,一般社団法人Ｃｕｏｒｅ ｐｉａ,3570700892,,,15名,,
山口県,,山口県,,デイホーム土屋下松,,地域密着型通所介護,下松市藤光町1－19－4,,34.025223,131.866959,0833-48-8272,,0833-43-7007,,株式会社土屋,3590700237,,,,,
山口県,,山口県,,市川デイサービスセンターサポートひかり,,地域密着型通所介護,光市中央3－2－26,,33.959202,131.946274,0833-72-5700,,0833-71-0758,,医療法人社団 光仁会,3571000078,,,18名,,
山口県,,山口県,,和光苑デイサービスセンター,,地域密着型通所介護,光市立野花ノ木826,,33.999271,131.974777,0833-76-1050,,0833-77-1990,,社会福祉法人 和光苑,3571000243,,,10名,,
山口県,,山口県,,光市牛島憩いの家デイサービスセンター,,地域密着型通所介護,光市牛島708－4,,33.861595,132.018463,0833-78-2022,,0833-78-2022,,社会福祉法人光市社会福祉協議会,3571000375,,,7名,,
山口県,,山口県,,光デイサービスセンター,,地域密着型通所介護,光市虹ヶ丘2－21－22,,33.974434,131.912842,0833-74-3477,,0833-71-8208,,有限会社 介護舎,3571000441,,,9名,,
山口県,,山口県,,介護予防デイサービス ふれまち虹の家,,地域密着型通所介護,光市虹ヶ丘3－3－15,,33.978203,131.914078,0833-71-7716,,0833-71-7716,,社会福祉法人 光市社会福祉協議会,3571000524,,,10名,,
山口県,,山口県,,デイサービス古き良き一丁目,,地域密着型通所介護,光市虹ヶ丘3－22－36,,33.978329,131.910995,0833-48-9914,,0833-48-9916,,株式会社ｇｏｏｄ ａｎｄ ｌｉｖｅｓ,3571000748,,,10名,,
山口県,,山口県,,デイサービスセンターやまとの光,,地域密着型通所介護,光市岩田2280－5,,33.985691,131.992462,0820-48-8010,,0820-48-8010,,株式会社ケイセイ,3571000755,,,18名,,
山口県,,山口県,,デイサービス光の郷,,地域密着型通所介護,光市浅江3028－3,,33.988148,131.905441,0833-74-0339,,0833-74-0872,,有限会社 介護舎,3571000797,,,10名,,
山口県,,山口県,,地域密着型デイサービスセンターひかり苑,,地域密着型通所介護,光市三井1046－1,,33.99807,131.944122,0833-76-1170,,0833-76-1163,,社会福祉法人 ひかり苑,3591000173,,,18名,,
山口県,,山口県,,地域密着型デイサービスセンターきらら光,,地域密着型通所介護,光市小周防1656－8,,34.018436,131.978043,0833-76-0550,,0833-76-0551,,特定非営利活動法人 優喜会,3591000199,,,,,
山口県,,山口県,,福祉メイキングスタジオうみべ,,地域密着型通所介護,光市室積6－13－28,,33.927868,131.964874,0833-48-8232,,0833-48-8249,,株式会社福祉メイキングスタジオ,3591000231,,,,,
山口県,,山口県,,デイサービスセンター リバーサイド,,地域密着型通所介護,光市三井6－18－1,,33.988396,131.952942,0833-76-0161,,0833-76-0171,,医療法人やよい,3591000249,,,,,
山口県,,山口県,,地域密着型デイサービスきらら３号館,,地域密着型通所介護,光市小周防1658－1,,34.018436,131.978043,0833-76-0550,,0833-76-0551,,特定非営利活動法人 優喜会,3591000280,,,10名,,
山口県,,山口県,,デイサービス であい,,地域密着型通所介護,周南市福川中市町8－32,,34.073864,131.734497,0834-33-8811,,0834-62-7850,,特定非営利活動法人 徳聖会,3570301311,,,13名,,
山口県,,山口県,,周南市大津島老人デイサービスセンター,,地域密着型通所介護,周南市大津島221,,34.006714,131.70433,0834-85-2138,,0834-85-2138,,社会福祉法人周南市社会福祉事業団,3570500326,,,15名,,
山口県,,山口県,,周南市須金老人デイサービスセンター,,地域密着型通所介護,周南市須万2488,,34.216507,131.890137,0834-86-2825,,0834-86-2825,,社会福祉法人周南市社会福祉事業団,3570500334,,,15名,,
山口県,,山口県,,福寿荘デイサービスセンター,,地域密着型通所介護,周南市米光361,,34.124905,131.734833,0834-67-2120,,0834-67-2821,,社会福祉法人 新南陽福祉の会,3571400047,,,18名,,
山口県,,山口県,,まんてん デイサービスセンター,,地域密着型通所介護,周南市呼坂1194,,34.051235,131.941422,0833-91-1016,,0833-91-1105,,有限会社 生活支援ハウスまんてん,3571500267,,,10名,,
山口県,,山口県,,デイサービスセンター 春,,地域密着型通所介護,周南市新清光台4－1－13,,34.034054,131.951157,0833-92-0404,,0833-92-0405,,有限会社 ライフサポートハウス春,3571500382,,,10名,,
山口県,,山口県,,デイサービス さわやか,,地域密着型通所介護,周南市下上133－17,,34.088493,131.787033,0834-61-0577,,0834-61-0578,,有限会社 フジアート,3571500457,,,10名,,
山口県,,山口県,,デイサービスセンター須々万,,地域密着型通所介護,周南市須々万本郷688－1,,34.112503,131.864151,0834-87-0353,,0834-87-0334,,有限会社 ＺＥＲＯ－ＯＮＥ,3571500762,,,13名,,
山口県,,山口県,,デイサービスセンターあとらす,,地域密着型通所介護,周南市久米447,,34.038963,131.857101,0834-28-5811,,0834-28-5811,,有限会社 ＺＥＲＯ－ＯＮＥ,3571501042,,,10名,,
山口県,,山口県,,ＪＡデイサービス須々万ぺんぎん,,地域密着型通所介護,周南市須々万本郷2502,,34.112503,131.864151,0834-87-0025,,0834-87-0035,,ＪＡ協同サポート山口株式会社,3571501448,,,18名,,
山口県,,山口県,,えがおデイサービスセンター,,地域密着型通所介護,周南市室尾2－8－33,,34.064865,131.729919,0834-39-6216,,0834-39-6217,,株式会社えがお,3571501513,,,10名,,
山口県,,山口県,,デイサービスセンターくすのき,,地域密着型通所介護,周南市城ヶ丘3－6－1,,34.043266,131.841156,0834-33-8883,,0834-33-8884,,社会福祉法人 光仁会,3571501539,,,10名,,
山口県,,山口県,,デイサービス 湯野温泉,,地域密着型通所介護,周南市湯野4203－6,,34.094482,131.675171,0834-82-1001,,0834-82-1002,,医療法人 治徳会,3571501554,,,10名,,
山口県,,山口県,,デイサービスセンター きらら,,地域密着型通所介護,周南市櫛ヶ浜463－5,,34.023983,131.830597,0834-34-3232,,0834-34-3773,,株式会社 ゆうせい,3591500339,,,(1) 18名、(2) 10名,,
山口県,,山口県,,デイサービス絆 周南,,地域密着型通所介護,周南市須々万奥544－8,,34.149956,131.870239,0834-88-1288,,0834-88-1366,,合同会社絆周南,3591500370,,,10名,,
山口県,,山口県,,デイサービスセンター ぜろ庵,,地域密着型通所介護,周南市須々万本郷687－7,,34.112503,131.864151,0834-87-0333,,0834-87-0334,,有限会社 ＺＥＲＯ－ＯＮＥ,3591500404,,,13名,,
山口県,,山口県,,デイサービスＨＥＲＯＥＳ,,地域密着型通所介護,周南市呼坂153－1,,34.051235,131.941422,0833-92-2228,,0833-92-2229,,株式会社 ケアマインズ,3591500420,,,10名,,
山口県,,山口県,,デイサービス とーか,,地域密着型通所介護,周南市政所4－10－21,,34.074707,131.772583,0834-61-1501,,0834-61-1502,,有限会社 とーか,3591500438,,,18名,,
山口県,,山口県,,老人デイサービスセンター牟礼苑,,地域密着型通所介護,防府市牟礼836－3,,34.065125,131.611771,0835-38-5233,,0835-28-0123,,社会福祉法人 牟礼会,3570600290,,,15名,,
山口県,,山口県,,デイサービス岩畠,,地域密着型通所介護,防府市岩畠2－4－23,,34.060806,131.594849,0835-21-1305,,0835-21-5907,,株式会社 フクダ,3570601272,,,10名,,
山口県,,山口県,,デイサービスかがやき,,地域密着型通所介護,防府市田島3379－1,,34.007374,131.527054,0835-29-0009,,0835-29-2289,,有限会社 白井興産,3570601280,,,15名,,
山口県,,山口県,,ケアビレッジスワン,,地域密着型通所介護,防府市真尾735－2,,34.095798,131.604706,0835-36-1760,,0835-36-1760,,株式会社 しらとり,3570601371,,,10名,,
山口県,,山口県,,デイサービスえがおの森,,地域密着型通所介護,防府市仁井令668－2,,34.039726,131.557785,0835-28-8488,,0835-28-8331,,株式会社 アイピーアール,3570601629,,,10名,,
山口県,,山口県,,デイサービスふれあいの家なかにし,,地域密着型通所介護,防府市中西1－17,,34.06152,131.598923,0835-24-2318,,0835-61-1335,,株式会社ふれあいの家なかにし,3570601736,,,10名,,
山口県,,山口県,,アシストケアクラブこくが,,地域密着型通所介護,防府市国衙4－3－47,,34.05545,131.590698,0835-28-8341,,0835-28-8341,,株式会社清水製材所,3570601751,,,(1) 15名、(2) 15名,,
山口県,,山口県,,デイサービス真,,地域密着型通所介護,防府市中央町2－5,,34.052032,131.571182,0835-28-7259,,0835-28-7426,,株式会社真,3570601769,,,(1) 15名、(2) 15名、(3) 15名,,
山口県,,山口県,,デイサービスはぴね防府,,地域密着型通所介護,防府市田島1460－4,,34.021721,131.54715,0835-26-5100,,0835-26-5080,,グリーンライフ株式会社,3570601850,,,15名,,
山口県,,山口県,,デイサービス宝寿,,地域密着型通所介護,防府市岩畠2－8－36,,34.061176,131.594803,0835-21-1305,,0835-21-5907,,株式会社フクダ,3570601934,,,15名,,
山口県,,山口県,,デイサービスひだまり,,地域密着型通所介護,防府市牟礼今宿1－11－18,,34.055595,131.598846,0835-23-5053,,0835-28-7803,,株式会社 豊友会,3570602049,,,14名,,
山口県,,山口県,,あ・す・もデイサービスセンター,,地域密着型通所介護,防府市牟礼酢貝6－7,,34.070194,131.610596,0835-28-8368,,0835-28-8367,,有限会社 ヘイワ薬局,3570602056,,,18名,,
山口県,,山口県,,憩いの里デイサービスセンター,,地域密着型通所介護,防府市千日1－5－44,,34.057159,131.561035,0835-28-7756,,0835-23-7111,,合同会社太陽,3571501216,,,15名,,
山口県,,山口県,,さんコープ・天神口デイサービス,,地域密着型通所介護,防府市八王子1－16－2,,34.055336,131.568466,0835-28-7293,,0835-26-0254,,福祉生活協同組合,3590600312,,,18名,,
山口県,,山口県,,Ｌａｐｉ あそ兵衛,,地域密着型通所介護,防府市桑南2－5－48,,34.042145,131.557755,0835-28-1182,,0835-28-1181,,株式会社 春の家,3590600320,,,10名,,
山口県,,山口県,,一期一会デイサービスセンター,,地域密着型通所介護,防府市三田尻3－6－35,,34.04393,131.577393,0835-25-8001,,0835-25-8002,,有限会社 楽さん家,3590600353,,,18名,,
山口県,,山口県,,きんこうデイサービスセンター,,地域密着型通所介護,防府市田島433,,34.023891,131.552292,0835-20-1123,,,,社会福祉法人 防府滋光会,3590600447,,,18名,,
山口県,,山口県,,ほねつぎデイサービス防府,,地域密着型通所介護,防府市桑南1－5－18,,34.045181,131.558121,0835-27-5231,,,,株式会社ＡＢＦＤ,3590600452,,,18名,,
山口県,,山口県,,デイサービスセンターなんてん,,地域密着型通所介護,防府市下右田1035,,34.076469,131.564255,0835-28-8812,,,,株式会社つながり,3590600460,,,18名,,
山口県,,山口県,,杜のぽとふ,,地域密着型通所介護,防府市切畑394,,34.083874,131.501541,0835-57-2672,,0835-57-2828,,株式会社やつなみ,3590600478,,,10名,,
山口県,,山口県,,よしき悠々苑デイサービスセンター,,地域密着型通所介護,山口市吉敷佐畑4－8－1,,34.168495,131.427689,083-932-0232,,083-932-0778,,社会福祉法人 祐寿会,3570300255,,,15名,,
山口県,,山口県,,デイサービスあいお,,地域密着型通所介護,山口市秋穂西3323,,34.02895,131.440475,083-984-5620,,083-984-5640,,株式会社 ＶＡＮ,3570301287,,,10名,,
山口県,,山口県,,賀宝の里白松苑デイサービスセンター,,地域密着型通所介護,山口市佐山158,,34.042114,131.346695,083-988-2555,,083-988-2552,,社会福祉法人 正清会,3570301386,,,18名,,
山口県,,山口県,,若菜デイサービス,,地域密着型通所介護,山口市小郡下郷307－2,,34.106709,131.398026,083-973-7247,,083-973-7247,,医療法人 かむらクリニック,3570301543,,,15名,,
山口県,,山口県,,まごころの家デイサービスセンター,,地域密着型通所介護,山口市江崎2471－8,,34.061832,131.354065,083-988-1155,,083-988-1156,,医療法人 真人会,3570301600,,,18名,,
山口県,,山口県,,ゆうらく園通所介護事業所,,地域密着型通所介護,山口市楠木町1－26,,34.170498,131.455978,083-941-5700,,083-941-5701,,株式会社優楽園,3570301741,,,10名,,
山口県,,山口県,,大市デイサービスセンター,,地域密着型通所介護,山口市大市町1－28,,34.179329,131.479111,083-934-1294,,083-934-1295,,社会福祉法人 アス・ライフ,3570301782,,,14名,,
山口県,,山口県,,Ｈｏｔ Ｓｐｒｉｎｇ,,地域密着型通所介護,山口市湯田温泉1－1－3,,34.166317,131.460419,083-941-5782,,083-941-5784,,医療法人社団 水生会,3570301832,,,18名,,
山口県,,山口県,,デイサービスられる,,地域密着型通所介護,山口市道場門前2－2－32－101,,34.174419,131.4758,083-929-3232,,083-929-3230,,株式会社ＬＡＬＥＬ,3570302111,,,(1) 15名、(2) 15名,,
山口県,,山口県,,宅老所あじす喜楽苑,,地域密着型通所介護,山口市阿知須3257－21,,34.010468,131.363266,0836-66-2233,,0836-66-2234,,株式会社きずな,3570302137,,,10名,,
山口県,,山口県,,ライフケアデイサービス,,地域密着型通所介護,山口市黒川81－2,,34.13689,131.431122,083-941-6100,,083-941-6110,,山陽メディカルケア 株式会社,3570302145,,,17名,,
山口県,,山口県,,デイサービスゆうの里なごみ館,,地域密着型通所介護,山口市大内千坊1－8－8,,34.162937,131.481461,083-929-3386,,083-929-3387,,株式会社ゆうの里,3570302178,,,10名,,
山口県,,山口県,,はるかぜデイサービスセンター,,地域密着型通所介護,山口市嘉川4471,,34.064732,131.371048,083-988-0030,,083-988-0031,,医療法人 真人会,3570302194,,,18名,,
山口県,,山口県,,デイサービスこうなん温泉,,地域密着型通所介護,山口市楠木町4－42,,34.16888,131.453659,083-928-4309,,083-929-3567,,株式会社こうなん,3570302210,,,10名,,
山口県,,山口県,,きんもくせいデイサービスセンター,,地域密着型通所介護,山口市大内御堀4331－23,,34.126366,131.497253,083-941-3800,,083-941-3801,,株式会社きんもくせい,3570302350,,,18名,,
山口県,,山口県,,ライフケアデイサービスあじす,,地域密着型通所介護,山口市阿知須浜表南5312－1,,34.012192,131.340317,0836-65-0306,,0836-65-0305,,山陽メディカルケア 株式会社,3570302434,,,17名,,
山口県,,山口県,,ウィンズタウン大内デイサービスセンター,,地域密着型通所介護,山口市大内長野814－1,,34.159081,131.516174,083-941-6238,,083-941-6258,,株式会社ウィンズオペレーティング,3570302467,,,15名,,
山口県,,山口県,,デイサービスセンターカイゴのチカラ泉都町,,地域密着型通所介護,山口市泉都町8－31,,34.166134,131.462997,083-902-5967,,083-902-5968,,カイゴのチカラ 株式会社,3570302723,,,10名,,
山口県,,山口県,,デイサービスたけしげ,,地域密着型通所介護,山口市小郡下郷106－8,,34.109955,131.401154,083-972-8011,,083-972-8011,,合同会社たけしげ,3570302764,,,10名,,
山口県,,山口県,,デイサービスゆうの里あったか館,,地域密着型通所介護,山口市大内千坊1－6－14,,34.162884,131.480728,083-929-3386,,083-929-3387,,株式会社 ゆうの里,3570302780,,,10名,,
山口県,,山口県,,デイズみぎわ,,地域密着型通所介護,山口市秋穂東4710－1,,34.014809,131.452942,083-984-5320,,083-963-4320,,合同会社シセイ,3570302848,,,15名,,
山口県,,山口県,,脳活性化デイサービス ポインセチア,,地域密着型通所介護,山口市駅通り2－3－24,,34.174625,131.478699,083-922-1191,,083-922-1192,,医療法人 樹一会,3570302855,,,(1) 10名、(2) 10名,,
山口県,,山口県,,デイサービスセンターにじの滝,,地域密着型通所介護,山口市下小鯖1339－16,,34.137917,131.513596,083-902-6271,,083-902-6281,,社会福祉法人 ほおの木会,3570302897,,,15名,,
山口県,,山口県,,デイサービス湯のまち倶楽部,,地域密着型通所介護,山口市湯田温泉4－6－13,,34.163212,131.454193,083-902-5568,,083-902-5568,,株式会社ベリーヒューマン,3570302947,,,10名,,
山口県,,山口県,,相川医院デイサービス,,地域密着型通所介護,山口市鋳銭司6000－1,,34.086681,131.464523,083-985-1661,,083-986-2612,,医療法人 相川医院,3570303010,,,18名,,
山口県,,山口県,,ウィンズタウン大内喜郷デイサービスセンター,,地域密着型通所介護,山口市大内長野1558－1,,34.164566,131.516663,083-941-6636,,083-941-6638,,株式会社 ウィンズオペレーティング,3570303077,,,(1) 18名、(2) 10名,,
山口県,,山口県,,デイサービスＯＳＫ,,地域密着型通所介護,山口市阿東徳佐中3434－1,,34.405739,131.719284,083-957-0174,,083-957-0174,,有限会社オーエスケイクリーンサービス,3578100426,,,18名,,
山口県,,山口県,,デイサービスゆうの里ぬくもり館,,地域密着型通所介護,山口市大内千坊1－6－33,,34.163116,131.480591,083-929-3386,,083-929-3387,,株式会社 ゆうの里,3590300301,,,10名,,
山口県,,山口県,,デイサービス・さんコープ湯田,,地域密着型通所介護,山口市熊野町5－17,,34.167912,131.458862,083-902-6270,,083-902-6221,,福祉生活協同組合さんコープ,3590300327,,,18名,,
山口県,,山口県,,一の坂デイサービスセンター（離れ）,,地域密着型通所介護,山口市後河原155,,34.184097,131.476364,083-941-6338,,083-941-5808,,株式会社絆,3590300442,,,,,
山口県,,山口県,,リハビリ特化型デイサービスクローバーライフ,,地域密着型通所介護,山口市小郡上郷1745－5,,34.129841,131.416458,083-941-5523,,083-976-6967,,株式会社 ＥＤＩＨＩＲＯＮ,3590300459,,,15名,,
山口県,,山口県,,明日葉デイサービス,,地域密着型通所介護,山口市阿知須3446,,34.016357,131.343506,0836-52-7377,,0836-52-7388,,株式会社 大樹,3590300475,,,14名,,
山口県,,山口県,,はなえみデイサービス,,地域密着型通所介護,山口市吉敷下東2－13－32,,34.16206,131.447708,083-981-4630,,083-981-4630,,株式会社 弥栄,3590300483,,,18名,,
山口県,,山口県,,デイサービスゆうの里ひだまり館,,地域密着型通所介護,山口市大内御堀5－10－5,,34.163715,131.487946,083-929-3386,,083-929-3387,,株式会社 ゆうの里,3590300491,,,10名,,
山口県,,山口県,,あやめホーム,,地域密着型通所介護,山口市大内矢田北2－1－10,,34.160679,131.500244,083-902-1890,,083-902-1891,,株式会社 フクシコーポレーション,3590300509,,,15名,,
山口県,,山口県,,すずらん,,地域密着型通所介護,山口市駅通り2－10－7,,34.174904,131.47963,083-922-1191,,083-922-1168,,医療法人 樹一会,3590300517,,,18名,,
山口県,,山口県,,デイサービスきたえるーむ山口中央,,地域密着型通所介護,山口市黄金町12－7,,34.170296,131.47525,083-902-2626,,083-902-2627,,山口スイムサービス株式会社,3590300525,,,10名,,
山口県,,山口県,,デイサービスしばちゃん,,地域密着型通所介護,山口市阿東地福下879－1,,34.337532,131.653961,083-952-0221,,083-952-0221,,豊グループ合同会社,3590300558,,,,,
山口県,,山口県,,神原苑新川デイサービスセンター,,地域密着型通所介護,宇部市小串65－17,,33.968571,131.25383,0836-38-3233,,0836-38-3233,,社会福祉法人 神原苑,3570200752,,,15名,,
山口県,,山口県,,あさがおデイサービス,,地域密着型通所介護,宇部市東岐波405‐1,,33.989086,131.351334,0836-58-3644,,0836-59-1469,,有限会社下山,3570201248,,,10名,,
山口県,,山口県,,デイサービス万倉健康センター,,地域密着型通所介護,宇部市西万倉2074‐2,,34.082935,131.225784,0836-67-3436,,0836-67-3560,,有限会社 希,3570201560,,,15名,,
山口県,,山口県,,デイサービス 楽庵,,地域密着型通所介護,宇部市奥万倉361‐2,,34.106693,131.237045,0836-67-2090,,0836-67-2090,,有限会社 楽庵,3570201669,,,10名,,
山口県,,山口県,,デイサービス小野湖畔リゾート,,地域密着型通所介護,宇部市小野10352‐8,,34.092777,131.307465,0836-64-5080,,0836-64-5081,,有限会社 片倉温泉くぼた,3570202022,,,18名,,
山口県,,山口県,,デイサービス 釜さん家,,地域密着型通所介護,宇部市岬町1‐6‐17,,33.932842,131.262558,0836-39-5269,,0836-39-5289,,合同会社 釜さん家,3570202089,,,10名,,
山口県,,山口県,,デイサービス かもめ,,地域密着型通所介護,宇部市上宇部黒岩39‐7,,33.992851,131.258057,0836-37-4165,,0836-37-4166,,合同会社 かもめ,3570202261,,,12名,,
山口県,,山口県,,デイサービス 波雁ヶ浜,,地域密着型通所介護,宇部市東岐波1466‐6,,33.980255,131.331787,0836-59-0050,,0836-59-0051,,有限会社 片倉温泉くぼた,3570202345,,,10名,,
山口県,,山口県,,茶話本舗デイサービス陽,,地域密着型通所介護,宇部市常盤台1－20－2,,33.959709,131.268188,0836-43-9458,,0836-43-9267,,株式会社 リーカスペース太陽,3570202360,,,18名,,
山口県,,山口県,,キワラリハビリデイサービス,,地域密着型通所介護,宇部市東岐波2160‐1,,33.988216,131.345688,0836-38-5538,,0836-38-5538,,株式会社シルバーホークス,3570202543,,,(1) 10名、(2) 10名,,
山口県,,山口県,,デイサービス絆,,地域密着型通所介護,宇部市八王子町12‐14,,33.926983,131.263092,0836-33-7060,,0836-43-9030,,合同会社 サインポスト,3570202550,,,10名,,
山口県,,山口県,,デイサービス美咲,,地域密着型通所介護,宇部市昭和町4‐2‐1,,33.935661,131.258453,0836-33-1007,,0836-33-1017,,合同会社美咲,3570202568,,,10名,,
山口県,,山口県,,リハビリ特化型半日ケア 健幸村,,地域密着型通所介護,宇部市新天町2‐3‐7,,33.948231,131.25058,0836-48-0044,,0836-48-0044,,有限会社 末永整骨院・光,3570202600,,,15名,,
山口県,,山口県,,喜笑苑デイサービスセンター,,地域密着型通所介護,宇部市西岐波805,,33.969315,131.307983,0836-38-6663,,0836-38-6613,,株式会社アルケア,3570202733,,,10名,,
山口県,,山口県,,ほほ笑みデイサービスセンター,,地域密着型通所介護,宇部市西岐波229‐327,,33.974148,131.28624,0836-39-7748,,0836-39-7758,,株式会社アルケア,3570202865,,,18名,,
山口県,,山口県,,上宇部デイサービスセンター 和喜あいあい,,地域密着型通所介護,宇部市中村1‐3‐58,,33.965946,131.25885,0836-43-9933,,0836-43-9977,,特定非営利活動法人生きがい支援ハウス和楽,3570202881,,,10名,,
山口県,,山口県,,リハビリサポートｃａｎｏｎ常盤店,,地域密着型通所介護,宇部市西岐波4759‐1,,33.951408,131.293152,0836-39-6125,,0836-51-0208,,株式会社安徳苑,3570202915,,,(1) 18名、(2) 18名,,
山口県,,山口県,,万倉の郷デイサービス,,地域密着型通所介護,宇部市西万倉1690－2,,34.082935,131.225784,0836-39-9854,,0836-39-9854,,有限会社希,3570203012,,,10名,,
山口県,,山口県,,デイサービス いやし,,地域密着型通所介護,宇部市沖宇部62‐4,,33.959709,131.293839,0836-51-6700,,0836-51-6711,,合同会社三起,3570203053,,,10名,,
山口県,,山口県,,日和庵,,地域密着型通所介護,宇部市沼1‐2‐18,,33.96381,131.264648,0836-35-0077,,0836-35-0088,,合同会社あんしん介護,3570203079,,,15名,,
山口県,,山口県,,デイサービス なごみ,,地域密着型通所介護,宇部市草江2‐5‐1,,33.939442,131.274918,0836-35-7530,,0836-35-7531,,合同会社和の会,3570203111,,,15名,,
山口県,,山口県,,デイサービス クローバー,,地域密着型通所介護,宇部市中野開作180‐4,,33.988422,131.220078,0836-43-6500,,0836-43-6511,,株式会社京樹,3570203152,,,18名,,
山口県,,山口県,,デイサービスひまわりの家,,地域密着型通所介護,宇部市野中5－5－1,,33.945988,131.275696,0836-35-2356,,0836-43-7356,,合同会社 あい,3570203269,,,15名,,
山口県,,山口県,,デイサービスセンター みのり,,地域密着型通所介護,宇部市際波1704‐1,,34.006313,131.219513,0836-44-6193,,0836-44-6199,,株式会社厚仁,3570203491,,,14名,,
山口県,,山口県,,陽だまりのいえデイサービスセンター,,地域密着型通所介護,宇部市厚南北3‐10‐15‐1,,34.000633,131.212204,0836-39-2401,,0836-39-2402,,ＹＯＵ介護サービス株式会社,3571600349,,,15名,,
山口県,,山口県,,デイサービスさち,,地域密着型通所介護,宇部市車地43－1,,34.059673,131.292389,0836-62-0557,,0836-62-0557,,合同会社 デイサービスさち,3590200329,,,10名,,
山口県,,山口県,,第２宅老所 喜楽苑,,地域密着型通所介護,宇部市西岐波5225－5,,33.968159,131.306702,0836-54-3445,,0836-54-3446,,有限会社 ミセスヘルパー,3590200352,,,18名,,
山口県,,山口県,,デイサービスしん,,地域密着型通所介護,宇部市西本町2－12－8,,33.958687,131.235916,0836-38-8417,,0836-38-9244,,株式会社 助さん,3590200402,,,18名,,
山口県,,山口県,,リハビリサポートｃａｎｏｎ藤山店,,地域密着型通所介護,宇部市居能町3－2－11－1号,,33.96862,131.229767,0836-38-8186,,0836-38-8182,,株式会社安徳苑,3590200444,,,(1) 15名、(2) 15名,,
山口県,,山口県,,リハビリ特化型デイサービスＦｕｎｔｏＬｉfe,,地域密着型通所介護,宇部市西岐波4470－8,,33.942139,131.293839,0836-51-6665,,0836-39-3701,,合同会社 ＨＡＣＮＡＭＡＴＡＴＡ,3590200451,,,18名,,
山口県,,山口県,,デイサービス歩夢,,地域密着型通所介護,宇部市船木1017－1,,34.052166,131.207214,0836-67-3016,,,,株式会社 愛優会,3590200469,,,10名,,
山口県,,山口県,,（有）てご屋デイサービスセンター,,地域密着型通所介護,宇部市常盤台1－2576－2,,33.957867,131.268402,0836-21-8761,,0836-21-8768,,有限会社 てご屋,3590200477,,,18名,,
山口県,,山口県,,西日本デイサービス いきいき 参宮通り,,地域密着型通所介護,宇部市海南町16－27,,33.957767,131.260559,0836-21-2233,,0836-21-2266,,三和ヒューマンサポート株式会社,3590200485,,,15名,,
山口県,,山口県,,西日本デイサービス トライ 西宇部,,地域密着型通所介護,宇部市西宇部南4－5－26,,34.002487,131.221756,0836-41-1136,,0836-41-1137,,三和ヒューマンサポート株式会社,3590200493,,,15名,,
山口県,,山口県,,デイサービス ＳＯＵＴＨ ＳＵＮ,,地域密着型通所介護,宇部市妻崎開作2046－12,,33.982361,131.203186,0836-45-3030,,,,株式会社 ＳＯＵＴＨ ＳＵＮ,3590200543,,,10名,,
山口県,,山口県,,デイサービスまる,,地域密着型通所介護,宇部市大小路2－8－16－5,,33.966957,131.272125,0836-43-9580,,0836-43-9580,,株式会社 助さん,3590200568,,,18名,,
山口県,,山口県,,デイサービス いち,,地域密着型通所介護,宇部市恩田町1－4－29,,33.942966,131.262909,0836-52-7208,,0836-38-5182,,株式会社 助さん,3590200600,,,10名,,
山口県,,山口県,,デイサービス 笑鶴,,地域密着型通所介護,宇部市床波4－11－29－3号,,33.955803,131.314636,0836-51-5776,,0836-51-5777,,合同会社 陽なた,3590200618,,,15名,,
山口県,,山口県,,デイサービスせん,,地域密着型通所介護,宇部市恩田町1－5－26,,33.942802,131.262482,0836-52-7240,,0836-38-5182,,株式会社 助さん,3590200626,,,10名,,
山口県,,山口県,,デイサービスいろは,,地域密着型通所介護,宇部市文京台3－17－7,,33.980957,131.229645,0836-37-3900,,,,合同会社 ｈａｒｅｂａｒｅ,3590200642,,,10名,,
山口県,,山口県,,みのり園デイサービスセンター,,地域密着型通所介護,美祢市於福町上4017－1,,34.248848,131.186264,0837-56-1171,,0837-56-1172,,社会福祉法人 同朋福祉会,3571300049,,,15名,,
山口県,,山口県,,幸嶺園デイサービスセンター,,地域密着型通所介護,美祢市伊佐町伊佐下田5656－1,,34.163116,131.240829,0837-52-4551,,0837-52-2255,,社会福祉法人 周美会,3571300056,,,10名,,
山口県,,山口県,,デイサービスセンターありがとう音館,,地域密着型通所介護,美祢市大嶺町東分1003－1,,34.181614,131.212418,0837-53-0551,,0837-53-0551,,有限会社富喜,3571300403,,,10名,,
山口県,,山口県,,デイサービスセンターどれみ,,地域密着型通所介護,美祢市大嶺町東分3129－1,,34.181473,131.208405,0837-53-0886,,0837-53-0886,,有限会社ライフサポートどれみ,3571300411,,,15名,,
山口県,,山口県,,青景園デイサービスセンター,,地域密着型通所介護,美祢市秋芳町青景1873,,34.27483,131.292023,0837-65-2244,,0837-65-2245,,社会福祉法人 豊徳会,3577900032,,,10名,,
山口県,,山口県,,みとう悠々苑デイサービスセンター,,地域密着型通所介護,美祢市美東町大田苅屋5378－1,,34.232838,131.357422,08396-2-1112,,08396-2-1108,,社会福祉法人 祐寿会,3577900057,,,18名,,
山口県,,山口県,,デイサービス慈愛の里,,地域密着型通所介護,美祢市美東町大田5960－5,,34.232838,131.357422,08396-2-5171,,08396-2-5172,,ひまわり介護サービス株式会社,3577900123,,,18名,,
山口県,,山口県,,通所介護 みとうの杜,,地域密着型通所介護,美祢市美東町真名1521－4,,34.158138,131.350876,08396-5-5155,,08396-5-5156,,株式会社 エス・エス・ケイ,3591300094,,,18名,,
山口県,,山口県,,デイサービス 幸せの時間,,地域密着型通所介護,美祢市大嶺町東分2916－1,,34.165112,131.199432,0837-52-9250,,0837-52-9250,,合同会社 優悠,3591300102,,,18名,,
山口県,,山口県,,デイサービス楽笑,,地域密着型通所介護,山陽小野田市高千帆1－12－13,,34.017113,131.19014,0836-84-5121,,0836-84-5121,,合同会社 楽笑,3570203244,,,9名,,
山口県,,山口県,,デイサービスセンターきらら,,地域密着型通所介護,山陽小野田市有帆662－11,,34.025959,131.19606,0836-83-7530,,0836-83-7563,,医療法人 健仁会,3570900211,,,18名,,
山口県,,山口県,,あさひデイサービスセンター,,地域密着型通所介護,山陽小野田市小野田1135－46,,33.95784,131.159164,0836-89-0187,,0836-89-0186,,株式会社 朝日,3571600315,,,13名,,
山口県,,山口県,,リハビリデイサービスたんぽぽ,,地域密着型通所介護,山陽小野田市くし山1－17－20,,34.0116,131.182343,0836-38-5775,,0836-81-0066,,医療生活協同組合健文会,3571600323,,,18名,,
山口県,,山口県,,よりあい処本山デイサービスセンター,,地域密着型通所介護,山陽小野田市小野田726－1,,33.948425,131.165787,0836-39-5606,,0836-39-5607,,株式会社 シノハラ,3571600372,,,10名,,
山口県,,山口県,,こころデイサービスセンター,,地域密着型通所介護,山陽小野田市小野田入道石1135－63,,33.957695,131.172302,0836-39-6845,,0836-39-6846,,株式会社 朝日,3571600430,,,15名,,
山口県,,山口県,,２ハウス陽だまりのいえ,,地域密着型通所介護,山陽小野田市小野田11315－47,,33.957695,131.172302,0836-83-1868,,0836-39-7578,,ＹＯＵ介護サービス株式会社,3571600448,,,16名,,
山口県,,山口県,,よりあい処焼野デイサービスセンター,,地域密着型通所介護,山陽小野田市小野田字鍛冶屋3208－1,,33.957695,131.172302,0836-39-8280,,0836-39-8281,,株式会社 シノハラ,3571600513,,,18名,,
山口県,,山口県,,デイサービスあすか,,地域密着型通所介護,山陽小野田市鴨庄76－3,,34.059769,131.159225,0836-72-1061,,0836-72-1877,,合同会社 あすか,3571600562,,,10名,,
山口県,,山口県,,デイサービス晴,,地域密着型通所介護,山陽小野田市西高泊1467,,33.998753,131.163971,0836-39-5280,,0836-39-5380,,有限会社ケア・サービス優,3571600570,,,12名,,
山口県,,山口県,,デイサービスそらり,,地域密着型通所介護,山陽小野田市西高泊1334－1,,34.00108,131.171005,0836-39-9101,,0836-84-6851,,医療法人社団早川内科医院,3571600687,,,18名,,
山口県,,山口県,,よりあい処岬デイサービスセンター,,地域密着型通所介護,山陽小野田市小野田36－10,,33.936687,131.175354,0836-88-1577,,0836-88-1578,,株式会社 シノハラ,3571600737,,,10名,,
山口県,,山口県,,デイサービスいこい,,地域密着型通所介護,山陽小野田市中央2－5－9,,33.978352,131.177521,0836-81-3722,,0836-81-3723,,医療法人吉中内科医院,3571600760,,,16名,,
山口県,,山口県,,デイサービスあさひ,,地域密着型通所介護,山陽小野田市小野田743－1,,33.948425,131.165787,0836-43-6398,,0836-39-8513,,株式会社 朝日,3571600778,,,15名,,
山口県,,山口県,,デイサービスセンターであい,,地域密着型通所介護,山陽小野田市山川1338－8,,34.059467,131.153412,0836-39-5262,,0836-39-5262,,合同会社ＳＬＯＷ,3571600869,,,10名,,
山口県,,山口県,,デイサービスみやび,,地域密着型通所介護,山陽小野田市小野田4839－1,,33.963196,131.181122,0836-43-9556,,0836-43-9557,,株式会社ワイエスコーポレーション,3591600238,,,9名,,
山口県,,山口県,,デイサービスゆう,,地域密着型通所介護,山陽小野田市西高泊758－1,,34.009682,131.163055,0836-43-7882,,0836-43-7883,,合同会社優勇会,3591600287,,,15名,,
山口県,,山口県,,デイサービスゆうあい,,地域密着型通所介護,山陽小野田市小野田4046,,33.956699,131.17659,0836-88-2300,,0836-39-9261,,株式会社倭,3591600295,,,12名,,
山口県,,山口県,,デイサービス要,,地域密着型通所介護,山陽小野田市郡3191－1,,34.023228,131.143127,090-23410301,,0836-52-7701,,株式会社要会,3591600303,,,12名,,
山口県,,山口県,,デイサービスライフ,,地域密着型通所介護,山陽小野田市旭町1－5－1,,33.998508,131.181976,0836-52-7960,,0836-52-7970,,合同会社Ｌｉｖｅｌｙｌｉｆｅ,3591600311,,,10名,,
山口県,,山口県,,プラスワンサンク 小野田店,,地域密着型通所介護,山陽小野田市東高泊784,,34.013905,131.182938,0836-52-8803,,050-35367650,,合同会社アズユー,3591600329,,,18名,,
山口県,,山口県,,陽光苑デイサービスセンター,,地域密着型通所介護,下関市永田郷158－1,,34.101734,130.896347,083-286-2125,,083-286-2625,,社会福祉法人 下関市社会福祉事業団,3570100572,,,18名,,
山口県,,山口県,,寿海荘デイサービスセンター,,地域密着型通所介護,下関市武久町2－53－8,,33.981216,130.917114,083-253-9914,,083-253-9915,,社会福祉法人 祥寿園,3570100614,,,18名,,
山口県,,山口県,,いろは詩デイサービスセンター,,地域密着型通所介護,下関市椋野町1－18－54,,33.971676,130.941376,083-229-5188,,083-228-4934,,有限会社 いろは詩,3570101091,,,18名,,
山口県,,山口県,,さくらデイサービス下関,,地域密着型通所介護,下関市長府浜浦西町13－3,,33.985481,130.978043,083-265-5077,,083-245-1052,,有限会社 さくら介護,3570101331,,,10名,,
山口県,,山口県,,さくらデイサービス長府,,地域密着型通所介護,下関市長府浜浦町29－8,,33.981945,130.979645,083-245-7760,,083-245-7610,,有限会社 さくら介護,3570101380,,,10名,,
山口県,,山口県,,下関市社協 豊北デイサービスセンターわくわく苑,,地域密着型通所介護,下関市豊北町神田上141－3,,34.281658,130.900955,083-786-0136,,083-786-0136,,社会福祉法人下関市社会福祉協議会,3570101976,,,18名,,
山口県,,山口県,,アイユウの苑 デイサービスセンター しおはま,,地域密着型通所介護,下関市彦島田の首町1－1－32,,33.919811,130.916138,083-266-5362,,083-266-5363,,社会福祉法人 松美会,3570102297,,,18名,,
山口県,,山口県,,つくしん坊デイサービス,,地域密着型通所介護,下関市古屋町1－6－20,,33.998604,130.922592,083-291-2940,,083-291-2941,,有限会社 つくしん坊,3570102636,,,10名,,
山口県,,山口県,,あみいデイサービス新下関,,地域密着型通所介護,下関市秋根東町6－14　甲斐ビル2Ｆ,,34.009502,130.954544,083-227-3527,,083-227-3537,,株式会社 オニツカ,3570102735,,,18名,,
山口県,,山口県,,下関市社協豊田デイサービスセンターおいでんか,,地域密着型通所介護,下関市豊田町手洗345－1,,34.178894,131.066864,083-766-3987,,083-766-2940,,社会福祉法人下関市社会福祉協議会,3570102891,,,18名,,
山口県,,山口県,,あみいデイサービス,,地域密着型通所介護,下関市丸山町2－1－23,,33.960075,130.932861,083-228-0128,,083-250-9938,,株式会社 オニツカ,3570103006,,,15名,,
山口県,,山口県,,デイサービスセンター向日葵,,地域密着型通所介護,下関市豊北町神田上891－25,,34.281658,130.900955,083-788-0688,,083-788-0689,,株式会社 ナーシングケア,3570103055,,,16名,,
山口県,,山口県,,地域共生ホーム デイサービスおかげさん,,地域密着型通所介護,下関市清末大門12－43,,34.060585,131.017487,083-281-3111,,083-281-3112,,特定非営利活動法人　下関ひと・まちネットワーク,3570103113,,,18名,,
山口県,,山口県,,特定非営利活動法人 さくらんぼデイサービスセンター,,地域密着型通所介護,下関市長府中土居北町6－18,,34.00824,130.988846,083-245-5080,,083-245-2530,,特定非営利活動法人さくらんぼ,3570103196,,,16名,,
山口県,,山口県,,よつば富任デイサービスセンター,,地域密着型通所介護,下関市富任町8－14－6,,34.021793,130.926682,083-262-1033,,083-262-1033,,株式会社 クローバー,3570103238,,,10名,,
山口県,,山口県,,安夢住 椿館 デイサービスセンター,,地域密着型通所介護,下関市長府惣社町2－39,,33.996929,130.986252,083-245-8811,,083-245-8812,,有限会社 アムズ,3570103394,,,10名,,
山口県,,山口県,,デイサービスセンター向日葵館,,地域密着型通所介護,下関市豊北町神田3162－6,,34.328148,130.901138,083-786-5232,,083-786-5233,,株式会社 ナーシングケア,3570103410,,,18名,,
山口県,,山口県,,デイサービス熊野,,地域密着型通所介護,下関市熊野町3－11－21,,33.992538,130.945877,083-250-6611,,083-250-6612,,株式会社ＺＯＮ,3570103469,,,10名,,
山口県,,山口県,,デイサービスセンター ふきのとう,,地域密着型通所介護,下関市生野町1－5－27,,33.981586,130.935181,083-251-2018,,083-251-2018,,有限会社都市研,3570103527,,,10名,,
山口県,,山口県,,早稲田イーライフ新下関,,地域密着型通所介護,下関市一の宮町2－6－14,,34.004517,130.949722,083-250-6880,,083-263-0280,,株式会社メディカルテンダー,3570103543,,,(1) 18名、(2) 18名,,
山口県,,山口県,,デイサービスセンター さんぽ道,,地域密着型通所介護,下関市三河町15－10,,33.986343,130.942612,083-252-2500,,083-252-2501,,合同会社 有歩道,3570103626,,,15名,,
山口県,,山口県,,フィットネススタジオサンテココア,,地域密着型通所介護,下関市長府南之町6－5,,33.996426,130.98822,083-242-9121,,083-242-9101,,株式会社 グローバルヘルスプロモーション,3570103865,,,(1) 15名、(2) 15名、(3) 15名,,
山口県,,山口県,,わくわくハウス,,地域密着型通所介護,下関市長府才川2－4－27,,34.024052,131.004593,083-249-0308,,083-249-0309,,ティーワス株式会社,3570103899,,,10名,,
山口県,,山口県,,福浦リハビリデイサービス,,地域密着型通所介護,下関市彦島福浦町3－6－22,,33.927814,130.912415,083-261-5533,,083-261-5534,,有限会社オーイーシー,3570104020,,,(1) 10名、(2) 10名,,
山口県,,山口県,,林田クリニックデイサービスセンターそよ風,,地域密着型通所介護,下関市山の口町1－30,,33.968624,130.935013,083-242-5810,,083-242-5811,,医療法人社団林田クリニック,3570104202,,,15名,,
山口県,,山口県,,紫苑デイサービス,,地域密着型通所介護,下関市幡生町2－16－12,,33.978165,130.93486,083-265-4522,,083-265-4522,,株式会社きずな,3570104236,,,15名,,
山口県,,山口県,,前田接骨院デイサービス機能回復センター,,地域密着型通所介護,下関市長府中土居本町15－26,,34.004055,130.989746,083-245-8488,,083-245-8424,,有限会社前田メディカ,3570104335,,,(1) 10名、(2) 10名,,
山口県,,山口県,,デイサービスセンター友,,地域密着型通所介護,下関市豊浦町黒井2237－1,,34.119259,130.920685,083-772-1087,,083-772-1187,,社会福祉法人 豊浦福祉会,3570104343,,,18名,,
山口県,,山口県,,デイサービスもみじ,,地域密着型通所介護,下関市植田937,,34.112057,130.976456,083-289-2043,,083-289-2004,,株式会社ＹＵＵＪＩＮ,3570104350,,,10名,,
山口県,,山口県,,地域共生ホームデイサービスうたたね,,地域密着型通所介護,下関市清末大門12－43,,34.060585,131.017487,083-282-0222,,083-282-0220,,特定非営利活動法人下関ひと・まちネットワーク,3570104400,,,10名,,
山口県,,山口県,,デイサービス日野,,地域密着型通所介護,下関市豊田町浮石2202－1,,34.241203,131.049316,083-767-0001,,083-767-0002,,株式会社栄,3570104459,,,10名,,
山口県,,山口県,,どうしんデイサービス,,地域密着型通所介護,下関市豊北町滝部11185－3,,34.295853,130.946243,083-782-0032,,083-782-0773,,医療法人せんじゅ,3570104475,,,10名,,
山口県,,山口県,,デイサービスセンター向日葵の里,,地域密着型通所介護,下関市豊北町神田上891－28,,34.281658,130.900955,083-788-5831,,083-788-0038,,株式会社 ナーシングケア,3570104517,,,18名,,
山口県,,山口県,,特定非営利活動法人さくらんぼデイサービス笑家,,地域密着型通所介護,下関市勝谷新町4－13－27,,34.004715,130.972076,083-227-4871,,083-227-4872,,特定非営利活動法人さくらんぼ,3570104582,,,10名,,
山口県,,山口県,,デイサービスもん,,地域密着型通所介護,下関市安岡町4－14－22,,34.0299,130.915573,083-227-4713,,083-227-4713,,合同会社門出,3570104590,,,10名,,
山口県,,山口県,,安夢住デイサービス緑香園,,地域密着型通所介護,下関市長府新松原町3－30,,33.992195,130.989075,083-227-4179,,083-227-4189,,有限会社 アムズ,3570104699,,,10名,,
山口県,,山口県,,デイハウスうちん家,,地域密着型通所介護,下関市南大坪町2－9,,33.960251,130.917664,083-250-8152,,083-250-8153,,株式会社心笑,3570104780,,,17名,,
山口県,,山口県,,かよさんのいえ,,地域密着型通所介護,下関市王司本町4－6－18,,34.037937,131.014862,083-248-2532,,083-291-2532,,株式会社まるじゅう,3570104863,,,9名,,
山口県,,山口県,,通い所歩き道,,地域密着型通所介護,下関市赤間町3－24,,33.958889,130.942444,083-249-5308,,083-249-5318,,合同会社 有歩道,3570104897,,,10名,,
山口県,,山口県,,デイサービス陽だまり,,地域密着型通所介護,下関市綾羅木新町1－16－15,,34.011806,130.921249,083-227-4321,,083-254-2525,,株式会社セービング,3570104913,,,18名,,
山口県,,山口県,,本村リハビリデイサービス,,地域密着型通所介護,下関市彦島本村町6－2－6,,33.938332,130.914597,083-261-0777,,083-261-0778,,有限会社オーイーシー,3570104954,,,10名,,
山口県,,山口県,,あやリハ長府店,,地域密着型通所介護,下関市長府中浜町4－18,,33.998222,130.989105,083-245-9900,,083-245-9920,,株式会社 弘富会,3570105019,,,(1) 18名、(2) 15名、(3) 15名,,
山口県,,山口県,,デイサービス隣ご縁唐戸,,地域密着型通所介護,下関市幸町11－1,,33.960495,130.943558,083-227-2250,,083-227-2255,,株式会社ＣＫＫサポート,3570105027,,,10名,,
山口県,,山口県,,おとなの学校下関小月校デイサービスセンター,,地域密着型通所介護,下関市小月茶屋3－4－26,,34.068893,131.028137,083-227-2208,,083-227-2209,,ライフスクール株式会社,3570105068,,,18名,,
山口県,,山口県,,アイユウ長府デイサービス『憩いサロン』,,地域密着型通所介護,下関市長府南之町1－1,,33.997856,130.990936,083-246-6430,,083-227-2481,,医療法人 松永会,3570105209,,,10名,,
山口県,,山口県,,デイサービス華,,地域密着型通所介護,下関市彦島本村町6－12－15,,33.938396,130.912445,083-227-2885,,083-227-2886,,合同会社リバージ,3570105233,,,10名,,
山口県,,山口県,,デイサービスはまぐり,,地域密着型通所介護,下関市豊浦町小串2374,,34.175289,130.929855,083-227-2874,,083-227-2874,,株式会社大樹,3570105282,,,16名,,
山口県,,山口県,,功栄サービスさくらえん,,地域密着型通所介護,下関市生野町1－4－17,,33.981884,130.934418,083-294-0123,,083-294-0123,,株式会社功栄サービス,3570105423,,,13名,,
山口県,,山口県,,デイサービスありすの丘,,地域密着型通所介護,下関市東向山町13－9,,33.967133,130.927887,083-232-3377,,083-232-3335,,株式会社ウエルケア,3570105431,,,10名,,
山口県,,山口県,,デイサービス月見草,,地域密着型通所介護,下関市豊浦町川棚1545－24,,34.160515,130.922134,083-227-2895,,083-227-2897,,株式会社大樹,3570105571,,,18名,,
山口県,,山口県,,デイサービスかしの木,,地域密着型通所介護,下関市綾羅木本町3－10－22,,34.001236,130.922958,083-265-4672,,083-265-9586,,株式会社花梨,3570105621,,,10名,,
山口県,,山口県,,シャンバラデイサービスセンター,,地域密着型通所介護,下関市小月茶屋2－8－27,,34.06641,131.028885,083-242-5678,,083-242-5679,,医療法人星の里会,3577800430,,,18名,,
山口県,,山口県,,デイサービス あじさい,,地域密着型通所介護,下関市豊浦町室津下1443－1,,34.132431,130.881897,083-772-2511,,083-772-2511,,特定非営利活動法人宅老所あじさい,3577800471,,,17名,,
山口県,,山口県,,リラックスデイ唐楽,,地域密着型通所介護,下関市唐戸町3－14　白鳥ビル1階,,33.957298,130.942871,083-242-5065,,083-242-5065,,合同会社ＺＩＰＡＮＧＯＯ,3590109025,,,10名,,
山口県,,山口県,,デイサービス せいれん,,地域密着型通所介護,下関市吉見里町2－7－1,,34.074715,130.904694,083-294-0163,,083-294-0063,,株式会社 せいれん,3590109033,,,10名,,
山口県,,山口県,,早稲田イーライフ彦島,,地域密着型通所介護,下関市彦島角倉町1－11－30,,33.926296,130.914429,083-250-9301,,083-250-9302,,有限会社ライフプラス,3590109058,,,15名,,
山口県,,山口県,,済生会貴船福祉ケアセンター貴船園デイサービスセンター,,地域密着型通所介護,下関市貴船町3－4－1,,33.968594,130.941864,083-223-0265,,083-223-0271,,社会福祉法人恩賜財団済生会支部山口県済生,3590109066,,,18名,,
山口県,,山口県,,デイサービスまいホーム,,地域密着型通所介護,下関市川中本町7－19,,34.001518,130.930756,083-242-2021,,083-242-2022,,株式会社マイホーム,3590109116,,,17名,,
山口県,,山口県,,リハビリ型デイサービス 咲くろーど,,地域密着型通所介護,下関市秋根北町5－7　Ａ－102,,34.01403,130.952576,083-242-1607,,083-242-1606,,株式会社 ＪОＩＹＡＳ,3590109124,,,(1) 18名、(2) 18名,,
山口県,,山口県,,デイサービスぱれっと,,地域密着型通所介護,下関市一の宮住吉2－10－11,,33.997711,130.954437,083-263-1100,,083-257-0110,,株式会社セービング,3590109140,,,15名,,
山口県,,山口県,,デイサービス 杉の木,,地域密着型通所介護,下関市新椋野1－1－6,,33.984806,130.94809,083-223-5020,,083-250-6516,,合同会社 ＯＮＥ ＦＯＲ ＡＬＬ,3590109165,,,15名,,
山口県,,山口県,,デイサービス 夢乃舎,,地域密着型通所介護,下関市彦島福浦町3－2－10,,33.927387,130.913055,083-250-9021,,083-250-9024,,社会福祉法人 礼和会,3590109181,,,18名,,
山口県,,山口県,,リハトレケアサポート,,地域密着型通所介護,下関市菊川町田部1151－3,,34.114231,131.031082,083-287-0833,,083-287-3388,,特定非営利活動法人ケアヴィレッジ,3590109199,,,(1) 15名、(2) 15名,,
山口県,,山口県,,スマートエイジングラボそらおと,,地域密着型通所介護,下関市中之町8－13,,33.9576,130.945938,083-250-8992,,083-250-8993,,合同会社ＳＯＲＡ,3590109207,,,15名,,
山口県,,山口県,,西山リハビリデイサービス,,地域密着型通所介護,下関市彦島西山町2－4－41,,33.944817,130.889084,083-261-0110,,083-261-0221,,有限会社オーイーシー,3590109223,,,18名,,
山口県,,山口県,,リハプライド下関長府,,地域密着型通所介護,下関市長府松小田本町5－16－1Ｆ,,34.019447,131.000687,083-242-1314,,083-242-1324,,合同会社セルフケア,3590109231,,,(1) 18名、(2) 18名,,
山口県,,山口県,,ＤＳスマートリハ,,地域密着型通所介護,下関市川中豊町5－1－3,,33.995365,130.940353,083-265-2369,,083-265-1806,,合同会社ｓｍａｒｔ,3590109249,,,(1) 15名、(2) 15名,,
山口県,,山口県,,デイサービスぽぷり,,地域密着型通所介護,下関市後田町4－4－3,,33.970249,130.927612,083-222-8127,,083-222-8128,,株式会社セービング,3590109256,,,15名,,
山口県,,山口県,,デイサービスくらしおん,,地域密着型通所介護,下関市王司川端1－4－5,,34.048355,131.018402,083-242-2003,,083-248-8359,,株式会社セービング,3590109264,,,18名,,
山口県,,山口県,,夢里デイサービス,,地域密着型通所介護,下関市内日下833－1,,34.114502,130.962921,083-289-2213,,083-289-2253,,有限会社 夢里デイサービス,3590109280,,,18名,,
山口県,,山口県,,デイサービスてんてん,,地域密着型通所介護,下関市形山町4－17,,34.013985,130.959198,083-265-1335,,083-265-1335,,合同会社Ｓｋｙ,3590109298,,,10名,,
山口県,,山口県,,デイサービスフェリーチェ,,地域密着型通所介護,下関市新地西町10－9,,33.955307,130.920105,083-232-8811,,083-232-8812,,株式会社セービング,3590109306,,,(1) 18名、(2) 18名,,
山口県,,山口県,,共生型デイサービスふくろうの杜,,地域密着型通所介護,下関市一の宮町4－11－27,,33.994587,130.950394,083-227-4170,,083-227-4172,,株式会社煌青,3590109314,,,10名,,
山口県,,山口県,,おとなの学校下関未来校,,地域密着型通所介護,下関市小月茶屋3－4－7,,34.069813,131.027939,083-227-3345,,083-227-3344,,ライフスクール株式会社,3590109322,,,10名,,
山口県,,山口県,,デイサービスみなみ風,,地域密着型通所介護,下関市豊田町宇内684,,34.239544,131.076309,090-69962852,,00-0000-0000,,合同会社みなた,3590109330,,,10名,,
山口県,,山口県,,デイサービス 杉の森,,地域密着型通所介護,下関市宝町3－17　ＹＬＣビル　1Ｆ,,33.979576,130.939209,083-292-0302,,083-294-7536,,合同会社 ＯＮＥ ＦＯＲ ＡＬＬ,3590109348,,,10名,,
山口県,,山口県,,つくしんぼデイサービス,,地域密着型通所介護,下関市小月本町1－1－4,,34.073395,131.035492,083-242-2535,,083-242-2536,,合同会社ＭＯＲＩＴＡ,3590109355,,,10名,,
山口県,,山口県,,ＩＭＬデイサービスリハアクト,,地域密着型通所介護,下関市一の宮本町1－7－17,,34.002052,130.951111,083-242-1711,,083-242-2141,,株式会社インマイライフ,3590109363,,,(1) 10名、(2) 10名,,
山口県,,山口県,,Ｇｒｅｅｎ ＤｅｌＳｏｌｅ,,地域密着型通所介護,下関市菊川町久野94－1,,34.14946,130.967422,083-287-0001,,083-287-0003,,株式会社支援の森,3590109371,,,18名,,
山口県,,山口県,,ＫａＫａ＋こんぴらデイサービス,,地域密着型通所介護,下関市金比羅町5－13,,33.967361,130.919022,083-242-2865,,083-242-2866,,ＫａＫａ Ｐｌｕｓ株式会社,3590109389,,,15名,,
山口県,,山口県,,ハートケアデイサービス,,地域密着型通所介護,下関市神田町1－14－26,,33.964241,130.923553,083-228-0016,,083-228-0017,,有限会社ライフプラス,3590109397,,,18名,,
山口県,,山口県,,Ｇｒｅｅｎ ＤｅｌＳｏｌｅリハプラス,,地域密着型通所介護,下関市菊川町久野948－3,,34.14946,130.967422,083-242-2892,,083-242-2893,,株式会社支援の森,3590109405,,,15名,,
山口県,,山口県,,アクティブリハビリセンター カノア,,地域密着型通所介護,下関市王司川端1－4－45,,34.047447,131.017105,083-248-1173,,083-248-1174,,株式会社リハピス,3590109413,,,10名,,
山口県,,山口県,,灯りやデイサービス,,地域密着型通所介護,下関市菊川町上田部343－2,,34.109756,131.023666,083-227-3270,,083-227-3271,,株式会社 もりの灯台,3590109421,,,10名,,
山口県,,山口県,,長門市社協ゆやデイサービスセンター,,地域密着型通所介護,長門市油谷河原1998－15,,34.367596,131.047333,0837-32-0950,,0837-33-0294,,社会福祉法人 長門市社会福祉協議会,3571100274,,,18名,,
山口県,,山口県,,ひとやすみ,,地域密着型通所介護,長門市西深川429－2,,34.371094,131.164978,0837-22-3116,,0837-22-3116,,合同会社 マザー,3571100308,,,14名,,
山口県,,山口県,,小規模デイサービス 虹,,地域密着型通所介護,長門市油谷久富1867,,34.377361,131.078934,0837-32-2838,,0837-32-2838,,合同会社みこと,3571100365,,,10名,,
山口県,,山口県,,デイサービス ゆったり,,地域密着型通所介護,長門市渋木1503,,34.305496,131.200623,0837-25-4266,,0837-25-4266,,合同会社みこと,3571100423,,,10名,,
山口県,,山口県,,長門市社協かよいデイサービスセンター,,地域密着型通所介護,長門市通830,,34.422478,131.255341,0837-28-0111,,0837-28-0111,,社会福祉法人 長門市社会福祉協議会,3571100530,,,14名,,
山口県,,山口県,,いそしばデイサービス,,地域密着型通所介護,長門市東深川525－1,,34.382816,131.1922,0837-26-3558,,0837-27-0007,,合同会社 桜華,3571100548,,,10名,,
山口県,,山口県,,デイサービス 花と月,,地域密着型通所介護,長門市西深川1761－1,,34.370224,131.166809,0837-27-0371,,,,合同会社 桜華,3591100107,,,,,
山口県,,山口県,,萩市デイサービスセンターみしま,,地域密着型通所介護,萩市見島35－1,,34.778282,131.140091,0838-23-2828,,0838-23-2122,,社会福祉法人 萩市社会福祉,3570400402,,,15名,,
山口県,,山口県,,ライフケアデイサービスはぎ,,地域密着型通所介護,萩市椿東2942－13,,34.413593,131.412231,0838-21-7638,,0838-21-7660,,山陽メディカルケア株式会社,3570400683,,,17名,,
山口県,,山口県,,デイサービス旭の郷,,地域密着型通所介護,萩市佐々並2494－1,,34.265903,131.456161,0838-56-0880,,0838-56-0004,,医療法人丘病院,3570400725,,,10名,,
山口県,,山口県,,リハビリ型デイサービスステップ,,地域密着型通所介護,萩市椿東2637－1,,34.411602,131.412109,0838-26-3440,,0838-26-3440,,合同会社ケアアシスタンス,3570400741,,,(1) 10名、(2) 10名,,
山口県,,山口県,,デイサービスセンターかわかみ苑,,地域密着型通所介護,萩市川上4921－1,,34.35368,131.495499,0838-54-2000,,0838-54-2781,,社会福祉法人 山水会,3578100210,,,18名,,
山口県,,山口県,,ちはるえんデイサービスセンター,,地域密着型通所介護,萩市明木4781－1,,34.317074,131.413254,0838-55-0333,,0838-55-0332,,社会福祉法人 健香会,3578100319,,,18名,,
山口県,,山口県,,大島デイサービス,,地域密着型通所介護,萩市大島5－9,,34.501541,131.410446,0838-22-4165,,,,萩市,3580400111,,,,,
山口県,,山口県,,相島デイサービス,,地域密着型通所介護,萩市相島13－1,,34.507568,131.28186,0838-22-4965,,,,萩市,3580400129,,,,,
山口県,,山口県,,デイサービス健・康の郷,,地域密着型通所介護,萩市椿東11189－18,,34.426121,131.413086,0838-26-2222,,,,社会福祉法人 健香会,3590400135,,,,,
山口県,,山口県,,清ヶ浜デイサービスセンター,,地域密着型通所介護,阿武郡阿武町木与10037－3,,34.530689,131.508789,08388-2-3314,,08388-2-3316,,社会福祉法人 阿武福祉会,3570400519,,,18名,,
山口県,,山口県,,ひだまりの里小地域サービス事業所,,地域密着型通所介護,阿武郡阿武町宇田2251,,34.558441,131.550919,08388-4-0787,,08388-4-0787,,社会福祉法人 阿武福祉会,3578100533,,,10名,,
