都道府県コード又は市区町村コード,NO,都道府県名,市区町村名,介護サービス事業所名称,介護サービス事業所名称_カナ,実施サービス,住所,方書,緯度,経度,電話番号,内線番号,FAX番号,法人番号,法人の名称,事業所番号,利用可能曜日,利用可能曜日特記事項,定員,URL,備考
山口県,,山口県,,ニチイケアセンター岩国,ニチイケアセンターイワクニ,訪問介護,岩国市川西3－5－40,,34.15617,132.175751,0827-44-0511,,0827-41-3651,,株式会社ニチイ学館,3570800015,,,,,
山口県,,山口県,,医療法人錦病院指定居宅介護サービス事業ヘルパーセンターあいりす,イリョウホウジンニシキビョウインシテイキョタクカイゴサービスジギョウヘルパーセンターアイリス,訪問介護,岩国市錦見7－16－1,,34.159916,132.18718,0827-44-0080,,0827-44-0535,,医療法人 錦病院,3570800155,,,,,
山口県,,山口県,,ふれんず在宅介護支援センターヘルパーチーム,フレンズザイタクカイゴシエンセンターヘルパーチーム,訪問介護,岩国市今津町1－11－23,,34.166946,132.220749,0827-21-5135,,0827-21-5133,,医療法人社団 まりふ会,3570800312,,,,,
山口県,,山口県,,美和苑ヘルパーステーション,ミワエンヘルパーステーション,訪問介護,岩国市美和町生見12538,,34.247898,132.086365,0827-96-1158,,0827-96-0446,,社会福祉法人 美和福祉会,3577200433,,,,,
山口県,,山口県,,錦苑ヘルパーステーション,ニシキエンヘルパーステーション,訪問介護,岩国市錦町広瀬758,,34.274345,131.921814,0827-72-3523,,0827-72-3562,,社会福祉法人 錦福祉会,3577200441,,,,,
山口県,,山口県,,平成ホームヘルパーステーション黒磯,ヘイセイホームヘルパーステーションクロイソ,訪問介護,岩国市黒磯町2－50－14,,34.10331,132.194519,0827-34-2257,,0827-34-2258,,社会福祉法人 平成記念会,3570800429,,,,,
山口県,,山口県,,ヘルパーステーションあおぞら,ヘルパーステーションアオゾラ,訪問介護,岩国市多田3－104－4－201,,34.180756,132.168777,0827-44-1414,,0827-44-1415,,有限会社 ネクストテン,3570800726,,,,,
山口県,,山口県,,第一あんしんサービス岩国,ダイイチアンシンサービスイワクニ,訪問介護,岩国市南岩国町4－65－28,,34.127892,132.198929,0827-34-5917,,0827-34-5920,,第一交通株式会社,3570800742,,,,,
山口県,,山口県,,ヘルパーステーションあいあい,ヘルパーステーションアイアイ,訪問介護,岩国市通津1967－1－Ｂ104,,34.073696,132.182037,0827-38-0090,,0827-38-0095,,有限会社 あいあい,3570800890,,,,,
山口県,,山口県,,社会福祉法人岩国市社会福祉協議会社協ヘルパーセンター岩国,シャカイフクシホウジンイワクニシシャカイフクシキョウギカイシャキョウヘルパーセンターイワクニ,訪問介護,岩国市南岩国町3－3－14,,34.132782,132.20166,0827-28-6108,,0827-28-6109,,社会福祉法人岩国市社会福祉協議会,3570801062,,,,,
山口県,,山口県,,社会福祉法人岩国市社会福祉協議会社協ヘルパーセンター周東,シャカイフクシホウジンイワクニシシャカイフクシキョウギカイシャキョウヘルパーセンターシュウトウ,訪問介護,岩国市周東町下久原626－8,,34.090099,132.057373,0827-83-1633,,0827-84-4911,,社会福祉法人岩国市社会福祉協議会,3570801070,,,,,
山口県,,山口県,,社会福祉法人岩国市社会福祉協議会社協ヘルパーセンター由宇,シャカイフクシホウジンイワクニシシャカイフクシキョウギカイシャキョウヘルパーセンターユウ,訪問介護,岩国市由宇町中央1－8－35,,34.046528,132.211594,0827-63-3022,,0827-63-3544,,社会福祉法人岩国市社会福祉協議会,3570801104,,,,,
山口県,,山口県,,サンキ・ウエルビィ介護センター岩国,サンキ・ウエルビィカイゴセンターイワクニ,訪問介護,岩国市牛野谷町2－16－32　2階,,34.15612,132.197083,0827-28-5367,,0827-28-5378,,サンキ・ウエルビィ株式会社,3570801401,,,,,
山口県,,山口県,,縁介護支援事業所ヘルパーチーム,ユカリカイゴシエンジギョウショヘルパー,訪問介護,岩国市平田5－50－14,,34.141201,132.193192,0827-28-1183,,0827-28-1184,,合同会社 縁,3570801468,,,,,
山口県,,山口県,,玖珂地方養護老人ホーム久楽荘指定訪問介護事業所,クガチホウヨウゴロウジンホームキュウラクソウシテイホウモンカイゴジギョウショ,訪問介護,岩国市玖珂町6382,,34.100464,132.092773,0827-82-2129,,0827-82-2773,,玖珂地方老人福祉施設組合,3570801567,,,,,
山口県,,山口県,,訪問介護ステーションあゆみ,ホウモンカイゴステーションアユミ,訪問介護,岩国市玖珂町4999－1,,34.100464,132.092773,0827-28-5228,,0827-28-5126,,株式会社 Ｆｏｒｅｓｔ,3570801682,,,,,
山口県,,山口県,,玖珂地方養護老人ホーム松風荘指定訪問介護事業所,クガチホウヨウゴロウジンホームショウフウソウシテイホウモンカイゴジギョウショ,訪問介護,岩国市本郷町本郷2090,,34.290527,132.043274,0827-75-2104,,0827-75-2856,,玖珂地方老人福祉施設組合,3570801781,,,,,
山口県,,山口県,,ヘルパーステーション なでしこ,ヘルパーステーション ナデシコ,訪問介護,岩国市玖珂町1011－4,,34.100464,132.092773,0827-81-0525,,0827-81-0625,,有限会社 にこにこ苑,3570801815,,,,,
山口県,,山口県,,ふくしサービスセンターいろは,フクシサービスセンターイロハ,訪問介護,岩国市錦見8－23－1,,34.16198,132.201996,0827-35-4327,,0827-35-4328,,社会福祉法人グリーンコープ,3570801856,,,,,
山口県,,山口県,,玖西ヘルパーステーション,クニシヘルパーステーション,訪問介護,岩国市玖珂町581－6,,34.100464,132.092773,0827-28-4188,,0827-82-7718,,合同会社玖西介護保険相談所,3570801898,,,,,
山口県,,山口県,,コパン,コパン,訪問介護,岩国市横山3－4－10,,34.173286,132.177505,0827-43-1358,,0827-28-2808,,コパンの森株式会社,3570801914,,,,,
山口県,,山口県,,ヘルパーステーションわたなべ,ヘルパーステーションワタナベ,訪問介護,岩国市麻里布町5－3－8,,34.173931,132.223831,0827-24-5188,,0827-29-1165,,有限会社 渡辺薬局,3570801948,,,,,
山口県,,山口県,,ヘルパーステーションさくらんぼ,ヘルパーステーションサクランボ,訪問介護,岩国市室の木町1－1－50,,34.172237,132.213684,0827-29-5360,,0827-29-5325,,医療法人新生会,3570801955,,,,,
山口県,,山口県,,訪問介護サービスことり,ホウモンカイゴサービスコトリ,訪問介護,岩国市麻里布町5－15－27,,34.175346,132.222778,0827-35-5445,,0827-35-5444,,株式会社 もういちど,3570801971,,,,,
山口県,,山口県,,訪問介護のびのび,ホウモンカイゴノビノビ,訪問介護,岩国市周東町下久原1260,,34.090706,132.051086,0827-84-5055,,0827-84-5056,,株式会社ジェントルライフ,3570802177,,,,,
山口県,,山口県,,訪問介護サービス つぼみ,ホウモンカイゴサービス ツボミ,訪問介護,岩国市南岩国町1－17－10村中アパートＢ201号,,34.135208,132.204208,0827-32-1239,,0827-93-2051,,株式会社Ｕ－ＺＡＫ,3570802185,,,,,
山口県,,山口県,,株式会社メディス玖珂営業所,カブシキガイシャメディスクガエイギョウショ,訪問介護,岩国市玖珂町11361－101号,,34.100464,132.092773,0827-81-0161,,0827-81-0162,,株式会社 メディス,3570802201,,,,,
山口県,,山口県,,訪問介護事業所なでしこ岩国,ホウモンカイゴジギョウショナデシコイワクニ,訪問介護,岩国市柱野832－1,,34.13118,132.15062,0827-45-1355,,0827-45-1356,,株式会社ハートリンクケア,3570802227,,,,,
山口県,,山口県,,訪問ステーションてとてと岩国,ホウモンステーションテトテトイワクニ,訪問介護,岩国市御庄4－106－7,,34.169209,132.15654,0827-28-6360,,0827-28-6361,,株式会社 メディス,3560890109,,,,,
山口県,,山口県,,訪問介護事業所 笑顔,ホウモンカイゴジギョウショ エガオ,訪問介護,岩国市御庄1－107－6,,34.16581,132.148956,0827-28-6668,,0827-28-6880,,有限会社 正栄福祉会,3570802250,,,,,
山口県,,山口県,,訪問介護ステーション無花果（Ｍｕｋａｋａ）,ホウモンカイゴステーションムカカ（Ｍｕｋａｋａ）,訪問介護,岩国市牛野谷町1－5－25,,34.15707,132.193268,0827-31-9887,,0827-31-1787,,株式会社 Ｌａ．Ｆｉｇｕｅ,3570802268,,,,,
山口県,,山口県,,ヘルパーステーション千樹の杜,ヘルパーステーションセンジュノモリ,訪問介護,岩国市周東町下久原蔵本2580－2,,34.096893,132.045563,0827-84-5555,,0827-28-5540,,株式会社キヨトキ,3570802300,,,,,
山口県,,山口県,,ニチイケアセンター玖珂,ニチイケアセンタークガ,訪問介護,岩国市玖珂町505－1桃園マンション1－1,,34.100464,132.092773,0827-81-1780,,0827-82-4848,,株式会社ニチイ学館,3570802334,,,,,
山口県,,山口県,,訪問介護ステーション愛花～ａｉｋａ,ホウモンカイゴステーションアイカ～ａｉｋａ,訪問介護,岩国市黒磯町2－25－5－1,,34.107635,132.196991,0827-35-6122,,0827-35-6158,,合同会社ハレノヒ,3570802391,,,,,
山口県,,山口県,,訪問介護ステーションいちご,ホウモンカイゴステーションイチゴ,訪問介護,岩国市保津町2－4－50,,34.08313,132.20903,0827-35-4315,,0827-35-4315,,ハッピーライフケア株式会社,3570802417,,,,,
山口県,,山口県,,株式会社一期一会,カブシキガイシャイチゴイチエ,訪問介護,岩国市周東町下久原441－1－Ｄ201,,34.090427,132.062637,0827-28-5928,,0827-28-5928,,株式会社一期一会,3570802458,,,,,
山口県,,山口県,,ふくろうの会,フクロウノカイ,訪問介護,岩国市元町4－9－16,,34.170773,132.230972,0827-69-1392,,0827-69-1392,,合同会社ｂｉｒｄｎｅｓｔ,3570802466,,,,,
山口県,,山口県,,訪問介護事業所にじいろ,ホウモンカイゴジギョウショニジイロ,訪問介護,岩国市御庄3－102－8,,34.168026,132.15387,0827-46-0885,,0827-46-0885,,株式会社わくわくかんぱにー,3570802474,,,,,
山口県,,山口県,,わきあいあい苑ホームヘルパーステーション,ワキアイアイエンホームヘルパーステーション,訪問介護,玖珂郡和木町瀬田4－1－1,,34.194065,132.225128,0827-54-0345,,0827-52-0055,,社会福祉法人 和木三志会,3577200201,,,,,
山口県,,山口県,,ニチイケアセンター柳井,ニチイケアセンターヤナイ,訪問介護,柳井市南町1－9－1　重村ビル3Ｆ3号,,33.965199,132.102112,0820-24-2181,,0820-24-2182,,株式会社ニチイ学館,3571200090,,,,,
山口県,,山口県,,ニチイケアセンター大畠,ニチイケアセンターオオバタケ,訪問介護,柳井市神代2983－2,,33.980316,132.183746,0820-45-5538,,0820-45-3630,,株式会社ニチイ学館,3577200730,,,,,
山口県,,山口県,,社会福祉法人柳井市社会福祉協議会指定訪問介護事業所,シャカイフクシホウジンヤナイシシャカイフクシキョウギカイシテイホウモンカイゴジギョウショ,訪問介護,柳井市南町3－9－2,,33.963169,132.102631,0820-22-3870,,0820-23-1107,,社会福祉法人柳井市社会福祉協議会,3571200454,,,,,
山口県,,山口県,,指定訪問介護事業所 あそか,シテイホウモンカイゴジギョウショ アソカ,訪問介護,柳井市日積3213,,34.00214,132.161804,0820-28-5015,,0820-28-5016,,社会福祉法人 最勝会,3571200546,,,,,
山口県,,山口県,,サンキ・ウエルビィ介護センター柳井,サンキ・ウエルビィカイゴセンターヤナイ,訪問介護,柳井市柳井1010－1,,33.961246,132.129623,0820-24-1064,,0820-24-1065,,サンキ・ウエルビィ株式会社,3571200579,,,,,
山口県,,山口県,,わたぼうしヘルパーステーション,ワタボウシヘルパーステーション,訪問介護,柳井市柳井4920－2,,33.972912,132.097061,0820-25-3710,,0820-23-6235,,有限会社わたぼうし,3571200595,,,,,
山口県,,山口県,,ゆうわ苑ヘルパーステーション,ユウワエンヘルパーステーション,訪問介護,柳井市伊保庄近長浜1－4,,33.930088,132.116165,0820-27-6001,,0820-27-0800,,社会福祉法人 恒和会,3571200611,,,,,
山口県,,山口県,,ヘルパーステーションＡＳＯＫＡやない,ヘルパーステーションＡＳＯＫＡヤナイ,訪問介護,柳井市柳井4896－1,,33.971848,132.09964,0820-25-3604,,0820-25-3605,,社会福祉法人 最勝会,3571200702,,,,,
山口県,,山口県,,株式会社やないきたヘルパーステーション,カブシキガイシャヤナイキタヘルパーステーション,訪問介護,柳井市柳井11053－10,,33.983452,132.112854,0820-22-2728,,0820-23-0700,,株式会社やないきた,3571200777,,,,,
山口県,,山口県,,訪問介護縁むすび,ホウモンカイゴエンムスビ,訪問介護,柳井市南町2－7－30奥原第一ビル1階北,,33.964481,132.105591,0820-25-1772,,0820-25-0772,,合同会社Ｏｎｅらいふ,3571200801,,,,,
山口県,,山口県,,有限会社しらき,ユウゲンガイシャシラキ,訪問介護,大島郡周防大島町西方14,,33.885509,132.357452,0820-78-2626,,0820-78-2727,,有限会社 しらき,3577100310,,,,,
山口県,,山口県,,訪問介護ステーションのんた,ホウモンカイゴステーションノンタ,訪問介護,大島郡周防大島町久賀5123－4,,33.937672,132.266953,0820-79-0655,,0820-72-2513,,特定非営利活動法人 海祐会,3577100351,,,,,
山口県,,山口県,,周防大島町社協 訪問介護東部事業所,スオウオオシマチョウシャキョウ ホウモンカイゴトウブジギョウショ,訪問介護,大島郡周防大島町日前1932－32,,33.923691,132.291138,0820-73-0070,,0820-73-0071,,社会福祉法人 周防大島町社会福祉協議会,3577100443,,,,,
山口県,,山口県,,周防大島町社協 訪問介護西部事業所,スオウオオシマチョウシャキョウ ホウモンカイゴセイブジギョウショ,訪問介護,大島郡周防大島町小松125－2,,33.928932,132.19101,0820-74-5500,,0820-74-3622,,社会福祉法人 周防大島町社会福祉協議会,3577100450,,,,,
山口県,,山口県,,訪問介護ステーションなないろ,ホウモンカイゴステーションナナイロ,訪問介護,大島郡周防大島町小松91－4,,33.93969,132.193604,0820-79-2225,,0820-79-2226,,医療法人おかはら会,3577100732,,,,,
山口県,,山口県,,ヘルパーステーション松福,ヘルパーステーションマツフク,訪問介護,大島郡周防大島町小松開作1280　Ａ－1－2,,33.927032,132.183029,0820-74-5539,,0820-74-1985,,合同会社松福,3577100807,,,,,
山口県,,山口県,,上関町ヘルパーステーション,カミノセキチョウヘルパーステーション,訪問介護,熊毛郡上関町長島1561－1,,33.82235,132.078217,0820-65-5117,,0820-65-0566,,社会福祉法人 上関福祉会,3577300233,,,,,
山口県,,山口県,,たぶせ苑指定訪問介護事業所,タブセエンシテイホウモンカイゴジギョウショ,訪問介護,熊毛郡田布施町宿井406,,33.965446,132.027832,0820-53-1293,,0820-53-2940,,社会福祉法人 施福会,3577300225,,,,,
山口県,,山口県,,訪問介護ステーション ブリスケア田布施,ホウモンカイゴステーション ブリスケアタブセ,訪問介護,熊毛郡田布施町波野433－1,,33.969086,132.042664,0820-52-6660,,0820-52-6677,,株式会社ブリスホーム,3577300704,,,,,
山口県,,山口県,,ニチイケアセンター田布施,ニチイケアセンタータブセ,訪問介護,熊毛郡田布施町下田布施3543－8,,33.95153,132.040787,0820-51-0950,,0820-53-5233,,株式会社ニチイ学館,3577300845,,,,,
山口県,,山口県,,平生町社会福祉協議会,ヒラオチョウシャカイフクシキョウギカイ,訪問介護,熊毛郡平生町平生村618－2,,33.945328,132.07637,0820-56-8200,,0820-56-8220,,社会福祉法人 平生町社会福祉協議会,3577300027,,,,,
山口県,,山口県,,ながやす介護ステーション,ナガヤスカイゴステーション,訪問介護,熊毛郡平生町平生村862－2,,33.943233,132.072586,0820-56-7890,,0820-56-6556,,有限会社 長安工業,3577300043,,,,,
山口県,,山口県,,社会福祉法人幸寿会ヘルパーステーションサンガーデン,シャカイフクシホウジンコウジュカイヘルパーステーションサンガーデン,訪問介護,熊毛郡平生町平生町5－17,,33.932762,132.069275,0820-56-5330,,0820-56-6363,,社会福祉法人 幸寿会,3577300548,,,,,
山口県,,山口県,,ことぶき訪問介護事業所,コトブキホウモンカイゴジギョウショ,訪問介護,熊毛郡平生町曽根10126－2,,33.9217,132.070984,0820-56-7335,,0820-56-1052,,社会福祉法人 うちうみ会,3577300563,,,,,
山口県,,山口県,,下松市社会福祉協議会指定訪問介護事業所,クダマツシシャカイフクシキョウギカイシテイホウモンカイゴジギョウショ,訪問介護,下松市西市2－10－16,,34.014011,131.873764,0833-41-2242,,0833-41-2330,,社会福祉法人 下松市社会福祉協議会,3570700074,,,,,
山口県,,山口県,,さくら苑ホームヘルプサービス,サクラエンホームヘルプサービス,訪問介護,下松市瑞穂町2－21－1,,34.024117,131.851822,0833-44-4515,,0833-44-4516,,医療法人社団 二三会,3570700108,,,,,
山口県,,山口県,,サンキ・ウエルビィ介護センター下松,サンキ・ウエルビィカイゴセンタークダマツ,訪問介護,下松市西豊井915－1,,34.013798,131.870422,0833-48-1235,,0833-48-1236,,サンキ・ウエルビィ株式会社,3570700330,,,,,
山口県,,山口県,,きくやヘルパーステーション,キクヤヘルパーステーション,訪問介護,下松市中島町2－1－50,,34.017719,131.86264,0833-45-1165,,0833-45-1112,,株式会社Ｍ．Ｃ．Ｓ．,3570700397,,,,,
山口県,,山口県,,ニチイケアセンター下松,ニチイケアセンタークダマツ,訪問介護,下松市せせらぎ町1－2－31,,34.014999,131.870285,0833-48-1080,,0833-48-1081,,株式会社 ニチイ学館,3570700454,,,,,
山口県,,山口県,,訪問介護 友遊,ホウモンカイゴ　ユウユウ,訪問介護,下松市河内中戸原1897,,34.012997,131.897705,0833-45-6501,,0833-43-6581,,有限会社 誠心会,3570700637,,,,,
山口県,,山口県,,訪問介護ステーション ブリスケア,ホウモンカイゴステーション ブリスケア,訪問介護,下松市望町1－11－28,,34.027889,131.861099,0833-48-1088,,0833-48-1089,,株式会社ブリスホーム,3570700652,,,,,
山口県,,山口県,,ヘルパーステーションねがい星,ヘルパーステーションネガイボシ,訪問介護,下松市東陽6－1－3,,34.031921,131.91394,0833-46-0015,,0833-46-0030,,株式会社ハーモニーケア,3570700843,,,,,
山口県,,山口県,,訪問介護事業所であい,ホウモンカイゴジギョウショデアイ,訪問介護,下松市河内1048－1,,34.012997,131.897705,0833-47-0001,,0833-47-0053,,医療法人創黎会,3570700900,,,,,
山口県,,山口県,,ヘルパーステーションＳａｎｋｏ,ヘルパーステーションＳａｎｋｏ,訪問介護,下松市瑞穂町4－16－16,,34.025043,131.846848,0833-48-8882,,0833-41-8200,,株式会社 Ｍ．Ｃ．Ｓ．,3570700975,,,,,
山口県,,山口県,,ＪＡ訪問介護ふれあい下松,ＪＡホウモンカイゴフレアイクダマツ,訪問介護,下松市河内1933－1,,34.021362,131.885986,0833-43-6620,,0833-43-6650,,ＪＡ協同サポート山口株式会社,3570700991,,,,,
山口県,,山口県,,指定訪問介護事業所げんき,シテイホウモンカイゴジギョウショゲンキ,訪問介護,下松市西豊井1655－3,,34.018143,131.875214,0833-45-2200,,0833-45-2300,,株式会社つむぎ,3570701072,,,,,
山口県,,山口県,,訪問介護ステーションきょうとも,ホウモンカイゴステーションキョウトモ,訪問介護,下松市望町1－10－1,,34.027782,131.861771,0833-48-8633,,0833-48-6378,,株式会社ＫｙｏＴｏｍｏ,3570701189,,,,,
山口県,,山口県,,松寿苑ホームヘルパーステーション,ショウジュエンホームヘルパーステーション,訪問介護,下松市来巻944－1,,34.014561,131.923477,0833-47-0753,,0833-47-1229,,社会福祉法人 幸洋福祉会,3570701205,,,,,
山口県,,山口県,,えむ訪問介護事業所,エムホウモンカイゴジギョウショ,訪問介護,下松市古川町4－4－12ゆうきビル3Ｆ,,34.005859,131.87085,0833-44-9830,,0833-48-8652,,エムケア株式会社,3571501893,,,,,
山口県,,山口県,,ニチイケアセンター光,ニチイケアセンターヒカリ,訪問介護,光市木園1－5－32,,33.978184,131.929779,0833-74-2888,,0833-74-2891,,株式会社 ニチイ学館,3571000177,,,,,
山口県,,山口県,,光富士白苑訪問介護事業所,ヒカリフジシロエンホウモンカイゴジギョウショ,訪問介護,光市虹ヶ浜2－5－12,,33.96899,131.918381,0833-72-6013,,0833-72-6068,,社会福祉法人 光富士白苑,3571000201,,,,,
山口県,,山口県,,ヘルパーステーションおりづる,ヘルパーステーションオリヅル,訪問介護,光市三井6－15－5,,33.989334,131.954361,0833-76-1231,,0833-77-4228,,有限会社生活サポーターおりづる,3571000326,,,,,
山口県,,山口県,,社会福祉法人光市社会福祉協議会訪問介護事業所,シャカイフクシホウジンヒカリシシャカイフクシキョウギカイホウモンカイゴジギョウショ,訪問介護,光市光井2－2－1　光市総合福祉センターあいぱーく光内,,33.952576,131.953812,0833-74-3022,,0833-74-3073,,社会福祉法人光市社会福祉協議会,3571000367,,,,,
山口県,,山口県,,ヘルパーステーション周防長養園,ヘルパーステーションスオウチョウヨウエン,訪問介護,光市立野717,,34.008591,131.973251,0833-77-0096,,0833-77-2855,,社会福祉法人慈光会,3571000466,,,,,
山口県,,山口県,,やまびこヘルパーステーション,ヤマビコヘルパーステーション,訪問介護,光市三輪780－2,,33.980217,132.003204,0820-49-3255,,0820-48-6000,,合同会社 やまびこ,3571000656,,,,,
山口県,,山口県,,訪問介護事業所ひだまりの家,ホウモンカイゴジギョウショヒダマリノイエ,訪問介護,光市三井8－6－14,,33.989334,131.958344,0833-76-0182,,0833-76-0183,,株式会社 ひだまりの家,3571000664,,,,,
山口県,,山口県,,訪問介護ステーション幸せます山口,ホウモンカイゴステーションシアワセマスヤマグチ,訪問介護,光市島田2－8－1,,33.973152,131.933273,0833-48-9798,,0833-48-9849,,合同会社ライズフィールド,3571000730,,,,,
山口県,,山口県,,指定訪問介護事業所ほっとはーと,シテイホウモンカイゴジギョウショ ホットハート,訪問介護,光市虹ケ浜1－1－10,,33.973976,131.920197,0833-48-7165,,0833-48-7155,,株式会社Ｓ．Ｋ．Ｇ,3571000854,,,,,
山口県,,山口県,,有限会社 介護舎,ユウゲンガイシャ　カイゴヤ,訪問介護,光市虹ヶ丘4－33－16,,33.978321,131.91037,0833-48-8533,,0833-48-8533,,有限会社 介護舎,3571000896,,,,,
山口県,,山口県,,土屋訪問介護事業所光センター,ツチヤホウモンカイゴジギョウショヒカリセンター,訪問介護,光市光井4－27－27,,33.955299,131.953049,0833-72-3700,,0833-72-2220,,光徳産業株式会社,3571000938,,,,,
山口県,,山口県,,徳山医師会訪問介護事業所,トクヤマイシカイホウモンカイゴジギョウショ,訪問介護,周南市東山町6－28,,34.049595,131.816147,0834-31-6875,,0834-32-9048,,一般社団法人 徳山医師会,3570500169,,,,,
山口県,,山口県,,やすらぎ苑訪問介護事業所,ヤスラギエンホウモンカイゴジギョウショ,訪問介護,周南市湯野158,,34.097805,131.684372,0834-83-3711,,0834-83-3438,,社会福祉法人 仁泉会,3570500235,,,,,
山口県,,山口県,,ニチイケアセンター徳山,ニチイケアセンタートクヤマ,訪問介護,周南市城ケ丘3－15－11,,34.041416,131.841873,0834-39-0461,,0834-39-0463,,株式会社 ニチイ学館,3570500243,,,,,
山口県,,山口県,,サンキ・ウエルビィ介護センター徳山,サンキ・ウエルビィカイゴセンタートクヤマ,訪問介護,周南市五月町7－10,,34.037788,131.828995,0834-27-6057,,0834-27-6095,,サンキ・ウエルビィ株式会社,3570500367,,,,,
山口県,,山口県,,やまなみ荘在宅介護支援センター,ヤマナミソウザイタクカイゴシエンセンター,訪問介護,周南市鹿野上2755－1,,34.253082,131.853287,0834-68-4183,,0834-68-4101,,社会福祉法人 鹿野福祉会,3577400041,,,,,
山口県,,山口県,,あい・周南ケアセンター,アイ・シュウナンケアセンター,訪問介護,周南市秋月1－1－10,,34.054001,131.824753,0834-39-0506,,0834-39-0507,,有限会社 あい,3570500565,,,,,
山口県,,山口県,,友愛園訪問介護事業所,ユウアイエンホウモンカイゴジギョウショ,訪問介護,周南市須々万本郷29－2,,34.112503,131.864151,0834-88-2346,,0834-88-2769,,社会福祉法人 緑山会,3571500085,,,,,
山口県,,山口県,,ニチイケアセンター周南,ニチイケアセンターシュウナン,訪問介護,周南市河東町9－20－Ｂ,,34.046501,131.812469,0834-27-5330,,0834-22-3340,,株式会社 ニチイ学館,3570500417,,,,,
山口県,,山口県,,ニチイケアセンター菊川,ニチイケアセンターキクガワ,訪問介護,周南市下上字向土井644－1,,34.086124,131.778992,0834-61-2800,,0834-61-2811,,株式会社 ニチイ学館,3570500441,,,,,
山口県,,山口県,,訪問介護ステーションつるの恩がえし,ホウモンカイゴステーションツルノオンガエシ,訪問介護,周南市八代1029,,34.094254,131.945099,0833-91-6866,,0833-91-6841,,株式会社わが家,3571500788,,,,,
山口県,,山口県,,訪問介護事業所元気村,ホウモンカイゴジギョウショゲンキムラ,訪問介護,周南市湯野字向山109－22,,34.108093,131.6716,0834-82-0001,,0834-82-0011,,医療法人社団生和会,3571500838,,,,,
山口県,,山口県,,ヘルパーステーションこもれび,ヘルパーステーションコモレビ,訪問介護,周南市城ケ丘4－3536－1,,34.044868,131.844788,0834-33-8788,,0834-34-1812,,エポックワン 有限会社,3571500929,,,,,
山口県,,山口県,,訪問介護事業所なごやか熊毛,ホウモンカイゴジギョウショナゴヤカクマゲ,訪問介護,周南市高水原2－7－27,,34.053696,131.973358,0833-92-0600,,0833-92-0601,,医療法人社団 生和会,3571500937,,,,,
山口県,,山口県,,サンキ・ウエルビィ介護センター新南陽,サンキ・ウエルビィカイゴセンターシンナンヨウ,訪問介護,周南市政所2－7－20,,34.073616,131.768158,0834-34-3260,,0834-63-3336,,サンキ・ウェルビィ株式会社,3571501034,,,,,
山口県,,山口県,,訪問介護事業所 きらきら星,ホウモンカイゴジギョウショ キラキラボシ,訪問介護,周南市川崎3－19－24,,34.07037,131.781601,0834-34-0034,,0834-34-0033,,株式会社ケイエイコーポレーション,3571501182,,,,,
山口県,,山口県,,訪問介護事業所ウェル周南,ホウモンカイゴジギョウショウェルシュウナン,訪問介護,周南市樋口605－1,,34.071499,131.978302,0833-91-1733,,0833-91-3383,,株式会社リエール,3571501265,,,,,
山口県,,山口県,,さわやか訪問介護事業所,サワヤカホウモンカイゴジギョウショ,訪問介護,周南市下上133－18,,34.088493,131.787033,0834-61-0577,,0834-61-0578,,有限会社フジアート,3571501372,,,,,
山口県,,山口県,,ヘルパーステーション つむぐ,ヘルパーステーション ツムグ,訪問介護,周南市周陽2－2－55周南アパート103号室,,34.046692,131.83252,0834-39-6730,,0834-39-6731,,株式会社オールフレンズ山口,3570700983,,,,,
山口県,,山口県,,ＪＡ訪問介護ふれあい新南陽,ＪＡホウモンカイゴフレアイシンナンヨウ,訪問介護,周南市清水1－12－7,,34.070591,131.767365,0834-62-7013,,0834-62-8013,,ＪＡ協同サポート山口株式会社,3571501422,,,,,
山口県,,山口県,,ＪＡ訪問介護ふれあい徳山,ＪＡホウモンカイゴフレアイトクヤマ,訪問介護,周南市徳山5825－8,,34.059551,131.81546,0834-27-2950,,0834-27-2951,,ＪＡ協同サポート山口株式会社,3571501430,,,,,
山口県,,山口県,,訪問介護 湯野温泉,ホウモンカイゴ ユノオンセン,訪問介護,周南市湯野4203－6,,34.094482,131.675171,0834-82-1001,,0834-82-1002,,医療法人 治徳会,3571501547,,,,,
山口県,,山口県,,訪問介護ステーション鹿野博愛,ホウモンカイゴステーションカノハクアイ,訪問介護,周南市鹿野下1161－1,,34.210499,131.825378,0834-68-2233,,0834-68-3522,,医療法人緑山会,3571501596,,,,,
山口県,,山口県,,合同会社 ほっこり,ゴウドウガイシャ ホッコリ,訪問介護,周南市孝田町5－6サニーシックスセンター4号室,,34.047508,131.83667,0834-51-4025,,0834-28-3344,,合同会社 ほっこり,3571501687,,,,,
山口県,,山口県,,訪問介護ステーション ナナイロ,ホウモンカイゴステーション ナナイロ,訪問介護,周南市徳山5529,,34.062962,131.824585,0834-21-2424,,0834-21-2121,,株式会社ネクストウイル,3571501794,,,,,
山口県,,山口県,,ニチイケアセンター湯野,ニチイケアセンターユノ,訪問介護,周南市湯野3848－3,,34.097805,131.684372,0834-82-0022,,0834-83-4060,,株式会社ニチイ学館,3571501844,,,,,
山口県,,山口県,,ニチイケアセンター須々万,ニチイケアセンターススマ,訪問介護,周南市須々万本郷353－12,,34.112503,131.864151,0834-87-2643,,0834-88-1912,,株式会社ニチイ学館,3571501851,,,,,
山口県,,山口県,,ヘルパーステーションクローネ中須,ヘルパーステーションクローネナカス,訪問介護,周南市中須南2553－13,,34.107216,131.916412,0834-89-5100,,0834-89-5111,,株式会社クローネ山口,3571501869,,,,,
山口県,,山口県,,訪問介護事業所ひまわり三丘,ホウモンカイゴジギョウショヒマワリミツオ,訪問介護,周南市安田101,,34.045544,131.972031,0833-48-9986,,0833-48-9986,,合同会社ひまわり,3571501877,,,,,
山口県,,山口県,,訪問介護事業所きさんの里,ホウモンカイゴジギョウショキサンノサト,訪問介護,周南市五月町12－1,,34.036488,131.831451,0834-33-9901,,0834-33-9902,,周南地区福祉施設組合,3571501901,,,,,
山口県,,山口県,,徳山病院訪問介護ステーションオリーブ,トクヤマビョウインホウモンカイゴステーションオリーブ,訪問介護,周南市南浦山町5－14,,34.069366,131.788071,0834-34-1550,,0834-34-1512,,医療法人周友会,3571501919,,,,,
山口県,,山口県,,社会福祉法人防府市社会福祉事業団 ホームヘルパーセンター,シャカイフクシホウジンホウフシシャカイフクシジギョウダン ホームヘルパーセンター,訪問介護,防府市天神1－6－20,,34.055134,131.574127,0835-27-0210,,0835-23-3801,,社会福祉法人 防府市社会福祉事業団,3570600100,,,,,
山口県,,山口県,,有限会社 防府ケア・サービス,ユウゲンガイシャ ホウフケア・サービス,訪問介護,防府市警固町2－6－10,,34.050804,131.584091,0835-22-2021,,0835-28-0166,,有限会社 防府ケア・サービス,3570600126,,,,,
山口県,,山口県,,サンキ・ウエルビィ介護センター防府,サンキ・ウエルビィカイゴセンターホウフ,訪問介護,防府市新田600－5,,34.034271,131.567184,0835-27-0677,,0835-27-0688,,サンキ・ウエルビィ株式会社,3570600407,,,,,
山口県,,山口県,,ヘスティア華城ヘルパーステーション,ヘスティアハナギヘルパーステーション,訪問介護,防府市伊佐江1039－1,,34.039661,131.544266,0835-27-1133,,0835-27-1135,,社会福祉法人 華世会,3570600415,,,,,
山口県,,山口県,,防府あかり園訪問介護事業所,ホウフアカリエンホウモンカイゴジギョウショ,訪問介護,防府市台道1655,,34.069256,131.492813,0835-32-0886,,0835-32-1839,,社会福祉法人 博愛会,3570602304,,,,,
山口県,,山口県,,コミュニティケア防府 ヘルパー部,コミュニティケアホウフ ヘルパーブ,訪問介護,防府市栄町1－10－20,,34.056244,131.571518,0835-28-0330,,0835-38-6660,,有限会社 コミュニティケア防府,3570600613,,,,,
山口県,,山口県,,まめ舎 ヘルパーステーション,マメジャ　ヘルパーステーション,訪問介護,防府市新田672,,34.032585,131.563004,0835-26-1134,,0835-26-0307,,社会福祉法人 敬天会,3570600696,,,,,
山口県,,山口県,,特定非営利活動法人 さわやか防府,トクテイヒエイリカツドウホウジン サワヤカボウフ,訪問介護,防府市中西29－7－2階,,34.061436,131.603973,0835-28-8171,,0835-28-8171,,特定非営利活動法人 さわやか防府,3570600753,,,,,
山口県,,山口県,,ヘルパーステーションスマイルネット防府,ヘルパーステーションスマイルネットホウフ,訪問介護,防府市佐野152－1,,34.057476,131.518448,0835-27-6700,,0835-27-6560,,社会福祉法人ひとつの会,3570600886,,,,,
山口県,,山口県,,きんこうホームヘルパーステーション,キンコウホームヘルパーステーション,訪問介護,防府市田島433,,34.023891,131.552292,0835-20-1130,,0835-20-1118,,社会福祉法人防府滋光会,3570600928,,,,,
山口県,,山口県,,ヘルパーステーション ホットライフサポート,ヘルパーステーション ホットライフサポート,訪問介護,防府市田島3379－1,,34.007374,131.527054,0835-29-0009,,0835-29-2289,,有限会社 白井興産,3570601132,,,,,
山口県,,山口県,,娑羅樹 ヘルパーステーション,サラジュ　ヘルパーステーション,訪問介護,防府市新田776－5,,34.031162,131.563324,0835-27-0312,,0835-27-0313,,株式会社 娑羅樹,3570601173,,,,,
山口県,,山口県,,株式会社ピーエー ヘルパーステーションゆうの風三田尻,カブシキガイシャピーエー ヘルパーステーションユウノカゼミタジリ,訪問介護,防府市警固町1－6－39,,34.049969,131.57872,0835-28-0069,,0835-22-6206,,株式会社ピーエー,3570601181,,,,,
山口県,,山口県,,さんコープ・防府,サンコープ・ホウフ,訪問介護,防府市八王子1－16－2,,34.055336,131.568466,0835-26-0255,,0835-26-0254,,福祉生活協同組合さんコープ,3570601231,,,,,
山口県,,山口県,,ふくしサービスセンターわかば,フクシサービスセンターワカバ,訪問介護,防府市植松1894－2,,34.046558,131.523209,0835-23-6764,,0835-23-6739,,社会福祉法人 グリーンコープ,3570601264,,,,,
山口県,,山口県,,訪問介護ステーション オールケアー,ホウモンカイゴステーション オールケアー,訪問介護,防府市沖今宿1－18－20,,34.048538,131.599991,0835-27-2826,,0835-27-2827,,株式会社 オールケアー,3570601314,,,,,
山口県,,山口県,,ヘルパーステーションえがおの森,ヘルパーステーションエガオノモリ,訪問介護,防府市仁井令668－2,,34.039726,131.557785,0835-28-8333,,0835-28-8331,,株式会社 アイピーアール,3570601363,,,,,
山口県,,山口県,,光山医院ヘルパーステーション,ミツヤマイインヘルパーステーション,訪問介護,防府市今市町21－15,,34.062954,131.565277,0835-20-2800,,0835-20-2801,,医療法人 光恵会,3570601413,,,,,
山口県,,山口県,,ニチイケアセンター周防,ニチイケアセンタースオウ,訪問介護,防府市三田尻3－6－35,,34.04393,131.577393,0835-27-1530,,0835-27-1760,,株式会社 ニチイ学館,3570601454,,,,,
山口県,,山口県,,ヘルパーステーションさやかの森,ヘルパーステーションサヤカノモリ,訪問介護,防府市岸津1－22－26　Ａ－101号,,34.055088,131.596161,0835-28-7666,,0835-28-7665,,合同会社 さやかの森,3570601462,,,,,
山口県,,山口県,,エルスマイル訪問介護事業所,エルスマイルホウモンカイゴジギョウショ,訪問介護,防府市岸津2－14－50,,34.051453,131.595993,0835-28-2299,,0835-28-2289,,株式会社 キャンズコーポレーション,3570601496,,,,,
山口県,,山口県,,医療法人 康淳会 ナーシングホーム緑町訪問介護,イリョウホウジン ヤスシジュンカイ ナーシングホームミドリマチホウモンカイゴ,訪問介護,防府市緑町1－7－61,,34.054153,131.577988,0835-20-1614,,0835-20-1678,,医療法人 康淳会,3570601546,,,,,
山口県,,山口県,,訪問介護ステーションふうき,ホウモンカイゴステーションフウキ,訪問介護,防府市国分寺町5－29,,34.06496,131.579437,0835-28-1970,,0835-28-1960,,株式会社富貴,3570601710,,,,,
山口県,,山口県,,訪問介護ステーションはぴね防府,ホウモンカイゴステーションハピネホウフ,訪問介護,防府市田島1460－4,,34.021721,131.54715,0835-26-5100,,0835-26-5080,,グリーンライフ株式会社,3570601835,,,,,
山口県,,山口県,,あんず訪問介護事業所,アンズホウモンカイゴジギョウショ,訪問介護,防府市新田問屋口1969,,34.029526,131.567734,0835-28-9396,,0835-28-9397,,ラビットテールズ株式会社,3570602031,,,,,
山口県,,山口県,,ライフケア高砂訪問介護事業所,ライフケアタカサゴホウモンカイゴジギョウショ,訪問介護,防府市上右田334,,34.096363,131.567978,0835-22-5551,,0835-22-5504,,社会福祉法人ライフケア高砂,3570602296,,,,,
山口県,,山口県,,ヘルパーステーション 天満,ヘルパーステーション　テンマン,訪問介護,防府市下右田363,,34.073227,131.5569,0835-28-1257,,0835-28-1258,,合同会社あんしん地域生活支援センター,3570602320,,,,,
山口県,,山口県,,岸津苑ホームヘルパーステーション,キシヅエンホームヘルパーステーション,訪問介護,防府市岸津2－24－20,,34.049118,131.593491,0835-28-1810,,0835-28-1820,,社会福祉法人周陽福祉会,3570602338,,,,,
山口県,,山口県,,ニチイケアセンター山口,ニチイケアセンターヤマグチ,訪問介護,山口市宮島町3－24,,34.167267,131.478897,083-934-5707,,083-934-5709,,株式会社ニチイ学館,3570300081,,,,,
山口県,,山口県,,日吉台ホームヘルパーステーション,ヒヨシダイホームヘルパーステーション,訪問介護,山口市陶3968,,34.101543,131.419495,083-973-2030,,083-973-8188,,社会福祉法人 山口向陽会,3570300099,,,,,
山口県,,山口県,,済生会山口地域ケアセンター在宅複合型施設やすらぎヘルパーステーション,サイセイカイヤマグチチイキケアセンターザイタクフクゴウガタシセツヤスラギヘルパーステーション,訪問介護,山口市朝倉町4－55－6,,34.175591,131.452347,083-924-6654,,083-924-7045,,社会福祉法人 恩賜財団済生会,3570300263,,,,,
山口県,,山口県,,山口あかり園訪問介護事業所,ヤマグチアカリエンホウモンカイゴジギョウショ,訪問介護,山口市黒川3363,,34.131638,131.438644,083-921-1618,,083-932-5370,,社会福祉法人 博愛会,3570300313,,,,,
山口県,,山口県,,ヘルパーステーションアーユス,ヘルパーステーションアーユス,訪問介護,山口市湯田温泉1－1－3,,34.166317,131.460419,083-941-5783,,083-941-5784,,医療法人 社団水生会,3570300404,,,,,
山口県,,山口県,,とくぢ苑ホームヘルプサービス,トクヂエンホームヘルプサービス,訪問介護,山口市徳地八坂1330,,34.223145,131.664078,0835-56-1810,,0835-56-1309,,社会福祉法人 佐波福祉会,3577500055,,,,,
山口県,,山口県,,佐々木在宅ケアセンター,ササキザイタクケアセンター,訪問介護,山口市泉都町9－7,,34.167152,131.461319,083-934-5032,,083-934-5033,,医療法人社団 曙会,3570300073,,,,,
山口県,,山口県,,さんコープ訪問介護 宮野,サンコープザイタクカイゴサービス,訪問介護,山口市桜畠2－2312－8,,34.192818,131.499619,083-934-9505,,083-934-9506,,福祉生活協同組合さんコープ,3570300636,,,,,
山口県,,山口県,,青藍会在宅医療支援センター新山口ヘルパーステーション,セイランカイザイタクイリョウシエンセンターシンヤマグチヘルパーステーション,訪問介護,山口市小郡平成町1－18,,34.088314,131.400269,083-976-2400,,083-976-2403,,社会福祉法人 青藍会,3570300792,,,,,
山口県,,山口県,,ヘルパーステーションほーゆう,ヘルパーステーションホーユウ,訪問介護,山口市秋穂東1822,,34.025517,131.464005,083-984-5373,,083-984-3783,,有限会社ほ－ゆう,3577600376,,,,,
山口県,,山口県,,山口市社会福祉協議会南部訪問介護事業所,ヤマグチシシャカイフクシキョウギカイナンブホウモンカイゴジギョウショ,訪問介護,山口市小郡下郷1437－6,,34.101479,131.400833,083-941-5888,,083-976-8707,,社会福祉法人山口市社会福祉協議会,3570301139,,,,,
山口県,,山口県,,サクラ介護事業所,サクラカイゴジギョウショ,訪問介護,山口市桜畠6－7－15,,34.19709,131.497742,083-932-1165,,083-932-0165,,有限会社 サクラ介護事業所,3570301246,,,,,
山口県,,山口県,,山口市阿東老人ホーム 訪問介護事業所,ヤマグチシアトウロウジンホーム ホウモンカイゴジギョウショ,訪問介護,山口市阿東生雲中300,,34.361622,131.589584,083-954-0120,,083-954-0151,,社会福祉法人 あんずの里,3578100509,,,,,
山口県,,山口県,,済生会山口地域ケアセンター居宅介護サービス複合施設にほ苑 訪問介護事業所,サイセイカイヤマグチチイキケアセンターキョタクカイゴサービスフクゴウシセツニホエン ホウモンカイゴジギョウショ,訪問介護,山口市仁保中郷988－1,,34.199314,131.576553,083-929-5082,,083-929-0558,,社会福祉法人 恩賜財団済生会,3570301477,,,,,
山口県,,山口県,,サンキ・ウエルビィ介護センター山口,サンキ・ウエルビィカイゴセンターヤマグチ,訪問介護,山口市維新公園3－12－15,,34.153236,131.438477,083-921-8601,,083-921-8602,,サンキ・ウエルビィ株式会社,3570301501,,,,,
山口県,,山口県,,２４時間介護サービスまごころ,２４ジカンカイゴサービスマゴコロ,訪問介護,山口市大内長野鍛冶屋208,,34.160595,131.526459,083-927-8170,,083-902-8775,,株式会社 まごころ,3570301550,,,,,
山口県,,山口県,,明日葉ヘルパーステーション,アシタバヘルパーステーション,訪問介護,山口市阿知須102－7,,34.016357,131.343506,0836-39-6777,,0836-39-6811,,株式会社 大樹,3570301576,,,,,
山口県,,山口県,,相川医院ヘルパーステーション,アイカワイインヘルパーステーション,訪問介護,山口市鋳銭司5963－1,,34.084579,131.443588,083-985-0173,,083-986-2145,,医療法人 相川医院,3570301717,,,,,
山口県,,山口県,,山口市社会福祉協議会 あとう訪問介護事業所,ヤマグチシシャカイフクシキョウギカイ アトウホウモンカイゴジギョウショ,訪問介護,山口市阿東地福上1697,,34.378544,131.662231,083-952-0250,,083-952-0690,,社会福祉法人山口市社会福祉協議会,3570301758,,,,,
山口県,,山口県,,アス・ヘルパーステーション,アス・ヘルパーステーション,訪問介護,山口市大市町3－12,,34.179607,131.480286,083-902-6667,,083-902-6664,,社会福祉法人 アス・ライフ,3570301808,,,,,
山口県,,山口県,,ヘルパーステーションすこやか,ヘルパーステーションスコヤカ,訪問介護,山口市阿知須4724－1,,34.016357,131.343506,0836-66-3011,,0836-66-3022,,有限会社 エム・エッチ・ティー企画,3570301964,,,,,
山口県,,山口県,,ライフケアステーション,ライフケアステーション,訪問介護,山口市黒川81－2,,34.13689,131.431122,083-941-6100,,083-941-6110,,山陽メディカルケア株式会社,3570302103,,,,,
山口県,,山口県,,サンキ・ウエルビィ介護センター小郡,サンキ・ウエルビィカイゴセンターオゴオリ,訪問介護,山口市小郡下郷217－1,,34.096996,131.395416,083-976-8228,,083-972-2229,,サンキ・ウエルビィ株式会社,3570302129,,,,,
山口県,,山口県,,はるかぜヘルパーステーション,ハルカゼヘルパーステーション,訪問介護,山口市嘉川4471,,34.064732,131.371048,083-988-0030,,083-988-0031,,医療法人 真人会,3570302236,,,,,
山口県,,山口県,,ケアライフ小鯖ヘルパーステーション,ケアライフオサバヘルパーステーション,訪問介護,山口市下小鯖520,,34.14901,131.529938,083-941-1765,,083-941-1766,,有限会社ベストライフ,3570302319,,,,,
山口県,,山口県,,訪問介護むっちゃん方,ホウモンカイゴムッチャンカタ,訪問介護,山口市徳地島地590－2,,34.16304,131.691879,0835-54-0505,,0835-54-0305,,株式会社むっちゃん方,3570302327,,,,,
山口県,,山口県,,訪問介護事業所きんもくせい,ホウモンカイゴジギョウショキンモクセイ,訪問介護,山口市大内御堀4331－23,,34.126366,131.497253,083-941-3800,,083-941-3801,,株式会社きんもくせい,3570302368,,,,,
山口県,,山口県,,たみちゃんヘルパーステーション,タミチャンヘルパーステーション,訪問介護,山口市大内御堀3616－1,,34.139099,131.499954,083-941-6565,,083-941-6565,,株式会社 正喜,3570302384,,,,,
山口県,,山口県,,マザーベル湯田温泉,マザーベルユダオンセン,訪問介護,山口市湯田温泉4－3－15,,34.165436,131.455093,083-902-8080,,083-902-8155,,株式会社山口福祉サービス,3570302418,,,,,
山口県,,山口県,,ライフケアステーションあじす,ライフケアステーションアジス,訪問介護,山口市阿知須浜表南5312－1,,34.012192,131.340317,0836-65-0303,,0836-65-0305,,山陽メディカルケア株式会社,3570302442,,,,,
山口県,,山口県,,ニチイケアセンター郷,ニチイケアセンターゴウ,訪問介護,山口市小郡下郷2203－1,,34.099152,131.390854,083-974-6455,,083-974-6456,,株式会社ニチイ学館,3570302566,,,,,
山口県,,山口県,,らしく,ラシク,訪問介護,山口市熊野町4－39,,34.167789,131.46019,083-920-3340,,083-922-3350,,合同会社らしく,3570302806,,,,,
山口県,,山口県,,光山医院山口ヘルパーステーション,ミツヤマイインヤマグチヘルパーステーション,訪問介護,山口市矢原町7－18,,34.156242,131.452179,083-933-6220,,083-933-6221,,医療法人光恵会,3570302913,,,,,
山口県,,山口県,,ヘルパーステーションおおうち,ヘルパーステーションオオウチ,訪問介護,山口市大内千坊6－11－2,,34.15773,131.493301,083-941-6170,,083-941-6188,,医療法人健伸会おおうちクリニック,3570303002,,,,,
山口県,,山口県,,まごろんヘルパーステーション,マゴロンヘルパーステーション,訪問介護,山口市江崎2471－8,,34.061832,131.354065,083-988-1155,,083-988-1156,,医療法人 真人会,3570303143,,,,,
山口県,,山口県,,ケアホーム小郡ヘルパーステーション,ケアホームオゴオリヘルパーステーション,訪問介護,山口市小郡新町2－10－21,,34.114468,131.396133,083-974-5111,,083-974-5112,,医療法人社団山岸内科,3570303333,,,,,
山口県,,山口県,,特定非営利活動法人介護派遣センターライフライン山口,トクテイヒエイリカツドウホウジンカイゴハケンセンターライフラインヤマグチ,訪問介護,山口市吉田2804,,34.140472,131.46669,083-932-8614,,083-932-8614,,特定非営利活動法人介護派遣センターライフライン山口,3570303341,,,,,
山口県,,山口県,,あやめケアサポート,アヤメケアサポート,訪問介護,山口市宮野下2987－17,,34.201088,131.503372,083-902-1890,,083-902-1891,,株式会社フクシコーポレーション,3570303440,,,,,
山口県,,山口県,,みんなのふるさと訪問介護事業所,ミンナノフルサトホウモンカイゴジギョウショ,訪問介護,山口市小郡下郷251－9,,34.107044,131.401932,083-902-5851,,083-902-5852,,特定非営利活動法人みんなのふるさと,3570303465,,,,,
山口県,,山口県,,瀬戸内ヘルパーステーションあいお,セトウチヘルパーステーションアイオ,訪問介護,山口市秋穂東2260－7,,34.020008,131.461304,083-984-8500,,083-984-8501,,株式会社エルクラフト,3570303515,,,,,
山口県,,山口県,,ツクイ山口,ツクイヤマグチ,訪問介護,山口市大内御堀6－2－5,,34.16486,131.485657,083-934-7225,,083-934-7234,,株式会社ツクイ,3570303614,,,,,
山口県,,山口県,,ヨシヤ徳地,ヨシヤトクヂ,訪問介護,山口市徳地堀3939－1,,34.189011,131.636612,0835-52-0200,,0835-52-1577,,株式会社ヨシヤ,3570303648,,,,,
山口県,,山口県,,福祉サービスリズム,フクシサービスリズム,訪問介護,山口市吉田2477－18,,34.136528,131.469482,083-981-4683,,083-996-4539,,合同会社福祉サービスリズム,3570303713,,,,,
山口県,,山口県,,介護西京,カイゴサイキョウ,訪問介護,山口市泉都町3－1,,34.16795,131.465073,083-921-9127,,083-921-9128,,有限会社エイ・エム・イー,3570303754,,,,,
山口県,,山口県,,ポラスケア介護ステーション,ポラスケアカイゴステーション,訪問介護,山口市湯田温泉1－1－7,,34.166039,131.460678,083-902-5551,,083-902-5550,,株式会社アドバンス,3570303796,,,,,
山口県,,山口県,,ヘルパーステーション花咲美,ヘルパーステーションカザミ,訪問介護,山口市矢田北6－4－26,,34.150673,131.445938,083-941-1288,,083-941-1289,,有限会社 花咲美,3570303804,,,,,
山口県,,山口県,,アネシス,アネシス,訪問介護,山口市朝田337－11,,34.144974,131.441284,083-929-6517,,083-929-6518,,株式会社一代,3570303820,,,,,
山口県,,山口県,,訪問介護事業所ここれ,ホウモンカイゴジギョウショココレ,訪問介護,山口市楠木町8－18－105,,34.172283,131.453949,083-923-5881,,083-923-5881,,合同会社ＫＳＲ,3570303838,,,,,
山口県,,山口県,,訪問介護センターながさわ,ホウモンカイゴセンターナガサワ,訪問介護,山口市鋳銭司3381,,34.076084,131.461548,083-986-3711,,083-985-1221,,医療法人和同会,3570303853,,,,,
山口県,,山口県,,月之國,ツキノクニ,訪問介護,山口市下小鯖2098－2－106,,34.138912,131.523804,083-981-0009,,083-963-4214,,合同会社ＮＯＦＡ Ｓ,3570303861,,,,,
山口県,,山口県,,指定訪問介護ヘルパーステーションほほえみ,シテイホウモンカイゴヘルパーステーションホホエミ,訪問介護,宇部市寿町3－3－25,,33.950615,131.253098,0836-32-8378,,0836-37-6177,,株式会社 レナール,3570200158,,,,,
山口県,,山口県,,株式会社 河村福祉サービス,カブシキガイシャ カワムラフクシサービス,訪問介護,宇部市川上720－9,,33.982861,131.273453,0836-37-0007,,0836-37-0388,,株式会社 河村福祉サービス,3570200166,,,,,
山口県,,山口県,,ニチイケアセンター西岐波,ニチイケアセンターニシキワ,訪問介護,宇部市西岐波浜田1545－1,,33.969315,131.307983,0836-54-0582,,0836-54-0585,,株式会社 ニチイ学館,3570200190,,,,,
山口県,,山口県,,宇部あかり園訪問介護事業所,ウベアカリエンホウモンカイゴジギョウショ,訪問介護,宇部市西岐波岩上229－105,,33.969315,131.307983,0836-51-1616,,0836-51-6325,,社会福祉法人 博愛会,3570200216,,,,,
山口県,,山口県,,神原苑ホームヘルパーステーション,カミハラエンホームヘルパーステーション,訪問介護,宇部市神原町2－4－40,,33.948448,131.260391,0836-35-5555,,0836-35-5685,,社会福祉法人 神原苑,3570200307,,,,,
山口県,,山口県,,さるびあヘルパーステーション,サルビアヘルパーステーション,訪問介護,宇部市浜町2－1－3,,33.964874,131.238449,0836-36-1173,,0836-36-1174,,医療法人 博愛会,3570200323,,,,,
山口県,,山口県,,むべの里在宅福祉サービスセンター上宇部,ムベノサトザイタクフクシサービスセンターカミウベ,訪問介護,宇部市中村2－7－43,,33.962955,131.261032,0836-35-8348,,0836-21-5253,,社会福祉法人 むべの里光栄,3570200513,,,,,
山口県,,山口県,,ヘルパーステーションはばたき,ヘルパーステーションハバタキ,訪問介護,宇部市五十目山町16－41－1シティハイムＦⅠ－Ｃ,,33.937408,131.265778,0836-33-6234,,0836-33-6235,,医療生活協同組合 健文会,3570200562,,,,,
山口県,,山口県,,宇部西ヘルパーステーション,ウベニシヘルパーステーション,訪問介護,宇部市際波287－1,,33.996155,131.224411,0836-45-1221,,0836-45-1224,,医療法人 和同会,3570200810,,,,,
山口県,,山口県,,神原苑上宇部ホームヘルパーステーション,カミハラエンカミウベホームヘルパーステーション,訪問介護,宇部市宮地町5－40,,33.965214,131.257324,0836-36-8540,,0836-35-5685,,社会福祉法人 神原苑,3570200844,,,,,
山口県,,山口県,,ケアセンター共生,ケアセンターキョウセイ,訪問介護,宇部市中央町3－2－7,,33.954624,131.24176,0836-29-6192,,0836-29-6193,,特定非営利活動法人 きょう・生,3570200935,,,,,
山口県,,山口県,,フレンドサービス,フレンドサービス,訪問介護,宇部市中宇部1964,,33.976761,131.251633,0836-33-7093,,0836-33-7091,,有限会社 フレンドサービス,3570200968,,,,,
山口県,,山口県,,あさがおケアステーション宇部,アサガオケアステーションウベ,訪問介護,宇部市東岐波405－1,,33.989086,131.351334,0836-58-0942,,0836-59-1469,,有限会社 下山,3570201123,,,,,
山口県,,山口県,,ニチイケアセンター厚南,ニチイケアセンターコウナン,訪問介護,宇部市妻崎開作113－3,,33.978024,131.216476,0836-45-0038,,0836-44-1278,,株式会社 ニチイ学館,3570201362,,,,,
山口県,,山口県,,ろしゅうケアセンター集いの家,ロシュウケアセンターツドイノイエ,訪問介護,宇部市南小羽山町1－9－16,,33.972996,131.255661,0836-31-4050,,0836-31-4050,,有限会社 ろしゅう,3570201636,,,,,
山口県,,山口県,,ヘルパーステーション 宇部あいおい苑,ヘルパーステーション　ウベアイオイエン,訪問介護,宇部市恩田町3－8－1,,33.947147,131.265594,0836-34-4515,,0836-34-2100,,社会福祉法人 ひとつの会,3570201750,,,,,
山口県,,山口県,,きわなみヘルパーステーション,キワナミヘルパーステーション,訪問介護,宇部市際波726－3,,33.99469,131.222946,0836-39-3303,,0836-39-3265,,株式会社 きわなみ,3570201842,,,,,
山口県,,山口県,,ヘルパーステーション未来,ヘルパーステーションミライ,訪問介護,宇部市船木1016－1,,34.052166,131.207214,0836-39-6702,,0836-39-6703,,株式会社 愛優会,3570201891,,,,,
山口県,,山口県,,ヘルパーステーションフィットケア,ヘルパーステーションフィットケア,訪問介護,宇部市西岐波315－50,,33.9715,131.292786,0836-38-6700,,0836-38-6701,,合同会社 タカタ,3570201933,,,,,
山口県,,山口県,,ヘルパーステーション きゅあ,ヘルパーステーション キュア,訪問介護,宇部市小野8265－1,,34.115211,131.320633,0836-64-5050,,0836-64-5051,,有限会社 いのうえ,3570201990,,,,,
山口県,,山口県,,さんコープ・宇部 訪問介護事業所,サンコープ・ウベ ホウモンカイゴジギョウショ,訪問介護,宇部市上宇部黒岩75,,33.992851,131.258057,0836-35-7207,,0836-37-6173,,福祉生活協同組合 さんコープ,3570202113,,,,,
山口県,,山口県,,さくら訪問介護ステーション,サクラホウモンカイゴステーション,訪問介護,宇部市常盤町1－3－5,,33.951759,131.248779,0836-39-8141,,0836-39-8142,,株式会社ホームヘルパーさくら,3570202337,,,,,
山口県,,山口県,,サンキ・ウエルビィ介護センター宇部,サンキ・ウエルビィカイゴセンターウベ,訪問介護,宇部市南浜町2－9－15　田坂ビル1Ｆ,,33.966099,131.232056,0836-39-5277,,0836-31-0507,,サンキ・ウエルビィ株式会社,3570202410,,,,,
山口県,,山口県,,ヘルパーステーション アポロ,ヘルパーステーション アポロ,訪問介護,宇部市中宇部1858－30,,33.977917,131.252457,0836-37-0070,,0836-37-0071,,山口アポロ石油株式会社,3570202709,,,,,
山口県,,山口県,,ヘルパーステーション「Ｅｎｊｙｕ」,ヘルパーステーション「Ｅｎｊｙｕ」,訪問介護,宇部市西岐波732－1,,33.965382,131.329224,0836-54-1070,,0836-51-3600,,医療法人 太白会,3570202758,,,,,
山口県,,山口県,,訪問介護ステーションのぞみ,ホウモンカイゴステーションノゾミ,訪問介護,宇部市寿町2－1－1,,33.953907,131.249954,0836-39-5920,,0836-39-5922,,株式会社ライフサポート,3570202782,,,,,
山口県,,山口県,,ヘルパーリード,ヘルパーリード,訪問介護,宇部市北琴芝2－17－18－5,,33.957874,131.256302,0836-43-7712,,0836-43-7713,,合同会社リード,3570202899,,,,,
山口県,,山口県,,ヘルパーステーションりんご,ヘルパーステーションリンゴ,訪問介護,宇部市開4－9－7,,33.9603,131.280289,0836-43-6226,,0836-43-7311,,株式会社姫先介護事業所,3570202972,,,,,
山口県,,山口県,,むべの里訪問介護事業所はぎわら,ムベノサトホウモンカイゴジギョウショハギワラ,訪問介護,宇部市今村北5－10－38,,33.961121,131.304749,0836-54-0661,,0836-54-0662,,社会福祉法人 むべの里光栄,3570203087,,,,,
山口県,,山口県,,むべの里訪問介護事業所東芝中,ムベノサトホウモンカイゴジギョウショヒガシシバナカ,訪問介護,宇部市東芝中町3－26,,33.940746,131.258469,0836-39-9007,,0836-37-0785,,社会福祉法人 むべの里光栄,3570203095,,,,,
山口県,,山口県,,シンプルケア宇部,シンプルケアウベ,訪問介護,宇部市東岐波水落1464－1,,33.980255,131.331787,0836-58-5511,,0836-58-5525,,株式会社カワムラ,3570203137,,,,,
山口県,,山口県,,なごみヘルパーステーション,ナゴミヘルパーステーション,訪問介護,宇部市草江2－5－6－1,,33.939045,131.275162,0836-35-7533,,0836-38-5800,,合同会社和の会,3570203160,,,,,
山口県,,山口県,,ヘルパーステーション夢,ヘルパーステーションユメ,訪問介護,宇部市西岐波1522－23,,33.964867,131.318619,0836-43-9010,,0836-43-9098,,西村ケアサービス合同会社,3570203228,,,,,
山口県,,山口県,,奏音ヘルパーステーション,カノンヘルパーステーション,訪問介護,宇部市中村2－7－5,,33.9641,131.262039,0836-38-7310,,0836-38-7320,,株式会社 奏音の郷,3570203277,,,,,
山口県,,山口県,,むべの里訪問介護事業所厚南,ムベノサトホウモンカイゴジギョウショコウナン,訪問介護,宇部市黒石北4－5－39,,33.986034,131.204865,0836-39-7316,,0836-39-7328,,社会福祉法人 むべの里光栄,3570203327,,,,,
山口県,,山口県,,セントヒルヘルパーこうなん,セントヒルヘルパーコウナン,訪問介護,宇部市妻崎開作108,,33.978737,131.217499,0836-38-8989,,0836-39-5504,,医療法人 聖比留会,3570203384,,,,,
山口県,,山口県,,ヘルパーステーションみのり,ヘルパーステーションミノリ,訪問介護,宇部市際波1704－1,,34.006313,131.219513,0836-44-6191,,0836-44-6199,,株式会社厚仁,3570203459,,,,,
山口県,,山口県,,ヘルパーステーション ケアヒルズ扶老会,ヘルパーステーション ケアヒルズフロウカイ,訪問介護,宇部市船木向ヒ833－3,,34.052166,131.207214,0836-69-0925,,0836-67-1413,,社会福祉法人 扶老会,3570203566,,,,,
山口県,,山口県,,ヘルパーステーション 縁,ヘルパーステーション エン,訪問介護,宇部市妻崎開作32－1,,33.982269,131.219681,0836-43-6326,,0836-43-6327,,株式会社 とい,3571600885,,,,,
山口県,,山口県,,訪問介護事業所ふるさと,ホウモンカイゴジギョウショフルサト,訪問介護,宇部市中村2－7－53,,33.963844,131.261261,0836-34-1599,,0836-38-5299,,特定非営利活動法人ふるさと,3570203707,,,,,
山口県,,山口県,,むべの里訪問介護事業所中山,ムベノサトホウモンカイゴジギョウショナカヤマ,訪問介護,宇部市中山字中堀1130－1,,33.985443,131.245743,0836-38-8800,,0836-38-8448,,社会福祉法人 むべの里光栄,3570203822,,,,,
山口県,,山口県,,むべの里訪問介護事業所東本町,ムベノサトホウモンカイゴヒガシホンマチ,訪問介護,宇部市東本町1－2－7,,33.948799,131.247253,0836-37-1515,,0836-31-6911,,社会福祉法人 むべの里光栄,3570203921,,,,,
山口県,,山口県,,介護ステーションすまいる,カイゴステーションスマイル,訪問介護,宇部市小串17－1,,33.966599,131.255051,0836-38-5355,,0836-38-5557,,有限会社トシプロジェクト,3570203962,,,,,
山口県,,山口県,,むべの里訪問介護事業所大小路,ムベノサトホウモンカイゴジギョウショオオショウジ,訪問介護,宇部市上宇部高田589－5,,33.992851,131.258057,0836-39-8822,,0836-37-6152,,社会福祉法人 むべの里光栄,3570204002,,,,,
山口県,,山口県,,ニチイケアセンター琴芝,ニチイケアセンターコトシバ,訪問介護,宇部市北琴芝2－7－6－101,,33.959038,131.260483,0836-37-0030,,0836-35-3013,,株式会社ニチイ学館,3570204010,,,,,
山口県,,山口県,,訪問介護ステーションりんく,ホウモンカイゴステーションリンク,訪問介護,宇部市海南町2－58－1オックスビル2階,,33.958942,131.260696,0836-39-7638,,0836-39-7639,,合同会社Ｌｉｎｋ,3570204044,,,,,
山口県,,山口県,,ヘルパーステーション幸,ヘルパーステーションサチ,訪問介護,宇部市東岐波3488－5,,33.984879,131.341644,0836-38-8225,,0836-38-8508,,株式会社ベストケア,3570204093,,,,,
山口県,,山口県,,シルバーサポートアスワン,シルバーサポートアスワン,訪問介護,宇部市あすとぴあ7－1－2,,33.980404,131.296555,0836-53-5558,,0836-53-5559,,社会福祉法人 アスワン山荘,3570204119,,,,,
山口県,,山口県,,むべの里訪問介護事業所輝き,ムベノサトホウモンカイゴジギョウショカガヤキ,訪問介護,宇部市厚南北3－1－20,,34.002327,131.213943,0836-38-8018,,0836-39-6344,,社会福祉法人 むべの里光栄,3570204366,,,,,
山口県,,山口県,,訪問介護セレクト,ホウモンカイゴセレクト,訪問介護,宇部市中村3－10－18－2－102,,33.961243,131.25824,0836-39-7564,,0836-39-5203,,合同会社ＳＥＬＥＣＴ,3570204374,,,,,
山口県,,山口県,,ヘルパーステーションずっと,ヘルパーステーションズット,訪問介護,宇部市錦町9－4,,33.945004,131.253265,0836-52-7267,,0836-52-7268,,特定非営利活動法人リアシエル,3570204390,,,,,
山口県,,山口県,,ヘルパーステーションいきいき参宮通り,ヘルパーステーションイキイキサングウドオリ,訪問介護,宇部市海南町16－27,,33.957767,131.260559,0836-21-2299,,0836-39-3262,,三和ヒューマンサポート株式会社,3570204440,,,,,
山口県,,山口県,,訪問介護事業所ケアタウン日の山,ホウモンカイゴジギョウショケアタウンヒノヤマ,訪問介護,宇部市東岐波1449－1,,33.980255,131.331787,0836-39-6656,,0836-39-6658,,社会福祉法人 むべの里光栄,3570204465,,,,,
山口県,,山口県,,株式会社ヒューマン２４,カブシキガイシャヒューマン２４,訪問介護,宇部市上野中町1－12－210,,33.954124,131.273972,0836-33-3838,,0836-33-3837,,株式会社ヒューマン２４,3570204473,,,,,
山口県,,山口県,,訪問介護事業所オパール光栄,ホウモンカイゴジギョウショオパールコウエイ,訪問介護,宇部市東岐波5860－10－1,,33.980255,131.331787,0836-39-7220,,0836-39-7221,,社会福祉法人むべの里光栄,3570204523,,,,,
山口県,,山口県,,ケアサービスオクト,ケアサービスオクト,訪問介護,宇部市西岐波5225－5,,33.968159,131.306702,0836-52-8767,,0836-52-8768,,株式会社オクト,3570204556,,,,,
山口県,,山口県,,助さん訪問介護事業所,スケサンホウモンカイゴジギョウショ,訪問介護,宇部市文京町2－9,,33.971302,131.232117,0836-39-9110,,0836-38-5182,,株式会社助さん,3570204572,,,,,
山口県,,山口県,,介護センターうさまま,カイゴセンターウサママ,訪問介護,宇部市東岐波4511－5　ハイムルーラルⅠ－102,,33.969646,131.344223,0836-52-8558,,0836-52-8557,,株式会社高井福祉,3570204580,,,,,
山口県,,山口県,,ケアステーションバンビ,ケアステーションバンビ,訪問介護,宇部市相生町6－5－802,,33.95322,131.245987,0836-43-7344,,0836-43-7347,,一般社団法人童仁会,3570204614,,,,,
山口県,,山口県,,訪問介護ステーションＯＮＥ,ホウモンカイゴステーションＯＮＥ,訪問介護,宇部市中央町2－3－3,,33.952698,131.243546,0836-93-1325,,0836-93-1325,,ライフケアサポートＯＮＥ合同会社,3570204622,,,,,
山口県,,山口県,,介護サービス ひまわり,カイゴサービス ヒマワリ,訪問介護,美祢市大嶺町東分349－5,,34.169037,131.206268,0837-52-2236,,0837-52-2236,,有限会社 セイユー,3571300189,,,,,
山口県,,山口県,,有限会社 ライフサポートどれみ,ユウゲンガイシャ ライフサポートドレミ,訪問介護,美祢市大嶺町東分3129－1,,34.181473,131.208405,0837-53-0886,,0837-52-9199,,有限会社ライフサポートどれみ,3571300544,,,,,
山口県,,山口県,,社会福祉法人美祢市社会福祉協議会 美祢事業所,シャカイフクシホウジンミネシシャカイフクシキョウギカイ　ミネジギョウショ,訪問介護,美祢市大嶺町東分320－1,,34.167782,131.208023,0837-52-5222,,0837-52-0529,,社会福祉法人 美祢市社会福祉協議会,3571300338,,,,,
山口県,,山口県,,社会福祉法人美祢市社会福祉協議会 美祢東事業所,シャカイフクシホウジン　ミネシシャカイフクシキョウギカイ　ミネヒガシジギョウショ,訪問介護,美祢市美東町大田5870－1,,34.232838,131.357422,08396-2-1133,,08396-2-2200,,社会福祉法人 美祢市社会福祉協議会,3571300346,,,,,
山口県,,山口県,,介護サポートなでしこ,カイゴサポートナデシコ,訪問介護,美祢市大嶺町東分来福台4－9－5,,34.184921,131.197723,0837-52-3077,,0837-52-3077,,株式会社 瞳,3571300395,,,,,
山口県,,山口県,,訪問介護 みとうの杜,ホウモンカイゴ ミトウノモリ,訪問介護,美祢市美東町真名11521－4,,34.158138,131.350876,08396-5-5155,,08396-5-5156,,株式会社エス・エス・ケイ,3571300502,,,,,
山口県,,山口県,,ライフサポートケア悠,ライフサポートケアユウ,訪問介護,美祢市伊佐町伊佐5632－2,,34.162949,131.198975,0837-52-9201,,0837-52-0734,,合同会社ケア・悠,3571300551,,,,,
山口県,,山口県,,ＪＡ訪問介護ふれあい美祢,ＪＡホウモンカイゴフレアイミネ,訪問介護,美祢市大嶺町東分来福台4－15－7,,34.1852,131.196472,0837-54-0568,,0837-54-0569,,ＪＡ協同サポート山口株式会社,3571300619,,,,,
山口県,,山口県,,ニチイケアセンター小野田,ニチイケアセンターオノダ,訪問介護,山陽小野田市日の出3－9－9　平成ビル2Ｆ,,34.00647,131.182373,0836-81-3571,,0836-81-3572,,株式会社ニチイ学館,3570900013,,,,,
山口県,,山口県,,有限会社 ケア・サービス優,ユウゲンガイシャ ケア・サービスユウ,訪問介護,山陽小野田市新生2－6－25,,34.001442,131.178009,0836-83-4302,,0836-84-2499,,有限会社 ケア・サービス優,3570900203,,,,,
山口県,,山口県,,マミーヘルパー,マミーヘルパー,訪問介護,山陽小野田市千代町2－7－30,,33.983967,131.184769,0836-84-0913,,0836-83-0611,,有限会社カネフジ介護センター,3570900401,,,,,
山口県,,山口県,,訪問介護ステーションあさ紫苑,ホウモンカイゴステーションアサシオン,訪問介護,山陽小野田市桜1－3－2,,34.053429,131.155624,0836-71-1700,,0836-71-1701,,医療法人 健仁会,3571600141,,,,,
山口県,,山口県,,サンキ・ウエルビィ介護センター小野田,サンキ・ウエルビィカイゴセンターオノダ,訪問介護,山陽小野田市日の出3－15－28,,34.007061,131.179871,0836-81-5391,,0836-81-5392,,サンキ・ウエルビィ株式会社,3571600257,,,,,
山口県,,山口県,,訪問介護事業所 いこい,ホウモンカイゴジギョウショ イコイ,訪問介護,山陽小野田市有帆1493,,34.025677,131.208725,0836-39-7352,,0836-81-4181,,株式会社福祉の郷,3571600471,,,,,
山口県,,山口県,,ヘルパーステーションミント,ヘルパーステーションミント,訪問介護,山陽小野田市中川3－12－1－202,,33.987637,131.173782,0836-43-9936,,0836-43-9937,,合同会社たけはな,3571600612,,,,,
山口県,,山口県,,ヘルパーステーションそらり,ヘルパーステーションソラリ,訪問介護,山陽小野田市西高泊1334－1,,34.00108,131.171005,0836-39-5232,,0836-84-6852,,医療法人社団早川内科医院,3571600679,,,,,
山口県,,山口県,,訪問介護Ｓ．Ｌ．Ｃ「ゆとり」,ホウモンカイゴＳ．Ｌ．Ｃ「ユトリ」,訪問介護,山陽小野田市須恵3－10－3,,33.965355,131.178833,0836-55-4403,,0836-40-9144,,合同会社看,3571600810,,,,,
山口県,,山口県,,訪問介護事業所 エガオ,ホウモンカイゴジギョウショ エガオ,訪問介護,山陽小野田市小野田4839－1,,33.963196,131.181122,0836-43-9556,,0836-43-9557,,株式会社 ワイエスコーポレーション,3571600877,,,,,
山口県,,山口県,,養護老人ホーム長生園訪問介護事業所,ヨウゴロウジンホームチョウセイエン　ホウモンカイゴジギョウショ,訪問介護,山陽小野田市埴生2156－2,,34.044708,131.076096,0836-76-2136,,0836-79-0649,,社会福祉法人さわやか会,3571600919,,,,,
山口県,,山口県,,むべの里訪問介護事業所住吉,ムベノサトホウモンカイゴジギョウショスミヨシ,訪問介護,山陽小野田市住吉本町2－5－12,,33.980991,131.179321,0836-81-1015,,0836-81-1016,,社会福祉法人 むべの里光栄,3571600976,,,,,
山口県,,山口県,,ヘルパーステーションゆう,ヘルパーステーションユウ,訪問介護,山陽小野田市西高泊758－1,,34.009682,131.163055,0836-43-7882,,0836-43-7883,,合同会社優勇会,3571601024,,,,,
山口県,,山口県,,訪問介護ステーション翔陽,ホウモンカイゴステーションショウヨウ,訪問介護,山陽小野田市新生2－8－8,,34.000755,131.177368,0836-39-7169,,0836-39-7269,,株式会社翔陽,3571601040,,,,,
山口県,,山口県,,ヘルパーステーションわけん,ヘルパーステーションワケン,訪問介護,山陽小野田市新生2－8－10,,34.000603,131.177292,0836-39-7773,,0836-84-5522,,株式会社和妍,3571601081,,,,,
山口県,,山口県,,つつじヘルパーステーション,ツツジヘルパーステーション,訪問介護,山陽小野田市厚狭448－1－102,,34.051987,131.171616,0836-39-5447,,0836-39-5427,,株式会社みつば,3571601115,,,,,
山口県,,山口県,,ヘルパーステーションいちえ,ヘルパーステーションイチエ,訪問介護,山陽小野田市住吉本町1－5－1,,33.980423,131.17923,0836-81-1130,,0836-81-4121,,株式会社凛と,3571601123,,,,,
山口県,,山口県,,訪問介護事業所小さき花,ホウモンカイゴジギョウショチイサキハナ,訪問介護,山陽小野田市小野田若山ノ東ノ山10325－2,,33.957695,131.172302,0836-83-4862,,0836-83-0315,,社会福祉法人健寿会,3571601131,,,,,
山口県,,山口県,,ゆもと苑指定訪問介護事業所,ユモトエンシテイホウモンカイゴジギョウショ,訪問介護,長門市深川湯本10600－1,,34.332188,131.172775,0837-22-7000,,0837-22-7005,,社会福祉法人 福祥会,3571100035,,,,,
山口県,,山口県,,長門市社協ゆや訪問介護事業所,ナガトシシャキョウユヤホウモンカイゴジギョウショ,訪問介護,長門市油谷新別名10803,,34.373348,131.060364,0837-32-0931,,0837-32-2810,,社会福祉法人長門市社会福祉協議会,3571100209,,,,,
山口県,,山口県,,訪問介護事業所はればれ長門,ホウモンカイゴジギョウショハレバレナガト,訪問介護,長門市東深川630－11,,34.378609,131.182236,0837-23-2323,,0837-22-6666,,有限会社長門中央介護事業所,3571100290,,,,,
山口県,,山口県,,ヘルパーステーションしあわせ長門,ヘルパーステーションシアワセナガト,訪問介護,長門市東深川1321－1,,34.370918,131.181305,0837-23-1616,,0837-22-4340,,社会福祉法人長門市社会福祉協議会,3571100340,,,,,
山口県,,山口県,,ヘルパーステーション生き活きネットみすみ,ヘルパーステーションイキイキネットミスミ,訪問介護,長門市三隅下1394－5,,34.363853,131.223495,0837-42-1255,,0837-43-2510,,特定非営利活動法人 生き活きネットみすみ,3571100399,,,,,
山口県,,山口県,,ヘルパーステーションひまわり長州,ヘルパーステーションヒマワリチョウシュウ,訪問介護,長門市日置上1540－1,,34.391991,131.133804,0837-37-6881,,0837-37-2661,,ひまわり有限会社,3571100498,,,,,
山口県,,山口県,,訪問介護ステーションすこやか,ホウモンカイゴステーションスコヤカ,訪問介護,長門市仙崎294,,34.374798,131.192993,0837-27-0100,,0837-27-0101,,株式会社ＮＳＳ,3571100522,,,,,
山口県,,山口県,,訪問介護ステーション寿樹,ホウモンカイゴステーションジュジュ,訪問介護,長門市西深川338－1,,34.366936,131.169418,0837-27-0025,,0837-27-0026,,有限会社にこにこサービス,3571100605,,,,,
山口県,,山口県,,ヘルパーステーションつむぎ,ヘルパーステーションツムギ,訪問介護,長門市日置上2087－1,,34.391991,131.133804,0837-37-2386,,0837-37-2386,,合同会社愛あい,3571100613,,,,,
山口県,,山口県,,萩市ヘルパーステーションかがやき,ハギシヘルパーステーションカガヤキ,訪問介護,萩市椿2398－1,,34.393936,131.403122,0838-24-4123,,0838-21-7323,,社会福祉法人萩市社会福祉事業団,3570400261,,,,,
山口県,,山口県,,萩社協訪問介護事業所,ハギシャキョウホウモンカイゴジギョウショ,訪問介護,萩市福井下3999－6,,34.417358,131.475433,0838-52-0338,,0838-52-0340,,社会福祉法人萩市社会福祉協議会,3570400337,,,,,
山口県,,山口県,,萩市ヘルパーステーションつばき,ハギシヘルパーステーションツバキ,訪問介護,萩市椿2398－1,,34.393936,131.403122,0838-24-4128,,0838-24-4129,,社会福祉法人 萩市社会福祉事業団,3570400568,,,,,
山口県,,山口県,,ライフケアステーション はぎ,ライフケアステーション ハギ,訪問介護,萩市椿東2942－13,,34.413593,131.412231,0838-21-7635,,0838-21-7660,,山陽メディカルケア株式会社,3570400675,,,,,
山口県,,山口県,,椿の郷ヘルパーステーション,ツバキノサトヘルパーステーション,訪問介護,萩市椿東6030－13,,34.426121,131.413086,0838-21-7216,,0838-21-7218,,医療法人水の木会,3570400717,,,,,
山口県,,山口県,,フォーユーヘルパーステーション,フォーユーヘルパーステーション,訪問介護,萩市土原217－1,,34.409245,131.408859,0838-58-8001,,0838-58-8001,,合同会社フォーユー,3570400790,,,,,
山口県,,山口県,,ヘルパーステーションみらい,ヘルパーステーションミライ,訪問介護,萩市土原521－1,,34.410404,131.404388,0838-21-5111,,0838-21-5111,,社会福祉法人ふたば園,3570400808,,,,,
山口県,,山口県,,ヘルパーステーションのどか,ヘルパーステーションノドカ,訪問介護,萩市下田万袴田2417－1,,34.648438,131.676773,08387-3-0006,,08387-2-1720,,ケアサポートいわみ株式会社,3570400881,,,,,
山口県,,山口県,,グッドタイムサポート萩,グッドタイムサポートハギ,訪問介護,萩市古萩町25,,34.416767,131.403442,0838-22-9005,,0838-22-9016,,社会福祉法人 創生会,3570400915,,,,,
山口県,,山口県,,ＪＡ訪問介護ふれあい萩,ＪＡホウモンカイゴフレアイハギ,訪問介護,萩市椿3032,,34.398888,131.400803,0838-22-4165,,0838-22-4121,,ＪＡ協同サポート山口株式会社,3570400931,,,,,
山口県,,山口県,,清ヶ浜ヘルパーステーション,キヨガハマヘルパーステーション,訪問介護,阿武郡阿武町木与10037－3,,34.530689,131.508789,08388-2-3315,,08388-2-3316,,社会福祉法人阿武福祉会,3578100459,,,,,
山口県,,山口県,,ニチイケアセンター岩国,ニチイケアセンター イワクニ,訪問入浴介護,岩国市川西3－5－40,,34.15617,132.175751,0827-41-3650,,0827-41-3651,,株式会社ニチイ学館,3570800593,,,,,
山口県,,山口県,,アースサポート岩国,アースサポートイワクニ,訪問入浴介護,岩国市南岩国町3－13－34,,34.129444,132.198883,0827-32-9800,,0827-32-9801,,アースサポート株式会社,3570801658,,,,,
山口県,,山口県,,ニチイケアセンター下松,ニチイケアセンタークダマツ,訪問入浴介護,下松市せせらぎ町1－2－31,,34.014999,131.870285,0833-48-1080,,0833-48-1081,,株式会社 ニチイ学館,3570700454,,,,,
山口県,,山口県,,アサヒサンクリーン在宅介護センター周南,アサヒサンクリーンザイタクカイゴセンターシュウナン,訪問入浴介護,周南市野上町2－8,,34.056763,131.800934,050-33177337,,0834-34-1033,,アサヒサンクリーン株式会社,3571502008,,,,,
山口県,,山口県,,ニチイケアセンター周防,ニチイケアセンタースオウ,訪問入浴介護,防府市三田尻3－6－35,,34.04393,131.577393,0835-27-1530,,0835-27-1760,,株式会社 ニチイ学館,3570600506,,,,,
山口県,,山口県,,アースサポート山口,アースサポートヤマグチ,訪問入浴介護,山口市駅通り1－3－16,,34.171959,131.479218,083-920-2900,,083-920-2910,,アースサポート株式会社,3570301733,,,,,
山口県,,山口県,,アサヒサンクリーン在宅介護センター山口,アサヒサンクリーンザイタクカイゴセンターヤマグチ,訪問入浴介護,山口市小郡大正町9－1　津田貸事務所1階,,34.098179,131.39946,050-33177715,,083-941-6371,,アサヒサンクリーン株式会社,3570303507,,,,,
山口県,,山口県,,ツクイ山口,ツクイヤマグチ,訪問入浴介護,山口市大内御堀6－2－5,,34.16486,131.485657,083-934-7225,,083-934-7234,,株式会社ツクイ,3570303622,,,,,
山口県,,山口県,,訪問入浴しあわせ長門,ホウモンニュウヨクシアワセナガト,訪問入浴介護,長門市東深川1321－1,,34.370918,131.181305,0837-22-8294,,0837-22-4340,,社会福祉法人長門市社会福祉協議会,3571100258,,,,,
山口県,,山口県,,萩社協訪問入浴介護事業所,ハギシャキョウホウモンニュウヨクカイゴジギョウショ,訪問入浴介護,萩市江向510,,34.408077,131.398972,090-75094235,,0838-22-2026,,社会福祉法人萩市社会福祉協議会,3570400352,,,,,
山口県,,山口県,,訪問看護ステーションつくし,ホウモンカンゴステーションツクシ,訪問看護,岩国市南岩国町2－77－23,,34.138248,132.19252,0827-32-8338,,0827-32-8378,,医療法人 岩国みなみ病院,3560890000,,,,,
山口県,,山口県,,訪問看護ステーション わかあゆ,ホウモンカンゴステーション ワカアユ,訪問看護,岩国市麻里布町3－5－5,,34.170181,132.222794,0827-29-2500,,0827-29-2501,,医療法人 新生会,3560890018,,,,,
山口県,,山口県,,訪問看護ステーション アイリス,ホウモンカンゴステーション アイリス,訪問看護,岩国市錦見7－16－1,,34.159916,132.18718,0827-41-0363,,0827-41-0484,,医療法人 錦病院,3560890026,,,,,
山口県,,山口県,,訪問看護ステーションひだまり,ホウモンカンゴステーションヒダマリ,訪問看護,岩国市周東町祖生5720－1,,34.075321,132.106079,0827-85-5865,,0827-85-5866,,医療法人社団 河郷診療所,3567290022,,,,,
山口県,,山口県,,訪問看護ステーション あゆみ,ホウモンカンゴステーション アユミ,訪問看護,岩国市玖珂町4999－1,,34.100464,132.092773,0827-28-5305,,0827-28-5126,,株式会社 Ｆｏｒｅｓｔ,3560890067,,,,,
山口県,,山口県,,あまの訪問看護ステーション,アマノホウモンカンゴステーション,訪問看護,岩国市牛野谷町3－49－53,,34.151737,132.203308,0827-32-6265,,0827-32-6267,,医療法人ハートフル,3560890075,,,,,
山口県,,山口県,,訪問看護ステーション無花果（Ｍｕｋａｋａ）,ホウモンカンゴステーションムカカ（Ｍｕｋａｋａ）,訪問看護,岩国市牛野谷町1－5－25,,34.15707,132.193268,0827-31-9887,,0827-31-1787,,株式会社 Ｌａ．Ｆｉｇｕｅ,3560890117,,,,,
山口県,,山口県,,訪問看護ステーション千樹の杜,ホウモンカンゴステーションセンジュノモリ,訪問看護,岩国市周東町下久原蔵本2580－2,,34.096893,132.045563,0827-84-5555,,0827-28-5540,,株式会社キヨトキ,3560890125,,,,,
山口県,,山口県,,訪問看護ステーションひがし,ホウモンカンゴステーションヒガシ,訪問看護,岩国市元町2－2－16　サーパス元町　2階202号室,,34.171341,132.228455,0827-30-9071,,0827-30-9072,,合同会社みかさ,3560890133,,,,,
山口県,,山口県,,訪問看護ステーションむろの樹,ホウモンカンゴステーションムロノキ,訪問看護,岩国市室の木町3－6－12,,34.170864,132.206497,0827-28-6411,,0827-22-1654,,一般社団法人岩国市医師会,3560890141,,,,,
山口県,,山口県,,訪問看護ステーションｃｏｃｏｌｏ,ホウモンカンゴステーションｃｏｃｏｌｏ,訪問看護,岩国市南岩国町1－13－23,,34.136173,132.205811,0827-34-0003,,0827-34-0004,,有限会社岩国メディカルサポート,3560890158,,,,,
山口県,,山口県,,岩国市立訪問看護ステーションさくら,イワクニシリツホウモンカンゴステーションサクラ,訪問看護,岩国市美和町渋前1776,,34.218582,132.093811,0827-95-0123,,0827-95-0007,,岩国市,3560890166,,,,,
山口県,,山口県,,訪問看護ステーションてんゆう,ホウモンカンゴステーションテンユウ,訪問看護,岩国市麻里布町4－2－17,,34.172882,132.222839,0827-21-3030,,0827-21-3040,,Ｕｎｉｔｅ－Ｃａｒｅ合同会社,3560890174,,,,,
山口県,,山口県,,ナースステーション愛花～ａｉｋａ,ナースステーションアイカ～ａｉｋａ,訪問看護,岩国市黒磯町2－25－5－1,,34.107635,132.196991,0827-35-6122,,0827-35-6158,,合同会社ハレノヒ,3560890182,,,,,
山口県,,山口県,,なぎさ訪問看護ステーション,ナギサホウモンカンゴステーション,訪問看護,柳井市余田1850－5,,33.977367,132.072617,0820-24-0520,,0820-24-0521,,株式会社 天吉屋,3567390038,,,,,
山口県,,山口県,,周東総合病院訪問看護ステーション いちご,シュウトウソウゴウビョウインホウモンカンゴステーション イチゴ,訪問看護,柳井市古開作1000－1,,33.959858,132.095093,0820-22-3715,,0820-22-3458,,山口県厚生農業協同組合連合会,3561290028,,,,,
山口県,,山口県,,ゆうわ訪問看護ステーション,ユウワホウモンカンゴステーション,訪問看護,柳井市古開作479－3,,33.969437,132.097351,0820-25-1212,,0820-25-1661,,社会福祉法人 恒和会,3561290044,,,,,
山口県,,山口県,,訪問看護ステーションすおうおおしま,ホウモンカンゴステーションスオウオオシマ,訪問看護,大島郡周防大島町小松1415－1,,33.941822,132.187759,0820-79-2031,,0820-79-2037,,周防大島町,3567190032,,,,,
山口県,,山口県,,いい日の里 訪問看護ステーション,イイヒノサト ホウモンカンゴステーション,訪問看護,大島郡周防大島町椋野1338－1,,33.950668,132.231567,0820-79-0120,,0820-79-0126,,特定非営利活動法人 いい日の里,3567190040,,,,,
山口県,,山口県,,訪問看護ステーション なないろ,ホウモンカンゴステーション ナナイロ,訪問看護,大島郡周防大島町小松91－4,,33.93969,132.193604,0820-79-2224,,0820-79-2226,,医療法人おかはら会,3567190057,,,,,
山口県,,山口県,,平生訪問看護ステーション きらら,ヒラオホウモンカンゴステーション キララ,訪問看護,熊毛郡平生町平生町569－14,,33.940273,132.068024,0820-56-1000,,0820-25-3790,,医療法人 光輝会,3567390020,,,,,
山口県,,山口県,,訪問看護ステーション下松・きらら,ホウモンカンゴステーションクダマツ・キララ,訪問看護,下松市生野屋南1－10－1,,34.032719,131.876617,0833-45-3370,,0833-45-3371,,社会医療法人 同仁会,3560790002,,,,,
山口県,,山口県,,リハビリ＆ケア訪問看護ステーションのあ下松,リハビリアンドケアホウモンカンゴステーションノアクダマツ,訪問看護,下松市藤光町1－10－31,,34.022675,131.866272,0833-44-7360,,0833-44-7361,,株式会社Ｎｏａｈ,3560790051,,,,,
山口県,,山口県,,訪問看護ステーション ココロ,ホウモンカンゴステーション　ココロ,訪問看護,下松市大手町2－5－18　ティティ商事ビル3Ｆ,,34.013031,131.866852,0833-44-7888,,0833-44-7889,,株式会社ライフライン,3560790069,,,,,
山口県,,山口県,,山口県看護協会訪問看護ステーション ひかり,ヤマグチケンカンゴキョウカイホウモンカンゴステーション ヒカリ,訪問看護,光市浅江5－4－22,,33.970097,131.925491,0833-74-0505,,0833-74-0520,,公益社団法人 山口県看護協会,3561090006,,,,,
山口県,,山口県,,訪問看護ステーションつむぎ,ホウモンカンゴステーションツムギ,訪問看護,光市光井4－31－12　フレグランス光101,,33.953476,131.955078,0833-48-8103,,0833-48-8107,,株式会社ともにあ,3561090030,,,,,
山口県,,山口県,,リハビリ＆ケア訪問看護ステーションのあ,リハビリ＆ケアホウモンカンゴステーションノア,訪問看護,光市島田2－11－6,,33.972343,131.935089,0833-48-6818,,0833-48-6858,,株式会社Ｎｏａｈ,3561090048,,,,,
山口県,,山口県,,徳山医師会訪問看護ステーション,トクヤマイシカイホウモンカンゴステーション,訪問看護,周南市東山町6－28,,34.049595,131.816147,0834-31-9610,,0834-32-9048,,一般社団法人 徳山医師会,3560590006,,,,,
山口県,,山口県,,訪問看護ステーション ゆめ風車,ホウモンカンゴステーション　ユメフウシャ,訪問看護,周南市宮の前2－6－27,,34.072559,131.763748,0834-61-2510,,0834-61-2581,,公益財団法人 周南市医療公社,3561490016,,,,,
山口県,,山口県,,訪問看護ステーション周南高原,ホウモンカンゴステーションシュウナンコウゲン,訪問看護,周南市須々万本郷29－1,,34.112503,131.864151,0834-88-0391,,0834-88-0074,,医療法人緑山会,3561590021,,,,,
山口県,,山口県,,訪問看護ステーション元気村,ホウモンカンゴステーションゲンキムラ,訪問看護,周南市湯野字向山109－22,,34.108093,131.6716,0834-82-0001,,0834-82-0011,,医療法人社団生和会,3561590039,,,,,
山口県,,山口県,,ＪＣＨＯ徳山中央病院附属訪問看護ステーション,ＪＣＨＯトクヤマチュウオウビョウインフゾクホウモンカンゴステーション,訪問看護,周南市孝田町1－1,,34.047676,131.83287,0834-28-4475,,0834-28-4458,,独立行政法人地域医療機能推進機構,3561590047,,,,,
山口県,,山口県,,訪問看護リハビリステーション ねこの手,ホウモンカンゴリハビリステーション ネコノテ,訪問看護,周南市岡田町10－7,,34.06197,131.807205,0834-34-1600,,0834-34-1601,,ＮＳプランニング株式会社,3561590054,,,,,
山口県,,山口県,,株式会社訪問看護ステーションもみじ,カブシキガイシャホウモンカンゴステーションモミジ,訪問看護,周南市城ケ丘3－1－35,,34.042053,131.840118,0834-28-5652,,0834-28-5653,,株式会社訪問看護ステーションもみじ,3561590070,,,,,
山口県,,山口県,,徳山病院訪問看護ステーションサルビア,トクヤマビョウインホウモンカンゴステーションサルビア,訪問看護,周南市南浦山町5－14,,34.069366,131.788071,0834-34-1510,,0834-34-1512,,医療法人周友会,3561590096,,,,,
山口県,,山口県,,訪問看護ステーションこもれび,ホウモンカンゴステーションコモレビ,訪問看護,周南市久米2668,,34.051853,131.85611,0834-34-1811,,0834-28-0022,,エポックワン有限会社,3561590104,,,,,
山口県,,山口県,,ボヌール訪問看護ステーション,ボヌールホウモンカンゴステーション,訪問看護,周南市新清光台3－4－21,,34.034374,131.950714,0833-57-6158,,0833-57-4159,,合同会社Ｓｈｉｎｏｄａ Ｐｌａｎｎｉｎｇ,3561590112,,,,,
山口県,,山口県,,訪問看護リハビリステーション ルピナス,ホウモンカンゴリハビリステーション　ルピナス,訪問看護,周南市久米中央4－5－31,,34.036938,131.840286,090-48292300,,0834-39-6563,,株式会社ＬＩＰＥＲＤ,3561590120,,,,,
山口県,,山口県,,訪問看護ステーション ハローナース防府,ホウモンカンゴステーション ハローナースホウフ,訪問看護,防府市台道1634－1,,34.069256,131.492813,0835-32-3132,,0835-32-3132,,医療法人 和同会,3560690004,,,,,
山口県,,山口県,,訪問看護ステーション はくあいナース,ホウモンカンゴステーション ハクアイナース,訪問看護,防府市三田尻1－1－24,,34.048119,131.572754,0835-26-2628,,0835-26-1166,,医療法人 博愛会,3560690020,,,,,
山口県,,山口県,,山口県看護協会 訪問看護ステーションほうふ,ヤマグチケンカンゴキョウカイ ホウモンカンゴステーションホウフ,訪問看護,防府市上右田2686,,34.071644,131.567291,0835-24-3538,,0835-24-3581,,公益社団法人 山口県看護協会,3560690038,,,,,
山口県,,山口県,,好日苑訪問看護ステーション,コウジツエンホウモンカンゴステーション,訪問看護,防府市戎町2－5－1,,34.058765,131.570129,0835-26-5012,,0835-26-5015,,医療法人 松寿会,3560690053,,,,,
山口県,,山口県,,三田尻訪問看護ステーション,ミタジリホウモンカンゴステーション,訪問看護,防府市東松崎町4－29,,34.05928,131.579681,0835-27-6332,,0835-27-6330,,三田尻生活・ケア総合センター株式会社,3560690079,,,,,
山口県,,山口県,,訪問看護ステーションスマイルネット防府,ホウモンカンゴステーションスマイルネットホウフ,訪問看護,防府市佐野152－1,,34.057476,131.518448,0835-28-8766,,0835-27-6560,,社会福祉法人ひとつの会,3560690087,,,,,
山口県,,山口県,,原田訪問看護センター,ハラダホウモンカンゴセンター,訪問看護,防府市国衙5－9－27,,34.054939,131.589157,0835-25-4774,,0835-27-5020,,有限会社オールライフサポート・生きいき,3560690095,,,,,
山口県,,山口県,,自遊の街 訪問看護ステーションつばさ,ジユウノマチ ホウモンカンゴステーションツバサ,訪問看護,防府市栄町1－6－1　ＫＳビル4Ｆ,,34.054203,131.571411,0835-26-6657,,0835-21-3588,,有限会社 コミュニティケア防府,3560690129,,,,,
山口県,,山口県,,訪問看護ステーション オールケアー,ホウモンカンゴステーション オールケアー,訪問看護,防府市沖今宿1－18－20,,34.048538,131.599991,0835-27-2826,,0835-27-2827,,株式会社 オールケアー,3560690137,,,,,
山口県,,山口県,,訪問看護ステーションはぴね防府,ホウモンカンゴステーションハピネホウフ,訪問看護,防府市田島1460－4,,34.021721,131.54715,0835-26-5100,,0835-26-5080,,グリーンライフ株式会社,3560690145,,,,,
山口県,,山口県,,株式会社ピーエー　訪問看護ステーションゆうの風三田尻,カブシキガイシャピーエー　ホウモンカンゴステーションユウノカゼミタジリ,訪問看護,防府市警固町1－6－42,,34.050232,131.578751,0835-28-7883,,0835-22-6206,,株式会社 ピーエー,3560690152,,,,,
山口県,,山口県,,岸津苑訪問看護ステーション,キシヅエンホウモンカンゴステーション,訪問看護,防府市岸津2－24－20,,34.049118,131.593491,0835-26-6500,,0835-25-6505,,社会福祉法人 周陽福祉会,3560690160,,,,,
山口県,,山口県,,訪問看護ステーション東風,ホウモンカンゴステーションコチカゼ,訪問看護,防府市下右田350－3,,34.073227,131.5569,0835-28-8511,,0835-28-1146,,合同会社あんしん地域生活支援センター,3560690178,,,,,
山口県,,山口県,,訪問看護ステーションプルメリア,ホウモンカンゴステーションプルメリア,訪問看護,防府市新田818－1,,34.029846,131.563934,0835-28-1170,,0835-28-1171,,医療法人実昌会,3560690186,,,,,
山口県,,山口県,,ハートブリッジ訪問看護ステーション,ハートブリッジホウモンカンゴステーション,訪問看護,防府市田島1943－4,,34.028763,131.540329,0835-28-1227,,0835-28-1144,,株式会社エルクラフト,3561590062,,,,,
山口県,,山口県,,合同会社訪問看護ステーションほのか,ゴウドウガイシャホウモンカンゴステーションホノカ,訪問看護,防府市浜方198－104,,34.023888,131.563293,0835-28-8495,,0835-28-8496,,合同会社訪問看護ステーションほのか,3560690202,,,,,
山口県,,山口県,,ふうき訪問看護ステーション,フウキホウモンカンゴステーション,訪問看護,防府市国分寺町5－29,,34.06496,131.579437,0835-28-1990,,0835-28-1960,,株式会社富貴,3560690210,,,,,
山口県,,山口県,,ヘスティア華城訪問看護ステーション,ヘスティアハナギホウモンカンゴステーション,訪問看護,防府市伊佐江1039－1,,34.039661,131.544266,0835-27-1133,,0835-27-1135,,社会福祉法人華世会,3560690228,,,,,
山口県,,山口県,,訪問看護ステーション ライフナース,ホウモンカンゴステーション　ライフナース,訪問看護,防府市高倉2－14－33　高橋ビル201,,34.053654,131.558395,0835-28-8778,,0835-28-8781,,社会福祉法人ライフケア高砂,3560690244,,,,,
山口県,,山口県,,済生会山口地域ケアセンター在宅複合型施設やすらぎ訪問看護ステーション,サイセイカイヤマグチチイキケアセンターザイタクフクゴウガタシセツヤスラギホウモンカンゴステーション,訪問看護,山口市朝倉町4－55－6,,34.175591,131.452347,083-924-6613,,083-924-7045,,社会福祉法人 恩賜財団済生会,3560390001,,,,,
山口県,,山口県,,山口赤十字訪問看護ステーション,ヤマグチセキジュウジホウモンカンゴステーション,訪問看護,山口市八幡馬場53－1,,34.184959,131.482346,083-923-0152,,083-923-0159,,日本赤十字社,3560390050,,,,,
山口県,,山口県,,佐々木訪問看護ステーション,ササキホウモンカンゴステーション,訪問看護,山口市泉都町9－7,,34.167152,131.461319,083-934-5031,,083-934-5033,,医療法人社団 曙会,3560390076,,,,,
山口県,,山口県,,訪問看護ステーション ハローナース山口,ホウモンカンゴステーション ハローナースヤマグチ,訪問看護,山口市黒川3380,,34.131638,131.438644,083-921-1625,,083-921-1647,,医療法人 和同会,3560390092,,,,,
山口県,,山口県,,阿知須訪問看護ステーション,アジスホウモンカンゴステーション,訪問看護,山口市阿知須4241－4,,34.016357,131.343506,0836-65-5393,,0836-65-5581,,医療法人社団 向陽会,3567690007,,,,,
山口県,,山口県,,小郡訪問看護ステーション,オゴオリホウモンカンゴステーション,訪問看護,山口市小郡下郷747－21,,34.099899,131.392532,083-974-0123,,083-974-0122,,医療法人 清仁会,3567690015,,,,,
山口県,,山口県,,訪問看護ステーション すこやかナース,ホウモンカンゴステーション スコヤカナース,訪問看護,山口市阿知須4716－14,,34.016357,131.343506,0836-65-5585,,0836-65-5570,,医療法人 協愛会,3567690023,,,,,
山口県,,山口県,,青藍会在宅医療支援センター新山口訪問看護ステーション,セイランカイザイタクイリョウシエンセンターシンヤマグチホウモンカンゴステーション,訪問看護,山口市小郡平成町1－18,,34.088314,131.400269,083-976-2400,,083-976-2403,,社会福祉法人 青藍会,3560390134,,,,,
山口県,,山口県,,訪問看護 花の森,ホウモンカンゴ ハナノモリ,訪問看護,山口市下小鯖2698－1,,34.115932,131.533875,083-929-3924,,083-929-3918,,有限会社 小川,3560390142,,,,,
山口県,,山口県,,小郡第一総合病院訪問看護ステーション,オゴオリダイイチソウゴウビョウインホウモンカンゴステーション,訪問看護,山口市小郡下郷862－3,,34.103893,131.3974,083-974-1717,,083-974-1720,,山口県厚生農業協同連合会,3560390159,,,,,
山口県,,山口県,,済生会山口地域ケアセンター居宅介護サービス複合施設にほ苑訪問看護事業所,サイセイカイヤマグチチイキケアセンターキョタクカイゴサービスフクゴウシセツニホエンホウモンカンゴジギョウショ,訪問看護,山口市仁保中郷988－1,,34.199314,131.576553,083-929-5081,,083-929-0558,,社会福祉法人 恩賜財団済生会支部山口県済生会,3560390167,,,,,
山口県,,山口県,,さきがけ訪問看護ステーション,サキガケホウモンカンゴステーション,訪問看護,山口市鋳銭司6000－1,,34.086681,131.464523,083-986-3660,,083-986-3659,,医療法人 相川医院,3560390175,,,,,
山口県,,山口県,,訪問看護おかふじ,ホウモンカンゴオカフジ,訪問看護,山口市宮島町2－10,,34.167728,131.478943,083-941-5671,,083-941-5672,,一般社団法人訪問看護おかふじ,3560390183,,,,,
山口県,,山口県,,山口市社会福祉協議会 あとう訪問看護ステーション,ヤマグチシシャカイフクシキョウギカイ アトウホウモンカンゴステーション,訪問看護,山口市阿東地福上1697,,34.378544,131.662231,083-952-6001,,083-952-6002,,社会福祉法人 山口市社会福祉協議会,3560390191,,,,,
山口県,,山口県,,秋穂訪問看護ステーション,アイオホウモンカンゴステーション,訪問看護,山口市秋穂東5592－1,,34.004784,131.434128,083-984-8060,,083-984-8020,,有限会社エービーエンタープライズ,3560390209,,,,,
山口県,,山口県,,訪問看護ステーション デューン山口,ホウモンカンゴステーション デューンヤマグチ,訪問看護,山口市小郡下郷3372－8　マンションヒロ1階2号室,,34.091095,131.390335,083-972-2366,,083-972-2367,,株式会社 Ｎ・フィールド,3560390225,,,,,
山口県,,山口県,,青藍会在宅医療支援センター山口訪問看護ステーション,セイランカイザイタクイリョウシエンセンターヤマグチホウモンカンゴステーション,訪問看護,山口市吉敷中東1－1－2,,34.167183,131.447418,083-933-6020,,083-933-6030,,医療法人社団青藍会,3560390233,,,,,
山口県,,山口県,,訪問看護ステーション クローバーケア,ホウモンカンゴステーション クローバーケア,訪問看護,山口市小郡上郷1745－5,,34.129841,131.416458,083-976-6968,,083-976-6967,,株式会社ＥＤＩＨＩＲＯＮ,3560390241,,,,,
山口県,,山口県,,訪問看護ステーションふれんず,ホウモンカンゴステーションフレンズ,訪問看護,山口市江良1－7－1,,34.190941,131.489044,083-941-5151,,083-941-5152,,合同会社橘会,3560390274,,,,,
山口県,,山口県,,訪問看護ステーションこうとく,ホウモンカンゴステーションコウトク,訪問看護,山口市周布町3－18,,34.159,131.453308,083-941-6544,,083-941-6545,,医療法人社団素心会神徳内科,3560390282,,,,,
山口県,,山口県,,訪問看護ステーション イルソーレ,ホウモンカンゴステーション イルソーレ,訪問看護,山口市小郡下郷770－3,,34.100391,131.39537,083-976-8211,,083-976-8213,,株式会社Ｌｉｆｅ,3560390290,,,,,
山口県,,山口県,,訪問看護ステーション といろ,ホウモンカンゴステーション トイロ,訪問看護,山口市小郡下郷3040－5,,34.090771,131.389206,083-902-5583,,083-902-5584,,株式会社ｆ,3560390308,,,,,
山口県,,山口県,,きらら山口訪問看護リハビリステーション,キララヤマグチホウモンカンゴリハビリステーション,訪問看護,山口市佐山1258－1,,34.042114,131.346695,083-902-8622,,083-976-5018,,合同会社訪問医療介護サポート,3560390316,,,,,
山口県,,山口県,,さんコープ訪問看護ステーション 宮野,サンコープホウモンカンゴステーション　ミヤノ,訪問看護,山口市桜畠2－9－17,,34.195034,131.501343,083-902-5866,,083-902-0978,,福祉生活協同組合さんコープ,3560390324,,,,,
山口県,,山口県,,あてくろ訪問看護ステーション,アテクロホウモンカンゴステーション,訪問看護,山口市小郡明治2－9－13,,34.095558,131.394501,083-976-8339,,083-976-8318,,ＡＳＣＡ山口医療保健福祉合同会社,3560390332,,,,,
山口県,,山口県,,セノーテ訪問看護 山口防府エリアステーション,セノーテホウモンカンゴ　ウベヤマグチホウフステーション,訪問看護,山口市小郡花園町1－12　小郡第3ビル402号室,,34.090179,131.39592,083-902-1428,,083-976-6911,,Ｆｕｓｉｏｎ株式会社,3560390340,,,,,
山口県,,山口県,,ポラスケア訪問看護ステーション,ポラスケアホウモンカンゴステーション,訪問看護,山口市湯田温泉1－1－7,,34.166039,131.460678,083-902-5551,,083-902-5550,,株式会社アドバンス,3560390357,,,,,
山口県,,山口県,,青藍会在宅医療支援センター南山口訪問看護ステーション,セイランカイザイタクイリョウシエンセンターミナミヤマグチホウモンカンゴステーション,訪問看護,山口市深溝803－1,,34.046692,131.373016,083-988-3300,,083-988-3301,,社会福祉法人青藍会,3560390365,,,,,
山口県,,山口県,,Ｌｅｍｏｎナースリハビリステーション,Ｌｅｍｏｎナースリハビリステーション,訪問看護,山口市大内矢田南3－7－36,,34.152431,131.502426,083-902-1791,,083-902-1792,,サティスファイ合同会社,3560390373,,,,,
山口県,,山口県,,訪問看護ステーション　ハロー・ナースきつなん,ホウモンカンゴステーション　ハロー・ナースキツナン,訪問看護,山口市鋳銭司3381,,34.076084,131.461548,083-985-1220,,083-985-1221,,医療法人和同会,3560390381,,,,,
山口県,,山口県,,訪問看護ステーション ハローナース宇部,ホウモンカンゴステーション ハローナースウベ,訪問看護,宇部市西岐波229－3,,33.974148,131.28624,0836-51-1300,,0836-51-1300,,医療法人 和同会,3560290003,,,,,
山口県,,山口県,,仁心会訪問看護ステーション和み,ジンシンカイホウモンカンゴステーションナゴミ,訪問看護,宇部市寿町3－3－25,,33.950615,131.253098,0836-39-1772,,0836-37-6177,,医療法人 仁心会,3560290011,,,,,
山口県,,山口県,,虹の訪問看護ステーション,ニジノホウモンカンゴステーション,訪問看護,宇部市五十目山町16－41－1　シティハイムＦ1－Ａ,,33.937408,131.265778,0836-33-5358,,0836-33-7149,,医療生活協同組合 健文会,3560290037,,,,,
山口県,,山口県,,宇部市医師会訪問看護ステーション,ウベシイシカイホウモンカンゴステーション,訪問看護,宇部市中村3－12－52－11,,33.962925,131.25766,0836-22-4410,,0836-22-4414,,一般社団法人宇部市医師会,3560290045,,,,,
山口県,,山口県,,さるびあ訪問看護ステーション,サルビアホウモンカンゴステーション,訪問看護,宇部市浜町2－1－3,,33.964874,131.238449,0836-36-1173,,0836-36-1174,,医療法人 博愛会,3560290078,,,,,
山口県,,山口県,,泉仁会訪問看護ステーション,センジンカイホウモンカンゴステーション,訪問看護,宇部市木田40－20,,34.064083,131.279587,0836-62-1055,,0836-62-1201,,医療法人社団 泉仁会,3560290086,,,,,
山口県,,山口県,,医療法人聖比留会 厚南セントヒル訪問看護ステーション,イリョウホウジンセントヒルカイ　コウナンセントヒルホウモンカンゴステーション,訪問看護,宇部市妻崎開作108,,33.978737,131.217499,0836-43-9797,,0836-43-9011,,医療法人 聖比留会,3560290094,,,,,
山口県,,山口県,,ホームナース立花訪問看護ステーション,ホームナースリッカホウモンカンゴステーション,訪問看護,宇部市浜田3－24－1,,33.988995,131.229309,0836-39-2858,,0836-38-5235,,ホームナース立花株式会社,3560290128,,,,,
山口県,,山口県,,ハピナース・エル訪問看護ステーション,ハピナース・エルホウモンカンゴステーション,訪問看護,宇部市恩田町2－18－26,,33.944469,131.262421,0836-32-0468,,0836-39-5004,,株式会社 ハピナース・エル,3560290151,,,,,
山口県,,山口県,,訪問看護ステーション 白鳥,ホウモンカンゴステーション　ハクチョウ,訪問看護,宇部市南小羽山町1－8－16,,33.97353,131.256058,0836-37-0233,,0836-37-0234,,有限会社 小串機械製作所,3560290169,,,,,
山口県,,山口県,,訪問看護ステーション ハローナース宇部西,ホウモンカンゴステーション ハローナースウベニシ,訪問看護,宇部市際波字東河田287－1,,34.00695,131.21312,0836-45-1215,,0836-45-1224,,医療法人 和同会,3560290185,,,,,
山口県,,山口県,,サンキ・ウエルビィ訪問看護ステーション宇部,サンキ・ウエルビィホウモンカンゴステーションウベ,訪問看護,宇部市西岐波4412－1,,33.942154,131.297607,0836-38-7004,,0836-51-0030,,サンキ・ウエルビィ株式会社,3560290219,,,,,
山口県,,山口県,,訪問看護ステーション あん,ホウモンカンゴステーション アン,訪問看護,宇部市岬町2－5－31,,33.931805,131.265182,0836-43-6662,,0836-43-6663,,株式会社安,3560290227,,,,,
山口県,,山口県,,訪問看護ステーション未来,ホウモンカンゴステーションミライ,訪問看護,宇部市船木1017－5,,34.052166,131.207214,0836-67-3018,,0836-67-3131,,株式会社 愛優会,3560290235,,,,,
山口県,,山口県,,リハビリ訪問看護ステーション Ｆｕｎ ｔｏ Ｌｉｆｅ,リハビリホウモンカンゴステーション Ｆｕｎ ｔｏ Ｌｉｆｅ,訪問看護,宇部市西岐波4470－8,,33.942139,131.293839,0836-39-3727,,0836-39-3701,,合同会社ＨＡＣＮＡＭＡＴＡＴＡ,3560290250,,,,,
山口県,,山口県,,訪問看護ステーションケアヒルズ扶老会,ホウモンカンゴステーションケアヒルズフロウカイ,訪問看護,宇部市船木833,,34.049004,131.193573,0836-69-0020,,0836-69-0150,,医療法人 扶老会,3560290268,,,,,
山口県,,山口県,,おもてなし訪問看護リハビリステーション,オモテナシホウモンカンゴリハビリステーション,訪問看護,宇部市上宇部吉原471－11,,33.992851,131.258057,0836-38-8118,,0836-38-8889,,有限会社サンユー流通,3560290284,,,,,
山口県,,山口県,,訪問看護ステーション私の家,ホウモンカンゴステーションワタシノイエ,訪問看護,宇部市沖ノ旦中一ノ原953－2,,33.995636,131.238831,0836-55-5521,,0836-77-9083,,有限会社フォーマックス,3560290300,,,,,
山口県,,山口県,,西日本訪問看護ステーション エスコート,ニシニホンホウモンカンゴステーション エスコート,訪問看護,宇部市島1－7－13森ビル2階,,33.95887,131.244873,0836-39-3215,,0836-39-5650,,三和ライフケア株式会社,3560290318,,,,,
山口県,,山口県,,ライフステップ創 訪問看護ステーション,ライフステップソウホウモンカンゴステーション,訪問看護,宇部市妻崎開作1014－3,,33.973732,131.206573,0836-44-3355,,0836-38-8021,,株式会社いぶき,3560290326,,,,,
山口県,,山口県,,訪問看護ステーションりんく,ホウモンカンゴステーションリンク,訪問看護,宇部市海南町2－58－1　オックスビル2階,,33.958942,131.260696,0836-39-7638,,0836-39-7639,,合同会社Ｌｉｎｋ,3560290367,,,,,
山口県,,山口県,,きわなみ訪問看護ステーション,キワナミホウモンカンゴステーション,訪問看護,宇部市際波726－3,,33.99469,131.222946,0836-39-9873,,0836-39-3265,,株式会社きわなみ,3560290375,,,,,
山口県,,山口県,,いろは訪問看護ステーション,イロハホウモンカンゴステーション,訪問看護,宇部市昭和町3－4－32,,33.936718,131.257217,0836-39-8381,,0836-39-8382,,いろは合同会社,3560290391,,,,,
山口県,,山口県,,てらす訪問看護ステーション,テラスホウモンカンゴステーション,訪問看護,宇部市西岐波柳ケ瀬785－6,,33.969315,131.307983,0836-51-0511,,0836-51-0577,,合同会社照らすｏｎｅ,3560290409,,,,,
山口県,,山口県,,メンタル訪問看護ステーションｃｏｎａｍｕ,メンタルホウモンカンゴステーションコナム,訪問看護,宇部市海南町2－58－1　ＯＸビル3階,,33.958942,131.260696,0836-21-1560,,0836-21-1889,,株式会社ふらっとＣＯＭＭ．,3560290417,,,,,
山口県,,山口県,,セノーテ訪問看護 宇部山陽小野田美祢エリアステーション,セノーテホウモンカンゴ　ウベサンヨウオノダミネエリアステーション,訪問看護,宇部市中山1129－15－102,,33.987427,131.233795,0836-39-8178,,0836-39-8179,,Ｆｕｓｉｏｎ株式会社,3560290425,,,,,
山口県,,山口県,,医療法人聖比留会 西岐波セントヒル訪問看護ステーション,イリョウホウジンセントヒルカイ　ニシキワセントヒルホウモンカンゴステーション,訪問看護,宇部市今村北3－7－18,,33.963764,131.305069,0836-52-7503,,0836-52-7504,,医療法人聖比留会,3560290433,,,,,
山口県,,山口県,,訪問看護セレクト,ホウモンカンゴセレクト,訪問看護,宇部市中村3－10－18－2－102,,33.961243,131.25824,0836-39-7564,,0836-39-5203,,合同会社ＳＥＬＥＣＴ,3560290441,,,,,
山口県,,山口県,,ナースステーションバンビ,ナースステーションバンビ,訪問看護,宇部市相生町6－5－802,,33.95322,131.245987,0836-43-7344,,0836-43-7347,,一般社団法人童仁会,3560290458,,,,,
山口県,,山口県,,美祢市訪問看護ステーション,ミネシホウモンカンゴステーション,訪問看護,美祢市美東町大田3800,,34.232838,131.357422,08396-2-0555,,08396-2-0514,,美祢市,3567990001,,,,,
山口県,,山口県,,スマイル訪問看護ステーション,スマイルホウモンカンゴステーション,訪問看護,美祢市伊佐町伊佐5113－13,,34.166489,131.214996,0837-52-2525,,0837-52-2526,,愛合同会社,3561390034,,,,,
山口県,,山口県,,山陽小野田医師会訪問看護ステーション,サンヨウオノダイシカイホウモンカンゴステーション,訪問看護,山陽小野田市東高泊1947－1,,33.997654,131.179245,0836-81-0295,,0836-84-6193,,一般社団法人山陽小野田医師会,3560990008,,,,,
山口県,,山口県,,虹の訪問看護ステーション山陽小野田,ニジノホウモンカンゴステーションサンヨウオノダ,訪問看護,山陽小野田市くし山1－34－7,,34.011799,131.182541,0836-38-5765,,0836-43-9033,,医療生活協同組合健文会,3561690029,,,,,
山口県,,山口県,,訪問看護ステーションかがやき,ホウモンカンゴステーションカガヤキ,訪問看護,山陽小野田市鴨庄10－4,,34.07349,131.166428,0836-72-0339,,0836-72-1200,,医療法人社団 民正会,3561690037,,,,,
山口県,,山口県,,訪問看護ステーション そらり,ホウモンカンゴステーション ソラリ,訪問看護,山陽小野田市西高泊1334－1,,34.00108,131.171005,0836-39-5232,,0836-84-6852,,医療法人社団早川内科医院,3561690045,,,,,
山口県,,山口県,,訪問看護ステーション フクシア,ホウモンカンゴステーション フクシア,訪問看護,山陽小野田市厚狭埴生田498－1,,34.053097,131.164917,0836-39-5677,,0836-39-7760,,社会福祉法人 健仁会,3561690060,,,,,
山口県,,山口県,,小野田赤十字訪問看護ステーション,オノダセキジュウジホウモンカンゴステーション,訪問看護,山陽小野田市小野田3700,,33.952679,131.182571,0836-88-0165,,0836-88-4377,,日本赤十字社,3561690078,,,,,
山口県,,山口県,,訪問看護ステーション翔陽,ホウモンカンゴステーションショウヨウ,訪問看護,山陽小野田市新生2－8－8,,34.000755,131.177368,0836-39-7169,,0836-39-7269,,株式会社翔陽,3561690086,,,,,
山口県,,山口県,,訪問看護ステーションゆとり,ホウモンカンゴステーションユトリ,訪問看護,山陽小野田市須恵3－10－3,,33.965355,131.178833,0836-55-4403,,0836-40-9144,,合同会社看,3561690094,,,,,
山口県,,山口県,,山陽小野田市訪問看護ステーション,サンヨウオノダシホウモンカンゴステーション,訪問看護,山陽小野田市東高泊1863－1,,33.997986,131.1745,0836-52-8120,,0836-52-8121,,山陽小野田市,3561690102,,,,,
山口県,,山口県,,訪問看護ステーションゆう,ホウモンカンゴステーションユウ,訪問看護,山陽小野田市西高泊758－1,,34.009682,131.163055,0836-43-7882,,0836-43-7883,,合同会社優勇会,3561690110,,,,,
山口県,,山口県,,訪問看護ステーション結希,ホウモンカンゴステーションユキ,訪問看護,山陽小野田市有帆2581,,34.019894,131.213226,0836-52-7652,,050-13632856,,合同会社がく,3561690128,,,,,
山口県,,山口県,,長門総合病院訪問看護ステーション,ナガトソウゴウビョウインホウモンカンゴステーション,訪問看護,長門市東深川85,,34.385899,131.197113,0837-22-2506,,0837-22-2506,,山口県厚生農業協同組合連合会,3561190012,,,,,
山口県,,山口県,,訪問看護ステーションこころの樹,ホウモンカンゴステーションココロノキ,訪問看護,長門市東深川1408－4,,34.371979,131.18721,0837-23-1717,,0837-23-1718,,株式会社こころの樹,3561190020,,,,,
山口県,,山口県,,訪問看護ステーションｆ,ホウモンカンゴステーションｆ,訪問看護,長門市東深川1365－11,,34.371391,131.183594,0837-27-0119,,0837-27-0305,,株式会社ｆ,3561190046,,,,,
山口県,,山口県,,株式会社 訪問看護ステーション陽向,カブシキガイシャ ホウモンカンゴステーションヒナタ,訪問看護,萩市土原300－6,,34.412998,131.408813,0838-22-5710,,0838-21-5710,,株式会社 訪問看護ステーション陽向,3560490033,,,,,
山口県,,山口県,,かねた訪問看護ステーション,カネタホウモンカンゴステーション,訪問看護,萩市吉田町1,,34.413326,131.403534,0838-21-4700,,0838-22-0631,,医療法人健幸会,3560490041,,,,,
山口県,,山口県,,玉木病院訪問看護ステーション,タマキビョウインホウモンカンゴステーション,訪問看護,萩市瓦町49,,34.412006,131.397018,0838-25-0050,,0838-25-0051,,有限会社玉栄興産,3560490058,,,,,
山口県,,山口県,,訪問看護ステーション心萩,ホウモンカンゴステーションコハギ,訪問看護,萩市椿東2531－1,,34.411781,131.413788,0838-25-8001,,0838-25-8901,,株式会社訪問看護ステーション心萩,3560490074,,,,,
山口県,,山口県,,岩国市錦介護老人保健施設あさぎりの郷,イワクニシニシキカイゴロウジンホケンシセツアサギリノゴウ,訪問リハビリテーション,岩国市錦町広瀬705,,34.274345,131.921814,0827-71-1111,,0827-71-1112,,社会福祉法人 錦福祉会,3550880045,,,,,
山口県,,山口県,,老人保健施設桜の園,ロウジンホケンシセツサクラノソノ,訪問リハビリテーション,岩国市下342－1,,34.169106,132.095917,0827-47-3100,,0827-47-3210,,医療法人 新生会,3550880003,,,,,
山口県,,山口県,,老人保健施設くが,ロウジンホケンシセツクガ,訪問リハビリテーション,岩国市玖珂町3813－6,,34.100464,132.092773,0827-82-0500,,0827-82-0736,,社会福祉法人 高森福祉会,3557280017,,,,,
山口県,,山口県,,老人保健施設ふれんず,ロウジンホケンシセツフレンズ,訪問リハビリテーション,岩国市今津町1－11－23,,34.166946,132.220749,0827-21-5150,,0827-21-5133,,医療法人社団 まりふ会,3550880029,,,,,
山口県,,山口県,,介護老人保健施設 ケアセンターゆうわ,カイゴロウジンホケンシセツ ケアセンターユウワ,訪問リハビリテーション,柳井市伊保庄字近長浜1－4,,33.930088,132.116165,0820-27-6001,,0820-27-0800,,社会福祉法人 恒和会,3551280013,,,,,
山口県,,山口県,,介護老人保健施設まつかぜ,カイゴロウジンホケンシセツマツカゼ,訪問リハビリテーション,柳井市余田3718,,33.958447,132.067291,0820-23-3370,,0820-23-3595,,医療法人 松栄会,3551280005,,,,,
山口県,,山口県,,介護老人保健施設そよかぜ,カイゴロウジンホケンシセツソヨカゼ,訪問リハビリテーション,熊毛郡田布施町宿井414－5,,33.973915,132.020782,0820-51-2100,,0820-51-2102,,医療法人 松栄会,3557380015,,,,,
山口県,,山口県,,介護老人保健施設なでしこ,カイゴロウジンホケンシセツナデシコ,訪問リハビリテーション,熊毛郡平生町平生村895,,33.945328,132.07637,0820-57-3800,,0820-56-8181,,医療法人 松栄会,3557380023,,,,,
山口県,,山口県,,介護老人保健施設ふくしの里,カイゴロウジンホケンシセツフクシノサト,訪問リハビリテーション,下松市生野屋南1－10－1,,34.032719,131.876617,0833-45-3360,,0833-45-3361,,社会医療法人 同仁会,3550780013,,,,,
山口県,,山口県,,介護老人保健施設しまた川苑,カイゴロウジンホケンシセツシマタガワエン,訪問リハビリテーション,光市島田5－3－2,,33.980576,131.940109,0833-77-3000,,0833-77-3001,,医療法人 愛命会,3551080009,,,,,
山口県,,山口県,,老人保健施設ひまわり苑,ロウジンホケンシセツヒマワリエン,訪問リハビリテーション,周南市新地3－5－1,,34.068966,131.788528,0834-21-1000,,0834-31-5520,,医療法人社団 高橋内科,3550580017,,,,,
山口県,,山口県,,老人保健施設 温泉の里,ロウジンホケンシセツ　ユノノサト,訪問リハビリテーション,周南市湯野4204－1,,34.094482,131.675171,0834-83-3413,,0834-83-3415,,医療法人 治徳会,3550580025,,,,,
山口県,,山口県,,独立行政法人地域医療機能推進機構徳山中央病院附属介護老人保健施設,ドクリツギョウセイホウジンチイキイリョウキノウスイシンキコウトクヤマチュウオウビョウインフゾクカイゴロウジンホケンシセツ,訪問リハビリテーション,周南市孝田町1－1,,34.047676,131.83287,0834-28-8686,,0834-29-3916,,独立行政法人地域医療機能推進機構,3550580009,,,,,
山口県,,山口県,,介護老人保健施設 なごやか熊毛,カイゴロウジンホケンシセツ ナゴヤカクマゲ,訪問リハビリテーション,周南市高水原2－7－21,,34.054207,131.973541,0833-92-0331,,0833-92-0332,,医療法人社団 生和会,3551580024,,,,,
山口県,,山口県,,老人保健施設春の里,ロウジンホケンシセツハルノサト,訪問リハビリテーション,周南市羽島1－2－23,,34.073582,131.726776,0834-61-2000,,0834-61-2002,,医療法人 松仁会,3551480001,,,,,
山口県,,山口県,,介護老人保健施設 あおぞら,カイゴロウジンホケンシセツ アオゾラ,訪問リハビリテーション,周南市栗屋字二葉屋開作1022－76,,34.013332,131.813354,0834-36-3366,,0834-36-3367,,医療法人 松栄会,3551580032,,,,,
山口県,,山口県,,周南市介護老人保健施設 ゆめ風車,シュウナンシカイゴロウジンホケンシセツ　ユメフウシャ,訪問リハビリテーション,周南市宮の前2－6－27,,34.072559,131.763748,0834-61-3092,,0834-61-2501,,周南市,3551580016,,,,,
山口県,,山口県,,訪問リハビリテーション事業所防府幸楽苑,ホウモンリハビリテーションジギョウショホウフコウラクエン,訪問リハビリテーション,防府市台道1634－1,,34.069256,131.492813,0835-28-3323,,0835-32-3220,,医療法人 和同会,3550680007,,,,,
山口県,,山口県,,老人保健施設ハートホーム山口 訪問リハ,ロウジンホケンシセツハートホームヤマグチ ホウモンリハ,訪問リハビリテーション,山口市吉敷中東1－1－2,,34.167183,131.447418,083-933-6000,,083-933-6007,,医療法人社団 青藍会,3550380061,,,,,
山口県,,山口県,,介護老人保健施設アーユス訪問リハ,カイゴロウジンホケンシセツアーユスホウモンリハ,訪問リハビリテーション,山口市大内矢田北5－10－1,,34.155212,131.510132,083-927-8363,,083-927-8366,,医療法人社団 水生会,3550380046,,,,,
山口県,,山口県,,介護老人保健施設 昭和町共生苑,カイゴロウジンホケンシセツショウワマチキョウセイエン,訪問リハビリテーション,宇部市昭和町2－12－12,,33.939186,131.255157,0836-31-4131,,0836-31-2399,,医療法人 仁心会,3550280022,,,,,
山口県,,山口県,,老人保健施設 老健ふなき,ロウジンホケンシセツ ロウケンフナキ,訪問リハビリテーション,宇部市船木833,,34.049004,131.193573,0836-67-1665,,0836-67-1685,,医療法人 扶老会,3557780008,,,,,
山口県,,山口県,,介護老人保健施設寿光園,カイゴロウジンホケンシセツジュコウエン,訪問リハビリテーション,宇部市妻崎開作789ノに470－3,,33.979202,131.202072,0836-44-4500,,0836-44-4160,,医療法人 博愛会,3550280030,,,,,
山口県,,山口県,,介護老人保健施設 ぺあれんと,カイゴロウジンホケンシセツ ペアレント,訪問リハビリテーション,宇部市浜町2－1－3,,33.964874,131.238449,0836-36-1170,,0836-36-1171,,医療法人 博愛会,3550280048,,,,,
山口県,,山口県,,介護老人保健施設福寿苑,カイゴロウジンホケンシセツフクジュエン,訪問リハビリテーション,長門市日置中2488－3,,34.374348,131.098846,0837-37-3912,,0837-37-3925,,医療法人社団 福寿会,3558080002,,,,,
山口県,,山口県,,医療法人社団 成蹊会 老人保健施設サンライズ２１,イリョウホウジンシャダン セイケイカイ ロウジンホケンシセツサンライズ２１,訪問リハビリテーション,長門市東深川889－1,,34.377045,131.186584,0837-23-0021,,0837-23-0023,,医療法人社団 成蹊会,3551180015,,,,,
山口県,,山口県,,医療法人社団慈生会介護老人保健施設徳寿園,イリョウホウジンシャダンジセイカイカイゴロウジンホケンシセツトクジュエン,訪問リハビリテーション,萩市山田4147－1,,34.397305,131.382416,0838-22-0118,,0838-22-0132,,医療法人社団 慈生会,3550480010,,,,,
山口県,,山口県,,平成デイサービスセンター平田,ヘイセイデイサービスセンターヒラタ,通所介護,岩国市平田5－31－7,,34.140362,132.190521,0827-34-1111,,0827-34-1115,,社会福祉法人 平成記念会,3570800262,,,50名,,
山口県,,山口県,,高森苑デイサービスセンター,タカモリエンデイサービスセンター,通所介護,岩国市周東町西長野621－1,,34.087597,132.027634,0827-84-3747,,0827-84-1401,,社会福祉法人 高森福祉会,3577200268,,,29名,,
山口県,,山口県,,玖珂苑デイサービスセンター,クガエンデイサービスセンター,通所介護,岩国市玖珂町3813－6,,34.100464,132.092773,0827-82-0555,,0827-82-0736,,社会福祉法人 高森福祉会,3577200276,,,29名,,
山口県,,山口県,,美和苑デイサービスセンター,ミワエンデイサービスセンター,通所介護,岩国市美和町生見12538,,34.247898,132.086365,0827-96-1130,,0827-96-0419,,社会福祉法人 美和福祉会,3577200318,,,30名,,
山口県,,山口県,,錦苑デイサービスセンター,ニシキエンデイサービスセンター,通所介護,岩国市錦町広瀬758,,34.274345,131.921814,0827-72-3523,,0827-72-3562,,社会福祉法人 錦福祉会,3577200326,,,30名,,
山口県,,山口県,,緑風荘デイサービスセンター,リョクフウソウデイサービスセンター,通所介護,岩国市由宇町3018－1,,34.035919,132.176926,0827-62-1122,,0827-62-1123,,社会福祉法人 緑風会,3577200375,,,25名,,
山口県,,山口県,,平成デイサービスセンター黒磯,ヘイセイデイサービスセンタークロイソ,通所介護,岩国市黒磯町2－50－14,,34.10331,132.194519,0827-34-2255,,0827-34-2258,,社会福祉法人 平成記念会,3570800403,,,35名,,
山口県,,山口県,,デイサービスセンターさくらんぼ麻里布,デイサービスセンターサクランボマリフ,通所介護,岩国市室の木町1－1－50,,34.172237,132.213684,0827-29-3838,,0827-29-3830,,医療法人新生会,3570800437,,,(1) 40名、(2) 45名,,
山口県,,山口県,,いしいケア・クリニック デイサービスセンター のぞみ,イシイケア・クリニック デイサービスセンター ノゾミ,通所介護,岩国市麻里布町3－5－5,,34.170181,132.222794,0827-29-0708,,0827-29-0706,,医療法人新生会,3570800486,,,50名,,
山口県,,山口県,,デイサービスセンターなごみ,デイサービスセンターナゴミ,通所介護,岩国市昭和町2－18－23,,34.175121,132.231964,0827-30-1455,,0827-30-1456,,医療法人 和会,3570800510,,,25名,,
山口県,,山口県,,ウェルネス,ウェルネス,通所介護,岩国市南岩国町1－18－20,,34.136539,132.202591,0827-34-2333,,0827-34-2334,,特定非営利活動法人 アイムウェルネス,3570800916,,,(1) 45名、(2) 45名,,
山口県,,山口県,,有限会社 渡辺薬局 在宅ケアサービス 本通りデイサービス,ユウゲンガイシャ ワタナベヤッキョク　ザイタクケアサービス　ホンドオリデイサービス,通所介護,岩国市麻里布町2－1－9,,34.17123,132.224487,0827-30-5188,,0827-30-1555,,有限会社 渡辺薬局,3570800148,,,30名,,
山口県,,山口県,,せんぞく苑デイサービスセンター,センゾクエンデイサービスセンター,通所介護,岩国市周東町下久原443－6,,34.096893,132.045563,0827-83-0100,,0827-83-0155,,社会福祉法人 高森福祉会,3577200854,,,29名,,
山口県,,山口県,,デイサービスセンターあかしあ,デイサービスセンターアカシア,通所介護,岩国市今津町1－10－9,,34.16708,132.22084,0827-30-0802,,0827-23-7100,,有限会社 サンメディカル,3570800999,,,28名,,
山口県,,山口県,,デイサービスセンター かえで,デイサービスセンター カエデ,通所介護,岩国市南岩国町4－59－5－1,,34.131073,132.196991,0827-34-2777,,0827-34-2888,,有限会社岩国メディカルサポート,3570801021,,,32名,,
山口県,,山口県,,岩国デイサービスセンターにしみ苑,イワクニデイサービスセンターニシミエン,通所介護,岩国市錦見2－6－12,,34.166702,132.192581,0827-43-3763,,0827-43-2395,,社会福祉法人 岩国市社会福祉協議会,3570801161,,,40名,,
山口県,,山口県,,デイサービスセンター つづの里,デイサービスセンター ツヅノサト,通所介護,岩国市通津11117－297,,34.073696,132.182037,0827-39-1025,,0827-39-1026,,社会福祉法人 通津南和会,3570801294,,,30名,,
山口県,,山口県,,渡辺薬局デイサービスセンターなごやか,ワタナベヤッキョクデイサービスセンターナゴヤカ,通所介護,岩国市麻里布町5－3－8,,34.173931,132.223831,0827-22-4165,,0827-21-1165,,有限会社渡辺薬局,3570801609,,,30名,,
山口県,,山口県,,シンシアゆうわデイサービスセンター,シンシアユウワデイサービスセンター,通所介護,岩国市藤生町3－27－8,,34.120247,132.190186,0827-34-6002,,0827-34-6011,,社会福祉法人 恒和会,3570801740,,,25名,,
山口県,,山口県,,寺迫デイサービスセンター,テラサコデイサービスセンター,通所介護,岩国市由宇町3918－1,,34.035919,132.176926,0827-63-6611,,0827-63-6633,,特定非営利活動法人 サポートゆう,3570802110,,,25名,,
山口県,,山口県,,デイサービス一楽 通津,デイサービスイチラク ツヅ,通所介護,岩国市通津2409－1,,34.073696,132.182037,0827-38-2081,,0827-38-2081,,有限会社 一楽,3570802136,,,19名,,
山口県,,山口県,,グラントリハビリセンター,グラントリハビリセンター,通所介護,岩国市麻里布6－10－32,,34.173817,132.2258,0827-28-5026,,0827-28-5056,,株式会社ＧＲＡＮＴ,3570802151,,,(1) 27名、(2) 27名、(3) 20名、(4) 20名,,
山口県,,山口県,,ウェルネス通津,ウェルネスツヅ,通所介護,岩国市保津町2－9－33,,34.07925,132.208832,0827-30-9866,,0827-30-9867,,特定非営利活動法人 アイムウェルネス,3570802292,,,(1) 35名、(2) 35名,,
山口県,,山口県,,デイサービスのびのび,デイサービスノビノビ,通所介護,岩国市周東町上久原1121－12,,34.078671,132.067368,0827-28-6929,,0827-28-6918,,株式会社ジェントルライフ,3570802326,,,20名,,
山口県,,山口県,,岩国ケアセンターそよ風,イワクニケアセンターソヨカゼ,通所介護,岩国市今津町1－12－27,,34.166565,132.221161,0827-29-0377,,0827-29-0378,,株式会社ＳＯＹＯＫＡＺＥ,3570802342,,,35名,,
山口県,,山口県,,デイサービスわくわく,デイサービスワクワク,通所介護,岩国市麻里布町5－15－27,,34.175346,132.222778,0827-35-5456,,0827-35-5475,,株式会社もういちど,3570802425,,,19名,,
山口県,,山口県,,デイサービスセンター松風苑,デイサービスセンターショウフウエン,通所介護,柳井市余田3762－1,,33.98584,132.067093,0820-23-6363,,0820-23-6365,,社会福祉法人 松風会,3571200082,,,35名,,
山口県,,山口県,,あそか苑デイサービスセンター,アソカエンデイサービスセンター,通所介護,柳井市日積3213,,34.00214,132.161804,0820-28-6600,,0820-28-5016,,社会福祉法人 最勝会,3571200124,,,30名,,
山口県,,山口県,,ゆうわ苑デイサービスセンター,ユウワエンデイサービスセンター,通所介護,柳井市伊保庄1－4,,33.930088,132.116165,0820-27-6001,,0820-27-0800,,社会福祉法人 恒和会,3571200165,,,40名,,
山口県,,山口県,,デイサービス 風車,デイサービス フウシャ,通所介護,柳井市伊保庄5214－18,,33.957138,132.096802,0820-22-4813,,0820-22-4883,,有限会社 風車,3571200348,,,35名,,
山口県,,山口県,,デイサービスセンターありがとう やない,デイサービスセンターアリガトウ ヤナイ,通所介護,柳井市遠崎7－1,,33.96254,132.148834,0820-25-3636,,0820-25-3658,,株式会社 無尽蔵,3571200728,,,27名,,
山口県,,山口県,,デイサービス おおひら,デイサービス オオヒラ,通所介護,柳井市中央1－9－8,,33.965256,132.108994,0820-25-0002,,0820-25-3939,,大平 有限会社,3571200736,,,25名,,
山口県,,山口県,,デイサービスセンター福寿苑,デイサービスセンターフクジュエン,通所介護,大島郡周防大島町久賀5142－1,,33.937672,132.266953,0820-72-2751,,0820-72-2533,,社会福祉法人 慈光福祉会,3577100161,,,25名,,
山口県,,山口県,,東和在宅老人デイサービスセンター,トウワザイタクロウジンデイサービスセンター,通所介護,大島郡周防大島町西方1623－2,,33.885509,132.357452,0820-78-0117,,0820-78-5115,,社会福祉法人 大島白壽會,3577100237,,,30名,,
山口県,,山口県,,デイサービス おひさん,デイサービス オヒサン,通所介護,大島郡周防大島町日前1568－2,,33.923691,132.291138,0820-73-0023,,0820-73-0045,,有限会社 サンスカイ,3577100781,,,20名,,
山口県,,山口県,,デイサービスＮＩＪＩ,デイサービスＮＩＪＩ,通所介護,大島郡周防大島町西三蒲1793－6,,33.948467,132.206985,0820-74-3255,,0820-74-3256,,株式会社スマイル,3577100799,,,25名,,
山口県,,山口県,,たぶせ苑デイサービスセンター,タブセエンデイサービスセンター,通所介護,熊毛郡田布施町宿井406,,33.965446,132.027832,0820-53-1294,,0820-53-2940,,社会福祉法人 施福会,3577300282,,,30名,,
山口県,,山口県,,デイサービスセンター アットホーム,デイサービスセンター アットホーム,通所介護,熊毛郡田布施町麻郷776－68,,33.942165,132.053909,0820-53-0111,,0820-53-0119,,有限会社 アットホーム,3577300357,,,30名,,
山口県,,山口県,,デイサービスセンター サポートたぶせ,デイサービスセンター サポートタブセ,通所介護,熊毛郡田布施町下田布施806,,33.951309,132.050461,0820-51-0070,,0820-52-0080,,医療法人 社団光仁会,3577300431,,,25名,,
山口県,,山口県,,やまびこデイサービスセンター,ヤマビコデイサービスセンター,通所介護,熊毛郡田布施町下田布施963－1,,33.951309,132.050461,0820-25-3732,,0820-53-3131,,合同会社やまびこ,3577300738,,,20名,,
山口県,,山口県,,デイサービスセンター ブリスケア田布施,デイサービスセンター ブリスケアタブセ,通所介護,熊毛郡田布施町波野433－1,,33.969086,132.042664,0820-52-6660,,0820-52-6677,,株式会社ブリスホーム,3577300761,,,20名,,
山口県,,山口県,,平生町社会福祉協議会,ヒラオチョウシャカイフクシキョウギカイ,通所介護,熊毛郡平生町平生村618－2,,33.945328,132.07637,0820-56-8200,,0820-56-8220,,社会福祉法人 平生町社会福祉協議会,3577300027,,,40名,,
山口県,,山口県,,デイサービスセンター ブリスケア平生,デイサービスセンター　ブリスケアヒラオ,通所介護,熊毛郡平生町平生角浜568－18,,33.945328,132.07637,0820-56-8880,,0820-56-8900,,株式会社ブリスホーム,3577300712,,,19名,,
山口県,,山口県,,松寿苑デイサービスセンター,ショウジュエンデイサービスセンター,通所介護,下松市来巻944－1,,34.014561,131.923477,0833-47-0753,,0833-47-1222,,社会福祉法人 幸洋福祉会,3570700082,,,35名,,
山口県,,山口県,,ほしのさとデイサービスセンター,ホシノサトデイサービスセンター,通所介護,下松市生野屋南1－13－1,,34.032597,131.874741,0833-45-3100,,0833-45-3200,,社会福祉法人 くだまつ平成会,3570700124,,,35名,,
山口県,,山口県,,さくら苑デイサービスセンター,サクラエンデイサービスセンター,通所介護,下松市瑞穂町2－21－1,,34.024117,131.851822,0833-44-4515,,0833-44-4516,,医療法人社団 二三会,3570700264,,,75名,,
山口県,,山口県,,生活リハビリセンター 友・遊,セイカツリハビリセンター　ユウ・ユウ,通所介護,下松市河内1897,,34.012997,131.897705,0833-45-6501,,0833-43-6581,,有限会社 誠心会,3570700371,,,35名,,
山口県,,山口県,,きくやデイサービス,キクヤデイサービス,通所介護,下松市中島町2－1－50,,34.017719,131.86264,0833-44-5811,,0833-44-5812,,株式会社 Ｍ．Ｃ．Ｓ．,3570700439,,,40名,,
山口県,,山口県,,ニチイケアセンター下松,ニチイケアセンタークダマツ,通所介護,下松市せせらぎ町1－2－31,,34.014999,131.870285,0833-48-1080,,0833-48-1081,,株式会社 ニチイ学館,3570700454,,,24名,,
山口県,,山口県,,来歩リハビリステージ,ライフリハビリステージ,通所介護,下松市古川町4－5－7,,34.006332,131.87146,0833-48-3501,,0833-48-3502,,株式会社総合リハビリテーション研究所,3570700579,,,(1) 30名、(2) 30名、(3) 30名,,
山口県,,山口県,,デイサービスセンター ブリスケア,デイサービスセンター ブリスケア,通所介護,下松市望町1－11－28,,34.027889,131.861099,0833-48-1088,,0833-48-1089,,株式会社ブリスホーム,3570700702,,,34名,,
山口県,,山口県,,デイサービスマル,デイサービスマル,通所介護,下松市来巻951－3,,34.024227,131.930954,0833-46-2668,,0833-47-2778,,株式会社マル,3570700793,,,35名,,
山口県,,山口県,,デイサービスセンターねがい星,デイサービスセンターネガイボシ,通所介護,下松市東陽6－1－1,,34.031921,131.91394,0833-46-0015,,0833-46-0030,,株式会社ハーモニーケア,3570700827,,,25名,,
山口県,,山口県,,のんびり村花岡デイサービスセンター,ノンビリムラハナオカデイサービスセンター,通所介護,下松市末武上久保田1800－1,,34.043716,131.869751,0833-48-3388,,0833-48-2288,,株式会社ホームケアサービス山口,3570700868,,,30名,,
山口県,,山口県,,デイサービス Ｓａｎｋｏ,デイサービス Ｓａｎｋｏ,通所介護,下松市瑞穂町4－16－16,,34.025043,131.846848,0833-48-8882,,0833-41-8200,,株式会社 Ｍ．Ｃ．Ｓ．,3570700959,,,39名,,
山口県,,山口県,,デイサービスセンターいこい,デイサービスセンターイコイ,通所介護,下松市大手町2－10－29,,34.012806,131.867767,0833-43-3240,,0833-44-9204,,株式会社もういちど,3570700967,,,19名,,
山口県,,山口県,,ＪＡデイサービス生野屋,ＪＡデイサービスイクノヤ,通所介護,下松市生野屋南3－8－3,,34.035412,131.894043,0833-45-2294,,0833-43-3294,,ＪＡ協同サポート山口株式会社,3570701007,,,38名,,
山口県,,山口県,,ＪＡデイサービス久保,ＪＡデイサービスクボ,通所介護,下松市大河内735,,34.012375,131.865997,0833-47-2294,,0833-46-3781,,ＪＡ協同サポート山口株式会社,3570701015,,,38名,,
山口県,,山口県,,デイサービスセンター 星ひろば,デイサービスセンター ホシヒロバ,通所介護,下松市古川町3－1－2,,34.007442,131.872314,0833-48-8545,,0833-44-9512,,社会福祉法人 緑山会,3570701049,,,110名,,
山口県,,山口県,,デイサービスセンター笠戸,デイサービスセンターカサド,通所介護,下松市笠戸島10032－38,,33.960022,131.854721,0833-52-1155,,0833-52-1157,,有限会社誠心会,3570701155,,,30名,,
山口県,,山口県,,多機能型事業所来歩,タキノウガタジギョウショライフ,通所介護,下松市西柳3－4－27,,34.01564,131.866653,0833-45-3600,,0833-45-3620,,株式会社総合リハビリテーション研究所,3570701197,,,20名,,
山口県,,山口県,,光富士白苑デイサービスセンター,ヒカリフジシロエンデイサービスセンター,通所介護,光市虹ケ浜2－5－12,,33.96899,131.918381,0833-71-1788,,0833-71-1811,,社会福祉法人 光富士白苑,3571000052,,,40名,,
山口県,,山口県,,光寿苑デイサービスセンター,コウジュエンデイサービスセンター,通所介護,光市室積沖田5－1,,33.935333,131.974075,0833-79-0777,,0833-48-8229,,社会福祉法人 光寿福祉会,3571000060,,,25名,,
山口県,,山口県,,やまと苑デイサービスセンター,ヤマトエンデイサービスセンター,通所介護,光市岩田267,,33.982563,131.988388,0820-48-4333,,0820-48-5032,,社会福祉法人 大和福祉会,3577300175,,,35名,,
山口県,,山口県,,ニチイケアセンター光,ニチイケアセンターヒカリ,通所介護,光市木園1－5－32,,33.978184,131.929779,0833-74-2888,,0833-74-2891,,株式会社 ニチイ学館,3571000177,,,24名,,
山口県,,山口県,,デイサービス風車ひかり,デイサービスフウシャヒカリ,通所介護,光市光ヶ丘4－5,,33.981144,131.920639,0833-48-8085,,0833-74-1222,,有限会社 風車,3571000565,,,100名,,
山口県,,山口県,,デイサービスセンターひかり苑,デイサービスセンターヒカリエン,通所介護,光市三井1046－1,,33.99807,131.944122,0833-76-1170,,0833-76-1163,,社会福祉法人 ひかり苑,3571000573,,,35名,,
山口県,,山口県,,デイサービスセンターきくや,デイサービスセンターキクヤ,通所介護,光市立野1403－1,,34.005192,131.972534,0833-77-0185,,0833-77-0189,,菊屋産業株式会社,3571000680,,,20名,,
山口県,,山口県,,デイサービス美ら海,デイサービスチュラミ,通所介護,光市室積8－3－1,,33.920994,131.969467,0833-79-3322,,0833-79-3333,,株式会社ミズタ,3571000722,,,30名,,
山口県,,山口県,,さくらデイサービス光,サクラデイサービスヒカリ,通所介護,光市中央3－7－18,,33.957432,131.945572,0833-71-0787,,0833-71-0778,,株式会社マストコーポレーション,3571000763,,,30名,,
山口県,,山口県,,デイサービスセンター きらら 光,デイサービスセンター キララ ヒカリ,通所介護,光市小周防1656－8,,34.018436,131.978043,0833-76-0550,,0833-76-0551,,特定非営利活動法人 優喜会,3571000821,,,28名,,
山口県,,山口県,,在宅リハビリテーション光ケ丘,ザイタクリハビリテーションヒカリガオカ,通所介護,光市光ケ丘5－18,,33.981831,131.918854,0833-74-1201,,0833-74-1202,,社会福祉法人 ひかり苑,3571000870,,,32名,,
山口県,,山口県,,指定通所介護事業所ほっとはーと,シテイツウショカイゴジギョウショホットハート,通所介護,光市虹ケ浜1－1－10,,33.973976,131.920197,0833-48-7165,,0833-48-7155,,株式会社Ｓ．Ｋ．Ｇ,3571000912,,,28名,,
山口県,,山口県,,やすらぎ苑デイサービスセンター,ヤスラギエンデイサービスセンター,通所介護,周南市湯野158,,34.097805,131.684372,0834-83-3711,,0834-83-3438,,社会福祉法人 仁泉会,3570500219,,,23名,,
山口県,,山口県,,周南高原デイサービスセンター,シュウナンコウゲンデイサービスセンター,通所介護,周南市須々万本郷29－2,,34.112503,131.864151,0834-88-2766,,0834-88-2769,,社会福祉法人 緑山会,3570500250,,,35名,,
山口県,,山口県,,つづみ園デイサービスセンター,ツヅミエンデイサービスセンター,通所介護,周南市瀬戸見町12－30,,34.050682,131.832703,0834-34-5000,,0834-34-8883,,社会福祉法人周南市社会福祉事業団,3570500318,,,40名,,
山口県,,山口県,,周南市新南陽デイサービスセンター,シュウナンシシンナンヨウデイサービスセンター,通所介護,周南市古川町1－17,,34.069176,131.777283,0834-62-6303,,0834-62-1305,,社会福祉法人 新南陽福祉の会,3571400054,,,30名,,
山口県,,山口県,,天王園デイサービスセンター,テンノウエンデイサービスセンター,通所介護,周南市大河内1109－2,,34.025928,131.940994,0833-91-6679,,0833-91-6679,,社会福祉法人 一仁会,3577300159,,,40名,,
山口県,,山口県,,ニチイケアセンター菊川,ニチイケアセンターキクガワ,通所介護,周南市下上644－1,,34.084961,131.778488,0834-61-2800,,0834-61-2811,,株式会社 ニチイ学館,3570500441,,,32名,,
山口県,,山口県,,ケアパートナー周南,ケアパートナーシュウナン,通所介護,周南市秋月3－18－11,,34.058716,131.831863,0834-39-0466,,0834-28-4556,,ケアパートナー株式会社,3571500101,,,60名,,
山口県,,山口県,,デイサービスセンターふじ周南,デイサービスセンターフジシュウナン,通所介護,周南市築港町12－1,,34.048862,131.802155,0834-27-2211,,0834-32-2551,,株式会社不二ビルサービス,3571500143,,,40名,,
山口県,,山口県,,デイサービスセンター こもれび苑,デイサービスセンター コモレビエン,通所介護,周南市久米2668,,34.051853,131.85611,0834-39-0333,,0834-28-0022,,エポックワン有限会社,3571500341,,,40名,,
山口県,,山口県,,デイサービスＹｏｕ,デイサービスＹｏｕ,通所介護,周南市夜市720－1,,34.081734,131.715881,0834-61-2900,,0834-61-2911,,医療法人 竹内医院,3571500374,,,25名,,
山口県,,山口県,,三丘温泉デイサービスセンター,ミツオオンセンデイサービスセンター,通所介護,周南市小松原1233－3,,34.040073,132.00824,0833-92-1600,,0833-91-1200,,株式会社 山陽グローバルパートナーズ,3571500655,,,80名,,
山口県,,山口県,,デイサービスセンター 元気村,デイサービスセンター ゲンキムラ,通所介護,周南市湯野27,,34.097805,131.684372,0834-82-0777,,0834-82-0888,,医療法人社団 生和会,3571500804,,,(1) 45名、(2) 45名,,
山口県,,山口県,,デイサービスセンターめぐみ苑,デイサービスセンターメグミエン,通所介護,周南市久米2665－7,,34.051853,131.85611,0834-28-0055,,0834-28-0022,,エポックワン有限会社,3571500911,,,35名,,
山口県,,山口県,,デイサービスセンター かがやき,デイサービスセンター カガヤキ,通所介護,周南市大河内字一連2115－18,,34.026196,131.960434,0833-91-7776,,0833-91-7767,,合同会社 かがやき,3571500945,,,25名,,
山口県,,山口県,,デイサービスセンターわかくさ,デイサービスセンターワカクサ,通所介護,周南市緑町1－53－4,,34.058117,131.804123,0834-33-2323,,0834-33-2335,,医療法人社団 高橋内科,3571500952,,,25名,,
山口県,,山口県,,デイサービス エリー,デイサービス エリー,通所介護,周南市野上町2－27,,34.056583,131.800522,0834-32-6122,,0834-33-8113,,有限会社エリー,3571501091,,,35名,,
山口県,,山口県,,デイサービス呼鶴温泉,デイサービスヨビヅルオンセン,通所介護,周南市安田1815,,34.047436,131.968735,0833-92-1115,,0833-92-1116,,有限会社誠心会,3571501109,,,(1) 35名、(2) 15名,,
山口県,,山口県,,デイサービスきらきら星,デイサービスキラキラボシ,通所介護,周南市川崎3－19－24,,34.07037,131.781601,0834-82-1470,,0834-82-1471,,株式会社ケイエイコーポレーション,3571501174,,,(1) 35名、(2) 25名,,
山口県,,山口県,,ＪＡケアビレッジ・デイ新南陽,ＪＡケアビレッジ・デイシンナンヨウ,通所介護,周南市古泉2－16－1,,34.067078,131.768402,0834-61-2222,,0834-62-2030,,ＪＡ協同サポート山口株式会社,3571501455,,,38名,,
山口県,,山口県,,ＪＡデイサービスとんだ,ＪＡデイサービストンダ,通所介護,周南市清水1－9－5,,34.070648,131.76915,0834-61-3400,,0834-61-3450,,ＪＡ協同サポート山口株式会社,3571501463,,,(1) 45名、(2) 20名、(3) 20名,,
山口県,,山口県,,ＪＡデイサービスとくやま,ＪＡデイサービストクヤマ,通所介護,周南市徳山三田川5825－8,,34.073544,131.822449,0834-27-4330,,0834-27-2951,,ＪＡ協同サポート山口株式会社,3571501471,,,38名,,
山口県,,山口県,,デイサービスセンター ほほえみ,デイサービスセンター ホホエミ,通所介護,周南市徳山5529,,34.062962,131.824585,0834-21-2424,,0834-21-2121,,株式会社ネクストウイル,3571501802,,,30名,,
山口県,,山口県,,デイサービスセンター ブリスケア徳山,デイサービスセンター ブリスケアトクヤマ,通所介護,周南市都町1－48,,34.054211,131.800949,0834-34-8612,,0834-34-8614,,株式会社ブリスホーム,3571501836,,,19名,,
山口県,,山口県,,ツクイ周南久米,ツクイシュウナンクメ,通所介護,周南市久米中央4－9－24,,34.035904,131.839722,0834-36-2911,,0834-36-2912,,株式会社ツクイ,3571501927,,,50名,,
山口県,,山口県,,デイサービスクローネ中須,デイサービスクローネナカズ,通所介護,周南市中須南2553－13,,34.107216,131.916412,0834-89-5100,,0834-89-5111,,株式会社クローネ山口,3571501935,,,19名,,
山口県,,山口県,,呼鶴温泉つるの里,ヨビヅルオンセンツルノサト,通所介護,周南市安田下反田1809－1,,34.039783,131.973007,0833-44-7500,,0833-44-7501,,有限会社誠心会,3571501976,,,32名,,
山口県,,山口県,,防府あかり園デイサービスセンター,ホウフアカリエンデイサービスセンター,通所介護,防府市台道1671,,34.052521,131.480865,0835-32-1878,,0835-32-0820,,社会福祉法人 博愛会,3570600142,,,(1) 55名、(2) 25名,,
山口県,,山口県,,岸津苑デイサービスセンター,キシヅエンデイサービスセンター,通所介護,防府市岸津2－24－20,,34.049118,131.593491,0835-21-8834,,0835-21-8839,,社会福祉法人 周陽福祉会,3570600175,,,(1) 29名、(2) 25名,,
山口県,,山口県,,ライフケア高砂デイサービスセンター,ライフケアタカサゴデイサービスセンター,通所介護,防府市上右田334,,34.096363,131.567978,0835-22-5500,,0835-22-5504,,社会福祉法人 ライフケア高砂,3570600266,,,30名,,
山口県,,山口県,,ヘスティア華城デイサービスセンター,ヘスティアハナギデイサービスセンター,通所介護,防府市伊佐江1039－1,,34.039661,131.544266,0835-27-1133,,0835-27-1135,,社会福祉法人 華世会,3570600340,,,40名,,
山口県,,山口県,,デイサービス ワンエフ,デイサービス ワンエフ,通所介護,防府市石が口1－3－42,,34.044601,131.564209,0835-27-6203,,0835-27-6208,,有限会社 ワンエフ,3570600662,,,25名,,
山口県,,山口県,,デイサービスセンター たまのや,デイサービスセンター タマノヤ,通所介護,防府市佐野152－1,,34.057476,131.518448,0835-27-6870,,0835-27-6606,,社会福祉法人 ひとつの会,3570600837,,,52名,,
山口県,,山口県,,生活処 遊夢庵,セイカツドコロ　ユウムアン,通所介護,防府市中央町6－30,,34.049988,131.568176,0835-26-5150,,0835-38-5813,,有限会社 コミュニティケア防府,3570600894,,,20名,,
山口県,,山口県,,デイサービスセンター ふじ防府,デイサービスセンター フジホウフ,通所介護,防府市高倉1－14－1,,34.054611,131.557892,0835-38-3166,,0835-38-3188,,株式会社 不二ビルサービス,3570601017,,,40名,,
山口県,,山口県,,夢のみずうみ村防府デイサービスセンター,ユメノミズウミムラホウフデイサービスセンター,通所介護,防府市西浦2429－1,,34.01017,131.51059,0835-39-2201,,0835-39-2202,,株式会社 夢のみずうみ社,3570601025,,,85名,,
山口県,,山口県,,ケアパートナー防府,ケアパートナーホウフ,通所介護,防府市本橋町17－16,,34.067577,131.566086,0835-26-6767,,0835-24-4600,,ケアパートナー株式会社,3570601041,,,(1) 60名、(2) 30名,,
山口県,,山口県,,デイサービスセンター新田の楽さん家,デイサービスセンターシンデンノラクサンチ,通所介護,防府市新田966－1,,34.0285,131.565857,0835-27-2887,,0835-27-2886,,有限会社 楽さん家,3570601124,,,(1) 40名、(2) 27名,,
山口県,,山口県,,デイサービスセンター さわやか防府,デイサービスセンター　サワヤカホウフ,通所介護,防府市牟礼今宿1－21－27,,34.053814,131.600479,0835-21-1985,,0835-21-1981,,特定非営利活動法人さわやか防府,3570601157,,,19名,,
山口県,,山口県,,サンキ・ウエルビィ　デイサービスセンター防府,サンキ・ウエルビィ　デイサービスセンターホウフ,通所介護,防府市八王子2－8－8,,34.057621,131.568008,0835-21-8811,,0835-21-7824,,サンキ・ウエルビィ株式会社,3570601223,,,25名,,
山口県,,山口県,,デイサービスセンター オールケアー,デイサービスセンター オールケアー,通所介護,防府市沖今宿1－18－20,,34.048538,131.599991,0835-27-2826,,0835-27-2827,,株式会社 オールケアー,3570601322,,,30名,,
山口県,,山口県,,株式会社ピーエー デイサービスセンターゆうの風,カブシキガイシャピーエー　デイサービスセンターユウノカゼ,通所介護,防府市警固町1－6－42,,34.050232,131.578751,0835-28-0068,,0835-22-6206,,株式会社 ピーエー,3570601330,,,40名,,
山口県,,山口県,,デイサービスセンター元気の里,デイサービスセンターゲンキノサト,通所介護,防府市田島674－5,,34.02607,131.557327,0835-25-2341,,0835-28-0501,,有限会社創美,3570601348,,,(1) 35名、(2) 30名,,
山口県,,山口県,,康淳会 ナーシングホーム緑町,コウジュンカイ　ナーシングホームミドリマチ,通所介護,防府市緑町1－7－61,,34.054153,131.577988,0835-20-1615,,0835-20-1678,,医療法人 康淳会,3570601538,,,30名,,
山口県,,山口県,,デイサービスセンターおおひらの里,デイサービスセンターオオヒラノサト,通所介護,防府市江泊1790,,34.05368,131.608292,0835-38-5282,,0835-38-5374,,社会福祉法人 暁会,3570601553,,,30名,,
山口県,,山口県,,渚デイサービス,ナギサデイサービス,通所介護,防府市西浦2367－12,,34.009987,131.512741,0835-28-8668,,0835-28-8668,,株式会社 大樹,3570302038,,,19名,,
山口県,,山口県,,ＮＰＯさわやか中西,ＮＰＯサワヤカナカニシ,通所介護,防府市中西29－7,,34.061436,131.603973,0835-28-8171,,0835-28-8171,,特定非営利活動法人さわやか防府,3570601579,,,29名,,
山口県,,山口県,,デイサービスセンター元気の里２号館,デイサービスセンターゲンキノサト２ゴウカン,通所介護,防府市田島674－12,,34.02607,131.557327,0835-28-8455,,0835-28-8456,,有限会社創美,3570601611,,,30名,,
山口県,,山口県,,風の丘デイサービス,カゼノオカデイサービス,通所介護,防府市西浦2367－65,,34.009987,131.512741,0835-29-4017,,0835-29-0670,,株式会社 大樹,3570601660,,,(1) 26名、(2) 15名,,
山口県,,山口県,,デイサービス円笑,デイサービスマドエ,通所介護,防府市岸津2－14－50,,34.051453,131.595993,0835-28-8811,,0835-28-8817,,株式会社キャンズコーポレーション,3570601876,,,30名,,
山口県,,山口県,,ケアライフ防府デイサービスセンター,ケアライフホウフデイサービスセンター,通所介護,防府市下右田797－1,,34.070545,131.561478,0835-21-4165,,0835-21-3365,,有限会社ベストライフ,3570601884,,,60名,,
山口県,,山口県,,宅粋庵デイサービスセンター,タクスイアンデイサービスセンター,通所介護,防府市勝間2－10－30,,34.047943,131.585556,0835-28-8256,,0835-28-8257,,株式会社カインドリー・サポート,3570601926,,,(1) 30名、(2) 10名,,
山口県,,山口県,,ポシブル防府,ポシブルホウフ,通所介護,防府市新田818－3,,34.029846,131.563934,0835-20-2525,,0835-20-2526,,株式会社アクトライト,3570601967,,,60名,,
山口県,,山口県,,古民家デイサービスとのみ,コミンカデイサービストノミ,通所介護,防府市富海2519,,34.048042,131.641418,0835-34-1000,,0835-34-1088,,株式会社山口メディカル,3570601991,,,23名,,
山口県,,山口県,,デイサービスセンターフィラージュ開出,デイサービスセンターフィラージュカイデ,通所介護,防府市開出西町32－8,,34.050682,131.542435,0835-28-9302,,0835-28-9304,,社会福祉法人ひとつの会,3570602007,,,40名,,
山口県,,山口県,,デイサービス きたえるーむ防府中央,デイサービス キタエルームホウフチュウオウ,通所介護,防府市東三田尻1－1－1,,34.049446,131.574615,0835-28-7301,,0835-28-7332,,株式会社デイサービス山口,3570602213,,,(1) 25名、(2) 25名,,
山口県,,山口県,,デイサービスきたえるーむ防府北,デイサービスキタエルームホウフキタ,通所介護,防府市国衙5－11－6,,34.055344,131.589996,0835-28-7851,,0835-28-7852,,株式会社デイサービス山口,3570602221,,,(1) 25名、(2) 25名,,
山口県,,山口県,,なごみ処しゅしゅ,ナゴミドコロシュシュ,通所介護,防府市警固町1－14－40,,34.047951,131.580276,0835-28-1500,,0835-28-1510,,有限会社防府ケア・サービス,3570602262,,,25名,,
山口県,,山口県,,デイサービスおいでませ,デイサービスオイデマセ,通所介護,防府市江泊1987－143,,34.047749,131.604782,0835-28-1505,,0835-28-1506,,株式会社オールケアー,3570602353,,,34名,,
山口県,,山口県,,デイサービスふうき,デイサービスフウキ,通所介護,防府市国分寺町5－29,,34.06496,131.579437,0835-28-1990,,0835-28-1960,,株式会社富貴,3570602361,,,30名,,
山口県,,山口県,,デイサービスそよ風,デイサービスソヨカゼ,通所介護,防府市牟礼柳20－1,,34.056129,131.602325,0835-28-7718,,0835-28-7719,,株式会社豊友会,3570602379,,,20名,,
山口県,,山口県,,デイズしせい,デイズシセイ,通所介護,防府市台道3536－1,,34.052521,131.480865,0835-28-1123,,083-963-4320,,合同会社シセイ,3570602387,,,25名,,
山口県,,山口県,,ライフクラフトデイサービス丸山,ライフクラフトデイサービスマルヤマ,通所介護,防府市西浦1865－1,,34.022343,131.522385,0835-28-2332,,0835-29-2778,,株式会社エルクラフト,3570602445,,,25名,,
山口県,,山口県,,ａｃｏｔデイサービスセンター,ａｃｏｔデイサービスセンター,通所介護,防府市田島1943－4,,34.028763,131.540329,0835-28-1142,,0835-28-1144,,株式会社エルクラフト,3570602452,,,25名,,
山口県,,山口県,,ツクイ防府東,ツクイホウフヒガシ,通所介護,防府市国衙3－4－41,,34.055622,131.588394,0835-27-2922,,0835-27-2923,,株式会社ツクイ,3570602460,,,33名,,
山口県,,山口県,,ぴ～ぽ～倶楽部シニア健康運動サロン　防府店,ピ～ポ～クラブシニアケンコウウンドウサロン　ホウフテン,通所介護,防府市植松1869－12,,34.045277,131.520569,0835-38-3655,,0835-38-3656,,合同会社ヤスムラ,3570602486,,,19名,,
山口県,,山口県,,ヘスティア華城 機能訓練デイサービス,ヘスティアハナギ　キノウクンレンデイサービス,通所介護,防府市伊佐江1569－1,,34.04092,131.544052,0835-27-3377,,0835-27-3399,,社会福祉法人 華世会,3570602494,,,(1) 25名、(2) 25名,,
山口県,,山口県,,ライフクラフトデイサービス西浦,ライフクラフトデイサービスニシノウラ,通所介護,防府市西浦1865－1,,34.022343,131.522385,0835-29-2222,,0835-29-2778,,株式会社エルクラフト,3570602502,,,25名,,
山口県,,山口県,,障害福祉サービスあゆみの里,ショウガイフクシサービスアユミノサト,通所介護,防府市浜方169－1,,34.021751,131.569733,0835-24-5075,,0835-24-5075,,株式会社あゆみ,3570602528,,,20名,,
山口県,,山口県,,デイサービスあおば,デイサービスアオバ,通所介護,防府市牟礼柳20－1,,34.056129,131.602325,0835-28-7752,,0835-28-7567,,株式会社豊友会,3570602536,,,20名,,
山口県,,山口県,,ほねつぎデイサービス防府,ホネツギデイサービスホウフ,通所介護,防府市桑南1－5－18,,34.045181,131.558121,0835-27-5231,,0835-27-5232,,株式会社ＡＢＦＤ,3570602569,,,20名,,
山口県,,山口県,,山口市デイサービスセンター梅光苑,ヤマグチシデイサービスセンターバイコウエン,通所介護,山口市鋳銭司12361－3,,34.086681,131.464523,083-986-3056,,083-986-3658,,社会福祉法人 相清福祉会,3570300230,,,35名,,
山口県,,山口県,,済生会山口地域ケアセンター在宅複合型施設やすらぎデイサービスセンター朝倉,サイセイカイヤマグチチイキケアセンターザイタクフクゴウガタシセツヤスラギデイサービスセンターアサクラ,通所介護,山口市朝倉町4－55－6,,34.175591,131.452347,083-924-6652,,083-924-7045,,社会福祉法人 恩賜財団済生会,3570300289,,,50名,,
山口県,,山口県,,山口あかり園デイサービスセンター,ヤマグチアカリエンデイサービスセンター,通所介護,山口市黒川3363,,34.131638,131.438644,083-921-1621,,083-932-5370,,社会福祉法人 博愛会,3570300362,,,55名,,
山口県,,山口県,,とくぢ苑デイサービスセンター,トクヂエンデイサービスセンター,通所介護,山口市徳地八坂1330,,34.223145,131.664078,0835-56-0010,,0835-56-1000,,社会福祉法人 佐波福祉会,3577500071,,,40名,,
山口県,,山口県,,小郡・山手一番館デイサービスセンター,オゴオリ・ヤマテイチバンカンデイサービスセンター,通所介護,山口市小郡尾崎町2－1,,34.108932,131.395996,083-974-0200,,083-973-6700,,社会福祉法人 愛世会,3577600111,,,30名,,
山口県,,山口県,,白松苑デイサービスセンター,ハクショウエンデイサービスセンター,通所介護,山口市阿知須4167－1,,34.016357,131.343506,0836-65-5040,,0836-65-4645,,社会福祉法人 正清会,3577600160,,,30名,,
山口県,,山口県,,阿東園デイサービスセンター,アトウエンデイサービスセンター,通所介護,山口市阿東地福下288－1,,34.337532,131.653961,083-952-1126,,083-952-1127,,社会福祉法人 友愛会,3578100152,,,25名,,
山口県,,山口県,,ハートホーム南山口デイサービスセンター,ハートホームミナミヤマグチデイサービスセンター,通所介護,山口市深溝803－1,,34.046692,131.373016,083-988-3300,,083-988-3301,,社会福祉法人 青藍会,3570300784,,,(1) 6名、(2) 6名、(3) 35名,,
山口県,,山口県,,デイサービス 花咲美,デイサービス　カザミ,通所介護,山口市大内矢田北6－4－26,,34.154079,131.512115,083-941-1288,,083-941-1289,,有限会社 花咲美,3570301071,,,20名,,
山口県,,山口県,,済生会山口地域ケアセンター 居宅介護サービス複合施設にほ苑通所介護事業所,サイセイカイヤマグチチイキケアセンター キョタク,通所介護,山口市仁保中郷988－1,,34.199314,131.576553,083-929-5083,,083-929-0558,,社会福祉法人恩賜財団済生会支部山口県済生会,3570301469,,,25名,,
山口県,,山口県,,サンキ・ウエルビィ　デイサービスセンター山口,サンキ・ウエルビィ　デイサービスセンターヤマグチ,通所介護,山口市平井1417－8　平川マンション1階,,34.145718,131.45929,083-923-3611,,083-923-3612,,サンキ・ウエルビィ株式会社,3570301493,,,29名,,
山口県,,山口県,,デイサービスセンターむっちゃん方,デイサービスセンタームッチャンカタ,通所介護,山口市徳地島地590－2,,34.16304,131.691879,0835-54-0505,,0835-54-0305,,株式会社 むっちゃん方,3570301535,,,20名,,
山口県,,山口県,,デイサービス おはな,デイサービス オハナ,通所介護,山口市徳地堀1751,,34.189011,131.636612,0835-52-1787,,0835-52-1739,,株式会社 おはな,3570301634,,,35名,,
山口県,,山口県,,一の坂デイサービスセンター,イチノサカデイサービスセンター,通所介護,山口市後河原23－3,,34.184097,131.476364,083-941-6337,,083-941-6335,,株式会社 絆,3570301923,,,27名,,
山口県,,山口県,,ヨシヤデイサービス,ヨシヤデイサービス,通所介護,山口市徳地堀3939－1,,34.189011,131.636612,0835-52-0200,,0835-52-1577,,株式会社 ヨシヤ,3570301972,,,20名,,
山口県,,山口県,,夢のみずうみ村山口デイサービスセンター,ユメノミズウミムラヤマグチデイサービスセンター,通所介護,山口市中尾787－1,,34.201878,131.439957,083-995-2820,,083-995-2825,,社会福祉法人 夢のみずうみ村,3570302061,,,90名,,
山口県,,山口県,,ケアライフ小鯖デイサービスセンター,ケアライフオサバデイサービスセンター,通所介護,山口市下小鯖520,,34.14901,131.529938,083-941-1765,,083-941-1766,,有限会社ベストライフ,3570302293,,,45名,,
山口県,,山口県,,山口病院通所介護こもれ日,ヤマグチビョウインツウショカイゴコモレビ,通所介護,山口市駅通り2－8－5,,34.175171,131.480453,083-922-1865,,083-934-5050,,医療法人樹一会,3570302335,,,40名,,
山口県,,山口県,,あじす陽だまりの家デイサービス,アジスヒダマリノイエデイサービス,通所介護,山口市阿知須4724－1,,34.016357,131.343506,0836-65-5166,,0836-65-5166,,有限会社エム・エッチ・ティー企画,3570302426,,,20名,,
山口県,,山口県,,ニチイケアセンター郷,ニチイケアセンターゴウ,通所介護,山口市小郡下郷2203－1,,34.099152,131.390854,083-974-6455,,083-974-6456,,株式会社ニチイ学館,3570302566,,,30名,,
山口県,,山口県,,宅老所 あじす喜楽苑 つどい,タクロウショ アジスキラクエン ツドイ,通所介護,山口市阿知須3257－34,,34.010468,131.363266,0836-66-2100,,0836-66-2200,,株式会社きずな,3570302582,,,19名,,
山口県,,山口県,,デイサービス「マザーベル湯田温泉」,デイサービス「マザーベルユダオンセン」,通所介護,山口市湯田温泉4－3－15,,34.165436,131.455093,083-902-8080,,083-902-8155,,株式会社山口福祉サービス,3570302624,,,(1) 30名、(2) 10名,,
山口県,,山口県,,デイサービスセンター四つ葉,デイサービスセンターヨツバ,通所介護,山口市宮野下11384－1,,34.200893,131.502975,083-929-3591,,083-929-3592,,株式会社 聖,3570302921,,,25名,,
山口県,,山口県,,デイサービス にじのさと,デイサービス ニジノサト,通所介護,山口市仁保下郷734－1,,34.190407,131.542496,083-929-1100,,083-929-1105,,株式会社新栄ビルサービス,3570302939,,,24名,,
山口県,,山口県,,デイサービスセンター さらら,デイサービスセンター サララ,通所介護,山口市平井116－2,,34.162472,131.469467,083-901-3001,,083-901-3003,,ＹＧネクスト 株式会社,3570302970,,,25名,,
山口県,,山口県,,ケアホーム小郡デイサービスセンター,ケアホームオゴオリデイサービスセンター,通所介護,山口市小郡新町2－10－21,,34.114468,131.396133,083-974-5111,,083-974-5112,,医療法人社団山岸内科,3570302988,,,30名,,
山口県,,山口県,,デイサービスセンター おおうち,デイサービスセンター オオウチ,通所介護,山口市大内千坊6－11－2,,34.15773,131.493301,083-941-6170,,083-941-6188,,医療法人健伸会おおうちクリニック,3570303036,,,30名,,
山口県,,山口県,,なぎの森デイサービスセンター,ナギノモリデイサービスセンター,通所介護,山口市小郡下郷745－2,,34.099899,131.392532,083-976-4707,,083-976-4646,,医療法人清仁会,3570303093,,,32名,,
山口県,,山口県,,デイサービスセンター てしま旅館,デイサービスセンター テシマリョカン,通所介護,山口市阿知須7418－8,,34.016357,131.343506,0836-65-2248,,0836-65-3140,,てしま旅館株式会社,3570303119,,,19名,,
山口県,,山口県,,老人デイサービスセンターぬくもり山口,ロウジンデイサービスセンターヌクモリヤマグチ,通所介護,山口市小郡上郷森下4188－2,,34.134544,131.395523,083-902-6842,,083-902-6843,,株式会社ネハリ,3570303192,,,45名,,
山口県,,山口県,,ケアライフ山口デイサービスセンター,ケアライフヤマグチデイサービスセンター,通所介護,山口市大内問田3－18－10,,34.150906,131.484665,083-920-1765,,083-920-3765,,有限会社ベストライフ,3570303218,,,60名,,
山口県,,山口県,,テルマエ維新,テンジュクオンセンデイクラブ,通所介護,山口市湯田温泉2－5－20,,34.163231,131.456177,083-902-0270,,083-902-6503,,株式会社ベリーヒューマン,3571300528,,,34名,,
山口県,,山口県,,デイサービスセンター日日,デイサービスセンターニチニチ,通所介護,山口市大内長野708―2,,34.155766,131.514343,083-902-2333,,083-902-2777,,株式会社つながり,3570303267,,,25名,,
山口県,,山口県,,デイサービスふしの,デイサービスフシノ,通所介護,山口市矢原町14－24,,34.154984,131.452072,083-929-3883,,083-929-3288,,株式会社 大樹,3570303275,,,35名,,
山口県,,山口県,,デイサービスひなた,デイサービスヒナタ,通所介護,山口市宮野下1395－7,,34.184975,131.494919,083-929-3750,,083-902-1800,,合同会社山口福祉サービス,3570303283,,,80名,,
山口県,,山口県,,デイサービス双葉,デイサービスフタバ,通所介護,山口市佐山2768－1,,34.042114,131.346695,083-941-6620,,083-929-3700,,株式会社大樹,3570303325,,,35名,,
山口県,,山口県,,アス・ライフ,アス・ライフ,通所介護,山口市駅通り1－3－10,,34.172337,131.479141,083-941-5656,,083-941-5655,,社会福祉法人アス・ライフ,3570303408,,,25名,,
山口県,,山口県,,山口市秋穂デイサービスセンター,ヤマグチシアイオデイサービスセンター,通所介護,山口市秋穂東3993,,34.014965,131.444153,083-984-5772,,083-984-3835,,社会福祉法人博愛会,3570303424,,,29名,,
山口県,,山口県,,デイサービスセンター しずく,デイサービスセンター シズク,通所介護,山口市大内矢田北5－2－15,,34.155872,131.509811,083-902-8400,,083-902-8401,,医療法人社団 水生会,3570303499,,,59名,,
山口県,,山口県,,デイサービスセンター空音,デイサービスセンターソラオト,通所介護,山口市小郡下郷3358－3,,34.098232,131.394684,083-976-8427,,083-976-8437,,ＰＨａＭＣＳ株式会社,3570303549,,,25名,,
山口県,,山口県,,みんなのふるさと 通所介護事業所,ミンナノフルサト ツウショカイゴジギョウショ,通所介護,山口市小郡下郷1063－10,,34.103264,131.400955,083-973-2315,,083-973-5310,,特定非営利活動法人 みんなのふるさと,3570303564,,,30名,,
山口県,,山口県,,ツクイ山口,ツクイヤマグチ,通所介護,山口市大内御堀6－2－5,,34.16486,131.485657,083-934-7225,,083-934-7234,,株式会社ツクイ,3570303606,,,30名,,
山口県,,山口県,,ケアタウン日の山デイサービスセンター,ケアタウンヒノヤマデイサービスセンター,通所介護,山口市阿知須2581－1,,34.001125,131.353729,0836-39-8482,,0836-39-8528,,社会福祉法人 むべの里光栄,3570303689,,,50名,,
山口県,,山口県,,びーだまデイサービスセンター,ビーダマデイサービスセンター,通所介護,山口市桜畠1－3－42,,34.191917,131.496552,083-902-8002,,083-902-8055,,株式会社灯り,3570303721,,,20名,,
山口県,,山口県,,デイサービス湯田朝倉荘,デイサービスユダアサクラソウ,通所介護,山口市神田町1－14,,34.171501,131.456543,083-934-0220,,083-934-0221,,特定非営利活動法人クロスロード,3570303739,,,20名,,
山口県,,山口県,,第１奏拠 デイサービスセンター,ダイイチソウコ　デイサービスセンター,通所介護,山口市吉敷下東4－13－20,,34.161171,131.442413,083-902-5725,,083-902-5726,,合同会社 ＫｔＦ,3570303762,,,25名,,
山口県,,山口県,,デイサービスポラスケア,デイサービスポラスケア,通所介護,山口市湯田温泉1－1－7,,34.166039,131.460678,083-902-5551,,083-902-5550,,株式会社アドバンス,3570303788,,,(1) 35名、(2) 25名,,
山口県,,山口県,,ウェルネスセンター中央デイトレセンター,ウェルネスセンターチュウオウデイトレセンター,通所介護,山口市神田町1－42,,34.172115,131.458725,083-902-5290,,083-902-5294,,社会福祉法人青藍会,3570303812,,,55名,,
山口県,,山口県,,センチュリー２１デイサービスセンター,センチュリー２１デイサービスセンター,通所介護,宇部市山中126－1,,34.059078,131.327347,0836-62-1021,,0836-62-1027,,社会福祉法人 愛世会,3570200257,,,25名,,
山口県,,山口県,,アスワン山荘デイサービスセンター,アスワンサンソウデイサービスセンター,通所介護,宇部市二俣瀬山王坂40－221,,33.951824,131.247314,0836-62-2000,,0836-62-1007,,社会福祉法人 アスワン山荘,3570200281,,,33名,,
山口県,,山口県,,むべの里デイサービスセンター,ムベノサトデイサービスセンター,通所介護,宇部市厚南北3－1－37,,34.00182,131.213959,0836-44-0260,,0836-39-7433,,社会福祉法人 むべの里光栄,3570200406,,,160名,,
山口県,,山口県,,宇部あかり園デイサービスセンター,ウベアカリエンデイサービスセンター,通所介護,宇部市西岐波229－105,,33.974148,131.28624,0836-51-1001,,0836-51-6325,,社会福祉法人 博愛会,3570200414,,,45名,,
山口県,,山口県,,楠園デイサービスセンター,クスノキエンデイサービスセンター,通所介護,宇部市船木向ヒ833－3,,34.052166,131.207214,0836-67-1182,,0836-67-1184,,社会福祉法人 扶老会,3577700051,,,25名,,
山口県,,山口県,,ニチイケアセンター西岐波,ニチイケアセンターニシキワ,通所介護,宇部市西岐波浜田1545－1,,33.969315,131.307983,0836-54-0582,,0836-54-0585,,株式会社 ニチイ学館,3570200190,,,28名,,
山口県,,山口県,,宇部西デイサービス,ウベニシデイサービス,通所介護,宇部市際波287－1,,33.996155,131.224411,0836-45-1223,,0836-45-1224,,医療法人 和同会,3570200786,,,30名,,
山口県,,山口県,,ひらきデイサービスセンター,ヒラキデイサービスセンター,通所介護,宇部市開1－6－21,,33.961891,131.278381,0836-43-7527,,0836-29-5055,,社会福祉法人 むべの里光栄,3570200836,,,50名,,
山口県,,山口県,,デイサービス オアシスことしば,デイサービス オアシスコトシバ,通所介護,宇部市寿町3－2－5,,33.951752,131.253403,0836-37-6512,,0836-37-6613,,株式会社レナール,3570200984,,,30名,,
山口県,,山口県,,むべの里デイサービスセンター中山,ムベノサトデイサービスセンターナカヤマ,通所介護,宇部市中山字中堀1135－1,,33.985443,131.245743,0836-43-7887,,0836-39-5712,,社会福祉法人 むべの里光栄,3570201040,,,50名,,
山口県,,山口県,,むべの里デイサービスセンターはぎわら,ムベノサトデイサービスセンターハギワラ,通所介護,宇部市今村北5－10－38,,33.961121,131.304749,0836-54-0661,,0836-54-0662,,社会福祉法人 むべの里光栄,3570201164,,,85名,,
山口県,,山口県,,片倉温泉くぼたデイサービスセンター,カタクラオンセンクボタデイサービスセンター,通所介護,宇部市西岐波5351－1,,33.973259,131.298447,0836-51-9360,,0836-51-9490,,有限会社 片倉温泉くぼた,3570201370,,,65名,,
山口県,,山口県,,神原苑神原デイサービスセンター,カミハラエンカミハラデイサービスセンター,通所介護,宇部市神原町2－4－40,,33.948448,131.260391,0836-35-5662,,0836-35-5685,,社会福祉法人 神原苑,3570201438,,,20名,,
山口県,,山口県,,フレンドサービス,フレンドサービス,通所介護,宇部市中宇部1964,,33.976761,131.251633,0836-33-7093,,0836-33-7091,,有限会社 フレンドサービス,3570200968,,,25名,,
山口県,,山口県,,デイサービスセンターおの,デイサービスセンターオノ,通所介護,宇部市小野8294－2,,34.115211,131.320633,0836-64-2002,,0836-64-2002,,有限会社 いのうえ,3570201545,,,20名,,
山口県,,山口県,,リハビリステップげんき,リハビリステップゲンキ,通所介護,宇部市末広町1－13,,33.937401,131.265366,0836-33-6220,,0836-33-7149,,医療生活協同組合健文会,3570201677,,,(1) 40名、(2) 38名,,
山口県,,山口県,,ケアビレッジ桜 壱番館デイサービス,ケアハウスサクラデイサービスセンター,通所介護,宇部市西岐波2068－1,,33.969826,131.312958,0836-51-3386,,0836-39-7798,,株式会社サクラ,3570201735,,,20名,,
山口県,,山口県,,デイサービスセンター 宇部あいおい苑,デイサービスセンター ウベアイオイエン,通所介護,宇部市恩田町3－8－1,,33.947147,131.265594,0836-34-3100,,0836-34-2100,,社会福祉法人 ひとつの会,3570201776,,,28名,,
山口県,,山口県,,デイサービスセンター未来,デイサービスセンターミライ,通所介護,宇部市船木1017－3,,34.052166,131.207214,0836-67-3012,,0836-67-3030,,株式会社 愛優会,3570202014,,,20名,,
山口県,,山口県,,ケアビレッジきわなみ デイサービスセンター,ケアビレッジキワナミ デイサービスセンター,通所介護,宇部市際波725－6,,33.99469,131.222946,0836-39-3313,,0836-39-3310,,株式会社 きわなみ,3570202105,,,20名,,
山口県,,山口県,,デイサービスセンターゆず,デイサービスセンターユズ,通所介護,宇部市船木1017－4,,34.052166,131.207214,0836-67-3014,,0836-67-3015,,株式会社 愛優会,3570202204,,,20名,,
山口県,,山口県,,ひだまりの花,ヒダマリノハナ,通所介護,宇部市ひらき台2－25－8,,33.951824,131.247314,0836-35-2141,,0836-38-7040,,合同会社ひだまりねっと,3570202287,,,26名,,
山口県,,山口県,,ドリームライフ　アポロデイサービスセンター,ドリームライフ　アポロデイサービスセンター,通所介護,宇部市中宇部1858－30,,33.977917,131.252457,0836-37-0070,,0836-37-0071,,山口アポロ石油株式会社,3570202303,,,35名,,
山口県,,山口県,,むべの里デイサービスセンター東芝中,ムベノサトデイサービスセンターヒガシシバナカ,通所介護,宇部市開1－6－21,,33.961891,131.278381,0836-39-9006,,0836-37-0775,,社会福祉法人むべの里光栄,3570202485,,,60名,,
山口県,,山口県,,きわなみ苑デイサービスセンター,キワナミエンデイサービスセンター,通所介護,宇部市際波663－3,,33.993267,131.223969,0836-39-9087,,0836-39-9775,,株式会社きわなみ,3570202618,,,23名,,
山口県,,山口県,,デイサービス来夢,デイサービスライム,通所介護,宇部市船木1017－5,,34.052166,131.207214,0836-67-3013,,0836-67-3131,,株式会社愛優会,3570202626,,,20名,,
山口県,,山口県,,やまもとクリニックデイサービスセンター有るる,ヤマモトクリニックデイサービスセンター,通所介護,宇部市黒石北3－1－57,,33.98431,131.21286,0836-39-9528,,0836-39-9474,,医療法人社団厚心会,3570202667,,,30名,,
山口県,,山口県,,まどか苑厚南北デイサービスセンター,マドカエンコウナンキタデイサービスセンター,通所介護,宇部市厚南北2－4－14,,33.99873,131.216736,0836-44-2277,,0836-45-1511,,まどか福祉サービス株式会社,3570202683,,,20名,,
山口県,,山口県,,ケアビレッジ桜 弐番館デイサービス,ケアハウスサクラニバンカンデイサービスセンター,通所介護,宇部市西岐波2066,,33.969315,131.307983,0836-51-3386,,0836-39-7798,,株式会社サクラ,3570202717,,,20名,,
山口県,,山口県,,デイサービス「Ｅｎｊｙｕ」,デイサービス「Ｅｎｊｙｕ」,通所介護,宇部市西岐波732－1,,33.965382,131.329224,0836-54-1070,,0836-51-3600,,医療法人太白会,3570202741,,,25名,,
山口県,,山口県,,宅老所喜楽苑山村,タクロウショキラクエンヤマムラ,通所介護,宇部市西岐波2636－7,,33.969315,131.307983,0836-39-6000,,0836-39-6001,,有限会社ミセスヘルパー,3570202766,,,23名,,
山口県,,山口県,,あさひデイサービスセンター則貞,アサヒデイサービスセンターノリサダ,通所介護,宇部市則貞3－10－41,,33.944351,131.279968,0836-38-3545,,0836-38-3546,,株式会社アサヒコーポレィション,3570202816,,,25名,,
山口県,,山口県,,かわ村デイサービスセンター,カワムラデイサービスセンター,通所介護,宇部市川上720－9,,33.982861,131.273453,0836-37-0007,,0836-36-0006,,株式会社河村福祉サービス,3570202824,,,75名,,
山口県,,山口県,,リハビリデイサービスあい,リハビリデイサービスアイ,通所介護,宇部市中村1－2－21,,33.967937,131.260574,0836-43-9800,,0836-43-9801,,有限会社本池,3570202857,,,25名,,
山口県,,山口県,,若菜東岐波デイサービス,ワカナヒガシキワデイサービス,通所介護,宇部市東岐波5436－4,,33.97155,131.346451,0836-39-8855,,0836-39-8114,,医療法人かむらクリニック,3570202949,,,27名,,
山口県,,山口県,,第２希望苑デイサービスセンター,ダイ２キボウエンデイサービスセンター,通所介護,宇部市西宇部南4－11－2,,34.003635,131.219116,0836-43-6221,,0836-43-6222,,株式会社ＹＩＣトラスト,3570203046,,,20名,,
山口県,,山口県,,第３希望苑デイサービスセンター,ダイ３キボウエンデイサービスセンター,通所介護,宇部市中宇部1570－1,,33.968807,131.256851,0836-43-6660,,0836-43-6661,,株式会社ＹＩＣトラスト,3570203186,,,35名,,
山口県,,山口県,,デイサービス星華,デイサービスセイカ,通所介護,宇部市船木1017－1,,34.052166,131.207214,0836-67-3016,,0836-67-3017,,株式会社 愛優会,3570203285,,,20名,,
山口県,,山口県,,デイサービスセンター アポロプラス,デイサービスセンター アポロプラス,通所介護,宇部市中宇部1858－1,,33.977917,131.252457,0836-37-0070,,0836-37-0071,,山口アポロ石油株式会社,3570203293,,,30名,,
山口県,,山口県,,むべの里デイサービスセンター厚南,ムベノサトデイサービスセンターコウナン,通所介護,宇部市黒石北4－5－39,,33.986034,131.204865,0836-39-7563,,0836-39-7328,,社会福祉法人 むべの里光栄,3570203335,,,40名,,
山口県,,山口県,,セントヒルデイサービスこうなん,セントヒルデイサービスコウナン,通所介護,宇部市妻崎開作108,,33.978737,131.217499,0836-44-2116,,0836-39-6166,,医療法人 聖比留会,3570203392,,,37名,,
山口県,,山口県,,かわ村デイサービスセンター海の家,カワムラデイサービスセンターウミノイエ,通所介護,宇部市東岐波1464－1,,33.980255,131.331787,0836-58-5511,,0836-58-5525,,株式会社 河村福祉サービス,3570203418,,,35名,,
山口県,,山口県,,若菜楠デイサービス,ワカナクスノキデイサービス,通所介護,宇部市東万倉652－1,,34.056759,131.243347,0836-69-0018,,0836-67-0016,,医療法人 かむらクリニック,3570203525,,,27名,,
山口県,,山口県,,デイサービスセンター 友癒,デイサービスセンター　ユウユ,通所介護,宇部市妻崎開作269－6,,33.981361,131.213959,0836-43-7933,,0836-43-7934,,有限会社 フレンドサービス,3570203558,,,25名,,
山口県,,山口県,,デイサービスセンター ここわ,デイサービスセンター ココワ,通所介護,宇部市際波701,,33.992233,131.222122,0836-45-0500,,0836-45-0501,,株式会社 きわなみ,3570203574,,,25名,,
山口県,,山口県,,デイサービスきたえるーむ上宇部,デイサービスキタエルームカミウベ,通所介護,宇部市中尾1－7－13,,33.96917,131.267532,0836-39-8699,,0836-39-8696,,株式会社宇部スイミングスクール,3570203624,,,(1) 30名、(2) 30名,,
山口県,,山口県,,デイサービスほっとスマイル 心,デイサービスホットスマイル ココロ,通所介護,宇部市居能町1－2－13,,33.964828,131.231247,0836-29-0301,,0836-29-0303,,合同会社ほっとスマイル,3570203657,,,35名,,
山口県,,山口県,,デイサービス 心,デイサービス　シン,通所介護,宇部市妻崎開作32－1,,33.982269,131.219681,0836-43-6326,,0836-43-6327,,株式会社とい,3570203699,,,25名,,
山口県,,山口県,,デイサービスセンター立花,デイサービスセンターリッカ,通所介護,宇部市浜田3－24－1,,33.988995,131.229309,0836-43-6713,,0836-39-3001,,ホームナース立花株式会社,3570203715,,,20名,,
山口県,,山口県,,私の家Ｌｉｖｉｎｇ,ワタシノイエＬｉｖｉｎｇ,通所介護,宇部市浜田3－1－6,,33.989483,131.232254,0836-38-8111,,0836-38-8112,,有限会社フォーマックス,3570203731,,,25名,,
山口県,,山口県,,はーとけあさんちの生活支援,ハートケアサンチノセイカツシエン,通所介護,宇部市草江4－11－38－5,,33.934425,131.268692,0836-39-7311,,0836-39-6924,,はーとけあ株式会社,3570203798,,,20名,,
山口県,,山口県,,早稲田イーライフきらら,ワセダイーライフキララ,通所介護,宇部市松山町1－14－13,,33.946365,131.252792,0836-39-8817,,0836-43-6780,,株式会社アントレッド,3570203855,,,(1) 20名、(2) 20名,,
山口県,,山口県,,ＪＡ山口県デイサービス宇部,ＪＡヤマグチケンデイサービスウベ,通所介護,宇部市厚南中央1－7－10,,33.996037,131.220444,0836-45-0320,,0836-45-0325,,山口県農業協同組合,3570203913,,,30名,,
山口県,,山口県,,かわ村デイサービスセンター宇部南,カワムラデイサービスセンターウベミナミ,通所介護,宇部市浜町2－11－12,,33.964977,131.234177,0836-37-3838,,0836-37-3839,,株式会社河村福祉サービス,3570203947,,,35名,,
山口県,,山口県,,若菜楠デイサービス南館,ワカナクスノキデイサービスミナミカン,通所介護,宇部市東万倉652－1,,34.056759,131.243347,0836-69-0018,,0836-67-0016,,医療法人かむらクリニック,3570203970,,,27名,,
山口県,,山口県,,デイサービスきたえるーむ西宇部,デイサービスキタエルームニシウベ,通所介護,宇部市厚南北1－3－23　際波グランフォート2号,,33.999413,131.218506,0836-38-8180,,0836-38-8190,,株式会社宇部スイミングスクール,3570204036,,,(1) 25名、(2) 25名,,
山口県,,山口県,,若菜東岐波デイサービス新館,ワカナヒガシキワデイサービスシンカン,通所介護,宇部市東岐波5436－4,,33.97155,131.346451,0836-39-8855,,0836-39-8114,,医療法人かむらクリニック,3570204069,,,20名,,
山口県,,山口県,,デイサービスセンター メルローズ,デイサービスセンター メルローズ,通所介護,宇部市際波726－3,,33.99469,131.222946,0836-39-3303,,0836-39-3265,,株式会社きわなみ,3570204101,,,30名,,
山口県,,山口県,,ツクイ宇部,ツクイウベ,通所介護,宇部市岬町2－1－18,,33.932549,131.265549,0836-38-6113,,0836-38-6114,,株式会社ツクイ,3570204135,,,33名,,
山口県,,山口県,,ツクイ宇部厚南,ツクイウベコウナン,通所介護,宇部市厚南中央6－3－22,,33.99081,131.210464,0836-45-2910,,0836-45-2911,,株式会社ツクイ,3570204143,,,60名,,
山口県,,山口県,,リハビリデイサービスエール,リハビリデイサービスエール,通所介護,宇部市中村2－6－11,,33.963165,131.263199,0836-39-5857,,0836-39-5861,,株式会社エール,3570204192,,,60名,,
山口県,,山口県,,デイサービスセンターオパール光栄,デイサービスセンターオパールコウエイ,通所介護,宇部市東岐波5860－10－1,,33.980255,131.331787,0836-39-7228,,0836-39-7221,,社会福祉法人 むべの里光栄,3570204218,,,70名,,
山口県,,山口県,,日の山園 向陽デイサービスセンター,ヒノヤマエンショウヨウデイサービスセンター,通所介護,宇部市東岐波4940－1,,33.970448,131.331055,0836-39-6752,,0836-39-6753,,社会福祉法人 むべの里光栄,3570204234,,,35名,,
山口県,,山口県,,デイサービスセンター優,デイサービスセンターユウ,通所介護,宇部市東岐波道田1381－7,,33.980255,131.331787,0836-38-8880,,0836-38-8881,,社会福祉法人 むべの里光栄,3570204242,,,25名,,
山口県,,山口県,,むべの里デイサービスセンターららら,ムベノサトデイサービスセンターラララ,通所介護,宇部市中村2－7－43,,33.962955,131.261032,0836-21-5360,,0836-21-5253,,社会福祉法人 むべの里光栄,3570204283,,,(1) 60名、(2) 25名,,
山口県,,山口県,,デイサービス愛華,デイサービスアイカ,通所介護,宇部市船木1016－1,,34.052166,131.207214,0836-39-6702,,0836-39-6703,,株式会社 愛優会,3570204416,,,20名,,
山口県,,山口県,,リハビリデイサービスプラスワン宇部店,リハビリデイサービスプラスワンウベテン,通所介護,宇部市常藤町5－25アビリティ常藤町1階テナントＡ,,33.947807,131.254333,0836-39ｰ6010,,050-36066681,,合同会社アズユー,3570204481,,,(1) 30名、(2) 30名,,
山口県,,山口県,,むべの里デイサービスセンター東本町,ムベノサトデイセンターヒガシホンマチ,通所介護,宇部市東本町1－2－7,,33.948799,131.247253,0836-37-1515,,0836-31-6911,,社会福祉法人むべの里光栄,3570204507,,,30名,,
山口県,,山口県,,障がい者（児）デイサービスセンターひろ君の家,ショウガイシャ（ジ）デイサービスセンターヒロクンノイエ,通所介護,宇部市善和573－1,,34.022247,131.291168,0836-62-5717,,0836-62-5718,,合同会社サポートセンターぴっころ,3570204515,,,20名,,
山口県,,山口県,,デイサービスセービング浜町,デイサービスセービングハママチ,通所介護,宇部市浜町2－4－11,,33.964905,131.235687,0836-35-5077,,0836-35-5006,,株式会社セービング,3570204598,,,30名,,
山口県,,山口県,,秋吉デイサービスセンター,アキヨシデイサービスセンター,通所介護,美祢市秋芳町秋吉5243－3,,34.232285,131.297791,0837-62-1170,,0837-62-0337,,社会福祉法人 豊徳会,3577900081,,,30名,,
山口県,,山口県,,デイサービスセンター ありがとう,デイサービスセンター アリガトウ,通所介護,美祢市大嶺町東分1215－1,,34.181614,131.212418,0837-52-5370,,0837-52-5370,,有限会社 富喜,3571300262,,,20名,,
山口県,,山口県,,デイサービスえにし,デイサービスエニシ,通所介護,美祢市秋芳町秋吉5442－2,,34.232285,131.297791,0837-63-0033,,0837-63-0066,,ケア・イノベーション株式会社,3571300486,,,30名,,
山口県,,山口県,,ＪＡデイサービス美祢,ＪＡデイサービスミネ,通所介護,美祢市大嶺町東分来福台4－15－7,,34.1852,131.196472,0837-54-0567,,0837-54-0569,,ＪＡ協同サポート山口株式会社,3571300635,,,28名,,
山口県,,山口県,,デイサービス施設明寿香園,デイサービスシセツアスカエン,通所介護,山陽小野田市小野田11324－10,,33.957695,131.172302,0836-84-5507,,0836-84-4630,,社会福祉法人 長寿会,3570900088,,,30名,,
山口県,,山口県,,高千帆苑デイサービスセンター,タカチホエンデイサービスセンター,通所介護,山陽小野田市有帆10662－8,,34.019894,131.213226,0836-84-0317,,0836-84-7032,,社会福祉法人 健寿会,3570900104,,,30名,,
山口県,,山口県,,サンライフ山陽デイサービスセンター,サンライフサンヨウデイサービスセンター,通所介護,山陽小野田市埴生2156,,34.044708,131.076096,0836-76-3443,,0836-76-3435,,社会福祉法人 山陽福祉会,3577700044,,,30名,,
山口県,,山口県,,デイサービス有帆,デイサービスアリホ,通所介護,山陽小野田市有帆535－117,,34.013245,131.206268,0836-84-3838,,0836-84-5323,,医療法人社団 村重医院,3570900252,,,40名,,
山口県,,山口県,,医療法人社団民正会 デイサービスかがやき,イリョウホウジンシャダンミンセイカイ デイサービスカガヤキ,通所介護,山陽小野田市山川46－1,,34.055737,131.157822,0836-72-0300,,0836-72-1118,,医療法人 社団 民正会,3577700192,,,45名,,
山口県,,山口県,,むべの里デイサービスセンター住吉,ムベノサトデイサービスセンタースミヨシ,通所介護,山陽小野田市住吉本町2－5－12,,33.980991,131.179321,0836-81-1015,,0836-81-1016,,社会福祉法人 むべの里光栄,3571600075,,,50名,,
山口県,,山口県,,デイサービスセンターひだまり,デイサービスセンターヒダマリ,通所介護,山陽小野田市桜1－3－2,,34.053429,131.155624,0836-71-2002,,0836-71-1701,,医療法人 健仁会,3571600133,,,50名,,
山口県,,山口県,,むべの里デイサービスセンター湯ノ峠,ムベノサトデイサービスセンターユノトウ,通所介護,山陽小野田市鴨庄1033－2,,34.074749,131.168015,0836-71-1211,,0836-72-3222,,社会福祉法人 むべの里光栄,3571600265,,,40名,,
山口県,,山口県,,デイサービス 笑家,デイサービス　ワラヤ,通所介護,山陽小野田市有帆猪窪1296,,34.019894,131.213226,0836-39-7767,,0836-39-7767,,有限会社 楽庵,3571600497,,,19名,,
山口県,,山口県,,フクシア須恵デイサービスセンター,フクシアスエデイサービスセンター,通所介護,山陽小野田市港町1－1,,33.975597,131.178833,0836-81-1800,,0836-81-1888,,社会福祉法人 健仁会,3570202584,,,50名,,
山口県,,山口県,,デイサービスよりそい,デイサービスヨリソイ,通所介護,山陽小野田市小野田3851－11,,33.961617,131.186203,0836-43-7110,,0836-43-7126,,株式会社 ホットスペース,3571600752,,,20名,,
山口県,,山口県,,のんびり村厚狭 デイサービス,ノンビリムラアサ デイサービス,通所介護,山陽小野田市鴨庄4－4,,34.07349,131.166428,0836-71-2030,,0836-71-2031,,株式会社ホームケアサービス山口,3571600794,,,30名,,
山口県,,山口県,,デイサービス わけん,デイサービス ワケン,通所介護,山陽小野田市新生2－8－10,,34.000603,131.177292,0836-39-7773,,0836-84-5522,,株式会社 和妍,3570203673,,,20名,,
山口県,,山口県,,リハビリデイサービスプラスワン,リハビリデイサービスプラスワン,通所介護,山陽小野田市セメント町6－2,,33.977722,131.175964,0836-39-7887,,050-36060424,,合同会社アズユー,3571600950,,,(1) 30名、(2) 30名,,
山口県,,山口県,,生活介護事業所いこい,セイカツカイゴジギョウショイコイ,通所介護,山陽小野田市有帆1494－5,,34.025677,131.208725,0836-39-7352,,0836-81-4177,,株式会社福祉の郷,3571601008,,,20名,,
山口県,,山口県,,デイサービス康友,デイサービスコウユウ,通所介護,山陽小野田市郡415－3,,34.047832,131.16925,0836-39-1711,,0836-39-1712,,有限会社介護サービス康友,3571601016,,,25名,,
山口県,,山口県,,ＩＭＬデイサービス ヴィブレ,ＩＭＬデイサービス　ヴィブレ,通所介護,山陽小野田市埴生2138－1,,34.045429,131.077774,0836-38-8477,,0836-38-8478,,株式会社インマイライフ,3571601057,,,27名,,
山口県,,山口県,,デイサービスセンターであいの里,デイサービスセンターデアイノサト,通所介護,山陽小野田市山野井1840－5,,34.067146,131.12851,0836-72-1320,,0836-39-8986,,合同会社ＳＬＯＷ,3571601065,,,25名,,
山口県,,山口県,,恵光苑デイサービスセンター,ケイコウエンデイサービスセンター,通所介護,長門市東深川10062－27,,34.37117,131.186829,0837-22-5888,,0837-27-0288,,社会福祉法人 新永福祉会,3571100092,,,28名,,
山口県,,山口県,,へき楽園デイサービスセンター,ヘキラクエンデイサービスセンター,通所介護,長門市日置上3114,,34.391991,131.133804,0837-37-4177,,0837-37-4188,,社会福祉法人 へき寿会,3578000113,,,25名,,
山口県,,山口県,,養寿苑デイサービスセンター,ヨウジュエンデイサービスセンター,通所介護,長門市油谷向津具上10344,,34.416718,130.993225,0837-34-1577,,0837-34-0170,,社会福祉法人 同心会,3578000147,,,30名,,
山口県,,山口県,,デイサービスセンター明和苑,デイサービスセンターメイワエン,通所介護,長門市三隅中1811,,34.366657,131.270081,0837-43-0574,,0837-43-1053,,社会福祉法人 明和会,3578000162,,,20名,,
山口県,,山口県,,デイサービスセンターしあわせ長門,デイサービスセンターシアワセナガト,通所介護,長門市東深川1321－1,,34.370918,131.181305,0837-22-8556,,0837-22-4340,,社会福祉法人 長門市社会福祉協議会,3571100167,,,30名,,
山口県,,山口県,,清風ポラリスデイサービスセンター,セイフウポラリスデイサービスセンター,通所介護,長門市三隅中326,,34.358665,131.253769,0837-42-1000,,0837-43-1601,,社会福祉法人 清風会,3571100266,,,27名,,
山口県,,山口県,,きんさい家,キンサイヤ,通所介護,長門市三隅下1295－1,,34.363853,131.223495,0837-43-2882,,0837-43-2880,,株式会社 きんさい家,3571100415,,,10名,,
山口県,,山口県,,花笑デイサービス,ハナエデイサービス,通所介護,長門市西深川338－1,,34.366936,131.169418,0837-27-0025,,0837-27-0026,,有限会社 にこにこサービス,3571100555,,,25名,,
山口県,,山口県,,リハビリ型デイサービス かなで,リハビリガタデイサービス カナデ,通所介護,長門市油谷河原1444,,34.367596,131.047333,0837-32-2300,,0837-32-2301,,合同会社 縁,3571100571,,,21名,,
山口県,,山口県,,すさ苑デイサービスセンター,スサエンデイサービスセンター,通所介護,萩市須佐1378－1,,34.62389,131.623734,08387-6-3146,,08387-6-3148,,社会福祉法人 寿幸会,3578100160,,,25名,,
山口県,,山口県,,紫福園デイサービスセンター,シブキエンデイサービスセンター,通所介護,萩市紫福6606－1,,34.473858,131.522369,0838-53-0231,,0838-53-0232,,社会福祉法人 紫雲会,3578100228,,,20名,,
山口県,,山口県,,むつみ園デイサービスセンター,ムツミエンデイサービスセンター,通所介護,萩市吉部上3301－1,,34.444626,131.588745,08388-6-0301,,08388-6-0302,,社会福祉法人 紫雲会,3578100251,,,30名,,
山口県,,山口県,,阿北苑デイサービスセンター,アホクエンデイサービスセンター,通所介護,萩市上小川東分1406,,34.579548,131.673279,08387-4-0261,,08387-4-0262,,社会福祉法人 阿北福祉会,3578100293,,,30名,,
山口県,,山口県,,デイサービスセンターオアシスはぎ園,デイサービスセンターオアシスハギオン,通所介護,萩市大井1689－13,,34.468403,131.458984,0838-28-5166,,0838-28-5167,,社会福祉法人山口県社会福祉事業団,3570400253,,,30名,,
山口県,,山口県,,萩市須佐デイサービスセンターやまびこ,ハギシスサデイサービスセンターヤマビコ,通所介護,萩市弥富下3998,,34.537964,131.647446,08387-8-2000,,08387-8-5588,,社会福祉法人 萩市社会福祉事業団,3570400329,,,(1) 30名、(2) 10名,,
山口県,,山口県,,萩市デイサービスセンターかがやき,ハギシデイサービスセンターカガヤキ,通所介護,萩市椿3460－2,,34.397156,131.393066,0838-24-4111,,0838-24-4112,,社会福祉法人萩市社会福祉事業団,3570400386,,,45名,,
山口県,,山口県,,萩市デイサービスセンターさんみ苑,ハギシデイサービスセンターサンミエン,通所介護,萩市三見3852－1,,34.387905,131.340515,0838-27-5000,,0838-27-0888,,社会福祉法人 ふたば園,3570400428,,,50名,,
山口県,,山口県,,萩市中津江デイサービスセンターなごみ,ハギシナカツエデイサービスセンターナゴミ,通所介護,萩市椿東315－6,,34.395485,131.41539,0838-24-1753,,0838-22-1100,,社会福祉法人 萩市社会福祉事業団,3570400394,,,40名,,
山口県,,山口県,,田町診療所 デイサービスセンター 暖家,タマチシンリョウジョ デイサービスセンター ダンケ,通所介護,萩市下五間町49,,34.413376,131.401505,0838-26-3925,,0838-21-7456,,医療法人社団 田町診療所,3570400469,,,(1) 25名、(2) 10名、(3) 10名,,
山口県,,山口県,,医療法人社団裕嵩会波多野医院タンポポ,イリョウホウジンシャダンユウコウカイハタノイインタンポポ,通所介護,萩市堀内247－5,,34.413555,131.389023,0838-24-2800,,0838-25-5988,,医療法人 社団 裕嵩会,3570400535,,,35名,,
山口県,,山口県,,萩市無田ヶ原口デイサービスセンターおとずれ,ハギシムタガハラクチデイサービスセンターオトズレ,通所介護,萩市椿東3143－1,,34.422577,131.413895,0838-24-1294,,0838-22-5536,,社会福祉法人萩市社会福祉事業団,3570400576,,,40名,,
山口県,,山口県,,デイサービスセンター 椿の郷,デイサービスセンター　ツバキノサト,通所介護,萩市椿東6030－13,,34.426121,131.413086,0838-21-7215,,0838-21-7218,,医療法人水の木会,3570400709,,,30名,,
山口県,,山口県,,ラウレアたまがわ,ラウレアタマガワ,通所介護,萩市下田万袴田2412－1,,34.648438,131.676773,08387-2-1030,,08387-2-1031,,株式会社 ラウレア・ジャパン,3570400766,,,30名,,
山口県,,山口県,,デイサービスセンターのどか,デイサービスセンターノドカ,通所介護,萩市下田万袴田2417－1,,34.648438,131.676773,0838-73-0006,,0838-72-1720,,ケアサポートいわみ株式会社,3570400840,,,30名,,
山口県,,山口県,,かしまリハビリステーション,カシマリハビリステーション,通所介護,萩市唐樋町20－3,,34.410397,131.402725,0838-21-7715,,0838-21-7725,,株式会社ａｒｔ ｏｆ ｌｉｆｅ,3570400873,,,20名,,
山口県,,山口県,,グッドタイムクラブ・グランド萩,グッドタイムクラブ・グランドハギ,通所介護,萩市古萩町25,,34.416767,131.403442,0838-22-9000,,0838-22-9015,,社会福祉法人 創生会,3570400899,,,(1) 75名、(2) 35名,,
山口県,,山口県,,ＪＡデイサービス萩,ＪＡデイサービスハギ,通所介護,萩市椿3032,,34.398888,131.400803,0838-24-0155,,0838-24-0156,,ＪＡ協同サポート山口株式会社,3570400949,,,35名,,
山口県,,山口県,,老人保健施設桜の園,ロウジンホケンシセツサクラノソノ,通所リハビリテーション,岩国市下342－1,,34.169106,132.095917,0827-47-3100,,0827-47-3210,,医療法人 新生会,3550880003,,,40名,,
山口県,,山口県,,老人保健施設なんわ荘,ロウジンホケンシセツナンワソウ,通所リハビリテーション,岩国市尾津町5－7－30,,34.132225,132.209656,0827-34-0100,,0827-32-8949,,医療法人 南和会,3550880011,,,67名,,
山口県,,山口県,,老人保健施設ふれんず,ロウジンホケンシセツフレンズ,通所リハビリテーション,岩国市今津町1－11－23,,34.166946,132.220749,0827-21-5150,,0827-21-5133,,医療法人社団 まりふ会,3550880029,,,(1) 65名、(2) 15名、(3) 15名,,
山口県,,山口県,,医療法人 南和会 老人保健施設 みどり荘,イリョウホウジン　ナンワカイ　ロウジンホケンシセツ　ミドリソウ,通所リハビリテーション,岩国市由宇町千鳥ケ丘1－1－1,,34.037174,132.213593,0827-63-1141,,0827-63-1142,,医療法人 南和会,3557280009,,,60名,,
山口県,,山口県,,老人保健施設くが,ロウジンホケンシセツクガ,通所リハビリテーション,岩国市玖珂町3813－6,,34.100464,132.092773,0827-82-0500,,0827-82-0736,,社会福祉法人 高森福祉会,3557280017,,,(1) 17名、(2) 12名、(3) 12名,,
山口県,,山口県,,老人保健施設ケアホーム山口,ロウジンホケンシセツケアホームヤマグチ,通所リハビリテーション,岩国市玖珂町11361,,34.100464,132.092773,0827-81-1155,,0827-81-1156,,医療法人 山口平成会,3557280025,,,50名,,
山口県,,山口県,,岩国市錦介護老人保健施設あさぎりの郷,イワクニシニシキカイゴロウジンホケンシセツアサギリノゴウ,通所リハビリテーション,岩国市錦町広瀬705,,34.274345,131.921814,0827-71-1111,,0827-71-1112,,社会福祉法人 錦福祉会,3550880045,,,18名,,
山口県,,山口県,,老人保健施設まつかぜ,ロウジンホケンシセツマツカゼ,通所リハビリテーション,柳井市余田3718,,33.958447,132.067291,0820-23-3370,,0820-23-3595,,医療法人 松栄会,3551280005,,,40名,,
山口県,,山口県,,介護老人保健施設 ケアセンターゆうわ,カイゴロウジンホケンシセツ ケアセンターユウワ,通所リハビリテーション,柳井市伊保庄字近長浜1－4,,33.930088,132.116165,0820-27-6001,,0820-27-0800,,社会福祉法人 恒和会,3551280013,,,60名,,
山口県,,山口県,,周防大島町立介護老人保健施設さざなみ苑,スオウオオシマチョウリツカイゴロウジンホケンシセツサザナミエン,通所リハビリテーション,大島郡周防大島町西安下庄3920－17,,33.893017,132.263794,0820-77-1212,,0820-77-1563,,周防大島町,3557180027,,,10名,,
山口県,,山口県,,周防大島町立介護医療院やすらぎ苑,スオウオオシマチョウリツカイゴイリョウインヤスラギエン,通所リハビリテーション,大島郡周防大島町小松124－2,,33.93969,132.193604,0820-74-5555,,0820-74-3890,,周防大島町,35B7100014,,,10名,,
山口県,,山口県,,老人保健施設そよかぜ,ロウジンホケンシセツソヨカゼ,通所リハビリテーション,熊毛郡田布施町宿井414－5,,33.973915,132.020782,0820-51-2100,,0820-51-2102,,医療法人 松栄会,3557380015,,,25名,,
山口県,,山口県,,介護老人保健施設 なでしこ,カイゴロウジンホケンシセツ ナデシコ,通所リハビリテーション,熊毛郡平生町平生村895,,33.945328,132.07637,0820-57-3800,,0820-56-8181,,医療法人 松栄会,3557380023,,,20名,,
山口県,,山口県,,老人保健施設成幸苑,ロウジンホケンシセツセイコウエン,通所リハビリテーション,下松市新川2－1－1,,34.009037,131.863144,0833-41-7577,,0833-44-8121,,医療法人 成幸会,3550780005,,,16名,,
山口県,,山口県,,介護老人保健施設ふくしの里,カイゴロウジンホケンシセツフクシノサト,通所リハビリテーション,下松市生野屋南1－10－1,,34.032719,131.876617,0833-45-3360,,0833-45-3361,,社会医療法人 同仁会,3550780013,,,24名,,
山口県,,山口県,,介護老人保健施設しまた川苑,カイゴロウジンホケンシセツシマタガワエン,通所リハビリテーション,光市島田5－3－2,,33.980576,131.940109,0833-77-3000,,0833-77-3001,,医療法人 愛命会,3551080009,,,40名,,
山口県,,山口県,,ナイスケア まほろば,ナイスケア マホロバ,通所リハビリテーション,光市岩田2477,,33.981529,131.998886,0820-49-1111,,0820-49-1112,,光市,3551080017,,,30名,,
山口県,,山口県,,独立行政法人地域医療機能推進機構徳山中央病院附属介護老人保健施設,ドクリツギョウセイホウジンチイキイリョウキノウスイシンキコウトクヤマチュウオウビョウインフゾクカイゴロウジンホケンシセツ,通所リハビリテーション,周南市孝田町1－1,,34.047676,131.83287,0834-28-8686,,0834-29-3916,,独立行政法人地域医療機能推進機構,3550580009,,,30名,,
山口県,,山口県,,老人保健施設ひまわり苑,ロウジンホケンシセツヒマワリエン,通所リハビリテーション,周南市新地3－5－1,,34.068966,131.788528,0834-21-1000,,0834-31-5520,,医療法人社団 高橋内科,3550580017,,,50名,,
山口県,,山口県,,老人保健施設温泉の里,ロウジンホケンシセツユノノサト,通所リハビリテーション,周南市湯野4204－1,,34.094482,131.675171,0834-83-3413,,0834-83-3415,,医療法人 治徳会,3550580025,,,40名,,
山口県,,山口県,,老人保健施設春の里,ロウジンホケンシセツハルノサト,通所リハビリテーション,周南市羽島1－2－23,,34.073582,131.726776,0834-61-2000,,0834-61-2002,,医療法人 松仁会,3551480001,,,20名,,
山口県,,山口県,,周南市介護老人保健施設 ゆめ風車,シュウナンシカイゴロウジンホケンシセツ ユメカザグルマ,通所リハビリテーション,周南市宮の前2－6－27,,34.072559,131.763748,0834-61-3151,,0834-61-3155,,周南市,3551580016,,,40名,,
山口県,,山口県,,介護老人保健施設 なごやか熊毛,カイゴロウジンホケンシセツ ナゴヤカクマゲ,通所リハビリテーション,周南市高水原2－7－21,,34.054207,131.973541,0833-92-0331,,0833-92-0332,,医療法人社団 生和会,3551580024,,,(1) 60名、(2) 8名、(3) 8名、(4) 10名,,
山口県,,山口県,,介護老人保健施設 あおぞら,カイゴロウジンホケンシセツ アオゾラ,通所リハビリテーション,周南市栗屋字二葉屋開作1022－76,,34.013332,131.813354,0834-36-3366,,0834-36-3367,,医療法人 松栄会,3551580032,,,25名,,
山口県,,山口県,,防府幸楽苑,ホウフコウラクエン,通所リハビリテーション,防府市台道1634－1,,34.069256,131.492813,0835-32-1725,,0835-32-3220,,医療法人 和同会,3550680007,,,106名,,
山口県,,山口県,,老人保健施設尚歯堂,ロウジンホケンシセツショウシドウ,通所リハビリテーション,防府市新田775－1,,34.031162,131.563324,0835-26-1133,,0835-26-1130,,医療法人 惻隠会,3550680015,,,50名,,
山口県,,山口県,,老人保健施設はくあい,ロウジンホケンシセツハクアイ,通所リハビリテーション,防府市三田尻1－1－24,,34.048119,131.572754,0835-26-2626,,0835-27-2015,,医療法人 博愛会,3550680023,,,40名,,
山口県,,山口県,,老人保健施設好日苑,ロウジンホケンシセツコウジツエン,通所リハビリテーション,防府市戎町2－5－1,,34.058765,131.570129,0835-26-5010,,0835-26-5015,,医療法人 松寿会,3550680031,,,30名,,
山口県,,山口県,,山口幸楽苑,ヤマグチコウラクエン,通所リハビリテーション,山口市黒川3380,,34.131638,131.438644,083-921-1617,,083-925-2550,,医療法人 和同会,3550380004,,,90名,,
山口県,,山口県,,老人保健施設日吉台,ロウジンホケンシセツヒヨシダイ,通所リハビリテーション,山口市陶3976,,34.101543,131.419495,083-973-2030,,083-973-2060,,社会福祉法人 山口向陽会,3550380012,,,30名,,
山口県,,山口県,,老人保健施設あいあい山口,ロウジンホケンシセツアイアイヤマグチ,通所リハビリテーション,山口市鋳銭司5964－1,,34.084579,131.443588,083-986-2179,,083-986-2845,,医療法人 相川医院,3550380020,,,(1) 32名、(2) 8名,,
山口県,,山口県,,老人保健施設悠々の里,ロウジンホケンシセツユウユウノサト,通所リハビリテーション,山口市吉敷佐畑4－4－44,,34.166832,131.427658,083-928-2111,,083-928-2110,,社会福祉法人 祐寿会,3550380038,,,16名,,
山口県,,山口県,,老人保健施設アーユス,ロウジンホケンシセツアーユス,通所リハビリテーション,山口市大内矢田北5－10－1,,34.155212,131.510132,083-927-8363,,083-927-8366,,医療法人社団 水生会,3550380046,,,70名,,
山口県,,山口県,,老人保健施設ナーシングホーム湯田温泉,ロウジンホケンシセツナーシングホームユダオンセン,通所リハビリテーション,山口市泉都町9－7,,34.167152,131.461319,083-920-7373,,083-920-7377,,医療法人社団 曙会,3550380053,,,40名,,
山口県,,山口県,,老人保健施設ハートホーム山口,ロウジンホケンシセツハートホームヤマグチ,通所リハビリテーション,山口市吉敷中東1－1－2,,34.167183,131.447418,083-933-6000,,083-933-6007,,医療法人社団 青藍会,3550380061,,,120名,,
山口県,,山口県,,山口県厚生農業協同組合連合会 老人保健施設みのり苑,ヤマグチケンコウセイノウギョウキョウドウクミアイレンゴウカイ ロウジンホケンシセツミノリエン,通所リハビリテーション,山口市小郡下郷862－3,,34.103893,131.3974,083-973-3161,,083-973-3411,,山口県厚生農業協同組合連合会,3557680000,,,45名,,
山口県,,山口県,,老人保健施設 ニューライフあじす,ロウジンホケンシセツ ニューライフアジス,通所リハビリテーション,山口市阿知須4165－3,,34.016357,131.343506,0836-65-2178,,0836-65-5455,,医療法人 協愛会,3557680018,,,35名,,
山口県,,山口県,,介護老人保健施設 豊生苑,カイゴロウジンホケンシセツ　ホウセイエン,通所リハビリテーション,宇部市木田40－20,,34.064083,131.279587,0836-62-1003,,0836-62-1201,,医療法人社団 泉仁会,3550280006,,,40名,,
山口県,,山口県,,介護老人保健施設昭和町共生苑,カイゴロウジンホケンシセツショウワマチキョウセイエン,通所リハビリテーション,宇部市昭和町2－12－12,,33.939186,131.255157,0836-31-4131,,0836-31-2399,,医療法人 仁心会,3550280022,,,20名,,
山口県,,山口県,,介護老人保健施設寿光園,カイゴロウジンホケンシセツジュコウエン,通所リハビリテーション,宇部市妻崎開作789ノに470－3,,33.979202,131.202072,0836-44-4500,,0836-44-4160,,医療法人 博愛会,3550280030,,,65名,,
山口県,,山口県,,老人保健施設老健ふなき,ロウジンホケンシセツロウケンフナキ,通所リハビリテーション,宇部市船木833,,34.049004,131.193573,0836-67-1665,,0836-67-1685,,医療法人 扶老会,3557780008,,,20名,,
山口県,,山口県,,介護老人保健施設 ぺあれんと,カイゴロウジンホケンシセツ ペアレント,通所リハビリテーション,宇部市浜町2－1－3,,33.964874,131.238449,0836-36-1170,,0836-36-1171,,医療法人 博愛会,3550280048,,,80名,,
山口県,,山口県,,美祢市介護老人保健施設グリーンヒル美祢,ミネシカイゴロウジンホケンシセツグリーンヒルミネ,通所リハビリテーション,美祢市大嶺町東分11313－1,,34.181473,131.208405,0837-54-0145,,0837-52-2067,,美祢市,3551380011,,,25名,,
山口県,,山口県,,小野田赤十字老人保健施設 あんじゅ,オノダセキジュウジロウジンホケンシセツ アンジュ,通所リハビリテーション,山陽小野田市小野田3700,,33.952679,131.182571,0836-88-0222,,0836-88-4392,,日本赤十字社,3550980001,,,30名,,
山口県,,山口県,,介護老人保健施設 あさ紫苑,カイゴロウジンホケンシセツ アサシオン,通所リハビリテーション,山陽小野田市桜1－3－1,,34.053429,131.155624,0836-71-1700,,0836-71-1701,,医療法人 健仁会,3557780016,,,50名,,
山口県,,山口県,,医療法人社団 成蹊会 老人保健施設サンライズ２１,イリョウホウジンシャダン セイケイカイ ロウジンホケンシセツサンライズ２１,通所リハビリテーション,長門市東深川889－1,,34.377045,131.186584,0837-23-0021,,0837-23-0023,,医療法人社団 成蹊会,3551180015,,,40名,,
山口県,,山口県,,老人保健施設福寿苑,ロウジンホケンシセツフクジュエン,通所リハビリテーション,長門市日置中2488－3,,34.374348,131.098846,0837-37-3912,,0837-37-3925,,医療法人社団 福寿会,3558080002,,,30名,,
山口県,,山口県,,医療法人社団 慈生会 介護老人保健施設徳寿園,イリョウホウジンシャダン ジセイカイ カイゴロウジンホケンシセツトクジュエン,通所リハビリテーション,萩市山田4147－1,,34.397305,131.382416,0838-22-0118,,0838-22-0132,,医療法人社団 慈生会,3550480010,,,35名,,
山口県,,山口県,,株式会社エヌ・エス・サービス本社事業所,カブシキガイシャエヌ・エス・サービスホンシャジギョウショ,福祉用具貸与,岩国市由宇町南沖4－3－3,,34.038582,132.213669,0827-62-0990,,0827-62-0991,,株式会社 エヌ・エス・サービス,3570800023,,,,,
山口県,,山口県,,有限会社 アシスト,ユウゲンガイシャ アシスト,福祉用具貸与,岩国市御庄1－109－3,,34.165134,132.147842,0827-45-0022,,0827-45-0023,,有限会社 アシスト,3570800346,,,,,
山口県,,山口県,,こすもすめーる由宇店,コスモスメールユウテン,福祉用具貸与,岩国市由宇町中央1－7－14,,34.044838,132.211365,0827-63-0108,,0827-63-2810,,有限会社なかのでんき,3577200474,,,,,
山口県,,山口県,,株式会社 メディス 岩国支店,カブシキガイシャ メディス イワクニシテン,福祉用具貸与,岩国市御庄4－106－7,,34.169209,132.15654,0827-46-0145,,0827-46-0148,,株式会社 メディス,3570800072,,,,,
山口県,,山口県,,サンハイティー,サンハイティー,福祉用具貸与,岩国市多田1－105－6,,34.175388,132.163208,0827-44-0708,,0827-44-0703,,株式会社 サンハイティー,3570800767,,,,,
山口県,,山口県,,株式会社ホームケアサービス山口 岩国店,カブシキガイシャホームケアサービスヤマグチ イワクニテン,福祉用具貸与,岩国市今津町4－12－7,,34.165043,132.214752,0827-30-3025,,0827-30-0055,,株式会社 ホームケアサービス山口,3570800874,,,,,
山口県,,山口県,,有限会社 カガミ,ユウゲンガイシャ カガミ,福祉用具貸与,岩国市岩国1－15－17,,34.164684,132.18074,0827-28-5263,,0827-28-5270,,有限会社 カガミ,3570801765,,,,,
山口県,,山口県,,株式会社エヌ・エス・サービス今津事業所,カブシキガイシャエヌ・エス・サービスイマヅジギョウショ,福祉用具貸与,岩国市今津町6－11－13,,34.161274,132.210129,0827-30-0294,,0827-30-4408,,株式会社 エヌ・エス・サービス,3570801831,,,,,
山口県,,山口県,,西日本医療サービス株式会社 岩国営業所,ニシニホンイリョウサービスカブシキガイシャ イワクニエイギョウショ,福祉用具貸与,岩国市周東町下久原624,,34.090099,132.057373,0827-28-4324,,0827-28-4325,,西日本医療サービス株式会社,3570802128,,,,,
山口県,,山口県,,株式会社フルケア岩国営業所,カブシキガイシャフルケアイワクニエイギョウショ,福祉用具貸与,岩国市多田3－104－4,,34.180756,132.168777,0827-28-4830,,0827-28-4831,,株式会社 フルケア,3570802219,,,,,
山口県,,山口県,,アイテム株式会社,アイテムカブシキガイシャ,福祉用具貸与,岩国市玖珂町1017－5,,34.100464,132.092773,0827-28-6751,,0827-28-6752,,アイテム株式会社,3570802433,,,,,
山口県,,山口県,,海井医科器械株式会社 海井福祉サービス,ウミイイカキカイカブシキガイシャ ウミイフクシサービス,福祉用具貸与,玖珂郡和木町和木5－9－43,,34.206799,132.230545,0827-28-1122,,0827-28-1125,,海井医科器械 株式会社,3570800205,,,,,
山口県,,山口県,,株式会社 西日本光洋,カブシキガイシャ ニシニホンコウヨウ,福祉用具貸与,柳井市柳井6764－1,,33.983452,132.112854,0820-23-6077,,0820-23-6076,,株式会社 西日本光洋,3571200108,,,,,
山口県,,山口県,,ケアメディカル さらや,ケアメディカル サラヤ,福祉用具貸与,柳井市中央2－17－24,,33.965809,132.108109,0820-22-0306,,0820-22-0306,,有限会社 更家,3571200264,,,,,
山口県,,山口県,,株式会社 ヨネツ,カブシキガイシャ ヨネツ,福祉用具貸与,柳井市天神17－11,,33.965298,132.114502,0820-22-1950,,0820-22-8400,,株式会社 ヨネツ,3571200561,,,,,
山口県,,山口県,,有限会社 しらき,ユウゲンガイシャ シラキ,福祉用具貸与,大島郡周防大島町西方14,,33.885509,132.357452,0820-78-2626,,0820-78-2727,,有限会社 しらき,3577100310,,,,,
山口県,,山口県,,有限会社 土手百貨店,ユウゲンガイシャ ドテヒャッカテン,福祉用具貸与,大島郡周防大島町西方1650－11,,33.885509,132.357452,0820-78-0042,,0820-78-1878,,有限会社 土手百貨店,3577100369,,,,,
山口県,,山口県,,株式会社 河村福祉サービス 柳井介護センター,カブシキガイシャ カワムラフクシサービス ヤナイカイゴセンター,福祉用具貸与,熊毛郡平生町平生町588－1,,33.941547,132.069839,0820-25-1770,,0820-25-1771,,株式会社河村福祉サービス,3571200389,,,,,
山口県,,山口県,,株式会社ホームケアサービス山口 周南店,カブシキガイシャホームケアサービスヤマグチ シュウナンテン,福祉用具貸与,下松市末武上久保田1800－1,,34.043716,131.869751,0833-45-3008,,0833-43-2378,,株式会社ホームケアサービス山口,3570700355,,,,,
山口県,,山口県,,指定福祉用具貸与・販売事業所げんき,シテイフクシヨウグタイヨ・ハンバイジギョウショゲンキ,福祉用具貸与,下松市西豊井1655－3,,34.018143,131.875214,0833-45-2200,,0833-45-2300,,株式会社つむぎ,3570701098,,,,,
山口県,,山口県,,ダスキンヘルスレント周南ステーション,ダスキンヘルスレントシュウナンステーション,福祉用具貸与,光市光井1－14－17,,33.952244,131.9543,0833-48-4646,,0833-71-0388,,株式会社 ダスキンせらい,3570700322,,,,,
山口県,,山口県,,株式会社あすなろ,カブシキガイシャアスナロ,福祉用具貸与,光市中央2－17－26,,33.955086,131.948883,0833-44-7087,,0833-44-7085,,株式会社あすなろ,3571000920,,,,,
山口県,,山口県,,福祉用具貸与・販売事業所ライフ,フクシヨウグタイヨ・ハンバイジギョウショライフ,福祉用具貸与,光市島田2－22－11,,33.969906,131.933456,0833-74-1611,,0833-74-1612,,有限会社メディビス,3571000953,,,,,
山口県,,山口県,,海井医科器械株式会社 周南営業所,ウミイイカキカイカブシキガイシャ シュウナンエイギョウショ,福祉用具貸与,周南市鼓海2－118－72,,34.020157,131.818695,0834-26-1450,,0834-26-1451,,海井医科器械株式会社,3570500292,,,,,
山口県,,山口県,,株式会社 ライフ周南,ユウゲンガイシャ メディカルサービス,福祉用具貸与,周南市須々万本郷2671－1,,34.112503,131.864151,0834-88-2288,,0834-88-2092,,株式会社 ライフ周南,3570500391,,,,,
山口県,,山口県,,ニチイケアセンター周南,ニチイケアセンターシュウナン,福祉用具貸与,周南市河東町9－20－Ｂ,,34.046501,131.812469,0834-27-5330,,0834-22-3340,,株式会社 ニチイ学館,3570500417,,,,,
山口県,,山口県,,有限会社 ゆとり工房,ユウゲンガイシャ ユトリコウボウ,福祉用具貸与,周南市桜木3－5－82,,34.038258,131.837128,0834-39-0526,,0834-39-0527,,有限会社 ゆとり工房,3571500093,,,,,
山口県,,山口県,,有限会社マイ・サポート,ユウゲンガイシャマイ・サポート,福祉用具貸与,周南市権現町5－21,,34.057804,131.798218,0834-33-2380,,0834-33-2387,,有限会社マイ・サポート,3571500515,,,,,
山口県,,山口県,,日本基準寝具株式会社周南営業所,ニホンキジュンシングカブシキガイシャシュウナンエイギョウショ,福祉用具貸与,周南市久米852－2,,34.051853,131.85611,0834-36-1445,,0834-36-1446,,日本基準寝具株式会社,3571500846,,,,,
山口県,,山口県,,有限会社サンリツ,ユウゲンガイシャサンリツ,福祉用具貸与,周南市久米4197－1,,34.051853,131.85611,0834-36-2251,,0834-36-2261,,有限会社サンリツ,3571501166,,,,,
山口県,,山口県,,ゆうあいレンタルケア,ユウアイレンタルケア,福祉用具貸与,周南市須々万本郷28－1,,34.112503,131.864151,0834-88-2208,,0834-88-2336,,社会福祉法人緑山会,3571501257,,,,,
山口県,,山口県,,株式会社 西日本光洋 周南営業所,カブシキガイシャ ニシニホンコウヨウ シュウナンエイギョウショ,福祉用具貸与,周南市久米五反田717－1,,34.051853,131.85611,0834-28-8877,,0834-28-8876,,株式会社 西日本光洋,3571501356,,,,,
山口県,,山口県,,ＪＡ福祉用具レンタル山口,ＪＡフクシヨウグレンタルヤマグチ,福祉用具貸与,周南市清水1－12－7,,34.070591,131.767365,0834-62-7013,,0834-62-8013,,ＪＡ協同サポート山口株式会社,3571501505,,,,,
山口県,,山口県,,株式会社フルケア周南営業所,カブシキガイシャフルケアシュウナンエイギョウショ,福祉用具貸与,周南市五月町9－28,,34.036327,131.828827,0834-33-8150,,0834-33-8353,,株式会社 フルケア,3571501745,,,,,
山口県,,山口県,,株式会社 山口メディカル,カブシキガイシャ ヤマグチメディカル,福祉用具貸与,防府市富海2520,,34.048042,131.641418,0835-34-0553,,0835-34-1247,,株式会社 山口メディカル,3570600217,,,,,
山口県,,山口県,,有限会社 加賀メディカル,ユウゲンガイシャ カガメディカル,福祉用具貸与,防府市佐波2－10－12,,34.056114,131.563751,0835-22-1408,,0835-22-8225,,有限会社 加賀メディカル,3570600324,,,,,
山口県,,山口県,,株式会社 ナカニシ,カブシキガイシャ ナカニシ,福祉用具貸与,防府市開出西町5－22,,34.05397,131.548691,0835-22-3150,,0835-22-3151,,株式会社 ナカニシ,3570600332,,,,,
山口県,,山口県,,有限会社 ケアメイト,ユウゲンガイシャ ケアメイト,福祉用具貸与,防府市新田503－3,,34.03672,131.563675,0835-23-7573,,0835-23-7473,,有限会社 ケアメイト,3570600480,,,,,
山口県,,山口県,,有限会社 スマイル・ケア,ユウゲンガイシャ スマイル・ケア,福祉用具貸与,防府市江泊1906,,34.050087,131.605225,0835-24-0776,,0835-24-6868,,有限会社 スマイル・ケア,3570600571,,,,,
山口県,,山口県,,ホットライフサポート,ホットライフサポート,福祉用具貸与,防府市田島3379－1,,34.007374,131.527054,0835-29-0009,,0835-29-2289,,有限会社 白井興産,3570601066,,,,,
山口県,,山口県,,株式会社 ひまわり 山口支店,カブシキガイシャ ヒマワリ ヤマグチシテン,福祉用具貸与,防府市鋳物師町9－38,,34.050453,131.574677,0835-27-5517,,0835-27-5518,,株式会社 ひまわり,3570601389,,,,,
山口県,,山口県,,株式会社ホームケアサービス山口 防府店,カブシキガイシャホームケアサービスヤマグチ ホウフテン,福祉用具貸与,防府市華園町12－1,,34.043362,131.5578,0835-27-1122,,0835-27-1155,,株式会社ホームケアサービス山口,3570602106,,,,,
山口県,,山口県,,ダスキンヘルスレント山口防府ステーション,ダスキンヘルスレントヤマグチホウフステーション,福祉用具貸与,防府市国衙2－2－30,,34.056499,131.584152,0835-28-9588,,0835-28-9580,,株式会社 ダスキンせらい,3570602403,,,,,
山口県,,山口県,,株式会社ぴーす 防府営業所,カブシキガイシャピース　ホウフエイギョウショ,福祉用具貸与,防府市三田尻3－7－30,,34.044567,131.57843,0835-27-3900,,0835-27-3901,,株式会社ぴーす,3570602551,,,,,
山口県,,山口県,,株式会社 ホームケアサービス山口 山口店,カブシキガイシャ ホームケアサービスヤマグチ ヤマグチテン,福祉用具貸与,山口市陶4542－1,,34.090973,131.418549,083-973-6615,,083-973-6614,,株式会社 ホームケアサービス山口,3570300388,,,,,
山口県,,山口県,,有限会社 山口電動車販売,ユウゲンガイシャ ヤマグチデンドウシャハンバイ,福祉用具貸与,山口市宮野上171－5,,34.207569,131.509842,083-923-0809,,083-923-0824,,有限会社 山口電動車販売,3570300487,,,,,
山口県,,山口県,,かいごのいまづ,カイゴノイマヅ,福祉用具貸与,山口市阿知須4856－19,,34.013802,131.357986,0836-65-2010,,0836-65-5131,,有限会社 パナックいまづ,3577600210,,,,,
山口県,,山口県,,有限会社 アイフィット山口,ユウゲンガイシャ アイフィットヤマグチ,福祉用具貸与,山口市平井705,,34.154423,131.463501,083-933-6500,,083-933-6501,,有限会社 アイフィット山口,3570300834,,,,,
山口県,,山口県,,日本基準寝具株式会社 エコール山口営業所,ニホンキジュンシングカブシキガイシャ エコールヤマグチエイギョウショ,福祉用具貸与,山口市小郡上郷字仁保津5256,,34.126446,131.412323,083-976-0324,,083-976-0325,,日本基準寝具株式会社,3577600384,,,,,
山口県,,山口県,,株式会社 ぐりーん,カブシキガイシャ グリーン,福祉用具貸与,山口市赤妻町3－20－105,,34.167423,131.448441,083-928-0099,,083-941-6199,,株式会社ぐりーん,3570301691,,,,,
山口県,,山口県,,はんど山口営業所,ハンドヤマグチエイギョウショ,福祉用具貸与,山口市朝田流通センター601－13,,34.149879,131.417313,083-995-2060,,083-995-2061,,株式会社 はんど,3570302483,,,,,
山口県,,山口県,,株式会社 河村福祉サービス,カブシキガイシャ カワムラフクシサービス,福祉用具貸与,山口市阿知須4825－1,,34.009491,131.351761,0836-43-6872,,0836-43-6873,,株式会社 河村福祉サービス,3570302798,,,,,
山口県,,山口県,,株式会社フルケア山口営業所,カブシキガイシャフルケアヤマグチエイギョウショ,福祉用具貸与,山口市小郡下郷3399－1,,34.090538,131.391068,083-941-5201,,083-941-5207,,株式会社 フルケア,3570303234,,,,,
山口県,,山口県,,株式会社岩多屋福祉事業部 山口,カブシキガイシャイワタヤフクシジギョウブ ヤマグチ,福祉用具貸与,山口市小郡上郷3541－3,,34.121731,131.413055,083-972-2037,,083-973-1745,,株式会社 岩多屋,3570303374,,,,,
山口県,,山口県,,有限会社加賀メディカル山口店,ユウゲンガイシャカガメディカルヤマグチテン,福祉用具貸与,山口市矢原852－3,,34.154236,131.44751,083-902-1408,,083-902-1409,,有限会社加賀メディカル,3570303416,,,,,
山口県,,山口県,,青藍会　在宅医療支援センター山口福祉用具事業所　,セイランカイ　ザイタクイリョウシエンセンターヤマグチグフクシヨウグジギョウショ,福祉用具貸与,山口市吉敷中東1－2－6　みずほビル4－Ａ,,34.166405,131.446732,083-902-2313,,083-902-1505,,有限会社 みずほ企画,3570303473,,,,,
山口県,,山口県,,山口病院福祉用具事業所,ヤマグチビョウインフクシヨウグジギョウショ,福祉用具貸与,山口市駅通り2－8－5,,34.175171,131.480453,083-934-5066,,083-934-5050,,医療法人 樹一会,3570303531,,,,,
山口県,,山口県,,福祉用具リライフ,フクシヨウグリライフ,福祉用具貸与,山口市秋穂東6243　アパルタメント春秋Ｂ棟202号,,34.014809,131.452942,083-984-8282,,083-984-8283,,合同会社リライフ,3570303747,,,,,
山口県,,山口県,,福祉用具事業所アドバンス,フクシヨウグジギョウショアドバンス,福祉用具貸与,山口市湯田温泉1－1－7,,34.166039,131.460678,083-902-5551,,083-902-5550,,株式会社アドバンス,3570303846,,,,,
山口県,,山口県,,ダスキンヘルスレント山口北ステーション,ダスキンヘルスレントヤマグチキタステーション,福祉用具貸与,山口市宮野上190－2,,34.202583,131.508667,083-976-8438,,083-976-8430,,株式会社 ダスキンせらい,3570303879,,,,,
山口県,,山口県,,エネックス株式会社,エネックスカブシキガイシャ,福祉用具貸与,宇部市東須恵3840－1,,33.960957,131.191315,0836-41-3355,,0836-41-6640,,エネックス株式会社,3570200299,,,,,
山口県,,山口県,,サンケン実業株式会社 ひまわり宇部,サンケンジツギョウカブシキガイシャ ヒマワリウベ,福祉用具貸与,宇部市神原町2－2－9,,33.948826,131.262726,0836-21-0120,,0836-21-5709,,サンケン実業株式会社,3570200448,,,,,
山口県,,山口県,,株式会社はんど,カブシキガイシャハンド,福祉用具貸与,宇部市助田町7－13,,33.964199,131.229599,0836-37-2377,,0836-37-2378,,株式会社 はんど,3570200463,,,,,
山口県,,山口県,,株式会社ササキコーポレーション,カブシキガイシャササキコーポレーション,福祉用具貸与,宇部市港町1－13－5,,33.945503,131.246338,0836-21-8181,,0836-21-5001,,株式会社ササキコーポレーション,3570200687,,,,,
山口県,,山口県,,株式会社 スズキ自販山口,カブシキガイシャ スズキジハンヤマグチ,福祉用具貸与,宇部市妻崎開作832,,33.977924,131.206406,0836-45-0100,,0836-45-0102,,株式会社 スズキ自販山口,3570201032,,,,,
山口県,,山口県,,株式会社 ホームケアサービス山口 宇部店,カブシキガイシャ ホームケアサービスヤマグチ ウベテン,福祉用具貸与,宇部市西宇部南3－3－2,,34.001423,131.221176,0836-39-1147,,0836-45-1147,,株式会社ホームケアサービス山口,3570201958,,,,,
山口県,,山口県,,ライフ楽,ライフラク,福祉用具貸与,宇部市沖ノ旦797,,33.995525,131.225998,0836-45-0700,,0836-45-0711,,丸十株式会社,3570202352,,,,,
山口県,,山口県,,西日本商事株式会社宇部営業所,ニシニホンショウジカブシキガイシャウベエイギョウショ,福祉用具貸与,宇部市常盤町2－1－29,,33.949883,131.248917,0836-39-9444,,0836-39-9445,,西日本商事株式会社,3570202659,,,,,
山口県,,山口県,,合同会社うさぎの介護用品店,ゴウドウガイシャウサギノカイゴヨウヒンテン,福祉用具貸与,宇部市東新川町6－44－101,,33.94622,131.255066,0836-43-7111,,0836-43-6401,,合同会社うさぎの介護用品店,3570203061,,,,,
山口県,,山口県,,合同会社 Ｌｉｇｈｔｈｏｕｓｅ,ゴウドウガイシャ Ｌｉｇｈｔｈｏｕｓｅ,福祉用具貸与,宇部市小松原町2－2－3,,33.963116,131.241684,0836-35-5154,,0836-38-5009,,合同会社 Ｌｉｇｈｔｈｏｕｓｅ,3570203517,,,,,
山口県,,山口県,,ケアサポートきわなみ,ケアサポートキワナミ,福祉用具貸与,宇部市際波726－3,,33.99469,131.222946,0836-39-7622,,0836-39-3265,,株式会社 きわなみ,3570203764,,,,,
山口県,,山口県,,シンプルケア,シンプルケア,福祉用具貸与,宇部市浜町2－11－16,,33.965191,131.23381,0836-37-0008,,0836-39-9571,,株式会社カワムラ,3570204150,,,,,
山口県,,山口県,,ケアビレッジ桜 福祉用具事業所,ケアハウスサクラフクシヨウグジギョウショ,福祉用具貸与,宇部市西岐波2068－1,,33.969826,131.312958,0836-51-3386,,0836-39-7798,,株式会社サクラ,3570204184,,,,,
山口県,,山口県,,株式会社 狼煙,カブシキガイシャ ノロシ,福祉用具貸与,美祢市美東町大田6065,,34.232838,131.357422,08396-2-5010,,08396-2-5015,,株式会社 狼煙,3571300593,,,,,
山口県,,山口県,,西日本商事株式会社 山口営業所,ニシニホンショウジカブシキガイシャ ヤマグチエイギョウショ,福祉用具貸与,山陽小野田市中川4－4－8,,33.988049,131.177322,0836-84-5289,,0836-84-9630,,西日本商事株式会社,3571600190,,,,,
山口県,,山口県,,株式会社 ミサト,カブシキガイシャ ミサト,福祉用具貸与,山陽小野田市埴生655－1,,34.037556,131.09375,0836-76-0802,,0836-76-0318,,株式会社 ミサト,3571600240,,,,,
山口県,,山口県,,マザー,マザー,福祉用具貸与,長門市西深川430－2,,34.371094,131.164978,0837-22-3664,,0837-22-9807,,合同会社 マザー,3570400212,,,,,
山口県,,山口県,,あおば,アオバ,福祉用具貸与,萩市椿東2858,,34.419571,131.41362,0838-26-3770,,0838-26-3771,,有限会社 直方メディカルサービス,3540440439,,,,,
山口県,,山口県,,有限会社 ひまわり,ユウゲンガイシャ ヒマワリ,福祉用具貸与,萩市山田4731－1,,34.405457,131.380981,0838-22-2612,,0838-25-5527,,有限会社 ひまわり,3570400048,,,,,
山口県,,山口県,,有限会社ホワイトクリーニング萩ケアホワイト,ユウゲンガイシャホワイトクリーニングハギケアホワイト,福祉用具貸与,萩市椿2742－3,,34.39592,131.404434,0838-22-9117,,0838-22-9277,,有限会社ホワイトクリーニング萩,3570400113,,,,,
山口県,,山口県,,株式会社ホームケアサービス山口 萩店,カブシキガイシャホームケアサービスヤマグチ ハギテン,福祉用具貸与,萩市椿東2880－1,,34.418407,131.411194,0838-24-1002,,0838-24-1003,,株式会社ホームケアサービス山口,3570400501,,,,,
山口県,,山口県,,特別養護老人ホーム光葉苑,トクベツヨウゴロウジンホームコウヨウエン,短期入所生活介護,岩国市下317－2,,34.169106,132.095917,0827-47-3500,,0827-47-3553,,社会福祉法人 光葉会,3570800239,,,6名,,
山口県,,山口県,,特別養護老人ホーム高森苑,トクベツヨウゴロウジンホームタカモリエン,短期入所生活介護,岩国市周東町西長野621－1,,34.087597,132.027634,0827-84-3747,,0827-84-1401,,社会福祉法人 高森福祉会,3577200250,,,16名,,
山口県,,山口県,,特別養護老人ホーム玖珂苑,トクベツヨウゴロウジンホームクガエン,短期入所生活介護,岩国市玖珂町3813－6,,34.100464,132.092773,0827-82-0555,,0827-82-0736,,社会福祉法人 高森福祉会,3577200284,,,16名,,
山口県,,山口県,,特別養護老人ホーム緑風荘,トクベツヨウゴロウジンホームリョクフウソウ,短期入所生活介護,岩国市由宇町向原3018－1,,34.035919,132.176926,0827-62-1122,,0827-62-1123,,社会福祉法人 緑風会,3577200383,,,10名,,
山口県,,山口県,,特別養護老人ホーム錦苑,トクベツヨウゴロウジンホームニシキエン,短期入所生活介護,岩国市錦町広瀬758,,34.274345,131.921814,0827-72-3523,,0827-72-3562,,社会福祉法人 錦福祉会,3577200391,,,10名,,
山口県,,山口県,,特別養護老人ホーム美和苑,トクベツヨウゴロウジンホームミワエン,短期入所生活介護,岩国市美和町生見12538,,34.247898,132.086365,0827-96-1130,,0827-96-0419,,社会福祉法人 美和福祉会,3577200425,,,10名,,
山口県,,山口県,,特別養護老人ホームヴィラ本郷,トクベツヨウゴロウジンホームヴィラホンゴウ,短期入所生活介護,岩国市本郷町本郷2086,,34.290527,132.043274,0827-78-1111,,0827-78-1115,,社会福祉法人 平成記念会,3577200458,,,10名,,
山口県,,山口県,,特別養護老人ホーム美川苑,トクベツヨウゴロウジンホームミカワエン,短期入所生活介護,岩国市美川町小川437－1,,34.242199,132.00737,0827-76-5008,,0827-76-5010,,社会福祉法人 美川福祉会,3577200466,,,12名,,
山口県,,山口県,,特別養護老人ホームかなえ,トクベツヨウゴロウジンホームカナエ,短期入所生活介護,岩国市錦見3－7－55,,34.165905,132.198792,0827-44-2233,,0827-44-2234,,社会福祉法人 鼎会,3570800585,,,20名,,
山口県,,山口県,,特別養護老人ホーム 灘海園,トクベツヨウゴロウジンホーム　ナダミエン,短期入所生活介護,岩国市愛宕町1－5－1,,34.145725,132.199829,0827-32-0315,,0827-32-7554,,社会福祉法人 山口県社会福祉事業団,3570800908,,,ユニット型 20名,,
山口県,,山口県,,せんぞく苑,センゾクエン,短期入所生活介護,岩国市周東町下久原443－6,,34.096893,132.045563,0827-83-0100,,0827-83-0155,,社会福祉法人 高森福祉会,3577200847,,,ユニット型  10名,,
山口県,,山口県,,シンシアゆうわ,シンシアユウワ,短期入所生活介護,岩国市藤生町3－27－8,,34.120247,132.190186,0827-34-6002,,0827-34-6011,,社会福祉法人 恒和会,3570801724,,,ユニット型 11名,,
山口県,,山口県,,介護老人福祉施設 ヴィータ,カイゴロウジンフクシシセツ ヴィータ,短期入所生活介護,岩国市麻里布町3－5－30,,34.170403,132.222122,0827-30-0001,,0827-30-0002,,社会福祉法人 錦福祉会,3570801922,,,ユニット型 10名,,
山口県,,山口県,,特別養護老人ホームわきあいあい苑,トクベツヨウゴロウジンホームワキアイアイエン,短期入所生活介護,玖珂郡和木町瀬田4－1－1,,34.194065,132.225128,0827-54-0345,,0827-52-0055,,社会福祉法人 和木三志会,3577200300,,,7名,,
山口県,,山口県,,特別養護老人ホーム松風苑,トクベツヨウゴロウジンホームショウフウエン,短期入所生活介護,柳井市余田3762－1,,33.98584,132.067093,0820-23-6363,,0820-23-6365,,社会福祉法人 松風会,3571200116,,,10名,,
山口県,,山口県,,特別養護老人ホーム大畠苑,トクベツヨウゴロウジンホーム　オオバタケエン,短期入所生活介護,柳井市遠崎10412－4,,33.96254,132.148834,0820-45-3838,,0820-45-3855,,社会福祉法人 千寿会,3577200292,,,12名,,
山口県,,山口県,,特別養護老人ホーム 四季の里,トクベツヨウゴロウジンホーム シキノサト,短期入所生活介護,柳井市日積3210－5,,34.005161,132.174744,0820-28-1770,,0820-28-1771,,社会福祉法人 最勝会,3571200470,,,,,
山口県,,山口県,,特別養護老人ホーム 伊保庄園,トクベツヨウゴロウジンホーム　イホノショウエン,短期入所生活介護,柳井市伊保庄1－2,,33.930088,132.116165,0820-27-0840,,0820-27-0841,,社会福祉法人 山口県社会福祉事業団,3571200488,,,14名,,
山口県,,山口県,,特別養護老人ホームやまびこ苑,トクベツヨウゴロウジンホームヤマビコエン,短期入所生活介護,大島郡周防大島町久賀5375－1,,33.937672,132.266953,0820-72-2880,,0820-72-2882,,社会福祉法人慈光福祉会,3577100153,,,10名,,
山口県,,山口県,,特別養護老人ホームオレンジ苑,トクベツヨウゴロウジンホームオレンジエン,短期入所生活介護,大島郡周防大島町東安下庄774－9,,33.902946,132.292572,0820-77-2008,,0820-77-2007,,社会福祉法人 橘福祉会,3577100179,,,10名,,
山口県,,山口県,,特別養護老人ホームほのぼの苑,トクベツヨウゴロウジンホームホノボノエン,短期入所生活介護,大島郡周防大島町小松133－1,,33.93969,132.193604,0820-74-2100,,0820-74-2131,,社会福祉法人 さつき会,3577100187,,,10名,,
山口県,,山口県,,特別養護老人ホーム白寿苑,トクベツヨウゴロウジンホームハクジュエン,短期入所生活介護,大島郡周防大島町西方1623－2,,33.885509,132.357452,0820-78-1800,,0820-78-1801,,社会福祉法人 大島白壽會,3577100260,,,7名,,
山口県,,山口県,,特別養護老人ホームかみのせき苑,トクベツヨウゴロウジンホームカミノセキエン,短期入所生活介護,熊毛郡上関町長島1561－1,,33.82235,132.078217,0820-65-5110,,0820-65-0566,,社会福祉法人 上関福祉会,3577300266,,,10名,,
山口県,,山口県,,特別養護老人ホームたぶせ苑,トクベツヨウゴロウジンホームタブセエン,短期入所生活介護,熊毛郡田布施町宿井406,,33.965446,132.027832,0820-53-1294,,0820-53-2940,,社会福祉法人 施福会,3577300274,,,2名,,
山口県,,山口県,,特別養護老人ホームつつじ苑,トクベツヨウゴロウジンホームツツジエン,短期入所生活介護,熊毛郡平生町曽根10126－2,,33.9217,132.070984,0820-56-1050,,0820-56-1052,,社会福祉法人 うちうみ会,3577300209,,,6名,,
山口県,,山口県,,ユニット型特別養護老人ホームつつじ苑,ユニットガタトクベツヨウゴロウジンホームツツジエン,短期入所生活介護,熊毛郡平生町曽根10126－2,,33.9217,132.070984,0820-56-1050,,0820-56-1052,,社会福祉法人 うちうみ会,3577300787,,,,,
山口県,,山口県,,特別養護老人ホームほしのさと,トクベツヨウゴロウジンホームホシノサト,短期入所生活介護,下松市生野屋南1－13－1,,34.032597,131.874741,0833-45-3100,,0833-45-3200,,社会福祉法人 くだまつ平成会,3570700132,,,7名,,
山口県,,山口県,,特別養護老人ホーム松寿苑,トクベツヨウゴロウジンホームショウジュエン,短期入所生活介護,下松市来巻944－1,,34.014561,131.923477,0833-47-1220,,0833-47-1222,,社会福祉法人 幸洋福祉会,3570700173,,,ユニット型 10名,,
山口県,,山口県,,ショートステイ 野の花,ショートステイ ノノハナ,短期入所生活介護,下松市瑞穂町2－21－1,,34.024117,131.851822,0833-45-5500,,0833-44-4516,,医療法人社団 二三会,3570700421,,,ユニット型 20名,,
山口県,,山口県,,地域密着型特別養護老人ホームほがらか,チイキミッチャクガタトクベツヨウゴロウジンホームホガラカ,短期入所生活介護,下松市山田256,,34.034492,131.905945,0833-47-1717,,0833-47-1718,,社会福祉法人元気の会,3570701031,,,ユニット型 10名,,
山口県,,山口県,,特別養護老人ホーム光寿苑,トクベツヨウゴロウジンホームコウジュエン,短期入所生活介護,光市室積沖田5－1,,33.935333,131.974075,0833-79-1700,,0833-79-1701,,社会福祉法人 光寿福祉会,3571000094,,, ユニット型 20名,,
山口県,,山口県,,特別養護老人ホーム光富士白苑,トクベツヨウゴロウジンホームヒカリフジシロエン,短期入所生活介護,光市虹ケ浜2－5－7,,33.968704,131.918777,0833-71-3090,,0833-71-3196,,社会福祉法人 光富士白苑,3571000102,,,ユニット型 17名,,
山口県,,山口県,,特別養護老人ホームやまと苑,トクベツヨウゴロウジンホームヤマトエン,短期入所生活介護,光市岩田267,,33.982563,131.988388,0820-48-3333,,0820-48-5032,,社会福祉法人 大和福祉会,3577300241,,,2名,,
山口県,,山口県,,短期入所生活介護 サポートひかり,タンキニュウショセイカツカイゴ サポートヒカリ,短期入所生活介護,光市中央3－2－26,,33.959202,131.946274,0833-72-5700,,0833-71-0758,,医療法人 社団光仁会,3571000235,,,21名,,
山口県,,山口県,,特別養護老人ホーム ひかり苑,トクベツヨウゴロウジンホーム ヒカリエン,短期入所生活介護,光市三井1056－1,,33.993156,131.95076,0833-76-1165,,0833-76-1166,,社会福祉法人 ひかり苑,3571000698,,,,,
山口県,,山口県,,ショートステイ光ケ丘,ショートステイヒカリガオカ,短期入所生活介護,光市光ケ丘5－18,,33.981831,131.918854,0833-74-1200,,0833-74-1202,,社会福祉法人 ひかり苑,3571000862,,,ユニット型  13名,,
山口県,,山口県,,地域密着型特別養護老人ホームひいらぎ,チイキミッチャクガタトクベツヨウゴロウジンホームヒイラギ,短期入所生活介護,光市光井9－8－30,,33.959682,131.945816,0833-71-6155,,0833-71-6156,,社会福祉法人光仁会,3571000888,,,ユニット型 10名,,
山口県,,山口県,,地域密着型特別養護老人ホーム光富士白苑 四季の風,チイキミッチャクガタトクベツヨウゴロウジンホームヒカリフジシロエンシキノカゼ,短期入所生活介護,光市光ケ丘4－2,,33.980675,131.920975,0833-48-5880,,0833-48-5881,,社会福祉法人 光富士白苑,3571000946,,,ユニット型 10名,,
山口県,,山口県,,特別養護老人ホームやすらぎ苑,トクベツヨウゴロウジンホームヤスラギエン,短期入所生活介護,周南市湯野158,,34.097805,131.684372,0834-83-3711,,0834-83-3438,,社会福祉法人 仁泉会,3570500276,,,10名,,
山口県,,山口県,,特別養護老人ホーム友愛園,トクベツヨウゴロウジンホームユウアイエン,短期入所生活介護,周南市須々万本郷28－1,,34.112503,131.864151,0834-88-2208,,0834-88-2336,,社会福祉法人 緑山会,3570500284,,,5名,,
山口県,,山口県,,特別養護老人ホーム福寿荘,トクベツヨウゴロウジンホームフクジュソウ,短期入所生活介護,周南市米光361,,34.124905,131.734833,0834-67-2820,,0834-67-2821,,社会福祉法人 新南陽福祉の会,3571400062,,,8名,,
山口県,,山口県,,特別養護老人ホーム天王園,トクベツヨウゴロウジンホームテンノウエン,短期入所生活介護,周南市大河内1109－2,,34.025928,131.940994,0833-91-5550,,0833-91-0621,,社会福祉法人 一仁会,3577300217,,,14名,,
山口県,,山口県,,特別養護老人ホームやまなみ荘,トクベツヨウゴロウジンホームヤマナミソウ,短期入所生活介護,周南市鹿野上2755－1,,34.253082,131.853287,0834-68-4100,,0834-68-4101,,社会福祉法人 鹿野福祉会,3577400058,,,12名,,
山口県,,山口県,,ショートステイ ウィンクル三丘,ショートステイ　ウィンクルミツオ,短期入所生活介護,周南市小松原1248－4,,34.047359,132.010773,0833-92-1100,,0833-92-1101,,株式会社山陽グローバルパートナーズ,3571501067,,,ユニット型 30名,,
山口県,,山口県,,特別養護老人ホーム くりや苑,トクベツヨウゴロウジンホーム クリヤエン,短期入所生活介護,周南市栗屋792－1,,34.018894,131.839172,0834-25-2800,,0834-25-2840,,社会福祉法人 栗屋福祉会,3571501224,,,ユニット型 10名,,
山口県,,山口県,,特別養護老人ホームつづみ園,トクベツヨウゴロウジンホームツヅミエン,短期入所生活介護,周南市瀬戸見町12－30,,34.050682,131.832703,0834-28-2880,,0834-29-3174,,社会福祉法人周南市社会福祉事業団,3571501364,,,ユニット型 10名,,
山口県,,山口県,,地域密着型特別養護老人ホームくすのき苑,チイキミッチャクガタトクベツヨウゴロウジンホームクスノキエン,短期入所生活介護,周南市城ヶ丘3－6－1,,34.043266,131.841156,0834-33-8881,,0834-33-8882,,社会福祉法人光仁会,3571501414,,,ユニット型 10名,,
山口県,,山口県,,特別養護老人ホーム岸津苑,トクベツヨウゴロウジンホームキシヅエン,短期入所生活介護,防府市岸津2－24－20,,34.049118,131.593491,0835-24-0511,,0835-25-1238,,社会福祉法人 周陽福祉会,3570600233,,,8名,,
山口県,,山口県,,特別養護老人ホーム防府あかり園,トクベツヨウゴロウジンホームホウフアカリエン,短期入所生活介護,防府市台道1655,,34.069256,131.492813,0835-32-0730,,0835-32-1839,,社会福祉法人 博愛会,3570600258,,,ユニット型 10名,,
山口県,,山口県,,特別養護老人ホームライフケア高砂,トクベツヨウゴロウジンホームライフケアタカサゴ,短期入所生活介護,防府市上右田334,,34.096363,131.567978,0835-22-5500,,0835-22-5504,,社会福祉法人 ライフケア高砂,3570600274,,,10名,,
山口県,,山口県,,特別養護老人ホーム ヘスティア華城,トクベツヨウゴロウジンホーム ヘスティアハナギ,短期入所生活介護,防府市伊佐江1039－1,,34.039661,131.544266,0835-27-1133,,0835-27-1135,,社会福祉法人 華世会,3570600456,,,10名,,
山口県,,山口県,,特別養護老人ホーム まめ舎,トクベツヨウゴロウジンホーム　マメジャ,短期入所生活介護,防府市新田672,,34.032585,131.563004,0835-26-0303,,0835-26-0307,,社会福祉法人 敬天会,3570600688,,,ユニット型 10名,,
山口県,,山口県,,特別養護老人ホーム自由の杜,トクベツヨウゴロウジンホームジユウノモリ,短期入所生活介護,防府市大崎801－1,,34.06316,131.538696,0835-27-5505,,0835-27-5504,,社会福祉法人ひとつの会,3570601512,,,ユニット型 10名,,
山口県,,山口県,,コミュニティプレイス 生きいき,コミュニティプレイス イキイキ,短期入所生活介護,防府市国衙5－9－27,,34.054939,131.589157,0835-25-4780,,0835-25-4781,,有限会社オールライフサポート・生きいき,3570601637,,,20名,,
山口県,,山口県,,ショートステイひごろもそう,ショートステイヒゴロモソウ,短期入所生活介護,防府市浜方8－1,,34.02528,131.573181,0835-28-7706,,0835-28-7726,,社会福祉法人 勝縁福祉会,3570601801,,,ユニット型 29名,,
山口県,,山口県,,特別養護老人ホームあかつき苑防府,トクベツヨウゴロウジンホームアカツキエンホウフ,短期入所生活介護,防府市江泊1790,,34.05368,131.608292,0835-28-7660,,0835-23-6776,,社会福祉法人 暁会,3570601983,,,ユニット型 10名,,
山口県,,山口県,,特別養護老人ホーム フィラージュ開出,トクベツヨウゴロウジンホーム フィラージュカイデ,短期入所生活介護,防府市開出西町32－8,,34.050682,131.542435,0835-28-9300,,0835-28-9303,,社会福祉法人 ひとつの会,3570602015,,,ユニット型 10名,,
山口県,,山口県,,特別養護老人ホーム温泉ホーム日吉台,トクベツヨウゴロウジンホームオンセンホームヒヨシダイ,短期入所生活介護,山口市陶3968,,34.101543,131.419495,083-973-2030,,083-973-2060,,社会福祉法人 山口向陽会,3570300321,,,6名,,
山口県,,山口県,,特別養護老人ホーム梅光苑,トクベツヨウゴロウジンホームバイコウエン,短期入所生活介護,山口市鋳銭司12361－3,,34.086681,131.464523,083-986-2056,,083-986-3658,,社会福祉法人 相清福祉会,3570300339,,,10名,,
山口県,,山口県,,特別養護老人ホーム山口あかり園,トクベツヨウゴロウジンホームヤマグチアカリエン,短期入所生活介護,山口市黒川3363,,34.131638,131.438644,083-921-1618,,083-932-5370,,社会福祉法人 博愛会,3570300370,,,8名,,
山口県,,山口県,,特別養護老人ホームよしき悠々苑,トクベツヨウゴロウジンホームヨシキユウユウエン,短期入所生活介護,山口市吉敷佐畑4－8－1,,34.168495,131.427689,083-932-0232,,083-932-0778,,社会福祉法人 祐寿会,3570300420,,,13名,,
山口県,,山口県,,特別養護老人ホームとくぢ苑,トクベツヨウゴロウジンホームトクヂエン,短期入所生活介護,山口市徳地八坂1330,,34.223145,131.664078,0835-56-1306,,0835-56-1849,,社会福祉法人 佐波福祉会,3577500063,,,12名,,
山口県,,山口県,,特別養護老人ホーム小郡・山手一番館,トクベツヨウゴロウジンホームオゴオリ・ヤマテイチバンカン,短期入所生活介護,山口市小郡尾崎町2－1,,34.108932,131.395996,083-974-0200,,083-973-6700,,社会福祉法人 愛世会,3577600145,,,16名,,
山口県,,山口県,,特別養護老人ホーム白松苑,カガホノサトハクショウエン,短期入所生活介護,山口市阿知須4167－1,,34.016357,131.343506,0836-65-2250,,0836-65-4645,,社会福祉法人 正清会,3577600178,,,ユニット型 20名,,
山口県,,山口県,,特別養護老人ホーム 秋穂あかり園,トクベツヨウゴロウジンホーム　アイオアカリエン,短期入所生活介護,山口市秋穂東3980,,34.014923,131.445801,083-984-8300,,083-984-5124,,社会福祉法人 博愛会,3577600194,,,10名,,
山口県,,山口県,,特別養護老人ホーム阿東園,トクベツヨウゴロウジンホームアトウエン,短期入所生活介護,山口市阿東地福下288－1,,34.337532,131.653961,08395-2-1154,,08395-2-1150,,社会福祉法人 友愛会,3578100285,,,10名,,
山口県,,山口県,,ハートホーム南山口ショートステイ,ハートホームミナミヤマグチショートステイ,短期入所生活介護,山口市深溝803－1,,34.046692,131.373016,083-988-3311,,083-988-3311,,社会福祉法人 青藍会,3570300750,,,ユニット型 20名,,
山口県,,山口県,,なぎの木在宅ケアセンター・ショートステイ,ナギノキザイタクケアセンター・ショートステイ,短期入所生活介護,山口市小郡下郷751－4,,34.101021,131.392609,083-972-8252,,083-972-8231,,医療法人 清仁会,3577600434,,,ユニット型 10名,,
山口県,,山口県,,山口幸楽苑,ヤマグチコウラクエン,短期入所生活介護,山口市黒川3380,,34.131638,131.438644,083-921-1687,,083-921-1687,,医療法人 和同会,3550380004,,,ユニット型 18名,,
山口県,,山口県,,賀宝の里白松苑,カガホノサトハクショウエン,短期入所生活介護,山口市佐山158,,34.042114,131.346695,083-988-2555,,083-988-2552,,社会福祉法人 正清会,3570301386,,,ユニット型 7名,,
山口県,,山口県,,済生会山口地域ケアセンター特別養護老人ホームにほ苑ショートステイ,サイセイカイヤマグチチイキケアセンタートクベツヨウゴロウジンホームニホエンショートステイ,短期入所生活介護,山口市仁保中郷988－1,,34.199314,131.576553,083-929-5110,,083-929-5111,,社会福祉法人 恩賜財団済生会支部山口県済生会,3570301618,,,,,
山口県,,山口県,,あいあい山口短期入所生活介護,アイアイヤマグチタンキニュウショセイカツカイゴ,短期入所生活介護,山口市鋳銭司5964－1,,34.084579,131.443588,083-986-2179,,083-986-2845,,医療法人相川医院,3570301998,,,6名,,
山口県,,山口県,,ハートホーム中央ショートステイ,ハートホームチュウオウショートステイ,短期入所生活介護,山口市神田町4－8,,34.172569,131.457535,083-941-6490,,083-941-6490,,社会福祉法人青藍会,3570302004,,,ユニット型 20名,,
山口県,,山口県,,特別養護老人ホーム ハートホーム宮野,トクベツヨウゴロウジンホーム ハートホームミヤノ,短期入所生活介護,山口市宮野下2996－1,,34.200432,131.504364,083-934-5600,,083-934-5605,,社会福祉法人青藍会,3570302871,,,,,
山口県,,山口県,,特別養護老人ホーム ハートホーム中央,トクベツヨウゴロウジンホーム ハートホームチュウオウ,短期入所生活介護,山口市神田町4－8,,34.172569,131.457535,083-941-6740,,083-941-6790,,社会福祉法人青藍会,3570302889,,,,,
山口県,,山口県,,済生会山口地域ケアセンター特別養護老人ホームおとどいの里,サイセイカイヤマグチチイキケアセンタートクベツヨウゴロウジンホームオトドイノサト,短期入所生活介護,山口市朝倉町4－55,,34.175591,131.452347,083-922-0707,,083-941-5090,,社会福祉法人恩賜財団済生会支部山口県済生会,3570303101,,,,,
山口県,,山口県,,特別養護老人ホーム山口喜楽園,トクベツヨウゴロウジンホームヤマグチキラクエン,短期入所生活介護,山口市大内長野636,,34.158142,131.519363,083-927-1765,,083-927-6517,,社会福祉法人豊友会,3570303457,,,ユニット型 10名,,
山口県,,山口県,,短期入所生活介護オ・サーバａｉｏｉ,タンキニュウショセイカツカイゴオ・サーバａｉｏｉ,短期入所生活介護,山口市下小鯖11331－12,,34.128128,131.546036,083-902-1521,,083-902-1510,,社会福祉法人ひとつの会,3570303663,,,ユニット型 10名,,
山口県,,山口県,,ケアタウン日の山ショートステイ,ケアタウンヒノヤマショートステイ,短期入所生活介護,山口市阿知須2581－1,,34.001125,131.353729,0836-39-7355,,0836-39-9113,,社会福祉法人 むべの里光栄,3570303705,,,20名,,
山口県,,山口県,,特別養護老人ホームセンチュリー２１,トクベツヨウゴロウジンホームセンチュリー２１,短期入所生活介護,宇部市山中126－1,,34.059078,131.327347,0836-62-1021,,0836-62-1027,,社会福祉法人 愛世会,3570200240,,,20名,,
山口県,,山口県,,特別養護老人ホーム神原苑,トクベツヨウゴロウジンホームカミハラエン,短期入所生活介護,宇部市神原町2－1－22,,33.949406,131.261765,0836-34-2885,,0836-34-2884,,社会福祉法人 神原苑,3570200356,,,15名,,
山口県,,山口県,,特別養護老人ホームアスワン山荘,トクベツヨウゴロウジンホームアスワンサンソウ,短期入所生活介護,宇部市二俣瀬山王坂40－221,,33.951824,131.247314,0836-62-5151,,0836-62-5185,,社会福祉法人 アスワン山荘,3570200364,,,16名,,
山口県,,山口県,,特別養護老人ホームむべの里,トクベツヨウゴロウジンホームムベノサト,短期入所生活介護,宇部市東須恵320－1,,33.975182,131.189468,0836-43-1735,,0836-43-1889,,社会福祉法人 むべの里光栄,3570200380,,,45名,,
山口県,,山口県,,特別養護老人ホーム宇部あかり園,トクベツヨウゴロウジンホームウベアカリエン,短期入所生活介護,宇部市西岐波岩上229－105,,33.969315,131.307983,0836-51-1616,,0836-51-6325,,社会福祉法人 博愛会,3570200422,,,ユニット型  20名,,
山口県,,山口県,,特別養護老人ホーム楠園,トクベツヨウゴロウジンホームクスノキエン,短期入所生活介護,宇部市船木向ヒ833－3,,34.052166,131.207214,0836-67-1182,,0836-67-1184,,社会福祉法人 扶老会,3577700085,,,10名,,
山口県,,山口県,,特別養護老人ホームむべの里博愛園,トクベツヨウゴロウジンホームムベノサトハクアイエン,短期入所生活介護,宇部市中村2－7－18,,33.963333,131.26236,0836-37-0366,,0836-21-5244,,社会福祉法人むべの里光栄,3570202048,,,ユニット型 11名,,
山口県,,山口県,,むべの里ショートステイ東芝中,ムベノサトショートステイヒガシシバナカ,短期入所生活介護,宇部市東芝中3575－6,,33.939777,131.259018,0836-39-9008,,0836-37-0785,,社会福祉法人むべの里光栄,3570202469,,,ユニット型 40名,,
山口県,,山口県,,特別養護老人ホームあすとぴあ,トクベツヨウゴロウジンホームアストピア,短期入所生活介護,宇部市あすとぴあ7－1－2,,33.980404,131.296555,0836-53-5555,,0836-53-5556,,社会福祉法人 アスワン山荘,3570202691,,,ユニット型 29名,,
山口県,,山口県,,安心ライフ中宇部短期入所生活介護はなみずき,アンシンライフチュウウベタンキニュウショセイカツカイゴハナミズキ,短期入所生活介護,宇部市中宇部1562－1,,33.968807,131.256851,0836-43-7565,,0836-33-1222,,社会福祉法人敬愛会,3570203426,,,50名,,
山口県,,山口県,,特別養護老人ホームむべの里岬,トクベツヨウゴロウジンホームムベノサトミサキ,短期入所生活介護,宇部市明神町1－3－25,,33.930683,131.260513,0836-43-7660,,0836-43-7506,,社会福祉法人むべの里光栄,3570203434,,,ユニット型 39名,,
山口県,,山口県,,特別養護老人ホームむべの里中山,トクベツヨウゴロウジンホームムベノサトナカヤマ,短期入所生活介護,宇部市中山1135－1,,33.988968,131.233841,0836-39-5711,,0836-39-5712,,社会福祉法人むべの里光栄,3570203749,,,11名,,
山口県,,山口県,,特別養護老人ホーム 日の山園,トクベツヨウゴロウジンホーム　ヒノヤマエン,短期入所生活介護,宇部市東岐波223,,33.988808,131.358307,0836-58-2202,,0836-58-5949,,社会福祉法人 むべの里光栄,3570204341,,,10名,,
山口県,,山口県,,むべの里ショートステイ輝き,ムベノサトショートステイカガヤキ,短期入所生活介護,宇部市厚南北3－1－42,,34.00182,131.213959,0836-52-8870,,0836-52-8871,,社会福祉法人 むべの里光栄,3570204564,,,60名,,
山口県,,山口県,,特別養護老人ホーム幸嶺園,トクベツヨウゴロウジンホームコウリョウエン,短期入所生活介護,美祢市伊佐町伊佐下田5656－1,,34.163116,131.240829,0837-52-4555,,0837-52-2255,,社会福祉法人 周美会,3571300064,,,10名,,
山口県,,山口県,,特別養護老人ホームみのり園,トクベツヨウゴロウジンホームミノリエン,短期入所生活介護,美祢市於福町上4017－1,,34.248848,131.186264,0837-56-1171,,0837-56-1172,,社会福祉法人 同朋福祉会,3571300072,,,10名,,
山口県,,山口県,,特別養護老人ホームみとう悠々苑,トクベツヨウゴロウジンホームミトウユウユウエン,短期入所生活介護,美祢市美東町大田苅屋5378－1,,34.232838,131.357422,08396-2-1100,,08396-2-1108,,社会福祉法人 祐寿会,3577900065,,,10名,,
山口県,,山口県,,特別養護老人ホーム青景園,トクベツヨウゴロウジンホームアオカゲエン,短期入所生活介護,美祢市秋芳町青景1873,,34.27483,131.292023,0837-65-2244,,0837-65-2245,,社会福祉法人 豊徳会,3577900073,,,10名,,
山口県,,山口県,,特別養護老人ホーム青景園サテライト秋芳の里,トクベツヨウゴロウジンホームアオカゲエンサテライトシュウホウノサト,短期入所生活介護,美祢市秋芳町秋吉5243－3,,34.232285,131.297791,0837-62-0300,,0837-62-0337,,社会福祉法人豊徳会,3571300387,,,ユニット型 10名,,
山口県,,山口県,,特別養護老人ホームみとう悠々苑おおだ園,トクベツヨウゴロウジンホームミトウユウユウエンオオダエン,短期入所生活介護,美祢市美東町大田5378－1,,34.232838,131.357422,08396-2-1100,,08396-2-1108,,社会福祉法人 祐寿会,3571300445,,,,,
山口県,,山口県,,特別養護老人ホーム長寿園,トクベツヨウゴロウジンホームチョウジュエン,短期入所生活介護,山陽小野田市小野田11324－10,,33.957695,131.172302,0836-84-2424,,0836-84-6253,,社会福祉法人 長寿会,3570900096,,,8名,,
山口県,,山口県,,特別養護老人ホーム高千帆苑,トクベツヨウゴロウジンホームタカチホエン,短期入所生活介護,山陽小野田市有帆10662－8,,34.019894,131.213226,0836-84-0317,,0836-84-7032,,社会福祉法人 健寿会,3570900153,,,26名,,
山口県,,山口県,,特別養護老人ホームサンライフ山陽,トクベツヨウゴロウジンホームサンライフサンヨウ,短期入所生活介護,山陽小野田市埴生2156,,34.044708,131.076096,0836-76-3443,,0836-76-3435,,社会福祉法人 山陽福祉会,3577700093,,,10名,,
山口県,,山口県,,短期入所生活介護 あさ紫苑,タンキニュウショセイカツカイゴ アサシオン,短期入所生活介護,山陽小野田市桜1－3－1,,34.053429,131.155624,0836-71-1700,,0836-71-1701,,医療法人 健仁会,3577700218,,,ユニット型 10名,,
山口県,,山口県,,特別養護老人ホームフクシア,トクベツヨウゴロウジンホームフクシア,短期入所生活介護,山陽小野田市厚狭埴生田503－1,,34.053097,131.164917,0836-71-1200,,0836-71-1201,,社会福祉法人 健仁会,3571600422,,,,,
山口県,,山口県,,短期入所生活介護フクシア,タンキニュウショセイカツカイゴフクシア,短期入所生活介護,山陽小野田市厚狭503－1,,34.053272,131.173874,0836-71-1200,,0836-71-1201,,社会福祉法人健仁会,3571600463,,,20名,,
山口県,,山口県,,地域密着型特別養護老人ホームなごみの里ななせ,チイキミッチャクガタトクベツヨウゴロウジンホームナゴミノサトナナセ,短期入所生活介護,山陽小野田市郡1773―2,,34.022358,131.141968,0836-39-8100,,0836-39-8106,,社会福祉法人山陽福祉会,3571600984,,,ユニット型 10名,,
山口県,,山口県,,特別養護老人ホーム恵光苑,トクベツヨウゴロウジンホームケイコウエン,短期入所生活介護,長門市東深川10062－27,,34.37117,131.186829,0837-22-0723,,0837-22-3836,,社会福祉法人 新永福祉会,3571100100,,,10名,,
山口県,,山口県,,特別養護老人ホームへき楽園,トクベツヨウゴロウジンホームヘキラクエン,短期入所生活介護,長門市日置上3114,,34.391991,131.133804,0837-37-4177,,0837-37-4188,,社会福祉法人 へき寿会,3578000121,,,10名,,
山口県,,山口県,,特別養護老人ホーム明和苑,トクベツヨウゴロウジンホームメイワエン,短期入所生活介護,長門市三隅中1811,,34.366657,131.270081,0837-43-1234,,0837-43-1053,,社会福祉法人 明和会,3578000139,,,10名,,
山口県,,山口県,,特別養護老人ホーム養寿苑,トクベツヨウゴロウジンホームヨウジュエン,短期入所生活介護,長門市油谷向津具上10344,,34.416718,130.993225,0837-34-1577,,0837-34-0170,,社会福祉法人 同心会,3578000154,,,10名,,
山口県,,山口県,,特別養護老人ホーム 吉祥苑,トクベツヨウゴロウジンホーム　キッショウエン,短期入所生活介護,長門市深川湯本10600－1,,34.332188,131.172775,0837-22-7700,,0837-22-7711,,社会福祉法人 福祥会,3571100159,,,ユニット型 10名,,
山口県,,山口県,,地域密着型特別養護老人ホーム シャイディック和水,チイキミッチャクガタトクベツヨウゴロウジンホーム　シャイディックナゴミ,短期入所生活介護,長門市三隅中1811,,34.366657,131.270081,0837-43-1234,,0837-43-1053,,社会福祉法人明和会,3571100589,,,,,
山口県,,山口県,,特別養護老人ホーム紫福園,トクベツヨウゴロウジンホームシブキエン,短期入所生活介護,萩市紫福6606－1,,34.473858,131.522369,0838-53-0231,,0838-53-0232,,社会福祉法人 紫雲会,3578100236,,,10名,,
山口県,,山口県,,特別養護老人ホームかわかみ苑,トクベツヨウゴロウジンホームカワカミエン,短期入所生活介護,萩市川上4921－1,,34.35368,131.495499,0838-54-2000,,0838-54-2781,,社会福祉法人 山水会,3578100244,,,16名,,
山口県,,山口県,,特別養護老人ホームむつみ園,トクベツヨウゴロウジンホームムツミエン,短期入所生活介護,萩市吉部上3301－1,,34.444626,131.588745,08388-6-0301,,08388-6-0302,,社会福祉法人 紫雲会,3578100269,,,10名,,
山口県,,山口県,,特別養護老人ホームすさ苑,トクベツヨウゴロウジンホームスサエン,短期入所生活介護,萩市須佐1378－1,,34.62389,131.623734,08387-6-3146,,08387-6-3148,,社会福祉法人寿幸会,3578100277,,,10名,,
山口県,,山口県,,特別養護老人ホーム阿北苑,トクベツヨウゴロウジンホームアホクエン,短期入所生活介護,萩市上小川東分1406,,34.579548,131.673279,08387-4-0231,,08387-4-0232,,社会福祉法人 阿北福祉会,3578100301,,,10名,,
山口県,,山口県,,特別養護老人ホームちはるえん,トクベツヨウゴロウジンホームチハルエン,短期入所生活介護,萩市明木4781－1,,34.317074,131.413254,0838-55-0333,,0838-55-0332,,社会福祉法人 健香会,3578100327,,,10名,,
山口県,,山口県,,特別養護老人ホームオアシスはぎ園,トクベツヨウゴロウジンホームオアシスハギオン,短期入所生活介護,萩市大井1723－6,,34.468403,131.458984,0838-28-0088,,0838-28-0274,,社会福祉法人 山口県社会福祉事業団,3570400436,,,16名,,
山口県,,山口県,,萩市特別養護老人ホームかがやき,ハギシトクベツヨウゴロウジンホームカガヤキ,短期入所生活介護,萩市椿3460－2,,34.397156,131.393066,0838-24-4111,,0838-24-4112,,社会福祉法人萩市社会福祉事業団,3570400386,,,20名,,
山口県,,山口県,,特別養護老人ホーム 恵寿苑,トクベツヨウゴロウジンホーム　ケイジュエン,短期入所生活介護,阿武郡阿武町木与10039－5,,34.530689,131.508789,08388-2-0088,,08388-2-3231,,社会福祉法人 阿武福祉会,3578100350,,,10名,,
山口県,,山口県,,老人保健施設桜の園,ロウジンホケンシセツサクラノソノ,短期入所療養介護,岩国市下342－1,,34.169106,132.095917,0827-47-3100,,0827-47-3210,,医療法人 新生会,3550880003,,,,,
山口県,,山口県,,老人保健施設なんわ荘,ロウジンホケンシセツナンワソウ,短期入所療養介護,岩国市尾津町5－7－30,,34.132225,132.209656,0827-34-0100,,0827-32-8949,,医療法人 南和会,3550880011,,,,,
山口県,,山口県,,老人保健施設ふれんず,ロウジンホケンシセツフレンズ,短期入所療養介護,岩国市今津町1－11－23,,34.166946,132.220749,0827-21-5150,,0827-21-5133,,医療法人社団 まりふ会,3550880029,,,,,
山口県,,山口県,,医療法人 南和会 老人保健施設 みどり荘,イリョウホウジン　ナンワカイ　ロウジンホケンシセツ　ミドリソウ,短期入所療養介護,岩国市由宇町千鳥ケ丘1－1－1,,34.037174,132.213593,0827-63-1141,,0827-63-1142,,医療法人 南和会,3557280009,,,,,
山口県,,山口県,,老人保健施設くが,ロウジンホケンシセツクガ,短期入所療養介護,岩国市玖珂町3813－6,,34.100464,132.092773,0827-82-0500,,0827-82-0736,,社会福祉法人 高森福祉会,3557280017,,,,,
山口県,,山口県,,老人保健施設ケアホーム山口,ロウジンホケンシセツケアホームヤマグチ,短期入所療養介護,岩国市玖珂町11361,,34.100464,132.092773,0827-81-1155,,0827-81-1156,,医療法人 山口平成会,3557280025,,,,,
山口県,,山口県,,岩国市錦介護老人保健施設あさぎりの郷,イワクニシニシキカイゴロウジンホケンシセツアサギリノゴウ,短期入所療養介護,岩国市錦町広瀬705,,34.274345,131.921814,0827-71-1111,,0827-71-1112,,社会福祉法人 錦福祉会,3550880045,,,,,
山口県,,山口県,,老人保健施設まつかぜ,ロウジンホケンシセツマツカゼ,短期入所療養介護,柳井市余田3718,,33.958447,132.067291,0820-23-3370,,0820-23-3595,,医療法人 松栄会,3551280005,,,,,
山口県,,山口県,,介護老人保健施設 ケアセンターゆうわ,カイゴロウジンホケンシセツ ケアセンターユウワ,短期入所療養介護,柳井市伊保庄字近長浜1－4,,33.930088,132.116165,0820-27-6001,,0820-27-0800,,社会福祉法人 恒和会,3551280013,,,,,
山口県,,山口県,,周防大島町立介護老人保健施設さざなみ苑,スオウオオシマチョウリツカイゴロウジンホケンシセツサザナミエン,短期入所療養介護,大島郡周防大島町西安下庄3920－17,,33.893017,132.263794,0820-77-1212,,0820-77-1563,,周防大島町,3557180027,,,,,
山口県,,山口県,,老人保健施設そよかぜ,ロウジンホケンシセツソヨカゼ,短期入所療養介護,熊毛郡田布施町宿井414－5,,33.973915,132.020782,0820-51-2100,,0820-51-2102,,医療法人 松栄会,3557380015,,,,,
山口県,,山口県,,介護老人保健施設 なでしこ,カイゴロウジンホケンシセツ ナデシコ,短期入所療養介護,熊毛郡平生町平生村895,,33.945328,132.07637,0820-57-3800,,0820-56-8181,,医療法人 松栄会,3557380023,,,空床利用,,
山口県,,山口県,,介護老人保健施設はとがみね,カイゴロウジンホケンシセツハトガミネ,短期入所療養介護,熊毛郡平生町佐賀10002－77,,33.891022,132.091583,0820-58-1111,,0820-58-1120,,医療法人光輝会,3557380031,,,,,
山口県,,山口県,,老人保健施設成幸苑,ロウジンホケンシセツセイコウエン,短期入所療養介護,下松市新川2－1－1,,34.009037,131.863144,0833-41-7577,,0833-44-8121,,医療法人 成幸会,3550780005,,,,,
山口県,,山口県,,介護老人保健施設ふくしの里,カイゴロウジンホケンシセツフクシノサト,短期入所療養介護,下松市生野屋南1－10－1,,34.032719,131.876617,0833-45-3360,,0833-45-3361,,社会医療法人 同仁会,3550780013,,,,,
山口県,,山口県,,介護老人保健施設しまた川苑,カイゴロウジンホケンシセツシマタガワエン,短期入所療養介護,光市島田5－3－2,,33.980576,131.940109,0833-77-3000,,0833-77-3001,,医療法人 愛命会,3551080009,,,,,
山口県,,山口県,,ナイスケア まほろば,ナイスケア マホロバ,短期入所療養介護,光市岩田2477,,33.981529,131.998886,0820-49-1111,,0820-49-1112,,光市,3551080017,,,,,
山口県,,山口県,,独立行政法人地域医療機能推進機構徳山中央病院附属介護老人保健施設,ドクリツギョウセイホウジンチイキイリョウキノウスイシンキコウトクヤマチュウオウビョウインフゾクカイゴロウジンホケンシセツ,短期入所療養介護,周南市孝田町1－1,,34.047676,131.83287,0834-28-8686,,0834-29-3916,,独立行政法人地域医療機能推進機構,3550580009,,,,,
山口県,,山口県,,老人保健施設ひまわり苑,ロウジンホケンシセツヒマワリエン,短期入所療養介護,周南市新地3－5－1,,34.068966,131.788528,0834-21-1000,,0834-31-5520,,医療法人社団 高橋内科,3550580017,,,,,
山口県,,山口県,,老人保健施設温泉の里,ロウジンホケンシセツユノノサト,短期入所療養介護,周南市湯野4204－1,,34.094482,131.675171,0834-83-3413,,0834-83-3415,,医療法人 治徳会,3550580025,,,,,
山口県,,山口県,,老人保健施設春の里,ロウジンホケンシセツハルノサト,短期入所療養介護,周南市羽島1－2－23,,34.073582,131.726776,0834-61-2000,,0834-61-2002,,医療法人 松仁会,3551480001,,,,,
山口県,,山口県,,周南市介護老人保健施設 ゆめ風車,シュウナンシカイゴロウジンホケンシセツ ユメカザグルマ,短期入所療養介護,周南市宮の前2－6－27,,34.072559,131.763748,0834-61-3151,,0834-61-3155,,周南市,3551580016,,,,,
山口県,,山口県,,介護老人保健施設 なごやか熊毛,カイゴロウジンホケンシセツ ナゴヤカクマゲ,短期入所療養介護,周南市高水原2－7－21,,34.054207,131.973541,0833-92-0331,,0833-92-0332,,医療法人社団 生和会,3551580024,,,,,
山口県,,山口県,,介護老人保健施設 あおぞら,カイゴロウジンホケンシセツ アオゾラ,短期入所療養介護,周南市栗屋字二葉屋開作1022－76,,34.013332,131.813354,0834-36-3366,,0834-36-3367,,医療法人 松栄会,3551580032,,,,,
山口県,,山口県,,防府幸楽苑,ホウフコウラクエン,短期入所療養介護,防府市台道1634－1,,34.069256,131.492813,0835-32-1725,,0835-32-1811,,医療法人 和同会,3550680007,,,,,
山口県,,山口県,,老人保健施設尚歯堂,ロウジンホケンシセツショウシドウ,短期入所療養介護,防府市新田775－1,,34.031162,131.563324,0835-26-1133,,0835-26-1130,,医療法人 惻隠会,3550680015,,,,,
山口県,,山口県,,老人保健施設はくあい,ロウジンホケンシセツハクアイ,短期入所療養介護,防府市三田尻1－1－24,,34.048119,131.572754,0835-26-2626,,0835-27-2015,,医療法人 博愛会,3550680023,,,,,
山口県,,山口県,,老人保健施設好日苑,ロウジンホケンシセツコウジツエン,短期入所療養介護,防府市戎町2－5－1,,34.058765,131.570129,0835-26-5010,,0835-26-5015,,医療法人 松寿会,3550680031,,,,,
山口県,,山口県,,山口幸楽苑,ヤマグチコウラクエン,短期入所療養介護,山口市黒川3380,,34.131638,131.438644,083-921-1617,,083-925-2550,,医療法人 和同会,3550380004,,,,,
山口県,,山口県,,老人保健施設日吉台,ロウジンホケンシセツヒヨシダイ,短期入所療養介護,山口市陶3976,,34.101543,131.419495,083-973-2030,,083-973-2060,,社会福祉法人 山口向陽会,3550380012,,,,,
山口県,,山口県,,老人保健施設あいあい山口,ロウジンホケンシセツアイアイヤマグチ,短期入所療養介護,山口市鋳銭司5964－1,,34.084579,131.443588,083-986-2179,,083-986-2845,,医療法人 相川医院,3550380020,,,,,
山口県,,山口県,,老人保健施設悠々の里,ロウジンホケンシセツユウユウノサト,短期入所療養介護,山口市吉敷佐畑4－4－44,,34.166832,131.427658,083-928-2111,,083-928-2110,,社会福祉法人 祐寿会,3550380038,,,,,
山口県,,山口県,,老人保健施設アーユス,ロウジンホケンシセツアーユス,短期入所療養介護,山口市大内矢田北5－10－1,,34.155212,131.510132,083-927-8363,,083-927-8366,,医療法人社団 水生会,3550380046,,,,,
山口県,,山口県,,老人保健施設ナーシングホーム湯田温泉,ロウジンホケンシセツナーシングホームユダオンセン,短期入所療養介護,山口市泉都町9－7,,34.167152,131.461319,083-920-7373,,083-920-7377,,医療法人社団 曙会,3550380053,,,,,
山口県,,山口県,,老人保健施設ハートホーム山口,ロウジンホケンシセツハートホームヤマグチ,短期入所療養介護,山口市吉敷中東1－1－2,,34.167183,131.447418,083-933-6000,,083-933-6007,,医療法人社団 青藍会,3550380061,,,,,
山口県,,山口県,,山口県厚生農業協同組合連合会 老人保健施設みのり苑,ヤマグチケンコウセイノウギョウキョウドウクミアイレンゴウカイ ロウジンホケンシセツミノリエン,短期入所療養介護,山口市小郡下郷862－3,,34.103893,131.3974,083-973-3161,,083-973-3411,,山口県厚生農業協同組合連合会,3557680000,,,,,
山口県,,山口県,,老人保健施設 ニューライフあじす,ロウジンホケンシセツ ニューライフアジス,短期入所療養介護,山口市阿知須4165－3,,34.016357,131.343506,0836-65-5077,,0836-65-5455,,医療法人 協愛会,3557680018,,,,,
山口県,,山口県,,介護老人保健施設 豊生苑,カイゴロウジンホケンシセツホウショウエン,短期入所療養介護,宇部市木田40－20,,34.064083,131.279587,0836-62-1003,,0836-62-1201,,医療法人社団 泉仁会,3550280006,,,,,
山口県,,山口県,,老人保健施設宇部幸楽苑,ロウジンホケンシセツウベコウラクエン,短期入所療養介護,宇部市西岐波229－3,,33.974148,131.28624,0836-51-3113,,0836-51-5522,,医療法人 和同会,3550280014,,,,,
山口県,,山口県,,介護老人保健施設昭和町共生苑,カイゴロウジンホケンシセツショウワマチキョウセイエン,短期入所療養介護,宇部市昭和町2－12－12,,33.939186,131.255157,0836-31-4131,,0836-31-2399,,医療法人 仁心会,3550280022,,,,,
山口県,,山口県,,介護老人保健施設寿光園,カイゴロウジンホケンシセツジュコウエン,短期入所療養介護,宇部市妻崎開作789ノに470－3,,33.979202,131.202072,0836-44-4500,,0836-44-4160,,医療法人 博愛会,3550280030,,,,,
山口県,,山口県,,老人保健施設老健ふなき,ロウジンホケンシセツロウケンフナキ,短期入所療養介護,宇部市船木833,,34.049004,131.193573,0836-67-1665,,0836-67-1685,,医療法人 扶老会,3557780008,,,,,
山口県,,山口県,,介護老人保健施設 ぺあれんと,カイゴロウジンホケンシセツ ペアレント,短期入所療養介護,宇部市浜町2－1－3,,33.964874,131.238449,0836-36-1170,,0836-36-1171,,医療法人 博愛会,3550280048,,,,,
山口県,,山口県,,美祢市介護老人保健施設グリーンヒル美祢,ミネシカイゴロウジンホケンシセツグリーンヒルミネ,短期入所療養介護,美祢市大嶺町東分11313－1,,34.181473,131.208405,0837-54-0145,,0837-52-2067,,美祢市,3551380011,,,,,
山口県,,山口県,,小野田赤十字老人保健施設 あんじゅ,オノダセキジュウジロウジンホケンシセツ アンジュ,短期入所療養介護,山陽小野田市小野田3700,,33.952679,131.182571,0836-88-0222,,0836-88-4392,,日本赤十字社,3550980001,,,,,
山口県,,山口県,,介護老人保健施設 あさ紫苑,カイゴロウジンホケンシセツ アサシオン,短期入所療養介護,山陽小野田市桜1－3－1,,34.053429,131.155624,0836-71-1700,,0836-71-1701,,医療法人 健仁会,3557780016,,,,,
山口県,,山口県,,サテライト型介護老人保健施設あさ紫苑,サテライトガタカイゴロウジンホケンシセツアサシオン,短期入所療養介護,山陽小野田市厚狭字埴生田503－1,,34.053097,131.164917,0836-71-1200,,0836-71-1301,,医療法人 健仁会,3551680014,,,空床利用,,
山口県,,山口県,,医療法人 生山会 老人保健施設かつら苑,イリョウホウジン　ショウザンカイ　ロウジンホケンシセツカツラエン,短期入所療養介護,長門市俵山4910－1,,34.290348,131.099869,0837-29-0564,,0837-29-0772,,医療法人 生山会,3551180007,,,,,
山口県,,山口県,,医療法人社団 成蹊会 老人保健施設サンライズ２１,イリョウホウジンシャダン セイケイカイ ロウジンホケンシセツサンライズ２１,短期入所療養介護,長門市東深川889－1,,34.377045,131.186584,0837-23-0021,,0837-23-0023,,医療法人社団 成蹊会,3551180015,,,,,
山口県,,山口県,,老人保健施設福寿苑,ロウジンホケンシセツフクジュエン,短期入所療養介護,長門市日置中2488－3,,34.374348,131.098846,0837-37-3912,,0837-37-3925,,医療法人社団 福寿会,3558080002,,,,,
山口県,,山口県,,医療法人社団 康香会 老人保健施設ひまわりの苑,イリョウホウジンシャダン ヤスシカオリカイ ロウジンホケンシセツヒマワリノエン,短期入所療養介護,萩市今古萩町30－1,,34.416702,131.402084,0838-25-9170,,0838-25-9188,,医療法人社団 康香会,3550480002,,,,,
山口県,,山口県,,医療法人社団 慈生会 介護老人保健施設徳寿園,イリョウホウジンシャダン ジセイカイ カイゴロウジンホケンシセツトクジュエン,短期入所療養介護,萩市山田4147－1,,34.397305,131.382416,0838-22-0118,,0838-22-0132,,医療法人社団 慈生会,3550480010,,,,,
山口県,,山口県,,医療法人 創世会 篠山医院,イリョウホウジン ソウセイカイ シノヤマイイン,短期入所療養介護,下松市生野屋西4－3－13,,34.036324,131.883987,0833-44-8034,,0833-44-3555,,医療法人社団 創世会,3510710597,,,,,
山口県,,山口県,,医療法人 丘病院,イリョウホウジン オカビョウイン,短期入所療養介護,山口市中河原町2－14,,34.178394,131.475296,083-925-1100,,083-925-1105,,医療法人 丘病院,3510311420,,,,,
山口県,,山口県,,みどり介護医療院,ミドリカイゴイリョウイン,短期入所療養介護,岩国市由宇町359－1,,34.035919,132.176926,0827-63-0111,,0827-63-2000,,医療法人 南和会,35B0800016,,,,,
山口県,,山口県,,周防大島町立介護医療院やすらぎ苑,スオウオオシマチョウリツカイゴイリョウインヤスラギエン,短期入所療養介護,大島郡周防大島町小松124－2,,33.93969,132.193604,0820-74-5555,,0820-74-3890,,周防大島町,35B7100014,,,,,
山口県,,山口県,,光輝病院介護医療院,コウキビョウインカイゴイリョウイン,短期入所療養介護,熊毛郡平生町佐賀10002－77,,33.891022,132.091583,0820-58-1111,,0820-58-1120,,医療法人 光輝会,35B7300010,,,,,
山口県,,山口県,,河村循環器神経内科介護医療院,カワムラジュンカンキシンケイナイカカイゴイリョウイン,短期入所療養介護,光市三井6－18－1,,33.988396,131.952942,0833-77-0606,,0833-77-1606,,医療法人 やよい,35B1000012,,,,,
山口県,,山口県,,医療法人社団光仁会 市川医院 介護医療院,イリョウホウジンシャダンコウジンカイイチカワイインカイゴイリョウイン,短期入所療養介護,光市中央3－2－26,,33.959202,131.946274,0833-72-5700,,0833-71-0758,,医療法人社団光仁会,35B1000020,,,,,
山口県,,山口県,,医療法人博愛会 宇部記念病院 介護医療院,イリョウホウジンハクアイカイ ウベキネンビョウイン カイゴイリョウイン,短期入所療養介護,宇部市上町1－4－11,,33.958214,131.2397,0836-31-1146,,0836-22-7118,,医療法人 博愛会,35B0200019,,,,,
山口県,,山口県,,医療法人太白会シーサイド病院 介護医療院,イリョウホウジンタイハクカイシーサイドビョウイン カイゴイリョウイン,短期入所療養介護,宇部市東岐波4322－1,,33.961617,131.342422,0836-58-5360,,0836-58-5362,,医療法人 太白会,35B0200043,,,,,
山口県,,山口県,,社会医療法人いち樹会　尾中病院　介護医療院,シャカイイリョウホウジンイチジュカイ　オナカビビョウイン　カイゴイリョウイン,短期入所療養介護,宇部市寿町1－3－28,,33.953377,131.248245,0836-31-2133,,0836-32-9907,,社会医療法人いち樹会,35B0200050,,,,,
山口県,,山口県,,医療法人生山会 たわらやま介護医療院,イリョウホウジンショウザンカイタワラヤマカイゴイリョウイン,短期入所療養介護,長門市俵山4912－1,,34.290348,131.099869,0837-29-0101,,0837-29-0772,,医療法人 生山会,35B1100010,,,,,
山口県,,山口県,,医療法人社団慈生会　萩慈生病院　介護医療院,イリョウホウジンシャダンジセイカイ　ハギジセイビョウイン　カイゴイリョウイン,短期入所療養介護,萩市山田4147－1,,34.397305,131.382416,0838-25-6622,,0838-25-6668,,医療法人 社団慈生会,35B0400015,,,,,
山口県,,山口県,,全眞会病院介護医療院,ゼンシンカイビョウインカイゴイリョウイン,短期入所療養介護,萩市山田4807－3,,34.405106,131.383362,0838-22-4106,,0838-22-3788,,医療法人 全眞会,35B0400023,,,,,
山口県,,山口県,,有料老人ホーム秀東館 泉,ユウリョウロウジンホームシュウトウカン　イズミ,特定施設入居者生活介護,岩国市周東町用田342－3,,34.068146,132.059921,0827-83-1800,,0827-84-5544,,社会福祉法人 豊心会,3577200508,,,39名,,
山口県,,山口県,,クローバーハウス,クローバーハウス,特定施設入居者生活介護,岩国市川下町2－9－31,,34.158073,132.221222,0827-24-1010,,0827-24-2310,,株式会社 千寿,3570800817,,,36名,,
山口県,,山口県,,ケアハウス山口エルベ,ケアハウスヤマグチエルベ,特定施設入居者生活介護,岩国市玖珂町6978－1,,34.100464,132.092773,0827-81-1177,,0827-81-1178,,社会福祉法人平成記念会,3577200672,,,50名,,
山口県,,山口県,,介護付有料老人ホーム ティエラ,カイゴツキユウリョウロウジンホーム ティエラ,特定施設入居者生活介護,岩国市多田3－104－2,,34.180756,132.168777,0827-44-3003,,0827-44-2700,,株式会社 ティエラ,3570801195,,,92名,,
山口県,,山口県,,ケアハウス秀東館,ケアハウスシュウトウカン,特定施設入居者生活介護,岩国市周東町用田342－6,,34.068146,132.059921,0827-84-5200,,0827-84-5260,,社会福祉法人 豊心会,3570801203,,,50名,,
山口県,,山口県,,ケアハウスつづの里,ケアハウスツヅノサト,特定施設入居者生活介護,岩国市通津11117－297,,34.073696,132.182037,0827-39-1021,,0827-39-1022,,社会福祉法人 通津南和会,3570801302,,,60名,,
山口県,,山口県,,ケアホーム ディア・レスト岩国,ケアホーム ディア・レストイワクニ,特定施設入居者生活介護,岩国市平田5－27－43,,34.14172,132.190094,0827-34-2500,,0827-34-2501,,株式会社ディア・レスト岩国,3570801344,,,58名,,
山口県,,山口県,,あいらの杜 新岩国駅前,アイラノモリ シンイワクニエキマエ,特定施設入居者生活介護,岩国市御庄3－114－2,,34.170532,132.154938,0827-45-1100,,0827-46-1801,,株式会社はれコーポレーション,3570801427,,,50名,,
山口県,,山口県,,玖珂地方養護老人ホーム久楽荘外部サービス利用型特定施設入居者生活介護事業所,クガチホウヨウゴロウジンホームキュウラクソウガイブサービスリヨウガタトクテイシセツニュウキョシャセイカツカイゴ,特定施設入居者生活介護,岩国市玖珂町6382,,34.100464,132.092773,0827-82-2129,,0827-82-2773,,玖珂地方老人福祉施設組合,3570801575,,,90名,,
山口県,,山口県,,有料老人ホーム せんぞく苑,ユウリョウロウジンホーム センゾクエン,特定施設入居者生活介護,岩国市周東町下久原443－6,,34.096893,132.045563,0827-83-0100,,0827-83-0155,,社会福祉法人 高森福祉会,3570801583,,,20名,,
山口県,,山口県,,玖珂地方養護老人ホーム松風荘外部サービス利用型特定施設入居者生活介護事業所,クガチホウヨウゴロウジンホームショウフウソウガイブサービスリヨウガタトクテイシセツニュウショシャセイカツカイゴ,特定施設入居者生活介護,岩国市本郷町本郷2090,,34.290527,132.043274,0827-75-2104,,0827-75-2856,,玖珂地方老人福祉施設組合,3570801799,,,50名,,
山口県,,山口県,,ケアハウスゆうわ苑,ケアハウスユウワエン,特定施設入居者生活介護,柳井市伊保庄1－4,,33.930088,132.116165,0820-27-6001,,0820-27-0800,,社会福祉法人 恒和会,3571200504,,,50名,,
山口県,,山口県,,あそか苑外部サービス利用型特定施設,アソカエンガイブサービスリヨウガタトクテイシセツ,特定施設入居者生活介護,柳井市日積3213,,34.00214,132.161804,0820-28-5015,,0820-28-5016,,社会福祉法人最勝会,3571200553,,,50名,,
山口県,,山口県,,マリンホーム 一楽,マリンホーム イチラク,特定施設入居者生活介護,柳井市伊保庄3500－1,,33.943436,132.121506,0820-25-3366,,0820-25-3367,,有限会社 一楽,3571200629,,,30名,,
山口県,,山口県,,寿海苑 外部サービス利用型特定施設入居者生活介護事業所,ジュカイエン　ガイブサービスリヨウガタトクテイシセツニュウキョシャセイカツカイゴジギョウショ,特定施設入居者生活介護,熊毛郡平生町曽根10126－2,,33.9217,132.070984,0820-56-7335,,0820-56-1052,,社会福祉法人うちうみ会,3577300571,,,40名,,
山口県,,山口県,,のんびり村 花岡,ノンビリムラ ハナオカ,特定施設入居者生活介護,下松市末武上1800－1,,34.036152,131.870178,0833-48-3388,,0833-48-2288,,株式会社ホームケアサービス山口,3570700876,,,50名,,
山口県,,山口県,,特定施設 グランてらす下松中央,トクテイシセツ　グランテラスクダマツチュウオウ,特定施設入居者生活介護,下松市古川町3－1－2,,34.007442,131.872314,0833-48-9232,,0833-48-9233,,社会福祉法人 緑山会,3570701213,,,80名,,
山口県,,山口県,,ケアハウス 和光苑,ケアハウス ワコウエン,特定施設入居者生活介護,光市立野826,,33.999271,131.974777,0833-76-1050,,0833-77-1990,,社会福祉法人 和光苑,3571000433,,,50名,,
山口県,,山口県,,長養園外部サービス利用型特定施設入居者生活介護事業所,チョウヨウエンガイブサービスリヨウガタトクテイシセツニュウキョシャセイカツカイゴジギョウショ,特定施設入居者生活介護,光市立野717,,34.008591,131.973251,0833-77-0096,,0833-77-2855,,社会福祉法人慈光会,3571000474,,,50名,,
山口県,,山口県,,ケアハウス ひかり苑,ケアハウス ヒカリエン,特定施設入居者生活介護,光市三井1046－1,,33.99807,131.944122,0833-76-1167,,0833-76-1163,,社会福祉法人 ひかり苑,3571000557,,,60名,,
山口県,,山口県,,軽費老人ホーム 特定施設 悠久の里,ケイヒロウジンホーム トクテイシセツ ユウキュウノサト,特定施設入居者生活介護,周南市鹿野中10046－1,,34.228466,131.798294,0834-68-1000,,0834-68-1111,,社会福祉法人 緑山会,3571500507,,,60名,,
山口県,,山口県,,ニチイケアセンター周南久米,ニチイケアセンターシュウナンクメ,特定施設入居者生活介護,周南市久米2677－1,,34.046066,131.847488,0834-39-1301,,0834-39-1302,,株式会社ニチイ学館,3571500630,,,51名,,
山口県,,山口県,,ケアハウス あいおい苑,ケアハウス アイオイエン,特定施設入居者生活介護,防府市佐野152－1,,34.057476,131.518448,0835-27-6500,,0835-27-6560,,社会福祉法人 ひとつの会,3570600845,,,50名,,
山口県,,山口県,,有料老人ホーム 山口あかり苑,ユウリョウロウジンホーム　ヤマグチアカリエン,特定施設入居者生活介護,山口市黒川3097,,34.129471,131.45079,083-921-1210,,083-921-1220,,社会福祉法人 博愛会,3570300859,,,100名,,
山口県,,山口県,,山口市阿東老人ホーム 特定施設入居者生活介護事業所,ヤマグチシアトウロウジンホーム トクテイシセツニュウキョシャセイカツカイゴジギョウショ,特定施設入居者生活介護,山口市阿東生雲中300,,34.361622,131.589584,083-954-0120,,083-954-0151,,社会福祉法人あんずの里,3578100517,,,50名,,
山口県,,山口県,,Ｇｒａｃｅｆｕｌともの園,Ｇｒａｃｅｆｕｌトモノソノ,特定施設入居者生活介護,山口市朝田510－1,,34.150616,131.436615,083-934-1175,,083-922-0368,,社会福祉法人 同朋福祉会,3570301949,,,40名,,
山口県,,山口県,,介護付有料老人ホーム 共済苑,カイゴツキユウリョウロウジンホーム キョウサイエン,特定施設入居者生活介護,山口市湯田温泉5－5－1,,34.168724,131.457809,083-925-0201,,083-925-0216,,社会福祉法人 豊寿会,3570303630,,,83名,,
山口県,,山口県,,ケアハウス あおば苑,ケアハウス アオバエン,特定施設入居者生活介護,宇部市東須恵大浴320－1,,33.975182,131.189468,0836-43-1940,,0836-44-3922,,社会福祉法人 むべの里光栄,3570200695,,,50名,,
山口県,,山口県,,オアシスことしば,オアシスコトシバ,特定施設入居者生活介護,宇部市寿町3－2－5,,33.951752,131.253403,0836-37-6512,,0836-37-6613,,株式会社レナール,3570200976,,,72名,,
山口県,,山口県,,有料老人ホーム宇部西あかり苑,ユウリョウロウジンホームウベニシアカリエン,特定施設入居者生活介護,宇部市際波399－2,,33.996155,131.224411,0836-45-1200,,0836-43-3612,,社会福祉法人 博愛会,3570201115,,,100名,,
山口県,,山口県,,むべの里養護老人ホーム博愛園,ムベノサトヨウゴロウジンホームハクアイエン,特定施設入居者生活介護,宇部市東芝中町3－5,,33.939117,131.25856,0836-21-5243,,0836-34-0127,,社会福祉法人むべの里光栄,3570201834,,,70名,,
山口県,,山口県,,際波あかり苑,キワナミアカリエン,特定施設入居者生活介護,宇部市際波399－3,,33.996155,131.224411,0836-45-2200,,0836-45-2211,,医療法人 和同会,3570202535,,,100名,,
山口県,,山口県,,ケアハウスめぐみの園,ケアハウスメグミノソノ,特定施設入居者生活介護,美祢市於福町下3267－1,,34.247952,131.213837,0837-56-5033,,0837-56-1810,,社会福祉法人 同朋福祉会,3571300114,,,30名,,
山口県,,山口県,,ケアハウス 幸嶺園,ケアハウス　コウリョウエン,特定施設入居者生活介護,美祢市伊佐町伊佐5604－1,,34.163998,131.202072,0837-52-4553,,0837-52-4511,,社会福祉法人 周美会,3571300288,,,30名,,
山口県,,山口県,,グレースフルめぐみの園,グレースフルメグミノソノ,特定施設入居者生活介護,美祢市於福町上4378－13,,34.235516,131.206665,0837-56-5010,,0837-56-5011,,社会福祉法人 同朋福祉会,3571300361,,,30名,,
山口県,,山口県,,ケアハウスとまりの郷,ケアハウストマリノサト,特定施設入居者生活介護,山陽小野田市西高泊10760－3,,34.009682,131.163055,0836-81-1818,,0836-81-1356,,社会福祉法人 萌仁会,3571600380,,,30名,,
山口県,,山口県,,介護付き有料老人ホーム ココフレ紫苑,カイゴツキユウリョウロウジンホーム ココフレシオン,特定施設入居者生活介護,山陽小野田市新生3－3－27,,34.003025,131.176102,0836-39-1100,,0836-39-1101,,社会福祉法人健仁会,3571600836,,,40名,,
山口県,,山口県,,養護老人ホーム長生園　特定施設入居者生活介護事業所,ヨウゴロウジンホームチョウセイエン　トクテイシセツニュウキョシャセイカツカイゴジギョウショ,特定施設入居者生活介護,山陽小野田市埴生2156－2,,34.044708,131.076096,0836-76-2136,,0836-79-0649,,社会福祉法人さわやか会,3571600935,,,50名,,
山口県,,山口県,,小野田老人ホーム,オノダロウジンホーム,特定施設入居者生活介護,山陽小野田市小野田10325－2,,33.957695,131.172302,0836-83-4862,,0836-83-0315,,社会福祉法人健寿会,3570204606,,,50名,,
山口県,,山口県,,清風オリオン,セイフウオリオン,特定施設入居者生活介護,長門市三隅中286,,34.35841,131.258087,0837-42-0088,,0837-43-2219,,社会福祉法人清風会,3571100316,,,50名,,
山口県,,山口県,,養護老人ホームつばき,ヨウゴロウジンホームツバキ,特定施設入居者生活介護,萩市椿2398－1,,34.393936,131.403122,0838-24-4128,,0838-24-4129,,社会福祉法人 萩市社会福祉事業団,3570400543,,,52名,,
山口県,,山口県,,ケアハウスつばき,ケアハウスツバキ,特定施設入居者生活介護,萩市椿2398－1,,34.393936,131.403122,0838-24-4128,,0838-24-4129,,社会福祉法人萩市社会福祉事業団,3570400667,,,50名,,
山口県,,山口県,,清ヶ浜清光苑 特定施設入居者生活介護事業所,キヨガハマセイコウエントクテイシセツニュウキョシャセイカツカイゴジギョウショ,特定施設入居者生活介護,阿武郡阿武町木与10037－3,,34.530689,131.508789,08388-2-3071,,08388-2-3316,,社会福祉法人阿武福祉会,3578100475,,,50名,,
山口県,,山口県,,株式会社エヌ・エス・サービス本社事業所,カブシキガイシャエヌ・エス・サービスホンシャジギョウショ,特定福祉用具販売,岩国市由宇町南沖4－3－3,,34.038582,132.213669,0827-62-0990,,0827-62-0991,,株式会社 エヌ・エス・サービス,3570800023,,,,,
山口県,,山口県,,株式会社 メディス 岩国支店,カブシキガイシャ メディス イワクニシテン,特定福祉用具販売,岩国市御庄4－106－7,,34.169209,132.15654,0827-46-0145,,0827-46-0148,,株式会社 メディス,3570800072,,,,,
山口県,,山口県,,有限会社 アシスト,ユウゲンガイシャ アシスト,特定福祉用具販売,岩国市御庄1－109－3,,34.165134,132.147842,0827-45-0022,,0827-45-0023,,有限会社 アシスト,3570800346,,,,,
山口県,,山口県,,サンハイティー,サンハイティー,特定福祉用具販売,岩国市多田1－105－6,,34.175388,132.163208,0827-44-0708,,0827-44-0703,,株式会社 サンハイティー,3570800767,,,,,
山口県,,山口県,,株式会社ホームケアサービス山口 岩国店,カブシキガイシャホームケアサービスヤマグチ イワクニテン,特定福祉用具販売,岩国市今津町4－12－7,,34.165043,132.214752,0827-30-3025,,0827-30-0055,,株式会社 ホームケアサービス山口,3570800874,,,,,
山口県,,山口県,,こすもすめーる由宇店,コスモスメールユウテン,特定福祉用具販売,岩国市由宇町中央1－7－14,,34.044838,132.211365,0827-63-0108,,0827-63-2810,,有限会社なかのでんき,3577200474,,,,,
山口県,,山口県,,有限会社 カガミ,ユウゲンガイシャ カガミ,特定福祉用具販売,岩国市岩国1－15－17,,34.164684,132.18074,0827-28-5263,,0827-28-5270,,有限会社 カガミ,3570801765,,,,,
山口県,,山口県,,株式会社エヌ・エス・サービス今津事業所,カブシキガイシャエヌ・エス・サービスイマヅジギョウショ,特定福祉用具販売,岩国市今津町6－11－13,,34.161274,132.210129,0827-30-0294,,0827-30-4408,,株式会社 エヌ・エス・サービス,3570801831,,,,,
山口県,,山口県,,西日本医療サービス株式会社 岩国営業所,ニシニホンイリョウサービスカブシキガイシャ イワクニエイギョウショ,特定福祉用具販売,岩国市周東町下久原624,,34.090099,132.057373,0827-28-4324,,0827-28-4325,,西日本医療サービス株式会社,3570802128,,,,,
山口県,,山口県,,株式会社フルケア岩国営業所,カブシキガイシャフルケアイワクニエイギョウショ,特定福祉用具販売,岩国市多田3－104－4,,34.180756,132.168777,0827-28-4830,,0827-28-4831,,株式会社 フルケア,3570802219,,,,,
山口県,,山口県,,アイテム株式会社,アイテムカブシキガイシャ,特定福祉用具販売,岩国市玖珂町1017－5,,34.100464,132.092773,0827-28-6751,,0827-28-6752,,アイテム株式会社,3570802433,,,,,
山口県,,山口県,,海井医科器械 株式会社 海井福祉サービス,ウミイイカキカイ カブシキガイシャ ウミイフクシサービス,特定福祉用具販売,玖珂郡和木町和木5－9－43,,34.206799,132.230545,0827-28-1122,,0827-28-1125,,海井医科器械 株式会社,3570800205,,,,,
山口県,,山口県,,株式会社 西日本光洋,カブシキガイシャ ニシニホンコウヨウ,特定福祉用具販売,柳井市柳井6764－1,,33.983452,132.112854,0820-23-6077,,0820-23-6076,,株式会社 西日本光洋,3571200108,,,,,
山口県,,山口県,,ケアメディカル さらや,ケアメディカル サラヤ,特定福祉用具販売,柳井市中央2－17－24　柳井郵便局前,,33.965809,132.108109,0820-22-0306,,0820-22-0306,,有限会社 更家,3571200264,,,,,
山口県,,山口県,,株式会社 ヨネツ,カブシキガイシャ ヨネツ,特定福祉用具販売,柳井市天神17－11,,33.965298,132.114502,0820-22-1950,,0820-22-8400,,株式会社 ヨネツ,3571200561,,,,,
山口県,,山口県,,有限会社 しらき,ユウゲンガイシャ シラキ,特定福祉用具販売,大島郡周防大島町西方14,,33.885509,132.357452,0820-78-2626,,0820-78-2727,,有限会社 しらき,3577100310,,,,,
山口県,,山口県,,有限会社 土手百貨店,ユウゲンガイシャ ドテヒャッカテン,特定福祉用具販売,大島郡周防大島町西方1650－11,,33.885509,132.357452,0820-78-0042,,0820-78-1878,,有限会社 土手百貨店,3577100369,,,,,
山口県,,山口県,,株式会社 河村福祉サービス 柳井介護センター,カブシキガイシャ カワムラフクシサービス ヤナイカイゴセンター,特定福祉用具販売,熊毛郡平生町平生町588－1,,33.941547,132.069839,0820-25-1770,,0820-25-1771,,株式会社河村福祉サービス,3571200389,,,,,
山口県,,山口県,,株式会社ホームケアサービス山口 周南店,カブシキガイシャホームケアサービスヤマグチ シュウナンテン,特定福祉用具販売,下松市末武上久保田1800－1,,34.043716,131.869751,0833-45-3008,,0833-43-2378,,株式会社ホームケアサービス山口,3570700355,,,,,
山口県,,山口県,,指定福祉用具貸与・販売事業所げんき,シテイフクシヨウグタイヨ・ハンバイジギョウショゲンキ,特定福祉用具販売,下松市西豊井1655－3,,34.018143,131.875214,0833-45-2200,,0833-45-2300,,株式会社つむぎ,3570701098,,,,,
山口県,,山口県,,ダスキンヘルスレント周南ステーション,ダスキンヘルスレントシュウナンステーション,特定福祉用具販売,光市光井1－14－17,,33.952244,131.9543,0833-48-4646,,0833-71-0388,,株式会社 ダスキンせらい,3570700322,,,,,
山口県,,山口県,,株式会社あすなろ,カブシキガイシャアスナロ,特定福祉用具販売,光市中央2－17－26,,33.955086,131.948883,0833-44-7087,,0833-44-7085,,株式会社あすなろ,3571000920,,,,,
山口県,,山口県,,福祉用具貸与・販売事業所ライフ,フクシヨウグタイヨ・ハンバイジギョウショライフ,特定福祉用具販売,光市島田2－22－11,,33.969906,131.933456,0833-74-1611,,0833-74-1612,,有限会社メディビス,3571000953,,,,,
山口県,,山口県,,海井医科器械 株式会社 周南営業所,ウミイイカキカイ カブシキガイシャ シュウナンエイギョウショ,特定福祉用具販売,周南市鼓海2－118－72,,34.020157,131.818695,0834-26-1450,,0834-26-1451,,海井医科器械株式会社,3570500292,,,,,
山口県,,山口県,,株式会社 ライフ周南,ユウゲンガイシャ メディカルサービス,特定福祉用具販売,周南市須々万本郷2671－1,,34.112503,131.864151,0834-88-2288,,0834-88-2092,,株式会社 ライフ周南,3570500391,,,,,
山口県,,山口県,,ニチイケアセンター周南,ニチイケアセンターシュウナン,特定福祉用具販売,周南市河東町9－20－Ｂ,,34.046501,131.812469,0834-27-5330,,0834-22-3340,,株式会社 ニチイ学館,3570500417,,,,,
山口県,,山口県,,有限会社 ゆとり工房,ユウゲンガイシャ ユトリコウボウ,特定福祉用具販売,周南市桜木3－5－82,,34.038258,131.837128,0834-39-0526,,0834-39-0827,,有限会社 ゆとり工房,3571500093,,,,,
山口県,,山口県,,有限会社マイ・サポート,ユウゲンガイシャマイ・サポート,特定福祉用具販売,周南市権現町5－21,,34.057804,131.798218,0834-33-2380,,0834-33-2387,,有限会社マイ・サポート,3571500515,,,,,
山口県,,山口県,,日本基準寝具株式会社周南営業所,ニホンキジュンシングカブシキガイシャシュウナンエイギョウショ,特定福祉用具販売,周南市久米852－2,,34.051853,131.85611,0834-36-1445,,0834-36-1446,,日本基準寝具株式会社,3571500846,,,,,
山口県,,山口県,,有限会社サンリツ,ユウゲンガイシャサンリツ,特定福祉用具販売,周南市久米4197－1,,34.051853,131.85611,0834-36-2251,,0834-36-2261,,有限会社サンリツ,3571501166,,,,,
山口県,,山口県,,ゆうあいレンタルケア,ユウアイレンタルケア,特定福祉用具販売,周南市須々万本郷28－1,,34.112503,131.864151,0834-88-2208,,0834-88-2336,,社会福祉法人緑山会,3571501257,,,,,
山口県,,山口県,,株式会社 西日本光洋 周南営業所,カブシキガイシャ ニシニホンコウヨウ シュウナンエイギョウショ,特定福祉用具販売,周南市久米五反田717－1,,34.051853,131.85611,0834-28-8877,,0834-28-8876,,株式会社 西日本光洋,3571501356,,,,,
山口県,,山口県,,ＪＡ福祉用具レンタル山口,ＪＡフクシヨウグレンタルヤマグチ,特定福祉用具販売,周南市清水1－12－7,,34.070591,131.767365,0834-62-7013,,0834-62-8013,,ＪＡ協同サポート山口株式会社,3571501505,,,,,
山口県,,山口県,,株式会社フルケア周南営業所,カブシキガイシャフルケアシュウナンエイギョウショ,特定福祉用具販売,周南市五月町9－28,,34.036327,131.828827,0834-33-8150,,0834-33-8353,,株式会社 フルケア,3571501745,,,,,
山口県,,山口県,,株式会社 山口メディカル,カブシキガイシャ ヤマグチメディカル,特定福祉用具販売,防府市富海2520,,34.048042,131.641418,0835-34-0553,,0835-34-1247,,株式会社 山口メディカル,3570600217,,,,,
山口県,,山口県,,有限会社 加賀メディカル,ユウゲンガイシャ カガメディカル,特定福祉用具販売,防府市佐波2－10－12,,34.056114,131.563751,0835-22-1408,,0835-22-8225,,有限会社 加賀メディカル,3570600324,,,,,
山口県,,山口県,,株式会社 ナカニシ,カブシキガイシャ ナカニシ,特定福祉用具販売,防府市開出西町5－22,,34.05397,131.548691,0835-22-3150,,0835-22-3151,,株式会社 ナカニシ,3570600332,,,,,
山口県,,山口県,,有限会社 ケアメイト,ユウゲンガイシャ ケアメイト,特定福祉用具販売,防府市新田503－3,,34.03672,131.563675,0835-23-7573,,0835-23-7473,,有限会社 ケアメイト,3570600480,,,,,
山口県,,山口県,,有限会社 スマイル・ケア,ユウゲンガイシャ スマイル・ケア,特定福祉用具販売,防府市江泊1906,,34.050087,131.605225,0835-24-0776,,0835-24-6868,,有限会社 スマイル・ケア,3570600571,,,,,
山口県,,山口県,,ホットライフサポート,ホットライフサポート,特定福祉用具販売,防府市田島3379－1,,34.007374,131.527054,0835-29-0009,,0835-29-2289,,有限会社 白井興産,3570601066,,,,,
山口県,,山口県,,株式会社 ひまわり 山口支店,カブシキガイシャ ヒマワリ ヤマグチシテン,特定福祉用具販売,防府市鋳物師町9－38,,34.050453,131.574677,0835-27-5517,,0835-27-5518,,株式会社 ひまわり,3570601389,,,,,
山口県,,山口県,,株式会社ホームケアサービス山口 防府店,カブシキガイシャホームケアサービスヤマグチ ホウフテン,特定福祉用具販売,防府市華園町12－1,,34.043362,131.5578,0835-27-1122,,0835-27-1155,,株式会社ホームケアサービス山口,3570602106,,,,,
山口県,,山口県,,ダスキンヘルスレント山口防府ステーション,ダスキンヘルスレントヤマグチホウフステーション,特定福祉用具販売,防府市国衙2－2－30,,34.056499,131.584152,0835-28-9588,,0835-28-9580,,株式会社 ダスキンせらい,3570602403,,,,,
山口県,,山口県,,株式会社ぴーす 防府営業所,カブシキガイシャピースホウフエイギョウショ,特定福祉用具販売,防府市三田尻3－7－30,,34.044567,131.57843,0835-27-3900,,0835-27-3901,,株式会社ぴーす,3570602551,,,,,
山口県,,山口県,,株式会社 ホームケアサービス山口 山口店,カブシキガイシャ ホームケアサービスヤマグチ ヤマグチテン,特定福祉用具販売,山口市陶4542－1,,34.090973,131.418549,083-973-6615,,083-973-6614,,株式会社 ホームケアサービス山口,3570300388,,,,,
山口県,,山口県,,有限会社 アイフィット山口,ユウゲンガイシャ アイフィットヤマグチ,特定福祉用具販売,山口市平井705,,34.154423,131.463501,083-933-6500,,083-933-6501,,有限会社 アイフィット山口,3570300834,,,,,
山口県,,山口県,,日本基準寝具株式会社 エコール山口営業所,ニホンキジュンシングカブシキガイシャ　エコールヤマグチエイギョウショ,特定福祉用具販売,山口市小郡上郷字仁保津5256,,34.126446,131.412323,083-976-0324,,083-976-0325,,日本基準寝具株式会社,3577600384,,,,,
山口県,,山口県,,かいごのいまづ,カイゴノイマヅ,特定福祉用具販売,山口市阿知須4856－19,,34.013802,131.357986,0836-65-2010,,0836-65-5131,,有限会社 パナックいまづ,3577600210,,,,,
山口県,,山口県,,有限会社 山口電動車販売,ユウゲンガイシャ ヤマグチデンドウシャハンバイ,特定福祉用具販売,山口市宮野上171－5,,34.207569,131.509842,083-923-0809,,083-923-0824,,有限会社 山口電動車販売,3570300487,,,,,
山口県,,山口県,,株式会社ぐりーん,カブシキガイシャグリーン,特定福祉用具販売,山口市赤妻町3－20－105,,34.167423,131.448441,083-928-0099,,083-941-6199,,株式会社ぐりーん,3570301691,,,,,
山口県,,山口県,,はんど山口営業所,ハンドヤマグチエイギョウショ,特定福祉用具販売,山口市朝田流通センター601－13,,34.149879,131.417313,083-995-2060,,083-995-2061,,株式会社 はんど,3570302483,,,,,
山口県,,山口県,,株式会社 河村福祉サービス,カブシキガイシャ カワムラフクシサービス,特定福祉用具販売,山口市阿知須4825－1,,34.009491,131.351761,0836-43-6872,,0836-43-6873,,株式会社 河村福祉サービス,3570302798,,,,,
山口県,,山口県,,株式会社フルケア山口営業所,カブシキガイシャフルケアヤマグチエイギョウショ,特定福祉用具販売,山口市小郡下郷3399－1,,34.090538,131.391068,083-941-5201,,083-941-5207,,株式会社 フルケア,3570303234,,,,,
山口県,,山口県,,株式会社岩多屋福祉事業部 山口,カブシキガイシャイワタヤフクシジギョウブ ヤマグチ,特定福祉用具販売,山口市小郡上郷3541－3,,34.121731,131.413055,083-972-2037,,083-973-1745,,株式会社 岩多屋,3570303374,,,,,
山口県,,山口県,,有限会社加賀メディカル山口店,ユウゲンガイシャカガメディカルヤマグチテン,特定福祉用具販売,山口市矢原852－3,,34.154236,131.44751,083-902-1408,,083-902-1409,,有限会社加賀メディカル,3570303416,,,,,
山口県,,山口県,,青藍会　在宅医療支援センター山口福祉用具事業所　,セイランカイ　ザイタクイリョウシエンセンターヤマグチグフクシヨウグジギョウショ,特定福祉用具販売,山口市吉敷中東1－2－6　みずほビル4－Ａ,,34.166405,131.446732,083-902-2313,,083-902-1505,,有限会社 みずほ企画,3570303473,,,,,
山口県,,山口県,,山口病院福祉用具事業所,ヤマグチビョウインフクシヨウグジギョウショ,特定福祉用具販売,山口市駅通り2－8－5,,34.175171,131.480453,083-934-5066,,083-934-5050,,医療法人 樹一会,3570303531,,,,,
山口県,,山口県,,福祉用具リライフ,フクシヨウグリライフ,特定福祉用具販売,山口市秋穂東6243　アパルタメント春秋Ｂ棟202号,,34.014809,131.452942,083-984-8282,,083-984-8283,,合同会社リライフ,3570303747,,,,,
山口県,,山口県,,福祉用具事業所アドバンス,フクシヨウグジギョウショアドバンス,特定福祉用具販売,山口市湯田温泉1－1－7,,34.166039,131.460678,083-902-5551,,083-902-5550,,株式会社アドバンス,3570303846,,,,,
山口県,,山口県,,ダスキンヘルスレント山口北ステーション,ダスキンヘルスレントヤマグチキタステーション,特定福祉用具販売,山口市宮野上190－2,,34.202583,131.508667,083-976-8438,,083-976-8430,,株式会社 ダスキンせらい,3570303879,,,,,
山口県,,山口県,,エネックス 株式会社,エネックス カブシキガイシャ,特定福祉用具販売,宇部市東須恵3840－1,,33.960957,131.191315,0836-41-3355,,0836-41-6640,,エネックス株式会社,3570200299,,,,,
山口県,,山口県,,サンケン実業株式会社 ひまわり宇部,サンケンジツギョウカブシキガイシャ ヒマワリウベ,特定福祉用具販売,宇部市神原町2－2－9,,33.948826,131.262726,0836-21-0120,,0836-21-5709,,サンケン実業株式会社,3570200448,,,,,
山口県,,山口県,,株式会社はんど,カブシキガイシャハンド,特定福祉用具販売,宇部市助田町7－13,,33.964199,131.229599,0836-37-2377,,0836-37-2378,,株式会社 はんど,3570200463,,,,,
山口県,,山口県,,株式会社 ホームケアサービス山口 宇部店,カブシキガイシャ ホームケアサービスヤマグチ ウベテン,特定福祉用具販売,宇部市西宇部南3－3－2,,34.001423,131.221176,0836-39-1147,,0836-45-1147,,株式会社ホームケアサービス山口,3570201958,,,,,
山口県,,山口県,,ライフ楽,ライフラク,特定福祉用具販売,宇部市沖ノ旦797,,33.995525,131.225998,0836-45-0700,,0836-45-0711,,丸十株式会社,3570202352,,,,,
山口県,,山口県,,西日本商事株式会社宇部営業所,ニシニホンショウジカブシキガイシャウベエイギョウショ,特定福祉用具販売,宇部市常盤町2－1－29,,33.949883,131.248917,0836-39-9444,,0836-39-9445,,西日本商事株式会社,3570202659,,,,,
山口県,,山口県,,合同会社うさぎの介護用品店,ゴウドウガイシャウサギノカイゴヨウヒンテン,特定福祉用具販売,宇部市東新川町6－44－101,,33.94622,131.255066,0836-43-7111,,0836-43-6401,,合同会社うさぎの介護用品店,3570203061,,,,,
山口県,,山口県,,合同会社 Ｌｉｇｈｔｈｏｕｓｅ,ゴウドウガイシャ Ｌｉｇｈｔｈｏｕｓｅ,特定福祉用具販売,宇部市小松原町2－2－3,,33.963116,131.241684,0836-35-5154,,0836-38-5009,,合同会社 Ｌｉｇｈｔｈｏｕｓｅ,3570203517,,,,,
山口県,,山口県,,ケアサポートきわなみ,ケアサポートキワナミ,特定福祉用具販売,宇部市際波726－3,,33.99469,131.222946,0836-39-7622,,0836-39-3265,,株式会社 きわなみ,3570203764,,,,,
山口県,,山口県,,シンプルケア,シンプルケア,特定福祉用具販売,宇部市浜町2－11－16,,33.965191,131.23381,0836-37-0008,,0836-39-9571,,株式会社カワムラ,3570204150,,,,,
山口県,,山口県,,株式会社 狼煙,カブシキガイシャ ノロシ,特定福祉用具販売,美祢市美東町大田6065,,34.232838,131.357422,08396-2-5010,,08396-2-5015,,株式会社 狼煙,3571300593,,,,,
山口県,,山口県,,西日本商事株式会社 山口営業所,ニシニホンショウジカブシキガイシャ ヤマグチエイギョウショ,特定福祉用具販売,山陽小野田市中川4－4－8,,33.988049,131.177322,0836-84-5289,,0836-84-9630,,西日本商事株式会社,3571600190,,,,,
山口県,,山口県,,株式会社 ミサト,カブシキガイシャ ミサト,特定福祉用具販売,山陽小野田市埴生655－1,,34.037556,131.09375,0836-76-0802,,0836-76-0318,,株式会社 ミサト,3571600240,,,,,
山口県,,山口県,,マザー,マザー,特定福祉用具販売,長門市西深川430－2,,34.371094,131.164978,0837-22-3664,,0837-22-9807,,合同会社 マザー,3570400212,,,,,
山口県,,山口県,,あおば,アオバ,特定福祉用具販売,萩市椿東2858,,34.419571,131.41362,0838-26-3770,,0838-26-3771,,有限会社 直方メディカルサービス,3540440439,,,,,
山口県,,山口県,,有限会社 ひまわり,ユウゲンガイシャ ヒマワリ,特定福祉用具販売,萩市山田4731－1,,34.405457,131.380981,0838-22-2612,,0838-25-5527,,有限会社 ひまわり,3570400048,,,,,
山口県,,山口県,,有限会社ホワイトクリーニング萩ケアホワイト,ユウゲンガイシャホワイトクリーニングハギケアホワイト,特定福祉用具販売,萩市椿字陣ヶ原2742－3,,34.389774,131.405716,0838-22-9117,,0838-22-9277,,有限会社ホワイトクリーニング萩,3570400113,,,,,
山口県,,山口県,,株式会社ホームケアサービス山口 萩店,カブシキガイシャホームケアサービスヤマグチ ハギテン,特定福祉用具販売,萩市椿東2880－1,,34.418407,131.411194,0838-24-1002,,0838-24-1003,,株式会社ホームケアサービス山口,3570400501,,,,,
山口県,,山口県,,特別養護老人ホーム光葉苑,トクベツヨウゴロウジンホームコウヨウエン,介護老人福祉施設,岩国市下317－2,,34.169106,132.095917,0827-47-3500,,0827-47-3553,,社会福祉法人 光葉会,3570800239,,,50名,,
山口県,,山口県,,特別養護老人ホーム高森苑,トクベツヨウゴロウジンホームタカモリエン,介護老人福祉施設,岩国市周東町西長野621－1,,34.087597,132.027634,0827-84-3747,,0827-84-1401,,社会福祉法人 高森福祉会,3577200250,,,84名,,
山口県,,山口県,,特別養護老人ホーム玖珂苑,トクベツヨウゴロウジンホームクガエン,介護老人福祉施設,岩国市玖珂町3813－6,,34.100464,132.092773,0827-82-0555,,0827-82-0736,,社会福祉法人 高森福祉会,3577200284,,,54名,,
山口県,,山口県,,特別養護老人ホーム緑風荘,トクベツヨウゴロウジンホームリョクフウソウ,介護老人福祉施設,岩国市由宇町向原3018－1,,34.035919,132.176926,0827-62-1122,,0827-62-1123,,社会福祉法人 緑風会,3577200383,,,50名,,
山口県,,山口県,,特別養護老人ホーム錦苑,トクベツヨウゴロウジンホームニシキエン,介護老人福祉施設,岩国市錦町広瀬758,,34.274345,131.921814,0827-72-3523,,0827-72-3562,,社会福祉法人 錦福祉会,3577200391,,,60名,,
山口県,,山口県,,特別養護老人ホーム美和苑,トクベツヨウゴロウジンホームミワエン,介護老人福祉施設,岩国市美和町生見12538,,34.247898,132.086365,0827-96-1130,,0827-96-0419,,社会福祉法人 美和福祉会,3577200425,,,70名,,
山口県,,山口県,,特別養護老人ホームヴィラ本郷,トクベツヨウゴロウジンホームヴィラホンゴウ,介護老人福祉施設,岩国市本郷町本郷2086,,34.290527,132.043274,0827-78-1111,,0827-78-1115,,社会福祉法人 平成記念会,3577200458,,,30名,,
山口県,,山口県,,特別養護老人ホーム美川苑,トクベツヨウゴロウジンホームミカワエン,介護老人福祉施設,岩国市美川町小川437－1,,34.242199,132.00737,0827-76-5008,,0827-76-5010,,社会福祉法人 美川福祉会,3577200466,,,53名,,
山口県,,山口県,,特別養護老人ホームかなえ,トクベツヨウゴロウジンホームカナエ,介護老人福祉施設,岩国市錦見3－7－55,,34.165905,132.198792,0827-44-2233,,0827-44-2234,,社会福祉法人 鼎会,3570800585,,,56名,,
山口県,,山口県,,特別養護老人ホーム 灘海園,トクベツヨウゴロウジンホーム　ナダミエン,介護老人福祉施設,岩国市愛宕町1－5－1,,34.145725,132.199829,0827-32-0315,,0827-32-7554,,社会福祉法人 山口県社会福祉事業団,3570800908,,,ユニット型 100名,,
山口県,,山口県,,介護老人福祉施設 ヴィータ,カイゴロウジンフクシシセツ ヴィータ,介護老人福祉施設,岩国市麻里布町3－5－30,,34.170403,132.222122,0827-30-0001,,0827-30-0002,,社会福祉法人 錦福祉会,3570801922,,,ユニット型 60名,,
山口県,,山口県,,特別養護老人ホームわきあいあい苑,トクベツヨウゴロウジンホームワキアイアイエン,介護老人福祉施設,玖珂郡和木町瀬田4－1－1,,34.194065,132.225128,0827-54-0345,,0827-52-0055,,社会福祉法人 和木三志会,3577200300,,,53名,,
山口県,,山口県,,特別養護老人ホーム松風苑,トクベツヨウゴロウジンホームショウフウエン,介護老人福祉施設,柳井市余田3762－1,,33.98584,132.067093,0820-23-6363,,0820-23-6365,,社会福祉法人 松風会,3571200116,,,50名,,
山口県,,山口県,,特別養護老人ホーム大畠苑,トクベツヨウゴロウジンホーム　オオバタケエン,介護老人福祉施設,柳井市遠崎10412－4,,33.96254,132.148834,0820-45-3838,,0820-45-3855,,社会福祉法人 千寿会,3577200292,,,30名,,
山口県,,山口県,,特別養護老人ホーム 四季の里,トクベツヨウゴロウジンホーム シキノサト,介護老人福祉施設,柳井市日積3210－5,,34.005161,132.174744,0820-28-1770,,0820-28-1771,,社会福祉法人 最勝会,3571200470,,,ユニット型 30名,,
山口県,,山口県,,特別養護老人ホーム 伊保庄園,トクベツヨウゴロウジンホーム　イホノショウエン,介護老人福祉施設,柳井市伊保庄1－2,,33.930088,132.116165,0820-27-0840,,0820-27-0841,,社会福祉法人 山口県社会福祉事業団,3571200488,,,100名,,
山口県,,山口県,,特別養護老人ホームやまびこ苑,トクベツヨウゴロウジンホームヤマビコエン,介護老人福祉施設,大島郡周防大島町久賀5375－1,,33.937672,132.266953,0820-72-2880,,0820-72-2882,,社会福祉法人慈光福祉会,3577100153,,,50名,,
山口県,,山口県,,特別養護老人ホームオレンジ苑,トクベツヨウゴロウジンホームオレンジエン,介護老人福祉施設,大島郡周防大島町東安下庄774－9,,33.902946,132.292572,0820-77-2008,,0820-77-2007,,社会福祉法人 橘福祉会,3577100179,,,50名,,
山口県,,山口県,,特別養護老人ホームほのぼの苑,トクベツヨウゴロウジンホームホノボノエン,介護老人福祉施設,大島郡周防大島町小松133－1,,33.93969,132.193604,0820-74-2100,,0820-74-2131,,社会福祉法人 さつき会,3577100187,,,50名,,
山口県,,山口県,,特別養護老人ホーム白寿苑,トクベツヨウゴロウジンホームハクジュエン,介護老人福祉施設,大島郡周防大島町西方1623－2,,33.885509,132.357452,0820-78-1800,,0820-78-1801,,社会福祉法人 大島白壽會,3577100260,,,(1) 53名、(2) ユニット型 30名,,
山口県,,山口県,,特別養護老人ホームかみのせき苑,トクベツヨウゴロウジンホームカミノセキエン,介護老人福祉施設,熊毛郡上関町長島1561－1,,33.82235,132.078217,0820-65-5110,,0820-65-0566,,社会福祉法人 上関福祉会,3577300266,,,30名,,
山口県,,山口県,,特別養護老人ホームたぶせ苑,トクベツヨウゴロウジンホームタブセエン,介護老人福祉施設,熊毛郡田布施町宿井406,,33.965446,132.027832,0820-53-1294,,0820-53-2940,,社会福祉法人 施福会,3577300274,,,62名,,
山口県,,山口県,,特別養護老人ホームつつじ苑,トクベツヨウゴロウジンホームツツジエン,介護老人福祉施設,熊毛郡平生町曽根10126－2,,33.9217,132.070984,0820-56-1050,,0820-56-1052,,社会福祉法人 うちうみ会,3577300209,,,33名,,
山口県,,山口県,,特別養護老人ホームほしのさと,トクベツヨウゴロウジンホームホシノサト,介護老人福祉施設,下松市生野屋南1－13－1,,34.032597,131.874741,0833-45-3100,,0833-45-3200,,社会福祉法人 くだまつ平成会,3570700132,,,63名,,
山口県,,山口県,,特別養護老人ホーム松寿苑,トクベツヨウゴロウジンホームショウジュエン,介護老人福祉施設,下松市来巻944－1,,34.014561,131.923477,0833-47-1220,,0833-47-1222,,社会福祉法人 幸洋福祉会,3570700173,,,ユニット型 70名,,
山口県,,山口県,,特別養護老人ホーム光寿苑,トクベツヨウゴロウジンホームコウジュエン,介護老人福祉施設,光市室積沖田5－1,,33.935333,131.974075,0833-79-1700,,0833-79-1701,,社会福祉法人 光寿福祉会,3571000094,,,ユニット型 80名,,
山口県,,山口県,,特別養護老人ホーム光富士白苑,トクベツヨウゴロウジンホームヒカリフジシロエン,介護老人福祉施設,光市虹ケ浜2－5－7,,33.968704,131.918777,0833-71-3090,,0833-71-3196,,社会福祉法人 光富士白苑,3571000102,,,ユニット型 63名,,
山口県,,山口県,,特別養護老人ホームやまと苑,トクベツヨウゴロウジンホームヤマトエン,介護老人福祉施設,光市岩田267,,33.982563,131.988388,0820-48-3333,,0820-48-5032,,社会福祉法人 大和福祉会,3577300241,,,80名,,
山口県,,山口県,,特別養護老人ホーム ひかり苑,トクベツヨウゴロウジンホーム ヒカリエン,介護老人福祉施設,光市三井1056－1,,33.993156,131.95076,0833-76-1165,,0833-76-1166,,社会福祉法人 ひかり苑,3571000698,,,ユニット型 133名,,
山口県,,山口県,,特別養護老人ホームやすらぎ苑,トクベツヨウゴロウジンホームヤスラギエン,介護老人福祉施設,周南市湯野158,,34.097805,131.684372,0834-83-3711,,0834-83-3438,,社会福祉法人 仁泉会,3570500276,,,70名,,
山口県,,山口県,,特別養護老人ホーム友愛園,トクベツヨウゴロウジンホームユウアイエン,介護老人福祉施設,周南市須々万本郷28－1,,34.112503,131.864151,0834-88-2208,,0834-88-2336,,社会福祉法人 緑山会,3570500284,,,(1) 60名、(2) ユニット型 30名,,
山口県,,山口県,,特別養護老人ホーム福寿荘,トクベツヨウゴロウジンホームフクジュソウ,介護老人福祉施設,周南市米光361,,34.124905,131.734833,0834-67-2820,,0834-67-2821,,社会福祉法人 新南陽福祉の会,3571400062,,,72名,,
山口県,,山口県,,特別養護老人ホーム天王園,トクベツヨウゴロウジンホームテンノウエン,介護老人福祉施設,周南市大河内1109－2,,34.025928,131.940994,0833-91-5550,,0833-91-0621,,社会福祉法人 一仁会,3577300217,,,82名,,
山口県,,山口県,,特別養護老人ホームやまなみ荘,トクベツヨウゴロウジンホームヤマナミソウ,介護老人福祉施設,周南市鹿野上2755－1,,34.253082,131.853287,0834-68-4100,,0834-68-4101,,社会福祉法人 鹿野福祉会,3577400058,,,(1) 58名、(2) ユニット型 30名,,
山口県,,山口県,,特別養護老人ホーム くりや苑,トクベツヨウゴロウジンホーム クリヤエン,介護老人福祉施設,周南市栗屋792－1,,34.018894,131.839172,0834-25-2800,,0834-25-2840,,社会福祉法人 栗屋福祉会,3571501224,,,ユニット型 90名,,
山口県,,山口県,,特別養護老人ホームつづみ園,トクベツヨウゴロウジンホームツヅミエン,介護老人福祉施設,周南市瀬戸見町12－30,,34.050682,131.832703,0834-28-2880,,0834-29-3174,,社会福祉法人周南市社会福祉事業団,3571501364,,,ユニット型 110名,,
山口県,,山口県,,特別養護老人ホーム岸津苑,トクベツヨウゴロウジンホームキシヅエン,介護老人福祉施設,防府市岸津2－24－20,,34.049118,131.593491,0835-24-0511,,0835-25-1238,,社会福祉法人 周陽福祉会,3570600233,,,80名,,
山口県,,山口県,,特別養護老人ホーム防府あかり園,トクベツヨウゴロウジンホームホウフアカリエン,介護老人福祉施設,防府市台道1655,,34.069256,131.492813,0835-32-0730,,0835-32-1839,,社会福祉法人 博愛会,3570600258,,,(1) 32名、(2) ユニット型 100名,,
山口県,,山口県,,特別養護老人ホームライフケア高砂,トクベツヨウゴロウジンホームライフケアタカサゴ,介護老人福祉施設,防府市上右田334,,34.096363,131.567978,0835-22-5500,,0835-22-5504,,社会福祉法人 ライフケア高砂,3570600274,,,(1) 50名、(2) ユニット型 40名,,
山口県,,山口県,,特別養護老人ホーム まめ舎,トクベツヨウゴロウジンホーム　マメジャ,介護老人福祉施設,防府市新田672,,34.032585,131.563004,0835-26-0303,,0835-26-0307,,社会福祉法人 敬天会,3570600688,,,ユニット型 80名,,
山口県,,山口県,,特別養護老人ホームサンハート香月,トクベツヨウゴロウジンホームサンハートカツキ,介護老人福祉施設,防府市岸津2－25－1,,34.050423,131.592865,0835-27-1500,,0835-27-1503,,社会福祉法人周陽福祉会,3570602155,,,ユニット型 30名,,
山口県,,山口県,,特別養護老人ホーム温泉ホーム日吉台,トクベツヨウゴロウジンホームオンセンホームヒヨシダイ,介護老人福祉施設,山口市陶3968,,34.101543,131.419495,083-973-2030,,083-973-2060,,社会福祉法人 山口向陽会,3570300321,,,80名,,
山口県,,山口県,,特別養護老人ホーム梅光苑,トクベツヨウゴロウジンホームバイコウエン,介護老人福祉施設,山口市鋳銭司12361－3,,34.086681,131.464523,083-986-2056,,083-986-3658,,社会福祉法人 相清福祉会,3570300339,,,110名,,
山口県,,山口県,,特別養護老人ホーム山口あかり園,トクベツヨウゴロウジンホームヤマグチアカリエン,介護老人福祉施設,山口市黒川3363,,34.131638,131.438644,083-921-1618,,083-932-5370,,社会福祉法人 博愛会,3570300370,,,60名,,
山口県,,山口県,,特別養護老人ホームよしき悠々苑,トクベツヨウゴロウジンホームヨシキユウユウエン,介護老人福祉施設,山口市吉敷佐畑4－8－1,,34.168495,131.427689,083-932-0232,,083-932-0778,,社会福祉法人 祐寿会,3570300420,,,80名,,
山口県,,山口県,,特別養護老人ホームとくぢ苑,トクベツヨウゴロウジンホームトクヂエン,介護老人福祉施設,山口市徳地八坂1330,,34.223145,131.664078,0835-56-1306,,0835-56-1849,,社会福祉法人 佐波福祉会,3577500063,,,54名,,
山口県,,山口県,,特別養護老人ホーム小郡・山手一番館,トクベツヨウゴロウジンホームオゴオリ・ヤマテイチバンカン,介護老人福祉施設,山口市小郡尾崎町2－1,,34.108932,131.395996,083-974-0200,,083-973-6700,,社会福祉法人 愛世会,3577600145,,,54名,,
山口県,,山口県,,特別養護老人ホーム白松苑,カガホノサトハクショウエン,介護老人福祉施設,山口市阿知須4167－1,,34.016357,131.343506,0836-65-2250,,0836-65-4645,,社会福祉法人 正清会,3577600178,,,ユニット型 100名,,
山口県,,山口県,,特別養護老人ホーム 秋穂あかり園,トクベツヨウゴロウジンホーム　アイオアカリエン,介護老人福祉施設,山口市秋穂東3980,,34.014923,131.445801,083-984-8300,,083-984-5124,,社会福祉法人 博愛会,3577600194,,,50名,,
山口県,,山口県,,特別養護老人ホーム阿東園,トクベツヨウゴロウジンホームアトウエン,介護老人福祉施設,山口市阿東地福下288－1,,34.337532,131.653961,08395-2-1154,,08395-2-1150,,社会福祉法人 友愛会,3578100285,,,80名,,
山口県,,山口県,,賀宝の里白松苑,カガホノサトハクショウエン,介護老人福祉施設,山口市佐山158,,34.042114,131.346695,083-988-2555,,083-988-2552,,社会福祉法人 正清会,3570301386,,,ユニット型 30名,,
山口県,,山口県,,済生会山口地域ケアセンター特別養護老人ホームおとどいの里,サイセイカイヤマグチチイキケアセンタートクベツヨウゴロウジンホームオトドイノサト,介護老人福祉施設,山口市朝倉町4－55,,34.175591,131.452347,083-922-0707,,083-941-5090,,社会福祉法人恩賜財団済生会支部山口県済生会,3570303101,,,ユニット型 80名,,
山口県,,山口県,,特別養護老人ホームセンチュリー２１,トクベツヨウゴロウジンホームセンチュリー２１,介護老人福祉施設,宇部市山中126－1,,34.059078,131.327347,0836-62-1021,,0836-62-1027,,社会福祉法人 愛世会,3570200240,,,50名,,
山口県,,山口県,,特別養護老人ホーム神原苑,トクベツヨウゴロウジンホームカミハラエン,介護老人福祉施設,宇部市神原町2－1－22,,33.949406,131.261765,0836-34-2885,,0836-34-2884,,社会福祉法人 神原苑,3570200356,,,93名,,
山口県,,山口県,,特別養護老人ホームアスワン山荘,トクベツヨウゴロウジンホームアスワンサンソウ,介護老人福祉施設,宇部市二俣瀬山王坂40－221,,33.951824,131.247314,0836-62-5151,,0836-62-5185,,社会福祉法人 アスワン山荘,3570200364,,,84名,,
山口県,,山口県,,特別養護老人ホームむべの里,トクベツヨウゴロウジンホームムベノサト,介護老人福祉施設,宇部市東須恵320－1,,33.975182,131.189468,0836-43-1735,,0836-43-1889,,社会福祉法人 むべの里光栄,3570200380,,,ユニット型 30名,,
山口県,,山口県,,特別養護老人ホーム宇部あかり園,トクベツヨウゴロウジンホームウベアカリエン,介護老人福祉施設,宇部市西岐波岩上229－105,,33.969315,131.307983,0836-51-1616,,0836-51-6325,,社会福祉法人 博愛会,3570200422,,,ユニット型  80名,,
山口県,,山口県,,特別養護老人ホーム楠園,トクベツヨウゴロウジンホームクスノキエン,介護老人福祉施設,宇部市船木向ヒ833－3,,34.052166,131.207214,0836-67-1182,,0836-67-1184,,社会福祉法人 扶老会,3577700085,,,80名,,
山口県,,山口県,,特別養護老人ホームセンチュリー２１靖和園,トクベツヨウゴロウジンホームセンチュリー２１ヤスカズエン,介護老人福祉施設,宇部市山中126－1,,34.059078,131.327347,0836-62-1021,,0836-62-1027,,社会福祉法人 愛世会,3570203194,,,ユニット型 30名,,
山口県,,山口県,,特別養護老人ホーム 日の山園,トクベツヨウゴロウジンホーム ヒノヤマエン,介護老人福祉施設,宇部市東岐波223,,33.988808,131.358307,0836-58-2202,,0836-58-5949,,社会福祉法人 むべの里光栄,3570204341,,,80名,,
山口県,,山口県,,特別養護老人ホーム幸嶺園,トクベツヨウゴロウジンホームコウリョウエン,介護老人福祉施設,美祢市伊佐町伊佐下田5656－1,,34.163116,131.240829,0837-52-4555,,0837-52-2255,,社会福祉法人 周美会,3571300064,,,90名,,
山口県,,山口県,,特別養護老人ホームみのり園,トクベツヨウゴロウジンホームミノリエン,介護老人福祉施設,美祢市於福町上4017－1,,34.248848,131.186264,0837-56-1171,,0837-56-1172,,社会福祉法人 同朋福祉会,3571300072,,,60名,,
山口県,,山口県,,特別養護老人ホームみとう悠々苑,トクベツヨウゴロウジンホームミトウユウユウエン,介護老人福祉施設,美祢市美東町大田苅屋5378－1,,34.232838,131.357422,08396-2-1100,,08396-2-1108,,社会福祉法人 祐寿会,3577900065,,,50名,,
山口県,,山口県,,特別養護老人ホーム青景園,トクベツヨウゴロウジンホームアオカゲエン,介護老人福祉施設,美祢市秋芳町青景1873,,34.27483,131.292023,0837-65-2244,,0837-65-2245,,社会福祉法人 豊徳会,3577900073,,,80名,,
山口県,,山口県,,特別養護老人ホーム長寿園,トクベツヨウゴロウジンホームチョウジュエン,介護老人福祉施設,山陽小野田市小野田11324－10,,33.957695,131.172302,0836-84-2424,,0836-84-6253,,社会福祉法人 長寿会,3570900096,,,82名,,
山口県,,山口県,,特別養護老人ホーム高千帆苑,トクベツヨウゴロウジンホームタカチホエン,介護老人福祉施設,山陽小野田市有帆10662－8,,34.019894,131.213226,0836-84-0317,,0836-84-7032,,社会福祉法人 健寿会,3570900153,,,(1) 54名、(2) ユニット型 30名,,
山口県,,山口県,,特別養護老人ホームサンライフ山陽,トクベツヨウゴロウジンホームサンライフサンヨウ,介護老人福祉施設,山陽小野田市埴生2156,,34.044708,131.076096,0836-76-3443,,0836-76-3435,,社会福祉法人 山陽福祉会,3577700093,,,(1) 50名、(2) ユニット型 30名,,
山口県,,山口県,,特別養護老人ホームフクシア,トクベツヨウゴロウジンホームフクシア,介護老人福祉施設,山陽小野田市厚狭503－1,,34.053272,131.173874,0836-71-1200,,0836-71-1201,,社会福祉法人 健仁会,3571600422,,,ユニット型 60名,,
山口県,,山口県,,特別養護老人ホーム恵光苑,トクベツヨウゴロウジンホームケイコウエン,介護老人福祉施設,長門市東深川10062－27,,34.37117,131.186829,0837-22-0723,,0837-22-3836,,社会福祉法人 新永福祉会,3571100100,,,80名,,
山口県,,山口県,,特別養護老人ホームへき楽園,トクベツヨウゴロウジンホームヘキラクエン,介護老人福祉施設,長門市日置上3114,,34.391991,131.133804,0837-37-4177,,0837-37-4188,,社会福祉法人 へき寿会,3578000121,,,50名,,
山口県,,山口県,,特別養護老人ホーム明和苑,トクベツヨウゴロウジンホームメイワエン,介護老人福祉施設,長門市三隅中1811,,34.366657,131.270081,0837-43-1234,,0837-43-1053,,社会福祉法人 明和会,3578000139,,,60名,,
山口県,,山口県,,特別養護老人ホーム養寿苑,トクベツヨウゴロウジンホームヨウジュエン,介護老人福祉施設,長門市油谷向津具上10344,,34.416718,130.993225,0837-34-1577,,0837-34-0170,,社会福祉法人 同心会,3578000154,,,70名,,
山口県,,山口県,,特別養護老人ホーム 吉祥苑,トクベツヨウゴロウジンホーム　キッショウエン,介護老人福祉施設,長門市深川湯本10600－1,,34.332188,131.172775,0837-22-7700,,0837-22-7711,,社会福祉法人 福祥会,3571100159,,,ユニット型 80名,,
山口県,,山口県,,特別養護老人ホーム紫福園,トクベツヨウゴロウジンホームシブキエン,介護老人福祉施設,萩市紫福6606－1,,34.473858,131.522369,0838-53-0231,,0838-53-0232,,社会福祉法人 紫雲会,3578100236,,,50名,,
山口県,,山口県,,特別養護老人ホームかわかみ苑,トクベツヨウゴロウジンホームカワカミエン,介護老人福祉施設,萩市川上4921－1,,34.35368,131.495499,0838-54-2000,,0838-54-2781,,社会福祉法人 山水会,3578100244,,,30名,,
山口県,,山口県,,特別養護老人ホームむつみ園,トクベツヨウゴロウジンホームムツミエン,介護老人福祉施設,萩市吉部上3301－1,,34.444626,131.588745,08388-6-0301,,08388-6-0302,,社会福祉法人 紫雲会,3578100269,,,50名,,
山口県,,山口県,,特別養護老人ホームすさ苑,トクベツヨウゴロウジンホームスサエン,介護老人福祉施設,萩市須佐1378－1,,34.62389,131.623734,08387-6-3146,,08387-6-3148,,社会福祉法人寿幸会,3578100277,,,50名,,
山口県,,山口県,,特別養護老人ホーム阿北苑,トクベツヨウゴロウジンホームアホクエン,介護老人福祉施設,萩市上小川東分1406,,34.579548,131.673279,08387-4-0231,,08387-4-0232,,社会福祉法人 阿北福祉会,3578100301,,,50名,,
山口県,,山口県,,特別養護老人ホームちはるえん,トクベツヨウゴロウジンホームチハルエン,介護老人福祉施設,萩市明木4781－1,,34.317074,131.413254,0838-55-0333,,0838-55-0332,,社会福祉法人 健香会,3578100327,,,50名,,
山口県,,山口県,,萩市特別養護老人ホームかがやき,ハギシトクベツヨウゴロウジンホームカガヤキ,介護老人福祉施設,萩市椿3460－2,,34.397156,131.393066,0838-24-4111,,0838-24-4112,,萩市,3570400360,,,130名,,
山口県,,山口県,,特別養護老人ホームオアシスはぎ園,トクベツヨウゴロウジンホームオアシスハギオン,介護老人福祉施設,萩市大井1723－6,,34.468403,131.458984,0838-28-0088,,0838-28-0274,,社会福祉法人 山口県社会福祉事業団,3570400436,,,100名,,
山口県,,山口県,,特別養護老人ホーム 恵寿苑,トクベツヨウゴロウジンホーム　ケイジュエン,介護老人福祉施設,阿武郡阿武町木与10039－5,,34.530689,131.508789,08388-2-0088,,08388-2-3231,,社会福祉法人 阿武福祉会,3578100350,,,30名,,
山口県,,山口県,,老人保健施設桜の園,ロウジンホケンシセツサクラノソノ,介護老人保健施設,岩国市下342－1,,34.169106,132.095917,0827-47-3100,,0827-47-3210,,医療法人 新生会,3550880003,,,100名,,
山口県,,山口県,,老人保健施設なんわ荘,ロウジンホケンシセツナンワソウ,介護老人保健施設,岩国市尾津町5－7－30,,34.132225,132.209656,0827-34-0100,,0827-32-8949,,医療法人 南和会,3550880011,,,80名,,
山口県,,山口県,,老人保健施設ふれんず,ロウジンホケンシセツフレンズ,介護老人保健施設,岩国市今津町1－11－23,,34.166946,132.220749,0827-21-5150,,0827-21-5133,,医療法人社団 まりふ会,3550880029,,,50名,,
山口県,,山口県,,医療法人 南和会 老人保健施設 みどり荘,イリョウホウジン　ナンワカイ　ロウジンホケンシセツ　ミドリソウ,介護老人保健施設,岩国市由宇町千鳥ケ丘1－1－1,,34.037174,132.213593,0827-63-1141,,0827-63-1142,,医療法人 南和会,3557280009,,,50名,,
山口県,,山口県,,老人保健施設くが,ロウジンホケンシセツクガ,介護老人保健施設,岩国市玖珂町3813－6,,34.100464,132.092773,0827-82-0500,,0827-82-0736,,社会福祉法人 高森福祉会,3557280017,,,70名,,
山口県,,山口県,,老人保健施設ケアホーム山口,ロウジンホケンシセツケアホームヤマグチ,介護老人保健施設,岩国市玖珂町11361,,34.100464,132.092773,0827-81-1155,,0827-81-1156,,医療法人 山口平成会,3557280025,,,50名,,
山口県,,山口県,,岩国市錦介護老人保健施設あさぎりの郷,イワクニシニシキカイゴロウジンホケンシセツアサギリノゴウ,介護老人保健施設,岩国市錦町広瀬705,,34.274345,131.921814,0827-71-1111,,0827-71-1112,,岩国市,3550880037,,,60名,,
山口県,,山口県,,老人保健施設まつかぜ,ロウジンホケンシセツマツカゼ,介護老人保健施設,柳井市余田3718,,33.958447,132.067291,0820-23-3370,,0820-23-3595,,医療法人 松栄会,3551280005,,,100名,,
山口県,,山口県,,介護老人保健施設 ケアセンターゆうわ,カイゴロウジンホケンシセツ ケアセンターユウワ,介護老人保健施設,柳井市伊保庄字近長浜1－4,,33.930088,132.116165,0820-27-6001,,0820-27-0800,,社会福祉法人 恒和会,3551280013,,,100名,,
山口県,,山口県,,周防大島町立介護老人保健施設さざなみ苑,スオウオオシマチョウリツカイゴロウジンホケンシセツサザナミエン,介護老人保健施設,大島郡周防大島町西安下庄3920－17,,33.893017,132.263794,0820-77-1212,,0820-77-1563,,周防大島町,3557180027,,,80名,,
山口県,,山口県,,老人保健施設そよかぜ,ロウジンホケンシセツソヨカゼ,介護老人保健施設,熊毛郡田布施町宿井414－5,,33.973915,132.020782,0820-51-2100,,0820-51-2102,,医療法人 松栄会,3557380015,,,80名,,
山口県,,山口県,,介護老人保健施設 なでしこ,カイゴロウジンホケンシセツ ナデシコ,介護老人保健施設,熊毛郡平生町平生村895,,33.945328,132.07637,0820-57-3800,,0820-56-8181,,医療法人 松栄会,3557380023,,,80名,,
山口県,,山口県,,介護老人保健施設はとがみね,カイゴロウジンホケンシセツハトガミネ,介護老人保健施設,熊毛郡平生町佐賀10002－77,,33.891022,132.091583,0820-58-1111,,0820-58-1120,,医療法人光輝会,3557380031,,,80名,,
山口県,,山口県,,老人保健施設成幸苑,ロウジンホケンシセツセイコウエン,介護老人保健施設,下松市新川2－1－1,,34.009037,131.863144,0833-41-7577,,0833-44-8121,,医療法人 成幸会,3550780005,,,80名,,
山口県,,山口県,,介護老人保健施設ふくしの里,カイゴロウジンホケンシセツフクシノサト,介護老人保健施設,下松市生野屋南1－10－1,,34.032719,131.876617,0833-45-3360,,0833-45-3361,,社会医療法人 同仁会,3550780013,,,70名,,
山口県,,山口県,,介護老人保健施設しまた川苑,カイゴロウジンホケンシセツシマタガワエン,介護老人保健施設,光市島田5－3－2,,33.980576,131.940109,0833-77-3000,,0833-77-3001,,医療法人 愛命会,3551080009,,,100名,,
山口県,,山口県,,ナイスケア まほろば,ナイスケア マホロバ,介護老人保健施設,光市岩田2477,,33.981529,131.998886,0820-49-1111,,0820-49-1112,,光市,3551080017,,,70名,,
山口県,,山口県,,独立行政法人地域医療機能推進機構徳山中央病院附属介護老人保健施設,ドクリツギョウセイホウジンチイキイリョウキノウスイシンキコウトクヤマチュウオウビョウインフゾクカイゴロウジンホケンシセツ,介護老人保健施設,周南市孝田町1－1,,34.047676,131.83287,0834-28-8686,,0834-29-3916,,独立行政法人地域医療機能推進機構,3550580009,,,100名,,
山口県,,山口県,,老人保健施設ひまわり苑,ロウジンホケンシセツヒマワリエン,介護老人保健施設,周南市新地3－5－1,,34.068966,131.788528,0834-21-1000,,0834-31-5520,,医療法人社団 高橋内科,3550580017,,,57名,,
山口県,,山口県,,老人保健施設温泉の里,ロウジンホケンシセツユノノサト,介護老人保健施設,周南市湯野4204－1,,34.094482,131.675171,0834-83-3413,,0834-83-3415,,医療法人 治徳会,3550580025,,,55名,,
山口県,,山口県,,老人保健施設春の里,ロウジンホケンシセツハルノサト,介護老人保健施設,周南市羽島1－2－23,,34.073582,131.726776,0834-61-2000,,0834-61-2002,,医療法人 松仁会,3551480001,,,100名,,
山口県,,山口県,,周南市介護老人保健施設 ゆめ風車,シュウナンシカイゴロウジンホケンシセツ ユメカザグルマ,介護老人保健施設,周南市宮の前2－6－27,,34.072559,131.763748,0834-61-3151,,0834-61-3155,,周南市,3551580016,,,62名,,
山口県,,山口県,,介護老人保健施設 なごやか熊毛,カイゴロウジンホケンシセツ ナゴヤカクマゲ,介護老人保健施設,周南市高水原2－7－21,,34.054207,131.973541,0833-92-0331,,0833-92-0332,,医療法人社団 生和会,3551580024,,,80名,,
山口県,,山口県,,介護老人保健施設 あおぞら,カイゴロウジンホケンシセツ アオゾラ,介護老人保健施設,周南市栗屋字二葉屋開作1022－76,,34.013332,131.813354,0834-36-3366,,0834-36-3367,,医療法人 松栄会,3551580032,,,100名,,
山口県,,山口県,,防府幸楽苑,ホウフコウラクエン,介護老人保健施設,防府市台道1634－1,,34.069256,131.492813,0835-32-1725,,0835-32-1811,,医療法人 和同会,3550680007,,,100名,,
山口県,,山口県,,老人保健施設尚歯堂,ロウジンホケンシセツショウシドウ,介護老人保健施設,防府市新田775－1,,34.031162,131.563324,0835-26-1133,,0835-26-1130,,医療法人 惻隠会,3550680015,,,100名,,
山口県,,山口県,,老人保健施設はくあい,ロウジンホケンシセツハクアイ,介護老人保健施設,防府市三田尻1－1－24,,34.048119,131.572754,0835-26-2626,,0835-27-2015,,医療法人 博愛会,3550680023,,,80名,,
山口県,,山口県,,老人保健施設好日苑,ロウジンホケンシセツコウジツエン,介護老人保健施設,防府市戎町2－5－1,,34.058765,131.570129,0835-26-5010,,0835-26-5015,,医療法人 松寿会,3550680031,,,80名,,
山口県,,山口県,,山口幸楽苑,ヤマグチコウラクエン,介護老人保健施設,山口市黒川3380,,34.131638,131.438644,083-921-1617,,083-925-2550,,医療法人 和同会,3550380004,,,100名,,
山口県,,山口県,,老人保健施設日吉台,ロウジンホケンシセツヒヨシダイ,介護老人保健施設,山口市陶3976,,34.101543,131.419495,083-973-2030,,083-973-2060,,社会福祉法人 山口向陽会,3550380012,,,80名,,
山口県,,山口県,,老人保健施設あいあい山口,ロウジンホケンシセツアイアイヤマグチ,介護老人保健施設,山口市鋳銭司5964－1,,34.084579,131.443588,083-986-2179,,083-986-2845,,医療法人 相川医院,3550380020,,,80名,,
山口県,,山口県,,老人保健施設悠々の里,ロウジンホケンシセツユウユウノサト,介護老人保健施設,山口市吉敷佐畑4－4－44,,34.166832,131.427658,083-928-2111,,083-928-2110,,社会福祉法人 祐寿会,3550380038,,,80名,,
山口県,,山口県,,老人保健施設アーユス,ロウジンホケンシセツアーユス,介護老人保健施設,山口市大内矢田北5－10－1,,34.155212,131.510132,083-927-8363,,083-927-8366,,医療法人社団 水生会,3550380046,,,100名,,
山口県,,山口県,,老人保健施設ナーシングホーム湯田温泉,ロウジンホケンシセツナーシングホームユダオンセン,介護老人保健施設,山口市泉都町9－7,,34.167152,131.461319,083-920-7373,,083-920-7377,,医療法人社団 曙会,3550380053,,,50名,,
山口県,,山口県,,老人保健施設ハートホーム山口,ロウジンホケンシセツハートホームヤマグチ,介護老人保健施設,山口市吉敷中東1－1－2,,34.167183,131.447418,083-933-6000,,083-933-6007,,医療法人社団 青藍会,3550380061,,,60名,,
山口県,,山口県,,山口県厚生農業協同組合連合会 老人保健施設みのり苑,ヤマグチケンコウセイノウギョウキョウドウクミアイレンゴウカイ ロウジンホケンシセツミノリエン,介護老人保健施設,山口市小郡下郷862－3,,34.103893,131.3974,083-973-3161,,083-973-3411,,山口県厚生農業協同組合連合会,3557680000,,,50名,,
山口県,,山口県,,老人保健施設 ニューライフあじす,ロウジンホケンシセツ ニューライフアジス,介護老人保健施設,山口市阿知須4165－3,,34.016357,131.343506,0836-65-5077,,0836-65-5455,,医療法人 協愛会,3557680018,,,80名,,
山口県,,山口県,,介護老人保健施設 豊生苑,カイゴロウジンホケンシセツ　ホウセイエン,介護老人保健施設,宇部市木田40－20,,34.064083,131.279587,0836-62-1003,,0836-62-1201,,医療法人社団 泉仁会,3550280006,,,100名,,
山口県,,山口県,,老人保健施設宇部幸楽苑,ロウジンホケンシセツウベコウラクエン,介護老人保健施設,宇部市西岐波229－3,,33.974148,131.28624,0836-51-3113,,0836-51-5522,,医療法人 和同会,3550280014,,,100名,,
山口県,,山口県,,介護老人保健施設昭和町共生苑,カイゴロウジンホケンシセツショウワマチキョウセイエン,介護老人保健施設,宇部市昭和町2－12－12,,33.939186,131.255157,0836-31-4131,,0836-31-2399,,医療法人 仁心会,3550280022,,,80名,,
山口県,,山口県,,介護老人保健施設寿光園,カイゴロウジンホケンシセツジュコウエン,介護老人保健施設,宇部市妻崎開作789ノに470－3,,33.979202,131.202072,0836-44-4500,,0836-44-4160,,医療法人 博愛会,3550280030,,,80名,,
山口県,,山口県,,老人保健施設老健ふなき,ロウジンホケンシセツロウケンフナキ,介護老人保健施設,宇部市船木833,,34.049004,131.193573,0836-67-1665,,0836-67-1685,,医療法人 扶老会,3557780008,,,80名,,
山口県,,山口県,,介護老人保健施設 ぺあれんと,カイゴロウジンホケンシセツ ペアレント,介護老人保健施設,宇部市浜町2－1－3,,33.964874,131.238449,0836-36-1170,,0836-36-1171,,医療法人 博愛会,3550280048,,,100名,,
山口県,,山口県,,美祢市介護老人保健施設グリーンヒル美祢,ミネシカイゴロウジンホケンシセツグリーンヒルミネ,介護老人保健施設,美祢市大嶺町東分11313－1,,34.181473,131.208405,0837-54-0145,,0837-52-2067,,美祢市,3551380011,,,70名,,
山口県,,山口県,,小野田赤十字老人保健施設 あんじゅ,オノダセキジュウジロウジンホケンシセツ アンジュ,介護老人保健施設,山陽小野田市小野田3700,,33.952679,131.182571,0836-88-0222,,0836-88-4392,,日本赤十字社,3550980001,,,40名,,
山口県,,山口県,,介護老人保健施設 あさ紫苑,カイゴロウジンホケンシセツ アサシオン,介護老人保健施設,山陽小野田市桜1－3－1,,34.053429,131.155624,0836-71-1700,,0836-71-1701,,医療法人 健仁会,3557780016,,,60名,,
山口県,,山口県,,サテライト型介護老人保健施設あさ紫苑,サテライトガタカイゴロウジンホケンシセツアサシオン,介護老人保健施設,山陽小野田市厚狭字埴生田503－1,,34.053097,131.164917,0836-71-1200,,0836-71-1301,,医療法人 健仁会,3551680014,,,20名,,
山口県,,山口県,,医療法人 生山会 老人保健施設かつら苑,イリョウホウジン　ショウザンカイ　ロウジンホケンシセツカツラエン,介護老人保健施設,長門市俵山4910－1,,34.290348,131.099869,0837-29-0564,,0837-29-0772,,医療法人 生山会,3551180007,,,50名,,
山口県,,山口県,,医療法人社団 成蹊会 老人保健施設サンライズ２１,イリョウホウジンシャダン セイケイカイ ロウジンホケンシセツサンライズ２１,介護老人保健施設,長門市東深川889－1,,34.377045,131.186584,0837-23-0021,,0837-23-0023,,医療法人社団 成蹊会,3551180015,,,80名,,
山口県,,山口県,,老人保健施設福寿苑,ロウジンホケンシセツフクジュエン,介護老人保健施設,長門市日置中2488－3,,34.374348,131.098846,0837-37-3912,,0837-37-3925,,医療法人社団 福寿会,3558080002,,,50名,,
山口県,,山口県,,医療法人社団 康香会 老人保健施設ひまわりの苑,イリョウホウジンシャダンコウコウカイロウジンホケンシセツヒマワリノソノ,介護老人保健施設,萩市今古萩町30－1,,34.416702,131.402084,0838-25-9170,,0838-25-9188,,医療法人社団 康香会,3550480002,,,50名,,
山口県,,山口県,,医療法人社団 慈生会 介護老人保健施設徳寿園,イリョウホウジンシャダン ジセイカイ カイゴロウジンホケンシセツトクジュエン,介護老人保健施設,萩市山田4147－1,,34.397305,131.382416,0838-22-0118,,0838-22-0132,,医療法人社団 慈生会,3550480010,,,40名,,
山口県,,山口県,,医療法人 創世会 篠山医院,イリョウホウジン ソウセイカイ シノヤマイイン,介護療養型医療施設,下松市生野屋西4－3－13,,34.036324,131.883987,0833-44-8034,,0833-44-3555,,医療法人社団 創世会,3510710597,,,12名,,
山口県,,山口県,,医療法人 丘病院,イリョウホウジン オカビョウイン,介護療養型医療施設,山口市中河原町2－14,,34.178394,131.475296,083-925-1100,,083-925-1105,,医療法人 丘病院,3510311420,,,8名,,
山口県,,山口県,,みどり介護医療院,ミドリカイゴイリョウイン,介護医療院,岩国市由宇町359－1,,34.035919,132.176926,0827-63-0111,,0827-63-2000,,医療法人 南和会,35B0800016,,,60名,,
山口県,,山口県,,周防病院介護医療院,スオウビョウインカイゴイリョウイン,介護医療院,岩国市周東町上久原123,,34.076614,132.071854,0827-84-1223,,0827-84-1230,,医療法人 全生会,35B0800024,,,30名,,
山口県,,山口県,,周防大島町立介護医療院やすらぎ苑,スオウオオシマチョウリツカイゴイリョウインヤスラギエン,介護医療院,大島郡周防大島町小松124－2,,33.93969,132.193604,0820-74-5555,,0820-74-3890,,周防大島町,35B7100014,,,50名,,
山口県,,山口県,,光輝病院介護医療院,コウキビョウインカイゴイリョウイン,介護医療院,熊毛郡平生町佐賀10002－77,,33.891022,132.091583,0820-58-1111,,0820-58-1120,,医療法人 光輝会,35B7300010,,,502名,,
山口県,,山口県,,河村循環器神経内科介護医療院,カワムラジュンカンキシンケイナイカカイゴイリョン,介護医療院,光市三井6－18－1,,33.988396,131.952942,0833-77-0606,,0833-77-1606,,医療法人 やよい,35B1000012,,,18名,,
山口県,,山口県,,医療法人社団光仁会 市川医院 介護医療院,イリョウホウジンシャダンコウジンカイイチカワイインカイゴイリョウイン,介護医療院,光市中央3－2－26,,33.959202,131.946274,0833-72-5700,,0833-71-0758,,医療法人社団光仁会,35B1000020,,,12名,,
山口県,,山口県,,介護医療院 周南高原病院,カイゴイリョウインシュウナンコウゲンビョウイン,介護医療院,周南市須々万本郷29－1,,34.112503,131.864151,0834-88-0391,,0834-88-0074,,医療法人 緑山会,35B1500011,,,57名,,
山口県,,山口県,,鹿野博愛 介護医療院,カノハクアイカイゴイリョウイン,介護医療院,周南市鹿野下1161－1,,34.210499,131.825378,0834-68-2233,,0834-68-3522,,医療法人 緑山会,35B1500029,,,36名,,
山口県,,山口県,,防府リハビリテーション病院 介護医療院,ホウフリハビリテーションビョウインカイゴイリョウイン,介護医療院,防府市台道1634－1,,34.069256,131.492813,0835-32-1777,,0835-32-1933,,医療法人 和同会,35B0600010,,,(1) 48名、(2) 48名、(3) 50名,,
山口県,,山口県,,山口若宮病院 介護医療院,ヤマグチワカミヤビョウインカイゴイリョウイン,介護医療院,山口市下小鯖1522,,34.137592,131.517899,083-927-3661,,083-927-1420,,医療法人社団 若宮会,35B0300017,,,(1) 48名、(2) 48名,,
山口県,,山口県,,阿知須同仁病院 介護医療院 ひまわり,アジスドウジンビョウインカイゴイリョウインヒマワリ,介護医療院,山口市阿知須4241－4,,34.016357,131.343506,0836-65-5555,,0836-65-2836,,医療法人社団 向陽会,35B0300025,,,60名,,
山口県,,山口県,,医療法人博愛会 宇部記念病院 介護医療院,イリョウホウジン　ハクアイカイ　ウベキネンビョウインカイゴイリョウイン,介護医療院,宇部市上町1－4－11,,33.958214,131.2397,0836-31-1146,,0836-22-7118,,医療法人 博愛会,35B0200019,,,60名,,
山口県,,山口県,,宇部リハビリテーション病院 介護医療院,ウベリハビリテーションビョウインカイゴイリョウイン,介護医療院,宇部市西岐波229－3,,33.974148,131.28624,0836-51-3111,,0836-51-4441,,医療法人 和同会,35B0200027,,,(1) 60名、(2) 60名,,
山口県,,山口県,,宇部西リハビリテーション病院 介護医療院,ウベニシリハビリテーションビョウインカイゴイリョウイン,介護医療院,宇部市沖ノ旦797,,33.995525,131.225998,0836-45-2111,,0836-45-2123,,医療法人 和同会,35B0200035,,,(1) 38名、(2) 40名,,
山口県,,山口県,,医療法人太白会シーサイド病院 介護医療院,イリョウホウジン　タイハクカイ　シーサイドビョウインカイゴイリョウイン,介護医療院,宇部市東岐波4322－1,,33.961617,131.342422,0836-58-5360,,0836-58-5362,,医療法人 太白会,35B0200043,,,55名,,
山口県,,山口県,,社会医療法人いち樹会尾中病院介護医療院,シャカイイリョウホウジンイチジュカイ　オナカビビョウイン　カイゴイリョウイン,介護医療院,宇部市寿町1－3－28,,33.953377,131.248245,0836-31-2133,,0836-32-9907,,社会医療法人いち樹会,35B0200050,,,60名,,
山口県,,山口県,,小野田赤十字 介護医療院,オノダセキジュウジ　カイゴイリョウイン,介護医療院,山陽小野田市小野田3700,,33.952679,131.182571,0836-88-0222,,0836-88-4392,,日本赤十字社,35B1600019,,,60名,,
山口県,,山口県,,医療法人生山会 たわらやま介護医療院,イリョウホウジンショウザンカイタワラヤマカイゴイリョウイン,介護医療院,長門市俵山4912－1,,34.290348,131.099869,0837-29-0101,,0837-29-0772,,医療法人 生山会,35B1100010,,,46名,,
山口県,,山口県,,医療法人社団慈生会　萩慈生病院　介護医療院,イリョウホウジンシャダンジセイカイハギジセイビョウインカイゴイリョウイン,介護医療院,萩市山田4147－1,,34.397305,131.382416,0838-25-6622,,0838-25-6668,,医療法人 社団慈生会,35B0400015,,,40名,,
山口県,,山口県,,全眞会病院介護医療院,ゼンシンカイビョウインカイゴイリョウイン,介護医療院,萩市山田4807－3,,34.405106,131.383362,0838-22-4106,,0838-22-3788,,医療法人 全眞会,35B0400023,,,54名,,
