<?xml version="1.0" encoding="UTF-8"?>
<osm version="0.6" generator="openstreetmap-cgimap 2.1.0 (2942783 spike-08.openstreetmap.org)" copyright="OpenStreetMap and contributors" attribution="http://www.openstreetmap.org/copyright" license="http://opendatacommons.org/licenses/odbl/1-0/">
 <bounds minlat="34.0882010" minlon="132.0826227" maxlat="34.0906010" maxlon="132.0856227"/>
 <node id="748895628" visible="true" version="2" changeset="120508907" timestamp="2022-05-03T17:18:49Z" user="AYAGE" uid="521665" lat="34.0847884" lon="132.0968046"/>
 <node id="748900856" visible="true" version="2" changeset="120467590" timestamp="2022-05-02T15:53:55Z" user="AYAGE" uid="521665" lat="34.0892742" lon="132.0897383"/>
 <node id="748905067" visible="true" version="1" changeset="4813224" timestamp="2010-05-26T13:41:14Z" user="Tom_G3X" uid="146930" lat="34.0832380" lon="132.0760450"/>
 <node id="748915999" visible="true" version="2" changeset="120467590" timestamp="2022-05-02T15:53:55Z" user="AYAGE" uid="521665" lat="34.0883708" lon="132.0907796"/>
 <node id="748927597" visible="true" version="2" changeset="120508907" timestamp="2022-05-03T17:18:49Z" user="AYAGE" uid="521665" lat="34.0851110" lon="132.0951089"/>
 <node id="748929971" visible="true" version="2" changeset="120480738" timestamp="2022-05-02T22:25:38Z" user="AYAGE" uid="521665" lat="34.0893665" lon="132.0835049"/>
 <node id="748930797" visible="true" version="1" changeset="4813224" timestamp="2010-05-26T13:52:33Z" user="Tom_G3X" uid="146930" lat="34.0903490" lon="132.0882040"/>
 <node id="748950614" visible="true" version="2" changeset="120467590" timestamp="2022-05-02T15:53:55Z" user="AYAGE" uid="521665" lat="34.0893440" lon="132.0894385"/>
 <node id="748964062" visible="true" version="2" changeset="120467590" timestamp="2022-05-02T15:53:55Z" user="AYAGE" uid="521665" lat="34.0903741" lon="132.0871864"/>
 <node id="748974314" visible="true" version="2" changeset="120480738" timestamp="2022-05-02T22:25:38Z" user="AYAGE" uid="521665" lat="34.0881549" lon="132.0828010"/>
 <node id="748982597" visible="true" version="2" changeset="120508907" timestamp="2022-05-03T17:18:49Z" user="AYAGE" uid="521665" lat="34.0868482" lon="132.0937861"/>
 <node id="748988277" visible="true" version="1" changeset="4813224" timestamp="2010-05-26T14:16:58Z" user="Tom_G3X" uid="146930" lat="34.0847260" lon="132.0783530"/>
 <node id="748990843" visible="true" version="2" changeset="120442255" timestamp="2022-05-02T04:31:49Z" user="AYAGE" uid="521665" lat="34.0935224" lon="132.0880645"/>
 <node id="749015498" visible="true" version="2" changeset="120467590" timestamp="2022-05-02T15:53:55Z" user="AYAGE" uid="521665" lat="34.0881362" lon="132.0915154"/>
 <node id="749026284" visible="true" version="2" changeset="120480738" timestamp="2022-05-02T22:25:38Z" user="AYAGE" uid="521665" lat="34.0866336" lon="132.0818401"/>
 <node id="749029887" visible="true" version="1" changeset="4813224" timestamp="2010-05-26T14:31:32Z" user="Tom_G3X" uid="146930" lat="34.0901330" lon="132.0851110"/>
 <node id="749048626" visible="true" version="2" changeset="65463879" timestamp="2018-12-14T07:12:02Z" user="Yamyong21" uid="9235491" lat="34.0940875" lon="132.0884554"/>
 <node id="749053111" visible="true" version="2" changeset="40534227" timestamp="2016-07-07T05:57:04Z" user="hofoen" uid="52797" lat="34.0880119" lon="132.0933429"/>
 <node id="749059414" visible="true" version="2" changeset="120649458" timestamp="2022-05-06T22:58:23Z" user="AYAGE" uid="521665" lat="34.0823149" lon="132.0747644"/>
 <node id="749063021" visible="true" version="2" changeset="120467590" timestamp="2022-05-02T15:53:55Z" user="AYAGE" uid="521665" lat="34.0917577" lon="132.0855799"/>
 <node id="749073870" visible="true" version="2" changeset="120467590" timestamp="2022-05-02T15:53:55Z" user="AYAGE" uid="521665" lat="34.0890931" lon="132.0900990"/>
 <node id="749086429" visible="true" version="2" changeset="120508907" timestamp="2022-05-03T17:18:49Z" user="AYAGE" uid="521665" lat="34.0858668" lon="132.0945001"/>
 <node id="749091350" visible="true" version="2" changeset="120467590" timestamp="2022-05-02T15:53:55Z" user="AYAGE" uid="521665" lat="34.0881682" lon="132.0912449"/>
 <node id="749108244" visible="true" version="2" changeset="120508907" timestamp="2022-05-03T17:18:49Z" user="AYAGE" uid="521665" lat="34.0849009" lon="132.0954821"/>
 <node id="749114038" visible="true" version="2" changeset="120467590" timestamp="2022-05-02T15:53:55Z" user="AYAGE" uid="521665" lat="34.0900147" lon="132.0886317"/>
 <node id="749146835" visible="true" version="2" changeset="120480738" timestamp="2022-05-02T22:25:38Z" user="AYAGE" uid="521665" lat="34.0867790" lon="132.0820957"/>
 <node id="749158252" visible="true" version="2" changeset="120508907" timestamp="2022-05-03T17:18:49Z" user="AYAGE" uid="521665" lat="34.0874574" lon="132.0937255"/>
 <node id="749169156" visible="true" version="2" changeset="120467590" timestamp="2022-05-02T15:53:55Z" user="AYAGE" uid="521665" lat="34.0930684" lon="132.0875225"/>
 <node id="749181314" visible="true" version="2" changeset="120480738" timestamp="2022-05-02T22:25:38Z" user="AYAGE" uid="521665" lat="34.0888741" lon="132.0828860"/>
 <node id="749194741" visible="true" version="2" changeset="120508907" timestamp="2022-05-03T17:18:49Z" user="AYAGE" uid="521665" lat="34.0863459" lon="132.0941828"/>
 <node id="749202788" visible="true" version="2" changeset="120649458" timestamp="2022-05-06T22:58:23Z" user="AYAGE" uid="521665" lat="34.0859030" lon="132.0803027"/>
 <node id="749230523" visible="true" version="2" changeset="40534227" timestamp="2016-07-07T05:57:04Z" user="hofoen" uid="52797" lat="34.0881879" lon="132.0927013"/>
 <node id="749241284" visible="true" version="2" changeset="120467590" timestamp="2022-05-02T15:53:55Z" user="AYAGE" uid="521665" lat="34.0912822" lon="132.0852496"/>
 <node id="749257873" visible="true" version="2" changeset="120508907" timestamp="2022-05-03T17:18:49Z" user="AYAGE" uid="521665" lat="34.0848452" lon="132.0965299"/>
 <node id="749266411" visible="true" version="2" changeset="40534227" timestamp="2016-07-07T05:57:04Z" user="hofoen" uid="52797" lat="34.0876520" lon="132.0936627"/>
 <node id="749274465" visible="true" version="1" changeset="4813826" timestamp="2010-05-26T16:01:24Z" user="Tom_G3X" uid="146930" lat="34.0828400" lon="132.0754290"/>
 <node id="749278315" visible="true" version="1" changeset="4813826" timestamp="2010-05-26T16:03:19Z" user="Tom_G3X" uid="146930" lat="34.0927400" lon="132.0868700"/>
 <node id="749290900" visible="true" version="3" changeset="120508907" timestamp="2022-05-03T17:18:49Z" user="AYAGE" uid="521665" lat="34.0840780" lon="132.0978450"/>
 <node id="749294777" visible="true" version="1" changeset="4814433" timestamp="2010-05-26T16:09:52Z" user="Tom_G3X" uid="146930" lat="34.0884830" lon="132.0906430"/>
 <node id="749309464" visible="true" version="2" changeset="120508907" timestamp="2022-05-03T17:18:49Z" user="AYAGE" uid="521665" lat="34.0852587" lon="132.0949395"/>
 <node id="749312603" visible="true" version="2" changeset="120480738" timestamp="2022-05-02T22:25:38Z" user="AYAGE" uid="521665" lat="34.0892656" lon="132.0832226"/>
 <node id="749329603" visible="true" version="3" changeset="120508907" timestamp="2022-05-03T17:18:49Z" user="AYAGE" uid="521665" lat="34.0847935" lon="132.0960224"/>
 <node id="749335190" visible="true" version="2" changeset="120467590" timestamp="2022-05-02T15:53:55Z" user="AYAGE" uid="521665" lat="34.0894783" lon="132.0891195"/>
 <node id="749352512" visible="true" version="2" changeset="120467590" timestamp="2022-05-02T15:53:55Z" user="AYAGE" uid="521665" lat="34.0902970" lon="132.0862148"/>
 <node id="749367355" visible="true" version="2" changeset="120480738" timestamp="2022-05-02T22:25:38Z" user="AYAGE" uid="521665" lat="34.0872692" lon="132.0824715"/>
 <node id="749382749" visible="true" version="2" changeset="120508907" timestamp="2022-05-03T17:18:49Z" user="AYAGE" uid="521665" lat="34.0869911" lon="132.0937550"/>
 <node id="749390450" visible="true" version="1" changeset="4814433" timestamp="2010-05-26T16:36:34Z" user="Tom_G3X" uid="146930" lat="34.0840370" lon="132.0772600"/>
 <node id="749394277" visible="true" version="2" changeset="120442255" timestamp="2022-05-02T04:31:49Z" user="AYAGE" uid="521665" lat="34.0933025" lon="132.0878616"/>
 <node id="749405460" visible="true" version="2" changeset="120480738" timestamp="2022-05-02T22:25:38Z" user="AYAGE" uid="521665" lat="34.0891334" lon="132.0830540"/>
 <node id="749420554" visible="true" version="2" changeset="120480738" timestamp="2022-05-02T22:25:38Z" user="AYAGE" uid="521665" lat="34.0865385" lon="132.0815943"/>
 <node id="749451921" visible="true" version="2" changeset="40534227" timestamp="2016-07-07T05:57:04Z" user="hofoen" uid="52797" lat="34.0881223" lon="132.0931569"/>
 <node id="749465568" visible="true" version="2" changeset="120467590" timestamp="2022-05-02T15:53:55Z" user="AYAGE" uid="521665" lat="34.0915706" lon="132.0853668"/>
 <node id="749492159" visible="true" version="2" changeset="120508907" timestamp="2022-05-03T17:18:49Z" user="AYAGE" uid="521665" lat="34.0844694" lon="132.0972846"/>
 <node id="749504066" visible="true" version="2" changeset="120467590" timestamp="2022-05-02T15:53:55Z" user="AYAGE" uid="521665" lat="34.0891840" lon="132.0899491"/>
 <node id="749549762" visible="true" version="2" changeset="120467590" timestamp="2022-05-02T15:53:55Z" user="AYAGE" uid="521665" lat="34.0882371" lon="132.0910195"/>
 <node id="749566963" visible="true" version="2" changeset="120508907" timestamp="2022-05-03T17:18:49Z" user="AYAGE" uid="521665" lat="34.0850009" lon="132.0952658"/>
 <node id="749570996" visible="true" version="2" changeset="120480738" timestamp="2022-05-02T22:25:38Z" user="AYAGE" uid="521665" lat="34.0896471" lon="132.0843505"/>
 <node id="749572432" visible="true" version="2" changeset="120467590" timestamp="2022-05-02T15:53:55Z" user="AYAGE" uid="521665" lat="34.0902382" lon="132.0883938"/>
 <node id="749620050" visible="true" version="2" changeset="120467590" timestamp="2022-05-02T15:53:55Z" user="AYAGE" uid="521665" lat="34.0904133" lon="132.0876626"/>
 <node id="749634870" visible="true" version="2" changeset="120480738" timestamp="2022-05-02T22:25:38Z" user="AYAGE" uid="521665" lat="34.0886221" lon="132.0828077"/>
 <node id="749648745" visible="true" version="2" changeset="120508907" timestamp="2022-05-03T17:18:49Z" user="AYAGE" uid="521665" lat="34.0866806" lon="132.0938850"/>
 <node id="749661109" visible="true" version="1" changeset="4815008" timestamp="2010-05-26T18:01:46Z" user="Tom_G3X" uid="146930" lat="34.0854060" lon="132.0794990"/>
 <node id="749697778" visible="true" version="3" changeset="120467590" timestamp="2022-05-02T15:53:55Z" user="AYAGE" uid="521665" lat="34.0881513" lon="132.0920260"/>
 <node id="749710714" visible="true" version="2" changeset="120467590" timestamp="2022-05-02T15:53:55Z" user="AYAGE" uid="521665" lat="34.0910705" lon="132.0852369"/>
 <node id="749743519" visible="true" version="2" changeset="40534227" timestamp="2016-07-07T05:57:04Z" user="hofoen" uid="52797" lat="34.0878477" lon="132.0935246"/>
 <node id="749753522" visible="true" version="2" changeset="120649458" timestamp="2022-05-06T22:58:23Z" user="AYAGE" uid="521665" lat="34.0825401" lon="132.0750782"/>
 <node id="749757900" visible="true" version="2" changeset="120467590" timestamp="2022-05-02T15:53:55Z" user="AYAGE" uid="521665" lat="34.0923529" lon="132.0863790"/>
 <node id="749768411" visible="true" version="2" changeset="120508907" timestamp="2022-05-03T17:18:49Z" user="AYAGE" uid="521665" lat="34.0841257" lon="132.0978222"/>
 <node id="749772828" visible="true" version="2" changeset="120467590" timestamp="2022-05-02T15:53:55Z" user="AYAGE" uid="521665" lat="34.0889557" lon="132.0902237"/>
 <node id="749786037" visible="true" version="1" changeset="4815758" timestamp="2010-05-26T18:55:42Z" user="Tom_G3X" uid="146930" lat="34.0855150" lon="132.0947380"/>
 <node id="749788742" visible="true" version="2" changeset="120467590" timestamp="2022-05-02T15:53:55Z" user="AYAGE" uid="521665" lat="34.0904096" lon="132.0879623"/>
 <node id="749798409" visible="true" version="2" changeset="40534227" timestamp="2016-07-07T05:57:04Z" user="hofoen" uid="52797" lat="34.0848069" lon="132.0957914"/>
 <node id="749801006" visible="true" version="2" changeset="120467590" timestamp="2022-05-02T15:53:55Z" user="AYAGE" uid="521665" lat="34.0896116" lon="132.0889534"/>
 <node id="749807573" visible="true" version="1" changeset="4815758" timestamp="2010-05-26T19:06:20Z" user="Tom_G3X" uid="146930" lat="34.0901410" lon="132.0851570"/>
 <node id="749812724" visible="true" version="2" changeset="120480738" timestamp="2022-05-02T22:25:38Z" user="AYAGE" uid="521665" lat="34.0869538" lon="132.0822756"/>
 <node id="749816505" visible="true" version="2" changeset="120508907" timestamp="2022-05-03T17:18:49Z" user="AYAGE" uid="521665" lat="34.0872664" lon="132.0937463"/>
 <node id="749820792" visible="true" version="1" changeset="4815758" timestamp="2010-05-26T19:14:43Z" user="Tom_G3X" uid="146930" lat="34.0836220" lon="132.0765910"/>
 <node id="749824658" visible="true" version="2" changeset="120467590" timestamp="2022-05-02T15:53:55Z" user="AYAGE" uid="521665" lat="34.0931929" lon="132.0877168"/>
 <node id="749840225" visible="true" version="2" changeset="120480738" timestamp="2022-05-02T22:25:38Z" user="AYAGE" uid="521665" lat="34.0889952" lon="132.0829488"/>
 <node id="749848541" visible="true" version="2" changeset="120508907" timestamp="2022-05-03T17:18:49Z" user="AYAGE" uid="521665" lat="34.0861854" lon="132.0942987"/>
 <node id="749857186" visible="true" version="2" changeset="120480738" timestamp="2022-05-02T22:25:38Z" user="AYAGE" uid="521665" lat="34.0862215" lon="132.0808661"/>
 <node id="749883391" visible="true" version="2" changeset="40534227" timestamp="2016-07-07T05:57:04Z" user="hofoen" uid="52797" lat="34.0881816" lon="132.0929275"/>
 <node id="749895134" visible="true" version="2" changeset="120467590" timestamp="2022-05-02T15:53:55Z" user="AYAGE" uid="521665" lat="34.0914251" lon="132.0852828"/>
 <node id="1336438807" visible="true" version="2" changeset="120480738" timestamp="2022-05-02T22:25:38Z" user="AYAGE" uid="521665" lat="34.0888355" lon="132.0831125"/>
 <node id="1336438895" visible="true" version="4" changeset="120649458" timestamp="2022-05-06T22:58:23Z" user="AYAGE" uid="521665" lat="34.0863568" lon="132.0814877"/>
 <node id="1336439237" visible="true" version="2" changeset="120480738" timestamp="2022-05-02T22:25:38Z" user="AYAGE" uid="521665" lat="34.0872300" lon="132.0822041"/>
 <node id="1336439532" visible="true" version="3" changeset="120480738" timestamp="2022-05-02T22:25:38Z" user="AYAGE" uid="521665" lat="34.0896285" lon="132.0846537"/>
 <node id="1336439602" visible="true" version="3" changeset="120508907" timestamp="2022-05-03T17:18:49Z" user="AYAGE" uid="521665" lat="34.0891407" lon="132.0854235"/>
 <node id="1336439605" visible="true" version="2" changeset="120480738" timestamp="2022-05-02T22:25:38Z" user="AYAGE" uid="521665" lat="34.0870842" lon="132.0825016"/>
 <node id="1336439837" visible="true" version="2" changeset="120480738" timestamp="2022-05-02T22:25:38Z" user="AYAGE" uid="521665" lat="34.0885966" lon="132.0826905"/>
 <node id="1336439954" visible="true" version="2" changeset="65660183" timestamp="2018-12-21T06:37:58Z" user="Yamyong21" uid="9235491" lat="34.0904624" lon="132.0842755"/>
 <node id="1336440181" visible="true" version="2" changeset="120480738" timestamp="2022-05-02T22:25:38Z" user="AYAGE" uid="521665" lat="34.0874351" lon="132.0827262"/>
 <node id="1336440470" visible="true" version="2" changeset="120480738" timestamp="2022-05-02T22:25:38Z" user="AYAGE" uid="521665" lat="34.0887732" lon="132.0827237"/>
 <node id="1336440540" visible="true" version="2" changeset="120480738" timestamp="2022-05-02T22:25:38Z" user="AYAGE" uid="521665" lat="34.0894776" lon="132.0833207"/>
 <node id="1336440762" visible="true" version="3" changeset="120595879" timestamp="2022-05-05T15:59:27Z" user="AYAGE" uid="521665" lat="34.0867901" lon="132.0814789"/>
 <node id="1336440804" visible="true" version="3" changeset="120508907" timestamp="2022-05-03T17:18:49Z" user="AYAGE" uid="521665" lat="34.0892316" lon="132.0850215"/>
 <node id="1336441020" visible="true" version="2" changeset="120480738" timestamp="2022-05-02T22:25:38Z" user="AYAGE" uid="521665" lat="34.0889970" lon="132.0832068"/>
 <node id="1336441085" visible="true" version="2" changeset="120480738" timestamp="2022-05-02T22:25:38Z" user="AYAGE" uid="521665" lat="34.0864996" lon="132.0817245"/>
 <node id="1336441359" visible="true" version="2" changeset="120480738" timestamp="2022-05-02T22:25:38Z" user="AYAGE" uid="521665" lat="34.0875974" lon="132.0824295"/>
 <node id="1336441470" visible="true" version="2" changeset="120480738" timestamp="2022-05-02T22:25:38Z" user="AYAGE" uid="521665" lat="34.0895390" lon="132.0825660"/>
 <node id="1336441542" visible="true" version="2" changeset="120480738" timestamp="2022-05-02T22:25:38Z" user="AYAGE" uid="521665" lat="34.0891267" lon="132.0833400"/>
 <node id="1336441612" visible="true" version="2" changeset="120480738" timestamp="2022-05-02T22:25:38Z" user="AYAGE" uid="521665" lat="34.0866513" lon="132.0820995"/>
 <node id="1336441900" visible="true" version="2" changeset="120480738" timestamp="2022-05-02T22:25:38Z" user="AYAGE" uid="521665" lat="34.0878503" lon="132.0825384"/>
 <node id="1336441931" visible="true" version="3" changeset="120508907" timestamp="2022-05-03T17:18:49Z" user="AYAGE" uid="521665" lat="34.0874119" lon="132.0855986"/>
 <node id="1336441965" visible="true" version="2" changeset="120480738" timestamp="2022-05-02T22:25:38Z" user="AYAGE" uid="521665" lat="34.0902371" lon="132.0848327"/>
 <node id="1336442382" visible="true" version="3" changeset="120480738" timestamp="2022-05-02T22:25:38Z" user="AYAGE" uid="521665" lat="34.0892125" lon="132.0814365"/>
 <node id="1336442515" visible="true" version="2" changeset="120480738" timestamp="2022-05-02T22:25:38Z" user="AYAGE" uid="521665" lat="34.0889566" lon="132.0827941"/>
 <node id="1336442642" visible="true" version="1" changeset="8529111" timestamp="2011-06-24T06:23:46Z" user="yamasan" uid="32308" lat="34.0891890" lon="132.0861800"/>
 <node id="1336442726" visible="true" version="2" changeset="120480738" timestamp="2022-05-02T22:25:38Z" user="AYAGE" uid="521665" lat="34.0895720" lon="132.0835776"/>
 <node id="1336443195" visible="true" version="3" changeset="120595879" timestamp="2022-05-05T15:59:27Z" user="AYAGE" uid="521665" lat="34.0868166" lon="132.0816327"/>
 <node id="1336443217" visible="true" version="3" changeset="120480738" timestamp="2022-05-02T22:25:38Z" user="AYAGE" uid="521665" lat="34.0896695" lon="132.0846290"/>
 <node id="1336443388" visible="true" version="2" changeset="120480738" timestamp="2022-05-02T22:25:38Z" user="AYAGE" uid="521665" lat="34.0885266" lon="132.0830397"/>
 <node id="1336443456" visible="true" version="2" changeset="120480738" timestamp="2022-05-02T22:25:38Z" user="AYAGE" uid="521665" lat="34.0897752" lon="132.0842147"/>
 <node id="1336443836" visible="true" version="2" changeset="120480738" timestamp="2022-05-02T22:25:38Z" user="AYAGE" uid="521665" lat="34.0869236" lon="132.0819508"/>
 <node id="1336444017" visible="true" version="2" changeset="120467590" timestamp="2022-05-02T15:53:55Z" user="AYAGE" uid="521665" lat="34.0911480" lon="132.0850521"/>
 <node id="1336444076" visible="true" version="2" changeset="65660183" timestamp="2018-12-21T06:37:58Z" user="Yamyong21" uid="9235491" lat="34.0901351" lon="132.0844234"/>
 <node id="1336444184" visible="true" version="3" changeset="120508907" timestamp="2022-05-03T17:18:49Z" user="AYAGE" uid="521665" lat="34.0892145" lon="132.0834716"/>
 <node id="1336444278" visible="true" version="2" changeset="120480738" timestamp="2022-05-02T22:25:38Z" user="AYAGE" uid="521665" lat="34.0867585" lon="132.0822475"/>
 <node id="1336444542" visible="true" version="2" changeset="120480738" timestamp="2022-05-02T22:25:38Z" user="AYAGE" uid="521665" lat="34.0880824" lon="132.0826079"/>
 <node id="1336444608" visible="true" version="2" changeset="120480738" timestamp="2022-05-02T22:25:38Z" user="AYAGE" uid="521665" lat="34.0904462" lon="132.0849382"/>
 <node id="1336444832" visible="true" version="3" changeset="120508907" timestamp="2022-05-03T17:18:49Z" user="AYAGE" uid="521665" lat="34.0892917" lon="132.0849515"/>
 <node id="1336445128" visible="true" version="2" changeset="120480738" timestamp="2022-05-02T22:25:38Z" user="AYAGE" uid="521665" lat="34.0906591" lon="132.0850094"/>
 <node id="1336445326" visible="true" version="4" changeset="120508907" timestamp="2022-05-03T17:18:49Z" user="AYAGE" uid="521665" lat="34.0893706" lon="132.0848751"/>
 <node id="1336445500" visible="true" version="3" changeset="120508907" timestamp="2022-05-03T17:18:49Z" user="AYAGE" uid="521665" lat="34.0869904" lon="132.0856338"/>
 <node id="1336445502" visible="true" version="2" changeset="65660183" timestamp="2018-12-21T06:37:58Z" user="Yamyong21" uid="9235491" lat="34.0910090" lon="132.0840804"/>
 <node id="1336445561" visible="true" version="2" changeset="120480738" timestamp="2022-05-02T22:25:38Z" user="AYAGE" uid="521665" lat="34.0886874" lon="132.0830639"/>
 <node id="1336445694" visible="true" version="2" changeset="120480738" timestamp="2022-05-02T22:25:38Z" user="AYAGE" uid="521665" lat="34.0898800" lon="132.0843954"/>
 <node id="1336446049" visible="true" version="2" changeset="120480738" timestamp="2022-05-02T22:25:38Z" user="AYAGE" uid="521665" lat="34.0870015" lon="132.0820423"/>
 <node id="1336446161" visible="true" version="3" changeset="120480738" timestamp="2022-05-02T22:25:38Z" user="AYAGE" uid="521665" lat="34.0899679" lon="132.0844881"/>
 <node id="1336446419" visible="true" version="2" changeset="120480738" timestamp="2022-05-02T22:25:38Z" user="AYAGE" uid="521665" lat="34.0880777" lon="132.0829708"/>
 <node id="1336446840" visible="true" version="2" changeset="120480738" timestamp="2022-05-02T22:25:38Z" user="AYAGE" uid="521665" lat="34.0891164" lon="132.0828709"/>
 <node id="1336446975" visible="true" version="2" changeset="120480738" timestamp="2022-05-02T22:25:38Z" user="AYAGE" uid="521665" lat="34.0900343" lon="132.0846130"/>
 <node id="1336448033" visible="true" version="2" changeset="120480738" timestamp="2022-05-02T22:25:38Z" user="AYAGE" uid="521665" lat="34.0908221" lon="132.0850492"/>
 <node id="1336448965" visible="true" version="3" changeset="120467590" timestamp="2022-05-02T15:53:55Z" user="AYAGE" uid="521665" lat="34.0899339" lon="132.0845057"/>
 <node id="1336449198" visible="true" version="2" changeset="120480738" timestamp="2022-05-02T22:25:38Z" user="AYAGE" uid="521665" lat="34.0868796" lon="132.0823672"/>
 <node id="1336449438" visible="true" version="2" changeset="120480738" timestamp="2022-05-02T22:25:38Z" user="AYAGE" uid="521665" lat="34.0883745" lon="132.0826686"/>
 <node id="1336449540" visible="true" version="3" changeset="120508907" timestamp="2022-05-03T17:18:49Z" user="AYAGE" uid="521665" lat="34.0891701" lon="132.0851655"/>
 <node id="1336449723" visible="true" version="2" changeset="120480738" timestamp="2022-05-02T22:25:38Z" user="AYAGE" uid="521665" lat="34.0883397" lon="132.0830178"/>
 <node id="1336449983" visible="true" version="2" changeset="120480738" timestamp="2022-05-02T22:25:38Z" user="AYAGE" uid="521665" lat="34.0892616" lon="132.0830152"/>
 <node id="1336450123" visible="true" version="2" changeset="120480738" timestamp="2022-05-02T22:25:38Z" user="AYAGE" uid="521665" lat="34.0901091" lon="132.0847206"/>
 <node id="1336450309" visible="true" version="2" changeset="108992459" timestamp="2021-08-02T02:56:34Z" user="taketaketake" uid="4757277" lat="34.0936607" lon="132.0893271"/>
 <node id="2955137838" visible="true" version="2" changeset="120480738" timestamp="2022-05-02T22:25:38Z" user="AYAGE" uid="521665" lat="34.0862146" lon="132.0809255"/>
 <node id="2955137839" visible="true" version="2" changeset="120649458" timestamp="2022-05-06T22:58:23Z" user="AYAGE" uid="521665" lat="34.0852459" lon="132.0789411"/>
 <node id="2955137840" visible="true" version="1" changeset="24036120" timestamp="2014-07-08T23:13:24Z" user="ひろときょうたまなかなおや" uid="2000955" lat="34.0849597" lon="132.0954575"/>
 <node id="2955137841" visible="true" version="2" changeset="120480738" timestamp="2022-05-02T22:25:38Z" user="AYAGE" uid="521665" lat="34.0892583" lon="132.0831317"/>
 <node id="2955138040" visible="true" version="3" changeset="120467590" timestamp="2022-05-02T15:53:55Z" user="AYAGE" uid="521665" lat="34.0881007" lon="132.0914610"/>
 <node id="2955138041" visible="true" version="2" changeset="120467590" timestamp="2022-05-02T15:53:55Z" user="AYAGE" uid="521665" lat="34.0918603" lon="132.0856304"/>
 <node id="2955138240" visible="true" version="2" changeset="120480738" timestamp="2022-05-02T22:25:38Z" user="AYAGE" uid="521665" lat="34.0902793" lon="132.0864838"/>
 <node id="2955138241" visible="true" version="2" changeset="120467590" timestamp="2022-05-02T15:53:55Z" user="AYAGE" uid="521665" lat="34.0894385" lon="132.0891203"/>
 <node id="2955138242" visible="true" version="3" changeset="120508907" timestamp="2022-05-03T17:18:49Z" user="AYAGE" uid="521665" lat="34.0876071" lon="132.0936570"/>
 <node id="2955138436" visible="true" version="1" changeset="24036120" timestamp="2014-07-08T23:12:48Z" user="ひろときょうたまなかなおや" uid="2000955" lat="34.0897956" lon="132.0847357"/>
 <node id="2955138437" visible="true" version="2" changeset="120480738" timestamp="2022-05-02T22:25:38Z" user="AYAGE" uid="521665" lat="34.0903563" lon="132.0873568"/>
 <node id="2955138438" visible="true" version="2" changeset="120467590" timestamp="2022-05-02T15:53:55Z" user="AYAGE" uid="521665" lat="34.0902553" lon="132.0882918"/>
 <node id="2955138440" visible="true" version="3" changeset="120508907" timestamp="2022-05-03T17:18:49Z" user="AYAGE" uid="521665" lat="34.0881776" lon="132.0918779"/>
 <node id="2955138637" visible="true" version="2" changeset="120480738" timestamp="2022-05-02T22:25:38Z" user="AYAGE" uid="521665" lat="34.0888056" lon="132.0829844"/>
 <node id="2955138638" visible="true" version="2" changeset="120480738" timestamp="2022-05-02T22:25:38Z" user="AYAGE" uid="521665" lat="34.0862784" lon="132.0808180"/>
 <node id="2955138639" visible="true" version="2" changeset="120649458" timestamp="2022-05-06T22:58:23Z" user="AYAGE" uid="521665" lat="34.0847683" lon="132.0782948"/>
 <node id="2955138838" visible="true" version="2" changeset="120649458" timestamp="2022-05-06T22:58:23Z" user="AYAGE" uid="521665" lat="34.0856215" lon="132.0799315"/>
 <node id="2955138839" visible="true" version="2" changeset="120480738" timestamp="2022-05-02T22:25:38Z" user="AYAGE" uid="521665" lat="34.0900455" lon="132.0851388"/>
 <node id="2955138840" visible="true" version="2" changeset="120480738" timestamp="2022-05-02T22:25:38Z" user="AYAGE" uid="521665" lat="34.0901760" lon="132.0855857"/>
 <node id="2955138841" visible="true" version="2" changeset="120508907" timestamp="2022-05-03T17:18:49Z" user="AYAGE" uid="521665" lat="34.0847552" lon="132.0968132"/>
 <node id="2955138842" visible="true" version="2" changeset="120467590" timestamp="2022-05-02T15:53:55Z" user="AYAGE" uid="521665" lat="34.0916654" lon="132.0855717"/>
 <node id="2955138843" visible="true" version="1" changeset="24036120" timestamp="2014-07-08T23:13:51Z" user="ひろときょうたまなかなおや" uid="2000955" lat="34.0933552" lon="132.0879843"/>
 <node id="2955138945" visible="true" version="2" changeset="120480738" timestamp="2022-05-02T22:25:38Z" user="AYAGE" uid="521665" lat="34.0870127" lon="132.0823697"/>
 <node id="2955138946" visible="true" version="2" changeset="120467590" timestamp="2022-05-02T15:53:55Z" user="AYAGE" uid="521665" lat="34.0890484" lon="132.0900868"/>
 <node id="2955138947" visible="true" version="3" changeset="120508907" timestamp="2022-05-03T17:18:49Z" user="AYAGE" uid="521665" lat="34.0881108" lon="132.0932225"/>
 <node id="2955138948" visible="true" version="2" changeset="120467590" timestamp="2022-05-02T15:53:55Z" user="AYAGE" uid="521665" lat="34.0904012" lon="132.0881655"/>
 <node id="2955138949" visible="true" version="2" changeset="120442255" timestamp="2022-05-02T04:31:49Z" user="AYAGE" uid="521665" lat="34.0935801" lon="132.0881654"/>
 <node id="2955139136" visible="true" version="2" changeset="120480738" timestamp="2022-05-02T22:25:38Z" user="AYAGE" uid="521665" lat="34.0888090" lon="132.0828005"/>
 <node id="2955139137" visible="true" version="2" changeset="120480738" timestamp="2022-05-02T22:25:38Z" user="AYAGE" uid="521665" lat="34.0869160" lon="132.0821790"/>
 <node id="2955139138" visible="true" version="2" changeset="120442255" timestamp="2022-05-02T04:31:49Z" user="AYAGE" uid="521665" lat="34.0943206" lon="132.0886585"/>
 <node id="2955141842" visible="true" version="2" changeset="120480738" timestamp="2022-05-02T22:25:38Z" user="AYAGE" uid="521665" lat="34.0866195" lon="132.0819182"/>
 <node id="2955142039" visible="true" version="2" changeset="120480738" timestamp="2022-05-02T22:25:38Z" user="AYAGE" uid="521665" lat="34.0890115" lon="132.0830702"/>
 <node id="2955142040" visible="true" version="3" changeset="120508907" timestamp="2022-05-03T17:18:49Z" user="AYAGE" uid="521665" lat="34.0847541" lon="132.0958055"/>
 <node id="2955142140" visible="true" version="3" changeset="120508907" timestamp="2022-05-03T17:18:49Z" user="AYAGE" uid="521665" lat="34.0877873" lon="132.0935426"/>
 <node id="2955142142" visible="true" version="2" changeset="120467590" timestamp="2022-05-02T15:53:55Z" user="AYAGE" uid="521665" lat="34.0905135" lon="132.0852804"/>
 <node id="2955142143" visible="true" version="2" changeset="120467590" timestamp="2022-05-02T15:53:55Z" user="AYAGE" uid="521665" lat="34.0913547" lon="132.0853685"/>
 <node id="2955142144" visible="true" version="2" changeset="120442255" timestamp="2022-05-02T04:31:49Z" user="AYAGE" uid="521665" lat="34.0944403" lon="132.0889930"/>
 <node id="2955142145" visible="true" version="3" changeset="120480738" timestamp="2022-05-02T22:25:38Z" user="AYAGE" uid="521665" lat="34.0898967" lon="132.0846648"/>
 <node id="2955142944" visible="true" version="2" changeset="120508907" timestamp="2022-05-03T17:18:49Z" user="AYAGE" uid="521665" lat="34.0869865" lon="132.0937022"/>
 <node id="2955168134" visible="true" version="2" changeset="120467590" timestamp="2022-05-02T15:53:55Z" user="AYAGE" uid="521665" lat="34.0899841" lon="132.0886851"/>
 <node id="2955168235" visible="true" version="2" changeset="120467590" timestamp="2022-05-02T15:53:55Z" user="AYAGE" uid="521665" lat="34.0901342" lon="132.0885443"/>
 <node id="2955168236" visible="true" version="2" changeset="120467590" timestamp="2022-05-02T15:53:55Z" user="AYAGE" uid="521665" lat="34.0902544" lon="132.0853242"/>
 <node id="2955168336" visible="true" version="1" changeset="24036120" timestamp="2014-07-08T23:13:49Z" user="ひろときょうたまなかなおや" uid="2000955" lat="34.0921789" lon="132.0862232"/>
 <node id="2955168337" visible="true" version="2" changeset="120442255" timestamp="2022-05-02T04:31:49Z" user="AYAGE" uid="521665" lat="34.0936195" lon="132.0880720"/>
 <node id="2955168338" visible="true" version="2" changeset="120467590" timestamp="2022-05-02T15:53:55Z" user="AYAGE" uid="521665" lat="34.0929297" lon="132.0871072"/>
 <node id="2955168339" visible="true" version="2" changeset="120467590" timestamp="2022-05-02T15:53:55Z" user="AYAGE" uid="521665" lat="34.0902729" lon="132.0850286"/>
 <node id="2955168437" visible="true" version="2" changeset="120467590" timestamp="2022-05-02T15:53:55Z" user="AYAGE" uid="521665" lat="34.0892375" lon="132.0897363"/>
 <node id="2955168438" visible="true" version="2" changeset="120508907" timestamp="2022-05-03T17:18:49Z" user="AYAGE" uid="521665" lat="34.0847941" lon="132.0966888"/>
 <node id="2955168439" visible="true" version="2" changeset="120508907" timestamp="2022-05-03T17:18:49Z" user="AYAGE" uid="521665" lat="34.0850580" lon="132.0952242"/>
 <node id="2955168440" visible="true" version="2" changeset="120508907" timestamp="2022-05-03T17:18:49Z" user="AYAGE" uid="521665" lat="34.0861045" lon="132.0943885"/>
 <node id="2955168441" visible="true" version="2" changeset="120508907" timestamp="2022-05-03T17:18:49Z" user="AYAGE" uid="521665" lat="34.0866363" lon="132.0939698"/>
 <node id="2955168442" visible="true" version="1" changeset="24036120" timestamp="2014-07-08T23:13:39Z" user="ひろときょうたまなかなおや" uid="2000955" lat="34.0896649" lon="132.0889424"/>
 <node id="2955168443" visible="true" version="2" changeset="120467590" timestamp="2022-05-02T15:53:55Z" user="AYAGE" uid="521665" lat="34.0913990" lon="132.0851883"/>
 <node id="2955168444" visible="true" version="2" changeset="120467590" timestamp="2022-05-02T15:53:55Z" user="AYAGE" uid="521665" lat="34.0909954" lon="132.0851298"/>
 <node id="2955168537" visible="true" version="2" changeset="40534227" timestamp="2016-07-07T05:57:03Z" user="hofoen" uid="52797" lat="34.0881616" lon="132.0927002"/>
 <node id="2955168538" visible="true" version="3" changeset="120508907" timestamp="2022-05-03T17:18:49Z" user="AYAGE" uid="521665" lat="34.0848328" lon="132.0959388"/>
 <node id="2955168539" visible="true" version="3" changeset="120508907" timestamp="2022-05-03T17:18:49Z" user="AYAGE" uid="521665" lat="34.0882320" lon="132.0927865"/>
 <node id="2955168540" visible="true" version="3" changeset="120508907" timestamp="2022-05-03T17:18:49Z" user="AYAGE" uid="521665" lat="34.0881687" lon="132.0915099"/>
 <node id="2955168541" visible="true" version="2" changeset="120467590" timestamp="2022-05-02T15:53:55Z" user="AYAGE" uid="521665" lat="34.0903997" lon="132.0870042"/>
 <node id="2955168635" visible="true" version="2" changeset="120467590" timestamp="2022-05-02T15:53:55Z" user="AYAGE" uid="521665" lat="34.0901757" lon="132.0884112"/>
 <node id="2955168636" visible="true" version="2" changeset="40534227" timestamp="2016-07-07T05:57:03Z" user="hofoen" uid="52797" lat="34.0880993" lon="132.0919146"/>
 <node id="2955168637" visible="true" version="2" changeset="120508907" timestamp="2022-05-03T17:18:49Z" user="AYAGE" uid="521665" lat="34.0866702" lon="132.0938530"/>
 <node id="2955168638" visible="true" version="3" changeset="120508907" timestamp="2022-05-03T17:18:49Z" user="AYAGE" uid="521665" lat="34.0847441" lon="132.0960239"/>
 <node id="2955168734" visible="true" version="2" changeset="120649458" timestamp="2022-05-06T22:58:23Z" user="AYAGE" uid="521665" lat="34.0839578" lon="132.0769247"/>
 <node id="2955168735" visible="true" version="2" changeset="120467590" timestamp="2022-05-02T15:53:55Z" user="AYAGE" uid="521665" lat="34.0882094" lon="132.0909885"/>
 <node id="2955168736" visible="true" version="2" changeset="120508907" timestamp="2022-05-03T17:18:49Z" user="AYAGE" uid="521665" lat="34.0859942" lon="132.0943771"/>
 <node id="2955168737" visible="true" version="2" changeset="120508907" timestamp="2022-05-03T17:18:49Z" user="AYAGE" uid="521665" lat="34.0848109" lon="132.0956128"/>
 <node id="2955168836" visible="true" version="2" changeset="120467590" timestamp="2022-05-02T15:53:55Z" user="AYAGE" uid="521665" lat="34.0902703" lon="132.0855010"/>
 <node id="2955168933" visible="true" version="3" changeset="120649458" timestamp="2022-05-06T22:58:23Z" user="AYAGE" uid="521665" lat="34.0838150" lon="132.0770340"/>
 <node id="2955168937" visible="true" version="2" changeset="120480738" timestamp="2022-05-02T22:25:38Z" user="AYAGE" uid="521665" lat="34.0891559" lon="132.0832645"/>
 <node id="2955168938" visible="true" version="2" changeset="120508907" timestamp="2022-05-03T17:18:49Z" user="AYAGE" uid="521665" lat="34.0841134" lon="132.0978742"/>
 <node id="2955168939" visible="true" version="2" changeset="120467590" timestamp="2022-05-02T15:53:55Z" user="AYAGE" uid="521665" lat="34.0923842" lon="132.0863327"/>
 <node id="2955169034" visible="true" version="2" changeset="120508907" timestamp="2022-05-03T17:18:49Z" user="AYAGE" uid="521665" lat="34.0882676" lon="132.0910690"/>
 <node id="2955169035" visible="true" version="2" changeset="120467590" timestamp="2022-05-02T15:53:55Z" user="AYAGE" uid="521665" lat="34.0884000" lon="132.0908309"/>
 <node id="2955169134" visible="true" version="2" changeset="120508907" timestamp="2022-05-03T17:18:49Z" user="AYAGE" uid="521665" lat="34.0846185" lon="132.0971395"/>
 <node id="2955169135" visible="true" version="2" changeset="120467590" timestamp="2022-05-02T15:53:55Z" user="AYAGE" uid="521665" lat="34.0894100" lon="132.0893706"/>
 <node id="2955169136" visible="true" version="2" changeset="120442255" timestamp="2022-05-02T04:31:49Z" user="AYAGE" uid="521665" lat="34.0940336" lon="132.0885102"/>
 <node id="2955169137" visible="true" version="2" changeset="120442255" timestamp="2022-05-02T04:31:49Z" user="AYAGE" uid="521665" lat="34.0946107" lon="132.0892843"/>
 <node id="2955169138" visible="true" version="2" changeset="120442255" timestamp="2022-05-02T04:31:49Z" user="AYAGE" uid="521665" lat="34.0946749" lon="132.0892120"/>
 <node id="2955169235" visible="true" version="2" changeset="120480738" timestamp="2022-05-02T22:25:38Z" user="AYAGE" uid="521665" lat="34.0874548" lon="132.0825363"/>
 <node id="2955169238" visible="true" version="2" changeset="120467590" timestamp="2022-05-02T15:53:55Z" user="AYAGE" uid="521665" lat="34.0903479" lon="132.0862549"/>
 <node id="2955169239" visible="true" version="1" changeset="24036120" timestamp="2014-07-08T23:13:50Z" user="ひろときょうたまなかなおや" uid="2000955" lat="34.0930444" lon="132.0875514"/>
 <node id="2955169334" visible="true" version="1" changeset="24036092" timestamp="2014-07-08T23:09:15Z" user="ひろときょうたまなかなおや" uid="2000955" lat="34.0840629" lon="132.0774175"/>
 <node id="2955169335" visible="true" version="2" changeset="120649458" timestamp="2022-05-06T22:58:23Z" user="AYAGE" uid="521665" lat="34.0842412" lon="132.0777868"/>
 <node id="2955169336" visible="true" version="2" changeset="120480738" timestamp="2022-05-02T22:25:38Z" user="AYAGE" uid="521665" lat="34.0882395" lon="132.0827035"/>
 <node id="2955169337" visible="true" version="2" changeset="120649458" timestamp="2022-05-06T22:58:23Z" user="AYAGE" uid="521665" lat="34.0841546" lon="132.0772516"/>
 <node id="2955169338" visible="true" version="2" changeset="120467590" timestamp="2022-05-02T15:53:55Z" user="AYAGE" uid="521665" lat="34.0903483" lon="132.0880759"/>
 <node id="2955169339" visible="true" version="2" changeset="120467590" timestamp="2022-05-02T15:53:55Z" user="AYAGE" uid="521665" lat="34.0931527" lon="132.0875450"/>
 <node id="2955169435" visible="true" version="2" changeset="120480738" timestamp="2022-05-02T22:25:38Z" user="AYAGE" uid="521665" lat="34.0865958" lon="132.0816293"/>
 <node id="2955169436" visible="true" version="2" changeset="120508907" timestamp="2022-05-03T17:18:49Z" user="AYAGE" uid="521665" lat="34.0848659" lon="132.0967013"/>
 <node id="2955169437" visible="true" version="2" changeset="120467590" timestamp="2022-05-02T15:53:55Z" user="AYAGE" uid="521665" lat="34.0912589" lon="132.0851434"/>
 <node id="2955169438" visible="true" version="2" changeset="120480738" timestamp="2022-05-02T22:25:38Z" user="AYAGE" uid="521665" lat="34.0894276" lon="132.0836689"/>
 <node id="2955169534" visible="true" version="2" changeset="120480738" timestamp="2022-05-02T22:25:38Z" user="AYAGE" uid="521665" lat="34.0885921" lon="132.0829248"/>
 <node id="2955169535" visible="true" version="2" changeset="120480738" timestamp="2022-05-02T22:25:38Z" user="AYAGE" uid="521665" lat="34.0893317" lon="132.0836777"/>
 <node id="2955169537" visible="true" version="2" changeset="120508907" timestamp="2022-05-03T17:18:49Z" user="AYAGE" uid="521665" lat="34.0874947" lon="132.0937669"/>
 <node id="2955169538" visible="true" version="3" changeset="120508907" timestamp="2022-05-03T17:18:49Z" user="AYAGE" uid="521665" lat="34.0879784" lon="132.0934350"/>
 <node id="2955169539" visible="true" version="3" changeset="120467590" timestamp="2022-05-02T15:53:55Z" user="AYAGE" uid="521665" lat="34.0932715" lon="132.0877451"/>
 <node id="2955169540" visible="true" version="2" changeset="120467590" timestamp="2022-05-02T15:53:55Z" user="AYAGE" uid="521665" lat="34.0900942" lon="132.0849292"/>
 <node id="2955169633" visible="true" version="2" changeset="120649458" timestamp="2022-05-06T22:58:23Z" user="AYAGE" uid="521665" lat="34.0850081" lon="132.0789615"/>
 <node id="2955169634" visible="true" version="2" changeset="120649458" timestamp="2022-05-06T22:58:23Z" user="AYAGE" uid="521665" lat="34.0860145" lon="132.0803715"/>
 <node id="2955169635" visible="true" version="1" changeset="24036120" timestamp="2014-07-08T23:13:49Z" user="ひろときょうたまなかなおや" uid="2000955" lat="34.0926564" lon="132.0868992"/>
 <node id="2955169636" visible="true" version="2" changeset="120480738" timestamp="2022-05-02T22:25:38Z" user="AYAGE" uid="521665" lat="34.0889976" lon="132.0828751"/>
 <node id="2955169833" visible="true" version="2" changeset="120480738" timestamp="2022-05-02T22:25:38Z" user="AYAGE" uid="521665" lat="34.0876099" lon="132.0827201"/>
 <node id="2955169834" visible="true" version="2" changeset="120467590" timestamp="2022-05-02T15:53:55Z" user="AYAGE" uid="521665" lat="34.0884900" lon="132.0905702"/>
 <node id="2955169835" visible="true" version="2" changeset="120467590" timestamp="2022-05-02T15:53:55Z" user="AYAGE" uid="521665" lat="34.0886920" lon="132.0904840"/>
 <node id="2955169836" visible="true" version="1" changeset="24036120" timestamp="2014-07-08T23:13:36Z" user="ひろときょうたまなかなおや" uid="2000955" lat="34.0892880" lon="132.0898180"/>
 <node id="3143215129" visible="true" version="2" changeset="120480738" timestamp="2022-05-02T22:25:38Z" user="AYAGE" uid="521665" lat="34.0914981" lon="132.0835618"/>
 <node id="3143215130" visible="true" version="2" changeset="120480738" timestamp="2022-05-02T22:25:38Z" user="AYAGE" uid="521665" lat="34.0904111" lon="132.0823974"/>
 <node id="3143215230" visible="true" version="2" changeset="120480738" timestamp="2022-05-02T22:25:38Z" user="AYAGE" uid="521665" lat="34.0898335" lon="132.0833454"/>
 <node id="3143215429" visible="true" version="2" changeset="120480738" timestamp="2022-05-02T22:25:38Z" user="AYAGE" uid="521665" lat="34.0911714" lon="132.0839385"/>
 <node id="3143215430" visible="true" version="2" changeset="120480738" timestamp="2022-05-02T22:25:38Z" user="AYAGE" uid="521665" lat="34.0908465" lon="132.0841233"/>
 <node id="3143215431" visible="true" version="2" changeset="120480738" timestamp="2022-05-02T22:25:38Z" user="AYAGE" uid="521665" lat="34.0899306" lon="132.0838720"/>
 <node id="3143215629" visible="true" version="2" changeset="120480738" timestamp="2022-05-02T22:25:38Z" user="AYAGE" uid="521665" lat="34.0901600" lon="132.0843541"/>
 <node id="3143215729" visible="true" version="2" changeset="120480738" timestamp="2022-05-02T22:25:38Z" user="AYAGE" uid="521665" lat="34.0900058" lon="132.0838378"/>
 <node id="3143215829" visible="true" version="2" changeset="120480738" timestamp="2022-05-02T22:25:38Z" user="AYAGE" uid="521665" lat="34.0911966" lon="132.0832470"/>
 <node id="3143216029" visible="true" version="2" changeset="120480738" timestamp="2022-05-02T22:25:38Z" user="AYAGE" uid="521665" lat="34.0904678" lon="132.0832642"/>
 <node id="3143216030" visible="true" version="2" changeset="120480738" timestamp="2022-05-02T22:25:38Z" user="AYAGE" uid="521665" lat="34.0895760" lon="132.0834542"/>
 <node id="3143216129" visible="true" version="2" changeset="120480738" timestamp="2022-05-02T22:25:38Z" user="AYAGE" uid="521665" lat="34.0895384" lon="132.0824569"/>
 <node id="3143216229" visible="true" version="2" changeset="120480738" timestamp="2022-05-02T22:25:38Z" user="AYAGE" uid="521665" lat="34.0897274" lon="132.0839559"/>
 <node id="4287125483" visible="true" version="2" changeset="120508907" timestamp="2022-05-03T17:18:49Z" user="AYAGE" uid="521665" lat="34.0848353" lon="132.0961636"/>
 <node id="4287125487" visible="true" version="2" changeset="120508907" timestamp="2022-05-03T17:18:49Z" user="AYAGE" uid="521665" lat="34.0876644" lon="132.0937039"/>
 <node id="4287125488" visible="true" version="2" changeset="120508907" timestamp="2022-05-03T17:18:49Z" user="AYAGE" uid="521665" lat="34.0878140" lon="132.0936109"/>
 <node id="4287125892" visible="true" version="1" changeset="40534227" timestamp="2016-07-07T05:56:59Z" user="hofoen" uid="52797" lat="34.0879836" lon="132.0933043"/>
 <node id="4287125893" visible="true" version="1" changeset="40534227" timestamp="2016-07-07T05:56:59Z" user="hofoen" uid="52797" lat="34.0880822" lon="132.0931348"/>
 <node id="4287125894" visible="true" version="1" changeset="40534227" timestamp="2016-07-07T05:56:59Z" user="hofoen" uid="52797" lat="34.0881195" lon="132.0922207"/>
 <node id="4287125895" visible="true" version="1" changeset="40534227" timestamp="2016-07-07T05:56:59Z" user="hofoen" uid="52797" lat="34.0881434" lon="132.0929166"/>
 <node id="4287125896" visible="true" version="2" changeset="120508907" timestamp="2022-05-03T17:18:49Z" user="AYAGE" uid="521665" lat="34.0881994" lon="132.0929911"/>
 <node id="4287125897" visible="true" version="2" changeset="120508907" timestamp="2022-05-03T17:18:49Z" user="AYAGE" uid="521665" lat="34.0882065" lon="132.0923510"/>
 <node id="9708427258" visible="true" version="1" changeset="120442255" timestamp="2022-05-02T04:31:49Z" user="AYAGE" uid="521665" lat="34.0934150" lon="132.0879029"/>
 <node id="9708427259" visible="true" version="1" changeset="120442255" timestamp="2022-05-02T04:31:49Z" user="AYAGE" uid="521665" lat="34.0937915" lon="132.0883213"/>
 <node id="9708427260" visible="true" version="1" changeset="120442255" timestamp="2022-05-02T04:31:49Z" user="AYAGE" uid="521665" lat="34.0942235" lon="132.0887277"/>
 <node id="9708427261" visible="true" version="1" changeset="120442255" timestamp="2022-05-02T04:31:49Z" user="AYAGE" uid="521665" lat="34.0938170" lon="132.0882408"/>
 <node id="9708427262" visible="true" version="1" changeset="120442255" timestamp="2022-05-02T04:31:49Z" user="AYAGE" uid="521665" lat="34.0941213" lon="132.0884567"/>
 <node id="9708427263" visible="true" version="1" changeset="120442255" timestamp="2022-05-02T04:31:49Z" user="AYAGE" uid="521665" lat="34.0944989" lon="132.0889100"/>
 <node id="9709482048" visible="true" version="1" changeset="120467590" timestamp="2022-05-02T15:53:55Z" user="AYAGE" uid="521665" lat="34.0881406" lon="132.0912047"/>
 <node id="9709482049" visible="true" version="1" changeset="120467590" timestamp="2022-05-02T15:53:55Z" user="AYAGE" uid="521665" lat="34.0883494" lon="132.0907420"/>
 <node id="9709482050" visible="true" version="1" changeset="120467590" timestamp="2022-05-02T15:53:55Z" user="AYAGE" uid="521665" lat="34.0886615" lon="132.0904094"/>
 <node id="9709482051" visible="true" version="1" changeset="120467590" timestamp="2022-05-02T15:53:55Z" user="AYAGE" uid="521665" lat="34.0891435" lon="132.0899628"/>
 <node id="9709482052" visible="true" version="1" changeset="120467590" timestamp="2022-05-02T15:53:55Z" user="AYAGE" uid="521665" lat="34.0885326" lon="132.0906401"/>
 <node id="9709482053" visible="true" version="1" changeset="120467590" timestamp="2022-05-02T15:53:55Z" user="AYAGE" uid="521665" lat="34.0890669" lon="132.0901908"/>
 <node id="9709482054" visible="true" version="1" changeset="120467590" timestamp="2022-05-02T15:53:55Z" user="AYAGE" uid="521665" lat="34.0891979" lon="132.0900245"/>
 <node id="9709482055" visible="true" version="1" changeset="120467590" timestamp="2022-05-02T15:53:55Z" user="AYAGE" uid="521665" lat="34.0895089" lon="132.0891434"/>
 <node id="9709482056" visible="true" version="1" changeset="120467590" timestamp="2022-05-02T15:53:55Z" user="AYAGE" uid="521665" lat="34.0893368" lon="132.0893580"/>
 <node id="9709482057" visible="true" version="1" changeset="120467590" timestamp="2022-05-02T15:53:55Z" user="AYAGE" uid="521665" lat="34.0895389" lon="132.0889717"/>
 <node id="9709482058" visible="true" version="1" changeset="120467590" timestamp="2022-05-02T15:53:55Z" user="AYAGE" uid="521665" lat="34.0897421" lon="132.0887732"/>
 <node id="9709482059" visible="true" version="1" changeset="120467590" timestamp="2022-05-02T15:53:55Z" user="AYAGE" uid="521665" lat="34.0903808" lon="132.0878492"/>
 <node id="9709482060" visible="true" version="1" changeset="120467590" timestamp="2022-05-02T15:53:55Z" user="AYAGE" uid="521665" lat="34.0903330" lon="132.0883293"/>
 <node id="9709482061" visible="true" version="1" changeset="120467590" timestamp="2022-05-02T15:53:55Z" user="AYAGE" uid="521665" lat="34.0904441" lon="132.0879458"/>
 <node id="9709482062" visible="true" version="1" changeset="120467590" timestamp="2022-05-02T15:53:55Z" user="AYAGE" uid="521665" lat="34.0904530" lon="132.0876883"/>
 <node id="9709482063" visible="true" version="1" changeset="120467590" timestamp="2022-05-02T15:53:55Z" user="AYAGE" uid="521665" lat="34.0903319" lon="132.0866396"/>
 <node id="9709482064" visible="true" version="1" changeset="120467590" timestamp="2022-05-02T15:53:55Z" user="AYAGE" uid="521665" lat="34.0903197" lon="132.0859087"/>
 <node id="9709482065" visible="true" version="1" changeset="120467590" timestamp="2022-05-02T15:53:55Z" user="AYAGE" uid="521665" lat="34.0903075" lon="132.0852797"/>
 <node id="9709482066" visible="true" version="1" changeset="120467590" timestamp="2022-05-02T15:53:55Z" user="AYAGE" uid="521665" lat="34.0899143" lon="132.0848519"/>
 <node id="9709482067" visible="true" version="1" changeset="120467590" timestamp="2022-05-02T15:53:55Z" user="AYAGE" uid="521665" lat="34.0905007" lon="132.0851026"/>
 <node id="9709482068" visible="true" version="1" changeset="120467590" timestamp="2022-05-02T15:53:55Z" user="AYAGE" uid="521665" lat="34.0907795" lon="132.0851563"/>
 <node id="9709482069" visible="true" version="1" changeset="120467590" timestamp="2022-05-02T15:53:55Z" user="AYAGE" uid="521665" lat="34.0915958" lon="132.0852958"/>
 <node id="9709482070" visible="true" version="1" changeset="120467590" timestamp="2022-05-02T15:53:55Z" user="AYAGE" uid="521665" lat="34.0917035" lon="132.0853910"/>
 <node id="9709482075" visible="true" version="1" changeset="120467590" timestamp="2022-05-02T15:53:55Z" user="AYAGE" uid="521665" lat="34.0914992" lon="132.0854352"/>
 <node id="9709482076" visible="true" version="1" changeset="120467590" timestamp="2022-05-02T15:53:55Z" user="AYAGE" uid="521665" lat="34.0918090" lon="132.0857196"/>
 <node id="9709482077" visible="true" version="1" changeset="120467590" timestamp="2022-05-02T15:53:55Z" user="AYAGE" uid="521665" lat="34.0921217" lon="132.0859811"/>
 <node id="9709482078" visible="true" version="1" changeset="120467590" timestamp="2022-05-02T15:53:55Z" user="AYAGE" uid="521665" lat="34.0925893" lon="132.0865772"/>
 <node id="9709482079" visible="true" version="1" changeset="120467590" timestamp="2022-05-02T15:53:55Z" user="AYAGE" uid="521665" lat="34.0924732" lon="132.0866147"/>
 <node id="9709482081" visible="true" version="1" changeset="120467590" timestamp="2022-05-02T15:53:55Z" user="AYAGE" uid="521665" lat="34.0927331" lon="132.0867730"/>
 <node id="9709482082" visible="true" version="1" changeset="120467590" timestamp="2022-05-02T15:53:55Z" user="AYAGE" uid="521665" lat="34.0931873" lon="132.0877895"/>
 <node id="9710247636" visible="true" version="1" changeset="120480738" timestamp="2022-05-02T22:25:38Z" user="AYAGE" uid="521665" lat="34.0910927" lon="132.0840190"/>
 <node id="9710247637" visible="true" version="1" changeset="120480738" timestamp="2022-05-02T22:25:38Z" user="AYAGE" uid="521665" lat="34.0910072" lon="132.0840599"/>
 <node id="9710247640" visible="true" version="1" changeset="120480738" timestamp="2022-05-02T22:25:38Z" user="AYAGE" uid="521665" lat="34.0892157" lon="132.0815380"/>
 <node id="9710247641" visible="true" version="1" changeset="120480738" timestamp="2022-05-02T22:25:38Z" user="AYAGE" uid="521665" lat="34.0897355" lon="132.0831701"/>
 <node id="9710247642" visible="true" version="1" changeset="120480738" timestamp="2022-05-02T22:25:38Z" user="AYAGE" uid="521665" lat="34.0899376" lon="132.0837857"/>
 <node id="9710247643" visible="true" version="1" changeset="120480738" timestamp="2022-05-02T22:25:38Z" user="AYAGE" uid="521665" lat="34.0904385" lon="132.0826873"/>
 <node id="9710247644" visible="true" version="1" changeset="120480738" timestamp="2022-05-02T22:25:38Z" user="AYAGE" uid="521665" lat="34.0904574" lon="132.0830843"/>
 <node id="9710247645" visible="true" version="1" changeset="120480738" timestamp="2022-05-02T22:25:38Z" user="AYAGE" uid="521665" lat="34.0912454" lon="132.0832580"/>
 <node id="9710247646" visible="true" version="1" changeset="120480738" timestamp="2022-05-02T22:25:38Z" user="AYAGE" uid="521665" lat="34.0914753" lon="132.0835148"/>
 <node id="9710247647" visible="true" version="1" changeset="120480738" timestamp="2022-05-02T22:25:38Z" user="AYAGE" uid="521665" lat="34.0893790" lon="132.0831513"/>
 <node id="9710247648" visible="true" version="2" changeset="120508907" timestamp="2022-05-03T17:18:49Z" user="AYAGE" uid="521665" lat="34.0895239" lon="132.0844167"/>
 <node id="9710247649" visible="true" version="1" changeset="120480738" timestamp="2022-05-02T22:25:38Z" user="AYAGE" uid="521665" lat="34.0864557" lon="132.0811772"/>
 <node id="9710247650" visible="true" version="1" changeset="120480738" timestamp="2022-05-02T22:25:38Z" user="AYAGE" uid="521665" lat="34.0867544" lon="132.0819645"/>
 <node id="9710247651" visible="true" version="1" changeset="120480738" timestamp="2022-05-02T22:25:38Z" user="AYAGE" uid="521665" lat="34.0871754" lon="132.0823655"/>
 <node id="9710247652" visible="true" version="1" changeset="120480738" timestamp="2022-05-02T22:25:38Z" user="AYAGE" uid="521665" lat="34.0878296" lon="132.0827249"/>
 <node id="9710247653" visible="true" version="1" changeset="120480738" timestamp="2022-05-02T22:25:38Z" user="AYAGE" uid="521665" lat="34.0880862" lon="132.0827624"/>
 <node id="9710247654" visible="true" version="1" changeset="120480738" timestamp="2022-05-02T22:25:38Z" user="AYAGE" uid="521665" lat="34.0863813" lon="132.0811893"/>
 <node id="9710247655" visible="true" version="1" changeset="120480738" timestamp="2022-05-02T22:25:38Z" user="AYAGE" uid="521665" lat="34.0879118" lon="132.0827731"/>
 <node id="9710247656" visible="true" version="1" changeset="120480738" timestamp="2022-05-02T22:25:38Z" user="AYAGE" uid="521665" lat="34.0863346" lon="132.0811799"/>
 <node id="9710247657" visible="true" version="1" changeset="120480738" timestamp="2022-05-02T22:25:38Z" user="AYAGE" uid="521665" lat="34.0864890" lon="132.0815836"/>
 <node id="9710247658" visible="true" version="1" changeset="120480738" timestamp="2022-05-02T22:25:38Z" user="AYAGE" uid="521665" lat="34.0867767" lon="132.0821844"/>
 <node id="9710247659" visible="true" version="1" changeset="120480738" timestamp="2022-05-02T22:25:38Z" user="AYAGE" uid="521665" lat="34.0873087" lon="132.0825680"/>
 <node id="9710247660" visible="true" version="1" changeset="120480738" timestamp="2022-05-02T22:25:38Z" user="AYAGE" uid="521665" lat="34.0876597" lon="132.0826860"/>
 <node id="9710247661" visible="true" version="1" changeset="120480738" timestamp="2022-05-02T22:25:38Z" user="AYAGE" uid="521665" lat="34.0885804" lon="132.0827571"/>
 <node id="9710247662" visible="true" version="1" changeset="120480738" timestamp="2022-05-02T22:25:38Z" user="AYAGE" uid="521665" lat="34.0891457" lon="132.0829864"/>
 <node id="9710247663" visible="true" version="1" changeset="120480738" timestamp="2022-05-02T22:25:38Z" user="AYAGE" uid="521665" lat="34.0893556" lon="132.0833579"/>
 <node id="9710247664" visible="true" version="1" changeset="120480738" timestamp="2022-05-02T22:25:38Z" user="AYAGE" uid="521665" lat="34.0891268" lon="132.0831661"/>
 <node id="9710247665" visible="true" version="1" changeset="120480738" timestamp="2022-05-02T22:25:38Z" user="AYAGE" uid="521665" lat="34.0882805" lon="132.0829099"/>
 <node id="9710247666" visible="true" version="1" changeset="120480738" timestamp="2022-05-02T22:25:38Z" user="AYAGE" uid="521665" lat="34.0879595" lon="132.0828550"/>
 <node id="9710247667" visible="true" version="1" changeset="120480738" timestamp="2022-05-02T22:25:38Z" user="AYAGE" uid="521665" lat="34.0892524" lon="132.0834316"/>
 <node id="9710247668" visible="true" version="1" changeset="120480738" timestamp="2022-05-02T22:25:38Z" user="AYAGE" uid="521665" lat="34.0865612" lon="132.0818880"/>
 <node id="9710247669" visible="true" version="1" changeset="120480738" timestamp="2022-05-02T22:25:38Z" user="AYAGE" uid="521665" lat="34.0896377" lon="132.0842376"/>
 <node id="9710247670" visible="true" version="1" changeset="120480738" timestamp="2022-05-02T22:25:38Z" user="AYAGE" uid="521665" lat="34.0895911" lon="132.0841706"/>
 <node id="9710247671" visible="true" version="1" changeset="120480738" timestamp="2022-05-02T22:25:38Z" user="AYAGE" uid="521665" lat="34.0894378" lon="132.0838447"/>
 <node id="9710247672" visible="true" version="1" changeset="120480738" timestamp="2022-05-02T22:25:38Z" user="AYAGE" uid="521665" lat="34.0895522" lon="132.0843503"/>
 <node id="9710247673" visible="true" version="1" changeset="120480738" timestamp="2022-05-02T22:25:38Z" user="AYAGE" uid="521665" lat="34.0897310" lon="132.0842725"/>
 <node id="9710247674" visible="true" version="1" changeset="120480738" timestamp="2022-05-02T22:25:38Z" user="AYAGE" uid="521665" lat="34.0897799" lon="132.0843275"/>
 <node id="9710247675" visible="true" version="1" changeset="120480738" timestamp="2022-05-02T22:25:38Z" user="AYAGE" uid="521665" lat="34.0897122" lon="132.0846601"/>
 <node id="9710247676" visible="true" version="1" changeset="120480738" timestamp="2022-05-02T22:25:38Z" user="AYAGE" uid="521665" lat="34.0896355" lon="132.0845152"/>
 <node id="9710247677" visible="true" version="1" changeset="120480738" timestamp="2022-05-02T22:25:38Z" user="AYAGE" uid="521665" lat="34.0899021" lon="132.0849296"/>
 <node id="9710247678" visible="true" version="1" changeset="120480738" timestamp="2022-05-02T22:25:38Z" user="AYAGE" uid="521665" lat="34.0901120" lon="132.0852730"/>
 <node id="9710247679" visible="true" version="1" changeset="120480738" timestamp="2022-05-02T22:25:38Z" user="AYAGE" uid="521665" lat="34.0902308" lon="132.0860267"/>
 <node id="9711816234" visible="true" version="1" changeset="120508907" timestamp="2022-05-03T17:18:49Z" user="AYAGE" uid="521665" lat="34.0904774" lon="132.0875864"/>
 <node id="9711816235" visible="true" version="1" changeset="120508907" timestamp="2022-05-03T17:18:49Z" user="AYAGE" uid="521665" lat="34.0904208" lon="132.0868488"/>
 <node id="9711816236" visible="true" version="1" changeset="120508907" timestamp="2022-05-03T17:18:49Z" user="AYAGE" uid="521665" lat="34.0903297" lon="132.0856109"/>
 <node id="9711816237" visible="true" version="1" changeset="120508907" timestamp="2022-05-03T17:18:49Z" user="AYAGE" uid="521665" lat="34.0903252" lon="132.0855077"/>
 <node id="9711816238" visible="true" version="1" changeset="120508907" timestamp="2022-05-03T17:18:49Z" user="AYAGE" uid="521665" lat="34.0903608" lon="132.0854191"/>
 <node id="9711816239" visible="true" version="1" changeset="120508907" timestamp="2022-05-03T17:18:49Z" user="AYAGE" uid="521665" lat="34.0904352" lon="132.0853682"/>
 <node id="9711816240" visible="true" version="1" changeset="120508907" timestamp="2022-05-03T17:18:49Z" user="AYAGE" uid="521665" lat="34.0905485" lon="132.0853548"/>
 <node id="9711816241" visible="true" version="1" changeset="120508907" timestamp="2022-05-03T17:18:49Z" user="AYAGE" uid="521665" lat="34.0909061" lon="132.0853950"/>
 <node id="9711816242" visible="true" version="1" changeset="120508907" timestamp="2022-05-03T17:18:49Z" user="AYAGE" uid="521665" lat="34.0910838" lon="132.0854151"/>
 <node id="9711816243" visible="true" version="1" changeset="120508907" timestamp="2022-05-03T17:18:49Z" user="AYAGE" uid="521665" lat="34.0912320" lon="132.0854211"/>
 <node id="9711816244" visible="true" version="1" changeset="120508907" timestamp="2022-05-03T17:18:49Z" user="AYAGE" uid="521665" lat="34.0912937" lon="132.0854232"/>
 <node id="9711816245" visible="true" version="1" changeset="120508907" timestamp="2022-05-03T17:18:49Z" user="AYAGE" uid="521665" lat="34.0913504" lon="132.0854419"/>
 <node id="9711816246" visible="true" version="1" changeset="120508907" timestamp="2022-05-03T17:18:49Z" user="AYAGE" uid="521665" lat="34.0914448" lon="132.0854956"/>
 <node id="9711816247" visible="true" version="1" changeset="120508907" timestamp="2022-05-03T17:18:49Z" user="AYAGE" uid="521665" lat="34.0916014" lon="132.0855962"/>
 <node id="9711816248" visible="true" version="1" changeset="120508907" timestamp="2022-05-03T17:18:49Z" user="AYAGE" uid="521665" lat="34.0917180" lon="132.0857142"/>
 <node id="9711816249" visible="true" version="1" changeset="120508907" timestamp="2022-05-03T17:18:49Z" user="AYAGE" uid="521665" lat="34.0918113" lon="132.0858175"/>
 <node id="9711816250" visible="true" version="1" changeset="120508907" timestamp="2022-05-03T17:18:49Z" user="AYAGE" uid="521665" lat="34.0920056" lon="132.0860937"/>
 <node id="9711816251" visible="true" version="1" changeset="120508907" timestamp="2022-05-03T17:18:49Z" user="AYAGE" uid="521665" lat="34.0921034" lon="132.0862372"/>
 <node id="9711816252" visible="true" version="1" changeset="120508907" timestamp="2022-05-03T17:18:49Z" user="AYAGE" uid="521665" lat="34.0924054" lon="132.0865926"/>
 <node id="9711816253" visible="true" version="1" changeset="120508907" timestamp="2022-05-03T17:18:49Z" user="AYAGE" uid="521665" lat="34.0925021" lon="132.0867294"/>
 <node id="9711816254" visible="true" version="1" changeset="120508907" timestamp="2022-05-03T17:18:49Z" user="AYAGE" uid="521665" lat="34.0926409" lon="132.0869547"/>
 <node id="9711816255" visible="true" version="1" changeset="120508907" timestamp="2022-05-03T17:18:49Z" user="AYAGE" uid="521665" lat="34.0927226" lon="132.0870886"/>
 <node id="9711816256" visible="true" version="1" changeset="120508907" timestamp="2022-05-03T17:18:49Z" user="AYAGE" uid="521665" lat="34.0927453" lon="132.0871398"/>
 <node id="9711816257" visible="true" version="1" changeset="120508907" timestamp="2022-05-03T17:18:49Z" user="AYAGE" uid="521665" lat="34.0928130" lon="132.0872793"/>
 <node id="9711816258" visible="true" version="1" changeset="120508907" timestamp="2022-05-03T17:18:49Z" user="AYAGE" uid="521665" lat="34.0929241" lon="132.0875113"/>
 <node id="9711816259" visible="true" version="1" changeset="120508907" timestamp="2022-05-03T17:18:49Z" user="AYAGE" uid="521665" lat="34.0930307" lon="132.0877218"/>
 <node id="9711816260" visible="true" version="1" changeset="120508907" timestamp="2022-05-03T17:18:49Z" user="AYAGE" uid="521665" lat="34.0931473" lon="132.0879176"/>
 <node id="9711816261" visible="true" version="1" changeset="120508907" timestamp="2022-05-03T17:18:49Z" user="AYAGE" uid="521665" lat="34.0932440" lon="132.0880155"/>
 <node id="9711816262" visible="true" version="1" changeset="120508907" timestamp="2022-05-03T17:18:49Z" user="AYAGE" uid="521665" lat="34.0933228" lon="132.0880906"/>
 <node id="9711816263" visible="true" version="1" changeset="120508907" timestamp="2022-05-03T17:18:49Z" user="AYAGE" uid="521665" lat="34.0934072" lon="132.0881443"/>
 <node id="9711816264" visible="true" version="1" changeset="120508907" timestamp="2022-05-03T17:18:49Z" user="AYAGE" uid="521665" lat="34.0935327" lon="132.0882462"/>
 <node id="9711816265" visible="true" version="1" changeset="120508907" timestamp="2022-05-03T17:18:49Z" user="AYAGE" uid="521665" lat="34.0937526" lon="132.0884058"/>
 <node id="9711816266" visible="true" version="1" changeset="120508907" timestamp="2022-05-03T17:18:49Z" user="AYAGE" uid="521665" lat="34.0938703" lon="132.0884943"/>
 <node id="9711816267" visible="true" version="1" changeset="120508907" timestamp="2022-05-03T17:18:49Z" user="AYAGE" uid="521665" lat="34.0940869" lon="132.0886901"/>
 <node id="9711816268" visible="true" version="1" changeset="120508907" timestamp="2022-05-03T17:18:49Z" user="AYAGE" uid="521665" lat="34.0940258" lon="132.0887880"/>
 <node id="9711816269" visible="true" version="1" changeset="120508907" timestamp="2022-05-03T17:18:49Z" user="AYAGE" uid="521665" lat="34.0938548" lon="132.0889825"/>
 <node id="9711816270" visible="true" version="1" changeset="120508907" timestamp="2022-05-03T17:18:49Z" user="AYAGE" uid="521665" lat="34.0936993" lon="132.0891850"/>
 <node id="9711816271" visible="true" version="1" changeset="120508907" timestamp="2022-05-03T17:18:49Z" user="AYAGE" uid="521665" lat="34.0936660" lon="132.0892708"/>
 <node id="9711816272" visible="true" version="1" changeset="120508907" timestamp="2022-05-03T17:18:49Z" user="AYAGE" uid="521665" lat="34.0884848" lon="132.0836408"/>
 <node id="9711816273" visible="true" version="1" changeset="120508907" timestamp="2022-05-03T17:18:49Z" user="AYAGE" uid="521665" lat="34.0888944" lon="132.0834945"/>
 <node id="9711816274" visible="true" version="1" changeset="120508907" timestamp="2022-05-03T17:18:49Z" user="AYAGE" uid="521665" lat="34.0888458" lon="132.0837361"/>
 <node id="9711816275" visible="true" version="1" changeset="120508907" timestamp="2022-05-03T17:18:49Z" user="AYAGE" uid="521665" lat="34.0892135" lon="132.0838501"/>
 <node id="9711816276" visible="true" version="1" changeset="120508907" timestamp="2022-05-03T17:18:49Z" user="AYAGE" uid="521665" lat="34.0891640" lon="132.0841027"/>
 <node id="9711816277" visible="true" version="1" changeset="120508907" timestamp="2022-05-03T17:18:49Z" user="AYAGE" uid="521665" lat="34.0885360" lon="132.0833901"/>
 <node id="9711816278" visible="true" version="1" changeset="120508907" timestamp="2022-05-03T17:18:49Z" user="AYAGE" uid="521665" lat="34.0892723" lon="132.0836046"/>
 <node id="9711816279" visible="true" version="1" changeset="120508907" timestamp="2022-05-03T17:18:49Z" user="AYAGE" uid="521665" lat="34.0876998" lon="132.0828464"/>
 <node id="9711816282" visible="true" version="1" changeset="120508907" timestamp="2022-05-03T17:18:49Z" user="AYAGE" uid="521665" lat="34.0878455" lon="132.0828990"/>
 <node id="9711816283" visible="true" version="1" changeset="120508907" timestamp="2022-05-03T17:18:49Z" user="AYAGE" uid="521665" lat="34.0878340" lon="132.0829676"/>
 <node id="9711816284" visible="true" version="1" changeset="120508907" timestamp="2022-05-03T17:18:49Z" user="AYAGE" uid="521665" lat="34.0876619" lon="132.0835792"/>
 <node id="9711816285" visible="true" version="1" changeset="120508907" timestamp="2022-05-03T17:18:49Z" user="AYAGE" uid="521665" lat="34.0877307" lon="132.0836703"/>
 <node id="9711816286" visible="true" version="1" changeset="120508907" timestamp="2022-05-03T17:18:49Z" user="AYAGE" uid="521665" lat="34.0878418" lon="132.0837629"/>
 <node id="9711816287" visible="true" version="1" changeset="120508907" timestamp="2022-05-03T17:18:49Z" user="AYAGE" uid="521665" lat="34.0879284" lon="132.0838112"/>
 <node id="9711816288" visible="true" version="1" changeset="120508907" timestamp="2022-05-03T17:18:49Z" user="AYAGE" uid="521665" lat="34.0880106" lon="132.0838313"/>
 <node id="9711816289" visible="true" version="1" changeset="120508907" timestamp="2022-05-03T17:18:49Z" user="AYAGE" uid="521665" lat="34.0881539" lon="132.0838474"/>
 <node id="9711816290" visible="true" version="1" changeset="120508907" timestamp="2022-05-03T17:18:49Z" user="AYAGE" uid="521665" lat="34.0884349" lon="132.0838849"/>
 <node id="9711816291" visible="true" version="1" changeset="120508907" timestamp="2022-05-03T17:18:49Z" user="AYAGE" uid="521665" lat="34.0888025" lon="132.0839775"/>
 <node id="9711816292" visible="true" version="1" changeset="120508907" timestamp="2022-05-03T17:18:49Z" user="AYAGE" uid="521665" lat="34.0889136" lon="132.0840083"/>
 <node id="9711816293" visible="true" version="1" changeset="120508907" timestamp="2022-05-03T17:18:49Z" user="AYAGE" uid="521665" lat="34.0890413" lon="132.0840526"/>
 <node id="9711816294" visible="true" version="1" changeset="120508907" timestamp="2022-05-03T17:18:49Z" user="AYAGE" uid="521665" lat="34.0891857" lon="132.0841116"/>
 <node id="9711816295" visible="true" version="1" changeset="120508907" timestamp="2022-05-03T17:18:49Z" user="AYAGE" uid="521665" lat="34.0894523" lon="132.0841964"/>
 <node id="9711816296" visible="true" version="1" changeset="120508907" timestamp="2022-05-03T17:18:49Z" user="AYAGE" uid="521665" lat="34.0893390" lon="132.0841813"/>
 <node id="9711816297" visible="true" version="1" changeset="120508907" timestamp="2022-05-03T17:18:49Z" user="AYAGE" uid="521665" lat="34.0891468" lon="132.0841505"/>
 <node id="9711816298" visible="true" version="1" changeset="120508907" timestamp="2022-05-03T17:18:49Z" user="AYAGE" uid="521665" lat="34.0889891" lon="132.0840861"/>
 <node id="9711816299" visible="true" version="1" changeset="120508907" timestamp="2022-05-03T17:18:49Z" user="AYAGE" uid="521665" lat="34.0892306" lon="132.0846924"/>
 <node id="9711816300" visible="true" version="1" changeset="120508907" timestamp="2022-05-03T17:18:49Z" user="AYAGE" uid="521665" lat="34.0892057" lon="132.0847325"/>
 <node id="9711816301" visible="true" version="1" changeset="120508907" timestamp="2022-05-03T17:18:49Z" user="AYAGE" uid="521665" lat="34.0890224" lon="132.0849431"/>
 <node id="9711816302" visible="true" version="1" changeset="120508907" timestamp="2022-05-03T17:18:49Z" user="AYAGE" uid="521665" lat="34.0886237" lon="132.0849162"/>
 <node id="9711816303" visible="true" version="1" changeset="120508907" timestamp="2022-05-03T17:18:49Z" user="AYAGE" uid="521665" lat="34.0886037" lon="132.0848773"/>
 <node id="9711816304" visible="true" version="1" changeset="120508907" timestamp="2022-05-03T17:18:49Z" user="AYAGE" uid="521665" lat="34.0886804" lon="132.0840043"/>
 <node id="9711816305" visible="true" version="1" changeset="120508907" timestamp="2022-05-03T17:18:49Z" user="AYAGE" uid="521665" lat="34.0885315" lon="132.0839681"/>
 <node id="9711816306" visible="true" version="1" changeset="120508907" timestamp="2022-05-03T17:18:49Z" user="AYAGE" uid="521665" lat="34.0883727" lon="132.0839506"/>
 <node id="9711816307" visible="true" version="1" changeset="120508907" timestamp="2022-05-03T17:18:49Z" user="AYAGE" uid="521665" lat="34.0880395" lon="132.0839252"/>
 <node id="9711816308" visible="true" version="1" changeset="120508907" timestamp="2022-05-03T17:18:49Z" user="AYAGE" uid="521665" lat="34.0869599" lon="132.0840593"/>
 <node id="9711816309" visible="true" version="1" changeset="120508907" timestamp="2022-05-03T17:18:49Z" user="AYAGE" uid="521665" lat="34.0878240" lon="132.0839480"/>
 <node id="9711816310" visible="true" version="1" changeset="120508907" timestamp="2022-05-03T17:18:49Z" user="AYAGE" uid="521665" lat="34.0879473" lon="132.0839305"/>
 <node id="9711816311" visible="true" version="1" changeset="120508907" timestamp="2022-05-03T17:18:49Z" user="AYAGE" uid="521665" lat="34.0879484" lon="132.0839936"/>
 <node id="9711816312" visible="true" version="1" changeset="120508907" timestamp="2022-05-03T17:18:49Z" user="AYAGE" uid="521665" lat="34.0880451" lon="132.0843033"/>
 <node id="9711816313" visible="true" version="1" changeset="120508907" timestamp="2022-05-03T17:18:49Z" user="AYAGE" uid="521665" lat="34.0880862" lon="132.0843154"/>
 <node id="9711816314" visible="true" version="1" changeset="120508907" timestamp="2022-05-03T17:18:49Z" user="AYAGE" uid="521665" lat="34.0883405" lon="132.0843355"/>
 <node id="9711816315" visible="true" version="1" changeset="120508907" timestamp="2022-05-03T17:18:49Z" user="AYAGE" uid="521665" lat="34.0886193" lon="132.0843919"/>
 <node id="9711816316" visible="true" version="1" changeset="120508907" timestamp="2022-05-03T17:18:49Z" user="AYAGE" uid="521665" lat="34.0888558" lon="132.0844562"/>
 <node id="9711851717" visible="true" version="1" changeset="120508907" timestamp="2022-05-03T17:18:49Z" user="AYAGE" uid="521665" lat="34.0889269" lon="132.0844844"/>
 <node id="9711851718" visible="true" version="1" changeset="120508907" timestamp="2022-05-03T17:18:49Z" user="AYAGE" uid="521665" lat="34.0891813" lon="132.0846426"/>
 <node id="9711851719" visible="true" version="1" changeset="120508907" timestamp="2022-05-03T17:18:49Z" user="AYAGE" uid="521665" lat="34.0892823" lon="132.0847446"/>
 <node id="9711851720" visible="true" version="1" changeset="120508907" timestamp="2022-05-03T17:18:49Z" user="AYAGE" uid="521665" lat="34.0899976" lon="132.0857598"/>
 <node id="9711851721" visible="true" version="1" changeset="120508907" timestamp="2022-05-03T17:18:49Z" user="AYAGE" uid="521665" lat="34.0897388" lon="132.0857383"/>
 <node id="9711851722" visible="true" version="1" changeset="120508907" timestamp="2022-05-03T17:18:49Z" user="AYAGE" uid="521665" lat="34.0896911" lon="132.0857236"/>
 <node id="9711851723" visible="true" version="1" changeset="120508907" timestamp="2022-05-03T17:18:49Z" user="AYAGE" uid="521665" lat="34.0895022" lon="132.0855895"/>
 <node id="9711851724" visible="true" version="1" changeset="120508907" timestamp="2022-05-03T17:18:49Z" user="AYAGE" uid="521665" lat="34.0892324" lon="132.0854540"/>
 <node id="9711851725" visible="true" version="1" changeset="120508907" timestamp="2022-05-03T17:18:49Z" user="AYAGE" uid="521665" lat="34.0890780" lon="132.0854232"/>
 <node id="9711851726" visible="true" version="1" changeset="120508907" timestamp="2022-05-03T17:18:49Z" user="AYAGE" uid="521665" lat="34.0891457" lon="132.0853467"/>
 <node id="9711851727" visible="true" version="1" changeset="120508907" timestamp="2022-05-03T17:18:49Z" user="AYAGE" uid="521665" lat="34.0895567" lon="132.0847017"/>
 <node id="9711851728" visible="true" version="1" changeset="120508907" timestamp="2022-05-03T17:18:49Z" user="AYAGE" uid="521665" lat="34.0871049" lon="132.0856298"/>
 <node id="9711851731" visible="true" version="1" changeset="120508907" timestamp="2022-05-03T17:18:49Z" user="AYAGE" uid="521665" lat="34.0881723" lon="132.0855200"/>
 <node id="9711851754" visible="true" version="1" changeset="120508907" timestamp="2022-05-03T17:18:49Z" user="AYAGE" uid="521665" lat="34.0905180" lon="132.0859164"/>
 <node id="9711851757" visible="true" version="1" changeset="120508907" timestamp="2022-05-03T17:18:49Z" user="AYAGE" uid="521665" lat="34.0909330" lon="132.0859826"/>
 <node id="9711851759" visible="true" version="1" changeset="120508907" timestamp="2022-05-03T17:18:49Z" user="AYAGE" uid="521665" lat="34.0905862" lon="132.0864357"/>
 <node id="9711851760" visible="true" version="1" changeset="120508907" timestamp="2022-05-03T17:18:49Z" user="AYAGE" uid="521665" lat="34.0905662" lon="132.0862540"/>
 <node id="9711851761" visible="true" version="1" changeset="120508907" timestamp="2022-05-03T17:18:49Z" user="AYAGE" uid="521665" lat="34.0904752" lon="132.0856163"/>
 <node id="9711851762" visible="true" version="1" changeset="120508907" timestamp="2022-05-03T17:18:49Z" user="AYAGE" uid="521665" lat="34.0904924" lon="132.0855915"/>
 <node id="9711851763" visible="true" version="1" changeset="120508907" timestamp="2022-05-03T17:18:49Z" user="AYAGE" uid="521665" lat="34.0908517" lon="132.0856223"/>
 <node id="9711851764" visible="true" version="1" changeset="120508907" timestamp="2022-05-03T17:18:49Z" user="AYAGE" uid="521665" lat="34.0909400" lon="132.0860133"/>
 <node id="9711851855" visible="true" version="1" changeset="120508907" timestamp="2022-05-03T17:18:49Z" user="AYAGE" uid="521665" lat="34.0840554" lon="132.0978123"/>
 <node id="9711851856" visible="true" version="1" changeset="120508907" timestamp="2022-05-03T17:18:49Z" user="AYAGE" uid="521665" lat="34.0848096" lon="132.0965396"/>
 <node id="9711851857" visible="true" version="1" changeset="120508907" timestamp="2022-05-03T17:18:49Z" user="AYAGE" uid="521665" lat="34.0849407" lon="132.0953232"/>
 <node id="9711851858" visible="true" version="1" changeset="120508907" timestamp="2022-05-03T17:18:49Z" user="AYAGE" uid="521665" lat="34.0850373" lon="132.0951395"/>
 <node id="9711851859" visible="true" version="1" changeset="120508907" timestamp="2022-05-03T17:18:49Z" user="AYAGE" uid="521665" lat="34.0848385" lon="132.0966871"/>
 <node id="9711851860" visible="true" version="1" changeset="120508907" timestamp="2022-05-03T17:18:49Z" user="AYAGE" uid="521665" lat="34.0848152" lon="132.0968360"/>
 <node id="9711851861" visible="true" version="1" changeset="120508907" timestamp="2022-05-03T17:18:49Z" user="AYAGE" uid="521665" lat="34.0848751" lon="132.0964926"/>
 <node id="9711851862" visible="true" version="1" changeset="120508907" timestamp="2022-05-03T17:18:49Z" user="AYAGE" uid="521665" lat="34.0848540" lon="132.0957242"/>
 <node id="9711851863" visible="true" version="1" changeset="120508907" timestamp="2022-05-03T17:18:49Z" user="AYAGE" uid="521665" lat="34.0851595" lon="132.0950858"/>
 <node id="9711851864" visible="true" version="1" changeset="120508907" timestamp="2022-05-03T17:18:49Z" user="AYAGE" uid="521665" lat="34.0853128" lon="132.0949182"/>
 <node id="9711851865" visible="true" version="1" changeset="120508907" timestamp="2022-05-03T17:18:49Z" user="AYAGE" uid="521665" lat="34.0848152" lon="132.0962486"/>
 <node id="9711851866" visible="true" version="1" changeset="120508907" timestamp="2022-05-03T17:18:49Z" user="AYAGE" uid="521665" lat="34.0851950" lon="132.0949517"/>
 <node id="9711851867" visible="true" version="1" changeset="120508907" timestamp="2022-05-03T17:18:49Z" user="AYAGE" uid="521665" lat="34.0854161" lon="132.0947747"/>
 <node id="9711851868" visible="true" version="1" changeset="120508907" timestamp="2022-05-03T17:18:49Z" user="AYAGE" uid="521665" lat="34.0863579" lon="132.0941269"/>
 <node id="9711851869" visible="true" version="1" changeset="120508907" timestamp="2022-05-03T17:18:49Z" user="AYAGE" uid="521665" lat="34.0855382" lon="132.0947666"/>
 <node id="9711851870" visible="true" version="1" changeset="120508907" timestamp="2022-05-03T17:18:49Z" user="AYAGE" uid="521665" lat="34.0863502" lon="132.0942275"/>
 <node id="9711851871" visible="true" version="1" changeset="120508907" timestamp="2022-05-03T17:18:49Z" user="AYAGE" uid="521665" lat="34.0867967" lon="132.0938480"/>
 <node id="9711851872" visible="true" version="1" changeset="120508907" timestamp="2022-05-03T17:18:49Z" user="AYAGE" uid="521665" lat="34.0869621" lon="132.0937957"/>
 <node id="9711851873" visible="true" version="1" changeset="120508907" timestamp="2022-05-03T17:18:49Z" user="AYAGE" uid="521665" lat="34.0872742" lon="132.0937876"/>
 <node id="9711851874" visible="true" version="1" changeset="120508907" timestamp="2022-05-03T17:18:49Z" user="AYAGE" uid="521665" lat="34.0868600" lon="132.0937313"/>
 <node id="9711851875" visible="true" version="1" changeset="120508907" timestamp="2022-05-03T17:18:49Z" user="AYAGE" uid="521665" lat="34.0874264" lon="132.0936844"/>
 <node id="9711851876" visible="true" version="1" changeset="120508907" timestamp="2022-05-03T17:18:49Z" user="AYAGE" uid="521665" lat="34.0881939" lon="132.0912825"/>
 <node id="9711851931" visible="true" version="1" changeset="120508907" timestamp="2022-05-03T17:18:49Z" user="AYAGE" uid="521665" lat="34.0885199" lon="132.0904718"/>
 <node id="9711851932" visible="true" version="1" changeset="120508907" timestamp="2022-05-03T17:18:49Z" user="AYAGE" uid="521665" lat="34.0888842" lon="132.0901532"/>
 <node id="9711851933" visible="true" version="1" changeset="120508907" timestamp="2022-05-03T17:18:49Z" user="AYAGE" uid="521665" lat="34.0890141" lon="132.0900372"/>
 <node id="9711851934" visible="true" version="1" changeset="120508907" timestamp="2022-05-03T17:18:49Z" user="AYAGE" uid="521665" lat="34.0891202" lon="132.0899051"/>
 <node id="9711851935" visible="true" version="1" changeset="120508907" timestamp="2022-05-03T17:18:49Z" user="AYAGE" uid="521665" lat="34.0891818" lon="132.0897697"/>
 <node id="9711851936" visible="true" version="1" changeset="120508907" timestamp="2022-05-03T17:18:49Z" user="AYAGE" uid="521665" lat="34.0892640" lon="132.0894599"/>
 <node id="9711851937" visible="true" version="1" changeset="120508907" timestamp="2022-05-03T17:18:49Z" user="AYAGE" uid="521665" lat="34.0893490" lon="132.0892205"/>
 <node id="9711851938" visible="true" version="1" changeset="120508907" timestamp="2022-05-03T17:18:49Z" user="AYAGE" uid="521665" lat="34.0894373" lon="132.0890529"/>
 <node id="9711851939" visible="true" version="1" changeset="120508907" timestamp="2022-05-03T17:18:49Z" user="AYAGE" uid="521665" lat="34.0895383" lon="132.0889194"/>
 <node id="9711851940" visible="true" version="1" changeset="120508907" timestamp="2022-05-03T17:18:49Z" user="AYAGE" uid="521665" lat="34.0897960" lon="132.0886827"/>
 <node id="9711851941" visible="true" version="1" changeset="120508907" timestamp="2022-05-03T17:18:49Z" user="AYAGE" uid="521665" lat="34.0901492" lon="132.0883729"/>
 <node id="9711851942" visible="true" version="1" changeset="120508907" timestamp="2022-05-03T17:18:49Z" user="AYAGE" uid="521665" lat="34.0902497" lon="132.0882274"/>
 <node id="9711851943" visible="true" version="1" changeset="120508907" timestamp="2022-05-03T17:18:49Z" user="AYAGE" uid="521665" lat="34.0903186" lon="132.0880410"/>
 <node id="9711851944" visible="true" version="1" changeset="120508907" timestamp="2022-05-03T17:18:49Z" user="AYAGE" uid="521665" lat="34.0903386" lon="132.0879284"/>
 <node id="9711851945" visible="true" version="1" changeset="120508907" timestamp="2022-05-03T17:18:49Z" user="AYAGE" uid="521665" lat="34.0903389" lon="132.0877853"/>
 <node id="9711851946" visible="true" version="1" changeset="120508907" timestamp="2022-05-03T17:18:49Z" user="AYAGE" uid="521665" lat="34.0903114" lon="132.0874301"/>
 <node id="9711851947" visible="true" version="1" changeset="120508907" timestamp="2022-05-03T17:18:49Z" user="AYAGE" uid="521665" lat="34.0902636" lon="132.0868333"/>
 <node id="9711851948" visible="true" version="1" changeset="120508907" timestamp="2022-05-03T17:18:49Z" user="AYAGE" uid="521665" lat="34.0902036" lon="132.0861474"/>
 <node id="9711851949" visible="true" version="1" changeset="120508907" timestamp="2022-05-03T17:18:49Z" user="AYAGE" uid="521665" lat="34.0901586" lon="132.0858134"/>
 <node id="9711851950" visible="true" version="1" changeset="120508907" timestamp="2022-05-03T17:18:49Z" user="AYAGE" uid="521665" lat="34.0901453" lon="132.0857202"/>
 <node id="9711851951" visible="true" version="1" changeset="120508907" timestamp="2022-05-03T17:18:49Z" user="AYAGE" uid="521665" lat="34.0900987" lon="132.0855398"/>
 <node id="9711851952" visible="true" version="1" changeset="120508907" timestamp="2022-05-03T17:18:49Z" user="AYAGE" uid="521665" lat="34.0900620" lon="132.0854071"/>
 <node id="9711851953" visible="true" version="1" changeset="120508907" timestamp="2022-05-03T17:18:49Z" user="AYAGE" uid="521665" lat="34.0898549" lon="132.0849913"/>
 <node id="9711851954" visible="true" version="1" changeset="120508907" timestamp="2022-05-03T17:18:49Z" user="AYAGE" uid="521665" lat="34.0897449" lon="132.0847861"/>
 <node id="9711851955" visible="true" version="1" changeset="120508907" timestamp="2022-05-03T17:18:49Z" user="AYAGE" uid="521665" lat="34.0896442" lon="132.0846442"/>
 <node id="9718488802" visible="true" version="1" changeset="120595879" timestamp="2022-05-05T15:59:27Z" user="AYAGE" uid="521665" lat="34.0867989" lon="132.0815594"/>
 <node id="9718488804" visible="true" version="1" changeset="120595879" timestamp="2022-05-05T15:59:27Z" user="AYAGE" uid="521665" lat="34.0864707" lon="132.0816728"/>
 <node id="9718488805" visible="true" version="1" changeset="120595879" timestamp="2022-05-05T15:59:27Z" user="AYAGE" uid="521665" lat="34.0863863" lon="132.0815695"/>
 <node id="9721690592" visible="true" version="1" changeset="120649458" timestamp="2022-05-06T22:58:23Z" user="AYAGE" uid="521665" lat="34.0844608" lon="132.0777909"/>
 <node id="9721690593" visible="true" version="1" changeset="120649458" timestamp="2022-05-06T22:58:23Z" user="AYAGE" uid="521665" lat="34.0845475" lon="132.0778875"/>
 <node id="9721690594" visible="true" version="1" changeset="120649458" timestamp="2022-05-06T22:58:23Z" user="AYAGE" uid="521665" lat="34.0849895" lon="132.0785661"/>
 <node id="9721690595" visible="true" version="1" changeset="120649458" timestamp="2022-05-06T22:58:23Z" user="AYAGE" uid="521665" lat="34.0845008" lon="132.0782724"/>
 <node id="9721690596" visible="true" version="1" changeset="120649458" timestamp="2022-05-06T22:58:23Z" user="AYAGE" uid="521665" lat="34.0847008" lon="132.0785728"/>
 <node id="9721690597" visible="true" version="1" changeset="120649458" timestamp="2022-05-06T22:58:23Z" user="AYAGE" uid="521665" lat="34.0851950" lon="132.0792527"/>
 <node id="9721690598" visible="true" version="1" changeset="120649458" timestamp="2022-05-06T22:58:23Z" user="AYAGE" uid="521665" lat="34.0856615" lon="132.0796524"/>
 <node id="9721690599" visible="true" version="1" changeset="120649458" timestamp="2022-05-06T22:58:23Z" user="AYAGE" uid="521665" lat="34.0857093" lon="132.0798630"/>
 <node id="9721690600" visible="true" version="1" changeset="120649458" timestamp="2022-05-06T22:58:23Z" user="AYAGE" uid="521665" lat="34.0859759" lon="132.0804852"/>
 <way id="60300695" visible="true" version="7" changeset="153270390" timestamp="2024-06-28T00:30:31Z" user="taketaketake" uid="4757277">
  <nd ref="749029887"/>
  <nd ref="9709482066"/>
  <nd ref="749570996"/>
  <nd ref="9710247671"/>
  <nd ref="748929971"/>
  <nd ref="749312603"/>
  <nd ref="749405460"/>
  <nd ref="749840225"/>
  <nd ref="749181314"/>
  <nd ref="749634870"/>
  <nd ref="748974314"/>
  <nd ref="9710247655"/>
  <nd ref="9710247660"/>
  <nd ref="749367355"/>
  <nd ref="749812724"/>
  <nd ref="749146835"/>
  <nd ref="749026284"/>
  <nd ref="749420554"/>
  <nd ref="9710247654"/>
  <nd ref="749857186"/>
  <nd ref="749202788"/>
  <nd ref="749661109"/>
  <nd ref="748988277"/>
  <nd ref="749390450"/>
  <nd ref="749820792"/>
  <nd ref="748905067"/>
  <nd ref="749274465"/>
  <nd ref="749753522"/>
  <nd ref="749059414"/>
  <tag k="name" v="笹見川"/>
  <tag k="name:en" v="Sasami River"/>
  <tag k="name:ja" v="笹見川"/>
  <tag k="note" v="National-Land Numerical Information (River) 2006, MLIT Japan"/>
  <tag k="note:ja" v="国土数値情報(河川データ)平成18年国土交通省"/>
  <tag k="source" v="KSJ2"/>
  <tag k="source_ref" v="http://nlftp.mlit.go.jp/ksj/jpgis/datalist/KsjTmplt-W05.html"/>
  <tag k="waterway" v="river"/>
 </way>
 <way id="60308562" visible="true" version="5" changeset="153270390" timestamp="2024-06-28T00:30:31Z" user="taketaketake" uid="4757277">
  <nd ref="749048626"/>
  <nd ref="9708427261"/>
  <nd ref="748990843"/>
  <nd ref="749394277"/>
  <nd ref="749824658"/>
  <nd ref="749169156"/>
  <nd ref="749278315"/>
  <nd ref="749757900"/>
  <nd ref="749063021"/>
  <nd ref="749465568"/>
  <nd ref="749895134"/>
  <nd ref="749241284"/>
  <nd ref="749710714"/>
  <nd ref="749029887"/>
  <tag k="name" v="笹見川"/>
  <tag k="name:ja" v="笹見川"/>
  <tag k="note" v="National-Land Numerical Information (River) 2006, MLIT Japan"/>
  <tag k="note:ja" v="国土数値情報(河川データ)平成18年国土交通省"/>
  <tag k="source" v="KSJ2"/>
  <tag k="source_ref" v="http://nlftp.mlit.go.jp/ksj/jpgis/datalist/KsjTmplt-W05.html"/>
  <tag k="waterway" v="river"/>
 </way>
 <way id="118896675" visible="true" version="2" changeset="120508907" timestamp="2022-05-03T17:18:49Z" user="AYAGE" uid="521665">
  <nd ref="1336439532"/>
  <nd ref="9711851955"/>
  <nd ref="1336443217"/>
  <tag k="highway" v="unclassified"/>
  <tag k="source" v="YahooJapan/ALPSMAP"/>
 </way>
 <way id="118896735" visible="true" version="1" changeset="8529111" timestamp="2011-06-24T06:29:42Z" user="yamasan" uid="32308">
  <nd ref="1336448965"/>
  <nd ref="1336446161"/>
  <tag k="highway" v="unclassified"/>
  <tag k="source" v="YahooJapan/ALPSMAP"/>
  <tag k="yh:STRUCTURE" v="地上"/>
  <tag k="yh:TOTYUMONO" v="供用中"/>
  <tag k="yh:TYPE" v="その他一般道"/>
  <tag k="yh:WIDTH" v="3.0m〜5.5m"/>
  <tag k="yh:WIDTH_RANK" v="3"/>
 </way>
 <way id="118896783" visible="true" version="3" changeset="120508907" timestamp="2022-05-03T17:18:49Z" user="AYAGE" uid="521665">
  <nd ref="1336445500"/>
  <nd ref="9711851728"/>
  <nd ref="1336441931"/>
  <nd ref="9711851731"/>
  <nd ref="9711851725"/>
  <nd ref="1336439602"/>
  <nd ref="9711851724"/>
  <nd ref="9711851723"/>
  <nd ref="9711851722"/>
  <nd ref="9711851721"/>
  <nd ref="9711851720"/>
  <tag k="highway" v="unclassified"/>
  <tag k="source" v="YahooJapan/ALPSMAP"/>
 </way>
 <way id="118896826" visible="true" version="1" changeset="8529111" timestamp="2011-06-24T06:30:02Z" user="yamasan" uid="32308">
  <nd ref="1336445502"/>
  <nd ref="1336439954"/>
  <nd ref="1336444076"/>
  <tag k="highway" v="unclassified"/>
  <tag k="source" v="YahooJapan/ALPSMAP"/>
  <tag k="yh:STRUCTURE" v="地上"/>
  <tag k="yh:TOTYUMONO" v="供用中"/>
  <tag k="yh:TYPE" v="その他一般道"/>
  <tag k="yh:WIDTH" v="3.0m〜5.5m"/>
  <tag k="yh:WIDTH_RANK" v="3"/>
 </way>
 <way id="118896916" visible="true" version="1" changeset="8529111" timestamp="2011-06-24T06:30:10Z" user="yamasan" uid="32308">
  <nd ref="1336442642"/>
  <nd ref="1336439602"/>
  <tag k="highway" v="unclassified"/>
  <tag k="source" v="YahooJapan/ALPSMAP"/>
  <tag k="yh:STRUCTURE" v="地上"/>
  <tag k="yh:TOTYUMONO" v="供用中"/>
  <tag k="yh:TYPE" v="その他一般道"/>
  <tag k="yh:WIDTH" v="3.0m〜5.5m"/>
  <tag k="yh:WIDTH_RANK" v="3"/>
 </way>
 <way id="118897081" visible="true" version="1" changeset="8529111" timestamp="2011-06-24T06:30:26Z" user="yamasan" uid="32308">
  <nd ref="1336445694"/>
  <nd ref="1336446161"/>
  <tag k="highway" v="unclassified"/>
  <tag k="source" v="YahooJapan/ALPSMAP"/>
  <tag k="yh:STRUCTURE" v="地上"/>
  <tag k="yh:TOTYUMONO" v="供用中"/>
  <tag k="yh:TYPE" v="その他一般道"/>
  <tag k="yh:WIDTH" v="3.0m〜5.5m"/>
  <tag k="yh:WIDTH_RANK" v="3"/>
 </way>
 <way id="118897317" visible="true" version="2" changeset="120480738" timestamp="2022-05-02T22:25:38Z" user="AYAGE" uid="521665">
  <nd ref="1336442382"/>
  <nd ref="9710247640"/>
  <nd ref="1336441470"/>
  <nd ref="9710247641"/>
  <nd ref="9710247642"/>
  <nd ref="1336444076"/>
  <tag k="highway" v="unclassified"/>
  <tag k="source" v="YahooJapan/ALPSMAP"/>
 </way>
 <way id="118897421" visible="true" version="2" changeset="120480738" timestamp="2022-05-02T22:25:38Z" user="AYAGE" uid="521665">
  <nd ref="1336449983"/>
  <nd ref="9710247647"/>
  <nd ref="1336440540"/>
  <nd ref="1336442726"/>
  <nd ref="1336443456"/>
  <nd ref="1336445694"/>
  <tag k="highway" v="unclassified"/>
  <tag k="source" v="YahooJapan/ALPSMAP"/>
 </way>
 <way id="118897518" visible="true" version="1" changeset="8529111" timestamp="2011-06-24T06:32:24Z" user="yamasan" uid="32308">
  <nd ref="1336446161"/>
  <nd ref="1336444076"/>
  <tag k="highway" v="unclassified"/>
  <tag k="source" v="YahooJapan/ALPSMAP"/>
  <tag k="yh:STRUCTURE" v="地上"/>
  <tag k="yh:TOTYUMONO" v="供用中"/>
  <tag k="yh:TYPE" v="その他一般道"/>
  <tag k="yh:WIDTH" v="3.0m〜5.5m"/>
  <tag k="yh:WIDTH_RANK" v="3"/>
 </way>
 <way id="118897786" visible="true" version="1" changeset="8529111" timestamp="2011-06-24T06:33:02Z" user="yamasan" uid="32308">
  <nd ref="1336446161"/>
  <nd ref="1336446975"/>
  <nd ref="1336450123"/>
  <nd ref="1336441965"/>
  <nd ref="1336444608"/>
  <nd ref="1336445128"/>
  <nd ref="1336448033"/>
  <nd ref="1336444017"/>
  <tag k="highway" v="unclassified"/>
  <tag k="source" v="YahooJapan/ALPSMAP"/>
  <tag k="yh:STRUCTURE" v="地上"/>
  <tag k="yh:TOTYUMONO" v="供用中"/>
  <tag k="yh:TYPE" v="その他一般道"/>
  <tag k="yh:WIDTH" v="3.0m〜5.5m"/>
  <tag k="yh:WIDTH_RANK" v="3"/>
 </way>
 <way id="118897948" visible="true" version="2" changeset="120595879" timestamp="2022-05-05T15:59:27Z" user="AYAGE" uid="521665">
  <nd ref="1336438895"/>
  <nd ref="9718488805"/>
  <nd ref="9718488804"/>
  <nd ref="1336441085"/>
  <nd ref="9710247668"/>
  <nd ref="1336441612"/>
  <nd ref="1336444278"/>
  <nd ref="1336449198"/>
  <nd ref="1336439605"/>
  <nd ref="1336440181"/>
  <nd ref="9711816279"/>
  <nd ref="9711816282"/>
  <nd ref="1336446419"/>
  <nd ref="1336449723"/>
  <nd ref="1336443388"/>
  <nd ref="1336445561"/>
  <nd ref="1336438807"/>
  <nd ref="1336441020"/>
  <nd ref="1336441542"/>
  <nd ref="1336444184"/>
  <nd ref="9711816278"/>
  <nd ref="9711816295"/>
  <nd ref="9710247648"/>
  <nd ref="1336439532"/>
  <tag k="highway" v="unclassified"/>
  <tag k="source" v="YahooJapan/ALPSMAP"/>
 </way>
 <way id="118898036" visible="true" version="1" changeset="8529111" timestamp="2011-06-24T06:33:34Z" user="yamasan" uid="32308">
  <nd ref="1336443217"/>
  <nd ref="1336448965"/>
  <tag k="bridge" v="yes"/>
  <tag k="highway" v="unclassified"/>
  <tag k="source" v="YahooJapan/ALPSMAP"/>
  <tag k="yh:STRUCTURE" v="橋"/>
  <tag k="yh:TOTYUMONO" v="供用中"/>
  <tag k="yh:TYPE" v="その他一般道"/>
  <tag k="yh:WIDTH" v="3.0m〜5.5m"/>
  <tag k="yh:WIDTH_RANK" v="3"/>
 </way>
 <way id="118898138" visible="true" version="2" changeset="120508907" timestamp="2022-05-03T17:18:49Z" user="AYAGE" uid="521665">
  <nd ref="1336439602"/>
  <nd ref="9711851726"/>
  <nd ref="1336449540"/>
  <nd ref="1336440804"/>
  <nd ref="1336444832"/>
  <nd ref="1336445326"/>
  <nd ref="9711851727"/>
  <nd ref="1336439532"/>
  <tag k="highway" v="unclassified"/>
  <tag k="source" v="YahooJapan/ALPSMAP"/>
 </way>
 <way id="118898235" visible="true" version="3" changeset="120649458" timestamp="2022-05-06T22:58:23Z" user="AYAGE" uid="521665">
  <nd ref="1336440762"/>
  <nd ref="9718488802"/>
  <nd ref="1336443195"/>
  <nd ref="1336443836"/>
  <nd ref="1336446049"/>
  <nd ref="1336439237"/>
  <nd ref="1336441359"/>
  <nd ref="1336441900"/>
  <nd ref="1336444542"/>
  <nd ref="1336449438"/>
  <nd ref="1336439837"/>
  <nd ref="1336440470"/>
  <nd ref="1336442515"/>
  <nd ref="1336446840"/>
  <nd ref="1336449983"/>
  <tag k="highway" v="unclassified"/>
  <tag k="source" v="YahooJapan/ALPSMAP"/>
 </way>
 <way id="292006358" visible="true" version="4" changeset="120649458" timestamp="2022-05-06T22:58:23Z" user="AYAGE" uid="521665">
  <nd ref="2955168734"/>
  <nd ref="2955168933"/>
  <nd ref="2955169334"/>
  <nd ref="2955169335"/>
  <nd ref="9721690595"/>
  <nd ref="9721690596"/>
  <nd ref="2955169633"/>
  <nd ref="9721690597"/>
  <nd ref="2955138838"/>
  <nd ref="9721690600"/>
  <nd ref="2955137838"/>
  <nd ref="9710247656"/>
  <nd ref="9710247657"/>
  <nd ref="2955141842"/>
  <nd ref="9710247658"/>
  <nd ref="2955138945"/>
  <nd ref="9710247659"/>
  <nd ref="2955169833"/>
  <nd ref="9710247666"/>
  <nd ref="9710247665"/>
  <nd ref="2955169534"/>
  <nd ref="2955138637"/>
  <nd ref="2955139136"/>
  <nd ref="9710247661"/>
  <nd ref="2955169336"/>
  <nd ref="9710247653"/>
  <nd ref="9710247652"/>
  <nd ref="2955169235"/>
  <nd ref="9710247651"/>
  <nd ref="2955139137"/>
  <nd ref="9710247650"/>
  <nd ref="2955169435"/>
  <nd ref="9710247649"/>
  <nd ref="2955138638"/>
  <nd ref="2955169634"/>
  <nd ref="9721690599"/>
  <nd ref="9721690598"/>
  <nd ref="2955137839"/>
  <nd ref="9721690594"/>
  <nd ref="2955138639"/>
  <nd ref="9721690593"/>
  <nd ref="9721690592"/>
  <nd ref="2955169337"/>
  <nd ref="2955168734"/>
  <tag k="natural" v="water"/>
  <tag k="source" v="Bing,2005-06"/>
  <tag k="water" v="river"/>
 </way>
 <way id="292006976" visible="true" version="9" changeset="120508907" timestamp="2022-05-03T17:18:49Z" user="AYAGE" uid="521665">
  <nd ref="749290900"/>
  <nd ref="2955168938"/>
  <nd ref="2955169134"/>
  <nd ref="9711851860"/>
  <nd ref="2955169436"/>
  <nd ref="9711851861"/>
  <nd ref="4287125483"/>
  <nd ref="2955168538"/>
  <nd ref="9711851862"/>
  <nd ref="2955137840"/>
  <nd ref="2955168439"/>
  <nd ref="9711851863"/>
  <nd ref="9711851864"/>
  <nd ref="9711851869"/>
  <nd ref="2955168440"/>
  <nd ref="9711851870"/>
  <nd ref="2955168441"/>
  <nd ref="9711851871"/>
  <nd ref="9711851872"/>
  <nd ref="9711851873"/>
  <nd ref="2955169537"/>
  <nd ref="4287125487"/>
  <nd ref="4287125488"/>
  <nd ref="2955169538"/>
  <nd ref="2955138947"/>
  <nd ref="4287125896"/>
  <nd ref="2955168539"/>
  <nd ref="4287125897"/>
  <nd ref="2955138440"/>
  <nd ref="2955168540"/>
  <nd ref="9711851876"/>
  <nd ref="2955169034"/>
  <nd ref="2955169035"/>
  <nd ref="9709482052"/>
  <nd ref="2955169835"/>
  <nd ref="9709482053"/>
  <nd ref="9709482054"/>
  <nd ref="2955169836"/>
  <nd ref="2955169135"/>
  <nd ref="9709482055"/>
  <nd ref="2955168442"/>
  <nd ref="2955168134"/>
  <nd ref="2955168235"/>
  <nd ref="9709482060"/>
  <nd ref="2955138948"/>
  <nd ref="9709482061"/>
  <nd ref="9709482062"/>
  <nd ref="2955168541"/>
  <nd ref="2955169238"/>
  <nd ref="9709482064"/>
  <nd ref="2955168836"/>
  <nd ref="2955168236"/>
  <nd ref="9709482065"/>
  <nd ref="2955142142"/>
  <nd ref="2955142143"/>
  <nd ref="9709482075"/>
  <nd ref="2955138842"/>
  <nd ref="9709482076"/>
  <nd ref="2955168336"/>
  <nd ref="9709482079"/>
  <nd ref="2955169635"/>
  <nd ref="2955169239"/>
  <nd ref="9709482082"/>
  <nd ref="2955138843"/>
  <nd ref="2955138949"/>
  <nd ref="9708427259"/>
  <nd ref="2955169136"/>
  <nd ref="9708427260"/>
  <nd ref="2955142144"/>
  <nd ref="2955169137"/>
  <nd ref="2955169138"/>
  <nd ref="9708427263"/>
  <nd ref="2955139138"/>
  <nd ref="9708427262"/>
  <nd ref="2955168337"/>
  <nd ref="9708427258"/>
  <nd ref="2955169539"/>
  <nd ref="2955169339"/>
  <nd ref="2955168338"/>
  <nd ref="9709482081"/>
  <nd ref="9709482078"/>
  <nd ref="2955168939"/>
  <nd ref="9709482077"/>
  <nd ref="2955138041"/>
  <nd ref="9709482070"/>
  <nd ref="9709482069"/>
  <nd ref="2955168443"/>
  <nd ref="2955169437"/>
  <nd ref="2955168444"/>
  <nd ref="9709482068"/>
  <nd ref="9709482067"/>
  <nd ref="2955168339"/>
  <nd ref="2955169540"/>
  <nd ref="2955142145"/>
  <nd ref="9710247674"/>
  <nd ref="9710247673"/>
  <nd ref="9710247669"/>
  <nd ref="9710247670"/>
  <nd ref="2955169438"/>
  <nd ref="9710247663"/>
  <nd ref="2955137841"/>
  <nd ref="9710247662"/>
  <nd ref="2955169636"/>
  <nd ref="2955139136"/>
  <nd ref="2955138637"/>
  <nd ref="2955142039"/>
  <nd ref="9710247664"/>
  <nd ref="2955168937"/>
  <nd ref="9710247667"/>
  <nd ref="2955169535"/>
  <nd ref="9710247672"/>
  <nd ref="9710247676"/>
  <nd ref="9710247675"/>
  <nd ref="2955138436"/>
  <nd ref="9710247677"/>
  <nd ref="2955138839"/>
  <nd ref="9710247678"/>
  <nd ref="2955138840"/>
  <nd ref="9710247679"/>
  <nd ref="2955138240"/>
  <nd ref="2955138437"/>
  <nd ref="9709482059"/>
  <nd ref="2955169338"/>
  <nd ref="2955138438"/>
  <nd ref="2955168635"/>
  <nd ref="9709482058"/>
  <nd ref="9709482057"/>
  <nd ref="2955138241"/>
  <nd ref="9709482056"/>
  <nd ref="2955168437"/>
  <nd ref="9709482051"/>
  <nd ref="2955138946"/>
  <nd ref="9709482050"/>
  <nd ref="2955169834"/>
  <nd ref="9709482049"/>
  <nd ref="2955168735"/>
  <nd ref="9709482048"/>
  <nd ref="2955138040"/>
  <nd ref="2955168636"/>
  <nd ref="4287125894"/>
  <nd ref="2955168537"/>
  <nd ref="4287125895"/>
  <nd ref="4287125893"/>
  <nd ref="4287125892"/>
  <nd ref="2955142140"/>
  <nd ref="2955138242"/>
  <nd ref="9711851875"/>
  <nd ref="2955142944"/>
  <nd ref="9711851874"/>
  <nd ref="2955168637"/>
  <nd ref="9711851868"/>
  <nd ref="2955168736"/>
  <nd ref="9711851867"/>
  <nd ref="9711851866"/>
  <nd ref="9711851858"/>
  <nd ref="9711851857"/>
  <nd ref="2955168737"/>
  <nd ref="2955142040"/>
  <nd ref="2955168638"/>
  <nd ref="9711851856"/>
  <nd ref="2955168438"/>
  <nd ref="2955138841"/>
  <nd ref="9711851855"/>
  <nd ref="749290900"/>
  <tag k="natural" v="water"/>
  <tag k="source" v="Bing,2005-06"/>
  <tag k="water" v="river"/>
 </way>
 <way id="309007207" visible="true" version="2" changeset="120480738" timestamp="2022-05-02T22:25:38Z" user="AYAGE" uid="521665">
  <nd ref="3143215729"/>
  <nd ref="3143215629"/>
  <nd ref="3143215430"/>
  <nd ref="9710247637"/>
  <nd ref="9710247636"/>
  <nd ref="3143215429"/>
  <nd ref="3143215129"/>
  <nd ref="9710247646"/>
  <nd ref="9710247645"/>
  <nd ref="3143215829"/>
  <nd ref="3143216029"/>
  <nd ref="9710247644"/>
  <nd ref="9710247643"/>
  <nd ref="3143215130"/>
  <nd ref="3143216129"/>
  <nd ref="3143215230"/>
  <nd ref="3143216030"/>
  <nd ref="3143216229"/>
  <nd ref="3143215431"/>
  <nd ref="3143215729"/>
  <tag k="abandoned" v="yes"/>
  <tag k="amenity" v="school"/>
 </way>
 <way id="523731161" visible="true" version="4" changeset="140264914" timestamp="2023-08-23T09:01:55Z" user="taketaketake" uid="4757277">
  <nd ref="749290900"/>
  <nd ref="749768411"/>
  <nd ref="749492159"/>
  <nd ref="748895628"/>
  <nd ref="9711851859"/>
  <nd ref="749257873"/>
  <nd ref="9711851865"/>
  <nd ref="749329603"/>
  <nd ref="749798409"/>
  <nd ref="749108244"/>
  <nd ref="749566963"/>
  <nd ref="748927597"/>
  <nd ref="749309464"/>
  <nd ref="749786037"/>
  <nd ref="749086429"/>
  <nd ref="749848541"/>
  <nd ref="749194741"/>
  <nd ref="749648745"/>
  <nd ref="748982597"/>
  <nd ref="749382749"/>
  <nd ref="749816505"/>
  <nd ref="749158252"/>
  <nd ref="749266411"/>
  <nd ref="749743519"/>
  <nd ref="749053111"/>
  <nd ref="749451921"/>
  <nd ref="749883391"/>
  <nd ref="749230523"/>
  <nd ref="749697778"/>
  <nd ref="749015498"/>
  <nd ref="749091350"/>
  <nd ref="749549762"/>
  <nd ref="748915999"/>
  <nd ref="749294777"/>
  <nd ref="749772828"/>
  <nd ref="749073870"/>
  <nd ref="749504066"/>
  <nd ref="748900856"/>
  <nd ref="748950614"/>
  <nd ref="749335190"/>
  <nd ref="749801006"/>
  <nd ref="749114038"/>
  <nd ref="749572432"/>
  <nd ref="748930797"/>
  <nd ref="749788742"/>
  <nd ref="749620050"/>
  <nd ref="748964062"/>
  <nd ref="9709482063"/>
  <nd ref="749352512"/>
  <nd ref="749807573"/>
  <nd ref="749029887"/>
  <tag k="name" v="柳井田川"/>
  <tag k="name:ja" v="柳井田川"/>
  <tag k="note" v="National-Land Numerical Information (River) 2006, MLIT Japan"/>
  <tag k="note:ja" v="国土数値情報(河川データ)平成18年国土交通省"/>
  <tag k="source" v="KSJ2"/>
  <tag k="source_ref" v="http://nlftp.mlit.go.jp/ksj/jpgis/datalist/KsjTmplt-W05.html"/>
  <tag k="waterway" v="river"/>
 </way>
 <way id="1056927680" visible="true" version="1" changeset="120508907" timestamp="2022-05-03T17:18:49Z" user="AYAGE" uid="521665">
  <nd ref="1336450309"/>
  <nd ref="9711816271"/>
  <nd ref="9711816270"/>
  <nd ref="9711816269"/>
  <nd ref="9711816268"/>
  <nd ref="9711816267"/>
  <nd ref="9711816266"/>
  <nd ref="9711816265"/>
  <nd ref="9711816264"/>
  <nd ref="9711816263"/>
  <nd ref="9711816262"/>
  <nd ref="9711816261"/>
  <nd ref="9711816260"/>
  <nd ref="9711816259"/>
  <nd ref="9711816258"/>
  <nd ref="9711816257"/>
  <nd ref="9711816256"/>
  <nd ref="9711816255"/>
  <nd ref="9711816254"/>
  <nd ref="9711816253"/>
  <nd ref="9711816252"/>
  <nd ref="9711816251"/>
  <nd ref="9711816250"/>
  <nd ref="9711816249"/>
  <nd ref="9711816248"/>
  <nd ref="9711816247"/>
  <nd ref="9711816246"/>
  <nd ref="9711816245"/>
  <nd ref="9711816244"/>
  <nd ref="9711816243"/>
  <nd ref="9711816242"/>
  <nd ref="9711816241"/>
  <nd ref="9711816240"/>
  <nd ref="9711816239"/>
  <nd ref="9711816238"/>
  <nd ref="9711816237"/>
  <nd ref="9711816236"/>
  <nd ref="9711816235"/>
  <nd ref="9711816234"/>
  <tag k="highway" v="unclassified"/>
 </way>
 <way id="1056927681" visible="true" version="1" changeset="120508907" timestamp="2022-05-03T17:18:49Z" user="AYAGE" uid="521665">
  <nd ref="9711816291"/>
  <nd ref="9711816274"/>
  <nd ref="9711816273"/>
  <tag k="highway" v="service"/>
 </way>
 <way id="1056927682" visible="true" version="1" changeset="120508907" timestamp="2022-05-03T17:18:49Z" user="AYAGE" uid="521665">
  <nd ref="9711816276"/>
  <nd ref="9711816275"/>
  <nd ref="9711816274"/>
  <nd ref="9711816272"/>
  <tag k="highway" v="service"/>
 </way>
 <way id="1056927683" visible="true" version="1" changeset="120508907" timestamp="2022-05-03T17:18:49Z" user="AYAGE" uid="521665">
  <nd ref="9711816275"/>
  <nd ref="9711816278"/>
  <nd ref="9711816273"/>
  <nd ref="9711816277"/>
  <nd ref="9711816272"/>
  <nd ref="9711816290"/>
  <tag k="highway" v="service"/>
 </way>
 <way id="1056927685" visible="true" version="1" changeset="120508907" timestamp="2022-05-03T17:18:49Z" user="AYAGE" uid="521665">
  <nd ref="9711816295"/>
  <nd ref="9711816296"/>
  <nd ref="9711816294"/>
  <nd ref="9711816276"/>
  <nd ref="9711816293"/>
  <nd ref="9711816292"/>
  <nd ref="9711816291"/>
  <nd ref="9711816290"/>
  <nd ref="9711816289"/>
  <nd ref="9711816288"/>
  <nd ref="9711816287"/>
  <nd ref="9711816286"/>
  <nd ref="9711816285"/>
  <nd ref="9711816284"/>
  <nd ref="9711816283"/>
  <nd ref="9711816282"/>
  <tag k="highway" v="residential"/>
  <tag k="layer" v="-1"/>
 </way>
 <way id="1056927686" visible="true" version="1" changeset="120508907" timestamp="2022-05-03T17:18:49Z" user="AYAGE" uid="521665">
  <nd ref="9711816296"/>
  <nd ref="9711816297"/>
  <nd ref="9711816298"/>
  <nd ref="9711816304"/>
  <nd ref="9711816305"/>
  <nd ref="9711816306"/>
  <nd ref="9711816307"/>
  <nd ref="9711816310"/>
  <nd ref="9711816309"/>
  <nd ref="9711816308"/>
  <tag k="highway" v="residential"/>
 </way>
 <way id="1056927687" visible="true" version="1" changeset="120508907" timestamp="2022-05-03T17:18:49Z" user="AYAGE" uid="521665">
  <nd ref="9711816299"/>
  <nd ref="9711816300"/>
  <nd ref="9711816301"/>
  <nd ref="9711816302"/>
  <nd ref="9711816303"/>
  <nd ref="9711816315"/>
  <nd ref="9711816304"/>
  <tag k="highway" v="residential"/>
 </way>
 <way id="1056927688" visible="true" version="1" changeset="120508907" timestamp="2022-05-03T17:18:49Z" user="AYAGE" uid="521665">
  <nd ref="1336445326"/>
  <nd ref="9711851719"/>
  <nd ref="9711816299"/>
  <nd ref="9711851718"/>
  <nd ref="9711851717"/>
  <nd ref="9711816316"/>
  <nd ref="9711816315"/>
  <nd ref="9711816314"/>
  <nd ref="9711816313"/>
  <nd ref="9711816312"/>
  <nd ref="9711816311"/>
  <nd ref="9711816310"/>
  <tag k="highway" v="residential"/>
 </way>
 <way id="1056927691" visible="true" version="1" changeset="120508907" timestamp="2022-05-03T17:18:49Z" user="AYAGE" uid="521665">
  <nd ref="9711851764"/>
  <nd ref="9711851757"/>
  <nd ref="9711851763"/>
  <nd ref="9711851762"/>
  <nd ref="9711851761"/>
  <nd ref="9711851754"/>
  <nd ref="9711851760"/>
  <nd ref="9711851759"/>
  <tag k="highway" v="residential"/>
 </way>
 <way id="1056927710" visible="true" version="1" changeset="120508907" timestamp="2022-05-03T17:18:49Z" user="AYAGE" uid="521665">
  <nd ref="9711851955"/>
  <nd ref="9711851954"/>
  <nd ref="9711851953"/>
  <nd ref="9711851952"/>
  <nd ref="9711851951"/>
  <nd ref="9711851950"/>
  <nd ref="9711851949"/>
  <nd ref="9711851948"/>
  <nd ref="9711851947"/>
  <nd ref="9711851946"/>
  <nd ref="9711851945"/>
  <nd ref="9711851944"/>
  <nd ref="9711851943"/>
  <nd ref="9711851942"/>
  <nd ref="9711851941"/>
  <nd ref="9711851940"/>
  <nd ref="9711851939"/>
  <nd ref="9711851938"/>
  <nd ref="9711851937"/>
  <nd ref="9711851936"/>
  <nd ref="9711851935"/>
  <nd ref="9711851934"/>
  <nd ref="9711851933"/>
  <nd ref="9711851932"/>
  <nd ref="9711851931"/>
  <tag k="highway" v="unclassified"/>
 </way>
</osm>
