都道府県コード又は市町村コード,No,都道府県名,市区町村名,事業所名,事業所名カナ,サービスの種類,住所,方書（ビル名等）,緯度,経度,電話番号,FAX番号,法人番号,法人の名称,事業所番号,利用可能曜日,利用可能曜日特記事項,定員,URL,高齢者の方と障害者の方が同時一体的に利用できるサービス,介護保険の通常の指定基準を満たしている,障害福祉の通常の指定基準を満たしている,備考
011011,01B0100011,北海道,札幌市中央区,札幌西円山病院介護医療院,サッポロニシマルヤマビョウイン　カイゴイリョウイン,介護医療院,北海道札幌市中央区円山西町4丁目7-25,,43.039961900000010,141.303213600000000,011-642-4121,011-642-4291,4430005001450,医療法人渓仁会,01B0100011,,,0,http://www.keijinkai.com/nishimaruyama/,,,,
011029,01B0200027,北海道,札幌市北区,長生会病院　介護医療院,チョウセイカイビョウイン　カイゴイリョウイン,介護医療院,北25条西16丁目2番1号,,43.091306000000000,141.324206700000000,011-726-4835,011-726-4279,,,01B0200027,,,46,http://choseikai.com,,,,
011037,01B0200019,北海道,札幌市東区,医療法人社団　英仁会　札苗病院　介護医療院,イリョウホウジンシャダン　エイジンカイ　サツナエビョウイン　カイゴイリョウイン,介護医療院,北海道札幌市東区東苗穂7条2丁目8番20号,,43.094958490977500,141.412749199999980,011-783-3311,011-783-3343,4430005001632,医療法人社団英仁会,01B0200019,,,,http://www.satsunae-hp.jp/,,,,
011053,01B0500046,北海道,札幌市豊平区,医療法人社団敬穏会介護医療院小坂病院,イリョウホウジンシャダンケイオンカイカイゴイリョウインコサカビョウイン,介護医療院,福住二条２丁目9番1号,,43.017057100000000,141.402006700000000,011-854-3161,011-854-3811,7430005001456,医療法人社団敬穏会,01B0500046,,,0,https://www.kosakabyoin.com,,,,
011061,01B0500020,北海道,札幌市南区,介護医療院　フローレンス,カイゴイリョウイン　フローレンス,介護医療院,北海道札幌市南区川沿13条2丁目1-38,,42.979599100000000,141.333794500000000,011-571-5670,011-572-8005,4430005001434,医療法人愛全会,01B0500020,,,,http://www.aizenkai.or.jp/,,,,
011070,01B0400015,北海道,札幌市西区,平和リハビリテーション病院　介護医療院,ヘイワリハビリテーションビョウイン　カイゴイリョウイン,介護医療院,北海道札幌市西区平和306番地1,,43.056153990047870,141.242742909648170,011-662-1771,011-662-1779,7430005001811,医療法人社団静和会,01B0400015,,,40,http://www.seiwa-kai.or.jp/heiwa-reha,,,,
011070,01B0400049,北海道,札幌市西区,介護医療院　博友会,カイゴイリョウイン　ハクユウカイ,介護医療院,西野2条7丁目1番1号,,43.080461000000000,141.276614400000000,011-661-1850,011-666-7933,9430005001504,医療法人タナカメディカル,01B0400049,,,0,https://tanakamedical.net,,,,
011070,01B0400031,北海道,札幌市西区,介護医療院札幌太田病院,カイゴイリョウインサッポロオオタビョウイン,介護医療院,山の手５条５丁目１番１号,,43.070760600000000,141.292039800000000,011-644-5111,011-644-5144,2430005001452,医療法人耕仁会,01B0400031,,,32,https://www.sapporo-ohta.or.jp/,,,,
011070,01B0400023,北海道,札幌市西区,勤医協札幌西区病院　介護医療院,キンイキョウサッポロニシクビョウイン　カイゴイリョウイン,介護医療院,北海道札幌市西区西町北１９丁目１−５勤医協札幌西区病院,勤医協札幌西区病院,43.086877500000000,141.276871400000000,011-663-5711,011-662-6128,3430005010758,公益社団法人北海道勤労者医療協会,01B0400023,,,0,http://www.kin-ikyo-nishiku.jp/,,,,
011100,01B0500012,北海道,札幌市清田区,介護医療院　しんえいの杜,カイゴイリョウイン　シンエイノモリ,介護医療院,北海道札幌市清田区真栄331番地真栄病院内2階,真栄病院内2階,42.978557599999990,141.444026300000000,011-886-7688,011-886-7687,1430005001461,尚仁会,01B0500012,,,0,http://www.syoujinkai.or.jp/mori/,,,,
012025,01B1400014,北海道,函館市,介護医療院喜郷,カイゴイリョウインキキョウ,介護医療院,北海道函館市桔梗１丁目１４番１号,,41.831000499999990,140.728995299999950,0138-34-7707,0138-34-7708,3440005000238,医療法人社団向仁会,01B1400014,,,,https://kojinkai1968.com/,,,,
012025,01B1400030,北海道,函館市,社会医療法人高橋病院　介護医療院,シャカイイリョウホウジンタカハシビョウイン　カイゴイリョウイン,介護医療院,北海道函館市時任町1番2号,,41.781388171126345,140.750299248114170,0138-78-1230,0138-78-1231,8440005000266,社会医療法人高橋病院,01B1400030,,,,https://www.takahashi-group.jp/kaigoiryoin/,,,,
012025,01B1400022,北海道,函館市,介護医療院　竹田病院,カイゴイリョウイン　タケダビョウイン,介護医療院,北海道函館市元町２９番２１号,,41.762840399999990,140.716203299999960,0138-26-5812,0138-22-2785,6440005000251,社団医療法人尚仁会,01B1400022,,,,https://www.takedahospital.or.jp,,,,
012025,01B1400048,北海道,函館市,医療法人聖仁会　森病院　介護医療院,イリョウホウジンセイジンカイ　モリビョウイン　カイゴイリョウイン,介護医療院,北海道函館市桔梗町５５７番地,,41.860333000000000,140.752863900000000,0138-47-2222,0138-47-2200,9440005000257,医療法人聖仁会,01B1400048,,,,http://www.seijinkai-mori.jp/seijinkai/mori/,,,,
012033,01B2000011,北海道,小樽市,本間内科医院介護医療院,ホンマナイカイインカイゴイリョウイン,介護医療院,北海道小樽市稲穂2丁目19番13号,,43.196660400000000,140.995738400000000,0134-25-3361,0134-25-3365,1430005012401,医療法人社団本間内科医院,01B2000011,,,10,https://www.honmanaika.com/,,,,
012041,01B2900012,北海道,旭川市,医療法人修彰会　沼﨑介護医療院,イリョウホウジンシュウショウカイ　ヌマザキカイゴイリョウイン,介護医療院,北海道旭川市8条通8丁目43番地,,43.773388700000000,142.363904700000030,0166-23-2090,0166-25-1053,,医療法人修彰会,01B2900012,,,0,,,,,
012041,01B2900038,北海道,旭川市,佐藤内科医院介護医療院,サトウナイカイインカイゴイリョウイン,介護医療院,北海道旭川市豊岡４条３丁目２番２号佐藤内科医院,佐藤内科医院,43.760313400000000,142.395953599999980,0166-32-3366,0166-32-2824,8450005000422,医療法人社団佐藤内科医院,01B2900038,,,17,http://www.ahmic21.ne.jp/satoh-naikasyonika/,,,,
012041,01B2900046,北海道,旭川市,医療法人清陵会藤井病院介護医療院,イリョウホウジンセイリョウカイフジイビョウインカイゴイリョウイン,介護医療院,北海道旭川市旭町１条３丁目８４１番地の１３８,,43.782679200000000,142.357184399999970,0166-51-1411,0166-51-1412,3450005000419,医療法人清陵会藤井病院,01B2900046,,,,http://www.fujii-hospital.net,,,,
012041,01B2900053,北海道,旭川市,医療法人社団心優会沼﨑介護医療院,イリョウホウジンシャダンシンユウカイヌマザキカイゴイリョウイン,介護医療院,北海道旭川市8条通8丁目43番地,,43.773321400000000,142.364181200000000,0166-23-2090,0166-25-1053,4430005001608,医療法人社団心優会,01B2900053,,,,http://shinyukai-r.or.jp,,,,
012041,01B2900061,北海道,旭川市,介護医療院　旭川高砂台病院,カイゴイリョウインアサヒカワタカサゴダイビョウイン,介護医療院,北海道旭川市高砂台１丁目１番２２号,,43.768306800000000,142.312437900000000,0166-61-5700,0166-61-5089,3450005000352,医療法人社団恩和会,01B2900061,,,,https://takasagodai.com/,,,,
012076,01B4600016,北海道,帯広市,公益財団法人北海道医療団　帯広西病院介護医療院,コウエキザイダンホウジンホッカイドウイリョウダン　オビヒロニシビョウインカイゴイリョウイン,介護医療院,北海道帯広市西23条南1丁目129番地,,42.922212400000000,143.125936200000000,0155-37-3330,0155-37-2038,4460105000498,公益財団法人北海道医療団,01B4600016,,,0,https://www.zhi.or.jp/n/,,,,
012092,01B5900019,北海道,夕張市,介護医療院夕張,カイゴイリョウインユウバリ,介護医療院,北海道夕張市若菜8番地12,,43.026698100000000,141.969882800000000,0123-57-7782,0123-57-7784,2430005001997,社会医療法人豊生会,01B5900019,,,,https://www.houseikai.or.jp/yubari/rouken.html,,,,
012114,01B5300012,北海道,網走市,網走中央病院　介護医療院,イリョウホウジンシャダン　アバシリチュウオウビョウイン　カイゴイリョウイン,介護医療院,北海道網走市南６条東１丁目７番地,,44.019618900000005,144.268527500000000,0152-44-8611,0152-44-1786,1460305002009,医療法人社団桜会,01B5300012,,,0,https://www.abashiri-chuo.or.jp/,,,,
012131,01B3600017,北海道,苫小牧市,医療法人社団玄洋会　道央佐藤病院介護医療院,イリョウホウジンシャダンゲンヨウカイ　ドウオウサトウビョウインカイゴイリョウイン,介護医療院,北海道苫小牧市字樽前234番地,,42.596335300000000,141.426966399999970,0144-67-0236,0144-67-3125,6430005008782,医療法人社団玄洋会,01B3600017,,,0,http://www/douousatou.or.jp/,,,,
012131,01B3600033,北海道,苫小牧市,苫都病院介護医療院,セントビョウインカイゴイリョウイン,介護医療院,北海道苫小牧市若草町５丁目１０番２１号苫都病院,苫都病院,42.642345800000000,141.607155700000000,0144-34-2135,0144-36-2769,7430005008773,医療法人社団嵩仁会,01B3600033,,,0,http://sento-med.com,,,,
012131,01B3600025,北海道,苫小牧市,苫小牧澄川病院介護医療院,トマコマイスミカワビョウインカイゴイリョウイン,介護医療院,苫小牧市澄川町７丁目９番１８号,,42.623846500000000,141.514628500000000,0144-67-3111,0144-67-3114,5430005001540,社会医療法人延山会,01B3600025,,,0,https://www.sumikawa-hp.com/,,,,
012157,01B6100015,北海道,美唄市,医療法人社団宏仁会しろした病院介護医療院,イリョウホウジンシャダンコウジンカイシロシタビョウインカイゴイリョウイン,介護医療院,北海道美唄市大通西1条北1丁目1番,,43.333279700000000,141.860219200000000,0126-63-2780,0126-62-5296,2430005006724,医療法人社団宏仁会しろした病院,01B6100015,,,0,,,,,
012157,01B6100023,北海道,美唄市,医療法人社団慶北会花田病院介護医療院はなまる,イリョウホウジンシャダンケイホクカイハナダビョウインカイゴイリョウインハナマル,介護医療院,北海道美唄市大通東１条北２丁目２番５号,,43.334239699999980,141.861437099999960,0126-68-8700,0126-62-3193,5430005006696,医療法人社団慶北会花田病院,01B6100023,,,60,http://hanada-hp.com,,,,
012173,01B1000012,北海道,江別市,友愛記念病院　介護医療院,ユウアイキネンビョウイン　カイゴイリョウイン,介護医療院,北海道江別市新栄台46番地の1,,43.108577000000000,141.512195400000000,011-383-4124,011-383-4275,7430005005688,医療法人友愛会,01B1000012,,,212,https://yuaikinen.or.jp/nursing-careclinic/,,,,
012289,01B7400018,北海道,深川市,深川第一病院　介護医療院,フカガワダイイチビョウイン　カイゴイリョウイン,介護医療院,北海道深川市あけぼの町１番１号,,43.741471100000010,142.035334900000000,0164-23-3511,0164-22-7176,7450005001578,社会医療法人アンリー・デュナン会,01B7400018,,,,http://www.henry-dunant.or.jp,,,,
012297,01B3000010,北海道,富良野市,介護医療院ふらの,カイゴイリョウインフラノ,介護医療院,北海道富良野市桂木町２番７７号,,43.350416200000000,142.379040300000000,0167-23ｰ6600,0167-22-3508,8450005002121,医療法人社団ふらの西病院,01B3000010,,,,https://www.furano.ne.jp/f-w-hosp/kaigoiryouin.html,,,,
012335,01B3700049,北海道,伊達市,交雄会だて病院介護医療院,コウユウカイダテビョウインカイゴイリョウイン,介護医療院,北海道伊達市山下町1番3,,42.468346814419990,140.858868777693350,0142-21-5551,0142-21-5552,4430005009650,医療法人交雄会,01B3700049,,,,https://koyukai-date.jp/,,,,
012335,01B3700015,北海道,伊達市,介護医療院　セイント・ヴィレッジ,カイゴイリョウイン　セイント・ウ゛ィレッジ,介護医療院,北海道伊達市舟岡町214番地28,,42.467009142938240,140.882723053742470,0142-82-9351,0142-82-9354,8430005009754,社会医療法人慈恵会,01B3700015,,,120,http://www.jikeikai.or.jp,,,,
012343,01B1300016,北海道,北広島市,医療法人社団西の里恵仁会病院　介護医療院,イリョウホウジンシャダンニシノサトケイジンカイビョウイン　カイゴイリョウイン,介護医療院,北海道北広島市西の里506番地,,43.014894865245566,141.497391947254130,011-375-3225,011-375-3325,2430005004760,医療法人社団西の里恵仁会病院,01B1300016,,,0,http://www.nsk-hp.jp/,,,,
012343,01B1300024,北海道,北広島市,介護医療院　えみの里順天,カイゴイリョウイン　エミノサトジュンテン,介護医療院,北海道北広島市大曲６９５番地,,43.005712300000000,141.492275700000000,011-377-8000,011-377-2200,9430005004770,医療法人社団哲栄会,01B1300024,,,,http://www.junten.jp/,,,,
012351,01B7600013,北海道,石狩市,医療法人社団恵愛会茨戸病院　介護医療院,イリョウホウジンシャダンケイアイカイバラトビョウイン　カイゴイリョウイン,介護医療院,北海道石狩市花川東128番地14,,43.168112800000000,141.343049300000000,0133-74-3011,0133-74-3013,3430005004644,医療法人社団恵愛会茨戸病院,01B7600013,,,56,http://barato-hospital.or.jp/,,,,
013374,01B1500011,北海道,七飯町,介護医療院　望ヶ丘医院,カイゴイリョウイン　ノゾミガオカイイン,介護医療院,北海道亀田郡七飯町大川三丁目5番28号,,41.855951700000000,140.721357600000030,0138-65-9101,0138-65-9226,2440005001286,医療法人社団慈友会,01B1500011,,,0,http://www.nozomi.me/,,,,
013943,01B2200017,北海道,蘭越町,昆布温泉介護医療院,コンブオンセンビョウインカイゴイリョウイン,介護医療院,北海道磯谷郡蘭越町字黄金118番地,,42.801066046692660,140.601922903764910,0136-58-2231,0136-58-2906,7430005001811,医療法人社団静和会,01B2200017,,,0,http://www.seiwa-kai.or.jp/konbu-hosp/index.html,,,,
014061,01B2500036,北海道,古平町,古平町介護医療院海のまちクリニック,フルビラチョウカイゴイリョウインウミノマチクリニック,介護医療院,北海道古平郡古平町大字浜町644番地1,,43.257871500000000,140.635240900000000,0135-48-6035,0135-48-6036,1000020014061,古平町,01B2500036,,,0,https://town.furubira.lg.jp,,,,
014087,01B2500028,北海道,余市町,介護医療院なかじま,カイゴイリョウインナカジマ,介護医療院,北海道余市郡余市町黒川町3丁目109番地,,43.188348300000010,140.791606900000030,0135-22-3866,0135-22-7457,4430005008231,医療法人社団滋恒会,01B2500028,,,0,http://nakajima.hajimeyoo.com,,,,
014087,01B2500010,北海道,余市町,医療法人社団倫仁会　介護医療院こじま,イリョウホウジンシャダンリンジンカイ　カイゴイリョウインコジマ,介護医療院,北海道余市郡余市町黒川町7-13小嶋内科,小嶋内科,43.186816900000000,140.792005900000050,0135222245,0135222551,7430005008096,医療法人社団倫仁会,01B2500010,,,24,http://rinjinkai.or.jp/,,,,
014575,01B3100018,北海道,上川町,上川町介護医療院つつじ苑,カミカワチョウカイゴイリョウインツツジエン,介護医療院,北海道上川郡上川町花園町175番地,,43.851657300000000,142.767536200000000,01658-2-1231,01658-2-3908,8000020014575,上川町,01B3100018,,,0,,,,,
014605,01B3000028,北海道,上富良野町,介護医療院上富良野,カイゴイリョウインカミフラノ,介護医療院,北海道空知郡上富良野町大町３丁目２番２０号,,43.454364100000000,142.466116900000000,0167-45-3171,0167-45-4578,3000020014605,上富良野町,01B3000028,,,,,,,,
015113,01B6700020,北海道,猿払村,猿払村介護医療院,サルフツムラカイゴイリョウイン,介護医療院,北海道宗谷郡猿払村鬼志別北町28番地,,45.331920600000000,142.117736700000000,01635-2-3331,01635-2-3480,6000020015113,猿払村,01B6700020,,,,,,,,
015130,01B6700012,北海道,中頓別町,中頓別町国民健康保険病院介護医療院,ナカトンベツチョウコクミンケンコウホケンビョウインカイゴイリョウイン,介護医療院,北海道枝幸郡中頓別町字中頓別175番地中頓別町国民健康保険病院,中頓別町国民健康保険病院,44.970444400000000,142.283527800000000,01634-6-1131,01634-6-1132,5000020015130,中頓別町,01B6700012,,,16,http://sites.google.com/view/nakatombetsu-town-hospital/ホーム,,,,
015474,01B5300020,北海道,小清水町,小清水赤十字病院,コシミズセキジュウジビョウイン,介護医療院,北海道斜里郡小清水町南町2丁目3番3号,,43.855511700000000,144.459732500000000,0152-62-2121,0152-62-3144,6010405002452,日本赤十字社,01B5300020,,,12,http://www.phoenix-c.or.jp/~krchp/,,,,
015555,01B5400010,北海道,遠軽町,医療法人縁紡会遠軽共立医院介護医療院,イリョウホウジンエンボウカイエンガルキョウリツイインカイゴイリョウイン,介護医療院,北海道紋別郡遠軽町大通北１丁目３番地,,44.059556500000010,143.525463900000000,0158-42-5215,0158-42-0776,7460305001896,医療法人縁紡会,01B5400010,,,56,,,,,
015784,01B3600041,北海道,白老町,白老町立介護医療院　えみえみ,シラオイチョウリツカイゴイリョウイン　エミエミ,介護医療院,北海道白老郡白老町日の出町3丁目1番1号,,42.557571942719400,141.367724635581960,0144-84-7805,0144-84-7806,3000020015784,白老町,01B3600041,,,,http://medical.hokkaido.shiraoi.jp,,,,
015849,01B3700023,北海道,洞爺湖町,介護医療院　なのはな,カイゴイリョウイン　ナノハナ,介護医療院,北海道虻田郡洞爺湖町洞爺町５４番地４１,,42.656196329071880,140.831438881753570,0142-87-2311,0142-87-2260,8430005003369,医療法人社団ＣＨＣＰヘルスケアシステム,01B3700023,,,,https://www.toya-onsen-hospital.or.jp/,,,,
016012,01B3800021,北海道,日高町,日高町立介護医療院門別愛生苑,ヒダカチョウリツカイゴイリョウインモンベツアイセイエン,介護医療院,北海道沙流郡日高町門別本町２９番地の３,,42.480236600000000,142.069129100000000,01456-2-6611,01456-2-6600,6000020016012,日高町,01B3800021,,,0,,,,,
016101,01B3800013,北海道,新ひだか町,医療法人社団静和会石井病院介護医療院,イリョウホウジンシャダンセイワカイイシイビョウインカイゴイリョウイン,介護医療院,北海道日高郡新ひだか町静内高砂町３丁目３番１号,,42.350118999999990,142.364044000000000,0146-42-3031,0146-43-3389,9430005009290,医療法人社団静和会石井病院,01B3800013,,,,http://www.ishii-hp.jp/,,,,
016365,01B4700014,北海道,清水町,介護医療院　みかげ,カイゴイリョウインミカゲ,介護医療院,北海道上川郡清水町御影西二条三丁目13,,42.945999800000000,142.936257600000000,0156-63-3711,0156-67-7044,2460105002067,医療法人社団星光会,01B4700014,,,,https://www.seikoukai-mikage.or.jp,,,,
016926,01B4200015,北海道,中標津町,医療法人樹恵会　介護医療院みらいプラス,イリョウホウジンジュケイカイ　カイゴイリョウインミライプラス,介護医療院,北海道標津郡中標津町りんどう町5番地６,,43.543999500000010,144.927558800000000,0153-72-9112,0153-72-9151,2462505000006,医療法人樹恵会,01B4200015,,,0,http://www.ishida-hp.jp/,,,,
022012,02B0100010,青森県,青森市,介護医療院　石木医院,カイゴイリョウイン　イシキイイン,介護医療院,青森県青森市大字浅虫字蛍谷65番地37,,40.889580100000000,140.862848799999940,017-752-3015,017-737-5122,6420005002159,医療法人蛍慈会,02B0100010,,,0,,,,,
022012,02B0100028,青森県,青森市,介護医療院　白取医院,カイゴイリョウイン　シラトリイイン,介護医療院,青森県青森市大字高田字川瀬２９４番地９,,40.768222001791110,140.722828933798950,017-739-2342,017-739-1074,2420005000711,医療法人柏葉会,02B0100028,,,0,,,,,
022012,02B0100036,青森県,青森市,介護医療院カトレア,カイゴイリョウインカトレア,介護医療院,高田川瀬110－1,,40.761587100000010,140.720812700000000,017-739-6100,017-739-3636,9420005000424,社会福祉法人　平元会,02B0100036,,,0,https://heigenkai.jp/,,,,
022021,02B0200018,青森県,弘前市,梅村介護医療院,ウメムラカイゴイリョウイン,介護医療院,青森県弘前市石渡一丁目1番地6,,40.626456700000000,140.454463300000040,0172-32-3593,0172-33-1147,1420005004325,医療法人　芳真会,02B0200018,,,0,,,,,
022021,02B0200034,青森県,弘前市,医療法人聖誠会オリーブ介護医療院,イリョウホウジンセイセイカイオリーブカイゴイリョウイン,介護医療院,青森県弘前市大字新町１５１番地,,40.607154400000006,140.455273600000030,0172-34-3252,0172-34-3253,9420005004301,医療法人聖誠会,02B0200034,,,,http://www.myclinic.ne.jp/ishizawa,,,,
022021,02B0200026,青森県,弘前市,介護医療院くどう,カイゴイリョウインクドウ,介護医療院,青森県弘前市大字石川字石川97番地,,40.552452200000000,140.543095700000000,0172-92-3316,0172-92-2612,1420005004275,医療法人恩幸会,02B0200026,,,0,,,,,
022039,02B0300016,青森県,八戸市,湊病院介護医療院,ミナトビョウインカイゴイリョウイン,介護医療院,青森県八戸市大字新井田字松山下野場7番地15,,40.503924100000020,141.533987300000030,0178-25-0011,0178-25-2712,1420005002725,医療法人清照会,02B0300016,,,48,https://www.seishou.jp/careclinic/,,,,
022039,02B0300024,青森県,八戸市,みちのく記念病院介護医療院,ミチノクキネンビョウインカイゴイリョウイン,介護医療院,青森県八戸市小中野４丁目１番６０号,,40.519572700000000,141.508138100000000,0178-22-3999,0178-46-4625,5013205001344,医療法人杏林会,02B0300024,,,0,,,,,
022055,02B0500029,青森県,五所川原市,医療法人慈仁会　尾野病院,イリョウホウジンジジンカイ　オノビョウイン,介護医療院,青森県五所川原市金木町朝日山453,,40.903485652124765,140.453265049073800,0173-53-2071,0173-53-3420,1420005003797,医療法人慈仁会,02B0500029,,,,http://www.ono-hospital.com,,,,
022098,02B0900013,青森県,つがる市,医療法人誠仁会　介護医療院　尾野病院,イリョウホウジンセイジンカイ　カイゴイリョウイン　オノビョウイン,介護医療院,青森県つがる市木造若竹5,,40.807789100000000,140.391910400000000,0173-42-2133,0173-42-3834,3420005003936,医療法人誠仁会　尾野病院,02B0900013,,,0,http://www.aomori-seijinkai.or.jp,,,,
022101,02B1000011,青森県,平川市,みらい会介護医療院,ミライカイカイゴイリョウイン,介護医療院,青森県平川市柏木町藤山37-5,,40.585784300000000,140.563392199999950,0172-44-3100,0172-44-7590,9420005004961,医療法人みらい会,02B1000011,,,0,https://miraikai.cloud-line.com/kaigoiryouinn/,,,,
024121,02B2500019,青森県,おいらせ町,石田温泉病院介護医療院,イシダオンセンビョウインカイゴイリョウイン,介護医療院,青森県上北郡おいらせ町上前田２１－１,,40.602548900000000,141.431292100000040,0178-52-3611,0178-52-3612,4420005006005,医療法人正恵会,02B2500019,,,40,https://seikeikai-ao.jp,,,,
032018,03B0100027,岩手県,盛岡市,渋民中央病院介護医療院,シブタミチュウオウビョウインカイゴイリョウイン,介護医療院,岩手県盛岡市渋民字大前田53番地2,,39.837654100000010,141.164913400000000,019-683-2336,019-683-2435,6400005002573,医療法人仁妙光会,03B0100027,,,0,http://shibutamihp.byoinnavi.jp,,,,
032018,03B0100050,岩手県,盛岡市,松園病院介護医療院,マツゾノビョウインカイゴイリョウイン,介護医療院,岩手県盛岡市北松園四丁目36番75号,,39.762244200000000,141.177417900000000,019-662-6111,019-661-2090,3400005000687,医療法人共生会,03B0100050,,,,https://matsuzono.jp/kaigoiryouin_information/,,,,
032018,03B0100019,岩手県,盛岡市,介護医療院おいかわ内科クリニック,カイゴイリョウインオイカワナイカクリニック,介護医療院,岩手県盛岡市上田1丁目18番46号,,39.711036000000000,141.140857000000000,019-622-7400,019-652-3373,7400005005575,医療法人天音会,03B0100019,,,,http://www.o-med.net,,,,
032018,03B0100035,岩手県,盛岡市,介護医療院とおやま,カイゴイリョウイントオヤマ,介護医療院,岩手県盛岡市下ノ橋町６－１４,,39.697155400000000,141.149081200000000,019-651-2111,019-624-6060,5400005000677,医療法人遠山病院,03B0100035,,,0,http://www.toyama-byouin.jp,,,,
032018,03B0100043,岩手県,盛岡市,鎌田内科クリニック介護医療院,カマタナイカクリニックカイゴイリョウイン,介護医療院,岩手県盛岡市本宮2-20-1,,39.688806700000000,141.137672500000000,019-636-1725,019-635-2918,7400005000642,医療法人久遠会,03B0100043,,,18,https://www.kamata-cl.com,,,,
032018,03B0100068,岩手県,盛岡市,介護医療院フォーユーみたけ,カイゴイリョウインフォーユーミタケ,介護医療院,岩手県盛岡市みたけ3丁目11番36号,,39.738143000000000,141.113724600000000,019-648-5088,016-601-3118,9400005000970,医療法人敬心会,03B0100068,,,,,,,,
032051,03B0500010,岩手県,花巻市,イーハトーブ介護医療院,イーハトーブカイゴイリョウイン,介護医療院,岩手県花巻市湯口字志戸平14番地1,,39.418984599999980,141.012503400000000,0198-38-5656,0198-38-5666,5013205001344,医療法人杏林会,03B0500010,,,,,,,,
032077,03B0700016,岩手県,久慈市,久慈恵愛病院介護医療院,クジケイアイビョウインカイゴイリョウイン,介護医療院,岩手県久慈市湊町第17地割100番地,,40.200896227940610,141.790333117196670,0194-52-2311,0194-52-2315,5400005005024,社団医療法人祥和会,03B0700016,,,,https://kujikeiai.jimdofree.com/,,,,
042111,04B1100017,宮城県,岩沼市,南浜中央病院介護医療院,ミナミハマチュウオウビョウインカイゴイリョウイン,介護医療院,宮城県岩沼市寺島字北新田111番地,,38.083890400000000,140.919014300000000,0223-36-8875,0223-24-1892,7370805000119,医療法人松涛会,04B1100017,,,42,https://minamihama.or.jp/,,,,
042153,04B1500018,宮城県,大崎市,古川民主病院介護医療院,フルカワミンシュビョウインカイゴイリョウイン,介護医療院,宮城県大崎市古川駅東2-11-14,,38.573234600000000,140.974292100000000,0229-23-5521,0229-24-1544,9370605000630,公益財団法人宮城厚生協会,04B1500018,,,0,http://www.m-kousei.com,,,,
044016,04B2600015,宮城県,松島町,介護医療院松島みどりの家,カイゴイリョウインマツシマミドリノイエ,介護医療院,宮城県宮城郡松島町高城字浜1番地26,,38.378261200000000,141.070167700000000,022-354-2126,022-354-2127,2370605000075,医療法人友仁会,04B2600015,,,0,http://www.matushimahosupital.com/kaigoirouin/,,,,
052027,05B0200015,秋田県,能代市,介護医療院　京病院,カイゴイリョウイン　キョウビョウイン,介護医療院,能代市大町1番8号,,40.212697600000000,140.026441100000060,0185-52-1315,0185-89-4008,1410005003765,医療法人　京回生会,05B0200015,,,0,http://kyohospital.com/kaiseikai/,,,,
052043,05B0400011,秋田県,大館市,介護医療院西大館病院,カイゴイリョウインニシオオダテビョウイン,介護医療院,秋田県大館市川口字上野6番地125,,40.279040900000000,140.475329700000000,0186-49-3211,0186-49-3213,7410005002919,医療法人光智会,05B0400011,,,170,https://kochikai.jp,,,,
052078,05B0700014,秋田県,湯沢市,医療法人小野崎医院　介護医療院,イリョウホウジンオノザキイイン　カイゴイリョウイン,介護医療院,秋田県湯沢市表町3-1-29,,39.166827200000000,140.490777600000000,0183-73-2540,0183-72-6961,6410005002465,医療法人小野崎医院,05B0700014,,,14,http://www.onozaki-h.or.jp/,,,,
052078,05B0700022,秋田県,湯沢市,介護医療院　菅医院,カイゴイリョウイン　スガイイン,介護医療院,秋田県湯沢市小野字東堺77番地1,,39.064526660526650,140.454872582139600,0183-52-2000,0183-52-2717,5410005002615,医療法人せいとく会,05B0700022,,,0,,,,,
052094,05B0900014,秋田県,鹿角市,大湯リハビリ温泉病院介護医療院,オオユリハビリオンセンビョウインカイゴイリョウイン,介護医療院,秋田県鹿角市十和田大湯字湯ノ岱１６番２,,40.298878900000000,140.839693200000060,0186-37-3511,0186-37-3483,9410005003436,医療法人楽山会,05B0900014,,,0,https://oyu-reha.com/,,,,
052094,05B0900028,秋田県,鹿角市,鹿角中央病院・介護医療院,カヅノチュウオウビョウイン・カイゴイリョウイン,介護医療院,秋田県鹿角市花輪字六月田97番地,,40.200308199999990,140.789913400000000,0186-23-4131,0186-23-3330,4410005003432,医療法人　恵愛会,05B0900028,,,0,http://keiai4131.cloudfree.jp,,,,
052108,05B0500018,秋田県,由利本荘市,由利本荘医師会病院介護医療院,ユリホンジョウイシカイビョウインカイゴイリョウイン,介護医療院,秋田県由利本荘市水林456番地4,,39.377504600000030,140.025572500000040,0184-22-0054,0184-22-6738,9410005002058,一般社団法人由利本荘医師会,05B0500018,,,0,http://yurihon-hospital.jp/,,,,
062014,06B0100016,山形県,山形市,長岡医院　介護医療院,ナガオカイイン　カイゴイリョウイン,介護医療院,山形県山形市七日町四丁目５－２０,,38.253032100000020,140.345125100000020,023-622-1191,023-633-8768,,,06B0100016,,,0,,,,,
062022,06B0400010,山形県,米沢市,介護医療院松田外科医院,カイゴイリョウインマツダゲカイイン,介護医療院,山形県米沢市城西4-4-25,,37.912035700000000,140.094159000000000,0238-21-1155,0238-21-1139,,,06B0400010,,,,,,,,
062022,06B0400028,山形県,米沢市,三友堂介護医療院,サンユウドウカイゴイリョウイン,介護医療院,山形県米沢市成島町３丁目２番９０号,,37.922967100000000,140.090297100000000,0238-21-8100,0238-21-8119,4390005006215,一般財団法人三友堂病院,06B0400028,,,0,https://kaigoiryouin.sanyudo.or.jp,,,,
062090,06B1500016,山形県,長井市,吉川記念病院介護医療院,ヨシカワキネンビョウインカイゴイリョウイン,介護医療院,山形県長井市成田1888-1,,38.131623596220670,140.036236882803340,0238-87-8000,0238-83-1212,9390005007258,医療法人杏山会,06B1500016,,,0,https://yoshikawa-hp.com/,,,,
062103,06B1600014,山形県,天童市,天童温泉篠田介護医療院,テンドウオンセンシノダカイゴイリョウイン,介護医療院,鎌田1-7-1,,38.360368000000000,140.384818800000000,023-653-5711,023-653-1327,7390005000578,医療法人篠田好生会,06B1600014,,,60,https://www.tendo-shinoda.jp/,,,,
064017,06B2700011,山形県,小国町,小国町立病院介護医療院,オグニチョウリツビョウインカイゴイリョウイン,介護医療院,山形県西置賜郡小国町大字あけぼの一丁目１番地,,38.058533713903160,139.756075160713240,0238-61-1111,0238-61-1115,9000020064017,小国町,06B2700011,,,,https://www.ogunibyoin.jp/,,,,
064262,06B3000015,山形県,三川町,三川病院介護医療院,ミカワビョウインカイゴイリョウイン,介護医療院,山形県東田川郡三川町大字横山字堤３９番三川病院内,三川病院内,38.787386429964280,139.851165787033070,0235-68-0150,0235-68-0171,7390005005032,医療法人社団愛陽会,06B3000015,,,,https://www.aiyoukai-mikawahp.com/,,,,
072028,07B0200013,福島県,会津若松市,介護医療院　さくら,カイゴイリョウイン　サクラ,介護医療院,福島県会津若松市宮町１-１,,37.495177900000000,139.933561799999980,0242-22-4075,0242-22-4078,7380005010462,公益財団法人穴澤病院,07B0200013,,,0,http://www.sakura-anazawa..jp,,,,
072036,07B0300011,福島県,郡山市,土屋病院介護医療院,ツチヤビョウインカイゴイリョウイン,介護医療院,福島県郡山市字山崎76番1,,37.378008300000000,140.367627399999950,024-932-5425,024-932-5450,8380005002797,医療法人慈繁会,07B0300011,,,0,https://jihankai.jp/,,,,
072036,07B0300045,福島県,郡山市,介護医療院　紫泉の里,カイゴイリョウイン　シセンノサト,介護医療院,福島県郡山市田村町岩作字穂多礼218,,37.321908299999976,140.414602500000030,024-955-2700,024-955-2188,8380005002797,医療法人慈繁会,07B0300045,,,,https://jihankai.jp/shisen/,,,,
072036,07B0300029,福島県,郡山市,寿泉堂香久山病院　介護医療院,ジュセンドウカグヤマビョウイン　カイゴイリョウイン,介護医療院,福島県郡山市香久池一丁目18番11号,,37.381706513978900,140.369867855155900,024-932-6368,024-922-7178,2380005002489,公益財団法人湯浅報恩会,07B0300029,,,51,http://www.jusendo.or.jp/kgy,,,,
072036,07B0300037,福島県,郡山市,郡山市医療介護病院介護医療院,コオリヤマシイリョウカイゴビョウインカイゴイリョウイン,介護医療院,福島県郡山市字上亀田１番地の１,,37.408525200000000,140.345839100000000,024-934-1240,024-934-1070,7380005002492,一般社団法人郡山医師会,07B0300037,,,0,http://bigheart-hp.net/,,,,
072044,07B0400043,福島県,いわき市,社団医療法人　容雅会　中村病院介護医療院,シャダンイリョウホウジン　ヨウガカイ　ナカムラビョウインカイゴイリョウイン,介護医療院,福島県いわき市小名浜大原字下小滝146-2,,36.961305200000000,140.897269800000000,0246-53-3141,0246-54-1503,2380005005822,社団医療法人容雅会,07B0400043,,,,,,,,
072044,07B0400050,福島県,いわき市,医療法人　双美会　クリニック田畑,イリョウホウジン　フタミカイ　クリニックタバタ,介護医療院,福島県いわき市中岡町3丁目7-3,,36.921430200000000,140.782658300000000,0246-63-1476,0246-63-1496,3380005005796,医療法人　双美会,07B0400050,,,,,,,,
072044,07B0400035,福島県,いわき市,呉羽総合病院　介護医療院,クレハソウゴウビョウイン　カイゴイリョウイン,介護医療院,福島県いわき市錦町落合1番地1,,36.899914200000000,140.782551700000000,0246-62-8505,0246-62-7052,4380005005762,社団医療法人呉羽会,07B0400035,,,,,,,,
072044,07B0400084,福島県,いわき市,矢吹病院介護医療院,ヤブキビョウインカイゴイリョウイン,介護医療院,福島県いわき市佐糠町東1丁目18-3,,36.917878100000000,140.804798900000000,0246-63-1818,0246-62-5043,9380005005832,社団医療法人尚佑会,07B0400084,,,,https://yabuki-hp.skr.jp/,,,,
072044,07B0400068,福島県,いわき市,春山医院　介護医療院,ハルヤマイイン　カイゴイリョウイン,介護医療院,福島県いわき市常磐下湯長谷町二丁目1番地,,36.990875700000000,140.855846000000000,0246-44-4011,0246-44-4012,1380005005773,医療法人春陽会,07B0400068,,,15,http://syunyoukai.sakura.ne.jp/,,,,
072044,07B0400019,福島県,いわき市,小名浜生協病院　介護医療院,オナハマセイキョウビョウイン　カイゴイリョウイン,介護医療院,福島県いわき市小名浜岡小名字山ノ神３２番地,,36.970533300000000,140.909553299999970,0246-53-4374,0246-54-2642,7380005005875,浜通り医療生活協同組合,07B0400019,,,0,UＲＬ:http://www.hamadоri-cооp.jp/,,,,
072044,07B0400076,福島県,いわき市,医療法人松尾会松尾病院　介護医療院,イリョウホウジンマツオカイマツオビョウイン　カイゴイリョウイン,介護医療院,福島県いわき市平字新田前2番地の５医療法人松尾会　松尾病院介護医療院,医療法人松尾会　松尾病院介護医療院,37.050321100000000,140.896050100000000,0246-22-4421,0246-88-1715,3380005005763,医療法人松尾会,07B0400076,,,0,matsuo-iwaki.or.jp,,,,
072044,07B0400027,福島県,いわき市,かしま病院介護医療院,カシマビョウインカイゴイリョウイン,介護医療院,福島県いわき市鹿島町下蔵持字中沢目22-1,,36.992945700000000,140.911182400000030,0246-58-8010,0246-58-8088,7380005005768,社団医療法人養生会,07B0400027,,,0,http://www.kashima.jp,,,,
072087,07B0800028,福島県,喜多方市,介護医療院いりさわ,カイゴイリョウインイリサワ,介護医療院,福島県喜多方市字蒔田3106番地の2,,37.655779200000020,139.882291900000000,0241-22-2610,0241-22-2089,4380005009284,社会福祉法人啓和会,07B0800028,,,0,https://keiwakai.net/,,,,
072087,07B0800036,福島県,喜多方市,介護医療院　鳴瀬病院,カイゴイリョウイン　ナルセビョウイン,介護医療院,福島県喜多方市字稲荷宮7307番地の1,,37.646786700000000,139.877019900000000,0241-24-3333,0241-24-3770,9380005009627,医療法人爽陽会,07B0800036,,,0,,,,,
072125,07B1200012,福島県,南相馬市,小野田病院介護医療院,オノダビョウインカイゴイリョウイン,介護医療院,福島県南相馬市原町区旭町3-21,,37.636396700000000,140.968941999999970,0244-24-1111,0244-22-2125,5380005006966,相雲会,07B1200012,,,0,www.onodahp.or.jp,,,,
072141,07B1400018,福島県,本宮市,介護医療院　うぐいすの森,カイゴイリョウイン　ウグイスノモリ,介護医療院,福島県本宮市青田字花掛20番地,,37.502261070655910,140.392996901188670,0243-24-8720,2043-34-3307,2380005004295,医療法人落合会,07B1400018,,,,https://www.ochiaikai.jp/,,,,
082023,08B0200012,茨城県,日立市,医療法人惇慈会日立港病院介護医療院,イリョウホウジンジュンジカイヒタチコウビョウインカイゴイリョウイン,介護医療院,茨城県日立市みなと町１１番１０号,,36.495476700000000,140.619572800000000,０２９４－５２－３５７６,０２９４－５２－５１１６,2050005007182,医療法人惇慈会,08B0200012,,,48,http://hitachikoh‐hp.com/,,,,
082023,08B0200020,茨城県,日立市,日鉱記念病院　介護医療院,ニッコウキネンビョウイン　カイゴイリョウイン,介護医療院,茨城県日立市宮田町1-4-1,,36.601151864597970,140.649568300000000,0294-24-1212,0294-24-1216,9050005007176,医療法人社団日鉱記念病院,08B0200020,,,0,http://nikko-memorial-hos.or.jp/,,,,
082031,08B0300010,茨城県,土浦市,土浦リハビリテーション病院介護医療院,ツチウラリハビリテーションビョウインカイゴイリョウイン,介護医療院,茨城県土浦市真鍋新町11-7,,36.089827400000000,140.209730700000000,029-875-7888,029-875-7771,2050005008998,社会医療法人若竹会,08B0300010,,,0,https://www.central.or.jp/iryoin/,,,,
082040,08B0400018,茨城県,古河市,介護医療院ゆりの木,カイゴイリョウインユリノキ,介護医療院,坂間185-11,,36.164700900000000,139.708897500000000,0280-48-7575,0280-48-7566,4050005005572,医療法人浩悦会,08B0400018,,,,http://hama-cl.byoinnavi.jp/pc/,,,,
082082,08B0800019,茨城県,龍ヶ崎市,牛尾病院介護医療院,ウシオビョウインカイゴイリョウイン,介護医療院,茨城県龍ケ崎市馴柴町1-15-1,,35.929299600000000,140.147995700000000,0297-66-6333,0297-66-6138,1050005007662,医療法人竜仁会,08B0800019,,,60,http://www.ryujinkai.or.jp/,,,,
082121,08B1200011,茨城県,常陸太田市,介護医療院太田病院,カイゴイリョウインオオタビョウイン,介護医療院,茨城県常陸太田市中城町１７３番地,,36.544751800000000,140.521561200000000,0294-72-2580,0294-72-2713,4050005008154,医療法人一路会,08B1200011,,,0,,,,,
082121,08B1200029,茨城県,常陸太田市,介護医療院　はすみ敬愛,カイゴイリョウイン　ハスミケイアイ,介護医療院,茨城県常陸太田市木崎二町　931-2,,36.531863300000000,140.524475700000000,0294-72-5121,0294-72-5124,1050005008157,医療法人貞心会,08B1200029,,,,https://nishiyamado.teishinkai.or.jp,,,,
082155,08B1500014,茨城県,北茨城市,瀧病院　介護医療院,タキビョウイン　カイゴイリョウイン,介護医療院,茨城県北茨城市磯原町磯原2-305,,36.791152200000000,140.739804200000000,0293-42-1221,0293-42-1223,4050005007412,医療法人芳医会,08B1500014,,,0,https://www.takih.jp/info.html,,,,
082171,08B1700010,茨城県,取手市,にしまぎ介護医療院,ニシマギカイゴイリョウイン,介護医療院,戸頭1-8-21,,35.919031900000000,140.012922900000000,0297-78-3365,0297-86-6052,3050005008782,医療法人　西秀会,08B1700010,,,27,https://nishimagi-hospital.com/,,,,
082210,08B2100020,茨城県,ひたちなか市,茨城県ひたちなか市６１６番地の１,イバラキケンヒタチナカシホリグチ,介護医療院,茨城県ひたちなか市堀口６１６－１,,36.391757499999990,140.516126700000000,029-271-3409,029-271-3419,6050005002436,医療法人社団尚仁会,08B2100020,,,16,http://www.syoujinkai.jp/,,,,
082252,08B2500013,茨城県,常陸大宮市,高村外科医院介護医療院,タカムラゲカイインカイゴイリョウイン,介護医療院,茨城県常陸大宮市山方1117-1,,36.619503300000000,140.401984600000000,0295-57-2031,0295-57-2032,2050005008412,医療法人高村外科医院,08B2500013,,,,,,,,
082279,08B2700027,茨城県,筑西市,三岳荘小松崎病院介護医療院,サンガクソウコマツザキビョウインカイゴイリョウイン,介護医療院,茨城県筑西市中館２２６５番地,,36.327459638890850,139.975469496295180,0296-24-2331,0296-24-2411,9050005009940,医療法人威恵会,08B2700027,,,0,http://www.sangakusou.or.jp,,,,
082295,08B2900015,茨城県,稲敷市,宮本病院介護医療院,ミヤモトビョウインカイゴイリョウイン,介護医療院,茨城県稲敷市幸田953,,34.864476200000000,137.165683100000000,0299-95-7522,0299-95-7523,4050005007668,医療法人盡誠会（社団）,08B2900015,,,48,https://miyamoto-kaigo.com/,,,,
083097,08B3100011,茨城県,大洗町,介護医療院おおあらい,カイゴイリョウインオオアライ,介護医療院,茨城県東茨城郡大洗町大貫町９１５,,36.301626300000000,140.558734400000000,029-267-2191,029-266-1215,5050005002395,医療法人渡辺会,08B3100011,,,,http://www.watanabekai.net/,,,,
092011,09B0100013,栃木県,宇都宮市,宇都宮介護医療院,ウツノミヤカイゴイリョウイン,介護医療院,栃木県宇都宮市平出町401番地,,36.575581600000000,139.949506800000000,028-661-1165,028-611-1005,7060005000966,医療法人北斗会,09B0100013,,,0,https://www.hokutokai.or.jp,,,,
092029,09B0200011,栃木県,足利市,今井介護医療院,イマイカイゴイリョウイン,介護医療院,田中町100,,36.326696400000000,139.450413500000000,0284-71-0181,0284-73-0412,3060005006307,医療法人杏林会,09B0200011,,,0,http://www.anz.or.jp/,,,,
092037,09B0300019,栃木県,栃木市,介護医療院ふじぬま,カイゴイリョウイン　フジヌマ,介護医療院,栃木県栃木市大平町富田5212-7医療法人藤沼医院,医療法人藤沼医院,36.337933100000000,139.699638000000000,0282-43-2233,0282-43-2320,9060005005534,医療法人藤沼医院,09B0300019,,,8,https://fujinumaclinic.com/,,,,
092061,09B0600012,栃木県,日光市,医療法人社団　双愛会　介護医療院そうあい,イリョウホウジンシャダン　ソウアイカイ　カイゴイリョウインソウアイ,介護医療院,栃木県日光市足尾町砂畑４１４７－２,,36.629008690554556,139.433862153360960,0288-93-2011,0288-93-4713,4030005001136,医療法人社団双愛会,09B0600012,,,0,http://www.ashiohp.com/,,,,
092061,09B0600020,栃木県,日光市,介護医療院　だんえん,カイゴイリョウイン　ダンエン,介護医療院,栃木県日光市木和田島3008-10,,36.681731385434006,139.752706952639780,0288-32-2210,0288-32-2211,5060005002551,医療法人矢尾板記念会,09B0600020,,,60,https://yaoitakinenkai.or.jp,,,,
092061,09B0600038,栃木県,日光市,社団医療法人英静会介護医療院森の詩,シャダンイリョウホウジンエイセイカイカイゴイリョウインモリノウタ,介護医療院,栃木県日光市今市674森クリニック,森クリニック,36.726605300000000,139.686816600000000,0288-22-1024,0288-22-2671,1060005002547,社団医療法人英静会,09B0600038,,,0,https://eiseikai.or.jp/,,,,
092088,09B0800019,栃木県,小山市,介護医療院苅部太陽の家,カイゴイリョウインカリベタイヨウノイエ,介護医療院,栃木県小山市大字南飯田317-5,,36.245941300000000,139.768616800000000,0285-41-1311,0285-41-1333,,医療法人　信誠会,09B0800019,,,,https://taiyou-house.jp/,,,,
092088,09B0800018,栃木県,小山市,介護医療院　苅部太陽の家,カイゴイリョウイン　カリベタイヨウノイエ,介護医療院,栃木県小山市大字南飯田317番地5,,36.245919100000010,139.768643300000000,0285-41-1311,0285-41-1333,1060005004840,医療法人信誠会,09B0800018,,,,https://oyama-shinseikai.or.jp/,,,,
092134,09B1300018,栃木県,那須塩原市,介護医療院マロニエ苑,カイゴイリョウインマロニエエン,介護医療院,栃木県那須塩原市井口５３３－４,,36.911610600000000,139.971341900000000,0287-36-6622,0287-36-8510,6060005004332,学校法人国際医療福祉大学,09B1300018,,,51,,,,,
092134,09B1300026,栃木県,那須塩原市,黒磯病院介護医療院,クロイソビョウインカイゴイリョウイン,介護医療院,高砂町3番5号,,0.000000000000000,0.000000000000000,0287-62-0961,0287-62-4328,5060005003772,医療法人社団京愛会,09B1300026,,,33,https://www.kuroiso-hp.jp,,,,
093840,09B2600010,栃木県,塩谷町,介護医療院　尾形医院,カイゴイリョウイン　オガタイイン,介護医療院,栃木県塩谷郡塩谷町玉生570番地1,,36.770658399999990,139.849966600000000,0287-45-2222,0287-45-2223,3060005002611,医療法人社団たかはら会,09B2600010,,,,https://www.o-ga-ta.or.jp,,,,
093840,09B2600036,栃木県,塩谷町,医療法人　AGRIE　介護医療院　アグリケア　エテルナ　しおや,イリョウホウジン　アグリー　カイゴイリョウイン　エテルナ　シオヤ,介護医療院,玉生570-1,,36.770658399999990,139.849966600000000,0287-45-2222,0287-45-2223,1050005012258,医療法人ＡＧＲＩＥ,09B2600036,,,,https://agrie.jp,,,,
093866,09B2600028,栃木県,高根沢町,菅又病院介護医療院,スガマタビョウインカイゴイリョウイン,介護医療院,栃木県塩谷郡高根沢町花岡2351,,36.655530400000000,140.004530400000000,028-676-0311,028-676-2399,5060005001586,薫会,09B2600028,,,88,https://www.sugamatahp.com/,,,,
102016,10B0100010,群馬県,前橋市,介護医療院ふえき,カイゴイリョウインフエキ,介護医療院,群馬県前橋市表町２丁目27-22前橋ふえきクリニック（介護医療院ふえき）,前橋ふえきクリニック（介護医療院ふえき）,36.384686270865785,139.074624991643130,0272242818,027224-1988,,,10B0100010,,,0,http://ubukatakai.webmedipr.jp/contents/about.html,,,,
102024,10B0200018,群馬県,高崎市,松岡医院介護医療院,マツオカイインカイゴイリョウイン,介護医療院,群馬県高崎市片岡町1丁目17番31号,,36.318404699999990,138.996766900000000,027(323)0954,027(323)0938,8070005002300,医療法人杏仁会,10B0200018,,,0,,,,,
102059,10B0500029,群馬県,太田市,介護医療院　冨士ヶ丘病院,カイゴイリョウイン　フジガオカビョウイン,介護医療院,群馬県太田市熊野町３８－８１,,36.307468600000000,139.384289200000000,0276-22-1281,0276-22-2616,2070005005762,医療法人社団松嶺会,10B0500029,,,97,https://fujigaoka-hosp.jp,,,,
102059,10B0500011,群馬県,太田市,医療法人　慶仁会　城山病院　介護医療医療院,イリョウホウジン　ケイジンカイ　シロヤマビョウイン　カイゴイリョウイン,介護医療院,群馬県太田市飯塚町1番地,,36.280055100000000,139.378950400000000,0276-46-0311,0276-48-0105,3070005005761,慶仁会,10B0500011,,,48,https://www.shiroyama-hospital.or.jp/,,,,
102075,10B0700017,群馬県,館林市,新橋病院　介護医療院,シンバシビョウイン　カイゴイリョウイン,介護医療院,群馬県館林市下三林市452番地,,36.222804700000000,139.505094600000000,0276-75-3011,0276-75-3020,9070005006523,医療法人社団田口会,10B0700017,,,,https://www.shinbashi.or/,,,,
102091,10B0900013,群馬県,藤岡市,介護医療院　しのづか,カイゴイリョウイン　シノヅカ,介護医療院,群馬県藤岡市篠塚105-1,,36.258861700000000,139.064743900000000,0274-23-9261,0274-24-1880,9070005004048,医療法人育生会,10B0900013,,,0,http://www.shinozuka-hp.or.jp,,,,
102105,10B1000029,群馬県,富岡市,西毛病院介護医療院,セイモウビョウインカイゴイリョウイン,介護医療院,群馬県富岡市神農原559-1,,36.243884336007430,138.840873003704810,0274-62-3156,0274-64-3826,5070005003490,医療法人　大和会,10B1000029,,,0,http://www.seimou.org/,,,,
102105,10B1000011,群馬県,富岡市,介護医療院　細谷,カイゴイリョウイン　ホソヤ,介護医療院,群馬県富岡市富岡1375番地,,36.257747037602485,138.893994849073800,0274-67-7728,0274-62-4323,4070005003491,医療法人　民善会,10B1000011,,,0,https://www.hosoya.or.jp,,,,
102113,10B1100019,群馬県,安中市,介護医療院　本多病院,カイゴイリョウイン　ホンダビョウイン,介護医療院,群馬県安中市鷺宮205-1,,36.305185100000000,138.896910500000000,027-382-1255,027-382-7396,5070005003177,医療法人信愛会,10B1100019,,,0,http://www.honda-hospital.jp/,,,,
102121,10B1200017,群馬県,みどり市,みどり病院介護医療院,ミドリビョウインカイゴイリョウイン,介護医療院,群馬県みどり市笠懸町鹿2646-2,,36.400299500000000,139.281370600000000,0277-76-1110,0277-76-1116,4070005005050,医療法人　日望会,10B1200017,,,0,https://sunhope.or.jp,,,,
103829,10B2400012,群馬県,下仁田町,下仁田南牧医療事務組合下仁田厚生病院介護医療院,シモニタナンモクイリョウジムクミアイシモニタコウセイビョウインカイゴイリョウイン,介護医療院,群馬県甘楽郡下仁田町大字下仁田４０９,,36.213145500000000,138.786039999999960,０２７４－８２－３５５５,０２７４－８２－５９９８,2000020108944,下仁田南牧医療事務組合,10B2400012,,,,https://www.shimonitakosei-hosp.jp/,,,,
104213,10B2600017,群馬県,中之条町,吾妻さくら病院介護医療院,アガツマサクラビョウインカイゴイリョウイン,介護医療院,群馬県吾妻郡中之条町大字伊勢町782-1,,36.585943800000000,138.853027000000000,0279-75-3011,0279-75-3299,6070005007739,医療法人彌生会,10B2600017,,,47,http://www.a-sakurahosp.com/,,,,
111015,11B6500048,埼玉県,さいたま市西区,ケア大宮花の丘,ケアオオミヤハナノオカ,介護医療院,埼玉県さいたま市西区内野本郷９７５－５,,35.938367900000000,139.590629300000000,048-620-2400,048-620-2401,3100005004603,医療法人丸山会,11B6500048,,,,https:care-omiya.maruyamakai.jp,,,,
111040,11B6500014,埼玉県,さいたま市見沼区,大宮共立病院介護医療院,オオミヤキョウリツビョウインカイゴイリョウイン,介護医療院,埼玉県さいたま市見沼区大字片柳１５５０,,35.904674300000000,139.690988000000060,048-686-7151,048-684-7961,2030005001154,医療法人財団新生会,11B6500014,,,0,http://www.omiya-kyoritsu.or.jp/,,,,
111040,11B6500022,埼玉県,さいたま市見沼区,しらかば苑,シラカバエン,介護医療院,埼玉県さいたま市見沼区大和田町二丁目１３９３番地1,,35.931754080252540,139.652085020237730,048-688-3631,048-685-5514,4030005001111,医療法人興仁会,11B6500022,,,,https://koujinkai-owd.or.jp/publics/index/100/,,,,
112011,11B0400013,埼玉県,川越市,介護医療院　埼玉病院,カイゴイリョウイン　サイタマビョウイン,介護医療院,埼玉県川越市西小仙波町1丁目8番地3,,35.917377300000010,139.487564100000000,049-224-5911,049-226-7741,6030005008492,医療法人埼玉病院,11B0400013,,,0,https://saitamahp.or.jp/,,,,
112038,11B0200017,埼玉県,川口市,はとがや介護医療院,ハトガヤカイゴイリョウイン,介護医療院,坂下町4-16-26,,35.825952740914880,139.737998535581900,048-282-1890,048-284-5635,8030005012022,医療法人あかつき会,11B0200017,,,158,https://hatogaya-hp.or.jp/,,,,
112038,11B0200025,埼玉県,川口市,介護医療院ひだまりの郷,カイゴイリョウインヒダマリノサト,介護医療院,埼玉県川口市上青木4-2-6上靑木中央醫院,上靑木中央醫院,35.830497600000000,139.717678100000060,048-267-2218,048-267-8612,5030005018971,医療法人陽仁会,11B0200025,,,20,https://kamiaoki-hidamari.com/,,,,
112038,11B0200033,埼玉県,川口市,武南病院附属介護医療院,ブナンビョウインフゾクカイゴイリョウイン,介護医療院,東本郷2026,,35.824906500000000,139.760138000000000,048-284-2811,,2013305000298,社会医療法人社団大成会,11B0200033,,,0,www.bunan.jp,,,,
112038,11B0200041,埼玉県,川口市,タムス介護医療院川口,タムスカイゴイリョウインカワグチ,介護医療院,埼玉県川口市西新井宿923-1,,35.848177600000000,139.733706100000000,048-286-3300,048-286-3301,7011705000450,医療法人社団桐和会,11B0200041,,,55,http://kawaguchi-mc.jp/,,,,
112089,11B2500018,埼玉県,所沢市,緑ヶ丘介護医療院,ミドリガオカカイゴイリョウイン,介護医療院,埼玉県所沢市狭山ヶ丘1-3009,,35.808079100000000,139.414891300000000,04-2948-8181,04-2948-8187,2030005003530,医療法人仁栄会,11B2500018,,,93,https://www.midorigaoka-hp.com/,,,,
112097,11B2600016,埼玉県,飯能市,埼玉はんのう介護医療院,サイタマハンノウカイゴイリョウイン,介護医療院,埼玉県飯能市飯能1185番地,,35.859515600000010,139.307238399999960,042-973-3311,042-973-3312,2030005014750,医療法人友康会,11B2600016,,,0,www.saipan.or.jp/,,,,
112097,11B2600024,埼玉県,飯能市,飯能靖和　介護医療院,ハンノウセイワ　カイゴイリョウイン,介護医療院,埼玉県飯能市下加治137-2,,35.865658000000000,139.335218900000000,042-974-2311,042-974-2316,5030005014806,医療法人靖和会,11B2600024,,,0,http://www.hannouseiwa.or.jp/,,,,
112101,11B3800011,埼玉県,加須市,十善病院介護医療院,ジュウゼンビョウインカイゴイリョウイン,介護医療院,埼玉県加須市愛宕一丁目９番１６号,,36.132264300000000,139.588048300000000,0480-61-2595,0480-61-1191,3030005004981,医療法人十善病院,11B3800011,,,,https://10zen-hosp.com,,,,
112119,11B4300011,埼玉県,本庄市,介護医療院本庄けやき苑,カイゴイリョウインホンジョウケヤキエン,介護医療院,埼玉県本庄市小島五丁目６番１号,,36.248710985389070,139.175165384655770,0495(71)7720,0495(25)3372,3030005009287,医療法人福島会,11B4300011,,,0,https://saihoku.jp/honjou-keyaki,,,,
112143,11B0600018,埼玉県,春日部市,武里病院介護医療院,タケサトビョウインカイゴイリョウイン,介護医療院,埼玉県春日部市下大増新田9番地3,,35.957370600000000,139.740417100000000,048-733-5111,048-733-5177,6030005007809,医療法人社団みどり会,11B0600018,,,0,http://www.demencia.jp/,,,,
112143,11B0600026,埼玉県,春日部市,介護医療院みどり,カイゴイリョウインミドリ,介護医療院,埼玉県春日部市上大増新田168番地-1医療法人社団みどり会介護医療院みどり,医療法人社団みどり会介護医療院みどり,35.960162900000000,139.738378600000000,048-739-7800,048-739-7801,6030005007809,医療法人社団みどり会,11B0600026,,,0,http://www.demencia.jp,,,,
112429,11B6300019,埼玉県,日高市,介護医療院あさひヶ丘,カイゴイリョウインアサヒガオカ,介護医療院,大字森戸新田99番地1,,35.912503200000000,139.372652900000050,0429896587,0429896592,4030005014740,積仁会,11B6300019,,,0,https://sekijinkai.or.jp/nursingrelated/recuperationfacility/,,,,
114651,11B1100018,埼玉県,松伏町,医療法人社団明日佳埼玉あすか松伏病院介護医療院,イリョウホウジンシャダンアスカサイタマアスカマツブシビョウインカイゴイリョウイン,介護医療院,埼玉県北葛飾郡松伏町松伏1263番地5,,35.927997613555510,139.828818586938350,048-992-0411,048-992-0719,5011305001280,医療法人社団明日佳,11B1100018,,,0,http://www.asuka-gp.jp/saitama/,,,,
114651,11B1100026,埼玉県,松伏町,埼玉筑波病院介護医療院,サイタマツクバビョウインカイゴイリョウイン,介護医療院,埼玉県北葛飾郡松伏町築比地４２０,,35.949173200000000,139.832554200000000,048-992-3151,048-991-8850,8060005000932,医療法人社団　全仁会,11B1100026,,,,http//saitamatsukuba-hp.com,,,,
121011,12B0100026,千葉県,千葉市中央区,介護医療院なごみかん,カイゴイリョウインナゴミカン,介護医療院,千葉県千葉市中央区道場南1丁目12番7号,,35.612492600000000,140.130262000000000,043-227-7437,043-202-5460,5040005001126,医療法人社団福生会,12B0100026,,,0,http://www.saito-rosai.or.jp,,,,
121011,12B0100034,千葉県,千葉市中央区,うらら介護医療院,ウララカイゴイリョウイン,介護医療院,千葉県千葉市中央区千葉寺町188,,35.594949199999990,140.129724200000000,043-261-3169,043-261-3209,2040005001021,医療法人グリーンエミネンス,12B0100034,,,,http://green-eminence.com/,,,,
121029,12B0100059,千葉県,千葉市花見川区,平山病院附属花見川介護医療院,ヒラヤマビョウインフゾクハナミガワカイゴイリョウイン,介護医療院,千葉市花見川区天戸町1483-4,,35.684665300000000,140.092560300000000,043-257-0055,043-259-1037,5040005001084,医療法人社団晴山会,12B0100059,,,,,,,,
121029,12B0100067,千葉県,千葉市花見川区,タムス介護医療院花見川,タムスカイゴイリョウインハナミガワ,介護医療院,千葉県千葉市花見川区柏井町1132-1,,35.698775600000000,140.103984400000000,047-480-2111,047-486-8176,7040005001157,医療法人社団有相会,12B0100067,,,100,https://www.k-hanamigawa.tums-kaigo.com,,,,
121045,12B0100042,千葉県,千葉市若葉区,介護医療院　秀眉園,カイゴイリョウイン　シュウビエン,介護医療院,千葉市若葉区加曽利町1803-1,,35.617931500000000,140.170586100000000,043-234-5900,043-214-4624,1040005001088,医療法人社団誠馨会,12B0100042,,,,https://www.syuubi-seikei-kai.jp/,,,,
121045,12B0100018,千葉県,千葉市若葉区,総泉病院介護医療院,ソウセンビョウインカイゴイリョウイン,介護医療院,千葉県千葉市若葉区更科町2592,,35.620998300000020,140.218284499999980,043-237-5001,043-239-0161,1040005001088,医療法人社団誠馨会,12B0100018,,,0,http://www.sousen.seikei-kai.or.jp/,,,,
122033,12B2700070,千葉県,市川市,医療法人友康会　行徳中央介護医療院,イリョウホウジンユウコウカイ　ギョウトクチュウオウカイゴイリョウイン,介護医療院,千葉県市川市日之出17-16,,35.676821800000000,139.921278900000000,047-307-8321,047-307-8322,2030005014750,医療法人友康会,12B2700070,,,0,https://www.gyoutokuchuo-hospital.com/hospital/,,,,
122041,12B2800011,千葉県,船橋市,介護医療院　みさきの郷,カイゴイリョウイン　ミサキノサト,介護医療院,千葉県船橋市三咲4-23-15,,35.750350100000000,140.036734300000000,047-407-7888,047-407-7889,9040005006187,医療法人社団千葉光徳会,12B2800011,,,,http://www.chibako-misaki.jp/,,,,
122050,12B3600063,千葉県,館山市,小林病院介護医療院,コバヤシビョウインカイゴイリョウイン,介護医療院,千葉県館山市船形９０９番地,,35.028320900000000,139.844003600000000,０４７０－２７－３８１１,０４７０－２７－５６９５,8040005014967,医療法人社団寿会,12B3600063,,,0,https://www.kotobuki-kai.com/,,,,
122076,12B2400093,千葉県,松戸市,介護医療院あきやまの郷,カイゴイリョウインアキヤマノサト,介護医療院,千葉県松戸市高塚新田484-1,,35.761294200000000,139.933048000000000,047-312-8121,047-312-8122,9040005006187,医療法人社団千葉光徳会,12B2400093,,,0,https://www.chibako.or.jp/akiyamanosato/,,,,
122084,12B2000034,千葉県,野田市,木野崎介護医療院,キノサキカイゴイリョウイン,介護医療院,千葉県野田市木野崎1561-1,,35.955303300000000,139.907392300000000,04-7138-0321,04-7138-0322,4040005014517,医療法人社団　葛󠄀野会,12B2000034,,,,https://kinosaki.net/,,,,
122114,12B4300101,千葉県,成田市,聖マリア介護医療院,セイマリアカイゴイリョウイン,介護医療院,千葉県成田市取香446,,35.781338616826610,140.374607057672080,0476-32-0711,0476-33-1256,2040005006169,医療法人社団聖母会,12B4300101,,,43,,,,,
122114,12B4300119,千葉県,成田市,介護医療院千年希望の杜成田,カイゴイリョウインセンネンキボウノモリナリタ,介護医療院,千葉県成田市大袋407-1,,35.762241600000000,140.284993000000000,0476-85-8410,0476-85-8411,9040005011476,社会福祉法人恵洋会,12B4300119,,,100,https://keiyou-kai.jp/naritain/,,,,
122173,12B2100014,千葉県,柏市,医療法人社団博恵会介護医療院柏南,イリョウホウジンシャダンハクエイカイカイゴイリョウインハクナン,介護医療院,千葉県柏市逆井１１４４,,35.816808100000010,139.979677900000000,04-7175-1811,04-7175-1812,6040005014044,医療法人社団博恵会,12B2100014,,,0,,,,,
122220,12B2500017,千葉県,我孫子市,介護医療院エスペーロ,カイゴイリョウインエスペーロ,介護医療院,千葉県我孫子市布佐834-28,,35.863761100000000,140.115911600000000,04-7189-1112,04-7181-6501,2040005013850,医療法人社団創造会,12B2500017,,,,http://www.medicalplaza.or.jp/espero/,,,,
122238,12B3900083,千葉県,鴨川市,東条病院介護医療院,トウジョウビョウインカイゴイリョウイン,介護医療院,千葉県鴨川市広場1615,,35.121463299999990,140.108703600000000,04-4092-1207,04-7092-2536,4040005015655,医療法人明星会,12B3900083,,,,http://www.tojo-h.or.jp,,,,
122238,12B3900034,千葉県,鴨川市,小田介護医療院,オダカイゴイリョウイン,介護医療院,千葉県鴨川市横渚880,,35.106185800000000,140.104868300000000,04-7092-1128,04-7092-1031,5040005015654,医療法人三紫会,12B3900034,,,,http://oda-hp.com,,,,
122238,12B3900026,千葉県,鴨川市,エビハラ介護医療院,エビハラカイゴイリョウイン,介護医療院,千葉県鴨川市太海630番地10,,35.091465100000000,140.091075400000000,04-7093-2626,04-7093-2629,4040005015985,医療法人社団宏和会,12B3900026,,,,http://www.ebihara.or.jp,,,,
122246,12B2600015,千葉県,鎌ケ谷市,医療法人社団一心会　初富保健病院介護医療院,イリョウホウジンシャダンイッシンカイ　ハツトミホケンビョウインカイゴイリョウイン,介護医療院,千葉県鎌ヶ谷市初富114番地,,35.784355400000000,139.986196299999960,047-442-0811,047-442-7156,3040005004337,医療法人社団一心会,12B2600015,,,320,https://www.hatsutomi.or.jp/,,,,
122254,12B1100017,千葉県,君津市,鈴木病院介護医療院,スズキビョウインカイゴイリョウイン,介護医療院,千葉県君津市上２３８番地,,35.306903700000000,139.954882400000000,0439322013,0439322860,1040005008422,医療法人社団周晴会,12B1100017,,,,https://www.suzuki-hospital.com,,,,
122360,12B5200029,千葉県,香取市,医療法人三省会本多病院介護医療院,イリョウホウジンサンセイカイホンダビョウインカイゴイリョウイン,介護医療院,千葉県香取市本郷７７２番地,,35.853555099999994,140.583540199999960,0478-82-3181,0478-83-0245,5040005013410,医療法人三省会（社団）,12B5200029,,,0,http://www.sanseikai.or.jp,,,,
123471,12B3000058,千葉県,多古町,国保多古中央病院　介護医療院,コクホ　タコチュウオウビョウイン　カイゴイリョウイン,介護医療院,千葉県香取郡多古町多古３８８－１,,35.738008800000010,140.472092800000040,0479-76-2211,0479--76-3286,3000020123471,多古町,12B3000058,,,,http://www.takochu.tako.chiba.jp/,,,,
123498,12B3000025,千葉県,東庄町,東庄町国民健康保険東庄病院　介護医療院,トウノショウマチコクミンケンコウホケントウノショウビョウインカイゴイリョウイン,介護医療院,千葉県香取郡東庄町石出2692-15,,35.820567700000000,140.697511100000000,0478-86-1177,0478-86-1182,1000020123498,東庄町,12B3000025,,,0,https://www.town.tohnosho.chiba.jp,,,,
124095,12B0700049,千葉県,芝山町,髙根病院　介護医療院,タカネビョウイン　カイゴイリョウイン,介護医療院,千葉県山武郡芝山町岩山2308,,35.724561200000000,140.369538100000000,0479-77-1133,0479-77-2018,7040005012113,医療法人社団徳風会,12B0700049,,,0,https://takane-hospital.jp/,,,,
124419,12B3700012,千葉県,大多喜町,介護医療院泉水ガーデンホーム,カイゴイリョウイン　センズイガーデンホーム,介護医療院,千葉県夷隅郡大多喜町泉水674,,35.294633200000014,140.241894300000000,0470-82-4330,0470-82-3996,9040005016401,医療法人川崎病院,12B3700012,,,0,https://kawasaki-hospital.jp/,,,,
131091,13B0900010,東京都,品川区,康済会介護医療院,コウサイカイカイゴイリョウイン,介護医療院,東京都品川区小山三丁目4番17号,,35.620724000000010,139.704180900000000,03-3716-8111,03-3716-0321,9010705000310,医療法人康済会（財団）,13B0900010,,,0,https://www.kousai-kai.info/,,,,
131105,13B1000018,東京都,目黒区,医療法人財団日扇会第一病院,イリョウホウジンザイダンニッセンカイダイイチビョウイン,介護医療院,東京都目黒区中根二丁目10番20号,,35.614482700000000,139.676940500000000,03-3718-7281,03-3718-7736,5013205000197,医療法人財団日扇会第一病院,13B1000018,,,,http://www.nissenkai.or.jp/,,,,
131113,13B1100024,東京都,大田区,介護医療院セントラル大田,カイゴイリョウインセントラルオオタ,介護医療院,東京都大田区中央8-34-10,,35.570821682992450,139.718218001188660,03-3755-5300,03-6426-2317,2050005008998,社会医療法人　若竹会,13B1100024,,,0,https://central.or.jp/facilities/ohtaku03.php,,,,
131113,13B1100016,東京都,大田区,医療法人社団幸栄会幸和病院介護医療院,イリョウホウジンシャダンコウエイカイコウワビョウインカイゴイリョウイン,介護医療院,東京都大田区萩中三丁目29番5号幸和病院,幸和病院,35.550967700000000,139.734409000000000,03-3745-3800,03-3741-7469,5010805001393,医療法人社団幸栄会,13B1100016,,,,https://www.kowa-hospital.com,,,,
131130,13B1300012,東京都,渋谷区,セントラル介護医療院,セントラルカイゴイリョウイン,介護医療院,東京都渋谷区神泉25-1,,35.657659000000000,139.690638900000000,03-3465-5131,03-3466-6398,9011005000620,医療法人社団明生会,13B1300012,,,0,http://www.central-hospital.or.jp,,,,
131148,13B1400010,東京都,中野区,武蔵野療園病院介護医療院,ムサシノリョウエンビョウインカイゴイリョウイン,介護医療院,東京都中野区江古田2-24-11,,35.727276000000000,139.664105100000000,03-3389-5511,03-3389-5871,9011205000222,武蔵野療園,13B1400010,,,0,https://www.musashino-ryoen.com/,,,,
131181,13B1800011,東京都,荒川区,介護医療院磯病院,カイゴイリョウインイソビョウイン,介護医療院,東京都荒川区南千住1-56-10,,35.733330800000000,139.793075500000000,03-3807-8171,03-3803-7592,1011505000557,医療法人財団源会,13B1800011,,,,http://iso-hp.or.jp/,,,,
131181,13B1800029,東京都,荒川区,医療法人社団杏和会　寺田病院介護医療院,イリョウホウジンシャダンキョウワカイ　テラダビョウインカイゴイリョウイン,介護医療院,東京都荒川区町屋3丁目23番14号,,35.749539812038100,139.784486942327930,03（3892）5727,03（3892）5113,3011505000555,医療法人社団杏和会,13B1800029,,,0,https://terada-hp.jp/,,,,
131199,13B1900027,東京都,板橋区,医療法人社団和好会金子病院介護医療院,イリョウホウジンシャダンワコウカイカネコビョウインカイゴイリョウイン,介護医療院,東京都板橋区南常盤台1-15-14,,35.755920200000006,139.687422700000000,03-3956-0145,03-3530-3775,2011405000128,医療法人社団和好会,13B1900027,,,,kanekohosptal.or.jp,,,,
131199,13B1900035,東京都,板橋区,医療法人社団慈誠会　慈誠会前野病院附属介護医療院,イリョウホウジンシャダンジセイカイ　ジセイカイマエノビョウインフゾクカイゴイリョウイン,介護医療院,東京都板橋区前野町6-38-3,,35.768842277253164,139.688485991401700,03-3969-1511,03-3969-1917,8011405000064,医療法人社団慈誠会,13B1900035,,,,https://maeno-hospital.jp/,,,,
131199,13B1900043,東京都,板橋区,富士見病院介護医療院,フジミビョウインカイゴイリョウイン,介護医療院,東京都板橋区大和町１４番１６号,,35.760420815702375,139.705517841139200,03-3962-2431,03-3964-4766,3011405000060,医療法人財団　同潤会,13B1900043,,,,https://www.fujimi-hp.or.jp,,,,
131199,13B1900050,東京都,板橋区,医療法人社団慈誠会　慈誠会記念病院介護医療院,イリョウホウジンシャダンジセイカイ　ジセイカイキネンビョウインカイゴイリョウイン,介護医療院,東京都板橋区西台三丁目１１番３号,,35.774332300000010,139.667491099999980,03-5920-1801,03-5920-1805,8011405000064,医療法人社団慈誠会,13B1900050,,,48,https://jiseikaikinen-hp.jp/,,,,
131202,13B2000017,東京都,練馬区,慈誠会・光が丘介護医療院,ジセイカイ・ヒカリガオカカイゴイリョウイン,介護医療院,東京都練馬区光が丘2-11-1,,35.761998966449630,139.629795435057080,0359977272,0359977271,8011405000064,医療法人社団慈誠会,13B2000017,,,,https://jskhhp.jp/,,,,
131211,13B2100049,東京都,足立区,社会医療法人社団　昭愛会　水野介護医療院,シャカイイリョウホウジンシャダン　ショウアイカイ　ミズノカイゴイリョウイン,介護医療院,東京都足立区西新井５－５－５,,35.784632100000000,139.776070900000000,03-3898-8100,03-3898-8102,7011805000648,社会医療法人社団昭愛会,13B2100049,,,,https://mizuno-lp.jp/,,,,
131211,13B2100015,東京都,足立区,特定医療法人社団　潤恵会　ひのき介護医療院,トクテイイリョウホウジンシャダン　ジュンケイカイ　ヒノキカイゴイリョウイン,介護医療院,東京都足立区新田2-16-13,,35.773457000000020,139.741921700000030,03-5902-3121,03-5902-3139,1011805000645,特定医療法人社団　潤恵会,13B2100015,,,0,http://www.keijin-hospital.or.jp,,,,
131211,13B2100023,東京都,足立区,介護医療院足立鹿浜病院,カイゴイリョウインアダチシカハマビョウイン,介護医療院,東京都足立区鹿浜三丁目6番1号,,35.779970900000000,139.754345800000000,03-3857-5871,03-3857-3158,8011805001380,医療法人社団鹿浜会,13B2100023,,,0,http://www.shikahamabyoin.com,,,,
131211,13B2100031,東京都,足立区,医療法人財団厚生協会　東京足立介護医療院,イリョウホウジンザイダンコウセイキョウカイ　トウキョウアダチカイゴイリョウイン,介護医療院,東京都足立区保木間5-23-20,,35.804471400000000,139.804275900000000,03-3883-6331,03-3884-7036,1013305000299,医療法人財団厚生協会,13B2100031,,,60,http://tokyoadachi-med.jp,,,,
131237,13B2300011,東京都,江戸川区,介護医療院松寿会病院,カイゴイリョウインマツトシカイビョウイン,介護医療院,東京都江戸川区北葛西4-4-28,,35.672097500000010,139.862807700000000,03-3689-5451,03-3689-5459,9011705000705,医療法人社団松寿会,13B2300011,,,0,http://www.matsutoshikai.or.jp,,,,
131237,13B2300029,東京都,江戸川区,一盛病院介護医療院,イチモリビョウインカイゴイリョウイン,介護医療院,東京都江戸川区小松川三丁目１０番１号,,35.697778900000000,139.850613000000070,03-3637-0050,03-3681-0918,2011705000389,医療法人社団双仁会,13B2300029,,,0,http://www.ichimori-hp.or.jp,,,,
132012,13B2900018,東京都,八王子市,介護医療院　陵北病院,カイゴイリョウイン　リョウホクビョウイン,介護医療院,東京都八王子市西寺方町315,,35.672666300000000,139.265648100000000,042-651-3231,042-651-2320,3290005001508,医療法人　永寿会,13B2900018,,,,http://ryohoku-hp.jp,,,,
132012,13B2900034,東京都,八王子市,医療法人社団永生会　永生病院　介護医療院,イリョウホウジンシャダンエイセイカイ　エイセイビョウイン　カイゴイリョウイン,介護医療院,東京都八王子市椚田町583番地15,,35.639588757926276,139.305026722090160,042-661-4108,042-661-1331,5010105000088,医療法人社団　永生会,13B2900034,,,,https://www.eisei.or.jp/,,,,
132012,13B2900026,東京都,八王子市,社会医療法人社団愛有会　さんあい介護医療院,シャカイイリョウホウジンシャダンアイユウカイ　サンアイカイゴイリョウイン,介護医療院,東京都八王子市宮下町３７７番地,,35.706765139814820,139.307748822090160,042-691-4111,042-691-2781,4012705000212,社会医療法人社団愛有会,13B2900026,,,,http://sanai-hachioji.jp/,,,,
132047,13B3600013,東京都,三鷹市,医療法人社団清恵会　介護医療院　篠原病院,イリョウホウジンシャダンセイケイカイ　カイゴイリョウイン　シノハラビョウイン,介護医療院,東京都三鷹市下連雀6-13-10,,35.688705200000000,139.565070100000000,0422-46-2251,0422-46-1837,1012405001505,医療法人社団清恵会,13B3600013,,,129,https://shinohara-hospital.or.jp,,,,
132055,13B2800010,東京都,青梅市,医療法人社団　向日葵清心会　青梅今井病院　介護医療院,イリョウホウジンシャダン　ヒマワリセイシンカイ　オウメイマイビョウイン　カイゴイリョウイン,介護医療院,東京都青梅市今井一丁目2609番地の2,,35.814834700000000,139.314980700000000,0428-31-8821,0428-31-8820,3013105001207,医療法人社団　向日葵清心会,13B2800010,,,,http://www.oumeimai.or.jp,,,,
132055,13B2800028,東京都,青梅市,医療法人社団倭林会　武蔵野台病院介護医療院,イリョウホウジンシャダンヤマトバヤシカイムサシノダイビョウインカイゴイリョウイン,介護医療院,東京都青梅市今井1丁目2586,,35.812881000000000,139.313365400000000,0428316632,0428326033,9013105001102,医療法人社団倭林会,13B2800028,,,,musashinodai-hp.com,,,,
132055,13B2800036,東京都,青梅市,長生病院介護医療院,チョウセイビョウインカイゴイリョウイン,介護医療院,東京都青梅市小曽木一丁目３４３８番地,,35.823586800000000,139.292579900000000,0428-74-4771,0428-74-4775,8013105001508,医療法人社団長生会,13B2800036,,,,https://chosei-kai.com/chosei,,,,
132063,13B3800019,東京都,府中市,府中医王介護医療院,フチュウイオウカイゴイリョウイン,介護医療院,東京都府中市晴見町一丁目20番,,35.681457906345450,139.478498718524150,0423624500,0423624545,6012405000196,医療法人社団慈敬会,13B3800019,,,,http://www.fuchu-iou.info/,,,,
132098,13B3200012,東京都,町田市,ふよう病院介護医療院,フヨウビョウインカイゴイリョウイン,介護医療院,東京都町田市南町田三丁目43番1号,,35.516041594943694,139.471940000000000,042-795-2631,042-799-2491,6012305000239,医療法人社団芙蓉会,13B3200012,,,0,http://www.fuyou.or.jp/,,,,
132110,13B4300019,東京都,小平市,多摩済生病院　介護医療院,タマサイセイビョウイン　カイゴイリョウイン,介護医療院,東京都小平市美園町3丁目11番地1号,,35.740648600000000,139.489312900000000,042-341-1611,042-341-1610,3012705000114,社会福祉法人多摩済生医療団,13B4300019,,,,https://tama-saisei-hp.com,,,,
132128,13B3500015,東京都,日野市,多摩平の森の病院介護医療院,タマダイラモリノビョウインカイゴイリョウイン,介護医療院,東京都日野市多摩平三丁目1-17多摩平の森の病院,多摩平の森の病院,35.665345599999990,139.377016500000000,042-843-1777,042-843-1701,5010105000187,医療法人社団充会,13B3500015,,,,https://tamadairanomorino-hospital.com/,,,,
132195,13B4500014,東京都,狛江市,医療法人社団豊徳会　介護医療院　東京多摩病院,イリョウホウジンシャダンホウトクカイ　カイゴイリョウイン　トウキョウタマビョウイン,介護医療院,東京都狛江市岩戸南2－2－3,,35.631824900000000,139.586568200000000,03-3489-3191,03-3489-5589,8012405002471,医療法人社団豊徳会,13B4500014,,,0,https://tokyotama.or.jp/,,,,
132217,13B4700010,東京都,清瀬市,救世軍清瀬病院介護医療院シャロン,キュウセイグンキヨセビョウインカイゴイリョウインシャロン,介護医療院,東京都清瀬市竹丘１－１７－９,,35.769969400000000,139.506804200000000,042-497-8185,042-497-8186,2010005000538,救世軍,13B4700010,,,0,https://kiyosehp.salvationarmy.or.jp/sharon/,,,,
132292,13B5400016,東京都,西東京市,田無病院介護医療院,タナシビョウインカイゴイリョウイン,介護医療院,東京都西東京市緑町3-6-1,,35.741615200000000,139.541735600000000,042-461-2682,042-461-5992,2012705000247,医療法人財団　緑秀会,13B5400016,,,0,http://www.tanashi-hospital.or.jp/,,,,
133035,13B2400035,東京都,瑞穂町,介護医療院ユニット菜の花,カイゴイリョウインユニットナノハナ,介護医療院,東京都西多摩郡瑞穂町殿ヶ谷454-2介護医療院ユニット菜の花,介護医療院ユニット菜の花,35.757914632166650,139.356253234254440,042-557-7915,042-557-7916,1013105000268,医療法人社団幹人会,13B2400035,,,,http://www.kanjinkai.net/,,,,
133051,13B2400019,東京都,日の出町,医療法人社団崎陽会　日の出ヶ丘介護医療院,イリョウホウジンシャダンキヨウカイ　ヒノデガオカカイゴイリョウイン,介護医療院,東京都西多摩郡日の出町大久野310番地,,35.742971900000000,139.246223900000020,042-597-0811,042-597-2110,3013105001297,医療法人社団崎陽会,13B2400019,,,0,http://www.hinodehp.com,,,,
133051,13B2400027,東京都,日の出町,医療法人財団利定会大久野病院介護医療院,イリョウホウジンザイダントシサダカイオオグノビョウインカイゴイリョウイン,介護医療院,東京都西多摩郡日の出町大字大久野6416番地2階,2階,35.756339700000030,139.234022500000000,042-597-0873,042-597-3339,2013105001298,医療法人財団利定会,13B2400027,,,58,http://www.oogunohp.com/,,,,
141097,14B0900019,神奈川県,横浜市港北区,横浜市総合保健医療センター　介護医療院,ヨコハマシソウゴウホケンイリョウセンター　カイゴイリョウイン,介護医療院,神奈川県横浜市港北区鳥山町1735,,35.509635700000000,139.609002100000000,045-475-0001,045-475-0002,7020005010291,公益財団法人横浜市総合保健医療財団(横浜市指定管理者）,14B0900019,,,,https://yccc.jp/care/clinic/,,,,
141101,14B1000017,神奈川県,横浜市戸塚区,十慈堂病院介護医療院,ジュウジドウビョウインカイゴイリョウイン,介護医療院,神奈川県横浜市戸塚区南舞岡1-23-9,,35.396072100000000,139.557319800000000,045-823-1010,045-823-1971,7020005001976,医療法人敬生会,14B1000017,,,,https://www.jujidou.or.jp/,,,,
141127,14B3200011,神奈川県,横浜市旭区,横浜鶴ヶ峰病院介護医療院,ヨコハマツルガミネビョウインカイゴイリョウイン,介護医療院,神奈川県横浜市旭区川島町1764番地,,35.470569500000010,139.554023700000000,045-371-2511,045-371-2053,7020005005779,医療法人順正会,14B3200011,,,,http://www.tsurugaminehospital.com/,,,,
141135,14B3300019,神奈川県,横浜市緑区,医療法人社団元気会横浜病院　介護医療院,イリョウホウジンシャダンゲンキカイヨコハマビョウイン　カイゴイリョウイン,介護医療院,神奈川県横浜市緑区寺山町７２９,,35.501795700000000,139.541951100000000,045-933-1011,045-931-0862,1020005001783,医療法人社団元気会,14B3300019,,,56,http://genkikaiyokohama.jp/,,,,
141143,14B3400017,神奈川県,横浜市瀬谷区,三ツ境病院介護医療院,ミツキョウビョウインカイゴイリョウイン,介護医療院,神奈川県横浜市瀬谷区三ツ境２３番地8,,35.465050700000000,139.502308500000000,045-391-0006,045-362-3864,4020005001319,医療法人　愛生会,14B3400017,,,24,http://www.mitu.or.jp/,,,,
141526,14B2600039,神奈川県,相模原市中央区,田名病院介護医療院,タナビョウインカイゴイリョウイン,介護医療院,神奈川県相模原市中央区田名塩田３丁目１４番３６号,,35.530863400000000,139.354527300000000,042-778-3080,042-778-5377,7021005002519,医療法人社団白寿会,14B2600039,,,,https://www.tanabyouin.com,,,,
141534,14B2600021,神奈川県,相模原市南区,相模原南病院　介護医療院,サガミハラミナミビョウイン　カイゴイリョウイン,介護医療院,神奈川県相模原市南区大野台7-10-7,,35.549547600000000,139.414596600000000,042-759-3911,042-758-0140,1021005002508,医療法人直源会,14B2600021,,,0,http://minami-h.or.jp/,,,,
141534,14B2600047,神奈川県,相模原市南区,医療法人相愛会相愛病院介護医療院,イリョウホウジンソウアイカイソウアイビョウインカイゴイリョウイン,介護医療院,神奈川県相模原市南区当麻1632,,35.524882800000000,139.374937700000000,042-778-2111,042-778-2345,9021005002351,医療法人相愛会,14B2600047,,,,http://souai-hp.or.jp,,,,
141534,14B2600013,神奈川県,相模原市南区,相模原友愛温泉病院　介護医療院,サガミハラユウアイオンセンビョウイン　カイゴイリョウイン,介護医療院,神奈川県相模原市南区麻溝台697番地,,35.537350175239716,139.390449652147480,042-778-1181,042-778-2670,6021005002536,医療法人社団友愛病院会,14B2600013,,,89,https://www.yuuai-byouinkai.or.jp/facilities/sagamihara/,,,,
142051,14B2200012,神奈川県,藤沢市,湘南長寿園病院　介護医療院,ショウナンチョウジュエンビョウイン　カイゴイリョウイン,介護医療院,神奈川県藤沢市白旗１丁目１１番１号,,35.352642800000000,139.479635100000000,0466-82-7311,0466-84-2235,1021005006649,医療法人社団湘南シルバーサポート,14B2200012,,,60,http://www.chojuen.com,,,,
142069,14B2300010,神奈川県,小田原市,公益財団法人積善会　介護医療院こもれび,コウエキザイダンホウジンセキゼンカイ　カイゴイリョウインコモレビ,介護医療院,神奈川県小田原市曽我岸148,,35.302871200000000,139.181276800000000,0465-42-9898,0465-42-1635,8021005005776,公益財団法人積善会,14B2300010,,,0,https://soga-hp.com/komorebi/,,,,
142077,14B2400018,神奈川県,茅ヶ崎市,介護医療院　湘南の丘,カイゴイリョウイン　ショウナンノオカ,介護医療院,神奈川県茅ケ崎市赤羽根3685,,35.352874846654070,139.434060292065450,0467-53-1811,0467-54-0551,3021005001581,医療法人社団湘南健友会,14B2400018,,,56,https://www.nagaoka-hp.com/,,,,
142115,14B2800019,神奈川県,秦野市,医療法人社団　三喜会　鶴巻温泉病院介護医療院,イリョウホウジンシャダン　サンキカイ　ツルマキオンセンビョウインカイゴイリョウイン,介護医療院,神奈川県秦野市鶴巻北1-16-1,,35.382941100000010,139.279665600000040,0463-78-1311,0463-78-5955,1021005004322,医療法人社団三喜会,14B2800019,,,0,http://www.sankikai.or.jp/tsurumaki/,,,,
142166,14B4100012,神奈川県,座間市,相武台リハビリテーション病院介護医療院,相武台リハビリテーションビョウインカイゴイリョウイン,介護医療院,神奈川県座間市相武台1-9-7,,35.505952400000000,139.411755500000000,046-256-5111,046-256-5115,8021005004695,医療法人神奈川せいわ会,14B4100012,,,0,https://www.smg-net.com,,,,
143821,14B1500016,神奈川県,箱根町,特定医療法人社団研精会　介護医療院はこね仙石原,トクテイイリョウホウジンシャダンケンセイカイ　カイゴイリョウインハコネセンゴクハラ,介護医療院,神奈川県足柄下郡箱根町仙石原1285,,35.263786254461960,139.021353853271140,0460-84-9111,0460-84-5312,3012405002212,特定医療法人社団研精会,14B1500016,,,,https://www.kensei-hakone.com/,,,,
143847,14B1500024,神奈川県,湯河原町,湯河原中央温泉病院介護医療院,ユガワラチュウオウオンセンビョウインカイゴイリョウイン,介護医療院,神奈川県足柄下郡湯河原町中央四丁目11番地2,,35.151135500000000,139.112070899999930,0465-63-2555,0465-62-1770,8021005005784,一般財団法人生活保健協会,14B1500024,,,0,https://www.yugawara-hp.com,,,,
151017,15B0100098,新潟県,新潟市北区,介護医療院　尾山愛広苑,カイゴイリョウイン　オヤマアイコウエン,介護医療院,新潟県新潟市北区木崎754,,37.930775400000000,139.172736900000000,025-388-6100,025-388-5101,8110005002287,医療法人愛広会,15B0100098,,,,http://www.aiko.or.jp,,,,
151025,15B0100080,新潟県,新潟市東区,介護医療院　アビラ大形,カイゴイリョウイン　アビラオオガタ,介護医療院,新潟市東区一日市80番地,,37.922313800000000,139.134618600000000,025-272-1212,025-272-1120,9110005000620,医療法人敬愛会,15B0100080,,,,https://www.avilla-ogata.com,,,,
151033,15B0100056,新潟県,新潟市中央区,介護医療院　みどりケアセンター,カイゴイリョウイン　ミドリケアセンター,介護医療院,新潟県新潟市中央区神道寺2丁目5番1号,,37.896893899999990,139.055095200000000,025-244-6100,025-246-5800,9110005000653,医療法人新成医会,15B0100056,,,0,http://www.midori-gr.jp/,,,,
151033,15B0100031,新潟県,新潟市中央区,介護医療院　栞の郷,カイゴイリョウイン　シオリノサト,介護医療院,新潟県新潟市中央区姥ヶ山２７４番地１,,37.884800500000000,139.079808400000000,025-286-8811,025-286-8812,6110005000623,医療法人健周会,15B0100031,,,0,https://www.higashi-niigata-hp.or.jp,,,,
151050,15B0100106,新潟県,新潟市秋葉区,介護医療院　すこやか,カイゴイリョウイン　スコヤカ,介護医療院,新潟県新潟市秋葉区古田６０８番地,,37.791043000000000,139.102773700000000,0250-24-5325,0250-22-2715,6110005002017,社会医療法人健進会,15B0100106,,,,http:/www.niitsu-mch.jp,,,,
151068,15B0100072,新潟県,新潟市南区,白根大通病院　介護医療院,シロネオオドオリビョウイン　カイゴイリョウイン,介護医療院,新潟県新潟市南区大通黄金4丁目14番地2,,37.823055400000010,139.019674400000000,025-362-0260,025-362-0360,6110005002090,医療法人社団白美会,15B0100072,,,0,http://www.jojinkai.com/shirone/,,,,
151076,15B0100064,新潟県,新潟市西区,介護医療院こばり園,カイゴイリョウインコバリエン,介護医療院,新潟県新潟市西区小針3-25-1介護医療院　こばり園,介護医療院　こばり園,37.887831800000015,138.999579600000000,025-232-0200,025-232-1350,4110005000419,新潟県厚生農業協同組合連合会,15B0100064,,,100,https://www.niigata-medical.jp/,,,,
151076,15B0100023,新潟県,新潟市西区,黒埼病院介護医療院,クロサキビョウインカイゴイリョウイン,介護医療院,新潟県新潟市西区黒鳥2339番地1,,37.841252100000000,138.986271100000000,025-370-7555,025-370-7575,9110005002022,医療法人社団晴和会,15B0100023,,,,https://www.kurosaki-hp.jp/,,,,
151076,15B0100049,新潟県,新潟市西区,聖園病院介護医療院,ミソノビョウインカイゴイリョウイン,介護医療院,新潟県新潟市西区青山7-9-10,,37.898248600000000,138.992129900000000,025-267-0171,025-267-0175,3110005000659,医療法人社団仁和会,15B0100049,,,0,https://www.misono-hp.or.jp,,,,
151084,15B0100015,新潟県,新潟市西蒲区,岩室リハビリテーション病院　介護医療院,イワムロリハビリテーションビョウイン　カイゴイリョウイン,介護医療院,新潟県新潟市西蒲区岩室温泉772番地1,,37.732503300000000,138.839071400000000,0256-82-4100,0256-82-4288,9110005000109,一般社団法人新潟県労働衛生医学協会,15B0100015,,,,http://iwamurohp.jp/,,,,
152021,15B0200013,新潟県,長岡市,介護医療院長岡保養園すま居る,カイゴイリョウインナガオカホヨウエンスマイル,介護医療院,新潟県長岡市町田町575番地,,37.417115703333900,138.861515423278770,0258-32-4040,0258-36-8263,2110005011203,医療法人至誠会,15B0200013,,,0,https://www.i-shiseikai.or.jp,,,,
152021,15B0200021,新潟県,長岡市,田宮病院　介護医療院,タミヤビョウイン　カイゴイリョウイン,介護医療院,新潟県長岡市深沢町２３００番地,,37.425356372056170,138.772041457286100,0258-46-3200,0258-46-7300,3110005011210,社会医療法人崇徳会,15B0200021,,,,http://www.sutokukai.or.jp/tamiya-hp/,,,,
152048,15B0400019,新潟県,三条市,かもしか病院介護医療院,カモシカビョウインカイゴイリョウイン,介護医療院,新潟県三条市南五百川80番地,,37.537426400000000,139.126787400000000,0256-41-3131,0256-41-3132,9110005005529,医療法人社団しただ,15B0400019,,,0,http://www.shitada.jp/,,,,
152048,15B0400027,新潟県,三条市,富永草野病院　介護医療院,トミナガクサノビョウイン　カイゴイリョウイン,介護医療院,新潟県三条市興野2-2-25,,37.632621847243286,138.970380144163980,0256-36-8777,0256-35-6212,1110005005494,医療法人積発堂,15B0400027,,,0,https://www.shihatsudo.or.jp/care/,,,,
152048,15B0400035,新潟県,三条市,三条東病院　介護医療院,サンジョウヒガシビョウイン　カイゴイリョウイン,介護医療院,新潟県三条市北入蔵２丁目１７番２７号,,37.632093323592265,138.985132604893520,0256-38-1133,0256-38-1134,8110005005513,医療法人社団　橘光葉会,15B0400035,,,0,http://www.tachibanakoyokai.or.jp/,,,,
152048,15B0490002,新潟県,三条市,済生会三条病院介護医療院なでしこ,サイセイカイサンジョウビョウインカイゴイリョウインナデシコ,介護医療院,新潟県三条市大野畑6番18号,,37.626585600000000,138.939826500000000,0256-33-1551,0256-34-7541,3010405001696,社会福祉法人恩賜財団済生会,15B0490002,,,,https://www.saisanhp.com/,,,,
152064,15B0600014,新潟県,新発田市,豊浦壱番館,トヨウライチバンカン,介護医療院,新潟県新発田市荒町甲1611-8,,37.935482000000010,139.321807000000000,0254-21-0195,0254-21-0062,8110005002287,医療法人愛広会,15B0600014,,,0,http://www.aiko.or.jp,,,,
152081,15B0800010,新潟県,小千谷市,新潟県厚生農業協同組合連合会小千谷総合病院介護医療院,ニイガタケンコウセイノウギョウキョウドウクミアイレンゴウカイオヂヤソウゴウビョウインカイゴイリョウイン,介護医療院,新潟県小千谷市平沢新田111,,37.321551000000000,138.792999700000000,0258-81-1600,0258-81-1601,4110005000419,新潟県厚生農業協同組合連合会,15B0800010,,,80,https://www.ojiya-ghp.jp/,,,,
152099,15B0900018,新潟県,加茂市,加茂病院　介護医療院,カモビョウイン　カイゴイリョウイン,介護医療院,青海町1－9－1,,0.000000000000000,0.000000000000000,0256－52－0701,0256－52－2258,3110005011210,社会医療法人崇徳会,15B0900018,,,,https://www.sutokukai.or.jp/kamo-hp/,,,,
152129,15B1200020,新潟県,村上市,山北徳新会介護医療院,サンポクトクシンカイカイゴイリョウイン,介護医療院,新潟県村上市勝木1340-1山北徳洲会病院　4階,山北徳洲会病院　4階,38.490321500000000,139.516477900000000,0254-60-5555,0254-60-5556,1190005011989,医療法人徳新会,15B1200020,,,0,http://sanpoku-hp.or.jp,,,,
152129,15B1200012,新潟県,村上市,医療法人新光会村上記念病院介護医療院,イリョウホウジンシンコウカイムラカミキネンビョウインカイゴイリョウイン,介護医療院,新潟県村上市松山204番地1,,38.217708500000000,139.456942100000000,0254-52-1229,0254-52-3556,1020005001593,医療法人新光会（社団）,15B1200012,,,0,http://murakamikinen-hp.jp/,,,,
152129,15B1200038,新潟県,村上市,介護医療院瀬波,カイゴイリョウインセナミ,介護医療院,新潟県村上市瀬波温泉２丁目４－１５,,38.217631500000000,139.444175700000000,0254-50-1900,0254-50-1901,4110005000419,新潟県厚生農業協同組合連合会,15B1200038,,,82,,,,,
152129,15B1200046,新潟県,村上市,肴町介護医療院,サカナマチカイゴイリョウイン,介護医療院,新潟県村上市田端町１６番７号,,38.223219700000010,139.464276100000000,0254-53-2781,0254-53-2803,5110005007454,医療法人山北会,15B1200046,,,0,http://www.sanpokukai.jp,,,,
152226,15B0300011,新潟県,上越市,介護医療院　えがおと虹の森ふもと,カイゴイリョウイン　エガオトニジノモリフモト,介護医療院,新潟県上越市中央1丁目23-26,,37.174369300000000,138.246049600000000,025-543-2108,025-531-1527,9110005008085,医療法人麓会,15B0300011,,,,http://www.fumotokai-hp.com/,,,,
152234,15B2100013,新潟県,阿賀野市,あがの市民病院介護医療院,アガノシミンビョウインカイゴイリョウイン,介護医療院,新潟県阿賀野市岡山町13-23,,37.832795700000000,139.221167700000020,0250-62-2780,0250-62-1598,9000020152234,阿賀野市,15B2100013,,,0,https://www.niigata-kouseiren.jp/hospital/aganoshimin/,,,,
154610,15B5800015,新潟県,湯沢町,湯沢介護医療院ゆきざくら,ユザワカイゴイリョウインユキザクラ,介護医療院,新潟県南魚沼郡湯沢町大字湯沢２８７７番地１,,36.938834100000000,138.813455200000000,025-780-6543,025-784-1900,9000020154610,湯沢町,15B5800015,,,0,https://yuzawa.jadecom.or.jp,,,,
162019,16B0100022,富山県,富山市,いま泉病院　介護医療院,イマイズミビョウイン　カイゴイリョウイン,介護医療院,富山県富山市今泉220番地,,36.668877500000010,137.212514899999970,076-425-1166,076-425-1228,5230005000380,医療法人社団いずみ会,16B0100022,,,0,https://izumikai.mutsumi-gr.jp/,,,,
162019,16B0100097,富山県,富山市,栗山介護医療院,クリヤマカイゴイリョウイン,介護医療院,富山市開発133番地,,36.631376700000000,137.246171700000000,076-429-0203,076-429-3682,6230005000421,医療法人社団　基伸会,16B0100097,,,48,http:/kishin-kai.com,,,,
162019,16B0100063,富山県,富山市,医療法人社団城南会　城南内科介護医療院,イリョウホウジン　シャダンジョウナンカイ　ジョウナンナイカカイゴイリョウイン,介護医療院,富山県富山市太郎丸西町一丁目6番6,,36.677201899999986,137.209459399999960,076-421-6300,076-461-3306,2230005000375,医療法人社団城南会,16B0100063,,,64,https://jonankai.or.jp/jnmlc/,,,,
162019,16B0100089,富山県,富山市,医療法人社団城南会　富山城南病院介護医療院,イリョウホウジンシャダンジョウナンカイ　トヤマジョウナンビョウインカイゴイリョウイン,介護医療院,富山県富山市太郎丸本町一丁目8番1,,36.677968583323846,137.212185718521300,076-491-3366,076-491-2852,2230005000375,医療法人社団城南会,16B0100089,,,0,https://jonankai.or.jp/tjmlc/,,,,
162019,16B0100105,富山県,富山市,誠友病院介護医療院,セイユウビョウインカイゴイリョウイン,介護医療院,富山県富山市上千俵町103番地,,36.626543100000000,137.244007900000000,076-429-6677,076-429-6642,8230005000378,医療法人社団翠十字会,16B0100105,,,0,,,,,
162019,16B0100055,富山県,富山市,おおやま病院介護医療院,オオヤマビョウインカイゴイリョウイン,介護医療院,富山県富山市花崎８５,,36.609691400000000,137.280953599999970,076-483-3311,076-483-3313,4230005002502,医療法人社団東方会,16B0100055,,,0,https://www.ooyamahp.or.jp/,,,,
162019,16B0100048,富山県,富山市,友愛温泉病院介護医療院,ユウアイオンセンビョウインカイゴイリョウイン,介護医療院,富山県富山市婦中町新町2131,,36.663255359360036,137.123379631352240,076-469-5421,076-469-5425,6021005002536,医療法人社団友愛病院会,16B0100048,,,,http://www.yuuai-byouinkai.or.jp/,,,,
162019,16B0100014,富山県,富山市,流杉病院介護医療院,ナガレスギビョウインカイゴイリョウイン,介護医療院,富山県富山市流杉１２０番地,,36.658654841800640,137.276267224745170,076-424-2211,076-494-1811,,,16B0100014,,,0,https://www.nagaresugi.com/,,,,
162019,16B0100139,富山県,富山市,富山西総合病院介護医療院,トヤマニシソウゴウビョウインカイゴイリョウイン,介護医療院,富山県富山市婦中町下轡田1019,,36.660009348577030,137.174278609787020,076-461-7700,076-461-7788,8230005004271,医療法人社団藤聖会,16B0100139,,,48,https://toyama-nishi.jp/,,,,
162019,16B0100071,富山県,富山市,介護医療院　尽誠会,カイゴイリョウイン　ジンセイカイ,介護医療院,富山県富山市水橋辻ヶ堂466-1,,36.745478900000000,137.297098600000000,076-478-0418,076-478-2579,1230005007909,医療法人社団　尽誠会,16B0100071,,,100,https://nomura-hospital.jp,,,,
162019,16B0100113,富山県,富山市,萩野病院介護医療院,ハギノビョウインカイゴイリョウイン,介護医療院,富山市婦中町萩島315-1,,36.628423800000000,137.179241900000000,076-465-2131,076-465-2134,2230005002512,医療法人社団継和会,16B0100113,,,,https://hagino-hp.jp/,,,,
162019,16B0100030,富山県,富山市,介護医療院　せいわ,カイゴイリョウイン　セイワ,介護医療院,針原中町３３６,,36.724460100000000,137.264967100000040,076-451-7001,076-451-7701,8230005000386,医療法人社団　正啓会,16B0100030,,,33,http://seikeikaitoyama.com/,,,,
162027,16B0200020,富山県,高岡市,丹保病院介護医療院,タンボビョウインカイゴイリョウイン,介護医療院,大坪町1丁目1番3号,,36.754499300000000,137.018052500000070,0766-22-3719,0766-22-2275,7230005005865,医療法人社団桑山会,16B0200020,,,0,www.kuwayamakai.jp/,,,,
162027,16B0200046,富山県,高岡市,介護医療院高陵クリニック,カイゴイリョウインコウリョウクリニック,介護医療院,富山県高岡市野村23-1,,36.737714200000000,137.027245500000000,0766-26-6200,0766-26-6204,7230005005873,医療法人社団高陵クリニック,16B0200046,,,,https://www.ko-cli.com/,,,,
162027,16B0200012,富山県,高岡市,介護医療院　光ヶ丘,カイゴイリョウイン　ヒカリガオカ,介護医療院,富山県高岡市西藤平蔵313番地,,36.706623800000024,136.985906099999960,0766-63-5353,0766-63-5716,9230005005863,医療法人社団紫蘭会,16B0200012,,,0,http://shirankai.net/,,,,
162027,16B0200038,富山県,高岡市,万葉病院介護医療院,マンヨウビョウインカイゴイリョウイン,介護医療院,高岡市西海老坂字大坪362番,,36.777645245676810,136.998981442486920,０７６６－２４－２１６３,０７６６－２４－２２７９,1230005005862,医療法人社団川岸会,16B0200038,,,0,https:www.kawagisikai-manyo.com,,,,
162043,16B0400026,富山県,魚津市,魚津病院介護医療院,ウオヅビョウインカイゴイリョウイン,介護医療院,富山県魚津市友道789番地,,36.814560500000000,137.411361599999960,0765-24-7671,0765-24-7157,3230005003550,医療法人社団七徳会,16B0400026,,,0,http://www.uozubyouin.jp/,,,,
162043,16B0400018,富山県,魚津市,新川病院介護医療院,ニイカワビョウインカイゴイリョウイン,介護医療院,富山県魚津市住吉２３６番地,,36.800248500000000,137.399404499999950,0765-24-3800,0765-24-5055,5230005003549,医療法人社団福寿会,16B0400018,,,0,http://www.fukujukai.com,,,,
162051,16B0500015,富山県,氷見市,陽和温泉病院介護医療院,ヨウワオンセンビョウインカイゴイリョウイン,介護医療院,富山県氷見市堀田4-1,,36.812728800000000,136.972749799999970,0766-91-2751,0766-91-3575,6021005002536,医療法人社団　友愛病院会,16B0500015,,,96,http://www.yuuai-byouinkai.or.jp/facilities/youwa/,,,,
162060,16B0600013,富山県,滑川市,吉見病院　介護医療院,ヨシミビョウイン　カイゴイリョウイン,介護医療院,富山県滑川市清水町３番２５号,,36.763420600000000,137.343748700000000,076-475-0861,076-475-7235,8230005004429,医療法人社団　秀林会　吉見病院,16B0600013,,,,https://yoshimi-hospital.jp,,,,
162078,16B0700011,富山県,黒部市,池田リハビリテーション病院　　介護医療院,イケダリハビリテーションビョウインカイゴイリョウイン,介護医療院,富山県黒部市荻生821番地,,36.888128100000000,137.469861300000050,0765-54-5400,0765-54-3921,1230005004170,医療法人社団一志会,16B0700011,,,29,http://www.ikeda-reha.co.jp,,,,
162078,16B0700029,富山県,黒部市,黒部温泉病院介護医療院,クロベオンセンビョウインカイゴイリョウイン,介護医療院,富山県黒部市窪野929番地,,36.851411716069980,137.444595772491450,0765-52-4655,0765-52-4714,6021005002536,医療法人社団友愛病院会,16B0700029,,,80,http://www.yuuai-byouinkai.or.jp,,,,
162086,16B0800027,富山県,砺波市,砺波サンシャイン介護医療院,トナミサンシャインカイゴイリョウイン,介護医療院,砺波市鷹栖５７５番地,,36.635300699999990,136.939799600000010,0763-33-0800,0769-33-7585,9230005005822,医療法人社団藤和会,16B0800027,,,0,https://www.tonami-shp.com/,,,,
162086,16B0800019,富山県,砺波市,となみ三輪病院　介護医療院,トナミミワビョウイン　カイゴイリョウイン,介護医療院,砺波市頼成605,,36.636567100000000,137.008493700000030,0763-37-1000,0763-37-0800,3230005000382,医療法人社団　三医会,16B0800019,,,0,http://www.sanikai.or.jp/,,,,
162086,16B0800035,富山県,砺波市,砺波誠友病院介護医療院,トナミセイユウビョウインカイゴイリョウイン,介護医療院,富山県砺波市大窪17-1,,36.654631200000000,136.980804000000000,0763-33-7766,0763-33-6767,8230005000378,医療法人社団翠十字会,16B0800035,,,0,,,,,
162094,16B0900033,富山県,小矢部市,西野介護医療院,ニシノカイゴイリョウイン,介護医療院,富山県小矢部市本町6-30西野内科病院,西野内科病院,36.674948400000000,136.868206300000000,0766-67-1730,0766-67-1798,,医療法人社団にしの会,16B0900033,,,,http://www.nishinokai.jp,,,,
162094,16B0900041,富山県,小矢部市,太田病院,オオタビョウイン,介護医療院,富山県小矢部市新富町3-11,,36.677582699999995,136.869667299999970,0766-67-0443,0766-67-4540,2230005005713,医療法人社団薫風会,16B0900041,,,0,http://www.otahospital.com,,,,
162094,16B0900058,富山県,小矢部市,西野介護医療院,ニシノカイゴイリョウイン,介護医療院,本町3-33,,35.690278300000000,139.681406600000000,0766-67-1730,0766-67-1798,4230005005414,医療法人社団にしの会,16B0900058,,,,http://www.nishinokai.jp,,,,
162094,16B0900017,富山県,小矢部市,小矢部大家病院介護医療院,オヤベオオカビョウインカイゴイリョウイン,介護医療院,富山県小矢部市島321番地,,36.665419600000000,136.876110100000000,0766-67-2002,0766-67-2288,8230005005419,医療法人社団啓愛会,16B0900017,,,0,http/www1.tst.ne.jp/ohkahp/,,,,
162094,16B0900025,富山県,小矢部市,つざわ津田介護医療院,ツザワツダカイゴイリョウイン,介護医療院,富山県小矢部市新西117番1号,,36.629516000000000,136.895734600000000,0766-61-8585,0766-61-8830,3230005005407,医療法人社団寿恵会,16B0900025,,,40,https://tsudahp.jp/,,,,
162108,16B1000015,富山県,南砺市,南砺中央介護医療院,ナントチュウオウカイゴイリョウイン,介護医療院,富山県南砺市梅野2007-5,,36.541796900000000,136.903787000000000,0763-53-0001,0763-53-2014,2000020162108,南砺市,16B1000015,,,0,https://nantohp.city.nanto.toyama.jp/medical_facility,,,,
162116,16B1100013,富山県,射水市,くるみ介護医療院,クルミカイゴイリョウイン,介護医療院,富山県射水市大島北野48,,36.744976900000000,137.052452700000000,0766-52-2580,0766-52-8016,2230005005886,医療法人社団樫の木会,16B1100013,,,0,https://www.kurumi.or.jp,,,,
172014,17B0100039,石川県,金沢市,小池病院介護医療院,コイケビョウインカイゴイリョウイン,介護医療院,石川県金沢市大手町８番２０号,,36.567672200000000,136.664194899999980,076-263-5521,076-263-5523,1220005001870,医療法人社団博仁会,17B0100039,,,0,http://www.koike-hospital.jp,,,,
172014,17B0100054,石川県,金沢市,林病院介護医療院,ハヤシビョウインカイゴイリョウイン,介護医療院,石川県金沢市本町1丁目2番27号,,36.574509200000000,136.651777700000000,076-261-8181,076-263-6000,7220005003300,白銀会,17B0100054,,,,https://hayashibyouin.or.jp/,,,,
172014,17B0100013,石川県,金沢市,医療法人社団　和宏会　敬愛病院　介護医療院,イリョウホウジンシャダン　ワコウカイ　ケイアイビョウイン　カイゴイリョウイン,介護医療院,石川県金沢市兼六元町14番21号,,36.565281900000000,136.667377999999990,076-222-1301,076-222-1880,8220005001848,医療法人社団和宏会,17B0100013,,,,http://www.keiai-hosp.jp/,,,,
172014,17B0100021,石川県,金沢市,医療法人社団和宏会大手町病院　介護医療院,イ）オオテマチビョウイン　カイゴイリョウイン,介護医療院,大手町5番32号,,36.568636100000000,136.662948000000030,076-221-1863,076-221-6591,8220005001848,医療法人社団和宏会　大手町病院　介護医療院,17B0100021,,,70,http://www.ootemachi-hosp.jp./,,,,
172014,17B0100047,石川県,金沢市,医療法人社団浅ノ川　千木病院介護医療院,イリョウホウジンシャダンアワノガワ　センギビョウインカイゴイリョウイン,介護医療院,金沢市千木町へ33番地1,,36.611309426412820,136.672927906745900,076-257-8600,076-257-5466,7220005001840,医療法人社団浅ノ川,17B0100047,,,100,http://www.sengi-hp.jp,,,,
172022,17B0210937,石川県,七尾市,北村病院介護医療院,キタムラビョウインカイゴイリョウイン,介護医療院,石川県七尾市御祓町ホ部２６番地の５,,37.043916000000000,136.963487000000000,0767-52-1173,0767-54-0616,9220005005237,医療法人社団　豊明会,17B0210937,,,17,http://kitamurahospital.iza-yoi.net/,,,,
172022,17B0210945,石川県,七尾市,浜野介護医療院,ハマノカイゴイリョウイン,介護医療院,石川県七尾市津向町野中20番1,,37.063244600000000,136.954677600000000,0767-52-3262,0767-52-3264,4220005005150,愛生会,17B0210945,,,,http://www.hamano-hp.or.jp/nishihospital.htm,,,,
172049,17B0400017,石川県,輪島市,市立輪島病院介護医療院,シリツワジマビョウインカイゴイリョウイン,介護医療院,石川県輪島市山岸町は１番１地,,37.384190800000000,136.905772700000000,0768-23-0630,0768-23-0668,,,17B0400017,,,,https://www.city.wajima.ishikawa.jp/wajimahp/,,,,
172065,17B0600012,石川県,加賀市,介護医療院　まごころ,カイゴイリョウイン　マゴコロ,介護医療院,石川県加賀市大聖寺永町イ17番地久藤総合病院5階,久藤総合病院5階,36.307838900000000,136.320067699999980,0761-75-7013,0761-73-3458,4220005003939,医療法人社団慈豊会,17B0600012,,,29,https://www.jihoukai.or.jp/magokoro/,,,,
172065,17B0600020,石川県,加賀市,加賀温泉ケアセンター,カガオンセンケアセンター,介護医療院,石川県加賀市直下町ヲ91番地,,36.277037600000000,136.327559100000000,0761-73-3315,0761-73-2088,4220005003939,慈豊会,17B0600020,,,0,https://www.jihoukai.or.jp/carecenter/,,,,
172090,17B2100011,石川県,かほく市,二ツ屋病院　介護医療院,フタツヤビョウイン　カイゴイリョウイン,介護医療院,石川県かほく市二ツ屋ソ７２,,36.784677500000000,136.738513900000040,076-281-0172,076-281-0161,1220005007059,医療法人社団芙蓉会,17B2100011,,,0,http://www.futatsuya-hp.jp/,,,,
172111,17B2300017,石川県,能美市,芳珠記念病院　介護医療院　陽だまり,ホウジュキネンビョウイン　カイゴイリョウイン　ヒダマリ,介護医療院,石川県能美市緑が丘11丁目71番地,,36.441911500000000,136.535887099999970,0761-51-5551,0761-51-5557,2220005003453,医療法人社団和楽仁,17B2300017,,,,http://www.houju.or.jp,,,,
173843,17B1500013,石川県,志賀町,町立介護医療院夕なぎ,チョウリツカイゴイリョウインユウナギ,介護医療院,石川県羽咋郡志賀町富来地頭町7-110-1,,37.137241612117230,136.729345547746300,0767-42-1122,0767-42-0197,7000020173843,志賀町,17B1500013,,,34,http://www.town.shika.ishikawa.jp/togihospital/,,,,
173843,17B1500021,石川県,志賀町,介護医療院　悠悠,カイゴイリョウインユウユウ,介護医療院,羽咋郡志賀町富来領家町ハの30番地,,37.143879000000000,136.729932900000000,0767-42-1151,0767-42-2493,1100005001602,医療法人平成会,17B1500021,,,,https://mukai.clinic/,,,,
174611,17B1700019,石川県,穴水町,介護医療院　恵寿鳩ヶ丘,カイゴイリョウイン　ケイジュハトガオカ,介護医療院,石川県鳳珠郡穴水町字麦ヶ浦15、39番8,,37.273072900000000,136.921108300000010,0768-52-3335,0768-52-3325,9220005005162,社会医療法人財団董仙会,17B1700019,,,0,http://www.keiju.co.jp/hato/,,,,
174637,17B1700027,石川県,能登町,柳田温泉病院介護医療院,ヤナギダオンセンビョウインカイゴイリョウイン,介護医療院,石川県鳳珠郡能登町字宇出津タ字97番地公立宇出津総合病院　5階,公立宇出津総合病院　5階,37.350149200000020,137.111148500000000,0768-76-1223,0768-76-1224,8220005006120,医療法人社団持木会,17B1700027,,,0,https://www.onsenhp.com/,,,,
182010,18B0100038,福井県,福井市,介護医療院まこと,カイゴイリョウインマコト,介護医療院,福井県福井市板垣５丁目201,,36.044129400000000,136.228015100000000,0776-33-1600,0776-33-1602,4210005000210,医療法人雄久会,18B0100038,,,0,hikaricare@hikarigroup.jp,,,,
182010,18B0100012,福井県,福井市,福井リハビリテーション病院介護医療院,フクイリハビリテーションビョウインカイゴイリョウイン,介護医療院,福井市南楢原町20字大畑2番地,,36.097824300000000,136.179879700000000,0776-59-1126,0776-59-1922,5210005000201,医療法人穂仁会,18B0100012,,,,http://www.otaki-hp.or.jp/group/fukui-rehabilitation/,,,,
182044,18B0400016,福井県,小浜市,田中病院　介護医療院,タナカビョウイン　カイゴイリョウイン,介護医療院,福井県小浜市遠敷10丁目601番地の1,,35.485256400000020,135.774889977909880,0770-56-5353,0770-56-5522,7210005008440,医療法人若永会,18B0400016,,,,https://sites.google.com/view/tanakahospital-obama/,,,,
182052,18B0500021,福井県,大野市,介護医療院　キラキラの家,カイゴイリョウイン　キラキラノイエ,介護医療院,要町1-13,,35.734372200000000,139.699519700000000,0779-64-4332,0779-66-7677,2210005005434,医療法人キラキラ会,18B0500021,,,,,,,,
182052,18B0500013,福井県,大野市,介護医療院あかり,カイゴイリョウインアカリ,介護医療院,福井県大野市明倫町11-2尾崎病院,尾崎病院,35.982572400000000,136.490674000000000,0779663067,0779661916,1210005005435,医療法人清翔会尾崎病院,18B0500013,,,0,https://sites.google.com/view/ozaki-hp/,,,,
182079,18B0700019,福井県,鯖江市,介護医療院　かがやき,カイゴイリョウイン　カガヤキ,介護医療院,福井県鯖江市旭町4丁目9番10号,,35.950147500000014,136.188240600000030,0778-51-2755,0778-51-4271,7210005008044,社会医療法人寿人会,18B0700019,,,,https://www.jujinkai.or.jp/,,,,
182079,18B0700035,福井県,鯖江市,広瀬病院介護医療院サンク,ヒロセビョウインカイゴイリョウインサンク,介護医療院,福井県鯖江市旭町1-2-8,,35.943897600000000,136.187329500000000,0778-51-3030,0778-51-5978,8210005008068,医療法人至要会,18B0700035,,,,https://www.hirosebyouin.com,,,,
182079,18B0700027,福井県,鯖江市,谷川病院介護医療院,タニカワビョウインカイゴイリョウイン,介護医療院,本町4丁目3番14号,,35.949891090971830,136.184920647156020,0778-51-4132,0778-52-4627,9210005008059,医療法人日野会,18B0700027,,,36,,,,,
182095,18B0300026,福井県,越前市,笠原病院　介護医療院,カサハラビョウイン　カイゴイリョウイン,介護医療院,福井県越前市塚町２１４番地,,35.903496100000000,136.168717300000000,0778-23-1155,0778-22-0303,6210005006890,医療法人笠原病院,18B0300026,,,,http://www.kasahara-hosp.or.jp,,,,
182095,18B0300018,福井県,越前市,介護医療院　今立中央病院,カイゴイリョウイン　イマダテチュウオウビョウイン,介護医療院,福井県越前市粟田部町33-1一般財団法人　今立中央病院内　併設,一般財団法人　今立中央病院内　併設,35.917107900000000,136.244086000000040,0778-42-1800,0778-42-2315,2210005006853,一般財団法人　　今立中央病院,18B0300018,,,38,https://www.imadatechuo-hp.com,,,,
192015,1970105142,山梨県,甲府市,医療法人慶友会　城東病院介護医療院,イリョウホウジンケイユウカイ　ジョウトウビョウインカイゴイリョウイン,介護医療院,山梨県甲府市城東4-13-15,,35.657498100000000,138.582012700000000,055-233-6411,055-233-6409,1090005000028,医療法人慶友会,1970105142,,,0,http://joto-group.com,,,,
192015,1910114675,山梨県,甲府市,箭本外科整形外科医院介護医療院,ヤモトゲカセイケイゲカイインカイゴイリョウイン,介護医療院,北口３－１－１,,0.000000000000000,0.000000000000000,０５５－２５３－３５３２,０５５－２５１－０４８３,4090005001287,医療法人社団箭本外科整形外科医院,1910114675,,,0,http://www.yamotogekaseikeigeka.com/,,,,
192040,1911110474,山梨県,都留市,ツル虎ノ門整形外科・リハビリテーション病院介護医療院,ツルトラノモンセイケイゲカ・リハビリテーションビョウインカイゴイリョウイン,介護医療院,山梨県都留市四日市場瀬中188,,35.567508600000000,138.917764100000000,0554-45-8810,0554-45-8812,7080105001169,社会医療法人青虎会,1911110474,,,,https://www.toranomon.or.jp/turu/,,,,
202011,20B0100018,長野県,長野市,介護医療院とよの,カイゴイリョウイントヨノ,介護医療院,長野県長野市豊野町豊野634,,36.710732400000000,138.282755200000000,026－257-2470,026－257-4486,7010605000627,社会福祉法人賛育会,20B0100018,,,,https://san-ikukai.or.jp/toyono/,,,,
202011,20B0100026,長野県,長野市,医療法人社団温心会　東和田病院介護医療院,イリョウホウジンシャダン　ヒガシワダビョウインカイゴイリョウイン,介護医療院,長野県長野市東和田723番地,,36.653530100000000,138.229631700000000,026-243-4895,026-259-0960,3100005001567,医療法人社団温心会,20B0100026,,,149,http://www.higashiwada-h.com/,,,,
202029,20B0200016,長野県,松本市,社会医療法人城西医療財団城西病院介護医療院,シャカイイリョウホウジンシロニシイリョウザイダンシロニシビョウインカイゴイリョウイン,介護医療院,長野県松本市城西1丁目5番16号,,36.239485099999980,137.962472300000000,0263-33-2201,0263-33-2202,8100005005646,社会医療法人城西医療財団,20B0200016,,,,http://www.shironishi.or.jp/sh/,,,,
202029,2010217335,長野県,松本市,医療法人心泉会上條記念病院,シンセンカイカミジョウキネンビョウイン,介護医療院,長野県松本市村井町西2-16-1,,36.172309400000000,137.947462200000000,0263-57-3800,0263-57-3825,5100005005657,医療法人心泉会,2010217335,,,0,http://www.kamijyomhp.or.jp/,,,,
202037,20B0300014,長野県,上田市,丸子中央病院,マルコチュウオウビョウイン,介護医療院,長野県上田市中丸子1771番地1,,36.338161000000000,138.270306300000000,0268-42-1111,0268-42-1112,3100005004603,医療法人　丸山会,20B0300014,,,,http://maruyamakai.or.jp/maruko-hp/,,,,
202053,20B0500019,長野県,飯田市,介護医療院　西澤病院,カイゴイリョウイン　ニシザワビョウイン,介護医療院,長野県飯田市本町4丁目5番地,,35.517001000000000,137.821625300000000,0265-24-3800,0265-24-3801,2100005009479,医療法人龍川会,20B0500019,,,0,https://nishizawa-hp.jp/,,,,
202088,20B0800021,長野県,小諸市,小諸病院介護医療院,コモロビョウインカイゴイリョウイン,介護医療院,長野県小諸市荒町2丁目1-1,,36.326224131297510,138.426874893254050,0267-22-0250,0267-24-0665,4100005003629,医療法人山月会,20B0800021,,,0,http://komoro-hosp.jp/,,,,
202096,20B0900011,長野県,伊那市,介護医療院じんあい,カイゴイリョウインジンアイ,介護医療院,長野県伊那市西町4906,,35.836059075332656,137.958003258999670,0265-78-3333,0265-78-3335,9100005008854,暁会,20B0900011,,,0,https://jinai-h.org,,,,
202118,20B1100017,長野県,中野市,介護医療院　長寿の里,カイゴイリョウイン　チョウジュノサト,介護医療院,長野県中野市上今井601,,36.750866900000000,138.318832900000000,0269-38-3313,0269-24-3070,5100005005459,医療法人聖峰会,20B1100017,,,82,https://issh.jp/chojyu/index.html,,,,
202151,20B1500026,長野県,塩尻市,医療法人元山会中村病院介護医療院えんらいふ,イリョウホウジンゲンザンカイナカムラビョウインカイゴイリョウインエンライフ,介護医療院,長野県塩尻市広丘高出1612番地3,,36.121894900000000,137.958335000000000,0263-52-3321,0263-52-3666,5100005006754,医療法人元山会,20B1500026,,,,http://www.nakamura-hospital.jp/,,,,
202151,20B1500018,長野県,塩尻市,医療法人社団敬仁会　介護医療院　添え木,イリョウホウジンシャダンケイジンカイ　カイゴイリョウイン　ソエギ,介護医療院,長野県塩尻市宗賀1295番地,,36.111249099999990,137.932449400000000,0263-53-2050,0263-53-2070,3100005006764,医療法人社団　敬仁会,20B1500018,,,0,https://www.keijin-kai.jp/,,,,
202177,20B1700014,長野県,佐久市,金澤病院　介護医療院,カナザワビョウイン　カイゴイリョウイン,介護医療院,長野県佐久市岩村田８０４番地,,36.274538900000000,138.478686800000000,0267-78-5408,0267-78-5409,7100005002909,医療法人三世会,20B1700014,,,0,https//kanazawa-kaigo.jp,,,,
203092,20B2000018,長野県,佐久穂町,佐久穂町立千曲病院介護医療院,サクホチョウリツチクマビョウインカイゴイリョウイン,介護医療院,長野県南佐久郡佐久穂町大字高野町３２８佐久穂町立千曲病院,佐久穂町立千曲病院,36.161831000000010,138.477416500000000,０２６７ー８６－２３６０,０２６７－８６－５４２７,2000020203092,佐久穂町,20B2000018,,,0,https://www.chikumahospital.jp/,,,,
203238,20B2100016,長野県,御代田町,軽井沢西部総合病院　介護医療院,カルイザワセイブソウゴウビョウイン　カイゴイリョウイン,介護医療院,長野県北佐久郡御代田町大字御代田4107-40,,36.311661000000000,138.515362700000000,0267-32-4711,0267-32-5033,2100005002913,医療法人社団軽井沢西部総合病院,20B2100016,,,0,https://miyotahp.jp,,,,
204021,20B2500033,長野県,松川町,下伊那赤十字病院介護医療院,シモイナセキジュウジビョウインカイゴイリョウイン,介護医療院,長野県下伊那郡松川町元大島3159-1,,35.600206100000000,137.910884400000000,0265-36-2255,0265-36-7081,6010405002452,日本赤十字社,20B2500033,,,,https://shimoina.jrc.or.jp/,,,,
204030,20B2500017,長野県,高森町,下伊那厚生病院介護医療院,シモイナコウセイビョウインカイゴイリョウイン,介護医療院,長野県下伊那郡高森町吉田481番地13,,35.551165700000000,137.888671500000000,0265-35-7511,0235-35-1182,4100005001211,長野県厚生農業協同組合連合会,20B2500017,,,0,http://shimoina-hp.jp/,,,,
204072,20B2500025,長野県,阿智村,介護医療院　橋上医院,カイゴイリョウイン　ハシガミイイン,介護医療院,長野県下伊那郡阿智村駒場359番地1,,35.445933099371370,137.750110288839830,0265-43-2118,0265-45-0030,9100005009506,医療法人健生会,20B2500025,,,0,alten-hein.com,,,,
204323,20B2600015,長野県,木曽町,長野県立木曽病院介護医療院,ナガノケンリツキソビョウインカイゴイリョウイン,介護医療院,長野県木曽郡木曽町福島６６１３－４,,35.834797800000004,137.683400800000000,0264-22-2703,0264-22-2800,4100005007761,地方独立行政法人長野県立病院機構,20B2600015,,,0,https://kiso-hosp.jp/,,,,
212016,21B0100017,岐阜県,岐阜市,介護医療院みよし,カイゴイリョウインミヨシ,介護医療院,岐阜県岐阜市北一色５丁目２番１１号,,35.413083100000000,136.792345299999960,058-247-3411,058-247-7682,6200005012634,医療法人敬長会,21B0100017,,,0,https://www.keichoukai.com,,,,
212016,21B0100025,岐阜県,岐阜市,介護医療院　大橋整形外科病院,カイゴイリョウイン　オオハシセイケイゲカビョウイン,介護医療院,岐阜県岐阜市栄新町2丁目50番地,,35.437650600000000,136.759799800000000,058-232-1151,058-232-1153,2200005001351,医療法人社団永寿会,21B0100025,,,,http://www.eijyukai-ohhashi.or.jp/,,,,
212016,21B0100033,岐阜県,岐阜市,しらゆり介護医療院,シラユリカイゴイリョウイン,介護医療院,岐阜県岐阜市安食１丁目８７番地１,,35.489943383061160,136.721930944844050,058-238-8555,058-238-8556,9200005001386,医療法人社団英集会,21B0100033,,,0,http://www.fukutomi-clinic.com/,,,,
212130,21B0500018,岐阜県,各務原市,各務原リハビリテーション介護医療院,カカミガハラリハビリテーションカイゴイリョウイン,介護医療院,岐阜県各務原市鵜沼山崎町6-8-2,,35.399574700000000,136.946741400000000,058-384-8399,058-384-2102,4200005002265,医療法人社団　誠道会,21B0500018,,,0,https://www.seidoukai.or.jp/facility-detail/nursing-care/,,,,
212130,21B0500026,岐阜県,各務原市,医療法人秀幸会横山病院介護医療院,イリョウホウジンシュウコウカイヨコヤマビヨウインカイゴイリョウイン,介護医療院,岐阜県各務原市那加元町8番地,,35.398961900000000,136.837683300000000,058-382-0119,058-389-0423,2200005002242,医療法人秀幸会,21B0500026,,,,,,,,
212148,21B3100014,岐阜県,可児市,藤掛病院介護医療院,フジカケビョウインカイゴイリョウイン,介護医療院,岐阜県可児市広見876,,35.421050700000000,137.062331600000000,0574-62-0030,0574-63-6750,9200005007169,医療法人馨仁会,21B3100014,,,,http://www.fujikake-hospital.jp/,,,,
212172,21B3300028,岐阜県,飛騨市,社団医療法人古川病院介護医療院,シャダイイイリョウホウジンフルカワビョウインカイゴイン,介護医療院,岐阜県飛騨市古川町三之町8-20,,36.235612900000000,137.183446900000000,0577-73-2234,0577-73-2284,5200005010309,社団医療法人古川病院,21B3300028,,,,,,,,
212172,21B3300010,岐阜県,飛騨市,介護医療院たかはら,カイゴイリョウイン　タカハラ,介護医療院,岐阜県飛騨市神岡町殿1081番地19,,36.324348600000010,137.307955600000000,0578-82-5313,0578-82-5743,3200005010319,社会福祉法人神東会,21B3300010,,,58,https://tanpopoen.or.jp/service/takahara/,,,,
212202,21B2800010,岐阜県,下呂市,下呂市立小坂介護医療院,ゲロシリツオサカカイゴイリョウイン,介護医療院,岐阜県下呂市小坂町大島1965番地,,35.951564800000000,137.258827000000000,0576-62-2212,0576-62-3613,1000020212202,下呂市,21B2800010,,,0,https://www.city.gero.lg.jp/soshiki/43/,,,,
213039,21B0600016,岐阜県,笠松町,愛生介護医療院,アイセイカイゴイリョウイン,介護医療院,岐阜県羽島郡笠松町円城寺971番地,,35.375485200000000,136.789689899999980,058-388-3300,058-387-6979,6200005003451,医療法人社団睦会,21B0600016,,,0,http://www.mutsumikai.or.jp/,,,,
213039,21B0600024,岐阜県,笠松町,ふれあい介護医療院,フレアイカイゴイリョウイン,介護医療院,岐阜県羽島郡笠松町円城寺９３３番地,,35.373048700000000,136.790975600000000,058-387-7350,058-387-7351,6200005003451,医療法人社団睦会,21B0600024,,,0,https://www.mutsumikai.or.jp/,,,,
213411,21B2300011,岐阜県,養老町,岐阜・西濃医療センター　西美濃厚生病院介護医療院,ギフ・セイノウイリョウセンター　ニシミノコウセイビョウインカイゴイリョウイン,介護医療院,岐阜県養老郡養老町押越986,,35.305220100000000,136.558043800000000,0584-32-1161,0584-32-2856,3200005000955,岐阜県厚生農業協同組合連合会,21B2300011,,,56,http://www.nishimino.gfkosei.or.jp/,,,,
213811,21B2500016,岐阜県,神戸町,黒川クリニック付属介護医療院,クロカワクリニックフゾクカイゴイリョウイン,介護医療院,岐阜県安八郡神戸町北一色３番地の1,,35.429141556798260,136.585989411253080,0584-27-8800,0584-27-8801,9200005004208,医療法人社団栄仁会,21B2500016,,,0,https://www.eijinkai-md.jp,,,,
221015,22B4200028,静岡県,静岡市葵区,静岡瀬名病院　介護医療院,シズオカセナビョウイン　カイゴイリョウイン,介護医療院,静岡県静岡市葵区瀬名4629番地の1,,35.035684000000000,138.427601300000000,054-264-2111,054-264-1313,3080005001223,医療法人社団恒仁会,22B4200028,,,0,https://kojinkai-iryou.com/senahp/,,,,
221023,22B4200010,静岡県,静岡市駿河区,静岡広野病院介護医療院,シズオカヒロノビョウインカイゴイリョウイン,介護医療院,静岡市駿河区広野1494-8,,34.927861200000000,138.376222200000030,054-258-6666,054-258-9170,3080005001223,医療法人社団恒仁会,22B4200010,,,198,https://kojinkai-iryou.com/hironohp/,,,,
221023,22B4200044,静岡県,静岡市駿河区,静岡徳洲会病院　介護医療院　ゆうかりの木陰,シズオカトクシュウカイビョウイン　カイゴイリョウイン　ユウカリノコカゲ,介護医療院,静岡県静岡市駿河区下川原南１１番１号,,34.931514900000050,138.384325700000030,054-270-3027,054-270-3028,1120005005403,医療法人徳洲会,22B4200044,,,41,https://www.shizutoku.jp/,,,,
221031,22B4200036,静岡県,静岡市清水区,山の上介護医療院,ヤマノウエカイゴイリョウイン,介護医療院,静岡県静岡市清水区草ヶ谷651番地の7,,35.052472800000000,138.489620600000000,054-340-2755,054-363-1030,2080005003170,医療法人社団健寿会,22B4200036,,,0,https://yamanoue-hospital.jp,,,,
221384,22B7200116,静岡県,浜松市中央区,介護医療院　有玉病院,カイゴイリョウイン　アリタマビョウイン,介護医療院,静岡県浜松市中央区有玉南町1436番地,,34.752462200000000,137.753562600000000,053-433-5255,053-435-4987,3430005001716,医療法人社団岡崎会,22B7200116,,,,http://www.okazakikai.or.jp/,,,,
221384,22B7200025,静岡県,浜松市中央区,介護医療院　西山ナーシング,カイゴイリョウイン　ニシヤマナーシング,介護医療院,静岡県浜松市中央区西山町411-1,,34.736456700000000,137.689640599999960,053-485-5151,053-485-6938,1080405000231,医療法人社団一穂会,22B7200025,,,0,https://www.nishiyama.or.jp,,,,
221384,22B7200090,静岡県,浜松市中央区,介護医療院　西山病院,カイゴイリョウイン　ニシヤマビョウイン,介護医療院,静岡県浜松市中央区西山町500番地,,34.737058207957080,137.688702513630700,053-485-5558,053-485-5653,1080405000231,医療法人社団一穂会,22B7200090,,,,https://www.nishiyama.or.jp,,,,
221384,22B7200033,静岡県,浜松市中央区,医療法人社団和恵会　湖東ケアセンター,イリョウホウジンシャダンワケイカイ　コトウケアセンター,介護医療院,浜松市中央区伊左地町8151,,34.746478300000000,137.654796000000030,053-486-2222,053-486-2618,9080405000364,医療法人社団和恵会,22B7200033,,,0,http://www.kotou-wakiekai.com,,,,
221384,22B7200074,静岡県,浜松市中央区,介護医療院　湖東病院,カイゴイリョウイン　コトウビョウイン,介護医療院,浜松市中央区伊左地町8151,,34.746478300000000,137.654796000000000,053-486-2222,053-486-2618,9080405000364,医療法人社団和恵会,22B7200074,,,0,http://www.kotou-wakeikai.com,,,,
221384,22B7200066,静岡県,浜松市中央区,和恵会医療院,ワケイカイイリョウイン,介護医療院,浜松市中央区入野町6413,,34.696703943341500,137.686730273827000,053-440-5500,053-440-5501,9080405000364,医療法人社団　和恵会,22B7200066,,,80,http://www.kotou-wakeikai.com,,,,
221384,22B7200082,静岡県,浜松市中央区,和恵会ケアセンター,ワケイカイケアセンター,介護医療院,静岡県浜松市中央区入野町6413,,34.696956400000000,137.686660000000020,053-440-5500,053-440-5501,9080405000364,医療法人社団和恵会,22B7200082,,,0,http://www.kotou-wakeikai.com,,,,
221392,22B7200108,静岡県,浜松市浜名区,遠江病院介護医療院,トオトウミビョウインカイゴイリョウイン,介護医療院,浜松市浜名区中瀬3832-1,,34.820101763400565,137.811252003041100,053-588-1880,053-588-2513,4080405003297,医療法人社団大法会,22B7200108,,,0,https://totomihp.com,,,,
221392,22B7200058,静岡県,浜松市浜名区,医療法人社団　誠心会　介護医療院　浜北さくら台,イリョウホウジンシャダン　セイシンカイ　カイゴイリョウイン　ハマキタサクラダイ,介護医療院,浜松市浜名区四大地9-68,,34.837999500000000,137.759317400000000,053-582-2311,053-582-2315,5080405003511,医療法人社団誠心会,22B7200058,,,54,http://www.sakuradai.or.jp/,,,,
221406,22B7200041,静岡県,浜松市天竜区,天竜すずかけ病院・介護医療院,テンリュウスズカケビョウイン・カイゴイリョウイン,介護医療院,二俣町二俣2396-56,,34.857156000000000,137.813845700000000,053-925-8111,053-925-8112,2080405000263,医療法人　弘遠会,22B7200041,,,55,https://www.suzukake.or.jp/tenryu/,,,,
222038,22B1100015,静岡県,沼津市,介護医療院　あしたか,カイゴイリョウイン　アシタカ,介護医療院,222038静岡県沼津市今沢西畑３７２番5,静岡県沼津市今沢西畑３７２番5,0.000000000000000,0.000000000000000,055-967-3711,055-967-3727,8080105000161,医療法人社団愛康会,22B1100015,,,0,,,,,
222101,22B2300010,静岡県,富士市,新富士ケアセンター,シンフジケアセンター,介護医療院,静岡県富士市大淵3898-1,,35.215919100000000,138.669518300000000,0545-36-2212,0545-36-2677,5080105002730,医療法人社団　喜生会,22B2300010,,,,http://www.shinfuji.or.jp,,,,
222119,22B6900021,静岡県,磐田市,介護医療院ひより,カイゴイリョウインヒヨリ,介護医療院,小立野135-1,,34.727139600000000,137.819612400000000,0538-84-7700,0538-84-7750,5080405005284,医療法人社団恵成会,22B6900021,,,50,,,,,
222119,22B6900013,静岡県,磐田市,白梅豊岡介護医療院,シラウメトヨオカカイゴイリョウイン,介護医療院,磐田市下神増185-19,,34.807192900000000,137.837054100000000,0539-62-1600,0539-62-1605,8080405000332,医療法人社団白梅会,22B6900013,,,0,https://www.shiraume.or.jp,,,,
222127,22B5100011,静岡県,焼津市,駿河西病院　介護医療院,スルガニシビョウイン　カイゴイリョウイン,介護医療院,中根新田1315,,34.829171600000000,138.286918000000010,054-623-5111,054-623-5116,5080405001449,医療法人社団綾和会,22B5100011,,,0,http://www.suruga-nishi.com/,,,,
222135,22B7400013,静岡県,掛川市,掛川東病院　介護医療院,カケガワヒガシビョウイン　カイゴイリョウイン,介護医療院,静岡県掛川市杉谷南1丁目1-1,,34.761973300000000,138.027203300000000,0537-23-7111,0537-23-7116,5080408001449,医療法人社団　綾和会,22B7400013,,,0,www.kakegawa-higasi.com,,,,
222135,22B7400021,静岡県,掛川市,医療法人社団　綾和会　掛川北病院　介護医療院,イリョウホウジンシャダン　リョウワカイ　カケガワキタビョウイン　カイゴイリョウイン,介護医療院,掛川市下垂木3350番地,,34.787127200000000,137.995996800000000,0537-62-3111,0537-62-3116,5080405001449,医療法人社団　綾和会,22B7400021,,,,http://www.ryouwa-kai.com/,,,,
222143,22B5300017,静岡県,藤枝市,介護医療院誠和藤枝病院,カイゴイリョウインセイワフジエダビョウイン,介護医療院,静岡県藤枝市中ノ合26-1,,34.908945100000000,138.246156400000000,054-638-3111,054-638-3285,9080405006122,医療法人社団八洲会,22B5300017,,,0,https://www.seiwa-fujieda.jp,,,,
222151,22B1200021,静岡県,御殿場市,医療法人社団清陽会　富士山麓病院介護医療院,イリョウホウジンシャダンセイヨウカイ　フジサンロクビョウインカイゴイリョウイン,介護医療院,静岡県御殿場市中畑字飯塚1932番地,,35.314099858806040,138.885857767409960,0550-89-5671,0550-89-8017,3080105001180,医療法人社団清陽会,22B1200021,,,0,http://www.ninchisyo.jp,,,,
222151,22B1200013,静岡県,御殿場市,一般財団法人神山復生会　神山復生病院介護医療院,イッパンザイダンホウジンコウヤマフクセイカイ　コウヤマフクセイビョウインカイゴイリョウイン,介護医療院,静岡県御殿場市神山109番地,,35.239310300000000,138.922821300000000,0550-87-0004,0550-87-5360,3080105005099,一般財団法人神山復生会,22B1200013,,,,http:www.fukusei.jp,,,,
222160,22B7300015,静岡県,袋井市,医療法人社団八洲会　介護医療院　袋井みつかわ病院,イリョウホウジンシャダンヤシマカイ　カイゴイリョウイン　フクロイミツカワビョウイン,介護医療院,静岡県袋井市友永1111番地,,34.799846400000000,137.889365499999940,0538-49-2211,0538-49-2291,9080405006122,医療法人社団八洲会,22B7300015,,,0,http://www.mitsukawa-fukuroi.jp,,,,
222194,22B0200014,静岡県,下田市,医療法人社団　桑寿会　下田温泉病院介護医療院,イリョウホウジンシャダン　ソウジュカイ　シモダオンセンビョウインカイゴイリョウイン,介護医療院,静岡県下田市柿崎997-2,,34.672257400000000,138.967411000000000,0558-22-5001,0558-22-0200,5080105004330,医療法人社団桑寿会,22B0200014,,,0,,,,,
222208,22B1400019,静岡県,裾野市,医療法人社団榮紀会　東名裾野病院　介護医療院,イリョウホウジンシャダンエイキカイ　トウメイスソノビョウイン　カイゴイリョウイン,介護医療院,御宿1472,,35.212543700000000,138.910641600000000,055-997-0200,055-997-3370,7080105000583,医療法人社団榮紀会,22B1400019,,,0,eikikai.or.jp,,,,
222216,22B8400012,静岡県,湖西市,浜名病院介護医療院,ハマナビョウインカイゴイリョウイン,介護医療院,静岡県湖西市新所岡崎梅田入会地15番地の70浜名病院本館　5階,浜名病院本館　5階,34.723601999999990,137.493442000000000,053－577－2333,053－577－2483,1180305003506,医療法人宝美会,22B8400012,,,44,http://www.hamanakai.or.jp/,,,,
222224,22B0700021,静岡県,伊豆市,伊豆赤十字介護医療院,イズセキジュウジカイゴイリョウイン,介護医療院,静岡県伊豆市小立野１００－２,,34.976030700000024,138.945357800000000,0558-74-3300,0558-74-3302,6010405002452,日本赤十字社,22B0700021,,,0,http://izurckaigoiryouin.jp/,,,,
222224,22B0700013,静岡県,伊豆市,伊豆慶友介護医療院,イズケイユウカイゴイリョウイン,介護医療院,静岡県伊豆市月ヶ瀬380-2,,34.918198509590090,138.924934196295170,0558-85-1701,0558-85-1810,4120005013568,医療法人全心会,22B0700013,,,0,https://www.izukeiyu.jp/,,,,
222224,22B0700039,静岡県,伊豆市,医療法人社団同仁会　中島介護医療院,イリョウホウジンシャダンドウジンカイ　ナカジマカイゴイリョウイン,介護医療院,静岡県伊豆市松ヶ瀬７５,,34.996380700000000,138.976142200000000,0558-87-0333,0558-87-0891,6080105001814,医療法人社団同仁会,22B0700039,,,,nakajimahospital.or.jp,,,,
223255,22B0300012,静岡県,函南町,伊豆平和病院　介護医療院,イズヘイワビョウイン　カイゴイリョウイン,介護医療院,静岡県田方郡函南町平井1690-13,,35.106756599999990,138.987423700000020,055-974-1355,055-974-0026,1020005001593,医療法人新光会（社団）,22B0300012,,,,http://izuheiwa-hp.jp/,,,,
224243,22B5500012,静岡県,吉田町,医療法人社団　八洲会　介護医療院　はいなん吉田病院,イリョウホウジンシャダン　ヤシマカイ　カイゴイリョウイン　ハイナンヨシダビョウイン,介護医療院,静岡県榛原郡吉田町神戸2571-6,,34.777619800000000,138.241918700000000,0548329111,,9080405006122,医療法人社団八洲会,22B5500012,,,,https://www.hainan-yoshida.jp/,,,,
231037,23B0300011,愛知県,名古屋市北区,医療法人福友会　天寿病院介護医療院,イリョウホウジンフクユウカイ　テンジュビョウインカイゴイリョウイン,介護医療院,米が瀬町１３８,,35.211180800000000,136.928142100000000,052-792-3151,052-794-2098,1180005007344,医療法人福友会,23B0300011,,,,https://fukuyukai.com/facility/79,,,,
231070,23B0700012,愛知県,名古屋市昭和区,介護医療院ごきその杜,カイゴイリョウインゴキソノモリ,介護医療院,愛知県名古屋市昭和区御器所二丁目９番７号,,35.148392200000000,136.922042700000000,052-872-1902,052-872-1904,3180005002500,医療法人生寿会,23B0700012,,,0,https://www.seijukai.or.jp/azzurri/gokisonomori/index.html,,,,
231100,23B1000016,愛知県,名古屋市中川区,医療法人親和会富田病院　介護医療院,イリョウホウジンシンワカイトミダビョウイン　カイゴイリョウイン,介護医療院,愛知県名古屋市中川区かの里一丁目３０１番地,,35.133548600000000,136.814891799999940,052-302-4976,052-301-5151,5180005002498,医療法人親和会,23B1000016,,,0,http://i-shinwakai.jp/,,,,
231126,23B1200020,愛知県,名古屋市南区,大同介護医療院,ダイドウカイゴイリョウイン,介護医療院,名古屋市南区白水町40番地の２,,35.076082900000000,136.905761600000000,052-611-8605,052-611-8909,3180005002442,社会医療法人宏潤会,23B1200020,,,,https://roken.daidoho.or.jp,,,,
231126,23B1200012,愛知県,名古屋市南区,介護医療院名南ふれあい病院,カイゴイリョウインメイナンフレアイビョウイン,介護医療院,愛知県名古屋市南区豊田五丁目15番18号,,35.101451600000000,136.915127500000040,052－691－0041,052－692－5732,,,23B1200012,,,0,http://www.meinan.or.jp,,,,
231134,23B1300010,愛知県,名古屋市守山区,森孝病院介護医療院,モリタカビョウインカイゴイリョウイン,介護医療院,四軒家一丁目１０１３番地森孝病院介護医療院,森孝病院介護医療院,35.193632000000000,137.014729000000000,052-775-6670,052-779-0787,,,23B1300010,,,0,,,,,
231134,23B1300028,愛知県,名古屋市守山区,介護医療院　かなれ,カイゴイリョウイン　カナレ,介護医療院,愛知県名古屋市守山区四軒家一丁目７１０番地,,35.194088500000000,137.014782400000000,052-771-2151,052-772-5781,3180005002434,医療法人香流会,23B1300028,,,,https://koujin-hospital.jp/,,,,
231142,23B1400018,愛知県,名古屋市緑区,医療法人清水会　まこと介護医療院,イリョウホウジンシミズカイ　マコトカイゴイリョウイン,介護医療院,愛知県名古屋市緑区藤塚三丁目2604番地,,35.095574300000000,137.019926500000000,052-878-9811,052-878-9898,5180005002481,医療法人清水会,23B1400018,,,0,https://makoto.shimizukai.biz/,,,,
231169,23B1600013,愛知県,名古屋市天白区,介護医療院　東樹会,カイゴイリョウイン　トウジュカイ,介護医療院,愛知県名古屋市天白区原一丁目1307番地,,35.126591700000000,136.999402200000000,052-802-1101,052-802-7311,8180005002586,医療法人東樹会,23B1600013,,,0,httpsp/://www.toju-kai.or.j,,,,
232017,23B2000023,愛知県,豊橋市,光生会　赤岩介護医療院,コウセイカイ　アカイワカイゴイリョウイン,介護医療院,豊橋市多米町字蝉川33-70,,34.766721600000000,137.432677099999980,0532-62-2105,0532-63-4170,4180305002323,光生会,23B2000023,,,0,http://www.koseikai-hp.or.jp,,,,
232017,23B2000015,愛知県,豊橋市,医療法人さわらび会　福祉村病院介護医療院,イリョウホウジンサワラビカイ　フクシムラビョウインカイゴイリョウイン,介護医療院,愛知県豊橋市野依町字山中19番地14,,34.700258537225440,137.400990128517150,0532-46-7511,0532-46-4899,7180305002329,医療法人さわらび会福祉村病院介護医療院,23B2000015,,,0,https://www.fukushimura.net/,,,,
232025,23B2100013,愛知県,岡崎市,医療法人　博報会　岡崎東病院　介護医療院,イリョウホウジン　ハクホウカイ　オカザキヒガシビョウイン　カイゴイリョウイン,介護医療院,愛知県岡崎市洞町字向山16番地2,,34.946232500000000,137.199249000000000,0564-22-6616,0564-22-3570,9180005002627,医療法人博報会,23B2100013,,,0,https://okazakihigashi-hp.jp,,,,
232041,23B2300019,愛知県,瀬戸市,水野介護医療院,ミズノカイゴイリョウイン,介護医療院,愛知県瀬戸市小田妻町１丁目190番地の2,,35.241728600000000,137.075336200000000,0561-48-2231,0561-48-4770,4180005008769,医療法人宏生会,23B2300019,,,0,http://kouseikai2231.jp/,,,,
232068,23B2500014,愛知県,春日井市,かちがわ北病院介護医療院,カチガワキタビョウインカイゴイリョウイン,介護医療院,愛知県春日井市角崎町3番地1,,35.231118800000000,136.954105600000050,0568-34-1211,0568-35-6530,6180005008726,医療法人　北陽会,23B2500014,,,0,www.kita-hosp.com,,,,
232076,23B2600012,愛知県,豊川市,桃源堂介護医療院,トウゲンドウカイゴイリョウイン,介護医療院,愛知県豊川市桜木通4丁目10番地の２,,34.830753200000000,137.389896100000000,0533-86-8169,0533-56-8169,1180305003497,医療法人桃源堂後藤病院,23B2600012,,,,http://gotou-hp.jp,,,,
232076,23B2600020,愛知県,豊川市,豊川青山介護医療院,トヨカワアオヤマカイゴイリョウイン,介護医療院,愛知県豊川市西島町中井33番地1,,34.809480400000000,137.395612200000000,0533-86-8125,0533-84-7685,1180305003506,医療法人宝美会,23B2600020,,,0,http://www.t-aoyama.com/,,,,
232084,23B2700010,愛知県,津島市,医療法人宏徳会　安藤病院介護医療院,イリョウホウジンコウトクカイアンドウビョウインカイゴイリョウイン,介護医療院,愛知県津島市唐臼町半池72番地1,,35.155186100000000,136.749473900000000,0567-31-4070,0567-32-1482,5180005013933,医療法人宏徳会,23B2700010,,,0,http://ando-hp.webmedipr.jp/,,,,
232084,23B2700028,愛知県,津島市,介護医療院　津島中央病院,カイゴイリョウイン　ツシマチュウオウビョウイン,介護医療院,愛知県津島市葉苅町字綿掛63番地,,35.191106800000000,136.761225400000000,0567-24-0111,0567-24-0101,9180005013434,医療法人三善会,23B2700028,,,50,http://www.sanzenkai.or.jp,,,,
232092,23B2800026,愛知県,碧南市,新川中央病院介護医療院,シンカワチュウオウビョウインカイゴイリョウイン,介護医療院,愛知県碧南市松江町六丁目83番地,,34.903119095770910,136.986378404893500,0566-48-0009,0566-48-4851,6180005002720,和伸会,23B2800026,,,0,http://www.shinkawa-skw.com/,,,,
232092,23B2800034,愛知県,碧南市,新川中央病院介護医療院,シンカワチュウオウビョウインカイゴイリョウイン,介護医療院,愛知県碧南市松江町6丁目83番地,,34.903076800000000,136.986432000000000,0566-48-0009,0566-48-4851,2402705000273,医療法人大町会,23B2800034,,,0,http://mumingroup.jp,,,,
232114,23B3000022,愛知県,豊田市,医療法人　豊寿会　斉藤病院　介護医療院,イリョウホウジン　ホウジュカイ　サイトウビョウイン　カイゴイリョウイン,介護医療院,愛知県豊田市四郷町森前南33-10,,35.121825987721860,137.167936698147490,0565-44-1177,0565-44-1201,9180305005486,医療法人豊寿会,23B3000022,,,,http://www.saitou-hp.or.jp/,,,,
232114,23B3000014,愛知県,豊田市,足助病院　介護医療院,アスケビョウイン　カイゴイリョウイン,介護医療院,愛知県豊田市岩神町仲田２０番地,,35.130325900000020,137.305657600000020,0565₋62₋1290,0565₋62₋0780,1180005007468,愛知県厚生農業協同組合連合会,23B3000014,,,0,https://asukehp.or.jp/,,,,
232131,23B3200028,愛知県,西尾市,医療法人社団福祉会　高須病院　介護医療院,イリョウホウジンシャダンフクシカイ　タカスビョウイン　カイゴイリョウイン,介護医療院,一色町赤羽上郷中113番地1,,34.818940700000000,137.019005300000000,0563-72-1701,0563-72-1785,7180305007245,医療法人社団福祉会,23B3200028,,,,https://takasu-hp.or.jp,,,,
232131,23B3200010,愛知県,西尾市,西尾病院介護医療院,ニシオビョウインカイゴイリョウイン,介護医療院,愛知県西尾市和泉町22番地,,34.867368200000000,137.055137400000030,0563-57-5138,0563-57-8025,2180305006672,医療法人田中会,23B3200010,,,,http://www.nishio-hp.or.jp/,,,,
232157,23B3400016,愛知県,犬山市,いたつ介護医療院,イタツカイゴイリョウイン,介護医療院,字裏之門５０番地,,35.330774900000000,136.951066300000040,0568-67-6333,0568-67-6332,9180005009176,医療法人清友会,23B3400016,,,,http://itatsu.byouinnavi.jp/pc/,,,,
232211,23B4000021,愛知県,新城市,今泉介護医療院,イマイズミカイゴイリョウイン,介護医療院,愛知県新城市字宮ノ前24の3番地,,34.901839600000000,137.493447600000000,0536-22-1150,0536-23-5428,7180305007393,医療法人寿泉会,23B4000021,,,0,,,,,
232211,23B4000013,愛知県,新城市,星野病院介護医療院,ホシノビョウインカイゴイリョウイン,介護医療院,愛知県新城市大野字上野70番地3,,34.950440700000000,137.604655300000000,0536-32-1515,0536-32-1516,5180305007429,医療法人　星野病院,23B4000013,,,0,http://www.hoshino-hosp.org,,,,
232246,23B4300017,愛知県,知多市,医療法人　平病院　介護医療院　平病院,イリョウホウジン　ヒラビョウイン　カイゴイリョウイン　ヒラビョウイン,介護医療院,愛知県知多市新舞子字落４０番地の１,,34.952879000000000,136.847348700000000,0569-42-5218,0569-42-5216,6180005012587,医療法人平病院　介護医療院　平病院,23B4300017,,,0,https://hira-hospital.jp/,,,,
232301,23B4900014,愛知県,日進市,医療法人福友会　福友病院介護医療院,イリョウホウジンフクユウカイ　フクユウビョウインカイゴイリョウイン,介護医療院,愛知県日進市北新町殿ヶ池上539番地,,35.160999200000000,137.057872000000000,0561-73-3151,0561-73-0506,1180005007344,医療法人福友会,23B4900014,,,0,https://fukuyukai.com,,,,
232335,23B7300014,愛知県,清須市,医療法人真清会　新川病院介護医療院,イリョウホウジンマスミカイ　シンカワビョウインカイゴイリョウイン,介護医療院,愛知県清須市土器野２６７番地,,35.193810500000000,136.854144200000000,０５２－４００－２７１１,０５２－４００－６２８３,1180005004671,医療法人真清会,23B7300014,,,0,https://shinkawa-hospital.com/,,,,
232343,23B7400012,愛知県,北名古屋市,済衆館介護医療院,サイシュウカンカイゴイリョウイン,介護医療院,愛知県北名古屋市鹿田西村前111番地,,35.242371700000000,136.877269700000000,0568-21-0811,0568-39-5545,8180005005614,医療法人済衆館,23B7400012,,,0,https://saishukan.com,,,,
242012,24B0500023,三重県,津市,第二岩崎病院,ダイニイワサキビョウイン,介護医療院,三重県津市一身田町３８７番地,,34.758898500000036,136.507808900000000,059-232-2316,059-231-7100,4190005000155,医療法人思源会,24B0500023,,,0,http://www.iwasaki-hosp.or.jp/newpage15.html,,,,
242012,24B0500031,三重県,津市,倉本病院介護医療院,クラモトビョウインカイゴイリョウイン,介護医療院,津市下弁財町津興3040番地,,34.704725900000000,136.510732600000000,059-227-6712,059-227-2176,9190005000159,医療法人倉本病院,24B0500031,,,27,http://www.kuramotohospital.net/,,,,
242012,24B0500015,三重県,津市,医療法人十愛会　幸和病院　介護医療院,イリョウホウジンジュウアイカイ　コウワビョウイン　カイゴイリョウイン,介護医療院,三重県津市一身田町767,,34.761528400000000,136.506024799999980,059-231-6001,059-231-6011,3190005000180,医療法人十愛会,24B0500015,,,0,,,,,
242039,24B0800019,三重県,伊勢市,医療法人　全心会　伊勢ひかり病院介護医療院,イリョウホウジン　ゼンシンカイ　イセヒカリビョウインカイゴイリョウイン,介護医療院,三重県伊勢市御薗町高向８１０番地1伊勢ひかり病院　1階,伊勢ひかり病院　1階,34.500334525094300,136.698439396601690,0596-22-1155,0596-22-3003,4120005013568,医療法人　全心会,24B0800019,,,,https://ise-hikari.com,,,,
242047,24B0700011,三重県,松阪市,介護医療院ホリエ,カイゴイリョウインホリエ,介護医療院,三重県松阪市鎌田町234の１,,34.581781600000000,136.535999900000000,0598-51-5311,0598-51-5320,5190005006580,医療法人社団嘉祥会,24B0700011,,,,http://www.kashouen.or.jp/,,,,
242055,24B0100014,三重県,桑名市,長島中央病院介護医療院,ナガシマチュウオウビョウインカイゴイリョウイン,介護医療院,三重県桑名市長島町福吉271番地,,35.057316100000000,136.715554200000000,0594-45-0555,0594-45-0575,9190005007724,医療法人（社団）佐藤病院,24B0100014,,,,https://www.sato-group.jp/,,,,
242080,24B1300019,三重県,名張市,医療法人寺田病院　介護医療院,イリョウホウジンテラダビョウイン　カイゴイリョウイン,介護医療院,夏見３２６０番地１,,34.619819495648050,136.106054969975250,0595-63-9001,0595-64-2332,9190005006239,医療法人（社団）寺田病院,24B1300019,,,0,http://www.terada-hp.or.jp,,,,
245437,24B3000013,三重県,紀北町,第一病院介護医療院,ダイイチビョウインカイゴイリョウイン,介護医療院,三重県北牟婁郡紀北町上里225番地8,,34.143447600000000,136.234324300000000,0597－36－1111,3597－36－1611,4190005003843,慈心会,24B3000013,,,90,,,,,
252026,25B0200011,滋賀県,彦根市,彦根中央介護医療院,ヒコネチュウオウカイゴイリョウイン,介護医療院,滋賀県彦根市西今町421,,35.248883500000000,136.241117799999980,0749-23-1211,0749-24-5405,6160005005717,医療法人恭昭会,25B0200011,,,0,https://www.hikone.or.jp/,,,,
252069,25B0600012,滋賀県,草津市,社会医療法人　誠光会　草津介護医療院,シャカイイリョウホウジン　セイコウカイ　クサツカイゴイリョウイン,介護医療院,滋賀県草津市矢橋町1629-5,,35.011123912647390,135.928253571966600,077-516-2121,077-516-2122,8160005008404,社会医療法人誠光会,25B0600012,,,0,https://www.kusatsu-gh.or.jp/ghk/,,,,
252115,25B2300017,滋賀県,湖南市,介護医療院生田病院,カイゴイリョウインイクタビョウイン,介護医療院,滋賀県湖南市菩提寺104-13,,35.022844500000000,136.073374000000000,0748-74-8577,,7160005002481,医療法人社団美松会,25B2300017,,,0,http://ikuta-hospital.com,,,,
252131,25B0500014,滋賀県,東近江市,近江温泉病院介護医療院,オウミオンセンビョウインカイゴイリョウイン,介護医療院,滋賀県東近江市北坂町966近江温泉病院,近江温泉病院,35.132158300000000,136.275234900000000,0749-46-1125,0749-46-0265,7160005006557,医療法人恒仁会,25B0500014,,,0,http://www.oumi-hp.or.jp,,,,
261017,26B0100012,京都府,京都市北区,医療法人葵会　介護医療院おおみや葵の郷,イリョウホウジンアオイカイ　カイゴイリョウインオオミヤアオイノサト,介護医療院,京都府京都市北区紫竹北大門町56,,35.053394999999995,135.744999800000000,075-495-6650,075-495-6551,6130005003764,医療法人葵会,26B0100012,,,60,http://kita-hp.aoikai.net/,,,,
261017,26B0100020,京都府,京都市北区,医療法人愛智会京都北野病院　京都北野病院介護医療院,イリョウホウジン　アイチカイ　キョウトキタノビョウイン　キョウトキタノビョウイン　カイゴイリョウイン,介護医療院,京都府京都市北区大将軍東鷹司町８６番地,,35.022955600000000,135.731243000000000,(075)462-3611,(075)462-3626,5130005003773,医療法人愛智会京都北野病院,26B0100020,,,,,,,,
261017,26B0100038,京都府,京都市北区,医療法人浜田会　洛北病院介護医療院,イリョウホウジンハマダカイ　ラクホクビョウインカイゴイリョウイン,介護医療院,京都府京都市北区上賀茂神山６番地,,35.076264400000000,135.764586600000000,075-701-0151,075-791-9201,4130005003972,医療法人浜田会,26B0100038,,,0,http://rakuhoku-hospital.com/,,,,
261025,26B0200010,京都府,京都市上京区,医療法人愛寿会同仁病院介護医療院,イリョウホウジンアイジュカイドウジンビョウインカイゴイリョウイン,介護医療院,一条通新町東入東日野殿町394番地1,,35.026464400000000,135.757344400000000,075-431-3300,075-432-0036,4130005003766,医療法人愛寿会,26B0200010,,,0,www.dohjin-hp.com,,,,
261033,26B0600011,京都府,京都市左京区,医療法人　稲門会　介護医療院　レモンの木,イリョウホウジン　トウモンカイ　カイゴイリョウイン　レモンノキ,介護医療院,京都府京都市左京区岩倉上蔵町101,,35.078629900000000,135.782658900000000,075-711-2647,075-711-2647,7130005003937,医療法人　稲門会,26B0600011,,,0,http://www.toumonkai.net/,,,,
261033,26B0600029,京都府,京都市左京区,公益社団法人信和会　介護医療院茶山のさと,コウエキシャダンホウジンシンワカイ　カイゴイリョウインチャヤマノサト,介護医療院,京都府京都市左京区田中上大久保町15番地,,35.038005187574980,135.782851774343870,075ー712ー3663,075ー712ー3665,2130005002489,公益社団法人信和会,26B0600029,,,70,https://shinwakai-min.com/cyayamanosato/,,,,
261050,26B0800017,京都府,京都市東山区,医療法人社団育生会京都久野病院介護医療院,イリョウホウジンシャダンイクセイカイキョウトクノビョウインカイゴイリョウイン,介護医療院,京都府京都市東山区本町22丁目500番地,,34.970671966459090,135.770521406745900,075-541-3136,075-561-8401,6130005004060,医療法人社団育生会,26B0800017,,,,https://www.kuno-hospital.or.jp,,,,
261068,26B0400016,京都府,京都市下京区,木津屋橋武田病院介護医療院,キヅヤバシタケダビョウインカイゴイリョウイン,介護医療院,京都府京都市下京区油小路通下魚棚下ル油小路町293番地,,34.988635000000000,135.753981000000070,075-343-1766,075-343-5739,,,26B0400016,,,111,https://www.takedahp.or.jp/group/medical/kizuyabashi/,,,,
261084,26B0700019,京都府,京都市右京区,医療法人社団京健会　介護医療院さいきょう,イリョウホウジンシャダンキョウケンカイ　カイゴイリョウインサイキョウ,介護医療院,西院北矢掛町39-1,,35.001860321554960,135.730256484655770,075-313-0725,075-313-0726,9130005005849,医療法人社団京健会,26B0700019,,,0,https://saikyo-clinic.com,,,,
261084,26B0700027,京都府,京都市右京区,一般財団法人仁風会　嵯峨野病院介護医療院,イッパンザイダンホウジンジンプウカイ　サガノビョウインカイゴイリョウイン,介護医療院,京都市右京区鳴滝宇多野谷9番地,,35.031640262873840,135.705895409400900,075-464-0321,075-461-7383,8130005002780,一般財団法人　仁風会,26B0700027,,,0,http://www.jinpukai.or.jp/,,,,
261084,26B0700035,京都府,京都市右京区,一般財団法人高雄病院介護医療院優都ぴあ,イッパンザイダンホウジン　タカオビョウイン　カイゴイリョウインユウトピア,介護医療院,京都府京都市右京区梅ケ畑畑町3番地,,35.037109000000000,135.694495100000000,075-871-0245,075-861-8340,3130005002810,一般財団法人高雄病院,26B0700035,,,0,http://takao-hospital.jp/,,,,
261092,26B0900023,京都府,京都市伏見区,介護医療院　医療法人　五木田病院,カイゴイリョウイン　イリョウホウジン　ゴキタビョウイン,介護医療院,京都府京都市伏見区竹田流池町１１６番地,,34.964509100000000,135.758599900000030,075-641-1156,075-641-1184,5130005003848,介護医療院　医療法人　五木田病院,26B0900023,,,0,gokita@msa.biglobe.ne.jp,,,,
261092,26B0900064,京都府,京都市伏見区,介護医療院　洛和ヴィラよつば,"カイゴイリョウイン　ラクワウ""ィラヨツバ",介護医療院,京都府京都市伏見区淀美豆町1077番地,,34.897377600000000,135.709587600000000,075-632-6116,075-632-1003,2130005004188,医療法人社団洛和会,26B0900064,,,0,www.rakuwa.or.jp,,,,
261092,26B0900015,京都府,京都市伏見区,医療法人新生十全会なごみの里病院介護医療院,イリョウホウジンシンセイジュウゼンカイナゴミノサトビョウインカイゴイリョウイン,介護医療院,京都市伏見区日野西風呂町５番地,,34.935680400000000,135.812910399999960,075-572-0634,075-572-0635,2130005003883,医療法人新生十全会,26B0900015,,,0,https://www.juzenkai.or.jp,,,,
261092,26B0900031,京都府,京都市伏見区,蘇生会総合病院　介護医療院,ソセイカイソウゴウビョウイン　カイゴイリョウイン,介護医療院,京都市伏見区下鳥羽広長町101番地,,34.933012324506260,135.745347515344260,075-621-3101,075-612-5790,7130005004126,医療法人社団蘇生会,26B0900031,,,,http://www.soseikai.or.jp,,,,
261092,26B0900049,京都府,京都市伏見区,一般財団法人　仁風会　京都南西病院介護医療院,イッパンザイダンホウジンジンプウカイキョウトナンセイビョウインカイゴイリョウイン,介護医療院,京都府京都市伏見区久我東町8番地22,,34.934051500000000,135.727135600000000,075-922-0321,075-922-0325,8130005002780,一般財団法人仁風会,26B0900049,,,0,http://www.jinpukai.or.jp,,,,
261106,26B4100018,京都府,京都市山科区,医療法人新生十全会　京都東山老年サナトリウム介護医療院,イリョウホウジンシンセイジュウゼンカイ　キョウトヒガシヤマロウネンサナトリウムカイゴイリョウイン,介護医療院,京都府京都市山科区日ノ岡夷谷町11番地,,35.000610300000000,135.795133800000000,075-771-4196,075-761-0934,2130005003883,医療法人新生十全会,26B4100018,,,0,http://www.juzenkai.or.jp,,,,
262048,26B1200019,京都府,宇治市,医療法人　栄仁会　宇治おうばく病院　介護医療院,イリョウホウジン　エイジンカイ　ウジオウバクビョウイン　カイゴイリョウイン,介護医療院,京都府宇治市五ヶ庄三番割32-1,,34.912952500000000,135.811450100000000,0774-66-5011,0774-32-6358,5130005006768,医療法人栄仁会,26B1200019,,,0,http://www.eijinkai.or.jp,,,,
262064,26B1600010,京都府,亀岡市,医療法人亀岡病院　介護医療院はたごまち,イリョウホウジンカメオカビョウイン　カイゴイリョウインハタゴマチ,介護医療院,京都府亀岡市旅籠町29,,35.010126800000000,135.581161200000000,0771-25-2020,0771-25-2121,6130005007914,医療法人亀岡病院,26B1600010,,,,https://kameokahp.com/kaigo/,,,,
262064,26B1600028,京都府,亀岡市,医療法人睦会　ムツミ病院介護医療院,イリョウホウジンムツミカイ　ムツミビョウインカイゴイリョウイン,介護医療院,京都府亀岡市下矢田町君塚8番地,,35.002082264472810,135.577268137237520,0771231231,0771245622,5130005007915,医療法人睦会,26B1600028,,,,https://www.mutsumi-hospital.com,,,,
262081,26B3100019,京都府,向日市,医療法人真生会向日回生病院介護医療院,イリョウホウジンシンセイカイムコウカイセイビョウインカイゴイリョウイン,介護医療院,京都府向日市物集女町中海道９２番地の12,,34.962167700000000,135.691285800000000,0759346881,0759339413,5130005005126,医療法人真生会,26B3100019,,,0,http://shinseikai.jpn.com/,,,,
262099,26B3000011,京都府,長岡京市,長岡介護医療院,ナガオカカイゴイリョウイン,介護医療院,京都府長岡京市友岡4丁目18番地1号,,34.913960300000000,135.689873600000000,075-951-9201,075-954-1210,8130005006352,一般財団法人長岡記念財団,26B3000011,,,,http://www.nagaoka.or.jp,,,,
262102,26B2900013,京都府,八幡市,医療法人社団医聖会　介護医療院梨の里,イリョウホウジンシャダンイセイカイ　カイゴロウジンホケンシセツ,介護医療院,京都府八幡市八幡柿木垣内25-1,,34.870537920691730,135.707576623942570,075-982-0125,075-982-0208,1130005008867,医療法人社団医聖会,26B2900013,,,0,https://iseikai.jp/kaigoiryoin/nashinosato/index.html,,,,
271039,27B0200019,大阪府,大阪市福島区,フジタ病院介護医療院,フジタビョウインカイゴイリョウイン,介護医療院,大阪府大阪市福島区吉野2-10-11,,34.691980900000000,135.475333300000000,06-6441-1181,06-6441-1076,8120005005520,医療法人藤田会（財団）,27B0200019,,,28,https://www.fujitahp.com/,,,,
271063,27B1800023,大阪府,大阪市西区,医療法人仁生会　介護医療院,イリョウホウジン　ジンセイカイ　カイゴイリョウイン,介護医療院,大阪府大阪市西区九条1丁目15番23号,,34.674542100000000,135.475837100000000,06-6581-0085,06-6581-6073,8120005005198,医療法人仁生会,27B1800023,,,,http://naitou-hp.or.jp,,,,
271063,27B1800015,大阪府,大阪市西区,医療法人日新会　日新会介護医療院,イリョウホウジンニッシンカイ,介護医療院,大阪府大阪市西区4丁目4番8号,,34.676271231798080,135.486941251776200,06-6531-3038,06-6531-2609,7120005005447,医療法人日新会,27B1800015,,,0,https://nisshinkai.jp/,,,,
271071,27B0400015,大阪府,大阪市港区,介護医療院　港さつき苑,カイゴイリョウイン　ミナトサツキエン,介護医療院,大阪府大阪市港区弁天４丁目１６番１８号,,34.671146100000000,135.456050800000000,06-6571-6675,06-6571-6676,5120005009904,医療法人英皐会,27B0400015,,,60,https://www.minato-satsukien.jp,,,,
271098,27B1700017,大阪府,大阪市天王寺区,医療法人正啓会　西下胃腸病院介護医療院,イリョウホウジンセイケイカイ　ニシシタイチョウビョウインカイゴイリョウイン,介護医療院,大阪府大阪市天王寺区北河堀町4番15号,,34.648618000000010,135.516974700000020,0667712450,0667722870,5120005005291,医療法人正啓会,27B1700017,,,,https://www.seikeikai-nishishita-hp.com,,,,
271217,27B0800016,大阪府,大阪市東住吉区,医療法人　西中医学会　西中病院介護医療院,イリョウホウジン　ニシナカイガクカイ　ニシナカビョウイン　カイゴイリョウイン,介護医療院,大阪府大阪市東住吉区湯里5-9-6,,34.609744200000000,135.537228800000000,06-6700-5200,06-6700-5205,4120005005466,医療法人西中医学会,27B0800016,,,42,http://www.nishinaka.or.jp,,,,
271462,27B6500016,大阪府,堺市北区,医療法人以和貴会　北条病院　介護医療院,イリョウホウジンイワキカイ　ホウジョウビョウイン　カイゴイリョウイン,介護医療院,堺市北区百舌鳥陵南町1丁77番地1,,34.546764300000000,135.488024900000000,072-277-1119,072-270-3426,9120105000032,医療法人以和貴会,27B6500016,,,0,https://houjyou.or.jp/,,,,
272027,27B1100010,大阪府,岸和田市,天の川病院介護医療院,アマノガワビョウインカイゴイリョウイン,介護医療院,大阪府岸和田市春木大国町8-4,,34.482738600000000,135.382902900000000,072-436-2233,072-436-0889,2120105005731,いりょうほうじん　はんなんかい,27B1100010,,,0,http://www7a.biglobe.ne.jp/~amanogawa/,,,,
272086,27B1300016,大阪府,貝塚市,高橋病院　介護医療院,タカハシビョウイン　カイゴイリョウイン,介護医療院,大阪府貝塚市堀1丁目16-6,,34.449403514688810,135.365843001852430,072-438-0261,072-439-1587,7120105005751,医療法人積善会,27B1300016,,,51,https://takahashibyoin.jp/,,,,
272108,27B2400013,大阪府,枚方市,東香里介護医療院,ヒガシコウリカイゴイリョウイン,介護医療院,大阪府枚方市高田2-28-30,,34.778919573952790,135.662483990212960,072-853-0502,072-853-0584,8120005012558,社会医療法人三上会,27B2400013,,,39,https://higashikouri-hp.com/second/,,,,
272108,27B2400021,大阪府,枚方市,医療法人中屋覚志会　津田介護医療院,イリョウホウジンナカヤカクシカイ　ツダカイゴイリョウイン,介護医療院,大阪府枚方市津田北町三丁目３０番１号,,34.813766481769896,135.712026406745930,072-858-8259,072-858-8971,7120005013251,医療法人中屋覚志会,27B2400021,,,,https://nakaya-kakushikai.jp/,,,,
272108,27B2400039,大阪府,枚方市,社会医療法人美杉会佐藤病院介護医療院,シャカイイリョウホウジンミスギカイサトウビョウインカイゴイリョウイン,介護医療院,大阪府枚方市養父東町65-1,,34.844334900000014,135.680238500000000,072-800-1554,072-800-1950,2120005012613,社会医療法人美杉会,27B2400039,,,,https://misugikai.jp/satou_h/guide/nursingcaremedical/,,,,
272124,27B5500025,大阪府,八尾市,貴島病院本院介護医療院,キシマビョウインホンインカイゴイリョウイン,介護医療院,大阪府八尾市楽音寺3-33,,34.642699958213410,135.637774271163950,072-941-1499,072-941-4666,9122005001878,医療法人貴島会,27B5500025,,,,https://www.noble.or.jp,,,,
272124,27B5500017,大阪府,八尾市,医療法人　永光会　介護医療院　新井病院,イリョウホウジン　エイコウカイ　カイゴイリョウイン　アライビョウイン,介護医療院,大阪府八尾市美園町4-156-3,,34.637984000000000,135.591321699999980,072-999-5060,072-999-5062,1122005001919,医療法人　永光会,27B5500017,,,,https://www.eikoukai.or.jp,,,,
272132,27B4500018,大阪府,泉佐野市,医療法人仙寿会　泉佐野介護医療院,イリョウホウジンセンジュカイ　イズミサノカイゴイリョウイン,介護医療院,大阪府泉佐野市大宮町４番１６号,,34.413538200000000,135.319875300000000,072-463-0500,072-463-0510,1120105006581,医療法人仙寿会,27B4500018,,,,https://senjyukai.com/,,,,
272159,27B0300017,大阪府,寝屋川市,松島病院介護医療院,マツシマビョウインカイゴイリョウイン,介護医療院,大阪府寝屋川市八坂町23-21松島病院,松島病院,34.766463400000000,135.622801200000000,072-826-5021,072-838-3578,,,27B0300017,,,0,,,,,
272175,27B4800012,大阪府,松原市,明治橋病院　介護医療院,メイジバシビョウイン　カイゴイリョウイン,介護医療院,大阪府松原市三宅西1丁目358番地3,,34.584645999999985,135.550009800000030,072-334-8558,072-334-8537,5120105004227,社会医療法人垣谷会,27B4800012,,,0,http://meijibashi.or.jp,,,,
272191,27B0500012,大阪府,和泉市,医療法人橘会　介護医療院　横山病院,イリョウホウジンタチバナカイ　カイゴイリョウイン　ヨコヤマビョウイン,介護医療院,大阪府和泉市仏並町２８７番地,,34.424217698572070,135.487430704229720,0725-92-0045,0725-92-0330,2120005005336,医療法人橘会,27B0500012,,,0,http://www.tachibana-med.or.jp/yokoyama/,,,,
272191,27B0500020,大阪府,和泉市,医療法人聖和錦秀会　阪和いずみ病院　介護医療院,イリョウホウジンセイワキンシュウカイ　ハンワイズミビョウイン　カイゴイリョウイン,介護医療院,大阪府　和泉市　あゆみ野　1-7-1,,34.447104700000000,135.448975800000000,0725-53-1555,0725-53-1214,6122005000305,医療法人聖和錦秀会,27B0500020,,,0,http://www.seiwa-kinshukai.or.jp/hanwaizumi/,,,,
272230,27B2600018,大阪府,門真市,社会医療法人　弘道会　門真介護医療院,シャカイイリョウホウジン　コウドウカイ　カドマカイゴイリョウイン,介護医療院,大阪府門真市新橋町33番12号,,34.733998089371050,135.583243452778650,06-6902-7272,06-6902-7273,3120005013998,社会医療法人弘道会,27B2600018,,,,http://www.koudoukai.or.jp/,,,,
272256,27B5300012,大阪府,高石市,介護医療院　菜の花,カイゴイリョウイン　ナノハナ,介護医療院,大阪府高石市綾園2-15-18,,34.520039400000000,135.435614100000000,072-263-6300,072-263-6310,9120105001162,医療法人良秀会,27B5300012,,,0,https://www.ryoshukai.or.jp/kaigo/nanohana/,,,,
272272,27B5000018,大阪府,東大阪市,社会福祉法人竹井病院　竹井医院介護医療院,シャカイフクシホウジンタケイビョウイン　タケイイインカイゴイリョウイン,介護医療院,大阪府東大阪市長堂一丁目２８番６号,,34.668844500000000,135.563485300000020,06-6781-0603,06-6783-5499,9122005000062,社会福祉法人竹井病院,27B5000018,,,58,https://ortho-g.co.jp/takei/hospital/,,,,
281018,28B0100010,兵庫県,神戸市東灘区,東神戸病院介護医療院,ヒガシコウベビョウイン　カイゴイリョウイン,介護医療院,神戸市東灘区住吉本町1丁目24番13号,,34.722213400000000,135.260181200000000,078-841-5731,078-822-6877,4140005001802,医療法人神戸健康共和会,28B0100010,,,,,,,,
281026,28B0200018,兵庫県,神戸市灘区,医療法人愛和会　金沢病院　介護医療院,イリョウホウジンアイワカイ　カナザワビョウイン　カイゴイリョウイン,介護医療院,兵庫県神戸市灘区神ノ木通4-2-15,,34.713978800000014,135.228964200000000,078-871-9001,078-871-2993,6140005001791,医療法人愛和会,28B0200018,,,,http://www.kanazawa-hp.jp,,,,
281051,28B0500011,兵庫県,神戸市兵庫区,介護医療院すまいれすと夢野,カイゴイリョウインスマイレストユメノ,介護医療院,兵庫県神戸市兵庫区熊野町５丁目１５番１４号,,34.684793667046314,135.153680935581950,078-521-5530,078-521-5531,8140005002136,医療法人社団良清会,28B0500011,,,0,https://www.ryoseikai.or.jp/,,,,
281069,28B0600019,兵庫県,神戸市長田区,介護医療院よしだ,カイゴイリョウインヨシダ,介護医療院,兵庫県神戸市長田区東尻池町1丁目10-23,,34.662273100000010,135.156025600000000,078-671-2516,078-671-5370,3140005001794,社会医療法人榮昌会,28B0600019,,,,http://www.yoshida-hp.or.jp/,,,,
281093,28B5000017,兵庫県,神戸市北区,まほし介護医療院,マホシカイゴイリョウイン,介護医療院,兵庫県神戸市北区山田町上谷上字古々谷12番地の3,,34.771063500000000,135.189786599999930,078-582-0111,078-583-8908,3140005004599,医療法人社団まほし会,28B5000017,,,0,http://www.mahoshi.com/,,,,
281093,28B5000025,兵庫県,神戸市北区,医療法人社団　尚仁会　福山診療所　介護医療院,イリョウホウジンシャダン　ショウジンカイ　フクヤマシンリョウジョ　カイゴイリョウイン,介護医療院,兵庫県神戸市北区菖蒲が丘１丁目１４番地１,,34.839445000000020,135.218164400000000,078-952-2820,078-952-2830,6140005015370,医療法人社団　尚仁会,28B5000025,,,19,,,,,
281107,28B5100015,兵庫県,神戸市中央区,ポートアイランド介護医療院,ポートアイランドカイゴイリョウイン,介護医療院,兵庫県神戸市中央区港島中町4-6メディケアセンタービル,メディケアセンタービル,34.668690400000010,135.209047300000000,078-303-6123,078-303-6226,1140005001615,神戸マリナーズ厚生会,28B5100015,,,0,http://www.pi.kobe-mariners.or.jp/,,,,
282014,28B4000026,兵庫県,姫路市,社会医療法人　恵風会　介護医療院　ヴェルデ,シャカイイリョウホウジン　ケイフウカイ　カイゴイリョウイン　ウ‘ェルデ,介護医療院,兵庫県姫路市西今宿５丁目３番８号,,34.845292700000000,134.661240900000000,079-293-3315,079-294-5311,8140005013315,社会医療法人　恵風会,28B4000026,,,50,http://www.keifukai.or.jp/,,,,
282014,28B4000018,兵庫県,姫路市,厚生病院介護医療院,コウセイビョウインカイゴイリョウイン,介護医療院,兵庫県姫路市御立西４丁目１番２５号,,34.861654000000000,134.660021300000000,079-292-1109,079-298-3067,9140005013363,医療法人社団綱島会,28B4000018,,,,www.kousei-hp.jp/,,,,
282014,2814020067,兵庫県,姫路市,國富胃腸病院介護医療院,クニトミイチョウビョウインカイゴイリョウイン,介護医療院,兵庫県姫路市青山３丁目３３番１号,,34.844394240697930,134.642175391550860,079-266-2355,079-267-1316,,,2814020067,,,,www.kunitomi-icho-hp.com,,,,
282014,28B4000034,兵庫県,姫路市,日並内科外科医院　介護医療院,ヒナミナイカゲカイイン　カイゴイリョウイン,介護医療院,兵庫県姫路市香寺町犬飼502,,34.900197299999990,134.734404300000000,079-232-1730,079-232-4582,2140005014599,医療法人社団日並内科・外科医院,28B4000034,,,0,http://hinami-naikageka.or.jp,,,,
282022,28B3000019,兵庫県,尼崎市,つかぐち介護医療院,ツカグチカイゴイリョウイン,介護医療院,兵庫県尼崎市南塚口町6丁目8番地1号,,34.746372099999990,135.415941800000000,06-6429-1463,06-6427-6460,8140005010980,医療法人社団兼誠会,28B3000019,,,0,https://www.kensei-kai-tsukaguchi.jp/,,,,
282022,28B3000027,兵庫県,尼崎市,介護医療院トワイエ尼崎,カイゴイリョウイントワイエアマガサキ,介護医療院,尼崎市南塚口町6丁目8番22号,,34.746339700000000,135.415258700000000,06-6480-8088,06-6480-8077,4140005011017,社会医療法人中央会,28B3000027,,,0,https://amar.or.jp/towaie/,,,,
282049,28B0900021,兵庫県,西宮市,くまの介護医療院,クマノカイゴイリョウイン,介護医療院,兵庫県西宮市下大市西町14番13号,,34.761783600000015,135.360215800000000,0798-52-3221,0798-52-3269,,,28B0900021,,,,https://kumano-hp.com/,,,,
282049,28B0900013,兵庫県,西宮市,三好病院介護医療院,ミヨシビョウインカイゴイリョウイン,介護医療院,兵庫県西宮市甲子園口北町24-9,,34.741720600000020,135.376911500000000,0798-67-3505,0798-67-4255,5140005016130,医療法人芳恵会,28B0900013,,,0,https://miyoshi-hp.jp/,,,,
282073,28B3300013,兵庫県,伊丹市,介護医療院　ケアヴィラ伊丹,カイゴイリョウイン　ケアヴィライタミ,介護医療院,兵庫県伊丹市大野１丁目3-2,,34.804444300000000,135.401204900000000,072-777-1165,072-777-7050,6140005018753,医療法人尚和会,28B3300013,,,,https://carevilla.com/itami/index.html,,,,
282103,28B2200016,兵庫県,加古川市,いなみ野病院介護医療院,イナミノビョウインカイゴイリョウイン,介護医療院,兵庫県加古川市平岡町土山字川池423-2,,34.729881500000000,134.896286500000000,078-941-1730,078-941-1734,1140005009113,医療法人社団仙齢会,28B2200016,,,0,https://inamino-hp.senreikai.org/,,,,
282171,28B3100025,兵庫県,川西市,医療法人社団九十九記念病院介護医療院,イリョウホウジンシャダンツクモキネンビョウインカイゴイリョウイン,介護医療院,兵庫県川西市栄町10番4号,,34.829164600000000,135.413757400000000,072-759-9020,072-744-0825,9140005027454,医療法人社団九十九記念病院,28B3100025,,,,http://www.tukumo-kinenhp.jp/,,,,
282197,28B1200017,兵庫県,三田市,平島病院　介護医療院,ヒラシマビョウイン　カイゴイリョウイン,介護医療院,兵庫県三田市天神1丁目2番15号,,34.889702799999990,135.222271300000000,079-564-5381,079-559-1990,6140005015370,医療法人社団尚仁会,28B1200017,,,0,https://www.mc-shojin.or.jp/,,,,
282201,28B2600017,兵庫県,加西市,米田病院介護医療院,ヨネダビョウインカイゴイリョウイン,介護医療院,兵庫県加西市尾崎町字野田10番1,,34.901633800000000,134.844116900000000,0790-48-3591,0790-48-3965,9140005017265,医療法人社団弘秀会,28B2600017,,,0,http:/www.yoneda-hospital.com/,,,,
282219,28B1400013,兵庫県,丹波篠山市,介護医療院　ふきの郷,カイゴイリョウイン　フキノサト,介護医療院,東吹1015番1,,35.070727000000000,135.197460600000000,079-594-1616,079-594-1617,5140005008598,医療法人社団　紀洋会,28B1400013,,,46,http://www.kiyoukai.com,,,,
282227,28B4800011,兵庫県,養父市,脳神経外科枚田クリニック介護医療院,ノウシンケイゲカ　ヒラタクリニック　カイゴイリョウイン,介護医療院,兵庫県養父市上野1168,,35.376014900000010,134.785053900000000,079-664-0199,079-664-0399,,,28B4800011,,,,https://www.hirata-cl.com/,,,,
282243,28B1700016,兵庫県,南あわじ市,平成病院　平成介護医療院,ヘイセイビョウイン　ヘイセイカイゴイリョウイン,介護医療院,兵庫県南あわじ市八木養宜中１７３,,34.302399200000000,134.795953800000000,0799-42-6031,0799-42-7464,1140005019830,医療法人社団淡路平成会,28B1700016,,,0,https://heiseihp.jp/,,,,
282260,28B1600018,兵庫県,淡路市,東浦介護医療院,ヒガシウラカイゴイリョウイン,介護医療院,久留麻1869番地,,34.524539900000000,134.986716500000000,0799-77-1000,0799-75-3663,1140005019830,医療法人社団淡路平成会,28B1600018,,,0,https://higashihp.jp/,,,,
283011,28B3200015,兵庫県,猪名川町,医療法人社団衿正会　生駒病院介護医療院,イリョウホウジンシャダンキンセイカイ　イコマビョウインカイゴイリョウイン,介護医療院,兵庫県川辺郡猪名川町広根字九十九8,,34.890591600000000,135.372736400000000,072-766-0172,072-766-7156,2140005018443,医療法人社団衿正会,28B3200015,,,,https://www.ikoma-hp.com,,,,
283657,28B2700015,兵庫県,多可町,多可赤十字介護医療院,タカセキジュウジカイゴイリョウイン,介護医療院,兵庫県多可郡多可町中区岸上280-19多可赤十字介護医療院,多可赤十字介護医療院,35.054107223177190,134.923287132679770,0795-32-1290,0795-32-3262,6010405002452,日本赤十字社,28B2700015,,,0,http://www.taka.jrc.or.jp,,,,
285013,28B3700014,兵庫県,佐用町,医療法人社団一葉会きねん介護医療院,イリョウホウジンシャダンイチヨウカイキネンカイゴイリョウイン,介護医療院,兵庫県佐用郡佐用町佐用1132-25,,35.006284300000000,134.351821800000000,0790-82-2323,0790-82-2832,9140005007398,医療法人社団一葉会,28B3700014,,,,http://sayohp.jp/,,,,
292010,29B0190002,奈良県,奈良市,西の京介護医療院やすらぎ,ニシノキョウカイゴイリョウインヤスラギ,介護医療院,奈良県奈良市六条町99-2西の京介護医療院やすらぎ,西の京介護医療院やすらぎ,34.665391885508180,135.790108861971250,0742-32-5518,0742-32-5519,6150005000561,医療法人康仁会,29B0190002,,,0,https://www.nishinokyo.or.jp/kaigo/yasuragi/index.html,,,,
292010,29B0100019,奈良県,奈良市,医療法人新仁会　奈良春日病院介護医療院,イリョウホウジンシンジンカイナラカスガビョウインカイゴイリョウイン,介護医療院,奈良県奈良市鹿野園町1212-1,,34.664237800000000,135.852970100000000,0742-24-4771,0742-27-5873,3150005000572,医療法人新仁会（社団）,29B0100019,,,0,https://narakasuga-hospital.or.jp/,,,,
292036,29B0300015,奈良県,大和郡山市,奈良厚生会病院介護医療院,ナラコウセイカイビョウインカイゴイリョウイン,介護医療院,奈良県大和郡山市椎木町７６９番地の３,,34.608039117627364,135.768809732540860,0743-56-5678,0743-56-8555,2150005002512,医療法人厚生会,29B0300015,,,0,https://nara-koseikai.or.jp/,,,,
292044,29B0400013,奈良県,天理市,奈良東病院介護医療院,ナラヒガシビョウインカイゴイリョウイン,介護医療院,奈良県天理市中之庄町４７０,,34.637355379922380,135.844753901852380,0743-65-1771,0743-65-4157,1150005002868,医療法人健和会,29B0400013,,,0,https://www.fureai-net.com/,,,,
292052,29B0500010,奈良県,橿原市,医療法人　桂会　平尾病院介護医療院,イリョウホウジン　カツラカイ　ヒラオビョウインカイゴイリョウイン,介護医療院,奈良県橿原市兵部町6-28,,34.505435100000000,135.792336500000000,0744-24-4700,0744-25-4672,2150005004715,医療法人桂会,29B0500010,,,,http://www.hiraohos.jp/,,,,
294411,29B3500017,奈良県,吉野町,医療法人八甲会潮田病院介護医療院,イリョウホウジンハッコウカイウシオダビョウインカイゴイリョウイン,介護医療院,奈良県吉野郡吉野町上市2135,,34.394583200000000,135.846787899999980,0746-32-3202,0746-32-1210,1150005007248,医療法人八甲会,29B3500017,,,0,http//hakkohkai.com,,,,
294420,29B3600015,奈良県,大淀町,南和病院介護医療院,ナンワビョウイン　カイゴイリョウイン,介護医療院,奈良県吉野郡大淀町福神1-181,,34.393832100000000,135.754166400000000,0747-54-5800,0747-54-5700,3150005007171,医療法人弘仁会,29B3600015,,,,http://www.koujin.jp/,,,,
294438,29B3700013,奈良県,下市町,医療法人泰山会　介護医療院　福西クリニック,イリョウホウジン　タイザンカイ　カイゴイリョウイン　フクニシクリニック,介護医療院,奈良県吉野郡下市町大字新住１５５番地１,,34.380637700000000,135.782426600000000,0747-52-0510,0747-52-9330,7150005007291,医療法人　泰山会,29B3700013,,,,http://ichiro-creation.com/fukunishi/index.html,,,,
302015,30B0100016,和歌山県,和歌山市,藤民病院介護医療院　さくらの家ふじたみ,フジタミビョウインカイゴイリョウイン　サクラノイエフジタミ,介護医療院,和歌山県和歌山市塩屋３丁目６番２号,,34.197973100000000,135.175701300000010,073-445-9881,073-441-6360,6170005001153,医療法人　藤民病院,30B0100016,,,17,https://www.fujitami.jp/,,,,
302015,30B0100040,和歌山県,和歌山市,伏虎リハビリテーション病院,フッコリハビリテーションビョウイン,介護医療院,畑屋敷東ノ丁1番地,,34.235291781718830,135.182853106607070,073-433-4488,073-433-0162,8170005001093,医療法人匡慈会,30B0100040,,,,https://nakatani.wakayama.jp/,,,,
302015,30B0100024,和歌山県,和歌山市,介護医療院ふじの郷,カイゴイリョウインフジノサト,介護医療院,岡山丁71,,34.226688000000000,135.176204100000000,073-424-3181,073-436-4471,8170005001102,医療法人弘仁会,30B0100024,,,60,https://koujin.co/setoh-hp/,,,,
302015,30B0100032,和歌山県,和歌山市,医療法人　弘愛会　黒田医院,イリョウホウジン　コウアイカイ　クロダイイン,介護医療院,古屋６４番地,,0.000000000000000,0.000000000000000,073-451-7458,073-451-7566,7170005001103,医療法人弘愛会,30B0100032,,,,http：//gokidoc.net/kansai/nigata/30201/3701-00000000-006/clinic_top/,,,,
302066,30B2200012,和歌山県,田辺市,玉置病院介護医療院,タマキビョウインカイゴイリョウイン,介護医療院,和歌山県田辺市上屋敷二丁目５番１号,,33.730897700000000,135.376225200000020,0739-22-6028,0739-25-2825,5170005003497,医療法人　洗心会,30B2200012,,,0,http://www.aikis.or.jp/~tamakihp/,,,,
302082,30B1700012,和歌山県,紀の川市,稲穂会病院　介護医療院,イナホカイビョウイン,介護医療院,紀の川市粉河756-3,,34.267833400000000,135.404266300000000,0736-74-2100,0736-74-2420,1170005003170,医療法人稲穂会,30B1700012,,,,http://inahokaihp.or.jp/,,,,
302091,30B1800028,和歌山県,岩出市,介護医療院やよい苑,カイゴイリョウインヤヨイエン,介護医療院,和歌山県岩出市中迫３８０,,34.261794800000000,135.314952100000000,0736-61-1551,0736-61-3121,2170005003112,医療法人彌栄会,30B1800028,,,0,https://www.yaeikai.com,,,,
302091,30B1800010,和歌山県,岩出市,富田病院介護医療院,トミタビョウインカイゴイリョウイン,介護医療院,和歌山県岩出市紀泉台2,,34.280777500000000,135.293483600000000,0736-62-1522,0736-62-5379,9170005003114,医療法人富田会,30B1800010,,,0,http://www.tomita.or.jp/,,,,
304018,30B2400026,和歌山県,白浜町,白浜小南病院介護医療院,シラハマコミナミビョウインカイゴイリョウイン,介護医療院,和歌山県西牟婁郡白浜町3220-9,,33.680268171323640,135.356087784085500,0739-82-1200,0739-82-1201,8120105005734,医療法人宝山会,30B2400026,,,,,,,,
304018,30B2400018,和歌山県,白浜町,白浜はまゆう病院介護医療院,シラハマハマユウビョウインカイゴイリョウイン,介護医療院,和歌山県西牟婁郡白浜町1447,,33.681824100000000,135.348217200000000,0739-43-6200,0739-43-7891,4170005005957,公益財団法人白浜医療福祉財団,30B2400018,,,,http://www.hamayu-hp.or.jp/,,,,
304280,30B2500015,和歌山県,串本町,串本有田病院介護医療院,クシモトアリタビョウインカイゴイリョウイン,介護医療院,和歌山県東牟婁郡串本町有田499-1,,33.494620500000000,135.738388400000000,0735-66-1021,0735-66-1620,9170005005770,医療法人　健佑会,30B2500015,,,0,http://i-kenyukai.com,,,,
304280,30B2500023,和歌山県,串本町,くしもと町立病院介護医療院,クシモトチョウリツビョウインカイゴイリョウイン,介護医療院,和歌山県東牟婁郡串本町サンゴ台691-7,,33.485124600000000,135.784112000000000,0735-62-7111,0735-67-7200,9000020304280,串本町,30B2500023,,,14,www.hsp.kushimoto.wakayama.jp,,,,
312011,31B0100049,鳥取県,鳥取市,渡辺病院介護医療院センテナリアンハウス,ワタナベビョウイン　カイゴイリョウイン　センテナリアンハウス,介護医療院,鳥取県鳥取市東町3丁目307番地,,35.508250600000000,134.233827700000000,0857-24-1151,0857-24-1024,9270005000051,社会医療法人明和会医療福祉センター,31B0100049,,,26,http://www.mmwc.or.jp/,,,,
312011,31B0100056,鳥取県,鳥取市,介護医療院　鳥取産院,カイゴイリョウイン　トットリサンイン,介護医療院,鳥取県鳥取市吉方温泉1丁目653番地,,35.495505800000000,134.232287199999970,0857-23-3151,0857-22-0006,5270005000105,医療法人アスピオス,31B0100056,,,58,https://www.asupiosu.jp,,,,
312011,31B0100023,鳥取県,鳥取市,社会医療法人　明和会医療福祉センター,シャカイイリョウホウジン　メイワカイイリョウフクシセンター　ウェルフェアキタゾノワタナベビョウイン,介護医療院,鳥取県鳥取市覚寺181番地,,35.523444200000000,134.233627500000000,0857-27-1151,0857-27-1152,,,31B0100023,,,,https://www.mmwc.or.jp/,,,,
312011,31B0100031,鳥取県,鳥取市,社会医療法人　明和会医療福祉センター,シャカイイリョウホウジン　メイワカイイリョウフクシセンター　ウェルフェアキタゾノワタナベビョウイン,介護医療院,鳥取県鳥取市覚寺181番地,,35.523444200000000,134.233627500000000,0857-27-1151,0857-27-1152,,,31B0100031,,,,https://www.mmwc.or.jp/,,,,
312011,31B0100064,鳥取県,鳥取市,社会医療法人　明和会医療福祉センター,シャカイイリョウホウジン　メイワカイイリョウフクシセンター　ウェルフェアキタゾノワタナベビョウイン,介護医療院,鳥取県鳥取市覚寺181番地,,35.523444200000000,134.233627500000000,0857-27-1151,0857-27-1152,9270005000051,社会医療法人明和会医療福祉センター,31B0100064,,,,https://www.mmwc.or.jp/,,,,
312011,31B0100015,鳥取県,鳥取市,介護医療院　レインボーしかの,カイゴイリョウイン　レインボーシカノ,介護医療院,鳥取県鳥取市鹿野町今市242,,35.462185800000000,134.050391600000000,0857-84-2311,0857-84-3287,8270005000374,鳥取医療生活協同組合,31B0100015,,,0,http://www.shikano.mcoop-tottori.jp/,,,,
312029,31B0200039,鳥取県,米子市,養和病院介護医療院,ヨウワビョウインカイゴイリョウイン,介護医療院,鳥取県米子市上後藤3-5-1,,35.448418300000000,133.318081900000000,0859-29-5351,0859-29-7179,,,31B0200039,,,0,http://www/yowakai.com,,,,
312029,31B0200047,鳥取県,米子市,医療法人養和会　養和病院,イリョウホウジン　ヨウワカイ,介護医療院,鳥取県米子市上後藤３丁目5-1,,35.448418300000000,133.318081900000000,0859-29-5351,0859-29-7179,,,31B0200047,,,0,http://www.yowakai.com/,,,,
312037,31B0300011,鳥取県,倉吉市,介護医療院ふじい,カイゴイリョウインフジイ,介護医療院,鳥取県倉吉市山根43,,35.452250100000000,133.855934300000000,0858-27-2210,0858-26-2112,3270005004231,社会医療法人仁厚会,31B0300011,,,0,https://www.med-wel.jp/fujii/kaigoiryou/,,,,
312045,31B0400019,鳥取県,境港市,鳥取県済生会介護医療院なでしこ境港,トットリケンサイセイカイカイゴイリョウインナデシコサカイミナト,介護医療院,鳥取県境港市米川町44番地,,35.539752600000000,133.221925700000000,0859-42-3161,0859-42-3165,3010405001696,社会福祉法人恩賜財団済生会,31B0400019,,,0,http://sakaiminato-saiseikai.jp,,,,
313891,31B1500049,鳥取県,南部町,西伯病院介護医療院さくら,サイハクビョウイン　カイゴイリョウイン　サクラ,介護医療院,鳥取県西伯郡南部町倭397,,35.347588300000000,133.325599000000000,0859-66-2211,0859-66-4012,1000020313891,南部町,31B1500049,,,,https://www.saihaku-hospital.com/,,,,
322016,32B0100055,島根県,松江市,ケアセンター喜南,ケアセンターキナン,介護医療院,島根県松江市宍道町白石129-2,,35.414122700000010,132.925920100000000,0852-66-0266,0852-66-0233,2280005002169,医療法人同仁会,32B0100055,,,47,https://www.doujinkai.jp/kinan/,,,,
322016,32B0100048,島根県,松江市,介護医療院　虹,カイゴイリョウイン　ニジ,介護医療院,島根県松江市佐草町456-1,,35.431727800000000,133.072085000000010,0852-24-1212,0852-27-0087,8280005000654,松江保健生活協同組合,32B0100048,,,180,https://www.mhs-niji.jp/,,,,
322016,32B0100030,島根県,松江市,医療法人社団創健会　介護医療院宇賀の里つばさ,イリョウホウジン　シャダン　ソウケンカイ　カイゴイリョウイン　ウガノサトツバサ,介護医療院,島根県松江市上乃木三丁目４番１号,,35.448511800000000,133.058953900000000,0852-27-8111,0852-27-8119,7280005000572,医療法人社団創健会,32B0100030,,,0,https://www.souken-kai.or.jp/,,,,
322024,32B0700011,島根県,浜田市,殿町介護医療院,トノマチカイゴイリョウイン,介護医療院,島根県浜田市殿町83番地31,,34.898875400000000,132.078276200000000,0855-28-7518,0855-28-7519,2280005004685,医療法人社団ＭＯＫＯ大石内科医院,32B0700011,,,0,,,,,
322032,32B0400018,島根県,出雲市,介護医療院ひまわり,カイゴイリョウインヒマワリ,介護医療院,出雲市神西沖町2479-6,,35.337050100000000,132.681293200000000,0853-31-6007,0853-31-6008,2280005002656,社会福祉法人ひまわり福祉会,32B0400018,,,0,https://www.w-himawari.jp/nursing,,,,
322041,32B0800019,島根県,益田市,益田市医師会介護医療院ふたば,マスダシイシカイカイゴイリョウインフタバ,介護医療院,遠田町1917番地2,,34.696734700000000,131.866983500000000,0856-22-3611,0856-22-0407,4280005006688,公益社団法人益田市医師会,32B0800019,,,,https://www.masuda-med.or.jp/kaigoiryou/,,,,
322067,32B0200038,島根県,安来市,介護医療院　ライトピア,カイゴイリョウイン　ライトピア,介護医療院,島根県安来市荒島町1817-1,,35.432729100000010,133.204486699999960,(0854)28-7000,(0854)28-7725,2280005002458,明誠会,32B0200038,,,14,https://shirane.clinic/orthopedics/,,,,
322067,32B0200012,島根県,安来市,介護医療院昌寿苑,カイゴイリョウインショウジュエン,介護医療院,島根県安来市安来町899-1,,35.433229750679054,133.252828521984580,0854-22-1234,0854-22-5827,4280005002209,社会医療法人昌林会,32B0200012,,,0,http://www.syourinkai.or.jp,,,,
322067,32B0200020,島根県,安来市,介護医療院　みずかぜ,カイゴイリョウイン　ミズカゼ,介護医療院,島根県安来市伯太町安田1700番地,,35.371953700000000,133.273694200000020,0854-37-1512,0854-37-1265,4280005002398,一般社団法人　安来市医師会,32B0200020,,,48,,,,,
322075,32B0600013,島根県,江津市,島根県済生会介護医療院なでしこ江津,シマネケンサイセイカイカイゴイリョウインナデシコゴウツ,介護医療院,島根県江津市江津町1016番地37島根県済生会江津総合病院,島根県済生会江津総合病院,35.012363900000000,132.214892200000000,0855-54-0101,0855-54-0171,3010405001696,社会福祉法人恩賜財団済生会,32B0600013,,,,,,,,
323438,32B1300019,島根県,奥出雲町,奥出雲病院介護医療院,オクイズモビョウインカイゴイリョウイン,介護医療院,島根県仁多郡奥出雲町三成１６２２番地１,,35.196488800000000,132.997159200000000,0854-54-1122,0854-54-1280,9000020323438,奥出雲町,32B1300019,,,0,https://www.okuizumo-hospital.jp,,,,
324493,32B1800018,島根県,邑南町,介護医療院　ケアセンター三笠,カイゴイリョウイン　ケアセンターミカサ,介護医療院,島根県邑智郡邑南町上田所39番地5,,34.840459100000000,132.506409200000000,0855－83－2050,0855－83－2052,7280005004739,医療法人　徳祐会,32B1800018,,,100,http://tokuyu-kai.sakura.ne.jp,,,,
325058,32B2100012,島根県,吉賀町,よしか介護医療院,ヨシカカイゴイリョウイン,介護医療院,島根県鹿足郡吉賀町六日市368番地4,,34.353539499999990,131.937492000000020,0856-73-7575,0856-73-7577,4280005007562,医療法人カタクリ会,32B2100012,,,,https://katakuri.or.jp/,,,,
331015,33B0100021,岡山県,岡山市北区,介護医療院　ふくしま,カイゴイリョウイン　フクシマ,介護医療院,岡山県岡山市北区清心町3番18号,,34.672839400000000,133.918302100000000,086-255-1281,086-255-1388,4260005001550,福島内科院,33B0100021,,,10,https://ivorycobra9.sakura.ne.jp/,,,,
331015,33B0100039,岡山県,岡山市北区,一般財団法人志清会岡山紀念病院介護医療院,イッパンザイダンホウジンシセイカイオカヤマキネンビョウインカイゴイリョウイン,介護医療院,岡山県岡山市北区清輝本町７番２２号,,34.651473300000000,133.926320700000000,086-221-1116,086-231-2476,6260005000162,一般財団法人志清会,33B0100039,,,0,http://www.okayamakinen.or.jp,,,,
331023,33B0100013,岡山県,岡山市中区,介護医療院　みくに,カイゴイリョウイン　ミクニ,介護医療院,岡山県岡山市中区江崎456-2,,34.624307500000000,133.964458800000000,086-274-3920,086-274-3921,3260005001808,岡山博愛会,33B0100013,,,0,https://www.okayama-hakuaikai.or.jp/hakuaikai/mikuni/,,,,
331031,33B0100047,岡山県,岡山市東区,介護医療院　ちとせ,カイゴイリョウイン　チトセ,介護医療院,岡山県岡山市東区西大寺中野498‐1林　病院・202号室・203号室・303号室・305号室,林　病院・202号室・203号室・303号室・305号室,34.655809300000000,134.026946300000000,086-942-2980,086-942-3755,,,33B0100047,,,0,http://hayashi-hsp.com,,,,
332020,33B0200029,岡山県,倉敷市,玉島病院介護医療院,タマシマビョウインカイゴイリョウイン,介護医療院,玉島乙島4030,,34.541624100000000,133.680491000000000,086-522-4141,086-522-3473,3260005009017,公益財団法人弘仁会,33B0200029,,,,http://tamashimahosp.or.jp,,,,
332020,33B0200037,岡山県,倉敷市,介護医療院　おうじ,カイゴイリョウイン　オウジ,介護医療院,岡山県倉敷市児島下の町5丁目2番17号,,34.477560100000000,133.821767800000000,086-436-9700,086-474-0560,3260005003663,王慈会,33B0200037,,,0,http://www.ohji-nouge.or.jp,,,,
332020,33B0200011,岡山県,倉敷市,介護医療院　みずいちリハビリ苑,カイゴイリョウイン　ミズイチリハビリエン,介護医療院,岡山県倉敷市神田２丁目３番３３号,,34.542059986345590,133.739066258335900,086-444-5333,086-445-0030,4260005003588,医療法人水清会,33B0200011,,,0,https://suiseikai-group.jp/suiseikai/care/mizuichi/,,,,
332020,33B0200045,岡山県,倉敷市,柴田病院介護医療院,シバタビョウインカイゴイリョウイン,介護医療院,玉島乙島6108-1,,34.553295700000000,133.693057300000000,086-526-7870,086-525-0466,4260005004347,医療法人高志会,33B0200045,,,,https://shibata-h.jp/,,,,
332038,33B0300019,岡山県,津山市,介護医療院サンホームつやま,カイゴイリョウインサンホームツヤマ,介護医療院,岡山県津山市田町２７,,35.063670200000000,133.999764300000040,0868-22-5104,0868-22-5105,1260005006692,医療法人西下病院,33B0300019,,,0,http://www.nishishita-hp.or.jp/,,,,
332038,33B0300027,岡山県,津山市,介護医療院かもの郷,カイゴイリョウインカモノサト,介護医療院,岡山県津山市加茂町中原６１番地,,35.176323658842755,134.052070118385270,0868-42-3133,0868-42-2059,4260005006707,医療法人慈恵会,33B0300027,,,40,https://www.jikeikai-net.or.jp,,,,
332054,33B0500014,岡山県,笠岡市,きのこエスポアール介護医療院,キノコエスポアールカイゴイリョウイン,介護医療院,岡山県笠岡市東大戸2908,,34.552796600000000,133.502424500000000,0865-63-0727,0865-63-5214,4260005004982,医療法人社団きのこ会,33B0500014,,,0,http://www.kinoko-group.jp/,,,,
332054,33B0500022,岡山県,笠岡市,介護医療院くじば苑,カイゴイリョウインクジバエン,介護医療院,岡山県笠岡市笠岡5102-15,,34.511792799999990,133.507423900000000,0865-62-5123,0865-62-2706,5260005004981,医療法人緑十字会,33B0500022,,,0,http://midorijujikai.or.jp/index.html,,,,
332071,33B0700010,岡山県,井原市,医療法人社団　菅病院　介護医療院,イリョウホウジンシャダン　スガビョウイン　カイゴイリョウイン,介護医療院,岡山県井原市井原町124,,34.597699400000000,133.463732400000000,0866–62–2831,0866–62–6301,5260005005154,医療法人社団菅病院,33B0700010,,,0,https://sugahospital.jp/,,,,
332097,33B0900016,岡山県,高梁市,医療法人慶真会大杉病院介護医療院,イリョウホウジンケイシンカイオオスギビョウインカイゴイリョウイン,介護医療院,岡山県高梁市柿木町28-1,,34.796078000000000,133.617394400000000,0866-22-5155,0866-22-1535,2260005005818,医療法人慶真会,33B0900016,,,,http://www.oosugi-hospital.or.jp/,,,,
332097,33B0900024,岡山県,高梁市,高梁中央介護医療院,タカハシチュウオウカイゴイリョウイン,介護医療院,岡山県高梁市南町53,,34.787824500000000,133.612275900000000,0866-22-3636,0866-22-0536,6260005005822,医療法人清梁会,33B0900024,,,0,http://seiryoukai.jp,,,,
332143,33B3400030,岡山県,真庭市,介護医療院わたぼうし,カイゴイリョウインワタボウシ,介護医療院,岡山県真庭市本郷1819番地,,35.083829100000000,133.689051400000000,0867-44-3161,0867-44-5331,1260005008342,医療法人　美甘会,33B3400030,,,0,http://www.katsuyama⁻hp.or.jp,,,,
332143,33B3400048,岡山県,真庭市,介護医療院clinicSHIRO,カイゴイリョウイン　クリニック　シロ,介護医療院,岡山県真庭市下河内3142-2,,35.030867900000000,133.786061500000000,0867552121,0857552124,4260005008208,医療法人ＳＨＩＲＯ,33B3400048,,,,,,,,
332143,33B3400055,岡山県,真庭市,介護医療院　わかば,カイゴイリョウイン　ワカバ,介護医療院,岡山県真庭市下河内314-2,,35.036079600000015,133.782693500000000,0867552121,0867552124,4260005008208,医療法人ＳＨＩＲＯ,33B3400055,,,,,,,,
332151,33B3700025,岡山県,美作市,介護医療院田尻病院,カイゴイリョウインタジリビョウイン,介護医療院,岡山県美作市明見550番地の1,,35.015831800000020,134.145879600000030,0868-72-0380,0868-72-4406,7260005007355,医療法人三水会,33B3700025,,,0,https://www.tajirihp.or.jp,,,,
332151,33B3700017,岡山県,美作市,介護医療院美作中央病院,カイゴイリョウインミマサカチュウオウビョウイン,介護医療院,明見357-1,,35.013359700000000,134.146763999999960,0868-72-0461,0868-72-2610,1260005007360,医療法人美風会,33B3700017,,,0,,,,,
333468,33B2300017,岡山県,和気町,北川病院介護医療院,キタガワビョウインカイゴイリョウイン,介護医療院,岡山県和気郡和気町和気277,,34.802160200000010,134.144210199999970,0869-93-1141,0869-93-1200,7260005007801,医療法人紀典会,33B2300017,,,,http://www.kitagawa-hp.jp/,,,,
334235,33B2600010,岡山県,早島町,医療法人木村医院,イリョウホウジン　キムライイン,介護医療院,岡山県都窪郡早島町早島1469番地1,,34.602409800000000,133.825332500000000,086-482-0028,086-480-1160,8260005004392,医療法人木村医院,33B2600010,,,0,,,,,
334456,33B2700018,岡山県,里庄町,国定病院介護医療院,クニサダビョウインカイゴイリョウイン,介護医療院,岡山県浅口郡里庄町大字浜中９３番地１４１,,34.496838400000020,133.532232700000000,0865-64-3213,0865-64-3299,2260005005033,医療法人萌生会国定病院,33B2700018,,,,https://hoseikai.jp/,,,,
336815,33B3900013,岡山県,吉備中央町,介護医療院ルミエール,カイゴイリョウインルミエール,介護医療院,岡山県加賀郡吉備中央町宮地３３３６番地１５吉備高原ルミエール病院,吉備高原ルミエール病院,34.773250000000000,133.680066200000050,０８６６-５５-５３３１,０８６６-５５-５３３５,3260005002624,医療法人社団吉美会　吉備高原ルミエール病院,33B3900013,,,0,http://www.kibi.ne.jp/~rumihp/,,,,
341029,34B0100012,広島県,広島市東区,山﨑病院介護医療院,ヤマサキビョウインカイゴイリョウイン,介護医療院,広島県広島市東区上温品1丁目24-9,,34.421657100000000,132.512370100000000,082-280-1234,082-289-0866,9240005001309,医療法人たかまさ会,34B0100012,,,0,https://takamasa.or.jp/,,,,
341029,34B0100038,広島県,広島市東区,槙坪病院　介護医療院,マキツボビョウイン　カイゴイリョウイン,介護医療院,広島県広島市東区光町一丁目１４番２号,,34.398885100000000,132.480167700000000,082－263－5788,082－263－5820,,,34B0100038,,,,http://www.makitsubo-h.net/,,,,
341029,34B0100046,広島県,広島市東区,戸坂外科医院介護医療院,ヘサカゲカイインカイゴイリョウイン,介護医療院,広島県広島市東区戸坂千足二丁目５番１６号,,34.437988300000000,132.485076800000000,082-220-0050,082-220-0636,2240005001091,医療法人社団アイオワ,34B0100046,,,0,http://www.hesaka-geka.jp/,,,,
341037,34B0100020,広島県,広島市南区,広島シーサイド病院介護医療院,ヒロシマシーサイドビョウインカイゴイリョウイン,介護医療院,広島県広島市南区元宇品町26番20号,,34.348572700000000,132.459085500000000,082-255-1010,082-255-6826,4250005002054,医療法人和同会,34B0100020,,,0,http://www.ss.wadoukai.jp/,,,,
341045,34B0200036,広島県,広島市西区,力田病院すずがみね介護医療院,リキタビョウインスズガミネカイゴイリョウイン,介護医療院,広島県広島市西区鈴が峰町14番20号,,34.382170200000026,132.397127200000030,082-277-2101,082-277-2108,9240005001184,医療法人社団玉章会,34B0200036,,,0,https://www.gyokushokai1996.com/kaigo.html,,,,
341045,34B0200028,広島県,広島市西区,長崎病院介護医療院,ナガサキビョウインカイゴイリョウイン,介護医療院,広島県広島市西区横川新町３番１１号,,34.409169600000000,132.446957800000060,０８２－２０８－５８０１,０８２－２０８－５８２１,3240005001207,医療法人厚生堂,34B0200028,,,0,http://www.nagasaki-hp.jp,,,,
341053,34B0200051,広島県,広島市安佐南区,介護医療院コムラ,カイゴイリョウインコムラ,介護医療院,広島県広島市安佐南区相田1-16-29,,34.469775900000000,132.456929300000000,082-872-2151,082-872-2152,1240005014771,医療法人　コムラ病院,34B0200051,,,0,https://www.komura-hosp.com/,,,,
341088,34B0200010,広島県,広島市佐伯区,介護医療院ひいろ,カイゴイリョウインヒイロ,介護医療院,広島県広島市佐伯区坪井三丁目８１８番地の１,,34.382272300000000,132.334652799999960,082-943-7616,082-923-7179,9240005001390,医療法人ピーアイエー,34B0200010,,,0,http://www.pia-gr.or.jp/pia/hiiro/,,,,
341088,34B0200044,広島県,広島市佐伯区,広島グリーンヒル病院介護医療院,ヒロシマグリーンヒルビョウインカイゴイリョウイン,介護医療院,広島県広島市佐伯区五日市町下河内188-6広島グリーンヒル病院介護医療院　6階・7階・8階,広島グリーンヒル病院介護医療院　6階・7階・8階,34.408004700000010,132.353296500000000,082-929-1110,082-927-2225,4250005002054,医療法人　和同会,34B0200044,,,0,http://www.gh.wadoukai.jp,,,,
341088,34B0200069,広島県,広島市佐伯区,桧田病院介護医療院,ヒノキダビョウインカイゴイリョウイン,介護医療院,広島県広島市佐伯区五日市中央一丁目１番32号,,34.373928100000010,132.355713400000000,082-923-1116,082-921-5599,2240005001372,医療法人社団初仁会,34B0200069,,,0,http://www.hinokida.com,,,,
342025,34B0500047,広島県,呉市,マッターホルン介護医療院,マッターホルンカイゴイリョウイン,介護医療院,広島県呉市中通一丁目５番２５号,,34.242250500000000,132.562566700000000,0823-22-6868,0823-22-6870,4240005006147,医療法人　エム・エム会,34B0500047,,,,http://www.matterhorn-hospital.jp/,,,,
342025,34B0500021,広島県,呉市,医療法人社団有信会呉記念病院介護医療院,イリョウホウジンシャダンユウシンカイクレキネンビョウインカイゴイリョウイン,介護医療院,広島県呉市郷原町2379番地42号,,34.305693400000040,132.651979200000000,0823-70-3200,0823-70-3211,1240005006141,医療法人社団有信会,34B0500021,,,,https://www.kurekinen.jp,,,,
342025,34B0500013,広島県,呉市,介護医療院グリーン三条,カイゴリリョウイングリーンサンジョウ,介護医療院,広島県呉市三条1丁目3番14号,,34.245672495370010,132.552384504368520,0823-23-0303,0823-23-0642,6240005006129,医療法人社団中川会,34B0500013,,,0,http://nakagawakai.jp/publics/index/69/,,,,
342025,34B0500039,広島県,呉市,介護医療院住吉浜,カイゴイリョウインスミヨシハマ,介護医療院,広島県呉市下蒲刈町下島小地蔵２４９８番地,,34.182937339081880,132.678935295462250,0823-65-2345,0823-65-3102,6240005006079,一般財団法人広島結核予防協会,34B0500039,,,0,https://www.sumiyoshihama-hospital.com/,,,,
342025,34B0500054,広島県,呉市,呉芸南病院介護医療院,クレゲイナンビョウインカイゴイリョウイン,介護医療院,広島県呉市阿賀中央6丁目7番24号,,34.237497600000000,132.598480700000000,0823-72-1155,0823-71-8066,,,34B0500054,,,,,,,,
342033,34B0700019,広島県,竹原市,安田介護医療院,ヤスダカイゴイリョウイン,介護医療院,広島県竹原市下野町3136番地,,34.352673600000000,132.900398900000030,0846-22-6173,0846-22-6021,5240005010313,医療法人　社団　仁慈会,34B0700019,,,,http://www.yasudabyouin.com/,,,,
342041,34B0900015,広島県,三原市,社会医療法人里仁会　介護医療院仁生苑,シャカイイリョウホウジンリジンカイ　カイゴイリョウインジンセイエン,介護医療院,広島県三原市皆実3丁目3-28,,34.391473100000000,133.066237799999950,0848-64-4111,0848-62-0230,3240005011841,社会医療法人里仁会,34B0900015,,,,http://www.rijinen.jp/,,,,
342041,34B0900023,広島県,三原市,社会医療法人　里仁会　介護医療院　白龍湖,シャカイイリョウホウジン　リジンカイ　カイゴイリョウイン　ハクリュウコ,介護医療院,広島県三原市大和町和木１５０４－１,,34.511342800000000,132.922797800000000,0847－34－1218,0847－34－1219,3240005011841,社会医療法人里仁会,34B0900023,,,0,http://rijinkai.or.jp/,,,,
342041,34B0900031,広島県,三原市,医療法人仁康会本郷中央病院介護医療院,イリョウホウジンジンコウカイホンゴウチュウオウビョウインカイゴイリョウイン,介護医療院,広島県三原市下北方1-7-30医療法人仁康会本郷中央病院介護医療院,医療法人仁康会本郷中央病院介護医療院,34.406338500000000,132.975252700000000,0848-86-6780,0848-86-4564,6240005011839,医療法人仁康会,34B0900031,,,0,http://www.jinkokai.jp/hongou/index.php,,,,
342050,34B1100029,広島県,尾道市,ながい介護医療院,ナガイカイゴイリョウイン,介護医療院,広島県尾道市瀬戸田町瀬戸田349-7,,34.303053300000000,133.085754200000000,0845-27-0020,0845-27-0026,,医療法人社団回生会永井医院,34B1100029,,,,,,,,
342050,34B1100037,広島県,尾道市,介護医療院　よしはら内科外科リハビリテーションクリニック,カイゴイリョウイン　ヨシハラナイカゲカリハビリテーションクリニック,介護医療院,広島県尾道市向東町８６８１－１,,34.399733400000000,133.221217700000040,0848-45-0007,0848-45-0006,9240005010680,医療法人吉原胃腸科外科,34B1100037,,,,https://www.yoshiharamedicalgroup.com/,,,,
342050,34B1100045,広島県,尾道市,山本病院介護医療院,ヤマモトビョウインカイゴイリョウイン,介護医療院,広島県尾道市高須町７３５番地,,34.437704545554310,133.232166164418030,0848-46-0634,0848-47-1388,7240005015095,医療法人高須会,34B1100045,,,37,http://www.yamamoto-hospital.jp,,,,
342076,34B1500012,広島県,福山市,介護医療院　灯り,カイゴイリョウイン　アカリ,介護医療院,広島県福山市赤坂町赤坂1313神原病院　4階,神原病院　4階,34.471886700000000,133.302940200000000,084-951-1012,084-951-1987,7240005007737,社会医療法人定和会,34B1500012,,,,https://kambara-hp.sakura.ne.jp/akari.html,,,,
342076,34B1500038,広島県,福山市,福山回生病院介護医療院,フクヤマカイセイビョウインカイゴイリョウイン,介護医療院,広島県福山市引野町５丁目９番２１号,,34.493163000000000,133.403970200000000,084-941-0665,084-943-6929,4240005007847,医療法人村上会,34B1500038,,,,http://www.fukuyama-kaisei.jp,,,,
342076,34B1500020,広島県,福山市,介護医療院みしま,カイゴイリョウインミシマ,介護医療院,広島県福山市新市町宮内186-5,,34.569169600000000,133.274559900000000,0847-51-2103,0847-52-7465,4240005009075,医療法人三島医院,34B1500020,,,,https://mishima-iin.com,,,,
342076,34B1500061,広島県,福山市,介護医療院くすもと,カイゴイリョウインクスモト,介護医療院,広島県福山市曙町三丁目19番18号,,34.470377400000000,133.397056500000000,084-954-3030,084-954-9085,5240005007747,医療法人蒼生会,34B1500061,,,40,https://kusumoto.or.jp/guide/support/ward/,,,,
342076,34B1500053,広島県,福山市,介護医療院はな,カイゴイリョウインハナ,介護医療院,広島県福山市野上町2-10-29,,34.477280500000010,133.362744900000000,084-925-2567,084-923-8379,8240005007843,医療法人社団まこと会,34B1500053,,,0,https://www.kanbe.or.jp/,,,,
342076,34B1500046,広島県,福山市,医療法人　信英会　介護医療院　デイジー港南,イリョウホウジン　シンエイカイ　カイゴイリョウイン　デイジーコウナン,介護医療院,広島県福山市新涯町2丁目5番8号,,34.462857000000000,133.397094200000000,084-953-5511,084-953-7304,9240005007727,医療法人信英会,34B1500046,,,0,https://shima-hp.or.jp,,,,
342084,34B1700018,広島県,府中市,介護医療院みのり,カイゴイリョウインミノリ,介護医療院,広島県府中市元町43番地1,,34.571400200000000,133.242575500000000,0847-45-4571,0847-40-0117,5240005009074,社会医療法人社団陽正会,34B1700018,,,82,https://www.youseikai-grp.jp/kh/,,,,
342092,34B1900014,広島県,三次市,介護医療院ほのぼの,カイゴイリョウインホノボノ,介護医療院,広島県三次市粟屋町1731,,34.810577100000000,132.836483199999970,0824-62-2888,0824-62-1931,7240005004619,医療法人　新和会,34B1900014,,,0,https://sinwakai340.e-doctor.info/honobono/,,,,
342106,34B2100010,広島県,庄原市,庄原同仁病院介護医療院,ショウバラドウジンビョウインカイゴイリョウイン,介護医療院,広島県庄原市川北町字久井田890番地の1,,34.880595000000000,133.003234400000000,0824-72-7300,0824-72-7333,4240005005223,医療法人ながえ会,34B2100010,,,,https://nagaekai.com/,,,,
342114,34B2300016,広島県,大竹市,メープルヒル病院　介護医療院,メープルヒルビョウイン　カイゴイリョウイン,介護医療院,広島県大竹市玖波5-2-1,,34.256766800000000,132.223372100000000,0827-57-7451,0827-57-5312,7240005007068,医療法人社団知仁会,34B2300016,,,,,,,,
342122,34B2500029,広島県,東広島市,介護医療院ナーシングホームふれあい,カイゴイリョウインナーシングホームフレアイ,介護医療院,広島県東広島市西条町寺家7432-1,,34.422714600000000,132.728735600000000,082-424-1555,082-424-1120,6240005003596,医療法人　好縁会,34B2500029,,,0,http://koenkai-gr.jp,,,,
342122,34B2500011,広島県,東広島市,医療法人真慈会　真愛病院介護医療院,イリョウホウジンシンジカイ　シンアイビョウインカイゴイリョウイン,介護医療院,広島県東広島市黒瀬町兼広279番地,,34.321647000000000,132.659877199999980,0823-70-4011,0823-70-4012,1240005003592,医療法人　真慈会,34B2500011,,,0,http://www.shin-ai-hp.jp,,,,
342131,34B2700025,広島県,廿日市市,佐伯中央介護医療院,サイキチュウオウカイゴイリョウイン,介護医療院,広島県廿日市市津田4180,,34.366951800000000,132.176058800000000,0829-72-1100,0829-72-1134,6240005006946,医療法人社団貴和会,34B2700025,,,,https://www.saikichuou.jp,,,,
342149,34B3600018,広島県,安芸高田市,八千代病院介護医療院,ヤチヨビョウインカイゴイリョウイン,介護医療院,広島県安芸高田市八千代町勝田４４８,,34.637198600000000,132.624746299999970,0826-52-3838,0826-52-3253,2240005005010,医療法人社団八千代会,34B3600018,,,0,http://merry-house.jp/yachiyo-hospital/,,,,
343048,34B3200017,広島県,海田町,山本整形外科病院介護医療院,ヤマモトセイケイゲカビョウインカイゴイリョウイン,介護医療院,広島県安芸郡海田町堀川町2-23,,34.368314700000000,132.531077500000000,（082）822-3000,（082）822-8438,6240005010114,医療法人かしの木会,34B3200017,,,,,,,,
343684,34B3500028,広島県,安芸太田町,安芸太田病院介護医療院,アキオオタビョウインカイゴイリョウイン,介護医療院,広島県山県郡安芸太田町大字下殿河内236番地,,34.586491100000000,132.291157600000000,0826-22-2299,0826-22-0623,8000020343684,安芸太田町,34B3500028,,,,https://www.akiota.jp/site/byouinsabu/,,,,
343692,34B3500036,広島県,北広島町,大朝ふるさと病院介護医療院,オオアサフルサトビョウインカイゴイリョウイン,介護医療院,広島県山県郡北広島町新庄2147番地の1,,34.763147700000000,132.486097200000000,0826-82-3900,0826-82-2070,6240005002813,医療法人サカもみの木会,34B3500036,,,,http://ooasafurusato.jp,,,,
352012,35B0100029,山口県,下関市,王司介護医療院,オウジカイゴイリョウイン,介護医療院,山口県下関市王司本町1-18-27,,34.041159000000000,131.015304000000010,083-248-3631,083-248-2188,3250005003193,医療法人社団季朋会,35B0100029,,,48,www.kihoukai.or.jp,,,,
352012,35B0100060,山口県,下関市,森山病院介護医療院,モリヤマビョウインカイゴイリョウイン,介護医療院,山口県下関市宮田町2丁目8番20号,,33.963635900000000,130.946184300000000,083-231-0781,083-231-5539,8250005003189,医療法人元洋会,35B0100060,,,0,http//www.moriyama-hp.ecnet.jp,,,,
352012,35B0100011,山口県,下関市,介護医療院　さくら寮,カイゴイリョウインサクラリョウ,介護医療院,山口県下関市長府才川2丁目21-2,,34.024726500000020,130.999375000000010,083-248-0254,083-248-0441,5250005003183,医療法人愛の会,35B0100011,,,0,http://www.kofuen.or.jp/momiji/,,,,
352012,35B0100078,山口県,下関市,まつなが医院　介護医療院,マツナガイイン　カイゴイリョウイン,介護医療院,山口県下関市長府中浜町２番５号,,33.997941500000000,130.990033900000000,083-245-2103,083-245-0689,7250005003215,医療法人松永会,35B0100078,,,0,www.matsunagaiin.com,,,,
352012,35B0100052,山口県,下関市,たけひさ介護医療院,タケヒサカイゴイリョウイン,介護医療院,山口県下関市武久町2丁目53番8号,,33.982536700000000,130.916669400000000,083-227-2575,083-252-5240,9250005003188,医療法人社団青寿会,35B0100052,,,0,http://seijukai-or.jp/,,,,
352012,35B0100037,山口県,下関市,医療法人　茜会　介護医療院あかね,イリョウホウジン　アカネカイ　カイゴイリョウインアカネ,介護医療院,山口県下関市後田町1丁目1番1号,,33.968218386426860,130.934723378779580,083-231-3888,083-231-7957,9250005003196,医療法人茜会,35B0100037,,,0,http://www.akn-yoshimizu.com,,,,
352012,35B0100045,山口県,下関市,社会医療法人松涛会　安岡病院介護医療院,シャカイイリョウホウジンショウトウカイ　ヤスオカビョウインカイゴイリョウイン,介護医療院,山口県下関市横野町3-16-35,,34.034548000000000,130.909485700000000,083-258-3711,083-258-2590,6250005003190,社会医療法人松涛会,35B0100045,,,0,http://www.syoutoukai.or.jp/,,,,
352012,35B0100086,山口県,下関市,医療法人星の里会　岡医院介護医療院,イリョウホウジンホシノサトカイ　オカイインカイゴイリョウイン,介護医療院,小月本町2丁目15番20号,,34.070696600000000,131.036714900000000,083-282-0070,0832-282-4327,4250005003192,医療法人星の里会,35B0100086,,,44,https://www.oka-hospital.net/,,,,
352021,35B0200035,山口県,宇部市,宇部西リハビリテーション病院介護医療院,ウベニシリハビリテーションビョウインカイゴイリョウイン,介護医療院,山口県宇部市沖ノ旦797番地,,33.995789900000020,131.225694300000000,0836-45-2111,0836-45-2123,4250005002054,医療法人和同会,35B0200035,,,78,https://www.ubenishireha.jp,,,,
352021,35B0200050,山口県,宇部市,社会医療法人いち樹会　尾中病院　介護医療院,シャカイイリョウホウジン　イチジュカイ　オナカビョウイン　カイゴイリョウイン,介護医療院,山口県宇部市寿町一丁目3番28号,,33.953499500000000,131.248658400000000,0836-31-2133,0836-32-9907,6250005002052,社会医療法人いち樹会,35B0200050,,,60,https://onaka.or.jp/,,,,
352021,35B0200019,山口県,宇部市,医療法人博愛会　宇部記念病院　介護医療院,イリョウホウジンハクアイカイ　ウベキネンビョウイン　カイゴイリョウイン,介護医療院,山口県宇部市上町1-4-11,,33.959198756960830,131.239517710975630,0836-31-1146,0836-22-7118,7250005002051,医療法人博愛会,35B0200019,,,0,http://www.hakuaikai-net.or.jp,,,,
352021,35B0200027,山口県,宇部市,宇部リハビリテーション病院　介護医療院,ウベリハビリテーションビョウインカイゴイリョウイン,介護医療院,宇部市大字西岐波229番地の3,,33.965948215111400,131.302255780812030,0836-51-3111,0836-51-4441,4250005002054,医療法人和同会,35B0200027,,,0,http://www.ubereha.jp/kaigoiryouin/,,,,
352021,35B0200043,山口県,宇部市,医療法人太白会シーサイド病院介護医療院,イリョウホウジンタイハクカイシーサイドビョウインカイゴイリョウイン,介護医療院,宇部市大字東岐波字丸尾4322-1,,33.966187000000000,131.351484000000030,0836-58-5360,0836-58-5362,9250005002099,医療法人太白会,35B0200043,,,,http://yfuruya31.wixsite.com/seasidehp,,,,
352039,35B0300025,山口県,山口市,阿知須同仁病院介護医療院ひまわり,アジスドウジンビョウインカイゴイリョウインヒマワリ,介護医療院,山口市阿知須4241-4,,34.010023100000000,131.360443000000030,0836-65-5555,0836-65-2836,5250005001344,医療法人社団向陽会,35B0300025,,,0,http://www.ajisudohjin.com,,,,
352039,35B0300017,山口県,山口市,山口若宮病院介護医療院,ヤマグチワカミヤビョウインカイゴイリョウイン,介護医療院,山口県山口市下小鯖1522番地,,34.137666000000000,131.517554900000050,083-927-3661,083-927-1420,5250005000437,医療法人（社団）若宮会,35B0300017,,,0,https://wakamiyakai.jp,,,,
352047,35B0400015,山口県,萩市,医療法人社団慈生会　萩慈生病院　介護医療院,イリョウホウジンシャダンジセイカイ　ハギジセイビョウイン　カイゴイリョウイン,介護医療院,山田4147番地1,,0.000000000000000,0.000000000000000,0838-25-6622,0838-25-6668,3250005004844,医療法人社団慈生会,35B0400015,,,0,http://hagi-jiseikai.or.jp/,,,,
352047,35B0400023,山口県,萩市,全眞会病院介護医療院,ゼンシンカイビョウインカイゴイリョウイン,介護医療院,山口県萩市大字山田字西沖田4807番3,,34.405781999999990,131.383164000000000,0838-22-4106,0838-22-3788,8250005004815,医療法人全眞会,35B0400023,,,0,https://zenshinkai.sakura.ne.jp/,,,,
352063,35B0600010,山口県,防府市,防府リハビリテーション病院　介護医療院,ホウフリハビリテーションビョウイン　カイゴイリョウイン,介護医療院,山口県防府市大字台道1634番地の1,,34.069390400000000,131.493507600000000,0835-32-1777,0835-32-1933,4250005002054,医療法人和同会,35B0600010,,,0,http://www.hofureha.jp/,,,,
352080,35B0800032,山口県,岩国市,介護医療院ケアホーム山口,カイゴイリョウインケアホームヤマグチ,介護医療院,山口県岩国市玖珂町11361番地,,34.102837400000000,132.059326200000000,0827-81-1155,0827-82-3870,2250005006321,医療法人山口平成会,35B0800032,,,51,http://www.yamaguchihp.jp,,,,
352080,35B0800024,山口県,岩国市,周防病院介護医療院,スオウビョウインカイゴイリョウイン,介護医療院,山口県岩国市周東町上久原１２３番地,,34.076676400000000,132.073469600000000,0827-84-1223,0827-84-1230,7250005006325,医療法人全生会,35B0800024,,,,,,,,
352080,35B0800016,山口県,岩国市,医療法人南和会　みどり介護医療院,イリョウホウジン　ナンワカイ　ミドリカイゴイリョウイン,介護医療院,山口県岩国市由宇町３５９番地１,,34.027968911521555,132.153838098672500,0827-63-0111,0827-63-2000,1250005006529,医療法人南和会,35B0800016,,,60,http://www.nanwakai.jp/midori_kaigo/shisetsu/,,,,
352101,35B1000012,山口県,光市,河村循環器神経内科介護医療院,カワムラジュンカンキシンケイナイカカイゴイリョウイン,介護医療院,山口県光市三井６丁目１８番１,,33.988195100000000,131.952932799999980,0833-77-0606,0833-77-1606,2250005005760,医療法人やよい,35B1000012,,,0,https://www.yayoi-km.jp/,,,,
352101,35B1000020,山口県,光市,医療法人社団光仁会　市川医院　介護医療院,イリョウホウジンシャダンコウジンカイイチカワイインカイゴイリョウイン,介護医療院,山口県光市中央3丁目2-26,,33.959084600000000,131.945882100000000,0833-72-5700,0833-71-0758,6250005005749,医療法人社団光仁会,35B1000020,,,,koujinkai-ichikawaiin.jimdo.com,,,,
352110,35B1100010,山口県,長門市,医療法人　生山会　たわらやま介護医療院,イリョウホウジン　ショウザンカイ　タワラヤマカイゴイリョウイン,介護医療院,山口県長門市俵山4912番地1,,34.289517682597620,131.095768236245730,0837-29-0101,0837-29-0772,1250005004771,医療法人　生山会,35B1100010,,,0,www.shouzankai-saiki.com,,,,
352152,35B1500029,山口県,周南市,鹿野博愛介護医療院,カノハクアイカイゴイリョウイン,介護医療院,山口県周南市大字鹿野下1161番の1,,34.224131000000000,131.815919100000000,（0834）68-2233,（0834）68-3522,1250005005159,医療法人　緑山会,35B1500029,,,0,https://ryokuzankai.jp,,,,
352152,35B1500011,山口県,周南市,介護医療院　周南高原病院,カイゴイリョウイン　シュウナンコウゲンビョウイン,介護医療院,山口県周南市大字須々万本郷29番地の1,,34.123670500000000,131.858291800000000,0834-88-0391,0834-88-0074,1250005005159,医療法人緑山会,35B1500011,,,,"http://ryokuzankai,jp",,,,
352161,35B1600019,山口県,山陽小野田市,小野田赤十字　介護医療院,オノダセキジュウジ　カイゴイリョウイン,介護医療院,山口県山陽小野田市大字小野田３７００番地,,33.954354899999990,131.183919800000000,0836-88-0222,0836-88-4392,6010405002452,日本赤十字社,35B1600019,,,96,http://www.onoda-redcross-hosp.jp/kaigoiryouin/index.html,,,,
353051,35B7100014,山口県,周防大島町,周防大島町立介護医療院やすらぎ苑,スオウオオシマチョウリツカイゴイリョウインヤスラギエン,介護医療院,山口県大島郡周防大島町大字小松124-2,,33.927072100000000,132.195769000000000,0820-74-5555,0820-74-3890,4000020353051,周防大島町,35B7100014,,,0,https://www.kouei.so.ecomas.jp/facilities/ysrg/,,,,
353442,35B7300010,山口県,平生町,光輝病院介護医療院,コウキビョウインカイゴイリョウイン,介護医療院,山口県熊毛郡平生町大字佐賀１０００２番地７７,,33.903869900000000,132.083126200000000,０８２０－５８－１１１１,０８２０－５８－１１２０,8250005006885,光輝病院介護医療院,35B7300010,,,,https://koukikai-group.or.jp,,,,
362018,36B0127443,徳島県,徳島市,介護医療院名東,カイゴイリョウインミョウドウ,介護医療院,名東町1丁目91番地,,34.065917600000000,134.504873600000000,088-624-7236,088-624-7237,,医療法人　まんてん会,36B0127443,,,0,http://tenma-hpg.com/kaigo/myoudou/,,,,
362018,36B0123558,徳島県,徳島市,福田整形外科病院介護医療院,フクタセイケイゲカビョウインカイゴイリョウイン,介護医療院,徳島県徳島市南内町1丁目34番地,,34.069213600000000,134.552584300000000,0886224597,0886224767,7480005000395,医療法人　福田整形外科病院,36B0123558,,,,https://reiwa-fs.jp/,,,,
362018,36B0123665,徳島県,徳島市,リハビリテーション大神子病院介護医療院,リハビリテーションオオミコビョウインカイゴイリョウイン,介護医療院,徳島県徳島市大原町余慶1番1,,34.027315388210376,134.572291240383920,088-662-1014,088-662-2275,4480005000349,医療法人道志社,36B0123665,,,,http://www.doushisya.jp,,,,
362018,36B0127765,徳島県,徳島市,協立病院　介護医療院,キョウリツビョウイン　カイゴイリョウイン,介護医療院,徳島県徳島市八万町寺山１３番地２,,34.043092100000000,134.521274000000000,088-668-1070,088-668-1075,6480005000330,清和会,36B0127765,,,,http://kyoritsuhp.or.jp,,,,
362018,36B0127914,徳島県,徳島市,名東天満介護医療院,ミョウドウテンマカイゴイリョウイン,介護医療院,徳島県徳島市名東町1丁目91番地,,34.065917600000000,134.504873600000000,088-624-7286,088-624-7237,3480005000135,医療法人栄寿会,36B0127914,,,,https://tenma-hpg.com/,,,,
362018,36B0124770,徳島県,徳島市,林内科介護医療院,ハヤシナイカカイゴイリョウイン,介護医療院,徳島県徳島市中昭和町2丁目94番地,,34.061721500000000,134.558612500000000,0886260003,0886260770,7480005000387,医療法人はやし会,36B0124770,,,6,http//www.tomida.or.jp,,,,
362018,36B0123863,徳島県,徳島市,木下病院介護医療院,キノシタビョウインカイゴイリョウイン,介護医療院,徳島県徳島市南末広町4-70木下病院４階,木下病院４階,34.060298100000000,134.575952800000000,088-622-7700,088-655-7137,8480005000155,医療法人喜久寿会,36B0123863,,,,http://www.kinoshita-hp.com/index.html,,,,
362018,36B0124168,徳島県,徳島市,稲山病院　介護医療院,イナヤマビョウイン　カイゴイリョウイン,介護医療院,徳島県徳島市南田宮4丁目3番9号,,34.085904200000000,134.531523000000000,088-631-1515,088-631-0375,,,36B0124168,,,0,https://www.inayama.or.jp/,,,,
362018,36B0124390,徳島県,徳島市,眉山病院　介護医療院,ビザンビョウイン　カイゴイリョウイン,介護医療院,徳島県徳島市西二軒屋町２−３９−２,,34.059027999999990,134.543979799999960,088-625-7665,088-625-8014,9480005000393,医療法人眉山病院,36B0124390,,,0,https://bizan-hp.jp/,,,,
362026,36B0210066,徳島県,鳴門市,介護医療院鳴門山上病院,カイゴイリョウインナルトヤマカミビョウイン,介護医療院,徳島県鳴門市鳴門町土佐泊浦字高砂205番地29,,34.205683600000000,134.625427400000000,088-687-1234,088-687-1078,7480005003588,医療法人久仁会,36B0210066,,,60,https://kyujinkai-mc.or.jp,,,,
362026,36B0213128,徳島県,鳴門市,橋本介護医療院,ハシモトカイゴイリョウイン,介護医療院,徳島県鳴門市大津町吉永字四番越４７１番地６,,34.167551900000000,134.600742600000000,088-685-5211,088-686-6548,3480005003922,橋本医院,36B0213128,,,0,http://www2s.biglobe.ne.jp/~hasimoto/,,,,
362034,36B0310502,徳島県,小松島市,ふじのクリニック介護医療院,フジノクリニックカイゴイリョウイン,介護医療院,徳島県小松島市坂野町字平田１８番地の4,,33.980801500000000,134.633076300000000,0885-37-0250,0885-38-1230,,医療法人ふじのクリニック,36B0310502,,,,http://fujino.ezdns.jp/,,,,
362034,36B0310403,徳島県,小松島市,藤野医院介護医療院,フジノイインカイゴイリョウイン,介護医療院,徳島県小松島市坂野町字平田18番地2,,33.980789700000000,134.633083700000000,0885-38-1636,0885-35-7330,8480005002374,医療法人敬和会,36B0310403,,,,http://fujino.ezdns.jp,,,,
362034,36B0310080,徳島県,小松島市,徳島ロイヤル病院介護医療院,トクシマロイヤルビョウインカイゴイリョウイン,介護医療院,徳島県小松島市中田町字新開48番地,,34.013513817438934,134.583401557672150,0885-32-8833,0885-32-5104,2480005006934,医療法人メディカルケア,36B0310080,,,0,http://royal-hospital.jp,,,,
362034,36B0311310,徳島県,小松島市,ふじのクリニック介護医療院,フジノクリニックカイゴイリョウイン,介護医療院,徳島県小松島市坂野町字平田18番地4,,33.980752400000000,134.633432500000000,0885-37-0250,0885-38-1230,8480005002374,医療法人敬和会,36B0311310,,,,http://fujino.ezdns.jp/,,,,
362034,36B0310130,徳島県,小松島市,碩心館　介護医療院,セキシンカン　カイゴイリョウイン,介護医療院,徳島県小松島市江田町字大江田44-1,,34.014310400000000,134.563690800000000,0885-32-3555,0885-32-3539,3480005002362,医療法人　雙立会　碩心館病院,36B0310130,,,,www.sekishinkan.or.jp,,,,
362042,36B0410013,徳島県,阿南市,原田病院介護医療院,ハラダビョウインカイゴイリョウイン,介護医療院,富岡町あ石１４－１,,33.917921199999990,134.662540400000000,０８８４－２２－０９９０,０８８４－２３－６２０９,9480005004205,医療法人　医正会,36B0410013,,,,,,,,
362051,36B1710114,徳島県,吉野川市,介護医療院鴨島病院,カイゴイリョウインカモジマビョウイン,介護医療院,徳島県吉野川市鴨島町内原432,,34.070030500000010,134.367754300000000,0883-24-6565,0883-24-6572,,,36B1710114,,,0,http://kamojima.t-group.net,,,,
362051,36B1710031,徳島県,吉野川市,医療法人青鳳会　介護医療院　美摩病院,イリョウホウジンセイホウカイ　カイゴイリョウイン　ミマビョウイン,介護医療院,徳島県吉野川市鴨島町上下島497,,34.066264100000055,134.353946100000030,0883-24-2957,0883-24-0724,6480005002954,医療法人青鳳会,36B1710031,,,58,http:/www.mima-gr.jp/,,,,
362077,36B0510085,徳島県,美馬市,成田病院介護医療院,ナリタビョウインカイゴイリョウイン,介護医療院,"徳島県美馬市脇町字拝原2576番地201,202,203","201,202,203",34.064966900000000,134.175326400000000,0883-52-1258,0883-53-0551,8480005005344,医療法人藤野会,36B0510085,,,0,http://www.fujinokai.net,,,,
362085,36B0613103,徳島県,三好市,北條病院　介護医療院,ホウジョウビョウイン　カイゴイリョウイン,介護医療院,徳島県三好市池田町マチ2526-7,,34.029035700000000,133.804484000000000,0883-72-0007,0883-72-5682,5480005006989,医療法人北斗,36B0613103,,,,http://hojyo-hp.com/,,,,
362085,36B0610554,徳島県,三好市,村山内科介護医療院,ムラヤマナイカカイゴイリョウイン,介護医療院,池田町サラダ１７９５番地１,,34.027973400000000,133.806594900000000,0883-72-2110,0883-76-0758,4480005005471,医療法人　村山内科,36B0610554,,,0,https://murayamanaika.com,,,,
364011,36B1510035,徳島県,松茂町,浦田病院介護医療院,ウラタビョウインカイゴイリョウイン,介護医療院,徳島県板野郡松茂町広島字南ハリ13番地,,34.132981300000000,134.577441900000000,088-699-2921,088-699-6701,1480005003593,医療法人弘誠会,36B1510035,,,0,,,,,
364037,36B1510415,徳島県,藍住町,清水内科介護医療院,シミズナイカカイゴイリョウイン,介護医療院,徳島県板野郡藍住町奥野字和田71-13,,34.121020000000000,134.493789900000000,088-692-8900,088-692-8963,5480005003607,医療法人清樹会,36B1510415,,,0,http://www.seijyukai-med.jp/,,,,
364894,36B1910136,徳島県,東みよし町,三加茂田中病院介護医療院,ミカモタナカビョウインカイゴイリョウイン,介護医療院,徳島県三好郡東みよし町加茂1883番地4,,34.039306500000000,133.926213200000000,0883-82-3700,0883-82-4470,,医療法人静可会,36B1910136,,,,http://www.mikamotanakahp.ecnet.jp/,,,,
372013,37B0100027,香川県,高松市,伊達病院　介護医療院,ダテビョウイン　カイゴイリョウイン,介護医療院,香川県高松市観光町588－8,,34.333989100000000,134.060998600000000,087－831－1701,087－831－1704,6470005000637,医療法人社団和広会,37B0100027,,,,https://date-med.or.jp/,,,,
372013,37B0100019,香川県,高松市,介護医療院　やわらぎ,カイゴイリョウイン　ヤワラギ,介護医療院,香川県高松市香南町由佐102-1,,34.236402000000000,134.021557100000000,087-813-7301,087-813-7302,8470005001823,医療法人社団以和貴会,37B0100019,,,42,http://www.iwaki-hospital.or.jp/yawaragi/,,,,
372013,37B0100043,香川県,高松市,医療法人社団光風会介護医療院　コリーナ,イリョウホウジンシャダンコウフウカイカイゴイリョウインコリーナ,介護医療院,高松市牟礼町原943-1,,34.331021500000000,134.150257000000000,087-845-7750,087-845-7725,4470005000523,医療法人社団光風会,37B0100043,,,0,,,,,
372013,37B0100035,香川県,高松市,医療法人社団康生会　高松大林病院介護医療院,イリョウオウジンシャダンコウセイカイ　タカマツオオバヤシビョウインカイゴイリョウイン,介護医療院,番町1-10-3,,34.342131900000000,134.045427000000000,087-862-1231,087-834-4636,1470005000559,医療法人社団康生会,37B0100035,,,,https://www.takamatsu-obayashi.com/,,,,
372048,37B0400013,香川県,善通寺市,介護医療院千手苑,カイゴイリョウインセンジュエン,介護医療院,香川県善通寺市原田町1486番地3,,34.253734200000000,133.787631300000000,0877-63-1010,0877-63-0101,4470005002866,医療法人社団功寿会,37B0400013,,,0,http://www.senju-group.or.jp,,,,
372056,37B0500010,香川県,観音寺市,松井病院介護医療院,マツイビョウインカイゴイリョウイン,介護医療院,香川県観音寺市村黒町739番地,,34.133900000000000,133.666388900000000,0875-23-2111,0875-23-2100,7470005003746,医療法人ブルースカイ,37B0500010,,,0,http://www.matsui-hp.com,,,,
372064,37B0600018,香川県,さぬき市,医療法人日昭会　岡病院　介護医療院,イリョウホウジンニッショウカイ　オカビョウイン　カイゴイリョウイン,介護医療院,香川県さぬき市志度1562番地,,34.320227100000000,134.195140200000000,087-894-5050,087-894-5287,4470005004482,医療法人日昭会,37B0600018,,,60,https://sanuki-oka-hosp.sakura.ne.jp/kaigoiryouin/,,,,
372072,37B0700016,香川県,東かがわ市,医療法人社団聖心会　阪本病院　介護医療院,イリョウホウジンシャダンセイシンカイサカモトビョウインカイゴイリョウイン,介護医療院,香川県東かがわ市川東103番地1,,35.774539800000000,139.502966100000000,0879-25-1121,0879-25-1122,3470005004599,医療法人社団聖心会阪本病院介護医療院,37B0700016,,,56,https://www.sakamoto-hosp.or.jp/sakamoto/htm/,,,,
372081,37B0800014,香川県,三豊市,医療法人社団和風会橋本病院介護医療院,イリョウホウジンシャダンワフウカイハシモトビョウインカイゴイリョウイン,介護医療院,香川県三豊市山本町財田西902番地1,,34.117501300000000,133.735766000000000,0875-63-1513,0875-82-7177,2470005003750,医療法人社団和風会,37B0800014,,,29,http//www.wafukai-hashimoto.jp,,,,
373249,37B1200016,香川県,小豆島町,小豆島病院介護医療院,ショウドシマビョウインカイゴイリョウイン,介護医療院,香川県小豆郡小豆島町池田２５１９－４,,34.484465663693456,134.230887526983650,0879-75-0570,0879-75-1676,6470005004943,特定医療法人社団宝樹会,37B1200016,,,30,https://www.syodoshima-hp.jp/main/iryouin.html,,,,
373648,3717011344,香川県,直島町,直島町立診療所介護医療院,ナオシマチョウリツシンリョウショカイゴイリョウイン,介護医療院,２３１０－１,,0.000000000000000,0.000000000000000,087-892-2266,087-892-2677,9000020373648,直島町,3717011344,,,0,https://www.town.naoshima.lg.jp/,,,,
373648,37B1400012,香川県,直島町,直島町立診療所介護医療院,ナオシマチョウリツシンリョウショカイゴイリョウイン,介護医療院,香川県香川郡直島町2310番地1,,34.460369174858270,133.974172718654420,087-892-2266,087-892-2677,9000020373648,直島町,37B1400012,,,,https://naoshimacho.kir.jp/oshirase/kyukyu/post_6.html,,,,
374032,37B1600025,香川県,琴平町,おおにし介護医療院,オオニシカイゴイリョウイン,介護医療院,香川県仲多度郡琴平町350－10,,34.192772400000000,133.819253300000000,0877－75－5101,0877－75－2409,4470005002924,医療法人慶昭会,37B1600025,,,0,https://keisyokai.com,,,,
374067,37B1600033,香川県,まんのう町,医療法人社団　小国医院　介護医療院,イリョウホウジンシャダン　オグニイイン　カイゴイリョウイン,介護医療院,香川県仲多度郡まんのう町四條７７７,,34.195055700000000,133.836900700000000,0877-75-2317,0877-75-2318,8470005002929,医療法人社団小国医院,37B1600033,,,,http://www.oguni.or.jp,,,,
374067,37B1600017,香川県,まんのう町,医療法人圭良会　永生病院介護医療院,イリョウホウジンケイリョウカイ　エイセイビョウインカイゴイリョウイン,介護医療院,香川県仲多度郡まんのう町買田221-3永生病院,永生病院,34.172142800000000,133.827381000000060,0877-73-3300,0877-73-3202,7470005002921,医療法人圭良会,37B1600017,,,0,http://www.eisei-hp.or.jp/,,,,
382019,38B0100026,愛媛県,松山市,南高井病院介護医療院,ミナミタカイビョウインカイゴイリョウイン,介護医療院,愛媛県松山市南高井町333番地,,33.787738932914830,132.823964584516940,089-976-7777,089-976-6622,9500005000746,医療法人天真会,38B0100026,,,0,http:www.tensinkai.or.jp/,,,,
382019,38B0100034,愛媛県,松山市,うらや介護医療院,ウラヤカイゴイリョウイン,介護医療院,愛媛県松山市中一万町５番地10,,33.846761100000000,132.774191200000000,089-943-0150,089-947-5999,8500005000821,医療法人社団酉仁会,38B0100034,,,0,https://urayaclinic.com/,,,,
382027,38B0200016,愛媛県,今治市,波方中央病院　介護医療院,ナミカタチュウオウビョウイン　カイゴイリョウイン,介護医療院,愛媛県今治市波方町樋口甲1683番地1,,34.098983800000000,132.949931099999960,0898-41-5911,0898-41-7502,2500005004803,医療法人厚仁会,38B0200016,,,,http://kouzinkai.jp,,,,
382027,38B0200024,愛媛県,今治市,医療法人三省会　村上病院　介護医療院,イリョウホウジンサンセイカイ　ムラカミビョウイン　カイゴイリョウイン,介護医療院,愛媛県今治市常盤町五丁目３番３７号,,34.060231400000000,132.994037100000000,0898-22-8833,0898-24-2222,1500005004795,医療法人三省会,38B0200024,,,0,,,,,
382027,38B0200032,愛媛県,今治市,今治南病院介護医療院,イマバリミナミビョウインカイゴイリョウイン,介護医療院,愛媛県今治市四村103番地1,,34.033651400000000,132.984591700000000,0898-22-7300,0898-32-8510,2500005004836,医療法人大樹会,38B0200032,,,,,,,,
382043,38B0400012,愛媛県,八幡浜市,介護医療院くじら,カイゴイリョウインクジラ,介護医療院,愛媛県八幡浜市五反田1番耕地1046番地1,,33.450736000000000,132.439192999999930,0894-22-2309,0894-22-3477,3500005003614,医療法人　青峰会,38B0400012,,,0,http://www.kujira.biz,,,,
382043,38B0400020,愛媛県,八幡浜市,矢野脳神経外科医院　介護医療院,ヤノノウシンケイゲカイイン　カイゴイリョウイン,介護医療院,愛媛県八幡浜市古町一丁目6番12号,,33.455840200000000,132.429976000000000,0894-23-0210,0894-23-0295,6500005003628,医療法人　大志会,38B0400020,,,0,,,,,
382043,38B0400038,愛媛県,八幡浜市,真網代くじら介護医療院,マアジロクジラカイゴイリョウイン,介護医療院,愛媛県八幡浜市真網代甲229番地5医療法人青峰会真網代くじらリハビリテーション病院,医療法人青峰会真網代くじらリハビリテーション病院,33.425688492304020,132.392067160049460,0894281123,0894281124,3500005003614,医療法人青峰会,38B0400038,,,0,https://www.kujira.biz/,,,,
382060,38B0600017,愛媛県,西条市,介護医療院共立病院,カイゴイリョウインキョウリツビョウイン,介護医療院,愛媛県西条市三津屋南9番10,,33.931929000000000,133.089359000000000,0898-64-2662,0898-64-2722,9500005003848,医療法人弘仁会,38B0600017,,,35,http://www.koujin.net/,,,,
382078,38B0700015,愛媛県,大洲市,介護医療院　ほくと,カイゴイリョウイン　ホクト,介護医療院,愛媛県大洲市東大洲5番地大洲中央病院,大洲中央病院,33.515422099999990,132.551190099999980,0893-24-4551,0893-23-5083,8500005002652,社会医療法人　北斗会,38B0700015,,,,http://www.oozuchuo-hsp.jp/,,,,
382078,38B0700023,愛媛県,大洲市,医療法人　肱嵐会　石村病院　介護医療院,イリョウホウジン　コウランカイ　イシムラビョウイン　カイゴイリョウイン,介護医療院,愛媛県大洲市長浜甲176番地,,33.612365800000000,132.483139600000000,０８９３－５２－０２７５,０８９３－５２－１２２９,2500005002906,医療法人肱嵐会,38B0700023,,,,https://nagahama-ishimura.jp/,,,,
382108,38B1000019,愛媛県,伊予市,介護医療院エバーグリーン,カイゴイリョウインエバーグリーン,介護医療院,愛媛県伊予市灘町66番地,,33.755674429704340,132.701035973618640,089-982-0008,089-982-0087,7500005001713,医療法人　光風会,38B1000019,,,44,https://evergreen.iyo-kofukai.jp/,,,,
382108,38B1000027,愛媛県,伊予市,伊予診療所,イヨシンリョウショ,介護医療院,愛媛県伊予市下吾川55番地1,,33.759770794442450,132.712513949888800,089-982-1170,089-983-1563,7500005001242,愛媛医療生活協同組合,38B1000027,,,16,https://iyo-clinic.jp/,,,,
382132,38B1300013,愛媛県,四国中央市,介護医療院コスモス,カイゴイリョウインコスモス,介護医療院,愛媛県四国中央市金生町下分１２４９番地の１,,33.998094300000000,133.580710100000000,0896-58-5666,0896-58-5696,7500005005722,明生会,38B1300013,,,0,https://meisei-hasegawa.com/,,,,
382132,38B1300021,愛媛県,四国中央市,介護医療院まつかぜ,カイゴイリョウインマツカゼ,介護医療院,愛媛県四国中央市土居町入野970番地,,33.956059000000020,133.422139300000000,0896-74-2001,0896-74-8166,9500005005695,医療法人誓生会,38B1300021,,,22,http://matsukaze-hp.com,,,,
382159,38B1500018,愛媛県,東温市,池川内科・神経内科　介護医療院,イケガワナイカシンケイナイカ　カイゴイリョウイン,介護医療院,愛媛県東温市志津川89番地3,,33.806914400000010,132.880000499999970,0899647787,0899648003,3500005002351,医療法人さくら会,38B1500018,,,0,https://ikegawa-clinic.com/,,,,
383864,38B3400019,愛媛県,久万高原町,介護医療院みかわクリニック,カイゴイリョウインミカワクリニック,介護医療院,愛媛県上浮穴郡久万高原町上黒岩2920番地,,33.614619600000000,132.976639200000000,0892-56-0908,0892-50-1650,3500005002525,医療法人みかわクリニック,38B3400019,,,,http://www.mikawa-clinic.sakura.ne.jp/,,,,
384020,38B3500016,愛媛県,砥部町,介護医療院　八倉,カイゴイリョウイン　ヤクラ,介護医療院,愛媛県伊予郡砥部町重光275番地1,,33.786366100000000,132.778627700000000,089-958-1555,089-958-1547,5500005000683,医療法人順風会,38B3500016,,,0,http://www.atomgroup.net/jyun/yak.htm,,,,
392014,39B0100140,高知県,高知市,介護医療院きむら,カイゴイリョウインキムラ,介護医療院,高知県高知市寿町8番8号,,33.566470800000000,133.535318500000000,088-822-7231,088-822-7232,2490005000746,医療法人木村会,39B0100140,,,0,http://www.kimuraho.jp/,,,,
392014,39B0100058,高知県,高知市,山村介護医療院和,ヤマムラカイゴイリョウインナゴミ,介護医療院,高知県高知市下島町106番地,,33.554729480293090,133.507645366270480,088-872-5038,088-822-8912,4490005000711,医療法人山村会,39B0100058,,,,http://www.yamamurakai.coｍ,,,,
392014,39B0100132,高知県,高知市,医療法人　島本慈愛会　島本病院付属介護医療院,イリョウホウジン　シマモトジアイカイ　シマモトビョウインフゾクカイゴイリョウイン,介護医療院,帯屋町２丁目６番３号,,33.560185600000004,133.535207399999960,088-873-6131,088-802-3613,3490005000621,医療法人島本慈愛会,39B0100132,,,19,https://shimamotohp.or.jp/,,,,
392014,39B0100124,高知県,高知市,介護医療院　とさたむら,カイゴイリョウイン　トサタムラ,介護医療院,高知市稲荷町11番20号,,33.556952100000030,133.561289300000000,088-883-3544,088-883-3589,8490005000765,厚仁会,39B0100124,,,46,https://www.tosatamura.jp,,,,
392014,39B0100025,高知県,高知市,医療法人　厚愛会　高知城東病院,イリョウホウジン　コウアイカイ　コウチジョウトウビョウイン,介護医療院,高知県高知市大津乙719,,33.567946135607730,133.597177126983640,088-866-2326,088-866-5365,2490005000762,医療法人厚愛会,39B0100025,,,0,http://www.kochijoto.or.jp/,,,,
392014,39B0100090,高知県,高知市,介護医療院　朝倉,カイゴイリョウイン　アサクラ,介護医療院,高知県高知市朝倉丙1653-12,,33.555027400000000,133.474019000000000,088-844-2701,088-840-1260,6490005000627,特定医療法人仁泉会,39B0100090,,,0,http:asakura-hospital.jp,,,,
392014,39B0100082,高知県,高知市,永井病院介護医療院,ナガイビョウインカイゴイリョウイン,介護医療院,高知市春野町西分2027-3,,33.499181900000000,133.496033600000000,088-894-6611,088-894-6612,7490005000675,医療法人永島会,39B0100082,,,,http//www.nagai-hp.com/,,,,
392014,39B0100157,高知県,高知市,図南病院　介護医療院,トナンビョウイン　カイゴイリョウイン,介護医療院,高知県高知市知寄町1丁目5-15,,33.558907200000000,133.556080000000040,088-882-3126,088-882-3128,2490005000688,久会,39B0100157,,,,http://www.hisakai.or.jp/tonan/,,,,
392014,39B0100116,高知県,高知市,介護医療院中ノ橋,カイゴイリョウインナカノハシ,介護医療院,高知県高知市永国寺町1-46中ノ橋病院,中ノ橋病院,33.563656200000000,133.536789200000000,088-872-4069,088-872-4077,5490005001345,医療法人博信会,39B0100116,,,0,https//www.nakanohashi-hp.jp/,,,,
392014,39B0100074,高知県,高知市,上町病院　介護医療院,カミマチビョウイン　カイゴイリョウイン,介護医療院,高知県高知市上町１丁目７番３４号,,33.557092500000000,133.526046200000000,088-823-3271,088-823-3275,6490005000619,医療法人産研会,39B0100074,,,0,http://www.kamimachi-hp.or.jp/,,,,
392014,39B0100066,高知県,高知市,介護医療院さんあい,カイゴイリョウインサンアイ,介護医療院,高知県高知市一宮西町1丁目7番25号,,33.583298391764120,133.567696822684470,088-845-5291,088-845-5611,7490005000626,社会医療法人仁生会,39B0100066,,,0,http://www.sanai-hospital.jp/top/,,,,
392014,39B0100017,高知県,高知市,高知総合リハビリテーション病院　介護医療院,コウチソウゴウリハビリテーションビョウイン　カイゴイリョウイン,介護医療院,高知県高知市一宮南町一丁目10番地15号,,33.579049100000000,133.563712100000030,(088)845-1641,(088)846-2811,5490005000652,医療法人社団　晴緑会,39B0100017,,,,https://www.jojinkai.com/kouchi/,,,,
392014,39B0100108,高知県,高知市,医療法人　平田会　平田病院　介護医療院,イリョウホウジン　ヒラタカイ　ヒラタビョウイン　カイゴイリョウイン,介護医療院,高知市本町5丁目4-23,,33.557409717954480,133.530205313491850,088-875-6221,088-871-3801,8490005000690,医療法人　平田会,39B0100108,,,0,http://www.hirata-hp.com/,,,,
392014,39B0100041,高知県,高知市,医療法人新松田会　愛宕病院介護医療院,イリョウホウジンシンマツダカイアタゴビョウインカイゴイリョウイン,介護医療院,高知県高知市愛宕町1丁目1番13号,,33.565365100000000,133.537310000000000,088-823-3301,088-871-0531,6490005000635,医療法人新松田会,39B0100041,,,0,http://atago-hp.or.jp/,,,,
392057,39B0500018,高知県,土佐市,介護医療院　あさがお,カイゴイリョウイン　アサガオ,介護医療院,高知県土佐市高岡町甲2044,,33.496227800000000,133.427033900000000,088-852-2131,088-852-2133,1490005003469,医療法人広正会,39B0500018,,,0,,,,,
392065,39B0600024,高知県,須崎市,高陵病院介護医療院,コウリョウビョウインカイゴイリョウイン,介護医療院,高知県須崎市横町1番28号,,33.390868779110820,133.284368917196640,0889-42-2485,0889-40-0125,1490005003659,医療法人須崎会,39B0600024,,,0,http://www.koryo-hp.or.jp/,,,,
392065,39B0600016,高知県,須崎市,介護医療院ちひろ,カイゴイリョウインチヒロ,介護医療院,高知県須崎市中町１－６－２５,,33.388494700000000,133.283668800000000,0889-42-2530,0889-42-2532,7490005003661,医療法人千博会,39B0600016,,,,https://chihiro-susaki.com,,,,
392081,39B0900010,高知県,宿毛市,社会医療法人長生会　介護医療院おおいだ,シャカイイリョウホウジンチョウセイカイ　カイゴイリョウインオオイダ,介護医療院,高知県宿毛市中央8丁目3番6号大井田病院内　３階,大井田病院内　３階,32.935314000000000,132.731499900000000,0880-63-2101,0880-63-4792,5490005002582,社会医療法人長生会,39B0900010,,,43,http://www.ooida-hp.net,,,,
392090,39B0800012,高知県,土佐清水市,足摺病院　介護医療院,アシズリビョウイン　カイゴイリョウイン,介護医療院,土佐清水市旭町18番71号,,32.779160000000000,132.961535600000000,0880-82-1275,0880-82-5585,6490005002136,医療法人次田会,39B0800012,,,,www.ashizuribyouin.com,,,,
392103,39B1000026,高知県,四万十市,介護医療院　もりした,カイゴイリョウイン　モリシタ,介護医療院,高知県四万十市中村一条通2-44,,32.992026900000000,132.936413899999930,0880-34-2030,0880-34-6952,7490005002143,医療法人森下会,39B1000026,,,,http:www.morishitahp.jp/,,,,
392103,39B1000018,高知県,四万十市,介護医療院なかむら,カイゴイリョウインナカムラ,介護医療院,高知県四万十市中村小姓町75番地中村病院,中村病院,32.994672600000000,132.932383900000000,0880-34-3177,0880-34-7318,9490005002125,いりょうほうじんじけいかい,39B1000018,,,60,https://nakamura-hospital.com/,,,,
392103,39B1000034,高知県,四万十市,介護医療院きだわら,カイゴイリョウインキダワラ,介護医療院,高知県四万十市中村一条通３－３－２５,,32.992063217954914,132.937164918385350,0880-34-1211,0880-35-4691,5490005002145,医療法人和光会,39B1000034,,,0,,,,,
392103,39B1000059,高知県,四万十市,あいさんさん,アイサンサン,介護医療院,高知県四万十市駅前町９－１６,,32.983321899999990,132.944396900000000,0880-35-2000,0880-34-5250,1490005002116,医療法人元湧会,39B1000059,,,0,,,,,
392103,39B1000042,高知県,四万十市,幡多クリニック介護医療院,ハタクリニックカイゴイリョウイン,介護医療院,高知県四万十市右山天神町10-12,,32.984492300000000,132.941812000000000,0880-34-6211,0880-35-3410,7490005002110,医療法人島津会,39B1000042,,,0,http://hatabyouin.net./,,,,
392111,39B1100016,高知県,香南市,三谷介護医療院,ミタニカイゴイリョウイン,介護医療院,高知県香南市野市町西野555-2,,33.563535200000000,133.700188600000000,0887-56-0152,0887-56-0566,4490005004761,医療法人高知慈恵会,39B1100016,,,0,,,,,
392120,39B1200014,高知県,香美市,香北介護医療院,カホクカイゴイリョウイン,介護医療院,高知県香美市香北町美良布1064-9医療法人豊秋会　香北病院,医療法人豊秋会　香北病院,33.650042400000000,133.778679400000000,0887-59-2251,0887-59-2928,4490005004365,豊秋会　香北病院,39B1200014,,,0,,,,,
393631,39B2300011,高知県,土佐町,早明浦病院介護医療院,サメウラビョウインカイゴイリョウイン,介護医療院,高知県土佐郡土佐町田井1372番地,,33.746839300000000,133.557285500000000,0887-82-0456,0887-82-0459,3490005004829,十全会,39B2300011,,,100,http://juzen-kai.or.jp/,,,,
393860,39B2400027,高知県,いの町,医療法人　岡本会　さくら病院介護医療院,イリョウホウジン　オカモトカイ　サクラビョウインカイゴイリョウイン,介護医療院,高知県吾川郡いの町鹿敷162,,33.565773000000000,133.368949300000000,088-893-5111,088-893-0005,5490005003424,医療法人岡本会,39B2400027,,,0,https://okamotokai-sakurahospital.jimdofree.com,,,,
393860,39B2400035,高知県,いの町,いの町立国民健康保険仁淀病院介護医療院,イノチョウリツコクミンケンコウホケンニヨドビョウインカイゴイリョウイン,介護医療院,高知県吾川郡いの町1369,,33.547497845356425,133.433621839070130,088-893-1551,088-893-0229,9000020393860,いの町,39B2400035,,,0,https://www.town.ino.kochi.jp/niyodo-hospital/,,,,
393878,39B2400019,高知県,仁淀川町,安部介護医療院,アベカイゴイリョウイン,介護医療院,高知県吾川郡仁淀川町岩丸102番地,,33.612819917095464,133.173677766270500,0889-34-2011,0889-34-2495,5490005003531,医療法人一心会,39B2400019,,,0,http://abehospital.com/,,,,
394017,39B2500024,高知県,中土佐町,介護医療院なかとさ,カイゴイリョウインナカトサ,介護医療院,高知県高岡郡中土佐町久礼6614,,33.328084100000000,133.228476400000000,0889-52-2040,0889-52-3680,9490005003726,医療法人　健美会,39B2500024,,,,,,,,
394033,39B2500032,高知県,越知町,介護医療院山﨑病院,カイゴイリョウインヤマサキビョウイン,介護医療院,高知県高岡郡越知町越知甲2041-3,,33.532789700000020,133.250979500000000,0889-26-1123,0889-26-3260,4490005003508,医療法人金峰会,39B2500032,,,,http://www.yamasaki.or.jp/,,,,
394033,39B2500040,高知県,越知町,介護医療院山﨑外科整形外科病院,カイゴイリョウインヤマサキゲカセイケイゲカビョウイン,介護医療院,高知県高岡郡越知町越知甲２１０７番地１,,33.530671700825460,133.250191992590350,０８８９－２６－１１３６,０８８９－２６－１７９９,1490005003510,医療法人山秀会,39B2500040,,,,,,,,
394122,39B2500016,高知県,四万十町,大西病院介護医療院,オオニシビョウインカイゴイリョウイン,介護医療院,高知県高岡郡四万十町古市町6番12号,,33.209553100000000,133.141299700000000,0880-22-1191,0880-22-1250,7490005003752,医療法人高幡会,39B2500016,,,,http://www.oonishi-hp.or.jp/,,,,
394289,39B2600014,高知県,黒潮町,介護医療院ことぶき,カイゴイリョウインコトブキ,介護医療院,高知県幡多郡黒潮町出口2070番地,,32.980804601360510,132.994284433729500,0880-43-3331,0880-43-3333,1490005002132,医療法人聖真会,39B2600014,,,80,http://kotobuki-ideguchi.jp/,,,,
401013,40B0100048,福岡県,北九州市門司区,介護医療院植田外科,カイゴイリョウインウエダゲカ,介護医療院,福岡県北九州市門司区東門司1-10-20,,33.949272099999995,130.969946899999970,093-321-2852,093-332-1188,,,40B0100048,,,0,,,,,
401013,40B0100014,福岡県,北九州市門司区,鳥巣病院介護医療院,トリスビョウインカイゴイリョウイン,介護医療院,福岡県北九州市門司区吉志5丁目5番10号,,33.865239628266760,130.960217438623000,093-481-1831,093-481-6282,7290805003039,医療法人社団鳥巣病院,40B0100014,,,,http://www.torisu-hp.or.jp/torisu_hospital/hosptal_care.php,,,,
401013,40B0100022,福岡県,北九州市門司区,春日病院介護医療院,カスガビョウインカイゴイリョウイン,介護医療院,福岡県北九州市門司区春日町22番19号,,33.929078000000000,130.972593200000000,093-341-1416,093-341-2431,2290805003068,医療法人社団養寿園,40B0100022,,,0,http:www.yojuen.com/kasugahospital/,,,,
401013,40B0100030,福岡県,北九州市門司区,介護医療院　光寿荘,カイゴイリョウイン　コウジュソウ,介護医療院,福岡県北九州市門司区大字田野浦1018-1,,33.960681300000000,131.000045000000000,093-331-0800,093-331-0801,4290805003025,医療法人　碧水会,40B0100030,,,,http://www.moji-tanoura.jp/,,,,
401064,40B0400026,福岡県,北九州市小倉北区,新栄会病院介護医療院,シンエイカイビョウインカイゴイリョウイン,介護医療院,福岡県北九州市小倉北区弁天町12-11,,33.869689829427740,130.863403992065430,093-571-0086,093-571-0033,9290805000471,社会福祉法人小倉新栄会,40B0400026,,,60,http://www.shin-eikai.com/byouin/,,,,
401064,40B0400018,福岡県,北九州市小倉北区,小倉中井病院介護医療院,コクラナカイビョウイン　カイゴイリョウイン,介護医療院,福岡県北九州市小倉北区中井5丁目11番8号,,33.887849400000000,130.846846300000000,093-581-0181,093-581-0184,8290805000010,医療法人錦会,40B0400018,,,,https://www.kokura-nakai.jp,,,,
401072,40B0500031,福岡県,北九州市小倉南区,社会医療法人北九州病院　北九州湯川病院　介護医療院,シャカイイリョウホウジンキタキュウシュウビョウイン　キタキュウシュウユガワビョウイン　カイゴイリョウイン,介護医療院,福岡県北九州市小倉南区湯川五丁目10番10号,,33.845555600000000,130.906169800000000,093-923-8833,093-923-8834,4290805000534,社会医療法人北九州病院,40B0500031,,,0,https://www.kitakyu-hp.or.jp,,,,
401072,40B0500023,福岡県,北九州市小倉南区,医療法人東谷医院介護医療院,イリョウホウジンヒガシタニイイン,介護医療院,福岡県北九州市小倉南区大字新道寺129-4,,33.781483200000000,130.864138100000000,093-451-1331,093-451-0671,9290805000694,いりょうほうじんひがしたにいいん,40B0500023,,,15,http://wwwhigashitani-iin.net/,,,,
401081,40B0600013,福岡県,北九州市八幡東区,北九州八幡東病院　介護医療院,キタキュウシュウヤハタヒガイシビョウ　インカイゴイリョウイン,介護医療院,福岡県北九州市八幡東区東田一丁目4番3号社会医療法人北九州病院　北九州八幡東病院　併設,社会医療法人北九州病院　北九州八幡東病院　併設,33.870414046196500,130.798393741010240,093-661-5915,093-661-5945,4290805000534,社会医療法人北九州病院,40B0600013,,,0,https://www.kitakyu-hp.or.jp/contents/kitahos_yahatahigasi.htm,,,,
401099,40B0700011,福岡県,北九州市八幡西区,医療法人　末廣医院　介護医療院,イリョウホウジン　スエヒロイイン　カイゴイリョウイン,介護医療院,福岡県北九州市八幡西区香月中央３丁目２番１５号,,33.801999800000000,130.727376500000000,093-617-1212,093-617-0056,8290805004192,医療法人末廣医院,40B0700011,,,17,https://www.suehiro-clinic.com/,,,,
401315,4070805132,福岡県,福岡市東区,香椎原病院介護医療院,カシイハラビョウインカイゴイリョウイン,介護医療院,福岡県福岡市東区香椎３丁目３番１号,,33.656963299999990,130.450943000000050,092-662-1333,092-662-1330,7290005001842,原三信病院,4070805132,,,0,http://www.kashiihara.or.jp/,,,,
401315,40B0800019,福岡県,福岡市東区,介護医療院　東福岡和仁会病院,カイゴイリョウイン　ヒガシフクオカワジンカイビョウイン,介護医療院,福岡県福岡市東区奈多1丁目4番1号,,33.691411700000000,130.419227099999940,092-608-1511,092-607-6942,3310005001364,和仁会,40B0800019,,,0,higashifukuoka-wajinkai.jp,,,,
401315,40B0800027,福岡県,福岡市東区,みどりの介護医療院,ミドリノカイゴイリョウイン,介護医療院,名子1丁目18番9号,,33.638863800000000,130.475818600000000,092-691-5022,092-691-8580,7290005001826,社会医療法人原土井病院,40B0800027,,,0,https://www.haradoi-hospital.com/,,,,
401315,40B0800043,福岡県,福岡市東区,永野外科胃腸科医院介護医療院,ナガノゲカイチョウカイインカイゴイリョウイン,介護医療院,福岡県福岡市東区高美台2丁目4-27,,33.689357400000006,130.443486199999970,092-607-3261,092-607-6708,,,40B0800043,,,,,,,,
401315,40B0800035,福岡県,福岡市東区,原土井病院介護医療院,ハラドイビョウインカイゴイリョウイン,介護医療院,福岡県福岡市東区青葉6-40-8,,33.644825700000000,130.468937800000000,092-691-6387,092-691-6524,7290005001826,社会医療法人原土井病院,40B0800035,,,0,,,,,
401323,40B0900017,福岡県,福岡市博多区,介護医療院かねのくま,カイゴイリョウインカネノクマ,介護医療院,福岡県福岡市博多区金の隈３丁目２４番１６号,,33.556667711551710,130.481178364418040,092-504-0097,092-504-1502,2290005001525,医療法人相生会,40B0900017,,,0,http:www.kanenokuma-hp.jp,,,,
401323,40B0900033,福岡県,福岡市博多区,こもり介護医療院,コモリカイゴイリョウイン,介護医療院,福岡県福岡市博多区対馬小路9番13号,,33.600022500000000,130.401788100000000,092-291-3945,,2290005001582,古森病院,40B0900033,,,0,https://komori-hp.cloud-line.com/,,,,
401323,40B0900025,福岡県,福岡市博多区,医療法人永野病院介護医療院,イリョウホウジンナガノビョウインカイゴイリョウイン,介護医療院,福岡県福岡市博多区浦田１丁目３１－１,,33.573209900000000,130.473766699999940,092-504-0611,092-504-3208,7290005001818,医療法人永野病院,40B0900025,,,0,https://naganohp.com/,,,,
401358,40B1200011,福岡県,福岡市西区,シーサイド病院介護医療院,シーサイドビョウインカイゴイリョウイン,介護医療院,福岡県福岡市西区今津3810番地,,33.611685700000000,130.229086500000000,092-806-7171,092-806-5021,3290005001508,医療法人永寿会,40B1200011,,,,https://www.seaside-hp.or.jp/,,,,
401358,40B1200029,福岡県,福岡市西区,医療法人輝松会松尾内科病院介護医療院,イリョウホウジンキショウカイマツオナイカビョウインカイゴイリョウイン,介護医療院,福岡県福岡市西区下山門団地40番5号,,33.577700700000000,130.305584000000000,092-891-5071,092-882-0645,8290005001593,医療法人輝松会,40B1200029,,,21,https://matsuohosp.kisyoukai.jp/,,,,
402028,40B1500014,福岡県,大牟田市,白川病院介護医療院,シラカワビョウインカイゴイリョウイン,介護医療院,福岡県大牟田市上白川町1丁目146番地,,33.047568100000010,130.461300400000030,0944-53-4173,0944-56-1091,1290005012267,医療法人静光園,40B1500014,,,0,https://shirakawa.or.jp,,,,
402028,40B1500022,福岡県,大牟田市,介護医療院　ありあけ,カイゴイリョウイン　アリアケ,介護医療院,福岡県大牟田市船津町440番地3,,33.006894000000000,130.438064000000000,0944-52-5245,0944-52-5247,6290005012782,医療法人幸知会,40B1500022,,,,http://www.ariake.or.jp/,,,,
402028,40B1500030,福岡県,大牟田市,今野病院　介護医療院,コンノビョウイン　カイゴイリョウイン,介護医療院,福岡県大牟田市末広町5番地2,,33.018780900000000,130.458356600000000,0944-52-5580,0944-52-5515,2290005012282,医療法人　完光会　今野病院,40B1500030,,,0,http//www.konno-hp.jp/,,,,
402028,40B1500048,福岡県,大牟田市,介護医療院　くさかべ,カイゴイリョウインクサカベ,介護医療院,大字吉野859,,33.075142300000000,130.479199000000000,0944-58-1234,0944-58-7631,8290005012269,医療法人くさかべ病院,40B1500048,,,60,www.soga-hospital.jp,,,,
402028,40B1500055,福岡県,大牟田市,南大牟田介護医療院,ミナミオオムタカイゴイリョウイン,介護医療院,福岡県大牟田市臼井町２３番地の１,,33.005929100000000,130.460864900000000,0944-57-2000,0944-57-2020,1290005012317,公益財団法人大牟田医療協会,40B1500055,,,,http://www.zaidan-omtiryo.jp/kaigo/kaigo-iryoin,,,,
402036,40B1600012,福岡県,久留米市,医療法人　十連会　介護医療院　十連,イリョウホウジン　ジュウレンカイ　カイゴイリョウイン　ジュウレン,介護医療院,福岡県久留米市三瀦町西牟田6557番地89,,33.252573600000000,130.488024300000000,0942-65-1133,0942-65-1344,5290005010201,医療法人十連会,40B1600012,,,,jyuuren.or.jp,,,,
402036,40B1600046,福岡県,久留米市,博愛介護医療院,ハクアイカイゴイリョウイン,介護医療院,福岡県久留米市国分町２２３番地１,,33.294584000000000,130.540387000000000,0942-21-4857,0942-21-1759,3290005010376,医療法人南溟会,40B1600046,,,,http://hakuaikurume.jp,,,,
402052,40B1800018,福岡県,飯塚市,医療法人社団　親和会　共立病院介護医療院,イリョウホウジンシャダン　シンワカイ　キョウリツビョウインカイゴイリョウイン,介護医療院,福岡県飯塚市横田770番地3,,33.649311600000000,130.668111000000000,0948-22-0725,0948-28-9137,8290005008003,医療法人社団親和会,40B1800018,,,0,http://f-shinwakai.or.jp,,,,
402079,40B2000014,福岡県,柳川市,金子病院介護医療院,カネコビョウインカイゴイリョウイン,介護医療院,福岡県柳川市久々原65番地,,33.168234200000000,130.382121999999980,0944-73-3407,0944-72-3298,4290005011134,医療法人金子病院,40B2000014,,,0,http://www.kaneko－hp.or.jp,,,,
402109,40B2300018,福岡県,八女市,介護医療院やひめ,カイゴイリョウインヤヒメ,介護医療院,福岡県八女市本1486,,33.229423900000010,130.582664300000000,0943-22-4176,0943-23-3552,3290005016662,医療法人八女健朋会,40B2300018,,,,https://www.yahimehp.jp/,,,,
402133,40B2600011,福岡県,行橋市,大原病院介護医療院,オオハラビョウインカイゴイリョウイン,介護医療院,福岡県行橋市宮市町２－５大原病院,大原病院,33.729841200000020,130.972534500000000,0930－23－2345,0930－22－6206,1290805006369,医療法人起生会,40B2600011,,,0,www.kisei-kai.net/,,,,
402168,40B2900031,福岡県,小郡市,みらい介護医療院,ミライカイゴイリョウイン,介護医療院,福岡県小郡市山隈字弥八郎273番地11,,33.408245800000000,130.597712700000000,0942-73-0011,0942-73-0014,1290005009734,社会医療法人天神会,40B2900031,,,,"https://www.tenjinkai.or,jp",,,,
402168,40B2900015,福岡県,小郡市,聖和記念病院　介護医療院,セイワキネンビョウイン　カイゴイリョウイン,介護医療院,小郡市津古1470-1,,33.444998600000000,130.566663800000010,0942-75-1230,0942-75-7516,5290005010606,医療法人せいわ会,40B2900015,,,,https://www.seiwa-kai.com,,,,
402192,40B3200019,福岡県,大野城市,医療法人同仁会　おとがね介護医療院,イリョウホウジンドウジンカイ　オトガネカイゴイリョウイン,介護医療院,福岡県大野城市乙金東4丁目12番1号おとかね介護医療院,おとかね介護医療院,33.557335000000020,130.500844200000000,092-503-7070,092-503-7855,4290005006695,医療法人同仁会,40B3200019,,,54,https://www.otogane.or.jp/,,,,
402192,40B3200027,福岡県,大野城市,医療法人つくし会病院　介護医療院,イリョウホウジンツクシカイビョウインカイゴイリョウイン,介護医療院,福岡県大野城市乙金３丁目18番20号,,33.541878700000000,130.497886800000000,092-503-2261,092-503-2474,8290005006717,医療法人つくし会病院,40B3200027,,,,https://tsukushi-kai.com/,,,,
402206,40B3300017,福岡県,宗像市,医療法人光洋会　赤間病院　介護医療院,イリョウホウジンコウヨウカイ　アカマビョウイン　カイゴイリョウイン,介護医療院,福岡県宗像市石丸一丁目6番7号,,33.805117700000004,130.594763000000000,0940-39-3870,0940-33-5957,5290005005696,医療法人光洋会,40B3300017,,,0,https://www.akama-hp.or.jp/,,,,
402214,40B3400015,福岡県,太宰府市,水城病院　介護医療院,ミズキビョウイン　カイゴイリョウイン,介護医療院,福岡県太宰府市通古賀3丁目10番1号,,33.511580200000000,130.506553299999950,092-922-2050,092-921-2099,9290005006699,医療法人悠水会,40B3400015,,,224,https://www.mizuki.or.jp,,,,
402214,40B3400023,福岡県,太宰府市,介護医療院さくら,カイゴイリョウインサクラ,介護医療院,福岡県太宰府市坂本1丁目4番6号,,33.513942300000000,130.506481700000000,092-922-9001,092-922-0253,6290005006719,医療法人恵山会,40B3400023,,,,https://maruyamahosp.jp/,,,,
402231,40B3600010,福岡県,古賀市,北九州古賀病院介護医療院,キタキュウシュウコガビョウインカイゴイリョウイン,介護医療院,福岡県古賀市千鳥二丁目12番1号,,33.743451800000000,130.476236299999980,092－942－4131,092－943－9622,4290805000534,社会医療法人　北九州病院,40B3600010,,,120,http://www.kitakyu-hp.or.jp/contents/kitahos_koga.htm,,,,
402249,40B4500011,福岡県,福津市,東福間病院介護医療院,ヒガシフクマビョウインカイゴイリョウイン,介護医療院,福岡県福津市津丸1164番地の3,,33.772423159184015,130.505068162565640,0940-43-1311,0940-43-0773,8290005005413,医療法人社団宗正会,40B4500011,,,99,https://www.souseikai-hp.or.jp,,,,
402249,40B4500029,福岡県,福津市,医療法人静かな海の会　津屋崎中央病院　介護医療院,イリョウホウジンシズカナウミノカイ　ツヤザキチュウオウビョウイン　カイゴイリョウイン,介護医療院,福岡県福津市渡1564番地,,33.788697116832250,130.455695356483460,0940-52-0120,0940-52-0574,9290005005643,医療法人静かな海の会,40B4500029,,,0,http://www.tuyazaki-hp.jp/,,,,
402257,40B7300013,福岡県,うきは市,筑後川温泉病院介護医療院,チクゴガワオンセンビョウインカイゴイリョウイン,介護医療院,福岡県うきは市浮羽町古川1055番地筑後川温泉病院,筑後川温泉病院,33.357729500000000,130.809592300000000,0943-77-7251,0943-77-4579,3290005012983,向陽会,40B7300013,,,0,https://www.onsen-hp.or.jp,,,,
402265,40B5500010,福岡県,宮若市,有吉病院介護医療院,アリヨシビョウインカイゴイリョウイン,介護医療院,上有木397番地1,,33.761711752146410,130.623377623278740,0949-34-6077,0949-34-6085,8290805005612,医療法人笠松会,40B5500010,,,0,http://www.ariyoshi-hp.jp/,,,,
402273,40B2100012,福岡県,嘉麻市,社会保険稲築病院介護医療院いなつき,シャカイホケンイナツキビョウインカイゴイリョウインイナツキ,介護医療院,嘉麻市口春７４４番地１,,33.600444600000000,130.713401300000000,0948-42-1110,,1290005015872,一般社団法人福岡県社会保険医療協会,40B2100012,,,0,,,,,
402273,40B2100020,福岡県,嘉麻市,医療法人遊心会大塚病院　大塚病院介護医療院,イリョウホウジンユウシンカイオオツカビョウイン　オオツカビョウインカイゴイリョウイン,介護医療院,福岡県嘉麻市上山田1440番地7,,33.558189900000000,130.767362600000070,0948-52-0871,0948-52-1924,2290005008058,医療法人遊心会大塚病院,40B2100020,,,48,otsuka-hospital.jp,,,,
402303,40B3500020,福岡県,糸島市,小富士病院介護医療院,コフジビョウインカイゴイリョウイン,介護医療院,福岡県糸島市志摩久家2400番地,,33.563734600000000,130.140193900000000,092-328-2334,092-328-1322,8290005005009,医療法人八春会,40B3500020,,,0,https://www.contrive.biz/kofuji/index.html,,,,
402303,40B3500012,福岡県,糸島市,介護医療院　すみれ,カイゴイリョウイン　スミレ,介護医療院,福岡県糸島市神在西1丁目1番15号,,33.547509174438690,130.177086722090170,092-331-1165,092-331-1160,8290005005000,医療法人社団昭友会,40B3500012,,,0,http://www.itoshima.tanakaclinic.jp/,,,,
403423,40B3900014,福岡県,篠栗町,社会医療法人　北九州病院　北九州若杉病院介護医療院,シャカイイリョウホウジン　キタキュウシュウビョウイン　キタキュウシュウワカスギビョウインカイゴイリョウイン,介護医療院,福岡県糟屋郡篠栗町田中四丁目１番１号,,33.626085700000000,130.517330200000060,092-947-0511,092-947-1552,4290805000534,社会医療法人　北九州病院,40B3900014,,,0,https://www.kitakyu-hp.or.jp/wakasugi/,,,,
403423,40B3900022,福岡県,篠栗町,篠栗病院介護医療院,ササグリビョウインカイゴイリョウイン,介護医療院,福岡県糟屋郡篠栗町田中１丁目１０番１号,,33.624315999999986,130.521511999999970,092-947-0711,092-947-0715,4290005006225,医療法人井上会,40B3900022,,,,http://www.sasaguri.or.jp,,,,
403440,40B4100010,福岡県,須恵町,泰平病院介護医療院,タイヘイビョウインカイゴイリョウイン,介護医療院,福岡県糟屋郡須惠町大字新原14-7,,33.579581999999990,130.514383500000000,092-932-5881,092-934-0045,9290005006245,医療法人成雅会,40B4100010,,,60,www.taihei.or.jp,,,,
403440,40B4100028,福岡県,須恵町,水戸病院介護医療院,ミトビョウインカイゴイリョウイン,介護医療院,福岡県糟屋郡須恵町大字旅石115番地483水戸病院,水戸病院,33.584430800000000,130.496906600000000,092-935-3755,092-935-6626,3290005006226,医療法人社団　正信会,40B4100028,,,0,www.s-mito.org,,,,
403822,40B5000011,福岡県,水巻町,医療法人正周会　水巻共立病院介護医療院,イリョウホウジンセイシュウカイ　ミズマキキョウリツビョウインカイゴイリョウイン,介護医療院,福岡県遠賀郡水巻町吉田西４丁目２番１号,,33.843948700000000,130.703652600000000,093-201-1394,093-201-1345,1290805004793,医療法人正周会水巻共立病院,40B5000011,,,0,https://care-net.biz/40/seishukai/mizumaki.php,,,,
404217,40B5700016,福岡県,桂川町,嘉穂信和病院介護医療院,カホシンワビョウインカイゴイリョウイン,介護医療院,福岡県嘉穂郡桂川町大字土師２８番地,,33.574031000000000,130.698931900000000,0948-62-2788,0948-62-5355,1290005008067,医療法人信和会,40B5700016,,,,,,,,
412015,41B0100013,佐賀県,佐賀市,介護医療院　愛咲,カイゴイリョウイン　マナザシ,介護医療院,佐賀県佐賀市水ヶ江二丁目7-23,,33.249233400000000,130.308039300000020,0952-23-3720,0952-26-6964,4300005001100,医療法人正和会,41B0100013,,,0,http://www.shida-hp.com,,,,
412015,41B0100021,佐賀県,佐賀市,介護医療院　兵庫の郷,カイゴイリョウイン　ヒョウゴノサト,介護医療院,佐賀県佐賀市兵庫町大字渕4604番地1,,33.283159707750220,130.314168522688900,0952-97-6301,0952-97-6388,9300005000337,医療法人春陽会,41B0100021,,,0,http://shunyoukai.jp,,,,
412023,41B0200011,佐賀県,唐津市,宇都宮病院,ウツノミヤビョウイン,介護医療院,佐賀県唐津市厳木町本山386-1,,33.331440325676795,130.036955585705530,0955-63-2515,0955-63-2313,8300005005626,医療法人至誠堂,41B0200011,,,0,http://www.utunomiya.jp/,,,,
412040,41B0400017,佐賀県,多久市,諸隈病院介護医療院,モロクマビョウインカイゴイリョウイン,介護医療院,佐賀県多久市北多久町大字多久原２４１４－７０,,33.286297800000000,130.114350200000000,０９５２－７４－２１００,０９５２－７４－３４４５,6300005002559,医療法人剛友会,41B0400017,,,0,https://morokuma-hos.jp/,,,,
412058,41B0500030,佐賀県,伊万里市,医療法人小副川医院介護医療院,イリョウホウジンオソエガワイインカイゴイリョウイン,介護医療院,佐賀県伊万里市二里町八谷搦870番地1,,33.268526000000000,129.859225000000000,0955-22-4114,0955-22-4114,8300005004165,医療法人小副川医院,41B0500030,,,,,,,,
412058,41B0500014,佐賀県,伊万里市,医療法人　水上医院　介護医療院,イリョウホウジン　ミズカミイイン　カイゴイリョウイン,介護医療院,佐賀県伊万里市山代町立岩２６７１－１,,33.335883790202520,129.790739164418030,０９５５－２８－３７１４,０９５５－２８－３７６０,4300005004417,医療法人水上医院,41B0500014,,,0,,,,,
412066,41B0600012,佐賀県,武雄市,大野病院介護医療院,オオノビョウインカイゴイリョウイン,介護医療院,佐賀県武雄市山内町大字大野6351番地1,,33.210693700000000,129.939272100000040,0954-45-2233,0954-45-4769,3300005003320,医療法人　竜門堂,41B0600012,,,0,https;//www.ryumondo.or.jp,,,,
412104,41B2000013,佐賀県,神埼市,介護医療院和田記念病院,カイゴイリョウインワダキネンビョウイン,介護医療院,佐賀県神埼市神埼町尾崎3780,,33.328026300000000,130.347082300000000,0952-52-5521,0952-53-5567,6300005002360,医療法人久和会,41B2000013,,,,https://kyuwakai.jp/index.html,,,,
414247,41B1600011,佐賀県,江北町,古賀小児科内科病院介護医療院,コガショウニカナイカビョウインカイゴイリョウイン,介護医療院,佐賀県杵島郡江北町大字上小田280-1,,33.225913199999990,130.144954299999970,0952-86-2533,0952-86-4184,3300005003502,栄寿会　古賀小児科内科医院,41B1600011,,,0,https://eijyukai-saga.jp,,,,
414255,41B1600037,佐賀県,白石町,高島病院介護医療院,タカシマビョウインカイゴイリョウイン,介護医療院,佐賀県杵島郡白石町大字戸ヶ里1831番地18,,33.154803300000000,130.124769600000000,0954-65-3129,0954-65-3129,6300005003417,社会医療法人祐愛会,41B1600037,,,,https://yuai-th.com,,,,
422011,42B0100020,長崎県,長崎市,介護医療院　　学び舎,カイゴイリョウイン　　マナビヤ,介護医療院,長崎県長崎市富士見町18－24長崎みどり病院　2階,長崎みどり病院　2階,32.773146700000000,129.854672000000000,095－818－0020,095－818－0026,2310005001373,医療法人　　緑風会,42B0100020,,,,,,,,
422011,42B0100038,長崎県,長崎市,介護医療院カリタス,カイゴイリョウインカリタス,介護医療院,長崎県長崎市新牧野町132番地1,,32.852614600000000,129.705057200000000,0959-25-0741,0959-25-0323,4011305000291,宗教法人カトリック・カリタス修道会,42B0100038,,,,,,,,
422029,42B0200044,長崎県,佐世保市,医療法人梶田医院介護医療院みのりの里,イリョウホウジンカジタイインカイゴイリョウインミノリノサト,介護医療院,佐世保市南風崎町133-2介護医療院みのりの里,介護医療院みのりの里,33.086793800000000,129.805777200000000,0956-59-2818,0956-59-2832,3310005002412,医療法人　梶田医院　介護医療院　みのりの里,42B0200044,,,0,,,,,
422029,42B0200028,長崎県,佐世保市,医療法人誠愛会　佐世保記念病院　介護医療院,イリョウホウジンセイアイカイ　サセボキネンビョウイン　カイゴイリョウイン,介護医療院,長崎県佐世保市鹿子前町１０４番地,,33.156725900000000,129.683203999999930,0956-28-1111,0956-28-1114,4310005002436,医療法人誠愛会,42B0200028,,,,http://seiaikai-group.or.jp,,,,
422029,42B0200036,長崎県,佐世保市,最勝寺内科医院　介護医療院,サイショウジナイカイイン　カイゴイリョウイン,介護医療院,長崎県佐世保市光町1-18,,33.207028800000000,129.651701700000000,0956-47-2613,0956-47-7528,,,42B0200036,,,0,saishoji_iin_clin@yahoo.co.jp,,,,
422029,42B0200010,長崎県,佐世保市,特定医療法人雄博会　千住介護医療院,トクテイイリョウホウジンユウハクカイ　センジュウカイゴイリョウイン,介護医療院,長崎県佐世保市宮地町5番5号,,33.174361600000000,129.722272999999970,0956-24-1010,0956-24-1015,2310005002330,特定医療法人雄博会,42B0200010,,,,http://www.1010hosp.or.jp/,,,,
422037,42B0300018,長崎県,島原市,介護医療院　リハサポート,カイゴイリョウイン　リハサポート,介護医療院,長崎県島原市湖南町6893-2,,32.778264500000000,130.368311600000000,0957-62-5161,0957-64-3675,4310005005397,医療法人社団東洋会,42B0300018,,,0,toyokai-medi.jp/,,,,
422045,42B0400032,長崎県,諫早市,医療法人祐里会　あねがわ介護医療院,イリョウホウジンユウリカイ　アネガワカイゴイリョウイン,介護医療院,長崎県諫早市小野島町2378-2,,32.851037400000000,130.088434000000000,0957-24-3180,0957-24-3991,1310005004443,医療法人祐里会,42B0400032,,,38,https://anegawa‐hp.jp/,,,,
422045,42B0400016,長崎県,諫早市,介護医療院　恵愛荘,カイゴイリョウイン　ケイアイソウ,介護医療院,長崎県諫早市有喜町５９３番地１,,32.791700800000000,130.077774500000030,0957-28-6570,0957-28-6577,6310005004439,医療法人和光会,42B0400016,,,,http://uki-fukushimura.jp/keiaisou/,,,,
422045,42B0400024,長崎県,諫早市,介護医療院　からこ,カイゴイリョウイン　カラコ,介護医療院,長崎県諫早市森山町唐比西1165番地介護医療院　からこ,介護医療院　からこ,32.797081014211210,130.124302022615000,0957-36-0011,0957-36-3082,9310005004444,医療法人社団大塚会,42B0400024,,,0,http://karako-hp.jp/,,,,
422070,42B0700019,長崎県,平戸市,国民健康保険　平戸市民病院　介護医療院,コクミンケンコウホケン　ヒラドシミンビョウイン　カイゴイリョウイン,介護医療院,長崎県平戸市草積町1125番地12,,33.284360700000000,129.465428600000000,0950-28-1113,0950-28-0800,4000020422070,平戸市,42B0700019,,,13,https://hirado-municipal-hospital.com/,,,,
422088,42B0800017,長崎県,松浦市,医療法人長愛会　菊地病院介護医療院,イリョウホウジンチョウアイカイ　キクチビョウインカイゴイリョウイン,介護医療院,長崎県松浦市志佐町浦免１７６５－４４階,４階,33.341343218506380,129.704871592065400,0956-72-0151,0956-72-2962,7310005006392,長愛会,42B0800017,,,40,http://www.kikuchi-hp.com,,,,
422142,42B2500011,長崎県,南島原市,医療法人　弘池会　介護医療院くちのつ,イリョウホウジン　コウチカイ　カイゴイリョウインクチノツ,介護医療院,長崎県南島原市口之津町丁5615,,32.610770100000000,130.194165600000000,0957-86-2200,0957-86-5070,2310005005408,医療法人弘池会,42B2500011,,,,http://ｗｗｗ.kouchikai.com,,,,
431010,43B0100185,熊本県,熊本市中央区,表参道吉田病院　介護医療院,オモテサンドウヨシダビョウイン　カイゴイリョウイン,介護医療院,熊本市中央区北千反畑町2-5,,32.809054000000000,130.716026500000000,096-343-6161,096-343-6170,5330005001146,医療法人起生会,43B0100185,,,0,http：//www.kiseikai.or.jp,,,,
431010,43B0100219,熊本県,熊本市中央区,九州記念病院介護医療院,キュウシュウキネンビョウインカイゴイリョウイン,介護医療院,水前寺公園3-38,,32.790960300000000,130.731698500000000,096-383-2121,096-381-9235,3330005001123,医療法人社団岡山会,43B0100219,,,,htttp://kkh.jp/,,,,
431028,43B0100011,熊本県,熊本市東区,介護医療院　くまもと成仁病院,カイゴイリョウイン　クマモトセイジンビョウイン,介護医療院,熊本県熊本市東区戸島2丁目3番15号,,32.816730600000000,130.792857799999980,096-380-7011,096-380-9223,2330005001272,医療法人成仁会,43B0100011,,,0,http://seijin-kumamoto.or.jp,,,,
431028,43B0100029,熊本県,熊本市東区,介護医療院心ほか,カイゴイリョウインシンホカ,介護医療院,新外3丁目9番1号,,32.797922500000010,130.763196800000060,096-285-6225,096-285-6224,5330005001204,医療法人弘生会,43B0100029,,,29,http://www.honjyo-hp.jp,,,,
431028,43B0100102,熊本県,熊本市東区,悠愛病院　介護医療院,ユウアイビョウイン　カイゴイリョウイン,介護医療院,画図町下無田1139,,32.756733000000000,130.734993000000000,096-378-3355,096-378-3572,6330005001368,医療法人社団悠愛会,43B0100102,,,0,https://www.yuuaihospital.com,,,,
431036,43B0100177,熊本県,熊本市西区,みこころ介護医療院,ミココロカイゴイリョウイン,介護医療院,熊本県熊本市西区上熊本2丁目１１－２４,,32.812944000000000,130.699932800000000,096-352-7181,096-352-7184,6140005018745,社会福祉法人聖嬰会,43B0100177,,,0,https://www.mikokorohp.com/,,,,
431036,43B0100144,熊本県,熊本市西区,介護医療院せいじの,カイゴイリョウインセイジノ,介護医療院,熊本市西区島崎2丁目22番15号,,32.807875300000000,130.691704400000000,096-354-1731,096-354-1736,7330005001144,医療法人金澤会,43B0100144,,,0,https://www.seijino.or.jp/,,,,
431036,43B0100136,熊本県,熊本市西区,末次介護医療院,スエツグカイゴイリョウイン,介護医療院,熊本県熊本市西区上高橋２丁目１３番６号,,32.786185400000000,130.656528900000000,096-329-4755,096-329-1876,3330005001932,セントラルファイブ,43B0100136,,,,https://suetsugu-naika.com,,,,
431044,43B0100128,熊本県,熊本市南区,介護医療院あきた,カイゴイリョウインアキタ,介護医療院,熊本県熊本市南区会富町１１２０,,32.752680800000000,130.653648400000000,096-227-1611,096-227-2971,8330005001366,医療法人むすびの森,43B0100128,,,0,http://www.akita-hospital.or.jp,,,,
431044,43B0100045,熊本県,熊本市南区,介護医療院　ゆずりは,カイゴイリョウイン　ユズリハ,介護医療院,熊本県熊本市南区城南町高1099番地,,32.734193700000000,130.708387600000040,0964-28-6311,0964-28-6313,7330005005467,医療法人社団誠心会,43B0100045,,,72,http://yuzuriha-k.or.jp/,,,,
431044,43B0100151,熊本県,熊本市南区,小林病院　介護医療院,コバヤシビョウイン　カイゴイリョウイン,介護医療院,熊本県熊本市南区城南町隈庄574,,32.703772578708060,130.729223544844070,0964-28-2025,0964-28-5342,1330005005464,医療法人小林会,43B0100151,,,0,http://www.k-group.jp/kobayashihp/index.html,,,,
431052,43B0100086,熊本県,熊本市北区,介護医療院　ひらた苑,カイゴイリョウイン　ヒラタエン,介護医療院,熊本県熊本市北区植木町平原２２１番地,,32.921963000000010,130.654431300000000,096-272-5486,096-272-5488,8330005003478,医療法人社団東洋会,43B0100086,,,,https://www.touyoukai.com/hirataen,,,,
431052,43B0100094,熊本県,熊本市北区,寺尾病院介護医療院,テラオビョウインカイゴイリョウイン,介護医療院,熊本市北区小糸山町759,,32.892898942022580,130.693310320901530,096-272-0601,096-273-2759,4330005001270,医療法人寺尾会,43B0100094,,,42,http://www.terao.or.jp,,,,
431052,43B0100060,熊本県,熊本市北区,菊南病院介護医療院,キクナンビョウイン　カイゴイリョウイン,介護医療院,熊本県熊本市北区鶴羽田3丁目1-53,,32.858831800000000,130.726866700000000,096-344-1711,096-344-1726,7330005001342,医療法人室原会,43B0100060,,,,http://www.kikunan-hospital.com,,,,
431052,43B0100193,熊本県,熊本市北区,くまもと成城介護医療院,クマモトセイジョウカイゴイリョウイン,介護医療院,熊本市北区室園町10番17号,,32.823654800000000,130.723263000000000,096-344-3311,096-344-3312,5330005001377,医療法人山部会,43B0100193,,,0,https://www.k-seijo.or.jp/,,,,
431052,43B0100078,熊本県,熊本市北区,介護医療院はくあい,カイゴイリョウインハクアイ,介護医療院,熊本県熊本市北区楠６丁目６番６０号,,32.850553600000000,130.763008400000000,096-338-7117,096-338-7116,1330005001109,医療法人社団上野会,43B0100078,,,0,https://uenokai.com,,,,
431052,43B0100110,熊本県,熊本市北区,八景水谷クリニック介護医療院,ハケミヤクリニックカイゴイリョウイン,介護医療院,熊本県熊本市北区八景水谷1丁目31番16号,,32.850666900000000,130.724975200000000,096-344-8811,096-344-4203,3330005001115,医療法人社団大塚メディカル,43B0100110,,,,http://www.hakemiya.com/dr.html,,,,
431052,43B0100169,熊本県,熊本市北区,橋本整形外科内科　介護医療院,ハシモトセイケイゲカナイカ　カイゴイリョウイン,介護医療院,熊本県熊本市北区改寄町2380-5,,32.895172200000000,130.692663700000000,096-272-0052,096-272-0056,3330005001908,医療法人裕和会,43B0100169,,,0,https：//hashimotoseikei.com/,,,,
432024,43B0200019,熊本県,八代市,八代敬仁病院　介護医療院,ヤツシロケイジンビョウイン　カイゴイリョウイン,介護医療院,熊本県八代市海士江町2817番地,,32.524344000000000,130.622778600000000,0965-34-7911,0965-33-4264,9330005005960,医療法人敬仁会,43B0200019,,,0,http://www.yatsushirokeijin.com,,,,
432024,43B0200027,熊本県,八代市,平成病院介護医療院,ヘイセイビョウインカイゴイリョウイン,介護医療院,熊本県八代市大村町720-1,,32.514518171521274,130.617277737959280,0965-32-8171,0965-32-8172,9330005005985,医療法人社団平成会,43B0200027,,,,https://heiseikai-k.or.jp/kaigoiryo,,,,
432032,43B0300025,熊本県,人吉市,医療法人朝日野会　球磨病院介護医療院,イリョウホウジンクマビョウイン　クマビョウインカイゴイリョウイン,介護医療院,上青井町170-1,,32.213153500000000,130.756796000000000,0966-24-2854,0966-22-3201,1330005001100,医療法人朝日野会,43B0300025,,,,http://www.soshundo.jp/hitoyoshi/,,,,
432032,43B0300041,熊本県,人吉市,介護医療院　人吉リハビリテーション病院,カイゴイリョウイン　ヒトヨシリハビリテーションビョウイン,介護医療院,熊本県人吉市下新町359番地,,32.215145700000000,130.769004800000000,0966246111,0966246117,4330005007730,医療法人社団同心会,43B0300041,,,18,http://oyakuen-g.or.jp,,,,
432032,43B0300017,熊本県,人吉市,外山胃腸病院　介護医療院,トヤマイチョウビョウイン　カイゴイリョウイン,介護医療院,熊本県人吉市南泉田町1番地,,32.217871000000000,130.760714199999940,0966-22-4818,0966-22-4828,2330005007550,医療法人外山胃腸病院,43B0300017,,,0,https://www.gh-toyama.or.jp/,,,,
432041,43B0400015,熊本県,荒尾市,荒尾中央病院介護医療院,アラオチュウオウビョウインカイゴイリョウイン,介護医療院,熊本県荒尾市増永1544番地1,,32.973082500000000,130.440889400000000,0968-64-1333,0968-64-1336,2330005007971,医療法人洗心会,43B0400015,,,0,https://www.senshinkai.or.jp/chuoh/,,,,
432041,43B0400023,熊本県,荒尾市,ふれあいクリニック介護医療院,フレアイクリニックカイゴイリョウイン,介護医療院,熊本県荒尾市川登1761-24,,32.986737000000000,130.433043500000000,0968-68-6565,0968-68-8288,9330005004211,医療法人社団荒尾クリニック,43B0400023,,,0,http://araoclinic.jp/kanren/fureai.php,,,,
432059,43B0500012,熊本県,水俣市,介護医療院ふちがみ,カイゴイリョウインフチガミ,介護医療院,熊本県水俣市塩浜町2番19号渕上病院,渕上病院,32.212527000000010,130.394829800000020,0966-63-6551,0966-63-5471,3330005006493,医療法人すえひろ会,43B0500012,,,0,https://www.sue-hirokai.com,,,,
432059,43B0500020,熊本県,水俣市,白梅病院介護医療院,シラウメビョウインカイゴイリョウイン,介護医療院,熊本県水俣市浜4089番地1白梅病院3階,白梅病院3階,32.230227500000010,130.413227300000000,0966-63-7575,0966-63-5995,2330005006486,医療法人　啓愛会,43B0500020,,,60,http://www.kaigocsc.co.jp/shiraume/hospital/,,,,
432059,43B0500038,熊本県,水俣市,岡部病院　介護医療院,オカベビョウイン　カイゴイリョウイン,介護医療院,熊本県水俣市桜井町3丁目3番3号,,32.207562900000000,130.398413400000000,0966-63-3311,0966-63-7011,5330005006483,医療法人岡部病院,43B0500038,,,,http://www.okabehospital.jp/,,,,
432067,43B0600010,熊本県,玉名市,介護医療院　ゆうきの里,カイゴイリョウイン　ユウキノサト,介護医療院,熊本県玉名市上小田1063番地,,32.951782500000000,130.586836500000000,0968-74-1131,0968-74-3821,4330005004100,医療法人悠紀会,43B0600010,,,0,http://www.yukikai.or.jp,,,,
432083,43B0800016,熊本県,山鹿市,医療法人至誠会保利病院介護医療院,イリョウホウジンシセイカイホリビョウインカイゴイリョウイン,介護医療院,熊本県山鹿市古閑984保利病院介護医療院　225号室・226号室,保利病院介護医療院　225号室・226号室,33.009548900000000,130.717045200000030,0968-43-1212,0968-44-5176,6330005003190,医療法人　至誠会　保利病院　介護医療院,43B0800016,,,0,ｈｏｒｉ－ｈｐ＠ｉｓｉｓ．ｏｃｎ．ｎｅ．ｊｐ,,,,
432105,43B1000020,熊本県,菊池市,介護医療院　菊池中央病院,カイゴイリョウイン　キクチチュウオウビョウイン,介護医療院,熊本県菊池市隈府４９４番地菊池中央病院４階,菊池中央病院４階,32.979629200000000,130.806920500000000,0968-25-3141,0968-25-0879,9330005003064,医療法人信岡会（社団）,43B1000020,,,0,http://www.nobuokakai@ecnet.jp,,,,
432121,43B1200018,熊本県,上天草市,宮﨑外科胃腸科医院介護医療院,ミヤザキゲカイチョウカイインカイゴイリョウイン,介護医療院,熊本県上天草市大矢野町上1519,,32.586501600000000,130.430426700000000,0964-56-0600,0964-56-5420,5330005007317,医療法人宮﨑会,43B1200018,,,12,http://www.miyazaki-gekaichoka-iin.com,,,,
432130,43B1300024,熊本県,宇城市,みずたみ医院　介護医療院,ミズタミイイン　カイゴイリョウイン,介護医療院,熊本県宇城市松橋町竹崎1115-32,,32.628179600000000,130.709990500000000,0964-32-3372,0964-46-1686,,,43B1300024,,,19,,,,,
432130,43B1300016,熊本県,宇城市,桜十字熊本宇城病院介護医療院,サクラジュウジクマモトウキビョウインカイゴイリョウイン,介護医療院,熊本県宇城市小川町北新田5,,32.598307822067550,130.704534547476300,0964-43-5566,0964-43-5565,6330005005955,医療法人熊本桜十字,43B1300016,,,0,https://www.sj-kumamoto-uki.jp/,,,,
432148,43B1400014,熊本県,阿蘇市,大阿蘇病院　介護医療院,オオアソビョウイン　カイゴイリョウイン,介護医療院,熊本県阿蘇市一の宮町宮地5833番地,,32.933064099999990,131.111704100000000,0967-22-2111,0967-22-2114,7330005005186,医療法人　社団大徳会,43B1400014,,,0,http://www.daitokukai.info/,,,,
432156,43B1500011,熊本県,天草市,ニュー天草病院介護医療院,ニューアマクサビョウインカイゴイリョウイン,介護医療院,熊本県天草市太田町2番地1,,32.449132800000000,130.198720999999980,0969－22－3191,0969－24－0391,5330005007259,医療法人　永輝会,43B1500011,,,48,http://newamakusa-hospital.com/,,,,
432156,43B1500029,熊本県,天草市,介護医療院　松本内科・眼科,カイゴイリョウイン　マツモトナイカ・ガンカ,介護医療院,熊本県天草市久玉町５７１６－６,,32.213743100000020,130.027876699999980,0969-72-2833,0969-72-2577,6330005006796,医療法人社団　孔和会,43B1500029,,,,http://www.matsumotonaikaganka.jp/,,,,
432156,43B1500037,熊本県,天草市,福本病院　介護医療院,フクモトビョウイン　カイゴイリョウイン,介護医療院,熊本県天草市牛深町1522-46,,32.200527200000000,130.030220900000000,0969-73-3131,0969-74-0300,6330005006813,いりょうほうじんしゃだんふくもとかい,43B1500037,,,40,,,,,
432156,43B1500045,熊本県,天草市,石松FC介護医療院,イシマツエフシーカイゴイリョウイン,介護医療院,熊本県天草市久玉町1411番地133,,32.216590000000010,130.032925600000000,0969-74-0370,0969-74-0371,1330005007254,医療法人社団泰心会,43B1500045,,,0,https://nakamuraclinic-1.hp.peraichi.com,,,,
432156,43B1500052,熊本県,天草市,介護医療院小松医院,カイゴイリョウインコマツイイン,介護医療院,熊本県天草市牛深町1498番地27,,32.202516000000000,130.031454200000000,0969-72-6111,0969-73-3427,7330005006820,医療法人社団創生会,43B1500052,,,0,,,,,
433489,43B2300015,熊本県,美里町,美里リハビリテーション病院介護医療院,ミサトリハビリテーションビョウインカイゴイリョウイン,介護医療院,熊本県下益城郡美里町洞岳1308番地,,32.635135800000000,130.922447599999940,0964-48-0211,0964-48-0811,1330005005357,社会医療法人黎明会,43B2300015,,,,hospital@misato-riha.jp,,,,
433489,43B2300023,熊本県,美里町,介護医療院間部病院,カイゴイリョウインマベビョウイン,介護医療院,熊本県下益城郡美里町永富328,,32.618009000000000,130.858631500000000,0964-47-0032,0964-47-2556,7330005005772,医療法人美里みどり会,43B2300023,,,,http://www.mabe-hosp.jp,,,,
433489,43B2300031,熊本県,美里町,くまもと温石病院　介護医療院,クマモトオンジャクビョウイン　カイゴイリョウイン,介護医療院,熊本県下益城郡美里町中小路835,,32.640548100000000,130.779275700000000,0964-46-3000,0964-46-2464,9330005005374,医療法人愛生会,43B2300031,,,52,http://www.onjaku.jp,,,,
433683,43B2400013,熊本県,長洲町,介護医療院せいわの里,カイゴイリョウインセイワノサト,介護医療院,熊本県玉名郡長洲町宮野2775番地,,32.950820800000000,130.493024200000000,0968-78-1133,0968-78-5971,8330005004204,医療法人社団聖和会,43B2400013,,,,http://www.ariakeseijin.or.jp,,,,
433683,43B2400021,熊本県,長洲町,ながすクリニック　介護医療院,ナガスクリニック　カイゴイリョウイン,介護医療院,熊本県玉名郡長洲町長洲1354番地,,32.933050200000000,130.445385000000000,0968-78-0527,0968-78-0584,6330005004255,医療法人池満会,43B2400021,,,15,,,,,
434043,43B2600018,熊本県,菊陽町,菊陽台病院介護医療院,キクヨウダイビョウインカイゴイリョウイン,介護医療院,熊本県菊池郡菊陽町久保田2984,,32.861586026921316,130.833954203041100,096-232-1191,096-232-4389,5330005002540,医療法人社団熊本清仁会,43B2600018,,,,https://www.kikuyodai-hospital.com/,,,,
434426,43B2800022,熊本県,嘉島町,西村病院介護医療院,ニシムラビョウインカイゴイリョウイン,介護医療院,熊本県上益城郡嘉島町北甘木2083番地,,32.748180400000000,130.770719800000050,096-237-1551,096-237-1597,5330005003646,医療法人社団栄康会,43B2800022,,,0,,,,,
434442,43B2800014,熊本県,甲佐町,谷田病院介護医療院,ヤツダビョウインカイゴイリョウイン,介護医療院,熊本県上益城郡甲佐町岩下１２３,,32.650936500000000,130.810163000000000,096-234-1248,096-234-1249,8330005003635,医療法人谷田会,43B2800014,,,0,https://www.yatsuda-kai.jp/,,,,
434442,43B2800030,熊本県,甲佐町,荒瀬病院介護医療院,アラセビョウインカイゴイリョウイン,介護医療院,熊本県上益城郡甲佐町緑町３３１,,32.649057900000000,130.808858100000000,０９６－２３４－１１６１,０９６－２３４－３９３２,9330005003634,医療法人荒瀬会,43B2800030,,,,www.arase-hp.com,,,,
434477,43B2800048,熊本県,山都町,瀬戸病院介護医療院,セトビョウインカイゴイリョウイン,介護医療院,上益城郡山都町北中島2806,,32.735389200000000,130.936667500000000,0967-75-0111,0967-75-0434,1330005003897,医療法人幸翔会,43B2800048,,,0,https://www.seto-hosp.or.jp/,,,,
434477,43B2800055,熊本県,山都町,浜町中央介護医療院,ハママチチュウオウカイゴイリョウイン,介護医療院,熊本県上益城郡山都町浜町167番地,,32.683884400000000,130.987294200000000,0967-72-0029,0967-72-0523,3330005003895,医療法人潤幸会,43B2800055,,,17,,,,,
434825,43B3000010,熊本県,芦北町,介護医療院篠原医院,カイゴイリョウインシノハライイン,介護医療院,熊本県葦北郡芦北町佐敷３７０番地１,,32.306118100000000,130.503293700000000,0966-82-2046,0966-82-4634,8330005006415,医療法人新清会,43B3000010,,,0,,,,,
435317,43B3200016,熊本県,苓北町,天草慈恵病院　介護医療院,アマクサジケイビョウイン　カイゴイリョウイン,介護医療院,熊本県天草郡苓北町上津深江278-10,,32.517720674410626,130.068016897428350,0969-37-1111,0969-37-1536,6330005006788,社会医療法人稲穂会,43B3200016,,,0,http://www.inahokai.com/,,,,
442011,44B0100036,大分県,大分市,介護医療院　緑ヶ丘保養園,カイゴイリョウイン　ミドリガオカホヨウエン,介護医療院,大分県大分市大字丹生1747,,33.217858888215030,131.703173819574000,0975933950,0975934741,3320005000415,医療法人社団淵野会,44B0100036,,,,http://www.fuchinokai.or.jp,,,,
442011,44B0100028,大分県,大分市,介護医療院　菜の花,カイゴイリョウイン　ナノハナ,介護医療院,大分県大分市生石2丁目1番5号,,33.244346400000000,131.584888700000000,097-535-1884,097-535-3563,3320005000448,医療法人渡辺内科,44B0100028,,,0,,,,,
442011,44B0100010,大分県,大分市,介護医療院おおつか,カイゴイリョウインオオツカ,介護医療院,大分県大分市住吉町1丁目2番16号,,33.245571900000000,131.605256200000000,097-535-1122,097-533-1478,6320005000387,医療法人進修会,44B0100010,,,9,http://www.otsuka-mc.jp,,,,
442020,44B0200026,大分県,別府市,介護医療院むらはし,カイゴイリョウインムラハシ,介護医療院,千代町2番5号村橋病院,村橋病院,33.274645800000000,131.504638300000000,0977-23-3231,0977-25-9238,4320005002674,医療法人　財団　百善会,44B0200026,,,,http://murahashi-hp.jp/,,,,
442020,4410214581,大分県,別府市,介護医療院ちば,カイゴイリョウインチバ,介護医療院,大分県別府市楠町2番１７号,,33.275867700000000,131.503479900000000,0977-21-0715,0977-26-4077,6320005003118,医療法人千馬内科医院,4410214581,,,,,,,,
442020,44B0200059,大分県,別府市,ヒロセ内科介護医療院,ヒロセナイカカイゴイリョウイン,介護医療院,大分県別府市駅前本町5-23,,33.280947300000000,131.501552700000000,0977-21-3030,0977-26-4113,7320005003034,医療法人メディ・キューブ,44B0200059,,,6,https://bec-medicube.com/menu/hirosenaikaiin.html,,,,
442020,44B0200042,大分県,別府市,浜脇記念病院介護医療院,ハマワキキネンビョウインカイゴイリョウイン,介護医療院,浜脇１丁目6-21,,33.269490200000000,131.510434000000000,0977-22-2228,0977-26-2832,9320005002661,浜脇記念病院介護医療院,44B0200042,,,0,http://hamawakimhp.com,,,,
442020,44B0200018,大分県,別府市,介護医療院くろき,カイゴイリョウインクロキ,介護医療院,大分県別府市照波園町14番28号,,33.319536900000020,131.497317999999950,0977-67-1211,0977-66-6673,3320005002642,医療法人社団春日会,44B0200018,,,0,http://www.kuroki-hp.or.jp/,,,,
442020,44B0200034,大分県,別府市,ふじみ介護医療院,フジミカイゴイリョウイン,介護医療院,大分県別府市北的ヶ浜町5番19号,,33.284986100000000,131.504130500000000,0977-24-0001,0977-22-1725,6320005002672,医療法人博愛会（社団）,44B0200034,,,0,http://www.fujimi.or.jp/,,,,
442046,44B0400014,大分県,日田市,介護医療院　新関内科医院,カイゴイリョウイン　ニイゼキナイカイイン,介護医療院,大分県日田市田島2丁目4番9号,,33.319906700000000,130.941427000000000,0973-24-3355,0973-24-3383,7320005006945,医療法人新関内科医院,44B0400014,,,,http://niizekinaika.or.jp,,,,
442062,44B0600019,大分県,臼杵市,うすき介護医療院,ウスキカイゴイリョウイン,介護医療院,大分県臼杵市大字臼杵字洲崎72番地32,,33.124142655050140,131.805812320164100,0972-83-5118,0972-63-6066,7320205000054,医療法人柊会,44B0600019,,,,,,,,
442089,44B0800015,大分県,竹田市,大久保病院介護医療院,オオクボビョウインカイゴイリョウイン,介護医療院,大分県竹田市久住町大字栢木6026-2,,33.057509500000000,131.332119400000000,0974-64-7777,0974-77-2247,6320005005873,社会医療法人社団　大久保病院,44B0800015,,,0,http://okubo-hp.com/,,,,
442097,44B0900013,大分県,豊後高田市,高田中央病院介護医療院,タカダチュウオウビョウインカイゴイリョウイン,介護医療院,大分県豊後高田市新地１１７６番地１,,33.555166900000000,131.440707100000000,0978-22-3745,0978-22-3788,3320005003888,医療法人新生会,44B0900013,,,0,https://takachuo.com/,,,,
442101,44B1000011,大分県,杵築市,介護医療院　とわの桜,カイゴイリョウイン　トワノサクラ,介護医療院,大分県杵築市大字馬場尾５０８番地の2,,33.430826569350600,131.594108898147600,0978-64-0111,0978-63-5188,5320005004372,医療法人恵友会,44B1000011,,,0,,,,,
442119,44B1100019,大分県,宇佐市,介護医療院オアシス,カイゴイリョウインオアシス,介護医療院,大分県宇佐市大字和気477番地の1,,33.537431799999980,131.390715000000000,0978-37-3700,0378-37-3719,2320005003237,医療法人宇水会,44B1100019,,,0,https://oashisu-usa.com/,,,,
442119,44B1100027,大分県,宇佐市,桑尾病院介護医療院,クワオビョウインカイゴイリョウイン,介護医療院,大分県宇佐市大字四日市１１８番地,,33.534608200000010,131.326759500000000,0978-32-1331,0978-32-3696,5320005003226,医療法人財団興仁会,44B1100027,,,18,http://www.kuwao.jp/,,,,
442143,4411410022,大分県,国東市,医療法人二豊会　介護医療院　国見病院,イリョウホウジンニホウカイ　カイゴイリョウイン　クニミビョウイン,介護医療院,大分県国東市国見町伊美1968番地,,33.685913721296200,131.595715531352230,0978-82-1251,0978-82-0302,9320005005160,医療法人二豊会,4411410022,,,0,https://nihoukai-kunimi.com/,,,,
443221,44B2100018,大分県,姫島村,姫島村国民健康保険診療所介護医療院,ヒメシマムラコクミンケンコウホケンシンリョウショカイゴイリョウイン,介護医療院,大分県東国東郡姫島村1560番地の1,,33.724293000000000,131.646258400000000,0978-87-3221,0978-73-7000,7000020443221,姫島村,44B2100018,,,0,,,,,
452017,45B0100019,宮崎県,宮崎市,みやざき介護医療院,ミヤザキカイゴイリョウイン,介護医療院,宮崎県宮崎市高岡町内山２４２０番１,,31.896299100000000,131.210540400000000,0985-82-3531,0985-82-3632,1350005000967,医療法人社団高信会,45B0100019,,,0,tatsumoto-g.com,,,,
452017,45B0100043,宮崎県,宮崎市,宮崎医療センター病院　介護医療院,ミヤザキイリョウセンタービョウイン　カイゴイリョウイン,介護医療院,宮崎県宮崎市高松町２番１６号,,31.913825800000000,131.418960700000000,0985-26-2170,0985-27-6811,5490005000652,医療法人社団晴緑会,45B0100043,,,0,https://www.jojinkai.com/miyazaki/,,,,
452017,45B0100068,宮崎県,宮崎市,佐土原病院介護医療院,サドワラビョウインカイゴイリョウイン,介護医療院,宮崎県宮崎市佐土原町上田島3873番地,,32.050906200000000,131.431670200000000,0985-74-0012,0985-74-0031,2350005001304,医療法人博愛社,45B0100068,,,0,https://www.sadowara-hospital.com,,,,
452017,45B0100027,宮崎県,宮崎市,介護医療院稲倉医院,カイゴイリョウインイナクライイン,介護医療院,宮崎県宮崎市大塚町馬場崎3554-2,,31.913141200000000,131.393823100000000,0985-53-1411,0985-53-1412,2350005000446,医療法人敬愛会,45B0100027,,,0,http://www.inakura-clinic.com/,,,,
452017,45B0100050,宮崎県,宮崎市,青島リゾートクリニック　介護医療院,アオシマリゾートクリニック　カイゴイリョウイン,介護医療院,宮崎県宮崎市大字加江田5646番地1,,31.811310500000012,131.445752599999960,0985-65-3567,0985-65-2662,9350005005876,医療法人聖美会,45B0100050,,,,http://www.seibikai-group.or.jp,,,,
452025,45B0200017,宮崎県,都城市,医療法人社団仮屋医院　介護医療院,イリョウホウジンシャダンカリヤイインカイゴイリョウイン,介護医療院,宮崎県都城市上水流町２３４８番地,,31.811477665882986,131.095194295106470,0986-36-0521,0986-36-2911,8350005003699,医療法人社団仮屋医院,45B0200017,,,0,,,,,
452033,45B0300023,宮崎県,延岡市,早田病院介護医療院,ソウダビョウインカイゴリョウヨウイン,介護医療院,宮崎県延岡市高千穂通り3748番地1,,32.586749999999990,131.668400000000000,0982-33-5577,,9350005005570,医療法人早田病院,45B0300023,,,0,,,,,
452033,45B0300031,宮崎県,延岡市,杉本病院介護医療院,スギモトビョウインカイゴイリョウイン,介護医療院,宮崎県延岡市三ツ瀬町1丁目11番地5,,32.575274900000000,131.665865300000000,0982-33-2626,0982-33-2627,2350005002855,医療法人社団　杉杏会,45B0300031,,,50,https://sugimoto-hp.jp,,,,
452033,45B0300015,宮崎県,延岡市,医療法人中心会野村病院介護医療院,イリョウホウジンチュウシンカイノムラビョウインカイゴイリョウイン,介護医療院,宮崎県延岡市出北５丁目４番２６号,,32.574983200000000,131.685451200000000,0982-21-2213,0982-21-7938,1350005003219,医療法人中心会野村病院,45B0300015,,,0,https://nomura-h.wixsite.com/chuushinkai,,,,
452033,45B0300049,宮崎県,延岡市,井上病院介護医療院,イノウエビョウインカイゴイリョウイン,介護医療院,宮崎県延岡市平原町1丁目990番地1,,32.555276200000000,131.675171200000000,0982-21-5110,0982-21-6087,9350005002832,医療法人社団育生会,45B0300049,,,,http://www.inoue-hp.jp/,,,,
452041,45B0400013,宮崎県,日南市,山元病院介護医療院,ヤマモトビョウインカイゴイリョウイン,介護医療院,宮崎県日南市中央通１丁目１０番地１５,,31.600794100000000,131.381431700000000,0987-23-4815,0987-23-5923,2350005004125,医療法人愛鍼会,45B0400013,,,0,http://www.aisinkai.com/,,,,
452050,45B0500010,宮崎県,小林市,介護医療院　白寿荘,カイゴイリョウイン　ハクジュソウ,介護医療院,宮崎県小林市堤2939,,31.985979000000000,130.990506800000000,0984-22-8287,,3350005004479,医療法人信和会,45B0500010,,,,,,,,
452068,45B0600018,宮崎県,日向市,医療法人社団慶城会瀧井病院　介護医療院,イリョウホウジンシャダンケイジョウカイタキイビョウイン　カイゴイリョウイン,介護医療院,宮崎県日向市大字塩見11652番地瀧井病院介護医療院,瀧井病院介護医療院,32.411359300000000,131.601462900000000,0982-52-2409,0982-52-2403,8350005002379,医療法人社団慶城会,45B0600018,,,0,takii-hospital.com,,,,
453617,45B1800013,宮崎県,高原町,川井田医院介護医療院,カワイダイインカイゴイリョウイン,介護医療院,宮崎県西諸県郡高原町西麓１７３番地３,,31.923412921723454,131.000568311639400,0984422000,0984424762,7350005004566,医療法人豊寿会,45B1800013,,,,https://kawaidaclinic.com/,,,,
453820,45B1900011,宮崎県,国富町,社会医療法人慶明会　けいめい記念病院　介護医療院ひまわり,シャカイイリョウホウジンケイメイカイ　ケイメイキネンビョウイン　カイゴイリョウインヒマワリ,介護医療院,宮崎県東諸県郡国富町岩知野762番地,,31.978477059587010,131.371625508598330,0985-75-7012,0985-75-7015,9350005000448,社会医療法人慶明会,45B1900011,,,0,https://www.keimei-kinen.com/,,,,
454214,45B2100025,宮崎県,門川町,白石病院介護医療院,シライシビョウインカイゴイリョウイン,介護医療院,宮崎県東臼杵郡門川町大字門川尾末8600-100,,32.473455300000000,131.652544600000000,0982-63-1365,,2350005002509,医療法人社団孝誠会,45B2100025,,,6,,,,,
454214,45B2100017,宮崎県,門川町,田中病院介護医療院,タナカビョウインカイゴイリョウイン,介護医療院,宮崎県東臼杵郡門川町宮ケ原4丁目80番地特定医療法人浩洋会田中病院,特定医療法人浩洋会田中病院,32.481364400000000,131.653674200000000,0982-63-2211,0982-63-2211,3350005002508,医療法人浩洋会,45B2100017,,,,,,,,
454419,45B2200015,宮崎県,高千穂町,介護医療院　神楽苑,カイゴイリョウイン　カグラエン,介護医療院,宮崎県西臼杵郡高千穂町押方1130番地,,32.712045200000000,131.296443100000000,0982-72-3210,0982-73-1082,1350005003251,介護医療院　神楽苑,45B2200015,,,0,https://www.kunimigaoka.or.jp,,,,
454435,45B2200023,宮崎県,五ヶ瀬町,五ヶ瀬町国民健康保険病院介護医療院,ゴカセチョウコクミンケンコウホケンビョウインカイゴイリョウイン,介護医療院,宮崎県西臼杵郡五ヶ瀬町大字三ヶ所2109番地1,,32.684449800000000,131.197766100000000,0982-73-5500,0982-73-5504,7000020458252,西臼杵広域行政事務組合,45B2200023,,,0,https://www.nishiusuki-hp.jp/gokase/,,,,
462012,46B0100075,鹿児島県,鹿児島市,社会福祉法人恩賜財団済生会かごしま介護医療院,シャカイフクシホウジンオンシザイダンサイセカイカゴシマカイゴイリョウイン,介護医療院,鹿児島県鹿児島市南林寺町1番11号（済生会鹿児島病院内）,,31.584827200000000,130.557966900000000,099-223-0101,099-227-4790,3010405001696,社会福祉法人　恩賜財団済生会支部　鹿児島県済生会,46B0100075,,,,http://www.saiseikai-kagoshima.jp/,,,,
462012,46B0100042,鹿児島県,鹿児島市,冨永内科介護医療院,トミナガナイカカイゴイリョウイン,介護医療院,鹿児島県鹿児島市西伊敷4丁目7番4号,,31.640477900000000,130.532630300000000,099-229-2323,099-229-2368,2340005001800,医療法人青雪会,46B0100042,,,,,,,,
462012,46B0100018,鹿児島県,鹿児島市,川島病院介護医療院,カワシマビョウインカイゴイリョウイン,介護医療院,鹿児島市谷山中央1丁目4196番地川島病院４階,川島病院４階,31.525923186180318,130.518963465606700,099-800-8800,099-801-1101,5340005001021,医療法人愛人会,46B0100018,,,,https://kawashima-hp.com/,,,,
462012,46B0100026,鹿児島県,鹿児島市,桜島病院介護医療院,サクラジマビョウインカイゴイリョウイン,介護医療院,鹿児島県鹿児島市野尻町５９,,31.568013200000000,130.616374599999970,０９９－２２１－２０３１,０９９－２２１－３２２５,4340005001212,社会医療法人天陽会,46B0100026,,,0,http://www.tenyoukai.org/sakurajima/index.html,,,,
462012,46B0100059,鹿児島県,鹿児島市,西田橋介護医療院,ニシダバシカイゴイリョウイン,介護医療院,平之町１番１７号西田橋介護医療院,西田橋介護医療院,31.589584762800296,130.546183971827670,099-813-7531,099-813-7521,3340005001163,医療法人尚愛会,46B0100059,,,,https://kagoiryo.shouaikai.com/,,,,
462012,46B0100034,鹿児島県,鹿児島市,吉田記念病院介護医療院,ヨシダキネンビョウインカイゴイリョウイン,介護医療院,鹿児島県鹿児島市本名町470番地,,31.692016800000000,130.546570200000020,099-294-2161,099-294-2167,9340005002981,医療法人碩済会,46B0100034,,,0,https://www.sekisaikai.jp/index.php,,,,
462012,46B0100067,鹿児島県,鹿児島市,野上病院介護医療院,ノガミビョウインカイゴイリョウイン,介護医療院,鹿児島県鹿児島市小松原1丁目４番1号,,31.539681500000000,130.535354900000000,099-268-4185,099-268-4186,5340005001145,司誠会,46B0100067,,,19,https://www.nogamibyouin.com,,,,
462039,46B0300048,鹿児島県,鹿屋市,井ノ上病院　介護医療院,イノウエビョウイン　カイゴイリョウイン,介護医療院,鹿児島県鹿屋市王子町３９８０番地１,,31.401755700000000,130.862890900000000,0994-42-5275,0994-42-3515,9340005006512,医療法人碧仁会,46B0300048,,,0,https://inouehosp.org/,,,,
462039,46B0300030,鹿児島県,鹿屋市,かのや東病院　介護医療院,カノヤヒガシビョウイン　カイゴイリョウイン,介護医療院,鹿児島県鹿屋市笠之原町2923-1　3Ｆ,,31.387076000000000,130.885720800000000,0994-36-0678,0994-36-0818,5340005007142,医療法人伸和会かのや東病院介護医療院,46B0300030,,,0,,,,,
462039,46B0300014,鹿児島県,鹿屋市,介護医療院リリーフ,カイゴイリョウインリリーフ,介護医療院,鹿児島県鹿屋市寿3丁目11番2号,,31.387581600000000,130.870946500000000,0994-36-0330,0994-36-0666,9340005006520,医療法人　明昌会,46B0300014,,,58,https://fukuda-hos.org/,,,,
462047,4610410336,鹿児島県,枕崎市,立神リハビリテーション温泉病院介護医療院,タテガミリハビリテーションオンセンビョウインカイゴイリョウイン,介護医療院,鹿児島県枕崎市火之神町620番地,,31.253742800000000,130.276545700000040,0993-72-7711,0993-72-2736,4340005005799,医療法人厚生会,4610410336,,,0,https://tategami.ko-seikai.jp/,,,,
462080,46B0800013,鹿児島県,出水市,出水郡医師会立第二病院介護医療院,イズミグンイシカイリツダイニビョウインカイゴイリョウイン,介護医療院,鹿児島県出水市高尾野町柴引2574,,32.049922200000000,130.302417000000000,0996-82-5900,0996-82-5885,3340005007664,公益社団法人出水郡医師会,46B0800013,,,0,https://izumidaini.jp/,,,,
462152,46B1500026,鹿児島県,薩摩川内市,介護医療院　坂口医院,カイゴイリョウイン　サカグチイイン,介護医療院,鹿児島県薩摩川内市大王町1-1,,31.823684300000000,130.299668699999980,0996-23-4509,0996-22-7910,2340005003383,医療法人　育生会,46B1500026,,,,https://sakaguchi-hospital.jp/,,,,
462161,46B1500018,鹿児島県,日置市,博悠会温泉病院介護医療院,ハクユウカイオンセンビョウインカイゴイリョウイン,介護医療院,鹿児島県日置市東市来町湯田4648番地,,31.675256600000000,130.349290900000030,099-274-2238,099-274-0780,4340005001237,医療法人　博悠会,46B1500018,,,0,https://hakuyukai-group.studio.site/,,,,
462179,46B1600016,鹿児島県,曽於市,財部記念介護医療院,タカラベキネンカイゴイリョウイン,介護医療院,鹿児島県曽於市財部町南俣3619番地1,,31.704149100000000,130.962022599999950,986-72-1000,986-72-1177,1340005007344,医療法人たからべ会,46B1600016,,,0,https://takarabekai.com/,,,,
462187,46B1200031,鹿児島県,霧島市,国分中央病院介護医療院,コクブチュウオウビョウインカイゴイリョウイン,介護医療院,鹿児島県霧島市国分中央1丁目25-70,,31.741786900000000,130.768628800000000,0995-45-3085,0995-45-3088,4340005002607,医療法人美﨑会,46B1200031,,,,http://www.misakikai.or.jp,,,,
462187,46B1200023,鹿児島県,霧島市,介護医療院すぎやす,カイゴイリョウインスギヤス,介護医療院,鹿児島県霧島市霧島田口2143番地,,31.848548311463080,130.855638200000000,0995-57-1221,0995-57-2317,3340005002558,医療法人財団浩誠会,46B1200023,,,,http://www.kouseikai.info/,,,,
462187,46B1200015,鹿児島県,霧島市,介護医療院　悠愛,カイゴイリョウイン　ユウアイ,介護医療院,鹿児島県霧島市隼人町小田２４５番地,,31.739906400000000,130.718391800000060,0995-73-8000,0995-43-2331,3340005001163,医療法人尚愛会,46B1200015,,,0,,,,,
462195,46B0500019,鹿児島県,いちき串木野市,市来内科介護医療院,イチキナイカカイゴイリョウイン,介護医療院,鹿児島県いちき串木野市大里3869-6,,31.687023282712023,130.298389238623060,0996-36-5000,0996-36-5227,1340005003715,医療法人健仁会,46B0500019,,,0,https://ichiki-naikahifuka.com/,,,,
462209,46B4000016,鹿児島県,南さつま市,南さつま市立坊津病院介護医療院,ミナミサツマシリツボウノツビョウインカイゴイリョウイン,介護医療院,鹿児島県南さつま市坊津町泊19番地,,31.274947800000000,130.224639400000000,0993-67-1141,0993-67-2180,3000020462209,南さつま市,46B4000016,,,0,https://www.city.minamisatsuma.lg.jp/bounotsuhospital/,,,,
462217,46B1700014,鹿児島県,志布志市,介護医療院とうご,カイゴイリョウイントウゴ,介護医療院,鹿児島県志布志市志布志町志布志一丁目11番12号,,31.477138400000000,131.102814099999930,099-472-1236,099-472-4699,2340005007335,医療法人左右会,46B1700014,,,0,http://www.sayuukai.or.jp/tougo/index.php,,,,
462225,46B0700015,鹿児島県,奄美市,大島郡医師会病院介護医療院,オオシマグンイシカイビョウインカイゴイリョウイン,介護医療院,鹿児島県奄美市名瀬小宿3411番地,,28.386565000000022,129.474432499999980,0997-54-8111,0997-54-8870,9340005004771,公益社団法人大島郡医師会,46B0700015,,,18,https://hp.oshima-med.or.jp/,,,,
462233,46B4300010,鹿児島県,南九州市,南薩ケアほすぴたる介護医療院,ナンサツケアホスピタルカイゴイリョウイン,介護医療院,川辺町平山5860,,31.388908246448880,130.395127589688140,0993-56-1155,0993-56-1157,9340005004111,聖仁会,46B4300010,,,0,http://k-nch.jp/,,,,
462241,46B4400018,鹿児島県,伊佐市,水間病院　介護医療院,ミズマビョウイン　カイゴイリョウイン,介護医療院,鹿児島県伊佐市菱刈前目2125番地水間病院,水間病院,32.011016800000000,130.643737200000030,0995-26-1211,0995-26-2580,7340005002736,医療法人柏葉会,46B4400018,,,0,http://www.mizumahp.company.guide.jp/,,,,
462250,46B4500015,鹿児島県,姶良市,加治木温泉病院介護医療院,カジキオンセンビョウインカイゴイリョウイン,介護医療院,鹿児島県姶良市加治木町木田4714番地,,31.749879200000000,130.663017099999930,0995-62-0001,0995-62-3778,2340005001073,医療法人　玉昌会,46B4500015,,,,http://www.gyokushoukai.com/,,,,
462250,46B4500023,鹿児島県,姶良市,介護医療院おはな,カイゴイリョウインオハナ,介護医療院,鹿児島県姶良市加治木町反土2156番地5,,31.746396200000000,130.665177600000000,0995-63-8889,0995-62-0120,2340005001073,医療法人玉昌会,46B4500023,,,0,https://www.joy-mc.com/ohana,,,,
462250,46B4500031,鹿児島県,姶良市,ザ王病院介護医療院,ザオウビョウインカイゴイリョウイン,介護医療院,鹿児島県姶良市加治木町反土２１５１－１,,31.746318700000000,130.665641100000000,0995-62-4611,0995-62-4600,4340005002937,医療法人七徳会,46B4500031,,,,http://zaouhp.jp,,,,
463922,46B3900018,鹿児島県,さつま町,立志クリニック介護医療院,タテシクリニックカイゴイリョウイン,介護医療院,鹿児島県薩摩郡さつま町湯田1502-10,,31.949977300000000,130.466485100000000,0996-55-9119,0996-55-9849,6340005003891,医療法人立翔会,46B3900018,,,0,,,,,
464520,46B5700010,鹿児島県,湧水町,あいらの森ホスピタル介護医療院,アイラノモリホスピタルカイゴイリョウイン,介護医療院,鹿児島県姶良郡湧水町北方１８５４,,31.957753700000000,130.712951100000000,0995-74-2503,0995-74-2504,5340005002770,医療法人永光会,46B5700010,,,,https://airaforest.jp/,,,,
472018,47B0100017,沖縄県,那覇市,介護医療院　小禄みなみ,カイゴイリョウイン　オロクミナミ,介護医療院,沖縄県那覇市宮城１－１－３７小禄みなみ診療所　２階,小禄みなみ診療所　２階,26.187331300000000,127.658581700000010,098-857-3949,098-857-4839,7360005000399,医療法人城南会,47B0100017,,,21,http://www.jonan.or.jp,,,,
472077,47B0700014,沖縄県,石垣市,医療法人徳洲会　石垣島徳洲会介護医療院,イリョウホウジントクシュウカイ　イシガキジマトクシュウカイカイゴイリョウイン,介護医療院,大浜字南大浜446－1,,0.000000000000000,0.000000000000000,0980－87－0551,0980－87－8511,1120005005403,医療法人徳洲会,47B0700014,,,,,,,,
472085,47B0800012,沖縄県,浦添市,介護医療院にしばる,カイゴイリョウインニシバル,介護医療院,沖縄県浦添市西原三丁目20番10号,,26.251808100000000,127.752509900000000,0988780055,0988760570,7360005002494,医療法人大平会,47B0800012,,,100,https://ohirakai.or.jp/,,,,
472107,47B1000026,沖縄県,糸満市,介護医療院ウェルネス,カイゴイリョウイン　ウェルネス,介護医療院,沖縄県糸満市字糸満2041番地の5,,26.134931500000000,127.670144700000000,098-994-2582,098-994-3307,2360005001419,医療法人以和貴会,47B1000026,,,,https://iwakikai.net/wp-content/themes/iwakikai/assets/pdf/wellness/kaigoiryouin-wellness.pdf,,,,
473065,47B1400010,沖縄県,今帰仁村,医療法人光風会北山病院(介護医療院）,イリョウホウジンコウフウカイホクザンビョウインカイゴイリョウイン,介護医療院,沖縄県国頭郡今帰仁村字今泊307番地,,26.699174554762710,127.925336346639470,0980-56-2339,0980-56-2340,7360005003402,医療法人光風会,47B1400010,,,60,https:/www.oki-kofukai.or.jp,,,,
473251,47B2300011,沖縄県,嘉手納町,医療法人仁誠会　名嘉病院（介護医療院）,イリョウホウジン　ジンセイカイ　ナカビョウイン　（カイゴイリョウイン）,介護医療院,沖縄県中頭郡嘉手納町字嘉手納258番地,,26.367268600000000,127.755032900000000,（098）956-1161,（098）956-3201,6360005002537,医療法人仁誠会　名嘉病院（介護医療院）,47B2300011,,,,https://nakahp.com/,,,,
473502,47B3600013,沖縄県,南風原町,介護医療院はくあい,カイゴイリョウインハクアイ,介護医療院,沖縄県島尻郡南風原町新川484番地の1,,26.211357100000000,127.727381400000000,098-889-4830,098-888-4031,3360005001830,医療法人フェニックス,47B3600013,,,0,https://hakuai-hsp.jp/,,,,
