<?xml version="1.0" encoding="UTF-8"?>
<osm version="0.6" generator="openstreetmap-cgimap 2.1.0 (2942769 spike-08.openstreetmap.org)" copyright="OpenStreetMap and contributors" attribution="http://www.openstreetmap.org/copyright" license="http://opendatacommons.org/licenses/odbl/1-0/">
 <bounds minlat="33.9755040" minlon="131.2145040" maxlat="33.9779040" maxlon="131.2175040"/>
 <node id="1351044865" visible="true" version="4" changeset="21925695" timestamp="2014-04-25T08:30:12Z" user="mklyr" uid="614924" lat="33.9729909" lon="131.2165154"/>
 <node id="1351047814" visible="true" version="4" changeset="101863080" timestamp="2021-03-28T07:40:15Z" user="mklyr" uid="614924" lat="33.9739850" lon="131.2164838"/>
 <node id="1351049176" visible="true" version="4" changeset="101863080" timestamp="2021-03-28T07:40:15Z" user="mklyr" uid="614924" lat="33.9744071" lon="131.2164651"/>
 <node id="1351050363" visible="true" version="6" changeset="148856911" timestamp="2024-03-19T11:47:25Z" user="paopao234" uid="8303738" lat="33.9760359" lon="131.2164011"/>
 <node id="1351050633" visible="true" version="4" changeset="57626257" timestamp="2018-03-29T08:55:36Z" user="mklyr" uid="614924" lat="33.9762306" lon="131.2137548"/>
 <node id="1351050721" visible="true" version="5" changeset="148856911" timestamp="2024-03-19T11:47:25Z" user="paopao234" uid="8303738" lat="33.9763058" lon="131.2164749"/>
 <node id="1351050786" visible="true" version="7" changeset="148856911" timestamp="2024-03-19T11:47:25Z" user="paopao234" uid="8303738" lat="33.9765568" lon="131.2175504"/>
 <node id="1351050801" visible="true" version="6" changeset="148856911" timestamp="2024-03-19T11:47:25Z" user="paopao234" uid="8303738" lat="33.9765476" lon="131.2178447"/>
 <node id="1351050814" visible="true" version="7" changeset="148856911" timestamp="2024-03-19T11:47:25Z" user="paopao234" uid="8303738" lat="33.9765561" lon="131.2169063"/>
 <node id="1351050833" visible="true" version="6" changeset="148856911" timestamp="2024-03-19T11:47:25Z" user="paopao234" uid="8303738" lat="33.9765447" lon="131.2179585"/>
 <node id="1351050914" visible="true" version="8" changeset="148856911" timestamp="2024-03-19T11:47:25Z" user="paopao234" uid="8303738" lat="33.9765836" lon="131.2166133">
  <tag k="highway" v="traffic_signals"/>
  <tag k="name:en" v="Higashiwari"/>
  <tag k="name:ja" v="東割"/>
 </node>
 <node id="1351050916" visible="true" version="7" changeset="148856911" timestamp="2024-03-19T11:47:25Z" user="paopao234" uid="8303738" lat="33.9767367" lon="131.2177615"/>
 <node id="1351050929" visible="true" version="8" changeset="148856911" timestamp="2024-03-19T11:47:25Z" user="paopao234" uid="8303738" lat="33.9768539" lon="131.2172167"/>
 <node id="1351050937" visible="true" version="11" changeset="148856911" timestamp="2024-03-19T11:47:25Z" user="paopao234" uid="8303738" lat="33.9766536" lon="131.2181794"/>
 <node id="1351050968" visible="true" version="7" changeset="148856911" timestamp="2024-03-19T11:47:25Z" user="paopao234" uid="8303738" lat="33.9766077" lon="131.2164958"/>
 <node id="1351050986" visible="true" version="7" changeset="148856911" timestamp="2024-03-19T11:47:25Z" user="paopao234" uid="8303738" lat="33.9768008" lon="131.2159820"/>
 <node id="1351050993" visible="true" version="6" changeset="148150632" timestamp="2024-03-03T00:21:54Z" user="paopao234" uid="8303738" lat="33.9766828" lon="131.2180984"/>
 <node id="1351051027" visible="true" version="6" changeset="55009249" timestamp="2017-12-29T12:58:06Z" user="mklyr" uid="614924" lat="33.9768018" lon="131.2157732"/>
 <node id="1351051035" visible="true" version="8" changeset="148856911" timestamp="2024-03-19T11:47:25Z" user="paopao234" uid="8303738" lat="33.9769372" lon="131.2167989"/>
 <node id="1351051102" visible="true" version="5" changeset="55009249" timestamp="2017-12-29T12:58:06Z" user="mklyr" uid="614924" lat="33.9769365" lon="131.2149911"/>
 <node id="1351051141" visible="true" version="6" changeset="148856911" timestamp="2024-03-19T11:47:25Z" user="paopao234" uid="8303738" lat="33.9769779" lon="131.2147174"/>
 <node id="1351051145" visible="true" version="5" changeset="54957334" timestamp="2017-12-27T14:31:37Z" user="mklyr" uid="614924" lat="33.9768622" lon="131.2177064"/>
 <node id="1351051169" visible="true" version="6" changeset="54957334" timestamp="2017-12-27T14:31:37Z" user="mklyr" uid="614924" lat="33.9770165" lon="131.2163036"/>
 <node id="1351051234" visible="true" version="7" changeset="148856911" timestamp="2024-03-19T11:47:25Z" user="paopao234" uid="8303738" lat="33.9770091" lon="131.2144359"/>
 <node id="1351051240" visible="true" version="6" changeset="56391062" timestamp="2018-02-15T17:22:09Z" user="mklyr" uid="614924" lat="33.9770991" lon="131.2156936"/>
 <node id="1351051281" visible="true" version="6" changeset="148856911" timestamp="2024-03-19T11:47:25Z" user="paopao234" uid="8303738" lat="33.9770371" lon="131.2141432"/>
 <node id="1351051317" visible="true" version="4" changeset="54957334" timestamp="2017-12-27T14:31:37Z" user="mklyr" uid="614924" lat="33.9770967" lon="131.2171694"/>
 <node id="1351051372" visible="true" version="5" changeset="54957334" timestamp="2017-12-27T14:31:37Z" user="mklyr" uid="614924" lat="33.9771971" lon="131.2169442"/>
 <node id="1351051405" visible="true" version="8" changeset="56391062" timestamp="2018-02-15T17:22:09Z" user="mklyr" uid="614924" lat="33.9771762" lon="131.2149398"/>
 <node id="1351051564" visible="true" version="7" changeset="78869985" timestamp="2019-12-26T07:55:32Z" user="mklyr" uid="614924" lat="33.9772250" lon="131.2140542"/>
 <node id="1351051598" visible="true" version="5" changeset="148856911" timestamp="2024-03-19T11:47:25Z" user="paopao234" uid="8303738" lat="33.9772972" lon="131.2166407">
  <tag k="highway" v="traffic_signals"/>
  <tag k="traffic_signals" v="signal"/>
 </node>
 <node id="1351051601" visible="true" version="5" changeset="148856911" timestamp="2024-03-19T11:47:25Z" user="paopao234" uid="8303738" lat="33.9773073" lon="131.2145029"/>
 <node id="1351051608" visible="true" version="8" changeset="148186787" timestamp="2024-03-04T01:39:18Z" user="paopao234" uid="8303738" lat="33.9772376" lon="131.2137118"/>
 <node id="1351051644" visible="true" version="5" changeset="148856911" timestamp="2024-03-19T11:47:25Z" user="paopao234" uid="8303738" lat="33.9773250" lon="131.2164873">
  <tag k="crossing" v="traffic_signals"/>
  <tag k="highway" v="crossing"/>
 </node>
 <node id="1351051667" visible="true" version="2" changeset="54957334" timestamp="2017-12-27T14:31:37Z" user="mklyr" uid="614924" lat="33.9773295" lon="131.2153010"/>
 <node id="1351051678" visible="true" version="3" changeset="148856911" timestamp="2024-03-19T11:47:25Z" user="paopao234" uid="8303738" lat="33.9773386" lon="131.2161211"/>
 <node id="1351051684" visible="true" version="3" changeset="54957334" timestamp="2017-12-27T14:31:37Z" user="mklyr" uid="614924" lat="33.9773382" lon="131.2157308"/>
 <node id="1351053062" visible="true" version="7" changeset="54957334" timestamp="2017-12-27T14:31:38Z" user="mklyr" uid="614924" lat="33.9786676" lon="131.2166102"/>
 <node id="1351056495" visible="true" version="9" changeset="57626257" timestamp="2018-03-29T08:55:36Z" user="mklyr" uid="614924" lat="33.9818570" lon="131.2165881">
  <tag k="highway" v="traffic_signals"/>
 </node>
 <node id="1351056687" visible="true" version="6" changeset="57626257" timestamp="2018-03-29T08:55:36Z" user="mklyr" uid="614924" lat="33.9820678" lon="131.2166006"/>
 <node id="1351058554" visible="true" version="7" changeset="148448133" timestamp="2024-03-10T05:26:54Z" user="paopao234" uid="8303738" lat="33.9837901" lon="131.2166594">
  <tag k="highway" v="traffic_signals"/>
 </node>
 <node id="1351060385" visible="true" version="5" changeset="184780484" timestamp="2026-06-29T07:39:41Z" user="mklyr" uid="614924" lat="33.9865969" lon="131.2167540"/>
 <node id="1351060848" visible="true" version="6" changeset="69633999" timestamp="2019-04-27T08:53:09Z" user="mklyr" uid="614924" lat="33.9873114" lon="131.2167763">
  <tag k="highway" v="traffic_signals"/>
 </node>
 <node id="1351063210" visible="true" version="3" changeset="15578754" timestamp="2013-04-02T08:55:59Z" user="mklyr" uid="614924" lat="33.9890572" lon="131.2168355"/>
 <node id="1351063287" visible="true" version="4" changeset="15578754" timestamp="2013-04-02T08:56:00Z" user="mklyr" uid="614924" lat="33.9892167" lon="131.2168436"/>
 <node id="1351063319" visible="true" version="4" changeset="15578754" timestamp="2013-04-02T08:56:00Z" user="mklyr" uid="614924" lat="33.9893252" lon="131.2168559"/>
 <node id="1351063412" visible="true" version="5" changeset="15578754" timestamp="2013-04-02T08:56:00Z" user="mklyr" uid="614924" lat="33.9893940" lon="131.2168636"/>
 <node id="1351063515" visible="true" version="4" changeset="15578754" timestamp="2013-04-02T08:56:00Z" user="mklyr" uid="614924" lat="33.9895512" lon="131.2168883"/>
 <node id="1351063660" visible="true" version="4" changeset="15578754" timestamp="2013-04-02T08:56:00Z" user="mklyr" uid="614924" lat="33.9897469" lon="131.2169415"/>
 <node id="1351063847" visible="true" version="4" changeset="15578754" timestamp="2013-04-02T08:56:00Z" user="mklyr" uid="614924" lat="33.9899627" lon="131.2170186"/>
 <node id="1351064267" visible="true" version="5" changeset="68657669" timestamp="2019-03-29T09:18:08Z" user="mklyr" uid="614924" lat="33.9908394" lon="131.2175274"/>
 <node id="1351064927" visible="true" version="4" changeset="57945212" timestamp="2018-04-09T16:08:32Z" user="mklyr" uid="614924" lat="33.9918145" lon="131.2181496">
  <tag k="highway" v="traffic_signals"/>
 </node>
 <node id="1351065397" visible="true" version="3" changeset="21687075" timestamp="2014-04-14T14:37:39Z" user="mklyr" uid="614924" lat="33.9926517" lon="131.2186615"/>
 <node id="1351065419" visible="true" version="4" changeset="170042622" timestamp="2025-08-06T07:56:43Z" user="taketaketake" uid="4757277" lat="33.9927715" lon="131.2187190"/>
 <node id="1695777492" visible="true" version="3" changeset="148856911" timestamp="2024-03-19T11:47:25Z" user="paopao234" uid="8303738" lat="33.9761747" lon="131.2164306"/>
 <node id="1933423096" visible="true" version="3" changeset="54957334" timestamp="2017-12-27T14:31:39Z" user="mklyr" uid="614924" lat="33.9772993" lon="131.2140778"/>
 <node id="1942720678" visible="true" version="2" changeset="15578754" timestamp="2013-04-02T08:56:07Z" user="mklyr" uid="614924" lat="33.9807915" lon="131.2165554"/>
 <node id="1942720679" visible="true" version="2" changeset="15578754" timestamp="2013-04-02T08:56:07Z" user="mklyr" uid="614924" lat="33.9802623" lon="131.2165507"/>
 <node id="1998273517" visible="true" version="4" changeset="148856911" timestamp="2024-03-19T11:47:25Z" user="paopao234" uid="8303738" lat="33.9753895" lon="131.2164076"/>
 <node id="1998273520" visible="true" version="3" changeset="148856911" timestamp="2024-03-19T11:47:25Z" user="paopao234" uid="8303738" lat="33.9758233" lon="131.2163902"/>
 <node id="2000842421" visible="true" version="5" changeset="148856911" timestamp="2024-03-19T11:47:25Z" user="paopao234" uid="8303738" lat="33.9768846" lon="131.2181083"/>
 <node id="2000842424" visible="true" version="5" changeset="148856911" timestamp="2024-03-19T11:47:25Z" user="paopao234" uid="8303738" lat="33.9769200" lon="131.2179707"/>
 <node id="2000842427" visible="true" version="5" changeset="148856911" timestamp="2024-03-19T11:47:25Z" user="paopao234" uid="8303738" lat="33.9769734" lon="131.2177642"/>
 <node id="2000842430" visible="true" version="4" changeset="148150632" timestamp="2024-03-03T00:21:54Z" user="paopao234" uid="8303738" lat="33.9770256" lon="131.2175945"/>
 <node id="2000842433" visible="true" version="4" changeset="148150632" timestamp="2024-03-03T00:21:54Z" user="paopao234" uid="8303738" lat="33.9771045" lon="131.2173302"/>
 <node id="2000842436" visible="true" version="4" changeset="148856911" timestamp="2024-03-19T11:47:25Z" user="paopao234" uid="8303738" lat="33.9771317" lon="131.2172267"/>
 <node id="2019509256" visible="true" version="2" changeset="15578754" timestamp="2013-04-02T08:56:07Z" user="mklyr" uid="614924" lat="33.9901819" lon="131.2171238"/>
 <node id="2022854541" visible="true" version="4" changeset="148856911" timestamp="2024-03-19T11:47:25Z" user="paopao234" uid="8303738" lat="33.9768512" lon="131.2158093"/>
 <node id="2022854542" visible="true" version="4" changeset="148856911" timestamp="2024-03-19T11:47:25Z" user="paopao234" uid="8303738" lat="33.9768882" lon="131.2156415"/>
 <node id="2022854543" visible="true" version="4" changeset="148856911" timestamp="2024-03-19T11:47:25Z" user="paopao234" uid="8303738" lat="33.9770398" lon="131.2147428"/>
 <node id="2022854544" visible="true" version="5" changeset="148856911" timestamp="2024-03-19T11:47:25Z" user="paopao234" uid="8303738" lat="33.9770633" lon="131.2144691"/>
 <node id="2022854545" visible="true" version="4" changeset="54957334" timestamp="2017-12-27T14:31:39Z" user="mklyr" uid="614924" lat="33.9772144" lon="131.2142970"/>
 <node id="2334395709" visible="true" version="4" changeset="148856911" timestamp="2024-03-19T11:47:25Z" user="paopao234" uid="8303738" lat="33.9765609" lon="131.2180853"/>
 <node id="2334395714" visible="true" version="4" changeset="148856911" timestamp="2024-03-19T11:47:25Z" user="paopao234" uid="8303738" lat="33.9767662" lon="131.2172005"/>
 <node id="2334395718" visible="true" version="4" changeset="148856911" timestamp="2024-03-19T11:47:25Z" user="paopao234" uid="8303738" lat="33.9768433" lon="131.2167895"/>
 <node id="2334395723" visible="true" version="2" changeset="54957334" timestamp="2017-12-27T14:31:41Z" user="mklyr" uid="614924" lat="33.9769223" lon="131.2163048"/>
 <node id="2334395727" visible="true" version="2" changeset="56391062" timestamp="2018-02-15T17:22:09Z" user="mklyr" uid="614924" lat="33.9769929" lon="131.2158062"/>
 <node id="2334395731" visible="true" version="2" changeset="56391062" timestamp="2018-02-15T17:22:09Z" user="mklyr" uid="614924" lat="33.9770466" lon="131.2153552"/>
 <node id="2334395734" visible="true" version="3" changeset="78869985" timestamp="2019-12-26T07:55:32Z" user="mklyr" uid="614924" lat="33.9770843" lon="131.2149539"/>
 <node id="2334395736" visible="true" version="5" changeset="148856911" timestamp="2024-03-19T11:47:25Z" user="paopao234" uid="8303738" lat="33.9771181" lon="131.2142072"/>
 <node id="2334395737" visible="true" version="5" changeset="148856911" timestamp="2024-03-19T11:47:25Z" user="paopao234" uid="8303738" lat="33.9771277" lon="131.2139998"/>
 <node id="2334395739" visible="true" version="4" changeset="148186787" timestamp="2024-03-04T01:39:18Z" user="paopao234" uid="8303738" lat="33.9771391" lon="131.2137247"/>
 <node id="2469808302" visible="true" version="3" changeset="148856911" timestamp="2024-03-19T11:47:25Z" user="paopao234" uid="8303738" lat="33.9766494" lon="131.2163572"/>
 <node id="2469808303" visible="true" version="3" changeset="148856911" timestamp="2024-03-19T11:47:25Z" user="paopao234" uid="8303738" lat="33.9767052" lon="131.2161976"/>
 <node id="2469808305" visible="true" version="5" changeset="148856911" timestamp="2024-03-19T11:47:25Z" user="paopao234" uid="8303738" lat="33.9772775" lon="131.2167148">
  <tag k="highway" v="traffic_signals"/>
  <tag k="traffic_signals" v="signal"/>
 </node>
 <node id="2469808306" visible="true" version="4" changeset="148856911" timestamp="2024-03-19T11:47:25Z" user="paopao234" uid="8303738" lat="33.9771999" lon="131.2164013"/>
 <node id="2469808307" visible="true" version="4" changeset="148856911" timestamp="2024-03-19T11:47:25Z" user="paopao234" uid="8303738" lat="33.9772466" lon="131.2161522"/>
 <node id="2469808308" visible="true" version="2" changeset="54957334" timestamp="2017-12-27T14:31:42Z" user="mklyr" uid="614924" lat="33.9772771" lon="131.2145983"/>
 <node id="2469808310" visible="true" version="2" changeset="54957334" timestamp="2017-12-27T14:31:42Z" user="mklyr" uid="614924" lat="33.9772754" lon="131.2160029"/>
 <node id="2469808311" visible="true" version="3" changeset="148856911" timestamp="2024-03-19T11:47:25Z" user="paopao234" uid="8303738" lat="33.9772852" lon="131.2145153"/>
 <node id="2469808312" visible="true" version="4" changeset="78849819" timestamp="2019-12-25T15:14:28Z" user="mklyr" uid="614924" lat="33.9772991" lon="131.2158000"/>
 <node id="2469808313" visible="true" version="3" changeset="78849819" timestamp="2019-12-25T15:14:28Z" user="mklyr" uid="614924" lat="33.9773041" lon="131.2155082"/>
 <node id="2710984323" visible="true" version="1" changeset="21029004" timestamp="2014-03-10T16:23:19Z" user="mklyr" uid="614924" lat="33.9903292" lon="131.2172114"/>
 <node id="2712259533" visible="true" version="2" changeset="148856911" timestamp="2024-03-19T11:47:25Z" user="paopao234" uid="8303738" lat="33.9767430" lon="131.2166245"/>
 <node id="2790456144" visible="true" version="1" changeset="21687075" timestamp="2014-04-14T14:37:30Z" user="mklyr" uid="614924" lat="33.9919737" lon="131.2182583"/>
 <node id="3248376078" visible="true" version="1" changeset="27639366" timestamp="2014-12-22T21:30:02Z" user="42429" uid="42429" lat="33.9840072" lon="131.2170479">
  <tag k="power" v="tower"/>
  <tag k="source" v="Bing"/>
 </node>
 <node id="3248382270" visible="true" version="1" changeset="27639366" timestamp="2014-12-22T21:29:28Z" user="42429" uid="42429" lat="33.9573055" lon="131.2100511">
  <tag k="power" v="tower"/>
  <tag k="source" v="Bing"/>
 </node>
 <node id="3248382280" visible="true" version="1" changeset="27639366" timestamp="2014-12-22T21:29:33Z" user="42429" uid="42429" lat="33.9640920" lon="131.2126272">
  <tag k="power" v="tower"/>
  <tag k="source" v="Bing"/>
 </node>
 <node id="3248382309" visible="true" version="1" changeset="27639366" timestamp="2014-12-22T21:30:03Z" user="42429" uid="42429" lat="33.9843515" lon="131.2272402">
  <tag k="power" v="tower"/>
  <tag k="source" v="Bing"/>
 </node>
 <node id="3248382310" visible="true" version="3" changeset="113305136" timestamp="2021-11-02T22:29:29Z" user="AYAGE" uid="521665" lat="33.9846525" lon="131.2339006">
  <tag k="power" v="tower"/>
  <tag k="source" v="Bing"/>
 </node>
 <node id="3248382588" visible="true" version="2" changeset="62048413" timestamp="2018-08-27T18:26:41Z" user="bahnpirat" uid="13203" lat="33.9848452" lon="131.2388357">
  <tag k="power" v="tower"/>
  <tag k="source" v="Bing"/>
 </node>
 <node id="3248383166" visible="true" version="1" changeset="27639366" timestamp="2014-12-22T21:29:29Z" user="42429" uid="42429" lat="33.9586527" lon="131.2108090">
  <tag k="power" v="tower"/>
  <tag k="source" v="Bing"/>
 </node>
 <node id="3248383168" visible="true" version="1" changeset="27639366" timestamp="2014-12-22T21:29:38Z" user="42429" uid="42429" lat="33.9670094" lon="131.2130995">
  <tag k="power" v="tower"/>
  <tag k="source" v="Bing"/>
 </node>
 <node id="3248383178" visible="true" version="2" changeset="113258418" timestamp="2021-11-01T22:56:10Z" user="AYAGE" uid="521665" lat="33.9838643" lon="131.2416184">
  <tag k="power" v="tower"/>
  <tag k="source" v="Bing"/>
 </node>
 <node id="3248383179" visible="true" version="2" changeset="62048413" timestamp="2018-08-27T18:26:41Z" user="bahnpirat" uid="13203" lat="33.9847777" lon="131.2371372">
  <tag k="power" v="tower"/>
  <tag k="source" v="Bing"/>
 </node>
 <node id="3248383271" visible="true" version="1" changeset="27639366" timestamp="2014-12-22T21:29:27Z" user="42429" uid="42429" lat="33.9555647" lon="131.2102612">
  <tag k="power" v="tower"/>
  <tag k="source" v="Bing"/>
 </node>
 <node id="3248383276" visible="true" version="1" changeset="27639366" timestamp="2014-12-22T21:29:43Z" user="42429" uid="42429" lat="33.9713404" lon="131.2139612">
  <tag k="power" v="tower"/>
  <tag k="source" v="Bing"/>
 </node>
 <node id="3248383285" visible="true" version="1" changeset="27639366" timestamp="2014-12-22T21:30:04Z" user="42429" uid="42429" lat="33.9845095" lon="131.2313934">
  <tag k="power" v="tower"/>
  <tag k="source" v="Bing"/>
 </node>
 <node id="3248383368" visible="true" version="1" changeset="27639366" timestamp="2014-12-22T21:29:32Z" user="42429" uid="42429" lat="33.9613172" lon="131.2122010">
  <tag k="power" v="tower"/>
  <tag k="source" v="Bing"/>
 </node>
 <node id="3248383372" visible="true" version="1" changeset="27639366" timestamp="2014-12-22T21:29:40Z" user="42429" uid="42429" lat="33.9688397" lon="131.2135548">
  <tag k="power" v="tower"/>
  <tag k="source" v="Bing"/>
 </node>
 <node id="3248383377" visible="true" version="1" changeset="27639366" timestamp="2014-12-22T21:29:51Z" user="42429" uid="42429" lat="33.9736361" lon="131.2143271">
  <tag k="power" v="tower"/>
  <tag k="source" v="Bing"/>
 </node>
 <node id="3248383381" visible="true" version="1" changeset="27639366" timestamp="2014-12-22T21:29:57Z" user="42429" uid="42429" lat="33.9758065" lon="131.2146542">
  <tag k="power" v="tower"/>
  <tag k="source" v="Bing"/>
 </node>
 <node id="3248383383" visible="true" version="1" changeset="27639366" timestamp="2014-12-22T21:29:59Z" user="42429" uid="42429" lat="33.9777834" lon="131.2149814">
  <tag k="power" v="tower"/>
  <tag k="source" v="Bing"/>
 </node>
 <node id="3248383385" visible="true" version="1" changeset="27639366" timestamp="2014-12-22T21:30:00Z" user="42429" uid="42429" lat="33.9797296" lon="131.2152829">
  <tag k="power" v="tower"/>
  <tag k="source" v="Bing"/>
 </node>
 <node id="3248383386" visible="true" version="1" changeset="27639366" timestamp="2014-12-22T21:30:05Z" user="42429" uid="42429" lat="33.9848383" lon="131.2195622">
  <tag k="power" v="tower"/>
  <tag k="source" v="Bing"/>
 </node>
 <node id="3248425077" visible="true" version="1" changeset="27639366" timestamp="2014-12-22T21:30:01Z" user="42429" uid="42429" lat="33.9824447" lon="131.2159031">
  <tag k="power" v="tower"/>
  <tag k="source" v="Bing"/>
 </node>
 <node id="3248425273" visible="true" version="1" changeset="27639366" timestamp="2014-12-22T21:30:05Z" user="42429" uid="42429" lat="33.9857613" lon="131.2222358">
  <tag k="power" v="tower"/>
  <tag k="source" v="Bing"/>
 </node>
 <node id="4712591998" visible="true" version="1" changeset="46509972" timestamp="2017-03-02T01:13:01Z" user="mmkato" uid="3760104" lat="33.9774755" lon="131.2155031">
  <tag k="name" v="山口マツダ"/>
  <tag k="shop" v="car"/>
  <tag k="source" v="survey"/>
 </node>
 <node id="4750649962" visible="true" version="1" changeset="47091910" timestamp="2017-03-23T09:59:07Z" user="mmkato" uid="3760104" lat="33.9766940" lon="131.2160066">
  <tag k="highway" v="bus_stop"/>
  <tag k="name" v="東割"/>
  <tag k="operator" v="宇部市交通局"/>
 </node>
 <node id="4750649963" visible="true" version="1" changeset="47091910" timestamp="2017-03-23T09:59:07Z" user="mmkato" uid="3760104" lat="33.9771126" lon="131.2174384">
  <tag k="highway" v="bus_stop"/>
  <tag k="name" v="東割"/>
  <tag k="operator" v="宇部市交通局"/>
 </node>
 <node id="5310218493" visible="true" version="1" changeset="55009249" timestamp="2017-12-29T12:58:05Z" user="mklyr" uid="614924" lat="33.9800535" lon="131.2165622"/>
 <node id="5310218494" visible="true" version="2" changeset="148856911" timestamp="2024-03-19T11:47:25Z" user="paopao234" uid="8303738" lat="33.9767130" lon="131.2165869"/>
 <node id="5310218495" visible="true" version="2" changeset="148856911" timestamp="2024-03-19T11:47:25Z" user="paopao234" uid="8303738" lat="33.9766921" lon="131.2164980">
  <tag k="crossing" v="traffic_signals"/>
  <tag k="highway" v="crossing"/>
 </node>
 <node id="5310218496" visible="true" version="2" changeset="148856911" timestamp="2024-03-19T11:47:25Z" user="paopao234" uid="8303738" lat="33.9767019" lon="131.2164503"/>
 <node id="5310218497" visible="true" version="2" changeset="148856911" timestamp="2024-03-19T11:47:25Z" user="paopao234" uid="8303738" lat="33.9767582" lon="131.2162842"/>
 <node id="5310218498" visible="true" version="2" changeset="148856911" timestamp="2024-03-19T11:47:25Z" user="paopao234" uid="8303738" lat="33.9767954" lon="131.2161083"/>
 <node id="7084009518" visible="true" version="1" changeset="78849819" timestamp="2019-12-25T15:14:28Z" user="mklyr" uid="614924" lat="33.9782551" lon="131.2166267"/>
 <node id="7085637481" visible="true" version="1" changeset="78869985" timestamp="2019-12-26T07:55:32Z" user="mklyr" uid="614924" lat="33.9826255" lon="131.2166165"/>
 <node id="7085653305" visible="true" version="2" changeset="148186787" timestamp="2024-03-04T01:39:18Z" user="paopao234" uid="8303738" lat="33.9772845" lon="131.2137094"/>
 <node id="8033007346" visible="true" version="1" changeset="92847038" timestamp="2020-10-21T17:31:39Z" user="denpa1" uid="12030302" lat="33.9778649" lon="131.2171917">
  <tag k="amenity" v="social_facility"/>
  <tag k="name" v="セントヒルホームこうなん"/>
  <tag k="social_facility" v="nursing_home"/>
  <tag k="social_facility:for" v="senior"/>
 </node>
 <node id="8033007347" visible="true" version="3" changeset="101863080" timestamp="2021-03-28T07:40:15Z" user="mklyr" uid="614924" lat="33.9780998" lon="131.2138313"/>
 <node id="8033007348" visible="true" version="3" changeset="101863080" timestamp="2021-03-28T07:40:15Z" user="mklyr" uid="614924" lat="33.9776804" lon="131.2138615"/>
 <node id="8033007349" visible="true" version="3" changeset="101863080" timestamp="2021-03-28T07:40:15Z" user="mklyr" uid="614924" lat="33.9777164" lon="131.2145890"/>
 <node id="8033007350" visible="true" version="3" changeset="101863080" timestamp="2021-03-28T07:40:15Z" user="mklyr" uid="614924" lat="33.9778340" lon="131.2145806"/>
 <node id="8033007351" visible="true" version="3" changeset="101863080" timestamp="2021-03-28T07:40:15Z" user="mklyr" uid="614924" lat="33.9778806" lon="131.2146608"/>
 <node id="8033007352" visible="true" version="2" changeset="101863080" timestamp="2021-03-28T07:40:15Z" user="mklyr" uid="614924" lat="33.9781423" lon="131.2146902"/>
 <node id="8033007353" visible="true" version="2" changeset="101820113" timestamp="2021-03-26T22:24:51Z" user="Jackey_24" uid="12932462" lat="33.9775868" lon="131.2154219"/>
 <node id="8033007354" visible="true" version="2" changeset="101820113" timestamp="2021-03-26T22:24:51Z" user="Jackey_24" uid="12932462" lat="33.9775802" lon="131.2155801"/>
 <node id="8033007355" visible="true" version="2" changeset="101820113" timestamp="2021-03-26T22:24:51Z" user="Jackey_24" uid="12932462" lat="33.9775476" lon="131.2155788"/>
 <node id="8033007356" visible="true" version="2" changeset="101820113" timestamp="2021-03-26T22:24:51Z" user="Jackey_24" uid="12932462" lat="33.9775490" lon="131.2157173"/>
 <node id="8033007357" visible="true" version="2" changeset="101820113" timestamp="2021-03-26T22:24:51Z" user="Jackey_24" uid="12932462" lat="33.9774627" lon="131.2157191"/>
 <node id="8033007358" visible="true" version="2" changeset="101820113" timestamp="2021-03-26T22:24:51Z" user="Jackey_24" uid="12932462" lat="33.9774546" lon="131.2156139"/>
 <node id="8033007359" visible="true" version="2" changeset="101820113" timestamp="2021-03-26T22:24:51Z" user="Jackey_24" uid="12932462" lat="33.9773931" lon="131.2156076"/>
 <node id="8033007360" visible="true" version="2" changeset="101820113" timestamp="2021-03-26T22:24:51Z" user="Jackey_24" uid="12932462" lat="33.9773841" lon="131.2154327"/>
 <node id="8033007361" visible="true" version="2" changeset="101820113" timestamp="2021-03-26T22:24:51Z" user="Jackey_24" uid="12932462" lat="33.9774306" lon="131.2154265"/>
 <node id="8033007362" visible="true" version="2" changeset="101820113" timestamp="2021-03-26T22:24:51Z" user="Jackey_24" uid="12932462" lat="33.9774321" lon="131.2153084"/>
 <node id="8033007363" visible="true" version="2" changeset="101820113" timestamp="2021-03-26T22:24:51Z" user="Jackey_24" uid="12932462" lat="33.9775090" lon="131.2153057"/>
 <node id="8033007364" visible="true" version="2" changeset="101820113" timestamp="2021-03-26T22:24:51Z" user="Jackey_24" uid="12932462" lat="33.9775136" lon="131.2154204"/>
 <node id="8033007365" visible="true" version="1" changeset="92847038" timestamp="2020-10-21T17:31:39Z" user="denpa1" uid="12030302" lat="33.9777498" lon="131.2167350"/>
 <node id="8033007366" visible="true" version="1" changeset="92847038" timestamp="2020-10-21T17:31:39Z" user="denpa1" uid="12030302" lat="33.9777930" lon="131.2180993"/>
 <node id="8033007367" visible="true" version="1" changeset="92847038" timestamp="2020-10-21T17:31:39Z" user="denpa1" uid="12030302" lat="33.9779757" lon="131.2180908"/>
 <node id="8033007368" visible="true" version="1" changeset="92847038" timestamp="2020-10-21T17:31:39Z" user="denpa1" uid="12030302" lat="33.9779697" lon="131.2179023"/>
 <node id="8033007369" visible="true" version="1" changeset="92847038" timestamp="2020-10-21T17:31:39Z" user="denpa1" uid="12030302" lat="33.9781163" lon="131.2178955"/>
 <node id="8033007370" visible="true" version="1" changeset="92847038" timestamp="2020-10-21T17:31:39Z" user="denpa1" uid="12030302" lat="33.9780960" lon="131.2172574"/>
 <node id="8033007371" visible="true" version="1" changeset="92847038" timestamp="2020-10-21T17:31:39Z" user="denpa1" uid="12030302" lat="33.9781901" lon="131.2172531"/>
 <node id="8033007372" visible="true" version="1" changeset="92847038" timestamp="2020-10-21T17:31:39Z" user="denpa1" uid="12030302" lat="33.9781773" lon="131.2168525"/>
 <node id="8033007373" visible="true" version="1" changeset="92847038" timestamp="2020-10-21T17:31:39Z" user="denpa1" uid="12030302" lat="33.9780832" lon="131.2168569"/>
 <node id="8033007374" visible="true" version="1" changeset="92847038" timestamp="2020-10-21T17:31:39Z" user="denpa1" uid="12030302" lat="33.9780789" lon="131.2167198"/>
 <node id="8033007383" visible="true" version="1" changeset="92847038" timestamp="2020-10-21T17:31:39Z" user="denpa1" uid="12030302" lat="33.9775112" lon="131.2172237"/>
 <node id="8033007384" visible="true" version="1" changeset="92847038" timestamp="2020-10-21T17:31:39Z" user="denpa1" uid="12030302" lat="33.9773602" lon="131.2172484"/>
 <node id="8033007885" visible="true" version="1" changeset="92847038" timestamp="2020-10-21T17:31:39Z" user="denpa1" uid="12030302" lat="33.9773939" lon="131.2175491"/>
 <node id="8033007886" visible="true" version="1" changeset="92847038" timestamp="2020-10-21T17:31:39Z" user="denpa1" uid="12030302" lat="33.9775450" lon="131.2175244"/>
 <node id="8033130603" visible="true" version="1" changeset="92848994" timestamp="2020-10-21T18:25:05Z" user="denpa1" uid="12030302" lat="33.9775813" lon="131.2153142">
  <tag k="internet_access" v="wlan"/>
  <tag k="internet_access:ssid" v="mazuda"/>
 </node>
 <node id="8565897651" visible="true" version="1" changeset="101818592" timestamp="2021-03-26T21:33:27Z" user="Jackey_24" uid="12932462" lat="33.9800069" lon="131.2153413"/>
 <node id="8566012198" visible="true" version="2" changeset="101863080" timestamp="2021-03-28T07:40:15Z" user="mklyr" uid="614924" lat="33.9778381" lon="131.2146639"/>
 <node id="8566012199" visible="true" version="2" changeset="101863080" timestamp="2021-03-28T07:40:15Z" user="mklyr" uid="614924" lat="33.9778830" lon="131.2147089"/>
 <node id="8566012202" visible="true" version="1" changeset="101820113" timestamp="2021-03-26T22:24:51Z" user="Jackey_24" uid="12932462" lat="33.9791655" lon="131.2165932"/>
 <node id="8566026942" visible="true" version="1" changeset="101820405" timestamp="2021-03-26T22:34:44Z" user="Jackey_24" uid="12932462" lat="33.9778411" lon="131.2163472"/>
 <node id="8566026943" visible="true" version="1" changeset="101820405" timestamp="2021-03-26T22:34:44Z" user="Jackey_24" uid="12932462" lat="33.9782128" lon="131.2163361"/>
 <node id="8566026951" visible="true" version="1" changeset="101820405" timestamp="2021-03-26T22:34:44Z" user="Jackey_24" uid="12932462" lat="33.9734603" lon="131.2165414"/>
 <node id="8566026952" visible="true" version="2" changeset="148856911" timestamp="2024-03-19T11:47:25Z" user="paopao234" uid="8303738" lat="33.9774195" lon="131.2163627"/>
 <node id="8566026954" visible="true" version="2" changeset="101863080" timestamp="2021-03-28T07:40:15Z" user="mklyr" uid="614924" lat="33.9765479" lon="131.2164033"/>
 <node id="8566026956" visible="true" version="2" changeset="153271213" timestamp="2024-06-28T01:26:31Z" user="taketaketake" uid="4757277" lat="33.9777564" lon="131.2163501"/>
 <node id="8566026958" visible="true" version="2" changeset="101863080" timestamp="2021-03-28T07:40:15Z" user="mklyr" uid="614924" lat="33.9758818" lon="131.2164379"/>
 <node id="8566026959" visible="true" version="2" changeset="101863080" timestamp="2021-03-28T07:40:15Z" user="mklyr" uid="614924" lat="33.9764053" lon="131.2164082"/>
 <node id="8566026960" visible="true" version="2" changeset="148856911" timestamp="2024-03-19T11:47:25Z" user="paopao234" uid="8303738" lat="33.9771299" lon="131.2163774"/>
 <node id="8566026962" visible="true" version="1" changeset="101820405" timestamp="2021-03-26T22:34:44Z" user="Jackey_24" uid="12932462" lat="33.9767662" lon="131.2163920"/>
 <node id="8568580243" visible="true" version="1" changeset="101863080" timestamp="2021-03-28T07:40:15Z" user="mklyr" uid="614924" lat="33.9768539" lon="131.2163821"/>
 <node id="8568580244" visible="true" version="1" changeset="101863080" timestamp="2021-03-28T07:40:15Z" user="mklyr" uid="614924" lat="33.9762755" lon="131.2163781"/>
 <node id="8568580245" visible="true" version="2" changeset="148856911" timestamp="2024-03-19T11:47:25Z" user="paopao234" uid="8303738" lat="33.9750950" lon="131.2164275"/>
 <node id="9219876571" visible="true" version="1" changeset="113305136" timestamp="2021-11-02T22:29:29Z" user="AYAGE" uid="521665" lat="33.9844382" lon="131.2290515">
  <tag k="power" v="tower"/>
 </node>
 <node id="11686041794" visible="true" version="2" changeset="148856911" timestamp="2024-03-19T11:47:25Z" user="paopao234" uid="8303738" lat="33.9766747" lon="131.2176321"/>
 <node id="11686041797" visible="true" version="2" changeset="148856911" timestamp="2024-03-19T11:47:25Z" user="paopao234" uid="8303738" lat="33.9769190" lon="131.2181351"/>
 <node id="11686041798" visible="true" version="2" changeset="148856911" timestamp="2024-03-19T11:47:25Z" user="paopao234" uid="8303738" lat="33.9770092" lon="131.2177484"/>
 <node id="11686041799" visible="true" version="1" changeset="148150632" timestamp="2024-03-03T00:21:54Z" user="paopao234" uid="8303738" lat="33.9770419" lon="131.2176398"/>
 <node id="11686041800" visible="true" version="1" changeset="148150632" timestamp="2024-03-03T00:21:54Z" user="paopao234" uid="8303738" lat="33.9771113" lon="131.2174954"/>
 <node id="11686041801" visible="true" version="1" changeset="148150632" timestamp="2024-03-03T00:21:54Z" user="paopao234" uid="8303738" lat="33.9771643" lon="131.2172825"/>
 <node id="11686041802" visible="true" version="1" changeset="148150632" timestamp="2024-03-03T00:21:54Z" user="paopao234" uid="8303738" lat="33.9771832" lon="131.2171121"/>
 <node id="11686041803" visible="true" version="1" changeset="148150632" timestamp="2024-03-03T00:21:54Z" user="paopao234" uid="8303738" lat="33.9772336" lon="131.2169601"/>
 <node id="11686041804" visible="true" version="2" changeset="148856911" timestamp="2024-03-19T11:47:25Z" user="paopao234" uid="8303738" lat="33.9772920" lon="131.2168511"/>
 <node id="11686041805" visible="true" version="2" changeset="148856911" timestamp="2024-03-19T11:47:25Z" user="paopao234" uid="8303738" lat="33.9774240" lon="131.2167353"/>
 <node id="11686041806" visible="true" version="2" changeset="148856911" timestamp="2024-03-19T11:47:25Z" user="paopao234" uid="8303738" lat="33.9774446" lon="131.2167337"/>
 <node id="11686825697" visible="true" version="2" changeset="148856911" timestamp="2024-03-19T11:47:25Z" user="paopao234" uid="8303738" lat="33.9774441" lon="131.2166591">
  <tag k="crossing" v="traffic_signals"/>
  <tag k="highway" v="crossing"/>
 </node>
 <node id="11686825698" visible="true" version="2" changeset="148856911" timestamp="2024-03-19T11:47:25Z" user="paopao234" uid="8303738" lat="33.9774441" lon="131.2165751"/>
 <node id="11686825699" visible="true" version="1" changeset="148152905" timestamp="2024-03-03T04:16:40Z" user="paopao234" uid="8303738" lat="33.9774088" lon="131.2165291"/>
 <node id="11686825700" visible="true" version="2" changeset="148856911" timestamp="2024-03-19T11:47:25Z" user="paopao234" uid="8303738" lat="33.9773600" lon="131.2150203"/>
 <node id="11686825701" visible="true" version="2" changeset="148186787" timestamp="2024-03-04T01:39:18Z" user="paopao234" uid="8303738" lat="33.9773159" lon="131.2137072"/>
 <node id="11686825702" visible="true" version="2" changeset="148856911" timestamp="2024-03-19T11:47:25Z" user="paopao234" uid="8303738" lat="33.9764628" lon="131.2164785"/>
 <node id="11686825703" visible="true" version="2" changeset="148856911" timestamp="2024-03-19T11:47:25Z" user="paopao234" uid="8303738" lat="33.9765527" lon="131.2164361"/>
 <node id="11686825704" visible="true" version="2" changeset="148856911" timestamp="2024-03-19T11:47:25Z" user="paopao234" uid="8303738" lat="33.9767284" lon="131.2159319"/>
 <node id="11686825705" visible="true" version="1" changeset="148152905" timestamp="2024-03-03T04:16:40Z" user="paopao234" uid="8303738" lat="33.9769068" lon="131.2150044"/>
 <node id="11686825706" visible="true" version="1" changeset="148152905" timestamp="2024-03-03T04:16:40Z" user="paopao234" uid="8303738" lat="33.9769638" lon="131.2145201"/>
 <node id="11686825707" visible="true" version="2" changeset="148856911" timestamp="2024-03-19T11:47:25Z" user="paopao234" uid="8303738" lat="33.9769998" lon="131.2141580"/>
 <node id="11686825708" visible="true" version="2" changeset="148856911" timestamp="2024-03-19T11:47:25Z" user="paopao234" uid="8303738" lat="33.9770678" lon="131.2139847"/>
 <node id="11686825709" visible="true" version="1" changeset="148152905" timestamp="2024-03-03T04:16:40Z" user="paopao234" uid="8303738" lat="33.9770669" lon="131.2137315"/>
 <node id="11686825710" visible="true" version="2" changeset="148856911" timestamp="2024-03-19T11:47:25Z" user="paopao234" uid="8303738" lat="33.9765229" lon="131.2164731"/>
 <node id="11686825712" visible="true" version="2" changeset="148856911" timestamp="2024-03-19T11:47:25Z" user="paopao234" uid="8303738" lat="33.9767202" lon="131.2165100"/>
 <node id="11686825713" visible="true" version="2" changeset="148856911" timestamp="2024-03-19T11:47:25Z" user="paopao234" uid="8303738" lat="33.9768150" lon="131.2165709"/>
 <node id="11686825714" visible="true" version="2" changeset="148856911" timestamp="2024-03-19T11:47:25Z" user="paopao234" uid="8303738" lat="33.9770402" lon="131.2165712"/>
 <node id="11686825715" visible="true" version="2" changeset="148856911" timestamp="2024-03-19T11:47:25Z" user="paopao234" uid="8303738" lat="33.9771238" lon="131.2164646"/>
 <node id="11686825716" visible="true" version="2" changeset="148856911" timestamp="2024-03-19T11:47:25Z" user="paopao234" uid="8303738" lat="33.9771579" lon="131.2164683"/>
 <node id="11686825717" visible="true" version="1" changeset="148152905" timestamp="2024-03-03T04:16:40Z" user="paopao234" uid="8303738" lat="33.9771884" lon="131.2165126"/>
 <node id="11686825718" visible="true" version="2" changeset="148856911" timestamp="2024-03-19T11:47:25Z" user="paopao234" uid="8303738" lat="33.9772157" lon="131.2164758"/>
 <node id="11686825719" visible="true" version="2" changeset="148856911" timestamp="2024-03-19T11:47:25Z" user="paopao234" uid="8303738" lat="33.9772835" lon="131.2164823"/>
 <node id="11686825720" visible="true" version="2" changeset="148856911" timestamp="2024-03-19T11:47:25Z" user="paopao234" uid="8303738" lat="33.9773166" lon="131.2165560"/>
 <node id="11686825721" visible="true" version="1" changeset="148152905" timestamp="2024-03-03T04:16:40Z" user="paopao234" uid="8303738" lat="33.9759865" lon="131.2178989"/>
 <node id="11686825722" visible="true" version="1" changeset="148152905" timestamp="2024-03-03T04:16:40Z" user="paopao234" uid="8303738" lat="33.9758676" lon="131.2176907"/>
 <node id="11686825723" visible="true" version="1" changeset="148152905" timestamp="2024-03-03T04:16:40Z" user="paopao234" uid="8303738" lat="33.9758866" lon="131.2173275"/>
 <node id="11686825724" visible="true" version="1" changeset="148152905" timestamp="2024-03-03T04:16:40Z" user="paopao234" uid="8303738" lat="33.9763370" lon="131.2173243"/>
 <node id="11686825725" visible="true" version="2" changeset="148856911" timestamp="2024-03-19T11:47:25Z" user="paopao234" uid="8303738" lat="33.9763193" lon="131.2164827"/>
 <node id="11686825781" visible="true" version="3" changeset="184780484" timestamp="2026-06-29T07:39:41Z" user="mklyr" uid="614924" lat="33.9836944" lon="131.2166603"/>
 <node id="11686825795" visible="true" version="3" changeset="184780484" timestamp="2026-06-29T07:39:41Z" user="mklyr" uid="614924" lat="33.9839064" lon="131.2166576"/>
 <node id="11744989049" visible="true" version="1" changeset="148856911" timestamp="2024-03-19T11:47:25Z" user="paopao234" uid="8303738" lat="33.9771849" lon="131.2172574"/>
 <node id="11744989050" visible="true" version="1" changeset="148856911" timestamp="2024-03-19T11:47:25Z" user="paopao234" uid="8303738" lat="33.9770273" lon="131.2171663"/>
 <node id="11744989051" visible="true" version="1" changeset="148856911" timestamp="2024-03-19T11:47:25Z" user="paopao234" uid="8303738" lat="33.9770165" lon="131.2171403"/>
 <node id="11744989052" visible="true" version="1" changeset="148856911" timestamp="2024-03-19T11:47:25Z" user="paopao234" uid="8303738" lat="33.9770186" lon="131.2170999"/>
 <node id="11744989053" visible="true" version="1" changeset="148856911" timestamp="2024-03-19T11:47:25Z" user="paopao234" uid="8303738" lat="33.9770780" lon="131.2167823"/>
 <node id="11744989054" visible="true" version="1" changeset="148856911" timestamp="2024-03-19T11:47:25Z" user="paopao234" uid="8303738" lat="33.9770759" lon="131.2167563"/>
 <node id="11744989055" visible="true" version="1" changeset="148856911" timestamp="2024-03-19T11:47:25Z" user="paopao234" uid="8303738" lat="33.9770683" lon="131.2167316"/>
 <node id="11744989056" visible="true" version="1" changeset="148856911" timestamp="2024-03-19T11:47:25Z" user="paopao234" uid="8303738" lat="33.9770524" lon="131.2167108"/>
 <node id="11744989057" visible="true" version="1" changeset="148856911" timestamp="2024-03-19T11:47:25Z" user="paopao234" uid="8303738" lat="33.9770838" lon="131.2171990"/>
 <node id="11744989058" visible="true" version="1" changeset="148856911" timestamp="2024-03-19T11:47:25Z" user="paopao234" uid="8303738" lat="33.9771682" lon="131.2172478">
  <tag k="highway" v="crossing"/>
 </node>
 <node id="11744989061" visible="true" version="1" changeset="148856911" timestamp="2024-03-19T11:47:25Z" user="paopao234" uid="8303738" lat="33.9769314" lon="131.2181289"/>
 <node id="11744989062" visible="true" version="1" changeset="148856911" timestamp="2024-03-19T11:47:25Z" user="paopao234" uid="8303738" lat="33.9769269" lon="131.2181001"/>
 <node id="11744989070" visible="true" version="1" changeset="148856911" timestamp="2024-03-19T11:47:25Z" user="paopao234" uid="8303738" lat="33.9765472" lon="131.2181486"/>
 <node id="11744989071" visible="true" version="1" changeset="148856911" timestamp="2024-03-19T11:47:25Z" user="paopao234" uid="8303738" lat="33.9765652" lon="131.2167617"/>
 <node id="11744989072" visible="true" version="1" changeset="148856911" timestamp="2024-03-19T11:47:25Z" user="paopao234" uid="8303738" lat="33.9759286" lon="131.2163900"/>
 <node id="11744989073" visible="true" version="1" changeset="148856911" timestamp="2024-03-19T11:47:25Z" user="paopao234" uid="8303738" lat="33.9753657" lon="131.2164175"/>
 <node id="11744989074" visible="true" version="1" changeset="148856911" timestamp="2024-03-19T11:47:25Z" user="paopao234" uid="8303738" lat="33.9767820" lon="131.2161956"/>
 <node id="11744989075" visible="true" version="1" changeset="148856911" timestamp="2024-03-19T11:47:25Z" user="paopao234" uid="8303738" lat="33.9766973" lon="131.2165506"/>
 <node id="11744989076" visible="true" version="1" changeset="148856911" timestamp="2024-03-19T11:47:25Z" user="paopao234" uid="8303738" lat="33.9770844" lon="131.2140803"/>
 <node id="11744989081" visible="true" version="1" changeset="148856911" timestamp="2024-03-19T11:47:25Z" user="paopao234" uid="8303738" lat="33.9770149" lon="131.2141194">
  <tag k="highway" v="crossing"/>
 </node>
 <node id="11744989082" visible="true" version="1" changeset="148856911" timestamp="2024-03-19T11:47:25Z" user="paopao234" uid="8303738" lat="33.9772780" lon="131.2145430"/>
 <node id="11744989083" visible="true" version="1" changeset="148856911" timestamp="2024-03-19T11:47:25Z" user="paopao234" uid="8303738" lat="33.9774454" lon="131.2144961"/>
 <node id="11744989084" visible="true" version="1" changeset="148856911" timestamp="2024-03-19T11:47:25Z" user="paopao234" uid="8303738" lat="33.9773423" lon="131.2145016">
  <tag k="highway" v="crossing"/>
 </node>
 <node id="11744989085" visible="true" version="1" changeset="148856911" timestamp="2024-03-19T11:47:25Z" user="paopao234" uid="8303738" lat="33.9774381" lon="131.2141192"/>
 <node id="11744989086" visible="true" version="1" changeset="148856911" timestamp="2024-03-19T11:47:25Z" user="paopao234" uid="8303738" lat="33.9776485" lon="131.2141116"/>
 <node id="11744989087" visible="true" version="1" changeset="148856911" timestamp="2024-03-19T11:47:25Z" user="paopao234" uid="8303738" lat="33.9776725" lon="131.2148291"/>
 <node id="11744989088" visible="true" version="1" changeset="148856911" timestamp="2024-03-19T11:47:25Z" user="paopao234" uid="8303738" lat="33.9774714" lon="131.2148379"/>
 <node id="11744989089" visible="true" version="1" changeset="148856911" timestamp="2024-03-19T11:47:25Z" user="paopao234" uid="8303738" lat="33.9774532" lon="131.2147738"/>
 <node id="11744989090" visible="true" version="1" changeset="148856911" timestamp="2024-03-19T11:47:25Z" user="paopao234" uid="8303738" lat="33.9773152" lon="131.2147853"/>
 <node id="11744989091" visible="true" version="1" changeset="148856911" timestamp="2024-03-19T11:47:25Z" user="paopao234" uid="8303738" lat="33.9773519" lon="131.2147822"/>
 <node id="11744989092" visible="true" version="1" changeset="148856911" timestamp="2024-03-19T11:47:25Z" user="paopao234" uid="8303738" lat="33.9772522" lon="131.2167957"/>
 <node id="11744989093" visible="true" version="1" changeset="148856911" timestamp="2024-03-19T11:47:25Z" user="paopao234" uid="8303738" lat="33.9767836" lon="131.2167060"/>
 <node id="11744989094" visible="true" version="1" changeset="148856911" timestamp="2024-03-19T11:47:25Z" user="paopao234" uid="8303738" lat="33.9767315" lon="131.2166972"/>
 <node id="11744989095" visible="true" version="1" changeset="148856911" timestamp="2024-03-19T11:47:25Z" user="paopao234" uid="8303738" lat="33.9766950" lon="131.2166821"/>
 <node id="11744989096" visible="true" version="1" changeset="148856911" timestamp="2024-03-19T11:47:25Z" user="paopao234" uid="8303738" lat="33.9771972" lon="131.2166379"/>
 <node id="11744989097" visible="true" version="1" changeset="148856911" timestamp="2024-03-19T11:47:25Z" user="paopao234" uid="8303738" lat="33.9771864" lon="131.2165606"/>
 <node id="11744989098" visible="true" version="1" changeset="148856911" timestamp="2024-03-19T11:47:25Z" user="paopao234" uid="8303738" lat="33.9772217" lon="131.2166788"/>
 <node id="11744989099" visible="true" version="1" changeset="148856911" timestamp="2024-03-19T11:47:25Z" user="paopao234" uid="8303738" lat="33.9772439" lon="131.2166987"/>
 <node id="11744989100" visible="true" version="1" changeset="148856911" timestamp="2024-03-19T11:47:25Z" user="paopao234" uid="8303738" lat="33.9772055" lon="131.2166554"/>
 <node id="11744989101" visible="true" version="1" changeset="148856911" timestamp="2024-03-19T11:47:25Z" user="paopao234" uid="8303738" lat="33.9771900" lon="131.2166044"/>
 <node id="11744989102" visible="true" version="1" changeset="148856911" timestamp="2024-03-19T11:47:25Z" user="paopao234" uid="8303738" lat="33.9765864" lon="131.2167141"/>
 <node id="11744989103" visible="true" version="1" changeset="148856911" timestamp="2024-03-19T11:47:25Z" user="paopao234" uid="8303738" lat="33.9766133" lon="131.2166782"/>
 <node id="11744989104" visible="true" version="1" changeset="148856911" timestamp="2024-03-19T11:47:25Z" user="paopao234" uid="8303738" lat="33.9766461" lon="131.2166520"/>
 <node id="11744989105" visible="true" version="1" changeset="148856911" timestamp="2024-03-19T11:47:25Z" user="paopao234" uid="8303738" lat="33.9766859" lon="131.2166356"/>
 <node id="11744989106" visible="true" version="1" changeset="148856911" timestamp="2024-03-19T11:47:25Z" user="paopao234" uid="8303738" lat="33.9766775" lon="131.2165402"/>
 <node id="11744989107" visible="true" version="1" changeset="148856911" timestamp="2024-03-19T11:47:25Z" user="paopao234" uid="8303738" lat="33.9766636" lon="131.2165660"/>
 <node id="11744989108" visible="true" version="1" changeset="148856911" timestamp="2024-03-19T11:47:25Z" user="paopao234" uid="8303738" lat="33.9766431" lon="131.2165885"/>
 <node id="11744989109" visible="true" version="1" changeset="148856911" timestamp="2024-03-19T11:47:25Z" user="paopao234" uid="8303738" lat="33.9766189" lon="131.2166042"/>
 <node id="11744989110" visible="true" version="1" changeset="148856911" timestamp="2024-03-19T11:47:25Z" user="paopao234" uid="8303738" lat="33.9771041" lon="131.2166351"/>
 <node id="11744989111" visible="true" version="1" changeset="148856911" timestamp="2024-03-19T11:47:25Z" user="paopao234" uid="8303738" lat="33.9771790" lon="131.2166787"/>
 <node id="11744989112" visible="true" version="1" changeset="148856911" timestamp="2024-03-19T11:47:25Z" user="paopao234" uid="8303738" lat="33.9772049" lon="131.2167135"/>
 <node id="11744989113" visible="true" version="1" changeset="148856911" timestamp="2024-03-19T11:47:25Z" user="paopao234" uid="8303738" lat="33.9772318" lon="131.2168027"/>
 <node id="11744989114" visible="true" version="1" changeset="148856911" timestamp="2024-03-19T11:47:25Z" user="paopao234" uid="8303738" lat="33.9772318" lon="131.2168507"/>
 <node id="11744989115" visible="true" version="1" changeset="148856911" timestamp="2024-03-19T11:47:25Z" user="paopao234" uid="8303738" lat="33.9771425" lon="131.2166517"/>
 <node id="11744989116" visible="true" version="1" changeset="148856911" timestamp="2024-03-19T11:47:25Z" user="paopao234" uid="8303738" lat="33.9772231" lon="131.2167540"/>
 <node id="11744989117" visible="true" version="1" changeset="148856911" timestamp="2024-03-19T11:47:25Z" user="paopao234" uid="8303738" lat="33.9771377" lon="131.2166231"/>
 <node id="11744989118" visible="true" version="1" changeset="148856911" timestamp="2024-03-19T11:47:25Z" user="paopao234" uid="8303738" lat="33.9771569" lon="131.2166058"/>
 <node id="11744989119" visible="true" version="1" changeset="148856911" timestamp="2024-03-19T11:47:25Z" user="paopao234" uid="8303738" lat="33.9771684" lon="131.2165814"/>
 <node id="11744989120" visible="true" version="1" changeset="148856911" timestamp="2024-03-19T11:47:25Z" user="paopao234" uid="8303738" lat="33.9771780" lon="131.2165560"/>
 <node id="11744989126" visible="true" version="1" changeset="148856911" timestamp="2024-03-19T11:47:25Z" user="paopao234" uid="8303738" lat="33.9774161" lon="131.2166556"/>
 <node id="11744989127" visible="true" version="1" changeset="148856911" timestamp="2024-03-19T11:47:25Z" user="paopao234" uid="8303738" lat="33.9773653" lon="131.2164923"/>
 <node id="11744989128" visible="true" version="1" changeset="148856911" timestamp="2024-03-19T11:47:25Z" user="paopao234" uid="8303738" lat="33.9771925" lon="131.2164728">
  <tag k="crossing" v="traffic_signals"/>
  <tag k="highway" v="crossing"/>
 </node>
 <node id="11744989129" visible="true" version="1" changeset="148856911" timestamp="2024-03-19T11:47:25Z" user="paopao234" uid="8303738" lat="33.9765892" lon="131.2164540"/>
 <node id="11744989130" visible="true" version="1" changeset="148856911" timestamp="2024-03-19T11:47:25Z" user="paopao234" uid="8303738" lat="33.9766167" lon="131.2164658">
  <tag k="crossing" v="traffic_signals"/>
  <tag k="highway" v="crossing"/>
 </node>
 <node id="11744989131" visible="true" version="1" changeset="148856911" timestamp="2024-03-19T11:47:25Z" user="paopao234" uid="8303738" lat="33.9764247" lon="131.2164693"/>
 <node id="11744989132" visible="true" version="1" changeset="148856911" timestamp="2024-03-19T11:47:25Z" user="paopao234" uid="8303738" lat="33.9763042" lon="131.2164192"/>
 <node id="11744989133" visible="true" version="1" changeset="148856911" timestamp="2024-03-19T11:47:25Z" user="paopao234" uid="8303738" lat="33.9761722" lon="131.2163783"/>
 <node id="11744989134" visible="true" version="1" changeset="148856911" timestamp="2024-03-19T11:47:25Z" user="paopao234" uid="8303738" lat="33.9760504" lon="131.2163550"/>
 <node id="11744989135" visible="true" version="1" changeset="148856911" timestamp="2024-03-19T11:47:25Z" user="paopao234" uid="8303738" lat="33.9759575" lon="131.2163468"/>
 <node id="11744989136" visible="true" version="1" changeset="148856911" timestamp="2024-03-19T11:47:25Z" user="paopao234" uid="8303738" lat="33.9753881" lon="131.2163655"/>
 <node id="11744989137" visible="true" version="1" changeset="148856911" timestamp="2024-03-19T11:47:25Z" user="paopao234" uid="8303738" lat="33.9765146" lon="131.2164996"/>
 <node id="11744989138" visible="true" version="1" changeset="148856911" timestamp="2024-03-19T11:47:25Z" user="paopao234" uid="8303738" lat="33.9764730" lon="131.2166209"/>
 <node id="11744989139" visible="true" version="1" changeset="148856911" timestamp="2024-03-19T11:47:25Z" user="paopao234" uid="8303738" lat="33.9764913" lon="131.2165677">
  <tag k="crossing" v="traffic_signals"/>
  <tag k="highway" v="crossing"/>
 </node>
 <node id="11744989140" visible="true" version="1" changeset="148856911" timestamp="2024-03-19T11:47:25Z" user="paopao234" uid="8303738" lat="33.9764692" lon="131.2166372"/>
 <node id="11744989141" visible="true" version="1" changeset="148856911" timestamp="2024-03-19T11:47:25Z" user="paopao234" uid="8303738" lat="33.9765137" lon="131.2167597"/>
 <node id="11744989142" visible="true" version="1" changeset="148856911" timestamp="2024-03-19T11:47:25Z" user="paopao234" uid="8303738" lat="33.9765079" lon="131.2169988"/>
 <node id="11744989143" visible="true" version="1" changeset="148856911" timestamp="2024-03-19T11:47:25Z" user="paopao234" uid="8303738" lat="33.9765243" lon="131.2177464"/>
 <node id="11744989144" visible="true" version="1" changeset="148856911" timestamp="2024-03-19T11:47:25Z" user="paopao234" uid="8303738" lat="33.9765214" lon="131.2178677"/>
 <node id="11744989145" visible="true" version="1" changeset="148856911" timestamp="2024-03-19T11:47:25Z" user="paopao234" uid="8303738" lat="33.9765098" lon="131.2179587"/>
 <node id="11744989146" visible="true" version="1" changeset="148856911" timestamp="2024-03-19T11:47:25Z" user="paopao234" uid="8303738" lat="33.9772790" lon="131.2165213"/>
 <node id="11744989147" visible="true" version="1" changeset="148856911" timestamp="2024-03-19T11:47:25Z" user="paopao234" uid="8303738" lat="33.9772160" lon="131.2165149"/>
 <node id="11744989148" visible="true" version="1" changeset="148856911" timestamp="2024-03-19T11:47:25Z" user="paopao234" uid="8303738" lat="33.9772167" lon="131.2165375"/>
 <node id="11744989149" visible="true" version="1" changeset="148856911" timestamp="2024-03-19T11:47:25Z" user="paopao234" uid="8303738" lat="33.9772261" lon="131.2165569"/>
 <node id="11744989150" visible="true" version="1" changeset="148856911" timestamp="2024-03-19T11:47:25Z" user="paopao234" uid="8303738" lat="33.9772408" lon="131.2165658"/>
 <node id="11744989151" visible="true" version="1" changeset="148856911" timestamp="2024-03-19T11:47:25Z" user="paopao234" uid="8303738" lat="33.9772569" lon="131.2165658"/>
 <node id="11744989152" visible="true" version="1" changeset="148856911" timestamp="2024-03-19T11:47:25Z" user="paopao234" uid="8303738" lat="33.9772703" lon="131.2165545"/>
 <node id="11744989153" visible="true" version="1" changeset="148856911" timestamp="2024-03-19T11:47:25Z" user="paopao234" uid="8303738" lat="33.9772763" lon="131.2165407"/>
 <node id="11744989154" visible="true" version="1" changeset="148856911" timestamp="2024-03-19T11:47:25Z" user="paopao234" uid="8303738" lat="33.9772844" lon="131.2164591"/>
 <node id="11744989155" visible="true" version="1" changeset="148856911" timestamp="2024-03-19T11:47:25Z" user="paopao234" uid="8303738" lat="33.9772180" lon="131.2164526"/>
 <node id="11744989156" visible="true" version="1" changeset="148856911" timestamp="2024-03-19T11:47:25Z" user="paopao234" uid="8303738" lat="33.9772227" lon="131.2164049"/>
 <node id="11744989157" visible="true" version="1" changeset="148856911" timestamp="2024-03-19T11:47:25Z" user="paopao234" uid="8303738" lat="33.9772307" lon="131.2163370"/>
 <node id="11744989158" visible="true" version="1" changeset="148856911" timestamp="2024-03-19T11:47:25Z" user="paopao234" uid="8303738" lat="33.9772864" lon="131.2160636"/>
 <node id="11744989159" visible="true" version="1" changeset="148856911" timestamp="2024-03-19T11:47:25Z" user="paopao234" uid="8303738" lat="33.9772938" lon="131.2160580"/>
 <node id="11744989160" visible="true" version="1" changeset="148856911" timestamp="2024-03-19T11:47:25Z" user="paopao234" uid="8303738" lat="33.9773005" lon="131.2160636"/>
 <node id="11744989161" visible="true" version="1" changeset="148856911" timestamp="2024-03-19T11:47:25Z" user="paopao234" uid="8303738" lat="33.9772944" lon="131.2163062"/>
 <node id="11744989162" visible="true" version="1" changeset="148856911" timestamp="2024-03-19T11:47:25Z" user="paopao234" uid="8303738" lat="33.9771020" lon="131.2167647"/>
 <node id="11744989163" visible="true" version="1" changeset="148856911" timestamp="2024-03-19T11:47:25Z" user="paopao234" uid="8303738" lat="33.9770376" lon="131.2170938"/>
 <node id="11744989164" visible="true" version="1" changeset="148856911" timestamp="2024-03-19T11:47:25Z" user="paopao234" uid="8303738" lat="33.9770363" lon="131.2171197"/>
 <node id="11744989165" visible="true" version="1" changeset="148856911" timestamp="2024-03-19T11:47:25Z" user="paopao234" uid="8303738" lat="33.9770396" lon="131.2171367"/>
 <node id="11744989166" visible="true" version="1" changeset="148856911" timestamp="2024-03-19T11:47:25Z" user="paopao234" uid="8303738" lat="33.9770443" lon="131.2171488"/>
 <node id="11744989167" visible="true" version="1" changeset="148856911" timestamp="2024-03-19T11:47:25Z" user="paopao234" uid="8303738" lat="33.9770524" lon="131.2171464"/>
 <node id="11744989168" visible="true" version="1" changeset="148856911" timestamp="2024-03-19T11:47:25Z" user="paopao234" uid="8303738" lat="33.9771235" lon="131.2167809"/>
 <node id="11744989169" visible="true" version="1" changeset="148856911" timestamp="2024-03-19T11:47:25Z" user="paopao234" uid="8303738" lat="33.9771221" lon="131.2167655"/>
 <node id="11744989171" visible="true" version="1" changeset="148856911" timestamp="2024-03-19T11:47:25Z" user="paopao234" uid="8303738" lat="33.9771483" lon="131.2167874"/>
 <node id="11744989172" visible="true" version="1" changeset="148856911" timestamp="2024-03-19T11:47:25Z" user="paopao234" uid="8303738" lat="33.9771610" lon="131.2168116"/>
 <node id="11744989173" visible="true" version="1" changeset="148856911" timestamp="2024-03-19T11:47:25Z" user="paopao234" uid="8303738" lat="33.9771670" lon="131.2168407"/>
 <node id="11744989174" visible="true" version="1" changeset="148856911" timestamp="2024-03-19T11:47:25Z" user="paopao234" uid="8303738" lat="33.9771670" lon="131.2168763"/>
 <node id="11744989175" visible="true" version="1" changeset="148856911" timestamp="2024-03-19T11:47:25Z" user="paopao234" uid="8303738" lat="33.9771590" lon="131.2169200"/>
 <node id="11744989176" visible="true" version="1" changeset="148856911" timestamp="2024-03-19T11:47:25Z" user="paopao234" uid="8303738" lat="33.9771476" lon="131.2169515"/>
 <node id="11744989177" visible="true" version="1" changeset="148856911" timestamp="2024-03-19T11:47:25Z" user="paopao234" uid="8303738" lat="33.9770718" lon="131.2171302"/>
 <node id="11744989179" visible="true" version="1" changeset="148856911" timestamp="2024-03-19T11:47:25Z" user="paopao234" uid="8303738" lat="33.9767560" lon="131.2161865"/>
 <node id="11744989180" visible="true" version="1" changeset="148856911" timestamp="2024-03-19T11:47:25Z" user="paopao234" uid="8303738" lat="33.9767486" lon="131.2161825"/>
 <node id="11744989181" visible="true" version="1" changeset="148856911" timestamp="2024-03-19T11:47:25Z" user="paopao234" uid="8303738" lat="33.9767084" lon="131.2162795"/>
 <node id="11744989182" visible="true" version="1" changeset="148856911" timestamp="2024-03-19T11:47:25Z" user="paopao234" uid="8303738" lat="33.9766735" lon="131.2163725"/>
 <node id="11744989183" visible="true" version="1" changeset="148856911" timestamp="2024-03-19T11:47:25Z" user="paopao234" uid="8303738" lat="33.9766487" lon="131.2164558"/>
 <node id="11744989184" visible="true" version="1" changeset="148856911" timestamp="2024-03-19T11:47:25Z" user="paopao234" uid="8303738" lat="33.9766668" lon="131.2164647"/>
 <node id="11744989185" visible="true" version="1" changeset="148856911" timestamp="2024-03-19T11:47:25Z" user="paopao234" uid="8303738" lat="33.9767271" lon="131.2163006"/>
 <node id="11744989186" visible="true" version="1" changeset="148856911" timestamp="2024-03-19T11:47:25Z" user="paopao234" uid="8303738" lat="33.9767446" lon="131.2162432"/>
 <node id="11744989187" visible="true" version="1" changeset="148856911" timestamp="2024-03-19T11:47:25Z" user="paopao234" uid="8303738" lat="33.9767395" lon="131.2167770"/>
 <node id="11744989188" visible="true" version="1" changeset="148856911" timestamp="2024-03-19T11:47:25Z" user="paopao234" uid="8303738" lat="33.9766865" lon="131.2167770"/>
 <node id="11744989189" visible="true" version="1" changeset="148856911" timestamp="2024-03-19T11:47:25Z" user="paopao234" uid="8303738" lat="33.9766579" lon="131.2167872"/>
 <node id="11744989190" visible="true" version="1" changeset="148856911" timestamp="2024-03-19T11:47:25Z" user="paopao234" uid="8303738" lat="33.9766351" lon="131.2168116"/>
 <node id="11744989191" visible="true" version="1" changeset="148856911" timestamp="2024-03-19T11:47:25Z" user="paopao234" uid="8303738" lat="33.9766200" lon="131.2168450"/>
 <node id="11744989192" visible="true" version="1" changeset="148856911" timestamp="2024-03-19T11:47:25Z" user="paopao234" uid="8303738" lat="33.9766133" lon="131.2168836"/>
 <node id="11744989193" visible="true" version="1" changeset="148856911" timestamp="2024-03-19T11:47:25Z" user="paopao234" uid="8303738" lat="33.9766141" lon="131.2172266"/>
 <node id="11744989194" visible="true" version="1" changeset="148856911" timestamp="2024-03-19T11:47:25Z" user="paopao234" uid="8303738" lat="33.9766343" lon="131.2170520"/>
 <node id="11744989195" visible="true" version="1" changeset="148856911" timestamp="2024-03-19T11:47:25Z" user="paopao234" uid="8303738" lat="33.9766940" lon="131.2168308"/>
 <node id="13974471302" visible="true" version="1" changeset="184788594" timestamp="2026-06-29T10:53:34Z" user="mklyr" uid="614924" lat="33.9905699" lon="131.2173605"/>
 <node id="13974471428" visible="true" version="1" changeset="184788594" timestamp="2026-06-29T10:53:34Z" user="mklyr" uid="614924" lat="33.9878556" lon="131.2167948"/>
 <node id="13974471429" visible="true" version="1" changeset="184788594" timestamp="2026-06-29T10:53:34Z" user="mklyr" uid="614924" lat="33.9891972" lon="131.2168426"/>
 <way id="120498725" visible="true" version="6" changeset="169801235" timestamp="2025-08-01T07:05:34Z" user="taketaketake" uid="4757277">
  <nd ref="1351051169"/>
  <nd ref="1351051035"/>
  <tag k="bridge" v="yes"/>
  <tag k="highway" v="trunk"/>
  <tag k="lanes" v="2"/>
  <tag k="layer" v="1"/>
  <tag k="name" v="国道190号"/>
  <tag k="name:en" v="National Highway Route 190"/>
  <tag k="name:ja" v="国道190号"/>
  <tag k="oneway" v="yes"/>
  <tag k="ref" v="190"/>
  <tag k="source" v="YahooJapan/ALPSMAP;GSImaps/std"/>
  <tag k="surface" v="asphalt"/>
 </way>
 <way id="120498732" visible="true" version="6" changeset="169801235" timestamp="2025-08-01T07:05:34Z" user="taketaketake" uid="4757277">
  <nd ref="1351051035"/>
  <nd ref="1351050929"/>
  <nd ref="1351050916"/>
  <nd ref="1351050937"/>
  <tag k="highway" v="trunk"/>
  <tag k="lanes" v="2"/>
  <tag k="name" v="国道190号"/>
  <tag k="name:en" v="National Highway Route 190"/>
  <tag k="name:ja" v="国道190号"/>
  <tag k="oneway" v="yes"/>
  <tag k="ref" v="190"/>
  <tag k="source" v="YahooJapan/ALPSMAP;GSImaps/std"/>
  <tag k="surface" v="asphalt"/>
 </way>
 <way id="120498736" visible="true" version="8" changeset="148856911" timestamp="2024-03-19T11:47:25Z" user="paopao234" uid="8303738">
  <nd ref="1351051598"/>
  <nd ref="2469808305"/>
  <nd ref="11744989092"/>
  <nd ref="11744989114"/>
  <nd ref="1351051372"/>
  <nd ref="1351051317"/>
  <nd ref="11744989057"/>
  <nd ref="1351051145"/>
  <nd ref="1351050993"/>
  <nd ref="1351050937"/>
  <tag k="highway" v="trunk_link"/>
  <tag k="lanes" v="1"/>
  <tag k="oneway" v="yes"/>
  <tag k="source" v="GSImaps/std"/>
 </way>
 <way id="120498850" visible="true" version="10" changeset="148856911" timestamp="2024-03-19T11:47:25Z" user="paopao234" uid="8303738">
  <nd ref="7085653305"/>
  <nd ref="1933423096"/>
  <nd ref="1351051601"/>
  <nd ref="11744989090"/>
  <nd ref="1351051667"/>
  <nd ref="1351051684"/>
  <nd ref="1351051678"/>
  <nd ref="1351051644"/>
  <nd ref="11686825720"/>
  <nd ref="1351051598"/>
  <tag k="highway" v="trunk_link"/>
  <tag k="oneway" v="yes"/>
 </way>
 <way id="120499194" visible="true" version="4" changeset="184788594" timestamp="2026-06-29T10:53:34Z" user="mklyr" uid="614924">
  <nd ref="11686825697"/>
  <nd ref="7084009518"/>
  <nd ref="1351053062"/>
  <nd ref="8566012202"/>
  <nd ref="5310218493"/>
  <nd ref="1942720679"/>
  <nd ref="1942720678"/>
  <nd ref="1351056495"/>
  <nd ref="1351056687"/>
  <nd ref="7085637481"/>
  <nd ref="11686825781"/>
  <nd ref="1351058554"/>
  <nd ref="11686825795"/>
  <nd ref="1351060385"/>
  <nd ref="1351060848"/>
  <nd ref="13974471428"/>
  <nd ref="1351063210"/>
  <nd ref="13974471429"/>
  <nd ref="1351063287"/>
  <nd ref="1351063319"/>
  <nd ref="1351063412"/>
  <nd ref="1351063515"/>
  <nd ref="1351063660"/>
  <nd ref="1351063847"/>
  <nd ref="2019509256"/>
  <nd ref="2710984323"/>
  <nd ref="13974471302"/>
  <nd ref="1351064267"/>
  <nd ref="1351064927"/>
  <nd ref="2790456144"/>
  <nd ref="1351065397"/>
  <nd ref="1351065419"/>
  <tag k="highway" v="primary"/>
  <tag k="lanes" v="2"/>
  <tag k="name" v="宇部船木線"/>
  <tag k="name:en" v="Ube Funaki Line"/>
  <tag k="name:ja" v="宇部船木線"/>
  <tag k="name:ja-Hira" v="うべふなきせん"/>
  <tag k="name:ja_rm" v="Ube Funaki-sen"/>
  <tag k="ref" v="29"/>
  <tag k="source" v="YahooJapan/ALPSMAP"/>
  <tag k="surface" v="asphalt"/>
  <tag k="wikidata" v="Q11467273"/>
  <tag k="wikipedia" v="ja:山口県道29号宇部船木線"/>
 </way>
 <way id="120500031" visible="true" version="10" changeset="148856911" timestamp="2024-03-19T11:47:25Z" user="paopao234" uid="8303738">
  <nd ref="1351050914"/>
  <nd ref="1351050968"/>
  <nd ref="11744989130"/>
  <nd ref="2469808302"/>
  <nd ref="2469808303"/>
  <nd ref="1351050986"/>
  <tag k="highway" v="trunk_link"/>
  <tag k="lanes" v="1"/>
  <tag k="oneway" v="yes"/>
  <tag k="source" v="YahooJapan/ALPSMAP;GSImaps/std"/>
 </way>
 <way id="120503170" visible="true" version="5" changeset="148856911" timestamp="2024-03-19T11:47:25Z" user="paopao234" uid="8303738">
  <nd ref="1351050721"/>
  <nd ref="11686825725"/>
  <nd ref="11744989139"/>
  <nd ref="1351050914"/>
  <tag k="highway" v="unclassified"/>
  <tag k="source" v="YahooJapan/ALPSMAP"/>
 </way>
 <way id="120505825" visible="true" version="3" changeset="148856911" timestamp="2024-03-19T11:47:25Z" user="paopao234" uid="8303738">
  <nd ref="1351050633"/>
  <nd ref="11744989132"/>
  <nd ref="1351050721"/>
  <tag k="highway" v="residential"/>
  <tag k="source" v="YahooJapan/ALPSMAP"/>
 </way>
 <way id="120508813" visible="true" version="7" changeset="148856911" timestamp="2024-03-19T11:47:25Z" user="paopao234" uid="8303738">
  <nd ref="1351044865"/>
  <nd ref="1351047814"/>
  <nd ref="1351049176"/>
  <nd ref="8568580245"/>
  <nd ref="11744989073"/>
  <nd ref="1998273517"/>
  <nd ref="1998273520"/>
  <nd ref="11744989072"/>
  <nd ref="1351050363"/>
  <nd ref="1695777492"/>
  <nd ref="1351050721"/>
  <tag k="highway" v="unclassified"/>
  <tag k="source" v="YahooJapan/ALPSMAP"/>
 </way>
 <way id="189474878" visible="true" version="3" changeset="148856911" timestamp="2024-03-19T11:47:25Z" user="paopao234" uid="8303738">
  <nd ref="1351051372"/>
  <nd ref="2000842436"/>
  <nd ref="2000842433"/>
  <nd ref="2000842430"/>
  <nd ref="2000842427"/>
  <nd ref="2000842424"/>
  <nd ref="2000842421"/>
  <tag k="highway" v="trunk_link"/>
  <tag k="oneway" v="yes"/>
  <tag k="source" v="Bing"/>
 </way>
 <way id="191700427" visible="true" version="6" changeset="73010823" timestamp="2019-08-05T08:34:40Z" user="futurumspes" uid="651065">
  <nd ref="1351050986"/>
  <nd ref="2022854541"/>
  <nd ref="2022854542"/>
  <nd ref="2022854543"/>
  <nd ref="2022854544"/>
  <nd ref="2334395736"/>
  <tag k="highway" v="trunk_link"/>
  <tag k="lanes" v="1"/>
  <tag k="oneway" v="yes"/>
  <tag k="source" v="Bing;GSImaps/std"/>
 </way>
 <way id="224639138" visible="true" version="5" changeset="169801235" timestamp="2025-08-01T07:05:34Z" user="taketaketake" uid="4757277">
  <nd ref="2334395718"/>
  <nd ref="2334395723"/>
  <tag k="bridge" v="yes"/>
  <tag k="highway" v="trunk"/>
  <tag k="lanes" v="2"/>
  <tag k="layer" v="1"/>
  <tag k="name" v="国道190号"/>
  <tag k="name:en" v="National Highway Route 190"/>
  <tag k="name:ja" v="国道190号"/>
  <tag k="oneway" v="yes"/>
  <tag k="ref" v="190"/>
  <tag k="source" v="YahooJapan/ALPSMAP;GSImaps/std"/>
  <tag k="surface" v="asphalt"/>
 </way>
 <way id="224639148" visible="true" version="8" changeset="169801235" timestamp="2025-08-01T07:05:34Z" user="taketaketake" uid="4757277">
  <nd ref="11744989070"/>
  <nd ref="2334395709"/>
  <nd ref="11686041794"/>
  <nd ref="2334395714"/>
  <nd ref="2334395718"/>
  <tag k="bridge:name" v="厚東川大橋"/>
  <tag k="bridge:name:en" v="Kotougawa-Ohashi Bridge"/>
  <tag k="highway" v="trunk"/>
  <tag k="lanes" v="2"/>
  <tag k="maxspeed" v="60"/>
  <tag k="name" v="国道190号"/>
  <tag k="name:en" v="National Highway Route 190"/>
  <tag k="name:ja" v="国道190号"/>
  <tag k="oneway" v="yes"/>
  <tag k="ref" v="190"/>
  <tag k="source" v="YahooJapan/ALPSMAP;GSImaps/std"/>
  <tag k="surface" v="asphalt"/>
 </way>
 <way id="224639153" visible="true" version="5" changeset="169801235" timestamp="2025-08-01T07:05:34Z" user="taketaketake" uid="4757277">
  <nd ref="2334395723"/>
  <nd ref="2334395727"/>
  <nd ref="2334395731"/>
  <nd ref="2334395734"/>
  <nd ref="2334395736"/>
  <nd ref="2334395737"/>
  <nd ref="2334395739"/>
  <tag k="highway" v="trunk"/>
  <tag k="lanes" v="2"/>
  <tag k="name" v="国道190号"/>
  <tag k="name:en" v="National Highway Route 190"/>
  <tag k="name:ja" v="国道190号"/>
  <tag k="oneway" v="yes"/>
  <tag k="ref" v="190"/>
  <tag k="source" v="YahooJapan/ALPSMAP;GSImaps/std"/>
  <tag k="surface" v="asphalt"/>
 </way>
 <way id="224642791" visible="true" version="6" changeset="148856911" timestamp="2024-03-19T11:47:25Z" user="paopao234" uid="8303738">
  <nd ref="2334395709"/>
  <nd ref="1351050833"/>
  <nd ref="1351050801"/>
  <nd ref="1351050786"/>
  <nd ref="1351050814"/>
  <nd ref="11744989071"/>
  <nd ref="1351050914"/>
  <tag k="highway" v="trunk_link"/>
  <tag k="oneway" v="yes"/>
  <tag k="source" v="YahooJapan/ALPSMAP"/>
 </way>
 <way id="239168819" visible="true" version="6" changeset="184780484" timestamp="2026-06-29T07:39:41Z" user="mklyr" uid="614924">
  <nd ref="1351050986"/>
  <nd ref="1351051027"/>
  <nd ref="1351051102"/>
  <nd ref="1351051141"/>
  <nd ref="1351051234"/>
  <nd ref="1351051281"/>
  <nd ref="11744989076"/>
  <nd ref="2334395737"/>
  <tag k="highway" v="trunk_link"/>
  <tag k="lanes" v="1"/>
  <tag k="oneway" v="yes"/>
  <tag k="source" v="YahooJapan/ALPSMAP;GSImaps/std"/>
 </way>
 <way id="239168820" visible="true" version="6" changeset="148856911" timestamp="2024-03-19T11:47:25Z" user="paopao234" uid="8303738">
  <nd ref="2469808305"/>
  <nd ref="11744989099"/>
  <nd ref="11744989098"/>
  <nd ref="11744989100"/>
  <nd ref="11744989096"/>
  <nd ref="11744989101"/>
  <nd ref="11744989097"/>
  <nd ref="11686825717"/>
  <nd ref="11744989128"/>
  <nd ref="2469808306"/>
  <nd ref="2469808307"/>
  <nd ref="2469808310"/>
  <nd ref="2469808312"/>
  <nd ref="2469808313"/>
  <nd ref="2469808308"/>
  <nd ref="11744989082"/>
  <nd ref="2469808311"/>
  <nd ref="1351051601"/>
  <tag k="highway" v="trunk_link"/>
  <tag k="lanes" v="1"/>
  <tag k="name" v="国道190号"/>
  <tag k="oneway" v="yes"/>
  <tag k="source" v="GSImaps/std"/>
 </way>
 <way id="549729409" visible="true" version="3" changeset="148856911" timestamp="2024-03-19T11:47:25Z" user="paopao234" uid="8303738">
  <nd ref="1351050986"/>
  <nd ref="5310218498"/>
  <nd ref="11744989074"/>
  <nd ref="5310218497"/>
  <nd ref="5310218496"/>
  <nd ref="5310218495"/>
  <nd ref="11744989075"/>
  <nd ref="5310218494"/>
  <nd ref="2712259533"/>
  <tag k="highway" v="trunk_link"/>
  <tag k="lanes" v="1"/>
  <tag k="oneway" v="yes"/>
  <tag k="source" v="YahooJapan/ALPSMAP;GSImaps/std"/>
 </way>
 <way id="551380089" visible="true" version="4" changeset="169801235" timestamp="2025-08-01T07:05:34Z" user="taketaketake" uid="4757277">
  <nd ref="1351051608"/>
  <nd ref="1351051564"/>
  <nd ref="2022854545"/>
  <nd ref="1351051405"/>
  <nd ref="1351051240"/>
  <nd ref="1351051169"/>
  <tag k="highway" v="trunk"/>
  <tag k="lanes" v="2"/>
  <tag k="name" v="国道190号"/>
  <tag k="name:en" v="National Highway Route 190"/>
  <tag k="name:ja" v="国道190号"/>
  <tag k="oneway" v="yes"/>
  <tag k="ref" v="190"/>
  <tag k="source" v="YahooJapan/ALPSMAP;GSImaps/std"/>
  <tag k="surface" v="asphalt"/>
 </way>
 <way id="620412129" visible="true" version="4" changeset="167960423" timestamp="2025-06-22T14:11:36Z" user="okadatsuneo" uid="10163840">
  <nd ref="3248383271"/>
  <nd ref="3248382270"/>
  <nd ref="3248383166"/>
  <nd ref="3248383368"/>
  <nd ref="3248382280"/>
  <nd ref="3248383168"/>
  <nd ref="3248383372"/>
  <nd ref="3248383276"/>
  <nd ref="3248383377"/>
  <nd ref="3248383381"/>
  <nd ref="3248383383"/>
  <nd ref="3248383385"/>
  <nd ref="8565897651"/>
  <nd ref="3248425077"/>
  <nd ref="3248376078"/>
  <nd ref="3248383386"/>
  <nd ref="3248425273"/>
  <nd ref="3248382309"/>
  <nd ref="9219876571"/>
  <nd ref="3248383285"/>
  <nd ref="3248382310"/>
  <nd ref="3248383179"/>
  <nd ref="3248382588"/>
  <nd ref="3248383178"/>
  <tag k="cables" v="6"/>
  <tag k="circuits" v="2"/>
  <tag k="frequency" v="60"/>
  <tag k="power" v="line"/>
  <tag k="voltage" v="110000"/>
  <tag k="wires" v="double"/>
 </way>
 <way id="862156875" visible="true" version="2" changeset="101820113" timestamp="2021-03-26T22:24:51Z" user="Jackey_24" uid="12932462">
  <nd ref="8033007347"/>
  <nd ref="8033007348"/>
  <nd ref="8033007349"/>
  <nd ref="8033007350"/>
  <nd ref="8566012198"/>
  <nd ref="8033007351"/>
  <nd ref="8566012199"/>
  <nd ref="8033007352"/>
  <nd ref="8033007347"/>
  <tag k="building" v="yes"/>
  <tag k="shop" v="interior_decoration"/>
 </way>
 <way id="862156876" visible="true" version="1" changeset="92847038" timestamp="2020-10-21T17:31:39Z" user="denpa1" uid="12030302">
  <nd ref="8033007353"/>
  <nd ref="8033007354"/>
  <nd ref="8033007355"/>
  <nd ref="8033007356"/>
  <nd ref="8033007357"/>
  <nd ref="8033007358"/>
  <nd ref="8033007359"/>
  <nd ref="8033007360"/>
  <nd ref="8033007361"/>
  <nd ref="8033007362"/>
  <nd ref="8033007363"/>
  <nd ref="8033007364"/>
  <nd ref="8033007353"/>
  <tag k="building" v="yes"/>
  <tag k="name" v="マツダ"/>
  <tag k="shop" v="car"/>
 </way>
 <way id="862156877" visible="true" version="1" changeset="92847038" timestamp="2020-10-21T17:31:39Z" user="denpa1" uid="12030302">
  <nd ref="8033007365"/>
  <nd ref="8033007366"/>
  <nd ref="8033007367"/>
  <nd ref="8033007368"/>
  <nd ref="8033007369"/>
  <nd ref="8033007370"/>
  <nd ref="8033007371"/>
  <nd ref="8033007372"/>
  <nd ref="8033007373"/>
  <nd ref="8033007374"/>
  <nd ref="8033007365"/>
  <tag k="amenity" v="social_facility"/>
  <tag k="building" v="yes"/>
  <tag k="social_facility" v="nursing_home"/>
  <tag k="social_facility:for" v="senior"/>
 </way>
 <way id="862156880" visible="true" version="1" changeset="92847038" timestamp="2020-10-21T17:31:39Z" user="denpa1" uid="12030302">
  <nd ref="8033007383"/>
  <nd ref="8033007384"/>
  <nd ref="8033007885"/>
  <nd ref="8033007886"/>
  <nd ref="8033007383"/>
  <tag k="landuse" v="residential"/>
  <tag k="residential" v="apartments"/>
 </way>
 <way id="922756374" visible="true" version="2" changeset="153271213" timestamp="2024-06-28T01:26:31Z" user="taketaketake" uid="4757277">
  <nd ref="8566026943"/>
  <nd ref="8566026942"/>
  <nd ref="8566026956"/>
  <tag k="waterway" v="ditch"/>
 </way>
 <way id="922756376" visible="true" version="1" changeset="101820405" timestamp="2021-03-26T22:34:44Z" user="Jackey_24" uid="12932462">
  <nd ref="8566026958"/>
  <nd ref="8566026951"/>
  <tag k="waterway" v="ditch"/>
 </way>
 <way id="922756377" visible="true" version="3" changeset="153271213" timestamp="2024-06-28T01:26:31Z" user="taketaketake" uid="4757277">
  <nd ref="8566026956"/>
  <nd ref="8566026952"/>
  <tag k="waterway" v="ditch"/>
 </way>
 <way id="922756379" visible="true" version="3" changeset="148856911" timestamp="2024-03-19T11:47:25Z" user="paopao234" uid="8303738">
  <nd ref="8566026960"/>
  <nd ref="8568580243"/>
  <nd ref="8566026962"/>
  <tag k="waterway" v="ditch"/>
 </way>
 <way id="922756383" visible="true" version="2" changeset="101863080" timestamp="2021-03-28T07:40:15Z" user="mklyr" uid="614924">
  <nd ref="8566026954"/>
  <nd ref="8566026959"/>
  <tag k="waterway" v="ditch"/>
 </way>
 <way id="922756384" visible="true" version="2" changeset="101863080" timestamp="2021-03-28T07:40:15Z" user="mklyr" uid="614924">
  <nd ref="8566026959"/>
  <nd ref="8568580244"/>
  <nd ref="8566026958"/>
  <tag k="layer" v="-1"/>
  <tag k="tunnel" v="culvert"/>
  <tag k="waterway" v="ditch"/>
 </way>
 <way id="922756385" visible="true" version="2" changeset="148856911" timestamp="2024-03-19T11:47:25Z" user="paopao234" uid="8303738">
  <nd ref="8566026952"/>
  <nd ref="8566026960"/>
  <tag k="layer" v="-1"/>
  <tag k="tunnel" v="culvert"/>
  <tag k="waterway" v="ditch"/>
 </way>
 <way id="922756387" visible="true" version="2" changeset="101863080" timestamp="2021-03-28T07:40:15Z" user="mklyr" uid="614924">
  <nd ref="8566026962"/>
  <nd ref="8566026954"/>
  <tag k="layer" v="-1"/>
  <tag k="tunnel" v="culvert"/>
  <tag k="waterway" v="ditch"/>
 </way>
 <way id="1257014105" visible="true" version="2" changeset="148856911" timestamp="2024-03-19T11:47:25Z" user="paopao234" uid="8303738">
  <nd ref="11686041797"/>
  <nd ref="11744989061"/>
  <nd ref="11744989062"/>
  <nd ref="11686041798"/>
  <nd ref="11686041799"/>
  <nd ref="11686041800"/>
  <nd ref="11686041801"/>
  <nd ref="11744989058"/>
  <nd ref="11686041802"/>
  <nd ref="11686041803"/>
  <nd ref="11686041804"/>
  <nd ref="11686041805"/>
  <nd ref="11686041806"/>
  <tag k="footway" v="sidewalk"/>
  <tag k="highway" v="footway"/>
 </way>
 <way id="1257062906" visible="true" version="1" changeset="148152905" timestamp="2024-03-03T04:16:40Z" user="paopao234" uid="8303738">
  <nd ref="11686041806"/>
  <nd ref="11686825697"/>
  <nd ref="11686825698"/>
  <tag k="crossing" v="traffic_signals"/>
  <tag k="footway" v="crossing"/>
  <tag k="highway" v="footway"/>
 </way>
 <way id="1257062907" visible="true" version="2" changeset="148856911" timestamp="2024-03-19T11:47:25Z" user="paopao234" uid="8303738">
  <nd ref="11686825698"/>
  <nd ref="11686825699"/>
  <nd ref="11686825700"/>
  <nd ref="11744989091"/>
  <nd ref="11744989084"/>
  <nd ref="11686825701"/>
  <tag k="footway" v="sidewalk"/>
  <tag k="highway" v="footway"/>
 </way>
 <way id="1257062908" visible="true" version="2" changeset="148856911" timestamp="2024-03-19T11:47:25Z" user="paopao234" uid="8303738">
  <nd ref="11744989136"/>
  <nd ref="11744989135"/>
  <nd ref="11744989134"/>
  <nd ref="11744989133"/>
  <nd ref="11744989132"/>
  <nd ref="11744989131"/>
  <nd ref="11686825702"/>
  <nd ref="11686825710"/>
  <nd ref="11686825703"/>
  <nd ref="11686825704"/>
  <nd ref="11686825705"/>
  <nd ref="11686825706"/>
  <nd ref="11686825707"/>
  <nd ref="11744989081"/>
  <nd ref="11686825708"/>
  <nd ref="11686825709"/>
  <tag k="footway" v="sidewalk"/>
  <tag k="highway" v="footway"/>
 </way>
 <way id="1257062910" visible="true" version="1" changeset="148152905" timestamp="2024-03-03T04:16:40Z" user="paopao234" uid="8303738">
  <nd ref="11686825712"/>
  <nd ref="11686825713"/>
  <nd ref="11686825714"/>
  <nd ref="11686825715"/>
  <nd ref="11686825716"/>
  <tag k="footway" v="sidewalk"/>
  <tag k="highway" v="footway"/>
 </way>
 <way id="1257062912" visible="true" version="1" changeset="148152905" timestamp="2024-03-03T04:16:40Z" user="paopao234" uid="8303738">
  <nd ref="11686825718"/>
  <nd ref="11686825719"/>
  <tag k="footway" v="sidewalk"/>
  <tag k="highway" v="footway"/>
 </way>
 <way id="1257062914" visible="true" version="1" changeset="148152905" timestamp="2024-03-03T04:16:40Z" user="paopao234" uid="8303738">
  <nd ref="11686825721"/>
  <nd ref="11686825722"/>
  <nd ref="11686825723"/>
  <nd ref="11686825724"/>
  <nd ref="11686825725"/>
  <tag k="highway" v="residential"/>
 </way>
 <way id="1264087488" visible="true" version="1" changeset="148856911" timestamp="2024-03-19T11:47:25Z" user="paopao234" uid="8303738">
  <nd ref="11744989049"/>
  <nd ref="11744989058"/>
  <nd ref="2000842436"/>
  <nd ref="11744989057"/>
  <nd ref="11744989050"/>
  <nd ref="11744989051"/>
  <nd ref="11744989052"/>
  <nd ref="11744989053"/>
  <nd ref="11744989054"/>
  <nd ref="11744989055"/>
  <nd ref="11744989056"/>
  <tag k="highway" v="service"/>
  <tag k="oneway" v="yes"/>
 </way>
 <way id="1264087494" visible="true" version="1" changeset="148856911" timestamp="2024-03-19T11:47:25Z" user="paopao234" uid="8303738">
  <nd ref="11744989083"/>
  <nd ref="11744989085"/>
  <nd ref="11744989086"/>
  <nd ref="11744989087"/>
  <nd ref="11744989088"/>
  <nd ref="11744989089"/>
  <nd ref="11744989083"/>
  <tag k="highway" v="service"/>
 </way>
 <way id="1264087495" visible="true" version="1" changeset="148856911" timestamp="2024-03-19T11:47:25Z" user="paopao234" uid="8303738">
  <nd ref="11744989089"/>
  <nd ref="11744989091"/>
  <nd ref="11744989090"/>
  <tag k="highway" v="service"/>
 </way>
 <way id="1264087496" visible="true" version="3" changeset="170042622" timestamp="2025-08-06T07:56:43Z" user="taketaketake" uid="4757277">
  <nd ref="11686825697"/>
  <nd ref="2469808305"/>
  <nd ref="11744989112"/>
  <nd ref="11744989056"/>
  <nd ref="11744989093"/>
  <nd ref="11744989094"/>
  <nd ref="11744989095"/>
  <nd ref="11744989104"/>
  <nd ref="1351050914"/>
  <tag k="highway" v="primary"/>
  <tag k="lanes" v="2"/>
  <tag k="name" v="宇部船木線"/>
  <tag k="name:en" v="Ube Funaki Line"/>
  <tag k="name:ja" v="宇部船木線"/>
  <tag k="name:ja-Hira" v="うべふなきせん"/>
  <tag k="name:ja_rm" v="Ube Funaki-sen"/>
  <tag k="oneway" v="yes"/>
  <tag k="ref" v="29"/>
  <tag k="surface" v="asphalt"/>
  <tag k="wikidata" v="Q11467273"/>
  <tag k="wikipedia" v="ja:山口県道29号宇部船木線"/>
 </way>
 <way id="1264087497" visible="true" version="3" changeset="170042622" timestamp="2025-08-06T07:56:43Z" user="taketaketake" uid="4757277">
  <nd ref="1351050914"/>
  <nd ref="2712259533"/>
  <nd ref="11744989110"/>
  <nd ref="11744989096"/>
  <nd ref="1351051598"/>
  <nd ref="11744989126"/>
  <nd ref="11686825697"/>
  <tag k="highway" v="primary"/>
  <tag k="lanes" v="2"/>
  <tag k="name" v="宇部船木線"/>
  <tag k="name:en" v="Ube Funaki Line"/>
  <tag k="name:ja" v="宇部船木線"/>
  <tag k="name:ja-Hira" v="うべふなきせん"/>
  <tag k="name:ja_rm" v="Ube Funaki-sen"/>
  <tag k="oneway" v="yes"/>
  <tag k="ref" v="29"/>
  <tag k="surface" v="asphalt"/>
  <tag k="wikidata" v="Q11467273"/>
  <tag k="wikipedia" v="ja:山口県道29号宇部船木線"/>
 </way>
 <way id="1264087498" visible="true" version="1" changeset="148856911" timestamp="2024-03-19T11:47:25Z" user="paopao234" uid="8303738">
  <nd ref="11744989071"/>
  <nd ref="11744989102"/>
  <nd ref="11744989103"/>
  <nd ref="11744989104"/>
  <nd ref="11744989105"/>
  <nd ref="2712259533"/>
  <tag k="highway" v="trunk_link"/>
  <tag k="oneway" v="yes"/>
 </way>
 <way id="1264087499" visible="true" version="1" changeset="148856911" timestamp="2024-03-19T11:47:25Z" user="paopao234" uid="8303738">
  <nd ref="5310218495"/>
  <nd ref="11744989106"/>
  <nd ref="11744989107"/>
  <nd ref="11744989108"/>
  <nd ref="11744989109"/>
  <nd ref="1351050914"/>
  <tag k="highway" v="trunk_link"/>
  <tag k="oneway" v="yes"/>
 </way>
 <way id="1264087500" visible="true" version="1" changeset="148856911" timestamp="2024-03-19T11:47:25Z" user="paopao234" uid="8303738">
  <nd ref="11744989110"/>
  <nd ref="11744989115"/>
  <nd ref="11744989111"/>
  <nd ref="11744989112"/>
  <nd ref="11744989116"/>
  <nd ref="11744989113"/>
  <nd ref="11744989114"/>
  <tag k="highway" v="trunk_link"/>
  <tag k="oneway" v="yes"/>
 </way>
 <way id="1264087501" visible="true" version="1" changeset="148856911" timestamp="2024-03-19T11:47:25Z" user="paopao234" uid="8303738">
  <nd ref="11744989110"/>
  <nd ref="11744989117"/>
  <nd ref="11744989118"/>
  <nd ref="11744989119"/>
  <nd ref="11744989120"/>
  <nd ref="11686825717"/>
  <tag k="highway" v="trunk_link"/>
  <tag k="oneway" v="yes"/>
 </way>
 <way id="1264087503" visible="true" version="1" changeset="148856911" timestamp="2024-03-19T11:47:25Z" user="paopao234" uid="8303738">
  <nd ref="11686825719"/>
  <nd ref="1351051644"/>
  <nd ref="11744989127"/>
  <tag k="crossing" v="traffic_signals"/>
  <tag k="footway" v="crossing"/>
  <tag k="highway" v="footway"/>
 </way>
 <way id="1264087504" visible="true" version="1" changeset="148856911" timestamp="2024-03-19T11:47:25Z" user="paopao234" uid="8303738">
  <nd ref="11686825718"/>
  <nd ref="11744989128"/>
  <nd ref="11686825716"/>
  <tag k="crossing" v="traffic_signals"/>
  <tag k="footway" v="crossing"/>
  <tag k="highway" v="footway"/>
 </way>
 <way id="1264087505" visible="true" version="1" changeset="148856911" timestamp="2024-03-19T11:47:25Z" user="paopao234" uid="8303738">
  <nd ref="11686825712"/>
  <nd ref="5310218495"/>
  <nd ref="11744989130"/>
  <nd ref="11744989129"/>
  <tag k="crossing" v="traffic_signals"/>
  <tag k="footway" v="crossing"/>
  <tag k="highway" v="footway"/>
 </way>
 <way id="1264087506" visible="true" version="1" changeset="148856911" timestamp="2024-03-19T11:47:25Z" user="paopao234" uid="8303738">
  <nd ref="11744989129"/>
  <nd ref="11686825703"/>
  <tag k="footway" v="sidewalk"/>
  <tag k="highway" v="footway"/>
 </way>
 <way id="1264087507" visible="true" version="1" changeset="148856911" timestamp="2024-03-19T11:47:25Z" user="paopao234" uid="8303738">
  <nd ref="11744989137"/>
  <nd ref="11744989139"/>
  <nd ref="11744989138"/>
  <tag k="crossing" v="traffic_signals"/>
  <tag k="footway" v="crossing"/>
  <tag k="highway" v="footway"/>
 </way>
 <way id="1264087508" visible="true" version="1" changeset="148856911" timestamp="2024-03-19T11:47:25Z" user="paopao234" uid="8303738">
  <nd ref="11744989137"/>
  <nd ref="11686825710"/>
  <tag k="footway" v="sidewalk"/>
  <tag k="highway" v="footway"/>
 </way>
 <way id="1264087509" visible="true" version="1" changeset="148856911" timestamp="2024-03-19T11:47:25Z" user="paopao234" uid="8303738">
  <nd ref="11744989138"/>
  <nd ref="11744989140"/>
  <nd ref="11744989141"/>
  <nd ref="11744989142"/>
  <nd ref="11744989143"/>
  <nd ref="11744989144"/>
  <nd ref="11744989145"/>
  <tag k="footway" v="sidewalk"/>
  <tag k="highway" v="footway"/>
 </way>
 <way id="1264087511" visible="true" version="1" changeset="148856911" timestamp="2024-03-19T11:47:25Z" user="paopao234" uid="8303738">
  <nd ref="11744989146"/>
  <nd ref="11744989147"/>
  <nd ref="11744989148"/>
  <nd ref="11744989149"/>
  <nd ref="11744989150"/>
  <nd ref="11744989151"/>
  <nd ref="11744989152"/>
  <nd ref="11744989153"/>
  <nd ref="11744989146"/>
  <tag k="natural" v="heath"/>
 </way>
 <way id="1264087512" visible="true" version="1" changeset="148856911" timestamp="2024-03-19T11:47:25Z" user="paopao234" uid="8303738">
  <nd ref="11744989154"/>
  <nd ref="11744989155"/>
  <nd ref="11744989156"/>
  <nd ref="11744989157"/>
  <nd ref="11744989158"/>
  <nd ref="11744989159"/>
  <nd ref="11744989160"/>
  <nd ref="11744989161"/>
  <nd ref="11744989154"/>
  <tag k="natural" v="heath"/>
 </way>
 <way id="1264087513" visible="true" version="1" changeset="148856911" timestamp="2024-03-19T11:47:25Z" user="paopao234" uid="8303738">
  <nd ref="11744989162"/>
  <nd ref="11744989163"/>
  <nd ref="11744989164"/>
  <nd ref="11744989165"/>
  <nd ref="11744989166"/>
  <nd ref="11744989167"/>
  <nd ref="11744989168"/>
  <nd ref="11744989169"/>
  <nd ref="11744989162"/>
  <tag k="natural" v="heath"/>
 </way>
 <way id="1264087514" visible="true" version="2" changeset="149033153" timestamp="2024-03-22T22:40:22Z" user="paopao234" uid="8303738">
  <nd ref="11744989169"/>
  <nd ref="11744989171"/>
  <nd ref="11744989172"/>
  <nd ref="11744989173"/>
  <nd ref="11744989174"/>
  <nd ref="11744989175"/>
  <nd ref="11744989176"/>
  <nd ref="11744989177"/>
  <nd ref="11744989167"/>
  <tag k="barrier" v="fence"/>
 </way>
 <way id="1264087515" visible="true" version="1" changeset="148856911" timestamp="2024-03-19T11:47:25Z" user="paopao234" uid="8303738">
  <nd ref="11744989179"/>
  <nd ref="11744989180"/>
  <nd ref="11744989181"/>
  <nd ref="11744989182"/>
  <nd ref="11744989183"/>
  <nd ref="11744989184"/>
  <nd ref="11744989185"/>
  <nd ref="11744989186"/>
  <nd ref="11744989179"/>
  <tag k="natural" v="heath"/>
 </way>
 <way id="1264087516" visible="true" version="1" changeset="148856911" timestamp="2024-03-19T11:47:25Z" user="paopao234" uid="8303738">
  <nd ref="11744989187"/>
  <nd ref="11744989188"/>
  <nd ref="11744989189"/>
  <nd ref="11744989190"/>
  <nd ref="11744989191"/>
  <nd ref="11744989192"/>
  <nd ref="11744989193"/>
  <nd ref="11744989194"/>
  <nd ref="11744989195"/>
  <nd ref="11744989187"/>
  <tag k="natural" v="heath"/>
 </way>
 <relation id="8857556" visible="true" version="166" changeset="185171745" timestamp="2026-07-06T02:54:07Z" user="okadatsuneo_import" uid="12352917">
  <member type="relation" ref="32989" role=""/>
  <member type="relation" ref="2064722" role=""/>
  <member type="relation" ref="2061678" role=""/>
  <member type="relation" ref="416684" role=""/>
  <member type="relation" ref="33009" role=""/>
  <member type="relation" ref="1521225" role=""/>
  <member type="relation" ref="2069116" role=""/>
  <member type="relation" ref="8589620" role=""/>
  <member type="relation" ref="2076294" role=""/>
  <member type="relation" ref="2082723" role=""/>
  <member type="relation" ref="12579" role=""/>
  <member type="relation" ref="2097432" role=""/>
  <member type="relation" ref="2098597" role=""/>
  <member type="relation" ref="2098903" role=""/>
  <member type="relation" ref="2107249" role=""/>
  <member type="relation" ref="18187" role=""/>
  <member type="relation" ref="2150021" role=""/>
  <member type="relation" ref="964698" role=""/>
  <member type="relation" ref="964699" role=""/>
  <member type="relation" ref="21087" role=""/>
  <member type="relation" ref="905615" role=""/>
  <member type="relation" ref="2191283" role=""/>
  <member type="relation" ref="8549439" role=""/>
  <member type="relation" ref="2281186" role=""/>
  <member type="relation" ref="1247317" role=""/>
  <member type="relation" ref="2283740" role=""/>
  <member type="relation" ref="2578411" role=""/>
  <member type="relation" ref="12592" role=""/>
  <member type="relation" ref="2773842" role=""/>
  <member type="relation" ref="59477" role=""/>
  <member type="relation" ref="1957766" role=""/>
  <member type="relation" ref="12585" role=""/>
  <member type="relation" ref="149017" role=""/>
  <member type="relation" ref="2829210" role=""/>
  <member type="relation" ref="2829437" role=""/>
  <member type="relation" ref="130867" role=""/>
  <member type="relation" ref="33017" role=""/>
  <member type="relation" ref="2863336" role=""/>
  <member type="relation" ref="2864639" role=""/>
  <member type="relation" ref="2865301" role=""/>
  <member type="relation" ref="31351" role=""/>
  <member type="relation" ref="2877152" role=""/>
  <member type="relation" ref="2878993" role=""/>
  <member type="relation" ref="2885462" role=""/>
  <member type="relation" ref="2887904" role=""/>
  <member type="relation" ref="443923" role=""/>
  <member type="relation" ref="2938281" role=""/>
  <member type="relation" ref="2938900" role=""/>
  <member type="relation" ref="2939533" role=""/>
  <member type="relation" ref="2954632" role=""/>
  <member type="relation" ref="6903690" role=""/>
  <member type="relation" ref="2957016" role=""/>
  <member type="relation" ref="2957132" role=""/>
  <member type="relation" ref="2957976" role=""/>
  <member type="relation" ref="12583" role=""/>
  <member type="relation" ref="12584" role=""/>
  <member type="relation" ref="2971983" role=""/>
  <member type="relation" ref="2972065" role=""/>
  <member type="relation" ref="2974952" role=""/>
  <member type="relation" ref="2975092" role=""/>
  <member type="relation" ref="2988615" role=""/>
  <member type="relation" ref="3066227" role=""/>
  <member type="relation" ref="2937948" role=""/>
  <member type="relation" ref="3066928" role=""/>
  <member type="relation" ref="3069619" role=""/>
  <member type="relation" ref="3118577" role=""/>
  <member type="relation" ref="3118835" role=""/>
  <member type="relation" ref="3128401" role=""/>
  <member type="relation" ref="3128448" role=""/>
  <member type="relation" ref="3129175" role=""/>
  <member type="relation" ref="3132634" role=""/>
  <member type="relation" ref="965403" role=""/>
  <member type="relation" ref="3189380" role=""/>
  <member type="relation" ref="3217184" role=""/>
  <member type="relation" ref="3217302" role=""/>
  <member type="relation" ref="3218039" role=""/>
  <member type="relation" ref="3248776" role=""/>
  <member type="relation" ref="3262076" role=""/>
  <member type="relation" ref="6604490" role=""/>
  <member type="relation" ref="9002996" role=""/>
  <member type="relation" ref="9066606" role=""/>
  <member type="relation" ref="9066742" role=""/>
  <member type="relation" ref="9069158" role=""/>
  <member type="relation" ref="3846566" role=""/>
  <member type="relation" ref="3767038" role=""/>
  <member type="relation" ref="3773599" role=""/>
  <member type="relation" ref="2665187" role=""/>
  <member type="relation" ref="3770942" role=""/>
  <member type="relation" ref="31118" role=""/>
  <member type="relation" ref="3639261" role=""/>
  <member type="relation" ref="8822215" role=""/>
  <member type="relation" ref="3908565" role=""/>
  <member type="relation" ref="3908696" role=""/>
  <member type="relation" ref="8842101" role=""/>
  <member type="relation" ref="8980964" role=""/>
  <member type="relation" ref="965538" role=""/>
  <member type="relation" ref="6518912" role=""/>
  <member type="relation" ref="2124106" role=""/>
  <member type="relation" ref="965533" role=""/>
  <member type="relation" ref="7438376" role=""/>
  <member type="relation" ref="3846790" role=""/>
  <member type="relation" ref="2104795" role=""/>
  <member type="relation" ref="3862939" role=""/>
  <member type="relation" ref="3770972" role=""/>
  <member type="relation" ref="8843661" role=""/>
  <member type="relation" ref="8475141" role=""/>
  <member type="relation" ref="53798" role=""/>
  <member type="relation" ref="3527405" role=""/>
  <member type="relation" ref="3786290" role=""/>
  <member type="relation" ref="8438979" role=""/>
  <member type="relation" ref="8519028" role=""/>
  <member type="relation" ref="8546711" role=""/>
  <member type="relation" ref="31352" role=""/>
  <member type="relation" ref="8634030" role=""/>
  <member type="relation" ref="8643289" role=""/>
  <member type="relation" ref="8730413" role=""/>
  <member type="relation" ref="8602705" role=""/>
  <member type="relation" ref="8376126" role=""/>
  <member type="relation" ref="3771120" role=""/>
  <member type="relation" ref="8360680" role=""/>
  <member type="relation" ref="8798843" role=""/>
  <member type="relation" ref="8253434" role=""/>
  <member type="relation" ref="8338767" role=""/>
  <member type="relation" ref="7790754" role=""/>
  <member type="relation" ref="8810155" role=""/>
  <member type="relation" ref="9316269" role=""/>
  <member type="relation" ref="3786705" role=""/>
  <member type="relation" ref="8814743" role=""/>
  <member type="relation" ref="3767143" role=""/>
  <member type="relation" ref="9349690" role=""/>
  <member type="relation" ref="8812592" role=""/>
  <member type="relation" ref="3767309" role=""/>
  <member type="relation" ref="8385407" role=""/>
  <member type="relation" ref="8385532" role=""/>
  <member type="relation" ref="7757831" role=""/>
  <member type="relation" ref="7756814" role=""/>
  <member type="relation" ref="8386008" role=""/>
  <member type="relation" ref="3500263" role=""/>
  <member type="relation" ref="9385077" role=""/>
  <member type="relation" ref="1282122" role=""/>
  <member type="relation" ref="4544619" role=""/>
  <member type="relation" ref="4165287" role=""/>
  <member type="relation" ref="3717459" role=""/>
  <member type="relation" ref="3771004" role=""/>
  <member type="relation" ref="9400756" role=""/>
  <member type="relation" ref="3904021" role=""/>
  <member type="relation" ref="12586" role=""/>
  <member type="relation" ref="12893" role=""/>
  <member type="relation" ref="149016" role=""/>
  <member type="relation" ref="12582" role=""/>
  <member type="relation" ref="9444474" role=""/>
  <member type="relation" ref="65441" role=""/>
  <member type="relation" ref="9483543" role=""/>
  <member type="relation" ref="9483646" role=""/>
  <member type="relation" ref="9491583" role=""/>
  <member type="relation" ref="7106297" role=""/>
  <member type="relation" ref="9361964" role=""/>
  <member type="relation" ref="9361958" role=""/>
  <member type="relation" ref="9364398" role=""/>
  <member type="relation" ref="9361965" role=""/>
  <member type="relation" ref="9364395" role=""/>
  <member type="relation" ref="9364399" role=""/>
  <member type="relation" ref="9361957" role=""/>
  <member type="relation" ref="9364404" role=""/>
  <member type="relation" ref="9592451" role=""/>
  <member type="relation" ref="9578522" role=""/>
  <member type="relation" ref="9608067" role=""/>
  <member type="relation" ref="6966370" role=""/>
  <member type="relation" ref="9659817" role=""/>
  <member type="relation" ref="9627337" role=""/>
  <member type="relation" ref="9633190" role=""/>
  <member type="relation" ref="9702108" role=""/>
  <member type="relation" ref="9651112" role=""/>
  <member type="relation" ref="9712245" role=""/>
  <member type="relation" ref="9669415" role=""/>
  <member type="relation" ref="3787044" role=""/>
  <member type="relation" ref="9680900" role=""/>
  <member type="relation" ref="9684360" role=""/>
  <member type="relation" ref="33010" role=""/>
  <member type="relation" ref="6585224" role=""/>
  <member type="relation" ref="6595831" role=""/>
  <member type="relation" ref="6584912" role=""/>
  <member type="relation" ref="6596139" role=""/>
  <member type="relation" ref="6612480" role=""/>
  <member type="relation" ref="6596367" role=""/>
  <member type="relation" ref="6601904" role=""/>
  <member type="relation" ref="6624769" role=""/>
  <member type="relation" ref="6626645" role=""/>
  <member type="relation" ref="2883869" role=""/>
  <member type="relation" ref="6621211" role=""/>
  <member type="relation" ref="6612481" role=""/>
  <member type="relation" ref="6641475" role=""/>
  <member type="relation" ref="6632428" role=""/>
  <member type="relation" ref="6639503" role=""/>
  <member type="relation" ref="6641549" role=""/>
  <member type="relation" ref="6645422" role=""/>
  <member type="relation" ref="5431055" role=""/>
  <member type="relation" ref="30840" role=""/>
  <member type="relation" ref="8466396" role=""/>
  <member type="relation" ref="8472959" role=""/>
  <member type="relation" ref="8903572" role=""/>
  <member type="relation" ref="9864624" role=""/>
  <member type="relation" ref="9365397" role=""/>
  <member type="relation" ref="6647077" role=""/>
  <member type="relation" ref="8197220" role=""/>
  <member type="relation" ref="1020657" role=""/>
  <member type="relation" ref="3639021" role=""/>
  <member type="relation" ref="1192346" role=""/>
  <member type="relation" ref="3521034" role=""/>
  <member type="relation" ref="8319600" role=""/>
  <member type="relation" ref="8421608" role=""/>
  <member type="relation" ref="8255454" role=""/>
  <member type="relation" ref="8171702" role=""/>
  <member type="relation" ref="9882017" role=""/>
  <member type="relation" ref="9361997" role=""/>
  <member type="relation" ref="9361995" role=""/>
  <member type="relation" ref="9621534" role=""/>
  <member type="relation" ref="9577579" role=""/>
  <member type="relation" ref="9662836" role=""/>
  <member type="relation" ref="9637071" role=""/>
  <member type="relation" ref="9706190" role=""/>
  <member type="relation" ref="9678094" role=""/>
  <member type="relation" ref="34190" role=""/>
  <member type="relation" ref="6651341" role=""/>
  <member type="relation" ref="6632429" role=""/>
  <member type="relation" ref="6651380" role=""/>
  <member type="relation" ref="6607033" role=""/>
  <member type="relation" ref="33018" role=""/>
  <member type="relation" ref="6594495" role=""/>
  <member type="relation" ref="3842394" role=""/>
  <member type="relation" ref="7346573" role=""/>
  <member type="relation" ref="6594518" role=""/>
  <member type="relation" ref="9230437" role=""/>
  <member type="relation" ref="6583464" role=""/>
  <member type="relation" ref="9220015" role=""/>
  <member type="relation" ref="947961" role=""/>
  <member type="relation" ref="6743360" role=""/>
  <member type="relation" ref="9389808" role=""/>
  <member type="relation" ref="9387618" role=""/>
  <member type="relation" ref="9095602" role=""/>
  <member type="relation" ref="6334848" role=""/>
  <member type="relation" ref="6519669" role=""/>
  <member type="relation" ref="6608790" role=""/>
  <member type="relation" ref="7920696" role=""/>
  <member type="relation" ref="6646894" role=""/>
  <member type="relation" ref="49515" role=""/>
  <member type="relation" ref="9842733" role=""/>
  <member type="relation" ref="9885666" role=""/>
  <member type="relation" ref="10259311" role=""/>
  <member type="relation" ref="10481824" role=""/>
  <member type="relation" ref="53796" role=""/>
  <member type="relation" ref="8839514" role=""/>
  <member type="relation" ref="3518585" role=""/>
  <member type="relation" ref="8512559" role=""/>
  <member type="relation" ref="8547309" role=""/>
  <member type="relation" ref="8901184" role=""/>
  <member type="relation" ref="8606655" role=""/>
  <member type="relation" ref="8330838" role=""/>
  <member type="relation" ref="6097291" role=""/>
  <member type="relation" ref="3947962" role=""/>
  <member type="relation" ref="6114814" role=""/>
  <member type="relation" ref="8770279" role=""/>
  <member type="relation" ref="7803946" role=""/>
  <member type="relation" ref="10015101" role=""/>
  <member type="relation" ref="8780413" role=""/>
  <member type="relation" ref="9226628" role=""/>
  <member type="relation" ref="1113900" role=""/>
  <member type="relation" ref="9878286" role=""/>
  <member type="relation" ref="9842064" role=""/>
  <member type="relation" ref="12886" role=""/>
  <member type="relation" ref="31661" role=""/>
  <member type="relation" ref="1061405" role=""/>
  <member type="relation" ref="9732500" role=""/>
  <member type="relation" ref="9566443" role=""/>
  <member type="relation" ref="9364401" role=""/>
  <member type="relation" ref="2360722" role=""/>
  <member type="relation" ref="9600043" role=""/>
  <member type="relation" ref="9655888" role=""/>
  <member type="relation" ref="9644147" role=""/>
  <member type="relation" ref="9674712" role=""/>
  <member type="relation" ref="10535240" role=""/>
  <member type="relation" ref="10997961" role=""/>
  <member type="relation" ref="3771097" role=""/>
  <member type="relation" ref="3771098" role=""/>
  <member type="relation" ref="6634560" role=""/>
  <member type="relation" ref="6649220" role=""/>
  <member type="relation" ref="6651324" role=""/>
  <member type="relation" ref="13970524" role=""/>
  <member type="relation" ref="6626646" role=""/>
  <member type="relation" ref="6604372" role=""/>
  <member type="relation" ref="33014" role=""/>
  <member type="relation" ref="195249" role=""/>
  <member type="relation" ref="7259555" role=""/>
  <member type="relation" ref="5385850" role=""/>
  <member type="relation" ref="7462562" role=""/>
  <member type="relation" ref="572350" role=""/>
  <member type="relation" ref="6649827" role=""/>
  <member type="relation" ref="9145802" role=""/>
  <member type="relation" ref="9167558" role=""/>
  <member type="relation" ref="9246031" role=""/>
  <member type="relation" ref="9384961" role=""/>
  <member type="relation" ref="6603804" role=""/>
  <member type="relation" ref="8660479" role=""/>
  <member type="relation" ref="8705812" role=""/>
  <member type="relation" ref="6357795" role=""/>
  <member type="relation" ref="2888579" role=""/>
  <member type="relation" ref="3644591" role=""/>
  <member type="relation" ref="13766033" role=""/>
  <member type="relation" ref="5347303" role=""/>
  <member type="relation" ref="3836968" role=""/>
  <member type="relation" ref="8250033" role=""/>
  <member type="relation" ref="8630931" role=""/>
  <member type="relation" ref="6518158" role=""/>
  <member type="relation" ref="3518586" role=""/>
  <member type="relation" ref="8507094" role=""/>
  <member type="relation" ref="8624536" role=""/>
  <member type="relation" ref="8330502" role=""/>
  <member type="relation" ref="8468445" role=""/>
  <member type="relation" ref="8736759" role=""/>
  <member type="relation" ref="8344320" role=""/>
  <member type="relation" ref="8346167" role=""/>
  <member type="relation" ref="8547781" role=""/>
  <member type="relation" ref="8778351" role=""/>
  <member type="relation" ref="8819316" role=""/>
  <member type="relation" ref="8428316" role=""/>
  <member type="relation" ref="10036652" role=""/>
  <member type="relation" ref="7521547" role=""/>
  <member type="relation" ref="9889643" role=""/>
  <member type="relation" ref="36203" role=""/>
  <member type="relation" ref="9727705" role=""/>
  <member type="relation" ref="9760336" role=""/>
  <member type="relation" ref="1061406" role=""/>
  <member type="relation" ref="9734691" role=""/>
  <member type="relation" ref="9364397" role=""/>
  <member type="relation" ref="9525476" role=""/>
  <member type="relation" ref="9365392" role=""/>
  <member type="relation" ref="9364403" role=""/>
  <member type="relation" ref="9581384" role=""/>
  <member type="relation" ref="9615824" role=""/>
  <member type="relation" ref="9648379" role=""/>
  <member type="relation" ref="9365391" role=""/>
  <member type="relation" ref="9849119" role=""/>
  <member type="relation" ref="6645423" role=""/>
  <member type="relation" ref="6653406" role=""/>
  <member type="relation" ref="6596106" role=""/>
  <member type="relation" ref="9301437" role=""/>
  <member type="relation" ref="9231531" role=""/>
  <member type="relation" ref="446121" role=""/>
  <member type="relation" ref="7901019" role=""/>
  <member type="relation" ref="6012803" role=""/>
  <member type="relation" ref="6594184" role=""/>
  <member type="relation" ref="5425459" role=""/>
  <member type="relation" ref="6491957" role=""/>
  <member type="relation" ref="8907070" role=""/>
  <member type="relation" ref="1017048" role=""/>
  <member type="relation" ref="8705506" role=""/>
  <member type="relation" ref="6518913" role=""/>
  <member type="relation" ref="4085924" role=""/>
  <member type="relation" ref="7021581" role=""/>
  <member type="relation" ref="7418329" role=""/>
  <member type="relation" ref="33003" role=""/>
  <member type="relation" ref="9889615" role=""/>
  <member type="relation" ref="8855535" role=""/>
  <member type="relation" ref="2162634" role=""/>
  <member type="relation" ref="3908697" role=""/>
  <member type="relation" ref="8824623" role=""/>
  <member type="relation" ref="8648367" role=""/>
  <member type="relation" ref="8616846" role=""/>
  <member type="relation" ref="8549720" role=""/>
  <member type="relation" ref="3524706" role=""/>
  <member type="relation" ref="8456817" role=""/>
  <member type="relation" ref="3527404" role=""/>
  <member type="relation" ref="8319621" role=""/>
  <member type="relation" ref="8346063" role=""/>
  <member type="relation" ref="8820384" role=""/>
  <member type="relation" ref="8788010" role=""/>
  <member type="relation" ref="3791425" role=""/>
  <member type="relation" ref="9999040" role=""/>
  <member type="relation" ref="9977958" role=""/>
  <member type="relation" ref="8821725" role=""/>
  <member type="relation" ref="9225568" role=""/>
  <member type="relation" ref="2789281" role=""/>
  <member type="relation" ref="1181630" role=""/>
  <member type="relation" ref="9869305" role=""/>
  <member type="relation" ref="572119" role=""/>
  <member type="relation" ref="9846585" role=""/>
  <member type="relation" ref="12873" role=""/>
  <member type="relation" ref="12591" role=""/>
  <member type="relation" ref="9743152" role=""/>
  <member type="relation" ref="9740226" role=""/>
  <member type="relation" ref="9604654" role=""/>
  <member type="relation" ref="9668498" role=""/>
  <member type="relation" ref="9663861" role=""/>
  <member type="relation" ref="9717721" role=""/>
  <member type="relation" ref="13766030" role=""/>
  <member type="relation" ref="6601928" role=""/>
  <member type="relation" ref="6605962" role=""/>
  <member type="relation" ref="6601896" role=""/>
  <member type="relation" ref="3317036" role=""/>
  <member type="relation" ref="416686" role=""/>
  <member type="relation" ref="446122" role=""/>
  <member type="relation" ref="9156540" role=""/>
  <member type="relation" ref="9383269" role=""/>
  <member type="relation" ref="7240653" role=""/>
  <member type="relation" ref="8725735" role=""/>
  <member type="relation" ref="5450521" role=""/>
  <member type="relation" ref="9028205" role=""/>
  <member type="relation" ref="11621854" role=""/>
  <member type="relation" ref="37650" role=""/>
  <member type="relation" ref="2695918" role=""/>
  <member type="relation" ref="8838236" role=""/>
  <member type="relation" ref="3948024" role=""/>
  <member type="relation" ref="3796161" role=""/>
  <member type="relation" ref="3796341" role=""/>
  <member type="relation" ref="3519913" role=""/>
  <member type="relation" ref="2168363" role=""/>
  <member type="relation" ref="7492744" role=""/>
  <member type="relation" ref="8596419" role=""/>
  <member type="relation" ref="7417266" role=""/>
  <member type="relation" ref="7722594" role=""/>
  <member type="relation" ref="10040102" role=""/>
  <member type="relation" ref="8784852" role=""/>
  <member type="relation" ref="3786630" role=""/>
  <member type="relation" ref="8372093" role=""/>
  <member type="relation" ref="7331065" role=""/>
  <member type="relation" ref="9994456" role=""/>
  <member type="relation" ref="9473486" role=""/>
  <member type="relation" ref="9918288" role=""/>
  <member type="relation" ref="5525014" role=""/>
  <member type="relation" ref="4544688" role=""/>
  <member type="relation" ref="9893745" role=""/>
  <member type="relation" ref="4452065" role=""/>
  <member type="relation" ref="9874325" role=""/>
  <member type="relation" ref="36085" role=""/>
  <member type="relation" ref="31622" role=""/>
  <member type="relation" ref="1597628" role=""/>
  <member type="relation" ref="9500290" role=""/>
  <member type="relation" ref="9584945" role=""/>
  <member type="relation" ref="9361963" role=""/>
  <member type="relation" ref="9364396" role=""/>
  <member type="relation" ref="9365393" role=""/>
  <member type="relation" ref="9586987" role=""/>
  <member type="relation" ref="9593068" role=""/>
  <member type="relation" ref="9623424" role=""/>
  <member type="relation" ref="9852047" role=""/>
  <member type="relation" ref="9671641" role=""/>
  <member type="relation" ref="10548190" role=""/>
  <member type="relation" ref="8063894" role=""/>
  <member type="relation" ref="10387581" role=""/>
  <member type="relation" ref="12079873" role=""/>
  <member type="relation" ref="9570519" role=""/>
  <tag k="name" v="日本の一般国道"/>
  <tag k="name:af" v="Nasionale snelweë van Japan"/>
  <tag k="name:en" v="National Highway of Japan"/>
  <tag k="name:es" v="Ruta nacional de Japón"/>
  <tag k="name:fr" v="Routes nationales du Japon"/>
  <tag k="name:ja" v="日本の一般国道"/>
  <tag k="name:ja-Hira" v="にっぽん の いっぱん こくどう"/>
  <tag k="name:ja-Latn" v="Nihon no ippan kokudō"/>
  <tag k="name:ko" v="일본의 일반 국도"/>
  <tag k="name:ru" v="Японские национальные дороги"/>
  <tag k="name:zh-Hans" v="日本一般国道"/>
  <tag k="name:zh-Hant" v="日本一般國道"/>
  <tag k="network" v="JP:national"/>
  <tag k="route_master" v="road"/>
  <tag k="type" v="route_master"/>
  <tag k="wikidata" v="Q926383"/>
  <tag k="wikimedia_commons" v="Category:National highways of Japan"/>
  <tag k="wikipedia" v="ja:一般国道"/>
 </relation>
 <relation id="9400756" visible="true" version="36" changeset="188702677" timestamp="2026-09-08T05:09:23Z" user="taketaketake" uid="4757277">
  <member type="way" ref="119979115" role="forward"/>
  <member type="way" ref="119975732" role=""/>
  <member type="way" ref="1133352259" role=""/>
  <member type="way" ref="119973819" role=""/>
  <member type="way" ref="119973803" role=""/>
  <member type="way" ref="119973938" role=""/>
  <member type="way" ref="119974138" role=""/>
  <member type="way" ref="119973413" role=""/>
  <member type="way" ref="1420290172" role=""/>
  <member type="way" ref="1420290171" role=""/>
  <member type="way" ref="119973531" role=""/>
  <member type="way" ref="119976530" role=""/>
  <member type="way" ref="119973400" role=""/>
  <member type="way" ref="119975801" role=""/>
  <member type="way" ref="119973771" role=""/>
  <member type="way" ref="119974627" role=""/>
  <member type="way" ref="120498928" role=""/>
  <member type="way" ref="684353142" role=""/>
  <member type="way" ref="120498697" role=""/>
  <member type="way" ref="682870885" role=""/>
  <member type="way" ref="120498958" role=""/>
  <member type="way" ref="1275411876" role=""/>
  <member type="way" ref="120498813" role=""/>
  <member type="way" ref="677207843" role=""/>
  <member type="way" ref="332618240" role=""/>
  <member type="way" ref="120498801" role=""/>
  <member type="way" ref="120498705" role=""/>
  <member type="way" ref="120498802" role=""/>
  <member type="way" ref="1266582163" role="forward"/>
  <member type="way" ref="120498803" role="forward"/>
  <member type="way" ref="224701716" role="forward"/>
  <member type="way" ref="120498814" role="forward"/>
  <member type="way" ref="120498835" role="forward"/>
  <member type="way" ref="120498812" role="forward"/>
  <member type="way" ref="120498865" role="forward"/>
  <member type="way" ref="99270651" role="forward"/>
  <member type="way" ref="321781460" role="forward"/>
  <member type="way" ref="189476373" role="forward"/>
  <member type="way" ref="189476375" role="forward"/>
  <member type="way" ref="359302598" role="forward"/>
  <member type="way" ref="190680191" role="forward"/>
  <member type="way" ref="120498766" role="forward"/>
  <member type="way" ref="568590869" role="forward"/>
  <member type="way" ref="343115086" role="forward"/>
  <member type="way" ref="224640569" role="forward"/>
  <member type="way" ref="120498775" role="forward"/>
  <member type="way" ref="120498717" role="forward"/>
  <member type="way" ref="120498685" role="forward"/>
  <member type="way" ref="120498837" role="forward"/>
  <member type="way" ref="120498771" role="forward"/>
  <member type="way" ref="120498834" role="forward"/>
  <member type="way" ref="120498709" role="forward"/>
  <member type="way" ref="343115050" role="forward"/>
  <member type="way" ref="120498832" role="forward"/>
  <member type="way" ref="120498732" role="forward"/>
  <member type="way" ref="120498725" role="forward"/>
  <member type="way" ref="551380089" role="forward"/>
  <member type="way" ref="120498763" role="forward"/>
  <member type="way" ref="574378081" role="forward"/>
  <member type="way" ref="710895576" role="forward"/>
  <member type="way" ref="120498686" role="forward"/>
  <member type="way" ref="120611308" role="forward"/>
  <member type="way" ref="549573480" role="forward"/>
  <member type="way" ref="120611326" role="forward"/>
  <member type="way" ref="224639142" role="forward"/>
  <member type="way" ref="710895574" role="forward"/>
  <member type="way" ref="561578871" role="forward"/>
  <member type="way" ref="224639140" role="forward"/>
  <member type="way" ref="224639153" role="forward"/>
  <member type="way" ref="224639138" role="forward"/>
  <member type="way" ref="224639148" role="forward"/>
  <member type="way" ref="224639135" role="forward"/>
  <member type="way" ref="224639151" role="forward"/>
  <member type="way" ref="224639136" role="forward"/>
  <member type="way" ref="224639147" role="forward"/>
  <member type="way" ref="224639134" role="forward"/>
  <member type="way" ref="224639149" role="forward"/>
  <member type="way" ref="224639139" role="forward"/>
  <member type="way" ref="224639133" role="forward"/>
  <member type="way" ref="224639137" role="forward"/>
  <member type="way" ref="552582736" role="forward"/>
  <member type="way" ref="120498912" role="forward"/>
  <member type="way" ref="99270640" role="forward"/>
  <member type="way" ref="710853761" role="forward"/>
  <member type="way" ref="710853760" role="forward"/>
  <member type="way" ref="359302592" role="forward"/>
  <member type="way" ref="189476374" role="forward"/>
  <member type="way" ref="189476372" role="forward"/>
  <member type="way" ref="224701722" role="forward"/>
  <member type="way" ref="224701710" role="forward"/>
  <member type="way" ref="224701721" role="forward"/>
  <member type="way" ref="224701712" role="forward"/>
  <member type="way" ref="224701725" role="forward"/>
  <member type="way" ref="224701718" role="forward"/>
  <member type="way" ref="224701723" role="forward"/>
  <member type="way" ref="224701726" role="forward"/>
  <member type="way" ref="120611338" role=""/>
  <member type="way" ref="549573478" role=""/>
  <member type="way" ref="120611320" role=""/>
  <member type="way" ref="120611306" role=""/>
  <member type="way" ref="120611294" role=""/>
  <member type="way" ref="120611339" role=""/>
  <member type="way" ref="120611264" role=""/>
  <member type="way" ref="120611298" role=""/>
  <member type="way" ref="120611280" role=""/>
  <member type="way" ref="120611346" role=""/>
  <member type="way" ref="120611265" role="forward"/>
  <member type="way" ref="677207871" role="forward"/>
  <member type="way" ref="677207870" role="forward"/>
  <member type="way" ref="120611307" role="forward"/>
  <member type="way" ref="1427262013" role="forward"/>
  <member type="way" ref="1427262014" role=""/>
  <member type="way" ref="120611333" role="forward"/>
  <member type="way" ref="120611315" role="forward"/>
  <member type="way" ref="677207867" role="forward"/>
  <member type="way" ref="677207866" role="forward"/>
  <member type="way" ref="120611254" role="forward"/>
  <member type="way" ref="120611270" role=""/>
  <member type="way" ref="189616178" role=""/>
  <member type="way" ref="120611268" role=""/>
  <member type="way" ref="711000525" role=""/>
  <member type="way" ref="120611291" role=""/>
  <member type="way" ref="120611262" role=""/>
  <member type="way" ref="120611257" role=""/>
  <member type="way" ref="120611281" role=""/>
  <member type="way" ref="120611263" role=""/>
  <member type="way" ref="120611373" role=""/>
  <member type="way" ref="120611364" role=""/>
  <member type="way" ref="120611357" role=""/>
  <member type="way" ref="120611387" role=""/>
  <member type="way" ref="120611375" role=""/>
  <member type="way" ref="120781126" role="forward"/>
  <member type="way" ref="1442053727" role="forward"/>
  <member type="way" ref="120781119" role="forward"/>
  <member type="way" ref="1257656786" role="forward"/>
  <member type="way" ref="343115096" role="forward"/>
  <tag k="colour" v="red"/>
  <tag k="from" v="山口県山口市"/>
  <tag k="name" v="国道190号"/>
  <tag k="name:en" v="National Highway Route 190"/>
  <tag k="name:ja" v="国道190号"/>
  <tag k="name:ja-Hira" v="こくどうひゃくきゅうじゅうごう"/>
  <tag k="name:ja-Latn" v="Kokudo 190 Gou"/>
  <tag k="network" v="JP:national"/>
  <tag k="official_name" v="一般国道190号"/>
  <tag k="ref" v="190"/>
  <tag k="route" v="road"/>
  <tag k="to" v="山口県山陽小野田市"/>
  <tag k="type" v="route"/>
  <tag k="wikidata" v="Q6156897"/>
  <tag k="wikipedia" v="ja:国道190号"/>
 </relation>
 <relation id="9400757" visible="true" version="2" changeset="73223619" timestamp="2019-08-10T15:39:21Z" user="nakaovic" uid="550181">
  <member type="relation" ref="9400756" role=""/>
  <member type="relation" ref="9400755" role=""/>
  <member type="relation" ref="9400754" role=""/>
  <tag k="name" v="国道190号"/>
  <tag k="network" v="JP:national"/>
  <tag k="ref" v="190"/>
  <tag k="route_master" v="road"/>
  <tag k="type" v="route_master"/>
  <tag k="wikidata" v="Q6156897"/>
  <tag k="wikipedia" v="ja:国道190号"/>
 </relation>
 <relation id="19430822" visible="true" version="2" changeset="179781543" timestamp="2026-03-13T00:22:01Z" user="foldedbike" uid="23754301">
  <member type="way" ref="1264087496" role="forward"/>
  <member type="way" ref="1264087497" role="forward"/>
  <member type="way" ref="120499194" role=""/>
  <member type="way" ref="120499187" role=""/>
  <member type="way" ref="120499192" role=""/>
  <member type="way" ref="120499189" role=""/>
  <member type="way" ref="120499202" role=""/>
  <member type="way" ref="120499188" role=""/>
  <member type="way" ref="120487637" role=""/>
  <member type="way" ref="1488453629" role=""/>
  <member type="way" ref="1488453628" role=""/>
  <tag k="from" v="山口県宇部市妻崎開作"/>
  <tag k="name" v="山口県道29号　宇部船木線"/>
  <tag k="name:en" v="Yamaguchi Prefectural Route 29 Ube Funaki Line"/>
  <tag k="name:ja" v="山口県道29号　宇部船木線"/>
  <tag k="name:ja-Hira" v="やまぐちけんどう29ごう うべふなきせん"/>
  <tag k="name:ja_rm" v="Yamaguchikendō 29-gō Ube Funaki-sen"/>
  <tag k="network" v="JP:prefectural"/>
  <tag k="ref" v="29"/>
  <tag k="route" v="road"/>
  <tag k="to" v="山口県宇部市船木"/>
  <tag k="type" v="route"/>
  <tag k="wikidata" v="Q11467273"/>
  <tag k="wikipedia" v="ja:山口県道29号宇部船木線"/>
 </relation>
</osm>
