<?xml version="1.0" encoding="UTF-8"?>
<osm version="0.6" generator="openstreetmap-cgimap 2.1.0 (2942785 spike-08.openstreetmap.org)" copyright="OpenStreetMap and contributors" attribution="http://www.openstreetmap.org/copyright" license="http://opendatacommons.org/licenses/odbl/1-0/">
 <bounds minlat="34.1056906" minlon="131.9730385" maxlat="34.1080906" maxlon="131.9760766"/>
 <node id="749099105" visible="true" version="2" changeset="126706408" timestamp="2022-09-27T16:56:11Z" user="AYAGE" uid="521665" lat="34.1075222" lon="131.9769606"/>
 <node id="990845762" visible="true" version="2" changeset="126351619" timestamp="2022-09-19T04:16:59Z" user="AYAGE" uid="521665" lat="34.1070743" lon="131.9399910"/>
 <node id="990845764" visible="true" version="2" changeset="126351619" timestamp="2022-09-19T04:16:59Z" user="AYAGE" uid="521665" lat="34.1071907" lon="131.9400905"/>
 <node id="990845769" visible="true" version="2" changeset="126351619" timestamp="2022-09-19T04:16:59Z" user="AYAGE" uid="521665" lat="34.1073167" lon="131.9402259"/>
 <node id="990845771" visible="true" version="2" changeset="126351619" timestamp="2022-09-19T04:16:59Z" user="AYAGE" uid="521665" lat="34.1074260" lon="131.9403703"/>
 <node id="990845775" visible="true" version="2" changeset="126351619" timestamp="2022-09-19T04:16:59Z" user="AYAGE" uid="521665" lat="34.1075225" lon="131.9405336"/>
 <node id="990845778" visible="true" version="2" changeset="126351619" timestamp="2022-09-19T04:16:59Z" user="AYAGE" uid="521665" lat="34.1076139" lon="131.9407263"/>
 <node id="990845779" visible="true" version="2" changeset="126351619" timestamp="2022-09-19T04:16:59Z" user="AYAGE" uid="521665" lat="34.1076759" lon="131.9409353"/>
 <node id="990845787" visible="true" version="2" changeset="126351619" timestamp="2022-09-19T04:16:59Z" user="AYAGE" uid="521665" lat="34.1077116" lon="131.9410967"/>
 <node id="990845791" visible="true" version="3" changeset="126351619" timestamp="2022-09-19T04:16:59Z" user="AYAGE" uid="521665" lat="34.1080039" lon="131.9426547"/>
 <node id="990845792" visible="true" version="2" changeset="126748927" timestamp="2022-09-28T16:58:05Z" user="AYAGE" uid="521665" lat="34.1081492" lon="131.9437037"/>
 <node id="990845793" visible="true" version="2" changeset="126748927" timestamp="2022-09-28T16:58:05Z" user="AYAGE" uid="521665" lat="34.1082847" lon="131.9447702"/>
 <node id="990845800" visible="true" version="2" changeset="126748927" timestamp="2022-09-28T16:58:05Z" user="AYAGE" uid="521665" lat="34.1084047" lon="131.9459966"/>
 <node id="990845808" visible="true" version="2" changeset="126748927" timestamp="2022-09-28T16:58:05Z" user="AYAGE" uid="521665" lat="34.1084970" lon="131.9468820"/>
 <node id="990845809" visible="true" version="2" changeset="126748927" timestamp="2022-09-28T16:58:05Z" user="AYAGE" uid="521665" lat="34.1085312" lon="131.9473230"/>
 <node id="990845811" visible="true" version="2" changeset="126748927" timestamp="2022-09-28T16:58:05Z" user="AYAGE" uid="521665" lat="34.1085318" lon="131.9476305"/>
 <node id="990845812" visible="true" version="2" changeset="126748927" timestamp="2022-09-28T16:58:05Z" user="AYAGE" uid="521665" lat="34.1085019" lon="131.9479905"/>
 <node id="990845813" visible="true" version="2" changeset="126748927" timestamp="2022-09-28T16:58:05Z" user="AYAGE" uid="521665" lat="34.1084688" lon="131.9481993"/>
 <node id="990845814" visible="true" version="2" changeset="126748927" timestamp="2022-09-28T16:58:05Z" user="AYAGE" uid="521665" lat="34.1084186" lon="131.9484556"/>
 <node id="990845816" visible="true" version="2" changeset="126748927" timestamp="2022-09-28T16:58:05Z" user="AYAGE" uid="521665" lat="34.1083122" lon="131.9487897"/>
 <node id="990845817" visible="true" version="2" changeset="126748927" timestamp="2022-09-28T16:58:05Z" user="AYAGE" uid="521665" lat="34.1082271" lon="131.9490007"/>
 <node id="990845823" visible="true" version="1" changeset="6382723" timestamp="2010-11-16T06:24:31Z" user="nmaruichi" uid="317331" lat="34.1081230" lon="131.9492442"/>
 <node id="990845825" visible="true" version="2" changeset="126748927" timestamp="2022-09-28T16:58:05Z" user="AYAGE" uid="521665" lat="34.1079593" lon="131.9496138"/>
 <node id="990845827" visible="true" version="2" changeset="126748927" timestamp="2022-09-28T16:58:05Z" user="AYAGE" uid="521665" lat="34.1077224" lon="131.9503507"/>
 <node id="990845828" visible="true" version="2" changeset="126748927" timestamp="2022-09-28T16:58:05Z" user="AYAGE" uid="521665" lat="34.1075707" lon="131.9510251"/>
 <node id="990845830" visible="true" version="1" changeset="6382723" timestamp="2010-11-16T06:24:31Z" user="nmaruichi" uid="317331" lat="34.1073288" lon="131.9520894"/>
 <node id="990845831" visible="true" version="2" changeset="126484746" timestamp="2022-09-22T01:53:30Z" user="AYAGE" uid="521665" lat="34.1070541" lon="131.9532878"/>
 <node id="990845832" visible="true" version="2" changeset="126484746" timestamp="2022-09-22T01:53:30Z" user="AYAGE" uid="521665" lat="34.1069540" lon="131.9538088"/>
 <node id="990845834" visible="true" version="2" changeset="126484746" timestamp="2022-09-22T01:53:30Z" user="AYAGE" uid="521665" lat="34.1068927" lon="131.9543442"/>
 <node id="990845835" visible="true" version="2" changeset="126484746" timestamp="2022-09-22T01:53:30Z" user="AYAGE" uid="521665" lat="34.1067856" lon="131.9557166"/>
 <node id="990845836" visible="true" version="2" changeset="126484746" timestamp="2022-09-22T01:53:30Z" user="AYAGE" uid="521665" lat="34.1067274" lon="131.9564599"/>
 <node id="990845844" visible="true" version="2" changeset="126484746" timestamp="2022-09-22T01:53:30Z" user="AYAGE" uid="521665" lat="34.1066915" lon="131.9570238"/>
 <node id="990845847" visible="true" version="2" changeset="126484746" timestamp="2022-09-22T01:53:30Z" user="AYAGE" uid="521665" lat="34.1067107" lon="131.9575407"/>
 <node id="990845849" visible="true" version="2" changeset="126484746" timestamp="2022-09-22T01:53:30Z" user="AYAGE" uid="521665" lat="34.1067651" lon="131.9578260"/>
 <node id="990845852" visible="true" version="2" changeset="126484746" timestamp="2022-09-22T01:53:30Z" user="AYAGE" uid="521665" lat="34.1068611" lon="131.9581912"/>
 <node id="990845856" visible="true" version="2" changeset="126484746" timestamp="2022-09-22T01:53:30Z" user="AYAGE" uid="521665" lat="34.1070367" lon="131.9586376"/>
 <node id="990845862" visible="true" version="1" changeset="6382723" timestamp="2010-11-16T06:24:32Z" user="nmaruichi" uid="317331" lat="34.1073259" lon="131.9593103"/>
 <node id="990845864" visible="true" version="1" changeset="6382723" timestamp="2010-11-16T06:24:32Z" user="nmaruichi" uid="317331" lat="34.1074152" lon="131.9595689"/>
 <node id="990845866" visible="true" version="1" changeset="6382723" timestamp="2010-11-16T06:24:32Z" user="nmaruichi" uid="317331" lat="34.1075572" lon="131.9600860"/>
 <node id="990845867" visible="true" version="1" changeset="6382723" timestamp="2010-11-16T06:24:32Z" user="nmaruichi" uid="317331" lat="34.1076668" lon="131.9606227"/>
 <node id="990845868" visible="true" version="2" changeset="126625565" timestamp="2022-09-25T18:15:13Z" user="AYAGE" uid="521665" lat="34.1077598" lon="131.9612224"/>
 <node id="990845869" visible="true" version="2" changeset="126625565" timestamp="2022-09-25T18:15:13Z" user="AYAGE" uid="521665" lat="34.1078095" lon="131.9616159"/>
 <node id="990845872" visible="true" version="2" changeset="126625565" timestamp="2022-09-25T18:15:13Z" user="AYAGE" uid="521665" lat="34.1078242" lon="131.9621297"/>
 <node id="990845874" visible="true" version="2" changeset="126625565" timestamp="2022-09-25T18:15:13Z" user="AYAGE" uid="521665" lat="34.1077912" lon="131.9624477"/>
 <node id="990845875" visible="true" version="2" changeset="126625565" timestamp="2022-09-25T18:15:13Z" user="AYAGE" uid="521665" lat="34.1077362" lon="131.9627097"/>
 <node id="990845878" visible="true" version="2" changeset="126625565" timestamp="2022-09-25T18:15:13Z" user="AYAGE" uid="521665" lat="34.1076088" lon="131.9631475"/>
 <node id="990845882" visible="true" version="2" changeset="126625565" timestamp="2022-09-25T18:15:13Z" user="AYAGE" uid="521665" lat="34.1074033" lon="131.9638031"/>
 <node id="990845883" visible="true" version="2" changeset="126625565" timestamp="2022-09-25T18:15:13Z" user="AYAGE" uid="521665" lat="34.1071706" lon="131.9644547"/>
 <node id="990845884" visible="true" version="2" changeset="126625565" timestamp="2022-09-25T18:15:13Z" user="AYAGE" uid="521665" lat="34.1069863" lon="131.9648065"/>
 <node id="990845888" visible="true" version="2" changeset="126625565" timestamp="2022-09-25T18:15:13Z" user="AYAGE" uid="521665" lat="34.1068956" lon="131.9649477"/>
 <node id="990845891" visible="true" version="2" changeset="126625565" timestamp="2022-09-25T18:15:13Z" user="AYAGE" uid="521665" lat="34.1067652" lon="131.9651314"/>
 <node id="990845895" visible="true" version="2" changeset="126625565" timestamp="2022-09-25T18:15:13Z" user="AYAGE" uid="521665" lat="34.1066411" lon="131.9653082"/>
 <node id="990845896" visible="true" version="2" changeset="126625565" timestamp="2022-09-25T18:15:13Z" user="AYAGE" uid="521665" lat="34.1065461" lon="131.9654757"/>
 <node id="990845898" visible="true" version="1" changeset="6382723" timestamp="2010-11-16T06:24:33Z" user="nmaruichi" uid="317331" lat="34.1064784" lon="131.9656192"/>
 <node id="990845908" visible="true" version="2" changeset="126625565" timestamp="2022-09-25T18:15:13Z" user="AYAGE" uid="521665" lat="34.1063963" lon="131.9660993"/>
 <node id="990845911" visible="true" version="2" changeset="126625565" timestamp="2022-09-25T18:15:13Z" user="AYAGE" uid="521665" lat="34.1064205" lon="131.9663053"/>
 <node id="990845913" visible="true" version="2" changeset="126625565" timestamp="2022-09-25T18:15:13Z" user="AYAGE" uid="521665" lat="34.1064741" lon="131.9665049"/>
 <node id="990845915" visible="true" version="2" changeset="126625565" timestamp="2022-09-25T18:15:13Z" user="AYAGE" uid="521665" lat="34.1065677" lon="131.9666945"/>
 <node id="990845920" visible="true" version="2" changeset="126625565" timestamp="2022-09-25T18:15:13Z" user="AYAGE" uid="521665" lat="34.1068715" lon="131.9671816"/>
 <node id="990845921" visible="true" version="2" changeset="126625565" timestamp="2022-09-25T18:15:13Z" user="AYAGE" uid="521665" lat="34.1069705" lon="131.9673474"/>
 <node id="990845923" visible="true" version="2" changeset="126625565" timestamp="2022-09-25T18:15:13Z" user="AYAGE" uid="521665" lat="34.1070690" lon="131.9675529"/>
 <node id="990845925" visible="true" version="2" changeset="126625565" timestamp="2022-09-25T18:15:13Z" user="AYAGE" uid="521665" lat="34.1071450" lon="131.9677976"/>
 <node id="990845927" visible="true" version="2" changeset="126625565" timestamp="2022-09-25T18:15:13Z" user="AYAGE" uid="521665" lat="34.1071852" lon="131.9679982"/>
 <node id="990845930" visible="true" version="2" changeset="126625565" timestamp="2022-09-25T18:15:13Z" user="AYAGE" uid="521665" lat="34.1072040" lon="131.9682235"/>
 <node id="990845935" visible="true" version="2" changeset="126625565" timestamp="2022-09-25T18:15:13Z" user="AYAGE" uid="521665" lat="34.1071939" lon="131.9684538"/>
 <node id="990845937" visible="true" version="2" changeset="126625565" timestamp="2022-09-25T18:15:13Z" user="AYAGE" uid="521665" lat="34.1071692" lon="131.9686391"/>
 <node id="990845941" visible="true" version="2" changeset="126625565" timestamp="2022-09-25T18:15:13Z" user="AYAGE" uid="521665" lat="34.1071165" lon="131.9688754"/>
 <node id="990845943" visible="true" version="2" changeset="126625565" timestamp="2022-09-25T18:15:13Z" user="AYAGE" uid="521665" lat="34.1070285" lon="131.9691112"/>
 <node id="990845945" visible="true" version="2" changeset="126625565" timestamp="2022-09-25T18:15:13Z" user="AYAGE" uid="521665" lat="34.1068877" lon="131.9694260"/>
 <node id="990845949" visible="true" version="2" changeset="126625565" timestamp="2022-09-25T18:15:13Z" user="AYAGE" uid="521665" lat="34.1068011" lon="131.9696719"/>
 <node id="990845953" visible="true" version="2" changeset="126625565" timestamp="2022-09-25T18:15:13Z" user="AYAGE" uid="521665" lat="34.1067435" lon="131.9698956"/>
 <node id="990845955" visible="true" version="2" changeset="126625565" timestamp="2022-09-25T18:15:13Z" user="AYAGE" uid="521665" lat="34.1067183" lon="131.9701096"/>
 <node id="990845956" visible="true" version="2" changeset="126625565" timestamp="2022-09-25T18:15:13Z" user="AYAGE" uid="521665" lat="34.1067076" lon="131.9703181"/>
 <node id="990845957" visible="true" version="2" changeset="126625565" timestamp="2022-09-25T18:15:13Z" user="AYAGE" uid="521665" lat="34.1067238" lon="131.9705480"/>
 <node id="990845963" visible="true" version="2" changeset="126625565" timestamp="2022-09-25T18:15:13Z" user="AYAGE" uid="521665" lat="34.1067711" lon="131.9708111"/>
 <node id="990845965" visible="true" version="2" changeset="126625565" timestamp="2022-09-25T18:15:13Z" user="AYAGE" uid="521665" lat="34.1068838" lon="131.9712768"/>
 <node id="990845968" visible="true" version="2" changeset="126625565" timestamp="2022-09-25T18:15:13Z" user="AYAGE" uid="521665" lat="34.1069836" lon="131.9717416"/>
 <node id="990845971" visible="true" version="2" changeset="126625565" timestamp="2022-09-25T18:15:13Z" user="AYAGE" uid="521665" lat="34.1070474" lon="131.9720482"/>
 <node id="990845972" visible="true" version="2" changeset="126625565" timestamp="2022-09-25T18:15:13Z" user="AYAGE" uid="521665" lat="34.1070791" lon="131.9722594"/>
 <node id="990845973" visible="true" version="2" changeset="126625565" timestamp="2022-09-25T18:15:13Z" user="AYAGE" uid="521665" lat="34.1070882" lon="131.9724581"/>
 <node id="990845981" visible="true" version="2" changeset="126625565" timestamp="2022-09-25T18:15:13Z" user="AYAGE" uid="521665" lat="34.1070656" lon="131.9727508"/>
 <node id="990845984" visible="true" version="2" changeset="126625565" timestamp="2022-09-25T18:15:13Z" user="AYAGE" uid="521665" lat="34.1070147" lon="131.9730098"/>
 <node id="990845985" visible="true" version="2" changeset="126625565" timestamp="2022-09-25T18:15:13Z" user="AYAGE" uid="521665" lat="34.1069548" lon="131.9733114"/>
 <node id="990845987" visible="true" version="2" changeset="126625565" timestamp="2022-09-25T18:15:13Z" user="AYAGE" uid="521665" lat="34.1069063" lon="131.9736274"/>
 <node id="990845989" visible="true" version="2" changeset="126625565" timestamp="2022-09-25T18:15:13Z" user="AYAGE" uid="521665" lat="34.1068817" lon="131.9738898"/>
 <node id="990845993" visible="true" version="2" changeset="126625565" timestamp="2022-09-25T18:15:13Z" user="AYAGE" uid="521665" lat="34.1068021" lon="131.9749466"/>
 <node id="990845995" visible="true" version="2" changeset="126625565" timestamp="2022-09-25T18:15:13Z" user="AYAGE" uid="521665" lat="34.1067869" lon="131.9751246"/>
 <node id="990846003" visible="true" version="2" changeset="126625565" timestamp="2022-09-25T18:15:13Z" user="AYAGE" uid="521665" lat="34.1067573" lon="131.9752894"/>
 <node id="990846006" visible="true" version="2" changeset="126625565" timestamp="2022-09-25T18:15:13Z" user="AYAGE" uid="521665" lat="34.1067034" lon="131.9754955"/>
 <node id="990846008" visible="true" version="2" changeset="126625565" timestamp="2022-09-25T18:15:13Z" user="AYAGE" uid="521665" lat="34.1066286" lon="131.9757143"/>
 <node id="990846009" visible="true" version="2" changeset="126625565" timestamp="2022-09-25T18:15:13Z" user="AYAGE" uid="521665" lat="34.1065210" lon="131.9759450"/>
 <node id="990846010" visible="true" version="2" changeset="126625565" timestamp="2022-09-25T18:15:13Z" user="AYAGE" uid="521665" lat="34.1063667" lon="131.9762646"/>
 <node id="990846013" visible="true" version="2" changeset="126625565" timestamp="2022-09-25T18:15:13Z" user="AYAGE" uid="521665" lat="34.1059629" lon="131.9771040"/>
 <node id="990846024" visible="true" version="2" changeset="126625565" timestamp="2022-09-25T18:15:13Z" user="AYAGE" uid="521665" lat="34.1056476" lon="131.9777523"/>
 <node id="990846026" visible="true" version="3" changeset="144888937" timestamp="2023-12-08T06:10:20Z" user="taketaketake" uid="4757277" lat="34.1055597" lon="131.9779381"/>
 <node id="1334176169" visible="true" version="2" changeset="126625565" timestamp="2022-09-25T18:15:13Z" user="AYAGE" uid="521665" lat="34.1072824" lon="131.9757750"/>
 <node id="1334176608" visible="true" version="2" changeset="126625565" timestamp="2022-09-25T18:15:13Z" user="AYAGE" uid="521665" lat="34.1071335" lon="131.9751420"/>
 <node id="1334177069" visible="true" version="2" changeset="126706408" timestamp="2022-09-27T16:56:11Z" user="AYAGE" uid="521665" lat="34.1100942" lon="131.9737542"/>
 <node id="1334177331" visible="true" version="3" changeset="126710914" timestamp="2022-09-27T19:16:03Z" user="AYAGE" uid="521665" lat="34.1064286" lon="131.9657909"/>
 <node id="1334177510" visible="true" version="2" changeset="126706408" timestamp="2022-09-27T16:56:11Z" user="AYAGE" uid="521665" lat="34.1092043" lon="131.9735704"/>
 <node id="1334177763" visible="true" version="2" changeset="126636220" timestamp="2022-09-26T05:09:28Z" user="AYAGE" uid="521665" lat="34.1055757" lon="131.9735251"/>
 <node id="1334177848" visible="true" version="2" changeset="126625565" timestamp="2022-09-25T18:15:13Z" user="AYAGE" uid="521665" lat="34.1078007" lon="131.9778845"/>
 <node id="1334177950" visible="true" version="2" changeset="126625565" timestamp="2022-09-25T18:15:13Z" user="AYAGE" uid="521665" lat="34.1080522" lon="131.9737889"/>
 <node id="1334178280" visible="true" version="2" changeset="126625565" timestamp="2022-09-25T18:15:13Z" user="AYAGE" uid="521665" lat="34.1072554" lon="131.9774751"/>
 <node id="1334178408" visible="true" version="2" changeset="126625565" timestamp="2022-09-25T18:15:13Z" user="AYAGE" uid="521665" lat="34.1068551" lon="131.9742076"/>
 <node id="1334178705" visible="true" version="2" changeset="126625565" timestamp="2022-09-25T18:15:13Z" user="AYAGE" uid="521665" lat="34.1073063" lon="131.9759189"/>
 <node id="1334178723" visible="true" version="2" changeset="126636220" timestamp="2022-09-26T05:09:28Z" user="AYAGE" uid="521665" lat="34.1051257" lon="131.9732394"/>
 <node id="1334179671" visible="true" version="2" changeset="126625565" timestamp="2022-09-25T18:15:13Z" user="AYAGE" uid="521665" lat="34.1067528" lon="131.9760352"/>
 <node id="1334180205" visible="true" version="2" changeset="126625565" timestamp="2022-09-25T18:15:13Z" user="AYAGE" uid="521665" lat="34.1068179" lon="131.9747374"/>
 <node id="1334180695" visible="true" version="1" changeset="8510736" timestamp="2011-06-22T04:15:54Z" user="yamasan" uid="32308" lat="34.1098320" lon="131.9738150"/>
 <node id="1334181063" visible="true" version="2" changeset="126625565" timestamp="2022-09-25T18:15:13Z" user="AYAGE" uid="521665" lat="34.1088514" lon="131.9777824"/>
 <node id="1334181264" visible="true" version="2" changeset="126706408" timestamp="2022-09-27T16:56:11Z" user="AYAGE" uid="521665" lat="34.1089171" lon="131.9736084"/>
 <node id="1334181914" visible="true" version="2" changeset="126625565" timestamp="2022-09-25T18:15:13Z" user="AYAGE" uid="521665" lat="34.1076594" lon="131.9778512"/>
 <node id="1334182049" visible="true" version="2" changeset="126625565" timestamp="2022-09-25T18:15:13Z" user="AYAGE" uid="521665" lat="34.1077540" lon="131.9740137"/>
 <node id="1334182383" visible="true" version="2" changeset="126625565" timestamp="2022-09-25T18:15:13Z" user="AYAGE" uid="521665" lat="34.1071719" lon="131.9772507"/>
 <node id="1334183704" visible="true" version="2" changeset="126625565" timestamp="2022-09-25T18:15:13Z" user="AYAGE" uid="521665" lat="34.1070433" lon="131.9749337"/>
 <node id="1334184605" visible="true" version="2" changeset="126706408" timestamp="2022-09-27T16:56:11Z" user="AYAGE" uid="521665" lat="34.1093555" lon="131.9735949"/>
 <node id="1334184840" visible="true" version="2" changeset="126625565" timestamp="2022-09-25T18:15:13Z" user="AYAGE" uid="521665" lat="34.1089804" lon="131.9777717"/>
 <node id="1334184945" visible="true" version="2" changeset="126625565" timestamp="2022-09-25T18:15:13Z" user="AYAGE" uid="521665" lat="34.1079766" lon="131.9779127"/>
 <node id="1334185049" visible="true" version="2" changeset="126625565" timestamp="2022-09-25T18:15:13Z" user="AYAGE" uid="521665" lat="34.1084001" lon="131.9736292"/>
 <node id="1334185427" visible="true" version="2" changeset="126625565" timestamp="2022-09-25T18:15:13Z" user="AYAGE" uid="521665" lat="34.1074132" lon="131.9776352"/>
 <node id="1334185530" visible="true" version="2" changeset="126625565" timestamp="2022-09-25T18:15:13Z" user="AYAGE" uid="521665" lat="34.1071762" lon="131.9747018"/>
 <node id="1334185559" visible="true" version="2" changeset="126636220" timestamp="2022-09-26T05:09:28Z" user="AYAGE" uid="521665" lat="34.1065336" lon="131.9738733"/>
 <node id="1334185676" visible="true" version="2" changeset="126636220" timestamp="2022-09-26T05:09:28Z" user="AYAGE" uid="521665" lat="34.1048233" lon="131.9729720"/>
 <node id="1334185777" visible="true" version="2" changeset="126636220" timestamp="2022-09-26T05:09:28Z" user="AYAGE" uid="521665" lat="34.1049582" lon="131.9730776"/>
 <node id="1334185864" visible="true" version="2" changeset="126625565" timestamp="2022-09-25T18:15:13Z" user="AYAGE" uid="521665" lat="34.1072890" lon="131.9764427"/>
 <node id="1334187715" visible="true" version="2" changeset="126625565" timestamp="2022-09-25T18:15:13Z" user="AYAGE" uid="521665" lat="34.1072087" lon="131.9753630"/>
 <node id="1334188192" visible="true" version="2" changeset="126706408" timestamp="2022-09-27T16:56:11Z" user="AYAGE" uid="521665" lat="34.1099426" lon="131.9738113"/>
 <node id="1334188645" visible="true" version="2" changeset="126706408" timestamp="2022-09-27T16:56:11Z" user="AYAGE" uid="521665" lat="34.1090429" lon="131.9735762"/>
 <node id="1334188902" visible="true" version="2" changeset="126636220" timestamp="2022-09-26T05:09:28Z" user="AYAGE" uid="521665" lat="34.1059816" lon="131.9736031"/>
 <node id="1334188978" visible="true" version="2" changeset="126625565" timestamp="2022-09-25T18:15:13Z" user="AYAGE" uid="521665" lat="34.1077259" lon="131.9778804"/>
 <node id="1334189082" visible="true" version="2" changeset="126625565" timestamp="2022-09-25T18:15:13Z" user="AYAGE" uid="521665" lat="34.1078648" lon="131.9739063"/>
 <node id="1334189426" visible="true" version="2" changeset="126625565" timestamp="2022-09-25T18:15:13Z" user="AYAGE" uid="521665" lat="34.1072065" lon="131.9773926"/>
 <node id="1334190746" visible="true" version="2" changeset="126636220" timestamp="2022-09-26T05:09:28Z" user="AYAGE" uid="521665" lat="34.1045687" lon="131.9725742"/>
 <node id="1334190871" visible="true" version="2" changeset="126625565" timestamp="2022-09-25T18:15:13Z" user="AYAGE" uid="521665" lat="34.1069928" lon="131.9748566"/>
 <node id="1334193888" visible="true" version="2" changeset="126625565" timestamp="2022-09-25T18:15:13Z" user="AYAGE" uid="521665" lat="34.1068807" lon="131.9747506"/>
 <node id="1334194347" visible="true" version="2" changeset="126706408" timestamp="2022-09-27T16:56:11Z" user="AYAGE" uid="521665" lat="34.1095308" lon="131.9736779"/>
 <node id="1334194732" visible="true" version="2" changeset="126625565" timestamp="2022-09-25T18:15:13Z" user="AYAGE" uid="521665" lat="34.1083008" lon="131.9779567"/>
 <node id="1334194837" visible="true" version="3" changeset="126706408" timestamp="2022-09-27T16:56:11Z" user="AYAGE" uid="521665" lat="34.1085325" lon="131.9736111"/>
 <node id="1334195193" visible="true" version="2" changeset="126625565" timestamp="2022-09-25T18:15:13Z" user="AYAGE" uid="521665" lat="34.1075759" lon="131.9777818"/>
 <node id="1334195432" visible="true" version="2" changeset="126625565" timestamp="2022-09-25T18:15:13Z" user="AYAGE" uid="521665" lat="34.1073387" lon="131.9745071"/>
 <node id="1334195883" visible="true" version="2" changeset="126625565" timestamp="2022-09-25T18:15:13Z" user="AYAGE" uid="521665" lat="34.1071712" lon="131.9770352"/>
 <node id="1340675384" visible="true" version="3" changeset="126351619" timestamp="2022-09-19T04:16:59Z" user="AYAGE" uid="521665" lat="34.1079347" lon="131.9422491"/>
 <node id="1340676909" visible="true" version="2" changeset="126625565" timestamp="2022-09-25T18:15:13Z" user="AYAGE" uid="521665" lat="34.1078219" lon="131.9617840"/>
 <node id="1340677450" visible="true" version="2" changeset="126625565" timestamp="2022-09-25T18:15:13Z" user="AYAGE" uid="521665" lat="34.1070821" lon="131.9646443"/>
 <node id="1340680238" visible="true" version="3" changeset="126710914" timestamp="2022-09-27T19:16:03Z" user="AYAGE" uid="521665" lat="34.1072716" lon="131.9642090"/>
 <node id="1340683533" visible="true" version="3" changeset="126484746" timestamp="2022-09-22T01:53:30Z" user="AYAGE" uid="521665" lat="34.1068425" lon="131.9550445"/>
 <node id="1340683612" visible="true" version="2" changeset="126748927" timestamp="2022-09-28T16:58:05Z" user="AYAGE" uid="521665" lat="34.1078163" lon="131.9499935"/>
 <node id="1340849645" visible="true" version="2" changeset="126351619" timestamp="2022-09-19T04:16:59Z" user="AYAGE" uid="521665" lat="34.1069550" lon="131.9399094"/>
 <node id="1340851071" visible="true" version="2" changeset="126484746" timestamp="2022-09-22T01:53:30Z" user="AYAGE" uid="521665" lat="34.1066935" lon="131.9572929"/>
 <node id="1340851101" visible="true" version="2" changeset="126351619" timestamp="2022-09-19T04:16:59Z" user="AYAGE" uid="521665" lat="34.1078517" lon="131.9418266"/>
 <node id="1615013355" visible="true" version="2" changeset="126627786" timestamp="2022-09-25T19:35:50Z" user="AYAGE" uid="521665" lat="34.0930885" lon="131.9747579"/>
 <node id="1615014321" visible="true" version="2" changeset="126627786" timestamp="2022-09-25T19:35:50Z" user="AYAGE" uid="521665" lat="34.1030911" lon="131.9720422"/>
 <node id="1615015087" visible="true" version="1" changeset="10563494" timestamp="2012-02-02T00:27:11Z" user="yamasan" uid="32308" lat="34.1076456" lon="131.9769078"/>
 <node id="1615015093" visible="true" version="1" changeset="10563494" timestamp="2012-02-02T00:27:12Z" user="yamasan" uid="32308" lat="34.1076958" lon="131.9772818"/>
 <node id="1615015094" visible="true" version="1" changeset="10563494" timestamp="2012-02-02T00:27:12Z" user="yamasan" uid="32308" lat="34.1076986" lon="131.9766246"/>
 <node id="1615015106" visible="true" version="1" changeset="10563494" timestamp="2012-02-02T00:27:13Z" user="yamasan" uid="32308" lat="34.1078620" lon="131.9774855"/>
 <node id="1615015109" visible="true" version="1" changeset="10563494" timestamp="2012-02-02T00:27:13Z" user="yamasan" uid="32308" lat="34.1079003" lon="131.9761803"/>
 <node id="1615015111" visible="true" version="1" changeset="10563494" timestamp="2012-02-02T00:27:14Z" user="yamasan" uid="32308" lat="34.1079189" lon="131.9754130"/>
 <node id="1615015120" visible="true" version="1" changeset="10563494" timestamp="2012-02-02T00:27:14Z" user="yamasan" uid="32308" lat="34.1079709" lon="131.9757077"/>
 <node id="1615015121" visible="true" version="1" changeset="10563494" timestamp="2012-02-02T00:27:15Z" user="yamasan" uid="32308" lat="34.1079760" lon="131.9749557"/>
 <node id="1615015134" visible="true" version="1" changeset="10563494" timestamp="2012-02-02T00:27:16Z" user="yamasan" uid="32308" lat="34.1081034" lon="131.9775732"/>
 <node id="1615015138" visible="true" version="1" changeset="10563494" timestamp="2012-02-02T00:27:16Z" user="yamasan" uid="32308" lat="34.1081399" lon="131.9747081"/>
 <node id="1615015157" visible="true" version="1" changeset="10563494" timestamp="2012-02-02T00:27:17Z" user="yamasan" uid="32308" lat="34.1083709" lon="131.9774004"/>
 <node id="1615015172" visible="true" version="1" changeset="10563494" timestamp="2012-02-02T00:27:19Z" user="yamasan" uid="32308" lat="34.1084954" lon="131.9744354"/>
 <node id="1615015184" visible="true" version="1" changeset="10563494" timestamp="2012-02-02T00:27:20Z" user="yamasan" uid="32308" lat="34.1085386" lon="131.9769945"/>
 <node id="1615015190" visible="true" version="1" changeset="10563494" timestamp="2012-02-02T00:27:21Z" user="yamasan" uid="32308" lat="34.1086096" lon="131.9740673"/>
 <node id="1615015220" visible="true" version="1" changeset="10563494" timestamp="2012-02-02T00:27:23Z" user="yamasan" uid="32308" lat="34.1088661" lon="131.9767922"/>
 <node id="1615015243" visible="true" version="1" changeset="10563494" timestamp="2012-02-02T00:27:25Z" user="yamasan" uid="32308" lat="34.1091487" lon="131.9768100"/>
 <node id="1615015257" visible="true" version="1" changeset="10563494" timestamp="2012-02-02T00:27:27Z" user="yamasan" uid="32308" lat="34.1093378" lon="131.9768801"/>
 <node id="1615015275" visible="true" version="1" changeset="10563494" timestamp="2012-02-02T00:27:29Z" user="yamasan" uid="32308" lat="34.1094993" lon="131.9767352"/>
 <node id="1615015278" visible="true" version="1" changeset="10563494" timestamp="2012-02-02T00:27:29Z" user="yamasan" uid="32308" lat="34.1095199" lon="131.9764272"/>
 <node id="1615015280" visible="true" version="1" changeset="10563494" timestamp="2012-02-02T00:27:29Z" user="yamasan" uid="32308" lat="34.1095503" lon="131.9757156"/>
 <node id="1615015288" visible="true" version="2" changeset="126627786" timestamp="2022-09-25T19:35:50Z" user="AYAGE" uid="521665" lat="34.1095218" lon="131.9842005"/>
 <node id="1615015292" visible="true" version="1" changeset="10563494" timestamp="2012-02-02T00:27:30Z" user="yamasan" uid="32308" lat="34.1097215" lon="131.9754444"/>
 <node id="1615015298" visible="true" version="2" changeset="126627786" timestamp="2022-09-25T19:35:50Z" user="AYAGE" uid="521665" lat="34.1097438" lon="131.9838415"/>
 <node id="1615015301" visible="true" version="2" changeset="126627786" timestamp="2022-09-25T19:35:50Z" user="AYAGE" uid="521665" lat="34.1096855" lon="131.9832129"/>
 <node id="1615015313" visible="true" version="1" changeset="10563494" timestamp="2012-02-02T00:27:32Z" user="yamasan" uid="32308" lat="34.1099063" lon="131.9754192"/>
 <node id="1615015334" visible="true" version="1" changeset="10563494" timestamp="2012-02-02T00:27:34Z" user="yamasan" uid="32308" lat="34.1101346" lon="131.9755064"/>
 <node id="1615015348" visible="true" version="1" changeset="10563494" timestamp="2012-02-02T00:27:35Z" user="yamasan" uid="32308" lat="34.1102079" lon="131.9762849"/>
 <node id="1615015430" visible="true" version="1" changeset="10563494" timestamp="2012-02-02T00:27:37Z" user="yamasan" uid="32308" lat="34.1104046" lon="131.9772909"/>
 <node id="1615015497" visible="true" version="1" changeset="10563494" timestamp="2012-02-02T00:27:40Z" user="yamasan" uid="32308" lat="34.1106747" lon="131.9775539"/>
 <node id="1615015738" visible="true" version="1" changeset="10563494" timestamp="2012-02-02T00:27:47Z" user="yamasan" uid="32308" lat="34.1114301" lon="131.9778891"/>
 <node id="1615015943" visible="true" version="1" changeset="10563494" timestamp="2012-02-02T00:27:53Z" user="yamasan" uid="32308" lat="34.1118728" lon="131.9780868"/>
 <node id="1615016293" visible="true" version="2" changeset="126636581" timestamp="2022-09-26T05:22:14Z" user="AYAGE" uid="521665" lat="34.1126683" lon="131.9777188"/>
 <node id="1615016371" visible="true" version="2" changeset="126636581" timestamp="2022-09-26T05:22:14Z" user="AYAGE" uid="521665" lat="34.1128815" lon="131.9776562"/>
 <node id="1615016687" visible="true" version="3" changeset="126636220" timestamp="2022-09-26T05:09:28Z" user="AYAGE" uid="521665" lat="34.1142541" lon="131.9732080"/>
 <node id="1615016696" visible="true" version="1" changeset="10563494" timestamp="2012-02-02T00:28:20Z" user="yamasan" uid="32308" lat="34.1142107" lon="131.9735331"/>
 <node id="2830874114" visible="true" version="1" changeset="22078962" timestamp="2014-05-02T08:12:09Z" user="ひろときょうたまなかなおや" uid="2000955" lat="34.1062610" lon="131.9697686"/>
 <node id="2830874712" visible="true" version="1" changeset="22078962" timestamp="2014-05-02T08:12:09Z" user="ひろときょうたまなかなおや" uid="2000955" lat="34.1062270" lon="131.9696841"/>
 <node id="2830874713" visible="true" version="3" changeset="73038788" timestamp="2019-08-05T20:02:55Z" user="futurumspes" uid="651065" lat="34.1071569" lon="131.9744481"/>
 <node id="2830874714" visible="true" version="3" changeset="126706408" timestamp="2022-09-27T16:56:11Z" user="AYAGE" uid="521665" lat="34.1076091" lon="131.9758035"/>
 <node id="2830874715" visible="true" version="3" changeset="126706408" timestamp="2022-09-27T16:56:11Z" user="AYAGE" uid="521665" lat="34.1075744" lon="131.9759631"/>
 <node id="2830874716" visible="true" version="3" changeset="126706408" timestamp="2022-09-27T16:56:11Z" user="AYAGE" uid="521665" lat="34.1074124" lon="131.9764156"/>
 <node id="2830874717" visible="true" version="3" changeset="126706408" timestamp="2022-09-27T16:56:11Z" user="AYAGE" uid="521665" lat="34.1073472" lon="131.9766080"/>
 <node id="2830874718" visible="true" version="3" changeset="126706408" timestamp="2022-09-27T16:56:11Z" user="AYAGE" uid="521665" lat="34.1073403" lon="131.9766999"/>
 <node id="2830888004" visible="true" version="1" changeset="22078962" timestamp="2014-05-02T08:12:08Z" user="ひろときょうたまなかなおや" uid="2000955" lat="34.1053939" lon="131.9691944"/>
 <node id="2830888005" visible="true" version="1" changeset="22078962" timestamp="2014-05-02T08:12:13Z" user="ひろときょうたまなかなおや" uid="2000955" lat="34.1064968" lon="131.9712550"/>
 <node id="2830888006" visible="true" version="1" changeset="22078962" timestamp="2014-05-02T08:12:13Z" user="ひろときょうたまなかなおや" uid="2000955" lat="34.1065836" lon="131.9715762"/>
 <node id="2830888007" visible="true" version="1" changeset="22078962" timestamp="2014-05-02T08:12:14Z" user="ひろときょうたまなかなおや" uid="2000955" lat="34.1066213" lon="131.9717816"/>
 <node id="2830888008" visible="true" version="1" changeset="22078962" timestamp="2014-05-02T08:12:14Z" user="ひろときょうたまなかなおや" uid="2000955" lat="34.1066421" lon="131.9720502"/>
 <node id="2830888009" visible="true" version="1" changeset="22078962" timestamp="2014-05-02T08:12:15Z" user="ひろときょうたまなかなおや" uid="2000955" lat="34.1066930" lon="131.9723335"/>
 <node id="2830888010" visible="true" version="2" changeset="73038788" timestamp="2019-08-05T20:02:55Z" user="futurumspes" uid="651065" lat="34.1066323" lon="131.9733321"/>
 <node id="2830888014" visible="true" version="3" changeset="73038788" timestamp="2019-08-05T20:02:55Z" user="futurumspes" uid="651065" lat="34.1071797" lon="131.9741739"/>
 <node id="2830888015" visible="true" version="3" changeset="126706408" timestamp="2022-09-27T16:56:11Z" user="AYAGE" uid="521665" lat="34.1073909" lon="131.9747875"/>
 <node id="2830888016" visible="true" version="3" changeset="126706408" timestamp="2022-09-27T16:56:11Z" user="AYAGE" uid="521665" lat="34.1075865" lon="131.9752352"/>
 <node id="2830888017" visible="true" version="3" changeset="126706408" timestamp="2022-09-27T16:56:11Z" user="AYAGE" uid="521665" lat="34.1075743" lon="131.9754438"/>
 <node id="2830888102" visible="true" version="1" changeset="22078962" timestamp="2014-05-02T08:12:12Z" user="ひろときょうたまなかなおや" uid="2000955" lat="34.1062783" lon="131.9705538"/>
 <node id="2830888103" visible="true" version="1" changeset="22078962" timestamp="2014-05-02T08:12:12Z" user="ひろときょうたまなかなおや" uid="2000955" lat="34.1063534" lon="131.9707532"/>
 <node id="2830888104" visible="true" version="1" changeset="22078962" timestamp="2014-05-02T08:12:12Z" user="ひろときょうたまなかなおや" uid="2000955" lat="34.1064878" lon="131.9710556"/>
 <node id="2830888106" visible="true" version="3" changeset="73038788" timestamp="2019-08-05T20:02:55Z" user="futurumspes" uid="651065" lat="34.1069827" lon="131.9736888"/>
 <node id="2830888107" visible="true" version="3" changeset="126706408" timestamp="2022-09-27T16:56:11Z" user="AYAGE" uid="521665" lat="34.1074639" lon="131.9748763"/>
 <node id="2830888108" visible="true" version="3" changeset="126706408" timestamp="2022-09-27T16:56:11Z" user="AYAGE" uid="521665" lat="34.1076398" lon="131.9750959"/>
 <node id="2830888109" visible="true" version="3" changeset="126706408" timestamp="2022-09-27T16:56:11Z" user="AYAGE" uid="521665" lat="34.1075737" lon="131.9753221"/>
 <node id="2830889001" visible="true" version="1" changeset="22078962" timestamp="2014-05-02T08:12:08Z" user="ひろときょうたまなかなおや" uid="2000955" lat="34.1061573" lon="131.9695949"/>
 <node id="2830889002" visible="true" version="1" changeset="22078962" timestamp="2014-05-02T08:12:10Z" user="ひろときょうたまなかなおや" uid="2000955" lat="34.1062767" lon="131.9699254"/>
 <node id="2830889003" visible="true" version="1" changeset="22078962" timestamp="2014-05-02T08:12:11Z" user="ひろときょうたまなかなおや" uid="2000955" lat="34.1062780" lon="131.9701185"/>
 <node id="2830889004" visible="true" version="1" changeset="22078962" timestamp="2014-05-02T08:12:11Z" user="ひろときょうたまなかなおや" uid="2000955" lat="34.1062676" lon="131.9703278"/>
 <node id="2830889005" visible="true" version="1" changeset="22078962" timestamp="2014-05-02T08:12:15Z" user="ひろときょうたまなかなおや" uid="2000955" lat="34.1067545" lon="131.9727769"/>
 <node id="2830889007" visible="true" version="3" changeset="73038788" timestamp="2019-08-05T20:02:55Z" user="futurumspes" uid="651065" lat="34.1068516" lon="131.9734583"/>
 <node id="2830889008" visible="true" version="3" changeset="126706408" timestamp="2022-09-27T16:56:11Z" user="AYAGE" uid="521665" lat="34.1076008" lon="131.9756751"/>
 <node id="2830889009" visible="true" version="2" changeset="126706408" timestamp="2022-09-27T16:56:11Z" user="AYAGE" uid="521665" lat="34.1074256" lon="131.9768504"/>
 <node id="2830889101" visible="true" version="1" changeset="22078962" timestamp="2014-05-02T08:12:09Z" user="ひろときょうたまなかなおや" uid="2000955" lat="34.1061964" lon="131.9696340"/>
 <node id="2830889201" visible="true" version="1" changeset="22078962" timestamp="2014-05-02T08:12:10Z" user="ひろときょうたまなかなおや" uid="2000955" lat="34.1062771" lon="131.9698714"/>
 <node id="6685355023" visible="true" version="1" changeset="73038788" timestamp="2019-08-05T20:02:55Z" user="futurumspes" uid="651065" lat="34.1067841" lon="131.9733770"/>
 <node id="6685355024" visible="true" version="1" changeset="73038788" timestamp="2019-08-05T20:02:55Z" user="futurumspes" uid="651065" lat="34.1065714" lon="131.9731236"/>
 <node id="10035483587" visible="true" version="1" changeset="126351619" timestamp="2022-09-19T04:16:59Z" user="AYAGE" uid="521665" lat="34.1068850" lon="131.9398691"/>
 <node id="10051952724" visible="true" version="1" changeset="126625565" timestamp="2022-09-25T18:15:13Z" user="AYAGE" uid="521665" lat="34.1067956" lon="131.9741819"/>
 <node id="10051952725" visible="true" version="1" changeset="126625565" timestamp="2022-09-25T18:15:13Z" user="AYAGE" uid="521665" lat="34.1068363" lon="131.9744899"/>
 <node id="10051952726" visible="true" version="1" changeset="126625565" timestamp="2022-09-25T18:15:13Z" user="AYAGE" uid="521665" lat="34.1069211" lon="131.9744830"/>
 <node id="10051952727" visible="true" version="1" changeset="126625565" timestamp="2022-09-25T18:15:13Z" user="AYAGE" uid="521665" lat="34.1071265" lon="131.9744106"/>
 <node id="10051952728" visible="true" version="1" changeset="126625565" timestamp="2022-09-25T18:15:13Z" user="AYAGE" uid="521665" lat="34.1071876" lon="131.9744092"/>
 <node id="10051952729" visible="true" version="1" changeset="126625565" timestamp="2022-09-25T18:15:13Z" user="AYAGE" uid="521665" lat="34.1072275" lon="131.9744119"/>
 <node id="10051952730" visible="true" version="1" changeset="126625565" timestamp="2022-09-25T18:15:13Z" user="AYAGE" uid="521665" lat="34.1076806" lon="131.9741410"/>
 <node id="10051952731" visible="true" version="1" changeset="126625565" timestamp="2022-09-25T18:15:13Z" user="AYAGE" uid="521665" lat="34.1076095" lon="131.9742362"/>
 <node id="10051952732" visible="true" version="1" changeset="126625565" timestamp="2022-09-25T18:15:13Z" user="AYAGE" uid="521665" lat="34.1073885" lon="131.9744548"/>
 <node id="10051952733" visible="true" version="1" changeset="126625565" timestamp="2022-09-25T18:15:13Z" user="AYAGE" uid="521665" lat="34.1073441" lon="131.9744535"/>
 <node id="10051952734" visible="true" version="1" changeset="126625565" timestamp="2022-09-25T18:15:13Z" user="AYAGE" uid="521665" lat="34.1073141" lon="131.9745782"/>
 <node id="10051952735" visible="true" version="1" changeset="126625565" timestamp="2022-09-25T18:15:13Z" user="AYAGE" uid="521665" lat="34.1072675" lon="131.9746426"/>
 <node id="10051952736" visible="true" version="1" changeset="126625565" timestamp="2022-09-25T18:15:13Z" user="AYAGE" uid="521665" lat="34.1072458" lon="131.9755478"/>
 <node id="10051952784" visible="true" version="1" changeset="126625565" timestamp="2022-09-25T18:15:13Z" user="AYAGE" uid="521665" lat="34.1084795" lon="131.9778921"/>
 <node id="10051952785" visible="true" version="1" changeset="126625565" timestamp="2022-09-25T18:15:13Z" user="AYAGE" uid="521665" lat="34.1082091" lon="131.9779672"/>
 <node id="10051952786" visible="true" version="1" changeset="126625565" timestamp="2022-09-25T18:15:13Z" user="AYAGE" uid="521665" lat="34.1081214" lon="131.9779598"/>
 <node id="10051952787" visible="true" version="1" changeset="126625565" timestamp="2022-09-25T18:15:13Z" user="AYAGE" uid="521665" lat="34.1079032" lon="131.9778914"/>
 <node id="10051952788" visible="true" version="1" changeset="126625565" timestamp="2022-09-25T18:15:13Z" user="AYAGE" uid="521665" lat="34.1071681" lon="131.9771189"/>
 <node id="10051952789" visible="true" version="1" changeset="126625565" timestamp="2022-09-25T18:15:13Z" user="AYAGE" uid="521665" lat="34.1071792" lon="131.9769533"/>
 <node id="10051952790" visible="true" version="1" changeset="126625565" timestamp="2022-09-25T18:15:13Z" user="AYAGE" uid="521665" lat="34.1073058" lon="131.9763076"/>
 <node id="10051952791" visible="true" version="1" changeset="126625565" timestamp="2022-09-25T18:15:13Z" user="AYAGE" uid="521665" lat="34.1073164" lon="131.9760574"/>
 <node id="10051952792" visible="true" version="1" changeset="126625565" timestamp="2022-09-25T18:15:13Z" user="AYAGE" uid="521665" lat="34.1072397" lon="131.9757899"/>
 <node id="10051952793" visible="true" version="1" changeset="126625565" timestamp="2022-09-25T18:15:13Z" user="AYAGE" uid="521665" lat="34.1066912" lon="131.9761037"/>
 <node id="10051952794" visible="true" version="1" changeset="126625565" timestamp="2022-09-25T18:15:13Z" user="AYAGE" uid="521665" lat="34.1066401" lon="131.9761989"/>
 <node id="10051952795" visible="true" version="1" changeset="126625565" timestamp="2022-09-25T18:15:13Z" user="AYAGE" uid="521665" lat="34.1065813" lon="131.9762492"/>
 <node id="10051952796" visible="true" version="1" changeset="126625565" timestamp="2022-09-25T18:15:13Z" user="AYAGE" uid="521665" lat="34.1064769" lon="131.9762774"/>
 <node id="10051952797" visible="true" version="1" changeset="126625565" timestamp="2022-09-25T18:15:13Z" user="AYAGE" uid="521665" lat="34.1064325" lon="131.9762586"/>
 <node id="10052128980" visible="true" version="1" changeset="126627786" timestamp="2022-09-25T19:35:50Z" user="AYAGE" uid="521665" lat="34.1031933" lon="131.9721897"/>
 <node id="10052128981" visible="true" version="1" changeset="126627786" timestamp="2022-09-25T19:35:50Z" user="AYAGE" uid="521665" lat="34.1032277" lon="131.9726591"/>
 <node id="10052128982" visible="true" version="1" changeset="126627786" timestamp="2022-09-25T19:35:50Z" user="AYAGE" uid="521665" lat="34.1032788" lon="131.9728723"/>
 <node id="10052128983" visible="true" version="1" changeset="126627786" timestamp="2022-09-25T19:35:50Z" user="AYAGE" uid="521665" lat="34.1035031" lon="131.9729689"/>
 <node id="10052128984" visible="true" version="1" changeset="126627786" timestamp="2022-09-25T19:35:50Z" user="AYAGE" uid="521665" lat="34.1037852" lon="131.9729233"/>
 <node id="10052128985" visible="true" version="1" changeset="126627786" timestamp="2022-09-25T19:35:50Z" user="AYAGE" uid="521665" lat="34.1039451" lon="131.9728763"/>
 <node id="10052128986" visible="true" version="1" changeset="126627786" timestamp="2022-09-25T19:35:50Z" user="AYAGE" uid="521665" lat="34.1044070" lon="131.9729501"/>
 <node id="10052128987" visible="true" version="1" changeset="126627786" timestamp="2022-09-25T19:35:50Z" user="AYAGE" uid="521665" lat="34.1046580" lon="131.9730480"/>
 <node id="10052128988" visible="true" version="1" changeset="126627786" timestamp="2022-09-25T19:35:50Z" user="AYAGE" uid="521665" lat="34.1049134" lon="131.9731593"/>
 <node id="10052128989" visible="true" version="1" changeset="126627786" timestamp="2022-09-25T19:35:50Z" user="AYAGE" uid="521665" lat="34.1051432" lon="131.9733833"/>
 <node id="10052128990" visible="true" version="1" changeset="126627786" timestamp="2022-09-25T19:35:50Z" user="AYAGE" uid="521665" lat="34.1053465" lon="131.9734785"/>
 <node id="10052128991" visible="true" version="1" changeset="126627786" timestamp="2022-09-25T19:35:50Z" user="AYAGE" uid="521665" lat="34.1055663" lon="131.9736394"/>
 <node id="10052128992" visible="true" version="1" changeset="126627786" timestamp="2022-09-25T19:35:50Z" user="AYAGE" uid="521665" lat="34.1057407" lon="131.9736931"/>
 <node id="10052128993" visible="true" version="1" changeset="126627786" timestamp="2022-09-25T19:35:50Z" user="AYAGE" uid="521665" lat="34.1059317" lon="131.9736837"/>
 <node id="10052128994" visible="true" version="1" changeset="126627786" timestamp="2022-09-25T19:35:50Z" user="AYAGE" uid="521665" lat="34.1062492" lon="131.9737950"/>
 <node id="10052128995" visible="true" version="1" changeset="126627786" timestamp="2022-09-25T19:35:50Z" user="AYAGE" uid="521665" lat="34.1065335" lon="131.9740002"/>
 <node id="10052128996" visible="true" version="1" changeset="126627786" timestamp="2022-09-25T19:35:50Z" user="AYAGE" uid="521665" lat="34.1065602" lon="131.9741222"/>
 <node id="10052128997" visible="true" version="1" changeset="126627786" timestamp="2022-09-25T19:35:50Z" user="AYAGE" uid="521665" lat="34.1063747" lon="131.9740954"/>
 <node id="10052128998" visible="true" version="1" changeset="126627786" timestamp="2022-09-25T19:35:50Z" user="AYAGE" uid="521665" lat="34.1061859" lon="131.9740565"/>
 <node id="10052128999" visible="true" version="1" changeset="126627786" timestamp="2022-09-25T19:35:50Z" user="AYAGE" uid="521665" lat="34.1060249" lon="131.9740069"/>
 <node id="10052129000" visible="true" version="1" changeset="126627786" timestamp="2022-09-25T19:35:50Z" user="AYAGE" uid="521665" lat="34.1057340" lon="131.9741839"/>
 <node id="10052129001" visible="true" version="1" changeset="126627786" timestamp="2022-09-25T19:35:50Z" user="AYAGE" uid="521665" lat="34.1056174" lon="131.9743904"/>
 <node id="10052129002" visible="true" version="1" changeset="126627786" timestamp="2022-09-25T19:35:50Z" user="AYAGE" uid="521665" lat="34.1056374" lon="131.9745527"/>
 <node id="10052129003" visible="true" version="1" changeset="126627786" timestamp="2022-09-25T19:35:50Z" user="AYAGE" uid="521665" lat="34.1058228" lon="131.9745795"/>
 <node id="10052129004" visible="true" version="1" changeset="126627786" timestamp="2022-09-25T19:35:50Z" user="AYAGE" uid="521665" lat="34.1059850" lon="131.9746533"/>
 <node id="10052129005" visible="true" version="1" changeset="126627786" timestamp="2022-09-25T19:35:50Z" user="AYAGE" uid="521665" lat="34.1061071" lon="131.9748330"/>
 <node id="10052129006" visible="true" version="1" changeset="126627786" timestamp="2022-09-25T19:35:50Z" user="AYAGE" uid="521665" lat="34.1063447" lon="131.9748934"/>
 <node id="10052129007" visible="true" version="1" changeset="126627786" timestamp="2022-09-25T19:35:50Z" user="AYAGE" uid="521665" lat="34.1063192" lon="131.9749899"/>
 <node id="10052129008" visible="true" version="1" changeset="126627786" timestamp="2022-09-25T19:35:50Z" user="AYAGE" uid="521665" lat="34.1061526" lon="131.9751079"/>
 <node id="10052129009" visible="true" version="1" changeset="126627786" timestamp="2022-09-25T19:35:50Z" user="AYAGE" uid="521665" lat="34.1059483" lon="131.9751053"/>
 <node id="10052129010" visible="true" version="1" changeset="126627786" timestamp="2022-09-25T19:35:50Z" user="AYAGE" uid="521665" lat="34.1057718" lon="131.9750167"/>
 <node id="10052129011" visible="true" version="1" changeset="126627786" timestamp="2022-09-25T19:35:50Z" user="AYAGE" uid="521665" lat="34.1054675" lon="131.9750637"/>
 <node id="10052129012" visible="true" version="1" changeset="126627786" timestamp="2022-09-25T19:35:50Z" user="AYAGE" uid="521665" lat="34.1053365" lon="131.9750758"/>
 <node id="10052129013" visible="true" version="1" changeset="126627786" timestamp="2022-09-25T19:35:50Z" user="AYAGE" uid="521665" lat="34.1052021" lon="131.9749430"/>
 <node id="10052129014" visible="true" version="1" changeset="126627786" timestamp="2022-09-25T19:35:50Z" user="AYAGE" uid="521665" lat="34.1048945" lon="131.9747485"/>
 <node id="10052129015" visible="true" version="1" changeset="126627786" timestamp="2022-09-25T19:35:50Z" user="AYAGE" uid="521665" lat="34.1047657" lon="131.9746345"/>
 <node id="10052129016" visible="true" version="1" changeset="126627786" timestamp="2022-09-25T19:35:50Z" user="AYAGE" uid="521665" lat="34.1046724" lon="131.9744548"/>
 <node id="10052129817" visible="true" version="1" changeset="126627786" timestamp="2022-09-25T19:35:50Z" user="AYAGE" uid="521665" lat="34.1044925" lon="131.9743207"/>
 <node id="10052129818" visible="true" version="1" changeset="126627786" timestamp="2022-09-25T19:35:50Z" user="AYAGE" uid="521665" lat="34.1041416" lon="131.9742791"/>
 <node id="10052129819" visible="true" version="1" changeset="126627786" timestamp="2022-09-25T19:35:50Z" user="AYAGE" uid="521665" lat="34.1039340" lon="131.9740511"/>
 <node id="10052129820" visible="true" version="1" changeset="126627786" timestamp="2022-09-25T19:35:50Z" user="AYAGE" uid="521665" lat="34.1038096" lon="131.9739935"/>
 <node id="10052129821" visible="true" version="1" changeset="126627786" timestamp="2022-09-25T19:35:50Z" user="AYAGE" uid="521665" lat="34.1037030" lon="131.9738097"/>
 <node id="10052129822" visible="true" version="1" changeset="126627786" timestamp="2022-09-25T19:35:50Z" user="AYAGE" uid="521665" lat="34.1034998" lon="131.9736287"/>
 <node id="10052129823" visible="true" version="1" changeset="126627786" timestamp="2022-09-25T19:35:50Z" user="AYAGE" uid="521665" lat="34.1033654" lon="131.9736582"/>
 <node id="10052129824" visible="true" version="1" changeset="126627786" timestamp="2022-09-25T19:35:50Z" user="AYAGE" uid="521665" lat="34.1032133" lon="131.9737937"/>
 <node id="10052129825" visible="true" version="1" changeset="126627786" timestamp="2022-09-25T19:35:50Z" user="AYAGE" uid="521665" lat="34.1029812" lon="131.9738714"/>
 <node id="10052129826" visible="true" version="1" changeset="126627786" timestamp="2022-09-25T19:35:50Z" user="AYAGE" uid="521665" lat="34.1028357" lon="131.9738084"/>
 <node id="10052129827" visible="true" version="1" changeset="126627786" timestamp="2022-09-25T19:35:50Z" user="AYAGE" uid="521665" lat="34.1027047" lon="131.9738540"/>
 <node id="10052129828" visible="true" version="1" changeset="126627786" timestamp="2022-09-25T19:35:50Z" user="AYAGE" uid="521665" lat="34.1025403" lon="131.9740149"/>
 <node id="10052129829" visible="true" version="1" changeset="126627786" timestamp="2022-09-25T19:35:50Z" user="AYAGE" uid="521665" lat="34.1024204" lon="131.9739962"/>
 <node id="10052129830" visible="true" version="1" changeset="126627786" timestamp="2022-09-25T19:35:50Z" user="AYAGE" uid="521665" lat="34.1023426" lon="131.9738607"/>
 <node id="10052129831" visible="true" version="1" changeset="126627786" timestamp="2022-09-25T19:35:50Z" user="AYAGE" uid="521665" lat="34.1021983" lon="131.9738057"/>
 <node id="10052129832" visible="true" version="1" changeset="126627786" timestamp="2022-09-25T19:35:50Z" user="AYAGE" uid="521665" lat="34.1020073" lon="131.9738460"/>
 <node id="10052129833" visible="true" version="1" changeset="126627786" timestamp="2022-09-25T19:35:50Z" user="AYAGE" uid="521665" lat="34.1018385" lon="131.9739372"/>
 <node id="10052129834" visible="true" version="1" changeset="126627786" timestamp="2022-09-25T19:35:50Z" user="AYAGE" uid="521665" lat="34.1016597" lon="131.9739626"/>
 <node id="10052129835" visible="true" version="1" changeset="126627786" timestamp="2022-09-25T19:35:50Z" user="AYAGE" uid="521665" lat="34.1014576" lon="131.9741048"/>
 <node id="10052129836" visible="true" version="1" changeset="126627786" timestamp="2022-09-25T19:35:50Z" user="AYAGE" uid="521665" lat="34.1013177" lon="131.9740967"/>
 <node id="10052129837" visible="true" version="1" changeset="126627786" timestamp="2022-09-25T19:35:50Z" user="AYAGE" uid="521665" lat="34.1011233" lon="131.9739921"/>
 <node id="10052129838" visible="true" version="1" changeset="126627786" timestamp="2022-09-25T19:35:50Z" user="AYAGE" uid="521665" lat="34.1010278" lon="131.9740069"/>
 <node id="10052129839" visible="true" version="1" changeset="126627786" timestamp="2022-09-25T19:35:50Z" user="AYAGE" uid="521665" lat="34.1009401" lon="131.9741276"/>
 <node id="10052129840" visible="true" version="1" changeset="126627786" timestamp="2022-09-25T19:35:50Z" user="AYAGE" uid="521665" lat="34.1008424" lon="131.9741853"/>
 <node id="10052129841" visible="true" version="1" changeset="126627786" timestamp="2022-09-25T19:35:50Z" user="AYAGE" uid="521665" lat="34.1006614" lon="131.9741370"/>
 <node id="10052129842" visible="true" version="1" changeset="126627786" timestamp="2022-09-25T19:35:50Z" user="AYAGE" uid="521665" lat="34.1005614" lon="131.9740283"/>
 <node id="10052129843" visible="true" version="1" changeset="126627786" timestamp="2022-09-25T19:35:50Z" user="AYAGE" uid="521665" lat="34.1004803" lon="131.9739760"/>
 <node id="10052129844" visible="true" version="1" changeset="126627786" timestamp="2022-09-25T19:35:50Z" user="AYAGE" uid="521665" lat="34.1004015" lon="131.9740458"/>
 <node id="10052129845" visible="true" version="1" changeset="126627786" timestamp="2022-09-25T19:35:50Z" user="AYAGE" uid="521665" lat="34.1003376" lon="131.9743274"/>
 <node id="10052129846" visible="true" version="1" changeset="126627786" timestamp="2022-09-25T19:35:50Z" user="AYAGE" uid="521665" lat="34.1002671" lon="131.9744387"/>
 <node id="10052129847" visible="true" version="1" changeset="126627786" timestamp="2022-09-25T19:35:50Z" user="AYAGE" uid="521665" lat="34.1001783" lon="131.9746238"/>
 <node id="10052129848" visible="true" version="1" changeset="126627786" timestamp="2022-09-25T19:35:50Z" user="AYAGE" uid="521665" lat="34.0999495" lon="131.9748008"/>
 <node id="10052129849" visible="true" version="1" changeset="126627786" timestamp="2022-09-25T19:35:50Z" user="AYAGE" uid="521665" lat="34.0995786" lon="131.9748706"/>
 <node id="10052129850" visible="true" version="1" changeset="126627786" timestamp="2022-09-25T19:35:50Z" user="AYAGE" uid="521665" lat="34.0994209" lon="131.9748169"/>
 <node id="10052129851" visible="true" version="1" changeset="126627786" timestamp="2022-09-25T19:35:50Z" user="AYAGE" uid="521665" lat="34.0991944" lon="131.9746560"/>
 <node id="10052129852" visible="true" version="1" changeset="126627786" timestamp="2022-09-25T19:35:50Z" user="AYAGE" uid="521665" lat="34.0990278" lon="131.9746560"/>
 <node id="10052129853" visible="true" version="1" changeset="126627786" timestamp="2022-09-25T19:35:50Z" user="AYAGE" uid="521665" lat="34.0988190" lon="131.9747847"/>
 <node id="10052129854" visible="true" version="1" changeset="126627786" timestamp="2022-09-25T19:35:50Z" user="AYAGE" uid="521665" lat="34.0987390" lon="131.9747499"/>
 <node id="10052129855" visible="true" version="1" changeset="126627786" timestamp="2022-09-25T19:35:50Z" user="AYAGE" uid="521665" lat="34.0986524" lon="131.9745648"/>
 <node id="10052129856" visible="true" version="1" changeset="126627786" timestamp="2022-09-25T19:35:50Z" user="AYAGE" uid="521665" lat="34.0984947" lon="131.9743878"/>
 <node id="10052129857" visible="true" version="1" changeset="126627786" timestamp="2022-09-25T19:35:50Z" user="AYAGE" uid="521665" lat="34.0982926" lon="131.9743046"/>
 <node id="10052129858" visible="true" version="1" changeset="126627786" timestamp="2022-09-25T19:35:50Z" user="AYAGE" uid="521665" lat="34.0981571" lon="131.9743502"/>
 <node id="10052129859" visible="true" version="1" changeset="126627786" timestamp="2022-09-25T19:35:50Z" user="AYAGE" uid="521665" lat="34.0980105" lon="131.9744548"/>
 <node id="10052129860" visible="true" version="1" changeset="126627786" timestamp="2022-09-25T19:35:50Z" user="AYAGE" uid="521665" lat="34.0978409" lon="131.9744732"/>
 <node id="10052129861" visible="true" version="1" changeset="126627786" timestamp="2022-09-25T19:35:50Z" user="AYAGE" uid="521665" lat="34.0975419" lon="131.9744843"/>
 <node id="10052129862" visible="true" version="1" changeset="126627786" timestamp="2022-09-25T19:35:50Z" user="AYAGE" uid="521665" lat="34.0973109" lon="131.9745004"/>
 <node id="10052129863" visible="true" version="1" changeset="126627786" timestamp="2022-09-25T19:35:50Z" user="AYAGE" uid="521665" lat="34.0970399" lon="131.9742912"/>
 <node id="10052129864" visible="true" version="1" changeset="126627786" timestamp="2022-09-25T19:35:50Z" user="AYAGE" uid="521665" lat="34.0967045" lon="131.9739532"/>
 <node id="10052129865" visible="true" version="1" changeset="126627786" timestamp="2022-09-25T19:35:50Z" user="AYAGE" uid="521665" lat="34.0962492" lon="131.9737574"/>
 <node id="10052129866" visible="true" version="1" changeset="126627786" timestamp="2022-09-25T19:35:50Z" user="AYAGE" uid="521665" lat="34.0959982" lon="131.9737467"/>
 <node id="10052129867" visible="true" version="1" changeset="126627786" timestamp="2022-09-25T19:35:50Z" user="AYAGE" uid="521665" lat="34.0959893" lon="131.9739398"/>
 <node id="10052129868" visible="true" version="1" changeset="126627786" timestamp="2022-09-25T19:35:50Z" user="AYAGE" uid="521665" lat="34.0961426" lon="131.9741517"/>
 <node id="10052129869" visible="true" version="1" changeset="126627786" timestamp="2022-09-25T19:35:50Z" user="AYAGE" uid="521665" lat="34.0964091" lon="131.9742939"/>
 <node id="10052129870" visible="true" version="1" changeset="126627786" timestamp="2022-09-25T19:35:50Z" user="AYAGE" uid="521665" lat="34.0966401" lon="131.9745085"/>
 <node id="10052129871" visible="true" version="1" changeset="126627786" timestamp="2022-09-25T19:35:50Z" user="AYAGE" uid="521665" lat="34.0966757" lon="131.9746667"/>
 <node id="10052129872" visible="true" version="1" changeset="126627786" timestamp="2022-09-25T19:35:50Z" user="AYAGE" uid="521665" lat="34.0965801" lon="131.9747391"/>
 <node id="10052129873" visible="true" version="1" changeset="126627786" timestamp="2022-09-25T19:35:50Z" user="AYAGE" uid="521665" lat="34.0964669" lon="131.9746560"/>
 <node id="10052129874" visible="true" version="1" changeset="126627786" timestamp="2022-09-25T19:35:50Z" user="AYAGE" uid="521665" lat="34.0963025" lon="131.9746533"/>
 <node id="10052129875" visible="true" version="1" changeset="126627786" timestamp="2022-09-25T19:35:50Z" user="AYAGE" uid="521665" lat="34.0961426" lon="131.9746399"/>
 <node id="10052129876" visible="true" version="1" changeset="126627786" timestamp="2022-09-25T19:35:50Z" user="AYAGE" uid="521665" lat="34.0960537" lon="131.9747123"/>
 <node id="10052129877" visible="true" version="1" changeset="126627786" timestamp="2022-09-25T19:35:50Z" user="AYAGE" uid="521665" lat="34.0959516" lon="131.9748706"/>
 <node id="10052129878" visible="true" version="1" changeset="126627786" timestamp="2022-09-25T19:35:50Z" user="AYAGE" uid="521665" lat="34.0957761" lon="131.9748464"/>
 <node id="10052129879" visible="true" version="1" changeset="126627786" timestamp="2022-09-25T19:35:50Z" user="AYAGE" uid="521665" lat="34.0956406" lon="131.9747338"/>
 <node id="10052129880" visible="true" version="1" changeset="126627786" timestamp="2022-09-25T19:35:50Z" user="AYAGE" uid="521665" lat="34.0955407" lon="131.9747740"/>
 <node id="10052129881" visible="true" version="1" changeset="126627786" timestamp="2022-09-25T19:35:50Z" user="AYAGE" uid="521665" lat="34.0954052" lon="131.9747579"/>
 <node id="10052129882" visible="true" version="1" changeset="126627786" timestamp="2022-09-25T19:35:50Z" user="AYAGE" uid="521665" lat="34.0953119" lon="131.9746372"/>
 <node id="10052129883" visible="true" version="1" changeset="126627786" timestamp="2022-09-25T19:35:50Z" user="AYAGE" uid="521665" lat="34.0951830" lon="131.9745165"/>
 <node id="10052129884" visible="true" version="1" changeset="126627786" timestamp="2022-09-25T19:35:50Z" user="AYAGE" uid="521665" lat="34.0950298" lon="131.9744226"/>
 <node id="10052129885" visible="true" version="1" changeset="126627786" timestamp="2022-09-25T19:35:50Z" user="AYAGE" uid="521665" lat="34.0949520" lon="131.9742295"/>
 <node id="10052129886" visible="true" version="1" changeset="126627786" timestamp="2022-09-25T19:35:50Z" user="AYAGE" uid="521665" lat="34.0947188" lon="131.9740686"/>
 <node id="10052129887" visible="true" version="1" changeset="126627786" timestamp="2022-09-25T19:35:50Z" user="AYAGE" uid="521665" lat="34.0946078" lon="131.9739452"/>
 <node id="10052129888" visible="true" version="1" changeset="126627786" timestamp="2022-09-25T19:35:50Z" user="AYAGE" uid="521665" lat="34.0945322" lon="131.9737548"/>
 <node id="10052129889" visible="true" version="1" changeset="126627786" timestamp="2022-09-25T19:35:50Z" user="AYAGE" uid="521665" lat="34.0944723" lon="131.9735402"/>
 <node id="10052129890" visible="true" version="1" changeset="126627786" timestamp="2022-09-25T19:35:50Z" user="AYAGE" uid="521665" lat="34.0943412" lon="131.9732773"/>
 <node id="10052129891" visible="true" version="1" changeset="126627786" timestamp="2022-09-25T19:35:50Z" user="AYAGE" uid="521665" lat="34.0941746" lon="131.9730332"/>
 <node id="10052129892" visible="true" version="1" changeset="126627786" timestamp="2022-09-25T19:35:50Z" user="AYAGE" uid="521665" lat="34.0940991" lon="131.9727972"/>
 <node id="10052129893" visible="true" version="1" changeset="126627786" timestamp="2022-09-25T19:35:50Z" user="AYAGE" uid="521665" lat="34.0940725" lon="131.9725156"/>
 <node id="10052129894" visible="true" version="1" changeset="126627786" timestamp="2022-09-25T19:35:50Z" user="AYAGE" uid="521665" lat="34.0939103" lon="131.9723895"/>
 <node id="10052129895" visible="true" version="1" changeset="126627786" timestamp="2022-09-25T19:35:50Z" user="AYAGE" uid="521665" lat="34.0938281" lon="131.9721428"/>
 <node id="10052129896" visible="true" version="1" changeset="126627786" timestamp="2022-09-25T19:35:50Z" user="AYAGE" uid="521665" lat="34.0935394" lon="131.9718745"/>
 <node id="10052129897" visible="true" version="1" changeset="126627786" timestamp="2022-09-25T19:35:50Z" user="AYAGE" uid="521665" lat="34.0933261" lon="131.9717377"/>
 <node id="10052129898" visible="true" version="1" changeset="126627786" timestamp="2022-09-25T19:35:50Z" user="AYAGE" uid="521665" lat="34.0930863" lon="131.9717056"/>
 <node id="10052129899" visible="true" version="1" changeset="126627786" timestamp="2022-09-25T19:35:50Z" user="AYAGE" uid="521665" lat="34.0929441" lon="131.9715446"/>
 <node id="10052129900" visible="true" version="1" changeset="126627786" timestamp="2022-09-25T19:35:50Z" user="AYAGE" uid="521665" lat="34.0926931" lon="131.9715366"/>
 <node id="10052129901" visible="true" version="1" changeset="126627786" timestamp="2022-09-25T19:35:50Z" user="AYAGE" uid="521665" lat="34.0925443" lon="131.9716573"/>
 <node id="10052129902" visible="true" version="1" changeset="126627786" timestamp="2022-09-25T19:35:50Z" user="AYAGE" uid="521665" lat="34.0925265" lon="131.9720381"/>
 <node id="10052129903" visible="true" version="1" changeset="126627786" timestamp="2022-09-25T19:35:50Z" user="AYAGE" uid="521665" lat="34.0926487" lon="131.9722232"/>
 <node id="10052129904" visible="true" version="1" changeset="126627786" timestamp="2022-09-25T19:35:50Z" user="AYAGE" uid="521665" lat="34.0928330" lon="131.9722554"/>
 <node id="10052129905" visible="true" version="1" changeset="126627786" timestamp="2022-09-25T19:35:50Z" user="AYAGE" uid="521665" lat="34.0929530" lon="131.9723600"/>
 <node id="10052129906" visible="true" version="1" changeset="126627786" timestamp="2022-09-25T19:35:50Z" user="AYAGE" uid="521665" lat="34.0930418" lon="131.9727918"/>
 <node id="10052129907" visible="true" version="1" changeset="126627786" timestamp="2022-09-25T19:35:50Z" user="AYAGE" uid="521665" lat="34.0931662" lon="131.9730788"/>
 <node id="10052129908" visible="true" version="1" changeset="126627786" timestamp="2022-09-25T19:35:50Z" user="AYAGE" uid="521665" lat="34.0932773" lon="131.9735375"/>
 <node id="10052129909" visible="true" version="1" changeset="126627786" timestamp="2022-09-25T19:35:50Z" user="AYAGE" uid="521665" lat="34.0932639" lon="131.9739398"/>
 <node id="10052129910" visible="true" version="1" changeset="126627786" timestamp="2022-09-25T19:35:50Z" user="AYAGE" uid="521665" lat="34.0932795" lon="131.9743153"/>
 <node id="10052129979" visible="true" version="1" changeset="126627786" timestamp="2022-09-25T19:35:50Z" user="AYAGE" uid="521665" lat="34.0931351" lon="131.9748732"/>
 <node id="10052129980" visible="true" version="1" changeset="126627786" timestamp="2022-09-25T19:35:50Z" user="AYAGE" uid="521665" lat="34.0930929" lon="131.9750503"/>
 <node id="10052129981" visible="true" version="1" changeset="126627786" timestamp="2022-09-25T19:35:50Z" user="AYAGE" uid="521665" lat="34.0928330" lon="131.9753614"/>
 <node id="10052129982" visible="true" version="1" changeset="126627786" timestamp="2022-09-25T19:35:50Z" user="AYAGE" uid="521665" lat="34.0928974" lon="131.9755626"/>
 <node id="10052129983" visible="true" version="1" changeset="126627786" timestamp="2022-09-25T19:35:50Z" user="AYAGE" uid="521665" lat="34.0931529" lon="131.9756806"/>
 <node id="10052129984" visible="true" version="1" changeset="126627786" timestamp="2022-09-25T19:35:50Z" user="AYAGE" uid="521665" lat="34.0936615" lon="131.9756243"/>
 <node id="10052129985" visible="true" version="1" changeset="126627786" timestamp="2022-09-25T19:35:50Z" user="AYAGE" uid="521665" lat="34.0938104" lon="131.9754419"/>
 <node id="10052129986" visible="true" version="1" changeset="126627786" timestamp="2022-09-25T19:35:50Z" user="AYAGE" uid="521665" lat="34.0940058" lon="131.9751200"/>
 <node id="10052129987" visible="true" version="1" changeset="126627786" timestamp="2022-09-25T19:35:50Z" user="AYAGE" uid="521665" lat="34.0941957" lon="131.9750771"/>
 <node id="10052129988" visible="true" version="1" changeset="126627786" timestamp="2022-09-25T19:35:50Z" user="AYAGE" uid="521665" lat="34.0943901" lon="131.9751562"/>
 <node id="10052129989" visible="true" version="1" changeset="126627786" timestamp="2022-09-25T19:35:50Z" user="AYAGE" uid="521665" lat="34.0945100" lon="131.9752689"/>
 <node id="10052129990" visible="true" version="1" changeset="126627786" timestamp="2022-09-25T19:35:50Z" user="AYAGE" uid="521665" lat="34.0945689" lon="131.9754150"/>
 <node id="10052129991" visible="true" version="1" changeset="126627786" timestamp="2022-09-25T19:35:50Z" user="AYAGE" uid="521665" lat="34.0946233" lon="131.9754821"/>
 <node id="10052129992" visible="true" version="1" changeset="126627786" timestamp="2022-09-25T19:35:50Z" user="AYAGE" uid="521665" lat="34.0947766" lon="131.9756538"/>
 <node id="10052129993" visible="true" version="1" changeset="126627786" timestamp="2022-09-25T19:35:50Z" user="AYAGE" uid="521665" lat="34.0949343" lon="131.9757047"/>
 <node id="10052129994" visible="true" version="1" changeset="126627786" timestamp="2022-09-25T19:35:50Z" user="AYAGE" uid="521665" lat="34.0950942" lon="131.9756833"/>
 <node id="10052129995" visible="true" version="1" changeset="126627786" timestamp="2022-09-25T19:35:50Z" user="AYAGE" uid="521665" lat="34.0953296" lon="131.9756484"/>
 <node id="10052129996" visible="true" version="1" changeset="126627786" timestamp="2022-09-25T19:35:50Z" user="AYAGE" uid="521665" lat="34.0954962" lon="131.9756833"/>
 <node id="10052129997" visible="true" version="1" changeset="126627786" timestamp="2022-09-25T19:35:50Z" user="AYAGE" uid="521665" lat="34.0956051" lon="131.9759381"/>
 <node id="10052129998" visible="true" version="1" changeset="126627786" timestamp="2022-09-25T19:35:50Z" user="AYAGE" uid="521665" lat="34.0957605" lon="131.9758791"/>
 <node id="10052129999" visible="true" version="1" changeset="126627786" timestamp="2022-09-25T19:35:50Z" user="AYAGE" uid="521665" lat="34.0958272" lon="131.9756833"/>
 <node id="10052130000" visible="true" version="1" changeset="126627786" timestamp="2022-09-25T19:35:50Z" user="AYAGE" uid="521665" lat="34.0960204" lon="131.9756135"/>
 <node id="10052130001" visible="true" version="1" changeset="126627786" timestamp="2022-09-25T19:35:50Z" user="AYAGE" uid="521665" lat="34.0961270" lon="131.9755036"/>
 <node id="10052130002" visible="true" version="1" changeset="126627786" timestamp="2022-09-25T19:35:50Z" user="AYAGE" uid="521665" lat="34.0963625" lon="131.9754365"/>
 <node id="10052130003" visible="true" version="1" changeset="126627786" timestamp="2022-09-25T19:35:50Z" user="AYAGE" uid="521665" lat="34.0966312" lon="131.9754016"/>
 <node id="10052130004" visible="true" version="1" changeset="126627786" timestamp="2022-09-25T19:35:50Z" user="AYAGE" uid="521665" lat="34.0967978" lon="131.9755009"/>
 <node id="10052130005" visible="true" version="1" changeset="126627786" timestamp="2022-09-25T19:35:50Z" user="AYAGE" uid="521665" lat="34.0969111" lon="131.9755733"/>
 <node id="10052130006" visible="true" version="1" changeset="126627786" timestamp="2022-09-25T19:35:50Z" user="AYAGE" uid="521665" lat="34.0969999" lon="131.9754043"/>
 <node id="10052130007" visible="true" version="1" changeset="126627786" timestamp="2022-09-25T19:35:50Z" user="AYAGE" uid="521665" lat="34.0970977" lon="131.9753882"/>
 <node id="10052130008" visible="true" version="1" changeset="126627786" timestamp="2022-09-25T19:35:50Z" user="AYAGE" uid="521665" lat="34.0972731" lon="131.9754311"/>
 <node id="10052130009" visible="true" version="1" changeset="126627786" timestamp="2022-09-25T19:35:50Z" user="AYAGE" uid="521665" lat="34.0975619" lon="131.9754258"/>
 <node id="10052130010" visible="true" version="1" changeset="126627786" timestamp="2022-09-25T19:35:50Z" user="AYAGE" uid="521665" lat="34.0978484" lon="131.9753239"/>
 <node id="10052130011" visible="true" version="1" changeset="126627786" timestamp="2022-09-25T19:35:50Z" user="AYAGE" uid="521665" lat="34.0980083" lon="131.9755384"/>
 <node id="10052130012" visible="true" version="1" changeset="126627786" timestamp="2022-09-25T19:35:50Z" user="AYAGE" uid="521665" lat="34.0981527" lon="131.9754902"/>
 <node id="10052130013" visible="true" version="1" changeset="126627786" timestamp="2022-09-25T19:35:50Z" user="AYAGE" uid="521665" lat="34.0984481" lon="131.9752997"/>
 <node id="10052130014" visible="true" version="1" changeset="126627786" timestamp="2022-09-25T19:35:50Z" user="AYAGE" uid="521665" lat="34.0986369" lon="131.9752890"/>
 <node id="10052130015" visible="true" version="1" changeset="126627786" timestamp="2022-09-25T19:35:50Z" user="AYAGE" uid="521665" lat="34.0988168" lon="131.9753292"/>
 <node id="10052130016" visible="true" version="1" changeset="126627786" timestamp="2022-09-25T19:35:50Z" user="AYAGE" uid="521665" lat="34.0988412" lon="131.9755304"/>
 <node id="10052130017" visible="true" version="1" changeset="126627786" timestamp="2022-09-25T19:35:50Z" user="AYAGE" uid="521665" lat="34.0989078" lon="131.9757691"/>
 <node id="10052130018" visible="true" version="1" changeset="126627786" timestamp="2022-09-25T19:35:50Z" user="AYAGE" uid="521665" lat="34.0989945" lon="131.9759005"/>
 <node id="10052130019" visible="true" version="1" changeset="126627786" timestamp="2022-09-25T19:35:50Z" user="AYAGE" uid="521665" lat="34.0991766" lon="131.9759676"/>
 <node id="10052130020" visible="true" version="1" changeset="126627786" timestamp="2022-09-25T19:35:50Z" user="AYAGE" uid="521665" lat="34.0992743" lon="131.9758791"/>
 <node id="10052130021" visible="true" version="1" changeset="126627786" timestamp="2022-09-25T19:35:50Z" user="AYAGE" uid="521665" lat="34.0992432" lon="131.9756001"/>
 <node id="10052130022" visible="true" version="1" changeset="126627786" timestamp="2022-09-25T19:35:50Z" user="AYAGE" uid="521665" lat="34.0992743" lon="131.9754285"/>
 <node id="10052130023" visible="true" version="1" changeset="126627786" timestamp="2022-09-25T19:35:50Z" user="AYAGE" uid="521665" lat="34.0994653" lon="131.9752407"/>
 <node id="10052130024" visible="true" version="1" changeset="126627786" timestamp="2022-09-25T19:35:50Z" user="AYAGE" uid="521665" lat="34.0995919" lon="131.9752192"/>
 <node id="10052130025" visible="true" version="1" changeset="126627786" timestamp="2022-09-25T19:35:50Z" user="AYAGE" uid="521665" lat="34.0996652" lon="131.9752032"/>
 <node id="10052130026" visible="true" version="1" changeset="126627786" timestamp="2022-09-25T19:35:50Z" user="AYAGE" uid="521665" lat="34.0996630" lon="131.9750074"/>
 <node id="10052130027" visible="true" version="1" changeset="126627786" timestamp="2022-09-25T19:35:50Z" user="AYAGE" uid="521665" lat="34.0997874" lon="131.9749323"/>
 <node id="10052130028" visible="true" version="1" changeset="126627786" timestamp="2022-09-25T19:35:50Z" user="AYAGE" uid="521665" lat="34.1000028" lon="131.9748732"/>
 <node id="10052130029" visible="true" version="1" changeset="126627786" timestamp="2022-09-25T19:35:50Z" user="AYAGE" uid="521665" lat="34.1002738" lon="131.9749349"/>
 <node id="10052130030" visible="true" version="1" changeset="126627786" timestamp="2022-09-25T19:35:50Z" user="AYAGE" uid="521665" lat="34.1003582" lon="131.9750878"/>
 <node id="10052130031" visible="true" version="1" changeset="126627786" timestamp="2022-09-25T19:35:50Z" user="AYAGE" uid="521665" lat="34.1008401" lon="131.9751039"/>
 <node id="10052130032" visible="true" version="1" changeset="126627786" timestamp="2022-09-25T19:35:50Z" user="AYAGE" uid="521665" lat="34.1010267" lon="131.9750449"/>
 <node id="10052130033" visible="true" version="1" changeset="126627786" timestamp="2022-09-25T19:35:50Z" user="AYAGE" uid="521665" lat="34.1012310" lon="131.9749564"/>
 <node id="10052130034" visible="true" version="1" changeset="126627786" timestamp="2022-09-25T19:35:50Z" user="AYAGE" uid="521665" lat="34.1016064" lon="131.9750985"/>
 <node id="10052130035" visible="true" version="1" changeset="126627786" timestamp="2022-09-25T19:35:50Z" user="AYAGE" uid="521665" lat="34.1017285" lon="131.9751978"/>
 <node id="10052130036" visible="true" version="1" changeset="126627786" timestamp="2022-09-25T19:35:50Z" user="AYAGE" uid="521665" lat="34.1018751" lon="131.9753399"/>
 <node id="10052130037" visible="true" version="1" changeset="126627786" timestamp="2022-09-25T19:35:50Z" user="AYAGE" uid="521665" lat="34.1019862" lon="131.9753802"/>
 <node id="10052130038" visible="true" version="1" changeset="126627786" timestamp="2022-09-25T19:35:50Z" user="AYAGE" uid="521665" lat="34.1021439" lon="131.9752407"/>
 <node id="10052130039" visible="true" version="1" changeset="126627786" timestamp="2022-09-25T19:35:50Z" user="AYAGE" uid="521665" lat="34.1024037" lon="131.9751871"/>
 <node id="10052130040" visible="true" version="1" changeset="126627786" timestamp="2022-09-25T19:35:50Z" user="AYAGE" uid="521665" lat="34.1026791" lon="131.9752970"/>
 <node id="10052130041" visible="true" version="1" changeset="126627786" timestamp="2022-09-25T19:35:50Z" user="AYAGE" uid="521665" lat="34.1028857" lon="131.9754982"/>
 <node id="10052130042" visible="true" version="1" changeset="126627786" timestamp="2022-09-25T19:35:50Z" user="AYAGE" uid="521665" lat="34.1030145" lon="131.9756108"/>
 <node id="10052130043" visible="true" version="1" changeset="126627786" timestamp="2022-09-25T19:35:50Z" user="AYAGE" uid="521665" lat="34.1032233" lon="131.9756243"/>
 <node id="10052130044" visible="true" version="1" changeset="126627786" timestamp="2022-09-25T19:35:50Z" user="AYAGE" uid="521665" lat="34.1036119" lon="131.9758442"/>
 <node id="10052130045" visible="true" version="1" changeset="126627786" timestamp="2022-09-25T19:35:50Z" user="AYAGE" uid="521665" lat="34.1038207" lon="131.9758415"/>
 <node id="10052130046" visible="true" version="1" changeset="126627786" timestamp="2022-09-25T19:35:50Z" user="AYAGE" uid="521665" lat="34.1039295" lon="131.9757503"/>
 <node id="10052130047" visible="true" version="1" changeset="126627786" timestamp="2022-09-25T19:35:50Z" user="AYAGE" uid="521665" lat="34.1041427" lon="131.9759729"/>
 <node id="10052130048" visible="true" version="1" changeset="126627786" timestamp="2022-09-25T19:35:50Z" user="AYAGE" uid="521665" lat="34.1041694" lon="131.9761661"/>
 <node id="10052130049" visible="true" version="1" changeset="126627786" timestamp="2022-09-25T19:35:50Z" user="AYAGE" uid="521665" lat="34.1040561" lon="131.9765174"/>
 <node id="10052130050" visible="true" version="1" changeset="126627786" timestamp="2022-09-25T19:35:50Z" user="AYAGE" uid="521665" lat="34.1039295" lon="131.9766167"/>
 <node id="10052130051" visible="true" version="1" changeset="126627786" timestamp="2022-09-25T19:35:50Z" user="AYAGE" uid="521665" lat="34.1039695" lon="131.9767454"/>
 <node id="10052130052" visible="true" version="1" changeset="126627786" timestamp="2022-09-25T19:35:50Z" user="AYAGE" uid="521665" lat="34.1039095" lon="131.9768929"/>
 <node id="10052130053" visible="true" version="1" changeset="126627786" timestamp="2022-09-25T19:35:50Z" user="AYAGE" uid="521665" lat="34.1038407" lon="131.9768527"/>
 <node id="10052130054" visible="true" version="1" changeset="126627786" timestamp="2022-09-25T19:35:50Z" user="AYAGE" uid="521665" lat="34.1038118" lon="131.9766435"/>
 <node id="10052130055" visible="true" version="1" changeset="126627786" timestamp="2022-09-25T19:35:50Z" user="AYAGE" uid="521665" lat="34.1037652" lon="131.9766086"/>
 <node id="10052130056" visible="true" version="1" changeset="126627786" timestamp="2022-09-25T19:35:50Z" user="AYAGE" uid="521665" lat="34.1036030" lon="131.9766113"/>
 <node id="10052130057" visible="true" version="1" changeset="126627786" timestamp="2022-09-25T19:35:50Z" user="AYAGE" uid="521665" lat="34.1033898" lon="131.9765389"/>
 <node id="10052130058" visible="true" version="1" changeset="126627786" timestamp="2022-09-25T19:35:50Z" user="AYAGE" uid="521665" lat="34.1031877" lon="131.9765845"/>
 <node id="10052130059" visible="true" version="1" changeset="126627786" timestamp="2022-09-25T19:35:50Z" user="AYAGE" uid="521665" lat="34.1030100" lon="131.9765657"/>
 <node id="10052130060" visible="true" version="1" changeset="126627786" timestamp="2022-09-25T19:35:50Z" user="AYAGE" uid="521665" lat="34.1028990" lon="131.9766381"/>
 <node id="10052130061" visible="true" version="1" changeset="126627786" timestamp="2022-09-25T19:35:50Z" user="AYAGE" uid="521665" lat="34.1028990" lon="131.9769627"/>
 <node id="10052130062" visible="true" version="1" changeset="126627786" timestamp="2022-09-25T19:35:50Z" user="AYAGE" uid="521665" lat="34.1028857" lon="131.9772309"/>
 <node id="10052130063" visible="true" version="1" changeset="126627786" timestamp="2022-09-25T19:35:50Z" user="AYAGE" uid="521665" lat="34.1029101" lon="131.9775340"/>
 <node id="10052130064" visible="true" version="1" changeset="126627786" timestamp="2022-09-25T19:35:50Z" user="AYAGE" uid="521665" lat="34.1028501" lon="131.9777459"/>
 <node id="10052130065" visible="true" version="1" changeset="126627786" timestamp="2022-09-25T19:35:50Z" user="AYAGE" uid="521665" lat="34.1026391" lon="131.9779980"/>
 <node id="10052130066" visible="true" version="1" changeset="126627786" timestamp="2022-09-25T19:35:50Z" user="AYAGE" uid="521665" lat="34.1024815" lon="131.9781589"/>
 <node id="10052130067" visible="true" version="1" changeset="126627786" timestamp="2022-09-25T19:35:50Z" user="AYAGE" uid="521665" lat="34.1023771" lon="131.9784111"/>
 <node id="10052130068" visible="true" version="1" changeset="126627786" timestamp="2022-09-25T19:35:50Z" user="AYAGE" uid="521665" lat="34.1022127" lon="131.9785640"/>
 <node id="10052130069" visible="true" version="1" changeset="126627786" timestamp="2022-09-25T19:35:50Z" user="AYAGE" uid="521665" lat="34.1020039" lon="131.9785076"/>
 <node id="10052130070" visible="true" version="1" changeset="126627786" timestamp="2022-09-25T19:35:50Z" user="AYAGE" uid="521665" lat="34.1018596" lon="131.9784030"/>
 <node id="10052130071" visible="true" version="1" changeset="126627786" timestamp="2022-09-25T19:35:50Z" user="AYAGE" uid="521665" lat="34.1016819" lon="131.9781911"/>
 <node id="10052130072" visible="true" version="1" changeset="126627786" timestamp="2022-09-25T19:35:50Z" user="AYAGE" uid="521665" lat="34.1014309" lon="131.9781697"/>
 <node id="10052130073" visible="true" version="1" changeset="126627786" timestamp="2022-09-25T19:35:50Z" user="AYAGE" uid="521665" lat="34.1013665" lon="131.9784594"/>
 <node id="10052130074" visible="true" version="1" changeset="126627786" timestamp="2022-09-25T19:35:50Z" user="AYAGE" uid="521665" lat="34.1014420" lon="131.9787034"/>
 <node id="10052130075" visible="true" version="1" changeset="126627786" timestamp="2022-09-25T19:35:50Z" user="AYAGE" uid="521665" lat="34.1015176" lon="131.9787678"/>
 <node id="10052130076" visible="true" version="1" changeset="126627786" timestamp="2022-09-25T19:35:50Z" user="AYAGE" uid="521665" lat="34.1014687" lon="131.9789824"/>
 <node id="10052130077" visible="true" version="1" changeset="126627786" timestamp="2022-09-25T19:35:50Z" user="AYAGE" uid="521665" lat="34.1014198" lon="131.9792238"/>
 <node id="10052130078" visible="true" version="1" changeset="126627786" timestamp="2022-09-25T19:35:50Z" user="AYAGE" uid="521665" lat="34.1014154" lon="131.9794598"/>
 <node id="10052130079" visible="true" version="1" changeset="126627786" timestamp="2022-09-25T19:35:50Z" user="AYAGE" uid="521665" lat="34.1013932" lon="131.9796100"/>
 <node id="10052130080" visible="true" version="1" changeset="126627786" timestamp="2022-09-25T19:35:50Z" user="AYAGE" uid="521665" lat="34.1012732" lon="131.9797736"/>
 <node id="10052130081" visible="true" version="1" changeset="126627786" timestamp="2022-09-25T19:35:50Z" user="AYAGE" uid="521665" lat="34.1012421" lon="131.9800016"/>
 <node id="10052130082" visible="true" version="1" changeset="126627786" timestamp="2022-09-25T19:35:50Z" user="AYAGE" uid="521665" lat="34.1013243" lon="131.9802189"/>
 <node id="10052130083" visible="true" version="1" changeset="126627786" timestamp="2022-09-25T19:35:50Z" user="AYAGE" uid="521665" lat="34.1014776" lon="131.9802430"/>
 <node id="10052130084" visible="true" version="1" changeset="126627786" timestamp="2022-09-25T19:35:50Z" user="AYAGE" uid="521665" lat="34.1015620" lon="131.9802538"/>
 <node id="10052130085" visible="true" version="1" changeset="126627786" timestamp="2022-09-25T19:35:50Z" user="AYAGE" uid="521665" lat="34.1015309" lon="131.9804013"/>
 <node id="10052130086" visible="true" version="1" changeset="126627786" timestamp="2022-09-25T19:35:50Z" user="AYAGE" uid="521665" lat="34.1015953" lon="131.9805300"/>
 <node id="10052130087" visible="true" version="1" changeset="126627786" timestamp="2022-09-25T19:35:50Z" user="AYAGE" uid="521665" lat="34.1017086" lon="131.9805354"/>
 <node id="10052130088" visible="true" version="1" changeset="126627786" timestamp="2022-09-25T19:35:50Z" user="AYAGE" uid="521665" lat="34.1017907" lon="131.9804549"/>
 <node id="10052130089" visible="true" version="1" changeset="126627786" timestamp="2022-09-25T19:35:50Z" user="AYAGE" uid="521665" lat="34.1017907" lon="131.9802967"/>
 <node id="10052130090" visible="true" version="1" changeset="126627786" timestamp="2022-09-25T19:35:50Z" user="AYAGE" uid="521665" lat="34.1018440" lon="131.9801894"/>
 <node id="10052130091" visible="true" version="1" changeset="126627786" timestamp="2022-09-25T19:35:50Z" user="AYAGE" uid="521665" lat="34.1018707" lon="131.9799668"/>
 <node id="10052130092" visible="true" version="1" changeset="126627786" timestamp="2022-09-25T19:35:50Z" user="AYAGE" uid="521665" lat="34.1019662" lon="131.9797307"/>
 <node id="10052130093" visible="true" version="1" changeset="126627786" timestamp="2022-09-25T19:35:50Z" user="AYAGE" uid="521665" lat="34.1020639" lon="131.9796395"/>
 <node id="10052130094" visible="true" version="1" changeset="126627786" timestamp="2022-09-25T19:35:50Z" user="AYAGE" uid="521665" lat="34.1022372" lon="131.9795832"/>
 <node id="10052130095" visible="true" version="1" changeset="126627786" timestamp="2022-09-25T19:35:50Z" user="AYAGE" uid="521665" lat="34.1023371" lon="131.9794974"/>
 <node id="10052130096" visible="true" version="1" changeset="126627786" timestamp="2022-09-25T19:35:50Z" user="AYAGE" uid="521665" lat="34.1024504" lon="131.9792238"/>
 <node id="10052130097" visible="true" version="1" changeset="126627786" timestamp="2022-09-25T19:35:50Z" user="AYAGE" uid="521665" lat="34.1025849" lon="131.9788250"/>
 <node id="10052130098" visible="true" version="1" changeset="126627786" timestamp="2022-09-25T19:35:50Z" user="AYAGE" uid="521665" lat="34.1026947" lon="131.9784352"/>
 <node id="10052130099" visible="true" version="1" changeset="126627786" timestamp="2022-09-25T19:35:50Z" user="AYAGE" uid="521665" lat="34.1028390" lon="131.9781777"/>
 <node id="10052130100" visible="true" version="1" changeset="126627786" timestamp="2022-09-25T19:35:50Z" user="AYAGE" uid="521665" lat="34.1031811" lon="131.9777888"/>
 <node id="10052130101" visible="true" version="1" changeset="126627786" timestamp="2022-09-25T19:35:50Z" user="AYAGE" uid="521665" lat="34.1033898" lon="131.9776735"/>
 <node id="10052130102" visible="true" version="1" changeset="126627786" timestamp="2022-09-25T19:35:50Z" user="AYAGE" uid="521665" lat="34.1036563" lon="131.9774750"/>
 <node id="10052130103" visible="true" version="1" changeset="126627786" timestamp="2022-09-25T19:35:50Z" user="AYAGE" uid="521665" lat="34.1037807" lon="131.9775018"/>
 <node id="10052130104" visible="true" version="1" changeset="126627786" timestamp="2022-09-25T19:35:50Z" user="AYAGE" uid="521665" lat="34.1037563" lon="131.9777378"/>
 <node id="10052130105" visible="true" version="1" changeset="126627786" timestamp="2022-09-25T19:35:50Z" user="AYAGE" uid="521665" lat="34.1037829" lon="131.9779927"/>
 <node id="10052130106" visible="true" version="1" changeset="126627786" timestamp="2022-09-25T19:35:50Z" user="AYAGE" uid="521665" lat="34.1038918" lon="131.9780999"/>
 <node id="10052130107" visible="true" version="1" changeset="126627786" timestamp="2022-09-25T19:35:50Z" user="AYAGE" uid="521665" lat="34.1040161" lon="131.9780570"/>
 <node id="10052130108" visible="true" version="1" changeset="126627786" timestamp="2022-09-25T19:35:50Z" user="AYAGE" uid="521665" lat="34.1041094" lon="131.9779578"/>
 <node id="10052130109" visible="true" version="1" changeset="126627786" timestamp="2022-09-25T19:35:50Z" user="AYAGE" uid="521665" lat="34.1042182" lon="131.9779712"/>
 <node id="10052130110" visible="true" version="1" changeset="126627786" timestamp="2022-09-25T19:35:50Z" user="AYAGE" uid="521665" lat="34.1042582" lon="131.9781348"/>
 <node id="10052130111" visible="true" version="1" changeset="126627786" timestamp="2022-09-25T19:35:50Z" user="AYAGE" uid="521665" lat="34.1043759" lon="131.9781563"/>
 <node id="10052130112" visible="true" version="1" changeset="126627786" timestamp="2022-09-25T19:35:50Z" user="AYAGE" uid="521665" lat="34.1044981" lon="131.9781134"/>
 <node id="10052130113" visible="true" version="1" changeset="126627786" timestamp="2022-09-25T19:35:50Z" user="AYAGE" uid="521665" lat="34.1046757" lon="131.9782260"/>
 <node id="10052130114" visible="true" version="1" changeset="126627786" timestamp="2022-09-25T19:35:50Z" user="AYAGE" uid="521665" lat="34.1047779" lon="131.9784164"/>
 <node id="10052130115" visible="true" version="1" changeset="126627786" timestamp="2022-09-25T19:35:50Z" user="AYAGE" uid="521665" lat="34.1048201" lon="131.9785774"/>
 <node id="10052130116" visible="true" version="1" changeset="126627786" timestamp="2022-09-25T19:35:50Z" user="AYAGE" uid="521665" lat="34.1046535" lon="131.9786900"/>
 <node id="10052130117" visible="true" version="1" changeset="126627786" timestamp="2022-09-25T19:35:50Z" user="AYAGE" uid="521665" lat="34.1043382" lon="131.9787061"/>
 <node id="10052130118" visible="true" version="1" changeset="126627786" timestamp="2022-09-25T19:35:50Z" user="AYAGE" uid="521665" lat="34.1041560" lon="131.9786659"/>
 <node id="10052130119" visible="true" version="1" changeset="126627786" timestamp="2022-09-25T19:35:50Z" user="AYAGE" uid="521665" lat="34.1040672" lon="131.9787893"/>
 <node id="10052130120" visible="true" version="1" changeset="126627786" timestamp="2022-09-25T19:35:50Z" user="AYAGE" uid="521665" lat="34.1040450" lon="131.9790119"/>
 <node id="10052130121" visible="true" version="1" changeset="126627786" timestamp="2022-09-25T19:35:50Z" user="AYAGE" uid="521665" lat="34.1041538" lon="131.9791433"/>
 <node id="10052130122" visible="true" version="1" changeset="126627786" timestamp="2022-09-25T19:35:50Z" user="AYAGE" uid="521665" lat="34.1045669" lon="131.9791031"/>
 <node id="10052130123" visible="true" version="1" changeset="126627786" timestamp="2022-09-25T19:35:50Z" user="AYAGE" uid="521665" lat="34.1047912" lon="131.9791245"/>
 <node id="10052130124" visible="true" version="1" changeset="126627786" timestamp="2022-09-25T19:35:50Z" user="AYAGE" uid="521665" lat="34.1049511" lon="131.9792506"/>
 <node id="10052130125" visible="true" version="1" changeset="126627786" timestamp="2022-09-25T19:35:50Z" user="AYAGE" uid="521665" lat="34.1051643" lon="131.9793954"/>
 <node id="10052130126" visible="true" version="1" changeset="126627786" timestamp="2022-09-25T19:35:50Z" user="AYAGE" uid="521665" lat="34.1051977" lon="131.9795457"/>
 <node id="10052130127" visible="true" version="1" changeset="126627786" timestamp="2022-09-25T19:35:50Z" user="AYAGE" uid="521665" lat="34.1054064" lon="131.9796503"/>
 <node id="10052130128" visible="true" version="1" changeset="126627786" timestamp="2022-09-25T19:35:50Z" user="AYAGE" uid="521665" lat="34.1056063" lon="131.9797656"/>
 <node id="10052130129" visible="true" version="1" changeset="126627786" timestamp="2022-09-25T19:35:50Z" user="AYAGE" uid="521665" lat="34.1057929" lon="131.9797441"/>
 <node id="10052130130" visible="true" version="1" changeset="126627786" timestamp="2022-09-25T19:35:50Z" user="AYAGE" uid="521665" lat="34.1060327" lon="131.9799346"/>
 <node id="10052130131" visible="true" version="1" changeset="126627786" timestamp="2022-09-25T19:35:50Z" user="AYAGE" uid="521665" lat="34.1059972" lon="131.9800580"/>
 <node id="10052130132" visible="true" version="1" changeset="126627786" timestamp="2022-09-25T19:35:50Z" user="AYAGE" uid="521665" lat="34.1058772" lon="131.9801706"/>
 <node id="10052130133" visible="true" version="1" changeset="126627786" timestamp="2022-09-25T19:35:50Z" user="AYAGE" uid="521665" lat="34.1056863" lon="131.9802403"/>
 <node id="10052130134" visible="true" version="1" changeset="126627786" timestamp="2022-09-25T19:35:50Z" user="AYAGE" uid="521665" lat="34.1055308" lon="131.9801626"/>
 <node id="10052130135" visible="true" version="1" changeset="126627786" timestamp="2022-09-25T19:35:50Z" user="AYAGE" uid="521665" lat="34.1052709" lon="131.9801304"/>
 <node id="10052130136" visible="true" version="1" changeset="126627786" timestamp="2022-09-25T19:35:50Z" user="AYAGE" uid="521665" lat="34.1049867" lon="131.9802403"/>
 <node id="10052130137" visible="true" version="1" changeset="126627786" timestamp="2022-09-25T19:35:50Z" user="AYAGE" uid="521665" lat="34.1047535" lon="131.9803181"/>
 <node id="10052130138" visible="true" version="1" changeset="126627786" timestamp="2022-09-25T19:35:50Z" user="AYAGE" uid="521665" lat="34.1045780" lon="131.9802994"/>
 <node id="10052130139" visible="true" version="1" changeset="126627786" timestamp="2022-09-25T19:35:50Z" user="AYAGE" uid="521665" lat="34.1043826" lon="131.9801813"/>
 <node id="10052130140" visible="true" version="1" changeset="126627786" timestamp="2022-09-25T19:35:50Z" user="AYAGE" uid="521665" lat="34.1041716" lon="131.9802001"/>
 <node id="10052130141" visible="true" version="1" changeset="126627786" timestamp="2022-09-25T19:35:50Z" user="AYAGE" uid="521665" lat="34.1040494" lon="131.9801384"/>
 <node id="10052130142" visible="true" version="1" changeset="126627786" timestamp="2022-09-25T19:35:50Z" user="AYAGE" uid="521665" lat="34.1039784" lon="131.9800419"/>
 <node id="10052130143" visible="true" version="1" changeset="126627786" timestamp="2022-09-25T19:35:50Z" user="AYAGE" uid="521665" lat="34.1038695" lon="131.9800070"/>
 <node id="10052130144" visible="true" version="1" changeset="126627786" timestamp="2022-09-25T19:35:50Z" user="AYAGE" uid="521665" lat="34.1037074" lon="131.9801706"/>
 <node id="10052130145" visible="true" version="1" changeset="126627786" timestamp="2022-09-25T19:35:50Z" user="AYAGE" uid="521665" lat="34.1037141" lon="131.9802940"/>
 <node id="10052130146" visible="true" version="1" changeset="126627786" timestamp="2022-09-25T19:35:50Z" user="AYAGE" uid="521665" lat="34.1039006" lon="131.9804066"/>
 <node id="10052130147" visible="true" version="1" changeset="126627786" timestamp="2022-09-25T19:35:50Z" user="AYAGE" uid="521665" lat="34.1039384" lon="131.9804737"/>
 <node id="10052130148" visible="true" version="1" changeset="126627786" timestamp="2022-09-25T19:35:50Z" user="AYAGE" uid="521665" lat="34.1040539" lon="131.9805703"/>
 <node id="10052130149" visible="true" version="1" changeset="126627786" timestamp="2022-09-25T19:35:50Z" user="AYAGE" uid="521665" lat="34.1041516" lon="131.9806856"/>
 <node id="10052130150" visible="true" version="1" changeset="126627786" timestamp="2022-09-25T19:35:50Z" user="AYAGE" uid="521665" lat="34.1043404" lon="131.9807526"/>
 <node id="10052130151" visible="true" version="1" changeset="126627786" timestamp="2022-09-25T19:35:50Z" user="AYAGE" uid="521665" lat="34.1046358" lon="131.9807339"/>
 <node id="10052130152" visible="true" version="1" changeset="126627786" timestamp="2022-09-25T19:35:50Z" user="AYAGE" uid="521665" lat="34.1049622" lon="131.9806641"/>
 <node id="10052130153" visible="true" version="1" changeset="126627786" timestamp="2022-09-25T19:35:50Z" user="AYAGE" uid="521665" lat="34.1053287" lon="131.9804791"/>
 <node id="10052130154" visible="true" version="1" changeset="126627786" timestamp="2022-09-25T19:35:50Z" user="AYAGE" uid="521665" lat="34.1053864" lon="131.9805461"/>
 <node id="10052130155" visible="true" version="1" changeset="126627786" timestamp="2022-09-25T19:35:50Z" user="AYAGE" uid="521665" lat="34.1053087" lon="131.9807526"/>
 <node id="10052130156" visible="true" version="1" changeset="126627786" timestamp="2022-09-25T19:35:50Z" user="AYAGE" uid="521665" lat="34.1051777" lon="131.9808465"/>
 <node id="10052130157" visible="true" version="1" changeset="126627786" timestamp="2022-09-25T19:35:50Z" user="AYAGE" uid="521665" lat="34.1050777" lon="131.9809806"/>
 <node id="10052130158" visible="true" version="1" changeset="126627786" timestamp="2022-09-25T19:35:50Z" user="AYAGE" uid="521665" lat="34.1049778" lon="131.9809806"/>
 <node id="10052130159" visible="true" version="1" changeset="126627786" timestamp="2022-09-25T19:35:50Z" user="AYAGE" uid="521665" lat="34.1048356" lon="131.9810504"/>
 <node id="10052130160" visible="true" version="1" changeset="126627786" timestamp="2022-09-25T19:35:50Z" user="AYAGE" uid="521665" lat="34.1046780" lon="131.9812354"/>
 <node id="10052130161" visible="true" version="1" changeset="126627786" timestamp="2022-09-25T19:35:50Z" user="AYAGE" uid="521665" lat="34.1045956" lon="131.9814356"/>
 <node id="10052130162" visible="true" version="1" changeset="126627786" timestamp="2022-09-25T19:35:50Z" user="AYAGE" uid="521665" lat="34.1047446" lon="131.9816110"/>
 <node id="10052130163" visible="true" version="1" changeset="126627786" timestamp="2022-09-25T19:35:50Z" user="AYAGE" uid="521665" lat="34.1047757" lon="131.9817290"/>
 <node id="10052130164" visible="true" version="1" changeset="126627786" timestamp="2022-09-25T19:35:50Z" user="AYAGE" uid="521665" lat="34.1047024" lon="131.9819301"/>
 <node id="10052130165" visible="true" version="1" changeset="126627786" timestamp="2022-09-25T19:35:50Z" user="AYAGE" uid="521665" lat="34.1046247" lon="131.9820267"/>
 <node id="10052130166" visible="true" version="1" changeset="126627786" timestamp="2022-09-25T19:35:50Z" user="AYAGE" uid="521665" lat="34.1043470" lon="131.9821072"/>
 <node id="10052130167" visible="true" version="1" changeset="126627786" timestamp="2022-09-25T19:35:50Z" user="AYAGE" uid="521665" lat="34.1042116" lon="131.9820535"/>
 <node id="10052130168" visible="true" version="1" changeset="126627786" timestamp="2022-09-25T19:35:50Z" user="AYAGE" uid="521665" lat="34.1041005" lon="131.9821179"/>
 <node id="10052130169" visible="true" version="1" changeset="126627786" timestamp="2022-09-25T19:35:50Z" user="AYAGE" uid="521665" lat="34.1039117" lon="131.9821581"/>
 <node id="10052130170" visible="true" version="1" changeset="126627786" timestamp="2022-09-25T19:35:50Z" user="AYAGE" uid="521665" lat="34.1035875" lon="131.9820777"/>
 <node id="10052130171" visible="true" version="1" changeset="126627786" timestamp="2022-09-25T19:35:50Z" user="AYAGE" uid="521665" lat="34.1032766" lon="131.9821206"/>
 <node id="10052130172" visible="true" version="1" changeset="126627786" timestamp="2022-09-25T19:35:50Z" user="AYAGE" uid="521665" lat="34.1030212" lon="131.9819865"/>
 <node id="10052130173" visible="true" version="1" changeset="126627786" timestamp="2022-09-25T19:35:50Z" user="AYAGE" uid="521665" lat="34.1029079" lon="131.9820830"/>
 <node id="10052130174" visible="true" version="1" changeset="126627786" timestamp="2022-09-25T19:35:50Z" user="AYAGE" uid="521665" lat="34.1027657" lon="131.9821984"/>
 <node id="10052130175" visible="true" version="1" changeset="126627786" timestamp="2022-09-25T19:35:50Z" user="AYAGE" uid="521665" lat="34.1025925" lon="131.9822708"/>
 <node id="10052130176" visible="true" version="1" changeset="126627786" timestamp="2022-09-25T19:35:50Z" user="AYAGE" uid="521665" lat="34.1026436" lon="131.9823620"/>
 <node id="10052130177" visible="true" version="1" changeset="126627786" timestamp="2022-09-25T19:35:50Z" user="AYAGE" uid="521665" lat="34.1028213" lon="131.9823915"/>
 <node id="10052130178" visible="true" version="1" changeset="126627786" timestamp="2022-09-25T19:35:50Z" user="AYAGE" uid="521665" lat="34.1029767" lon="131.9824934"/>
 <node id="10052130179" visible="true" version="1" changeset="126627786" timestamp="2022-09-25T19:35:50Z" user="AYAGE" uid="521665" lat="34.1031655" lon="131.9825792"/>
 <node id="10052130180" visible="true" version="1" changeset="126627786" timestamp="2022-09-25T19:35:50Z" user="AYAGE" uid="521665" lat="34.1032899" lon="131.9825470"/>
 <node id="10052130181" visible="true" version="1" changeset="126627786" timestamp="2022-09-25T19:35:50Z" user="AYAGE" uid="521665" lat="34.1034565" lon="131.9825551"/>
 <node id="10052130182" visible="true" version="1" changeset="126627786" timestamp="2022-09-25T19:35:50Z" user="AYAGE" uid="521665" lat="34.1036652" lon="131.9826919"/>
 <node id="10052130183" visible="true" version="1" changeset="126627786" timestamp="2022-09-25T19:35:50Z" user="AYAGE" uid="521665" lat="34.1038096" lon="131.9827536"/>
 <node id="10052130184" visible="true" version="1" changeset="126627786" timestamp="2022-09-25T19:35:50Z" user="AYAGE" uid="521665" lat="34.1040983" lon="131.9826972"/>
 <node id="10052130185" visible="true" version="1" changeset="126627786" timestamp="2022-09-25T19:35:50Z" user="AYAGE" uid="521665" lat="34.1041027" lon="131.9827643"/>
 <node id="10052130186" visible="true" version="1" changeset="126627786" timestamp="2022-09-25T19:35:50Z" user="AYAGE" uid="521665" lat="34.1039739" lon="131.9828823"/>
 <node id="10052130187" visible="true" version="1" changeset="126627786" timestamp="2022-09-25T19:35:50Z" user="AYAGE" uid="521665" lat="34.1039273" lon="131.9830137"/>
 <node id="10052130188" visible="true" version="1" changeset="126627786" timestamp="2022-09-25T19:35:50Z" user="AYAGE" uid="521665" lat="34.1039873" lon="131.9831586"/>
 <node id="10052130189" visible="true" version="1" changeset="126627786" timestamp="2022-09-25T19:35:50Z" user="AYAGE" uid="521665" lat="34.1039828" lon="131.9834992"/>
 <node id="10052130190" visible="true" version="1" changeset="126627786" timestamp="2022-09-25T19:35:50Z" user="AYAGE" uid="521665" lat="34.1040383" lon="131.9836012"/>
 <node id="10052130191" visible="true" version="1" changeset="126627786" timestamp="2022-09-25T19:35:50Z" user="AYAGE" uid="521665" lat="34.1042271" lon="131.9836387"/>
 <node id="10052130192" visible="true" version="1" changeset="126627786" timestamp="2022-09-25T19:35:50Z" user="AYAGE" uid="521665" lat="34.1043892" lon="131.9836280"/>
 <node id="10052130193" visible="true" version="1" changeset="126627786" timestamp="2022-09-25T19:35:50Z" user="AYAGE" uid="521665" lat="34.1045136" lon="131.9835556"/>
 <node id="10052130194" visible="true" version="1" changeset="126627786" timestamp="2022-09-25T19:35:50Z" user="AYAGE" uid="521665" lat="34.1045980" lon="131.9834536"/>
 <node id="10052130195" visible="true" version="1" changeset="126627786" timestamp="2022-09-25T19:35:50Z" user="AYAGE" uid="521665" lat="34.1046824" lon="131.9834992"/>
 <node id="10052130196" visible="true" version="1" changeset="126627786" timestamp="2022-09-25T19:35:50Z" user="AYAGE" uid="521665" lat="34.1048001" lon="131.9835797"/>
 <node id="10052130197" visible="true" version="1" changeset="126627786" timestamp="2022-09-25T19:35:50Z" user="AYAGE" uid="521665" lat="34.1048756" lon="131.9834241"/>
 <node id="10052130198" visible="true" version="1" changeset="126627786" timestamp="2022-09-25T19:35:50Z" user="AYAGE" uid="521665" lat="34.1047046" lon="131.9831318"/>
 <node id="10052130199" visible="true" version="1" changeset="126627786" timestamp="2022-09-25T19:35:50Z" user="AYAGE" uid="521665" lat="34.1045580" lon="131.9831264"/>
 <node id="10052130200" visible="true" version="1" changeset="126627786" timestamp="2022-09-25T19:35:50Z" user="AYAGE" uid="521665" lat="34.1045158" lon="131.9832176"/>
 <node id="10052130201" visible="true" version="1" changeset="126627786" timestamp="2022-09-25T19:35:50Z" user="AYAGE" uid="521665" lat="34.1044381" lon="131.9831961"/>
 <node id="10052130202" visible="true" version="1" changeset="126627786" timestamp="2022-09-25T19:35:50Z" user="AYAGE" uid="521665" lat="34.1044292" lon="131.9830137"/>
 <node id="10052130203" visible="true" version="1" changeset="126627786" timestamp="2022-09-25T19:35:50Z" user="AYAGE" uid="521665" lat="34.1045869" lon="131.9827938"/>
 <node id="10052130204" visible="true" version="1" changeset="126627786" timestamp="2022-09-25T19:35:50Z" user="AYAGE" uid="521665" lat="34.1047979" lon="131.9826034"/>
 <node id="10052130205" visible="true" version="1" changeset="126627786" timestamp="2022-09-25T19:35:50Z" user="AYAGE" uid="521665" lat="34.1049956" lon="131.9824371"/>
 <node id="10052130206" visible="true" version="1" changeset="126627786" timestamp="2022-09-25T19:35:50Z" user="AYAGE" uid="521665" lat="34.1051133" lon="131.9822440"/>
 <node id="10052130207" visible="true" version="1" changeset="126627786" timestamp="2022-09-25T19:35:50Z" user="AYAGE" uid="521665" lat="34.1051954" lon="131.9820240"/>
 <node id="10052130208" visible="true" version="1" changeset="126627786" timestamp="2022-09-25T19:35:50Z" user="AYAGE" uid="521665" lat="34.1053020" lon="131.9819221"/>
 <node id="10052130209" visible="true" version="1" changeset="126627786" timestamp="2022-09-25T19:35:50Z" user="AYAGE" uid="521665" lat="34.1054197" lon="131.9817451"/>
 <node id="10052130210" visible="true" version="1" changeset="126627786" timestamp="2022-09-25T19:35:50Z" user="AYAGE" uid="521665" lat="34.1054308" lon="131.9813642"/>
 <node id="10052130211" visible="true" version="1" changeset="126627786" timestamp="2022-09-25T19:35:50Z" user="AYAGE" uid="521665" lat="34.1053664" lon="131.9810611"/>
 <node id="10052130212" visible="true" version="1" changeset="126627786" timestamp="2022-09-25T19:35:50Z" user="AYAGE" uid="521665" lat="34.1054375" lon="131.9808868"/>
 <node id="10052130213" visible="true" version="1" changeset="126627786" timestamp="2022-09-25T19:35:50Z" user="AYAGE" uid="521665" lat="34.1055930" lon="131.9809350"/>
 <node id="10052130214" visible="true" version="1" changeset="126627786" timestamp="2022-09-25T19:35:50Z" user="AYAGE" uid="521665" lat="34.1056285" lon="131.9810986"/>
 <node id="10052130215" visible="true" version="1" changeset="126627786" timestamp="2022-09-25T19:35:50Z" user="AYAGE" uid="521665" lat="34.1055641" lon="131.9812891"/>
 <node id="10052130216" visible="true" version="1" changeset="126627786" timestamp="2022-09-25T19:35:50Z" user="AYAGE" uid="521665" lat="34.1055930" lon="131.9814929"/>
 <node id="10052130217" visible="true" version="1" changeset="126627786" timestamp="2022-09-25T19:35:50Z" user="AYAGE" uid="521665" lat="34.1057573" lon="131.9815680"/>
 <node id="10052130218" visible="true" version="1" changeset="126627786" timestamp="2022-09-25T19:35:50Z" user="AYAGE" uid="521665" lat="34.1058706" lon="131.9815707"/>
 <node id="10052130219" visible="true" version="1" changeset="126627786" timestamp="2022-09-25T19:35:50Z" user="AYAGE" uid="521665" lat="34.1060416" lon="131.9813508"/>
 <node id="10052130220" visible="true" version="1" changeset="126627786" timestamp="2022-09-25T19:35:50Z" user="AYAGE" uid="521665" lat="34.1060793" lon="131.9809055"/>
 <node id="10052130221" visible="true" version="1" changeset="126627786" timestamp="2022-09-25T19:35:50Z" user="AYAGE" uid="521665" lat="34.1062215" lon="131.9806427"/>
 <node id="10052130222" visible="true" version="1" changeset="126627786" timestamp="2022-09-25T19:35:50Z" user="AYAGE" uid="521665" lat="34.1064680" lon="131.9804254"/>
 <node id="10052130223" visible="true" version="1" changeset="126627786" timestamp="2022-09-25T19:35:50Z" user="AYAGE" uid="521665" lat="34.1065879" lon="131.9804496"/>
 <node id="10052130224" visible="true" version="1" changeset="126627786" timestamp="2022-09-25T19:35:50Z" user="AYAGE" uid="521665" lat="34.1065746" lon="131.9806132"/>
 <node id="10052130225" visible="true" version="1" changeset="126627786" timestamp="2022-09-25T19:35:50Z" user="AYAGE" uid="521665" lat="34.1066346" lon="131.9809377"/>
 <node id="10052130226" visible="true" version="1" changeset="126627786" timestamp="2022-09-25T19:35:50Z" user="AYAGE" uid="521665" lat="34.1067545" lon="131.9809967"/>
 <node id="10052130227" visible="true" version="1" changeset="126627786" timestamp="2022-09-25T19:35:50Z" user="AYAGE" uid="521665" lat="34.1069655" lon="131.9811147"/>
 <node id="10052130228" visible="true" version="1" changeset="126627786" timestamp="2022-09-25T19:35:50Z" user="AYAGE" uid="521665" lat="34.1071587" lon="131.9809484"/>
 <node id="10052130229" visible="true" version="1" changeset="126627786" timestamp="2022-09-25T19:35:50Z" user="AYAGE" uid="521665" lat="34.1072209" lon="131.9807795"/>
 <node id="10052130230" visible="true" version="1" changeset="126627786" timestamp="2022-09-25T19:35:50Z" user="AYAGE" uid="521665" lat="34.1071298" lon="131.9806024"/>
 <node id="10052130231" visible="true" version="1" changeset="126627786" timestamp="2022-09-25T19:35:50Z" user="AYAGE" uid="521665" lat="34.1068811" lon="131.9804308"/>
 <node id="10052130232" visible="true" version="1" changeset="126627786" timestamp="2022-09-25T19:35:50Z" user="AYAGE" uid="521665" lat="34.1067900" lon="131.9803020"/>
 <node id="10052130233" visible="true" version="1" changeset="126627786" timestamp="2022-09-25T19:35:50Z" user="AYAGE" uid="521665" lat="34.1067878" lon="131.9801626"/>
 <node id="10052130234" visible="true" version="1" changeset="126627786" timestamp="2022-09-25T19:35:50Z" user="AYAGE" uid="521665" lat="34.1066834" lon="131.9801035"/>
 <node id="10052130235" visible="true" version="1" changeset="126627786" timestamp="2022-09-25T19:35:50Z" user="AYAGE" uid="521665" lat="34.1067078" lon="131.9800580"/>
 <node id="10052130236" visible="true" version="1" changeset="126627786" timestamp="2022-09-25T19:35:50Z" user="AYAGE" uid="521665" lat="34.1070032" lon="131.9801062"/>
 <node id="10052130237" visible="true" version="1" changeset="126627786" timestamp="2022-09-25T19:35:50Z" user="AYAGE" uid="521665" lat="34.1072742" lon="131.9801438"/>
 <node id="10052130238" visible="true" version="1" changeset="126627786" timestamp="2022-09-25T19:35:50Z" user="AYAGE" uid="521665" lat="34.1075207" lon="131.9801116"/>
 <node id="10052130239" visible="true" version="1" changeset="126627786" timestamp="2022-09-25T19:35:50Z" user="AYAGE" uid="521665" lat="34.1076784" lon="131.9801062"/>
 <node id="10052130240" visible="true" version="1" changeset="126627786" timestamp="2022-09-25T19:35:50Z" user="AYAGE" uid="521665" lat="34.1079093" lon="131.9801277"/>
 <node id="10052130241" visible="true" version="1" changeset="126627786" timestamp="2022-09-25T19:35:50Z" user="AYAGE" uid="521665" lat="34.1080714" lon="131.9800043"/>
 <node id="10052130242" visible="true" version="1" changeset="126627786" timestamp="2022-09-25T19:35:50Z" user="AYAGE" uid="521665" lat="34.1082980" lon="131.9797468"/>
 <node id="10052130243" visible="true" version="1" changeset="126627786" timestamp="2022-09-25T19:35:50Z" user="AYAGE" uid="521665" lat="34.1084312" lon="131.9797388"/>
 <node id="10052130244" visible="true" version="1" changeset="126627786" timestamp="2022-09-25T19:35:50Z" user="AYAGE" uid="521665" lat="34.1086133" lon="131.9796905"/>
 <node id="10052130245" visible="true" version="1" changeset="126627786" timestamp="2022-09-25T19:35:50Z" user="AYAGE" uid="521665" lat="34.1087643" lon="131.9797549"/>
 <node id="10052130246" visible="true" version="1" changeset="126627786" timestamp="2022-09-25T19:35:50Z" user="AYAGE" uid="521665" lat="34.1087577" lon="131.9799346"/>
 <node id="10052130247" visible="true" version="1" changeset="126627786" timestamp="2022-09-25T19:35:50Z" user="AYAGE" uid="521665" lat="34.1088110" lon="131.9800284"/>
 <node id="10052130248" visible="true" version="1" changeset="126627786" timestamp="2022-09-25T19:35:50Z" user="AYAGE" uid="521665" lat="34.1088865" lon="131.9801626"/>
 <node id="10052130249" visible="true" version="1" changeset="126627786" timestamp="2022-09-25T19:35:50Z" user="AYAGE" uid="521665" lat="34.1088865" lon="131.9804174"/>
 <node id="10052130250" visible="true" version="1" changeset="126627786" timestamp="2022-09-25T19:35:50Z" user="AYAGE" uid="521665" lat="34.1088954" lon="131.9805998"/>
 <node id="10052130251" visible="true" version="1" changeset="126627786" timestamp="2022-09-25T19:35:50Z" user="AYAGE" uid="521665" lat="34.1088421" lon="131.9807634"/>
 <node id="10052130252" visible="true" version="1" changeset="126627786" timestamp="2022-09-25T19:35:50Z" user="AYAGE" uid="521665" lat="34.1089487" lon="131.9809458"/>
 <node id="10052130253" visible="true" version="1" changeset="126627786" timestamp="2022-09-25T19:35:50Z" user="AYAGE" uid="521665" lat="34.1090086" lon="131.9811684"/>
 <node id="10052130254" visible="true" version="1" changeset="126627786" timestamp="2022-09-25T19:35:50Z" user="AYAGE" uid="521665" lat="34.1089731" lon="131.9813266"/>
 <node id="10052130255" visible="true" version="1" changeset="126627786" timestamp="2022-09-25T19:35:50Z" user="AYAGE" uid="521665" lat="34.1090108" lon="131.9814983"/>
 <node id="10052130256" visible="true" version="1" changeset="126627786" timestamp="2022-09-25T19:35:50Z" user="AYAGE" uid="521665" lat="34.1088820" lon="131.9819167"/>
 <node id="10052130257" visible="true" version="1" changeset="126627786" timestamp="2022-09-25T19:35:50Z" user="AYAGE" uid="521665" lat="34.1087799" lon="131.9820321"/>
 <node id="10052130258" visible="true" version="1" changeset="126627786" timestamp="2022-09-25T19:35:50Z" user="AYAGE" uid="521665" lat="34.1085556" lon="131.9820374"/>
 <node id="10052130259" visible="true" version="1" changeset="126627786" timestamp="2022-09-25T19:35:50Z" user="AYAGE" uid="521665" lat="34.1083224" lon="131.9819489"/>
 <node id="10052130260" visible="true" version="1" changeset="126627786" timestamp="2022-09-25T19:35:50Z" user="AYAGE" uid="521665" lat="34.1081536" lon="131.9819650"/>
 <node id="10052130261" visible="true" version="1" changeset="126627786" timestamp="2022-09-25T19:35:50Z" user="AYAGE" uid="521665" lat="34.1081225" lon="131.9820696"/>
 <node id="10052130262" visible="true" version="1" changeset="126627786" timestamp="2022-09-25T19:35:50Z" user="AYAGE" uid="521665" lat="34.1080159" lon="131.9821098"/>
 <node id="10052130263" visible="true" version="1" changeset="126627786" timestamp="2022-09-25T19:35:50Z" user="AYAGE" uid="521665" lat="34.1079537" lon="131.9821072"/>
 <node id="10052130264" visible="true" version="1" changeset="126627786" timestamp="2022-09-25T19:35:50Z" user="AYAGE" uid="521665" lat="34.1078360" lon="131.9822332"/>
 <node id="10052130265" visible="true" version="1" changeset="126627786" timestamp="2022-09-25T19:35:50Z" user="AYAGE" uid="521665" lat="34.1076761" lon="131.9822681"/>
 <node id="10052130266" visible="true" version="1" changeset="126627786" timestamp="2022-09-25T19:35:50Z" user="AYAGE" uid="521665" lat="34.1075562" lon="131.9823807"/>
 <node id="10052130267" visible="true" version="1" changeset="126627786" timestamp="2022-09-25T19:35:50Z" user="AYAGE" uid="521665" lat="34.1075318" lon="131.9826007"/>
 <node id="10052130268" visible="true" version="1" changeset="126627786" timestamp="2022-09-25T19:35:50Z" user="AYAGE" uid="521665" lat="34.1075851" lon="131.9828206"/>
 <node id="10052130269" visible="true" version="1" changeset="126627786" timestamp="2022-09-25T19:35:50Z" user="AYAGE" uid="521665" lat="34.1076850" lon="131.9829681"/>
 <node id="10052130270" visible="true" version="1" changeset="126627786" timestamp="2022-09-25T19:35:50Z" user="AYAGE" uid="521665" lat="34.1078094" lon="131.9829467"/>
 <node id="10052130271" visible="true" version="1" changeset="126627786" timestamp="2022-09-25T19:35:50Z" user="AYAGE" uid="521665" lat="34.1079315" lon="131.9829306"/>
 <node id="10052130272" visible="true" version="1" changeset="126627786" timestamp="2022-09-25T19:35:50Z" user="AYAGE" uid="521665" lat="34.1081025" lon="131.9830433"/>
 <node id="10052130273" visible="true" version="1" changeset="126627786" timestamp="2022-09-25T19:35:50Z" user="AYAGE" uid="521665" lat="34.1082424" lon="131.9830137"/>
 <node id="10052130274" visible="true" version="1" changeset="126627786" timestamp="2022-09-25T19:35:50Z" user="AYAGE" uid="521665" lat="34.1083579" lon="131.9831747"/>
 <node id="10052130275" visible="true" version="1" changeset="126627786" timestamp="2022-09-25T19:35:50Z" user="AYAGE" uid="521665" lat="34.1087799" lon="131.9838935"/>
 <node id="10052130276" visible="true" version="1" changeset="126627786" timestamp="2022-09-25T19:35:50Z" user="AYAGE" uid="521665" lat="34.1088954" lon="131.9840169"/>
 <node id="10052130277" visible="true" version="1" changeset="126627786" timestamp="2022-09-25T19:35:50Z" user="AYAGE" uid="521665" lat="34.1090419" lon="131.9840223"/>
 <node id="10052130278" visible="true" version="1" changeset="126627786" timestamp="2022-09-25T19:35:50Z" user="AYAGE" uid="521665" lat="34.1091263" lon="131.9840866"/>
 <node id="10052130279" visible="true" version="1" changeset="126627786" timestamp="2022-09-25T19:35:50Z" user="AYAGE" uid="521665" lat="34.1093018" lon="131.9841751"/>
 <node id="10052130280" visible="true" version="1" changeset="126627786" timestamp="2022-09-25T19:35:50Z" user="AYAGE" uid="521665" lat="34.1094572" lon="131.9841349"/>
 <node id="10052130281" visible="true" version="1" changeset="126627786" timestamp="2022-09-25T19:35:50Z" user="AYAGE" uid="521665" lat="34.1097171" lon="131.9835690"/>
 <node id="10052130282" visible="true" version="1" changeset="126627786" timestamp="2022-09-25T19:35:50Z" user="AYAGE" uid="521665" lat="34.1096504" lon="131.9841215"/>
 <node id="10052782539" visible="true" version="1" changeset="126636220" timestamp="2022-09-26T05:09:28Z" user="AYAGE" uid="521665" lat="34.1086433" lon="131.9737521"/>
 <node id="10052782540" visible="true" version="1" changeset="126636220" timestamp="2022-09-26T05:09:28Z" user="AYAGE" uid="521665" lat="34.1087799" lon="131.9737025"/>
 <node id="10052782541" visible="true" version="1" changeset="126636220" timestamp="2022-09-26T05:09:28Z" user="AYAGE" uid="521665" lat="34.1090419" lon="131.9737266"/>
 <node id="10052782542" visible="true" version="1" changeset="126636220" timestamp="2022-09-26T05:09:28Z" user="AYAGE" uid="521665" lat="34.1091818" lon="131.9738379"/>
 <node id="10052782543" visible="true" version="1" changeset="126636220" timestamp="2022-09-26T05:09:28Z" user="AYAGE" uid="521665" lat="34.1091885" lon="131.9740351"/>
 <node id="10052782544" visible="true" version="1" changeset="126636220" timestamp="2022-09-26T05:09:28Z" user="AYAGE" uid="521665" lat="34.1092385" lon="131.9743422"/>
 <node id="10052782545" visible="true" version="1" changeset="126636220" timestamp="2022-09-26T05:09:28Z" user="AYAGE" uid="521665" lat="34.1093384" lon="131.9743972"/>
 <node id="10052782546" visible="true" version="1" changeset="126636220" timestamp="2022-09-26T05:09:28Z" user="AYAGE" uid="521665" lat="34.1094661" lon="131.9743583"/>
 <node id="10052782547" visible="true" version="1" changeset="126636220" timestamp="2022-09-26T05:09:28Z" user="AYAGE" uid="521665" lat="34.1095016" lon="131.9741531"/>
 <node id="10052782548" visible="true" version="1" changeset="126636220" timestamp="2022-09-26T05:09:28Z" user="AYAGE" uid="521665" lat="34.1095538" lon="131.9739439"/>
 <node id="10052782549" visible="true" version="1" changeset="126636220" timestamp="2022-09-26T05:09:28Z" user="AYAGE" uid="521665" lat="34.1097504" lon="131.9739492"/>
 <node id="10052782550" visible="true" version="1" changeset="126636220" timestamp="2022-09-26T05:09:28Z" user="AYAGE" uid="521665" lat="34.1097903" lon="131.9742456"/>
 <node id="10052782551" visible="true" version="1" changeset="126636220" timestamp="2022-09-26T05:09:28Z" user="AYAGE" uid="521665" lat="34.1097559" lon="131.9745554"/>
 <node id="10052782552" visible="true" version="1" changeset="126636220" timestamp="2022-09-26T05:09:28Z" user="AYAGE" uid="521665" lat="34.1098037" lon="131.9746144"/>
 <node id="10052782553" visible="true" version="1" changeset="126636220" timestamp="2022-09-26T05:09:28Z" user="AYAGE" uid="521665" lat="34.1099325" lon="131.9746345"/>
 <node id="10052782554" visible="true" version="1" changeset="126636220" timestamp="2022-09-26T05:09:28Z" user="AYAGE" uid="521665" lat="34.1099924" lon="131.9745286"/>
 <node id="10052782555" visible="true" version="1" changeset="126636220" timestamp="2022-09-26T05:09:28Z" user="AYAGE" uid="521665" lat="34.1099913" lon="131.9741651"/>
 <node id="10052782556" visible="true" version="1" changeset="126636220" timestamp="2022-09-26T05:09:28Z" user="AYAGE" uid="521665" lat="34.1100646" lon="131.9738929"/>
 <node id="10052782557" visible="true" version="1" changeset="126636220" timestamp="2022-09-26T05:09:28Z" user="AYAGE" uid="521665" lat="34.1102756" lon="131.9737226"/>
 <node id="10052782558" visible="true" version="1" changeset="126636220" timestamp="2022-09-26T05:09:28Z" user="AYAGE" uid="521665" lat="34.1104821" lon="131.9737199"/>
 <node id="10052782559" visible="true" version="1" changeset="126636220" timestamp="2022-09-26T05:09:28Z" user="AYAGE" uid="521665" lat="34.1105576" lon="131.9737802"/>
 <node id="10052782560" visible="true" version="1" changeset="126636220" timestamp="2022-09-26T05:09:28Z" user="AYAGE" uid="521665" lat="34.1105743" lon="131.9739962"/>
 <node id="10052782561" visible="true" version="1" changeset="126636220" timestamp="2022-09-26T05:09:28Z" user="AYAGE" uid="521665" lat="34.1105931" lon="131.9740632"/>
 <node id="10052782562" visible="true" version="1" changeset="126636220" timestamp="2022-09-26T05:09:28Z" user="AYAGE" uid="521665" lat="34.1106864" lon="131.9740565"/>
 <node id="10052782563" visible="true" version="1" changeset="126636220" timestamp="2022-09-26T05:09:28Z" user="AYAGE" uid="521665" lat="34.1108630" lon="131.9738916"/>
 <node id="10052782564" visible="true" version="1" changeset="126636220" timestamp="2022-09-26T05:09:28Z" user="AYAGE" uid="521665" lat="34.1109662" lon="131.9737534"/>
 <node id="10052782565" visible="true" version="1" changeset="126636220" timestamp="2022-09-26T05:09:28Z" user="AYAGE" uid="521665" lat="34.1110184" lon="131.9736139"/>
 <node id="10052782566" visible="true" version="1" changeset="126636220" timestamp="2022-09-26T05:09:28Z" user="AYAGE" uid="521665" lat="34.1109263" lon="131.9734718"/>
 <node id="10052782567" visible="true" version="1" changeset="126636220" timestamp="2022-09-26T05:09:28Z" user="AYAGE" uid="521665" lat="34.1109496" lon="131.9733457"/>
 <node id="10052782568" visible="true" version="1" changeset="126636220" timestamp="2022-09-26T05:09:28Z" user="AYAGE" uid="521665" lat="34.1110917" lon="131.9732250"/>
 <node id="10052782569" visible="true" version="1" changeset="126636220" timestamp="2022-09-26T05:09:28Z" user="AYAGE" uid="521665" lat="34.1113304" lon="131.9730118"/>
 <node id="10052782570" visible="true" version="1" changeset="126636220" timestamp="2022-09-26T05:09:28Z" user="AYAGE" uid="521665" lat="34.1115547" lon="131.9726859"/>
 <node id="10052782571" visible="true" version="1" changeset="126636220" timestamp="2022-09-26T05:09:28Z" user="AYAGE" uid="521665" lat="34.1118345" lon="131.9724043"/>
 <node id="10052782572" visible="true" version="1" changeset="126636220" timestamp="2022-09-26T05:09:28Z" user="AYAGE" uid="521665" lat="34.1119756" lon="131.9723614"/>
 <node id="10052782573" visible="true" version="1" changeset="126636220" timestamp="2022-09-26T05:09:28Z" user="AYAGE" uid="521665" lat="34.1120599" lon="131.9725183"/>
 <node id="10052782574" visible="true" version="1" changeset="126636220" timestamp="2022-09-26T05:09:28Z" user="AYAGE" uid="521665" lat="34.1121876" lon="131.9725505"/>
 <node id="10052782575" visible="true" version="1" changeset="126636220" timestamp="2022-09-26T05:09:28Z" user="AYAGE" uid="521665" lat="34.1123064" lon="131.9724686"/>
 <node id="10052782576" visible="true" version="1" changeset="126636220" timestamp="2022-09-26T05:09:28Z" user="AYAGE" uid="521665" lat="34.1123442" lon="131.9721186"/>
 <node id="10052782577" visible="true" version="1" changeset="126636220" timestamp="2022-09-26T05:09:28Z" user="AYAGE" uid="521665" lat="34.1124219" lon="131.9719630"/>
 <node id="10052782578" visible="true" version="1" changeset="126636220" timestamp="2022-09-26T05:09:28Z" user="AYAGE" uid="521665" lat="34.1126318" lon="131.9718745"/>
 <node id="10052782579" visible="true" version="1" changeset="126636220" timestamp="2022-09-26T05:09:28Z" user="AYAGE" uid="521665" lat="34.1129516" lon="131.9717538"/>
 <node id="10052782580" visible="true" version="1" changeset="126636220" timestamp="2022-09-26T05:09:28Z" user="AYAGE" uid="521665" lat="34.1132680" lon="131.9717216"/>
 <node id="10052782581" visible="true" version="1" changeset="126636220" timestamp="2022-09-26T05:09:28Z" user="AYAGE" uid="521665" lat="34.1135267" lon="131.9718088"/>
 <node id="10052782582" visible="true" version="1" changeset="126636220" timestamp="2022-09-26T05:09:28Z" user="AYAGE" uid="521665" lat="34.1136289" lon="131.9719617"/>
 <node id="10052782583" visible="true" version="1" changeset="126636220" timestamp="2022-09-26T05:09:28Z" user="AYAGE" uid="521665" lat="34.1136544" lon="131.9721226"/>
 <node id="10052782584" visible="true" version="1" changeset="126636220" timestamp="2022-09-26T05:09:28Z" user="AYAGE" uid="521665" lat="34.1137543" lon="131.9722715"/>
 <node id="10052782585" visible="true" version="1" changeset="126636220" timestamp="2022-09-26T05:09:28Z" user="AYAGE" uid="521665" lat="34.1138021" lon="131.9724110"/>
 <node id="10052782586" visible="true" version="1" changeset="126636220" timestamp="2022-09-26T05:09:28Z" user="AYAGE" uid="521665" lat="34.1138765" lon="131.9725370"/>
 <node id="10052782587" visible="true" version="1" changeset="126636220" timestamp="2022-09-26T05:09:28Z" user="AYAGE" uid="521665" lat="34.1139919" lon="131.9726054"/>
 <node id="10052782588" visible="true" version="1" changeset="126636220" timestamp="2022-09-26T05:09:28Z" user="AYAGE" uid="521665" lat="34.1140719" lon="131.9725478"/>
 <node id="10052782589" visible="true" version="1" changeset="126636220" timestamp="2022-09-26T05:09:28Z" user="AYAGE" uid="521665" lat="34.1141596" lon="131.9722742"/>
 <node id="10052782590" visible="true" version="1" changeset="126636220" timestamp="2022-09-26T05:09:28Z" user="AYAGE" uid="521665" lat="34.1141285" lon="131.9720972"/>
 <node id="10052782591" visible="true" version="1" changeset="126636220" timestamp="2022-09-26T05:09:28Z" user="AYAGE" uid="521665" lat="34.1140164" lon="131.9719630"/>
 <node id="10052782592" visible="true" version="1" changeset="126636220" timestamp="2022-09-26T05:09:28Z" user="AYAGE" uid="521665" lat="34.1139375" lon="131.9718638"/>
 <node id="10052782593" visible="true" version="1" changeset="126636220" timestamp="2022-09-26T05:09:28Z" user="AYAGE" uid="521665" lat="34.1139464" lon="131.9716077"/>
 <node id="10052782594" visible="true" version="1" changeset="126636220" timestamp="2022-09-26T05:09:28Z" user="AYAGE" uid="521665" lat="34.1138554" lon="131.9714387"/>
 <node id="10052782595" visible="true" version="1" changeset="126636220" timestamp="2022-09-26T05:09:28Z" user="AYAGE" uid="521665" lat="34.1137810" lon="131.9713394"/>
 <node id="10052782596" visible="true" version="1" changeset="126636220" timestamp="2022-09-26T05:09:28Z" user="AYAGE" uid="521665" lat="34.1138165" lon="131.9712268"/>
 <node id="10052782597" visible="true" version="1" changeset="126636220" timestamp="2022-09-26T05:09:28Z" user="AYAGE" uid="521665" lat="34.1138509" lon="131.9710618"/>
 <node id="10052782598" visible="true" version="1" changeset="126636220" timestamp="2022-09-26T05:09:28Z" user="AYAGE" uid="521665" lat="34.1138942" lon="131.9708888"/>
 <node id="10052782599" visible="true" version="1" changeset="126636220" timestamp="2022-09-26T05:09:28Z" user="AYAGE" uid="521665" lat="34.1139464" lon="131.9706126"/>
 <node id="10052782600" visible="true" version="1" changeset="126636220" timestamp="2022-09-26T05:09:28Z" user="AYAGE" uid="521665" lat="34.1140586" lon="131.9704851"/>
 <node id="10052782601" visible="true" version="1" changeset="126636220" timestamp="2022-09-26T05:09:28Z" user="AYAGE" uid="521665" lat="34.1141751" lon="131.9704476"/>
 <node id="10052782602" visible="true" version="1" changeset="126636220" timestamp="2022-09-26T05:09:28Z" user="AYAGE" uid="521665" lat="34.1143861" lon="131.9703443"/>
 <node id="10052782603" visible="true" version="1" changeset="126636220" timestamp="2022-09-26T05:09:28Z" user="AYAGE" uid="521665" lat="34.1146148" lon="131.9701874"/>
 <node id="10052782604" visible="true" version="1" changeset="126636220" timestamp="2022-09-26T05:09:28Z" user="AYAGE" uid="521665" lat="34.1148813" lon="131.9700976"/>
 <node id="10052782605" visible="true" version="1" changeset="126636220" timestamp="2022-09-26T05:09:28Z" user="AYAGE" uid="521665" lat="34.1153099" lon="131.9699621"/>
 <node id="10052782606" visible="true" version="1" changeset="126636220" timestamp="2022-09-26T05:09:28Z" user="AYAGE" uid="521665" lat="34.1154254" lon="131.9699313"/>
 <node id="10052782607" visible="true" version="1" changeset="126636220" timestamp="2022-09-26T05:09:28Z" user="AYAGE" uid="521665" lat="34.1155486" lon="131.9700989"/>
 <node id="10052782608" visible="true" version="1" changeset="126636220" timestamp="2022-09-26T05:09:28Z" user="AYAGE" uid="521665" lat="34.1158506" lon="131.9705790"/>
 <node id="10052782609" visible="true" version="1" changeset="126636220" timestamp="2022-09-26T05:09:28Z" user="AYAGE" uid="521665" lat="34.1159905" lon="131.9710538"/>
 <node id="10052782610" visible="true" version="1" changeset="126636220" timestamp="2022-09-26T05:09:28Z" user="AYAGE" uid="521665" lat="34.1159927" lon="131.9714347"/>
 <node id="10052782611" visible="true" version="1" changeset="126636220" timestamp="2022-09-26T05:09:28Z" user="AYAGE" uid="521665" lat="34.1158928" lon="131.9715983"/>
 <node id="10052782612" visible="true" version="1" changeset="126636220" timestamp="2022-09-26T05:09:28Z" user="AYAGE" uid="521665" lat="34.1156930" lon="131.9717485"/>
 <node id="10052782613" visible="true" version="1" changeset="126636220" timestamp="2022-09-26T05:09:28Z" user="AYAGE" uid="521665" lat="34.1154143" lon="131.9718826"/>
 <node id="10052782614" visible="true" version="1" changeset="126636220" timestamp="2022-09-26T05:09:28Z" user="AYAGE" uid="521665" lat="34.1153121" lon="131.9719362"/>
 <node id="10052782615" visible="true" version="1" changeset="126636220" timestamp="2022-09-26T05:09:28Z" user="AYAGE" uid="521665" lat="34.1152877" lon="131.9720408"/>
 <node id="10052782616" visible="true" version="1" changeset="126636220" timestamp="2022-09-26T05:09:28Z" user="AYAGE" uid="521665" lat="34.1153643" lon="131.9721910"/>
 <node id="10052800117" visible="true" version="1" changeset="126636220" timestamp="2022-09-26T05:09:28Z" user="AYAGE" uid="521665" lat="34.1155009" lon="131.9723426"/>
 <node id="10052800118" visible="true" version="1" changeset="126636220" timestamp="2022-09-26T05:09:28Z" user="AYAGE" uid="521665" lat="34.1155408" lon="131.9725344"/>
 <node id="10052800119" visible="true" version="1" changeset="126636220" timestamp="2022-09-26T05:09:28Z" user="AYAGE" uid="521665" lat="34.1154909" lon="131.9727074"/>
 <node id="10052800120" visible="true" version="1" changeset="126636220" timestamp="2022-09-26T05:09:28Z" user="AYAGE" uid="521665" lat="34.1152422" lon="131.9729125"/>
 <node id="10052800121" visible="true" version="1" changeset="126636220" timestamp="2022-09-26T05:09:28Z" user="AYAGE" uid="521665" lat="34.1149768" lon="131.9729380"/>
 <node id="10052800122" visible="true" version="1" changeset="126636220" timestamp="2022-09-26T05:09:28Z" user="AYAGE" uid="521665" lat="34.1148325" lon="131.9728442"/>
 <node id="10052800123" visible="true" version="1" changeset="126636220" timestamp="2022-09-26T05:09:28Z" user="AYAGE" uid="521665" lat="34.1147125" lon="131.9729152"/>
 <node id="10052800124" visible="true" version="1" changeset="126636220" timestamp="2022-09-26T05:09:28Z" user="AYAGE" uid="521665" lat="34.1147236" lon="131.9730829"/>
 <node id="10052800125" visible="true" version="1" changeset="126636220" timestamp="2022-09-26T05:09:28Z" user="AYAGE" uid="521665" lat="34.1146237" lon="131.9731593"/>
 <node id="10052800141" visible="true" version="1" changeset="126636220" timestamp="2022-09-26T05:09:28Z" user="AYAGE" uid="521665" lat="34.1118034" lon="131.9715500"/>
 <node id="10052800142" visible="true" version="1" changeset="126636220" timestamp="2022-09-26T05:09:28Z" user="AYAGE" uid="521665" lat="34.1118223" lon="131.9717833"/>
 <node id="10052800143" visible="true" version="1" changeset="126636220" timestamp="2022-09-26T05:09:28Z" user="AYAGE" uid="521665" lat="34.1117812" lon="131.9721790"/>
 <node id="10052800144" visible="true" version="1" changeset="126636220" timestamp="2022-09-26T05:09:28Z" user="AYAGE" uid="521665" lat="34.1116680" lon="131.9723627"/>
 <node id="10052800145" visible="true" version="1" changeset="126636220" timestamp="2022-09-26T05:09:28Z" user="AYAGE" uid="521665" lat="34.1115614" lon="131.9724096"/>
 <node id="10052800146" visible="true" version="1" changeset="126636220" timestamp="2022-09-26T05:09:28Z" user="AYAGE" uid="521665" lat="34.1114226" lon="131.9724740"/>
 <node id="10052800147" visible="true" version="1" changeset="126636220" timestamp="2022-09-26T05:09:28Z" user="AYAGE" uid="521665" lat="34.1112161" lon="131.9727905"/>
 <node id="10052800148" visible="true" version="1" changeset="126636220" timestamp="2022-09-26T05:09:28Z" user="AYAGE" uid="521665" lat="34.1111039" lon="131.9728482"/>
 <node id="10052800149" visible="true" version="1" changeset="126636220" timestamp="2022-09-26T05:09:28Z" user="AYAGE" uid="521665" lat="34.1109840" lon="131.9728897"/>
 <node id="10052800150" visible="true" version="1" changeset="126636220" timestamp="2022-09-26T05:09:28Z" user="AYAGE" uid="521665" lat="34.1107863" lon="131.9730976"/>
 <node id="10052800151" visible="true" version="1" changeset="126636220" timestamp="2022-09-26T05:09:28Z" user="AYAGE" uid="521665" lat="34.1106154" lon="131.9731969"/>
 <node id="10052800152" visible="true" version="1" changeset="126636220" timestamp="2022-09-26T05:09:28Z" user="AYAGE" uid="521665" lat="34.1101812" lon="131.9732076"/>
 <node id="10052800153" visible="true" version="1" changeset="126636220" timestamp="2022-09-26T05:09:28Z" user="AYAGE" uid="521665" lat="34.1100479" lon="131.9731607"/>
 <node id="10052800154" visible="true" version="1" changeset="126636220" timestamp="2022-09-26T05:09:28Z" user="AYAGE" uid="521665" lat="34.1099414" lon="131.9728670"/>
 <node id="10052800155" visible="true" version="1" changeset="126636220" timestamp="2022-09-26T05:09:28Z" user="AYAGE" uid="521665" lat="34.1098581" lon="131.9728710"/>
 <node id="10052800156" visible="true" version="1" changeset="126636220" timestamp="2022-09-26T05:09:28Z" user="AYAGE" uid="521665" lat="34.1097604" lon="131.9731821"/>
 <node id="10052800157" visible="true" version="1" changeset="126636220" timestamp="2022-09-26T05:09:28Z" user="AYAGE" uid="521665" lat="34.1097059" lon="131.9733202"/>
 <node id="10052800158" visible="true" version="1" changeset="126636220" timestamp="2022-09-26T05:09:28Z" user="AYAGE" uid="521665" lat="34.1095749" lon="131.9733202"/>
 <node id="10052800159" visible="true" version="1" changeset="126636220" timestamp="2022-09-26T05:09:28Z" user="AYAGE" uid="521665" lat="34.1094350" lon="131.9733927"/>
 <node id="10052800160" visible="true" version="1" changeset="126636220" timestamp="2022-09-26T05:09:28Z" user="AYAGE" uid="521665" lat="34.1092829" lon="131.9733028"/>
 <node id="10052800161" visible="true" version="1" changeset="126636220" timestamp="2022-09-26T05:09:28Z" user="AYAGE" uid="521665" lat="34.1090086" lon="131.9733202"/>
 <node id="10052800162" visible="true" version="1" changeset="126636220" timestamp="2022-09-26T05:09:28Z" user="AYAGE" uid="521665" lat="34.1089453" lon="131.9732089"/>
 <node id="10052800163" visible="true" version="1" changeset="126636220" timestamp="2022-09-26T05:09:28Z" user="AYAGE" uid="521665" lat="34.1089831" lon="131.9730091"/>
 <node id="10052800164" visible="true" version="1" changeset="126636220" timestamp="2022-09-26T05:09:28Z" user="AYAGE" uid="521665" lat="34.1089897" lon="131.9726859"/>
 <node id="10052800165" visible="true" version="1" changeset="126636220" timestamp="2022-09-26T05:09:28Z" user="AYAGE" uid="521665" lat="34.1088865" lon="131.9726014"/>
 <node id="10052800166" visible="true" version="1" changeset="126636220" timestamp="2022-09-26T05:09:28Z" user="AYAGE" uid="521665" lat="34.1088243" lon="131.9726510"/>
 <node id="10052800167" visible="true" version="1" changeset="126636220" timestamp="2022-09-26T05:09:28Z" user="AYAGE" uid="521665" lat="34.1087688" lon="131.9730346"/>
 <node id="10052800168" visible="true" version="1" changeset="126636220" timestamp="2022-09-26T05:09:28Z" user="AYAGE" uid="521665" lat="34.1087155" lon="131.9732626"/>
 <node id="10052800169" visible="true" version="1" changeset="126636220" timestamp="2022-09-26T05:09:28Z" user="AYAGE" uid="521665" lat="34.1086122" lon="131.9733940"/>
 <node id="10052800170" visible="true" version="1" changeset="126636220" timestamp="2022-09-26T05:09:28Z" user="AYAGE" uid="521665" lat="34.1083590" lon="131.9735563"/>
 <node id="10052800171" visible="true" version="1" changeset="126636220" timestamp="2022-09-26T05:09:28Z" user="AYAGE" uid="521665" lat="34.1082813" lon="131.9735107"/>
 <node id="10052800172" visible="true" version="1" changeset="126636220" timestamp="2022-09-26T05:09:28Z" user="AYAGE" uid="521665" lat="34.1081281" lon="131.9733176"/>
 <node id="10052800173" visible="true" version="1" changeset="126636220" timestamp="2022-09-26T05:09:28Z" user="AYAGE" uid="521665" lat="34.1079959" lon="131.9732653"/>
 <node id="10052800174" visible="true" version="1" changeset="126636220" timestamp="2022-09-26T05:09:28Z" user="AYAGE" uid="521665" lat="34.1079160" lon="131.9735402"/>
 <node id="10052800175" visible="true" version="1" changeset="126636220" timestamp="2022-09-26T05:09:28Z" user="AYAGE" uid="521665" lat="34.1080392" lon="131.9736046"/>
 <node id="10052800176" visible="true" version="1" changeset="126636220" timestamp="2022-09-26T05:09:28Z" user="AYAGE" uid="521665" lat="34.1080726" lon="131.9736609"/>
 <node id="10052800177" visible="true" version="1" changeset="126636220" timestamp="2022-09-26T05:09:28Z" user="AYAGE" uid="521665" lat="34.1080259" lon="131.9737373"/>
 <node id="10052800178" visible="true" version="1" changeset="126636220" timestamp="2022-09-26T05:09:28Z" user="AYAGE" uid="521665" lat="34.1078571" lon="131.9738084"/>
 <node id="10052800179" visible="true" version="1" changeset="126636220" timestamp="2022-09-26T05:09:28Z" user="AYAGE" uid="521665" lat="34.1076828" lon="131.9739814"/>
 <node id="10052800180" visible="true" version="1" changeset="126636220" timestamp="2022-09-26T05:09:28Z" user="AYAGE" uid="521665" lat="34.1075540" lon="131.9739948"/>
 <node id="10052800181" visible="true" version="1" changeset="126636220" timestamp="2022-09-26T05:09:28Z" user="AYAGE" uid="521665" lat="34.1074607" lon="131.9740646"/>
 <node id="10052800182" visible="true" version="1" changeset="126636220" timestamp="2022-09-26T05:09:28Z" user="AYAGE" uid="521665" lat="34.1072908" lon="131.9739076"/>
 <node id="10052800183" visible="true" version="1" changeset="126636220" timestamp="2022-09-26T05:09:28Z" user="AYAGE" uid="521665" lat="34.1072309" lon="131.9737078"/>
 <node id="10052800184" visible="true" version="1" changeset="126636220" timestamp="2022-09-26T05:09:28Z" user="AYAGE" uid="521665" lat="34.1072808" lon="131.9735362"/>
 <node id="10052800185" visible="true" version="1" changeset="126636220" timestamp="2022-09-26T05:09:28Z" user="AYAGE" uid="521665" lat="34.1074441" lon="131.9733994"/>
 <node id="10052800186" visible="true" version="1" changeset="126636220" timestamp="2022-09-26T05:09:28Z" user="AYAGE" uid="521665" lat="34.1074907" lon="131.9732036"/>
 <node id="10052800187" visible="true" version="1" changeset="126636220" timestamp="2022-09-26T05:09:28Z" user="AYAGE" uid="521665" lat="34.1072475" lon="131.9730198"/>
 <node id="10052800188" visible="true" version="1" changeset="126636220" timestamp="2022-09-26T05:09:28Z" user="AYAGE" uid="521665" lat="34.1071742" lon="131.9728495"/>
 <node id="10052800189" visible="true" version="1" changeset="126636220" timestamp="2022-09-26T05:09:28Z" user="AYAGE" uid="521665" lat="34.1071742" lon="131.9725075"/>
 <node id="10052800190" visible="true" version="1" changeset="126636220" timestamp="2022-09-26T05:09:28Z" user="AYAGE" uid="521665" lat="34.1072120" lon="131.9722688"/>
 <node id="10052800191" visible="true" version="1" changeset="126636220" timestamp="2022-09-26T05:09:28Z" user="AYAGE" uid="521665" lat="34.1071509" lon="131.9721012"/>
 <node id="10052800192" visible="true" version="1" changeset="126636220" timestamp="2022-09-26T05:09:28Z" user="AYAGE" uid="521665" lat="34.1071132" lon="131.9718960"/>
 <node id="10052800193" visible="true" version="1" changeset="126636220" timestamp="2022-09-26T05:09:28Z" user="AYAGE" uid="521665" lat="34.1071309" lon="131.9716533"/>
 <node id="10052800194" visible="true" version="1" changeset="126636220" timestamp="2022-09-26T05:09:28Z" user="AYAGE" uid="521665" lat="34.1070465" lon="131.9714239"/>
 <node id="10052800195" visible="true" version="1" changeset="126636220" timestamp="2022-09-26T05:09:28Z" user="AYAGE" uid="521665" lat="34.1069988" lon="131.9711316"/>
 <node id="10052800196" visible="true" version="1" changeset="126636220" timestamp="2022-09-26T05:09:28Z" user="AYAGE" uid="521665" lat="34.1069111" lon="131.9709291"/>
 <node id="10052800197" visible="true" version="1" changeset="126636220" timestamp="2022-09-26T05:09:28Z" user="AYAGE" uid="521665" lat="34.1069477" lon="131.9707815"/>
 <node id="10052800198" visible="true" version="1" changeset="126636220" timestamp="2022-09-26T05:09:28Z" user="AYAGE" uid="521665" lat="34.1070599" lon="131.9706380"/>
 <node id="10052800199" visible="true" version="1" changeset="126636220" timestamp="2022-09-26T05:09:28Z" user="AYAGE" uid="521665" lat="34.1070210" lon="131.9703859"/>
 <node id="10052800200" visible="true" version="1" changeset="126636220" timestamp="2022-09-26T05:09:28Z" user="AYAGE" uid="521665" lat="34.1068600" lon="131.9703229"/>
 <node id="10052800201" visible="true" version="1" changeset="126636220" timestamp="2022-09-26T05:09:28Z" user="AYAGE" uid="521665" lat="34.1068200" lon="131.9700037"/>
 <node id="10052800202" visible="true" version="1" changeset="126636220" timestamp="2022-09-26T05:09:28Z" user="AYAGE" uid="521665" lat="34.1068677" lon="131.9696724"/>
 <node id="10052800203" visible="true" version="1" changeset="126636220" timestamp="2022-09-26T05:09:28Z" user="AYAGE" uid="521665" lat="34.1069632" lon="131.9695209"/>
 <node id="10052800204" visible="true" version="1" changeset="126636220" timestamp="2022-09-26T05:09:28Z" user="AYAGE" uid="521665" lat="34.1070976" lon="131.9694646"/>
 <node id="10052800205" visible="true" version="1" changeset="126636220" timestamp="2022-09-26T05:09:28Z" user="AYAGE" uid="521665" lat="34.1072520" lon="131.9694512"/>
 <node id="10052800206" visible="true" version="1" changeset="126636220" timestamp="2022-09-26T05:09:28Z" user="AYAGE" uid="521665" lat="34.1074552" lon="131.9694780"/>
 <node id="10052800207" visible="true" version="1" changeset="126636220" timestamp="2022-09-26T05:09:28Z" user="AYAGE" uid="521665" lat="34.1075906" lon="131.9693667"/>
 <node id="10052800208" visible="true" version="1" changeset="126636220" timestamp="2022-09-26T05:09:28Z" user="AYAGE" uid="521665" lat="34.1076584" lon="131.9691977"/>
 <node id="10052800209" visible="true" version="1" changeset="126636220" timestamp="2022-09-26T05:09:28Z" user="AYAGE" uid="521665" lat="34.1075751" lon="131.9691373"/>
 <node id="10052800210" visible="true" version="1" changeset="126636220" timestamp="2022-09-26T05:09:28Z" user="AYAGE" uid="521665" lat="34.1074174" lon="131.9691320"/>
 <node id="10052800211" visible="true" version="1" changeset="126636220" timestamp="2022-09-26T05:09:28Z" user="AYAGE" uid="521665" lat="34.1072342" lon="131.9689724"/>
 <node id="10052800212" visible="true" version="1" changeset="126636220" timestamp="2022-09-26T05:09:28Z" user="AYAGE" uid="521665" lat="34.1072264" lon="131.9688101"/>
 <node id="10052800213" visible="true" version="1" changeset="126636220" timestamp="2022-09-26T05:09:28Z" user="AYAGE" uid="521665" lat="34.1072731" lon="131.9683743"/>
 <node id="10052800214" visible="true" version="1" changeset="126636220" timestamp="2022-09-26T05:09:28Z" user="AYAGE" uid="521665" lat="34.1072975" lon="131.9679625"/>
 <node id="10052800215" visible="true" version="1" changeset="126636220" timestamp="2022-09-26T05:09:28Z" user="AYAGE" uid="521665" lat="34.1072964" lon="131.9677842"/>
 <node id="10052800216" visible="true" version="1" changeset="126636220" timestamp="2022-09-26T05:09:28Z" user="AYAGE" uid="521665" lat="34.1073952" lon="131.9676340"/>
 <node id="10052800217" visible="true" version="1" changeset="126636220" timestamp="2022-09-26T05:09:28Z" user="AYAGE" uid="521665" lat="34.1072086" lon="131.9675682"/>
 <node id="10052800218" visible="true" version="1" changeset="126636220" timestamp="2022-09-26T05:09:28Z" user="AYAGE" uid="521665" lat="34.1071831" lon="131.9673590"/>
 <node id="10052800219" visible="true" version="1" changeset="126636220" timestamp="2022-09-26T05:09:28Z" user="AYAGE" uid="521665" lat="34.1072453" lon="131.9671391"/>
 <node id="10052800220" visible="true" version="1" changeset="126636220" timestamp="2022-09-26T05:09:28Z" user="AYAGE" uid="521665" lat="34.1073608" lon="131.9668950"/>
 <node id="10052800221" visible="true" version="1" changeset="126636220" timestamp="2022-09-26T05:09:28Z" user="AYAGE" uid="521665" lat="34.1072986" lon="131.9667314"/>
 <node id="10052800222" visible="true" version="1" changeset="126636220" timestamp="2022-09-26T05:09:28Z" user="AYAGE" uid="521665" lat="34.1073441" lon="131.9665048"/>
 <node id="10052800223" visible="true" version="1" changeset="126636220" timestamp="2022-09-26T05:09:28Z" user="AYAGE" uid="521665" lat="34.1072220" lon="131.9664471"/>
 <node id="10052800224" visible="true" version="1" changeset="126636220" timestamp="2022-09-26T05:09:28Z" user="AYAGE" uid="521665" lat="34.1071354" lon="131.9665302"/>
 <node id="10052800225" visible="true" version="1" changeset="126636220" timestamp="2022-09-26T05:09:28Z" user="AYAGE" uid="521665" lat="34.1070288" lon="131.9667408"/>
 <node id="10052800226" visible="true" version="1" changeset="126636220" timestamp="2022-09-26T05:09:28Z" user="AYAGE" uid="521665" lat="34.1068433" lon="131.9668119"/>
 <node id="10052800227" visible="true" version="1" changeset="126636220" timestamp="2022-09-26T05:09:28Z" user="AYAGE" uid="521665" lat="34.1066979" lon="131.9667569"/>
 <node id="10052800228" visible="true" version="1" changeset="126636220" timestamp="2022-09-26T05:09:28Z" user="AYAGE" uid="521665" lat="34.1066001" lon="131.9665879"/>
 <node id="10052800229" visible="true" version="1" changeset="126636220" timestamp="2022-09-26T05:09:28Z" user="AYAGE" uid="521665" lat="34.1065180" lon="131.9662043"/>
 <node id="10052800230" visible="true" version="1" changeset="126636220" timestamp="2022-09-26T05:09:28Z" user="AYAGE" uid="521665" lat="34.1065157" lon="131.9660434"/>
 <node id="10052800231" visible="true" version="1" changeset="126636220" timestamp="2022-09-26T05:09:28Z" user="AYAGE" uid="521665" lat="34.1065990" lon="131.9659482"/>
 <node id="10052800232" visible="true" version="1" changeset="126636220" timestamp="2022-09-26T05:09:28Z" user="AYAGE" uid="521665" lat="34.1067756" lon="131.9659039"/>
 <node id="10052800233" visible="true" version="1" changeset="126636220" timestamp="2022-09-26T05:09:28Z" user="AYAGE" uid="521665" lat="34.1069122" lon="131.9657819"/>
 <node id="10052800234" visible="true" version="1" changeset="126636220" timestamp="2022-09-26T05:09:28Z" user="AYAGE" uid="521665" lat="34.1069999" lon="131.9656169"/>
 <node id="10052800235" visible="true" version="1" changeset="126636220" timestamp="2022-09-26T05:09:28Z" user="AYAGE" uid="521665" lat="34.1072619" lon="131.9652776"/>
 <node id="10052800236" visible="true" version="1" changeset="126636220" timestamp="2022-09-26T05:09:28Z" user="AYAGE" uid="521665" lat="34.1073574" lon="131.9649947"/>
 <node id="10052800237" visible="true" version="1" changeset="126636220" timestamp="2022-09-26T05:09:28Z" user="AYAGE" uid="521665" lat="34.1073175" lon="131.9647264"/>
 <node id="10052800238" visible="true" version="1" changeset="126636220" timestamp="2022-09-26T05:09:28Z" user="AYAGE" uid="521665" lat="34.1072142" lon="131.9646661"/>
 <node id="10052800239" visible="true" version="1" changeset="126636220" timestamp="2022-09-26T05:09:28Z" user="AYAGE" uid="521665" lat="34.1071898" lon="131.9645870"/>
 <node id="10052800240" visible="true" version="1" changeset="126636220" timestamp="2022-09-26T05:09:28Z" user="AYAGE" uid="521665" lat="34.1073619" lon="131.9641846"/>
 <node id="10052800241" visible="true" version="1" changeset="126636220" timestamp="2022-09-26T05:09:28Z" user="AYAGE" uid="521665" lat="34.1075795" lon="131.9635409"/>
 <node id="10052800242" visible="true" version="1" changeset="126636220" timestamp="2022-09-26T05:09:28Z" user="AYAGE" uid="521665" lat="34.1077183" lon="131.9629790"/>
 <node id="10052800243" visible="true" version="1" changeset="126636220" timestamp="2022-09-26T05:09:28Z" user="AYAGE" uid="521665" lat="34.1076028" lon="131.9628596"/>
 <node id="10052800244" visible="true" version="1" changeset="126636220" timestamp="2022-09-26T05:09:28Z" user="AYAGE" uid="521665" lat="34.1074940" lon="131.9628958"/>
 <node id="10052800245" visible="true" version="1" changeset="126636220" timestamp="2022-09-26T05:09:28Z" user="AYAGE" uid="521665" lat="34.1073841" lon="131.9630474"/>
 <node id="10052800246" visible="true" version="1" changeset="126636220" timestamp="2022-09-26T05:09:28Z" user="AYAGE" uid="521665" lat="34.1072797" lon="131.9633786"/>
 <node id="10052800247" visible="true" version="1" changeset="126636220" timestamp="2022-09-26T05:09:28Z" user="AYAGE" uid="521665" lat="34.1072009" lon="131.9635154"/>
 <node id="10052800248" visible="true" version="1" changeset="126636220" timestamp="2022-09-26T05:09:28Z" user="AYAGE" uid="521665" lat="34.1069988" lon="131.9637381"/>
 <node id="10052800249" visible="true" version="1" changeset="126636220" timestamp="2022-09-26T05:09:28Z" user="AYAGE" uid="521665" lat="34.1069344" lon="131.9639406"/>
 <node id="10052800250" visible="true" version="1" changeset="126636220" timestamp="2022-09-26T05:09:28Z" user="AYAGE" uid="521665" lat="34.1069166" lon="131.9640760"/>
 <node id="10052800251" visible="true" version="1" changeset="126636220" timestamp="2022-09-26T05:09:28Z" user="AYAGE" uid="521665" lat="34.1068755" lon="131.9640774"/>
 <node id="10052800252" visible="true" version="1" changeset="126636220" timestamp="2022-09-26T05:09:28Z" user="AYAGE" uid="521665" lat="34.1068322" lon="131.9639111"/>
 <node id="10052800253" visible="true" version="1" changeset="126636220" timestamp="2022-09-26T05:09:28Z" user="AYAGE" uid="521665" lat="34.1067678" lon="131.9638440"/>
 <node id="10052800254" visible="true" version="1" changeset="126636220" timestamp="2022-09-26T05:09:28Z" user="AYAGE" uid="521665" lat="34.1066268" lon="131.9636509"/>
 <node id="10052800255" visible="true" version="1" changeset="126636220" timestamp="2022-09-26T05:09:28Z" user="AYAGE" uid="521665" lat="34.1063958" lon="131.9634148"/>
 <node id="10052800256" visible="true" version="1" changeset="126636220" timestamp="2022-09-26T05:09:28Z" user="AYAGE" uid="521665" lat="34.1062770" lon="131.9632834"/>
 <node id="10052800257" visible="true" version="1" changeset="126636220" timestamp="2022-09-26T05:09:28Z" user="AYAGE" uid="521665" lat="34.1061493" lon="131.9632633"/>
 <node id="10052800258" visible="true" version="1" changeset="126636220" timestamp="2022-09-26T05:09:28Z" user="AYAGE" uid="521665" lat="34.1059950" lon="131.9633062"/>
 <node id="10052800259" visible="true" version="1" changeset="126636220" timestamp="2022-09-26T05:09:28Z" user="AYAGE" uid="521665" lat="34.1059083" lon="131.9633223"/>
 <node id="10052800260" visible="true" version="1" changeset="126636220" timestamp="2022-09-26T05:09:28Z" user="AYAGE" uid="521665" lat="34.1058162" lon="131.9632713"/>
 <node id="10052800261" visible="true" version="1" changeset="126636220" timestamp="2022-09-26T05:09:28Z" user="AYAGE" uid="521665" lat="34.1057140" lon="131.9633277"/>
 <node id="10052800262" visible="true" version="1" changeset="126636220" timestamp="2022-09-26T05:09:28Z" user="AYAGE" uid="521665" lat="34.1057551" lon="131.9633914"/>
 <node id="10052800263" visible="true" version="1" changeset="126636220" timestamp="2022-09-26T05:09:28Z" user="AYAGE" uid="521665" lat="34.1058589" lon="131.9635624"/>
 <node id="10052800264" visible="true" version="1" changeset="126636220" timestamp="2022-09-26T05:09:28Z" user="AYAGE" uid="521665" lat="34.1059922" lon="131.9636871"/>
 <node id="10052800265" visible="true" version="1" changeset="126636220" timestamp="2022-09-26T05:09:28Z" user="AYAGE" uid="521665" lat="34.1062442" lon="131.9637857"/>
 <node id="10052800266" visible="true" version="1" changeset="126636220" timestamp="2022-09-26T05:09:28Z" user="AYAGE" uid="521665" lat="34.1064491" lon="131.9638413"/>
 <node id="10052800267" visible="true" version="1" changeset="126636220" timestamp="2022-09-26T05:09:28Z" user="AYAGE" uid="521665" lat="34.1066795" lon="131.9639895"/>
 <node id="10052800268" visible="true" version="1" changeset="126636220" timestamp="2022-09-26T05:09:28Z" user="AYAGE" uid="521665" lat="34.1068294" lon="131.9641551"/>
 <node id="10052800269" visible="true" version="1" changeset="126636220" timestamp="2022-09-26T05:09:28Z" user="AYAGE" uid="521665" lat="34.1069466" lon="131.9643918"/>
 <node id="10052800270" visible="true" version="1" changeset="126636220" timestamp="2022-09-26T05:09:28Z" user="AYAGE" uid="521665" lat="34.1069566" lon="131.9645856"/>
 <node id="10052800271" visible="true" version="1" changeset="126636220" timestamp="2022-09-26T05:09:28Z" user="AYAGE" uid="521665" lat="34.1069399" lon="131.9647318"/>
 <node id="10052800272" visible="true" version="1" changeset="126636220" timestamp="2022-09-26T05:09:28Z" user="AYAGE" uid="521665" lat="34.1068489" lon="131.9648968"/>
 <node id="10052800273" visible="true" version="1" changeset="126636220" timestamp="2022-09-26T05:09:28Z" user="AYAGE" uid="521665" lat="34.1067112" lon="131.9649746"/>
 <node id="10052800274" visible="true" version="1" changeset="126636220" timestamp="2022-09-26T05:09:28Z" user="AYAGE" uid="521665" lat="34.1065857" lon="131.9652602"/>
 <node id="10052800275" visible="true" version="1" changeset="126636220" timestamp="2022-09-26T05:09:28Z" user="AYAGE" uid="521665" lat="34.1064813" lon="131.9654480"/>
 <node id="10052800276" visible="true" version="1" changeset="126636220" timestamp="2022-09-26T05:09:28Z" user="AYAGE" uid="521665" lat="34.1063458" lon="131.9656102"/>
 <node id="10052800277" visible="true" version="1" changeset="126636220" timestamp="2022-09-26T05:09:28Z" user="AYAGE" uid="521665" lat="34.1063048" lon="131.9657055"/>
 <node id="10052800278" visible="true" version="1" changeset="126636220" timestamp="2022-09-26T05:09:28Z" user="AYAGE" uid="521665" lat="34.1063136" lon="131.9658570"/>
 <node id="10052800279" visible="true" version="1" changeset="126636220" timestamp="2022-09-26T05:09:28Z" user="AYAGE" uid="521665" lat="34.1063092" lon="131.9660622"/>
 <node id="10052800280" visible="true" version="1" changeset="126636220" timestamp="2022-09-26T05:09:28Z" user="AYAGE" uid="521665" lat="34.1062637" lon="131.9662486"/>
 <node id="10052800281" visible="true" version="1" changeset="126636220" timestamp="2022-09-26T05:09:28Z" user="AYAGE" uid="521665" lat="34.1061871" lon="131.9663398"/>
 <node id="10052800282" visible="true" version="1" changeset="126636220" timestamp="2022-09-26T05:09:28Z" user="AYAGE" uid="521665" lat="34.1060580" lon="131.9664580"/>
 <node id="10052800283" visible="true" version="1" changeset="126636220" timestamp="2022-09-26T05:09:28Z" user="AYAGE" uid="521665" lat="34.1060483" lon="131.9666080"/>
 <node id="10052800284" visible="true" version="1" changeset="126636220" timestamp="2022-09-26T05:09:28Z" user="AYAGE" uid="521665" lat="34.1061360" lon="131.9667381"/>
 <node id="10052800285" visible="true" version="1" changeset="126636220" timestamp="2022-09-26T05:09:28Z" user="AYAGE" uid="521665" lat="34.1062748" lon="131.9668454"/>
 <node id="10052800286" visible="true" version="1" changeset="126636220" timestamp="2022-09-26T05:09:28Z" user="AYAGE" uid="521665" lat="34.1063436" lon="131.9669688"/>
 <node id="10052800287" visible="true" version="1" changeset="126636220" timestamp="2022-09-26T05:09:28Z" user="AYAGE" uid="521665" lat="34.1063581" lon="131.9671847"/>
 <node id="10052800288" visible="true" version="1" changeset="126636220" timestamp="2022-09-26T05:09:28Z" user="AYAGE" uid="521665" lat="34.1063458" lon="131.9673631"/>
 <node id="10052800289" visible="true" version="1" changeset="126636220" timestamp="2022-09-26T05:09:28Z" user="AYAGE" uid="521665" lat="34.1065035" lon="131.9676876"/>
 <node id="10052800290" visible="true" version="1" changeset="126636220" timestamp="2022-09-26T05:09:28Z" user="AYAGE" uid="521665" lat="34.1066379" lon="131.9680953"/>
 <node id="10052800291" visible="true" version="1" changeset="126636220" timestamp="2022-09-26T05:09:28Z" user="AYAGE" uid="521665" lat="34.1066423" lon="131.9683380"/>
 <node id="10052800292" visible="true" version="1" changeset="126636220" timestamp="2022-09-26T05:09:28Z" user="AYAGE" uid="521665" lat="34.1065868" lon="131.9684319"/>
 <node id="10052800293" visible="true" version="1" changeset="126636220" timestamp="2022-09-26T05:09:28Z" user="AYAGE" uid="521665" lat="34.1065280" lon="131.9684990"/>
 <node id="10052800294" visible="true" version="1" changeset="126636220" timestamp="2022-09-26T05:09:28Z" user="AYAGE" uid="521665" lat="34.1064735" lon="131.9687578"/>
 <node id="10052800295" visible="true" version="1" changeset="126636220" timestamp="2022-09-26T05:09:28Z" user="AYAGE" uid="521665" lat="34.1064236" lon="131.9689026"/>
 <node id="10052800296" visible="true" version="1" changeset="126636220" timestamp="2022-09-26T05:09:28Z" user="AYAGE" uid="521665" lat="34.1062714" lon="131.9690180"/>
 <node id="10052800297" visible="true" version="1" changeset="126636220" timestamp="2022-09-26T05:09:28Z" user="AYAGE" uid="521665" lat="34.1061415" lon="131.9690609"/>
 <node id="10052800298" visible="true" version="1" changeset="126636220" timestamp="2022-09-26T05:09:28Z" user="AYAGE" uid="521665" lat="34.1059750" lon="131.9690113"/>
 <node id="10052800299" visible="true" version="1" changeset="126636220" timestamp="2022-09-26T05:09:28Z" user="AYAGE" uid="521665" lat="34.1058162" lon="131.9689402"/>
 <node id="10052800300" visible="true" version="1" changeset="126636220" timestamp="2022-09-26T05:09:28Z" user="AYAGE" uid="521665" lat="34.1056696" lon="131.9688289"/>
 <node id="10052800301" visible="true" version="1" changeset="126636220" timestamp="2022-09-26T05:09:28Z" user="AYAGE" uid="521665" lat="34.1055841" lon="131.9686183"/>
 <node id="10052800302" visible="true" version="1" changeset="126636220" timestamp="2022-09-26T05:09:28Z" user="AYAGE" uid="521665" lat="34.1054753" lon="131.9684453"/>
 <node id="10052800303" visible="true" version="1" changeset="126636220" timestamp="2022-09-26T05:09:28Z" user="AYAGE" uid="521665" lat="34.1053287" lon="131.9683313"/>
 <node id="10052800304" visible="true" version="1" changeset="126636220" timestamp="2022-09-26T05:09:28Z" user="AYAGE" uid="521665" lat="34.1052787" lon="131.9681945"/>
 <node id="10052800305" visible="true" version="1" changeset="126636220" timestamp="2022-09-26T05:09:28Z" user="AYAGE" uid="521665" lat="34.1051499" lon="131.9680510"/>
 <node id="10052800306" visible="true" version="1" changeset="126636220" timestamp="2022-09-26T05:09:28Z" user="AYAGE" uid="521665" lat="34.1049389" lon="131.9679196"/>
 <node id="10052800307" visible="true" version="1" changeset="126636220" timestamp="2022-09-26T05:09:28Z" user="AYAGE" uid="521665" lat="34.1049145" lon="131.9678324"/>
 <node id="10052800308" visible="true" version="1" changeset="126636220" timestamp="2022-09-26T05:09:28Z" user="AYAGE" uid="521665" lat="34.1049578" lon="131.9676393"/>
 <node id="10052800309" visible="true" version="1" changeset="126636220" timestamp="2022-09-26T05:09:28Z" user="AYAGE" uid="521665" lat="34.1050022" lon="131.9674703"/>
 <node id="10052800310" visible="true" version="1" changeset="126636220" timestamp="2022-09-26T05:09:28Z" user="AYAGE" uid="521665" lat="34.1049478" lon="131.9672960"/>
 <node id="10052800311" visible="true" version="1" changeset="126636220" timestamp="2022-09-26T05:09:28Z" user="AYAGE" uid="521665" lat="34.1047124" lon="131.9669956"/>
 <node id="10052800312" visible="true" version="1" changeset="126636220" timestamp="2022-09-26T05:09:28Z" user="AYAGE" uid="521665" lat="34.1046646" lon="131.9668803"/>
 <node id="10052800313" visible="true" version="1" changeset="126636220" timestamp="2022-09-26T05:09:28Z" user="AYAGE" uid="521665" lat="34.1046491" lon="131.9666979"/>
 <node id="10052800314" visible="true" version="1" changeset="126636220" timestamp="2022-09-26T05:09:28Z" user="AYAGE" uid="521665" lat="34.1046369" lon="131.9665007"/>
 <node id="10052800315" visible="true" version="1" changeset="126636220" timestamp="2022-09-26T05:09:28Z" user="AYAGE" uid="521665" lat="34.1046047" lon="131.9663559"/>
 <node id="10052800316" visible="true" version="1" changeset="126636220" timestamp="2022-09-26T05:09:28Z" user="AYAGE" uid="521665" lat="34.1046746" lon="131.9662352"/>
 <node id="10052800317" visible="true" version="1" changeset="126636220" timestamp="2022-09-26T05:09:28Z" user="AYAGE" uid="521665" lat="34.1047679" lon="131.9661614"/>
 <node id="10052800318" visible="true" version="1" changeset="126636220" timestamp="2022-09-26T05:09:28Z" user="AYAGE" uid="521665" lat="34.1049123" lon="131.9661668"/>
 <node id="10052800319" visible="true" version="1" changeset="126636220" timestamp="2022-09-26T05:09:28Z" user="AYAGE" uid="521665" lat="34.1050511" lon="131.9660313"/>
 <node id="10052800320" visible="true" version="1" changeset="126636220" timestamp="2022-09-26T05:09:28Z" user="AYAGE" uid="521665" lat="34.1051488" lon="131.9658865"/>
 <node id="10052800321" visible="true" version="1" changeset="126636220" timestamp="2022-09-26T05:09:28Z" user="AYAGE" uid="521665" lat="34.1051910" lon="131.9656759"/>
 <node id="10052800322" visible="true" version="1" changeset="126636220" timestamp="2022-09-26T05:09:28Z" user="AYAGE" uid="521665" lat="34.1052587" lon="131.9655526"/>
 <node id="10052800323" visible="true" version="1" changeset="126636220" timestamp="2022-09-26T05:09:28Z" user="AYAGE" uid="521665" lat="34.1052687" lon="131.9654869"/>
 <node id="10052800324" visible="true" version="1" changeset="126636220" timestamp="2022-09-26T05:09:28Z" user="AYAGE" uid="521665" lat="34.1052032" lon="131.9654614"/>
 <node id="10052800325" visible="true" version="1" changeset="126636220" timestamp="2022-09-26T05:09:28Z" user="AYAGE" uid="521665" lat="34.1051532" lon="131.9653702"/>
 <node id="10052800326" visible="true" version="1" changeset="126636220" timestamp="2022-09-26T05:09:28Z" user="AYAGE" uid="521665" lat="34.1050555" lon="131.9652575"/>
 <node id="10052800327" visible="true" version="1" changeset="126636220" timestamp="2022-09-26T05:09:28Z" user="AYAGE" uid="521665" lat="34.1049633" lon="131.9651207"/>
 <node id="10052800328" visible="true" version="1" changeset="126636220" timestamp="2022-09-26T05:09:28Z" user="AYAGE" uid="521665" lat="34.1049367" lon="131.9650242"/>
 <node id="10052800329" visible="true" version="1" changeset="126636220" timestamp="2022-09-26T05:09:28Z" user="AYAGE" uid="521665" lat="34.1049778" lon="131.9649410"/>
 <node id="10052800330" visible="true" version="1" changeset="126636220" timestamp="2022-09-26T05:09:28Z" user="AYAGE" uid="521665" lat="34.1049944" lon="131.9648579"/>
 <node id="10052800331" visible="true" version="1" changeset="126636220" timestamp="2022-09-26T05:09:28Z" user="AYAGE" uid="521665" lat="34.1048134" lon="131.9647157"/>
 <node id="10052800332" visible="true" version="1" changeset="126636220" timestamp="2022-09-26T05:09:28Z" user="AYAGE" uid="521665" lat="34.1047457" lon="131.9646312"/>
 <node id="10052800333" visible="true" version="1" changeset="126636220" timestamp="2022-09-26T05:09:28Z" user="AYAGE" uid="521665" lat="34.1045880" lon="131.9643255"/>
 <node id="10052800334" visible="true" version="1" changeset="126636220" timestamp="2022-09-26T05:09:28Z" user="AYAGE" uid="521665" lat="34.1044459" lon="131.9643724"/>
 <node id="10052800335" visible="true" version="1" changeset="126636220" timestamp="2022-09-26T05:09:28Z" user="AYAGE" uid="521665" lat="34.1043881" lon="131.9644850"/>
 <node id="10052800336" visible="true" version="1" changeset="126636220" timestamp="2022-09-26T05:09:28Z" user="AYAGE" uid="521665" lat="34.1043182" lon="131.9644690"/>
 <node id="10052800337" visible="true" version="1" changeset="126636220" timestamp="2022-09-26T05:09:28Z" user="AYAGE" uid="521665" lat="34.1042293" lon="131.9643295"/>
 <node id="10052800338" visible="true" version="1" changeset="126636220" timestamp="2022-09-26T05:09:28Z" user="AYAGE" uid="521665" lat="34.1041139" lon="131.9643898"/>
 <node id="10052800339" visible="true" version="1" changeset="126636220" timestamp="2022-09-26T05:09:28Z" user="AYAGE" uid="521665" lat="34.1040694" lon="131.9646138"/>
 <node id="10052800340" visible="true" version="1" changeset="126636220" timestamp="2022-09-26T05:09:28Z" user="AYAGE" uid="521665" lat="34.1041449" lon="131.9647466"/>
 <node id="10052800341" visible="true" version="1" changeset="126636220" timestamp="2022-09-26T05:09:28Z" user="AYAGE" uid="521665" lat="34.1041716" lon="131.9649598"/>
 <node id="10052800342" visible="true" version="1" changeset="126636220" timestamp="2022-09-26T05:09:28Z" user="AYAGE" uid="521665" lat="34.1042660" lon="131.9652186"/>
 <node id="10052800343" visible="true" version="1" changeset="126636220" timestamp="2022-09-26T05:09:28Z" user="AYAGE" uid="521665" lat="34.1043948" lon="131.9654466"/>
 <node id="10052800344" visible="true" version="1" changeset="126636220" timestamp="2022-09-26T05:09:28Z" user="AYAGE" uid="521665" lat="34.1045569" lon="131.9655687"/>
 <node id="10052800345" visible="true" version="1" changeset="126636220" timestamp="2022-09-26T05:09:28Z" user="AYAGE" uid="521665" lat="34.1046213" lon="131.9656277"/>
 <node id="10052800346" visible="true" version="1" changeset="126636220" timestamp="2022-09-26T05:09:28Z" user="AYAGE" uid="521665" lat="34.1046335" lon="131.9657966"/>
 <node id="10052800347" visible="true" version="1" changeset="126636220" timestamp="2022-09-26T05:09:28Z" user="AYAGE" uid="521665" lat="34.1045658" lon="131.9659267"/>
 <node id="10052800348" visible="true" version="1" changeset="126636220" timestamp="2022-09-26T05:09:28Z" user="AYAGE" uid="521665" lat="34.1045169" lon="131.9660139"/>
 <node id="10052800349" visible="true" version="1" changeset="126636220" timestamp="2022-09-26T05:09:28Z" user="AYAGE" uid="521665" lat="34.1045625" lon="131.9661373"/>
 <node id="10052800350" visible="true" version="1" changeset="126636220" timestamp="2022-09-26T05:09:28Z" user="AYAGE" uid="521665" lat="34.1045325" lon="131.9661628"/>
 <node id="10052800351" visible="true" version="1" changeset="126636220" timestamp="2022-09-26T05:09:28Z" user="AYAGE" uid="521665" lat="34.1043693" lon="131.9661735"/>
 <node id="10052800352" visible="true" version="1" changeset="126636220" timestamp="2022-09-26T05:09:28Z" user="AYAGE" uid="521665" lat="34.1042338" lon="131.9660971"/>
 <node id="10052800353" visible="true" version="1" changeset="126636220" timestamp="2022-09-26T05:09:28Z" user="AYAGE" uid="521665" lat="34.1040184" lon="131.9658717"/>
 <node id="10052800354" visible="true" version="1" changeset="126636220" timestamp="2022-09-26T05:09:28Z" user="AYAGE" uid="521665" lat="34.1039717" lon="131.9656867"/>
 <node id="10052800355" visible="true" version="1" changeset="126636220" timestamp="2022-09-26T05:09:28Z" user="AYAGE" uid="521665" lat="34.1038929" lon="131.9656196"/>
 <node id="10052800356" visible="true" version="1" changeset="126636220" timestamp="2022-09-26T05:09:28Z" user="AYAGE" uid="521665" lat="34.1035508" lon="131.9655056"/>
 <node id="10052800357" visible="true" version="1" changeset="126636220" timestamp="2022-09-26T05:09:28Z" user="AYAGE" uid="521665" lat="34.1034942" lon="131.9654466"/>
 <node id="10052800358" visible="true" version="1" changeset="126636220" timestamp="2022-09-26T05:09:28Z" user="AYAGE" uid="521665" lat="34.1034753" lon="131.9653380"/>
 <node id="10052800359" visible="true" version="1" changeset="126636220" timestamp="2022-09-26T05:09:28Z" user="AYAGE" uid="521665" lat="34.1035020" lon="131.9652206"/>
 <node id="10052800360" visible="true" version="1" changeset="126636220" timestamp="2022-09-26T05:09:28Z" user="AYAGE" uid="521665" lat="34.1034970" lon="131.9651127"/>
 <node id="10052800361" visible="true" version="1" changeset="126636220" timestamp="2022-09-26T05:09:28Z" user="AYAGE" uid="521665" lat="34.1034820" lon="131.9649115"/>
 <node id="10052800362" visible="true" version="1" changeset="126636220" timestamp="2022-09-26T05:09:28Z" user="AYAGE" uid="521665" lat="34.1034953" lon="131.9647466"/>
 <node id="10052800363" visible="true" version="1" changeset="126636220" timestamp="2022-09-26T05:09:28Z" user="AYAGE" uid="521665" lat="34.1035342" lon="131.9645863"/>
 <node id="10052800364" visible="true" version="1" changeset="126636220" timestamp="2022-09-26T05:09:28Z" user="AYAGE" uid="521665" lat="34.1035747" lon="131.9644106"/>
 <node id="10052800365" visible="true" version="1" changeset="126636220" timestamp="2022-09-26T05:09:28Z" user="AYAGE" uid="521665" lat="34.1036641" lon="131.9642034"/>
 <node id="10052800366" visible="true" version="1" changeset="126636220" timestamp="2022-09-26T05:09:28Z" user="AYAGE" uid="521665" lat="34.1037752" lon="131.9639412"/>
 <node id="10052800367" visible="true" version="1" changeset="126636220" timestamp="2022-09-26T05:09:28Z" user="AYAGE" uid="521665" lat="34.1038340" lon="131.9637951"/>
 <node id="10052800368" visible="true" version="1" changeset="126636220" timestamp="2022-09-26T05:09:28Z" user="AYAGE" uid="521665" lat="34.1038618" lon="131.9636093"/>
 <node id="10052800369" visible="true" version="1" changeset="126636220" timestamp="2022-09-26T05:09:28Z" user="AYAGE" uid="521665" lat="34.1038379" lon="131.9635563"/>
 <node id="10052800370" visible="true" version="1" changeset="126636220" timestamp="2022-09-26T05:09:28Z" user="AYAGE" uid="521665" lat="34.1037585" lon="131.9635738"/>
 <node id="10052800371" visible="true" version="1" changeset="126636220" timestamp="2022-09-26T05:09:28Z" user="AYAGE" uid="521665" lat="34.1036208" lon="131.9636375"/>
 <node id="10052800372" visible="true" version="1" changeset="126636220" timestamp="2022-09-26T05:09:28Z" user="AYAGE" uid="521665" lat="34.1034320" lon="131.9638038"/>
 <node id="10052800373" visible="true" version="1" changeset="126636220" timestamp="2022-09-26T05:09:28Z" user="AYAGE" uid="521665" lat="34.1033299" lon="131.9639540"/>
 <node id="10052800374" visible="true" version="1" changeset="126636220" timestamp="2022-09-26T05:09:28Z" user="AYAGE" uid="521665" lat="34.1032899" lon="131.9642007"/>
 <node id="10052800375" visible="true" version="1" changeset="126636220" timestamp="2022-09-26T05:09:28Z" user="AYAGE" uid="521665" lat="34.1032033" lon="131.9643402"/>
 <node id="10052800376" visible="true" version="1" changeset="126636220" timestamp="2022-09-26T05:09:28Z" user="AYAGE" uid="521665" lat="34.1030678" lon="131.9643804"/>
 <node id="10052800377" visible="true" version="1" changeset="126636220" timestamp="2022-09-26T05:09:28Z" user="AYAGE" uid="521665" lat="34.1029701" lon="131.9645119"/>
 <node id="10052800378" visible="true" version="1" changeset="126636220" timestamp="2022-09-26T05:09:28Z" user="AYAGE" uid="521665" lat="34.1029301" lon="131.9647774"/>
 <node id="10052800379" visible="true" version="1" changeset="126636220" timestamp="2022-09-26T05:09:28Z" user="AYAGE" uid="521665" lat="34.1028790" lon="131.9649705"/>
 <node id="10052800380" visible="true" version="1" changeset="126636220" timestamp="2022-09-26T05:09:28Z" user="AYAGE" uid="521665" lat="34.1029012" lon="131.9652951"/>
 <node id="10052800381" visible="true" version="1" changeset="126636220" timestamp="2022-09-26T05:09:28Z" user="AYAGE" uid="521665" lat="34.1029723" lon="131.9655204"/>
 <node id="10052800382" visible="true" version="1" changeset="126636220" timestamp="2022-09-26T05:09:28Z" user="AYAGE" uid="521665" lat="34.1029678" lon="131.9656545"/>
 <node id="10052800383" visible="true" version="1" changeset="126636220" timestamp="2022-09-26T05:09:28Z" user="AYAGE" uid="521665" lat="34.1029390" lon="131.9659576"/>
 <node id="10052800384" visible="true" version="1" changeset="126636220" timestamp="2022-09-26T05:09:28Z" user="AYAGE" uid="521665" lat="34.1029634" lon="131.9661963"/>
 <node id="10052800385" visible="true" version="1" changeset="126636220" timestamp="2022-09-26T05:09:28Z" user="AYAGE" uid="521665" lat="34.1030567" lon="131.9662178"/>
 <node id="10052800386" visible="true" version="1" changeset="126636220" timestamp="2022-09-26T05:09:28Z" user="AYAGE" uid="521665" lat="34.1031744" lon="131.9663063"/>
 <node id="10052800387" visible="true" version="1" changeset="126636220" timestamp="2022-09-26T05:09:28Z" user="AYAGE" uid="521665" lat="34.1031833" lon="131.9664806"/>
 <node id="10052800388" visible="true" version="1" changeset="126636220" timestamp="2022-09-26T05:09:28Z" user="AYAGE" uid="521665" lat="34.1031677" lon="131.9666094"/>
 <node id="10052800389" visible="true" version="1" changeset="126636220" timestamp="2022-09-26T05:09:28Z" user="AYAGE" uid="521665" lat="34.1032866" lon="131.9666255"/>
 <node id="10052800390" visible="true" version="1" changeset="126636220" timestamp="2022-09-26T05:09:28Z" user="AYAGE" uid="521665" lat="34.1035908" lon="131.9666804"/>
 <node id="10052800391" visible="true" version="1" changeset="126636220" timestamp="2022-09-26T05:09:28Z" user="AYAGE" uid="521665" lat="34.1039040" lon="131.9668065"/>
 <node id="10052800392" visible="true" version="1" changeset="126636220" timestamp="2022-09-26T05:09:28Z" user="AYAGE" uid="521665" lat="34.1041683" lon="131.9669178"/>
 <node id="10052800393" visible="true" version="1" changeset="126636220" timestamp="2022-09-26T05:09:28Z" user="AYAGE" uid="521665" lat="34.1043237" lon="131.9670627"/>
 <node id="10052800394" visible="true" version="1" changeset="126636220" timestamp="2022-09-26T05:09:28Z" user="AYAGE" uid="521665" lat="34.1043015" lon="131.9673148"/>
 <node id="10052800395" visible="true" version="1" changeset="126636220" timestamp="2022-09-26T05:09:28Z" user="AYAGE" uid="521665" lat="34.1043026" lon="131.9675079"/>
 <node id="10052800396" visible="true" version="1" changeset="126636220" timestamp="2022-09-26T05:09:28Z" user="AYAGE" uid="521665" lat="34.1044559" lon="131.9676004"/>
 <node id="10052800397" visible="true" version="1" changeset="126636220" timestamp="2022-09-26T05:09:28Z" user="AYAGE" uid="521665" lat="34.1045181" lon="131.9677131"/>
 <node id="10052800398" visible="true" version="1" changeset="126636220" timestamp="2022-09-26T05:09:28Z" user="AYAGE" uid="521665" lat="34.1044392" lon="131.9679987"/>
 <node id="10052800399" visible="true" version="1" changeset="126636220" timestamp="2022-09-26T05:09:28Z" user="AYAGE" uid="521665" lat="34.1042471" lon="131.9679384"/>
 <node id="10052800400" visible="true" version="1" changeset="126636220" timestamp="2022-09-26T05:09:28Z" user="AYAGE" uid="521665" lat="34.1040439" lon="131.9678043"/>
 <node id="10052800401" visible="true" version="1" changeset="126636220" timestamp="2022-09-26T05:09:28Z" user="AYAGE" uid="521665" lat="34.1039961" lon="131.9676903"/>
 <node id="10052800402" visible="true" version="1" changeset="126636220" timestamp="2022-09-26T05:09:28Z" user="AYAGE" uid="521665" lat="34.1038540" lon="131.9676970"/>
 <node id="10052800403" visible="true" version="1" changeset="126636220" timestamp="2022-09-26T05:09:28Z" user="AYAGE" uid="521665" lat="34.1038129" lon="131.9678539"/>
 <node id="10052800404" visible="true" version="1" changeset="126636220" timestamp="2022-09-26T05:09:28Z" user="AYAGE" uid="521665" lat="34.1037263" lon="131.9679156"/>
 <node id="10052800405" visible="true" version="1" changeset="126636220" timestamp="2022-09-26T05:09:28Z" user="AYAGE" uid="521665" lat="34.1036919" lon="131.9679666"/>
 <node id="10052800406" visible="true" version="1" changeset="126636220" timestamp="2022-09-26T05:09:28Z" user="AYAGE" uid="521665" lat="34.1037785" lon="131.9681074"/>
 <node id="10052800407" visible="true" version="1" changeset="126636220" timestamp="2022-09-26T05:09:28Z" user="AYAGE" uid="521665" lat="34.1039106" lon="131.9681972"/>
 <node id="10052800408" visible="true" version="1" changeset="126636220" timestamp="2022-09-26T05:09:28Z" user="AYAGE" uid="521665" lat="34.1039717" lon="131.9683166"/>
 <node id="10052800409" visible="true" version="1" changeset="126636220" timestamp="2022-09-26T05:09:28Z" user="AYAGE" uid="521665" lat="34.1039684" lon="131.9684051"/>
 <node id="10052800410" visible="true" version="1" changeset="126636220" timestamp="2022-09-26T05:09:28Z" user="AYAGE" uid="521665" lat="34.1038718" lon="131.9684762"/>
 <node id="10052800411" visible="true" version="1" changeset="126636220" timestamp="2022-09-26T05:09:28Z" user="AYAGE" uid="521665" lat="34.1037319" lon="131.9685607"/>
 <node id="10052800412" visible="true" version="1" changeset="126636220" timestamp="2022-09-26T05:09:28Z" user="AYAGE" uid="521665" lat="34.1036819" lon="131.9686612"/>
 <node id="10052800413" visible="true" version="1" changeset="126636220" timestamp="2022-09-26T05:09:28Z" user="AYAGE" uid="521665" lat="34.1036719" lon="131.9687954"/>
 <node id="10052800414" visible="true" version="1" changeset="126636220" timestamp="2022-09-26T05:09:28Z" user="AYAGE" uid="521665" lat="34.1037019" lon="131.9690327"/>
 <node id="10052800415" visible="true" version="1" changeset="126636220" timestamp="2022-09-26T05:09:28Z" user="AYAGE" uid="521665" lat="34.1038274" lon="131.9691481"/>
 <node id="10052800416" visible="true" version="1" changeset="126636220" timestamp="2022-09-26T05:09:28Z" user="AYAGE" uid="521665" lat="34.1039695" lon="131.9692218"/>
 <node id="10052800417" visible="true" version="1" changeset="126636220" timestamp="2022-09-26T05:09:28Z" user="AYAGE" uid="521665" lat="34.1041483" lon="131.9691937"/>
 <node id="10052800418" visible="true" version="1" changeset="126636220" timestamp="2022-09-26T05:09:28Z" user="AYAGE" uid="521665" lat="34.1043393" lon="131.9690569"/>
 <node id="10052800419" visible="true" version="1" changeset="126636220" timestamp="2022-09-26T05:09:28Z" user="AYAGE" uid="521665" lat="34.1046069" lon="131.9689335"/>
 <node id="10052800420" visible="true" version="1" changeset="126636220" timestamp="2022-09-26T05:09:28Z" user="AYAGE" uid="521665" lat="34.1047457" lon="131.9688731"/>
 <node id="10052800421" visible="true" version="1" changeset="126636220" timestamp="2022-09-26T05:09:28Z" user="AYAGE" uid="521665" lat="34.1049178" lon="131.9688892"/>
 <node id="10052800422" visible="true" version="1" changeset="126636220" timestamp="2022-09-26T05:09:28Z" user="AYAGE" uid="521665" lat="34.1051299" lon="131.9690166"/>
 <node id="10052800423" visible="true" version="1" changeset="126636220" timestamp="2022-09-26T05:09:28Z" user="AYAGE" uid="521665" lat="34.1053198" lon="131.9691427"/>
 <node id="10052800424" visible="true" version="1" changeset="126636220" timestamp="2022-09-26T05:09:28Z" user="AYAGE" uid="521665" lat="34.1054209" lon="131.9692688"/>
 <node id="10052800425" visible="true" version="1" changeset="126636220" timestamp="2022-09-26T05:09:28Z" user="AYAGE" uid="521665" lat="34.1056352" lon="131.9693667"/>
 <node id="10052800426" visible="true" version="1" changeset="126636220" timestamp="2022-09-26T05:09:28Z" user="AYAGE" uid="521665" lat="34.1059727" lon="131.9694243"/>
 <node id="10052800427" visible="true" version="1" changeset="126636220" timestamp="2022-09-26T05:09:28Z" user="AYAGE" uid="521665" lat="34.1061660" lon="131.9695303"/>
 <node id="10052800428" visible="true" version="1" changeset="126636220" timestamp="2022-09-26T05:09:28Z" user="AYAGE" uid="521665" lat="34.1062492" lon="131.9696537"/>
 <node id="10052800429" visible="true" version="1" changeset="126636220" timestamp="2022-09-26T05:09:28Z" user="AYAGE" uid="521665" lat="34.1063414" lon="131.9699393"/>
 <node id="10052800430" visible="true" version="1" changeset="126636220" timestamp="2022-09-26T05:09:28Z" user="AYAGE" uid="521665" lat="34.1063892" lon="131.9700788"/>
 <node id="10052800431" visible="true" version="1" changeset="126636220" timestamp="2022-09-26T05:09:28Z" user="AYAGE" uid="521665" lat="34.1063969" lon="131.9704516"/>
 <node id="10052800432" visible="true" version="1" changeset="126636220" timestamp="2022-09-26T05:09:28Z" user="AYAGE" uid="521665" lat="34.1063347" lon="131.9708446"/>
 <node id="10052800433" visible="true" version="1" changeset="126636220" timestamp="2022-09-26T05:09:28Z" user="AYAGE" uid="521665" lat="34.1063059" lon="131.9709451"/>
 <node id="10052800434" visible="true" version="1" changeset="126636220" timestamp="2022-09-26T05:09:28Z" user="AYAGE" uid="521665" lat="34.1062159" lon="131.9709304"/>
 <node id="10052800435" visible="true" version="1" changeset="126636220" timestamp="2022-09-26T05:09:28Z" user="AYAGE" uid="521665" lat="34.1061715" lon="131.9708177"/>
 <node id="10052800436" visible="true" version="1" changeset="126636220" timestamp="2022-09-26T05:09:28Z" user="AYAGE" uid="521665" lat="34.1060916" lon="131.9707064"/>
 <node id="10052800437" visible="true" version="1" changeset="126636220" timestamp="2022-09-26T05:09:28Z" user="AYAGE" uid="521665" lat="34.1059372" lon="131.9706903"/>
 <node id="10052800438" visible="true" version="1" changeset="126636220" timestamp="2022-09-26T05:09:28Z" user="AYAGE" uid="521665" lat="34.1058406" lon="131.9708043"/>
 <node id="10052800439" visible="true" version="1" changeset="126636220" timestamp="2022-09-26T05:09:28Z" user="AYAGE" uid="521665" lat="34.1058084" lon="131.9710779"/>
 <node id="10052800440" visible="true" version="1" changeset="126636220" timestamp="2022-09-26T05:09:28Z" user="AYAGE" uid="521665" lat="34.1057629" lon="131.9713166"/>
 <node id="10052800441" visible="true" version="1" changeset="126636220" timestamp="2022-09-26T05:09:28Z" user="AYAGE" uid="521665" lat="34.1057407" lon="131.9714668"/>
 <node id="10052800442" visible="true" version="1" changeset="126636220" timestamp="2022-09-26T05:09:28Z" user="AYAGE" uid="521665" lat="34.1057995" lon="131.9715822"/>
 <node id="10052800443" visible="true" version="1" changeset="126636220" timestamp="2022-09-26T05:09:28Z" user="AYAGE" uid="521665" lat="34.1059705" lon="131.9716264"/>
 <node id="10052800444" visible="true" version="1" changeset="126636220" timestamp="2022-09-26T05:09:28Z" user="AYAGE" uid="521665" lat="34.1061326" lon="131.9716130"/>
 <node id="10052800445" visible="true" version="1" changeset="126636220" timestamp="2022-09-26T05:09:28Z" user="AYAGE" uid="521665" lat="34.1062592" lon="131.9717807"/>
 <node id="10052800446" visible="true" version="1" changeset="126636220" timestamp="2022-09-26T05:09:28Z" user="AYAGE" uid="521665" lat="34.1063203" lon="131.9719577"/>
 <node id="10052800447" visible="true" version="1" changeset="126636220" timestamp="2022-09-26T05:09:28Z" user="AYAGE" uid="521665" lat="34.1062826" lon="131.9720985"/>
 <node id="10052800448" visible="true" version="1" changeset="126636220" timestamp="2022-09-26T05:09:28Z" user="AYAGE" uid="521665" lat="34.1062304" lon="131.9722702"/>
 <node id="10052800449" visible="true" version="1" changeset="126636220" timestamp="2022-09-26T05:09:28Z" user="AYAGE" uid="521665" lat="34.1062870" lon="131.9725572"/>
 <node id="10052800450" visible="true" version="1" changeset="126636220" timestamp="2022-09-26T05:09:28Z" user="AYAGE" uid="521665" lat="34.1062826" lon="131.9728053"/>
 <node id="10052800451" visible="true" version="1" changeset="126636220" timestamp="2022-09-26T05:09:28Z" user="AYAGE" uid="521665" lat="34.1061937" lon="131.9727825"/>
 <node id="10052800452" visible="true" version="1" changeset="126636220" timestamp="2022-09-26T05:09:28Z" user="AYAGE" uid="521665" lat="34.1060549" lon="131.9725934"/>
 <node id="10052800453" visible="true" version="1" changeset="126636220" timestamp="2022-09-26T05:09:28Z" user="AYAGE" uid="521665" lat="34.1059750" lon="131.9725156"/>
 <node id="10052800454" visible="true" version="1" changeset="126636220" timestamp="2022-09-26T05:09:28Z" user="AYAGE" uid="521665" lat="34.1058495" lon="131.9725089"/>
 <node id="10052800455" visible="true" version="1" changeset="126636220" timestamp="2022-09-26T05:09:28Z" user="AYAGE" uid="521665" lat="34.1055830" lon="131.9724284"/>
 <node id="10052800456" visible="true" version="1" changeset="126636220" timestamp="2022-09-26T05:09:28Z" user="AYAGE" uid="521665" lat="34.1053254" lon="131.9722795"/>
 <node id="10052800457" visible="true" version="1" changeset="126636220" timestamp="2022-09-26T05:09:28Z" user="AYAGE" uid="521665" lat="34.1050533" lon="131.9722661"/>
 <node id="10052800458" visible="true" version="1" changeset="126636220" timestamp="2022-09-26T05:09:28Z" user="AYAGE" uid="521665" lat="34.1047835" lon="131.9723493"/>
 <node id="10052800459" visible="true" version="1" changeset="126636220" timestamp="2022-09-26T05:09:28Z" user="AYAGE" uid="521665" lat="34.1046657" lon="131.9723386"/>
 <node id="10052800460" visible="true" version="1" changeset="126636220" timestamp="2022-09-26T05:09:28Z" user="AYAGE" uid="521665" lat="34.1046013" lon="131.9722246"/>
 <node id="10052800461" visible="true" version="1" changeset="126636220" timestamp="2022-09-26T05:09:28Z" user="AYAGE" uid="521665" lat="34.1045947" lon="131.9719215"/>
 <node id="10052800462" visible="true" version="1" changeset="126636220" timestamp="2022-09-26T05:09:28Z" user="AYAGE" uid="521665" lat="34.1045247" lon="131.9715151"/>
 <node id="10052800463" visible="true" version="1" changeset="126636220" timestamp="2022-09-26T05:09:28Z" user="AYAGE" uid="521665" lat="34.1044459" lon="131.9712630"/>
 <node id="10052800464" visible="true" version="1" changeset="126636220" timestamp="2022-09-26T05:09:28Z" user="AYAGE" uid="521665" lat="34.1044381" lon="131.9710471"/>
 <node id="10052800465" visible="true" version="1" changeset="126636220" timestamp="2022-09-26T05:09:28Z" user="AYAGE" uid="521665" lat="34.1045236" lon="131.9708151"/>
 <node id="10052800466" visible="true" version="1" changeset="126636220" timestamp="2022-09-26T05:09:28Z" user="AYAGE" uid="521665" lat="34.1046780" lon="131.9707426"/>
 <node id="10052800467" visible="true" version="1" changeset="126636220" timestamp="2022-09-26T05:09:28Z" user="AYAGE" uid="521665" lat="34.1048523" lon="131.9707561"/>
 <node id="10052800468" visible="true" version="1" changeset="126636220" timestamp="2022-09-26T05:09:28Z" user="AYAGE" uid="521665" lat="34.1049856" lon="131.9707024"/>
 <node id="10052800469" visible="true" version="1" changeset="126636220" timestamp="2022-09-26T05:09:28Z" user="AYAGE" uid="521665" lat="34.1051766" lon="131.9704637"/>
 <node id="10052800470" visible="true" version="1" changeset="126636220" timestamp="2022-09-26T05:09:28Z" user="AYAGE" uid="521665" lat="34.1051066" lon="131.9702384"/>
 <node id="10052800471" visible="true" version="1" changeset="126636220" timestamp="2022-09-26T05:09:28Z" user="AYAGE" uid="521665" lat="34.1048845" lon="131.9703282"/>
 <node id="10052800472" visible="true" version="1" changeset="126636220" timestamp="2022-09-26T05:09:28Z" user="AYAGE" uid="521665" lat="34.1049089" lon="131.9705428"/>
 <node id="10052800473" visible="true" version="1" changeset="126636220" timestamp="2022-09-26T05:09:28Z" user="AYAGE" uid="521665" lat="34.1048434" lon="131.9705710"/>
 <node id="10052800474" visible="true" version="1" changeset="126636220" timestamp="2022-09-26T05:09:28Z" user="AYAGE" uid="521665" lat="34.1047513" lon="131.9705240"/>
 <node id="10052800475" visible="true" version="1" changeset="126636220" timestamp="2022-09-26T05:09:28Z" user="AYAGE" uid="521665" lat="34.1046324" lon="131.9705254"/>
 <node id="10052800476" visible="true" version="1" changeset="126636220" timestamp="2022-09-26T05:09:28Z" user="AYAGE" uid="521665" lat="34.1044725" lon="131.9704114"/>
 <node id="10052800477" visible="true" version="1" changeset="126636220" timestamp="2022-09-26T05:09:28Z" user="AYAGE" uid="521665" lat="34.1044403" lon="131.9702277"/>
 <node id="10052800478" visible="true" version="1" changeset="126636220" timestamp="2022-09-26T05:09:28Z" user="AYAGE" uid="521665" lat="34.1043881" lon="131.9701713"/>
 <node id="10052800479" visible="true" version="1" changeset="126636220" timestamp="2022-09-26T05:09:28Z" user="AYAGE" uid="521665" lat="34.1042804" lon="131.9703738"/>
 <node id="10052800480" visible="true" version="1" changeset="126636220" timestamp="2022-09-26T05:09:28Z" user="AYAGE" uid="521665" lat="34.1042038" lon="131.9704355"/>
 <node id="10052800481" visible="true" version="1" changeset="126636220" timestamp="2022-09-26T05:09:28Z" user="AYAGE" uid="521665" lat="34.1041216" lon="131.9704007"/>
 <node id="10052800482" visible="true" version="1" changeset="126636220" timestamp="2022-09-26T05:09:28Z" user="AYAGE" uid="521665" lat="34.1040994" lon="131.9702102"/>
 <node id="10052800483" visible="true" version="1" changeset="126636220" timestamp="2022-09-26T05:09:28Z" user="AYAGE" uid="521665" lat="34.1040717" lon="131.9700600"/>
 <node id="10052800484" visible="true" version="1" changeset="126636220" timestamp="2022-09-26T05:09:28Z" user="AYAGE" uid="521665" lat="34.1039051" lon="131.9698253"/>
 <node id="10052800485" visible="true" version="1" changeset="126636220" timestamp="2022-09-26T05:09:28Z" user="AYAGE" uid="521665" lat="34.1038473" lon="131.9696631"/>
 <node id="10052800486" visible="true" version="1" changeset="126636220" timestamp="2022-09-26T05:09:28Z" user="AYAGE" uid="521665" lat="34.1038529" lon="131.9695061"/>
 <node id="10052800487" visible="true" version="1" changeset="126636220" timestamp="2022-09-26T05:09:28Z" user="AYAGE" uid="521665" lat="34.1037752" lon="131.9693801"/>
 <node id="10052800488" visible="true" version="1" changeset="126636220" timestamp="2022-09-26T05:09:28Z" user="AYAGE" uid="521665" lat="34.1036586" lon="131.9692916"/>
 <node id="10052800489" visible="true" version="1" changeset="126636220" timestamp="2022-09-26T05:09:28Z" user="AYAGE" uid="521665" lat="34.1036041" lon="131.9692875"/>
 <node id="10052800490" visible="true" version="1" changeset="126636220" timestamp="2022-09-26T05:09:28Z" user="AYAGE" uid="521665" lat="34.1034431" lon="131.9693559"/>
 <node id="10052800491" visible="true" version="1" changeset="126636220" timestamp="2022-09-26T05:09:28Z" user="AYAGE" uid="521665" lat="34.1033421" lon="131.9693613"/>
 <node id="10052800492" visible="true" version="1" changeset="126636220" timestamp="2022-09-26T05:09:28Z" user="AYAGE" uid="521665" lat="34.1032499" lon="131.9693063"/>
 <node id="10052800493" visible="true" version="1" changeset="126636220" timestamp="2022-09-26T05:09:28Z" user="AYAGE" uid="521665" lat="34.1030689" lon="131.9690622"/>
 <node id="10052800494" visible="true" version="1" changeset="126636220" timestamp="2022-09-26T05:09:28Z" user="AYAGE" uid="521665" lat="34.1027902" lon="131.9687766"/>
 <node id="10052800495" visible="true" version="1" changeset="126636220" timestamp="2022-09-26T05:09:28Z" user="AYAGE" uid="521665" lat="34.1025625" lon="131.9686975"/>
 <node id="10052800496" visible="true" version="1" changeset="126636220" timestamp="2022-09-26T05:09:28Z" user="AYAGE" uid="521665" lat="34.1022938" lon="131.9687042"/>
 <node id="10052800497" visible="true" version="1" changeset="126636220" timestamp="2022-09-26T05:09:28Z" user="AYAGE" uid="521665" lat="34.1021272" lon="131.9685982"/>
 <node id="10052800498" visible="true" version="1" changeset="126636220" timestamp="2022-09-26T05:09:28Z" user="AYAGE" uid="521665" lat="34.1020739" lon="131.9684038"/>
 <node id="10052800499" visible="true" version="1" changeset="126636220" timestamp="2022-09-26T05:09:28Z" user="AYAGE" uid="521665" lat="34.1019662" lon="131.9683152"/>
 <node id="10052800500" visible="true" version="1" changeset="126636220" timestamp="2022-09-26T05:09:28Z" user="AYAGE" uid="521665" lat="34.1018985" lon="131.9683608"/>
 <node id="10052800501" visible="true" version="1" changeset="126636220" timestamp="2022-09-26T05:09:28Z" user="AYAGE" uid="521665" lat="34.1018707" lon="131.9685258"/>
 <node id="10052800502" visible="true" version="1" changeset="126636220" timestamp="2022-09-26T05:09:28Z" user="AYAGE" uid="521665" lat="34.1017741" lon="131.9687645"/>
 <node id="10052800503" visible="true" version="1" changeset="126636220" timestamp="2022-09-26T05:09:28Z" user="AYAGE" uid="521665" lat="34.1015842" lon="131.9691052"/>
 <node id="10052800504" visible="true" version="1" changeset="126636220" timestamp="2022-09-26T05:09:28Z" user="AYAGE" uid="521665" lat="34.1014642" lon="131.9691923"/>
 <node id="10052800505" visible="true" version="1" changeset="126636220" timestamp="2022-09-26T05:09:28Z" user="AYAGE" uid="521665" lat="34.1014587" lon="131.9692433"/>
 <node id="10052800506" visible="true" version="1" changeset="126636220" timestamp="2022-09-26T05:09:28Z" user="AYAGE" uid="521665" lat="34.1015275" lon="131.9693358"/>
 <node id="10052800507" visible="true" version="1" changeset="126636220" timestamp="2022-09-26T05:09:28Z" user="AYAGE" uid="521665" lat="34.1016297" lon="131.9694605"/>
 <node id="10052800508" visible="true" version="1" changeset="126636220" timestamp="2022-09-26T05:09:28Z" user="AYAGE" uid="521665" lat="34.1017141" lon="131.9696429"/>
 <node id="10052800509" visible="true" version="1" changeset="126636220" timestamp="2022-09-26T05:09:28Z" user="AYAGE" uid="521665" lat="34.1018563" lon="131.9697314"/>
 <node id="10052800510" visible="true" version="1" changeset="126636220" timestamp="2022-09-26T05:09:28Z" user="AYAGE" uid="521665" lat="34.1020195" lon="131.9697838"/>
 <node id="10052800511" visible="true" version="1" changeset="126636220" timestamp="2022-09-26T05:09:28Z" user="AYAGE" uid="521665" lat="34.1021605" lon="131.9697636"/>
 <node id="10052800512" visible="true" version="1" changeset="126636220" timestamp="2022-09-26T05:09:28Z" user="AYAGE" uid="521665" lat="34.1023493" lon="131.9698414"/>
 <node id="10052800513" visible="true" version="1" changeset="126636220" timestamp="2022-09-26T05:09:28Z" user="AYAGE" uid="521665" lat="34.1025870" lon="131.9699487"/>
 <node id="10052800514" visible="true" version="1" changeset="126636220" timestamp="2022-09-26T05:09:28Z" user="AYAGE" uid="521665" lat="34.1027024" lon="131.9701405"/>
 <node id="10052800515" visible="true" version="1" changeset="126636220" timestamp="2022-09-26T05:09:28Z" user="AYAGE" uid="521665" lat="34.1027324" lon="131.9705670"/>
 <node id="10052800516" visible="true" version="1" changeset="126636220" timestamp="2022-09-26T05:09:28Z" user="AYAGE" uid="521665" lat="34.1028268" lon="131.9706783"/>
 <node id="10052800517" visible="true" version="1" changeset="126636220" timestamp="2022-09-26T05:09:28Z" user="AYAGE" uid="521665" lat="34.1029623" lon="131.9707037"/>
 <node id="10052800518" visible="true" version="1" changeset="126636220" timestamp="2022-09-26T05:09:28Z" user="AYAGE" uid="521665" lat="34.1031999" lon="131.9706139"/>
 <node id="10052800519" visible="true" version="1" changeset="126636220" timestamp="2022-09-26T05:09:28Z" user="AYAGE" uid="521665" lat="34.1033487" lon="131.9706555"/>
 <node id="10052800520" visible="true" version="1" changeset="126636220" timestamp="2022-09-26T05:09:28Z" user="AYAGE" uid="521665" lat="34.1034542" lon="131.9707842"/>
 <node id="10052800521" visible="true" version="1" changeset="126636220" timestamp="2022-09-26T05:09:28Z" user="AYAGE" uid="521665" lat="34.1035364" lon="131.9708043"/>
 <node id="10052800522" visible="true" version="1" changeset="126636220" timestamp="2022-09-26T05:09:28Z" user="AYAGE" uid="521665" lat="34.1036019" lon="131.9709304"/>
 <node id="10052800523" visible="true" version="1" changeset="126636220" timestamp="2022-09-26T05:09:28Z" user="AYAGE" uid="521665" lat="34.1037119" lon="131.9711584"/>
 <node id="10052800524" visible="true" version="1" changeset="126636220" timestamp="2022-09-26T05:09:28Z" user="AYAGE" uid="521665" lat="34.1038029" lon="131.9714145"/>
 <node id="10052800525" visible="true" version="1" changeset="126636220" timestamp="2022-09-26T05:09:28Z" user="AYAGE" uid="521665" lat="34.1038451" lon="131.9717619"/>
 <node id="10052800526" visible="true" version="1" changeset="126636220" timestamp="2022-09-26T05:09:28Z" user="AYAGE" uid="521665" lat="34.1037729" lon="131.9716868"/>
 <node id="10052800527" visible="true" version="1" changeset="126636220" timestamp="2022-09-26T05:09:28Z" user="AYAGE" uid="521665" lat="34.1037396" lon="131.9715513"/>
 <node id="10052800528" visible="true" version="1" changeset="126636220" timestamp="2022-09-26T05:09:28Z" user="AYAGE" uid="521665" lat="34.1036674" lon="131.9715339"/>
 <node id="10052800529" visible="true" version="1" changeset="126636220" timestamp="2022-09-26T05:09:28Z" user="AYAGE" uid="521665" lat="34.1036208" lon="131.9715312"/>
 <node id="10052800530" visible="true" version="1" changeset="126636220" timestamp="2022-09-26T05:09:28Z" user="AYAGE" uid="521665" lat="34.1035658" lon="131.9714689"/>
 <node id="10052800531" visible="true" version="1" changeset="126636220" timestamp="2022-09-26T05:09:28Z" user="AYAGE" uid="521665" lat="34.1034737" lon="131.9714259"/>
 <node id="10052800532" visible="true" version="1" changeset="126636220" timestamp="2022-09-26T05:09:28Z" user="AYAGE" uid="521665" lat="34.1033598" lon="131.9714347"/>
 <node id="10052800533" visible="true" version="1" changeset="126636220" timestamp="2022-09-26T05:09:28Z" user="AYAGE" uid="521665" lat="34.1032854" lon="131.9714313"/>
 <node id="10052800534" visible="true" version="1" changeset="126636220" timestamp="2022-09-26T05:09:28Z" user="AYAGE" uid="521665" lat="34.1031999" lon="131.9713797"/>
 <node id="10052800535" visible="true" version="1" changeset="126636220" timestamp="2022-09-26T05:09:28Z" user="AYAGE" uid="521665" lat="34.1030184" lon="131.9713864"/>
 <node id="10052800536" visible="true" version="1" changeset="126636220" timestamp="2022-09-26T05:09:28Z" user="AYAGE" uid="521665" lat="34.1029434" lon="131.9713703"/>
 <node id="10052800537" visible="true" version="1" changeset="126636220" timestamp="2022-09-26T05:09:28Z" user="AYAGE" uid="521665" lat="34.1028057" lon="131.9712791"/>
 <node id="10052800538" visible="true" version="1" changeset="126636220" timestamp="2022-09-26T05:09:28Z" user="AYAGE" uid="521665" lat="34.1026414" lon="131.9713488"/>
 <node id="10052800539" visible="true" version="1" changeset="126636220" timestamp="2022-09-26T05:09:28Z" user="AYAGE" uid="521665" lat="34.1025259" lon="131.9714186"/>
 <node id="10052800540" visible="true" version="1" changeset="126636220" timestamp="2022-09-26T05:09:28Z" user="AYAGE" uid="521665" lat="34.1022483" lon="131.9714373"/>
 <node id="10052800541" visible="true" version="1" changeset="126636220" timestamp="2022-09-26T05:09:28Z" user="AYAGE" uid="521665" lat="34.1022260" lon="131.9715553"/>
 <node id="10052800542" visible="true" version="1" changeset="126636220" timestamp="2022-09-26T05:09:28Z" user="AYAGE" uid="521665" lat="34.1023860" lon="131.9716600"/>
 <node id="10052800543" visible="true" version="1" changeset="126636220" timestamp="2022-09-26T05:09:28Z" user="AYAGE" uid="521665" lat="34.1025592" lon="131.9717270"/>
 <node id="10052800544" visible="true" version="1" changeset="126636220" timestamp="2022-09-26T05:09:28Z" user="AYAGE" uid="521665" lat="34.1026636" lon="131.9717619"/>
 <node id="10052800545" visible="true" version="1" changeset="126636220" timestamp="2022-09-26T05:09:28Z" user="AYAGE" uid="521665" lat="34.1028568" lon="131.9719228"/>
 <node id="10052800646" visible="true" version="1" changeset="126636220" timestamp="2022-09-26T05:09:28Z" user="AYAGE" uid="521665" lat="34.1045819" lon="131.9726242"/>
 <node id="10052800647" visible="true" version="1" changeset="126636220" timestamp="2022-09-26T05:09:28Z" user="AYAGE" uid="521665" lat="34.1045913" lon="131.9728670"/>
 <node id="10052800648" visible="true" version="1" changeset="126636220" timestamp="2022-09-26T05:09:28Z" user="AYAGE" uid="521665" lat="34.1046358" lon="131.9729125"/>
 <node id="10052800649" visible="true" version="1" changeset="126636220" timestamp="2022-09-26T05:09:28Z" user="AYAGE" uid="521665" lat="34.1048928" lon="131.9730078"/>
 <node id="10052800650" visible="true" version="1" changeset="126636220" timestamp="2022-09-26T05:09:28Z" user="AYAGE" uid="521665" lat="34.1052315" lon="131.9733115"/>
 <node id="10052800651" visible="true" version="1" changeset="126636220" timestamp="2022-09-26T05:09:28Z" user="AYAGE" uid="521665" lat="34.1053848" lon="131.9733712"/>
 <node id="10052800652" visible="true" version="1" changeset="126636220" timestamp="2022-09-26T05:09:28Z" user="AYAGE" uid="521665" lat="34.1054619" lon="131.9734202"/>
 <node id="10052800653" visible="true" version="1" changeset="126636220" timestamp="2022-09-26T05:09:28Z" user="AYAGE" uid="521665" lat="34.1056463" lon="131.9736019"/>
 <node id="10052800654" visible="true" version="1" changeset="126636220" timestamp="2022-09-26T05:09:28Z" user="AYAGE" uid="521665" lat="34.1057168" lon="131.9736166"/>
 <node id="10052800655" visible="true" version="1" changeset="126636220" timestamp="2022-09-26T05:09:28Z" user="AYAGE" uid="521665" lat="34.1059089" lon="131.9735905"/>
 <node id="10052800656" visible="true" version="1" changeset="126636220" timestamp="2022-09-26T05:09:28Z" user="AYAGE" uid="521665" lat="34.1062298" lon="131.9736689"/>
 <node id="10052800657" visible="true" version="1" changeset="126636220" timestamp="2022-09-26T05:09:28Z" user="AYAGE" uid="521665" lat="34.1062953" lon="131.9736978"/>
 <node id="10052800658" visible="true" version="1" changeset="126636220" timestamp="2022-09-26T05:09:28Z" user="AYAGE" uid="521665" lat="34.1066162" lon="131.9739566"/>
 <node id="10052808751" visible="true" version="1" changeset="126636581" timestamp="2022-09-26T05:22:14Z" user="AYAGE" uid="521665" lat="34.1133169" lon="131.9782501"/>
 <node id="10052808752" visible="true" version="1" changeset="126636581" timestamp="2022-09-26T05:22:14Z" user="AYAGE" uid="521665" lat="34.1135167" lon="131.9780275"/>
 <node id="10052808753" visible="true" version="1" changeset="126636581" timestamp="2022-09-26T05:22:14Z" user="AYAGE" uid="521665" lat="34.1135078" lon="131.9778773"/>
 <node id="10052808754" visible="true" version="1" changeset="126636581" timestamp="2022-09-26T05:22:14Z" user="AYAGE" uid="521665" lat="34.1132991" lon="131.9777727"/>
 <node id="10052808755" visible="true" version="1" changeset="126636581" timestamp="2022-09-26T05:22:14Z" user="AYAGE" uid="521665" lat="34.1131481" lon="131.9777888"/>
 <node id="10052808756" visible="true" version="1" changeset="126636581" timestamp="2022-09-26T05:22:14Z" user="AYAGE" uid="521665" lat="34.1123220" lon="131.9781053"/>
 <node id="10052808757" visible="true" version="1" changeset="126636581" timestamp="2022-09-26T05:22:14Z" user="AYAGE" uid="521665" lat="34.1125218" lon="131.9779846"/>
 <node id="10052808758" visible="true" version="1" changeset="126636581" timestamp="2022-09-26T05:22:14Z" user="AYAGE" uid="521665" lat="34.1132946" lon="131.9783387"/>
 <node id="10052808759" visible="true" version="1" changeset="126636581" timestamp="2022-09-26T05:22:14Z" user="AYAGE" uid="521665" lat="34.1133435" lon="131.9783628"/>
 <node id="10052808760" visible="true" version="1" changeset="126636581" timestamp="2022-09-26T05:22:14Z" user="AYAGE" uid="521665" lat="34.1135012" lon="131.9782957"/>
 <node id="10052808761" visible="true" version="1" changeset="126636581" timestamp="2022-09-26T05:22:14Z" user="AYAGE" uid="521665" lat="34.1138498" lon="131.9781455"/>
 <node id="10052808762" visible="true" version="1" changeset="126636581" timestamp="2022-09-26T05:22:14Z" user="AYAGE" uid="521665" lat="34.1141119" lon="131.9780812"/>
 <node id="10052808763" visible="true" version="1" changeset="126636581" timestamp="2022-09-26T05:22:14Z" user="AYAGE" uid="521665" lat="34.1143583" lon="131.9780436"/>
 <node id="10052808764" visible="true" version="1" changeset="126636581" timestamp="2022-09-26T05:22:14Z" user="AYAGE" uid="521665" lat="34.1145560" lon="131.9781536"/>
 <node id="10052808765" visible="true" version="1" changeset="126636581" timestamp="2022-09-26T05:22:14Z" user="AYAGE" uid="521665" lat="34.1146071" lon="131.9783279"/>
 <node id="10052808766" visible="true" version="1" changeset="126636581" timestamp="2022-09-26T05:22:14Z" user="AYAGE" uid="521665" lat="34.1143872" lon="131.9782421"/>
 <node id="10052808767" visible="true" version="1" changeset="126636581" timestamp="2022-09-26T05:22:14Z" user="AYAGE" uid="521665" lat="34.1141163" lon="131.9782528"/>
 <node id="10052808768" visible="true" version="1" changeset="126636581" timestamp="2022-09-26T05:22:14Z" user="AYAGE" uid="521665" lat="34.1137699" lon="131.9783628"/>
 <node id="10052808769" visible="true" version="1" changeset="126636581" timestamp="2022-09-26T05:22:14Z" user="AYAGE" uid="521665" lat="34.1136899" lon="131.9784406"/>
 <node id="10052808770" visible="true" version="1" changeset="126636581" timestamp="2022-09-26T05:22:14Z" user="AYAGE" uid="521665" lat="34.1137266" lon="131.9785586"/>
 <node id="10052808771" visible="true" version="1" changeset="126636581" timestamp="2022-09-26T05:22:14Z" user="AYAGE" uid="521665" lat="34.1136488" lon="131.9786672"/>
 <node id="10052808772" visible="true" version="1" changeset="126636581" timestamp="2022-09-26T05:22:14Z" user="AYAGE" uid="521665" lat="34.1136888" lon="131.9788228"/>
 <node id="10052808773" visible="true" version="1" changeset="126636581" timestamp="2022-09-26T05:22:14Z" user="AYAGE" uid="521665" lat="34.1137765" lon="131.9789623"/>
 <node id="10052808774" visible="true" version="1" changeset="126636581" timestamp="2022-09-26T05:22:14Z" user="AYAGE" uid="521665" lat="34.1138942" lon="131.9789985"/>
 <node id="10052808775" visible="true" version="1" changeset="126636581" timestamp="2022-09-26T05:22:14Z" user="AYAGE" uid="521665" lat="34.1139464" lon="131.9791219"/>
 <node id="10052808776" visible="true" version="1" changeset="126636581" timestamp="2022-09-26T05:22:14Z" user="AYAGE" uid="521665" lat="34.1139442" lon="131.9792694"/>
 <node id="10052808777" visible="true" version="1" changeset="126636581" timestamp="2022-09-26T05:22:14Z" user="AYAGE" uid="521665" lat="34.1140008" lon="131.9793418"/>
 <node id="10052808778" visible="true" version="1" changeset="126636581" timestamp="2022-09-26T05:22:14Z" user="AYAGE" uid="521665" lat="34.1140752" lon="131.9794840"/>
 <node id="10052808779" visible="true" version="1" changeset="126636581" timestamp="2022-09-26T05:22:14Z" user="AYAGE" uid="521665" lat="34.1140763" lon="131.9796529"/>
 <node id="10052808780" visible="true" version="1" changeset="126636581" timestamp="2022-09-26T05:22:14Z" user="AYAGE" uid="521665" lat="34.1141674" lon="131.9798581"/>
 <node id="10052808781" visible="true" version="1" changeset="126636581" timestamp="2022-09-26T05:22:14Z" user="AYAGE" uid="521665" lat="34.1142573" lon="131.9799426"/>
 <node id="10052808782" visible="true" version="1" changeset="126636581" timestamp="2022-09-26T05:22:14Z" user="AYAGE" uid="521665" lat="34.1143717" lon="131.9801304"/>
 <node id="10052808783" visible="true" version="1" changeset="126636581" timestamp="2022-09-26T05:22:14Z" user="AYAGE" uid="521665" lat="34.1145160" lon="131.9804308"/>
 <node id="10052808784" visible="true" version="1" changeset="126636581" timestamp="2022-09-26T05:22:14Z" user="AYAGE" uid="521665" lat="34.1144794" lon="131.9805086"/>
 <node id="10052808785" visible="true" version="1" changeset="126636581" timestamp="2022-09-26T05:22:14Z" user="AYAGE" uid="521665" lat="34.1143328" lon="131.9804978"/>
 <node id="10052808786" visible="true" version="1" changeset="126636581" timestamp="2022-09-26T05:22:14Z" user="AYAGE" uid="521665" lat="34.1141874" lon="131.9805461"/>
 <node id="10052808787" visible="true" version="1" changeset="126636581" timestamp="2022-09-26T05:22:14Z" user="AYAGE" uid="521665" lat="34.1140319" lon="131.9804522"/>
 <node id="10052808788" visible="true" version="1" changeset="126636581" timestamp="2022-09-26T05:22:14Z" user="AYAGE" uid="521665" lat="34.1138387" lon="131.9802283"/>
 <node id="10052808789" visible="true" version="1" changeset="126636581" timestamp="2022-09-26T05:22:14Z" user="AYAGE" uid="521665" lat="34.1136810" lon="131.9800955"/>
 <node id="10052808790" visible="true" version="1" changeset="126636581" timestamp="2022-09-26T05:22:14Z" user="AYAGE" uid="521665" lat="34.1137654" lon="131.9802578"/>
 <node id="10052808791" visible="true" version="1" changeset="126636581" timestamp="2022-09-26T05:22:14Z" user="AYAGE" uid="521665" lat="34.1138387" lon="131.9804925"/>
 <node id="10052808792" visible="true" version="1" changeset="126636581" timestamp="2022-09-26T05:22:14Z" user="AYAGE" uid="521665" lat="34.1139275" lon="131.9807178"/>
 <node id="10052808793" visible="true" version="1" changeset="126636581" timestamp="2022-09-26T05:22:14Z" user="AYAGE" uid="521665" lat="34.1138942" lon="131.9809914"/>
 <node id="10052808794" visible="true" version="1" changeset="126636581" timestamp="2022-09-26T05:22:14Z" user="AYAGE" uid="521665" lat="34.1137699" lon="131.9811040"/>
 <node id="10052808795" visible="true" version="1" changeset="126636581" timestamp="2022-09-26T05:22:14Z" user="AYAGE" uid="521665" lat="34.1136833" lon="131.9809806"/>
 <node id="10052808796" visible="true" version="1" changeset="126636581" timestamp="2022-09-26T05:22:14Z" user="AYAGE" uid="521665" lat="34.1135856" lon="131.9806440"/>
 <node id="10052808797" visible="true" version="1" changeset="126636581" timestamp="2022-09-26T05:22:14Z" user="AYAGE" uid="521665" lat="34.1134323" lon="131.9804455"/>
 <node id="10052808798" visible="true" version="1" changeset="126636581" timestamp="2022-09-26T05:22:14Z" user="AYAGE" uid="521665" lat="34.1132469" lon="131.9803275"/>
 <node id="10052808799" visible="true" version="1" changeset="126636581" timestamp="2022-09-26T05:22:14Z" user="AYAGE" uid="521665" lat="34.1130892" lon="131.9805528"/>
 <node id="10052808800" visible="true" version="1" changeset="126636581" timestamp="2022-09-26T05:22:14Z" user="AYAGE" uid="521665" lat="34.1129860" lon="131.9807097"/>
 <node id="10052808801" visible="true" version="1" changeset="126636581" timestamp="2022-09-26T05:22:14Z" user="AYAGE" uid="521665" lat="34.1128727" lon="131.9809189"/>
 <node id="10052808802" visible="true" version="1" changeset="126636581" timestamp="2022-09-26T05:22:14Z" user="AYAGE" uid="521665" lat="34.1126928" lon="131.9811496"/>
 <node id="10052808803" visible="true" version="1" changeset="126636581" timestamp="2022-09-26T05:22:14Z" user="AYAGE" uid="521665" lat="34.1126262" lon="131.9812730"/>
 <node id="10052808804" visible="true" version="1" changeset="126636581" timestamp="2022-09-26T05:22:14Z" user="AYAGE" uid="521665" lat="34.1126462" lon="131.9815895"/>
 <node id="10052808805" visible="true" version="1" changeset="126636581" timestamp="2022-09-26T05:22:14Z" user="AYAGE" uid="521665" lat="34.1126595" lon="131.9818738"/>
 <node id="10052808806" visible="true" version="1" changeset="126636581" timestamp="2022-09-26T05:22:14Z" user="AYAGE" uid="521665" lat="34.1127239" lon="131.9821528"/>
 <node id="10052808807" visible="true" version="1" changeset="126636581" timestamp="2022-09-26T05:22:14Z" user="AYAGE" uid="521665" lat="34.1127128" lon="131.9823432"/>
 <node id="10052808808" visible="true" version="1" changeset="126636581" timestamp="2022-09-26T05:22:14Z" user="AYAGE" uid="521665" lat="34.1126751" lon="131.9823968"/>
 <node id="10052808809" visible="true" version="1" changeset="126636581" timestamp="2022-09-26T05:22:14Z" user="AYAGE" uid="521665" lat="34.1125263" lon="131.9823298"/>
 <node id="10052808810" visible="true" version="1" changeset="126636581" timestamp="2022-09-26T05:22:14Z" user="AYAGE" uid="521665" lat="34.1123797" lon="131.9823325"/>
 <node id="10052808811" visible="true" version="1" changeset="126636581" timestamp="2022-09-26T05:22:14Z" user="AYAGE" uid="521665" lat="34.1122398" lon="131.9824451"/>
 <node id="10052808812" visible="true" version="1" changeset="126636581" timestamp="2022-09-26T05:22:14Z" user="AYAGE" uid="521665" lat="34.1120821" lon="131.9826007"/>
 <node id="10052808813" visible="true" version="1" changeset="126636581" timestamp="2022-09-26T05:22:14Z" user="AYAGE" uid="521665" lat="34.1120022" lon="131.9826356"/>
 <node id="10052808814" visible="true" version="1" changeset="126636581" timestamp="2022-09-26T05:22:14Z" user="AYAGE" uid="521665" lat="34.1120333" lon="131.9825041"/>
 <node id="10052808815" visible="true" version="1" changeset="126636581" timestamp="2022-09-26T05:22:14Z" user="AYAGE" uid="521665" lat="34.1122742" lon="131.9822319"/>
 <node id="10052808816" visible="true" version="1" changeset="126636581" timestamp="2022-09-26T05:22:14Z" user="AYAGE" uid="521665" lat="34.1123275" lon="131.9820683"/>
 <node id="10052815717" visible="true" version="1" changeset="126636581" timestamp="2022-09-26T05:22:14Z" user="AYAGE" uid="521665" lat="34.1123397" lon="131.9816445"/>
 <node id="10052815718" visible="true" version="1" changeset="126636581" timestamp="2022-09-26T05:22:14Z" user="AYAGE" uid="521665" lat="34.1123087" lon="131.9814379"/>
 <node id="10052815719" visible="true" version="1" changeset="126636581" timestamp="2022-09-26T05:22:14Z" user="AYAGE" uid="521665" lat="34.1123164" lon="131.9811121"/>
 <node id="10052815720" visible="true" version="1" changeset="126636581" timestamp="2022-09-26T05:22:14Z" user="AYAGE" uid="521665" lat="34.1124241" lon="131.9806159"/>
 <node id="10052815721" visible="true" version="1" changeset="126636581" timestamp="2022-09-26T05:22:14Z" user="AYAGE" uid="521665" lat="34.1124441" lon="131.9803369"/>
 <node id="10052815722" visible="true" version="1" changeset="126636581" timestamp="2022-09-26T05:22:14Z" user="AYAGE" uid="521665" lat="34.1123975" lon="131.9801223"/>
 <node id="10052815723" visible="true" version="1" changeset="126636581" timestamp="2022-09-26T05:22:14Z" user="AYAGE" uid="521665" lat="34.1122687" lon="131.9799305"/>
 <node id="10052815724" visible="true" version="1" changeset="126636581" timestamp="2022-09-26T05:22:14Z" user="AYAGE" uid="521665" lat="34.1122531" lon="131.9797991"/>
 <node id="10052815725" visible="true" version="1" changeset="126636581" timestamp="2022-09-26T05:22:14Z" user="AYAGE" uid="521665" lat="34.1123109" lon="131.9796731"/>
 <node id="10052815726" visible="true" version="1" changeset="126636581" timestamp="2022-09-26T05:22:14Z" user="AYAGE" uid="521665" lat="34.1124674" lon="131.9795805"/>
 <node id="10052815727" visible="true" version="1" changeset="126636581" timestamp="2022-09-26T05:22:14Z" user="AYAGE" uid="521665" lat="34.1126073" lon="131.9793941"/>
 <node id="10052815728" visible="true" version="1" changeset="126636581" timestamp="2022-09-26T05:22:14Z" user="AYAGE" uid="521665" lat="34.1127028" lon="131.9789220"/>
 <node id="10052815729" visible="true" version="1" changeset="126636581" timestamp="2022-09-26T05:22:14Z" user="AYAGE" uid="521665" lat="34.1126962" lon="131.9786954"/>
 <node id="10052815730" visible="true" version="1" changeset="126636581" timestamp="2022-09-26T05:22:14Z" user="AYAGE" uid="521665" lat="34.1125507" lon="131.9786645"/>
 <node id="10052815731" visible="true" version="1" changeset="126636581" timestamp="2022-09-26T05:22:14Z" user="AYAGE" uid="521665" lat="34.1123397" lon="131.9787155"/>
 <node id="10052815732" visible="true" version="1" changeset="126636581" timestamp="2022-09-26T05:22:14Z" user="AYAGE" uid="521665" lat="34.1121710" lon="131.9788510"/>
 <node id="10052815733" visible="true" version="1" changeset="126636581" timestamp="2022-09-26T05:22:14Z" user="AYAGE" uid="521665" lat="34.1119767" lon="131.9789019"/>
 <node id="10052815734" visible="true" version="1" changeset="126636581" timestamp="2022-09-26T05:22:14Z" user="AYAGE" uid="521665" lat="34.1118145" lon="131.9788469"/>
 <node id="10052815735" visible="true" version="1" changeset="126636581" timestamp="2022-09-26T05:22:14Z" user="AYAGE" uid="521665" lat="34.1115947" lon="131.9787437"/>
 <node id="10052815736" visible="true" version="1" changeset="126636581" timestamp="2022-09-26T05:22:14Z" user="AYAGE" uid="521665" lat="34.1112649" lon="131.9787209"/>
 <node id="10052815737" visible="true" version="1" changeset="126636581" timestamp="2022-09-26T05:22:14Z" user="AYAGE" uid="521665" lat="34.1110395" lon="131.9788121"/>
 <node id="10052815738" visible="true" version="1" changeset="126636581" timestamp="2022-09-26T05:22:14Z" user="AYAGE" uid="521665" lat="34.1107219" lon="131.9787289"/>
 <node id="10052815739" visible="true" version="1" changeset="126636581" timestamp="2022-09-26T05:22:14Z" user="AYAGE" uid="521665" lat="34.1104799" lon="131.9786860"/>
 <node id="10052815740" visible="true" version="1" changeset="126636581" timestamp="2022-09-26T05:22:14Z" user="AYAGE" uid="521665" lat="34.1102445" lon="131.9784848"/>
 <node id="10052815741" visible="true" version="1" changeset="126636581" timestamp="2022-09-26T05:22:14Z" user="AYAGE" uid="521665" lat="34.1101756" lon="131.9782877"/>
 <node id="10052815742" visible="true" version="1" changeset="126636581" timestamp="2022-09-26T05:22:14Z" user="AYAGE" uid="521665" lat="34.1101379" lon="131.9778693"/>
 <node id="10052815743" visible="true" version="1" changeset="126636581" timestamp="2022-09-26T05:22:14Z" user="AYAGE" uid="521665" lat="34.1100479" lon="131.9777486"/>
 <node id="10052815744" visible="true" version="1" changeset="126636581" timestamp="2022-09-26T05:22:14Z" user="AYAGE" uid="521665" lat="34.1097937" lon="131.9777700"/>
 <node id="10052815745" visible="true" version="1" changeset="126636581" timestamp="2022-09-26T05:22:14Z" user="AYAGE" uid="521665" lat="34.1096649" lon="131.9778304"/>
 <node id="10052815746" visible="true" version="1" changeset="126636581" timestamp="2022-09-26T05:22:14Z" user="AYAGE" uid="521665" lat="34.1096238" lon="131.9780114"/>
 <node id="10052815747" visible="true" version="1" changeset="126636581" timestamp="2022-09-26T05:22:14Z" user="AYAGE" uid="521665" lat="34.1097015" lon="131.9781992"/>
 <node id="10052815748" visible="true" version="1" changeset="126636581" timestamp="2022-09-26T05:22:14Z" user="AYAGE" uid="521665" lat="34.1097426" lon="131.9784714"/>
 <node id="10052815749" visible="true" version="1" changeset="126636581" timestamp="2022-09-26T05:22:14Z" user="AYAGE" uid="521665" lat="34.1097204" lon="131.9786699"/>
 <node id="10052815750" visible="true" version="1" changeset="126636581" timestamp="2022-09-26T05:22:14Z" user="AYAGE" uid="521665" lat="34.1096160" lon="131.9789730"/>
 <node id="10052815751" visible="true" version="1" changeset="126636581" timestamp="2022-09-26T05:22:14Z" user="AYAGE" uid="521665" lat="34.1096415" lon="131.9791809"/>
 <node id="10052815752" visible="true" version="1" changeset="126636581" timestamp="2022-09-26T05:22:14Z" user="AYAGE" uid="521665" lat="34.1097459" lon="131.9792908"/>
 <node id="10052815753" visible="true" version="1" changeset="126636581" timestamp="2022-09-26T05:22:14Z" user="AYAGE" uid="521665" lat="34.1098114" lon="131.9794397"/>
 <node id="10052815754" visible="true" version="1" changeset="126636581" timestamp="2022-09-26T05:22:14Z" user="AYAGE" uid="521665" lat="34.1097193" lon="131.9795980"/>
 <node id="10052815755" visible="true" version="1" changeset="126636581" timestamp="2022-09-26T05:22:14Z" user="AYAGE" uid="521665" lat="34.1095161" lon="131.9795872"/>
 <node id="10052815756" visible="true" version="1" changeset="126636581" timestamp="2022-09-26T05:22:14Z" user="AYAGE" uid="521665" lat="34.1093995" lon="131.9796288"/>
 <node id="10052815757" visible="true" version="1" changeset="126636581" timestamp="2022-09-26T05:22:14Z" user="AYAGE" uid="521665" lat="34.1093151" lon="131.9797307"/>
 <node id="10052815758" visible="true" version="1" changeset="126636581" timestamp="2022-09-26T05:22:14Z" user="AYAGE" uid="521665" lat="34.1091685" lon="131.9797871"/>
 <node id="10052815759" visible="true" version="1" changeset="126636581" timestamp="2022-09-26T05:22:14Z" user="AYAGE" uid="521665" lat="34.1091363" lon="131.9798715"/>
 <node id="10052815760" visible="true" version="1" changeset="126636581" timestamp="2022-09-26T05:22:14Z" user="AYAGE" uid="521665" lat="34.1092107" lon="131.9800177"/>
 <node id="10052815761" visible="true" version="1" changeset="126636581" timestamp="2022-09-26T05:22:14Z" user="AYAGE" uid="521665" lat="34.1094639" lon="131.9801854"/>
 <node id="10052815762" visible="true" version="1" changeset="126636581" timestamp="2022-09-26T05:22:14Z" user="AYAGE" uid="521665" lat="34.1095461" lon="131.9802631"/>
 <node id="10052815763" visible="true" version="1" changeset="126636581" timestamp="2022-09-26T05:22:14Z" user="AYAGE" uid="521665" lat="34.1095372" lon="131.9803919"/>
 <node id="10052815764" visible="true" version="1" changeset="126636581" timestamp="2022-09-26T05:22:14Z" user="AYAGE" uid="521665" lat="34.1094184" lon="131.9805595"/>
 <node id="10052815765" visible="true" version="1" changeset="126636581" timestamp="2022-09-26T05:22:14Z" user="AYAGE" uid="521665" lat="34.1094128" lon="131.9807191"/>
 <node id="10052815766" visible="true" version="1" changeset="126636581" timestamp="2022-09-26T05:22:14Z" user="AYAGE" uid="521665" lat="34.1094494" lon="131.9808841"/>
 <node id="10052815767" visible="true" version="1" changeset="126636581" timestamp="2022-09-26T05:22:14Z" user="AYAGE" uid="521665" lat="34.1095139" lon="131.9809404"/>
 <node id="10052815768" visible="true" version="1" changeset="126636581" timestamp="2022-09-26T05:22:14Z" user="AYAGE" uid="521665" lat="34.1095572" lon="131.9810477"/>
 <node id="10052815769" visible="true" version="1" changeset="126636581" timestamp="2022-09-26T05:22:14Z" user="AYAGE" uid="521665" lat="34.1096815" lon="131.9812448"/>
 <node id="10052815770" visible="true" version="1" changeset="126636581" timestamp="2022-09-26T05:22:14Z" user="AYAGE" uid="521665" lat="34.1098281" lon="131.9813360"/>
 <node id="10052815771" visible="true" version="1" changeset="126636581" timestamp="2022-09-26T05:22:14Z" user="AYAGE" uid="521665" lat="34.1098658" lon="131.9814098"/>
 <node id="10052815772" visible="true" version="1" changeset="126636581" timestamp="2022-09-26T05:22:14Z" user="AYAGE" uid="521665" lat="34.1097481" lon="131.9815573"/>
 <node id="10052815773" visible="true" version="1" changeset="126636581" timestamp="2022-09-26T05:22:14Z" user="AYAGE" uid="521665" lat="34.1097526" lon="131.9816297"/>
 <node id="10052815774" visible="true" version="1" changeset="126636581" timestamp="2022-09-26T05:22:14Z" user="AYAGE" uid="521665" lat="34.1098980" lon="131.9817464"/>
 <node id="10052815775" visible="true" version="1" changeset="126636581" timestamp="2022-09-26T05:22:14Z" user="AYAGE" uid="521665" lat="34.1100724" lon="131.9818604"/>
 <node id="10052815776" visible="true" version="1" changeset="126636581" timestamp="2022-09-26T05:22:14Z" user="AYAGE" uid="521665" lat="34.1101101" lon="131.9819570"/>
 <node id="10052815777" visible="true" version="1" changeset="126636581" timestamp="2022-09-26T05:22:14Z" user="AYAGE" uid="521665" lat="34.1100690" lon="131.9820978"/>
 <node id="10052815778" visible="true" version="1" changeset="126636581" timestamp="2022-09-26T05:22:14Z" user="AYAGE" uid="521665" lat="34.1099491" lon="131.9821286"/>
 <node id="10052815779" visible="true" version="1" changeset="126636581" timestamp="2022-09-26T05:22:14Z" user="AYAGE" uid="521665" lat="34.1097326" lon="131.9820508"/>
 <node id="10052815780" visible="true" version="1" changeset="126636581" timestamp="2022-09-26T05:22:14Z" user="AYAGE" uid="521665" lat="34.1096671" lon="131.9820750"/>
 <node id="10052815781" visible="true" version="1" changeset="126636581" timestamp="2022-09-26T05:22:14Z" user="AYAGE" uid="521665" lat="34.1096171" lon="131.9822735"/>
 <node id="10052815782" visible="true" version="1" changeset="126636581" timestamp="2022-09-26T05:22:14Z" user="AYAGE" uid="521665" lat="34.1095216" lon="131.9824921"/>
 <node id="10052815783" visible="true" version="1" changeset="126636581" timestamp="2022-09-26T05:22:14Z" user="AYAGE" uid="521665" lat="34.1094950" lon="131.9827603"/>
 <node id="10052815784" visible="true" version="1" changeset="126636581" timestamp="2022-09-26T05:22:14Z" user="AYAGE" uid="521665" lat="34.1095605" lon="131.9829454"/>
 <node id="10052815785" visible="true" version="1" changeset="126636581" timestamp="2022-09-26T05:22:14Z" user="AYAGE" uid="521665" lat="34.1095960" lon="131.9831277"/>
 <node id="10056665857" visible="true" version="1" changeset="126706408" timestamp="2022-09-27T16:56:11Z" user="AYAGE" uid="521665" lat="34.1070676" lon="131.9738553"/>
 <node id="10056665858" visible="true" version="1" changeset="126706408" timestamp="2022-09-27T16:56:11Z" user="AYAGE" uid="521665" lat="34.1071565" lon="131.9743288"/>
 <node id="10056665859" visible="true" version="1" changeset="126706408" timestamp="2022-09-27T16:56:11Z" user="AYAGE" uid="521665" lat="34.1072020" lon="131.9746037"/>
 <node id="10056665860" visible="true" version="1" changeset="126706408" timestamp="2022-09-27T16:56:11Z" user="AYAGE" uid="521665" lat="34.1072409" lon="131.9746909"/>
 <node id="10056665861" visible="true" version="1" changeset="126706408" timestamp="2022-09-27T16:56:11Z" user="AYAGE" uid="521665" lat="34.1073208" lon="131.9747405"/>
 <node id="10056665862" visible="true" version="1" changeset="126706408" timestamp="2022-09-27T16:56:11Z" user="AYAGE" uid="521665" lat="34.1075884" lon="131.9749913"/>
 <node id="10056665863" visible="true" version="1" changeset="126706408" timestamp="2022-09-27T16:56:11Z" user="AYAGE" uid="521665" lat="34.1076239" lon="131.9750248"/>
 <node id="10056665877" visible="true" version="1" changeset="126706408" timestamp="2022-09-27T16:56:11Z" user="AYAGE" uid="521665" lat="34.1087654" lon="131.9736193"/>
 <node id="10056665878" visible="true" version="1" changeset="126706408" timestamp="2022-09-27T16:56:11Z" user="AYAGE" uid="521665" lat="34.1096449" lon="131.9737333"/>
 <node id="10056665879" visible="true" version="1" changeset="126706408" timestamp="2022-09-27T16:56:11Z" user="AYAGE" uid="521665" lat="34.1097393" lon="131.9737937"/>
 <node id="10059124211" visible="true" version="1" changeset="126748927" timestamp="2022-09-28T16:58:05Z" user="AYAGE" uid="521665" lat="34.1080770" lon="131.9431822"/>
 <way id="85466791" visible="true" version="14" changeset="169929269" timestamp="2025-08-04T00:07:21Z" user="taketaketake" uid="4757277">
  <nd ref="10035483587"/>
  <nd ref="1340849645"/>
  <nd ref="990845762"/>
  <nd ref="990845764"/>
  <nd ref="990845769"/>
  <nd ref="990845771"/>
  <nd ref="990845775"/>
  <nd ref="990845778"/>
  <nd ref="990845779"/>
  <nd ref="990845787"/>
  <nd ref="1340851101"/>
  <nd ref="1340675384"/>
  <nd ref="990845791"/>
  <nd ref="10059124211"/>
  <nd ref="990845792"/>
  <nd ref="990845793"/>
  <nd ref="990845800"/>
  <nd ref="990845808"/>
  <nd ref="990845809"/>
  <nd ref="990845811"/>
  <nd ref="990845812"/>
  <nd ref="990845813"/>
  <nd ref="990845814"/>
  <nd ref="990845816"/>
  <nd ref="990845817"/>
  <nd ref="990845823"/>
  <nd ref="990845825"/>
  <nd ref="1340683612"/>
  <nd ref="990845827"/>
  <nd ref="990845828"/>
  <nd ref="990845830"/>
  <nd ref="990845831"/>
  <nd ref="990845832"/>
  <nd ref="990845834"/>
  <nd ref="1340683533"/>
  <nd ref="990845835"/>
  <nd ref="990845836"/>
  <nd ref="990845844"/>
  <nd ref="1340851071"/>
  <nd ref="990845847"/>
  <nd ref="990845849"/>
  <nd ref="990845852"/>
  <nd ref="990845856"/>
  <nd ref="990845862"/>
  <nd ref="990845864"/>
  <nd ref="990845866"/>
  <nd ref="990845867"/>
  <nd ref="990845868"/>
  <nd ref="990845869"/>
  <nd ref="1340676909"/>
  <nd ref="990845872"/>
  <nd ref="990845874"/>
  <nd ref="990845875"/>
  <nd ref="990845878"/>
  <nd ref="990845882"/>
  <nd ref="1340680238"/>
  <nd ref="990845883"/>
  <nd ref="1340677450"/>
  <nd ref="990845884"/>
  <nd ref="990845888"/>
  <nd ref="990845891"/>
  <nd ref="990845895"/>
  <nd ref="990845896"/>
  <nd ref="990845898"/>
  <nd ref="1334177331"/>
  <nd ref="990845908"/>
  <nd ref="990845911"/>
  <nd ref="990845913"/>
  <nd ref="990845915"/>
  <nd ref="990845920"/>
  <nd ref="990845921"/>
  <nd ref="990845923"/>
  <nd ref="990845925"/>
  <nd ref="990845927"/>
  <nd ref="990845930"/>
  <nd ref="990845935"/>
  <nd ref="990845937"/>
  <nd ref="990845941"/>
  <nd ref="990845943"/>
  <nd ref="990845945"/>
  <nd ref="990845949"/>
  <nd ref="990845953"/>
  <nd ref="990845955"/>
  <nd ref="990845956"/>
  <nd ref="990845957"/>
  <nd ref="990845963"/>
  <nd ref="990845965"/>
  <nd ref="990845968"/>
  <nd ref="990845971"/>
  <nd ref="990845972"/>
  <nd ref="990845973"/>
  <nd ref="990845981"/>
  <nd ref="990845984"/>
  <nd ref="990845985"/>
  <nd ref="990845987"/>
  <nd ref="990845989"/>
  <nd ref="1334178408"/>
  <nd ref="10051952725"/>
  <nd ref="1334180205"/>
  <nd ref="990845993"/>
  <nd ref="990845995"/>
  <nd ref="990846003"/>
  <nd ref="990846006"/>
  <nd ref="990846008"/>
  <nd ref="990846009"/>
  <nd ref="990846010"/>
  <nd ref="990846013"/>
  <nd ref="990846024"/>
  <nd ref="990846026"/>
  <tag k="highway" v="trunk"/>
  <tag k="lanes" v="2"/>
  <tag k="name" v="国道376号"/>
  <tag k="name:en" v="National Highway Route 376"/>
  <tag k="name:ja" v="国道376号"/>
  <tag k="ref" v="376"/>
  <tag k="source" v="GSImaps/std"/>
  <tag k="surface" v="asphalt"/>
 </way>
 <way id="118673094" visible="true" version="2" changeset="126625565" timestamp="2022-09-25T18:15:13Z" user="AYAGE" uid="521665">
  <nd ref="1334190871"/>
  <nd ref="1334183704"/>
  <nd ref="1334176608"/>
  <nd ref="1334187715"/>
  <nd ref="10051952736"/>
  <nd ref="1334176169"/>
  <tag k="highway" v="unclassified"/>
  <tag k="source" v="YahooJapan/ALPSMAP"/>
 </way>
 <way id="118673256" visible="true" version="2" changeset="126625565" timestamp="2022-09-25T18:15:13Z" user="AYAGE" uid="521665">
  <nd ref="1334184840"/>
  <nd ref="1334181063"/>
  <nd ref="10051952784"/>
  <nd ref="1334194732"/>
  <nd ref="10051952785"/>
  <nd ref="10051952786"/>
  <nd ref="1334184945"/>
  <nd ref="10051952787"/>
  <nd ref="1334177848"/>
  <nd ref="1334188978"/>
  <nd ref="1334181914"/>
  <nd ref="1334195193"/>
  <nd ref="1334185427"/>
  <nd ref="1334178280"/>
  <nd ref="1334189426"/>
  <nd ref="1334182383"/>
  <nd ref="10051952788"/>
  <nd ref="1334195883"/>
  <nd ref="10051952789"/>
  <nd ref="1334185864"/>
  <nd ref="10051952790"/>
  <nd ref="10051952791"/>
  <nd ref="1334178705"/>
  <nd ref="1334176169"/>
  <tag k="highway" v="unclassified"/>
  <tag k="source" v="YahooJapan/ALPSMAP"/>
 </way>
 <way id="118673395" visible="true" version="2" changeset="126625565" timestamp="2022-09-25T18:15:13Z" user="AYAGE" uid="521665">
  <nd ref="1334180205"/>
  <nd ref="1334193888"/>
  <nd ref="1334190871"/>
  <tag k="highway" v="unclassified"/>
  <tag k="source" v="YahooJapan/ALPSMAP"/>
 </way>
 <way id="118673413" visible="true" version="3" changeset="126636220" timestamp="2022-09-26T05:09:28Z" user="AYAGE" uid="521665">
  <nd ref="1334190746"/>
  <nd ref="10052800646"/>
  <nd ref="10052800647"/>
  <nd ref="10052800648"/>
  <nd ref="1334185676"/>
  <nd ref="10052800649"/>
  <nd ref="1334185777"/>
  <nd ref="1334178723"/>
  <nd ref="10052800650"/>
  <nd ref="10052800651"/>
  <nd ref="10052800652"/>
  <nd ref="1334177763"/>
  <nd ref="10052800653"/>
  <nd ref="10052800654"/>
  <nd ref="10052800655"/>
  <nd ref="1334188902"/>
  <nd ref="10052800656"/>
  <nd ref="10052800657"/>
  <nd ref="1334185559"/>
  <nd ref="10052800658"/>
  <nd ref="10051952724"/>
  <nd ref="1334178408"/>
  <tag k="highway" v="residential"/>
  <tag k="source" v="YahooJapan/ALPSMAP"/>
 </way>
 <way id="118673567" visible="true" version="2" changeset="126625565" timestamp="2022-09-25T18:15:13Z" user="AYAGE" uid="521665">
  <nd ref="990846010"/>
  <nd ref="10051952797"/>
  <nd ref="10051952796"/>
  <nd ref="10051952795"/>
  <nd ref="10051952794"/>
  <nd ref="10051952793"/>
  <nd ref="1334179671"/>
  <nd ref="10051952792"/>
  <nd ref="1334176169"/>
  <tag k="highway" v="unclassified"/>
  <tag k="source" v="YahooJapan/ALPSMAP"/>
 </way>
 <way id="118673590" visible="true" version="3" changeset="126706408" timestamp="2022-09-27T16:56:11Z" user="AYAGE" uid="521665">
  <nd ref="1334177069"/>
  <nd ref="1334188192"/>
  <nd ref="1334180695"/>
  <nd ref="10056665879"/>
  <nd ref="10056665878"/>
  <nd ref="1334194347"/>
  <nd ref="1334184605"/>
  <nd ref="1334177510"/>
  <nd ref="1334188645"/>
  <nd ref="1334181264"/>
  <nd ref="10056665877"/>
  <nd ref="1334194837"/>
  <nd ref="1334185049"/>
  <nd ref="1334177950"/>
  <nd ref="1334189082"/>
  <nd ref="1334182049"/>
  <nd ref="10051952730"/>
  <nd ref="10051952731"/>
  <nd ref="10051952732"/>
  <nd ref="10051952733"/>
  <nd ref="10051952729"/>
  <nd ref="10051952728"/>
  <nd ref="10051952727"/>
  <nd ref="10051952726"/>
  <nd ref="10051952725"/>
  <tag k="highway" v="residential"/>
  <tag k="source" v="YahooJapan/ALPSMAP"/>
 </way>
 <way id="278781527" visible="true" version="4" changeset="73038788" timestamp="2019-08-05T20:02:55Z" user="futurumspes" uid="651065">
  <nd ref="2830888004"/>
  <nd ref="2830889001"/>
  <nd ref="2830889101"/>
  <nd ref="2830874712"/>
  <nd ref="2830874114"/>
  <nd ref="2830889201"/>
  <nd ref="2830889002"/>
  <nd ref="2830889003"/>
  <nd ref="2830889004"/>
  <nd ref="2830888102"/>
  <nd ref="2830888103"/>
  <nd ref="2830888104"/>
  <nd ref="2830888005"/>
  <nd ref="2830888006"/>
  <nd ref="2830888007"/>
  <nd ref="2830888008"/>
  <nd ref="2830888009"/>
  <nd ref="2830889005"/>
  <nd ref="6685355024"/>
  <nd ref="2830888010"/>
  <nd ref="6685355023"/>
  <nd ref="2830889007"/>
  <tag k="note" v="National-Land Numerical Information (River) 2006, MLIT Japan"/>
  <tag k="note:ja" v="国土数値情報(河川データ)平成18年国土交通省"/>
  <tag k="source" v="KSJ2"/>
  <tag k="source_ref" v="http://nlftp.mlit.go.jp/ksj/jpgis/datalist/KsjTmplt-W05.html"/>
  <tag k="waterway" v="stream"/>
 </way>
 <way id="711114645" visible="true" version="2" changeset="126706408" timestamp="2022-09-27T16:56:11Z" user="AYAGE" uid="521665">
  <nd ref="2830888106"/>
  <nd ref="10056665857"/>
  <nd ref="2830888014"/>
  <nd ref="10056665858"/>
  <nd ref="2830874713"/>
  <nd ref="10056665859"/>
  <nd ref="10056665860"/>
  <nd ref="10056665861"/>
  <nd ref="2830888015"/>
  <nd ref="2830888107"/>
  <nd ref="10056665862"/>
  <nd ref="10056665863"/>
  <nd ref="2830888108"/>
  <nd ref="2830888016"/>
  <nd ref="2830888109"/>
  <nd ref="2830888017"/>
  <nd ref="2830889008"/>
  <nd ref="2830874714"/>
  <nd ref="2830874715"/>
  <nd ref="2830874716"/>
  <nd ref="2830874717"/>
  <nd ref="2830874718"/>
  <nd ref="2830889009"/>
  <nd ref="749099105"/>
  <tag k="note" v="National-Land Numerical Information (River) 2006, MLIT Japan"/>
  <tag k="note:ja" v="国土数値情報(河川データ)平成18年国土交通省"/>
  <tag k="source" v="KSJ2"/>
  <tag k="source_ref" v="http://nlftp.mlit.go.jp/ksj/jpgis/datalist/KsjTmplt-W05.html"/>
  <tag k="waterway" v="stream"/>
 </way>
 <way id="711114646" visible="true" version="1" changeset="73038788" timestamp="2019-08-05T20:02:55Z" user="futurumspes" uid="651065">
  <nd ref="2830889007"/>
  <nd ref="2830888106"/>
  <tag k="layer" v="-1"/>
  <tag k="note" v="National-Land Numerical Information (River) 2006, MLIT Japan"/>
  <tag k="note:ja" v="国土数値情報(河川データ)平成18年国土交通省"/>
  <tag k="source" v="KSJ2"/>
  <tag k="source_ref" v="http://nlftp.mlit.go.jp/ksj/jpgis/datalist/KsjTmplt-W05.html"/>
  <tag k="tunnel" v="culvert"/>
  <tag k="waterway" v="stream"/>
 </way>
 <way id="771551616" visible="true" version="8" changeset="126710914" timestamp="2022-09-27T19:16:03Z" user="AYAGE" uid="521665">
  <nd ref="1615016696"/>
  <nd ref="1615016687"/>
  <nd ref="10052800125"/>
  <nd ref="10052800124"/>
  <nd ref="10052800123"/>
  <nd ref="10052800122"/>
  <nd ref="10052800121"/>
  <nd ref="10052800120"/>
  <nd ref="10052800119"/>
  <nd ref="10052800118"/>
  <nd ref="10052800117"/>
  <nd ref="10052782616"/>
  <nd ref="10052782615"/>
  <nd ref="10052782614"/>
  <nd ref="10052782613"/>
  <nd ref="10052782612"/>
  <nd ref="10052782611"/>
  <nd ref="10052782610"/>
  <nd ref="10052782609"/>
  <nd ref="10052782608"/>
  <nd ref="10052782607"/>
  <nd ref="10052782606"/>
  <nd ref="10052782605"/>
  <nd ref="10052782604"/>
  <nd ref="10052782603"/>
  <nd ref="10052782602"/>
  <nd ref="10052782601"/>
  <nd ref="10052782600"/>
  <nd ref="10052782599"/>
  <nd ref="10052782598"/>
  <nd ref="10052782597"/>
  <nd ref="10052782596"/>
  <nd ref="10052782595"/>
  <nd ref="10052782594"/>
  <nd ref="10052782593"/>
  <nd ref="10052782592"/>
  <nd ref="10052782591"/>
  <nd ref="10052782590"/>
  <nd ref="10052782589"/>
  <nd ref="10052782588"/>
  <nd ref="10052782587"/>
  <nd ref="10052782586"/>
  <nd ref="10052782585"/>
  <nd ref="10052782584"/>
  <nd ref="10052782583"/>
  <nd ref="10052782582"/>
  <nd ref="10052782581"/>
  <nd ref="10052782580"/>
  <nd ref="10052782579"/>
  <nd ref="10052782578"/>
  <nd ref="10052782577"/>
  <nd ref="10052782576"/>
  <nd ref="10052782575"/>
  <nd ref="10052782574"/>
  <nd ref="10052782573"/>
  <nd ref="10052782572"/>
  <nd ref="10052782571"/>
  <nd ref="10052782570"/>
  <nd ref="10052782569"/>
  <nd ref="10052782568"/>
  <nd ref="10052782567"/>
  <nd ref="10052782566"/>
  <nd ref="10052782565"/>
  <nd ref="10052782564"/>
  <nd ref="10052782563"/>
  <nd ref="10052782562"/>
  <nd ref="10052782561"/>
  <nd ref="10052782560"/>
  <nd ref="10052782559"/>
  <nd ref="10052782558"/>
  <nd ref="10052782557"/>
  <nd ref="10052782556"/>
  <nd ref="10052782555"/>
  <nd ref="10052782554"/>
  <nd ref="10052782553"/>
  <nd ref="10052782552"/>
  <nd ref="10052782551"/>
  <nd ref="10052782550"/>
  <nd ref="10052782549"/>
  <nd ref="10052782548"/>
  <nd ref="10052782547"/>
  <nd ref="10052782546"/>
  <nd ref="10052782545"/>
  <nd ref="10052782544"/>
  <nd ref="10052782543"/>
  <nd ref="10052782542"/>
  <nd ref="10052782541"/>
  <nd ref="10052782540"/>
  <nd ref="10052782539"/>
  <nd ref="1615015190"/>
  <nd ref="1615015172"/>
  <nd ref="1615015138"/>
  <nd ref="1615015121"/>
  <nd ref="1615015111"/>
  <nd ref="1615015120"/>
  <nd ref="1615015109"/>
  <nd ref="1615015094"/>
  <nd ref="1615015087"/>
  <nd ref="1615015093"/>
  <nd ref="1615015106"/>
  <nd ref="1615015134"/>
  <nd ref="1615015157"/>
  <nd ref="1615015184"/>
  <nd ref="1615015220"/>
  <nd ref="1615015243"/>
  <nd ref="1615015257"/>
  <nd ref="1615015275"/>
  <nd ref="1615015278"/>
  <nd ref="1615015280"/>
  <nd ref="1615015292"/>
  <nd ref="1615015313"/>
  <nd ref="1615015334"/>
  <nd ref="1615015348"/>
  <nd ref="1615015430"/>
  <nd ref="1615015497"/>
  <nd ref="1615015738"/>
  <nd ref="1615015943"/>
  <nd ref="10052808756"/>
  <nd ref="10052808757"/>
  <nd ref="1615016293"/>
  <nd ref="1615016371"/>
  <nd ref="10052808755"/>
  <nd ref="10052808754"/>
  <nd ref="10052808753"/>
  <nd ref="10052808752"/>
  <nd ref="10052808751"/>
  <nd ref="10052808758"/>
  <tag k="source" v="MLIT, Japan"/>
 </way>
 <way id="1097782070" visible="true" version="1" changeset="126625565" timestamp="2022-09-25T18:15:13Z" user="AYAGE" uid="521665">
  <nd ref="10051952733"/>
  <nd ref="1334195432"/>
  <nd ref="10051952734"/>
  <nd ref="10051952735"/>
  <nd ref="1334185530"/>
  <nd ref="1334190871"/>
  <tag k="highway" v="residential"/>
  <tag k="source" v="YahooJapan/ALPSMAP"/>
 </way>
 <way id="1097799213" visible="true" version="3" changeset="126636581" timestamp="2022-09-26T05:22:14Z" user="AYAGE" uid="521665">
  <nd ref="10052808758"/>
  <nd ref="10052808759"/>
  <nd ref="10052808760"/>
  <nd ref="10052808761"/>
  <nd ref="10052808762"/>
  <nd ref="10052808763"/>
  <nd ref="10052808764"/>
  <nd ref="10052808765"/>
  <nd ref="10052808766"/>
  <nd ref="10052808767"/>
  <nd ref="10052808768"/>
  <nd ref="10052808769"/>
  <nd ref="10052808770"/>
  <nd ref="10052808771"/>
  <nd ref="10052808772"/>
  <nd ref="10052808773"/>
  <nd ref="10052808774"/>
  <nd ref="10052808775"/>
  <nd ref="10052808776"/>
  <nd ref="10052808777"/>
  <nd ref="10052808778"/>
  <nd ref="10052808779"/>
  <nd ref="10052808780"/>
  <nd ref="10052808781"/>
  <nd ref="10052808782"/>
  <nd ref="10052808783"/>
  <nd ref="10052808784"/>
  <nd ref="10052808785"/>
  <nd ref="10052808786"/>
  <nd ref="10052808787"/>
  <nd ref="10052808788"/>
  <nd ref="10052808789"/>
  <nd ref="10052808790"/>
  <nd ref="10052808791"/>
  <nd ref="10052808792"/>
  <nd ref="10052808793"/>
  <nd ref="10052808794"/>
  <nd ref="10052808795"/>
  <nd ref="10052808796"/>
  <nd ref="10052808797"/>
  <nd ref="10052808798"/>
  <nd ref="10052808799"/>
  <nd ref="10052808800"/>
  <nd ref="10052808801"/>
  <nd ref="10052808802"/>
  <nd ref="10052808803"/>
  <nd ref="10052808804"/>
  <nd ref="10052808805"/>
  <nd ref="10052808806"/>
  <nd ref="10052808807"/>
  <nd ref="10052808808"/>
  <nd ref="10052808809"/>
  <nd ref="10052808810"/>
  <nd ref="10052808811"/>
  <nd ref="10052808812"/>
  <nd ref="10052808813"/>
  <nd ref="10052808814"/>
  <nd ref="10052808815"/>
  <nd ref="10052808816"/>
  <nd ref="10052815717"/>
  <nd ref="10052815718"/>
  <nd ref="10052815719"/>
  <nd ref="10052815720"/>
  <nd ref="10052815721"/>
  <nd ref="10052815722"/>
  <nd ref="10052815723"/>
  <nd ref="10052815724"/>
  <nd ref="10052815725"/>
  <nd ref="10052815726"/>
  <nd ref="10052815727"/>
  <nd ref="10052815728"/>
  <nd ref="10052815729"/>
  <nd ref="10052815730"/>
  <nd ref="10052815731"/>
  <nd ref="10052815732"/>
  <nd ref="10052815733"/>
  <nd ref="10052815734"/>
  <nd ref="10052815735"/>
  <nd ref="10052815736"/>
  <nd ref="10052815737"/>
  <nd ref="10052815738"/>
  <nd ref="10052815739"/>
  <nd ref="10052815740"/>
  <nd ref="10052815741"/>
  <nd ref="10052815742"/>
  <nd ref="10052815743"/>
  <nd ref="10052815744"/>
  <nd ref="10052815745"/>
  <nd ref="10052815746"/>
  <nd ref="10052815747"/>
  <nd ref="10052815748"/>
  <nd ref="10052815749"/>
  <nd ref="10052815750"/>
  <nd ref="10052815751"/>
  <nd ref="10052815752"/>
  <nd ref="10052815753"/>
  <nd ref="10052815754"/>
  <nd ref="10052815755"/>
  <nd ref="10052815756"/>
  <nd ref="10052815757"/>
  <nd ref="10052815758"/>
  <nd ref="10052815759"/>
  <nd ref="10052815760"/>
  <nd ref="10052815761"/>
  <nd ref="10052815762"/>
  <nd ref="10052815763"/>
  <nd ref="10052815764"/>
  <nd ref="10052815765"/>
  <nd ref="10052815766"/>
  <nd ref="10052815767"/>
  <nd ref="10052815768"/>
  <nd ref="10052815769"/>
  <nd ref="10052815770"/>
  <nd ref="10052815771"/>
  <nd ref="10052815772"/>
  <nd ref="10052815773"/>
  <nd ref="10052815774"/>
  <nd ref="10052815775"/>
  <nd ref="10052815776"/>
  <nd ref="10052815777"/>
  <nd ref="10052815778"/>
  <nd ref="10052815779"/>
  <nd ref="10052815780"/>
  <nd ref="10052815781"/>
  <nd ref="10052815782"/>
  <nd ref="10052815783"/>
  <nd ref="10052815784"/>
  <nd ref="10052815785"/>
  <nd ref="1615015301"/>
  <nd ref="10052130281"/>
  <nd ref="1615015298"/>
  <nd ref="10052130282"/>
  <nd ref="1615015288"/>
  <nd ref="10052130280"/>
  <nd ref="10052130279"/>
  <nd ref="10052130278"/>
  <nd ref="10052130277"/>
  <nd ref="10052130276"/>
  <nd ref="10052130275"/>
  <nd ref="10052130274"/>
  <nd ref="10052130273"/>
  <nd ref="10052130272"/>
  <nd ref="10052130271"/>
  <nd ref="10052130270"/>
  <nd ref="10052130269"/>
  <nd ref="10052130268"/>
  <nd ref="10052130267"/>
  <nd ref="10052130266"/>
  <nd ref="10052130265"/>
  <nd ref="10052130264"/>
  <nd ref="10052130263"/>
  <nd ref="10052130262"/>
  <nd ref="10052130261"/>
  <nd ref="10052130260"/>
  <nd ref="10052130259"/>
  <nd ref="10052130258"/>
  <nd ref="10052130257"/>
  <nd ref="10052130256"/>
  <nd ref="10052130255"/>
  <nd ref="10052130254"/>
  <nd ref="10052130253"/>
  <nd ref="10052130252"/>
  <nd ref="10052130251"/>
  <nd ref="10052130250"/>
  <nd ref="10052130249"/>
  <nd ref="10052130248"/>
  <nd ref="10052130247"/>
  <nd ref="10052130246"/>
  <nd ref="10052130245"/>
  <nd ref="10052130244"/>
  <nd ref="10052130243"/>
  <nd ref="10052130242"/>
  <nd ref="10052130241"/>
  <nd ref="10052130240"/>
  <nd ref="10052130239"/>
  <nd ref="10052130238"/>
  <nd ref="10052130237"/>
  <nd ref="10052130236"/>
  <nd ref="10052130235"/>
  <nd ref="10052130234"/>
  <nd ref="10052130233"/>
  <nd ref="10052130232"/>
  <nd ref="10052130231"/>
  <nd ref="10052130230"/>
  <nd ref="10052130229"/>
  <nd ref="10052130228"/>
  <nd ref="10052130227"/>
  <nd ref="10052130226"/>
  <nd ref="10052130225"/>
  <nd ref="10052130224"/>
  <nd ref="10052130223"/>
  <nd ref="10052130222"/>
  <nd ref="10052130221"/>
  <nd ref="10052130220"/>
  <nd ref="10052130219"/>
  <nd ref="10052130218"/>
  <nd ref="10052130217"/>
  <nd ref="10052130216"/>
  <nd ref="10052130215"/>
  <nd ref="10052130214"/>
  <nd ref="10052130213"/>
  <nd ref="10052130212"/>
  <nd ref="10052130211"/>
  <nd ref="10052130210"/>
  <nd ref="10052130209"/>
  <nd ref="10052130208"/>
  <nd ref="10052130207"/>
  <nd ref="10052130206"/>
  <nd ref="10052130205"/>
  <nd ref="10052130204"/>
  <nd ref="10052130203"/>
  <nd ref="10052130202"/>
  <nd ref="10052130201"/>
  <nd ref="10052130200"/>
  <nd ref="10052130199"/>
  <nd ref="10052130198"/>
  <nd ref="10052130197"/>
  <nd ref="10052130196"/>
  <nd ref="10052130195"/>
  <nd ref="10052130194"/>
  <nd ref="10052130193"/>
  <nd ref="10052130192"/>
  <nd ref="10052130191"/>
  <nd ref="10052130190"/>
  <nd ref="10052130189"/>
  <nd ref="10052130188"/>
  <nd ref="10052130187"/>
  <nd ref="10052130186"/>
  <nd ref="10052130185"/>
  <nd ref="10052130184"/>
  <nd ref="10052130183"/>
  <nd ref="10052130182"/>
  <nd ref="10052130181"/>
  <nd ref="10052130180"/>
  <nd ref="10052130179"/>
  <nd ref="10052130178"/>
  <nd ref="10052130177"/>
  <nd ref="10052130176"/>
  <nd ref="10052130175"/>
  <nd ref="10052130174"/>
  <nd ref="10052130173"/>
  <nd ref="10052130172"/>
  <nd ref="10052130171"/>
  <nd ref="10052130170"/>
  <nd ref="10052130169"/>
  <nd ref="10052130168"/>
  <nd ref="10052130167"/>
  <nd ref="10052130166"/>
  <nd ref="10052130165"/>
  <nd ref="10052130164"/>
  <nd ref="10052130163"/>
  <nd ref="10052130162"/>
  <nd ref="10052130161"/>
  <nd ref="10052130160"/>
  <nd ref="10052130159"/>
  <nd ref="10052130158"/>
  <nd ref="10052130157"/>
  <nd ref="10052130156"/>
  <nd ref="10052130155"/>
  <nd ref="10052130154"/>
  <nd ref="10052130153"/>
  <nd ref="10052130152"/>
  <nd ref="10052130151"/>
  <nd ref="10052130150"/>
  <nd ref="10052130149"/>
  <nd ref="10052130148"/>
  <nd ref="10052130147"/>
  <nd ref="10052130146"/>
  <nd ref="10052130145"/>
  <nd ref="10052130144"/>
  <nd ref="10052130143"/>
  <nd ref="10052130142"/>
  <nd ref="10052130141"/>
  <nd ref="10052130140"/>
  <nd ref="10052130139"/>
  <nd ref="10052130138"/>
  <nd ref="10052130137"/>
  <nd ref="10052130136"/>
  <nd ref="10052130135"/>
  <nd ref="10052130134"/>
  <nd ref="10052130133"/>
  <nd ref="10052130132"/>
  <nd ref="10052130131"/>
  <nd ref="10052130130"/>
  <nd ref="10052130129"/>
  <nd ref="10052130128"/>
  <nd ref="10052130127"/>
  <nd ref="10052130126"/>
  <nd ref="10052130125"/>
  <nd ref="10052130124"/>
  <nd ref="10052130123"/>
  <nd ref="10052130122"/>
  <nd ref="10052130121"/>
  <nd ref="10052130120"/>
  <nd ref="10052130119"/>
  <nd ref="10052130118"/>
  <nd ref="10052130117"/>
  <nd ref="10052130116"/>
  <nd ref="10052130115"/>
  <nd ref="10052130114"/>
  <nd ref="10052130113"/>
  <nd ref="10052130112"/>
  <nd ref="10052130111"/>
  <nd ref="10052130110"/>
  <nd ref="10052130109"/>
  <nd ref="10052130108"/>
  <nd ref="10052130107"/>
  <nd ref="10052130106"/>
  <nd ref="10052130105"/>
  <nd ref="10052130104"/>
  <nd ref="10052130103"/>
  <nd ref="10052130102"/>
  <nd ref="10052130101"/>
  <nd ref="10052130100"/>
  <nd ref="10052130099"/>
  <nd ref="10052130098"/>
  <nd ref="10052130097"/>
  <nd ref="10052130096"/>
  <nd ref="10052130095"/>
  <nd ref="10052130094"/>
  <nd ref="10052130093"/>
  <nd ref="10052130092"/>
  <nd ref="10052130091"/>
  <nd ref="10052130090"/>
  <nd ref="10052130089"/>
  <nd ref="10052130088"/>
  <nd ref="10052130087"/>
  <nd ref="10052130086"/>
  <nd ref="10052130085"/>
  <nd ref="10052130084"/>
  <nd ref="10052130083"/>
  <nd ref="10052130082"/>
  <nd ref="10052130081"/>
  <nd ref="10052130080"/>
  <nd ref="10052130079"/>
  <nd ref="10052130078"/>
  <nd ref="10052130077"/>
  <nd ref="10052130076"/>
  <nd ref="10052130075"/>
  <nd ref="10052130074"/>
  <nd ref="10052130073"/>
  <nd ref="10052130072"/>
  <nd ref="10052130071"/>
  <nd ref="10052130070"/>
  <nd ref="10052130069"/>
  <nd ref="10052130068"/>
  <nd ref="10052130067"/>
  <nd ref="10052130066"/>
  <nd ref="10052130065"/>
  <nd ref="10052130064"/>
  <nd ref="10052130063"/>
  <nd ref="10052130062"/>
  <nd ref="10052130061"/>
  <nd ref="10052130060"/>
  <nd ref="10052130059"/>
  <nd ref="10052130058"/>
  <nd ref="10052130057"/>
  <nd ref="10052130056"/>
  <nd ref="10052130055"/>
  <nd ref="10052130054"/>
  <nd ref="10052130053"/>
  <nd ref="10052130052"/>
  <nd ref="10052130051"/>
  <nd ref="10052130050"/>
  <nd ref="10052130049"/>
  <nd ref="10052130048"/>
  <nd ref="10052130047"/>
  <nd ref="10052130046"/>
  <nd ref="10052130045"/>
  <nd ref="10052130044"/>
  <nd ref="10052130043"/>
  <nd ref="10052130042"/>
  <nd ref="10052130041"/>
  <nd ref="10052130040"/>
  <nd ref="10052130039"/>
  <nd ref="10052130038"/>
  <nd ref="10052130037"/>
  <nd ref="10052130036"/>
  <nd ref="10052130035"/>
  <nd ref="10052130034"/>
  <nd ref="10052130033"/>
  <nd ref="10052130032"/>
  <nd ref="10052130031"/>
  <nd ref="10052130030"/>
  <nd ref="10052130029"/>
  <nd ref="10052130028"/>
  <nd ref="10052130027"/>
  <nd ref="10052130026"/>
  <nd ref="10052130025"/>
  <nd ref="10052130024"/>
  <nd ref="10052130023"/>
  <nd ref="10052130022"/>
  <nd ref="10052130021"/>
  <nd ref="10052130020"/>
  <nd ref="10052130019"/>
  <nd ref="10052130018"/>
  <nd ref="10052130017"/>
  <nd ref="10052130016"/>
  <nd ref="10052130015"/>
  <nd ref="10052130014"/>
  <nd ref="10052130013"/>
  <nd ref="10052130012"/>
  <nd ref="10052130011"/>
  <nd ref="10052130010"/>
  <nd ref="10052130009"/>
  <nd ref="10052130008"/>
  <nd ref="10052130007"/>
  <nd ref="10052130006"/>
  <nd ref="10052130005"/>
  <nd ref="10052130004"/>
  <nd ref="10052130003"/>
  <nd ref="10052130002"/>
  <nd ref="10052130001"/>
  <nd ref="10052130000"/>
  <nd ref="10052129999"/>
  <nd ref="10052129998"/>
  <nd ref="10052129997"/>
  <nd ref="10052129996"/>
  <nd ref="10052129995"/>
  <nd ref="10052129994"/>
  <nd ref="10052129993"/>
  <nd ref="10052129992"/>
  <nd ref="10052129991"/>
  <nd ref="10052129990"/>
  <nd ref="10052129989"/>
  <nd ref="10052129988"/>
  <nd ref="10052129987"/>
  <nd ref="10052129986"/>
  <nd ref="10052129985"/>
  <nd ref="10052129984"/>
  <nd ref="10052129983"/>
  <nd ref="10052129982"/>
  <nd ref="10052129981"/>
  <nd ref="10052129980"/>
  <nd ref="10052129979"/>
  <nd ref="1615013355"/>
  <nd ref="10052129910"/>
  <nd ref="10052129909"/>
  <nd ref="10052129908"/>
  <nd ref="10052129907"/>
  <nd ref="10052129906"/>
  <nd ref="10052129905"/>
  <nd ref="10052129904"/>
  <nd ref="10052129903"/>
  <nd ref="10052129902"/>
  <nd ref="10052129901"/>
  <nd ref="10052129900"/>
  <nd ref="10052129899"/>
  <nd ref="10052129898"/>
  <nd ref="10052129897"/>
  <nd ref="10052129896"/>
  <nd ref="10052129895"/>
  <nd ref="10052129894"/>
  <nd ref="10052129893"/>
  <nd ref="10052129892"/>
  <nd ref="10052129891"/>
  <nd ref="10052129890"/>
  <nd ref="10052129889"/>
  <nd ref="10052129888"/>
  <nd ref="10052129887"/>
  <nd ref="10052129886"/>
  <nd ref="10052129885"/>
  <nd ref="10052129884"/>
  <nd ref="10052129883"/>
  <nd ref="10052129882"/>
  <nd ref="10052129881"/>
  <nd ref="10052129880"/>
  <nd ref="10052129879"/>
  <nd ref="10052129878"/>
  <nd ref="10052129877"/>
  <nd ref="10052129876"/>
  <nd ref="10052129875"/>
  <nd ref="10052129874"/>
  <nd ref="10052129873"/>
  <nd ref="10052129872"/>
  <nd ref="10052129871"/>
  <nd ref="10052129870"/>
  <nd ref="10052129869"/>
  <nd ref="10052129868"/>
  <nd ref="10052129867"/>
  <nd ref="10052129866"/>
  <nd ref="10052129865"/>
  <nd ref="10052129864"/>
  <nd ref="10052129863"/>
  <nd ref="10052129862"/>
  <nd ref="10052129861"/>
  <nd ref="10052129860"/>
  <nd ref="10052129859"/>
  <nd ref="10052129858"/>
  <nd ref="10052129857"/>
  <nd ref="10052129856"/>
  <nd ref="10052129855"/>
  <nd ref="10052129854"/>
  <nd ref="10052129853"/>
  <nd ref="10052129852"/>
  <nd ref="10052129851"/>
  <nd ref="10052129850"/>
  <nd ref="10052129849"/>
  <nd ref="10052129848"/>
  <nd ref="10052129847"/>
  <nd ref="10052129846"/>
  <nd ref="10052129845"/>
  <nd ref="10052129844"/>
  <nd ref="10052129843"/>
  <nd ref="10052129842"/>
  <nd ref="10052129841"/>
  <nd ref="10052129840"/>
  <nd ref="10052129839"/>
  <nd ref="10052129838"/>
  <nd ref="10052129837"/>
  <nd ref="10052129836"/>
  <nd ref="10052129835"/>
  <nd ref="10052129834"/>
  <nd ref="10052129833"/>
  <nd ref="10052129832"/>
  <nd ref="10052129831"/>
  <nd ref="10052129830"/>
  <nd ref="10052129829"/>
  <nd ref="10052129828"/>
  <nd ref="10052129827"/>
  <nd ref="10052129826"/>
  <nd ref="10052129825"/>
  <nd ref="10052129824"/>
  <nd ref="10052129823"/>
  <nd ref="10052129822"/>
  <nd ref="10052129821"/>
  <nd ref="10052129820"/>
  <nd ref="10052129819"/>
  <nd ref="10052129818"/>
  <nd ref="10052129817"/>
  <nd ref="10052129016"/>
  <nd ref="10052129015"/>
  <nd ref="10052129014"/>
  <nd ref="10052129013"/>
  <nd ref="10052129012"/>
  <nd ref="10052129011"/>
  <nd ref="10052129010"/>
  <nd ref="10052129009"/>
  <nd ref="10052129008"/>
  <nd ref="10052129007"/>
  <nd ref="10052129006"/>
  <nd ref="10052129005"/>
  <nd ref="10052129004"/>
  <nd ref="10052129003"/>
  <nd ref="10052129002"/>
  <nd ref="10052129001"/>
  <nd ref="10052129000"/>
  <nd ref="10052128999"/>
  <nd ref="10052128998"/>
  <nd ref="10052128997"/>
  <nd ref="10052128996"/>
  <nd ref="10052128995"/>
  <nd ref="10052128994"/>
  <nd ref="10052128993"/>
  <nd ref="10052128992"/>
  <nd ref="10052128991"/>
  <nd ref="10052128990"/>
  <nd ref="10052128989"/>
  <nd ref="10052128988"/>
  <nd ref="10052128987"/>
  <nd ref="10052128986"/>
  <nd ref="10052128985"/>
  <nd ref="10052128984"/>
  <nd ref="10052128983"/>
  <nd ref="10052128982"/>
  <nd ref="10052128981"/>
  <nd ref="10052128980"/>
  <nd ref="1615014321"/>
  <nd ref="10052800545"/>
  <nd ref="10052800544"/>
  <nd ref="10052800543"/>
  <nd ref="10052800542"/>
  <nd ref="10052800541"/>
  <nd ref="10052800540"/>
  <nd ref="10052800539"/>
  <nd ref="10052800538"/>
  <nd ref="10052800537"/>
  <nd ref="10052800536"/>
  <nd ref="10052800535"/>
  <nd ref="10052800534"/>
  <nd ref="10052800533"/>
  <nd ref="10052800532"/>
  <nd ref="10052800531"/>
  <nd ref="10052800530"/>
  <nd ref="10052800529"/>
  <nd ref="10052800528"/>
  <nd ref="10052800527"/>
  <nd ref="10052800526"/>
  <nd ref="10052800525"/>
  <nd ref="10052800524"/>
  <nd ref="10052800523"/>
  <nd ref="10052800522"/>
  <nd ref="10052800521"/>
  <nd ref="10052800520"/>
  <nd ref="10052800519"/>
  <nd ref="10052800518"/>
  <nd ref="10052800517"/>
  <nd ref="10052800516"/>
  <nd ref="10052800515"/>
  <nd ref="10052800514"/>
  <nd ref="10052800513"/>
  <nd ref="10052800512"/>
  <nd ref="10052800511"/>
  <nd ref="10052800510"/>
  <nd ref="10052800509"/>
  <nd ref="10052800508"/>
  <nd ref="10052800507"/>
  <nd ref="10052800506"/>
  <nd ref="10052800505"/>
  <nd ref="10052800504"/>
  <nd ref="10052800503"/>
  <nd ref="10052800502"/>
  <nd ref="10052800501"/>
  <nd ref="10052800500"/>
  <nd ref="10052800499"/>
  <nd ref="10052800498"/>
  <nd ref="10052800497"/>
  <nd ref="10052800496"/>
  <nd ref="10052800495"/>
  <nd ref="10052800494"/>
  <nd ref="10052800493"/>
  <nd ref="10052800492"/>
  <nd ref="10052800491"/>
  <nd ref="10052800490"/>
  <nd ref="10052800489"/>
  <nd ref="10052800488"/>
  <nd ref="10052800487"/>
  <nd ref="10052800486"/>
  <nd ref="10052800485"/>
  <nd ref="10052800484"/>
  <nd ref="10052800483"/>
  <nd ref="10052800482"/>
  <nd ref="10052800481"/>
  <nd ref="10052800480"/>
  <nd ref="10052800479"/>
  <nd ref="10052800478"/>
  <nd ref="10052800477"/>
  <nd ref="10052800476"/>
  <nd ref="10052800475"/>
  <nd ref="10052800474"/>
  <nd ref="10052800473"/>
  <nd ref="10052800472"/>
  <nd ref="10052800471"/>
  <nd ref="10052800470"/>
  <nd ref="10052800469"/>
  <nd ref="10052800468"/>
  <nd ref="10052800467"/>
  <nd ref="10052800466"/>
  <nd ref="10052800465"/>
  <nd ref="10052800464"/>
  <nd ref="10052800463"/>
  <nd ref="10052800462"/>
  <nd ref="10052800461"/>
  <nd ref="10052800460"/>
  <nd ref="10052800459"/>
  <nd ref="10052800458"/>
  <nd ref="10052800457"/>
  <nd ref="10052800456"/>
  <nd ref="10052800455"/>
  <nd ref="10052800454"/>
  <nd ref="10052800453"/>
  <nd ref="10052800452"/>
  <nd ref="10052800451"/>
  <nd ref="10052800450"/>
  <nd ref="10052800449"/>
  <nd ref="10052800448"/>
  <nd ref="10052800447"/>
  <nd ref="10052800446"/>
  <nd ref="10052800445"/>
  <nd ref="10052800444"/>
  <nd ref="10052800443"/>
  <nd ref="10052800442"/>
  <nd ref="10052800441"/>
  <nd ref="10052800440"/>
  <nd ref="10052800439"/>
  <nd ref="10052800438"/>
  <nd ref="10052800437"/>
  <nd ref="10052800436"/>
  <nd ref="10052800435"/>
  <nd ref="10052800434"/>
  <nd ref="10052800433"/>
  <nd ref="10052800432"/>
  <nd ref="10052800431"/>
  <nd ref="10052800430"/>
  <nd ref="10052800429"/>
  <nd ref="10052800428"/>
  <nd ref="10052800427"/>
  <nd ref="10052800426"/>
  <nd ref="10052800425"/>
  <nd ref="10052800424"/>
  <nd ref="10052800423"/>
  <nd ref="10052800422"/>
  <nd ref="10052800421"/>
  <nd ref="10052800420"/>
  <nd ref="10052800419"/>
  <nd ref="10052800418"/>
  <nd ref="10052800417"/>
  <nd ref="10052800416"/>
  <nd ref="10052800415"/>
  <nd ref="10052800414"/>
  <nd ref="10052800413"/>
  <nd ref="10052800412"/>
  <nd ref="10052800411"/>
  <nd ref="10052800410"/>
  <nd ref="10052800409"/>
  <nd ref="10052800408"/>
  <nd ref="10052800407"/>
  <nd ref="10052800406"/>
  <nd ref="10052800405"/>
  <nd ref="10052800404"/>
  <nd ref="10052800403"/>
  <nd ref="10052800402"/>
  <nd ref="10052800401"/>
  <nd ref="10052800400"/>
  <nd ref="10052800399"/>
  <nd ref="10052800398"/>
  <nd ref="10052800397"/>
  <nd ref="10052800396"/>
  <nd ref="10052800395"/>
  <nd ref="10052800394"/>
  <nd ref="10052800393"/>
  <nd ref="10052800392"/>
  <nd ref="10052800391"/>
  <nd ref="10052800390"/>
  <nd ref="10052800389"/>
  <nd ref="10052800388"/>
  <nd ref="10052800387"/>
  <nd ref="10052800386"/>
  <nd ref="10052800385"/>
  <nd ref="10052800384"/>
  <nd ref="10052800383"/>
  <nd ref="10052800382"/>
  <nd ref="10052800381"/>
  <nd ref="10052800380"/>
  <nd ref="10052800379"/>
  <nd ref="10052800378"/>
  <nd ref="10052800377"/>
  <nd ref="10052800376"/>
  <nd ref="10052800375"/>
  <nd ref="10052800374"/>
  <nd ref="10052800373"/>
  <nd ref="10052800372"/>
  <nd ref="10052800371"/>
  <nd ref="10052800370"/>
  <nd ref="10052800369"/>
  <nd ref="10052800368"/>
  <nd ref="10052800367"/>
  <nd ref="10052800366"/>
  <nd ref="10052800365"/>
  <nd ref="10052800364"/>
  <nd ref="10052800363"/>
  <nd ref="10052800362"/>
  <nd ref="10052800361"/>
  <nd ref="10052800360"/>
  <nd ref="10052800359"/>
  <nd ref="10052800358"/>
  <nd ref="10052800357"/>
  <nd ref="10052800356"/>
  <nd ref="10052800355"/>
  <nd ref="10052800354"/>
  <nd ref="10052800353"/>
  <nd ref="10052800352"/>
  <nd ref="10052800351"/>
  <nd ref="10052800350"/>
  <nd ref="10052800349"/>
  <nd ref="10052800348"/>
  <nd ref="10052800347"/>
  <nd ref="10052800346"/>
  <nd ref="10052800345"/>
  <nd ref="10052800344"/>
  <nd ref="10052800343"/>
  <nd ref="10052800342"/>
  <nd ref="10052800341"/>
  <nd ref="10052800340"/>
  <nd ref="10052800339"/>
  <nd ref="10052800338"/>
  <nd ref="10052800337"/>
  <nd ref="10052800336"/>
  <nd ref="10052800335"/>
  <nd ref="10052800334"/>
  <nd ref="10052800333"/>
  <nd ref="10052800332"/>
  <nd ref="10052800331"/>
  <nd ref="10052800330"/>
  <nd ref="10052800329"/>
  <nd ref="10052800328"/>
  <nd ref="10052800327"/>
  <nd ref="10052800326"/>
  <nd ref="10052800325"/>
  <nd ref="10052800324"/>
  <nd ref="10052800323"/>
  <nd ref="10052800322"/>
  <nd ref="10052800321"/>
  <nd ref="10052800320"/>
  <nd ref="10052800319"/>
  <nd ref="10052800318"/>
  <nd ref="10052800317"/>
  <nd ref="10052800316"/>
  <nd ref="10052800315"/>
  <nd ref="10052800314"/>
  <nd ref="10052800313"/>
  <nd ref="10052800312"/>
  <nd ref="10052800311"/>
  <nd ref="10052800310"/>
  <nd ref="10052800309"/>
  <nd ref="10052800308"/>
  <nd ref="10052800307"/>
  <nd ref="10052800306"/>
  <nd ref="10052800305"/>
  <nd ref="10052800304"/>
  <nd ref="10052800303"/>
  <nd ref="10052800302"/>
  <nd ref="10052800301"/>
  <nd ref="10052800300"/>
  <nd ref="10052800299"/>
  <nd ref="10052800298"/>
  <nd ref="10052800297"/>
  <nd ref="10052800296"/>
  <nd ref="10052800295"/>
  <nd ref="10052800294"/>
  <nd ref="10052800293"/>
  <nd ref="10052800292"/>
  <nd ref="10052800291"/>
  <nd ref="10052800290"/>
  <nd ref="10052800289"/>
  <nd ref="10052800288"/>
  <nd ref="10052800287"/>
  <nd ref="10052800286"/>
  <nd ref="10052800285"/>
  <nd ref="10052800284"/>
  <nd ref="10052800283"/>
  <nd ref="10052800282"/>
  <nd ref="10052800281"/>
  <nd ref="10052800280"/>
  <nd ref="10052800279"/>
  <nd ref="10052800278"/>
  <nd ref="10052800277"/>
  <nd ref="10052800276"/>
  <nd ref="10052800275"/>
  <nd ref="10052800274"/>
  <nd ref="10052800273"/>
  <nd ref="10052800272"/>
  <nd ref="10052800271"/>
  <nd ref="10052800270"/>
  <nd ref="10052800269"/>
  <nd ref="10052800268"/>
  <nd ref="10052800267"/>
  <nd ref="10052800266"/>
  <nd ref="10052800265"/>
  <nd ref="10052800264"/>
  <nd ref="10052800263"/>
  <nd ref="10052800262"/>
  <nd ref="10052800261"/>
  <nd ref="10052800260"/>
  <nd ref="10052800259"/>
  <nd ref="10052800258"/>
  <nd ref="10052800257"/>
  <nd ref="10052800256"/>
  <nd ref="10052800255"/>
  <nd ref="10052800254"/>
  <nd ref="10052800253"/>
  <nd ref="10052800252"/>
  <nd ref="10052800251"/>
  <nd ref="10052800250"/>
  <nd ref="10052800249"/>
  <nd ref="10052800248"/>
  <nd ref="10052800247"/>
  <nd ref="10052800246"/>
  <nd ref="10052800245"/>
  <nd ref="10052800244"/>
  <nd ref="10052800243"/>
  <nd ref="10052800242"/>
  <nd ref="10052800241"/>
  <nd ref="10052800240"/>
  <nd ref="10052800239"/>
  <nd ref="10052800238"/>
  <nd ref="10052800237"/>
  <nd ref="10052800236"/>
  <nd ref="10052800235"/>
  <nd ref="10052800234"/>
  <nd ref="10052800233"/>
  <nd ref="10052800232"/>
  <nd ref="10052800231"/>
  <nd ref="10052800230"/>
  <nd ref="10052800229"/>
  <nd ref="10052800228"/>
  <nd ref="10052800227"/>
  <nd ref="10052800226"/>
  <nd ref="10052800225"/>
  <nd ref="10052800224"/>
  <nd ref="10052800223"/>
  <nd ref="10052800222"/>
  <nd ref="10052800221"/>
  <nd ref="10052800220"/>
  <nd ref="10052800219"/>
  <nd ref="10052800218"/>
  <nd ref="10052800217"/>
  <nd ref="10052800216"/>
  <nd ref="10052800215"/>
  <nd ref="10052800214"/>
  <nd ref="10052800213"/>
  <nd ref="10052800212"/>
  <nd ref="10052800211"/>
  <nd ref="10052800210"/>
  <nd ref="10052800209"/>
  <nd ref="10052800208"/>
  <nd ref="10052800207"/>
  <nd ref="10052800206"/>
  <nd ref="10052800205"/>
  <nd ref="10052800204"/>
  <nd ref="10052800203"/>
  <nd ref="10052800202"/>
  <nd ref="10052800201"/>
  <nd ref="10052800200"/>
  <nd ref="10052800199"/>
  <nd ref="10052800198"/>
  <nd ref="10052800197"/>
  <nd ref="10052800196"/>
  <nd ref="10052800195"/>
  <nd ref="10052800194"/>
  <nd ref="10052800193"/>
  <nd ref="10052800192"/>
  <nd ref="10052800191"/>
  <nd ref="10052800190"/>
  <nd ref="10052800189"/>
  <nd ref="10052800188"/>
  <nd ref="10052800187"/>
  <nd ref="10052800186"/>
  <nd ref="10052800185"/>
  <nd ref="10052800184"/>
  <nd ref="10052800183"/>
  <nd ref="10052800182"/>
  <nd ref="10052800181"/>
  <nd ref="10052800180"/>
  <nd ref="10052800179"/>
  <nd ref="10052800178"/>
  <nd ref="10052800177"/>
  <nd ref="10052800176"/>
  <nd ref="10052800175"/>
  <nd ref="10052800174"/>
  <nd ref="10052800173"/>
  <nd ref="10052800172"/>
  <nd ref="10052800171"/>
  <nd ref="10052800170"/>
  <nd ref="10052800169"/>
  <nd ref="10052800168"/>
  <nd ref="10052800167"/>
  <nd ref="10052800166"/>
  <nd ref="10052800165"/>
  <nd ref="10052800164"/>
  <nd ref="10052800163"/>
  <nd ref="10052800162"/>
  <nd ref="10052800161"/>
  <nd ref="10052800160"/>
  <nd ref="10052800159"/>
  <nd ref="10052800158"/>
  <nd ref="10052800157"/>
  <nd ref="10052800156"/>
  <nd ref="10052800155"/>
  <nd ref="10052800154"/>
  <nd ref="10052800153"/>
  <nd ref="10052800152"/>
  <nd ref="10052800151"/>
  <nd ref="10052800150"/>
  <nd ref="10052800149"/>
  <nd ref="10052800148"/>
  <nd ref="10052800147"/>
  <nd ref="10052800146"/>
  <nd ref="10052800145"/>
  <nd ref="10052800144"/>
  <nd ref="10052800143"/>
  <nd ref="10052800142"/>
  <nd ref="10052800141"/>
  <tag k="source" v="MLIT, Japan"/>
 </way>
 <relation id="8857556" visible="true" version="166" changeset="185171745" timestamp="2026-07-06T02:54:07Z" user="okadatsuneo_import" uid="12352917">
  <member type="relation" ref="32989" role=""/>
  <member type="relation" ref="2064722" role=""/>
  <member type="relation" ref="2061678" role=""/>
  <member type="relation" ref="416684" role=""/>
  <member type="relation" ref="33009" role=""/>
  <member type="relation" ref="1521225" role=""/>
  <member type="relation" ref="2069116" role=""/>
  <member type="relation" ref="8589620" role=""/>
  <member type="relation" ref="2076294" role=""/>
  <member type="relation" ref="2082723" role=""/>
  <member type="relation" ref="12579" role=""/>
  <member type="relation" ref="2097432" role=""/>
  <member type="relation" ref="2098597" role=""/>
  <member type="relation" ref="2098903" role=""/>
  <member type="relation" ref="2107249" role=""/>
  <member type="relation" ref="18187" role=""/>
  <member type="relation" ref="2150021" role=""/>
  <member type="relation" ref="964698" role=""/>
  <member type="relation" ref="964699" role=""/>
  <member type="relation" ref="21087" role=""/>
  <member type="relation" ref="905615" role=""/>
  <member type="relation" ref="2191283" role=""/>
  <member type="relation" ref="8549439" role=""/>
  <member type="relation" ref="2281186" role=""/>
  <member type="relation" ref="1247317" role=""/>
  <member type="relation" ref="2283740" role=""/>
  <member type="relation" ref="2578411" role=""/>
  <member type="relation" ref="12592" role=""/>
  <member type="relation" ref="2773842" role=""/>
  <member type="relation" ref="59477" role=""/>
  <member type="relation" ref="1957766" role=""/>
  <member type="relation" ref="12585" role=""/>
  <member type="relation" ref="149017" role=""/>
  <member type="relation" ref="2829210" role=""/>
  <member type="relation" ref="2829437" role=""/>
  <member type="relation" ref="130867" role=""/>
  <member type="relation" ref="33017" role=""/>
  <member type="relation" ref="2863336" role=""/>
  <member type="relation" ref="2864639" role=""/>
  <member type="relation" ref="2865301" role=""/>
  <member type="relation" ref="31351" role=""/>
  <member type="relation" ref="2877152" role=""/>
  <member type="relation" ref="2878993" role=""/>
  <member type="relation" ref="2885462" role=""/>
  <member type="relation" ref="2887904" role=""/>
  <member type="relation" ref="443923" role=""/>
  <member type="relation" ref="2938281" role=""/>
  <member type="relation" ref="2938900" role=""/>
  <member type="relation" ref="2939533" role=""/>
  <member type="relation" ref="2954632" role=""/>
  <member type="relation" ref="6903690" role=""/>
  <member type="relation" ref="2957016" role=""/>
  <member type="relation" ref="2957132" role=""/>
  <member type="relation" ref="2957976" role=""/>
  <member type="relation" ref="12583" role=""/>
  <member type="relation" ref="12584" role=""/>
  <member type="relation" ref="2971983" role=""/>
  <member type="relation" ref="2972065" role=""/>
  <member type="relation" ref="2974952" role=""/>
  <member type="relation" ref="2975092" role=""/>
  <member type="relation" ref="2988615" role=""/>
  <member type="relation" ref="3066227" role=""/>
  <member type="relation" ref="2937948" role=""/>
  <member type="relation" ref="3066928" role=""/>
  <member type="relation" ref="3069619" role=""/>
  <member type="relation" ref="3118577" role=""/>
  <member type="relation" ref="3118835" role=""/>
  <member type="relation" ref="3128401" role=""/>
  <member type="relation" ref="3128448" role=""/>
  <member type="relation" ref="3129175" role=""/>
  <member type="relation" ref="3132634" role=""/>
  <member type="relation" ref="965403" role=""/>
  <member type="relation" ref="3189380" role=""/>
  <member type="relation" ref="3217184" role=""/>
  <member type="relation" ref="3217302" role=""/>
  <member type="relation" ref="3218039" role=""/>
  <member type="relation" ref="3248776" role=""/>
  <member type="relation" ref="3262076" role=""/>
  <member type="relation" ref="6604490" role=""/>
  <member type="relation" ref="9002996" role=""/>
  <member type="relation" ref="9066606" role=""/>
  <member type="relation" ref="9066742" role=""/>
  <member type="relation" ref="9069158" role=""/>
  <member type="relation" ref="3846566" role=""/>
  <member type="relation" ref="3767038" role=""/>
  <member type="relation" ref="3773599" role=""/>
  <member type="relation" ref="2665187" role=""/>
  <member type="relation" ref="3770942" role=""/>
  <member type="relation" ref="31118" role=""/>
  <member type="relation" ref="3639261" role=""/>
  <member type="relation" ref="8822215" role=""/>
  <member type="relation" ref="3908565" role=""/>
  <member type="relation" ref="3908696" role=""/>
  <member type="relation" ref="8842101" role=""/>
  <member type="relation" ref="8980964" role=""/>
  <member type="relation" ref="965538" role=""/>
  <member type="relation" ref="6518912" role=""/>
  <member type="relation" ref="2124106" role=""/>
  <member type="relation" ref="965533" role=""/>
  <member type="relation" ref="7438376" role=""/>
  <member type="relation" ref="3846790" role=""/>
  <member type="relation" ref="2104795" role=""/>
  <member type="relation" ref="3862939" role=""/>
  <member type="relation" ref="3770972" role=""/>
  <member type="relation" ref="8843661" role=""/>
  <member type="relation" ref="8475141" role=""/>
  <member type="relation" ref="53798" role=""/>
  <member type="relation" ref="3527405" role=""/>
  <member type="relation" ref="3786290" role=""/>
  <member type="relation" ref="8438979" role=""/>
  <member type="relation" ref="8519028" role=""/>
  <member type="relation" ref="8546711" role=""/>
  <member type="relation" ref="31352" role=""/>
  <member type="relation" ref="8634030" role=""/>
  <member type="relation" ref="8643289" role=""/>
  <member type="relation" ref="8730413" role=""/>
  <member type="relation" ref="8602705" role=""/>
  <member type="relation" ref="8376126" role=""/>
  <member type="relation" ref="3771120" role=""/>
  <member type="relation" ref="8360680" role=""/>
  <member type="relation" ref="8798843" role=""/>
  <member type="relation" ref="8253434" role=""/>
  <member type="relation" ref="8338767" role=""/>
  <member type="relation" ref="7790754" role=""/>
  <member type="relation" ref="8810155" role=""/>
  <member type="relation" ref="9316269" role=""/>
  <member type="relation" ref="3786705" role=""/>
  <member type="relation" ref="8814743" role=""/>
  <member type="relation" ref="3767143" role=""/>
  <member type="relation" ref="9349690" role=""/>
  <member type="relation" ref="8812592" role=""/>
  <member type="relation" ref="3767309" role=""/>
  <member type="relation" ref="8385407" role=""/>
  <member type="relation" ref="8385532" role=""/>
  <member type="relation" ref="7757831" role=""/>
  <member type="relation" ref="7756814" role=""/>
  <member type="relation" ref="8386008" role=""/>
  <member type="relation" ref="3500263" role=""/>
  <member type="relation" ref="9385077" role=""/>
  <member type="relation" ref="1282122" role=""/>
  <member type="relation" ref="4544619" role=""/>
  <member type="relation" ref="4165287" role=""/>
  <member type="relation" ref="3717459" role=""/>
  <member type="relation" ref="3771004" role=""/>
  <member type="relation" ref="9400756" role=""/>
  <member type="relation" ref="3904021" role=""/>
  <member type="relation" ref="12586" role=""/>
  <member type="relation" ref="12893" role=""/>
  <member type="relation" ref="149016" role=""/>
  <member type="relation" ref="12582" role=""/>
  <member type="relation" ref="9444474" role=""/>
  <member type="relation" ref="65441" role=""/>
  <member type="relation" ref="9483543" role=""/>
  <member type="relation" ref="9483646" role=""/>
  <member type="relation" ref="9491583" role=""/>
  <member type="relation" ref="7106297" role=""/>
  <member type="relation" ref="9361964" role=""/>
  <member type="relation" ref="9361958" role=""/>
  <member type="relation" ref="9364398" role=""/>
  <member type="relation" ref="9361965" role=""/>
  <member type="relation" ref="9364395" role=""/>
  <member type="relation" ref="9364399" role=""/>
  <member type="relation" ref="9361957" role=""/>
  <member type="relation" ref="9364404" role=""/>
  <member type="relation" ref="9592451" role=""/>
  <member type="relation" ref="9578522" role=""/>
  <member type="relation" ref="9608067" role=""/>
  <member type="relation" ref="6966370" role=""/>
  <member type="relation" ref="9659817" role=""/>
  <member type="relation" ref="9627337" role=""/>
  <member type="relation" ref="9633190" role=""/>
  <member type="relation" ref="9702108" role=""/>
  <member type="relation" ref="9651112" role=""/>
  <member type="relation" ref="9712245" role=""/>
  <member type="relation" ref="9669415" role=""/>
  <member type="relation" ref="3787044" role=""/>
  <member type="relation" ref="9680900" role=""/>
  <member type="relation" ref="9684360" role=""/>
  <member type="relation" ref="33010" role=""/>
  <member type="relation" ref="6585224" role=""/>
  <member type="relation" ref="6595831" role=""/>
  <member type="relation" ref="6584912" role=""/>
  <member type="relation" ref="6596139" role=""/>
  <member type="relation" ref="6612480" role=""/>
  <member type="relation" ref="6596367" role=""/>
  <member type="relation" ref="6601904" role=""/>
  <member type="relation" ref="6624769" role=""/>
  <member type="relation" ref="6626645" role=""/>
  <member type="relation" ref="2883869" role=""/>
  <member type="relation" ref="6621211" role=""/>
  <member type="relation" ref="6612481" role=""/>
  <member type="relation" ref="6641475" role=""/>
  <member type="relation" ref="6632428" role=""/>
  <member type="relation" ref="6639503" role=""/>
  <member type="relation" ref="6641549" role=""/>
  <member type="relation" ref="6645422" role=""/>
  <member type="relation" ref="5431055" role=""/>
  <member type="relation" ref="30840" role=""/>
  <member type="relation" ref="8466396" role=""/>
  <member type="relation" ref="8472959" role=""/>
  <member type="relation" ref="8903572" role=""/>
  <member type="relation" ref="9864624" role=""/>
  <member type="relation" ref="9365397" role=""/>
  <member type="relation" ref="6647077" role=""/>
  <member type="relation" ref="8197220" role=""/>
  <member type="relation" ref="1020657" role=""/>
  <member type="relation" ref="3639021" role=""/>
  <member type="relation" ref="1192346" role=""/>
  <member type="relation" ref="3521034" role=""/>
  <member type="relation" ref="8319600" role=""/>
  <member type="relation" ref="8421608" role=""/>
  <member type="relation" ref="8255454" role=""/>
  <member type="relation" ref="8171702" role=""/>
  <member type="relation" ref="9882017" role=""/>
  <member type="relation" ref="9361997" role=""/>
  <member type="relation" ref="9361995" role=""/>
  <member type="relation" ref="9621534" role=""/>
  <member type="relation" ref="9577579" role=""/>
  <member type="relation" ref="9662836" role=""/>
  <member type="relation" ref="9637071" role=""/>
  <member type="relation" ref="9706190" role=""/>
  <member type="relation" ref="9678094" role=""/>
  <member type="relation" ref="34190" role=""/>
  <member type="relation" ref="6651341" role=""/>
  <member type="relation" ref="6632429" role=""/>
  <member type="relation" ref="6651380" role=""/>
  <member type="relation" ref="6607033" role=""/>
  <member type="relation" ref="33018" role=""/>
  <member type="relation" ref="6594495" role=""/>
  <member type="relation" ref="3842394" role=""/>
  <member type="relation" ref="7346573" role=""/>
  <member type="relation" ref="6594518" role=""/>
  <member type="relation" ref="9230437" role=""/>
  <member type="relation" ref="6583464" role=""/>
  <member type="relation" ref="9220015" role=""/>
  <member type="relation" ref="947961" role=""/>
  <member type="relation" ref="6743360" role=""/>
  <member type="relation" ref="9389808" role=""/>
  <member type="relation" ref="9387618" role=""/>
  <member type="relation" ref="9095602" role=""/>
  <member type="relation" ref="6334848" role=""/>
  <member type="relation" ref="6519669" role=""/>
  <member type="relation" ref="6608790" role=""/>
  <member type="relation" ref="7920696" role=""/>
  <member type="relation" ref="6646894" role=""/>
  <member type="relation" ref="49515" role=""/>
  <member type="relation" ref="9842733" role=""/>
  <member type="relation" ref="9885666" role=""/>
  <member type="relation" ref="10259311" role=""/>
  <member type="relation" ref="10481824" role=""/>
  <member type="relation" ref="53796" role=""/>
  <member type="relation" ref="8839514" role=""/>
  <member type="relation" ref="3518585" role=""/>
  <member type="relation" ref="8512559" role=""/>
  <member type="relation" ref="8547309" role=""/>
  <member type="relation" ref="8901184" role=""/>
  <member type="relation" ref="8606655" role=""/>
  <member type="relation" ref="8330838" role=""/>
  <member type="relation" ref="6097291" role=""/>
  <member type="relation" ref="3947962" role=""/>
  <member type="relation" ref="6114814" role=""/>
  <member type="relation" ref="8770279" role=""/>
  <member type="relation" ref="7803946" role=""/>
  <member type="relation" ref="10015101" role=""/>
  <member type="relation" ref="8780413" role=""/>
  <member type="relation" ref="9226628" role=""/>
  <member type="relation" ref="1113900" role=""/>
  <member type="relation" ref="9878286" role=""/>
  <member type="relation" ref="9842064" role=""/>
  <member type="relation" ref="12886" role=""/>
  <member type="relation" ref="31661" role=""/>
  <member type="relation" ref="1061405" role=""/>
  <member type="relation" ref="9732500" role=""/>
  <member type="relation" ref="9566443" role=""/>
  <member type="relation" ref="9364401" role=""/>
  <member type="relation" ref="2360722" role=""/>
  <member type="relation" ref="9600043" role=""/>
  <member type="relation" ref="9655888" role=""/>
  <member type="relation" ref="9644147" role=""/>
  <member type="relation" ref="9674712" role=""/>
  <member type="relation" ref="10535240" role=""/>
  <member type="relation" ref="10997961" role=""/>
  <member type="relation" ref="3771097" role=""/>
  <member type="relation" ref="3771098" role=""/>
  <member type="relation" ref="6634560" role=""/>
  <member type="relation" ref="6649220" role=""/>
  <member type="relation" ref="6651324" role=""/>
  <member type="relation" ref="13970524" role=""/>
  <member type="relation" ref="6626646" role=""/>
  <member type="relation" ref="6604372" role=""/>
  <member type="relation" ref="33014" role=""/>
  <member type="relation" ref="195249" role=""/>
  <member type="relation" ref="7259555" role=""/>
  <member type="relation" ref="5385850" role=""/>
  <member type="relation" ref="7462562" role=""/>
  <member type="relation" ref="572350" role=""/>
  <member type="relation" ref="6649827" role=""/>
  <member type="relation" ref="9145802" role=""/>
  <member type="relation" ref="9167558" role=""/>
  <member type="relation" ref="9246031" role=""/>
  <member type="relation" ref="9384961" role=""/>
  <member type="relation" ref="6603804" role=""/>
  <member type="relation" ref="8660479" role=""/>
  <member type="relation" ref="8705812" role=""/>
  <member type="relation" ref="6357795" role=""/>
  <member type="relation" ref="2888579" role=""/>
  <member type="relation" ref="3644591" role=""/>
  <member type="relation" ref="13766033" role=""/>
  <member type="relation" ref="5347303" role=""/>
  <member type="relation" ref="3836968" role=""/>
  <member type="relation" ref="8250033" role=""/>
  <member type="relation" ref="8630931" role=""/>
  <member type="relation" ref="6518158" role=""/>
  <member type="relation" ref="3518586" role=""/>
  <member type="relation" ref="8507094" role=""/>
  <member type="relation" ref="8624536" role=""/>
  <member type="relation" ref="8330502" role=""/>
  <member type="relation" ref="8468445" role=""/>
  <member type="relation" ref="8736759" role=""/>
  <member type="relation" ref="8344320" role=""/>
  <member type="relation" ref="8346167" role=""/>
  <member type="relation" ref="8547781" role=""/>
  <member type="relation" ref="8778351" role=""/>
  <member type="relation" ref="8819316" role=""/>
  <member type="relation" ref="8428316" role=""/>
  <member type="relation" ref="10036652" role=""/>
  <member type="relation" ref="7521547" role=""/>
  <member type="relation" ref="9889643" role=""/>
  <member type="relation" ref="36203" role=""/>
  <member type="relation" ref="9727705" role=""/>
  <member type="relation" ref="9760336" role=""/>
  <member type="relation" ref="1061406" role=""/>
  <member type="relation" ref="9734691" role=""/>
  <member type="relation" ref="9364397" role=""/>
  <member type="relation" ref="9525476" role=""/>
  <member type="relation" ref="9365392" role=""/>
  <member type="relation" ref="9364403" role=""/>
  <member type="relation" ref="9581384" role=""/>
  <member type="relation" ref="9615824" role=""/>
  <member type="relation" ref="9648379" role=""/>
  <member type="relation" ref="9365391" role=""/>
  <member type="relation" ref="9849119" role=""/>
  <member type="relation" ref="6645423" role=""/>
  <member type="relation" ref="6653406" role=""/>
  <member type="relation" ref="6596106" role=""/>
  <member type="relation" ref="9301437" role=""/>
  <member type="relation" ref="9231531" role=""/>
  <member type="relation" ref="446121" role=""/>
  <member type="relation" ref="7901019" role=""/>
  <member type="relation" ref="6012803" role=""/>
  <member type="relation" ref="6594184" role=""/>
  <member type="relation" ref="5425459" role=""/>
  <member type="relation" ref="6491957" role=""/>
  <member type="relation" ref="8907070" role=""/>
  <member type="relation" ref="1017048" role=""/>
  <member type="relation" ref="8705506" role=""/>
  <member type="relation" ref="6518913" role=""/>
  <member type="relation" ref="4085924" role=""/>
  <member type="relation" ref="7021581" role=""/>
  <member type="relation" ref="7418329" role=""/>
  <member type="relation" ref="33003" role=""/>
  <member type="relation" ref="9889615" role=""/>
  <member type="relation" ref="8855535" role=""/>
  <member type="relation" ref="2162634" role=""/>
  <member type="relation" ref="3908697" role=""/>
  <member type="relation" ref="8824623" role=""/>
  <member type="relation" ref="8648367" role=""/>
  <member type="relation" ref="8616846" role=""/>
  <member type="relation" ref="8549720" role=""/>
  <member type="relation" ref="3524706" role=""/>
  <member type="relation" ref="8456817" role=""/>
  <member type="relation" ref="3527404" role=""/>
  <member type="relation" ref="8319621" role=""/>
  <member type="relation" ref="8346063" role=""/>
  <member type="relation" ref="8820384" role=""/>
  <member type="relation" ref="8788010" role=""/>
  <member type="relation" ref="3791425" role=""/>
  <member type="relation" ref="9999040" role=""/>
  <member type="relation" ref="9977958" role=""/>
  <member type="relation" ref="8821725" role=""/>
  <member type="relation" ref="9225568" role=""/>
  <member type="relation" ref="2789281" role=""/>
  <member type="relation" ref="1181630" role=""/>
  <member type="relation" ref="9869305" role=""/>
  <member type="relation" ref="572119" role=""/>
  <member type="relation" ref="9846585" role=""/>
  <member type="relation" ref="12873" role=""/>
  <member type="relation" ref="12591" role=""/>
  <member type="relation" ref="9743152" role=""/>
  <member type="relation" ref="9740226" role=""/>
  <member type="relation" ref="9604654" role=""/>
  <member type="relation" ref="9668498" role=""/>
  <member type="relation" ref="9663861" role=""/>
  <member type="relation" ref="9717721" role=""/>
  <member type="relation" ref="13766030" role=""/>
  <member type="relation" ref="6601928" role=""/>
  <member type="relation" ref="6605962" role=""/>
  <member type="relation" ref="6601896" role=""/>
  <member type="relation" ref="3317036" role=""/>
  <member type="relation" ref="416686" role=""/>
  <member type="relation" ref="446122" role=""/>
  <member type="relation" ref="9156540" role=""/>
  <member type="relation" ref="9383269" role=""/>
  <member type="relation" ref="7240653" role=""/>
  <member type="relation" ref="8725735" role=""/>
  <member type="relation" ref="5450521" role=""/>
  <member type="relation" ref="9028205" role=""/>
  <member type="relation" ref="11621854" role=""/>
  <member type="relation" ref="37650" role=""/>
  <member type="relation" ref="2695918" role=""/>
  <member type="relation" ref="8838236" role=""/>
  <member type="relation" ref="3948024" role=""/>
  <member type="relation" ref="3796161" role=""/>
  <member type="relation" ref="3796341" role=""/>
  <member type="relation" ref="3519913" role=""/>
  <member type="relation" ref="2168363" role=""/>
  <member type="relation" ref="7492744" role=""/>
  <member type="relation" ref="8596419" role=""/>
  <member type="relation" ref="7417266" role=""/>
  <member type="relation" ref="7722594" role=""/>
  <member type="relation" ref="10040102" role=""/>
  <member type="relation" ref="8784852" role=""/>
  <member type="relation" ref="3786630" role=""/>
  <member type="relation" ref="8372093" role=""/>
  <member type="relation" ref="7331065" role=""/>
  <member type="relation" ref="9994456" role=""/>
  <member type="relation" ref="9473486" role=""/>
  <member type="relation" ref="9918288" role=""/>
  <member type="relation" ref="5525014" role=""/>
  <member type="relation" ref="4544688" role=""/>
  <member type="relation" ref="9893745" role=""/>
  <member type="relation" ref="4452065" role=""/>
  <member type="relation" ref="9874325" role=""/>
  <member type="relation" ref="36085" role=""/>
  <member type="relation" ref="31622" role=""/>
  <member type="relation" ref="1597628" role=""/>
  <member type="relation" ref="9500290" role=""/>
  <member type="relation" ref="9584945" role=""/>
  <member type="relation" ref="9361963" role=""/>
  <member type="relation" ref="9364396" role=""/>
  <member type="relation" ref="9365393" role=""/>
  <member type="relation" ref="9586987" role=""/>
  <member type="relation" ref="9593068" role=""/>
  <member type="relation" ref="9623424" role=""/>
  <member type="relation" ref="9852047" role=""/>
  <member type="relation" ref="9671641" role=""/>
  <member type="relation" ref="10548190" role=""/>
  <member type="relation" ref="8063894" role=""/>
  <member type="relation" ref="10387581" role=""/>
  <member type="relation" ref="12079873" role=""/>
  <member type="relation" ref="9570519" role=""/>
  <tag k="name" v="日本の一般国道"/>
  <tag k="name:af" v="Nasionale snelweë van Japan"/>
  <tag k="name:en" v="National Highway of Japan"/>
  <tag k="name:es" v="Ruta nacional de Japón"/>
  <tag k="name:fr" v="Routes nationales du Japon"/>
  <tag k="name:ja" v="日本の一般国道"/>
  <tag k="name:ja-Hira" v="にっぽん の いっぱん こくどう"/>
  <tag k="name:ja-Latn" v="Nihon no ippan kokudō"/>
  <tag k="name:ko" v="일본의 일반 국도"/>
  <tag k="name:ru" v="Японские национальные дороги"/>
  <tag k="name:zh-Hans" v="日本一般国道"/>
  <tag k="name:zh-Hant" v="日本一般國道"/>
  <tag k="network" v="JP:national"/>
  <tag k="route_master" v="road"/>
  <tag k="type" v="route_master"/>
  <tag k="wikidata" v="Q926383"/>
  <tag k="wikimedia_commons" v="Category:National highways of Japan"/>
  <tag k="wikipedia" v="ja:一般国道"/>
 </relation>
 <relation id="9889643" visible="true" version="23" changeset="188021867" timestamp="2026-08-26T04:45:46Z" user="taketaketake" uid="4757277">
  <member type="way" ref="119875380" role=""/>
  <member type="way" ref="119875894" role=""/>
  <member type="way" ref="119875708" role=""/>
  <member type="way" ref="1005699318" role=""/>
  <member type="way" ref="119875651" role=""/>
  <member type="way" ref="119875313" role=""/>
  <member type="way" ref="1420297998" role=""/>
  <member type="way" ref="119875149" role=""/>
  <member type="way" ref="119739253" role=""/>
  <member type="way" ref="119739802" role=""/>
  <member type="way" ref="1420297999" role=""/>
  <member type="way" ref="119738401" role=""/>
  <member type="way" ref="119739696" role=""/>
  <member type="way" ref="119740205" role=""/>
  <member type="way" ref="119739792" role=""/>
  <member type="way" ref="119738778" role=""/>
  <member type="way" ref="119740824" role=""/>
  <member type="way" ref="711238484" role=""/>
  <member type="way" ref="711238483" role=""/>
  <member type="way" ref="432598000" role=""/>
  <member type="way" ref="119739698" role=""/>
  <member type="way" ref="711238482" role=""/>
  <member type="way" ref="711238481" role=""/>
  <member type="way" ref="627444089" role=""/>
  <member type="way" ref="119738439" role=""/>
  <member type="way" ref="119739121" role=""/>
  <member type="way" ref="119740116" role=""/>
  <member type="way" ref="119736642" role=""/>
  <member type="way" ref="119735977" role=""/>
  <member type="way" ref="1427004755" role=""/>
  <member type="way" ref="119740284" role=""/>
  <member type="way" ref="119735944" role=""/>
  <member type="way" ref="119739106" role=""/>
  <member type="way" ref="1426787589" role=""/>
  <member type="way" ref="119283923" role=""/>
  <member type="way" ref="119284208" role=""/>
  <member type="way" ref="119285234" role=""/>
  <member type="way" ref="119282573" role=""/>
  <member type="way" ref="119282948" role=""/>
  <member type="way" ref="119284077" role=""/>
  <member type="way" ref="119282668" role=""/>
  <member type="way" ref="119282620" role=""/>
  <member type="way" ref="119284535" role=""/>
  <member type="way" ref="119283291" role=""/>
  <member type="way" ref="119283671" role=""/>
  <member type="way" ref="119283997" role=""/>
  <member type="way" ref="1426787587" role=""/>
  <member type="way" ref="680336883" role=""/>
  <member type="way" ref="119282741" role=""/>
  <member type="way" ref="119282750" role=""/>
  <member type="way" ref="119285229" role=""/>
  <member type="way" ref="119286281" role=""/>
  <member type="way" ref="119285173" role=""/>
  <member type="way" ref="119284390" role=""/>
  <member type="way" ref="119284368" role=""/>
  <member type="way" ref="119286512" role=""/>
  <member type="way" ref="119282796" role=""/>
  <member type="way" ref="119283088" role=""/>
  <member type="way" ref="119282747" role=""/>
  <member type="way" ref="1092965350" role=""/>
  <member type="way" ref="119283991" role=""/>
  <member type="way" ref="1092965353" role=""/>
  <member type="way" ref="119424829" role=""/>
  <member type="way" ref="1092965356" role=""/>
  <member type="way" ref="1092965355" role=""/>
  <member type="way" ref="426161303" role=""/>
  <member type="way" ref="119424199" role=""/>
  <member type="way" ref="711148961" role=""/>
  <member type="way" ref="711148962" role=""/>
  <member type="way" ref="1229593132" role=""/>
  <member type="way" ref="1393745339" role=""/>
  <member type="way" ref="119424990" role=""/>
  <member type="way" ref="119424302" role=""/>
  <member type="way" ref="77965651" role=""/>
  <member type="way" ref="116193633" role=""/>
  <member type="way" ref="260698524" role=""/>
  <member type="way" ref="238024819" role=""/>
  <member type="way" ref="238024816" role=""/>
  <member type="way" ref="85466790" role=""/>
  <member type="way" ref="1419738581" role=""/>
  <member type="way" ref="1095789399" role=""/>
  <member type="way" ref="1095789398" role=""/>
  <member type="way" ref="85466791" role=""/>
  <member type="way" ref="1097782072" role=""/>
  <member type="way" ref="1097782071" role=""/>
  <member type="way" ref="118673379" role=""/>
  <member type="way" ref="1425500554" role=""/>
  <member type="way" ref="1425500555" role=""/>
  <member type="way" ref="1425500556" role=""/>
  <member type="way" ref="118673668" role=""/>
  <tag k="colour" v="red"/>
  <tag k="from" v="山口県山口市"/>
  <tag k="name" v="国道376号"/>
  <tag k="name:en" v="National Highway Route 376"/>
  <tag k="name:ja" v="国道376号"/>
  <tag k="name:ja-Hira" v="こくどうさんびゃくななじゅうろくごう"/>
  <tag k="name:ja-Latn" v="Kokudou 376 Gou"/>
  <tag k="network" v="JP:national"/>
  <tag k="official_name" v="一般国道376号"/>
  <tag k="ref" v="376"/>
  <tag k="route" v="road"/>
  <tag k="to" v="山口県岩国市"/>
  <tag k="type" v="route"/>
  <tag k="wikidata" v="Q11421451"/>
  <tag k="wikipedia" v="ja:国道376号"/>
 </relation>
 <relation id="10700192" visible="true" version="13" changeset="126710914" timestamp="2022-09-27T19:16:03Z" user="AYAGE" uid="521665">
  <member type="way" ref="1097799213" role="outer"/>
  <member type="way" ref="1098046970" role="outer"/>
  <member type="way" ref="1097871773" role="outer"/>
  <member type="way" ref="1061209387" role="outer"/>
  <member type="way" ref="1061209385" role="outer"/>
  <member type="way" ref="1062121272" role="outer"/>
  <member type="way" ref="1062203355" role="outer"/>
  <member type="way" ref="1062624315" role="outer"/>
  <member type="way" ref="1097034133" role="outer"/>
  <member type="way" ref="1097871772" role="outer"/>
  <member type="way" ref="148395655" role="outer"/>
  <member type="way" ref="148395587" role="inner"/>
  <member type="way" ref="148395631" role="inner"/>
  <member type="way" ref="1078704990" role="inner"/>
  <member type="way" ref="1078704991" role="inner"/>
  <member type="way" ref="1078704992" role="inner"/>
  <member type="way" ref="1061209389" role="inner"/>
  <member type="way" ref="1078704985" role="inner"/>
  <member type="way" ref="1079071371" role="inner"/>
  <member type="way" ref="1098364728" role="outer"/>
  <member type="way" ref="771551616" role="outer"/>
  <tag k="natural" v="wood"/>
  <tag k="note" v="A13-06_35.xml"/>
  <tag k="source:ja" v="国土数値情報（森林地域データ）平成18年　国土交通省"/>
  <tag k="source_ref" v="http://nlftp.mlit.go.jp/ksj/jpgis/datalist/KsjTmplt-A13.html"/>
  <tag k="type" v="multipolygon"/>
 </relation>
 <relation id="15658982" visible="true" version="2" changeset="169929269" timestamp="2025-08-04T00:07:21Z" user="taketaketake" uid="4757277">
  <member type="relation" ref="9889643" role=""/>
  <tag k="name" v="国道376号"/>
  <tag k="name:en" v="National Highway Route 376"/>
  <tag k="name:ja" v="国道376号"/>
  <tag k="network" v="JP:national"/>
  <tag k="ref" v="376"/>
  <tag k="route_master" v="road"/>
  <tag k="type" v="route_master"/>
 </relation>
</osm>
