<?xml version="1.0" encoding="UTF-8"?>
<osm version="0.6" generator="openstreetmap-cgimap 2.1.0 (2942776 spike-08.openstreetmap.org)" copyright="OpenStreetMap and contributors" attribution="http://www.openstreetmap.org/copyright" license="http://opendatacommons.org/licenses/odbl/1-0/">
 <bounds minlat="34.1318914" minlon="132.2014788" maxlat="34.1344083" maxlon="132.2047593"/>
 <node id="265923199" visible="true" version="3" changeset="31410172" timestamp="2015-05-24T01:17:31Z" user="nyampire" uid="378532" lat="34.1342049" lon="132.2052246"/>
 <node id="265923912" visible="true" version="4" changeset="132660656" timestamp="2023-02-17T07:03:40Z" user="AYAGE" uid="521665" lat="34.1291153" lon="132.2024712"/>
 <node id="265923914" visible="true" version="2" changeset="31410172" timestamp="2015-05-24T01:17:35Z" user="nyampire" uid="378532" lat="34.1298900" lon="132.2026330"/>
 <node id="265923915" visible="true" version="2" changeset="31410172" timestamp="2015-05-24T01:17:36Z" user="nyampire" uid="378532" lat="34.1296380" lon="132.2025700"/>
 <node id="265923930" visible="true" version="3" changeset="101749306" timestamp="2021-03-25T23:30:48Z" user="flierfy" uid="445671" lat="34.1306477" lon="132.2028701"/>
 <node id="265923931" visible="true" version="3" changeset="101749306" timestamp="2021-03-25T23:30:48Z" user="flierfy" uid="445671" lat="34.1312045" lon="132.2030916"/>
 <node id="265923932" visible="true" version="4" changeset="132660656" timestamp="2023-02-17T07:03:40Z" user="AYAGE" uid="521665" lat="34.1318066" lon="132.2033842"/>
 <node id="265923933" visible="true" version="3" changeset="31410172" timestamp="2015-05-24T01:17:36Z" user="nyampire" uid="378532" lat="34.1323441" lon="132.2037083"/>
 <node id="265923934" visible="true" version="3" changeset="31410172" timestamp="2015-05-24T01:17:36Z" user="nyampire" uid="378532" lat="34.1328067" lon="132.2040299"/>
 <node id="265923935" visible="true" version="4" changeset="133134511" timestamp="2023-02-28T15:47:27Z" user="AYAGE" uid="521665" lat="34.1330641" lon="132.2042081"/>
 <node id="265923936" visible="true" version="3" changeset="31410172" timestamp="2015-05-24T01:17:36Z" user="nyampire" uid="378532" lat="34.1336151" lon="132.2046672"/>
 <node id="265923937" visible="true" version="3" changeset="31410172" timestamp="2015-05-24T01:17:36Z" user="nyampire" uid="378532" lat="34.1339349" lon="132.2049594"/>
 <node id="366527452" visible="true" version="7" changeset="170704351" timestamp="2025-08-20T06:08:53Z" user="taketaketake" uid="4757277" lat="34.1355217" lon="132.2057302"/>
 <node id="366527453" visible="true" version="7" changeset="62393092" timestamp="2018-09-08T04:12:04Z" user="nmaruichi" uid="317331" lat="34.1338236" lon="132.2038409"/>
 <node id="366527454" visible="true" version="8" changeset="132702184" timestamp="2023-02-18T04:29:51Z" user="AYAGE" uid="521665" lat="34.1331296" lon="132.2030996"/>
 <node id="366527455" visible="true" version="7" changeset="62393092" timestamp="2018-09-08T04:12:04Z" user="nmaruichi" uid="317331" lat="34.1319675" lon="132.2018032"/>
 <node id="1337992992" visible="true" version="2" changeset="132702184" timestamp="2023-02-18T04:29:51Z" user="AYAGE" uid="521665" lat="34.1328293" lon="132.2028535"/>
 <node id="1337993016" visible="true" version="2" changeset="62393092" timestamp="2018-09-08T04:12:04Z" user="nmaruichi" uid="317331" lat="34.1336776" lon="132.2036800"/>
 <node id="1337993073" visible="true" version="3" changeset="132660656" timestamp="2023-02-17T07:03:40Z" user="AYAGE" uid="521665" lat="34.1329629" lon="132.2013443"/>
 <node id="1337993228" visible="true" version="3" changeset="132660656" timestamp="2023-02-17T07:03:40Z" user="AYAGE" uid="521665" lat="34.1312674" lon="132.2010551"/>
 <node id="1337993534" visible="true" version="2" changeset="132702184" timestamp="2023-02-18T04:29:51Z" user="AYAGE" uid="521665" lat="34.1354395" lon="132.2029812"/>
 <node id="1337993588" visible="true" version="3" changeset="132660656" timestamp="2023-02-17T07:03:40Z" user="AYAGE" uid="521665" lat="34.1326529" lon="132.2018518"/>
 <node id="1337993888" visible="true" version="2" changeset="132702184" timestamp="2023-02-18T04:29:51Z" user="AYAGE" uid="521665" lat="34.1360112" lon="132.2027746"/>
 <node id="1337993951" visible="true" version="2" changeset="132702184" timestamp="2023-02-18T04:29:51Z" user="AYAGE" uid="521665" lat="34.1351551" lon="132.2019626"/>
 <node id="1337994138" visible="true" version="2" changeset="132727380" timestamp="2023-02-18T19:50:38Z" user="AYAGE" uid="521665" lat="34.1326486" lon="132.2041043"/>
 <node id="1337994727" visible="true" version="3" changeset="132660656" timestamp="2023-02-17T07:03:40Z" user="AYAGE" uid="521665" lat="34.1335470" lon="132.2004977"/>
 <node id="1337994762" visible="true" version="2" changeset="132660656" timestamp="2023-02-17T07:03:40Z" user="AYAGE" uid="521665" lat="34.1321035" lon="132.2031034"/>
 <node id="1337994768" visible="true" version="3" changeset="133157034" timestamp="2023-03-01T06:07:53Z" user="AYAGE" uid="521665" lat="34.1329175" lon="132.2051070"/>
 <node id="1337994870" visible="true" version="3" changeset="132660656" timestamp="2023-02-17T07:03:40Z" user="AYAGE" uid="521665" lat="34.1324093" lon="132.2023102">
  <tag k="highway" v="traffic_signals"/>
  <tag k="name" v="南岩国1丁目"/>
  <tag k="name:ja" v="南岩国1丁目"/>
  <tag k="source" v="survey"/>
  <tag k="survey:date" v="2018-09-06"/>
 </node>
 <node id="1337994902" visible="true" version="2" changeset="132660656" timestamp="2023-02-17T07:03:40Z" user="AYAGE" uid="521665" lat="34.1315542" lon="132.2045198"/>
 <node id="1337995035" visible="true" version="2" changeset="132660656" timestamp="2023-02-17T07:03:40Z" user="AYAGE" uid="521665" lat="34.1316018" lon="132.2043745"/>
 <node id="1337995085" visible="true" version="3" changeset="132702184" timestamp="2023-02-18T04:29:51Z" user="AYAGE" uid="521665" lat="34.1328853" lon="132.2028321"/>
 <node id="1337995177" visible="true" version="3" changeset="132660656" timestamp="2023-02-17T07:03:40Z" user="AYAGE" uid="521665" lat="34.1332305" lon="132.2009555"/>
 <node id="1337995673" visible="true" version="2" changeset="132702184" timestamp="2023-02-18T04:29:51Z" user="AYAGE" uid="521665" lat="34.1344380" lon="132.2045338"/>
 <node id="1337995782" visible="true" version="2" changeset="132702184" timestamp="2023-02-18T04:29:51Z" user="AYAGE" uid="521665" lat="34.1339458" lon="132.2035431"/>
 <node id="1337995835" visible="true" version="3" changeset="132660656" timestamp="2023-02-17T07:03:40Z" user="AYAGE" uid="521665" lat="34.1328153" lon="132.2015686"/>
 <node id="1337996920" visible="true" version="2" changeset="132727380" timestamp="2023-02-18T19:50:38Z" user="AYAGE" uid="521665" lat="34.1325852" lon="132.2041006"/>
 <node id="1932492640" visible="true" version="3" changeset="133134511" timestamp="2023-02-28T15:47:27Z" user="AYAGE" uid="521665" lat="34.1372940" lon="132.2079810"/>
 <node id="1932492663" visible="true" version="3" changeset="133134511" timestamp="2023-02-28T15:47:27Z" user="AYAGE" uid="521665" lat="34.1368998" lon="132.2075932"/>
 <node id="1932492668" visible="true" version="1" changeset="13249294" timestamp="2012-09-25T16:48:56Z" user="nmaruichi" uid="317331" lat="34.1367284" lon="132.2074186"/>
 <node id="1932492670" visible="true" version="1" changeset="13249294" timestamp="2012-09-25T16:48:56Z" user="nmaruichi" uid="317331" lat="34.1342709" lon="132.2051477"/>
 <node id="1932492672" visible="true" version="1" changeset="13249294" timestamp="2012-09-25T16:48:56Z" user="nmaruichi" uid="317331" lat="34.1339738" lon="132.2048869"/>
 <node id="1932492674" visible="true" version="2" changeset="133134511" timestamp="2023-02-28T15:47:27Z" user="AYAGE" uid="521665" lat="34.1335532" lon="132.2045477"/>
 <node id="1932492731" visible="true" version="2" changeset="133134511" timestamp="2023-02-28T15:47:27Z" user="AYAGE" uid="521665" lat="34.1333064" lon="132.2043798"/>
 <node id="1932492800" visible="true" version="1" changeset="13249294" timestamp="2012-09-25T16:48:59Z" user="nmaruichi" uid="317331" lat="34.1323636" lon="132.2036690"/>
 <node id="1932492803" visible="true" version="1" changeset="13249294" timestamp="2012-09-25T16:48:59Z" user="nmaruichi" uid="317331" lat="34.1328294" lon="132.2039691"/>
 <node id="1932492805" visible="true" version="2" changeset="133134511" timestamp="2023-02-28T15:47:27Z" user="AYAGE" uid="521665" lat="34.1330915" lon="132.2041455"/>
 <node id="1932492808" visible="true" version="1" changeset="13249294" timestamp="2012-09-25T16:48:59Z" user="nmaruichi" uid="317331" lat="34.1336670" lon="132.2045731"/>
 <node id="1932492811" visible="true" version="1" changeset="13249294" timestamp="2012-09-25T16:48:59Z" user="nmaruichi" uid="317331" lat="34.1339998" lon="132.2048555"/>
 <node id="1932492813" visible="true" version="1" changeset="13249294" timestamp="2012-09-25T16:48:59Z" user="nmaruichi" uid="317331" lat="34.1342920" lon="132.2051144"/>
 <node id="1932492914" visible="true" version="2" changeset="133134511" timestamp="2023-02-28T15:47:27Z" user="AYAGE" uid="521665" lat="34.1332793" lon="132.2043039"/>
 <node id="4315817583" visible="true" version="3" changeset="132660656" timestamp="2023-02-17T07:03:40Z" user="AYAGE" uid="521665" lat="34.1312466" lon="132.2010317"/>
 <node id="5293705537" visible="true" version="1" changeset="54758788" timestamp="2017-12-19T12:49:10Z" user="iwa map" uid="7211705" lat="34.1344856" lon="132.2024183"/>
 <node id="5293705538" visible="true" version="1" changeset="54758788" timestamp="2017-12-19T12:49:10Z" user="iwa map" uid="7211705" lat="34.1338748" lon="132.2026434"/>
 <node id="5293705539" visible="true" version="1" changeset="54758788" timestamp="2017-12-19T12:49:10Z" user="iwa map" uid="7211705" lat="34.1340664" lon="132.2034024"/>
 <node id="5293705540" visible="true" version="1" changeset="54758788" timestamp="2017-12-19T12:49:10Z" user="iwa map" uid="7211705" lat="34.1346773" lon="132.2031774"/>
 <node id="5293705541" visible="true" version="2" changeset="132702184" timestamp="2023-02-18T04:29:51Z" user="AYAGE" uid="521665" lat="34.1347065" lon="132.2016722"/>
 <node id="5293705542" visible="true" version="2" changeset="132702184" timestamp="2023-02-18T04:29:51Z" user="AYAGE" uid="521665" lat="34.1343880" lon="132.2017869"/>
 <node id="5293705543" visible="true" version="2" changeset="132702184" timestamp="2023-02-18T04:29:51Z" user="AYAGE" uid="521665" lat="34.1344809" lon="132.2021631"/>
 <node id="5293705544" visible="true" version="2" changeset="132702184" timestamp="2023-02-18T04:29:51Z" user="AYAGE" uid="521665" lat="34.1347993" lon="132.2020484"/>
 <node id="5293705546" visible="true" version="2" changeset="132702184" timestamp="2023-02-18T04:29:51Z" user="AYAGE" uid="521665" lat="34.1347842" lon="132.2010343"/>
 <node id="5293705547" visible="true" version="2" changeset="132702184" timestamp="2023-02-18T04:29:51Z" user="AYAGE" uid="521665" lat="34.1351916" lon="132.2012046"/>
 <node id="5293705560" visible="true" version="1" changeset="54758788" timestamp="2017-12-19T12:49:11Z" user="iwa map" uid="7211705" lat="34.1344494" lon="132.2007362"/>
 <node id="5293705561" visible="true" version="1" changeset="54758788" timestamp="2017-12-19T12:49:11Z" user="iwa map" uid="7211705" lat="34.1343264" lon="132.2002124"/>
 <node id="5293705562" visible="true" version="1" changeset="54758788" timestamp="2017-12-19T12:49:11Z" user="iwa map" uid="7211705" lat="34.1339455" lon="132.2003540"/>
 <node id="5293705563" visible="true" version="2" changeset="132702184" timestamp="2023-02-18T04:29:51Z" user="AYAGE" uid="521665" lat="34.1341877" lon="132.2012601"/>
 <node id="5293705564" visible="true" version="2" changeset="132702184" timestamp="2023-02-18T04:29:51Z" user="AYAGE" uid="521665" lat="34.1344399" lon="132.2011677"/>
 <node id="5293705565" visible="true" version="2" changeset="132702184" timestamp="2023-02-18T04:29:51Z" user="AYAGE" uid="521665" lat="34.1345214" lon="132.2014717"/>
 <node id="5293705566" visible="true" version="2" changeset="132702184" timestamp="2023-02-18T04:29:51Z" user="AYAGE" uid="521665" lat="34.1342735" lon="132.2015564"/>
 <node id="5293705567" visible="true" version="3" changeset="133157034" timestamp="2023-03-01T06:07:53Z" user="AYAGE" uid="521665" lat="34.1344216" lon="132.2022619"/>
 <node id="5293705568" visible="true" version="2" changeset="132702184" timestamp="2023-02-18T04:29:51Z" user="AYAGE" uid="521665" lat="34.1353650" lon="132.2015997"/>
 <node id="5293705569" visible="true" version="2" changeset="132702184" timestamp="2023-02-18T04:29:51Z" user="AYAGE" uid="521665" lat="34.1351643" lon="132.2016780"/>
 <node id="5293705571" visible="true" version="2" changeset="132702184" timestamp="2023-02-18T04:29:51Z" user="AYAGE" uid="521665" lat="34.1349410" lon="132.2009755"/>
 <node id="5293705572" visible="true" version="2" changeset="132702184" timestamp="2023-02-18T04:29:51Z" user="AYAGE" uid="521665" lat="34.1348943" lon="132.2007708"/>
 <node id="5293705573" visible="true" version="2" changeset="132702184" timestamp="2023-02-18T04:29:51Z" user="AYAGE" uid="521665" lat="34.1354136" lon="132.2017950"/>
 <node id="5293705574" visible="true" version="2" changeset="132702184" timestamp="2023-02-18T04:29:51Z" user="AYAGE" uid="521665" lat="34.1359522" lon="132.2016742"/>
 <node id="5293705575" visible="true" version="2" changeset="132702184" timestamp="2023-02-18T04:29:51Z" user="AYAGE" uid="521665" lat="34.1337448" lon="132.2025104"/>
 <node id="5367609824" visible="true" version="1" changeset="55823374" timestamp="2018-01-28T08:45:05Z" user="iwa map" uid="7211705" lat="34.1405254" lon="132.2192054"/>
 <node id="5367609827" visible="true" version="2" changeset="127580783" timestamp="2022-10-15T17:04:44Z" user="nmaruichi" uid="317331" lat="34.1416015" lon="132.2131253"/>
 <node id="5367609828" visible="true" version="2" changeset="132727380" timestamp="2023-02-18T19:50:38Z" user="AYAGE" uid="521665" lat="34.1393466" lon="132.2107002"/>
 <node id="5367609829" visible="true" version="2" changeset="132727380" timestamp="2023-02-18T19:50:38Z" user="AYAGE" uid="521665" lat="34.1384637" lon="132.2110353"/>
 <node id="5367609831" visible="true" version="2" changeset="167614166" timestamp="2025-06-14T13:58:36Z" user="okadatsuneo" uid="10163840" lat="34.1335258" lon="132.2047605"/>
 <node id="5367609832" visible="true" version="2" changeset="132660656" timestamp="2023-02-17T07:03:40Z" user="AYAGE" uid="521665" lat="34.1319026" lon="132.2035923"/>
 <node id="5367609834" visible="true" version="1" changeset="55823374" timestamp="2018-01-28T08:45:05Z" user="iwa map" uid="7211705" lat="34.1318259" lon="132.2105912"/>
 <node id="5367609835" visible="true" version="1" changeset="55823374" timestamp="2018-01-28T08:45:05Z" user="iwa map" uid="7211705" lat="34.1316465" lon="132.2105154"/>
 <node id="5367609836" visible="true" version="2" changeset="132727380" timestamp="2023-02-18T19:50:38Z" user="AYAGE" uid="521665" lat="34.1310996" lon="132.2107792"/>
 <node id="5367609837" visible="true" version="1" changeset="55823374" timestamp="2018-01-28T08:45:05Z" user="iwa map" uid="7211705" lat="34.1309156" lon="132.2108513"/>
 <node id="5367609838" visible="true" version="1" changeset="55823374" timestamp="2018-01-28T08:45:05Z" user="iwa map" uid="7211705" lat="34.1308124" lon="132.2105046"/>
 <node id="5367609839" visible="true" version="2" changeset="133134511" timestamp="2023-02-28T15:47:27Z" user="AYAGE" uid="521665" lat="34.1298835" lon="132.2108182"/>
 <node id="5367609840" visible="true" version="2" changeset="132727380" timestamp="2023-02-18T19:50:38Z" user="AYAGE" uid="521665" lat="34.1279904" lon="132.2143228"/>
 <node id="5367609841" visible="true" version="1" changeset="55823374" timestamp="2018-01-28T08:45:05Z" user="iwa map" uid="7211705" lat="34.1278122" lon="132.2136685"/>
 <node id="5367609842" visible="true" version="2" changeset="132727380" timestamp="2023-02-18T19:50:38Z" user="AYAGE" uid="521665" lat="34.1266908" lon="132.2141212"/>
 <node id="5367609843" visible="true" version="2" changeset="132727380" timestamp="2023-02-18T19:50:38Z" user="AYAGE" uid="521665" lat="34.1268403" lon="132.2154771"/>
 <node id="5367609844" visible="true" version="2" changeset="132727380" timestamp="2023-02-18T19:50:38Z" user="AYAGE" uid="521665" lat="34.1273050" lon="132.2176451"/>
 <node id="5367609845" visible="true" version="2" changeset="132727380" timestamp="2023-02-18T19:50:38Z" user="AYAGE" uid="521665" lat="34.1322440" lon="132.2216922"/>
 <node id="5892053472" visible="true" version="2" changeset="132660656" timestamp="2023-02-17T07:03:40Z" user="AYAGE" uid="521665" lat="34.1323808" lon="132.2023651">
  <tag k="crossing" v="traffic_signals"/>
  <tag k="highway" v="crossing"/>
  <tag k="source" v="survey"/>
  <tag k="survey:date" v="2018-09-06"/>
 </node>
 <node id="5892053473" visible="true" version="2" changeset="132660656" timestamp="2023-02-17T07:03:40Z" user="AYAGE" uid="521665" lat="34.1323413" lon="132.2022312">
  <tag k="button_operated" v="yes"/>
  <tag k="crossing" v="traffic_signals"/>
  <tag k="highway" v="crossing"/>
  <tag k="source" v="survey"/>
  <tag k="survey:date" v="2018-09-06"/>
 </node>
 <node id="5892053474" visible="true" version="2" changeset="132660656" timestamp="2023-02-17T07:03:40Z" user="AYAGE" uid="521665" lat="34.1324983" lon="132.2024080">
  <tag k="button_operated" v="yes"/>
  <tag k="crossing" v="traffic_signals"/>
  <tag k="highway" v="crossing"/>
  <tag k="source" v="survey"/>
  <tag k="survey:date" v="2018-09-06"/>
 </node>
 <node id="5892053475" visible="true" version="2" changeset="132660656" timestamp="2023-02-17T07:03:40Z" user="AYAGE" uid="521665" lat="34.1324345" lon="132.2022564">
  <tag k="crossing" v="traffic_signals"/>
  <tag k="highway" v="crossing"/>
  <tag k="source" v="survey"/>
  <tag k="survey:date" v="2018-09-06"/>
 </node>
 <node id="5892053476" visible="true" version="1" changeset="62393092" timestamp="2018-09-08T04:12:04Z" user="nmaruichi" uid="317331" lat="34.1350976" lon="132.2052540">
  <tag k="crossing" v="traffic_signals"/>
  <tag k="highway" v="crossing"/>
  <tag k="source" v="survey"/>
  <tag k="survey:date" v="2018-09-06"/>
 </node>
 <node id="5892053477" visible="true" version="1" changeset="62393092" timestamp="2018-09-08T04:12:04Z" user="nmaruichi" uid="317331" lat="34.1351134" lon="132.2052717">
  <tag k="highway" v="traffic_signals"/>
  <tag k="noname" v="yes"/>
  <tag k="source" v="survey"/>
  <tag k="survey:date" v="2018-09-06"/>
 </node>
 <node id="6042064937" visible="true" version="1" changeset="64235805" timestamp="2018-11-06T16:18:39Z" user="42429" uid="42429" lat="34.1472176" lon="132.1967939">
  <tag k="power" v="tower"/>
  <tag k="source" v="Bing"/>
 </node>
 <node id="7181682543" visible="true" version="2" changeset="132727380" timestamp="2023-02-18T19:50:38Z" user="AYAGE" uid="521665" lat="34.1294638" lon="132.2167716"/>
 <node id="8562132399" visible="true" version="3" changeset="132660656" timestamp="2023-02-17T07:03:40Z" user="AYAGE" uid="521665" lat="34.1319551" lon="132.2034677">
  <tag k="railway" v="level_crossing"/>
 </node>
 <node id="8562132400" visible="true" version="3" changeset="132660656" timestamp="2023-02-17T07:03:40Z" user="AYAGE" uid="521665" lat="34.1319671" lon="132.2034365">
  <tag k="railway" v="level_crossing"/>
 </node>
 <node id="8562132401" visible="true" version="2" changeset="132660656" timestamp="2023-02-17T07:03:40Z" user="AYAGE" uid="521665" lat="34.1315328" lon="132.2032043"/>
 <node id="8562132402" visible="true" version="1" changeset="101749306" timestamp="2021-03-25T23:30:48Z" user="flierfy" uid="445671" lat="34.1312148" lon="132.2030528"/>
 <node id="8562132403" visible="true" version="1" changeset="101749306" timestamp="2021-03-25T23:30:48Z" user="flierfy" uid="445671" lat="34.1309328" lon="132.2029281"/>
 <node id="8562132404" visible="true" version="1" changeset="101749306" timestamp="2021-03-25T23:30:48Z" user="flierfy" uid="445671" lat="34.1306508" lon="132.2028275"/>
 <node id="8562132405" visible="true" version="1" changeset="101749306" timestamp="2021-03-25T23:30:48Z" user="flierfy" uid="445671" lat="34.1298971" lon="132.2025955"/>
 <node id="8562132406" visible="true" version="1" changeset="101749306" timestamp="2021-03-25T23:30:48Z" user="flierfy" uid="445671" lat="34.1296462" lon="132.2025365"/>
 <node id="8562132407" visible="true" version="2" changeset="132660656" timestamp="2023-02-17T07:03:40Z" user="AYAGE" uid="521665" lat="34.1291271" lon="132.2024359"/>
 <node id="8562132409" visible="true" version="1" changeset="101749306" timestamp="2021-03-25T23:30:48Z" user="flierfy" uid="445671" lat="34.1309206" lon="132.2029670"/>
 <node id="8562132410" visible="true" version="2" changeset="132660656" timestamp="2023-02-17T07:03:40Z" user="AYAGE" uid="521665" lat="34.1315712" lon="132.2032600"/>
 <node id="9393620730" visible="true" version="1" changeset="115780640" timestamp="2022-01-05T05:51:39Z" user="taketaketake" uid="4757277" lat="34.1442292" lon="132.1975793">
  <tag k="power" v="tower"/>
 </node>
 <node id="9393620731" visible="true" version="1" changeset="115780640" timestamp="2022-01-05T05:51:39Z" user="taketaketake" uid="4757277" lat="34.1373686" lon="132.1998952">
  <tag k="power" v="tower"/>
 </node>
 <node id="9393620732" visible="true" version="1" changeset="115780640" timestamp="2022-01-05T05:51:39Z" user="taketaketake" uid="4757277" lat="34.1355552" lon="132.2010868">
  <tag k="power" v="tower"/>
 </node>
 <node id="9393620733" visible="true" version="1" changeset="115780640" timestamp="2022-01-05T05:51:39Z" user="taketaketake" uid="4757277" lat="34.1343010" lon="132.2021137">
  <tag k="power" v="tower"/>
 </node>
 <node id="9393620734" visible="true" version="1" changeset="115780640" timestamp="2022-01-05T05:51:39Z" user="taketaketake" uid="4757277" lat="34.1325794" lon="132.2035089">
  <tag k="power" v="tower"/>
 </node>
 <node id="9393620735" visible="true" version="1" changeset="115780640" timestamp="2022-01-05T05:51:39Z" user="taketaketake" uid="4757277" lat="34.1314950" lon="132.2043905">
  <tag k="power" v="tower"/>
 </node>
 <node id="9393620736" visible="true" version="1" changeset="115780640" timestamp="2022-01-05T05:51:39Z" user="taketaketake" uid="4757277" lat="34.1298579" lon="132.2045539">
  <tag k="power" v="tower"/>
 </node>
 <node id="9393620737" visible="true" version="1" changeset="115780640" timestamp="2022-01-05T05:51:39Z" user="taketaketake" uid="4757277" lat="34.1298849" lon="132.2050209">
  <tag k="power" v="tower"/>
 </node>
 <node id="9393620738" visible="true" version="1" changeset="115780640" timestamp="2022-01-05T05:51:39Z" user="taketaketake" uid="4757277" lat="34.1286096" lon="132.2054968">
  <tag k="power" v="tower"/>
 </node>
 <node id="9393620739" visible="true" version="1" changeset="115780640" timestamp="2022-01-05T05:51:39Z" user="taketaketake" uid="4757277" lat="34.1292072" lon="132.2052118">
  <tag k="power" v="tower"/>
 </node>
 <node id="9393620740" visible="true" version="1" changeset="115780640" timestamp="2022-01-05T05:51:39Z" user="taketaketake" uid="4757277" lat="34.1306049" lon="132.2043800">
  <tag k="power" v="tower"/>
 </node>
 <node id="9393620741" visible="true" version="1" changeset="115780640" timestamp="2022-01-05T05:51:39Z" user="taketaketake" uid="4757277" lat="34.1385306" lon="132.1995069">
  <tag k="power" v="tower"/>
 </node>
 <node id="9393620742" visible="true" version="2" changeset="133122932" timestamp="2023-02-28T10:45:57Z" user="AYAGE" uid="521665" lat="34.1401432" lon="132.1989506">
  <tag k="power" v="tower"/>
 </node>
 <node id="9393620743" visible="true" version="1" changeset="115780640" timestamp="2022-01-05T05:51:39Z" user="taketaketake" uid="4757277" lat="34.1423188" lon="132.1985621">
  <tag k="power" v="tower"/>
 </node>
 <node id="9393620744" visible="true" version="1" changeset="115780640" timestamp="2022-01-05T05:51:39Z" user="taketaketake" uid="4757277" lat="34.1282128" lon="132.2055653"/>
 <node id="10103500161" visible="true" version="1" changeset="127580783" timestamp="2022-10-15T17:04:44Z" user="nmaruichi" uid="317331" lat="34.1409294" lon="132.2134357"/>
 <node id="10103500162" visible="true" version="1" changeset="127580783" timestamp="2022-10-15T17:04:44Z" user="nmaruichi" uid="317331" lat="34.1416049" lon="132.2131942"/>
 <node id="10103500163" visible="true" version="1" changeset="127580783" timestamp="2022-10-15T17:04:44Z" user="nmaruichi" uid="317331" lat="34.1404233" lon="132.2135366"/>
 <node id="10103500164" visible="true" version="1" changeset="127580783" timestamp="2022-10-15T17:04:44Z" user="nmaruichi" uid="317331" lat="34.1404597" lon="132.2136810"/>
 <node id="10103500165" visible="true" version="1" changeset="127580783" timestamp="2022-10-15T17:04:44Z" user="nmaruichi" uid="317331" lat="34.1408989" lon="132.2137339"/>
 <node id="10103500166" visible="true" version="1" changeset="127580783" timestamp="2022-10-15T17:04:44Z" user="nmaruichi" uid="317331" lat="34.1406682" lon="132.2136727"/>
 <node id="10672347503" visible="true" version="1" changeset="132660656" timestamp="2023-02-17T07:03:40Z" user="AYAGE" uid="521665" lat="34.1315955" lon="132.2045267"/>
 <node id="10672347504" visible="true" version="1" changeset="132660656" timestamp="2023-02-17T07:03:40Z" user="AYAGE" uid="521665" lat="34.1316488" lon="132.2044274"/>
 <node id="10672354305" visible="true" version="2" changeset="133157034" timestamp="2023-03-01T06:07:53Z" user="AYAGE" uid="521665" lat="34.1317182" lon="132.2044160"/>
 <node id="10672354306" visible="true" version="3" changeset="167614166" timestamp="2025-06-14T13:58:36Z" user="okadatsuneo" uid="10163840" lat="34.1336392" lon="132.2049450"/>
 <node id="10672354307" visible="true" version="1" changeset="132660656" timestamp="2023-02-17T07:03:40Z" user="AYAGE" uid="521665" lat="34.1329876" lon="132.2101177"/>
 <node id="10672354308" visible="true" version="2" changeset="132727380" timestamp="2023-02-18T19:50:38Z" user="AYAGE" uid="521665" lat="34.1330398" lon="132.2097207"/>
 <node id="10672354309" visible="true" version="1" changeset="132660656" timestamp="2023-02-17T07:03:40Z" user="AYAGE" uid="521665" lat="34.1328422" lon="132.2089751"/>
 <node id="10672354310" visible="true" version="1" changeset="132660656" timestamp="2023-02-17T07:03:40Z" user="AYAGE" uid="521665" lat="34.1326990" lon="132.2090207"/>
 <node id="10672354311" visible="true" version="1" changeset="132660656" timestamp="2023-02-17T07:03:40Z" user="AYAGE" uid="521665" lat="34.1319496" lon="132.2063304"/>
 <node id="10672354312" visible="true" version="1" changeset="132660656" timestamp="2023-02-17T07:03:40Z" user="AYAGE" uid="521665" lat="34.1315944" lon="132.2050698"/>
 <node id="10672354313" visible="true" version="1" changeset="132660656" timestamp="2023-02-17T07:03:40Z" user="AYAGE" uid="521665" lat="34.1315944" lon="132.2049263"/>
 <node id="10672354314" visible="true" version="1" changeset="132660656" timestamp="2023-02-17T07:03:40Z" user="AYAGE" uid="521665" lat="34.1316377" lon="132.2047372"/>
 <node id="10672354315" visible="true" version="1" changeset="132660656" timestamp="2023-02-17T07:03:40Z" user="AYAGE" uid="521665" lat="34.1317443" lon="132.2043751"/>
 <node id="10672354316" visible="true" version="1" changeset="132660656" timestamp="2023-02-17T07:03:40Z" user="AYAGE" uid="521665" lat="34.1319918" lon="132.2036482"/>
 <node id="10672354317" visible="true" version="1" changeset="132660656" timestamp="2023-02-17T07:03:40Z" user="AYAGE" uid="521665" lat="34.1320851" lon="132.2036791"/>
 <node id="10672354318" visible="true" version="1" changeset="132660656" timestamp="2023-02-17T07:03:40Z" user="AYAGE" uid="521665" lat="34.1321728" lon="132.2030917"/>
 <node id="10675470140" visible="true" version="1" changeset="132702184" timestamp="2023-02-18T04:29:51Z" user="AYAGE" uid="521665" lat="34.1349374" lon="132.2020637"/>
 <node id="10675470141" visible="true" version="1" changeset="132702184" timestamp="2023-02-18T04:29:51Z" user="AYAGE" uid="521665" lat="34.1349302" lon="132.2020268"/>
 <node id="10675470142" visible="true" version="1" changeset="132702184" timestamp="2023-02-18T04:29:51Z" user="AYAGE" uid="521665" lat="34.1350839" lon="132.2019155"/>
 <node id="10675470143" visible="true" version="1" changeset="132702184" timestamp="2023-02-18T04:29:51Z" user="AYAGE" uid="521665" lat="34.1352194" lon="132.2013073"/>
 <node id="10675470144" visible="true" version="1" changeset="132702184" timestamp="2023-02-18T04:29:51Z" user="AYAGE" uid="521665" lat="34.1348592" lon="132.2013308"/>
 <node id="10675470145" visible="true" version="1" changeset="132702184" timestamp="2023-02-18T04:29:51Z" user="AYAGE" uid="521665" lat="34.1350964" lon="132.2005858"/>
 <node id="10675470146" visible="true" version="1" changeset="132702184" timestamp="2023-02-18T04:29:51Z" user="AYAGE" uid="521665" lat="34.1351222" lon="132.2006831"/>
 <node id="10675470148" visible="true" version="1" changeset="132702184" timestamp="2023-02-18T04:29:51Z" user="AYAGE" uid="521665" lat="34.1350384" lon="132.2013838"/>
 <node id="10675470149" visible="true" version="1" changeset="132702184" timestamp="2023-02-18T04:29:51Z" user="AYAGE" uid="521665" lat="34.1350912" lon="132.2015849"/>
 <node id="10675470150" visible="true" version="1" changeset="132702184" timestamp="2023-02-18T04:29:51Z" user="AYAGE" uid="521665" lat="34.1351383" lon="132.2015682"/>
 <node id="10675470151" visible="true" version="1" changeset="132702184" timestamp="2023-02-18T04:29:51Z" user="AYAGE" uid="521665" lat="34.1348153" lon="132.2020664"/>
 <node id="10675470152" visible="true" version="1" changeset="132702184" timestamp="2023-02-18T04:29:51Z" user="AYAGE" uid="521665" lat="34.1347104" lon="132.2016057"/>
 <node id="10675470153" visible="true" version="1" changeset="132702184" timestamp="2023-02-18T04:29:51Z" user="AYAGE" uid="521665" lat="34.1343635" lon="132.2017372"/>
 <node id="10675470154" visible="true" version="1" changeset="132702184" timestamp="2023-02-18T04:29:51Z" user="AYAGE" uid="521665" lat="34.1343496" lon="132.2016835"/>
 <node id="10675470155" visible="true" version="1" changeset="132702184" timestamp="2023-02-18T04:29:51Z" user="AYAGE" uid="521665" lat="34.1343119" lon="132.2017003"/>
 <node id="10675470156" visible="true" version="1" changeset="132702184" timestamp="2023-02-18T04:29:51Z" user="AYAGE" uid="521665" lat="34.1348625" lon="132.2005878"/>
 <node id="10675470157" visible="true" version="1" changeset="132702184" timestamp="2023-02-18T04:29:51Z" user="AYAGE" uid="521665" lat="34.1348836" lon="132.2006696"/>
 <node id="10675470158" visible="true" version="1" changeset="132702184" timestamp="2023-02-18T04:29:51Z" user="AYAGE" uid="521665" lat="34.1338046" lon="132.2036214"/>
 <node id="10675470159" visible="true" version="1" changeset="132702184" timestamp="2023-02-18T04:29:51Z" user="AYAGE" uid="521665" lat="34.1346971" lon="132.2032553"/>
 <node id="10675470160" visible="true" version="1" changeset="132702184" timestamp="2023-02-18T04:29:51Z" user="AYAGE" uid="521665" lat="34.1337102" lon="132.2036563"/>
 <node id="10675470166" visible="true" version="1" changeset="132702184" timestamp="2023-02-18T04:29:51Z" user="AYAGE" uid="521665" lat="34.1358837" lon="132.2016855"/>
 <node id="10676795299" visible="true" version="1" changeset="132727380" timestamp="2023-02-18T19:50:38Z" user="AYAGE" uid="521665" lat="34.1409876" lon="132.2123171"/>
 <node id="10676795303" visible="true" version="1" changeset="132727380" timestamp="2023-02-18T19:50:38Z" user="AYAGE" uid="521665" lat="34.1381937" lon="132.2100145"/>
 <node id="10676795304" visible="true" version="1" changeset="132727380" timestamp="2023-02-18T19:50:38Z" user="AYAGE" uid="521665" lat="34.1385123" lon="132.2098897"/>
 <node id="10676886605" visible="true" version="1" changeset="132727380" timestamp="2023-02-18T19:50:38Z" user="AYAGE" uid="521665" lat="34.1377097" lon="132.2091280"/>
 <node id="10676886607" visible="true" version="1" changeset="132727380" timestamp="2023-02-18T19:50:38Z" user="AYAGE" uid="521665" lat="34.1367007" lon="132.2081812"/>
 <node id="10676886608" visible="true" version="1" changeset="132727380" timestamp="2023-02-18T19:50:38Z" user="AYAGE" uid="521665" lat="34.1366319" lon="132.2080699"/>
 <node id="10676886610" visible="true" version="1" changeset="132727380" timestamp="2023-02-18T19:50:38Z" user="AYAGE" uid="521665" lat="34.1365092" lon="132.2076850"/>
 <node id="10676886611" visible="true" version="2" changeset="167614166" timestamp="2025-06-14T13:58:36Z" user="okadatsuneo" uid="10163840" lat="34.1362234" lon="132.2072263"/>
 <node id="10676886612" visible="true" version="2" changeset="167614166" timestamp="2025-06-14T13:58:36Z" user="okadatsuneo" uid="10163840" lat="34.1353243" lon="132.2064337"/>
 <node id="10676886631" visible="true" version="2" changeset="133134511" timestamp="2023-02-28T15:47:27Z" user="AYAGE" uid="521665" lat="34.1295796" lon="132.2106958"/>
 <node id="10676886633" visible="true" version="1" changeset="132727380" timestamp="2023-02-18T19:50:38Z" user="AYAGE" uid="521665" lat="34.1282496" lon="132.2111396"/>
 <node id="10676886634" visible="true" version="1" changeset="132727380" timestamp="2023-02-18T19:50:38Z" user="AYAGE" uid="521665" lat="34.1282385" lon="132.2114883"/>
 <node id="10676886635" visible="true" version="1" changeset="132727380" timestamp="2023-02-18T19:50:38Z" user="AYAGE" uid="521665" lat="34.1282529" lon="132.2118464"/>
 <node id="10676886636" visible="true" version="1" changeset="132727380" timestamp="2023-02-18T19:50:38Z" user="AYAGE" uid="521665" lat="34.1282929" lon="132.2121374"/>
 <node id="10676886637" visible="true" version="1" changeset="132727380" timestamp="2023-02-18T19:50:38Z" user="AYAGE" uid="521665" lat="34.1287880" lon="132.2139560"/>
 <node id="10676886638" visible="true" version="1" changeset="132727380" timestamp="2023-02-18T19:50:38Z" user="AYAGE" uid="521665" lat="34.1285316" lon="132.2140512"/>
 <node id="10676886639" visible="true" version="1" changeset="132727380" timestamp="2023-02-18T19:50:38Z" user="AYAGE" uid="521665" lat="34.1285449" lon="132.2141370"/>
 <node id="10676886650" visible="true" version="1" changeset="132727380" timestamp="2023-02-18T19:50:38Z" user="AYAGE" uid="521665" lat="34.1293187" lon="132.2162841"/>
 <node id="10676886651" visible="true" version="1" changeset="132727380" timestamp="2023-02-18T19:50:38Z" user="AYAGE" uid="521665" lat="34.1295929" lon="132.2161768"/>
 <node id="10676886652" visible="true" version="1" changeset="132727380" timestamp="2023-02-18T19:50:38Z" user="AYAGE" uid="521665" lat="34.1307074" lon="132.2203034"/>
 <node id="10676886653" visible="true" version="1" changeset="132727380" timestamp="2023-02-18T19:50:38Z" user="AYAGE" uid="521665" lat="34.1306664" lon="132.2204550"/>
 <node id="10676886654" visible="true" version="1" changeset="132727380" timestamp="2023-02-18T19:50:38Z" user="AYAGE" uid="521665" lat="34.1311715" lon="132.2221635"/>
 <node id="10676886655" visible="true" version="1" changeset="132727380" timestamp="2023-02-18T19:50:38Z" user="AYAGE" uid="521665" lat="34.1315223" lon="132.2220241"/>
 <node id="10676886656" visible="true" version="1" changeset="132727380" timestamp="2023-02-18T19:50:38Z" user="AYAGE" uid="521665" lat="34.1326379" lon="132.2230782"/>
 <node id="10676886657" visible="true" version="1" changeset="132727380" timestamp="2023-02-18T19:50:38Z" user="AYAGE" uid="521665" lat="34.1339245" lon="132.2233584"/>
 <node id="10676886658" visible="true" version="1" changeset="132727380" timestamp="2023-02-18T19:50:38Z" user="AYAGE" uid="521665" lat="34.1348836" lon="132.2233263"/>
 <node id="10676886660" visible="true" version="1" changeset="132727380" timestamp="2023-02-18T19:50:38Z" user="AYAGE" uid="521665" lat="34.1409648" lon="132.2175588"/>
 <node id="10676886661" visible="true" version="1" changeset="132727380" timestamp="2023-02-18T19:50:38Z" user="AYAGE" uid="521665" lat="34.1412462" lon="132.2189388"/>
 <node id="10676886662" visible="true" version="1" changeset="132727380" timestamp="2023-02-18T19:50:38Z" user="AYAGE" uid="521665" lat="34.1408610" lon="132.2206105"/>
 <node id="10676886663" visible="true" version="1" changeset="132727380" timestamp="2023-02-18T19:50:38Z" user="AYAGE" uid="521665" lat="34.1395102" lon="132.2213991"/>
 <node id="10676886664" visible="true" version="2" changeset="133157034" timestamp="2023-03-01T06:07:53Z" user="AYAGE" uid="521665" lat="34.1375637" lon="132.2225243"/>
 <node id="10676886665" visible="true" version="1" changeset="132727380" timestamp="2023-02-18T19:50:38Z" user="AYAGE" uid="521665" lat="34.1368606" lon="132.2228555"/>
 <node id="10676886666" visible="true" version="1" changeset="132727380" timestamp="2023-02-18T19:50:38Z" user="AYAGE" uid="521665" lat="34.1366941" lon="132.2228998"/>
 <node id="10676886667" visible="true" version="1" changeset="132727380" timestamp="2023-02-18T19:50:38Z" user="AYAGE" uid="521665" lat="34.1365564" lon="132.2228542"/>
 <node id="10676886668" visible="true" version="1" changeset="132727380" timestamp="2023-02-18T19:50:38Z" user="AYAGE" uid="521665" lat="34.1362867" lon="132.2223164"/>
 <node id="10676886669" visible="true" version="1" changeset="132727380" timestamp="2023-02-18T19:50:38Z" user="AYAGE" uid="521665" lat="34.1359759" lon="132.2224378"/>
 <node id="10676886670" visible="true" version="1" changeset="132727380" timestamp="2023-02-18T19:50:38Z" user="AYAGE" uid="521665" lat="34.1364071" lon="132.2226792"/>
 <node id="10676886671" visible="true" version="1" changeset="132727380" timestamp="2023-02-18T19:50:38Z" user="AYAGE" uid="521665" lat="34.1360791" lon="132.2227804"/>
 <node id="10676886672" visible="true" version="1" changeset="132727380" timestamp="2023-02-18T19:50:38Z" user="AYAGE" uid="521665" lat="34.1350323" lon="132.2232860"/>
 <node id="10676886678" visible="true" version="1" changeset="132727380" timestamp="2023-02-18T19:50:38Z" user="AYAGE" uid="521665" lat="34.1326890" lon="132.2107507"/>
 <node id="10676886679" visible="true" version="1" changeset="132727380" timestamp="2023-02-18T19:50:38Z" user="AYAGE" uid="521665" lat="34.1326168" lon="132.2104369"/>
 <node id="10676886680" visible="true" version="2" changeset="133134511" timestamp="2023-02-28T15:47:27Z" user="AYAGE" uid="521665" lat="34.1329587" lon="132.2103981"/>
 <node id="10699787867" visible="true" version="1" changeset="133134511" timestamp="2023-02-28T15:47:27Z" user="AYAGE" uid="521665" lat="34.1298504" lon="132.2107333"/>
 <node id="10699787869" visible="true" version="1" changeset="133134511" timestamp="2023-02-28T15:47:27Z" user="AYAGE" uid="521665" lat="34.1328910" lon="132.2101593"/>
 <node id="10699787891" visible="true" version="1" changeset="133134511" timestamp="2023-02-28T15:47:27Z" user="AYAGE" uid="521665" lat="34.1418878" lon="132.2166610"/>
 <node id="10699787892" visible="true" version="1" changeset="133134511" timestamp="2023-02-28T15:47:27Z" user="AYAGE" uid="521665" lat="34.1428334" lon="132.2157893"/>
 <node id="10699787893" visible="true" version="1" changeset="133134511" timestamp="2023-02-28T15:47:27Z" user="AYAGE" uid="521665" lat="34.1428601" lon="132.2157034"/>
 <node id="10699787894" visible="true" version="1" changeset="133134511" timestamp="2023-02-28T15:47:27Z" user="AYAGE" uid="521665" lat="34.1428312" lon="132.2156042"/>
 <node id="10699787895" visible="true" version="1" changeset="133134511" timestamp="2023-02-28T15:47:27Z" user="AYAGE" uid="521665" lat="34.1424050" lon="132.2151120"/>
 <node id="10699787896" visible="true" version="1" changeset="133134511" timestamp="2023-02-28T15:47:27Z" user="AYAGE" uid="521665" lat="34.1413472" lon="132.2140498"/>
 <node id="10699787897" visible="true" version="1" changeset="133134511" timestamp="2023-02-28T15:47:27Z" user="AYAGE" uid="521665" lat="34.1411518" lon="132.2138742"/>
 <node id="10701101580" visible="true" version="1" changeset="133157034" timestamp="2023-03-01T06:07:53Z" user="AYAGE" uid="521665" lat="34.1335190" lon="132.2025949"/>
 <node id="10701101581" visible="true" version="1" changeset="133157034" timestamp="2023-03-01T06:07:53Z" user="AYAGE" uid="521665" lat="34.1334061" lon="132.2022079"/>
 <node id="10701101582" visible="true" version="1" changeset="133157034" timestamp="2023-03-01T06:07:53Z" user="AYAGE" uid="521665" lat="34.1343166" lon="132.2018654"/>
 <node id="10701101583" visible="true" version="1" changeset="133157034" timestamp="2023-03-01T06:07:53Z" user="AYAGE" uid="521665" lat="34.1332396" lon="132.2018901"/>
 <node id="10701101584" visible="true" version="1" changeset="133157034" timestamp="2023-03-01T06:07:53Z" user="AYAGE" uid="521665" lat="34.1342246" lon="132.2015180"/>
 <node id="10701101585" visible="true" version="1" changeset="133157034" timestamp="2023-03-01T06:07:53Z" user="AYAGE" uid="521665" lat="34.1340830" lon="132.1999440"/>
 <node id="10701101586" visible="true" version="1" changeset="133157034" timestamp="2023-03-01T06:07:53Z" user="AYAGE" uid="521665" lat="34.1340888" lon="132.1999830"/>
 <node id="10701101587" visible="true" version="1" changeset="133157034" timestamp="2023-03-01T06:07:53Z" user="AYAGE" uid="521665" lat="34.1340044" lon="132.2000822"/>
 <node id="10701101588" visible="true" version="1" changeset="133157034" timestamp="2023-03-01T06:07:53Z" user="AYAGE" uid="521665" lat="34.1338845" lon="132.2002338"/>
 <node id="10701101676" visible="true" version="1" changeset="133157034" timestamp="2023-03-01T06:07:53Z" user="AYAGE" uid="521665" lat="34.1319727" lon="132.2036784"/>
 <node id="10701101677" visible="true" version="1" changeset="133157034" timestamp="2023-03-01T06:07:53Z" user="AYAGE" uid="521665" lat="34.1315977" lon="132.2048083"/>
 <node id="10701101678" visible="true" version="1" changeset="133157034" timestamp="2023-03-01T06:07:53Z" user="AYAGE" uid="521665" lat="34.1315778" lon="132.2049451"/>
 <node id="10701101679" visible="true" version="1" changeset="133157034" timestamp="2023-03-01T06:07:53Z" user="AYAGE" uid="521665" lat="34.1315778" lon="132.2050510"/>
 <node id="10701101680" visible="true" version="1" changeset="133157034" timestamp="2023-03-01T06:07:53Z" user="AYAGE" uid="521665" lat="34.1315966" lon="132.2051691"/>
 <node id="10701101685" visible="true" version="1" changeset="133157034" timestamp="2023-03-01T06:07:53Z" user="AYAGE" uid="521665" lat="34.1317115" lon="132.2055611"/>
 <way id="119017610" visible="true" version="2" changeset="62393092" timestamp="2018-09-08T04:12:04Z" user="nmaruichi" uid="317331">
  <nd ref="1337994870"/>
  <nd ref="5892053475"/>
  <nd ref="1337993588"/>
  <nd ref="1337995835"/>
  <nd ref="1337993073"/>
  <nd ref="1337995177"/>
  <nd ref="1337994727"/>
  <tag k="highway" v="unclassified"/>
  <tag k="source" v="YahooJapan/ALPSMAP"/>
  <tag k="yh:STRUCTURE" v="地上"/>
  <tag k="yh:TOTYUMONO" v="供用中"/>
  <tag k="yh:TYPE" v="その他一般道"/>
  <tag k="yh:WIDTH" v="3.0m〜5.5m"/>
  <tag k="yh:WIDTH_RANK" v="3"/>
 </way>
 <way id="119017976" visible="true" version="4" changeset="133157034" timestamp="2023-03-01T06:07:53Z" user="AYAGE" uid="521665">
  <nd ref="1337995085"/>
  <nd ref="10701101580"/>
  <nd ref="5293705575"/>
  <nd ref="5293705567"/>
  <nd ref="10675470140"/>
  <nd ref="1337993951"/>
  <nd ref="10675470166"/>
  <nd ref="5293705574"/>
  <tag k="highway" v="unclassified"/>
  <tag k="source" v="YahooJapan/ALPSMAP"/>
 </way>
 <way id="119018070" visible="true" version="2" changeset="62393092" timestamp="2018-09-08T04:12:04Z" user="nmaruichi" uid="317331">
  <nd ref="1337994762"/>
  <nd ref="5892053472"/>
  <nd ref="1337994870"/>
  <tag k="highway" v="tertiary"/>
  <tag k="source" v="YahooJapan/ALPSMAP"/>
  <tag k="yh:STRUCTURE" v="地上"/>
  <tag k="yh:TOTYUMONO" v="供用中"/>
  <tag k="yh:TYPE" v="その他一般道"/>
  <tag k="yh:WIDTH" v="5.5m〜13.0m"/>
  <tag k="yh:WIDTH_RANK" v="2"/>
 </way>
 <way id="119018163" visible="true" version="3" changeset="101749306" timestamp="2021-03-25T23:30:48Z" user="flierfy" uid="445671">
  <nd ref="1337995035"/>
  <nd ref="5367609832"/>
  <nd ref="8562132399"/>
  <nd ref="8562132400"/>
  <nd ref="1337994762"/>
  <tag k="highway" v="tertiary"/>
  <tag k="source" v="YahooJapan/ALPSMAP"/>
 </way>
 <way id="119018261" visible="true" version="4" changeset="133157034" timestamp="2023-03-01T06:07:53Z" user="AYAGE" uid="521665">
  <nd ref="1337994902"/>
  <nd ref="10672347503"/>
  <nd ref="10672347504"/>
  <nd ref="10672354305"/>
  <nd ref="1337996920"/>
  <nd ref="1337994138"/>
  <nd ref="1337994768"/>
  <tag k="highway" v="track"/>
 </way>
 <way id="119018432" visible="true" version="2" changeset="132702184" timestamp="2023-02-18T04:29:51Z" user="AYAGE" uid="521665">
  <nd ref="1337993888"/>
  <nd ref="1337993534"/>
  <nd ref="10675470159"/>
  <nd ref="1337995782"/>
  <nd ref="10675470158"/>
  <nd ref="10675470160"/>
  <nd ref="1337993016"/>
  <tag k="highway" v="unclassified"/>
  <tag k="source" v="YahooJapan/ALPSMAP"/>
 </way>
 <way id="119018564" visible="true" version="2" changeset="132660656" timestamp="2023-02-17T07:03:40Z" user="AYAGE" uid="521665">
  <nd ref="1337994762"/>
  <nd ref="10672354318"/>
  <nd ref="1337992992"/>
  <nd ref="1337995085"/>
  <tag k="highway" v="residential"/>
  <tag k="source" v="YahooJapan/ALPSMAP"/>
 </way>
 <way id="182892276" visible="true" version="2" changeset="93161392" timestamp="2020-10-28T07:18:00Z" user="fuk" uid="550066">
  <nd ref="1932492640"/>
  <nd ref="1932492663"/>
  <nd ref="1932492668"/>
  <nd ref="1932492670"/>
  <nd ref="1932492672"/>
  <nd ref="1932492674"/>
  <tag k="electrified" v="contact_line"/>
  <tag k="frequency" v="0"/>
  <tag k="gauge" v="1067"/>
  <tag k="name" v="JR山陽線"/>
  <tag k="name:de" v="San’yō-Hauptlinie"/>
  <tag k="name:en" v="San'yō Main Line"/>
  <tag k="name:ja" v="JR山陽線"/>
  <tag k="operator" v="西日本旅客鉄道"/>
  <tag k="operator:ja" v="西日本旅客鉄道"/>
  <tag k="railway" v="rail"/>
  <tag k="service" v="siding"/>
  <tag k="source" v="image;survey;Bing"/>
  <tag k="voltage" v="1500"/>
 </way>
 <way id="182892282" visible="true" version="2" changeset="133134511" timestamp="2023-02-28T15:47:27Z" user="AYAGE" uid="521665">
  <nd ref="1932492674"/>
  <nd ref="1932492731"/>
  <nd ref="265923935"/>
  <tag k="electrified" v="contact_line"/>
  <tag k="frequency" v="0"/>
  <tag k="gauge" v="1067"/>
  <tag k="name" v="JR山陽線"/>
  <tag k="name:de" v="San’yō-Hauptlinie"/>
  <tag k="name:en" v="San'yō Main Line"/>
  <tag k="name:ja" v="JR山陽線"/>
  <tag k="operator" v="西日本旅客鉄道"/>
  <tag k="operator:ja" v="西日本旅客鉄道"/>
  <tag k="railway" v="rail"/>
  <tag k="service" v="siding"/>
  <tag k="source" v="image;survey;Bing"/>
  <tag k="voltage" v="1500"/>
 </way>
 <way id="182892299" visible="true" version="2" changeset="133134511" timestamp="2023-02-28T15:47:27Z" user="AYAGE" uid="521665">
  <nd ref="1932492674"/>
  <nd ref="1932492914"/>
  <nd ref="1932492805"/>
  <tag k="electrified" v="contact_line"/>
  <tag k="frequency" v="0"/>
  <tag k="gauge" v="1067"/>
  <tag k="name" v="JR山陽線"/>
  <tag k="name:de" v="San’yō-Hauptlinie"/>
  <tag k="name:en" v="San'yō Main Line"/>
  <tag k="name:ja" v="JR山陽線"/>
  <tag k="operator" v="西日本旅客鉄道"/>
  <tag k="operator:ja" v="西日本旅客鉄道"/>
  <tag k="railway" v="rail"/>
  <tag k="service" v="siding"/>
  <tag k="source" v="image;survey;Bing"/>
  <tag k="voltage" v="1500"/>
 </way>
 <way id="547913498" visible="true" version="1" changeset="54758788" timestamp="2017-12-19T12:49:14Z" user="iwa map" uid="7211705">
  <nd ref="5293705537"/>
  <nd ref="5293705538"/>
  <nd ref="5293705539"/>
  <nd ref="5293705540"/>
  <nd ref="5293705537"/>
  <tag k="building" v="yes"/>
 </way>
 <way id="547913500" visible="true" version="2" changeset="131232344" timestamp="2023-01-13T14:30:28Z" user="曽我　滉" uid="18261513">
  <nd ref="5293705541"/>
  <nd ref="5293705542"/>
  <nd ref="5293705543"/>
  <nd ref="5293705544"/>
  <nd ref="5293705541"/>
  <tag k="building" v="yes"/>
  <tag k="name" v="ヒマラヤスポーツ ゆめタウン南岩国店"/>
  <tag k="shop" v="sports"/>
 </way>
 <way id="547913504" visible="true" version="2" changeset="132702184" timestamp="2023-02-18T04:29:51Z" user="AYAGE" uid="521665">
  <nd ref="10675470157"/>
  <nd ref="10675470156"/>
  <nd ref="5293705560"/>
  <nd ref="5293705561"/>
  <nd ref="5293705562"/>
  <nd ref="5293705563"/>
  <nd ref="5293705564"/>
  <nd ref="5293705565"/>
  <nd ref="5293705566"/>
  <nd ref="10675470155"/>
  <nd ref="10675470154"/>
  <nd ref="10675470153"/>
  <nd ref="10675470152"/>
  <nd ref="10675470151"/>
  <nd ref="10675470141"/>
  <nd ref="10675470142"/>
  <nd ref="5293705573"/>
  <nd ref="5293705568"/>
  <nd ref="5293705569"/>
  <nd ref="10675470150"/>
  <nd ref="10675470149"/>
  <nd ref="10675470148"/>
  <nd ref="10675470143"/>
  <nd ref="5293705547"/>
  <nd ref="10675470144"/>
  <nd ref="5293705546"/>
  <nd ref="5293705571"/>
  <nd ref="5293705572"/>
  <nd ref="10675470146"/>
  <nd ref="10675470145"/>
  <nd ref="10675470157"/>
  <tag k="amenity" v="parking"/>
 </way>
 <way id="556423519" visible="true" version="9" changeset="133157034" timestamp="2023-03-01T06:07:53Z" user="AYAGE" uid="521665">
  <nd ref="5367609824"/>
  <nd ref="10676886661"/>
  <nd ref="10676886660"/>
  <nd ref="10699787891"/>
  <nd ref="10699787892"/>
  <nd ref="10699787893"/>
  <nd ref="10699787894"/>
  <nd ref="10699787895"/>
  <nd ref="10699787896"/>
  <nd ref="10699787897"/>
  <nd ref="10103500165"/>
  <nd ref="10103500166"/>
  <nd ref="10103500164"/>
  <nd ref="10103500163"/>
  <nd ref="10103500161"/>
  <nd ref="10103500162"/>
  <nd ref="5367609827"/>
  <nd ref="10676795299"/>
  <nd ref="5367609828"/>
  <nd ref="5367609829"/>
  <nd ref="10676795303"/>
  <nd ref="10676795304"/>
  <nd ref="10676886605"/>
  <nd ref="10676886607"/>
  <nd ref="10676886608"/>
  <nd ref="10676886610"/>
  <nd ref="10676886611"/>
  <nd ref="10676886612"/>
  <nd ref="10672354306"/>
  <nd ref="5367609831"/>
  <nd ref="10672354317"/>
  <nd ref="10672354316"/>
  <nd ref="10672354315"/>
  <nd ref="10672354314"/>
  <nd ref="10672354313"/>
  <nd ref="10672354312"/>
  <nd ref="10672354311"/>
  <nd ref="10672354310"/>
  <nd ref="10672354309"/>
  <nd ref="10672354308"/>
  <nd ref="10672354307"/>
  <nd ref="10699787869"/>
  <nd ref="10676886680"/>
  <nd ref="10676886679"/>
  <nd ref="10676886678"/>
  <nd ref="5367609834"/>
  <nd ref="5367609835"/>
  <nd ref="5367609836"/>
  <nd ref="5367609837"/>
  <nd ref="5367609838"/>
  <nd ref="5367609839"/>
  <nd ref="10699787867"/>
  <nd ref="10676886631"/>
  <nd ref="10676886633"/>
  <nd ref="10676886634"/>
  <nd ref="10676886635"/>
  <nd ref="10676886636"/>
  <nd ref="10676886637"/>
  <nd ref="10676886638"/>
  <nd ref="10676886639"/>
  <nd ref="5367609840"/>
  <nd ref="5367609841"/>
  <nd ref="5367609842"/>
  <nd ref="5367609843"/>
  <nd ref="5367609844"/>
  <nd ref="7181682543"/>
  <nd ref="10676886650"/>
  <nd ref="10676886651"/>
  <nd ref="10676886652"/>
  <nd ref="10676886653"/>
  <nd ref="10676886654"/>
  <nd ref="10676886655"/>
  <nd ref="5367609845"/>
  <nd ref="10676886656"/>
  <nd ref="10676886657"/>
  <nd ref="10676886658"/>
  <nd ref="10676886672"/>
  <nd ref="10676886671"/>
  <nd ref="10676886669"/>
  <nd ref="10676886668"/>
  <nd ref="10676886670"/>
  <nd ref="10676886667"/>
  <nd ref="10676886666"/>
  <nd ref="10676886665"/>
  <nd ref="10676886664"/>
  <nd ref="10676886663"/>
  <nd ref="10676886662"/>
  <nd ref="5367609824"/>
  <tag k="landuse" v="farmland"/>
 </way>
 <way id="1018441699" visible="true" version="2" changeset="167614166" timestamp="2025-06-14T13:58:36Z" user="okadatsuneo" uid="10163840">
  <nd ref="6042064937"/>
  <nd ref="9393620730"/>
  <nd ref="9393620743"/>
  <nd ref="9393620742"/>
  <nd ref="9393620741"/>
  <nd ref="9393620731"/>
  <nd ref="9393620732"/>
  <nd ref="9393620733"/>
  <nd ref="9393620734"/>
  <nd ref="9393620735"/>
  <nd ref="9393620740"/>
  <nd ref="9393620736"/>
  <nd ref="9393620737"/>
  <nd ref="9393620739"/>
  <nd ref="9393620738"/>
  <nd ref="9393620744"/>
  <tag k="cables" v="6"/>
  <tag k="circuits" v="2"/>
  <tag k="power" v="line"/>
 </way>
 <way id="1146022745" visible="true" version="3" changeset="132660656" timestamp="2023-02-17T07:03:40Z" user="AYAGE" uid="521665">
  <nd ref="265923199"/>
  <nd ref="265923937"/>
  <nd ref="265923936"/>
  <nd ref="265923935"/>
  <nd ref="265923934"/>
  <nd ref="265923933"/>
  <nd ref="8562132399"/>
  <nd ref="265923932"/>
  <nd ref="8562132410"/>
  <nd ref="265923931"/>
  <nd ref="8562132409"/>
  <nd ref="265923930"/>
  <nd ref="265923914"/>
  <nd ref="265923915"/>
  <nd ref="265923912"/>
  <tag k="electrified" v="contact_line"/>
  <tag k="frequency" v="0"/>
  <tag k="gauge" v="1067"/>
  <tag k="KSJ2:LIN" v="山陽線"/>
  <tag k="maxspeed" v="120"/>
  <tag k="name" v="JR山陽本線"/>
  <tag k="name:de" v="JR Sanyō-Hauptlinie"/>
  <tag k="name:en" v="JR Sanyō Main Line"/>
  <tag k="name:ja" v="JR山陽本線"/>
  <tag k="name:zh" v="JR山阳线"/>
  <tag k="note" v="National-Land Numerical Information (Railway) 2007, MLIT Japan"/>
  <tag k="note:ja" v="国土数値情報（鉄道データ）平成19年　国土交通省"/>
  <tag k="operator" v="西日本旅客鉄道"/>
  <tag k="operator:en" v="West Japan Railway Company"/>
  <tag k="operator:ja" v="西日本旅客鉄道"/>
  <tag k="passenger_lines" v="2"/>
  <tag k="railway" v="rail"/>
  <tag k="source" v="KSJ2"/>
  <tag k="source_ref" v="http://nlftp.mlit.go.jp/ksj/jpgis/datalist/KsjTmplt-N02-v1_1.html"/>
  <tag k="usage" v="main"/>
  <tag k="voltage" v="1500"/>
 </way>
 <way id="1146022746" visible="true" version="3" changeset="132660656" timestamp="2023-02-17T07:03:40Z" user="AYAGE" uid="521665">
  <nd ref="8562132407"/>
  <nd ref="8562132406"/>
  <nd ref="8562132405"/>
  <nd ref="8562132404"/>
  <nd ref="8562132403"/>
  <nd ref="8562132402"/>
  <nd ref="8562132401"/>
  <nd ref="8562132400"/>
  <nd ref="1932492800"/>
  <nd ref="1932492803"/>
  <nd ref="1932492805"/>
  <nd ref="1932492808"/>
  <nd ref="1932492811"/>
  <nd ref="1932492813"/>
  <tag k="electrified" v="contact_line"/>
  <tag k="frequency" v="0"/>
  <tag k="gauge" v="1067"/>
  <tag k="maxspeed" v="120"/>
  <tag k="name" v="JR山陽本線"/>
  <tag k="name:de" v="JR Sanyō-Hauptlinie"/>
  <tag k="name:en" v="JR Sanyō Main Line"/>
  <tag k="name:ja" v="JR山陽本線"/>
  <tag k="name:zh" v="JR山阳线"/>
  <tag k="operator" v="西日本旅客鉄道"/>
  <tag k="operator:en" v="West Japan Railway Company"/>
  <tag k="operator:ja" v="西日本旅客鉄道"/>
  <tag k="passenger_lines" v="2"/>
  <tag k="railway" v="rail"/>
  <tag k="source" v="image;survey;Bing"/>
  <tag k="source_ref" v="http://nlftp.mlit.go.jp/ksj/jpgis/datalist/KsjTmplt-N02-v1_1.html"/>
  <tag k="usage" v="main"/>
  <tag k="voltage" v="1500"/>
 </way>
 <way id="1150347780" visible="true" version="1" changeset="133157034" timestamp="2023-03-01T06:07:53Z" user="AYAGE" uid="521665">
  <nd ref="10701101582"/>
  <nd ref="10701101581"/>
  <nd ref="10701101580"/>
  <tag k="highway" v="residential"/>
 </way>
 <way id="1150347781" visible="true" version="1" changeset="133157034" timestamp="2023-03-01T06:07:53Z" user="AYAGE" uid="521665">
  <nd ref="10701101584"/>
  <nd ref="10701101583"/>
  <tag k="highway" v="residential"/>
 </way>
 <way id="1150347782" visible="true" version="1" changeset="133157034" timestamp="2023-03-01T06:07:53Z" user="AYAGE" uid="521665">
  <nd ref="5293705567"/>
  <nd ref="10701101582"/>
  <nd ref="10701101584"/>
  <nd ref="10701101588"/>
  <nd ref="10701101587"/>
  <nd ref="10701101586"/>
  <nd ref="10701101585"/>
  <tag k="highway" v="residential"/>
 </way>
 <way id="1150347797" visible="true" version="1" changeset="133157034" timestamp="2023-03-01T06:07:53Z" user="AYAGE" uid="521665">
  <nd ref="10701101685"/>
  <nd ref="10701101680"/>
  <nd ref="10701101679"/>
  <nd ref="10701101678"/>
  <nd ref="10701101677"/>
  <nd ref="10672354305"/>
  <nd ref="10701101676"/>
  <tag k="highway" v="track"/>
 </way>
 <way id="1423483372" visible="true" version="1" changeset="170704351" timestamp="2025-08-20T06:08:53Z" user="taketaketake" uid="4757277">
  <nd ref="366527452"/>
  <nd ref="5892053477"/>
  <nd ref="5892053476"/>
  <nd ref="1337995673"/>
  <nd ref="366527453"/>
  <nd ref="1337993016"/>
  <nd ref="366527454"/>
  <nd ref="1337995085"/>
  <nd ref="5892053474"/>
  <nd ref="1337994870"/>
  <nd ref="5892053473"/>
  <nd ref="366527455"/>
  <nd ref="1337993228"/>
  <nd ref="4315817583"/>
  <tag k="highway" v="trunk"/>
  <tag k="lanes" v="2"/>
  <tag k="maxspeed" v="50"/>
  <tag k="name" v="国道188号"/>
  <tag k="name:en" v="National Highway Route 188"/>
  <tag k="name:ja" v="国道188号"/>
  <tag k="ref" v="188"/>
  <tag k="source" v="GSImaps/std"/>
  <tag k="surface" v="asphalt"/>
 </way>
 <relation id="1841854" visible="true" version="338" changeset="184485361" timestamp="2026-06-23T16:54:11Z" user="tutuw002" uid="4531722">
  <member type="node" ref="3902067727" role=""/>
  <member type="node" ref="3902067722" role=""/>
  <member type="node" ref="3902067726" role=""/>
  <member type="node" ref="3902067731" role=""/>
  <member type="node" ref="3902067730" role=""/>
  <member type="node" ref="3902067729" role=""/>
  <member type="node" ref="3902067724" role=""/>
  <member type="node" ref="8090848459" role=""/>
  <member type="node" ref="3901148445" role=""/>
  <member type="node" ref="7902348121" role=""/>
  <member type="node" ref="265910879" role=""/>
  <member type="node" ref="265910727" role=""/>
  <member type="node" ref="7810135428" role=""/>
  <member type="node" ref="4307991460" role=""/>
  <member type="node" ref="7802397555" role=""/>
  <member type="node" ref="5160355789" role=""/>
  <member type="node" ref="6375709652" role=""/>
  <member type="node" ref="7802402176" role=""/>
  <member type="node" ref="8069351365" role=""/>
  <member type="node" ref="7805233143" role=""/>
  <member type="node" ref="5703142264" role=""/>
  <member type="node" ref="4079538416" role=""/>
  <member type="node" ref="8092170172" role=""/>
  <member type="node" ref="13082254031" role=""/>
  <member type="node" ref="8120833976" role=""/>
  <member type="node" ref="505242242" role=""/>
  <member type="node" ref="5325062379" role=""/>
  <member type="node" ref="8121067964" role=""/>
  <member type="node" ref="8120834743" role=""/>
  <member type="node" ref="8120834746" role=""/>
  <member type="node" ref="3791136194" role=""/>
  <member type="node" ref="8114995615" role=""/>
  <member type="node" ref="6375713042" role=""/>
  <member type="node" ref="8114995610" role=""/>
  <member type="node" ref="8114995607" role=""/>
  <member type="node" ref="8114995604" role=""/>
  <member type="node" ref="8114995601" role=""/>
  <member type="node" ref="265912275" role=""/>
  <member type="node" ref="267058713" role=""/>
  <member type="node" ref="8114995588" role=""/>
  <member type="node" ref="3197058890" role=""/>
  <member type="node" ref="3667643459" role=""/>
  <member type="node" ref="8105154272" role=""/>
  <member type="node" ref="8098896258" role=""/>
  <member type="node" ref="6055022452" role=""/>
  <member type="node" ref="6375717341" role=""/>
  <member type="node" ref="265917572" role=""/>
  <member type="node" ref="265917731" role=""/>
  <member type="node" ref="5729644760" role=""/>
  <member type="node" ref="8117359993" role=""/>
  <member type="node" ref="8117359992" role=""/>
  <member type="node" ref="8117359989" role=""/>
  <member type="node" ref="4440375001" role=""/>
  <member type="node" ref="8117359988" role=""/>
  <member type="node" ref="13448114876" role=""/>
  <member type="node" ref="8122138845" role=""/>
  <member type="node" ref="8122138843" role=""/>
  <member type="node" ref="8122138841" role=""/>
  <member type="node" ref="8122138840" role=""/>
  <member type="node" ref="3977338028" role=""/>
  <member type="node" ref="4085934391" role=""/>
  <member type="node" ref="8065774508" role=""/>
  <member type="node" ref="7106693876" role=""/>
  <member type="node" ref="265920711" role=""/>
  <member type="node" ref="265921657" role=""/>
  <member type="node" ref="5001702755" role=""/>
  <member type="node" ref="265919209" role=""/>
  <member type="node" ref="4716446469" role=""/>
  <member type="node" ref="6060489256" role=""/>
  <member type="node" ref="6060489255" role=""/>
  <member type="node" ref="5370470724" role=""/>
  <member type="node" ref="6821250105" role=""/>
  <member type="node" ref="3977338027" role=""/>
  <member type="node" ref="8065576823" role=""/>
  <member type="node" ref="6060489252" role=""/>
  <member type="node" ref="8058980077" role=""/>
  <member type="node" ref="3578461922" role=""/>
  <member type="node" ref="7948577995" role=""/>
  <member type="node" ref="6063546668" role=""/>
  <member type="node" ref="6063656348" role=""/>
  <member type="node" ref="8058237581" role=""/>
  <member type="node" ref="6063546667" role=""/>
  <member type="node" ref="13452986639" role=""/>
  <member type="node" ref="6063546662" role=""/>
  <member type="node" ref="6063546665" role=""/>
  <member type="node" ref="6060489253" role=""/>
  <member type="node" ref="12072029870" role=""/>
  <member type="node" ref="265925941" role=""/>
  <member type="node" ref="5704627727" role=""/>
  <member type="node" ref="12072029869" role=""/>
  <member type="node" ref="7238241815" role=""/>
  <member type="node" ref="8557769911" role=""/>
  <member type="node" ref="8562132365" role=""/>
  <member type="node" ref="7106287025" role=""/>
  <member type="node" ref="265928476" role=""/>
  <member type="node" ref="12076837519" role=""/>
  <member type="node" ref="12076837518" role=""/>
  <member type="node" ref="10726381156" role=""/>
  <member type="node" ref="12076837516" role=""/>
  <member type="node" ref="10726381155" role=""/>
  <member type="node" ref="10726381153" role=""/>
  <member type="node" ref="12076837513" role=""/>
  <member type="node" ref="10724602324" role=""/>
  <member type="node" ref="12076837509" role=""/>
  <member type="node" ref="12076837508" role=""/>
  <member type="node" ref="8561629931" role=""/>
  <member type="node" ref="8558010863" role=""/>
  <member type="node" ref="265927614" role=""/>
  <member type="node" ref="8561132016" role=""/>
  <member type="node" ref="8560452430" role=""/>
  <member type="node" ref="8560452384" role=""/>
  <member type="node" ref="8560452378" role=""/>
  <member type="node" ref="8560452371" role=""/>
  <member type="node" ref="8560452360" role=""/>
  <member type="node" ref="8560452357" role=""/>
  <member type="node" ref="8560452356" role=""/>
  <member type="node" ref="8560452512" role=""/>
  <member type="node" ref="8559901428" role=""/>
  <member type="node" ref="8559899910" role=""/>
  <member type="node" ref="266058412" role=""/>
  <member type="node" ref="8559647241" role=""/>
  <member type="node" ref="6054859873" role=""/>
  <member type="node" ref="265936876" role=""/>
  <member type="node" ref="2943848621" role=""/>
  <member type="node" ref="8559468556" role=""/>
  <member type="node" ref="6872871854" role=""/>
  <member type="node" ref="6060489260" role=""/>
  <member type="relation" ref="12487154" role=""/>
  <member type="relation" ref="12487153" role=""/>
  <member type="relation" ref="12487152" role=""/>
  <member type="relation" ref="12487150" role=""/>
  <member type="relation" ref="12487149" role=""/>
  <member type="relation" ref="12487148" role=""/>
  <member type="relation" ref="12487146" role=""/>
  <member type="relation" ref="12487147" role=""/>
  <tag k="alt_name:ja" v="山陽線"/>
  <tag k="alt_name:zh" v="山阳线"/>
  <tag k="distance" v="534.4"/>
  <tag k="from" v="神戸"/>
  <tag k="name" v="山陽本線"/>
  <tag k="name:cs" v="San-yō hlavní trať"/>
  <tag k="name:de" v="San-yō-Hauptlinie"/>
  <tag k="name:en" v="San-yō Main Line"/>
  <tag k="name:es" v="Línea Principal San-yō"/>
  <tag k="name:ja" v="山陽本線"/>
  <tag k="name:ja-Latn" v="San-yō-honsen"/>
  <tag k="name:ko" v="산요 본선"/>
  <tag k="name:zh" v="山阳本线"/>
  <tag k="name:zh-Hans" v="山阳本线"/>
  <tag k="name:zh-Hant" v="山陽本線"/>
  <tag k="route" v="railway"/>
  <tag k="source" v="GSI ortorectified"/>
  <tag k="to" v="門司"/>
  <tag k="type" v="route"/>
  <tag k="via" v="上郡;岡山;福山;糸崎;広島;岩国;下関"/>
  <tag k="wikidata" v="Q1193436"/>
  <tag k="wikipedia" v="ja:山陽本線"/>
 </relation>
 <relation id="3717459" visible="true" version="78" changeset="188702646" timestamp="2026-09-08T05:07:38Z" user="taketaketake" uid="4757277">
  <member type="way" ref="25841435" role=""/>
  <member type="way" ref="34577800" role=""/>
  <member type="way" ref="59184201" role="forward"/>
  <member type="way" ref="59184195" role="forward"/>
  <member type="way" ref="59183494" role="forward"/>
  <member type="way" ref="34577941" role="forward"/>
  <member type="way" ref="34577942" role="forward"/>
  <member type="way" ref="285062723" role="forward"/>
  <member type="way" ref="59183132" role=""/>
  <member type="way" ref="284278599" role=""/>
  <member type="way" ref="183569580" role=""/>
  <member type="way" ref="1423483373" role=""/>
  <member type="way" ref="183569582" role=""/>
  <member type="way" ref="1423483372" role=""/>
  <member type="way" ref="432578108" role=""/>
  <member type="way" ref="432578109" role=""/>
  <member type="way" ref="709045686" role=""/>
  <member type="way" ref="709045685" role=""/>
  <member type="way" ref="197733586" role=""/>
  <member type="way" ref="1423479285" role=""/>
  <member type="way" ref="197733588" role=""/>
  <member type="way" ref="197733587" role=""/>
  <member type="way" ref="1423479284" role=""/>
  <member type="way" ref="709044045" role=""/>
  <member type="way" ref="1143990300" role=""/>
  <member type="way" ref="1143990299" role=""/>
  <member type="way" ref="709044044" role=""/>
  <member type="way" ref="1014500238" role=""/>
  <member type="way" ref="1368609434" role=""/>
  <member type="way" ref="1368609435" role=""/>
  <member type="way" ref="1368609436" role=""/>
  <member type="way" ref="1368609437" role=""/>
  <member type="way" ref="204869236" role=""/>
  <member type="way" ref="197733577" role=""/>
  <member type="way" ref="197733579" role=""/>
  <member type="way" ref="197733578" role=""/>
  <member type="way" ref="118901893" role=""/>
  <member type="way" ref="278021416" role=""/>
  <member type="way" ref="278021417" role=""/>
  <member type="way" ref="278208592" role=""/>
  <member type="way" ref="278208593" role=""/>
  <member type="way" ref="278208595" role=""/>
  <member type="way" ref="145660729" role=""/>
  <member type="way" ref="1425488535" role=""/>
  <member type="way" ref="145660726" role=""/>
  <member type="way" ref="145660728" role=""/>
  <member type="way" ref="1425488534" role=""/>
  <member type="way" ref="708822433" role=""/>
  <member type="way" ref="708822432" role=""/>
  <member type="way" ref="278208612" role=""/>
  <member type="way" ref="145660735" role=""/>
  <member type="way" ref="145660736" role=""/>
  <member type="way" ref="145660737" role=""/>
  <member type="way" ref="145660739" role=""/>
  <member type="way" ref="145660740" role=""/>
  <member type="way" ref="197733573" role=""/>
  <member type="way" ref="197733574" role=""/>
  <member type="way" ref="145660824" role=""/>
  <member type="way" ref="145660827" role=""/>
  <member type="way" ref="145660886" role=""/>
  <member type="way" ref="145660889" role=""/>
  <member type="way" ref="233103985" role=""/>
  <member type="way" ref="145660897" role=""/>
  <member type="way" ref="145660898" role=""/>
  <member type="way" ref="708798557" role=""/>
  <member type="way" ref="146003045" role=""/>
  <member type="way" ref="113361482" role="forward"/>
  <member type="way" ref="367266788" role="forward"/>
  <member type="way" ref="113361579" role=""/>
  <member type="way" ref="113361714" role=""/>
  <member type="way" ref="113361499" role=""/>
  <member type="way" ref="113361385" role=""/>
  <member type="way" ref="708786076" role="forward"/>
  <member type="way" ref="339351170" role=""/>
  <member type="way" ref="102233978" role=""/>
  <member type="way" ref="112974869" role=""/>
  <member type="way" ref="112975251" role=""/>
  <member type="way" ref="112974889" role=""/>
  <member type="way" ref="112971025" role=""/>
  <member type="way" ref="112970180" role=""/>
  <member type="way" ref="112971885" role=""/>
  <member type="way" ref="112970057" role=""/>
  <member type="way" ref="112971842" role=""/>
  <member type="way" ref="112970116" role=""/>
  <member type="way" ref="112971211" role=""/>
  <member type="way" ref="112970029" role=""/>
  <member type="way" ref="112996858" role=""/>
  <member type="way" ref="112996896" role=""/>
  <member type="way" ref="112996051" role=""/>
  <member type="way" ref="1102185672" role=""/>
  <member type="way" ref="113098463" role=""/>
  <member type="way" ref="113100169" role=""/>
  <member type="way" ref="113098117" role=""/>
  <member type="way" ref="113100384" role=""/>
  <member type="way" ref="113099461" role=""/>
  <member type="way" ref="113099735" role=""/>
  <member type="way" ref="113100584" role=""/>
  <member type="way" ref="113099723" role=""/>
  <member type="way" ref="113099143" role=""/>
  <member type="way" ref="737541436" role=""/>
  <member type="way" ref="113099289" role=""/>
  <member type="way" ref="1551254026" role=""/>
  <member type="way" ref="113098109" role="forward"/>
  <member type="way" ref="1161943646" role="forward"/>
  <member type="way" ref="353730318" role="forward"/>
  <member type="way" ref="1161943647" role="forward"/>
  <member type="way" ref="353729344" role="forward"/>
  <member type="way" ref="117442260" role=""/>
  <member type="way" ref="117441750" role=""/>
  <member type="way" ref="427668837" role=""/>
  <member type="way" ref="427668838" role=""/>
  <member type="way" ref="427046619" role=""/>
  <member type="way" ref="427046620" role=""/>
  <member type="way" ref="406681117" role=""/>
  <member type="way" ref="406681116" role=""/>
  <member type="way" ref="404122353" role=""/>
  <member type="way" ref="425637958" role="forward"/>
  <member type="way" ref="1432187377" role="forward"/>
  <member type="way" ref="425637957" role="forward"/>
  <member type="way" ref="117442964" role="forward"/>
  <member type="way" ref="117443010" role="forward"/>
  <member type="way" ref="1432187376" role="forward"/>
  <member type="way" ref="1107572758" role="forward"/>
  <member type="way" ref="117443203" role="forward"/>
  <member type="way" ref="119018087" role=""/>
  <member type="way" ref="119018080" role=""/>
  <member type="way" ref="119017647" role=""/>
  <member type="way" ref="119018341" role=""/>
  <member type="way" ref="119018090" role=""/>
  <member type="way" ref="119018029" role=""/>
  <member type="way" ref="119018596" role=""/>
  <member type="way" ref="119018193" role=""/>
  <member type="way" ref="119018734" role=""/>
  <member type="way" ref="119025588" role=""/>
  <member type="way" ref="119024946" role=""/>
  <member type="way" ref="1257569086" role="forward"/>
  <member type="way" ref="117443470" role=""/>
  <member type="way" ref="117442820" role=""/>
  <tag k="colour" v="red"/>
  <tag k="from" v="山口県岩国市"/>
  <tag k="name" v="国道188号"/>
  <tag k="name:en" v="National Highway Route 188"/>
  <tag k="name:ja" v="国道188号"/>
  <tag k="name:ja-Hira" v="こくどうひゃくはちじゅうはちごう"/>
  <tag k="name:ja-Latn" v="Kokudo 188 Gou"/>
  <tag k="network" v="JP:national"/>
  <tag k="official_name" v="一般国道188号"/>
  <tag k="operator" v="中国地方整備局"/>
  <tag k="ref" v="188"/>
  <tag k="route" v="road"/>
  <tag k="to" v="山口県下松市"/>
  <tag k="type" v="route"/>
  <tag k="wikidata" v="Q6156889"/>
  <tag k="wikipedia" v="ja:国道188号"/>
 </relation>
 <relation id="8857556" visible="true" version="166" changeset="185171745" timestamp="2026-07-06T02:54:07Z" user="okadatsuneo_import" uid="12352917">
  <member type="relation" ref="32989" role=""/>
  <member type="relation" ref="2064722" role=""/>
  <member type="relation" ref="2061678" role=""/>
  <member type="relation" ref="416684" role=""/>
  <member type="relation" ref="33009" role=""/>
  <member type="relation" ref="1521225" role=""/>
  <member type="relation" ref="2069116" role=""/>
  <member type="relation" ref="8589620" role=""/>
  <member type="relation" ref="2076294" role=""/>
  <member type="relation" ref="2082723" role=""/>
  <member type="relation" ref="12579" role=""/>
  <member type="relation" ref="2097432" role=""/>
  <member type="relation" ref="2098597" role=""/>
  <member type="relation" ref="2098903" role=""/>
  <member type="relation" ref="2107249" role=""/>
  <member type="relation" ref="18187" role=""/>
  <member type="relation" ref="2150021" role=""/>
  <member type="relation" ref="964698" role=""/>
  <member type="relation" ref="964699" role=""/>
  <member type="relation" ref="21087" role=""/>
  <member type="relation" ref="905615" role=""/>
  <member type="relation" ref="2191283" role=""/>
  <member type="relation" ref="8549439" role=""/>
  <member type="relation" ref="2281186" role=""/>
  <member type="relation" ref="1247317" role=""/>
  <member type="relation" ref="2283740" role=""/>
  <member type="relation" ref="2578411" role=""/>
  <member type="relation" ref="12592" role=""/>
  <member type="relation" ref="2773842" role=""/>
  <member type="relation" ref="59477" role=""/>
  <member type="relation" ref="1957766" role=""/>
  <member type="relation" ref="12585" role=""/>
  <member type="relation" ref="149017" role=""/>
  <member type="relation" ref="2829210" role=""/>
  <member type="relation" ref="2829437" role=""/>
  <member type="relation" ref="130867" role=""/>
  <member type="relation" ref="33017" role=""/>
  <member type="relation" ref="2863336" role=""/>
  <member type="relation" ref="2864639" role=""/>
  <member type="relation" ref="2865301" role=""/>
  <member type="relation" ref="31351" role=""/>
  <member type="relation" ref="2877152" role=""/>
  <member type="relation" ref="2878993" role=""/>
  <member type="relation" ref="2885462" role=""/>
  <member type="relation" ref="2887904" role=""/>
  <member type="relation" ref="443923" role=""/>
  <member type="relation" ref="2938281" role=""/>
  <member type="relation" ref="2938900" role=""/>
  <member type="relation" ref="2939533" role=""/>
  <member type="relation" ref="2954632" role=""/>
  <member type="relation" ref="6903690" role=""/>
  <member type="relation" ref="2957016" role=""/>
  <member type="relation" ref="2957132" role=""/>
  <member type="relation" ref="2957976" role=""/>
  <member type="relation" ref="12583" role=""/>
  <member type="relation" ref="12584" role=""/>
  <member type="relation" ref="2971983" role=""/>
  <member type="relation" ref="2972065" role=""/>
  <member type="relation" ref="2974952" role=""/>
  <member type="relation" ref="2975092" role=""/>
  <member type="relation" ref="2988615" role=""/>
  <member type="relation" ref="3066227" role=""/>
  <member type="relation" ref="2937948" role=""/>
  <member type="relation" ref="3066928" role=""/>
  <member type="relation" ref="3069619" role=""/>
  <member type="relation" ref="3118577" role=""/>
  <member type="relation" ref="3118835" role=""/>
  <member type="relation" ref="3128401" role=""/>
  <member type="relation" ref="3128448" role=""/>
  <member type="relation" ref="3129175" role=""/>
  <member type="relation" ref="3132634" role=""/>
  <member type="relation" ref="965403" role=""/>
  <member type="relation" ref="3189380" role=""/>
  <member type="relation" ref="3217184" role=""/>
  <member type="relation" ref="3217302" role=""/>
  <member type="relation" ref="3218039" role=""/>
  <member type="relation" ref="3248776" role=""/>
  <member type="relation" ref="3262076" role=""/>
  <member type="relation" ref="6604490" role=""/>
  <member type="relation" ref="9002996" role=""/>
  <member type="relation" ref="9066606" role=""/>
  <member type="relation" ref="9066742" role=""/>
  <member type="relation" ref="9069158" role=""/>
  <member type="relation" ref="3846566" role=""/>
  <member type="relation" ref="3767038" role=""/>
  <member type="relation" ref="3773599" role=""/>
  <member type="relation" ref="2665187" role=""/>
  <member type="relation" ref="3770942" role=""/>
  <member type="relation" ref="31118" role=""/>
  <member type="relation" ref="3639261" role=""/>
  <member type="relation" ref="8822215" role=""/>
  <member type="relation" ref="3908565" role=""/>
  <member type="relation" ref="3908696" role=""/>
  <member type="relation" ref="8842101" role=""/>
  <member type="relation" ref="8980964" role=""/>
  <member type="relation" ref="965538" role=""/>
  <member type="relation" ref="6518912" role=""/>
  <member type="relation" ref="2124106" role=""/>
  <member type="relation" ref="965533" role=""/>
  <member type="relation" ref="7438376" role=""/>
  <member type="relation" ref="3846790" role=""/>
  <member type="relation" ref="2104795" role=""/>
  <member type="relation" ref="3862939" role=""/>
  <member type="relation" ref="3770972" role=""/>
  <member type="relation" ref="8843661" role=""/>
  <member type="relation" ref="8475141" role=""/>
  <member type="relation" ref="53798" role=""/>
  <member type="relation" ref="3527405" role=""/>
  <member type="relation" ref="3786290" role=""/>
  <member type="relation" ref="8438979" role=""/>
  <member type="relation" ref="8519028" role=""/>
  <member type="relation" ref="8546711" role=""/>
  <member type="relation" ref="31352" role=""/>
  <member type="relation" ref="8634030" role=""/>
  <member type="relation" ref="8643289" role=""/>
  <member type="relation" ref="8730413" role=""/>
  <member type="relation" ref="8602705" role=""/>
  <member type="relation" ref="8376126" role=""/>
  <member type="relation" ref="3771120" role=""/>
  <member type="relation" ref="8360680" role=""/>
  <member type="relation" ref="8798843" role=""/>
  <member type="relation" ref="8253434" role=""/>
  <member type="relation" ref="8338767" role=""/>
  <member type="relation" ref="7790754" role=""/>
  <member type="relation" ref="8810155" role=""/>
  <member type="relation" ref="9316269" role=""/>
  <member type="relation" ref="3786705" role=""/>
  <member type="relation" ref="8814743" role=""/>
  <member type="relation" ref="3767143" role=""/>
  <member type="relation" ref="9349690" role=""/>
  <member type="relation" ref="8812592" role=""/>
  <member type="relation" ref="3767309" role=""/>
  <member type="relation" ref="8385407" role=""/>
  <member type="relation" ref="8385532" role=""/>
  <member type="relation" ref="7757831" role=""/>
  <member type="relation" ref="7756814" role=""/>
  <member type="relation" ref="8386008" role=""/>
  <member type="relation" ref="3500263" role=""/>
  <member type="relation" ref="9385077" role=""/>
  <member type="relation" ref="1282122" role=""/>
  <member type="relation" ref="4544619" role=""/>
  <member type="relation" ref="4165287" role=""/>
  <member type="relation" ref="3717459" role=""/>
  <member type="relation" ref="3771004" role=""/>
  <member type="relation" ref="9400756" role=""/>
  <member type="relation" ref="3904021" role=""/>
  <member type="relation" ref="12586" role=""/>
  <member type="relation" ref="12893" role=""/>
  <member type="relation" ref="149016" role=""/>
  <member type="relation" ref="12582" role=""/>
  <member type="relation" ref="9444474" role=""/>
  <member type="relation" ref="65441" role=""/>
  <member type="relation" ref="9483543" role=""/>
  <member type="relation" ref="9483646" role=""/>
  <member type="relation" ref="9491583" role=""/>
  <member type="relation" ref="7106297" role=""/>
  <member type="relation" ref="9361964" role=""/>
  <member type="relation" ref="9361958" role=""/>
  <member type="relation" ref="9364398" role=""/>
  <member type="relation" ref="9361965" role=""/>
  <member type="relation" ref="9364395" role=""/>
  <member type="relation" ref="9364399" role=""/>
  <member type="relation" ref="9361957" role=""/>
  <member type="relation" ref="9364404" role=""/>
  <member type="relation" ref="9592451" role=""/>
  <member type="relation" ref="9578522" role=""/>
  <member type="relation" ref="9608067" role=""/>
  <member type="relation" ref="6966370" role=""/>
  <member type="relation" ref="9659817" role=""/>
  <member type="relation" ref="9627337" role=""/>
  <member type="relation" ref="9633190" role=""/>
  <member type="relation" ref="9702108" role=""/>
  <member type="relation" ref="9651112" role=""/>
  <member type="relation" ref="9712245" role=""/>
  <member type="relation" ref="9669415" role=""/>
  <member type="relation" ref="3787044" role=""/>
  <member type="relation" ref="9680900" role=""/>
  <member type="relation" ref="9684360" role=""/>
  <member type="relation" ref="33010" role=""/>
  <member type="relation" ref="6585224" role=""/>
  <member type="relation" ref="6595831" role=""/>
  <member type="relation" ref="6584912" role=""/>
  <member type="relation" ref="6596139" role=""/>
  <member type="relation" ref="6612480" role=""/>
  <member type="relation" ref="6596367" role=""/>
  <member type="relation" ref="6601904" role=""/>
  <member type="relation" ref="6624769" role=""/>
  <member type="relation" ref="6626645" role=""/>
  <member type="relation" ref="2883869" role=""/>
  <member type="relation" ref="6621211" role=""/>
  <member type="relation" ref="6612481" role=""/>
  <member type="relation" ref="6641475" role=""/>
  <member type="relation" ref="6632428" role=""/>
  <member type="relation" ref="6639503" role=""/>
  <member type="relation" ref="6641549" role=""/>
  <member type="relation" ref="6645422" role=""/>
  <member type="relation" ref="5431055" role=""/>
  <member type="relation" ref="30840" role=""/>
  <member type="relation" ref="8466396" role=""/>
  <member type="relation" ref="8472959" role=""/>
  <member type="relation" ref="8903572" role=""/>
  <member type="relation" ref="9864624" role=""/>
  <member type="relation" ref="9365397" role=""/>
  <member type="relation" ref="6647077" role=""/>
  <member type="relation" ref="8197220" role=""/>
  <member type="relation" ref="1020657" role=""/>
  <member type="relation" ref="3639021" role=""/>
  <member type="relation" ref="1192346" role=""/>
  <member type="relation" ref="3521034" role=""/>
  <member type="relation" ref="8319600" role=""/>
  <member type="relation" ref="8421608" role=""/>
  <member type="relation" ref="8255454" role=""/>
  <member type="relation" ref="8171702" role=""/>
  <member type="relation" ref="9882017" role=""/>
  <member type="relation" ref="9361997" role=""/>
  <member type="relation" ref="9361995" role=""/>
  <member type="relation" ref="9621534" role=""/>
  <member type="relation" ref="9577579" role=""/>
  <member type="relation" ref="9662836" role=""/>
  <member type="relation" ref="9637071" role=""/>
  <member type="relation" ref="9706190" role=""/>
  <member type="relation" ref="9678094" role=""/>
  <member type="relation" ref="34190" role=""/>
  <member type="relation" ref="6651341" role=""/>
  <member type="relation" ref="6632429" role=""/>
  <member type="relation" ref="6651380" role=""/>
  <member type="relation" ref="6607033" role=""/>
  <member type="relation" ref="33018" role=""/>
  <member type="relation" ref="6594495" role=""/>
  <member type="relation" ref="3842394" role=""/>
  <member type="relation" ref="7346573" role=""/>
  <member type="relation" ref="6594518" role=""/>
  <member type="relation" ref="9230437" role=""/>
  <member type="relation" ref="6583464" role=""/>
  <member type="relation" ref="9220015" role=""/>
  <member type="relation" ref="947961" role=""/>
  <member type="relation" ref="6743360" role=""/>
  <member type="relation" ref="9389808" role=""/>
  <member type="relation" ref="9387618" role=""/>
  <member type="relation" ref="9095602" role=""/>
  <member type="relation" ref="6334848" role=""/>
  <member type="relation" ref="6519669" role=""/>
  <member type="relation" ref="6608790" role=""/>
  <member type="relation" ref="7920696" role=""/>
  <member type="relation" ref="6646894" role=""/>
  <member type="relation" ref="49515" role=""/>
  <member type="relation" ref="9842733" role=""/>
  <member type="relation" ref="9885666" role=""/>
  <member type="relation" ref="10259311" role=""/>
  <member type="relation" ref="10481824" role=""/>
  <member type="relation" ref="53796" role=""/>
  <member type="relation" ref="8839514" role=""/>
  <member type="relation" ref="3518585" role=""/>
  <member type="relation" ref="8512559" role=""/>
  <member type="relation" ref="8547309" role=""/>
  <member type="relation" ref="8901184" role=""/>
  <member type="relation" ref="8606655" role=""/>
  <member type="relation" ref="8330838" role=""/>
  <member type="relation" ref="6097291" role=""/>
  <member type="relation" ref="3947962" role=""/>
  <member type="relation" ref="6114814" role=""/>
  <member type="relation" ref="8770279" role=""/>
  <member type="relation" ref="7803946" role=""/>
  <member type="relation" ref="10015101" role=""/>
  <member type="relation" ref="8780413" role=""/>
  <member type="relation" ref="9226628" role=""/>
  <member type="relation" ref="1113900" role=""/>
  <member type="relation" ref="9878286" role=""/>
  <member type="relation" ref="9842064" role=""/>
  <member type="relation" ref="12886" role=""/>
  <member type="relation" ref="31661" role=""/>
  <member type="relation" ref="1061405" role=""/>
  <member type="relation" ref="9732500" role=""/>
  <member type="relation" ref="9566443" role=""/>
  <member type="relation" ref="9364401" role=""/>
  <member type="relation" ref="2360722" role=""/>
  <member type="relation" ref="9600043" role=""/>
  <member type="relation" ref="9655888" role=""/>
  <member type="relation" ref="9644147" role=""/>
  <member type="relation" ref="9674712" role=""/>
  <member type="relation" ref="10535240" role=""/>
  <member type="relation" ref="10997961" role=""/>
  <member type="relation" ref="3771097" role=""/>
  <member type="relation" ref="3771098" role=""/>
  <member type="relation" ref="6634560" role=""/>
  <member type="relation" ref="6649220" role=""/>
  <member type="relation" ref="6651324" role=""/>
  <member type="relation" ref="13970524" role=""/>
  <member type="relation" ref="6626646" role=""/>
  <member type="relation" ref="6604372" role=""/>
  <member type="relation" ref="33014" role=""/>
  <member type="relation" ref="195249" role=""/>
  <member type="relation" ref="7259555" role=""/>
  <member type="relation" ref="5385850" role=""/>
  <member type="relation" ref="7462562" role=""/>
  <member type="relation" ref="572350" role=""/>
  <member type="relation" ref="6649827" role=""/>
  <member type="relation" ref="9145802" role=""/>
  <member type="relation" ref="9167558" role=""/>
  <member type="relation" ref="9246031" role=""/>
  <member type="relation" ref="9384961" role=""/>
  <member type="relation" ref="6603804" role=""/>
  <member type="relation" ref="8660479" role=""/>
  <member type="relation" ref="8705812" role=""/>
  <member type="relation" ref="6357795" role=""/>
  <member type="relation" ref="2888579" role=""/>
  <member type="relation" ref="3644591" role=""/>
  <member type="relation" ref="13766033" role=""/>
  <member type="relation" ref="5347303" role=""/>
  <member type="relation" ref="3836968" role=""/>
  <member type="relation" ref="8250033" role=""/>
  <member type="relation" ref="8630931" role=""/>
  <member type="relation" ref="6518158" role=""/>
  <member type="relation" ref="3518586" role=""/>
  <member type="relation" ref="8507094" role=""/>
  <member type="relation" ref="8624536" role=""/>
  <member type="relation" ref="8330502" role=""/>
  <member type="relation" ref="8468445" role=""/>
  <member type="relation" ref="8736759" role=""/>
  <member type="relation" ref="8344320" role=""/>
  <member type="relation" ref="8346167" role=""/>
  <member type="relation" ref="8547781" role=""/>
  <member type="relation" ref="8778351" role=""/>
  <member type="relation" ref="8819316" role=""/>
  <member type="relation" ref="8428316" role=""/>
  <member type="relation" ref="10036652" role=""/>
  <member type="relation" ref="7521547" role=""/>
  <member type="relation" ref="9889643" role=""/>
  <member type="relation" ref="36203" role=""/>
  <member type="relation" ref="9727705" role=""/>
  <member type="relation" ref="9760336" role=""/>
  <member type="relation" ref="1061406" role=""/>
  <member type="relation" ref="9734691" role=""/>
  <member type="relation" ref="9364397" role=""/>
  <member type="relation" ref="9525476" role=""/>
  <member type="relation" ref="9365392" role=""/>
  <member type="relation" ref="9364403" role=""/>
  <member type="relation" ref="9581384" role=""/>
  <member type="relation" ref="9615824" role=""/>
  <member type="relation" ref="9648379" role=""/>
  <member type="relation" ref="9365391" role=""/>
  <member type="relation" ref="9849119" role=""/>
  <member type="relation" ref="6645423" role=""/>
  <member type="relation" ref="6653406" role=""/>
  <member type="relation" ref="6596106" role=""/>
  <member type="relation" ref="9301437" role=""/>
  <member type="relation" ref="9231531" role=""/>
  <member type="relation" ref="446121" role=""/>
  <member type="relation" ref="7901019" role=""/>
  <member type="relation" ref="6012803" role=""/>
  <member type="relation" ref="6594184" role=""/>
  <member type="relation" ref="5425459" role=""/>
  <member type="relation" ref="6491957" role=""/>
  <member type="relation" ref="8907070" role=""/>
  <member type="relation" ref="1017048" role=""/>
  <member type="relation" ref="8705506" role=""/>
  <member type="relation" ref="6518913" role=""/>
  <member type="relation" ref="4085924" role=""/>
  <member type="relation" ref="7021581" role=""/>
  <member type="relation" ref="7418329" role=""/>
  <member type="relation" ref="33003" role=""/>
  <member type="relation" ref="9889615" role=""/>
  <member type="relation" ref="8855535" role=""/>
  <member type="relation" ref="2162634" role=""/>
  <member type="relation" ref="3908697" role=""/>
  <member type="relation" ref="8824623" role=""/>
  <member type="relation" ref="8648367" role=""/>
  <member type="relation" ref="8616846" role=""/>
  <member type="relation" ref="8549720" role=""/>
  <member type="relation" ref="3524706" role=""/>
  <member type="relation" ref="8456817" role=""/>
  <member type="relation" ref="3527404" role=""/>
  <member type="relation" ref="8319621" role=""/>
  <member type="relation" ref="8346063" role=""/>
  <member type="relation" ref="8820384" role=""/>
  <member type="relation" ref="8788010" role=""/>
  <member type="relation" ref="3791425" role=""/>
  <member type="relation" ref="9999040" role=""/>
  <member type="relation" ref="9977958" role=""/>
  <member type="relation" ref="8821725" role=""/>
  <member type="relation" ref="9225568" role=""/>
  <member type="relation" ref="2789281" role=""/>
  <member type="relation" ref="1181630" role=""/>
  <member type="relation" ref="9869305" role=""/>
  <member type="relation" ref="572119" role=""/>
  <member type="relation" ref="9846585" role=""/>
  <member type="relation" ref="12873" role=""/>
  <member type="relation" ref="12591" role=""/>
  <member type="relation" ref="9743152" role=""/>
  <member type="relation" ref="9740226" role=""/>
  <member type="relation" ref="9604654" role=""/>
  <member type="relation" ref="9668498" role=""/>
  <member type="relation" ref="9663861" role=""/>
  <member type="relation" ref="9717721" role=""/>
  <member type="relation" ref="13766030" role=""/>
  <member type="relation" ref="6601928" role=""/>
  <member type="relation" ref="6605962" role=""/>
  <member type="relation" ref="6601896" role=""/>
  <member type="relation" ref="3317036" role=""/>
  <member type="relation" ref="416686" role=""/>
  <member type="relation" ref="446122" role=""/>
  <member type="relation" ref="9156540" role=""/>
  <member type="relation" ref="9383269" role=""/>
  <member type="relation" ref="7240653" role=""/>
  <member type="relation" ref="8725735" role=""/>
  <member type="relation" ref="5450521" role=""/>
  <member type="relation" ref="9028205" role=""/>
  <member type="relation" ref="11621854" role=""/>
  <member type="relation" ref="37650" role=""/>
  <member type="relation" ref="2695918" role=""/>
  <member type="relation" ref="8838236" role=""/>
  <member type="relation" ref="3948024" role=""/>
  <member type="relation" ref="3796161" role=""/>
  <member type="relation" ref="3796341" role=""/>
  <member type="relation" ref="3519913" role=""/>
  <member type="relation" ref="2168363" role=""/>
  <member type="relation" ref="7492744" role=""/>
  <member type="relation" ref="8596419" role=""/>
  <member type="relation" ref="7417266" role=""/>
  <member type="relation" ref="7722594" role=""/>
  <member type="relation" ref="10040102" role=""/>
  <member type="relation" ref="8784852" role=""/>
  <member type="relation" ref="3786630" role=""/>
  <member type="relation" ref="8372093" role=""/>
  <member type="relation" ref="7331065" role=""/>
  <member type="relation" ref="9994456" role=""/>
  <member type="relation" ref="9473486" role=""/>
  <member type="relation" ref="9918288" role=""/>
  <member type="relation" ref="5525014" role=""/>
  <member type="relation" ref="4544688" role=""/>
  <member type="relation" ref="9893745" role=""/>
  <member type="relation" ref="4452065" role=""/>
  <member type="relation" ref="9874325" role=""/>
  <member type="relation" ref="36085" role=""/>
  <member type="relation" ref="31622" role=""/>
  <member type="relation" ref="1597628" role=""/>
  <member type="relation" ref="9500290" role=""/>
  <member type="relation" ref="9584945" role=""/>
  <member type="relation" ref="9361963" role=""/>
  <member type="relation" ref="9364396" role=""/>
  <member type="relation" ref="9365393" role=""/>
  <member type="relation" ref="9586987" role=""/>
  <member type="relation" ref="9593068" role=""/>
  <member type="relation" ref="9623424" role=""/>
  <member type="relation" ref="9852047" role=""/>
  <member type="relation" ref="9671641" role=""/>
  <member type="relation" ref="10548190" role=""/>
  <member type="relation" ref="8063894" role=""/>
  <member type="relation" ref="10387581" role=""/>
  <member type="relation" ref="12079873" role=""/>
  <member type="relation" ref="9570519" role=""/>
  <tag k="name" v="日本の一般国道"/>
  <tag k="name:af" v="Nasionale snelweë van Japan"/>
  <tag k="name:en" v="National Highway of Japan"/>
  <tag k="name:es" v="Ruta nacional de Japón"/>
  <tag k="name:fr" v="Routes nationales du Japon"/>
  <tag k="name:ja" v="日本の一般国道"/>
  <tag k="name:ja-Hira" v="にっぽん の いっぱん こくどう"/>
  <tag k="name:ja-Latn" v="Nihon no ippan kokudō"/>
  <tag k="name:ko" v="일본의 일반 국도"/>
  <tag k="name:ru" v="Японские национальные дороги"/>
  <tag k="name:zh-Hans" v="日本一般国道"/>
  <tag k="name:zh-Hant" v="日本一般國道"/>
  <tag k="network" v="JP:national"/>
  <tag k="route_master" v="road"/>
  <tag k="type" v="route_master"/>
  <tag k="wikidata" v="Q926383"/>
  <tag k="wikimedia_commons" v="Category:National highways of Japan"/>
  <tag k="wikipedia" v="ja:一般国道"/>
 </relation>
 <relation id="9400670" visible="true" version="1" changeset="68196941" timestamp="2019-03-16T07:03:42Z" user="Otenkiya" uid="4702051">
  <member type="relation" ref="3717459" role=""/>
  <member type="relation" ref="9400669" role=""/>
  <member type="relation" ref="9400668" role=""/>
  <member type="relation" ref="9400667" role=""/>
  <member type="relation" ref="9400666" role=""/>
  <tag k="name" v="国道188号"/>
  <tag k="network" v="JP:national"/>
  <tag k="ref" v="188"/>
  <tag k="route_master" v="road"/>
  <tag k="type" v="route_master"/>
 </relation>
 <relation id="12487146" visible="true" version="71" changeset="187175984" timestamp="2026-08-09T12:06:56Z" user="Soren Bradley" uid="23089575">
  <member type="way" ref="311664066" role=""/>
  <member type="way" ref="311664040" role=""/>
  <member type="way" ref="290893608" role=""/>
  <member type="way" ref="290889572" role=""/>
  <member type="way" ref="921973871" role=""/>
  <member type="way" ref="733837788" role=""/>
  <member type="way" ref="733837789" role=""/>
  <member type="way" ref="733837754" role=""/>
  <member type="way" ref="733837758" role=""/>
  <member type="way" ref="733837757" role=""/>
  <member type="way" ref="290889559" role=""/>
  <member type="way" ref="290889561" role=""/>
  <member type="way" ref="290891479" role=""/>
  <member type="way" ref="290891484" role=""/>
  <member type="way" ref="290889557" role=""/>
  <member type="way" ref="290889546" role=""/>
  <member type="way" ref="1304077106" role=""/>
  <member type="way" ref="686521430" role=""/>
  <member type="way" ref="686521429" role=""/>
  <member type="way" ref="1304077108" role=""/>
  <member type="way" ref="1135829776" role=""/>
  <member type="way" ref="1135829803" role=""/>
  <member type="way" ref="1135829804" role=""/>
  <member type="way" ref="1135829775" role=""/>
  <member type="way" ref="739752571" role=""/>
  <member type="way" ref="739752570" role=""/>
  <member type="way" ref="739752568" role=""/>
  <member type="way" ref="739752569" role=""/>
  <member type="way" ref="1304077110" role=""/>
  <member type="way" ref="739752566" role=""/>
  <member type="way" ref="1304077112" role=""/>
  <member type="way" ref="311333070" role=""/>
  <member type="way" ref="739752565" role=""/>
  <member type="way" ref="739752564" role=""/>
  <member type="way" ref="739752563" role=""/>
  <member type="way" ref="739752562" role=""/>
  <member type="way" ref="739752561" role=""/>
  <member type="way" ref="739752560" role=""/>
  <member type="way" ref="739752559" role=""/>
  <member type="way" ref="24463734" role=""/>
  <member type="way" ref="1304077114" role=""/>
  <member type="way" ref="262056478" role=""/>
  <member type="way" ref="952755918" role=""/>
  <member type="way" ref="952755917" role=""/>
  <member type="way" ref="952755914" role=""/>
  <member type="way" ref="952755913" role=""/>
  <member type="way" ref="952755910" role=""/>
  <member type="way" ref="952755909" role=""/>
  <member type="way" ref="953808811" role=""/>
  <member type="way" ref="953808808" role=""/>
  <member type="way" ref="739752557" role=""/>
  <member type="way" ref="739752555" role=""/>
  <member type="way" ref="739752554" role=""/>
  <member type="way" ref="739752553" role=""/>
  <member type="way" ref="739752552" role=""/>
  <member type="way" ref="739752550" role=""/>
  <member type="way" ref="739752551" role=""/>
  <member type="way" ref="739752549" role=""/>
  <member type="way" ref="239268521" role=""/>
  <member type="way" ref="24463829" role=""/>
  <member type="way" ref="739752548" role=""/>
  <member type="way" ref="691203561" role=""/>
  <member type="way" ref="691203560" role=""/>
  <member type="way" ref="24463812" role=""/>
  <member type="way" ref="677207839" role=""/>
  <member type="way" ref="677207840" role=""/>
  <member type="way" ref="1304077117" role=""/>
  <member type="way" ref="677207852" role=""/>
  <member type="way" ref="24463666" role=""/>
  <member type="way" ref="24463399" role=""/>
  <member type="way" ref="244156676" role=""/>
  <member type="way" ref="795388086" role=""/>
  <member type="way" ref="1304077093" role=""/>
  <member type="way" ref="995910787" role=""/>
  <member type="way" ref="1488448663" role=""/>
  <member type="way" ref="1488448664" role=""/>
  <member type="way" ref="995910786" role=""/>
  <member type="way" ref="1487544142" role=""/>
  <member type="way" ref="1487544141" role=""/>
  <member type="way" ref="795388085" role=""/>
  <member type="way" ref="795388087" role=""/>
  <member type="way" ref="795388088" role=""/>
  <member type="way" ref="795388089" role=""/>
  <member type="way" ref="795388090" role=""/>
  <member type="way" ref="795388091" role=""/>
  <member type="way" ref="795388092" role=""/>
  <member type="way" ref="795388093" role=""/>
  <member type="way" ref="795388094" role=""/>
  <member type="way" ref="795388095" role=""/>
  <member type="way" ref="987829648" role=""/>
  <member type="way" ref="987829647" role=""/>
  <member type="way" ref="795388096" role=""/>
  <member type="way" ref="795388097" role=""/>
  <member type="way" ref="922081147" role=""/>
  <member type="way" ref="922081149" role=""/>
  <member type="way" ref="795388098" role=""/>
  <member type="way" ref="922081145" role=""/>
  <member type="way" ref="922081140" role=""/>
  <member type="way" ref="795388099" role=""/>
  <member type="way" ref="795388100" role=""/>
  <member type="way" ref="795388101" role=""/>
  <member type="way" ref="795388102" role=""/>
  <member type="way" ref="1488673437" role=""/>
  <member type="way" ref="1488673438" role=""/>
  <member type="way" ref="795388103" role=""/>
  <member type="way" ref="549070617" role=""/>
  <member type="way" ref="1304077119" role=""/>
  <member type="way" ref="315267729" role=""/>
  <member type="way" ref="315267726" role=""/>
  <member type="way" ref="795388058" role=""/>
  <member type="way" ref="795388057" role=""/>
  <member type="way" ref="688259627" role=""/>
  <member type="way" ref="688259626" role=""/>
  <member type="way" ref="688259625" role=""/>
  <member type="way" ref="688259624" role=""/>
  <member type="way" ref="1123389990" role=""/>
  <member type="way" ref="1123389989" role=""/>
  <member type="way" ref="76845678" role=""/>
  <member type="way" ref="24463427" role=""/>
  <member type="way" ref="812448200" role=""/>
  <member type="way" ref="812448199" role=""/>
  <member type="way" ref="24463599" role=""/>
  <member type="way" ref="24463447" role=""/>
  <member type="way" ref="795388054" role=""/>
  <member type="way" ref="795388053" role=""/>
  <member type="way" ref="24463628" role=""/>
  <member type="way" ref="809951062" role=""/>
  <member type="way" ref="809951065" role=""/>
  <member type="way" ref="224443426" role=""/>
  <member type="way" ref="809951078" role=""/>
  <member type="way" ref="809951077" role=""/>
  <member type="way" ref="224443427" role=""/>
  <member type="way" ref="809951060" role=""/>
  <member type="way" ref="809951061" role=""/>
  <member type="way" ref="309682090" role=""/>
  <member type="way" ref="24463809" role=""/>
  <member type="way" ref="24463728" role=""/>
  <member type="way" ref="922081190" role=""/>
  <member type="way" ref="922081194" role=""/>
  <member type="way" ref="922081193" role=""/>
  <member type="way" ref="922081191" role=""/>
  <member type="way" ref="309682089" role=""/>
  <member type="way" ref="309842826" role=""/>
  <member type="way" ref="922081201" role=""/>
  <member type="way" ref="922081200" role=""/>
  <member type="way" ref="922081182" role=""/>
  <member type="way" ref="922081181" role=""/>
  <member type="way" ref="922081188" role=""/>
  <member type="way" ref="922081187" role=""/>
  <member type="way" ref="922081179" role=""/>
  <member type="way" ref="922081178" role=""/>
  <member type="way" ref="922081175" role=""/>
  <member type="way" ref="922081174" role=""/>
  <member type="way" ref="24463532" role=""/>
  <member type="way" ref="24463522" role=""/>
  <member type="way" ref="1304077122" role=""/>
  <member type="way" ref="1039133443" role=""/>
  <member type="way" ref="1039133442" role=""/>
  <member type="way" ref="24463422" role=""/>
  <member type="way" ref="922086138" role=""/>
  <member type="way" ref="922172834" role=""/>
  <member type="way" ref="922172832" role=""/>
  <member type="way" ref="922086140" role=""/>
  <member type="way" ref="922172828" role=""/>
  <member type="way" ref="922172824" role=""/>
  <member type="way" ref="922172823" role=""/>
  <member type="way" ref="922172821" role=""/>
  <member type="way" ref="922172820" role=""/>
  <member type="way" ref="922172819" role=""/>
  <member type="way" ref="922172830" role=""/>
  <member type="way" ref="353175470" role=""/>
  <member type="way" ref="922172812" role=""/>
  <member type="way" ref="922172811" role=""/>
  <member type="way" ref="922172810" role=""/>
  <member type="way" ref="922172809" role=""/>
  <member type="way" ref="922220424" role=""/>
  <member type="way" ref="922220423" role=""/>
  <member type="way" ref="922220420" role=""/>
  <member type="way" ref="922220419" role=""/>
  <member type="way" ref="922220416" role=""/>
  <member type="way" ref="1486850406" role=""/>
  <member type="way" ref="1486850405" role=""/>
  <member type="way" ref="922220415" role=""/>
  <member type="way" ref="24463654" role=""/>
  <member type="way" ref="1049234101" role=""/>
  <member type="way" ref="1049234100" role=""/>
  <member type="way" ref="922220411" role=""/>
  <member type="way" ref="922220412" role=""/>
  <member type="way" ref="1304077095" role=""/>
  <member type="way" ref="922220408" role=""/>
  <member type="way" ref="922220407" role=""/>
  <member type="way" ref="921841252" role=""/>
  <member type="way" ref="921841251" role=""/>
  <member type="way" ref="24463451" role=""/>
  <member type="way" ref="1304077097" role=""/>
  <member type="way" ref="921812879" role=""/>
  <member type="way" ref="352908150" role=""/>
  <member type="way" ref="1304077124" role=""/>
  <member type="way" ref="922233530" role=""/>
  <member type="way" ref="1100561653" role=""/>
  <member type="way" ref="1304077099" role=""/>
  <member type="way" ref="1109085494" role=""/>
  <member type="way" ref="1109085497" role=""/>
  <member type="way" ref="1109085499" role=""/>
  <member type="way" ref="1109085498" role=""/>
  <member type="way" ref="1109085505" role=""/>
  <member type="way" ref="1109085504" role=""/>
  <member type="way" ref="1304077126" role=""/>
  <member type="way" ref="1105571381" role=""/>
  <member type="way" ref="353740990" role=""/>
  <member type="way" ref="1304077130" role=""/>
  <member type="way" ref="1153075298" role=""/>
  <member type="way" ref="1104487011" role=""/>
  <member type="way" ref="1104487010" role=""/>
  <member type="way" ref="1104100867" role=""/>
  <member type="way" ref="1104100866" role=""/>
  <member type="way" ref="1104100861" role=""/>
  <member type="way" ref="1104100860" role=""/>
  <member type="way" ref="1100877849" role=""/>
  <member type="way" ref="1100877848" role=""/>
  <member type="way" ref="1304077133" role=""/>
  <member type="way" ref="1099721345" role=""/>
  <member type="way" ref="1099721344" role=""/>
  <member type="way" ref="24463565" role=""/>
  <member type="way" ref="1099721349" role=""/>
  <member type="way" ref="1099721348" role=""/>
  <member type="way" ref="1099721355" role=""/>
  <member type="way" ref="1099721354" role=""/>
  <member type="way" ref="1068317865" role=""/>
  <member type="way" ref="1068317858" role=""/>
  <member type="way" ref="1068317857" role=""/>
  <member type="way" ref="1068317866" role=""/>
  <member type="way" ref="1068317863" role=""/>
  <member type="way" ref="1068317864" role=""/>
  <member type="way" ref="1153318078" role=""/>
  <member type="way" ref="1153318077" role=""/>
  <member type="way" ref="1153318076" role=""/>
  <member type="way" ref="1153318075" role=""/>
  <member type="way" ref="1153318074" role=""/>
  <member type="way" ref="1153318073" role=""/>
  <member type="way" ref="1153318072" role=""/>
  <member type="way" ref="1153318079" role=""/>
  <member type="way" ref="24463469" role=""/>
  <member type="way" ref="437903111" role=""/>
  <member type="way" ref="1088849852" role=""/>
  <member type="way" ref="1088849851" role=""/>
  <member type="way" ref="1088545531" role=""/>
  <member type="way" ref="1088545530" role=""/>
  <member type="way" ref="1088304749" role=""/>
  <member type="way" ref="1088204941" role=""/>
  <member type="way" ref="1088204945" role=""/>
  <member type="way" ref="1088204936" role=""/>
  <member type="way" ref="1088204935" role=""/>
  <member type="way" ref="24463420" role=""/>
  <member type="way" ref="1087789386" role=""/>
  <member type="way" ref="1087789385" role=""/>
  <member type="way" ref="605953537" role=""/>
  <member type="way" ref="1087353540" role=""/>
  <member type="way" ref="1087353539" role=""/>
  <member type="way" ref="1304077100" role=""/>
  <member type="way" ref="258640542" role=""/>
  <member type="way" ref="1087094899" role=""/>
  <member type="way" ref="1087094900" role=""/>
  <member type="way" ref="1087094903" role=""/>
  <member type="way" ref="1087094902" role=""/>
  <member type="way" ref="1086993574" role=""/>
  <member type="way" ref="1086993573" role=""/>
  <member type="way" ref="1304077136" role=""/>
  <member type="way" ref="1086529073" role=""/>
  <member type="way" ref="1086529072" role=""/>
  <member type="way" ref="24463412" role=""/>
  <member type="way" ref="233103982" role=""/>
  <member type="way" ref="1304077102" role=""/>
  <member type="way" ref="233103980" role=""/>
  <member type="way" ref="1082771539" role=""/>
  <member type="way" ref="1082771538" role=""/>
  <member type="way" ref="1052044203" role=""/>
  <member type="way" ref="1052044202" role=""/>
  <member type="way" ref="1052044201" role=""/>
  <member type="way" ref="1304077139" role=""/>
  <member type="way" ref="1082551566" role=""/>
  <member type="way" ref="1082551565" role=""/>
  <member type="way" ref="1082538795" role=""/>
  <member type="way" ref="1082538797" role=""/>
  <member type="way" ref="1082418075" role=""/>
  <member type="way" ref="922487668" role=""/>
  <member type="way" ref="922487667" role=""/>
  <member type="way" ref="1082292856" role=""/>
  <member type="way" ref="1082292855" role=""/>
  <member type="way" ref="24463670" role=""/>
  <member type="way" ref="922487675" role=""/>
  <member type="way" ref="1304077137" role=""/>
  <member type="way" ref="922484019" role=""/>
  <member type="way" ref="922484018" role=""/>
  <member type="way" ref="1080637183" role=""/>
  <member type="way" ref="1080637182" role=""/>
  <member type="way" ref="1080637185" role=""/>
  <member type="way" ref="1080637184" role=""/>
  <member type="way" ref="255908767" role=""/>
  <member type="way" ref="1080140684" role=""/>
  <member type="way" ref="1080140683" role=""/>
  <member type="way" ref="1304077103" role=""/>
  <member type="way" ref="24463428" role=""/>
  <member type="way" ref="1080315000" role=""/>
  <member type="way" ref="1080314999" role=""/>
  <member type="way" ref="1079871868" role=""/>
  <member type="way" ref="1079871867" role=""/>
  <member type="way" ref="1080315010" role=""/>
  <member type="way" ref="1080315009" role=""/>
  <member type="way" ref="1079871872" role=""/>
  <member type="way" ref="1079871871" role=""/>
  <member type="way" ref="1079871874" role=""/>
  <member type="way" ref="24463727" role=""/>
  <member type="way" ref="256448201" role=""/>
  <member type="way" ref="256448202" role=""/>
  <member type="way" ref="1080073716" role=""/>
  <member type="way" ref="1080073715" role=""/>
  <member type="way" ref="256448227" role=""/>
  <member type="way" ref="1138943748" role=""/>
  <member type="way" ref="1138943747" role=""/>
  <member type="way" ref="1143814124" role=""/>
  <member type="way" ref="1143814123" role=""/>
  <member type="way" ref="1304077105" role=""/>
  <member type="way" ref="1143990323" role=""/>
  <member type="way" ref="1143990322" role=""/>
  <member type="way" ref="852176586" role=""/>
  <member type="way" ref="1146022747" role=""/>
  <member type="way" ref="1146022735" role=""/>
  <member type="way" ref="1146022734" role=""/>
  <member type="way" ref="1146885736" role=""/>
  <member type="way" ref="1146885735" role=""/>
  <member type="way" ref="1146022746" role=""/>
  <member type="way" ref="921787241" role=""/>
  <member type="way" ref="24463444" role=""/>
  <member type="way" ref="1146022745" role=""/>
  <member type="way" ref="1146885738" role=""/>
  <member type="way" ref="1146885737" role=""/>
  <member type="way" ref="1146022733" role=""/>
  <member type="way" ref="1146022732" role=""/>
  <member type="way" ref="1146022744" role=""/>
  <member type="way" ref="24463836" role=""/>
  <member type="way" ref="1143990319" role=""/>
  <member type="way" ref="1143990318" role=""/>
  <member type="way" ref="24463585" role=""/>
  <member type="way" ref="1143814121" role=""/>
  <member type="way" ref="1143814120" role=""/>
  <member type="way" ref="1138943750" role=""/>
  <member type="way" ref="1138943749" role=""/>
  <member type="way" ref="24463835" role=""/>
  <member type="way" ref="1080073714" role=""/>
  <member type="way" ref="1080073713" role=""/>
  <member type="way" ref="256448205" role=""/>
  <member type="way" ref="256448203" role=""/>
  <member type="way" ref="24463716" role=""/>
  <member type="way" ref="1079871873" role=""/>
  <member type="way" ref="1079871870" role=""/>
  <member type="way" ref="1079871869" role=""/>
  <member type="way" ref="1079871866" role=""/>
  <member type="way" ref="1080315012" role=""/>
  <member type="way" ref="1080315011" role=""/>
  <member type="way" ref="1079871865" role=""/>
  <member type="way" ref="1080315002" role=""/>
  <member type="way" ref="1080315001" role=""/>
  <member type="way" ref="255908797" role=""/>
  <member type="way" ref="1304077104" role=""/>
  <member type="way" ref="1080140686" role=""/>
  <member type="way" ref="1080140685" role=""/>
  <member type="way" ref="24463823" role=""/>
  <member type="way" ref="1080637187" role=""/>
  <member type="way" ref="1080637186" role=""/>
  <member type="way" ref="1080637181" role=""/>
  <member type="way" ref="1080637180" role=""/>
  <member type="way" ref="922484017" role=""/>
  <member type="way" ref="922484020" role=""/>
  <member type="way" ref="1304077138" role=""/>
  <member type="way" ref="922487674" role=""/>
  <member type="way" ref="922487673" role=""/>
  <member type="way" ref="922487669" role=""/>
  <member type="way" ref="1082292858" role=""/>
  <member type="way" ref="1082292857" role=""/>
  <member type="way" ref="922487666" role=""/>
  <member type="way" ref="1082418076" role=""/>
  <member type="way" ref="1082418074" role=""/>
  <member type="way" ref="24463640" role=""/>
  <member type="way" ref="1082538794" role=""/>
  <member type="way" ref="1082551568" role=""/>
  <member type="way" ref="1082551567" role=""/>
  <member type="way" ref="1082538796" role=""/>
  <member type="way" ref="24463779" role=""/>
  <member type="way" ref="24463632" role=""/>
  <member type="way" ref="1052038782" role=""/>
  <member type="way" ref="1052038783" role=""/>
  <member type="way" ref="1082771537" role=""/>
  <member type="way" ref="1082771536" role=""/>
  <member type="way" ref="24463605" role=""/>
  <member type="way" ref="24463441" role=""/>
  <member type="way" ref="233103979" role=""/>
  <member type="way" ref="233103981" role=""/>
  <member type="way" ref="24463396" role=""/>
  <member type="way" ref="1086529070" role=""/>
  <member type="way" ref="1086529071" role=""/>
  <member type="way" ref="24463629" role=""/>
  <member type="way" ref="24463483" role=""/>
  <member type="way" ref="605295115" role=""/>
  <member type="way" ref="1086993572" role=""/>
  <member type="way" ref="1087094905" role=""/>
  <member type="way" ref="1087094904" role=""/>
  <member type="way" ref="1086993571" role=""/>
  <member type="way" ref="1087094901" role=""/>
  <member type="way" ref="1087094898" role=""/>
  <member type="way" ref="605295133" role=""/>
  <member type="way" ref="1304077101" role=""/>
  <member type="way" ref="258640547" role=""/>
  <member type="way" ref="1087353538" role=""/>
  <member type="way" ref="1087789384" role=""/>
  <member type="way" ref="1088204934" role=""/>
  <member type="way" ref="1088204933" role=""/>
  <member type="way" ref="1304077135" role=""/>
  <member type="way" ref="1088204938" role=""/>
  <member type="way" ref="1088204937" role=""/>
  <member type="way" ref="1088204939" role=""/>
  <member type="way" ref="1088204940" role=""/>
  <member type="way" ref="1088545533" role=""/>
  <member type="way" ref="1088545532" role=""/>
  <member type="way" ref="1088849854" role=""/>
  <member type="way" ref="1088849853" role=""/>
  <member type="way" ref="438348396" role=""/>
  <member type="way" ref="438348395" role=""/>
  <member type="way" ref="24463462" role=""/>
  <member type="way" ref="24463741" role=""/>
  <member type="way" ref="24463652" role=""/>
  <member type="way" ref="24463614" role=""/>
  <member type="way" ref="1068317860" role=""/>
  <member type="way" ref="1068317859" role=""/>
  <member type="way" ref="1068317862" role=""/>
  <member type="way" ref="1068317861" role=""/>
  <member type="way" ref="24463456" role=""/>
  <member type="way" ref="1068317867" role=""/>
  <member type="way" ref="1099721352" role=""/>
  <member type="way" ref="1099721353" role=""/>
  <member type="way" ref="1099721350" role=""/>
  <member type="way" ref="1099721351" role=""/>
  <member type="way" ref="1068317868" role=""/>
  <member type="way" ref="1099721346" role=""/>
  <member type="way" ref="1099721347" role=""/>
  <member type="way" ref="1304077134" role=""/>
  <member type="way" ref="1100877851" role=""/>
  <member type="way" ref="1100877850" role=""/>
  <member type="way" ref="1104100865" role=""/>
  <member type="way" ref="1104100863" role=""/>
  <member type="way" ref="1104100862" role=""/>
  <member type="way" ref="1104100864" role=""/>
  <member type="way" ref="1104487013" role=""/>
  <member type="way" ref="1104487012" role=""/>
  <member type="way" ref="24463827" role=""/>
  <member type="way" ref="1304077132" role=""/>
  <member type="way" ref="24463413" role=""/>
  <member type="way" ref="1105571383" role=""/>
  <member type="way" ref="1105571382" role=""/>
  <member type="way" ref="1304077128" role=""/>
  <member type="way" ref="24463802" role=""/>
  <member type="way" ref="1304077129" role=""/>
  <member type="way" ref="1109085503" role=""/>
  <member type="way" ref="1109085502" role=""/>
  <member type="way" ref="1109085501" role=""/>
  <member type="way" ref="1109085500" role=""/>
  <member type="way" ref="1109085496" role=""/>
  <member type="way" ref="1109085495" role=""/>
  <member type="way" ref="24463613" role=""/>
  <member type="way" ref="24463801" role=""/>
  <member type="way" ref="24463430" role=""/>
  <member type="way" ref="1304077125" role=""/>
  <member type="way" ref="24463433" role=""/>
  <member type="way" ref="921812878" role=""/>
  <member type="way" ref="1304077098" role=""/>
  <member type="way" ref="367741263" role=""/>
  <member type="way" ref="921841250" role=""/>
  <member type="way" ref="921841249" role=""/>
  <member type="way" ref="922220405" role=""/>
  <member type="way" ref="1304077096" role=""/>
  <member type="way" ref="922220406" role=""/>
  <member type="way" ref="922220409" role=""/>
  <member type="way" ref="1049234103" role=""/>
  <member type="way" ref="1049234102" role=""/>
  <member type="way" ref="922220410" role=""/>
  <member type="way" ref="922220413" role=""/>
  <member type="way" ref="1486850407" role=""/>
  <member type="way" ref="1486850408" role=""/>
  <member type="way" ref="922220414" role=""/>
  <member type="way" ref="922220418" role=""/>
  <member type="way" ref="922220417" role=""/>
  <member type="way" ref="922220422" role=""/>
  <member type="way" ref="922220421" role=""/>
  <member type="way" ref="1304077094" role=""/>
  <member type="way" ref="922173164" role=""/>
  <member type="way" ref="922173163" role=""/>
  <member type="way" ref="922173162" role=""/>
  <member type="way" ref="353175471" role=""/>
  <member type="way" ref="922172816" role=""/>
  <member type="way" ref="922172817" role=""/>
  <member type="way" ref="922172818" role=""/>
  <member type="way" ref="922172822" role=""/>
  <member type="way" ref="922172826" role=""/>
  <member type="way" ref="922172825" role=""/>
  <member type="way" ref="922172827" role=""/>
  <member type="way" ref="922172829" role=""/>
  <member type="way" ref="922172831" role=""/>
  <member type="way" ref="922172833" role=""/>
  <member type="way" ref="922086139" role=""/>
  <member type="way" ref="1039133447" role=""/>
  <member type="way" ref="1039133446" role=""/>
  <member type="way" ref="1304077123" role=""/>
  <member type="way" ref="922081173" role=""/>
  <member type="way" ref="922081172" role=""/>
  <member type="way" ref="922081177" role=""/>
  <member type="way" ref="922081176" role=""/>
  <member type="way" ref="922081186" role=""/>
  <member type="way" ref="922081185" role=""/>
  <member type="way" ref="922081202" role=""/>
  <member type="way" ref="922081180" role=""/>
  <member type="way" ref="922081183" role=""/>
  <member type="way" ref="922081184" role=""/>
  <member type="way" ref="922081199" role=""/>
  <member type="way" ref="922081198" role=""/>
  <member type="way" ref="922081197" role=""/>
  <member type="way" ref="922081196" role=""/>
  <member type="way" ref="922081192" role=""/>
  <member type="way" ref="922081195" role=""/>
  <member type="way" ref="922081189" role=""/>
  <member type="way" ref="795388060" role=""/>
  <member type="way" ref="1304077121" role=""/>
  <member type="way" ref="809951059" role=""/>
  <member type="way" ref="809951058" role=""/>
  <member type="way" ref="795388061" role=""/>
  <member type="way" ref="809951076" role=""/>
  <member type="way" ref="809951079" role=""/>
  <member type="way" ref="795388062" role=""/>
  <member type="way" ref="809951064" role=""/>
  <member type="way" ref="809951063" role=""/>
  <member type="way" ref="795388063" role=""/>
  <member type="way" ref="795388055" role=""/>
  <member type="way" ref="795388056" role=""/>
  <member type="way" ref="795388064" role=""/>
  <member type="way" ref="795388065" role=""/>
  <member type="way" ref="812448198" role=""/>
  <member type="way" ref="812448201" role=""/>
  <member type="way" ref="795388079" role=""/>
  <member type="way" ref="795388080" role=""/>
  <member type="way" ref="1123389988" role=""/>
  <member type="way" ref="1123389987" role=""/>
  <member type="way" ref="795388081" role=""/>
  <member type="way" ref="795388082" role=""/>
  <member type="way" ref="795388083" role=""/>
  <member type="way" ref="795388084" role=""/>
  <member type="way" ref="795388059" role=""/>
  <member type="way" ref="315267723" role=""/>
  <member type="way" ref="549070635" role=""/>
  <member type="way" ref="314269613" role=""/>
  <member type="way" ref="77124236" role=""/>
  <member type="way" ref="24463503" role=""/>
  <member type="way" ref="1304077120" role=""/>
  <member type="way" ref="24463803" role=""/>
  <member type="way" ref="686679425" role=""/>
  <member type="way" ref="1488673436" role=""/>
  <member type="way" ref="1488673435" role=""/>
  <member type="way" ref="24463417" role=""/>
  <member type="way" ref="687868938" role=""/>
  <member type="way" ref="687868927" role=""/>
  <member type="way" ref="24463446" role=""/>
  <member type="way" ref="922081142" role=""/>
  <member type="way" ref="922081143" role=""/>
  <member type="way" ref="24463405" role=""/>
  <member type="way" ref="922081151" role=""/>
  <member type="way" ref="922081150" role=""/>
  <member type="way" ref="24463831" role=""/>
  <member type="way" ref="545806330" role=""/>
  <member type="way" ref="987829650" role=""/>
  <member type="way" ref="987829649" role=""/>
  <member type="way" ref="545806331" role=""/>
  <member type="way" ref="545806332" role=""/>
  <member type="way" ref="545806333" role=""/>
  <member type="way" ref="545806334" role=""/>
  <member type="way" ref="545806335" role=""/>
  <member type="way" ref="231985718" role=""/>
  <member type="way" ref="231985716" role=""/>
  <member type="way" ref="24463453" role=""/>
  <member type="way" ref="24463636" role=""/>
  <member type="way" ref="231985717" role=""/>
  <member type="way" ref="1487544139" role=""/>
  <member type="way" ref="1487544140" role=""/>
  <member type="way" ref="1487544137" role=""/>
  <member type="way" ref="1487544138" role=""/>
  <member type="way" ref="231985719" role=""/>
  <member type="way" ref="1488448666" role=""/>
  <member type="way" ref="1488448665" role=""/>
  <member type="way" ref="995910789" role=""/>
  <member type="way" ref="995910788" role=""/>
  <member type="way" ref="270880386" role=""/>
  <member type="way" ref="270880385" role=""/>
  <member type="way" ref="270880384" role=""/>
  <member type="way" ref="677207853" role=""/>
  <member type="way" ref="1304077118" role=""/>
  <member type="way" ref="677207854" role=""/>
  <member type="way" ref="739752545" role=""/>
  <member type="way" ref="739752547" role=""/>
  <member type="way" ref="739752546" role=""/>
  <member type="way" ref="24463559" role=""/>
  <member type="way" ref="239268514" role=""/>
  <member type="way" ref="686349442" role=""/>
  <member type="way" ref="1304077116" role=""/>
  <member type="way" ref="239268515" role=""/>
  <member type="way" ref="239268518" role=""/>
  <member type="way" ref="239268516" role=""/>
  <member type="way" ref="239268519" role=""/>
  <member type="way" ref="239268517" role=""/>
  <member type="way" ref="264748719" role=""/>
  <member type="way" ref="264748718" role=""/>
  <member type="way" ref="262056480" role=""/>
  <member type="way" ref="953808809" role=""/>
  <member type="way" ref="953808810" role=""/>
  <member type="way" ref="952755912" role=""/>
  <member type="way" ref="952755911" role=""/>
  <member type="way" ref="952755916" role=""/>
  <member type="way" ref="952755915" role=""/>
  <member type="way" ref="952755920" role=""/>
  <member type="way" ref="952755919" role=""/>
  <member type="way" ref="739752556" role=""/>
  <member type="way" ref="24463587" role=""/>
  <member type="way" ref="1304077115" role=""/>
  <member type="way" ref="24463626" role=""/>
  <member type="way" ref="263622199" role=""/>
  <member type="way" ref="263622198" role=""/>
  <member type="way" ref="262099604" role=""/>
  <member type="way" ref="262099603" role=""/>
  <member type="way" ref="267013720" role=""/>
  <member type="way" ref="267013719" role=""/>
  <member type="way" ref="262056479" role=""/>
  <member type="way" ref="1304077113" role=""/>
  <member type="way" ref="24463546" role=""/>
  <member type="way" ref="263621365" role=""/>
  <member type="way" ref="1304077111" role=""/>
  <member type="way" ref="24463649" role=""/>
  <member type="way" ref="93471482" role=""/>
  <member type="way" ref="739752573" role=""/>
  <member type="way" ref="739752572" role=""/>
  <member type="way" ref="1135829777" role=""/>
  <member type="way" ref="1135829806" role=""/>
  <member type="way" ref="1135829805" role=""/>
  <member type="way" ref="1135829778" role=""/>
  <member type="way" ref="1304077109" role=""/>
  <member type="way" ref="24463725" role=""/>
  <member type="way" ref="24463693" role=""/>
  <member type="way" ref="93471471" role=""/>
  <member type="way" ref="93471444" role=""/>
  <member type="way" ref="1304077107" role=""/>
  <member type="way" ref="24463601" role=""/>
  <member type="way" ref="24463555" role=""/>
  <member type="way" ref="290891483" role=""/>
  <member type="way" ref="290891489" role=""/>
  <member type="way" ref="290891482" role=""/>
  <member type="way" ref="290891481" role=""/>
  <member type="way" ref="267963226" role=""/>
  <member type="way" ref="267963222" role=""/>
  <member type="way" ref="733837793" role=""/>
  <member type="way" ref="733837794" role=""/>
  <member type="way" ref="733837783" role=""/>
  <member type="way" ref="290889590" role=""/>
  <member type="way" ref="290889588" role=""/>
  <member type="way" ref="290889587" role=""/>
  <member type="way" ref="733837763" role=""/>
  <tag k="from" v="南岩国"/>
  <tag k="name" v="山陽本線 (南岩国 → 下関)"/>
  <tag k="name:cs" v="Sanyō hlavní trať (Minami-Iwakuni → Shimonoseki)"/>
  <tag k="name:de" v="Sanyō-Hauptlinie (Minami-Iwakuni → Shimonoseki)"/>
  <tag k="name:en" v="Sanyō Main Line (Minami-Iwakuni → Shimonoseki)"/>
  <tag k="name:es" v="Línea Principal Sanyō (Minami-Iwakuni → Shimonoseki)"/>
  <tag k="name:ja" v="山陽本線 (南岩国 → 下関)"/>
  <tag k="name:ja-Latn" v="Sanyō-honsen (Minami-Iwakuni → Shimonoseki)"/>
  <tag k="operator" v="JR West"/>
  <tag k="route" v="train"/>
  <tag k="source" v="GSI ortorectified"/>
  <tag k="to" v="下関"/>
  <tag k="type" v="route"/>
  <tag k="wikidata" v="Q1193436"/>
  <tag k="wikipedia" v="ja:山陽本線"/>
 </relation>
 <relation id="17880115" visible="true" version="8" changeset="188525225" timestamp="2026-09-04T13:15:26Z" user="Soren Bradley" uid="23089575">
  <member type="node" ref="6872880133" role="stop"/>
  <member type="node" ref="2943848620" role="stop"/>
  <member type="node" ref="4495532993" role="stop"/>
  <member type="node" ref="6926520704" role="stop"/>
  <member type="node" ref="3541390777" role="stop"/>
  <member type="node" ref="8559647235" role="stop"/>
  <member type="node" ref="6438358920" role="stop"/>
  <member type="node" ref="266061989" role="stop"/>
  <member type="node" ref="265934506" role="stop"/>
  <member type="node" ref="7439337178" role="stop"/>
  <member type="node" ref="7439337188" role="stop"/>
  <member type="node" ref="7439337192" role="stop"/>
  <member type="node" ref="3213763293" role="stop"/>
  <member type="node" ref="265935698" role="stop"/>
  <member type="node" ref="265934094" role="stop"/>
  <member type="node" ref="265933177" role="stop"/>
  <member type="node" ref="265935464" role="stop"/>
  <member type="node" ref="265935169" role="stop"/>
  <member type="node" ref="8561516021" role="stop"/>
  <member type="node" ref="8558103237" role="stop"/>
  <member type="node" ref="8561629929" role="stop"/>
  <member type="node" ref="12076837507" role="stop"/>
  <member type="node" ref="10072514626" role="stop"/>
  <member type="node" ref="12076837510" role="stop"/>
  <member type="node" ref="10067455183" role="stop"/>
  <member type="node" ref="10726381141" role="stop"/>
  <member type="node" ref="265932324" role="stop"/>
  <member type="node" ref="12076837517" role="stop"/>
  <member type="node" ref="9959508847" role="stop"/>
  <member type="node" ref="9923066352" role="stop"/>
  <member type="node" ref="9668054627" role="stop"/>
  <member type="node" ref="8563982661" role="stop"/>
  <member type="node" ref="2618128845" role="stop"/>
  <member type="node" ref="8562132362" role="stop"/>
  <member type="node" ref="1932492816" role="stop"/>
  <member type="node" ref="8058594145" role="stop"/>
  <member type="way" ref="311664066" role=""/>
  <member type="way" ref="311664040" role=""/>
  <member type="way" ref="290893608" role=""/>
  <member type="way" ref="290889572" role=""/>
  <member type="way" ref="921973871" role=""/>
  <member type="way" ref="733837788" role=""/>
  <member type="way" ref="733837789" role=""/>
  <member type="way" ref="733837754" role=""/>
  <member type="way" ref="733837758" role=""/>
  <member type="way" ref="733837757" role=""/>
  <member type="way" ref="290889559" role=""/>
  <member type="way" ref="290889561" role=""/>
  <member type="way" ref="290891479" role=""/>
  <member type="way" ref="290891484" role=""/>
  <member type="way" ref="290889557" role=""/>
  <member type="way" ref="290889546" role=""/>
  <member type="way" ref="1304077106" role=""/>
  <member type="way" ref="686521430" role=""/>
  <member type="way" ref="686521429" role=""/>
  <member type="way" ref="1304077108" role=""/>
  <member type="way" ref="1135829776" role=""/>
  <member type="way" ref="1135829803" role=""/>
  <member type="way" ref="1135829804" role=""/>
  <member type="way" ref="1135829775" role=""/>
  <member type="way" ref="739752571" role=""/>
  <member type="way" ref="739752570" role=""/>
  <member type="way" ref="739752568" role=""/>
  <member type="way" ref="739752569" role=""/>
  <member type="way" ref="1304077110" role=""/>
  <member type="way" ref="739752566" role=""/>
  <member type="way" ref="1304077112" role=""/>
  <member type="way" ref="311333070" role=""/>
  <member type="way" ref="739752565" role=""/>
  <member type="way" ref="739752564" role=""/>
  <member type="way" ref="739752563" role=""/>
  <member type="way" ref="739752562" role=""/>
  <member type="way" ref="739752561" role=""/>
  <member type="way" ref="739752560" role=""/>
  <member type="way" ref="739752559" role=""/>
  <member type="way" ref="24463734" role=""/>
  <member type="way" ref="1304077114" role=""/>
  <member type="way" ref="262056478" role=""/>
  <member type="way" ref="952755918" role=""/>
  <member type="way" ref="952755917" role=""/>
  <member type="way" ref="952755914" role=""/>
  <member type="way" ref="952755913" role=""/>
  <member type="way" ref="952755910" role=""/>
  <member type="way" ref="952755909" role=""/>
  <member type="way" ref="953808811" role=""/>
  <member type="way" ref="953808808" role=""/>
  <member type="way" ref="739752557" role=""/>
  <member type="way" ref="739752555" role=""/>
  <member type="way" ref="739752554" role=""/>
  <member type="way" ref="739752553" role=""/>
  <member type="way" ref="739752552" role=""/>
  <member type="way" ref="739752550" role=""/>
  <member type="way" ref="739752551" role=""/>
  <member type="way" ref="739752549" role=""/>
  <member type="way" ref="239268521" role=""/>
  <member type="way" ref="24463512" role=""/>
  <member type="way" ref="24463829" role=""/>
  <member type="way" ref="739752548" role=""/>
  <member type="way" ref="691203561" role=""/>
  <member type="way" ref="691203560" role=""/>
  <member type="way" ref="24463812" role=""/>
  <member type="way" ref="677207839" role=""/>
  <member type="way" ref="677207840" role=""/>
  <member type="way" ref="1304077117" role=""/>
  <member type="way" ref="677207852" role=""/>
  <member type="way" ref="24463666" role=""/>
  <member type="way" ref="24463399" role=""/>
  <member type="way" ref="244156676" role=""/>
  <member type="way" ref="795388086" role=""/>
  <member type="way" ref="1304077093" role=""/>
  <member type="way" ref="995910787" role=""/>
  <member type="way" ref="1488448663" role=""/>
  <member type="way" ref="1488448664" role=""/>
  <member type="way" ref="995910786" role=""/>
  <member type="way" ref="1487544142" role=""/>
  <member type="way" ref="1487544141" role=""/>
  <member type="way" ref="795388085" role=""/>
  <member type="way" ref="795388087" role=""/>
  <member type="way" ref="795388088" role=""/>
  <member type="way" ref="795388089" role=""/>
  <member type="way" ref="795388090" role=""/>
  <member type="way" ref="795388091" role=""/>
  <member type="way" ref="795388092" role=""/>
  <member type="way" ref="795388093" role=""/>
  <member type="way" ref="795388094" role=""/>
  <member type="way" ref="795388095" role=""/>
  <member type="way" ref="987829648" role=""/>
  <member type="way" ref="987829647" role=""/>
  <member type="way" ref="795388096" role=""/>
  <member type="way" ref="795388097" role=""/>
  <member type="way" ref="922081147" role=""/>
  <member type="way" ref="922081149" role=""/>
  <member type="way" ref="795388098" role=""/>
  <member type="way" ref="922081145" role=""/>
  <member type="way" ref="922081140" role=""/>
  <member type="way" ref="795388099" role=""/>
  <member type="way" ref="795388100" role=""/>
  <member type="way" ref="795388101" role=""/>
  <member type="way" ref="795388102" role=""/>
  <member type="way" ref="1488673437" role=""/>
  <member type="way" ref="1488673438" role=""/>
  <member type="way" ref="795388103" role=""/>
  <member type="way" ref="549070617" role=""/>
  <member type="way" ref="1304077119" role=""/>
  <member type="way" ref="315267729" role=""/>
  <member type="way" ref="315267726" role=""/>
  <member type="way" ref="795388058" role=""/>
  <member type="way" ref="795388057" role=""/>
  <member type="way" ref="688259627" role=""/>
  <member type="way" ref="688259626" role=""/>
  <member type="way" ref="688259625" role=""/>
  <member type="way" ref="688259624" role=""/>
  <member type="way" ref="1123389990" role=""/>
  <member type="way" ref="1123389989" role=""/>
  <member type="way" ref="76845678" role=""/>
  <member type="way" ref="24463427" role=""/>
  <member type="way" ref="812448200" role=""/>
  <member type="way" ref="812448199" role=""/>
  <member type="way" ref="24463599" role=""/>
  <member type="way" ref="24463447" role=""/>
  <member type="way" ref="795388054" role=""/>
  <member type="way" ref="795388053" role=""/>
  <member type="way" ref="24463628" role=""/>
  <member type="way" ref="809951062" role=""/>
  <member type="way" ref="809951065" role=""/>
  <member type="way" ref="224443426" role=""/>
  <member type="way" ref="809951078" role=""/>
  <member type="way" ref="809951077" role=""/>
  <member type="way" ref="224443427" role=""/>
  <member type="way" ref="809951060" role=""/>
  <member type="way" ref="809951061" role=""/>
  <member type="way" ref="309682090" role=""/>
  <member type="way" ref="24463809" role=""/>
  <member type="way" ref="24463728" role=""/>
  <member type="way" ref="922081190" role=""/>
  <member type="way" ref="922081194" role=""/>
  <member type="way" ref="922081193" role=""/>
  <member type="way" ref="922081191" role=""/>
  <member type="way" ref="309682089" role=""/>
  <member type="way" ref="309842826" role=""/>
  <member type="way" ref="922081201" role=""/>
  <member type="way" ref="922081200" role=""/>
  <member type="way" ref="922081182" role=""/>
  <member type="way" ref="922081181" role=""/>
  <member type="way" ref="922081188" role=""/>
  <member type="way" ref="922081187" role=""/>
  <member type="way" ref="922081179" role=""/>
  <member type="way" ref="922081178" role=""/>
  <member type="way" ref="922081175" role=""/>
  <member type="way" ref="922081174" role=""/>
  <member type="way" ref="24463532" role=""/>
  <member type="way" ref="24463522" role=""/>
  <member type="way" ref="1304077122" role=""/>
  <member type="way" ref="1039133443" role=""/>
  <member type="way" ref="1039133442" role=""/>
  <member type="way" ref="24463422" role=""/>
  <member type="way" ref="922086138" role=""/>
  <member type="way" ref="922172834" role=""/>
  <member type="way" ref="922172832" role=""/>
  <member type="way" ref="922086140" role=""/>
  <member type="way" ref="922172828" role=""/>
  <member type="way" ref="922172824" role=""/>
  <member type="way" ref="922172823" role=""/>
  <member type="way" ref="922172821" role=""/>
  <member type="way" ref="922172820" role=""/>
  <member type="way" ref="922172819" role=""/>
  <member type="way" ref="922172830" role=""/>
  <member type="way" ref="353175470" role=""/>
  <member type="way" ref="922172812" role=""/>
  <member type="way" ref="922172811" role=""/>
  <member type="way" ref="922172810" role=""/>
  <member type="way" ref="922172809" role=""/>
  <member type="way" ref="922220424" role=""/>
  <member type="way" ref="922220423" role=""/>
  <member type="way" ref="922220420" role=""/>
  <member type="way" ref="922220419" role=""/>
  <member type="way" ref="922220416" role=""/>
  <member type="way" ref="1486850406" role=""/>
  <member type="way" ref="1486850405" role=""/>
  <member type="way" ref="922220415" role=""/>
  <member type="way" ref="24463654" role=""/>
  <member type="way" ref="1049234101" role=""/>
  <member type="way" ref="1049234100" role=""/>
  <member type="way" ref="922220411" role=""/>
  <member type="way" ref="922220412" role=""/>
  <member type="way" ref="1304077095" role=""/>
  <member type="way" ref="922220408" role=""/>
  <member type="way" ref="922220407" role=""/>
  <member type="way" ref="921841252" role=""/>
  <member type="way" ref="921841251" role=""/>
  <member type="way" ref="24463451" role=""/>
  <member type="way" ref="1304077097" role=""/>
  <member type="way" ref="921812879" role=""/>
  <member type="way" ref="352908150" role=""/>
  <member type="way" ref="1304077124" role=""/>
  <member type="way" ref="922233530" role=""/>
  <member type="way" ref="1100561653" role=""/>
  <member type="way" ref="1304077099" role=""/>
  <member type="way" ref="1109085494" role=""/>
  <member type="way" ref="1109085497" role=""/>
  <member type="way" ref="1109085499" role=""/>
  <member type="way" ref="1109085498" role=""/>
  <member type="way" ref="1109085505" role=""/>
  <member type="way" ref="1109085504" role=""/>
  <member type="way" ref="1304077126" role=""/>
  <member type="way" ref="1105571381" role=""/>
  <member type="way" ref="353740990" role=""/>
  <member type="way" ref="1304077130" role=""/>
  <member type="way" ref="1153075298" role=""/>
  <member type="way" ref="1104487011" role=""/>
  <member type="way" ref="1104487010" role=""/>
  <member type="way" ref="1104100867" role=""/>
  <member type="way" ref="1104100866" role=""/>
  <member type="way" ref="1104100861" role=""/>
  <member type="way" ref="1104100860" role=""/>
  <member type="way" ref="1100877849" role=""/>
  <member type="way" ref="1100877848" role=""/>
  <member type="way" ref="1304077133" role=""/>
  <member type="way" ref="1099721345" role=""/>
  <member type="way" ref="1099721344" role=""/>
  <member type="way" ref="24463565" role=""/>
  <member type="way" ref="1099721349" role=""/>
  <member type="way" ref="1099721348" role=""/>
  <member type="way" ref="1099721355" role=""/>
  <member type="way" ref="1099721354" role=""/>
  <member type="way" ref="1068317865" role=""/>
  <member type="way" ref="1068317858" role=""/>
  <member type="way" ref="1068317857" role=""/>
  <member type="way" ref="1068317866" role=""/>
  <member type="way" ref="1068317863" role=""/>
  <member type="way" ref="1068317864" role=""/>
  <member type="way" ref="1153318078" role=""/>
  <member type="way" ref="1153318077" role=""/>
  <member type="way" ref="1153318076" role=""/>
  <member type="way" ref="1153318075" role=""/>
  <member type="way" ref="1153318074" role=""/>
  <member type="way" ref="1153318073" role=""/>
  <member type="way" ref="1153318072" role=""/>
  <member type="way" ref="1153318079" role=""/>
  <member type="way" ref="24463469" role=""/>
  <member type="way" ref="437903111" role=""/>
  <member type="way" ref="1088849852" role=""/>
  <member type="way" ref="1088849851" role=""/>
  <member type="way" ref="1088545531" role=""/>
  <member type="way" ref="1088545530" role=""/>
  <member type="way" ref="1088304749" role=""/>
  <member type="way" ref="1088204941" role=""/>
  <member type="way" ref="1088204945" role=""/>
  <member type="way" ref="1088204936" role=""/>
  <member type="way" ref="1088204935" role=""/>
  <member type="way" ref="24463420" role=""/>
  <member type="way" ref="1087789386" role=""/>
  <member type="way" ref="1087789385" role=""/>
  <member type="way" ref="605953537" role=""/>
  <member type="way" ref="1087353540" role=""/>
  <member type="way" ref="1087353539" role=""/>
  <member type="way" ref="1304077100" role=""/>
  <member type="way" ref="258640542" role=""/>
  <member type="way" ref="1087094899" role=""/>
  <member type="way" ref="1087094900" role=""/>
  <member type="way" ref="1087094903" role=""/>
  <member type="way" ref="1087094902" role=""/>
  <member type="way" ref="1086993574" role=""/>
  <member type="way" ref="1086993573" role=""/>
  <member type="way" ref="1304077136" role=""/>
  <member type="way" ref="1086529073" role=""/>
  <member type="way" ref="1086529072" role=""/>
  <member type="way" ref="24463412" role=""/>
  <member type="way" ref="233103982" role=""/>
  <member type="way" ref="1304077102" role=""/>
  <member type="way" ref="233103980" role=""/>
  <member type="way" ref="1082771539" role=""/>
  <member type="way" ref="1082771538" role=""/>
  <member type="way" ref="1052044203" role=""/>
  <member type="way" ref="1052044202" role=""/>
  <member type="way" ref="1052044201" role=""/>
  <member type="way" ref="1304077139" role=""/>
  <member type="way" ref="1082551566" role=""/>
  <member type="way" ref="1082551565" role=""/>
  <member type="way" ref="1082538795" role=""/>
  <member type="way" ref="1082538797" role=""/>
  <member type="way" ref="1082418075" role=""/>
  <member type="way" ref="922487668" role=""/>
  <member type="way" ref="922487667" role=""/>
  <member type="way" ref="1082292856" role=""/>
  <member type="way" ref="1082292855" role=""/>
  <member type="way" ref="24463670" role=""/>
  <member type="way" ref="922487675" role=""/>
  <member type="way" ref="1304077137" role=""/>
  <member type="way" ref="922484019" role=""/>
  <member type="way" ref="922484018" role=""/>
  <member type="way" ref="1080637183" role=""/>
  <member type="way" ref="1080637182" role=""/>
  <member type="way" ref="1080637185" role=""/>
  <member type="way" ref="1080637184" role=""/>
  <member type="way" ref="255908767" role=""/>
  <member type="way" ref="1080140684" role=""/>
  <member type="way" ref="1080140683" role=""/>
  <member type="way" ref="1304077103" role=""/>
  <member type="way" ref="24463428" role=""/>
  <member type="way" ref="1080315000" role=""/>
  <member type="way" ref="1080314999" role=""/>
  <member type="way" ref="1079871868" role=""/>
  <member type="way" ref="1079871867" role=""/>
  <member type="way" ref="1080315010" role=""/>
  <member type="way" ref="1080315009" role=""/>
  <member type="way" ref="1079871872" role=""/>
  <member type="way" ref="1079871871" role=""/>
  <member type="way" ref="1079871874" role=""/>
  <member type="way" ref="24463727" role=""/>
  <member type="way" ref="256448201" role=""/>
  <member type="way" ref="256448202" role=""/>
  <member type="way" ref="1080073716" role=""/>
  <member type="way" ref="1080073715" role=""/>
  <member type="way" ref="256448227" role=""/>
  <member type="way" ref="1138943748" role=""/>
  <member type="way" ref="1138943747" role=""/>
  <member type="way" ref="1143814124" role=""/>
  <member type="way" ref="1143814123" role=""/>
  <member type="way" ref="1304077105" role=""/>
  <member type="way" ref="1143990323" role=""/>
  <member type="way" ref="1143990322" role=""/>
  <member type="way" ref="852176586" role=""/>
  <member type="way" ref="1146022747" role=""/>
  <member type="way" ref="1146022735" role=""/>
  <member type="way" ref="1146022734" role=""/>
  <member type="way" ref="1146885736" role=""/>
  <member type="way" ref="1146885735" role=""/>
  <member type="way" ref="1146022746" role=""/>
  <member type="way" ref="921787241" role=""/>
  <member type="way" ref="182892292" role=""/>
  <member type="way" ref="183088062" role=""/>
  <member type="way" ref="183088063" role=""/>
  <member type="way" ref="1150193586" role=""/>
  <member type="way" ref="183088064" role=""/>
  <member type="way" ref="183569575" role=""/>
  <member type="way" ref="183569576" role=""/>
  <member type="way" ref="183380288" role=""/>
  <member type="way" ref="183380289" role=""/>
  <member type="way" ref="59143067" role=""/>
  <member type="way" ref="59143359" role=""/>
  <member type="way" ref="59143362" role=""/>
  <member type="way" ref="183380290" role=""/>
  <member type="way" ref="864581204" role=""/>
  <member type="way" ref="864581203" role=""/>
  <member type="way" ref="183380291" role=""/>
  <member type="way" ref="183380258" role=""/>
  <member type="way" ref="183380259" role=""/>
  <tag k="colour" v="#0073bc"/>
  <tag k="from" v="下関"/>
  <tag k="from:en" v="Shimonoseki"/>
  <tag k="from:ja-Latn" v="Shimonoseki"/>
  <tag k="name" v="山陽本線 (下関 =&gt; 岩国)"/>
  <tag k="name:en" v="San'yō Main Line (Shimonoseki =&gt; Iwakuni)"/>
  <tag k="name:ja-Latn" v="San'yō-honsen (Shimonoseki =&gt; Iwakuni)"/>
  <tag k="operator" v="西日本旅客鉄道"/>
  <tag k="operator:en" v="West Japan Railway Company"/>
  <tag k="public_transport:version" v="2"/>
  <tag k="route" v="train"/>
  <tag k="to" v="岩国"/>
  <tag k="to:en" v="Iwakuni"/>
  <tag k="to:ja-Latn" v="Iwakuni"/>
  <tag k="type" v="route"/>
  <tag k="wikidata" v="Q1193436"/>
  <tag k="wikipedia" v="ja:山陽本線"/>
 </relation>
 <relation id="17880116" visible="true" version="7" changeset="179827253" timestamp="2026-03-13T20:07:50Z" user="foldedbike" uid="23754301">
  <member type="node" ref="8058594148" role="stop"/>
  <member type="node" ref="265923193" role="stop"/>
  <member type="node" ref="265923961" role="stop"/>
  <member type="node" ref="2618128819" role="stop"/>
  <member type="node" ref="8563982659" role="stop"/>
  <member type="node" ref="265929116" role="stop"/>
  <member type="node" ref="265932766" role="stop"/>
  <member type="node" ref="265932325" role="stop"/>
  <member type="node" ref="12076837515" role="stop"/>
  <member type="node" ref="9968405982" role="stop"/>
  <member type="node" ref="265928441" role="stop"/>
  <member type="node" ref="10067455182" role="stop"/>
  <member type="node" ref="12076837512" role="stop"/>
  <member type="node" ref="10072514713" role="stop"/>
  <member type="node" ref="266055064" role="stop"/>
  <member type="node" ref="265932322" role="stop"/>
  <member type="node" ref="8558103236" role="stop"/>
  <member type="node" ref="8561516022" role="stop"/>
  <member type="node" ref="8561205270" role="stop"/>
  <member type="node" ref="8560452393" role="stop"/>
  <member type="node" ref="7439336854" role="stop"/>
  <member type="node" ref="7439336859" role="stop"/>
  <member type="node" ref="7439336861" role="stop"/>
  <member type="node" ref="265934500" role="stop"/>
  <member type="node" ref="265934035" role="stop"/>
  <member type="node" ref="265934699" role="stop"/>
  <member type="node" ref="265933156" role="stop"/>
  <member type="node" ref="2701439358" role="stop"/>
  <member type="node" ref="2758430166" role="stop"/>
  <member type="node" ref="8559901433" role="stop"/>
  <member type="node" ref="265937346" role="stop"/>
  <member type="node" ref="265936875" role="stop"/>
  <member type="node" ref="6926520708" role="stop"/>
  <member type="node" ref="265937026" role="stop"/>
  <member type="node" ref="265936870" role="stop"/>
  <member type="node" ref="6872880131" role="stop"/>
  <member type="way" ref="24463833" role=""/>
  <member type="way" ref="24463641" role=""/>
  <member type="way" ref="34583036" role=""/>
  <member type="way" ref="34583037" role=""/>
  <member type="way" ref="183380294" role=""/>
  <member type="way" ref="183380300" role=""/>
  <member type="way" ref="59143385" role=""/>
  <member type="way" ref="59143391" role=""/>
  <member type="way" ref="59143864" role=""/>
  <member type="way" ref="59244007" role=""/>
  <member type="way" ref="59244008" role=""/>
  <member type="way" ref="183569577" role=""/>
  <member type="way" ref="1150193588" role=""/>
  <member type="way" ref="1150193587" role=""/>
  <member type="way" ref="183569578" role=""/>
  <member type="way" ref="24463444" role=""/>
  <member type="way" ref="1146022745" role=""/>
  <member type="way" ref="1146885738" role=""/>
  <member type="way" ref="1146885737" role=""/>
  <member type="way" ref="1146022733" role=""/>
  <member type="way" ref="1146022732" role=""/>
  <member type="way" ref="1146022744" role=""/>
  <member type="way" ref="24463836" role=""/>
  <member type="way" ref="1143990319" role=""/>
  <member type="way" ref="1143990318" role=""/>
  <member type="way" ref="24463585" role=""/>
  <member type="way" ref="1143814121" role=""/>
  <member type="way" ref="1143814120" role=""/>
  <member type="way" ref="1138943750" role=""/>
  <member type="way" ref="1138943749" role=""/>
  <member type="way" ref="24463835" role=""/>
  <member type="way" ref="1080073714" role=""/>
  <member type="way" ref="1080073713" role=""/>
  <member type="way" ref="256448205" role=""/>
  <member type="way" ref="256448203" role=""/>
  <member type="way" ref="24463716" role=""/>
  <member type="way" ref="1079871873" role=""/>
  <member type="way" ref="1079871870" role=""/>
  <member type="way" ref="1079871869" role=""/>
  <member type="way" ref="1079871866" role=""/>
  <member type="way" ref="1080315012" role=""/>
  <member type="way" ref="1080315011" role=""/>
  <member type="way" ref="1079871865" role=""/>
  <member type="way" ref="1080315002" role=""/>
  <member type="way" ref="1080315001" role=""/>
  <member type="way" ref="255908797" role=""/>
  <member type="way" ref="1304077104" role=""/>
  <member type="way" ref="1080140686" role=""/>
  <member type="way" ref="1080140685" role=""/>
  <member type="way" ref="24463823" role=""/>
  <member type="way" ref="1080637187" role=""/>
  <member type="way" ref="1080637186" role=""/>
  <member type="way" ref="1080637181" role=""/>
  <member type="way" ref="1080637180" role=""/>
  <member type="way" ref="922484017" role=""/>
  <member type="way" ref="922484020" role=""/>
  <member type="way" ref="1304077138" role=""/>
  <member type="way" ref="922487674" role=""/>
  <member type="way" ref="922487673" role=""/>
  <member type="way" ref="922487669" role=""/>
  <member type="way" ref="1082292858" role=""/>
  <member type="way" ref="1082292857" role=""/>
  <member type="way" ref="922487666" role=""/>
  <member type="way" ref="1082418076" role=""/>
  <member type="way" ref="1082418074" role=""/>
  <member type="way" ref="24463640" role=""/>
  <member type="way" ref="1082538794" role=""/>
  <member type="way" ref="1082551568" role=""/>
  <member type="way" ref="1082551567" role=""/>
  <member type="way" ref="1082538796" role=""/>
  <member type="way" ref="24463779" role=""/>
  <member type="way" ref="24463632" role=""/>
  <member type="way" ref="1052038782" role=""/>
  <member type="way" ref="1052038783" role=""/>
  <member type="way" ref="1082771537" role=""/>
  <member type="way" ref="1082771536" role=""/>
  <member type="way" ref="24463605" role=""/>
  <member type="way" ref="24463441" role=""/>
  <member type="way" ref="233103979" role=""/>
  <member type="way" ref="233103981" role=""/>
  <member type="way" ref="24463396" role=""/>
  <member type="way" ref="1086529070" role=""/>
  <member type="way" ref="1086529071" role=""/>
  <member type="way" ref="24463629" role=""/>
  <member type="way" ref="24463483" role=""/>
  <member type="way" ref="605295115" role=""/>
  <member type="way" ref="1086993572" role=""/>
  <member type="way" ref="1087094905" role=""/>
  <member type="way" ref="1087094904" role=""/>
  <member type="way" ref="1086993571" role=""/>
  <member type="way" ref="1087094901" role=""/>
  <member type="way" ref="1087094898" role=""/>
  <member type="way" ref="605295133" role=""/>
  <member type="way" ref="1304077101" role=""/>
  <member type="way" ref="258640547" role=""/>
  <member type="way" ref="1087353538" role=""/>
  <member type="way" ref="1087789384" role=""/>
  <member type="way" ref="1088204934" role=""/>
  <member type="way" ref="1088204933" role=""/>
  <member type="way" ref="1304077135" role=""/>
  <member type="way" ref="1088204938" role=""/>
  <member type="way" ref="1088204937" role=""/>
  <member type="way" ref="1088204939" role=""/>
  <member type="way" ref="1088204940" role=""/>
  <member type="way" ref="1088545533" role=""/>
  <member type="way" ref="1088545532" role=""/>
  <member type="way" ref="1088849854" role=""/>
  <member type="way" ref="1088849853" role=""/>
  <member type="way" ref="438348396" role=""/>
  <member type="way" ref="438348395" role=""/>
  <member type="way" ref="24463462" role=""/>
  <member type="way" ref="24463741" role=""/>
  <member type="way" ref="24463652" role=""/>
  <member type="way" ref="24463614" role=""/>
  <member type="way" ref="1068317860" role=""/>
  <member type="way" ref="1068317859" role=""/>
  <member type="way" ref="1068317862" role=""/>
  <member type="way" ref="1068317861" role=""/>
  <member type="way" ref="24463456" role=""/>
  <member type="way" ref="1068317867" role=""/>
  <member type="way" ref="1099721352" role=""/>
  <member type="way" ref="1099721353" role=""/>
  <member type="way" ref="1099721350" role=""/>
  <member type="way" ref="1099721351" role=""/>
  <member type="way" ref="1068317868" role=""/>
  <member type="way" ref="1099721346" role=""/>
  <member type="way" ref="1099721347" role=""/>
  <member type="way" ref="1304077134" role=""/>
  <member type="way" ref="1100877851" role=""/>
  <member type="way" ref="1100877850" role=""/>
  <member type="way" ref="1104100865" role=""/>
  <member type="way" ref="1104100863" role=""/>
  <member type="way" ref="1104100862" role=""/>
  <member type="way" ref="1104100864" role=""/>
  <member type="way" ref="1104487013" role=""/>
  <member type="way" ref="1104487012" role=""/>
  <member type="way" ref="24463827" role=""/>
  <member type="way" ref="1304077132" role=""/>
  <member type="way" ref="24463413" role=""/>
  <member type="way" ref="1105571383" role=""/>
  <member type="way" ref="1105571382" role=""/>
  <member type="way" ref="1153075301" role=""/>
  <member type="way" ref="1153075300" role=""/>
  <member type="way" ref="1304077127" role=""/>
  <member type="way" ref="1109085503" role=""/>
  <member type="way" ref="1109085502" role=""/>
  <member type="way" ref="1109085501" role=""/>
  <member type="way" ref="1109085500" role=""/>
  <member type="way" ref="1109085496" role=""/>
  <member type="way" ref="1109085495" role=""/>
  <member type="way" ref="24463613" role=""/>
  <member type="way" ref="24463801" role=""/>
  <member type="way" ref="24463430" role=""/>
  <member type="way" ref="1304077125" role=""/>
  <member type="way" ref="24463433" role=""/>
  <member type="way" ref="921812878" role=""/>
  <member type="way" ref="1304077098" role=""/>
  <member type="way" ref="367741263" role=""/>
  <member type="way" ref="921841250" role=""/>
  <member type="way" ref="921841249" role=""/>
  <member type="way" ref="922220405" role=""/>
  <member type="way" ref="1304077096" role=""/>
  <member type="way" ref="922220406" role=""/>
  <member type="way" ref="922220409" role=""/>
  <member type="way" ref="1049234103" role=""/>
  <member type="way" ref="1049234102" role=""/>
  <member type="way" ref="922220410" role=""/>
  <member type="way" ref="922220413" role=""/>
  <member type="way" ref="1486850407" role=""/>
  <member type="way" ref="1486850408" role=""/>
  <member type="way" ref="922220414" role=""/>
  <member type="way" ref="922220418" role=""/>
  <member type="way" ref="922220417" role=""/>
  <member type="way" ref="922220422" role=""/>
  <member type="way" ref="922220421" role=""/>
  <member type="way" ref="1304077094" role=""/>
  <member type="way" ref="922173164" role=""/>
  <member type="way" ref="922173163" role=""/>
  <member type="way" ref="922173162" role=""/>
  <member type="way" ref="353175471" role=""/>
  <member type="way" ref="922172816" role=""/>
  <member type="way" ref="922172817" role=""/>
  <member type="way" ref="922172818" role=""/>
  <member type="way" ref="922172822" role=""/>
  <member type="way" ref="922172826" role=""/>
  <member type="way" ref="922172825" role=""/>
  <member type="way" ref="922172827" role=""/>
  <member type="way" ref="922172829" role=""/>
  <member type="way" ref="922172831" role=""/>
  <member type="way" ref="922172833" role=""/>
  <member type="way" ref="922086139" role=""/>
  <member type="way" ref="1039133447" role=""/>
  <member type="way" ref="1039133446" role=""/>
  <member type="way" ref="1304077123" role=""/>
  <member type="way" ref="922081173" role=""/>
  <member type="way" ref="922081172" role=""/>
  <member type="way" ref="922081177" role=""/>
  <member type="way" ref="922081176" role=""/>
  <member type="way" ref="922081186" role=""/>
  <member type="way" ref="922081185" role=""/>
  <member type="way" ref="922081202" role=""/>
  <member type="way" ref="922081180" role=""/>
  <member type="way" ref="922081183" role=""/>
  <member type="way" ref="922081184" role=""/>
  <member type="way" ref="922081199" role=""/>
  <member type="way" ref="922081198" role=""/>
  <member type="way" ref="922081197" role=""/>
  <member type="way" ref="922081196" role=""/>
  <member type="way" ref="922081192" role=""/>
  <member type="way" ref="922081195" role=""/>
  <member type="way" ref="922081189" role=""/>
  <member type="way" ref="795388060" role=""/>
  <member type="way" ref="1304077121" role=""/>
  <member type="way" ref="809951059" role=""/>
  <member type="way" ref="809951058" role=""/>
  <member type="way" ref="795388061" role=""/>
  <member type="way" ref="809951076" role=""/>
  <member type="way" ref="809951079" role=""/>
  <member type="way" ref="795388062" role=""/>
  <member type="way" ref="809951064" role=""/>
  <member type="way" ref="809951063" role=""/>
  <member type="way" ref="795388063" role=""/>
  <member type="way" ref="795388055" role=""/>
  <member type="way" ref="795388056" role=""/>
  <member type="way" ref="795388064" role=""/>
  <member type="way" ref="795388065" role=""/>
  <member type="way" ref="812448198" role=""/>
  <member type="way" ref="812448201" role=""/>
  <member type="way" ref="795388079" role=""/>
  <member type="way" ref="795388080" role=""/>
  <member type="way" ref="1123389988" role=""/>
  <member type="way" ref="1123389987" role=""/>
  <member type="way" ref="795388081" role=""/>
  <member type="way" ref="795388082" role=""/>
  <member type="way" ref="795388083" role=""/>
  <member type="way" ref="795388084" role=""/>
  <member type="way" ref="795388059" role=""/>
  <member type="way" ref="315267723" role=""/>
  <member type="way" ref="549070635" role=""/>
  <member type="way" ref="314269613" role=""/>
  <member type="way" ref="77124236" role=""/>
  <member type="way" ref="24463503" role=""/>
  <member type="way" ref="1304077120" role=""/>
  <member type="way" ref="24463803" role=""/>
  <member type="way" ref="686679425" role=""/>
  <member type="way" ref="1488673436" role=""/>
  <member type="way" ref="1488673435" role=""/>
  <member type="way" ref="24463417" role=""/>
  <member type="way" ref="687868938" role=""/>
  <member type="way" ref="687868927" role=""/>
  <member type="way" ref="24463446" role=""/>
  <member type="way" ref="922081142" role=""/>
  <member type="way" ref="922081143" role=""/>
  <member type="way" ref="24463405" role=""/>
  <member type="way" ref="922081151" role=""/>
  <member type="way" ref="922081150" role=""/>
  <member type="way" ref="24463831" role=""/>
  <member type="way" ref="545806330" role=""/>
  <member type="way" ref="987829650" role=""/>
  <member type="way" ref="987829649" role=""/>
  <member type="way" ref="545806331" role=""/>
  <member type="way" ref="545806332" role=""/>
  <member type="way" ref="545806333" role=""/>
  <member type="way" ref="545806334" role=""/>
  <member type="way" ref="545806335" role=""/>
  <member type="way" ref="231985718" role=""/>
  <member type="way" ref="231985716" role=""/>
  <member type="way" ref="24463453" role=""/>
  <member type="way" ref="24463636" role=""/>
  <member type="way" ref="231985717" role=""/>
  <member type="way" ref="1487544139" role=""/>
  <member type="way" ref="1487544140" role=""/>
  <member type="way" ref="1487544137" role=""/>
  <member type="way" ref="1487544138" role=""/>
  <member type="way" ref="231985719" role=""/>
  <member type="way" ref="1488448666" role=""/>
  <member type="way" ref="1488448665" role=""/>
  <member type="way" ref="995910789" role=""/>
  <member type="way" ref="995910788" role=""/>
  <member type="way" ref="270880386" role=""/>
  <member type="way" ref="270880385" role=""/>
  <member type="way" ref="270880384" role=""/>
  <member type="way" ref="677207853" role=""/>
  <member type="way" ref="1304077118" role=""/>
  <member type="way" ref="677207854" role=""/>
  <member type="way" ref="739752545" role=""/>
  <member type="way" ref="739752547" role=""/>
  <member type="way" ref="739752546" role=""/>
  <member type="way" ref="24463559" role=""/>
  <member type="way" ref="239268514" role=""/>
  <member type="way" ref="686349442" role=""/>
  <member type="way" ref="1304077116" role=""/>
  <member type="way" ref="239268515" role=""/>
  <member type="way" ref="239268518" role=""/>
  <member type="way" ref="239268516" role=""/>
  <member type="way" ref="239268519" role=""/>
  <member type="way" ref="239268517" role=""/>
  <member type="way" ref="264748719" role=""/>
  <member type="way" ref="264748718" role=""/>
  <member type="way" ref="262056480" role=""/>
  <member type="way" ref="953808809" role=""/>
  <member type="way" ref="953808810" role=""/>
  <member type="way" ref="952755912" role=""/>
  <member type="way" ref="952755911" role=""/>
  <member type="way" ref="952755916" role=""/>
  <member type="way" ref="952755915" role=""/>
  <member type="way" ref="952755920" role=""/>
  <member type="way" ref="952755919" role=""/>
  <member type="way" ref="739752556" role=""/>
  <member type="way" ref="24463587" role=""/>
  <member type="way" ref="1304077115" role=""/>
  <member type="way" ref="24463626" role=""/>
  <member type="way" ref="263622199" role=""/>
  <member type="way" ref="263622198" role=""/>
  <member type="way" ref="262099604" role=""/>
  <member type="way" ref="262099603" role=""/>
  <member type="way" ref="267013720" role=""/>
  <member type="way" ref="267013719" role=""/>
  <member type="way" ref="262056479" role=""/>
  <member type="way" ref="1304077113" role=""/>
  <member type="way" ref="24463546" role=""/>
  <member type="way" ref="263621365" role=""/>
  <member type="way" ref="1304077111" role=""/>
  <member type="way" ref="24463649" role=""/>
  <member type="way" ref="93471482" role=""/>
  <member type="way" ref="739752573" role=""/>
  <member type="way" ref="739752572" role=""/>
  <member type="way" ref="1135829777" role=""/>
  <member type="way" ref="1135829806" role=""/>
  <member type="way" ref="1135829805" role=""/>
  <member type="way" ref="1135829778" role=""/>
  <member type="way" ref="1304077109" role=""/>
  <member type="way" ref="24463725" role=""/>
  <member type="way" ref="24463693" role=""/>
  <member type="way" ref="93471471" role=""/>
  <member type="way" ref="93471444" role=""/>
  <member type="way" ref="1304077107" role=""/>
  <member type="way" ref="24463601" role=""/>
  <member type="way" ref="24463555" role=""/>
  <member type="way" ref="290891483" role=""/>
  <member type="way" ref="290891489" role=""/>
  <member type="way" ref="290891482" role=""/>
  <member type="way" ref="290891481" role=""/>
  <member type="way" ref="267963226" role=""/>
  <member type="way" ref="267963222" role=""/>
  <member type="way" ref="733837793" role=""/>
  <member type="way" ref="733837794" role=""/>
  <member type="way" ref="733837783" role=""/>
  <member type="way" ref="290889590" role=""/>
  <member type="way" ref="290889588" role=""/>
  <member type="way" ref="290889587" role=""/>
  <member type="way" ref="733837763" role=""/>
  <tag k="colour" v="#0073bc"/>
  <tag k="from" v="岩国"/>
  <tag k="from:en" v="Iwakuni"/>
  <tag k="from:ja-Latn" v="Iwakuni"/>
  <tag k="name" v="山陽本線 (岩国 =&gt; 下関)"/>
  <tag k="name:en" v="San'yō Main Line (Iwakuni =&gt; Shimonoseki)"/>
  <tag k="name:ja-Latn" v="San'yō-honsen (Iwakuni =&gt; Shimonoseki)"/>
  <tag k="operator" v="西日本旅客鉄道"/>
  <tag k="operator:en" v="West Japan Railway Company"/>
  <tag k="public_transport:version" v="2"/>
  <tag k="route" v="train"/>
  <tag k="to" v="下関"/>
  <tag k="to:en" v="Shimonoseki"/>
  <tag k="to:ja-Latn" v="Shimonoseki"/>
  <tag k="type" v="route"/>
 </relation>
</osm>
