<?xml version="1.0" encoding="UTF-8"?>
<osm version="0.6" generator="openstreetmap-cgimap 2.1.0 (244680 spike-07.openstreetmap.org)" copyright="OpenStreetMap and contributors" attribution="http://www.openstreetmap.org/copyright" license="http://opendatacommons.org/licenses/odbl/1-0/">
 <bounds minlat="34.0326694" minlon="132.1547061" maxlat="34.0350861" maxlon="132.1577251"/>
 <node id="1336520289" visible="true" version="3" changeset="124034389" timestamp="2022-07-25T06:28:36Z" user="AYAGE" uid="521665" lat="34.0330948" lon="132.1596097"/>
 <node id="1336520365" visible="true" version="3" changeset="124034389" timestamp="2022-07-25T06:28:36Z" user="AYAGE" uid="521665" lat="34.0328183" lon="132.1600241"/>
 <node id="1336520420" visible="true" version="3" changeset="124034389" timestamp="2022-07-25T06:28:36Z" user="AYAGE" uid="521665" lat="34.0327906" lon="132.1530066"/>
 <node id="1336520552" visible="true" version="3" changeset="124034389" timestamp="2022-07-25T06:28:36Z" user="AYAGE" uid="521665" lat="34.0334434" lon="132.1572033"/>
 <node id="1336520652" visible="true" version="2" changeset="124034389" timestamp="2022-07-25T06:28:36Z" user="AYAGE" uid="521665" lat="34.0327840" lon="132.1526933"/>
 <node id="1336521005" visible="true" version="3" changeset="124034389" timestamp="2022-07-25T06:28:36Z" user="AYAGE" uid="521665" lat="34.0337519" lon="132.1568354"/>
 <node id="1336521021" visible="true" version="3" changeset="124034389" timestamp="2022-07-25T06:28:36Z" user="AYAGE" uid="521665" lat="34.0334259" lon="132.1583309"/>
 <node id="1336521341" visible="true" version="3" changeset="124034389" timestamp="2022-07-25T06:28:36Z" user="AYAGE" uid="521665" lat="34.0333689" lon="132.1538985"/>
 <node id="1336521684" visible="true" version="3" changeset="124034389" timestamp="2022-07-25T06:28:36Z" user="AYAGE" uid="521665" lat="34.0336337" lon="132.1558089"/>
 <node id="1336521806" visible="true" version="2" changeset="124034389" timestamp="2022-07-25T06:28:36Z" user="AYAGE" uid="521665" lat="34.0333238" lon="132.1574188"/>
 <node id="1336521926" visible="true" version="3" changeset="124034389" timestamp="2022-07-25T06:28:36Z" user="AYAGE" uid="521665" lat="34.0332595" lon="132.1585477"/>
 <node id="1336522713" visible="true" version="3" changeset="124034389" timestamp="2022-07-25T06:28:36Z" user="AYAGE" uid="521665" lat="34.0338380" lon="132.1564452"/>
 <node id="1336523530" visible="true" version="3" changeset="124034389" timestamp="2022-07-25T06:28:36Z" user="AYAGE" uid="521665" lat="34.0337711" lon="132.1560806"/>
 <node id="1336523652" visible="true" version="2" changeset="124034389" timestamp="2022-07-25T06:28:36Z" user="AYAGE" uid="521665" lat="34.0334666" lon="132.1521767"/>
 <node id="1336523744" visible="true" version="3" changeset="124034389" timestamp="2022-07-25T06:28:36Z" user="AYAGE" uid="521665" lat="34.0334547" lon="132.1540414"/>
 <node id="1336523898" visible="true" version="3" changeset="124034389" timestamp="2022-07-25T06:28:36Z" user="AYAGE" uid="521665" lat="34.0335208" lon="132.1555529"/>
 <node id="1336524023" visible="true" version="3" changeset="124034389" timestamp="2022-07-25T06:28:36Z" user="AYAGE" uid="521665" lat="34.0330490" lon="132.1587103"/>
 <node id="1336524262" visible="true" version="3" changeset="124034389" timestamp="2022-07-25T06:28:36Z" user="AYAGE" uid="521665" lat="34.0330249" lon="132.1597914"/>
 <node id="1336524695" visible="true" version="3" changeset="124034389" timestamp="2022-07-25T06:28:36Z" user="AYAGE" uid="521665" lat="34.0338178" lon="132.1561975"/>
 <node id="1336526485" visible="true" version="3" changeset="124034389" timestamp="2022-07-25T06:28:36Z" user="AYAGE" uid="521665" lat="34.0329520" lon="132.1533980"/>
 <node id="1336527035" visible="true" version="3" changeset="124034389" timestamp="2022-07-25T06:28:36Z" user="AYAGE" uid="521665" lat="34.0334947" lon="132.1554391"/>
 <node id="1336527659" visible="true" version="3" changeset="124034389" timestamp="2022-07-25T06:28:36Z" user="AYAGE" uid="521665" lat="34.0336092" lon="132.1520756"/>
 <node id="1336527814" visible="true" version="3" changeset="124034389" timestamp="2022-07-25T06:28:36Z" user="AYAGE" uid="521665" lat="34.0330606" lon="132.1593931"/>
 <node id="1336528202" visible="true" version="3" changeset="124034389" timestamp="2022-07-25T06:28:36Z" user="AYAGE" uid="521665" lat="34.0328837" lon="132.1606259"/>
 <node id="1336528419" visible="true" version="2" changeset="124034389" timestamp="2022-07-25T06:28:36Z" user="AYAGE" uid="521665" lat="34.0333198" lon="132.1575412"/>
 <node id="1336529004" visible="true" version="3" changeset="124034389" timestamp="2022-07-25T06:28:36Z" user="AYAGE" uid="521665" lat="34.0327591" lon="132.1528832"/>
 <node id="1336529028" visible="true" version="3" changeset="124034389" timestamp="2022-07-25T06:28:36Z" user="AYAGE" uid="521665" lat="34.0327564" lon="132.1527737"/>
 <node id="1336530044" visible="true" version="3" changeset="124034389" timestamp="2022-07-25T06:28:36Z" user="AYAGE" uid="521665" lat="34.0330926" lon="132.1536086"/>
 <node id="1336530252" visible="true" version="3" changeset="124034389" timestamp="2022-07-25T06:28:36Z" user="AYAGE" uid="521665" lat="34.0337078" lon="132.1520333"/>
 <node id="1336530650" visible="true" version="2" changeset="124034389" timestamp="2022-07-25T06:28:36Z" user="AYAGE" uid="521665" lat="34.0334906" lon="132.1551005"/>
 <node id="1336532515" visible="true" version="3" changeset="124034389" timestamp="2022-07-25T06:28:36Z" user="AYAGE" uid="521665" lat="34.0334576" lon="132.1580835"/>
 <node id="1336537211" visible="true" version="3" changeset="124034389" timestamp="2022-07-25T06:28:36Z" user="AYAGE" uid="521665" lat="34.0329469" lon="132.1588983"/>
 <node id="1336537478" visible="true" version="2" changeset="124034389" timestamp="2022-07-25T06:28:36Z" user="AYAGE" uid="521665" lat="34.0329651" lon="132.1591538"/>
 <node id="1336537682" visible="true" version="3" changeset="124034389" timestamp="2022-07-25T06:28:36Z" user="AYAGE" uid="521665" lat="34.0331568" lon="132.1586173"/>
 <node id="1336538875" visible="true" version="3" changeset="124034389" timestamp="2022-07-25T06:28:36Z" user="AYAGE" uid="521665" lat="34.0330683" lon="132.1525513"/>
 <node id="1336539059" visible="true" version="3" changeset="124034389" timestamp="2022-07-25T06:28:36Z" user="AYAGE" uid="521665" lat="34.0332810" lon="132.1537958"/>
 <node id="1336539444" visible="true" version="3" changeset="124034389" timestamp="2022-07-25T06:28:36Z" user="AYAGE" uid="521665" lat="34.0329340" lon="132.1525828"/>
 <node id="1336540384" visible="true" version="3" changeset="124034389" timestamp="2022-07-25T06:28:36Z" user="AYAGE" uid="521665" lat="34.0334339" lon="132.1579666"/>
 <node id="1336541714" visible="true" version="3" changeset="124034389" timestamp="2022-07-25T06:28:36Z" user="AYAGE" uid="521665" lat="34.0332267" lon="132.1524564"/>
 <node id="1336542713" visible="true" version="2" changeset="124034389" timestamp="2022-07-25T06:28:36Z" user="AYAGE" uid="521665" lat="34.0333349" lon="132.1576826"/>
 <node id="1336542954" visible="true" version="3" changeset="124034389" timestamp="2022-07-25T06:28:36Z" user="AYAGE" uid="521665" lat="34.0335305" lon="132.1543194"/>
 <node id="1336547408" visible="true" version="3" changeset="124034389" timestamp="2022-07-25T06:28:36Z" user="AYAGE" uid="521665" lat="34.0328702" lon="132.1599428"/>
 <node id="1336548178" visible="true" version="3" changeset="124034389" timestamp="2022-07-25T06:28:36Z" user="AYAGE" uid="521665" lat="34.0333878" lon="132.1522611"/>
 <node id="1336548706" visible="true" version="2" changeset="124034389" timestamp="2022-07-25T06:28:36Z" user="AYAGE" uid="521665" lat="34.0336390" lon="132.1570382"/>
 <node id="1336549195" visible="true" version="2" changeset="124034389" timestamp="2022-07-25T06:28:36Z" user="AYAGE" uid="521665" lat="34.0335411" lon="132.1544897"/>
 <node id="1336550323" visible="true" version="2" changeset="124034389" timestamp="2022-07-25T06:28:36Z" user="AYAGE" uid="521665" lat="34.0335287" lon="132.1546752"/>
 <node id="1336550757" visible="true" version="3" changeset="124034389" timestamp="2022-07-25T06:28:36Z" user="AYAGE" uid="521665" lat="34.0338244" lon="132.1565443"/>
 <node id="1336550916" visible="true" version="3" changeset="124034389" timestamp="2022-07-25T06:28:36Z" user="AYAGE" uid="521665" lat="34.0327991" lon="132.1602240"/>
 <node id="1613878731" visible="true" version="2" changeset="124030618" timestamp="2022-07-25T04:14:57Z" user="AYAGE" uid="521665" lat="34.0337913" lon="132.1578079"/>
 <node id="1613878901" visible="true" version="2" changeset="123960139" timestamp="2022-07-23T02:14:53Z" user="AYAGE" uid="521665" lat="34.0384299" lon="132.1751262"/>
 <node id="1613878913" visible="true" version="2" changeset="124061956" timestamp="2022-07-25T17:15:33Z" user="AYAGE" uid="521665" lat="34.0395759" lon="132.1452981"/>
 <node id="1615047698" visible="true" version="2" changeset="124061956" timestamp="2022-07-25T17:15:33Z" user="AYAGE" uid="521665" lat="34.0308918" lon="132.1552790"/>
 <node id="1615047750" visible="true" version="2" changeset="40652005" timestamp="2016-07-11T14:43:31Z" user="nmaruichi" uid="317331" lat="34.0328361" lon="132.1533658"/>
 <node id="1615047755" visible="true" version="1" changeset="10563494" timestamp="2012-02-02T01:29:06Z" user="yamasan" uid="32308" lat="34.0329427" lon="132.1535114"/>
 <node id="1615047761" visible="true" version="2" changeset="40652005" timestamp="2016-07-11T14:43:31Z" user="nmaruichi" uid="317331" lat="34.0331085" lon="132.1537188"/>
 <node id="1615047769" visible="true" version="2" changeset="40652005" timestamp="2016-07-11T14:43:31Z" user="nmaruichi" uid="317331" lat="34.0333899" lon="132.1540289"/>
 <node id="1615047771" visible="true" version="3" changeset="124061956" timestamp="2022-07-25T17:15:33Z" user="AYAGE" uid="521665" lat="34.0334319" lon="132.1541236"/>
 <node id="1615047772" visible="true" version="3" changeset="124061956" timestamp="2022-07-25T17:15:33Z" user="AYAGE" uid="521665" lat="34.0332745" lon="132.1543881"/>
 <node id="1615047775" visible="true" version="3" changeset="124061956" timestamp="2022-07-25T17:15:33Z" user="AYAGE" uid="521665" lat="34.0333668" lon="132.1542698"/>
 <node id="3713763032" visible="true" version="1" changeset="33573708" timestamp="2015-08-25T15:00:18Z" user="nmaruichi" uid="317331" lat="34.0328506" lon="132.1603900"/>
 <node id="3713763033" visible="true" version="2" changeset="124034389" timestamp="2022-07-25T06:28:36Z" user="AYAGE" uid="521665" lat="34.0330905" lon="132.1595137"/>
 <node id="4296624179" visible="true" version="2" changeset="124034389" timestamp="2022-07-25T06:28:36Z" user="AYAGE" uid="521665" lat="34.0328294" lon="132.1526353"/>
 <node id="4296624180" visible="true" version="2" changeset="124034389" timestamp="2022-07-25T06:28:36Z" user="AYAGE" uid="521665" lat="34.0335039" lon="132.1541805"/>
 <node id="4296624181" visible="true" version="2" changeset="124034389" timestamp="2022-07-25T06:28:36Z" user="AYAGE" uid="521665" lat="34.0333014" lon="132.1523749"/>
 <node id="4296624182" visible="true" version="1" changeset="40652005" timestamp="2016-07-11T14:43:32Z" user="nmaruichi" uid="317331" lat="34.0335139" lon="132.1521391"/>
 <node id="9905203958" visible="true" version="1" changeset="123960139" timestamp="2022-07-23T02:14:53Z" user="AYAGE" uid="521665" lat="34.0387724" lon="132.1756889"/>
 <node id="9905203959" visible="true" version="1" changeset="123960139" timestamp="2022-07-23T02:14:53Z" user="AYAGE" uid="521665" lat="34.0387513" lon="132.1756285"/>
 <node id="9905203960" visible="true" version="1" changeset="123960139" timestamp="2022-07-23T02:14:53Z" user="AYAGE" uid="521665" lat="34.0386524" lon="132.1755695"/>
 <node id="9905203961" visible="true" version="1" changeset="123960139" timestamp="2022-07-23T02:14:53Z" user="AYAGE" uid="521665" lat="34.0385868" lon="132.1753818"/>
 <node id="9905203962" visible="true" version="1" changeset="123960139" timestamp="2022-07-23T02:14:53Z" user="AYAGE" uid="521665" lat="34.0385235" lon="132.1752302"/>
 <node id="9905203963" visible="true" version="1" changeset="123960139" timestamp="2022-07-23T02:14:53Z" user="AYAGE" uid="521665" lat="34.0387513" lon="132.1757452"/>
 <node id="9908658854" visible="true" version="1" changeset="124030618" timestamp="2022-07-25T04:14:57Z" user="AYAGE" uid="521665" lat="34.0336935" lon="132.1578388"/>
 <node id="9908658855" visible="true" version="1" changeset="124030618" timestamp="2022-07-25T04:14:57Z" user="AYAGE" uid="521665" lat="34.0335813" lon="132.1579568"/>
 <node id="9908658856" visible="true" version="1" changeset="124030618" timestamp="2022-07-25T04:14:57Z" user="AYAGE" uid="521665" lat="34.0336280" lon="132.1580212"/>
 <node id="9908658857" visible="true" version="1" changeset="124030618" timestamp="2022-07-25T04:14:57Z" user="AYAGE" uid="521665" lat="34.0337235" lon="132.1580467"/>
 <node id="9908658858" visible="true" version="1" changeset="124030618" timestamp="2022-07-25T04:14:57Z" user="AYAGE" uid="521665" lat="34.0338147" lon="132.1580118"/>
 <node id="9908658859" visible="true" version="1" changeset="124030618" timestamp="2022-07-25T04:14:57Z" user="AYAGE" uid="521665" lat="34.0338558" lon="132.1580520"/>
 <node id="9908658860" visible="true" version="1" changeset="124030618" timestamp="2022-07-25T04:14:57Z" user="AYAGE" uid="521665" lat="34.0338769" lon="132.1582291"/>
 <node id="9908658861" visible="true" version="1" changeset="124030618" timestamp="2022-07-25T04:14:57Z" user="AYAGE" uid="521665" lat="34.0338569" lon="132.1584919"/>
 <node id="9908658862" visible="true" version="1" changeset="124030618" timestamp="2022-07-25T04:14:57Z" user="AYAGE" uid="521665" lat="34.0337613" lon="132.1585911"/>
 <node id="9908658863" visible="true" version="1" changeset="124030618" timestamp="2022-07-25T04:14:57Z" user="AYAGE" uid="521665" lat="34.0336102" lon="132.1585509"/>
 <node id="9908658864" visible="true" version="1" changeset="124030618" timestamp="2022-07-25T04:14:57Z" user="AYAGE" uid="521665" lat="34.0332701" lon="132.1586367"/>
 <node id="9908658865" visible="true" version="1" changeset="124030618" timestamp="2022-07-25T04:14:57Z" user="AYAGE" uid="521665" lat="34.0330967" lon="132.1587869"/>
 <node id="9908658866" visible="true" version="1" changeset="124030618" timestamp="2022-07-25T04:14:57Z" user="AYAGE" uid="521665" lat="34.0330367" lon="132.1589345"/>
 <node id="9908658867" visible="true" version="1" changeset="124030618" timestamp="2022-07-25T04:14:57Z" user="AYAGE" uid="521665" lat="34.0330211" lon="132.1590793"/>
 <node id="9908658868" visible="true" version="1" changeset="124030618" timestamp="2022-07-25T04:14:57Z" user="AYAGE" uid="521665" lat="34.0331101" lon="132.1592805"/>
 <node id="9908658869" visible="true" version="1" changeset="124030618" timestamp="2022-07-25T04:14:57Z" user="AYAGE" uid="521665" lat="34.0331701" lon="132.1594870"/>
 <node id="9908658870" visible="true" version="1" changeset="124030618" timestamp="2022-07-25T04:14:57Z" user="AYAGE" uid="521665" lat="34.0331723" lon="132.1596479"/>
 <node id="9908658871" visible="true" version="1" changeset="124030618" timestamp="2022-07-25T04:14:57Z" user="AYAGE" uid="521665" lat="34.0330989" lon="132.1598196"/>
 <node id="9908658872" visible="true" version="1" changeset="124030618" timestamp="2022-07-25T04:14:57Z" user="AYAGE" uid="521665" lat="34.0329145" lon="132.1600275"/>
 <node id="9908658873" visible="true" version="1" changeset="124030618" timestamp="2022-07-25T04:14:57Z" user="AYAGE" uid="521665" lat="34.0328711" lon="132.1601374"/>
 <node id="9908658874" visible="true" version="1" changeset="124030618" timestamp="2022-07-25T04:14:57Z" user="AYAGE" uid="521665" lat="34.0328889" lon="132.1602648"/>
 <node id="9908658875" visible="true" version="1" changeset="124030618" timestamp="2022-07-25T04:14:57Z" user="AYAGE" uid="521665" lat="34.0329333" lon="132.1604486"/>
 <node id="9908658876" visible="true" version="1" changeset="124030618" timestamp="2022-07-25T04:14:57Z" user="AYAGE" uid="521665" lat="34.0330000" lon="132.1605156"/>
 <node id="9908658877" visible="true" version="1" changeset="124030618" timestamp="2022-07-25T04:14:57Z" user="AYAGE" uid="521665" lat="34.0331423" lon="132.1605036"/>
 <node id="9908658878" visible="true" version="1" changeset="124030618" timestamp="2022-07-25T04:14:57Z" user="AYAGE" uid="521665" lat="34.0332801" lon="132.1604218"/>
 <node id="9908658879" visible="true" version="1" changeset="124030618" timestamp="2022-07-25T04:14:57Z" user="AYAGE" uid="521665" lat="34.0334135" lon="132.1604888"/>
 <node id="9908658880" visible="true" version="1" changeset="124030618" timestamp="2022-07-25T04:14:57Z" user="AYAGE" uid="521665" lat="34.0334535" lon="132.1606337"/>
 <node id="9908658881" visible="true" version="1" changeset="124030618" timestamp="2022-07-25T04:14:57Z" user="AYAGE" uid="521665" lat="34.0334279" lon="132.1607892"/>
 <node id="9908658882" visible="true" version="1" changeset="124030618" timestamp="2022-07-25T04:14:57Z" user="AYAGE" uid="521665" lat="34.0333501" lon="132.1608965"/>
 <node id="9908658883" visible="true" version="1" changeset="124030618" timestamp="2022-07-25T04:14:57Z" user="AYAGE" uid="521665" lat="34.0332456" lon="132.1610105"/>
 <node id="9908658884" visible="true" version="1" changeset="124030618" timestamp="2022-07-25T04:14:57Z" user="AYAGE" uid="521665" lat="34.0331112" lon="132.1610172"/>
 <node id="9908658885" visible="true" version="1" changeset="124030618" timestamp="2022-07-25T04:14:57Z" user="AYAGE" uid="521665" lat="34.0330389" lon="132.1610843"/>
 <node id="9908658886" visible="true" version="1" changeset="124030618" timestamp="2022-07-25T04:14:57Z" user="AYAGE" uid="521665" lat="34.0330767" lon="132.1611607"/>
 <node id="9908658887" visible="true" version="1" changeset="124030618" timestamp="2022-07-25T04:14:57Z" user="AYAGE" uid="521665" lat="34.0331634" lon="132.1611728"/>
 <node id="9908658888" visible="true" version="1" changeset="124030618" timestamp="2022-07-25T04:14:57Z" user="AYAGE" uid="521665" lat="34.0332268" lon="132.1612318"/>
 <node id="9908658889" visible="true" version="1" changeset="124030618" timestamp="2022-07-25T04:14:57Z" user="AYAGE" uid="521665" lat="34.0331734" lon="132.1614316"/>
 <node id="9908658890" visible="true" version="1" changeset="124030618" timestamp="2022-07-25T04:14:57Z" user="AYAGE" uid="521665" lat="34.0330934" lon="132.1614920"/>
 <node id="9908658891" visible="true" version="1" changeset="124030618" timestamp="2022-07-25T04:14:57Z" user="AYAGE" uid="521665" lat="34.0330356" lon="132.1616569"/>
 <node id="9908658892" visible="true" version="1" changeset="124030618" timestamp="2022-07-25T04:14:57Z" user="AYAGE" uid="521665" lat="34.0329367" lon="132.1618125"/>
 <node id="9908658893" visible="true" version="1" changeset="124030618" timestamp="2022-07-25T04:14:57Z" user="AYAGE" uid="521665" lat="34.0327355" lon="132.1619399"/>
 <node id="9908658894" visible="true" version="1" changeset="124030618" timestamp="2022-07-25T04:14:57Z" user="AYAGE" uid="521665" lat="34.0326622" lon="132.1620150"/>
 <node id="9908658895" visible="true" version="1" changeset="124030618" timestamp="2022-07-25T04:14:57Z" user="AYAGE" uid="521665" lat="34.0326533" lon="132.1621115"/>
 <node id="9908658896" visible="true" version="1" changeset="124030618" timestamp="2022-07-25T04:14:57Z" user="AYAGE" uid="521665" lat="34.0325544" lon="132.1621518"/>
 <node id="9908658897" visible="true" version="1" changeset="124030618" timestamp="2022-07-25T04:14:57Z" user="AYAGE" uid="521665" lat="34.0325633" lon="132.1623100"/>
 <node id="9908658898" visible="true" version="1" changeset="124030618" timestamp="2022-07-25T04:14:57Z" user="AYAGE" uid="521665" lat="34.0326266" lon="132.1623918"/>
 <node id="9908658899" visible="true" version="1" changeset="124030618" timestamp="2022-07-25T04:14:57Z" user="AYAGE" uid="521665" lat="34.0327833" lon="132.1625125"/>
 <node id="9908658900" visible="true" version="1" changeset="124030618" timestamp="2022-07-25T04:14:57Z" user="AYAGE" uid="521665" lat="34.0328833" lon="132.1625930"/>
 <node id="9908658901" visible="true" version="1" changeset="124030618" timestamp="2022-07-25T04:14:57Z" user="AYAGE" uid="521665" lat="34.0329678" lon="132.1627378"/>
 <node id="9908658902" visible="true" version="1" changeset="124030618" timestamp="2022-07-25T04:14:57Z" user="AYAGE" uid="521665" lat="34.0330367" lon="132.1627526"/>
 <node id="9908658903" visible="true" version="1" changeset="124030618" timestamp="2022-07-25T04:14:57Z" user="AYAGE" uid="521665" lat="34.0331134" lon="132.1626896"/>
 <node id="9908658904" visible="true" version="1" changeset="124030618" timestamp="2022-07-25T04:14:57Z" user="AYAGE" uid="521665" lat="34.0332723" lon="132.1626668"/>
 <node id="9908658905" visible="true" version="1" changeset="124030618" timestamp="2022-07-25T04:14:57Z" user="AYAGE" uid="521665" lat="34.0333334" lon="132.1626788"/>
 <node id="9908658906" visible="true" version="1" changeset="124030618" timestamp="2022-07-25T04:14:57Z" user="AYAGE" uid="521665" lat="34.0333690" lon="132.1627513"/>
 <node id="9908658907" visible="true" version="1" changeset="124030618" timestamp="2022-07-25T04:14:57Z" user="AYAGE" uid="521665" lat="34.0334124" lon="132.1627057"/>
 <node id="9908658908" visible="true" version="1" changeset="124030618" timestamp="2022-07-25T04:14:57Z" user="AYAGE" uid="521665" lat="34.0334613" lon="132.1625581"/>
 <node id="9908658909" visible="true" version="1" changeset="124030618" timestamp="2022-07-25T04:14:57Z" user="AYAGE" uid="521665" lat="34.0335602" lon="132.1625206"/>
 <node id="9908658910" visible="true" version="1" changeset="124030618" timestamp="2022-07-25T04:14:57Z" user="AYAGE" uid="521665" lat="34.0336413" lon="132.1625689"/>
 <node id="9908658911" visible="true" version="1" changeset="124030618" timestamp="2022-07-25T04:14:57Z" user="AYAGE" uid="521665" lat="34.0336580" lon="132.1626855"/>
 <node id="9908658912" visible="true" version="1" changeset="124030618" timestamp="2022-07-25T04:14:57Z" user="AYAGE" uid="521665" lat="34.0336313" lon="132.1628518"/>
 <node id="9908658913" visible="true" version="1" changeset="124030618" timestamp="2022-07-25T04:14:57Z" user="AYAGE" uid="521665" lat="34.0336613" lon="132.1630168"/>
 <node id="9908658914" visible="true" version="1" changeset="124030618" timestamp="2022-07-25T04:14:57Z" user="AYAGE" uid="521665" lat="34.0336469" lon="132.1631134"/>
 <node id="9908658915" visible="true" version="1" changeset="124030618" timestamp="2022-07-25T04:14:57Z" user="AYAGE" uid="521665" lat="34.0335302" lon="132.1632341"/>
 <node id="9908658916" visible="true" version="1" changeset="124030618" timestamp="2022-07-25T04:14:57Z" user="AYAGE" uid="521665" lat="34.0334957" lon="132.1633333"/>
 <node id="9908667317" visible="true" version="1" changeset="124030618" timestamp="2022-07-25T04:14:57Z" user="AYAGE" uid="521665" lat="34.0334024" lon="132.1633829"/>
 <node id="9908667318" visible="true" version="1" changeset="124030618" timestamp="2022-07-25T04:14:57Z" user="AYAGE" uid="521665" lat="34.0333179" lon="132.1633306"/>
 <node id="9908667319" visible="true" version="1" changeset="124030618" timestamp="2022-07-25T04:14:57Z" user="AYAGE" uid="521665" lat="34.0332368" lon="132.1634245"/>
 <node id="9908667320" visible="true" version="1" changeset="124030618" timestamp="2022-07-25T04:14:57Z" user="AYAGE" uid="521665" lat="34.0332612" lon="132.1635291"/>
 <node id="9908667321" visible="true" version="1" changeset="124030618" timestamp="2022-07-25T04:14:57Z" user="AYAGE" uid="521665" lat="34.0333023" lon="132.1635345"/>
 <node id="9908667322" visible="true" version="1" changeset="124030618" timestamp="2022-07-25T04:14:57Z" user="AYAGE" uid="521665" lat="34.0334157" lon="132.1634889"/>
 <node id="9908667323" visible="true" version="1" changeset="124030618" timestamp="2022-07-25T04:14:57Z" user="AYAGE" uid="521665" lat="34.0335924" lon="132.1635170"/>
 <node id="9908667324" visible="true" version="1" changeset="124030618" timestamp="2022-07-25T04:14:57Z" user="AYAGE" uid="521665" lat="34.0337680" lon="132.1634620"/>
 <node id="9908667325" visible="true" version="1" changeset="124030618" timestamp="2022-07-25T04:14:57Z" user="AYAGE" uid="521665" lat="34.0340370" lon="132.1633320"/>
 <node id="9908667326" visible="true" version="1" changeset="124030618" timestamp="2022-07-25T04:14:57Z" user="AYAGE" uid="521665" lat="34.0341248" lon="132.1633655"/>
 <node id="9908667327" visible="true" version="1" changeset="124030618" timestamp="2022-07-25T04:14:57Z" user="AYAGE" uid="521665" lat="34.0342237" lon="132.1635626"/>
 <node id="9908667328" visible="true" version="1" changeset="124030618" timestamp="2022-07-25T04:14:57Z" user="AYAGE" uid="521665" lat="34.0343070" lon="132.1638215"/>
 <node id="9908667329" visible="true" version="1" changeset="124030618" timestamp="2022-07-25T04:14:57Z" user="AYAGE" uid="521665" lat="34.0343626" lon="132.1638644"/>
 <node id="9908667330" visible="true" version="1" changeset="124030618" timestamp="2022-07-25T04:14:57Z" user="AYAGE" uid="521665" lat="34.0344860" lon="132.1638335"/>
 <node id="9908667331" visible="true" version="1" changeset="124030618" timestamp="2022-07-25T04:14:57Z" user="AYAGE" uid="521665" lat="34.0346171" lon="132.1637048"/>
 <node id="9908667332" visible="true" version="1" changeset="124030618" timestamp="2022-07-25T04:14:57Z" user="AYAGE" uid="521665" lat="34.0348060" lon="132.1636511"/>
 <node id="9908667333" visible="true" version="1" changeset="124030618" timestamp="2022-07-25T04:14:57Z" user="AYAGE" uid="521665" lat="34.0350339" lon="132.1636914"/>
 <node id="9908667334" visible="true" version="1" changeset="124030618" timestamp="2022-07-25T04:14:57Z" user="AYAGE" uid="521665" lat="34.0351839" lon="132.1637504"/>
 <node id="9908667335" visible="true" version="1" changeset="124030618" timestamp="2022-07-25T04:14:57Z" user="AYAGE" uid="521665" lat="34.0352161" lon="132.1638805"/>
 <node id="9908667336" visible="true" version="1" changeset="124030618" timestamp="2022-07-25T04:14:57Z" user="AYAGE" uid="521665" lat="34.0353350" lon="132.1638174"/>
 <node id="9908667337" visible="true" version="1" changeset="124030618" timestamp="2022-07-25T04:14:57Z" user="AYAGE" uid="521665" lat="34.0355895" lon="132.1636847"/>
 <node id="9908667338" visible="true" version="1" changeset="124030618" timestamp="2022-07-25T04:14:57Z" user="AYAGE" uid="521665" lat="34.0356473" lon="132.1637249"/>
 <node id="9908667339" visible="true" version="1" changeset="124030618" timestamp="2022-07-25T04:14:57Z" user="AYAGE" uid="521665" lat="34.0356240" lon="132.1639341"/>
 <node id="9908667340" visible="true" version="1" changeset="124030618" timestamp="2022-07-25T04:14:57Z" user="AYAGE" uid="521665" lat="34.0356551" lon="132.1640629"/>
 <node id="9908667341" visible="true" version="1" changeset="124030618" timestamp="2022-07-25T04:14:57Z" user="AYAGE" uid="521665" lat="34.0357207" lon="132.1641433"/>
 <node id="9908667342" visible="true" version="1" changeset="124030618" timestamp="2022-07-25T04:14:57Z" user="AYAGE" uid="521665" lat="34.0357374" lon="132.1642399"/>
 <node id="9908667343" visible="true" version="1" changeset="124030618" timestamp="2022-07-25T04:14:57Z" user="AYAGE" uid="521665" lat="34.0356696" lon="132.1643499"/>
 <node id="9908667344" visible="true" version="1" changeset="124030618" timestamp="2022-07-25T04:14:57Z" user="AYAGE" uid="521665" lat="34.0357040" lon="132.1644638"/>
 <node id="9908667345" visible="true" version="1" changeset="124030618" timestamp="2022-07-25T04:14:57Z" user="AYAGE" uid="521665" lat="34.0357229" lon="132.1645913"/>
 <node id="9908667346" visible="true" version="1" changeset="124030618" timestamp="2022-07-25T04:14:57Z" user="AYAGE" uid="521665" lat="34.0356129" lon="132.1647374"/>
 <node id="9908667347" visible="true" version="1" changeset="124030618" timestamp="2022-07-25T04:14:57Z" user="AYAGE" uid="521665" lat="34.0354851" lon="132.1647683"/>
 <node id="9908667348" visible="true" version="1" changeset="124030618" timestamp="2022-07-25T04:14:57Z" user="AYAGE" uid="521665" lat="34.0353762" lon="132.1646596"/>
 <node id="9908667349" visible="true" version="1" changeset="124030618" timestamp="2022-07-25T04:14:57Z" user="AYAGE" uid="521665" lat="34.0352828" lon="132.1646798"/>
 <node id="9908667350" visible="true" version="1" changeset="124030618" timestamp="2022-07-25T04:14:57Z" user="AYAGE" uid="521665" lat="34.0352050" lon="132.1648286"/>
 <node id="9908667351" visible="true" version="1" changeset="124030618" timestamp="2022-07-25T04:14:57Z" user="AYAGE" uid="521665" lat="34.0352406" lon="132.1649574"/>
 <node id="9908667352" visible="true" version="1" changeset="124030618" timestamp="2022-07-25T04:14:57Z" user="AYAGE" uid="521665" lat="34.0352317" lon="132.1651264"/>
 <node id="9908667353" visible="true" version="1" changeset="124030618" timestamp="2022-07-25T04:14:57Z" user="AYAGE" uid="521665" lat="34.0351105" lon="132.1651907"/>
 <node id="9908667354" visible="true" version="1" changeset="124030618" timestamp="2022-07-25T04:14:57Z" user="AYAGE" uid="521665" lat="34.0349738" lon="132.1651344"/>
 <node id="9908667355" visible="true" version="1" changeset="124030618" timestamp="2022-07-25T04:14:57Z" user="AYAGE" uid="521665" lat="34.0349161" lon="132.1649520"/>
 <node id="9908667356" visible="true" version="1" changeset="124030618" timestamp="2022-07-25T04:14:57Z" user="AYAGE" uid="521665" lat="34.0347927" lon="132.1648850"/>
 <node id="9908667357" visible="true" version="1" changeset="124030618" timestamp="2022-07-25T04:14:57Z" user="AYAGE" uid="521665" lat="34.0347316" lon="132.1647213"/>
 <node id="9908667358" visible="true" version="1" changeset="124030618" timestamp="2022-07-25T04:14:57Z" user="AYAGE" uid="521665" lat="34.0347994" lon="132.1646704"/>
 <node id="9908667359" visible="true" version="1" changeset="124030618" timestamp="2022-07-25T04:14:57Z" user="AYAGE" uid="521665" lat="34.0349283" lon="132.1647146"/>
 <node id="9908667360" visible="true" version="1" changeset="124030618" timestamp="2022-07-25T04:14:57Z" user="AYAGE" uid="521665" lat="34.0349883" lon="132.1646208"/>
 <node id="9908667361" visible="true" version="1" changeset="124030618" timestamp="2022-07-25T04:14:57Z" user="AYAGE" uid="521665" lat="34.0349838" lon="132.1644893"/>
 <node id="9908667362" visible="true" version="1" changeset="124030618" timestamp="2022-07-25T04:14:57Z" user="AYAGE" uid="521665" lat="34.0349994" lon="132.1642560"/>
 <node id="9908667363" visible="true" version="1" changeset="124030618" timestamp="2022-07-25T04:14:57Z" user="AYAGE" uid="521665" lat="34.0349305" lon="132.1641567"/>
 <node id="9908667364" visible="true" version="1" changeset="124030618" timestamp="2022-07-25T04:14:57Z" user="AYAGE" uid="521665" lat="34.0347238" lon="132.1642533"/>
 <node id="9908667365" visible="true" version="1" changeset="124030618" timestamp="2022-07-25T04:14:57Z" user="AYAGE" uid="521665" lat="34.0346971" lon="132.1644920"/>
 <node id="9908667366" visible="true" version="1" changeset="124030618" timestamp="2022-07-25T04:14:57Z" user="AYAGE" uid="521665" lat="34.0346793" lon="132.1646449"/>
 <node id="9908667367" visible="true" version="1" changeset="124030618" timestamp="2022-07-25T04:14:57Z" user="AYAGE" uid="521665" lat="34.0345571" lon="132.1647227"/>
 <node id="9908667368" visible="true" version="1" changeset="124030618" timestamp="2022-07-25T04:14:57Z" user="AYAGE" uid="521665" lat="34.0344259" lon="132.1646985"/>
 <node id="9908667369" visible="true" version="1" changeset="124030618" timestamp="2022-07-25T04:14:57Z" user="AYAGE" uid="521665" lat="34.0342348" lon="132.1647012"/>
 <node id="9908667370" visible="true" version="1" changeset="124030618" timestamp="2022-07-25T04:14:57Z" user="AYAGE" uid="521665" lat="34.0339636" lon="132.1648568"/>
 <node id="9908667371" visible="true" version="1" changeset="124030618" timestamp="2022-07-25T04:14:57Z" user="AYAGE" uid="521665" lat="34.0338391" lon="132.1648702"/>
 <node id="9908667372" visible="true" version="1" changeset="124030618" timestamp="2022-07-25T04:14:57Z" user="AYAGE" uid="521665" lat="34.0337169" lon="132.1647575"/>
 <node id="9908667373" visible="true" version="1" changeset="124030618" timestamp="2022-07-25T04:14:57Z" user="AYAGE" uid="521665" lat="34.0337102" lon="132.1645832"/>
 <node id="9908667374" visible="true" version="1" changeset="124030618" timestamp="2022-07-25T04:14:57Z" user="AYAGE" uid="521665" lat="34.0337813" lon="132.1644491"/>
 <node id="9908667375" visible="true" version="1" changeset="124030618" timestamp="2022-07-25T04:14:57Z" user="AYAGE" uid="521665" lat="34.0338480" lon="132.1643123"/>
 <node id="9908667376" visible="true" version="1" changeset="124030618" timestamp="2022-07-25T04:14:57Z" user="AYAGE" uid="521665" lat="34.0337613" lon="132.1640924"/>
 <node id="9908667377" visible="true" version="1" changeset="124030618" timestamp="2022-07-25T04:14:57Z" user="AYAGE" uid="521665" lat="34.0336635" lon="132.1640360"/>
 <node id="9908667378" visible="true" version="1" changeset="124030618" timestamp="2022-07-25T04:14:57Z" user="AYAGE" uid="521665" lat="34.0335724" lon="132.1641755"/>
 <node id="9908667379" visible="true" version="1" changeset="124030618" timestamp="2022-07-25T04:14:57Z" user="AYAGE" uid="521665" lat="34.0334768" lon="132.1642265"/>
 <node id="9908667380" visible="true" version="1" changeset="124030618" timestamp="2022-07-25T04:14:57Z" user="AYAGE" uid="521665" lat="34.0333057" lon="132.1641755"/>
 <node id="9908667381" visible="true" version="1" changeset="124030618" timestamp="2022-07-25T04:14:57Z" user="AYAGE" uid="521665" lat="34.0331856" lon="132.1640307"/>
 <node id="9908667382" visible="true" version="1" changeset="124030618" timestamp="2022-07-25T04:14:57Z" user="AYAGE" uid="521665" lat="34.0330523" lon="132.1637759"/>
 <node id="9908667383" visible="true" version="1" changeset="124030618" timestamp="2022-07-25T04:14:57Z" user="AYAGE" uid="521665" lat="34.0329856" lon="132.1637249"/>
 <node id="9908667384" visible="true" version="1" changeset="124030618" timestamp="2022-07-25T04:14:57Z" user="AYAGE" uid="521665" lat="34.0328733" lon="132.1637088"/>
 <node id="9908667385" visible="true" version="1" changeset="124030618" timestamp="2022-07-25T04:14:57Z" user="AYAGE" uid="521665" lat="34.0327477" lon="132.1637651"/>
 <node id="9908667386" visible="true" version="1" changeset="124030618" timestamp="2022-07-25T04:14:57Z" user="AYAGE" uid="521665" lat="34.0326044" lon="132.1638000"/>
 <node id="9908667387" visible="true" version="1" changeset="124030618" timestamp="2022-07-25T04:14:57Z" user="AYAGE" uid="521665" lat="34.0325177" lon="132.1637195"/>
 <node id="9908667388" visible="true" version="1" changeset="124030618" timestamp="2022-07-25T04:14:57Z" user="AYAGE" uid="521665" lat="34.0323287" lon="132.1637383"/>
 <node id="9908667389" visible="true" version="1" changeset="124030618" timestamp="2022-07-25T04:14:57Z" user="AYAGE" uid="521665" lat="34.0321176" lon="132.1637933"/>
 <node id="9908667390" visible="true" version="1" changeset="124030618" timestamp="2022-07-25T04:14:57Z" user="AYAGE" uid="521665" lat="34.0320087" lon="132.1638925"/>
 <node id="9908667391" visible="true" version="1" changeset="124030618" timestamp="2022-07-25T04:14:57Z" user="AYAGE" uid="521665" lat="34.0319575" lon="132.1640481"/>
 <node id="9908667392" visible="true" version="1" changeset="124030618" timestamp="2022-07-25T04:14:57Z" user="AYAGE" uid="521665" lat="34.0319864" lon="132.1641393"/>
 <node id="9908667393" visible="true" version="1" changeset="124030618" timestamp="2022-07-25T04:14:57Z" user="AYAGE" uid="521665" lat="34.0320487" lon="132.1641339"/>
 <node id="9908667394" visible="true" version="1" changeset="124030618" timestamp="2022-07-25T04:14:57Z" user="AYAGE" uid="521665" lat="34.0321087" lon="132.1640012"/>
 <node id="9908667395" visible="true" version="1" changeset="124030618" timestamp="2022-07-25T04:14:57Z" user="AYAGE" uid="521665" lat="34.0321865" lon="132.1638939"/>
 <node id="9908667396" visible="true" version="1" changeset="124030618" timestamp="2022-07-25T04:14:57Z" user="AYAGE" uid="521665" lat="34.0323276" lon="132.1638376"/>
 <node id="9908667397" visible="true" version="1" changeset="124030618" timestamp="2022-07-25T04:14:57Z" user="AYAGE" uid="521665" lat="34.0324021" lon="132.1639033"/>
 <node id="9908667398" visible="true" version="1" changeset="124030618" timestamp="2022-07-25T04:14:57Z" user="AYAGE" uid="521665" lat="34.0324343" lon="132.1639583"/>
 <node id="9908667399" visible="true" version="1" changeset="124030618" timestamp="2022-07-25T04:14:57Z" user="AYAGE" uid="521665" lat="34.0324977" lon="132.1640146"/>
 <node id="9908667400" visible="true" version="1" changeset="124030618" timestamp="2022-07-25T04:14:57Z" user="AYAGE" uid="521665" lat="34.0326022" lon="132.1640280"/>
 <node id="9908667401" visible="true" version="1" changeset="124030618" timestamp="2022-07-25T04:14:57Z" user="AYAGE" uid="521665" lat="34.0326466" lon="132.1640897"/>
 <node id="9908667402" visible="true" version="1" changeset="124030618" timestamp="2022-07-25T04:14:57Z" user="AYAGE" uid="521665" lat="34.0326477" lon="132.1642157"/>
 <node id="9908667403" visible="true" version="1" changeset="124030618" timestamp="2022-07-25T04:14:57Z" user="AYAGE" uid="521665" lat="34.0327455" lon="132.1642560"/>
 <node id="9908667404" visible="true" version="1" changeset="124030618" timestamp="2022-07-25T04:14:57Z" user="AYAGE" uid="521665" lat="34.0328522" lon="132.1642171"/>
 <node id="9908667405" visible="true" version="1" changeset="124030618" timestamp="2022-07-25T04:14:57Z" user="AYAGE" uid="521665" lat="34.0329200" lon="132.1642077"/>
 <node id="9908667406" visible="true" version="1" changeset="124030618" timestamp="2022-07-25T04:14:57Z" user="AYAGE" uid="521665" lat="34.0329822" lon="132.1643378"/>
 <node id="9908667407" visible="true" version="1" changeset="124030618" timestamp="2022-07-25T04:14:57Z" user="AYAGE" uid="521665" lat="34.0330700" lon="132.1643539"/>
 <node id="9908667408" visible="true" version="1" changeset="124030618" timestamp="2022-07-25T04:14:57Z" user="AYAGE" uid="521665" lat="34.0331201" lon="132.1644706"/>
 <node id="9908667409" visible="true" version="1" changeset="124030618" timestamp="2022-07-25T04:14:57Z" user="AYAGE" uid="521665" lat="34.0331890" lon="132.1645202"/>
 <node id="9908667410" visible="true" version="1" changeset="124030618" timestamp="2022-07-25T04:14:57Z" user="AYAGE" uid="521665" lat="34.0332023" lon="132.1647307"/>
 <node id="9908667411" visible="true" version="1" changeset="124030618" timestamp="2022-07-25T04:14:57Z" user="AYAGE" uid="521665" lat="34.0331212" lon="132.1648689"/>
 <node id="9908667412" visible="true" version="1" changeset="124030618" timestamp="2022-07-25T04:14:57Z" user="AYAGE" uid="521665" lat="34.0330145" lon="132.1649306"/>
 <node id="9908667413" visible="true" version="1" changeset="124030618" timestamp="2022-07-25T04:14:57Z" user="AYAGE" uid="521665" lat="34.0329923" lon="132.1649909"/>
 <node id="9908667414" visible="true" version="1" changeset="124030618" timestamp="2022-07-25T04:14:57Z" user="AYAGE" uid="521665" lat="34.0330923" lon="132.1650097"/>
 <node id="9908667415" visible="true" version="1" changeset="124030618" timestamp="2022-07-25T04:14:57Z" user="AYAGE" uid="521665" lat="34.0332768" lon="132.1650794"/>
 <node id="9908667416" visible="true" version="1" changeset="124030618" timestamp="2022-07-25T04:14:57Z" user="AYAGE" uid="521665" lat="34.0333435" lon="132.1650338"/>
 <node id="9908667417" visible="true" version="1" changeset="124030618" timestamp="2022-07-25T04:14:57Z" user="AYAGE" uid="521665" lat="34.0332723" lon="132.1649748"/>
 <node id="9908667418" visible="true" version="1" changeset="124030618" timestamp="2022-07-25T04:14:57Z" user="AYAGE" uid="521665" lat="34.0332901" lon="132.1648595"/>
 <node id="9908667419" visible="true" version="1" changeset="124030618" timestamp="2022-07-25T04:14:57Z" user="AYAGE" uid="521665" lat="34.0334257" lon="132.1647683"/>
 <node id="9908667420" visible="true" version="1" changeset="124030618" timestamp="2022-07-25T04:14:57Z" user="AYAGE" uid="521665" lat="34.0335791" lon="132.1647790"/>
 <node id="9908667421" visible="true" version="1" changeset="124030618" timestamp="2022-07-25T04:14:57Z" user="AYAGE" uid="521665" lat="34.0336635" lon="132.1651867"/>
 <node id="9908667422" visible="true" version="1" changeset="124030618" timestamp="2022-07-25T04:14:57Z" user="AYAGE" uid="521665" lat="34.0337124" lon="132.1652913"/>
 <node id="9908667423" visible="true" version="1" changeset="124030618" timestamp="2022-07-25T04:14:57Z" user="AYAGE" uid="521665" lat="34.0337658" lon="132.1653812"/>
 <node id="9908667424" visible="true" version="1" changeset="124030618" timestamp="2022-07-25T04:14:57Z" user="AYAGE" uid="521665" lat="34.0337658" lon="132.1655488"/>
 <node id="9908667425" visible="true" version="1" changeset="124030618" timestamp="2022-07-25T04:14:57Z" user="AYAGE" uid="521665" lat="34.0336880" lon="132.1656440"/>
 <node id="9908667426" visible="true" version="1" changeset="124030618" timestamp="2022-07-25T04:14:57Z" user="AYAGE" uid="521665" lat="34.0336280" lon="132.1656252"/>
 <node id="9908667427" visible="true" version="1" changeset="124030618" timestamp="2022-07-25T04:14:57Z" user="AYAGE" uid="521665" lat="34.0335224" lon="132.1655354"/>
 <node id="9908667428" visible="true" version="1" changeset="124030618" timestamp="2022-07-25T04:14:57Z" user="AYAGE" uid="521665" lat="34.0334112" lon="132.1655944"/>
 <node id="9908667429" visible="true" version="1" changeset="124030618" timestamp="2022-07-25T04:14:57Z" user="AYAGE" uid="521665" lat="34.0333435" lon="132.1656641"/>
 <node id="9908667430" visible="true" version="1" changeset="124030618" timestamp="2022-07-25T04:14:57Z" user="AYAGE" uid="521665" lat="34.0332190" lon="132.1656682"/>
 <node id="9908667431" visible="true" version="1" changeset="124030618" timestamp="2022-07-25T04:14:57Z" user="AYAGE" uid="521665" lat="34.0330845" lon="132.1656400"/>
 <node id="9908667432" visible="true" version="1" changeset="124030618" timestamp="2022-07-25T04:14:57Z" user="AYAGE" uid="521665" lat="34.0330189" lon="132.1655354"/>
 <node id="9908667433" visible="true" version="1" changeset="124030618" timestamp="2022-07-25T04:14:57Z" user="AYAGE" uid="521665" lat="34.0329333" lon="132.1655126"/>
 <node id="9908667434" visible="true" version="1" changeset="124030618" timestamp="2022-07-25T04:14:57Z" user="AYAGE" uid="521665" lat="34.0328333" lon="132.1655300"/>
 <node id="9908667435" visible="true" version="1" changeset="124030618" timestamp="2022-07-25T04:14:57Z" user="AYAGE" uid="521665" lat="34.0327211" lon="132.1654710"/>
 <node id="9908667436" visible="true" version="1" changeset="124030618" timestamp="2022-07-25T04:14:57Z" user="AYAGE" uid="521665" lat="34.0326722" lon="132.1653584"/>
 <node id="9908667437" visible="true" version="1" changeset="124030618" timestamp="2022-07-25T04:14:57Z" user="AYAGE" uid="521665" lat="34.0327289" lon="132.1652913"/>
 <node id="9908667438" visible="true" version="1" changeset="124030618" timestamp="2022-07-25T04:14:57Z" user="AYAGE" uid="521665" lat="34.0327811" lon="132.1651599"/>
 <node id="9908667439" visible="true" version="1" changeset="124030618" timestamp="2022-07-25T04:14:57Z" user="AYAGE" uid="521665" lat="34.0327811" lon="132.1650043"/>
 <node id="9908667440" visible="true" version="1" changeset="124030618" timestamp="2022-07-25T04:14:57Z" user="AYAGE" uid="521665" lat="34.0327544" lon="132.1648850"/>
 <node id="9908667441" visible="true" version="1" changeset="124030618" timestamp="2022-07-25T04:14:57Z" user="AYAGE" uid="521665" lat="34.0326888" lon="132.1649225"/>
 <node id="9908667442" visible="true" version="1" changeset="124030618" timestamp="2022-07-25T04:14:57Z" user="AYAGE" uid="521665" lat="34.0325733" lon="132.1651532"/>
 <node id="9908667443" visible="true" version="1" changeset="124030618" timestamp="2022-07-25T04:14:57Z" user="AYAGE" uid="521665" lat="34.0324866" lon="132.1652873"/>
 <node id="9908667444" visible="true" version="1" changeset="124030618" timestamp="2022-07-25T04:14:57Z" user="AYAGE" uid="521665" lat="34.0323432" lon="132.1654496"/>
 <node id="9908667445" visible="true" version="1" changeset="124030618" timestamp="2022-07-25T04:14:57Z" user="AYAGE" uid="521665" lat="34.0322387" lon="132.1655300"/>
 <node id="9908667446" visible="true" version="1" changeset="124030618" timestamp="2022-07-25T04:14:57Z" user="AYAGE" uid="521665" lat="34.0319987" lon="132.1656829"/>
 <node id="9908667447" visible="true" version="1" changeset="124030618" timestamp="2022-07-25T04:14:57Z" user="AYAGE" uid="521665" lat="34.0318253" lon="132.1656400"/>
 <node id="9908667448" visible="true" version="1" changeset="124030618" timestamp="2022-07-25T04:14:57Z" user="AYAGE" uid="521665" lat="34.0316630" lon="132.1655354"/>
 <node id="9908667449" visible="true" version="1" changeset="124030618" timestamp="2022-07-25T04:14:57Z" user="AYAGE" uid="521665" lat="34.0315563" lon="132.1653557"/>
 <node id="9908667450" visible="true" version="1" changeset="124030618" timestamp="2022-07-25T04:14:57Z" user="AYAGE" uid="521665" lat="34.0314563" lon="132.1652243"/>
 <node id="9908667451" visible="true" version="1" changeset="124030618" timestamp="2022-07-25T04:14:57Z" user="AYAGE" uid="521665" lat="34.0313140" lon="132.1651062"/>
 <node id="9908667452" visible="true" version="1" changeset="124030618" timestamp="2022-07-25T04:14:57Z" user="AYAGE" uid="521665" lat="34.0312251" lon="132.1649158"/>
 <node id="9908667453" visible="true" version="1" changeset="124030618" timestamp="2022-07-25T04:14:57Z" user="AYAGE" uid="521665" lat="34.0312585" lon="132.1645805"/>
 <node id="9908667454" visible="true" version="1" changeset="124030618" timestamp="2022-07-25T04:14:57Z" user="AYAGE" uid="521665" lat="34.0313074" lon="132.1644008"/>
 <node id="9908667455" visible="true" version="1" changeset="124030618" timestamp="2022-07-25T04:14:57Z" user="AYAGE" uid="521665" lat="34.0314674" lon="132.1641755"/>
 <node id="9908667456" visible="true" version="1" changeset="124030618" timestamp="2022-07-25T04:14:57Z" user="AYAGE" uid="521665" lat="34.0316875" lon="132.1640280"/>
 <node id="9908667457" visible="true" version="1" changeset="124030618" timestamp="2022-07-25T04:14:57Z" user="AYAGE" uid="521665" lat="34.0317653" lon="132.1639234"/>
 <node id="9908667458" visible="true" version="1" changeset="124030618" timestamp="2022-07-25T04:14:57Z" user="AYAGE" uid="521665" lat="34.0318697" lon="132.1635197"/>
 <node id="9908667459" visible="true" version="1" changeset="124030618" timestamp="2022-07-25T04:14:57Z" user="AYAGE" uid="521665" lat="34.0319175" lon="132.1632689"/>
 <node id="9908667460" visible="true" version="1" changeset="124030618" timestamp="2022-07-25T04:14:57Z" user="AYAGE" uid="521665" lat="34.0319253" lon="132.1630691"/>
 <node id="9908667461" visible="true" version="1" changeset="124030618" timestamp="2022-07-25T04:14:57Z" user="AYAGE" uid="521665" lat="34.0319142" lon="132.1628894"/>
 <node id="9908667462" visible="true" version="1" changeset="124030618" timestamp="2022-07-25T04:14:57Z" user="AYAGE" uid="521665" lat="34.0319475" lon="132.1627995"/>
 <node id="9908667463" visible="true" version="1" changeset="124030618" timestamp="2022-07-25T04:14:57Z" user="AYAGE" uid="521665" lat="34.0319631" lon="132.1627124"/>
 <node id="9908667464" visible="true" version="1" changeset="124030618" timestamp="2022-07-25T04:14:57Z" user="AYAGE" uid="521665" lat="34.0319253" lon="132.1626413"/>
 <node id="9908667465" visible="true" version="1" changeset="124030618" timestamp="2022-07-25T04:14:57Z" user="AYAGE" uid="521665" lat="34.0319887" lon="132.1625635"/>
 <node id="9908667466" visible="true" version="1" changeset="124030618" timestamp="2022-07-25T04:14:57Z" user="AYAGE" uid="521665" lat="34.0321320" lon="132.1625541"/>
 <node id="9908667467" visible="true" version="1" changeset="124030618" timestamp="2022-07-25T04:14:57Z" user="AYAGE" uid="521665" lat="34.0322443" lon="132.1625742"/>
 <node id="9908667468" visible="true" version="1" changeset="124030618" timestamp="2022-07-25T04:14:57Z" user="AYAGE" uid="521665" lat="34.0322943" lon="132.1626574"/>
 <node id="9908667469" visible="true" version="1" changeset="124030618" timestamp="2022-07-25T04:14:57Z" user="AYAGE" uid="521665" lat="34.0322765" lon="132.1628036"/>
 <node id="9908667470" visible="true" version="1" changeset="124030618" timestamp="2022-07-25T04:14:57Z" user="AYAGE" uid="521665" lat="34.0323343" lon="132.1628800"/>
 <node id="9908667471" visible="true" version="1" changeset="124030618" timestamp="2022-07-25T04:14:57Z" user="AYAGE" uid="521665" lat="34.0324566" lon="132.1629350"/>
 <node id="9908667472" visible="true" version="1" changeset="124030618" timestamp="2022-07-25T04:14:57Z" user="AYAGE" uid="521665" lat="34.0325721" lon="132.1629471"/>
 <node id="9908667473" visible="true" version="1" changeset="124030618" timestamp="2022-07-25T04:14:57Z" user="AYAGE" uid="521665" lat="34.0326277" lon="132.1630007"/>
 <node id="9908667474" visible="true" version="1" changeset="124030618" timestamp="2022-07-25T04:14:57Z" user="AYAGE" uid="521665" lat="34.0326888" lon="132.1631254"/>
 <node id="9908667475" visible="true" version="1" changeset="124030618" timestamp="2022-07-25T04:14:57Z" user="AYAGE" uid="521665" lat="34.0327766" lon="132.1631227"/>
 <node id="9908667476" visible="true" version="1" changeset="124030618" timestamp="2022-07-25T04:14:57Z" user="AYAGE" uid="521665" lat="34.0327955" lon="132.1630745"/>
 <node id="9908667477" visible="true" version="1" changeset="124030618" timestamp="2022-07-25T04:14:57Z" user="AYAGE" uid="521665" lat="34.0327422" lon="132.1630369"/>
 <node id="9908667478" visible="true" version="1" changeset="124030618" timestamp="2022-07-25T04:14:57Z" user="AYAGE" uid="521665" lat="34.0326511" lon="132.1629390"/>
 <node id="9908667479" visible="true" version="1" changeset="124030618" timestamp="2022-07-25T04:14:57Z" user="AYAGE" uid="521665" lat="34.0325777" lon="132.1627606"/>
 <node id="9908667480" visible="true" version="1" changeset="124030618" timestamp="2022-07-25T04:14:57Z" user="AYAGE" uid="521665" lat="34.0325321" lon="132.1627499"/>
 <node id="9908667481" visible="true" version="1" changeset="124030618" timestamp="2022-07-25T04:14:57Z" user="AYAGE" uid="521665" lat="34.0324499" lon="132.1628384"/>
 <node id="9908667482" visible="true" version="1" changeset="124030618" timestamp="2022-07-25T04:14:57Z" user="AYAGE" uid="521665" lat="34.0323921" lon="132.1627808"/>
 <node id="9908667483" visible="true" version="1" changeset="124030618" timestamp="2022-07-25T04:14:57Z" user="AYAGE" uid="521665" lat="34.0323999" lon="132.1627258"/>
 <node id="9908667484" visible="true" version="1" changeset="124030618" timestamp="2022-07-25T04:14:57Z" user="AYAGE" uid="521665" lat="34.0324966" lon="132.1625769"/>
 <node id="9908667485" visible="true" version="1" changeset="124030618" timestamp="2022-07-25T04:14:57Z" user="AYAGE" uid="521665" lat="34.0324599" lon="132.1625179"/>
 <node id="9908667486" visible="true" version="1" changeset="124030618" timestamp="2022-07-25T04:14:57Z" user="AYAGE" uid="521665" lat="34.0324154" lon="132.1625219"/>
 <node id="9908667487" visible="true" version="1" changeset="124030618" timestamp="2022-07-25T04:14:57Z" user="AYAGE" uid="521665" lat="34.0323421" lon="132.1624857"/>
 <node id="9908667488" visible="true" version="1" changeset="124030618" timestamp="2022-07-25T04:14:57Z" user="AYAGE" uid="521665" lat="34.0323121" lon="132.1624039"/>
 <node id="9908667489" visible="true" version="1" changeset="124030618" timestamp="2022-07-25T04:14:57Z" user="AYAGE" uid="521665" lat="34.0321898" lon="132.1623342"/>
 <node id="9908667490" visible="true" version="1" changeset="124030618" timestamp="2022-07-25T04:14:57Z" user="AYAGE" uid="521665" lat="34.0319153" lon="132.1622618"/>
 <node id="9908667491" visible="true" version="1" changeset="124030618" timestamp="2022-07-25T04:14:57Z" user="AYAGE" uid="521665" lat="34.0314041" lon="132.1621840"/>
 <node id="9908667492" visible="true" version="1" changeset="124030618" timestamp="2022-07-25T04:14:57Z" user="AYAGE" uid="521665" lat="34.0309484" lon="132.1621196"/>
 <node id="9908667493" visible="true" version="1" changeset="124030618" timestamp="2022-07-25T04:14:57Z" user="AYAGE" uid="521665" lat="34.0308817" lon="132.1621437"/>
 <node id="9908667494" visible="true" version="1" changeset="124030618" timestamp="2022-07-25T04:14:57Z" user="AYAGE" uid="521665" lat="34.0307761" lon="132.1621276"/>
 <node id="9908667495" visible="true" version="1" changeset="124030618" timestamp="2022-07-25T04:14:57Z" user="AYAGE" uid="521665" lat="34.0307405" lon="132.1620686"/>
 <node id="9908667496" visible="true" version="1" changeset="124030618" timestamp="2022-07-25T04:14:57Z" user="AYAGE" uid="521665" lat="34.0304004" lon="132.1620136"/>
 <node id="9908667497" visible="true" version="1" changeset="124030618" timestamp="2022-07-25T04:14:57Z" user="AYAGE" uid="521665" lat="34.0303071" lon="132.1620874"/>
 <node id="9908667498" visible="true" version="1" changeset="124030618" timestamp="2022-07-25T04:14:57Z" user="AYAGE" uid="521665" lat="34.0301704" lon="132.1621236"/>
 <node id="9908667499" visible="true" version="1" changeset="124030618" timestamp="2022-07-25T04:14:57Z" user="AYAGE" uid="521665" lat="34.0299837" lon="132.1620512"/>
 <node id="9908667500" visible="true" version="1" changeset="124030618" timestamp="2022-07-25T04:14:57Z" user="AYAGE" uid="521665" lat="34.0298358" lon="132.1619546"/>
 <node id="9908667501" visible="true" version="1" changeset="124030618" timestamp="2022-07-25T04:14:57Z" user="AYAGE" uid="521665" lat="34.0298447" lon="132.1618541"/>
 <node id="9908667502" visible="true" version="1" changeset="124030618" timestamp="2022-07-25T04:14:57Z" user="AYAGE" uid="521665" lat="34.0299592" lon="132.1618125"/>
 <node id="9908667503" visible="true" version="1" changeset="124030618" timestamp="2022-07-25T04:14:57Z" user="AYAGE" uid="521665" lat="34.0300059" lon="132.1617481"/>
 <node id="9908667504" visible="true" version="1" changeset="124030618" timestamp="2022-07-25T04:14:57Z" user="AYAGE" uid="521665" lat="34.0299648" lon="132.1616435"/>
 <node id="9908667505" visible="true" version="1" changeset="124030618" timestamp="2022-07-25T04:14:57Z" user="AYAGE" uid="521665" lat="34.0298714" lon="132.1614598"/>
 <node id="9908667506" visible="true" version="1" changeset="124030618" timestamp="2022-07-25T04:14:57Z" user="AYAGE" uid="521665" lat="34.0297414" lon="132.1614745"/>
 <node id="9908667507" visible="true" version="1" changeset="124030618" timestamp="2022-07-25T04:14:57Z" user="AYAGE" uid="521665" lat="34.0296402" lon="132.1615322"/>
 <node id="9908667508" visible="true" version="1" changeset="124030618" timestamp="2022-07-25T04:14:57Z" user="AYAGE" uid="521665" lat="34.0295858" lon="132.1615255"/>
 <node id="9908667509" visible="true" version="1" changeset="124030618" timestamp="2022-07-25T04:14:57Z" user="AYAGE" uid="521665" lat="34.0295713" lon="132.1614169"/>
 <node id="9908667510" visible="true" version="1" changeset="124030618" timestamp="2022-07-25T04:14:57Z" user="AYAGE" uid="521665" lat="34.0296324" lon="132.1613310"/>
 <node id="9908667511" visible="true" version="1" changeset="124030618" timestamp="2022-07-25T04:14:57Z" user="AYAGE" uid="521665" lat="34.0297091" lon="132.1612331"/>
 <node id="9908667512" visible="true" version="1" changeset="124030618" timestamp="2022-07-25T04:14:57Z" user="AYAGE" uid="521665" lat="34.0297525" lon="132.1610668"/>
 <node id="9908667513" visible="true" version="1" changeset="124030618" timestamp="2022-07-25T04:14:57Z" user="AYAGE" uid="521665" lat="34.0296947" lon="132.1609689"/>
 <node id="9908667514" visible="true" version="1" changeset="124030618" timestamp="2022-07-25T04:14:57Z" user="AYAGE" uid="521665" lat="34.0296258" lon="132.1609984"/>
 <node id="9908667515" visible="true" version="1" changeset="124030618" timestamp="2022-07-25T04:14:57Z" user="AYAGE" uid="521665" lat="34.0295169" lon="132.1610883"/>
 <node id="9908667516" visible="true" version="1" changeset="124030618" timestamp="2022-07-25T04:14:57Z" user="AYAGE" uid="521665" lat="34.0293901" lon="132.1611258"/>
 <node id="9908667517" visible="true" version="1" changeset="124030618" timestamp="2022-07-25T04:14:57Z" user="AYAGE" uid="521665" lat="34.0293001" lon="132.1612707"/>
 <node id="9908667518" visible="true" version="1" changeset="124030618" timestamp="2022-07-25T04:14:57Z" user="AYAGE" uid="521665" lat="34.0292490" lon="132.1613082"/>
 <node id="9908667519" visible="true" version="1" changeset="124030618" timestamp="2022-07-25T04:14:57Z" user="AYAGE" uid="521665" lat="34.0291823" lon="132.1612921"/>
 <node id="9908667520" visible="true" version="1" changeset="124030618" timestamp="2022-07-25T04:14:57Z" user="AYAGE" uid="521665" lat="34.0291378" lon="132.1611996"/>
 <node id="9908667521" visible="true" version="1" changeset="124030618" timestamp="2022-07-25T04:14:57Z" user="AYAGE" uid="521665" lat="34.0290056" lon="132.1611299"/>
 <node id="9908667522" visible="true" version="1" changeset="124030618" timestamp="2022-07-25T04:14:57Z" user="AYAGE" uid="521665" lat="34.0289100" lon="132.1610749"/>
 <node id="9908667523" visible="true" version="1" changeset="124030618" timestamp="2022-07-25T04:14:57Z" user="AYAGE" uid="521665" lat="34.0288055" lon="132.1610159"/>
 <node id="9908667524" visible="true" version="1" changeset="124030618" timestamp="2022-07-25T04:14:57Z" user="AYAGE" uid="521665" lat="34.0285810" lon="132.1607932"/>
 <node id="9908667525" visible="true" version="1" changeset="124030618" timestamp="2022-07-25T04:14:57Z" user="AYAGE" uid="521665" lat="34.0284221" lon="132.1606980"/>
 <node id="9908667526" visible="true" version="1" changeset="124030618" timestamp="2022-07-25T04:14:57Z" user="AYAGE" uid="521665" lat="34.0280753" lon="132.1605559"/>
 <node id="9908667527" visible="true" version="1" changeset="124030618" timestamp="2022-07-25T04:14:57Z" user="AYAGE" uid="521665" lat="34.0277941" lon="132.1604714"/>
 <node id="9908667528" visible="true" version="1" changeset="124030618" timestamp="2022-07-25T04:14:57Z" user="AYAGE" uid="521665" lat="34.0276518" lon="132.1603869"/>
 <node id="9908667529" visible="true" version="1" changeset="124030618" timestamp="2022-07-25T04:14:57Z" user="AYAGE" uid="521665" lat="34.0275807" lon="132.1603520"/>
 <node id="9908667530" visible="true" version="1" changeset="124030618" timestamp="2022-07-25T04:14:57Z" user="AYAGE" uid="521665" lat="34.0274873" lon="132.1603949"/>
 <node id="9908667531" visible="true" version="1" changeset="124030618" timestamp="2022-07-25T04:14:57Z" user="AYAGE" uid="521665" lat="34.0274106" lon="132.1605653"/>
 <node id="9908667532" visible="true" version="1" changeset="124030618" timestamp="2022-07-25T04:14:57Z" user="AYAGE" uid="521665" lat="34.0273651" lon="132.1607128"/>
 <node id="9908667533" visible="true" version="1" changeset="124030618" timestamp="2022-07-25T04:14:57Z" user="AYAGE" uid="521665" lat="34.0272784" lon="132.1609636"/>
 <node id="9908667534" visible="true" version="1" changeset="124030618" timestamp="2022-07-25T04:14:57Z" user="AYAGE" uid="521665" lat="34.0272228" lon="132.1611339"/>
 <node id="9908667535" visible="true" version="1" changeset="124030618" timestamp="2022-07-25T04:14:57Z" user="AYAGE" uid="521665" lat="34.0271950" lon="132.1612747"/>
 <node id="9908667536" visible="true" version="1" changeset="124030618" timestamp="2022-07-25T04:14:57Z" user="AYAGE" uid="521665" lat="34.0272595" lon="132.1614155"/>
 <node id="9908667537" visible="true" version="1" changeset="124030618" timestamp="2022-07-25T04:14:57Z" user="AYAGE" uid="521665" lat="34.0273017" lon="132.1614370"/>
 <node id="9908667538" visible="true" version="1" changeset="124030618" timestamp="2022-07-25T04:14:57Z" user="AYAGE" uid="521665" lat="34.0274118" lon="132.1614893"/>
 <node id="9908667539" visible="true" version="1" changeset="124030618" timestamp="2022-07-25T04:14:57Z" user="AYAGE" uid="521665" lat="34.0275173" lon="132.1614705"/>
 <node id="9908667540" visible="true" version="1" changeset="124030618" timestamp="2022-07-25T04:14:57Z" user="AYAGE" uid="521665" lat="34.0277107" lon="132.1614034"/>
 <node id="9908667541" visible="true" version="1" changeset="124030618" timestamp="2022-07-25T04:14:57Z" user="AYAGE" uid="521665" lat="34.0278263" lon="132.1613538"/>
 <node id="9908667542" visible="true" version="1" changeset="124030618" timestamp="2022-07-25T04:14:57Z" user="AYAGE" uid="521665" lat="34.0279430" lon="132.1613458"/>
 <node id="9908667543" visible="true" version="1" changeset="124030618" timestamp="2022-07-25T04:14:57Z" user="AYAGE" uid="521665" lat="34.0280308" lon="132.1614276"/>
 <node id="9908667544" visible="true" version="1" changeset="124030618" timestamp="2022-07-25T04:14:57Z" user="AYAGE" uid="521665" lat="34.0280664" lon="132.1616328"/>
 <node id="9908667545" visible="true" version="1" changeset="124030618" timestamp="2022-07-25T04:14:57Z" user="AYAGE" uid="521665" lat="34.0280497" lon="132.1618071"/>
 <node id="9908667546" visible="true" version="1" changeset="124030618" timestamp="2022-07-25T04:14:57Z" user="AYAGE" uid="521665" lat="34.0280408" lon="132.1618272"/>
 <node id="9908667547" visible="true" version="1" changeset="124030618" timestamp="2022-07-25T04:14:57Z" user="AYAGE" uid="521665" lat="34.0279219" lon="132.1619855"/>
 <node id="9908667548" visible="true" version="1" changeset="124030618" timestamp="2022-07-25T04:14:57Z" user="AYAGE" uid="521665" lat="34.0279130" lon="132.1620525"/>
 <node id="9908667549" visible="true" version="1" changeset="124030618" timestamp="2022-07-25T04:14:57Z" user="AYAGE" uid="521665" lat="34.0279486" lon="132.1620861"/>
 <node id="9908667550" visible="true" version="1" changeset="124030618" timestamp="2022-07-25T04:14:57Z" user="AYAGE" uid="521665" lat="34.0281375" lon="132.1620834"/>
 <node id="9908667551" visible="true" version="1" changeset="124030618" timestamp="2022-07-25T04:14:57Z" user="AYAGE" uid="521665" lat="34.0283821" lon="132.1621370"/>
 <node id="9908667552" visible="true" version="1" changeset="124030618" timestamp="2022-07-25T04:14:57Z" user="AYAGE" uid="521665" lat="34.0285910" lon="132.1622363"/>
 <node id="9908667553" visible="true" version="1" changeset="124030618" timestamp="2022-07-25T04:14:57Z" user="AYAGE" uid="521665" lat="34.0286710" lon="132.1623918"/>
 <node id="9908667554" visible="true" version="1" changeset="124030618" timestamp="2022-07-25T04:14:57Z" user="AYAGE" uid="521665" lat="34.0287511" lon="132.1626762"/>
 <node id="9908667555" visible="true" version="1" changeset="124030618" timestamp="2022-07-25T04:14:57Z" user="AYAGE" uid="521665" lat="34.0288222" lon="132.1632850"/>
 <node id="9908667556" visible="true" version="1" changeset="124030618" timestamp="2022-07-25T04:14:57Z" user="AYAGE" uid="521665" lat="34.0289289" lon="132.1636525"/>
 <node id="9908667557" visible="true" version="1" changeset="124030618" timestamp="2022-07-25T04:14:57Z" user="AYAGE" uid="521665" lat="34.0290445" lon="132.1638939"/>
 <node id="9908667558" visible="true" version="1" changeset="124030618" timestamp="2022-07-25T04:14:57Z" user="AYAGE" uid="521665" lat="34.0291690" lon="132.1639019"/>
 <node id="9908667559" visible="true" version="1" changeset="124030618" timestamp="2022-07-25T04:14:57Z" user="AYAGE" uid="521665" lat="34.0293401" lon="132.1641219"/>
 <node id="9908667560" visible="true" version="1" changeset="124030618" timestamp="2022-07-25T04:14:57Z" user="AYAGE" uid="521665" lat="34.0293268" lon="132.1643150"/>
 <node id="9908667561" visible="true" version="1" changeset="124030618" timestamp="2022-07-25T04:14:57Z" user="AYAGE" uid="521665" lat="34.0293601" lon="132.1645242"/>
 <node id="9908667562" visible="true" version="1" changeset="124030618" timestamp="2022-07-25T04:14:57Z" user="AYAGE" uid="521665" lat="34.0294602" lon="132.1646905"/>
 <node id="9908667563" visible="true" version="1" changeset="124030618" timestamp="2022-07-25T04:14:57Z" user="AYAGE" uid="521665" lat="34.0294846" lon="132.1648112"/>
 <node id="9908667564" visible="true" version="1" changeset="124030618" timestamp="2022-07-25T04:14:57Z" user="AYAGE" uid="521665" lat="34.0295713" lon="132.1648997"/>
 <node id="9908667565" visible="true" version="1" changeset="124030618" timestamp="2022-07-25T04:14:57Z" user="AYAGE" uid="521665" lat="34.0297025" lon="132.1651438"/>
 <node id="9908667566" visible="true" version="1" changeset="124030618" timestamp="2022-07-25T04:14:57Z" user="AYAGE" uid="521665" lat="34.0298047" lon="132.1652377"/>
 <node id="9908667567" visible="true" version="1" changeset="124030618" timestamp="2022-07-25T04:14:57Z" user="AYAGE" uid="521665" lat="34.0299070" lon="132.1652269"/>
 <node id="9908667568" visible="true" version="1" changeset="124030618" timestamp="2022-07-25T04:14:57Z" user="AYAGE" uid="521665" lat="34.0300359" lon="132.1651089"/>
 <node id="9908667569" visible="true" version="1" changeset="124030618" timestamp="2022-07-25T04:14:57Z" user="AYAGE" uid="521665" lat="34.0300981" lon="132.1652994"/>
 <node id="9908667570" visible="true" version="1" changeset="124030618" timestamp="2022-07-25T04:14:57Z" user="AYAGE" uid="521665" lat="34.0302226" lon="132.1653020"/>
 <node id="9908667571" visible="true" version="1" changeset="124030618" timestamp="2022-07-25T04:14:57Z" user="AYAGE" uid="521665" lat="34.0302448" lon="132.1651921"/>
 <node id="9908667572" visible="true" version="1" changeset="124030618" timestamp="2022-07-25T04:14:57Z" user="AYAGE" uid="521665" lat="34.0303360" lon="132.1651813"/>
 <node id="9908667573" visible="true" version="1" changeset="124030618" timestamp="2022-07-25T04:14:57Z" user="AYAGE" uid="521665" lat="34.0304260" lon="132.1652806"/>
 <node id="9908667574" visible="true" version="1" changeset="124030618" timestamp="2022-07-25T04:14:57Z" user="AYAGE" uid="521665" lat="34.0304438" lon="132.1653838"/>
 <node id="9908667575" visible="true" version="1" changeset="124030618" timestamp="2022-07-25T04:14:57Z" user="AYAGE" uid="521665" lat="34.0303115" lon="132.1655381"/>
 <node id="9908667576" visible="true" version="1" changeset="124030618" timestamp="2022-07-25T04:14:57Z" user="AYAGE" uid="521665" lat="34.0301937" lon="132.1655582"/>
 <node id="9908667577" visible="true" version="1" changeset="124030618" timestamp="2022-07-25T04:14:57Z" user="AYAGE" uid="521665" lat="34.0301537" lon="132.1655260"/>
 <node id="9908667578" visible="true" version="1" changeset="124030618" timestamp="2022-07-25T04:14:57Z" user="AYAGE" uid="521665" lat="34.0301015" lon="132.1655340"/>
 <node id="9908667579" visible="true" version="1" changeset="124030618" timestamp="2022-07-25T04:14:57Z" user="AYAGE" uid="521665" lat="34.0301504" lon="132.1657138"/>
 <node id="9908667580" visible="true" version="1" changeset="124030618" timestamp="2022-07-25T04:14:57Z" user="AYAGE" uid="521665" lat="34.0302204" lon="132.1657245"/>
 <node id="9908667581" visible="true" version="1" changeset="124030618" timestamp="2022-07-25T04:14:57Z" user="AYAGE" uid="521665" lat="34.0303071" lon="132.1656829"/>
 <node id="9908667582" visible="true" version="1" changeset="124030618" timestamp="2022-07-25T04:14:57Z" user="AYAGE" uid="521665" lat="34.0303871" lon="132.1657392"/>
 <node id="9908667583" visible="true" version="1" changeset="124030618" timestamp="2022-07-25T04:14:57Z" user="AYAGE" uid="521665" lat="34.0304460" lon="132.1658251"/>
 <node id="9908667584" visible="true" version="1" changeset="124030618" timestamp="2022-07-25T04:14:57Z" user="AYAGE" uid="521665" lat="34.0304138" lon="132.1659243"/>
 <node id="9908667585" visible="true" version="1" changeset="124030618" timestamp="2022-07-25T04:14:57Z" user="AYAGE" uid="521665" lat="34.0303838" lon="132.1660383"/>
 <node id="9908667586" visible="true" version="1" changeset="124030618" timestamp="2022-07-25T04:14:57Z" user="AYAGE" uid="521665" lat="34.0303049" lon="132.1661000"/>
 <node id="9908667587" visible="true" version="1" changeset="124030618" timestamp="2022-07-25T04:14:57Z" user="AYAGE" uid="521665" lat="34.0303338" lon="132.1662582"/>
 <node id="9908667588" visible="true" version="1" changeset="124030618" timestamp="2022-07-25T04:14:57Z" user="AYAGE" uid="521665" lat="34.0304616" lon="132.1663414"/>
 <node id="9908667589" visible="true" version="1" changeset="124030618" timestamp="2022-07-25T04:14:57Z" user="AYAGE" uid="521665" lat="34.0305749" lon="132.1663535"/>
 <node id="9908667590" visible="true" version="1" changeset="124030618" timestamp="2022-07-25T04:14:57Z" user="AYAGE" uid="521665" lat="34.0307027" lon="132.1663012"/>
 <node id="9908667591" visible="true" version="1" changeset="124030618" timestamp="2022-07-25T04:14:57Z" user="AYAGE" uid="521665" lat="34.0307561" lon="132.1663669"/>
 <node id="9908667592" visible="true" version="1" changeset="124030618" timestamp="2022-07-25T04:14:57Z" user="AYAGE" uid="521665" lat="34.0307761" lon="132.1665063"/>
 <node id="9908667593" visible="true" version="1" changeset="124030618" timestamp="2022-07-25T04:14:57Z" user="AYAGE" uid="521665" lat="34.0307472" lon="132.1666539"/>
 <node id="9908667594" visible="true" version="1" changeset="124030618" timestamp="2022-07-25T04:14:57Z" user="AYAGE" uid="521665" lat="34.0306594" lon="132.1667840"/>
 <node id="9908667595" visible="true" version="1" changeset="124030618" timestamp="2022-07-25T04:14:57Z" user="AYAGE" uid="521665" lat="34.0306138" lon="132.1668792"/>
 <node id="9908667596" visible="true" version="1" changeset="124030618" timestamp="2022-07-25T04:14:57Z" user="AYAGE" uid="521665" lat="34.0306383" lon="132.1670468"/>
 <node id="9908667597" visible="true" version="1" changeset="124030618" timestamp="2022-07-25T04:14:57Z" user="AYAGE" uid="521665" lat="34.0308406" lon="132.1673083"/>
 <node id="9908667598" visible="true" version="1" changeset="124030618" timestamp="2022-07-25T04:14:57Z" user="AYAGE" uid="521665" lat="34.0309306" lon="132.1673673"/>
 <node id="9908667599" visible="true" version="1" changeset="124030618" timestamp="2022-07-25T04:14:57Z" user="AYAGE" uid="521665" lat="34.0310395" lon="132.1672922"/>
 <node id="9908667600" visible="true" version="1" changeset="124030618" timestamp="2022-07-25T04:14:57Z" user="AYAGE" uid="521665" lat="34.0311773" lon="132.1672346"/>
 <node id="9908667601" visible="true" version="1" changeset="124030618" timestamp="2022-07-25T04:14:57Z" user="AYAGE" uid="521665" lat="34.0312562" lon="132.1672252"/>
 <node id="9908667602" visible="true" version="1" changeset="124030618" timestamp="2022-07-25T04:14:57Z" user="AYAGE" uid="521665" lat="34.0312840" lon="132.1671139"/>
 <node id="9908667603" visible="true" version="1" changeset="124030618" timestamp="2022-07-25T04:14:57Z" user="AYAGE" uid="521665" lat="34.0312818" lon="132.1670146"/>
 <node id="9908667604" visible="true" version="1" changeset="124030618" timestamp="2022-07-25T04:14:57Z" user="AYAGE" uid="521665" lat="34.0311884" lon="132.1669422"/>
 <node id="9908667605" visible="true" version="1" changeset="124030618" timestamp="2022-07-25T04:14:57Z" user="AYAGE" uid="521665" lat="34.0311006" lon="132.1669047"/>
 <node id="9908667606" visible="true" version="1" changeset="124030618" timestamp="2022-07-25T04:14:57Z" user="AYAGE" uid="521665" lat="34.0310729" lon="132.1668537"/>
 <node id="9908667607" visible="true" version="1" changeset="124030618" timestamp="2022-07-25T04:14:57Z" user="AYAGE" uid="521665" lat="34.0311473" lon="132.1666834"/>
 <node id="9908667608" visible="true" version="1" changeset="124030618" timestamp="2022-07-25T04:14:57Z" user="AYAGE" uid="521665" lat="34.0312896" lon="132.1666163"/>
 <node id="9908667609" visible="true" version="1" changeset="124030618" timestamp="2022-07-25T04:14:57Z" user="AYAGE" uid="521665" lat="34.0315108" lon="132.1666364"/>
 <node id="9908667610" visible="true" version="1" changeset="124030618" timestamp="2022-07-25T04:14:57Z" user="AYAGE" uid="521665" lat="34.0315885" lon="132.1667021"/>
 <node id="9908667611" visible="true" version="1" changeset="124030618" timestamp="2022-07-25T04:14:57Z" user="AYAGE" uid="521665" lat="34.0316330" lon="132.1668510"/>
 <node id="9908667612" visible="true" version="1" changeset="124030618" timestamp="2022-07-25T04:14:57Z" user="AYAGE" uid="521665" lat="34.0316541" lon="132.1669422"/>
 <node id="9908667613" visible="true" version="1" changeset="124030618" timestamp="2022-07-25T04:14:57Z" user="AYAGE" uid="521665" lat="34.0316986" lon="132.1670401"/>
 <node id="9908667614" visible="true" version="1" changeset="124030618" timestamp="2022-07-25T04:14:57Z" user="AYAGE" uid="521665" lat="34.0316375" lon="132.1670763"/>
 <node id="9908667615" visible="true" version="1" changeset="124030618" timestamp="2022-07-25T04:14:57Z" user="AYAGE" uid="521665" lat="34.0314763" lon="132.1670562"/>
 <node id="9908667616" visible="true" version="1" changeset="124030618" timestamp="2022-07-25T04:14:57Z" user="AYAGE" uid="521665" lat="34.0314074" lon="132.1670817"/>
 <node id="9908667617" visible="true" version="1" changeset="124030618" timestamp="2022-07-25T04:14:57Z" user="AYAGE" uid="521665" lat="34.0313952" lon="132.1672010"/>
 <node id="9908667618" visible="true" version="1" changeset="124030618" timestamp="2022-07-25T04:14:57Z" user="AYAGE" uid="521665" lat="34.0314863" lon="132.1673097"/>
 <node id="9908667619" visible="true" version="1" changeset="124030618" timestamp="2022-07-25T04:14:57Z" user="AYAGE" uid="521665" lat="34.0316063" lon="132.1673499"/>
 <node id="9908667620" visible="true" version="1" changeset="124030618" timestamp="2022-07-25T04:14:57Z" user="AYAGE" uid="521665" lat="34.0315841" lon="132.1674170"/>
 <node id="9908667621" visible="true" version="1" changeset="124030618" timestamp="2022-07-25T04:14:57Z" user="AYAGE" uid="521665" lat="34.0314752" lon="132.1674585"/>
 <node id="9908667622" visible="true" version="1" changeset="124030618" timestamp="2022-07-25T04:14:57Z" user="AYAGE" uid="521665" lat="34.0313740" lon="132.1674317"/>
 <node id="9908667623" visible="true" version="1" changeset="124030618" timestamp="2022-07-25T04:14:57Z" user="AYAGE" uid="521665" lat="34.0312718" lon="132.1675256"/>
 <node id="9908667624" visible="true" version="1" changeset="124030618" timestamp="2022-07-25T04:14:57Z" user="AYAGE" uid="521665" lat="34.0311873" lon="132.1676543"/>
 <node id="9908667625" visible="true" version="1" changeset="124030618" timestamp="2022-07-25T04:14:57Z" user="AYAGE" uid="521665" lat="34.0311695" lon="132.1677294"/>
 <node id="9908667626" visible="true" version="1" changeset="124030618" timestamp="2022-07-25T04:14:57Z" user="AYAGE" uid="521665" lat="34.0313696" lon="132.1677643"/>
 <node id="9908667627" visible="true" version="1" changeset="124030618" timestamp="2022-07-25T04:14:57Z" user="AYAGE" uid="521665" lat="34.0315208" lon="132.1677911"/>
 <node id="9908667628" visible="true" version="1" changeset="124030618" timestamp="2022-07-25T04:14:57Z" user="AYAGE" uid="521665" lat="34.0316697" lon="132.1678501"/>
 <node id="9908667629" visible="true" version="1" changeset="124030618" timestamp="2022-07-25T04:14:57Z" user="AYAGE" uid="521665" lat="34.0317675" lon="132.1678179"/>
 <node id="9908667630" visible="true" version="1" changeset="124030618" timestamp="2022-07-25T04:14:57Z" user="AYAGE" uid="521665" lat="34.0318175" lon="132.1678609"/>
 <node id="9908667631" visible="true" version="1" changeset="124030618" timestamp="2022-07-25T04:14:57Z" user="AYAGE" uid="521665" lat="34.0320142" lon="132.1678354"/>
 <node id="9908667632" visible="true" version="1" changeset="124030618" timestamp="2022-07-25T04:14:57Z" user="AYAGE" uid="521665" lat="34.0321543" lon="132.1678300"/>
 <node id="9908667633" visible="true" version="1" changeset="124030618" timestamp="2022-07-25T04:14:57Z" user="AYAGE" uid="521665" lat="34.0322232" lon="132.1677496"/>
 <node id="9908667634" visible="true" version="1" changeset="124030618" timestamp="2022-07-25T04:14:57Z" user="AYAGE" uid="521665" lat="34.0322054" lon="132.1677268"/>
 <node id="9908667635" visible="true" version="1" changeset="124030618" timestamp="2022-07-25T04:14:57Z" user="AYAGE" uid="521665" lat="34.0321131" lon="132.1677469"/>
 <node id="9908667636" visible="true" version="1" changeset="124030618" timestamp="2022-07-25T04:14:57Z" user="AYAGE" uid="521665" lat="34.0319598" lon="132.1677160"/>
 <node id="9908667637" visible="true" version="1" changeset="124030618" timestamp="2022-07-25T04:14:57Z" user="AYAGE" uid="521665" lat="34.0320131" lon="132.1675833"/>
 <node id="9908667638" visible="true" version="1" changeset="124030618" timestamp="2022-07-25T04:14:57Z" user="AYAGE" uid="521665" lat="34.0320998" lon="132.1675430"/>
 <node id="9908667639" visible="true" version="1" changeset="124030618" timestamp="2022-07-25T04:14:57Z" user="AYAGE" uid="521665" lat="34.0321909" lon="132.1675926"/>
 <node id="9908667640" visible="true" version="1" changeset="124030618" timestamp="2022-07-25T04:14:57Z" user="AYAGE" uid="521665" lat="34.0323210" lon="132.1676047"/>
 <node id="9908667641" visible="true" version="1" changeset="124030618" timestamp="2022-07-25T04:14:57Z" user="AYAGE" uid="521665" lat="34.0323821" lon="132.1674988"/>
 <node id="9908667642" visible="true" version="1" changeset="124030618" timestamp="2022-07-25T04:14:57Z" user="AYAGE" uid="521665" lat="34.0323821" lon="132.1673794"/>
 <node id="9908667643" visible="true" version="1" changeset="124030618" timestamp="2022-07-25T04:14:57Z" user="AYAGE" uid="521665" lat="34.0324443" lon="132.1672399"/>
 <node id="9908667644" visible="true" version="1" changeset="124030618" timestamp="2022-07-25T04:14:57Z" user="AYAGE" uid="521665" lat="34.0325421" lon="132.1672171"/>
 <node id="9908667645" visible="true" version="1" changeset="124030618" timestamp="2022-07-25T04:14:57Z" user="AYAGE" uid="521665" lat="34.0326199" lon="132.1672694"/>
 <node id="9908667646" visible="true" version="1" changeset="124030618" timestamp="2022-07-25T04:14:57Z" user="AYAGE" uid="521665" lat="34.0326888" lon="132.1672976"/>
 <node id="9908667647" visible="true" version="1" changeset="124030618" timestamp="2022-07-25T04:14:57Z" user="AYAGE" uid="521665" lat="34.0327144" lon="132.1673432"/>
 <node id="9908667648" visible="true" version="1" changeset="124030618" timestamp="2022-07-25T04:14:57Z" user="AYAGE" uid="521665" lat="34.0326699" lon="132.1675095"/>
 <node id="9908667649" visible="true" version="1" changeset="124030618" timestamp="2022-07-25T04:14:57Z" user="AYAGE" uid="521665" lat="34.0326122" lon="132.1677965"/>
 <node id="9908667650" visible="true" version="1" changeset="124030618" timestamp="2022-07-25T04:14:57Z" user="AYAGE" uid="521665" lat="34.0326555" lon="132.1678582"/>
 <node id="9908667651" visible="true" version="1" changeset="124030618" timestamp="2022-07-25T04:14:57Z" user="AYAGE" uid="521665" lat="34.0328500" lon="132.1679614"/>
 <node id="9908667652" visible="true" version="1" changeset="124030618" timestamp="2022-07-25T04:14:57Z" user="AYAGE" uid="521665" lat="34.0329256" lon="132.1679386"/>
 <node id="9908667653" visible="true" version="1" changeset="124030618" timestamp="2022-07-25T04:14:57Z" user="AYAGE" uid="521665" lat="34.0330356" lon="132.1677871"/>
 <node id="9908667654" visible="true" version="1" changeset="124030618" timestamp="2022-07-25T04:14:57Z" user="AYAGE" uid="521665" lat="34.0331434" lon="132.1675806"/>
 <node id="9908667655" visible="true" version="1" changeset="124030618" timestamp="2022-07-25T04:14:57Z" user="AYAGE" uid="521665" lat="34.0332368" lon="132.1675028"/>
 <node id="9908667656" visible="true" version="1" changeset="124030618" timestamp="2022-07-25T04:14:57Z" user="AYAGE" uid="521665" lat="34.0333046" lon="132.1675283"/>
 <node id="9908667657" visible="true" version="1" changeset="124030618" timestamp="2022-07-25T04:14:57Z" user="AYAGE" uid="521665" lat="34.0333801" lon="132.1674049"/>
 <node id="9908667658" visible="true" version="1" changeset="124030618" timestamp="2022-07-25T04:14:57Z" user="AYAGE" uid="521665" lat="34.0333712" lon="132.1673150"/>
 <node id="9908667659" visible="true" version="1" changeset="124030618" timestamp="2022-07-25T04:14:57Z" user="AYAGE" uid="521665" lat="34.0333868" lon="132.1671890"/>
 <node id="9908667660" visible="true" version="1" changeset="124030618" timestamp="2022-07-25T04:14:57Z" user="AYAGE" uid="521665" lat="34.0334257" lon="132.1671192"/>
 <node id="9908667661" visible="true" version="1" changeset="124030618" timestamp="2022-07-25T04:14:57Z" user="AYAGE" uid="521665" lat="34.0335168" lon="132.1671085"/>
 <node id="9908667662" visible="true" version="1" changeset="124030618" timestamp="2022-07-25T04:14:57Z" user="AYAGE" uid="521665" lat="34.0336002" lon="132.1670763"/>
 <node id="9908667663" visible="true" version="1" changeset="124030618" timestamp="2022-07-25T04:14:57Z" user="AYAGE" uid="521665" lat="34.0336591" lon="132.1669972"/>
 <node id="9908667664" visible="true" version="1" changeset="124030618" timestamp="2022-07-25T04:14:57Z" user="AYAGE" uid="521665" lat="34.0336713" lon="132.1668242"/>
 <node id="9908667665" visible="true" version="1" changeset="124030618" timestamp="2022-07-25T04:14:57Z" user="AYAGE" uid="521665" lat="34.0337447" lon="132.1667075"/>
 <node id="9908667666" visible="true" version="1" changeset="124030618" timestamp="2022-07-25T04:14:57Z" user="AYAGE" uid="521665" lat="34.0338158" lon="132.1666794"/>
 <node id="9908667667" visible="true" version="1" changeset="124030618" timestamp="2022-07-25T04:14:57Z" user="AYAGE" uid="521665" lat="34.0338480" lon="132.1665989"/>
 <node id="9908667668" visible="true" version="1" changeset="124030618" timestamp="2022-07-25T04:14:57Z" user="AYAGE" uid="521665" lat="34.0339069" lon="132.1664728"/>
 <node id="9908667669" visible="true" version="1" changeset="124030618" timestamp="2022-07-25T04:14:57Z" user="AYAGE" uid="521665" lat="34.0339803" lon="132.1664232"/>
 <node id="9908667670" visible="true" version="1" changeset="124030618" timestamp="2022-07-25T04:14:57Z" user="AYAGE" uid="521665" lat="34.0340892" lon="132.1664152"/>
 <node id="9908667671" visible="true" version="1" changeset="124030618" timestamp="2022-07-25T04:14:57Z" user="AYAGE" uid="521665" lat="34.0341436" lon="132.1664219"/>
 <node id="9908667672" visible="true" version="1" changeset="124030618" timestamp="2022-07-25T04:14:57Z" user="AYAGE" uid="521665" lat="34.0341803" lon="132.1665251"/>
 <node id="9908667673" visible="true" version="1" changeset="124030618" timestamp="2022-07-25T04:14:57Z" user="AYAGE" uid="521665" lat="34.0342137" lon="132.1665412"/>
 <node id="9908667674" visible="true" version="1" changeset="124030618" timestamp="2022-07-25T04:14:57Z" user="AYAGE" uid="521665" lat="34.0342526" lon="132.1664192"/>
 <node id="9908667675" visible="true" version="1" changeset="124030618" timestamp="2022-07-25T04:14:57Z" user="AYAGE" uid="521665" lat="34.0342748" lon="132.1663012"/>
 <node id="9908667676" visible="true" version="1" changeset="124030618" timestamp="2022-07-25T04:14:57Z" user="AYAGE" uid="521665" lat="34.0343070" lon="132.1662220"/>
 <node id="9908667677" visible="true" version="1" changeset="124030618" timestamp="2022-07-25T04:14:57Z" user="AYAGE" uid="521665" lat="34.0343804" lon="132.1661992"/>
 <node id="9908667678" visible="true" version="1" changeset="124030618" timestamp="2022-07-25T04:14:57Z" user="AYAGE" uid="521665" lat="34.0344693" lon="132.1662475"/>
 <node id="9908667679" visible="true" version="1" changeset="124030618" timestamp="2022-07-25T04:14:57Z" user="AYAGE" uid="521665" lat="34.0345749" lon="132.1661992"/>
 <node id="9908667680" visible="true" version="1" changeset="124030618" timestamp="2022-07-25T04:14:57Z" user="AYAGE" uid="521665" lat="34.0346282" lon="132.1661282"/>
 <node id="9908667681" visible="true" version="1" changeset="124030618" timestamp="2022-07-25T04:14:57Z" user="AYAGE" uid="521665" lat="34.0347216" lon="132.1661054"/>
 <node id="9908667682" visible="true" version="1" changeset="124030618" timestamp="2022-07-25T04:14:57Z" user="AYAGE" uid="521665" lat="34.0348027" lon="132.1661550"/>
 <node id="9908667683" visible="true" version="1" changeset="124030618" timestamp="2022-07-25T04:14:57Z" user="AYAGE" uid="521665" lat="34.0348205" lon="132.1662770"/>
 <node id="9908667684" visible="true" version="1" changeset="124030618" timestamp="2022-07-25T04:14:57Z" user="AYAGE" uid="521665" lat="34.0348560" lon="132.1663924"/>
 <node id="9908667685" visible="true" version="1" changeset="124030618" timestamp="2022-07-25T04:14:57Z" user="AYAGE" uid="521665" lat="34.0349627" lon="132.1664728"/>
 <node id="9908667686" visible="true" version="1" changeset="124030618" timestamp="2022-07-25T04:14:57Z" user="AYAGE" uid="521665" lat="34.0350894" lon="132.1666780"/>
 <node id="9908667687" visible="true" version="1" changeset="124030618" timestamp="2022-07-25T04:14:57Z" user="AYAGE" uid="521665" lat="34.0350850" lon="132.1667893"/>
 <node id="9908667688" visible="true" version="1" changeset="124030618" timestamp="2022-07-25T04:14:57Z" user="AYAGE" uid="521665" lat="34.0349283" lon="132.1668752"/>
 <node id="9908667689" visible="true" version="1" changeset="124030618" timestamp="2022-07-25T04:14:57Z" user="AYAGE" uid="521665" lat="34.0348949" lon="132.1669221"/>
 <node id="9908667690" visible="true" version="1" changeset="124030618" timestamp="2022-07-25T04:14:57Z" user="AYAGE" uid="521665" lat="34.0349383" lon="132.1671246"/>
 <node id="9908667691" visible="true" version="1" changeset="124030618" timestamp="2022-07-25T04:14:57Z" user="AYAGE" uid="521665" lat="34.0349727" lon="132.1672346"/>
 <node id="9908667692" visible="true" version="1" changeset="124030618" timestamp="2022-07-25T04:14:57Z" user="AYAGE" uid="521665" lat="34.0348149" lon="132.1673767"/>
 <node id="9908667693" visible="true" version="1" changeset="124030618" timestamp="2022-07-25T04:14:57Z" user="AYAGE" uid="521665" lat="34.0347593" lon="132.1673486"/>
 <node id="9908667694" visible="true" version="1" changeset="124030618" timestamp="2022-07-25T04:14:57Z" user="AYAGE" uid="521665" lat="34.0347216" lon="132.1671957"/>
 <node id="9908667695" visible="true" version="1" changeset="124030618" timestamp="2022-07-25T04:14:57Z" user="AYAGE" uid="521665" lat="34.0346716" lon="132.1670897"/>
 <node id="9908667696" visible="true" version="1" changeset="124030618" timestamp="2022-07-25T04:14:57Z" user="AYAGE" uid="521665" lat="34.0345615" lon="132.1670347"/>
 <node id="9908667697" visible="true" version="1" changeset="124030618" timestamp="2022-07-25T04:14:57Z" user="AYAGE" uid="521665" lat="34.0344982" lon="132.1670602"/>
 <node id="9908667698" visible="true" version="1" changeset="124030618" timestamp="2022-07-25T04:14:57Z" user="AYAGE" uid="521665" lat="34.0345893" lon="132.1674317"/>
 <node id="9908667699" visible="true" version="1" changeset="124030618" timestamp="2022-07-25T04:14:57Z" user="AYAGE" uid="521665" lat="34.0345260" lon="132.1675833"/>
 <node id="9908667700" visible="true" version="1" changeset="124030618" timestamp="2022-07-25T04:14:57Z" user="AYAGE" uid="521665" lat="34.0344404" lon="132.1676141"/>
 <node id="9908667701" visible="true" version="1" changeset="124030618" timestamp="2022-07-25T04:14:57Z" user="AYAGE" uid="521665" lat="34.0344248" lon="132.1677160"/>
 <node id="9908667702" visible="true" version="1" changeset="124030618" timestamp="2022-07-25T04:14:57Z" user="AYAGE" uid="521665" lat="34.0344904" lon="132.1678434"/>
 <node id="9908667703" visible="true" version="1" changeset="124030618" timestamp="2022-07-25T04:14:57Z" user="AYAGE" uid="521665" lat="34.0345237" lon="132.1679668"/>
 <node id="9908667704" visible="true" version="1" changeset="124030618" timestamp="2022-07-25T04:14:57Z" user="AYAGE" uid="521665" lat="34.0344982" lon="132.1680513"/>
 <node id="9908667705" visible="true" version="1" changeset="124030618" timestamp="2022-07-25T04:14:57Z" user="AYAGE" uid="521665" lat="34.0344115" lon="132.1681170"/>
 <node id="9908667706" visible="true" version="1" changeset="124030618" timestamp="2022-07-25T04:14:57Z" user="AYAGE" uid="521665" lat="34.0342892" lon="132.1682069"/>
 <node id="9908667707" visible="true" version="1" changeset="124030618" timestamp="2022-07-25T04:14:57Z" user="AYAGE" uid="521665" lat="34.0341581" lon="132.1681599"/>
 <node id="9908667708" visible="true" version="1" changeset="124030618" timestamp="2022-07-25T04:14:57Z" user="AYAGE" uid="521665" lat="34.0341092" lon="132.1680111"/>
 <node id="9908667709" visible="true" version="1" changeset="124030618" timestamp="2022-07-25T04:14:57Z" user="AYAGE" uid="521665" lat="34.0340820" lon="132.1678749"/>
 <node id="9908667710" visible="true" version="1" changeset="124030618" timestamp="2022-07-25T04:14:57Z" user="AYAGE" uid="521665" lat="34.0340064" lon="132.1677972"/>
 <node id="9908667711" visible="true" version="1" changeset="124030618" timestamp="2022-07-25T04:14:57Z" user="AYAGE" uid="521665" lat="34.0339558" lon="132.1678032"/>
 <node id="9908667712" visible="true" version="1" changeset="124030618" timestamp="2022-07-25T04:14:57Z" user="AYAGE" uid="521665" lat="34.0338947" lon="132.1678609"/>
 <node id="9908667713" visible="true" version="1" changeset="124030618" timestamp="2022-07-25T04:14:57Z" user="AYAGE" uid="521665" lat="34.0337380" lon="132.1679212"/>
 <node id="9908667714" visible="true" version="1" changeset="124030618" timestamp="2022-07-25T04:14:57Z" user="AYAGE" uid="521665" lat="34.0336702" lon="132.1679628"/>
 <node id="9908667715" visible="true" version="1" changeset="124030618" timestamp="2022-07-25T04:14:57Z" user="AYAGE" uid="521665" lat="34.0336713" lon="132.1680848"/>
 <node id="9908667716" visible="true" version="1" changeset="124030618" timestamp="2022-07-25T04:14:57Z" user="AYAGE" uid="521665" lat="34.0337324" lon="132.1681961"/>
 <node id="9908667717" visible="true" version="1" changeset="124030618" timestamp="2022-07-25T04:14:57Z" user="AYAGE" uid="521665" lat="34.0337258" lon="132.1683356"/>
 <node id="9908667718" visible="true" version="1" changeset="124030618" timestamp="2022-07-25T04:14:57Z" user="AYAGE" uid="521665" lat="34.0336891" lon="132.1684791"/>
 <node id="9908667719" visible="true" version="1" changeset="124030618" timestamp="2022-07-25T04:14:57Z" user="AYAGE" uid="521665" lat="34.0336046" lon="132.1686119"/>
 <node id="9908667720" visible="true" version="1" changeset="124030618" timestamp="2022-07-25T04:14:57Z" user="AYAGE" uid="521665" lat="34.0336257" lon="132.1687205"/>
 <node id="9908667721" visible="true" version="1" changeset="124030618" timestamp="2022-07-25T04:14:57Z" user="AYAGE" uid="521665" lat="34.0337191" lon="132.1687822"/>
 <node id="9908667722" visible="true" version="1" changeset="124030618" timestamp="2022-07-25T04:14:57Z" user="AYAGE" uid="521665" lat="34.0338369" lon="132.1687044"/>
 <node id="9908667723" visible="true" version="1" changeset="124030618" timestamp="2022-07-25T04:14:57Z" user="AYAGE" uid="521665" lat="34.0339380" lon="132.1686481"/>
 <node id="9908667724" visible="true" version="1" changeset="124030618" timestamp="2022-07-25T04:14:57Z" user="AYAGE" uid="521665" lat="34.0341148" lon="132.1685877"/>
 <node id="9908667725" visible="true" version="1" changeset="124030618" timestamp="2022-07-25T04:14:57Z" user="AYAGE" uid="521665" lat="34.0341825" lon="132.1685314"/>
 <node id="9908667726" visible="true" version="1" changeset="124030618" timestamp="2022-07-25T04:14:57Z" user="AYAGE" uid="521665" lat="34.0341848" lon="132.1684080"/>
 <node id="9908667727" visible="true" version="1" changeset="124030618" timestamp="2022-07-25T04:14:57Z" user="AYAGE" uid="521665" lat="34.0342703" lon="132.1683423"/>
 <node id="9908667728" visible="true" version="1" changeset="124030618" timestamp="2022-07-25T04:14:57Z" user="AYAGE" uid="521665" lat="34.0343359" lon="132.1684791"/>
 <node id="9908667729" visible="true" version="1" changeset="124030618" timestamp="2022-07-25T04:14:57Z" user="AYAGE" uid="521665" lat="34.0343970" lon="132.1686615"/>
 <node id="9908667730" visible="true" version="1" changeset="124030618" timestamp="2022-07-25T04:14:57Z" user="AYAGE" uid="521665" lat="34.0344104" lon="132.1688144"/>
 <node id="9908667731" visible="true" version="1" changeset="124030618" timestamp="2022-07-25T04:14:57Z" user="AYAGE" uid="521665" lat="34.0344182" lon="132.1691658"/>
 <node id="9908667732" visible="true" version="1" changeset="124030618" timestamp="2022-07-25T04:14:57Z" user="AYAGE" uid="521665" lat="34.0344815" lon="132.1694984"/>
 <node id="9908667733" visible="true" version="1" changeset="124030618" timestamp="2022-07-25T04:14:57Z" user="AYAGE" uid="521665" lat="34.0345237" lon="132.1696378"/>
 <node id="9908667734" visible="true" version="1" changeset="124030618" timestamp="2022-07-25T04:14:57Z" user="AYAGE" uid="521665" lat="34.0346138" lon="132.1697424"/>
 <node id="9908667735" visible="true" version="1" changeset="124030618" timestamp="2022-07-25T04:14:57Z" user="AYAGE" uid="521665" lat="34.0345715" lon="132.1699798"/>
 <node id="9908667736" visible="true" version="1" changeset="124030618" timestamp="2022-07-25T04:14:57Z" user="AYAGE" uid="521665" lat="34.0346104" lon="132.1702051"/>
 <node id="9908667737" visible="true" version="1" changeset="124030618" timestamp="2022-07-25T04:14:57Z" user="AYAGE" uid="521665" lat="34.0347694" lon="132.1707791"/>
 <node id="9908667738" visible="true" version="1" changeset="124030618" timestamp="2022-07-25T04:14:57Z" user="AYAGE" uid="521665" lat="34.0350061" lon="132.1714872"/>
 <node id="9908667739" visible="true" version="1" changeset="124030618" timestamp="2022-07-25T04:14:57Z" user="AYAGE" uid="521665" lat="34.0352861" lon="132.1721484"/>
 <node id="9908667740" visible="true" version="1" changeset="124030618" timestamp="2022-07-25T04:14:57Z" user="AYAGE" uid="521665" lat="34.0353928" lon="132.1722811"/>
 <node id="9908667741" visible="true" version="1" changeset="124030618" timestamp="2022-07-25T04:14:57Z" user="AYAGE" uid="521665" lat="34.0354984" lon="132.1722610"/>
 <node id="9908667742" visible="true" version="1" changeset="124030618" timestamp="2022-07-25T04:14:57Z" user="AYAGE" uid="521665" lat="34.0355706" lon="132.1721457"/>
 <node id="9908667743" visible="true" version="1" changeset="124030618" timestamp="2022-07-25T04:14:57Z" user="AYAGE" uid="521665" lat="34.0356696" lon="132.1720907"/>
 <node id="9908667744" visible="true" version="1" changeset="124030618" timestamp="2022-07-25T04:14:57Z" user="AYAGE" uid="521665" lat="34.0357096" lon="132.1721068"/>
 <node id="9908667745" visible="true" version="1" changeset="124030618" timestamp="2022-07-25T04:14:57Z" user="AYAGE" uid="521665" lat="34.0356562" lon="132.1722020"/>
 <node id="9908667746" visible="true" version="1" changeset="124030618" timestamp="2022-07-25T04:14:57Z" user="AYAGE" uid="521665" lat="34.0355851" lon="132.1724810"/>
 <node id="9908667747" visible="true" version="1" changeset="124030618" timestamp="2022-07-25T04:14:57Z" user="AYAGE" uid="521665" lat="34.0355662" lon="132.1726204"/>
 <node id="9908667748" visible="true" version="1" changeset="124030618" timestamp="2022-07-25T04:14:57Z" user="AYAGE" uid="521665" lat="34.0357051" lon="132.1729745"/>
 <node id="9908667749" visible="true" version="1" changeset="124030618" timestamp="2022-07-25T04:14:57Z" user="AYAGE" uid="521665" lat="34.0359307" lon="132.1734895"/>
 <node id="9908667786" visible="true" version="1" changeset="124030618" timestamp="2022-07-25T04:14:57Z" user="AYAGE" uid="521665" lat="34.0359863" lon="132.1735217"/>
 <node id="9908667787" visible="true" version="1" changeset="124030618" timestamp="2022-07-25T04:14:57Z" user="AYAGE" uid="521665" lat="34.0361163" lon="132.1734814"/>
 <node id="9908667788" visible="true" version="1" changeset="124030618" timestamp="2022-07-25T04:14:57Z" user="AYAGE" uid="521665" lat="34.0362441" lon="132.1735083"/>
 <node id="9908667789" visible="true" version="1" changeset="124030618" timestamp="2022-07-25T04:14:57Z" user="AYAGE" uid="521665" lat="34.0363319" lon="132.1736357"/>
 <node id="9908667790" visible="true" version="1" changeset="124030618" timestamp="2022-07-25T04:14:57Z" user="AYAGE" uid="521665" lat="34.0363064" lon="132.1737604"/>
 <node id="9908667791" visible="true" version="1" changeset="124030618" timestamp="2022-07-25T04:14:57Z" user="AYAGE" uid="521665" lat="34.0363819" lon="132.1739092"/>
 <node id="9908667792" visible="true" version="1" changeset="124030618" timestamp="2022-07-25T04:14:57Z" user="AYAGE" uid="521665" lat="34.0362997" lon="132.1740434"/>
 <node id="9908667793" visible="true" version="1" changeset="124030618" timestamp="2022-07-25T04:14:57Z" user="AYAGE" uid="521665" lat="34.0362330" lon="132.1739857"/>
 <node id="9908667794" visible="true" version="1" changeset="124030618" timestamp="2022-07-25T04:14:57Z" user="AYAGE" uid="521665" lat="34.0361863" lon="132.1739843"/>
 <node id="9908667795" visible="true" version="1" changeset="124030618" timestamp="2022-07-25T04:14:57Z" user="AYAGE" uid="521665" lat="34.0362430" lon="132.1742083"/>
 <node id="9908667796" visible="true" version="1" changeset="124030618" timestamp="2022-07-25T04:14:57Z" user="AYAGE" uid="521665" lat="34.0363130" lon="132.1743451"/>
 <node id="9908667797" visible="true" version="1" changeset="124030618" timestamp="2022-07-25T04:14:57Z" user="AYAGE" uid="521665" lat="34.0364742" lon="132.1746750"/>
 <node id="9908667798" visible="true" version="1" changeset="124030618" timestamp="2022-07-25T04:14:57Z" user="AYAGE" uid="521665" lat="34.0365164" lon="132.1746629"/>
 <node id="9908667799" visible="true" version="1" changeset="124030618" timestamp="2022-07-25T04:14:57Z" user="AYAGE" uid="521665" lat="34.0365231" lon="132.1745919"/>
 <node id="9908667800" visible="true" version="1" changeset="124030618" timestamp="2022-07-25T04:14:57Z" user="AYAGE" uid="521665" lat="34.0365709" lon="132.1745409"/>
 <node id="9908667801" visible="true" version="1" changeset="124030618" timestamp="2022-07-25T04:14:57Z" user="AYAGE" uid="521665" lat="34.0367042" lon="132.1745610"/>
 <node id="9908667802" visible="true" version="1" changeset="124030618" timestamp="2022-07-25T04:14:57Z" user="AYAGE" uid="521665" lat="34.0367987" lon="132.1746388"/>
 <node id="9908667803" visible="true" version="1" changeset="124030618" timestamp="2022-07-25T04:14:57Z" user="AYAGE" uid="521665" lat="34.0368498" lon="132.1747863"/>
 <node id="9908667804" visible="true" version="1" changeset="124030618" timestamp="2022-07-25T04:14:57Z" user="AYAGE" uid="521665" lat="34.0368409" lon="132.1749768"/>
 <node id="9908667805" visible="true" version="1" changeset="124030618" timestamp="2022-07-25T04:14:57Z" user="AYAGE" uid="521665" lat="34.0368765" lon="132.1749821"/>
 <node id="9908667806" visible="true" version="1" changeset="124030618" timestamp="2022-07-25T04:14:57Z" user="AYAGE" uid="521665" lat="34.0369287" lon="132.1749271"/>
 <node id="9908667807" visible="true" version="1" changeset="124030618" timestamp="2022-07-25T04:14:57Z" user="AYAGE" uid="521665" lat="34.0369987" lon="132.1749271"/>
 <node id="9908667808" visible="true" version="1" changeset="124030618" timestamp="2022-07-25T04:14:57Z" user="AYAGE" uid="521665" lat="34.0370754" lon="132.1749151"/>
 <node id="9908667809" visible="true" version="1" changeset="124030618" timestamp="2022-07-25T04:14:57Z" user="AYAGE" uid="521665" lat="34.0372366" lon="132.1747796"/>
 <node id="9908667810" visible="true" version="1" changeset="124030618" timestamp="2022-07-25T04:14:57Z" user="AYAGE" uid="521665" lat="34.0372621" lon="132.1747139"/>
 <node id="9908667811" visible="true" version="1" changeset="124030618" timestamp="2022-07-25T04:14:57Z" user="AYAGE" uid="521665" lat="34.0372277" lon="132.1746629"/>
 <node id="9908667812" visible="true" version="1" changeset="124030618" timestamp="2022-07-25T04:14:57Z" user="AYAGE" uid="521665" lat="34.0371754" lon="132.1745825"/>
 <node id="9908667813" visible="true" version="1" changeset="124030618" timestamp="2022-07-25T04:14:57Z" user="AYAGE" uid="521665" lat="34.0371643" lon="132.1744940"/>
 <node id="9908667814" visible="true" version="1" changeset="124030618" timestamp="2022-07-25T04:14:57Z" user="AYAGE" uid="521665" lat="34.0371543" lon="132.1743934"/>
 <node id="9908667815" visible="true" version="1" changeset="124030618" timestamp="2022-07-25T04:14:57Z" user="AYAGE" uid="521665" lat="34.0371088" lon="132.1742512"/>
 <node id="9908667816" visible="true" version="1" changeset="124030618" timestamp="2022-07-25T04:14:57Z" user="AYAGE" uid="521665" lat="34.0372543" lon="132.1741573"/>
 <node id="9908667817" visible="true" version="1" changeset="124030618" timestamp="2022-07-25T04:14:57Z" user="AYAGE" uid="521665" lat="34.0374333" lon="132.1741600"/>
 <node id="9908667818" visible="true" version="1" changeset="124030618" timestamp="2022-07-25T04:14:57Z" user="AYAGE" uid="521665" lat="34.0375044" lon="132.1741828"/>
 <node id="9908667819" visible="true" version="1" changeset="124030618" timestamp="2022-07-25T04:14:57Z" user="AYAGE" uid="521665" lat="34.0374855" lon="132.1743706"/>
 <node id="9908667820" visible="true" version="1" changeset="124030618" timestamp="2022-07-25T04:14:57Z" user="AYAGE" uid="521665" lat="34.0374055" lon="132.1745932"/>
 <node id="9908667821" visible="true" version="1" changeset="124030618" timestamp="2022-07-25T04:14:57Z" user="AYAGE" uid="521665" lat="34.0373299" lon="132.1746857"/>
 <node id="9908667822" visible="true" version="1" changeset="124030618" timestamp="2022-07-25T04:14:57Z" user="AYAGE" uid="521665" lat="34.0373499" lon="132.1747783"/>
 <node id="9908667823" visible="true" version="1" changeset="124030618" timestamp="2022-07-25T04:14:57Z" user="AYAGE" uid="521665" lat="34.0374188" lon="132.1748279"/>
 <node id="9908667824" visible="true" version="1" changeset="124030618" timestamp="2022-07-25T04:14:57Z" user="AYAGE" uid="521665" lat="34.0374655" lon="132.1749137"/>
 <node id="9908667825" visible="true" version="1" changeset="124030618" timestamp="2022-07-25T04:14:57Z" user="AYAGE" uid="521665" lat="34.0374566" lon="132.1749915"/>
 <node id="9908667826" visible="true" version="1" changeset="124030618" timestamp="2022-07-25T04:14:57Z" user="AYAGE" uid="521665" lat="34.0373699" lon="132.1751109"/>
 <node id="9908667827" visible="true" version="1" changeset="124030618" timestamp="2022-07-25T04:14:57Z" user="AYAGE" uid="521665" lat="34.0373355" lon="132.1751980"/>
 <node id="9908667828" visible="true" version="1" changeset="124030618" timestamp="2022-07-25T04:14:57Z" user="AYAGE" uid="521665" lat="34.0372399" lon="132.1752745"/>
 <node id="9908667829" visible="true" version="1" changeset="124030618" timestamp="2022-07-25T04:14:57Z" user="AYAGE" uid="521665" lat="34.0371654" lon="132.1753979"/>
 <node id="9908667830" visible="true" version="1" changeset="124030618" timestamp="2022-07-25T04:14:57Z" user="AYAGE" uid="521665" lat="34.0371954" lon="132.1755052"/>
 <node id="9908667831" visible="true" version="1" changeset="124030618" timestamp="2022-07-25T04:14:57Z" user="AYAGE" uid="521665" lat="34.0371577" lon="132.1756835"/>
 <node id="9908667832" visible="true" version="1" changeset="124030618" timestamp="2022-07-25T04:14:57Z" user="AYAGE" uid="521665" lat="34.0372843" lon="132.1756849"/>
 <node id="9908667833" visible="true" version="1" changeset="124030618" timestamp="2022-07-25T04:14:57Z" user="AYAGE" uid="521665" lat="34.0373121" lon="132.1756111"/>
 <node id="9908667834" visible="true" version="1" changeset="124030618" timestamp="2022-07-25T04:14:57Z" user="AYAGE" uid="521665" lat="34.0372899" lon="132.1755789"/>
 <node id="9908667835" visible="true" version="1" changeset="124030618" timestamp="2022-07-25T04:14:57Z" user="AYAGE" uid="521665" lat="34.0372743" lon="132.1755253"/>
 <node id="9908667836" visible="true" version="1" changeset="124030618" timestamp="2022-07-25T04:14:57Z" user="AYAGE" uid="521665" lat="34.0373399" lon="132.1754032"/>
 <node id="9908667837" visible="true" version="1" changeset="124030618" timestamp="2022-07-25T04:14:57Z" user="AYAGE" uid="521665" lat="34.0373999" lon="132.1753268"/>
 <node id="9908667838" visible="true" version="1" changeset="124030618" timestamp="2022-07-25T04:14:57Z" user="AYAGE" uid="521665" lat="34.0374755" lon="132.1752946"/>
 <node id="9908667839" visible="true" version="1" changeset="124030618" timestamp="2022-07-25T04:14:57Z" user="AYAGE" uid="521665" lat="34.0375422" lon="132.1753429"/>
 <node id="9908667840" visible="true" version="1" changeset="124030618" timestamp="2022-07-25T04:14:57Z" user="AYAGE" uid="521665" lat="34.0376289" lon="132.1754247"/>
 <node id="9908667841" visible="true" version="1" changeset="124030618" timestamp="2022-07-25T04:14:57Z" user="AYAGE" uid="521665" lat="34.0377289" lon="132.1754006"/>
 <node id="9908667842" visible="true" version="1" changeset="124030618" timestamp="2022-07-25T04:14:57Z" user="AYAGE" uid="521665" lat="34.0377900" lon="132.1753201"/>
 <node id="9908667843" visible="true" version="1" changeset="124030618" timestamp="2022-07-25T04:14:57Z" user="AYAGE" uid="521665" lat="34.0378711" lon="132.1752892"/>
 <node id="9908667844" visible="true" version="1" changeset="124030618" timestamp="2022-07-25T04:14:57Z" user="AYAGE" uid="521665" lat="34.0379634" lon="132.1752504"/>
 <node id="9908667845" visible="true" version="1" changeset="124030618" timestamp="2022-07-25T04:14:57Z" user="AYAGE" uid="521665" lat="34.0380467" lon="132.1752423"/>
 <node id="9908667846" visible="true" version="1" changeset="124030618" timestamp="2022-07-25T04:14:57Z" user="AYAGE" uid="521665" lat="34.0381267" lon="132.1751699"/>
 <node id="9908667847" visible="true" version="1" changeset="124030618" timestamp="2022-07-25T04:14:57Z" user="AYAGE" uid="521665" lat="34.0381256" lon="132.1751229"/>
 <node id="9908667848" visible="true" version="1" changeset="124030618" timestamp="2022-07-25T04:14:57Z" user="AYAGE" uid="521665" lat="34.0380745" lon="132.1751042"/>
 <node id="9908667849" visible="true" version="1" changeset="124030618" timestamp="2022-07-25T04:14:57Z" user="AYAGE" uid="521665" lat="34.0380178" lon="132.1751900"/>
 <node id="9908667850" visible="true" version="1" changeset="124030618" timestamp="2022-07-25T04:14:57Z" user="AYAGE" uid="521665" lat="34.0379623" lon="132.1751860"/>
 <node id="9908667851" visible="true" version="1" changeset="124030618" timestamp="2022-07-25T04:14:57Z" user="AYAGE" uid="521665" lat="34.0378645" lon="132.1750827"/>
 <node id="9908667852" visible="true" version="1" changeset="124030618" timestamp="2022-07-25T04:14:57Z" user="AYAGE" uid="521665" lat="34.0378589" lon="132.1749875"/>
 <node id="9908667853" visible="true" version="1" changeset="124030618" timestamp="2022-07-25T04:14:57Z" user="AYAGE" uid="521665" lat="34.0377878" lon="132.1748829"/>
 <node id="9908667854" visible="true" version="1" changeset="124030618" timestamp="2022-07-25T04:14:57Z" user="AYAGE" uid="521665" lat="34.0377467" lon="132.1747595"/>
 <node id="9908667855" visible="true" version="1" changeset="124030618" timestamp="2022-07-25T04:14:57Z" user="AYAGE" uid="521665" lat="34.0377278" lon="132.1746710"/>
 <node id="9908667856" visible="true" version="1" changeset="124030618" timestamp="2022-07-25T04:14:57Z" user="AYAGE" uid="521665" lat="34.0375944" lon="132.1745986"/>
 <node id="9908667857" visible="true" version="1" changeset="124030618" timestamp="2022-07-25T04:14:57Z" user="AYAGE" uid="521665" lat="34.0375688" lon="132.1745369"/>
 <node id="9908667858" visible="true" version="1" changeset="124030618" timestamp="2022-07-25T04:14:57Z" user="AYAGE" uid="521665" lat="34.0376255" lon="132.1744417"/>
 <node id="9908667859" visible="true" version="1" changeset="124030618" timestamp="2022-07-25T04:14:57Z" user="AYAGE" uid="521665" lat="34.0377878" lon="132.1744940"/>
 <node id="9908667860" visible="true" version="1" changeset="124030618" timestamp="2022-07-25T04:14:57Z" user="AYAGE" uid="521665" lat="34.0378389" lon="132.1745744"/>
 <node id="9908667861" visible="true" version="1" changeset="124030618" timestamp="2022-07-25T04:14:57Z" user="AYAGE" uid="521665" lat="34.0378445" lon="132.1746576"/>
 <node id="9908667862" visible="true" version="1" changeset="124030618" timestamp="2022-07-25T04:14:57Z" user="AYAGE" uid="521665" lat="34.0379111" lon="132.1747152"/>
 <node id="9908667863" visible="true" version="1" changeset="124030618" timestamp="2022-07-25T04:14:57Z" user="AYAGE" uid="521665" lat="34.0379700" lon="132.1748118"/>
 <node id="9908667864" visible="true" version="1" changeset="124030618" timestamp="2022-07-25T04:14:57Z" user="AYAGE" uid="521665" lat="34.0380956" lon="132.1749446"/>
 <node id="9908667865" visible="true" version="1" changeset="124030618" timestamp="2022-07-25T04:14:57Z" user="AYAGE" uid="521665" lat="34.0381779" lon="132.1750559"/>
 <node id="9908667866" visible="true" version="1" changeset="124030618" timestamp="2022-07-25T04:14:57Z" user="AYAGE" uid="521665" lat="34.0383479" lon="132.1750841"/>
 <node id="9908852972" visible="true" version="1" changeset="124034389" timestamp="2022-07-25T06:28:36Z" user="AYAGE" uid="521665" lat="34.0331473" lon="132.1525180"/>
 <node id="9908852973" visible="true" version="1" changeset="124034389" timestamp="2022-07-25T06:28:36Z" user="AYAGE" uid="521665" lat="34.0328783" lon="132.1525991"/>
 <node id="9908852974" visible="true" version="1" changeset="124034389" timestamp="2022-07-25T06:28:36Z" user="AYAGE" uid="521665" lat="34.0328833" lon="132.1532361"/>
 <node id="9908852975" visible="true" version="1" changeset="124034389" timestamp="2022-07-25T06:28:36Z" user="AYAGE" uid="521665" lat="34.0330200" lon="132.1535084"/>
 <node id="9908852976" visible="true" version="1" changeset="124034389" timestamp="2022-07-25T06:28:36Z" user="AYAGE" uid="521665" lat="34.0334818" lon="132.1552967"/>
 <node id="9908852977" visible="true" version="1" changeset="124034389" timestamp="2022-07-25T06:28:36Z" user="AYAGE" uid="521665" lat="34.0335707" lon="132.1556836"/>
 <node id="9908852978" visible="true" version="1" changeset="124034389" timestamp="2022-07-25T06:28:36Z" user="AYAGE" uid="521665" lat="34.0338380" lon="132.1563247"/>
 <node id="9908852979" visible="true" version="1" changeset="124034389" timestamp="2022-07-25T06:28:36Z" user="AYAGE" uid="521665" lat="34.0337052" lon="132.1569523"/>
 <node id="9908852980" visible="true" version="1" changeset="124034389" timestamp="2022-07-25T06:28:36Z" user="AYAGE" uid="521665" lat="34.0335296" lon="132.1571293"/>
 <node id="9908852981" visible="true" version="1" changeset="124034389" timestamp="2022-07-25T06:28:36Z" user="AYAGE" uid="521665" lat="34.0333690" lon="132.1573057"/>
 <node id="9908852982" visible="true" version="1" changeset="124034389" timestamp="2022-07-25T06:28:36Z" user="AYAGE" uid="521665" lat="34.0334568" lon="132.1581888"/>
 <node id="9908852983" visible="true" version="1" changeset="124034389" timestamp="2022-07-25T06:28:36Z" user="AYAGE" uid="521665" lat="34.0333657" lon="132.1584289"/>
 <node id="9908852984" visible="true" version="1" changeset="124034389" timestamp="2022-07-25T06:28:36Z" user="AYAGE" uid="521665" lat="34.0329889" lon="132.1587977"/>
 <node id="9908852985" visible="true" version="1" changeset="124034389" timestamp="2022-07-25T06:28:36Z" user="AYAGE" uid="521665" lat="34.0329433" lon="132.1590183"/>
 <node id="9908852986" visible="true" version="1" changeset="124034389" timestamp="2022-07-25T06:28:36Z" user="AYAGE" uid="521665" lat="34.0330734" lon="132.1596969"/>
 <node id="9908852987" visible="true" version="1" changeset="124034389" timestamp="2022-07-25T06:28:36Z" user="AYAGE" uid="521665" lat="34.0328005" lon="132.1601200"/>
 <node id="9908852988" visible="true" version="1" changeset="124034389" timestamp="2022-07-25T06:28:36Z" user="AYAGE" uid="521665" lat="34.0328811" lon="132.1604861"/>
 <node id="9910074260" visible="true" version="1" changeset="124061956" timestamp="2022-07-25T17:15:33Z" user="AYAGE" uid="521665" lat="34.0394292" lon="132.1452874"/>
 <node id="9910074261" visible="true" version="1" changeset="124061956" timestamp="2022-07-25T17:15:33Z" user="AYAGE" uid="521665" lat="34.0393425" lon="132.1453182"/>
 <node id="9910074262" visible="true" version="1" changeset="124061956" timestamp="2022-07-25T17:15:33Z" user="AYAGE" uid="521665" lat="34.0393514" lon="132.1453947"/>
 <node id="9910074263" visible="true" version="1" changeset="124061956" timestamp="2022-07-25T17:15:33Z" user="AYAGE" uid="521665" lat="34.0393292" lon="132.1455181"/>
 <node id="9910074264" visible="true" version="1" changeset="124061956" timestamp="2022-07-25T17:15:33Z" user="AYAGE" uid="521665" lat="34.0392625" lon="132.1456280"/>
 <node id="9910074265" visible="true" version="1" changeset="124061956" timestamp="2022-07-25T17:15:33Z" user="AYAGE" uid="521665" lat="34.0390836" lon="132.1456160"/>
 <node id="9910074266" visible="true" version="1" changeset="124061956" timestamp="2022-07-25T17:15:33Z" user="AYAGE" uid="521665" lat="34.0388280" lon="132.1455784"/>
 <node id="9910074267" visible="true" version="1" changeset="124061956" timestamp="2022-07-25T17:15:33Z" user="AYAGE" uid="521665" lat="34.0386313" lon="132.1454456"/>
 <node id="9910074268" visible="true" version="1" changeset="124061956" timestamp="2022-07-25T17:15:33Z" user="AYAGE" uid="521665" lat="34.0386124" lon="132.1453357"/>
 <node id="9910074269" visible="true" version="1" changeset="124061956" timestamp="2022-07-25T17:15:33Z" user="AYAGE" uid="521665" lat="34.0386624" lon="132.1452820"/>
 <node id="9910074270" visible="true" version="1" changeset="124061956" timestamp="2022-07-25T17:15:33Z" user="AYAGE" uid="521665" lat="34.0386035" lon="132.1452592"/>
 <node id="9910074271" visible="true" version="1" changeset="124061956" timestamp="2022-07-25T17:15:33Z" user="AYAGE" uid="521665" lat="34.0384957" lon="132.1452914"/>
 <node id="9910074272" visible="true" version="1" changeset="124061956" timestamp="2022-07-25T17:15:33Z" user="AYAGE" uid="521665" lat="34.0384746" lon="132.1454108"/>
 <node id="9910074273" visible="true" version="1" changeset="124061956" timestamp="2022-07-25T17:15:33Z" user="AYAGE" uid="521665" lat="34.0384946" lon="132.1456066"/>
 <node id="9910074274" visible="true" version="1" changeset="124061956" timestamp="2022-07-25T17:15:33Z" user="AYAGE" uid="521665" lat="34.0385513" lon="132.1457219"/>
 <node id="9910074275" visible="true" version="1" changeset="124061956" timestamp="2022-07-25T17:15:33Z" user="AYAGE" uid="521665" lat="34.0385413" lon="132.1458748"/>
 <node id="9910074276" visible="true" version="1" changeset="124061956" timestamp="2022-07-25T17:15:33Z" user="AYAGE" uid="521665" lat="34.0384568" lon="132.1460572"/>
 <node id="9910074277" visible="true" version="1" changeset="124061956" timestamp="2022-07-25T17:15:33Z" user="AYAGE" uid="521665" lat="34.0383901" lon="132.1460733"/>
 <node id="9910074278" visible="true" version="1" changeset="124061956" timestamp="2022-07-25T17:15:33Z" user="AYAGE" uid="521665" lat="34.0383123" lon="132.1461336"/>
 <node id="9910074279" visible="true" version="1" changeset="124061956" timestamp="2022-07-25T17:15:33Z" user="AYAGE" uid="521665" lat="34.0381579" lon="132.1460880"/>
 <node id="9910074280" visible="true" version="1" changeset="124061956" timestamp="2022-07-25T17:15:33Z" user="AYAGE" uid="521665" lat="34.0380389" lon="132.1459955"/>
 <node id="9910074281" visible="true" version="1" changeset="124061956" timestamp="2022-07-25T17:15:33Z" user="AYAGE" uid="521665" lat="34.0379556" lon="132.1458212"/>
 <node id="9910074282" visible="true" version="1" changeset="124061956" timestamp="2022-07-25T17:15:33Z" user="AYAGE" uid="521665" lat="34.0378889" lon="132.1457005"/>
 <node id="9910074283" visible="true" version="1" changeset="124061956" timestamp="2022-07-25T17:15:33Z" user="AYAGE" uid="521665" lat="34.0377656" lon="132.1456227"/>
 <node id="9910074284" visible="true" version="1" changeset="124061956" timestamp="2022-07-25T17:15:33Z" user="AYAGE" uid="521665" lat="34.0377255" lon="132.1455570"/>
 <node id="9910074285" visible="true" version="1" changeset="124061956" timestamp="2022-07-25T17:15:33Z" user="AYAGE" uid="521665" lat="34.0376978" lon="132.1453866"/>
 <node id="9910074286" visible="true" version="1" changeset="124061956" timestamp="2022-07-25T17:15:33Z" user="AYAGE" uid="521665" lat="34.0376411" lon="132.1453759"/>
 <node id="9910074287" visible="true" version="1" changeset="124061956" timestamp="2022-07-25T17:15:33Z" user="AYAGE" uid="521665" lat="34.0375944" lon="132.1454336"/>
 <node id="9910074288" visible="true" version="1" changeset="124061956" timestamp="2022-07-25T17:15:33Z" user="AYAGE" uid="521665" lat="34.0374944" lon="132.1455073"/>
 <node id="9910074289" visible="true" version="1" changeset="124061956" timestamp="2022-07-25T17:15:33Z" user="AYAGE" uid="521665" lat="34.0374433" lon="132.1456227"/>
 <node id="9910074290" visible="true" version="1" changeset="124061956" timestamp="2022-07-25T17:15:33Z" user="AYAGE" uid="521665" lat="34.0374977" lon="132.1457139"/>
 <node id="9910074291" visible="true" version="1" changeset="124061956" timestamp="2022-07-25T17:15:33Z" user="AYAGE" uid="521665" lat="34.0374955" lon="132.1458413"/>
 <node id="9910074292" visible="true" version="1" changeset="124061956" timestamp="2022-07-25T17:15:33Z" user="AYAGE" uid="521665" lat="34.0375700" lon="132.1458051"/>
 <node id="9910074293" visible="true" version="1" changeset="124061956" timestamp="2022-07-25T17:15:33Z" user="AYAGE" uid="521665" lat="34.0375344" lon="132.1457259"/>
 <node id="9910074294" visible="true" version="1" changeset="124061956" timestamp="2022-07-25T17:15:33Z" user="AYAGE" uid="521665" lat="34.0375477" lon="132.1455918"/>
 <node id="9910074295" visible="true" version="1" changeset="124061956" timestamp="2022-07-25T17:15:33Z" user="AYAGE" uid="521665" lat="34.0375933" lon="132.1455838"/>
 <node id="9910074296" visible="true" version="1" changeset="124061956" timestamp="2022-07-25T17:15:33Z" user="AYAGE" uid="521665" lat="34.0376100" lon="132.1456374"/>
 <node id="9910074297" visible="true" version="1" changeset="124061956" timestamp="2022-07-25T17:15:33Z" user="AYAGE" uid="521665" lat="34.0377000" lon="132.1457206"/>
 <node id="9910074298" visible="true" version="1" changeset="124061956" timestamp="2022-07-25T17:15:33Z" user="AYAGE" uid="521665" lat="34.0377222" lon="132.1457863"/>
 <node id="9910074299" visible="true" version="1" changeset="124061956" timestamp="2022-07-25T17:15:33Z" user="AYAGE" uid="521665" lat="34.0376389" lon="132.1459714"/>
 <node id="9910074300" visible="true" version="1" changeset="124061956" timestamp="2022-07-25T17:15:33Z" user="AYAGE" uid="521665" lat="34.0374966" lon="132.1461591"/>
 <node id="9910074301" visible="true" version="1" changeset="124061956" timestamp="2022-07-25T17:15:33Z" user="AYAGE" uid="521665" lat="34.0374188" lon="132.1461833"/>
 <node id="9910074302" visible="true" version="1" changeset="124061956" timestamp="2022-07-25T17:15:33Z" user="AYAGE" uid="521665" lat="34.0373010" lon="132.1461430"/>
 <node id="9910074303" visible="true" version="1" changeset="124061956" timestamp="2022-07-25T17:15:33Z" user="AYAGE" uid="521665" lat="34.0372399" lon="132.1461712"/>
 <node id="9910074304" visible="true" version="1" changeset="124061956" timestamp="2022-07-25T17:15:33Z" user="AYAGE" uid="521665" lat="34.0372232" lon="132.1462449"/>
 <node id="9910074305" visible="true" version="1" changeset="124061956" timestamp="2022-07-25T17:15:33Z" user="AYAGE" uid="521665" lat="34.0373155" lon="132.1463080"/>
 <node id="9910074306" visible="true" version="1" changeset="124061956" timestamp="2022-07-25T17:15:33Z" user="AYAGE" uid="521665" lat="34.0374966" lon="132.1462959"/>
 <node id="9910074307" visible="true" version="1" changeset="124061956" timestamp="2022-07-25T17:15:33Z" user="AYAGE" uid="521665" lat="34.0376022" lon="132.1462208"/>
 <node id="9910074308" visible="true" version="1" changeset="124061956" timestamp="2022-07-25T17:15:33Z" user="AYAGE" uid="521665" lat="34.0376511" lon="132.1462664"/>
 <node id="9910074309" visible="true" version="1" changeset="124061956" timestamp="2022-07-25T17:15:33Z" user="AYAGE" uid="521665" lat="34.0376100" lon="132.1463576"/>
 <node id="9910074310" visible="true" version="1" changeset="124061956" timestamp="2022-07-25T17:15:33Z" user="AYAGE" uid="521665" lat="34.0374666" lon="132.1464273"/>
 <node id="9910074311" visible="true" version="1" changeset="124061956" timestamp="2022-07-25T17:15:33Z" user="AYAGE" uid="521665" lat="34.0373288" lon="132.1464099"/>
 <node id="9910074312" visible="true" version="1" changeset="124061956" timestamp="2022-07-25T17:15:33Z" user="AYAGE" uid="521665" lat="34.0372332" lon="132.1463630"/>
 <node id="9910074313" visible="true" version="1" changeset="124061956" timestamp="2022-07-25T17:15:33Z" user="AYAGE" uid="521665" lat="34.0371243" lon="132.1462651"/>
 <node id="9910074314" visible="true" version="1" changeset="124061956" timestamp="2022-07-25T17:15:33Z" user="AYAGE" uid="521665" lat="34.0369776" lon="132.1462892"/>
 <node id="9910074315" visible="true" version="1" changeset="124061956" timestamp="2022-07-25T17:15:33Z" user="AYAGE" uid="521665" lat="34.0369054" lon="132.1463603"/>
 <node id="9910074316" visible="true" version="1" changeset="124061956" timestamp="2022-07-25T17:15:33Z" user="AYAGE" uid="521665" lat="34.0367754" lon="132.1465735"/>
 <node id="9910074317" visible="true" version="1" changeset="124061956" timestamp="2022-07-25T17:15:33Z" user="AYAGE" uid="521665" lat="34.0366987" lon="132.1466057"/>
 <node id="9910074318" visible="true" version="1" changeset="124061956" timestamp="2022-07-25T17:15:33Z" user="AYAGE" uid="521665" lat="34.0365464" lon="132.1466701"/>
 <node id="9910074319" visible="true" version="1" changeset="124061956" timestamp="2022-07-25T17:15:33Z" user="AYAGE" uid="521665" lat="34.0364453" lon="132.1467787"/>
 <node id="9910074320" visible="true" version="1" changeset="124061956" timestamp="2022-07-25T17:15:33Z" user="AYAGE" uid="521665" lat="34.0364008" lon="132.1469235"/>
 <node id="9910074321" visible="true" version="1" changeset="124061956" timestamp="2022-07-25T17:15:33Z" user="AYAGE" uid="521665" lat="34.0362641" lon="132.1471716"/>
 <node id="9910074322" visible="true" version="1" changeset="124061956" timestamp="2022-07-25T17:15:33Z" user="AYAGE" uid="521665" lat="34.0361385" lon="132.1473299"/>
 <node id="9910074323" visible="true" version="1" changeset="124061956" timestamp="2022-07-25T17:15:33Z" user="AYAGE" uid="521665" lat="34.0360452" lon="132.1474251"/>
 <node id="9910074324" visible="true" version="1" changeset="124061956" timestamp="2022-07-25T17:15:33Z" user="AYAGE" uid="521665" lat="34.0360119" lon="132.1476276"/>
 <node id="9910074325" visible="true" version="1" changeset="124061956" timestamp="2022-07-25T17:15:33Z" user="AYAGE" uid="521665" lat="34.0360174" lon="132.1477269"/>
 <node id="9910074326" visible="true" version="1" changeset="124061956" timestamp="2022-07-25T17:15:33Z" user="AYAGE" uid="521665" lat="34.0359874" lon="132.1478744"/>
 <node id="9910074327" visible="true" version="1" changeset="124061956" timestamp="2022-07-25T17:15:33Z" user="AYAGE" uid="521665" lat="34.0358563" lon="132.1480688"/>
 <node id="9910074328" visible="true" version="1" changeset="124061956" timestamp="2022-07-25T17:15:33Z" user="AYAGE" uid="521665" lat="34.0358285" lon="132.1482030"/>
 <node id="9910074329" visible="true" version="1" changeset="124061956" timestamp="2022-07-25T17:15:33Z" user="AYAGE" uid="521665" lat="34.0356896" lon="132.1483880"/>
 <node id="9910074330" visible="true" version="1" changeset="124061956" timestamp="2022-07-25T17:15:33Z" user="AYAGE" uid="521665" lat="34.0355762" lon="132.1484873"/>
 <node id="9910074331" visible="true" version="1" changeset="124061956" timestamp="2022-07-25T17:15:33Z" user="AYAGE" uid="521665" lat="34.0354740" lon="132.1485879"/>
 <node id="9910074332" visible="true" version="1" changeset="124061956" timestamp="2022-07-25T17:15:33Z" user="AYAGE" uid="521665" lat="34.0354528" lon="132.1487273"/>
 <node id="9910074333" visible="true" version="1" changeset="124061956" timestamp="2022-07-25T17:15:33Z" user="AYAGE" uid="521665" lat="34.0353951" lon="132.1488909"/>
 <node id="9910074334" visible="true" version="1" changeset="124061956" timestamp="2022-07-25T17:15:33Z" user="AYAGE" uid="521665" lat="34.0353250" lon="132.1489178"/>
 <node id="9910074335" visible="true" version="1" changeset="124061956" timestamp="2022-07-25T17:15:33Z" user="AYAGE" uid="521665" lat="34.0353173" lon="132.1489942"/>
 <node id="9910074336" visible="true" version="1" changeset="124061956" timestamp="2022-07-25T17:15:33Z" user="AYAGE" uid="521665" lat="34.0354017" lon="132.1490116"/>
 <node id="9910074337" visible="true" version="1" changeset="124061956" timestamp="2022-07-25T17:15:33Z" user="AYAGE" uid="521665" lat="34.0355195" lon="132.1491002"/>
 <node id="9910074338" visible="true" version="1" changeset="124061956" timestamp="2022-07-25T17:15:33Z" user="AYAGE" uid="521665" lat="34.0356295" lon="132.1492048"/>
 <node id="9910074339" visible="true" version="1" changeset="124061956" timestamp="2022-07-25T17:15:33Z" user="AYAGE" uid="521665" lat="34.0356362" lon="132.1492986"/>
 <node id="9910074340" visible="true" version="1" changeset="124061956" timestamp="2022-07-25T17:15:33Z" user="AYAGE" uid="521665" lat="34.0355862" lon="132.1493925"/>
 <node id="9910074341" visible="true" version="1" changeset="124061956" timestamp="2022-07-25T17:15:33Z" user="AYAGE" uid="521665" lat="34.0355317" lon="132.1495172"/>
 <node id="9910074342" visible="true" version="1" changeset="124061956" timestamp="2022-07-25T17:15:33Z" user="AYAGE" uid="521665" lat="34.0355373" lon="132.1495602"/>
 <node id="9910074343" visible="true" version="1" changeset="124061956" timestamp="2022-07-25T17:15:33Z" user="AYAGE" uid="521665" lat="34.0354962" lon="132.1496420"/>
 <node id="9910074344" visible="true" version="1" changeset="124061956" timestamp="2022-07-25T17:15:33Z" user="AYAGE" uid="521665" lat="34.0354206" lon="132.1497224"/>
 <node id="9910074345" visible="true" version="1" changeset="124061956" timestamp="2022-07-25T17:15:33Z" user="AYAGE" uid="521665" lat="34.0353017" lon="132.1498646"/>
 <node id="9910074346" visible="true" version="1" changeset="124061956" timestamp="2022-07-25T17:15:33Z" user="AYAGE" uid="521665" lat="34.0351906" lon="132.1499571"/>
 <node id="9910074347" visible="true" version="1" changeset="124061956" timestamp="2022-07-25T17:15:33Z" user="AYAGE" uid="521665" lat="34.0352117" lon="132.1500805"/>
 <node id="9910074348" visible="true" version="1" changeset="124061956" timestamp="2022-07-25T17:15:33Z" user="AYAGE" uid="521665" lat="34.0353028" lon="132.1501154"/>
 <node id="9910074349" visible="true" version="1" changeset="124061956" timestamp="2022-07-25T17:15:33Z" user="AYAGE" uid="521665" lat="34.0354517" lon="132.1501690"/>
 <node id="9910074350" visible="true" version="1" changeset="124061956" timestamp="2022-07-25T17:15:33Z" user="AYAGE" uid="521665" lat="34.0355384" lon="132.1501073"/>
 <node id="9910074351" visible="true" version="1" changeset="124061956" timestamp="2022-07-25T17:15:33Z" user="AYAGE" uid="521665" lat="34.0354884" lon="132.1500215"/>
 <node id="9910074352" visible="true" version="1" changeset="124061956" timestamp="2022-07-25T17:15:33Z" user="AYAGE" uid="521665" lat="34.0353862" lon="132.1499799"/>
 <node id="9910074353" visible="true" version="1" changeset="124061956" timestamp="2022-07-25T17:15:33Z" user="AYAGE" uid="521665" lat="34.0353906" lon="132.1498927"/>
 <node id="9910074354" visible="true" version="1" changeset="124061956" timestamp="2022-07-25T17:15:33Z" user="AYAGE" uid="521665" lat="34.0354740" lon="132.1498069"/>
 <node id="9910074355" visible="true" version="1" changeset="124061956" timestamp="2022-07-25T17:15:33Z" user="AYAGE" uid="521665" lat="34.0356040" lon="132.1497117"/>
 <node id="9910074356" visible="true" version="1" changeset="124061956" timestamp="2022-07-25T17:15:33Z" user="AYAGE" uid="521665" lat="34.0357662" lon="132.1497412"/>
 <node id="9910074357" visible="true" version="1" changeset="124061956" timestamp="2022-07-25T17:15:33Z" user="AYAGE" uid="521665" lat="34.0358440" lon="132.1498136"/>
 <node id="9910074358" visible="true" version="1" changeset="124061956" timestamp="2022-07-25T17:15:33Z" user="AYAGE" uid="521665" lat="34.0358752" lon="132.1500523"/>
 <node id="9910074359" visible="true" version="1" changeset="124061956" timestamp="2022-07-25T17:15:33Z" user="AYAGE" uid="521665" lat="34.0358474" lon="132.1501878"/>
 <node id="9910074360" visible="true" version="1" changeset="124061956" timestamp="2022-07-25T17:15:33Z" user="AYAGE" uid="521665" lat="34.0357885" lon="132.1503983"/>
 <node id="9910074361" visible="true" version="1" changeset="124061956" timestamp="2022-07-25T17:15:33Z" user="AYAGE" uid="521665" lat="34.0357851" lon="132.1506022"/>
 <node id="9910074362" visible="true" version="1" changeset="124061956" timestamp="2022-07-25T17:15:33Z" user="AYAGE" uid="521665" lat="34.0358207" lon="132.1506947"/>
 <node id="9910074363" visible="true" version="1" changeset="124061956" timestamp="2022-07-25T17:15:33Z" user="AYAGE" uid="521665" lat="34.0358752" lon="132.1507511"/>
 <node id="9910074364" visible="true" version="1" changeset="124061956" timestamp="2022-07-25T17:15:33Z" user="AYAGE" uid="521665" lat="34.0359441" lon="132.1508342"/>
 <node id="9910074365" visible="true" version="1" changeset="124061956" timestamp="2022-07-25T17:15:33Z" user="AYAGE" uid="521665" lat="34.0360541" lon="132.1508892"/>
 <node id="9910074366" visible="true" version="1" changeset="124061956" timestamp="2022-07-25T17:15:33Z" user="AYAGE" uid="521665" lat="34.0361397" lon="132.1509039"/>
 <node id="9910074367" visible="true" version="1" changeset="124061956" timestamp="2022-07-25T17:15:33Z" user="AYAGE" uid="521665" lat="34.0362630" lon="132.1510689"/>
 <node id="9910074368" visible="true" version="1" changeset="124061956" timestamp="2022-07-25T17:15:33Z" user="AYAGE" uid="521665" lat="34.0363119" lon="132.1511695"/>
 <node id="9910074369" visible="true" version="1" changeset="124061956" timestamp="2022-07-25T17:15:33Z" user="AYAGE" uid="521665" lat="34.0362997" lon="132.1513116"/>
 <node id="9910074370" visible="true" version="1" changeset="124061956" timestamp="2022-07-25T17:15:33Z" user="AYAGE" uid="521665" lat="34.0363108" lon="132.1514457"/>
 <node id="9910074371" visible="true" version="1" changeset="124061956" timestamp="2022-07-25T17:15:33Z" user="AYAGE" uid="521665" lat="34.0363975" lon="132.1515651"/>
 <node id="9910074372" visible="true" version="1" changeset="124061956" timestamp="2022-07-25T17:15:33Z" user="AYAGE" uid="521665" lat="34.0364208" lon="132.1517180"/>
 <node id="9910074373" visible="true" version="1" changeset="124061956" timestamp="2022-07-25T17:15:33Z" user="AYAGE" uid="521665" lat="34.0363997" lon="132.1519084"/>
 <node id="9910074374" visible="true" version="1" changeset="124061956" timestamp="2022-07-25T17:15:33Z" user="AYAGE" uid="521665" lat="34.0363708" lon="132.1519701"/>
 <node id="9910074375" visible="true" version="1" changeset="124061956" timestamp="2022-07-25T17:15:33Z" user="AYAGE" uid="521665" lat="34.0363075" lon="132.1519862"/>
 <node id="9910074376" visible="true" version="1" changeset="124061956" timestamp="2022-07-25T17:15:33Z" user="AYAGE" uid="521665" lat="34.0362508" lon="132.1518534"/>
 <node id="9910074377" visible="true" version="1" changeset="124061956" timestamp="2022-07-25T17:15:33Z" user="AYAGE" uid="521665" lat="34.0362441" lon="132.1517582"/>
 <node id="9910074378" visible="true" version="1" changeset="124061956" timestamp="2022-07-25T17:15:33Z" user="AYAGE" uid="521665" lat="34.0362630" lon="132.1516643"/>
 <node id="9910074379" visible="true" version="1" changeset="124061956" timestamp="2022-07-25T17:15:33Z" user="AYAGE" uid="521665" lat="34.0362575" lon="132.1515839"/>
 <node id="9910074380" visible="true" version="1" changeset="124061956" timestamp="2022-07-25T17:15:33Z" user="AYAGE" uid="521665" lat="34.0361441" lon="132.1515168"/>
 <node id="9910074381" visible="true" version="1" changeset="124061956" timestamp="2022-07-25T17:15:33Z" user="AYAGE" uid="521665" lat="34.0360819" lon="132.1514189"/>
 <node id="9910074382" visible="true" version="1" changeset="124061956" timestamp="2022-07-25T17:15:33Z" user="AYAGE" uid="521665" lat="34.0360485" lon="132.1512969"/>
 <node id="9910074383" visible="true" version="1" changeset="124061956" timestamp="2022-07-25T17:15:33Z" user="AYAGE" uid="521665" lat="34.0359229" lon="132.1511990"/>
 <node id="9910074384" visible="true" version="1" changeset="124061956" timestamp="2022-07-25T17:15:33Z" user="AYAGE" uid="521665" lat="34.0358196" lon="132.1511319"/>
 <node id="9910074385" visible="true" version="1" changeset="124061956" timestamp="2022-07-25T17:15:33Z" user="AYAGE" uid="521665" lat="34.0357940" lon="132.1509254"/>
 <node id="9910074386" visible="true" version="1" changeset="124061956" timestamp="2022-07-25T17:15:33Z" user="AYAGE" uid="521665" lat="34.0357396" lon="132.1508637"/>
 <node id="9910074387" visible="true" version="1" changeset="124061956" timestamp="2022-07-25T17:15:33Z" user="AYAGE" uid="521665" lat="34.0356040" lon="132.1508141"/>
 <node id="9910074388" visible="true" version="1" changeset="124061956" timestamp="2022-07-25T17:15:33Z" user="AYAGE" uid="521665" lat="34.0355262" lon="132.1506920"/>
 <node id="9910074389" visible="true" version="1" changeset="124061956" timestamp="2022-07-25T17:15:33Z" user="AYAGE" uid="521665" lat="34.0355329" lon="132.1505566"/>
 <node id="9910074390" visible="true" version="1" changeset="124061956" timestamp="2022-07-25T17:15:33Z" user="AYAGE" uid="521665" lat="34.0355129" lon="132.1505110"/>
 <node id="9910074391" visible="true" version="1" changeset="124061956" timestamp="2022-07-25T17:15:33Z" user="AYAGE" uid="521665" lat="34.0354773" lon="132.1507779"/>
 <node id="9910074392" visible="true" version="1" changeset="124061956" timestamp="2022-07-25T17:15:33Z" user="AYAGE" uid="521665" lat="34.0354995" lon="132.1508449"/>
 <node id="9910074393" visible="true" version="1" changeset="124061956" timestamp="2022-07-25T17:15:33Z" user="AYAGE" uid="521665" lat="34.0356084" lon="132.1508932"/>
 <node id="9910074394" visible="true" version="1" changeset="124061956" timestamp="2022-07-25T17:15:33Z" user="AYAGE" uid="521665" lat="34.0356018" lon="132.1509817"/>
 <node id="9910074395" visible="true" version="1" changeset="124061956" timestamp="2022-07-25T17:15:33Z" user="AYAGE" uid="521665" lat="34.0355040" lon="132.1510434"/>
 <node id="9910074396" visible="true" version="1" changeset="124061956" timestamp="2022-07-25T17:15:33Z" user="AYAGE" uid="521665" lat="34.0354173" lon="132.1510783"/>
 <node id="9910074397" visible="true" version="1" changeset="124061956" timestamp="2022-07-25T17:15:33Z" user="AYAGE" uid="521665" lat="34.0351617" lon="132.1511266"/>
 <node id="9910074398" visible="true" version="1" changeset="124061956" timestamp="2022-07-25T17:15:33Z" user="AYAGE" uid="521665" lat="34.0350083" lon="132.1510944"/>
 <node id="9910074399" visible="true" version="1" changeset="124061956" timestamp="2022-07-25T17:15:33Z" user="AYAGE" uid="521665" lat="34.0348127" lon="132.1509683"/>
 <node id="9910074400" visible="true" version="1" changeset="124061956" timestamp="2022-07-25T17:15:33Z" user="AYAGE" uid="521665" lat="34.0346660" lon="132.1509415"/>
 <node id="9910074401" visible="true" version="1" changeset="124061956" timestamp="2022-07-25T17:15:33Z" user="AYAGE" uid="521665" lat="34.0344059" lon="132.1509737"/>
 <node id="9910074402" visible="true" version="1" changeset="124061956" timestamp="2022-07-25T17:15:33Z" user="AYAGE" uid="521665" lat="34.0343993" lon="132.1510783"/>
 <node id="9910074403" visible="true" version="1" changeset="124061956" timestamp="2022-07-25T17:15:33Z" user="AYAGE" uid="521665" lat="34.0344771" lon="132.1510997"/>
 <node id="9910074404" visible="true" version="1" changeset="124061956" timestamp="2022-07-25T17:15:33Z" user="AYAGE" uid="521665" lat="34.0345726" lon="132.1510702"/>
 <node id="9910074405" visible="true" version="1" changeset="124061956" timestamp="2022-07-25T17:15:33Z" user="AYAGE" uid="521665" lat="34.0347682" lon="132.1510488"/>
 <node id="9910074406" visible="true" version="1" changeset="124061956" timestamp="2022-07-25T17:15:33Z" user="AYAGE" uid="521665" lat="34.0348394" lon="132.1510622"/>
 <node id="9910074407" visible="true" version="1" changeset="124061956" timestamp="2022-07-25T17:15:33Z" user="AYAGE" uid="521665" lat="34.0350105" lon="132.1511695"/>
 <node id="9910074408" visible="true" version="1" changeset="124061956" timestamp="2022-07-25T17:15:33Z" user="AYAGE" uid="521665" lat="34.0354173" lon="132.1512151"/>
 <node id="9910074409" visible="true" version="1" changeset="124061956" timestamp="2022-07-25T17:15:33Z" user="AYAGE" uid="521665" lat="34.0355062" lon="132.1512580"/>
 <node id="9910074410" visible="true" version="1" changeset="124061956" timestamp="2022-07-25T17:15:33Z" user="AYAGE" uid="521665" lat="34.0355840" lon="132.1513733"/>
 <node id="9910074411" visible="true" version="1" changeset="124061956" timestamp="2022-07-25T17:15:33Z" user="AYAGE" uid="521665" lat="34.0355929" lon="132.1515691"/>
 <node id="9910074412" visible="true" version="1" changeset="124061956" timestamp="2022-07-25T17:15:33Z" user="AYAGE" uid="521665" lat="34.0356707" lon="132.1516603"/>
 <node id="9910074413" visible="true" version="1" changeset="124061956" timestamp="2022-07-25T17:15:33Z" user="AYAGE" uid="521665" lat="34.0358907" lon="132.1517408"/>
 <node id="9910074414" visible="true" version="1" changeset="124061956" timestamp="2022-07-25T17:15:33Z" user="AYAGE" uid="521665" lat="34.0360485" lon="132.1519151"/>
 <node id="9910074415" visible="true" version="1" changeset="124061956" timestamp="2022-07-25T17:15:33Z" user="AYAGE" uid="521665" lat="34.0360441" lon="132.1520117"/>
 <node id="9910074416" visible="true" version="1" changeset="124061956" timestamp="2022-07-25T17:15:33Z" user="AYAGE" uid="521665" lat="34.0358685" lon="132.1520975"/>
 <node id="9910074417" visible="true" version="1" changeset="124061956" timestamp="2022-07-25T17:15:33Z" user="AYAGE" uid="521665" lat="34.0357485" lon="132.1522075"/>
 <node id="9910074418" visible="true" version="1" changeset="124061956" timestamp="2022-07-25T17:15:33Z" user="AYAGE" uid="521665" lat="34.0354973" lon="132.1523792"/>
 <node id="9910074419" visible="true" version="1" changeset="124061956" timestamp="2022-07-25T17:15:33Z" user="AYAGE" uid="521665" lat="34.0351150" lon="132.1523926"/>
 <node id="9910074420" visible="true" version="1" changeset="124061956" timestamp="2022-07-25T17:15:33Z" user="AYAGE" uid="521665" lat="34.0349572" lon="132.1523282"/>
 <node id="9910074421" visible="true" version="1" changeset="124061956" timestamp="2022-07-25T17:15:33Z" user="AYAGE" uid="521665" lat="34.0348927" lon="132.1520224"/>
 <node id="9910074422" visible="true" version="1" changeset="124061956" timestamp="2022-07-25T17:15:33Z" user="AYAGE" uid="521665" lat="34.0346504" lon="132.1518722"/>
 <node id="9910074423" visible="true" version="1" changeset="124061956" timestamp="2022-07-25T17:15:33Z" user="AYAGE" uid="521665" lat="34.0344170" lon="132.1518856"/>
 <node id="9910074424" visible="true" version="1" changeset="124061956" timestamp="2022-07-25T17:15:33Z" user="AYAGE" uid="521665" lat="34.0343259" lon="132.1520627"/>
 <node id="9910074425" visible="true" version="1" changeset="124061956" timestamp="2022-07-25T17:15:33Z" user="AYAGE" uid="521665" lat="34.0340725" lon="132.1522826"/>
 <node id="9910074426" visible="true" version="1" changeset="124061956" timestamp="2022-07-25T17:15:33Z" user="AYAGE" uid="521665" lat="34.0339480" lon="132.1522585"/>
 <node id="9910074427" visible="true" version="1" changeset="124061956" timestamp="2022-07-25T17:15:33Z" user="AYAGE" uid="521665" lat="34.0338591" lon="132.1521592"/>
 <node id="9910074428" visible="true" version="1" changeset="124061956" timestamp="2022-07-25T17:15:33Z" user="AYAGE" uid="521665" lat="34.0337347" lon="132.1521297"/>
 <node id="9910074429" visible="true" version="1" changeset="124061956" timestamp="2022-07-25T17:15:33Z" user="AYAGE" uid="521665" lat="34.0335524" lon="132.1522638"/>
 <node id="9910074430" visible="true" version="1" changeset="124061956" timestamp="2022-07-25T17:15:33Z" user="AYAGE" uid="521665" lat="34.0335213" lon="132.1525454"/>
 <node id="9910074431" visible="true" version="1" changeset="124061956" timestamp="2022-07-25T17:15:33Z" user="AYAGE" uid="521665" lat="34.0336124" lon="132.1526849"/>
 <node id="9910074432" visible="true" version="1" changeset="124061956" timestamp="2022-07-25T17:15:33Z" user="AYAGE" uid="521665" lat="34.0337769" lon="132.1528110"/>
 <node id="9910074433" visible="true" version="1" changeset="124061956" timestamp="2022-07-25T17:15:33Z" user="AYAGE" uid="521665" lat="34.0338302" lon="132.1529183"/>
 <node id="9910074434" visible="true" version="1" changeset="124061956" timestamp="2022-07-25T17:15:33Z" user="AYAGE" uid="521665" lat="34.0338191" lon="132.1530926"/>
 <node id="9910074435" visible="true" version="1" changeset="124061956" timestamp="2022-07-25T17:15:33Z" user="AYAGE" uid="521665" lat="34.0339458" lon="132.1532267"/>
 <node id="9910074436" visible="true" version="1" changeset="124061956" timestamp="2022-07-25T17:15:33Z" user="AYAGE" uid="521665" lat="34.0339658" lon="132.1534198"/>
 <node id="9910074437" visible="true" version="1" changeset="124061956" timestamp="2022-07-25T17:15:33Z" user="AYAGE" uid="521665" lat="34.0339058" lon="132.1536157"/>
 <node id="9910074438" visible="true" version="1" changeset="124061956" timestamp="2022-07-25T17:15:33Z" user="AYAGE" uid="521665" lat="34.0339080" lon="132.1537819"/>
 <node id="9910074439" visible="true" version="1" changeset="124061956" timestamp="2022-07-25T17:15:33Z" user="AYAGE" uid="521665" lat="34.0340592" lon="132.1538356"/>
 <node id="9910074440" visible="true" version="1" changeset="124061956" timestamp="2022-07-25T17:15:33Z" user="AYAGE" uid="521665" lat="34.0340747" lon="132.1542057"/>
 <node id="9910074441" visible="true" version="1" changeset="124061956" timestamp="2022-07-25T17:15:33Z" user="AYAGE" uid="521665" lat="34.0339392" lon="132.1543908"/>
 <node id="9910074442" visible="true" version="1" changeset="124061956" timestamp="2022-07-25T17:15:33Z" user="AYAGE" uid="521665" lat="34.0338013" lon="132.1544257"/>
 <node id="9910074443" visible="true" version="1" changeset="124061956" timestamp="2022-07-25T17:15:33Z" user="AYAGE" uid="521665" lat="34.0336613" lon="132.1546000"/>
 <node id="9910074444" visible="true" version="1" changeset="124061956" timestamp="2022-07-25T17:15:33Z" user="AYAGE" uid="521665" lat="34.0336302" lon="132.1547154"/>
 <node id="9910074445" visible="true" version="1" changeset="124061956" timestamp="2022-07-25T17:15:33Z" user="AYAGE" uid="521665" lat="34.0337102" lon="132.1548817"/>
 <node id="9910074446" visible="true" version="1" changeset="124061956" timestamp="2022-07-25T17:15:33Z" user="AYAGE" uid="521665" lat="34.0337502" lon="132.1552196"/>
 <node id="9910074447" visible="true" version="1" changeset="124061956" timestamp="2022-07-25T17:15:33Z" user="AYAGE" uid="521665" lat="34.0339103" lon="132.1553752"/>
 <node id="9910074448" visible="true" version="1" changeset="124061956" timestamp="2022-07-25T17:15:33Z" user="AYAGE" uid="521665" lat="34.0341637" lon="132.1552867"/>
 <node id="9910074449" visible="true" version="1" changeset="124061956" timestamp="2022-07-25T17:15:33Z" user="AYAGE" uid="521665" lat="34.0343393" lon="132.1553242"/>
 <node id="9910074450" visible="true" version="1" changeset="124061956" timestamp="2022-07-25T17:15:33Z" user="AYAGE" uid="521665" lat="34.0344926" lon="132.1555522"/>
 <node id="9910074451" visible="true" version="1" changeset="124061956" timestamp="2022-07-25T17:15:33Z" user="AYAGE" uid="521665" lat="34.0345415" lon="132.1557587"/>
 <node id="9910074452" visible="true" version="1" changeset="124061956" timestamp="2022-07-25T17:15:33Z" user="AYAGE" uid="521665" lat="34.0345237" lon="132.1558714"/>
 <node id="9910074453" visible="true" version="1" changeset="124061956" timestamp="2022-07-25T17:15:33Z" user="AYAGE" uid="521665" lat="34.0344793" lon="132.1560203"/>
 <node id="9910074454" visible="true" version="1" changeset="124061956" timestamp="2022-07-25T17:15:33Z" user="AYAGE" uid="521665" lat="34.0343048" lon="132.1562389"/>
 <node id="9910074455" visible="true" version="1" changeset="124061956" timestamp="2022-07-25T17:15:33Z" user="AYAGE" uid="521665" lat="34.0341136" lon="132.1562952"/>
 <node id="9910074456" visible="true" version="1" changeset="124061956" timestamp="2022-07-25T17:15:33Z" user="AYAGE" uid="521665" lat="34.0340803" lon="132.1564065"/>
 <node id="9910074457" visible="true" version="1" changeset="124061956" timestamp="2022-07-25T17:15:33Z" user="AYAGE" uid="521665" lat="34.0340536" lon="132.1566184"/>
 <node id="9910074458" visible="true" version="1" changeset="124061956" timestamp="2022-07-25T17:15:33Z" user="AYAGE" uid="521665" lat="34.0338669" lon="132.1569403"/>
 <node id="9910074459" visible="true" version="1" changeset="124061956" timestamp="2022-07-25T17:15:33Z" user="AYAGE" uid="521665" lat="34.0338180" lon="132.1570449"/>
 <node id="9910074460" visible="true" version="1" changeset="124061956" timestamp="2022-07-25T17:15:33Z" user="AYAGE" uid="521665" lat="34.0337224" lon="132.1570569"/>
 <node id="9910074461" visible="true" version="1" changeset="124061956" timestamp="2022-07-25T17:15:33Z" user="AYAGE" uid="521665" lat="34.0335846" lon="132.1571468"/>
 <node id="9910074462" visible="true" version="1" changeset="124061956" timestamp="2022-07-25T17:15:33Z" user="AYAGE" uid="521665" lat="34.0334713" lon="132.1572635"/>
 <node id="9910074463" visible="true" version="1" changeset="124061956" timestamp="2022-07-25T17:15:33Z" user="AYAGE" uid="521665" lat="34.0334624" lon="132.1573654"/>
 <node id="9910074464" visible="true" version="1" changeset="124061956" timestamp="2022-07-25T17:15:33Z" user="AYAGE" uid="521665" lat="34.0335457" lon="132.1574177"/>
 <node id="9910074465" visible="true" version="1" changeset="124061956" timestamp="2022-07-25T17:15:33Z" user="AYAGE" uid="521665" lat="34.0337191" lon="132.1574338"/>
 <node id="9910074466" visible="true" version="1" changeset="124061956" timestamp="2022-07-25T17:15:33Z" user="AYAGE" uid="521665" lat="34.0337602" lon="132.1574780"/>
 <node id="9910074467" visible="true" version="1" changeset="124061956" timestamp="2022-07-25T17:15:33Z" user="AYAGE" uid="521665" lat="34.0337680" lon="132.1575411"/>
 <node id="9910074468" visible="true" version="1" changeset="124061956" timestamp="2022-07-25T17:15:33Z" user="AYAGE" uid="521665" lat="34.0338080" lon="132.1577221"/>
 <node id="9910074480" visible="true" version="1" changeset="124061956" timestamp="2022-07-25T17:15:33Z" user="AYAGE" uid="521665" lat="34.0307194" lon="132.1553162"/>
 <node id="9910074481" visible="true" version="1" changeset="124061956" timestamp="2022-07-25T17:15:33Z" user="AYAGE" uid="521665" lat="34.0306027" lon="132.1552384"/>
 <node id="9910074482" visible="true" version="1" changeset="124061956" timestamp="2022-07-25T17:15:33Z" user="AYAGE" uid="521665" lat="34.0304505" lon="132.1551324"/>
 <node id="9910074483" visible="true" version="1" changeset="124061956" timestamp="2022-07-25T17:15:33Z" user="AYAGE" uid="521665" lat="34.0302748" lon="132.1549112"/>
 <node id="9910074484" visible="true" version="1" changeset="124061956" timestamp="2022-07-25T17:15:33Z" user="AYAGE" uid="521665" lat="34.0300770" lon="132.1546563"/>
 <node id="9910074485" visible="true" version="1" changeset="124061956" timestamp="2022-07-25T17:15:33Z" user="AYAGE" uid="521665" lat="34.0301104" lon="132.1545933"/>
 <node id="9910074486" visible="true" version="1" changeset="124061956" timestamp="2022-07-25T17:15:33Z" user="AYAGE" uid="521665" lat="34.0302615" lon="132.1546416"/>
 <node id="9910074487" visible="true" version="1" changeset="124061956" timestamp="2022-07-25T17:15:33Z" user="AYAGE" uid="521665" lat="34.0303582" lon="132.1546456"/>
 <node id="9910074488" visible="true" version="1" changeset="124061956" timestamp="2022-07-25T17:15:33Z" user="AYAGE" uid="521665" lat="34.0306249" lon="132.1545786"/>
 <node id="9910074489" visible="true" version="1" changeset="124061956" timestamp="2022-07-25T17:15:33Z" user="AYAGE" uid="521665" lat="34.0307283" lon="132.1544847"/>
 <node id="9910074490" visible="true" version="1" changeset="124061956" timestamp="2022-07-25T17:15:33Z" user="AYAGE" uid="521665" lat="34.0307772" lon="132.1542929"/>
 <node id="9910074491" visible="true" version="1" changeset="124061956" timestamp="2022-07-25T17:15:33Z" user="AYAGE" uid="521665" lat="34.0307439" lon="132.1541668"/>
 <node id="9910074492" visible="true" version="1" changeset="124061956" timestamp="2022-07-25T17:15:33Z" user="AYAGE" uid="521665" lat="34.0305549" lon="132.1540971"/>
 <node id="9910074493" visible="true" version="1" changeset="124061956" timestamp="2022-07-25T17:15:33Z" user="AYAGE" uid="521665" lat="34.0302693" lon="132.1540435"/>
 <node id="9910074494" visible="true" version="1" changeset="124061956" timestamp="2022-07-25T17:15:33Z" user="AYAGE" uid="521665" lat="34.0300803" lon="132.1540515"/>
 <node id="9910074495" visible="true" version="1" changeset="124061956" timestamp="2022-07-25T17:15:33Z" user="AYAGE" uid="521665" lat="34.0299381" lon="132.1539724"/>
 <node id="9910074496" visible="true" version="1" changeset="124061956" timestamp="2022-07-25T17:15:33Z" user="AYAGE" uid="521665" lat="34.0299370" lon="132.1538249"/>
 <node id="9910074497" visible="true" version="1" changeset="124061956" timestamp="2022-07-25T17:15:33Z" user="AYAGE" uid="521665" lat="34.0300370" lon="132.1537216"/>
 <node id="9910074498" visible="true" version="1" changeset="124061956" timestamp="2022-07-25T17:15:33Z" user="AYAGE" uid="521665" lat="34.0301204" lon="132.1536894"/>
 <node id="9910074499" visible="true" version="1" changeset="124061956" timestamp="2022-07-25T17:15:33Z" user="AYAGE" uid="521665" lat="34.0302426" lon="132.1536572"/>
 <node id="9910074500" visible="true" version="1" changeset="124061956" timestamp="2022-07-25T17:15:33Z" user="AYAGE" uid="521665" lat="34.0302537" lon="132.1535365"/>
 <node id="9910074501" visible="true" version="1" changeset="124061956" timestamp="2022-07-25T17:15:33Z" user="AYAGE" uid="521665" lat="34.0301693" lon="132.1534426"/>
 <node id="9910074502" visible="true" version="1" changeset="124061956" timestamp="2022-07-25T17:15:33Z" user="AYAGE" uid="521665" lat="34.0299770" lon="132.1534400"/>
 <node id="9910074503" visible="true" version="1" changeset="124061956" timestamp="2022-07-25T17:15:33Z" user="AYAGE" uid="521665" lat="34.0298747" lon="132.1534118"/>
 <node id="9910074504" visible="true" version="1" changeset="124061956" timestamp="2022-07-25T17:15:33Z" user="AYAGE" uid="521665" lat="34.0298292" lon="132.1533099"/>
 <node id="9910074505" visible="true" version="1" changeset="124061956" timestamp="2022-07-25T17:15:33Z" user="AYAGE" uid="521665" lat="34.0297258" lon="132.1532267"/>
 <node id="9910074506" visible="true" version="1" changeset="124061956" timestamp="2022-07-25T17:15:33Z" user="AYAGE" uid="521665" lat="34.0296447" lon="132.1530363"/>
 <node id="9910074507" visible="true" version="1" changeset="124061956" timestamp="2022-07-25T17:15:33Z" user="AYAGE" uid="521665" lat="34.0296558" lon="132.1529371"/>
 <node id="9910074508" visible="true" version="1" changeset="124061956" timestamp="2022-07-25T17:15:33Z" user="AYAGE" uid="521665" lat="34.0297391" lon="132.1527694"/>
 <node id="9910074509" visible="true" version="1" changeset="124061956" timestamp="2022-07-25T17:15:33Z" user="AYAGE" uid="521665" lat="34.0298469" lon="132.1526527"/>
 <node id="9910074510" visible="true" version="1" changeset="124061956" timestamp="2022-07-25T17:15:33Z" user="AYAGE" uid="521665" lat="34.0299825" lon="132.1525776"/>
 <node id="9910074511" visible="true" version="1" changeset="124061956" timestamp="2022-07-25T17:15:33Z" user="AYAGE" uid="521665" lat="34.0301959" lon="132.1525723"/>
 <node id="9910074512" visible="true" version="1" changeset="124061956" timestamp="2022-07-25T17:15:33Z" user="AYAGE" uid="521665" lat="34.0303849" lon="132.1524824"/>
 <node id="9910074513" visible="true" version="1" changeset="124061956" timestamp="2022-07-25T17:15:33Z" user="AYAGE" uid="521665" lat="34.0305049" lon="132.1523443"/>
 <node id="9910074514" visible="true" version="1" changeset="124061956" timestamp="2022-07-25T17:15:33Z" user="AYAGE" uid="521665" lat="34.0306816" lon="132.1519768"/>
 <node id="9910074515" visible="true" version="1" changeset="124061956" timestamp="2022-07-25T17:15:33Z" user="AYAGE" uid="521665" lat="34.0307583" lon="132.1519393"/>
 <node id="9910074516" visible="true" version="1" changeset="124061956" timestamp="2022-07-25T17:15:33Z" user="AYAGE" uid="521665" lat="34.0308417" lon="132.1519661"/>
 <node id="9910074517" visible="true" version="1" changeset="124061956" timestamp="2022-07-25T17:15:33Z" user="AYAGE" uid="521665" lat="34.0309739" lon="132.1520586"/>
 <node id="9910074518" visible="true" version="1" changeset="124061956" timestamp="2022-07-25T17:15:33Z" user="AYAGE" uid="521665" lat="34.0310562" lon="132.1520720"/>
 <node id="9910074519" visible="true" version="1" changeset="124061956" timestamp="2022-07-25T17:15:33Z" user="AYAGE" uid="521665" lat="34.0312251" lon="132.1520680"/>
 <node id="9910074520" visible="true" version="1" changeset="124061956" timestamp="2022-07-25T17:15:33Z" user="AYAGE" uid="521665" lat="34.0313340" lon="132.1520600"/>
 <node id="9910074521" visible="true" version="1" changeset="124061956" timestamp="2022-07-25T17:15:33Z" user="AYAGE" uid="521665" lat="34.0315541" lon="132.1521378"/>
 <node id="9910074522" visible="true" version="1" changeset="124061956" timestamp="2022-07-25T17:15:33Z" user="AYAGE" uid="521665" lat="34.0316897" lon="132.1522397"/>
 <node id="9910074523" visible="true" version="1" changeset="124061956" timestamp="2022-07-25T17:15:33Z" user="AYAGE" uid="521665" lat="34.0317141" lon="132.1523926"/>
 <node id="9910074524" visible="true" version="1" changeset="124061956" timestamp="2022-07-25T17:15:33Z" user="AYAGE" uid="521665" lat="34.0315852" lon="132.1525750"/>
 <node id="9910074525" visible="true" version="1" changeset="124061956" timestamp="2022-07-25T17:15:33Z" user="AYAGE" uid="521665" lat="34.0314229" lon="132.1529317"/>
 <node id="9910074526" visible="true" version="1" changeset="124061956" timestamp="2022-07-25T17:15:33Z" user="AYAGE" uid="521665" lat="34.0313296" lon="132.1530390"/>
 <node id="9910074527" visible="true" version="1" changeset="124061956" timestamp="2022-07-25T17:15:33Z" user="AYAGE" uid="521665" lat="34.0312184" lon="132.1528834"/>
 <node id="9910074528" visible="true" version="1" changeset="124061956" timestamp="2022-07-25T17:15:33Z" user="AYAGE" uid="521665" lat="34.0311673" lon="132.1527386"/>
 <node id="9910074529" visible="true" version="1" changeset="124061956" timestamp="2022-07-25T17:15:33Z" user="AYAGE" uid="521665" lat="34.0310917" lon="132.1526822"/>
 <node id="9910074530" visible="true" version="1" changeset="124061956" timestamp="2022-07-25T17:15:33Z" user="AYAGE" uid="521665" lat="34.0309695" lon="132.1527788"/>
 <node id="9910074531" visible="true" version="1" changeset="124061956" timestamp="2022-07-25T17:15:33Z" user="AYAGE" uid="521665" lat="34.0309161" lon="132.1529853"/>
 <node id="9910074532" visible="true" version="1" changeset="124061956" timestamp="2022-07-25T17:15:33Z" user="AYAGE" uid="521665" lat="34.0309139" lon="132.1533716"/>
 <node id="9910074533" visible="true" version="1" changeset="124061956" timestamp="2022-07-25T17:15:33Z" user="AYAGE" uid="521665" lat="34.0310073" lon="132.1534064"/>
 <node id="9910074534" visible="true" version="1" changeset="124061956" timestamp="2022-07-25T17:15:33Z" user="AYAGE" uid="521665" lat="34.0311318" lon="132.1532348"/>
 <node id="9910074535" visible="true" version="1" changeset="124061956" timestamp="2022-07-25T17:15:33Z" user="AYAGE" uid="521665" lat="34.0312429" lon="132.1532455"/>
 <node id="9910074536" visible="true" version="1" changeset="124061956" timestamp="2022-07-25T17:15:33Z" user="AYAGE" uid="521665" lat="34.0313429" lon="132.1534038"/>
 <node id="9910074537" visible="true" version="1" changeset="124061956" timestamp="2022-07-25T17:15:33Z" user="AYAGE" uid="521665" lat="34.0313585" lon="132.1537793"/>
 <node id="9910074538" visible="true" version="1" changeset="124061956" timestamp="2022-07-25T17:15:33Z" user="AYAGE" uid="521665" lat="34.0313185" lon="132.1539107"/>
 <node id="9910074539" visible="true" version="1" changeset="124061956" timestamp="2022-07-25T17:15:33Z" user="AYAGE" uid="521665" lat="34.0312251" lon="132.1539482"/>
 <node id="9910074540" visible="true" version="1" changeset="124061956" timestamp="2022-07-25T17:15:33Z" user="AYAGE" uid="521665" lat="34.0311162" lon="132.1538892"/>
 <node id="9910074541" visible="true" version="1" changeset="124061956" timestamp="2022-07-25T17:15:33Z" user="AYAGE" uid="521665" lat="34.0310695" lon="132.1539777"/>
 <node id="9910074542" visible="true" version="1" changeset="124061956" timestamp="2022-07-25T17:15:33Z" user="AYAGE" uid="521665" lat="34.0310851" lon="132.1541709"/>
 <node id="9910074543" visible="true" version="1" changeset="124061956" timestamp="2022-07-25T17:15:33Z" user="AYAGE" uid="521665" lat="34.0312362" lon="132.1542084"/>
 <node id="9910074544" visible="true" version="1" changeset="124061956" timestamp="2022-07-25T17:15:33Z" user="AYAGE" uid="521665" lat="34.0313385" lon="132.1541145"/>
 <node id="9910074545" visible="true" version="1" changeset="124061956" timestamp="2022-07-25T17:15:33Z" user="AYAGE" uid="521665" lat="34.0314141" lon="132.1541065"/>
 <node id="9910074546" visible="true" version="1" changeset="124061956" timestamp="2022-07-25T17:15:33Z" user="AYAGE" uid="521665" lat="34.0314385" lon="132.1542460"/>
 <node id="9910074547" visible="true" version="1" changeset="124061956" timestamp="2022-07-25T17:15:33Z" user="AYAGE" uid="521665" lat="34.0314141" lon="132.1545464"/>
 <node id="9910074548" visible="true" version="1" changeset="124061956" timestamp="2022-07-25T17:15:33Z" user="AYAGE" uid="521665" lat="34.0313096" lon="132.1550104"/>
 <node id="9910074549" visible="true" version="1" changeset="124061956" timestamp="2022-07-25T17:15:33Z" user="AYAGE" uid="521665" lat="34.0311451" lon="132.1553779"/>
 <node id="9910074550" visible="true" version="1" changeset="124061956" timestamp="2022-07-25T17:15:33Z" user="AYAGE" uid="521665" lat="34.0310028" lon="132.1555281"/>
 <node id="9910074551" visible="true" version="1" changeset="124061956" timestamp="2022-07-25T17:15:33Z" user="AYAGE" uid="521665" lat="34.0308939" lon="132.1557748"/>
 <node id="9910074552" visible="true" version="1" changeset="124061956" timestamp="2022-07-25T17:15:33Z" user="AYAGE" uid="521665" lat="34.0309161" lon="132.1559358"/>
 <node id="9910074553" visible="true" version="1" changeset="124061956" timestamp="2022-07-25T17:15:33Z" user="AYAGE" uid="521665" lat="34.0309851" lon="132.1559358"/>
 <node id="9910074554" visible="true" version="1" changeset="124061956" timestamp="2022-07-25T17:15:33Z" user="AYAGE" uid="521665" lat="34.0311095" lon="132.1558580"/>
 <node id="9910074555" visible="true" version="1" changeset="124061956" timestamp="2022-07-25T17:15:33Z" user="AYAGE" uid="521665" lat="34.0312762" lon="132.1556944"/>
 <node id="9910074556" visible="true" version="1" changeset="124061956" timestamp="2022-07-25T17:15:33Z" user="AYAGE" uid="521665" lat="34.0314185" lon="132.1555200"/>
 <node id="9910074557" visible="true" version="1" changeset="124061956" timestamp="2022-07-25T17:15:33Z" user="AYAGE" uid="521665" lat="34.0314807" lon="132.1553349"/>
 <node id="9910074558" visible="true" version="1" changeset="124061956" timestamp="2022-07-25T17:15:33Z" user="AYAGE" uid="521665" lat="34.0315608" lon="132.1550426"/>
 <node id="9910074559" visible="true" version="1" changeset="124061956" timestamp="2022-07-25T17:15:33Z" user="AYAGE" uid="521665" lat="34.0316630" lon="132.1545652"/>
 <node id="9910074560" visible="true" version="1" changeset="124061956" timestamp="2022-07-25T17:15:33Z" user="AYAGE" uid="521665" lat="34.0317586" lon="132.1543157"/>
 <node id="9910074561" visible="true" version="1" changeset="124061956" timestamp="2022-07-25T17:15:33Z" user="AYAGE" uid="521665" lat="34.0317919" lon="132.1540529"/>
 <node id="9910074562" visible="true" version="1" changeset="124061956" timestamp="2022-07-25T17:15:33Z" user="AYAGE" uid="521665" lat="34.0316875" lon="132.1538061"/>
 <node id="9910074563" visible="true" version="1" changeset="124061956" timestamp="2022-07-25T17:15:33Z" user="AYAGE" uid="521665" lat="34.0317030" lon="132.1536022"/>
 <node id="9910074564" visible="true" version="1" changeset="124061956" timestamp="2022-07-25T17:15:33Z" user="AYAGE" uid="521665" lat="34.0318142" lon="132.1534198"/>
 <node id="9910074565" visible="true" version="1" changeset="124061956" timestamp="2022-07-25T17:15:33Z" user="AYAGE" uid="521665" lat="34.0318964" lon="132.1530282"/>
 <node id="9910074566" visible="true" version="1" changeset="124061956" timestamp="2022-07-25T17:15:33Z" user="AYAGE" uid="521665" lat="34.0318986" lon="132.1528083"/>
 <node id="9910074567" visible="true" version="1" changeset="124061956" timestamp="2022-07-25T17:15:33Z" user="AYAGE" uid="521665" lat="34.0319120" lon="132.1526232"/>
 <node id="9910074568" visible="true" version="1" changeset="124061956" timestamp="2022-07-25T17:15:33Z" user="AYAGE" uid="521665" lat="34.0319864" lon="132.1525455"/>
 <node id="9910074569" visible="true" version="1" changeset="124061956" timestamp="2022-07-25T17:15:33Z" user="AYAGE" uid="521665" lat="34.0320676" lon="132.1524784"/>
 <node id="9910074570" visible="true" version="1" changeset="124061956" timestamp="2022-07-25T17:15:33Z" user="AYAGE" uid="521665" lat="34.0321876" lon="132.1522880"/>
 <node id="9910074571" visible="true" version="1" changeset="124061956" timestamp="2022-07-25T17:15:33Z" user="AYAGE" uid="521665" lat="34.0322765" lon="132.1522303"/>
 <node id="9910074572" visible="true" version="1" changeset="124061956" timestamp="2022-07-25T17:15:33Z" user="AYAGE" uid="521665" lat="34.0323732" lon="132.1522531"/>
 <node id="9910074573" visible="true" version="1" changeset="124061956" timestamp="2022-07-25T17:15:33Z" user="AYAGE" uid="521665" lat="34.0325166" lon="132.1523657"/>
 <node id="9910074574" visible="true" version="1" changeset="124061956" timestamp="2022-07-25T17:15:33Z" user="AYAGE" uid="521665" lat="34.0327322" lon="132.1523765"/>
 <node id="9910074575" visible="true" version="1" changeset="124061956" timestamp="2022-07-25T17:15:33Z" user="AYAGE" uid="521665" lat="34.0329022" lon="132.1523966"/>
 <node id="9910074576" visible="true" version="1" changeset="124061956" timestamp="2022-07-25T17:15:33Z" user="AYAGE" uid="521665" lat="34.0329045" lon="132.1524489"/>
 <node id="9910074577" visible="true" version="1" changeset="124061956" timestamp="2022-07-25T17:15:33Z" user="AYAGE" uid="521665" lat="34.0328200" lon="132.1524985"/>
 <node id="9910074578" visible="true" version="1" changeset="124061956" timestamp="2022-07-25T17:15:33Z" user="AYAGE" uid="521665" lat="34.0327433" lon="132.1525548"/>
 <node id="9910074579" visible="true" version="1" changeset="124061956" timestamp="2022-07-25T17:15:33Z" user="AYAGE" uid="521665" lat="34.0327100" lon="132.1527413"/>
 <node id="9910074580" visible="true" version="1" changeset="124061956" timestamp="2022-07-25T17:15:33Z" user="AYAGE" uid="521665" lat="34.0326666" lon="132.1528499"/>
 <node id="9910074581" visible="true" version="1" changeset="124061956" timestamp="2022-07-25T17:15:33Z" user="AYAGE" uid="521665" lat="34.0325866" lon="132.1529357"/>
 <node id="9910074582" visible="true" version="1" changeset="124061956" timestamp="2022-07-25T17:15:33Z" user="AYAGE" uid="521665" lat="34.0325310" lon="132.1530229"/>
 <node id="9910074583" visible="true" version="1" changeset="124061956" timestamp="2022-07-25T17:15:33Z" user="AYAGE" uid="521665" lat="34.0325021" lon="132.1532160"/>
 <node id="9910074584" visible="true" version="1" changeset="124061956" timestamp="2022-07-25T17:15:33Z" user="AYAGE" uid="521665" lat="34.0325621" lon="132.1533112"/>
 <node id="9910074585" visible="true" version="1" changeset="124061956" timestamp="2022-07-25T17:15:33Z" user="AYAGE" uid="521665" lat="34.0327400" lon="132.1533313"/>
 <node id="9910074590" visible="true" version="1" changeset="124061956" timestamp="2022-07-25T17:15:33Z" user="AYAGE" uid="521665" lat="34.0332056" lon="132.1545129"/>
 <node id="9910074591" visible="true" version="1" changeset="124061956" timestamp="2022-07-25T17:15:33Z" user="AYAGE" uid="521665" lat="34.0331590" lon="132.1546309"/>
 <node id="9910074592" visible="true" version="1" changeset="124061956" timestamp="2022-07-25T17:15:33Z" user="AYAGE" uid="521665" lat="34.0330978" lon="132.1548884"/>
 <node id="9910074593" visible="true" version="1" changeset="124061956" timestamp="2022-07-25T17:15:33Z" user="AYAGE" uid="521665" lat="34.0330523" lon="132.1551405"/>
 <node id="9910074594" visible="true" version="1" changeset="124061956" timestamp="2022-07-25T17:15:33Z" user="AYAGE" uid="521665" lat="34.0330378" lon="132.1552639"/>
 <node id="9910074595" visible="true" version="1" changeset="124061956" timestamp="2022-07-25T17:15:33Z" user="AYAGE" uid="521665" lat="34.0329456" lon="132.1554074"/>
 <node id="9910074596" visible="true" version="1" changeset="124061956" timestamp="2022-07-25T17:15:33Z" user="AYAGE" uid="521665" lat="34.0328367" lon="132.1554704"/>
 <node id="9910074597" visible="true" version="1" changeset="124061956" timestamp="2022-07-25T17:15:33Z" user="AYAGE" uid="521665" lat="34.0327577" lon="132.1555173"/>
 <node id="9910074598" visible="true" version="1" changeset="124061956" timestamp="2022-07-25T17:15:33Z" user="AYAGE" uid="521665" lat="34.0326944" lon="132.1556742"/>
 <node id="9910074599" visible="true" version="1" changeset="124061956" timestamp="2022-07-25T17:15:33Z" user="AYAGE" uid="521665" lat="34.0326688" lon="132.1558714"/>
 <node id="9910074600" visible="true" version="1" changeset="124061956" timestamp="2022-07-25T17:15:33Z" user="AYAGE" uid="521665" lat="34.0326666" lon="132.1560431"/>
 <node id="9910074601" visible="true" version="1" changeset="124061956" timestamp="2022-07-25T17:15:33Z" user="AYAGE" uid="521665" lat="34.0325899" lon="132.1561477"/>
 <node id="9910074602" visible="true" version="1" changeset="124061956" timestamp="2022-07-25T17:15:33Z" user="AYAGE" uid="521665" lat="34.0325355" lon="132.1563005"/>
 <node id="9910074603" visible="true" version="1" changeset="124061956" timestamp="2022-07-25T17:15:33Z" user="AYAGE" uid="521665" lat="34.0325521" lon="132.1564668"/>
 <node id="9910074604" visible="true" version="1" changeset="124061956" timestamp="2022-07-25T17:15:33Z" user="AYAGE" uid="521665" lat="34.0326444" lon="132.1564347"/>
 <node id="9910074605" visible="true" version="1" changeset="124061956" timestamp="2022-07-25T17:15:33Z" user="AYAGE" uid="521665" lat="34.0326944" lon="132.1564320"/>
 <node id="9910074606" visible="true" version="1" changeset="124061956" timestamp="2022-07-25T17:15:33Z" user="AYAGE" uid="521665" lat="34.0326811" lon="132.1566479"/>
 <node id="9910074607" visible="true" version="1" changeset="124061956" timestamp="2022-07-25T17:15:33Z" user="AYAGE" uid="521665" lat="34.0327011" lon="132.1567860"/>
 <node id="9910074608" visible="true" version="1" changeset="124061956" timestamp="2022-07-25T17:15:33Z" user="AYAGE" uid="521665" lat="34.0327922" lon="132.1568115"/>
 <node id="9910074609" visible="true" version="1" changeset="124061956" timestamp="2022-07-25T17:15:33Z" user="AYAGE" uid="521665" lat="34.0328044" lon="132.1569242"/>
 <node id="9910074610" visible="true" version="1" changeset="124061956" timestamp="2022-07-25T17:15:33Z" user="AYAGE" uid="521665" lat="34.0327522" lon="132.1570314"/>
 <node id="9910074611" visible="true" version="1" changeset="124061956" timestamp="2022-07-25T17:15:33Z" user="AYAGE" uid="521665" lat="34.0327377" lon="132.1571240"/>
 <node id="9910074612" visible="true" version="1" changeset="124061956" timestamp="2022-07-25T17:15:33Z" user="AYAGE" uid="521665" lat="34.0328511" lon="132.1572621"/>
 <node id="9910074613" visible="true" version="1" changeset="124061956" timestamp="2022-07-25T17:15:33Z" user="AYAGE" uid="521665" lat="34.0328678" lon="132.1573560"/>
 <node id="9910074614" visible="true" version="1" changeset="124061956" timestamp="2022-07-25T17:15:33Z" user="AYAGE" uid="521665" lat="34.0328100" lon="132.1575505"/>
 <node id="9910074615" visible="true" version="1" changeset="124061956" timestamp="2022-07-25T17:15:33Z" user="AYAGE" uid="521665" lat="34.0327755" lon="132.1577060"/>
 <node id="9910074616" visible="true" version="1" changeset="124061956" timestamp="2022-07-25T17:15:33Z" user="AYAGE" uid="521665" lat="34.0328611" lon="132.1579126"/>
 <node id="9910074617" visible="true" version="1" changeset="124061956" timestamp="2022-07-25T17:15:33Z" user="AYAGE" uid="521665" lat="34.0329634" lon="132.1580265"/>
 <node id="9910074618" visible="true" version="1" changeset="124061956" timestamp="2022-07-25T17:15:33Z" user="AYAGE" uid="521665" lat="34.0330734" lon="132.1581244"/>
 <node id="9910074619" visible="true" version="1" changeset="124061956" timestamp="2022-07-25T17:15:33Z" user="AYAGE" uid="521665" lat="34.0331723" lon="132.1581432"/>
 <node id="9910074620" visible="true" version="1" changeset="124061956" timestamp="2022-07-25T17:15:33Z" user="AYAGE" uid="521665" lat="34.0332568" lon="132.1582049"/>
 <node id="9910074621" visible="true" version="1" changeset="124061956" timestamp="2022-07-25T17:15:33Z" user="AYAGE" uid="521665" lat="34.0333535" lon="132.1582384"/>
 <node id="9910074622" visible="true" version="1" changeset="124061956" timestamp="2022-07-25T17:15:33Z" user="AYAGE" uid="521665" lat="34.0333835" lon="132.1582572"/>
 <node id="9910074623" visible="true" version="1" changeset="124061956" timestamp="2022-07-25T17:15:33Z" user="AYAGE" uid="521665" lat="34.0333290" lon="132.1583565"/>
 <node id="9910074624" visible="true" version="1" changeset="124061956" timestamp="2022-07-25T17:15:33Z" user="AYAGE" uid="521665" lat="34.0332379" lon="132.1584436"/>
 <node id="9910074625" visible="true" version="1" changeset="124061956" timestamp="2022-07-25T17:15:33Z" user="AYAGE" uid="521665" lat="34.0330556" lon="132.1584570"/>
 <node id="9910074626" visible="true" version="1" changeset="124061956" timestamp="2022-07-25T17:15:33Z" user="AYAGE" uid="521665" lat="34.0329145" lon="132.1585402"/>
 <node id="9910074627" visible="true" version="1" changeset="124061956" timestamp="2022-07-25T17:15:33Z" user="AYAGE" uid="521665" lat="34.0328189" lon="132.1587038"/>
 <node id="9910074628" visible="true" version="1" changeset="124061956" timestamp="2022-07-25T17:15:33Z" user="AYAGE" uid="521665" lat="34.0327900" lon="132.1588299"/>
 <node id="9910074629" visible="true" version="1" changeset="124061956" timestamp="2022-07-25T17:15:33Z" user="AYAGE" uid="521665" lat="34.0327644" lon="132.1589063"/>
 <node id="9910074630" visible="true" version="1" changeset="124061956" timestamp="2022-07-25T17:15:33Z" user="AYAGE" uid="521665" lat="34.0326855" lon="132.1589144"/>
 <node id="9910074631" visible="true" version="1" changeset="124061956" timestamp="2022-07-25T17:15:33Z" user="AYAGE" uid="521665" lat="34.0326055" lon="132.1589465"/>
 <node id="9910074632" visible="true" version="1" changeset="124061956" timestamp="2022-07-25T17:15:33Z" user="AYAGE" uid="521665" lat="34.0325166" lon="132.1588929"/>
 <node id="9910074633" visible="true" version="1" changeset="124061956" timestamp="2022-07-25T17:15:33Z" user="AYAGE" uid="521665" lat="34.0324643" lon="132.1589492"/>
 <node id="9910074634" visible="true" version="1" changeset="124061956" timestamp="2022-07-25T17:15:33Z" user="AYAGE" uid="521665" lat="34.0324910" lon="132.1590753"/>
 <node id="9910074635" visible="true" version="1" changeset="124061956" timestamp="2022-07-25T17:15:33Z" user="AYAGE" uid="521665" lat="34.0326244" lon="132.1591826"/>
 <node id="9910074636" visible="true" version="1" changeset="124061956" timestamp="2022-07-25T17:15:33Z" user="AYAGE" uid="521665" lat="34.0327277" lon="132.1592148"/>
 <node id="9910074637" visible="true" version="1" changeset="124061956" timestamp="2022-07-25T17:15:33Z" user="AYAGE" uid="521665" lat="34.0328289" lon="132.1591195"/>
 <node id="9910074638" visible="true" version="1" changeset="124061956" timestamp="2022-07-25T17:15:33Z" user="AYAGE" uid="521665" lat="34.0328878" lon="132.1591155"/>
 <node id="9910074639" visible="true" version="1" changeset="124061956" timestamp="2022-07-25T17:15:33Z" user="AYAGE" uid="521665" lat="34.0329678" lon="132.1593247"/>
 <node id="9910074640" visible="true" version="1" changeset="124061956" timestamp="2022-07-25T17:15:33Z" user="AYAGE" uid="521665" lat="34.0329734" lon="132.1594226"/>
 <node id="9910074641" visible="true" version="1" changeset="124061956" timestamp="2022-07-25T17:15:33Z" user="AYAGE" uid="521665" lat="34.0328722" lon="132.1594883"/>
 <node id="9910074642" visible="true" version="1" changeset="124061956" timestamp="2022-07-25T17:15:33Z" user="AYAGE" uid="521665" lat="34.0328000" lon="132.1595862"/>
 <node id="9910074643" visible="true" version="1" changeset="124061956" timestamp="2022-07-25T17:15:33Z" user="AYAGE" uid="521665" lat="34.0328022" lon="132.1597297"/>
 <node id="9910074644" visible="true" version="1" changeset="124061956" timestamp="2022-07-25T17:15:33Z" user="AYAGE" uid="521665" lat="34.0328311" lon="132.1598625"/>
 <node id="9910074645" visible="true" version="1" changeset="124061956" timestamp="2022-07-25T17:15:33Z" user="AYAGE" uid="521665" lat="34.0327255" lon="132.1599792"/>
 <node id="9910074646" visible="true" version="1" changeset="124061956" timestamp="2022-07-25T17:15:33Z" user="AYAGE" uid="521665" lat="34.0325755" lon="132.1600704"/>
 <node id="9910074647" visible="true" version="1" changeset="124061956" timestamp="2022-07-25T17:15:33Z" user="AYAGE" uid="521665" lat="34.0325088" lon="132.1600744"/>
 <node id="9910074648" visible="true" version="1" changeset="124061956" timestamp="2022-07-25T17:15:33Z" user="AYAGE" uid="521665" lat="34.0325066" lon="132.1599738"/>
 <node id="9910074649" visible="true" version="1" changeset="124061956" timestamp="2022-07-25T17:15:33Z" user="AYAGE" uid="521665" lat="34.0325688" lon="132.1598665"/>
 <node id="9910074650" visible="true" version="1" changeset="124061956" timestamp="2022-07-25T17:15:33Z" user="AYAGE" uid="521665" lat="34.0325410" lon="132.1597727"/>
 <node id="9910074651" visible="true" version="1" changeset="124061956" timestamp="2022-07-25T17:15:33Z" user="AYAGE" uid="521665" lat="34.0323899" lon="132.1597190"/>
 <node id="9910074652" visible="true" version="1" changeset="124061956" timestamp="2022-07-25T17:15:33Z" user="AYAGE" uid="521665" lat="34.0323021" lon="132.1596077"/>
 <node id="9910074653" visible="true" version="1" changeset="124061956" timestamp="2022-07-25T17:15:33Z" user="AYAGE" uid="521665" lat="34.0321932" lon="132.1596439"/>
 <node id="9910074654" visible="true" version="1" changeset="124061956" timestamp="2022-07-25T17:15:33Z" user="AYAGE" uid="521665" lat="34.0321409" lon="132.1597901"/>
 <node id="9910074655" visible="true" version="1" changeset="124061956" timestamp="2022-07-25T17:15:33Z" user="AYAGE" uid="521665" lat="34.0321320" lon="132.1600878"/>
 <node id="9910074656" visible="true" version="1" changeset="124061956" timestamp="2022-07-25T17:15:33Z" user="AYAGE" uid="521665" lat="34.0321620" lon="132.1602179"/>
 <node id="9910074657" visible="true" version="1" changeset="124061956" timestamp="2022-07-25T17:15:33Z" user="AYAGE" uid="521665" lat="34.0322676" lon="132.1603279"/>
 <node id="9910074658" visible="true" version="1" changeset="124061956" timestamp="2022-07-25T17:15:33Z" user="AYAGE" uid="521665" lat="34.0323921" lon="132.1603802"/>
 <node id="9910074659" visible="true" version="1" changeset="124061956" timestamp="2022-07-25T17:15:33Z" user="AYAGE" uid="521665" lat="34.0323899" lon="132.1604647"/>
 <node id="9910074660" visible="true" version="1" changeset="124061956" timestamp="2022-07-25T17:15:33Z" user="AYAGE" uid="521665" lat="34.0323376" lon="132.1605143"/>
 <node id="9910074661" visible="true" version="1" changeset="124061956" timestamp="2022-07-25T17:15:33Z" user="AYAGE" uid="521665" lat="34.0321754" lon="132.1605049"/>
 <node id="9910074662" visible="true" version="1" changeset="124061956" timestamp="2022-07-25T17:15:33Z" user="AYAGE" uid="521665" lat="34.0321254" lon="132.1605612"/>
 <node id="9910074663" visible="true" version="1" changeset="124061956" timestamp="2022-07-25T17:15:33Z" user="AYAGE" uid="521665" lat="34.0322665" lon="132.1608013"/>
 <node id="9910074664" visible="true" version="1" changeset="124061956" timestamp="2022-07-25T17:15:33Z" user="AYAGE" uid="521665" lat="34.0323676" lon="132.1608683"/>
 <node id="9910074665" visible="true" version="1" changeset="124061956" timestamp="2022-07-25T17:15:33Z" user="AYAGE" uid="521665" lat="34.0324810" lon="132.1608040"/>
 <node id="9910074666" visible="true" version="1" changeset="124061956" timestamp="2022-07-25T17:15:33Z" user="AYAGE" uid="521665" lat="34.0326499" lon="132.1607329"/>
 <node id="9910074667" visible="true" version="1" changeset="124061956" timestamp="2022-07-25T17:15:33Z" user="AYAGE" uid="521665" lat="34.0326933" lon="132.1607879"/>
 <node id="9910074668" visible="true" version="1" changeset="124061956" timestamp="2022-07-25T17:15:33Z" user="AYAGE" uid="521665" lat="34.0326377" lon="132.1608885"/>
 <node id="9910074669" visible="true" version="1" changeset="124061956" timestamp="2022-07-25T17:15:33Z" user="AYAGE" uid="521665" lat="34.0325677" lon="132.1608911"/>
 <node id="9910074670" visible="true" version="1" changeset="124061956" timestamp="2022-07-25T17:15:33Z" user="AYAGE" uid="521665" lat="34.0324499" lon="132.1610387"/>
 <node id="9910074671" visible="true" version="1" changeset="124061956" timestamp="2022-07-25T17:15:33Z" user="AYAGE" uid="521665" lat="34.0324032" lon="132.1611768"/>
 <node id="9910074672" visible="true" version="1" changeset="124061956" timestamp="2022-07-25T17:15:33Z" user="AYAGE" uid="521665" lat="34.0322698" lon="132.1613605"/>
 <node id="9910074673" visible="true" version="1" changeset="124061956" timestamp="2022-07-25T17:15:33Z" user="AYAGE" uid="521665" lat="34.0321687" lon="132.1614437"/>
 <node id="9910074674" visible="true" version="1" changeset="124061956" timestamp="2022-07-25T17:15:33Z" user="AYAGE" uid="521665" lat="34.0320865" lon="132.1613874"/>
 <node id="9910074675" visible="true" version="1" changeset="124061956" timestamp="2022-07-25T17:15:33Z" user="AYAGE" uid="521665" lat="34.0320353" lon="132.1612720"/>
 <node id="9910074676" visible="true" version="1" changeset="124061956" timestamp="2022-07-25T17:15:33Z" user="AYAGE" uid="521665" lat="34.0319398" lon="132.1613109"/>
 <node id="9910074677" visible="true" version="1" changeset="124061956" timestamp="2022-07-25T17:15:33Z" user="AYAGE" uid="521665" lat="34.0318942" lon="132.1614517"/>
 <node id="9910074678" visible="true" version="1" changeset="124061956" timestamp="2022-07-25T17:15:33Z" user="AYAGE" uid="521665" lat="34.0318286" lon="132.1614893"/>
 <node id="9910074679" visible="true" version="1" changeset="124061956" timestamp="2022-07-25T17:15:33Z" user="AYAGE" uid="521665" lat="34.0316864" lon="132.1613981"/>
 <node id="9910074680" visible="true" version="1" changeset="124061956" timestamp="2022-07-25T17:15:33Z" user="AYAGE" uid="521665" lat="34.0316274" lon="132.1613257"/>
 <node id="9910074681" visible="true" version="1" changeset="124061956" timestamp="2022-07-25T17:15:33Z" user="AYAGE" uid="521665" lat="34.0315308" lon="132.1611513"/>
 <node id="9910074682" visible="true" version="1" changeset="124061956" timestamp="2022-07-25T17:15:33Z" user="AYAGE" uid="521665" lat="34.0314196" lon="132.1611433"/>
 <node id="9910074683" visible="true" version="1" changeset="124061956" timestamp="2022-07-25T17:15:33Z" user="AYAGE" uid="521665" lat="34.0313563" lon="132.1611768"/>
 <node id="9910074684" visible="true" version="1" changeset="124061956" timestamp="2022-07-25T17:15:33Z" user="AYAGE" uid="521665" lat="34.0312229" lon="132.1613082"/>
 <node id="9910074685" visible="true" version="1" changeset="124061956" timestamp="2022-07-25T17:15:33Z" user="AYAGE" uid="521665" lat="34.0311440" lon="132.1613391"/>
 <node id="9910074686" visible="true" version="1" changeset="124061956" timestamp="2022-07-25T17:15:33Z" user="AYAGE" uid="521665" lat="34.0310484" lon="132.1612801"/>
 <node id="9910074687" visible="true" version="1" changeset="124061956" timestamp="2022-07-25T17:15:33Z" user="AYAGE" uid="521665" lat="34.0309962" lon="132.1611741"/>
 <node id="9910074688" visible="true" version="1" changeset="124061956" timestamp="2022-07-25T17:15:33Z" user="AYAGE" uid="521665" lat="34.0309450" lon="132.1611661"/>
 <node id="9910074689" visible="true" version="1" changeset="124061956" timestamp="2022-07-25T17:15:33Z" user="AYAGE" uid="521665" lat="34.0308684" lon="132.1610548"/>
 <node id="9910074690" visible="true" version="1" changeset="124061956" timestamp="2022-07-25T17:15:33Z" user="AYAGE" uid="521665" lat="34.0307828" lon="132.1610025"/>
 <node id="9910074691" visible="true" version="1" changeset="124061956" timestamp="2022-07-25T17:15:33Z" user="AYAGE" uid="521665" lat="34.0306605" lon="132.1609917"/>
 <node id="9910074692" visible="true" version="1" changeset="124061956" timestamp="2022-07-25T17:15:33Z" user="AYAGE" uid="521665" lat="34.0305938" lon="132.1610695"/>
 <node id="9910074693" visible="true" version="1" changeset="124061956" timestamp="2022-07-25T17:15:33Z" user="AYAGE" uid="521665" lat="34.0305449" lon="132.1612693"/>
 <node id="9910074694" visible="true" version="1" changeset="124061956" timestamp="2022-07-25T17:15:33Z" user="AYAGE" uid="521665" lat="34.0306061" lon="132.1613914"/>
 <node id="9910074695" visible="true" version="1" changeset="124061956" timestamp="2022-07-25T17:15:33Z" user="AYAGE" uid="521665" lat="34.0305983" lon="132.1615201"/>
 <node id="9910074696" visible="true" version="1" changeset="124061956" timestamp="2022-07-25T17:15:33Z" user="AYAGE" uid="521665" lat="34.0306550" lon="132.1617253"/>
 <node id="9910074697" visible="true" version="1" changeset="124061956" timestamp="2022-07-25T17:15:33Z" user="AYAGE" uid="521665" lat="34.0306394" lon="132.1618742"/>
 <node id="9910074698" visible="true" version="1" changeset="124061956" timestamp="2022-07-25T17:15:33Z" user="AYAGE" uid="521665" lat="34.0305605" lon="132.1619171"/>
 <node id="9910074699" visible="true" version="1" changeset="124061956" timestamp="2022-07-25T17:15:33Z" user="AYAGE" uid="521665" lat="34.0303627" lon="132.1618742"/>
 <node id="9910074700" visible="true" version="1" changeset="124061956" timestamp="2022-07-25T17:15:33Z" user="AYAGE" uid="521665" lat="34.0301559" lon="132.1617320"/>
 <node id="9910074701" visible="true" version="1" changeset="124061956" timestamp="2022-07-25T17:15:33Z" user="AYAGE" uid="521665" lat="34.0300237" lon="132.1615282"/>
 <node id="9910074702" visible="true" version="1" changeset="124061956" timestamp="2022-07-25T17:15:33Z" user="AYAGE" uid="521665" lat="34.0299581" lon="132.1612076"/>
 <node id="9910074703" visible="true" version="1" changeset="124061956" timestamp="2022-07-25T17:15:33Z" user="AYAGE" uid="521665" lat="34.0299092" lon="132.1608992"/>
 <node id="9910074704" visible="true" version="1" changeset="124061956" timestamp="2022-07-25T17:15:33Z" user="AYAGE" uid="521665" lat="34.0297614" lon="132.1605559"/>
 <node id="9910074705" visible="true" version="1" changeset="124061956" timestamp="2022-07-25T17:15:33Z" user="AYAGE" uid="521665" lat="34.0297403" lon="132.1604164"/>
 <node id="9910074706" visible="true" version="1" changeset="124061956" timestamp="2022-07-25T17:15:33Z" user="AYAGE" uid="521665" lat="34.0298236" lon="132.1603467"/>
 <node id="9910074707" visible="true" version="1" changeset="124061956" timestamp="2022-07-25T17:15:33Z" user="AYAGE" uid="521665" lat="34.0299103" lon="132.1603400"/>
 <node id="9910074708" visible="true" version="1" changeset="124061956" timestamp="2022-07-25T17:15:33Z" user="AYAGE" uid="521665" lat="34.0300159" lon="132.1603641"/>
 <node id="9910074709" visible="true" version="1" changeset="124061956" timestamp="2022-07-25T17:15:33Z" user="AYAGE" uid="521665" lat="34.0300581" lon="132.1603172"/>
 <node id="9910074710" visible="true" version="1" changeset="124061956" timestamp="2022-07-25T17:15:33Z" user="AYAGE" uid="521665" lat="34.0300559" lon="132.1602260"/>
 <node id="9910074711" visible="true" version="1" changeset="124061956" timestamp="2022-07-25T17:15:33Z" user="AYAGE" uid="521665" lat="34.0301326" lon="132.1601669"/>
 <node id="9910074712" visible="true" version="1" changeset="124061956" timestamp="2022-07-25T17:15:33Z" user="AYAGE" uid="521665" lat="34.0302271" lon="132.1602957"/>
 <node id="9910074713" visible="true" version="1" changeset="124061956" timestamp="2022-07-25T17:15:33Z" user="AYAGE" uid="521665" lat="34.0303160" lon="132.1602944"/>
 <node id="9910074714" visible="true" version="1" changeset="124061956" timestamp="2022-07-25T17:15:33Z" user="AYAGE" uid="521665" lat="34.0303960" lon="132.1602286"/>
 <node id="9910074715" visible="true" version="1" changeset="124061956" timestamp="2022-07-25T17:15:33Z" user="AYAGE" uid="521665" lat="34.0304571" lon="132.1600932"/>
 <node id="9910074716" visible="true" version="1" changeset="124061956" timestamp="2022-07-25T17:15:33Z" user="AYAGE" uid="521665" lat="34.0304782" lon="132.1598598"/>
 <node id="9910074717" visible="true" version="1" changeset="124061956" timestamp="2022-07-25T17:15:33Z" user="AYAGE" uid="521665" lat="34.0305338" lon="132.1597673"/>
 <node id="9910074718" visible="true" version="1" changeset="124061956" timestamp="2022-07-25T17:15:33Z" user="AYAGE" uid="521665" lat="34.0305805" lon="132.1596064"/>
 <node id="9910074719" visible="true" version="1" changeset="124061956" timestamp="2022-07-25T17:15:33Z" user="AYAGE" uid="521665" lat="34.0305327" lon="132.1595635"/>
 <node id="9910074720" visible="true" version="1" changeset="124061956" timestamp="2022-07-25T17:15:33Z" user="AYAGE" uid="521665" lat="34.0304994" lon="132.1594253"/>
 <node id="9910074721" visible="true" version="1" changeset="124061956" timestamp="2022-07-25T17:15:33Z" user="AYAGE" uid="521665" lat="34.0303682" lon="132.1591236"/>
 <node id="9910074722" visible="true" version="1" changeset="124061956" timestamp="2022-07-25T17:15:33Z" user="AYAGE" uid="521665" lat="34.0303682" lon="132.1590404"/>
 <node id="9910074723" visible="true" version="1" changeset="124061956" timestamp="2022-07-25T17:15:33Z" user="AYAGE" uid="521665" lat="34.0304327" lon="132.1589425"/>
 <node id="9910074724" visible="true" version="1" changeset="124061956" timestamp="2022-07-25T17:15:33Z" user="AYAGE" uid="521665" lat="34.0304916" lon="132.1588406"/>
 <node id="9910074725" visible="true" version="1" changeset="124061956" timestamp="2022-07-25T17:15:33Z" user="AYAGE" uid="521665" lat="34.0305016" lon="132.1587333"/>
 <node id="9910074726" visible="true" version="1" changeset="124061956" timestamp="2022-07-25T17:15:33Z" user="AYAGE" uid="521665" lat="34.0305471" lon="132.1586931"/>
 <node id="9910074727" visible="true" version="1" changeset="124061956" timestamp="2022-07-25T17:15:33Z" user="AYAGE" uid="521665" lat="34.0306950" lon="132.1587655"/>
 <node id="9910074728" visible="true" version="1" changeset="124061956" timestamp="2022-07-25T17:15:33Z" user="AYAGE" uid="521665" lat="34.0307728" lon="132.1587454"/>
 <node id="9910074729" visible="true" version="1" changeset="124061956" timestamp="2022-07-25T17:15:33Z" user="AYAGE" uid="521665" lat="34.0308995" lon="132.1584114"/>
 <node id="9910074730" visible="true" version="1" changeset="124061956" timestamp="2022-07-25T17:15:33Z" user="AYAGE" uid="521665" lat="34.0308795" lon="132.1583216"/>
 <node id="9910074731" visible="true" version="1" changeset="124061956" timestamp="2022-07-25T17:15:33Z" user="AYAGE" uid="521665" lat="34.0306961" lon="132.1583256"/>
 <node id="9910074732" visible="true" version="1" changeset="124061956" timestamp="2022-07-25T17:15:33Z" user="AYAGE" uid="521665" lat="34.0305027" lon="132.1584114"/>
 <node id="9910074733" visible="true" version="1" changeset="124061956" timestamp="2022-07-25T17:15:33Z" user="AYAGE" uid="521665" lat="34.0303415" lon="132.1583484"/>
 <node id="9910074734" visible="true" version="1" changeset="124061956" timestamp="2022-07-25T17:15:33Z" user="AYAGE" uid="521665" lat="34.0302737" lon="132.1582089"/>
 <node id="9910074735" visible="true" version="1" changeset="124061956" timestamp="2022-07-25T17:15:33Z" user="AYAGE" uid="521665" lat="34.0302371" lon="132.1580748"/>
 <node id="9910074736" visible="true" version="1" changeset="124061956" timestamp="2022-07-25T17:15:33Z" user="AYAGE" uid="521665" lat="34.0303215" lon="132.1579139"/>
 <node id="9910074737" visible="true" version="1" changeset="124061956" timestamp="2022-07-25T17:15:33Z" user="AYAGE" uid="521665" lat="34.0304671" lon="132.1578629"/>
 <node id="9910074738" visible="true" version="1" changeset="124061956" timestamp="2022-07-25T17:15:33Z" user="AYAGE" uid="521665" lat="34.0305938" lon="132.1576886"/>
 <node id="9910074739" visible="true" version="1" changeset="124061956" timestamp="2022-07-25T17:15:33Z" user="AYAGE" uid="521665" lat="34.0306183" lon="132.1574874"/>
 <node id="9910074740" visible="true" version="1" changeset="124061956" timestamp="2022-07-25T17:15:33Z" user="AYAGE" uid="521665" lat="34.0305772" lon="132.1573935"/>
 <node id="9910074741" visible="true" version="1" changeset="124061956" timestamp="2022-07-25T17:15:33Z" user="AYAGE" uid="521665" lat="34.0305349" lon="132.1572608"/>
 <node id="9910074742" visible="true" version="1" changeset="124061956" timestamp="2022-07-25T17:15:33Z" user="AYAGE" uid="521665" lat="34.0305505" lon="132.1570677"/>
 <node id="9910074743" visible="true" version="1" changeset="124061956" timestamp="2022-07-25T17:15:33Z" user="AYAGE" uid="521665" lat="34.0306327" lon="132.1569563"/>
 <node id="9910074744" visible="true" version="1" changeset="124061956" timestamp="2022-07-25T17:15:33Z" user="AYAGE" uid="521665" lat="34.0307405" lon="132.1568450"/>
 <node id="9910074745" visible="true" version="1" changeset="124061956" timestamp="2022-07-25T17:15:33Z" user="AYAGE" uid="521665" lat="34.0308317" lon="132.1568625"/>
 <node id="9910074746" visible="true" version="1" changeset="124061956" timestamp="2022-07-25T17:15:33Z" user="AYAGE" uid="521665" lat="34.0308995" lon="132.1568786"/>
 <node id="9910074747" visible="true" version="1" changeset="124061956" timestamp="2022-07-25T17:15:33Z" user="AYAGE" uid="521665" lat="34.0310062" lon="132.1567297"/>
 <node id="9910074748" visible="true" version="1" changeset="124061956" timestamp="2022-07-25T17:15:33Z" user="AYAGE" uid="521665" lat="34.0310462" lon="132.1566036"/>
 <node id="9910074749" visible="true" version="1" changeset="124061956" timestamp="2022-07-25T17:15:33Z" user="AYAGE" uid="521665" lat="34.0308728" lon="132.1565339"/>
 <node id="9910074750" visible="true" version="1" changeset="124061956" timestamp="2022-07-25T17:15:33Z" user="AYAGE" uid="521665" lat="34.0308106" lon="132.1565728"/>
 <node id="9910074751" visible="true" version="1" changeset="124061956" timestamp="2022-07-25T17:15:33Z" user="AYAGE" uid="521665" lat="34.0307450" lon="132.1567257"/>
 <node id="9910074752" visible="true" version="1" changeset="124061956" timestamp="2022-07-25T17:15:33Z" user="AYAGE" uid="521665" lat="34.0307216" lon="132.1567149"/>
 <node id="9910074753" visible="true" version="1" changeset="124061956" timestamp="2022-07-25T17:15:33Z" user="AYAGE" uid="521665" lat="34.0307372" lon="132.1566117"/>
 <node id="9910074754" visible="true" version="1" changeset="124061956" timestamp="2022-07-25T17:15:33Z" user="AYAGE" uid="521665" lat="34.0308306" lon="132.1564253"/>
 <node id="9910074755" visible="true" version="1" changeset="124061956" timestamp="2022-07-25T17:15:33Z" user="AYAGE" uid="521665" lat="34.0308428" lon="132.1562603"/>
 <node id="9910074756" visible="true" version="1" changeset="124061956" timestamp="2022-07-25T17:15:33Z" user="AYAGE" uid="521665" lat="34.0308695" lon="132.1562026"/>
 <node id="9910074757" visible="true" version="1" changeset="124061956" timestamp="2022-07-25T17:15:33Z" user="AYAGE" uid="521665" lat="34.0308784" lon="132.1561410"/>
 <node id="9910074758" visible="true" version="1" changeset="124061956" timestamp="2022-07-25T17:15:33Z" user="AYAGE" uid="521665" lat="34.0308128" lon="132.1561021"/>
 <node id="9910074759" visible="true" version="1" changeset="124061956" timestamp="2022-07-25T17:15:33Z" user="AYAGE" uid="521665" lat="34.0307794" lon="132.1560471"/>
 <node id="9910074760" visible="true" version="1" changeset="124061956" timestamp="2022-07-25T17:15:33Z" user="AYAGE" uid="521665" lat="34.0308017" lon="132.1558191"/>
 <node id="9910074761" visible="true" version="1" changeset="124061956" timestamp="2022-07-25T17:15:33Z" user="AYAGE" uid="521665" lat="34.0308194" lon="132.1556407"/>
 <node id="9910074762" visible="true" version="1" changeset="124061956" timestamp="2022-07-25T17:15:33Z" user="AYAGE" uid="521665" lat="34.0308328" lon="132.1554650"/>
 <way id="118902781" visible="true" version="4" changeset="124034389" timestamp="2022-07-25T06:28:36Z" user="AYAGE" uid="521665">
  <nd ref="1336528202"/>
  <nd ref="9908852988"/>
  <nd ref="3713763032"/>
  <nd ref="1336550916"/>
  <nd ref="9908852987"/>
  <nd ref="1336520365"/>
  <nd ref="1336547408"/>
  <nd ref="1336524262"/>
  <nd ref="9908852986"/>
  <nd ref="1336520289"/>
  <nd ref="3713763033"/>
  <nd ref="1336527814"/>
  <nd ref="1336537478"/>
  <nd ref="9908852985"/>
  <nd ref="1336537211"/>
  <nd ref="9908852984"/>
  <nd ref="1336524023"/>
  <nd ref="1336537682"/>
  <nd ref="1336521926"/>
  <nd ref="9908852983"/>
  <nd ref="1336521021"/>
  <nd ref="9908852982"/>
  <nd ref="1336532515"/>
  <nd ref="1336540384"/>
  <nd ref="1336542713"/>
  <nd ref="1336528419"/>
  <nd ref="1336521806"/>
  <nd ref="9908852981"/>
  <nd ref="1336520552"/>
  <nd ref="9908852980"/>
  <nd ref="1336548706"/>
  <nd ref="9908852979"/>
  <nd ref="1336521005"/>
  <nd ref="1336550757"/>
  <nd ref="1336522713"/>
  <nd ref="9908852978"/>
  <nd ref="1336524695"/>
  <nd ref="1336523530"/>
  <nd ref="1336521684"/>
  <nd ref="9908852977"/>
  <nd ref="1336523898"/>
  <nd ref="1336527035"/>
  <nd ref="9908852976"/>
  <nd ref="1336530650"/>
  <nd ref="1336550323"/>
  <nd ref="1336549195"/>
  <nd ref="1336542954"/>
  <nd ref="4296624180"/>
  <nd ref="1336523744"/>
  <nd ref="1336521341"/>
  <nd ref="1336539059"/>
  <nd ref="1336530044"/>
  <nd ref="9908852975"/>
  <nd ref="1336526485"/>
  <nd ref="9908852974"/>
  <nd ref="1336520420"/>
  <nd ref="1336529004"/>
  <nd ref="1336529028"/>
  <nd ref="1336520652"/>
  <nd ref="4296624179"/>
  <nd ref="9908852973"/>
  <nd ref="1336539444"/>
  <nd ref="1336538875"/>
  <nd ref="9908852972"/>
  <nd ref="1336541714"/>
  <nd ref="4296624181"/>
  <nd ref="1336548178"/>
  <nd ref="1336523652"/>
  <nd ref="4296624182"/>
  <nd ref="1336527659"/>
  <nd ref="1336530252"/>
  <tag k="highway" v="tertiary"/>
  <tag k="source" v="YahooJapan/ALPSMAP"/>
 </way>
 <way id="148397025" visible="true" version="2" changeset="124061956" timestamp="2022-07-25T17:15:33Z" user="AYAGE" uid="521665">
  <nd ref="1615047698"/>
  <nd ref="9910074762"/>
  <nd ref="9910074761"/>
  <nd ref="9910074760"/>
  <nd ref="9910074759"/>
  <nd ref="9910074758"/>
  <nd ref="9910074757"/>
  <nd ref="9910074756"/>
  <nd ref="9910074755"/>
  <nd ref="9910074754"/>
  <nd ref="9910074753"/>
  <nd ref="9910074752"/>
  <nd ref="9910074751"/>
  <nd ref="9910074750"/>
  <nd ref="9910074749"/>
  <nd ref="9910074748"/>
  <nd ref="9910074747"/>
  <nd ref="9910074746"/>
  <nd ref="9910074745"/>
  <nd ref="9910074744"/>
  <nd ref="9910074743"/>
  <nd ref="9910074742"/>
  <nd ref="9910074741"/>
  <nd ref="9910074740"/>
  <nd ref="9910074739"/>
  <nd ref="9910074738"/>
  <nd ref="9910074737"/>
  <nd ref="9910074736"/>
  <nd ref="9910074735"/>
  <nd ref="9910074734"/>
  <nd ref="9910074733"/>
  <nd ref="9910074732"/>
  <nd ref="9910074731"/>
  <nd ref="9910074730"/>
  <nd ref="9910074729"/>
  <nd ref="9910074728"/>
  <nd ref="9910074727"/>
  <nd ref="9910074726"/>
  <nd ref="9910074725"/>
  <nd ref="9910074724"/>
  <nd ref="9910074723"/>
  <nd ref="9910074722"/>
  <nd ref="9910074721"/>
  <nd ref="9910074720"/>
  <nd ref="9910074719"/>
  <nd ref="9910074718"/>
  <nd ref="9910074717"/>
  <nd ref="9910074716"/>
  <nd ref="9910074715"/>
  <nd ref="9910074714"/>
  <nd ref="9910074713"/>
  <nd ref="9910074712"/>
  <nd ref="9910074711"/>
  <nd ref="9910074710"/>
  <nd ref="9910074709"/>
  <nd ref="9910074708"/>
  <nd ref="9910074707"/>
  <nd ref="9910074706"/>
  <nd ref="9910074705"/>
  <nd ref="9910074704"/>
  <nd ref="9910074703"/>
  <nd ref="9910074702"/>
  <nd ref="9910074701"/>
  <nd ref="9910074700"/>
  <nd ref="9910074699"/>
  <nd ref="9910074698"/>
  <nd ref="9910074697"/>
  <nd ref="9910074696"/>
  <nd ref="9910074695"/>
  <nd ref="9910074694"/>
  <nd ref="9910074693"/>
  <nd ref="9910074692"/>
  <nd ref="9910074691"/>
  <nd ref="9910074690"/>
  <nd ref="9910074689"/>
  <nd ref="9910074688"/>
  <nd ref="9910074687"/>
  <nd ref="9910074686"/>
  <nd ref="9910074685"/>
  <nd ref="9910074684"/>
  <nd ref="9910074683"/>
  <nd ref="9910074682"/>
  <nd ref="9910074681"/>
  <nd ref="9910074680"/>
  <nd ref="9910074679"/>
  <nd ref="9910074678"/>
  <nd ref="9910074677"/>
  <nd ref="9910074676"/>
  <nd ref="9910074675"/>
  <nd ref="9910074674"/>
  <nd ref="9910074673"/>
  <nd ref="9910074672"/>
  <nd ref="9910074671"/>
  <nd ref="9910074670"/>
  <nd ref="9910074669"/>
  <nd ref="9910074668"/>
  <nd ref="9910074667"/>
  <nd ref="9910074666"/>
  <nd ref="9910074665"/>
  <nd ref="9910074664"/>
  <nd ref="9910074663"/>
  <nd ref="9910074662"/>
  <nd ref="9910074661"/>
  <nd ref="9910074660"/>
  <nd ref="9910074659"/>
  <nd ref="9910074658"/>
  <nd ref="9910074657"/>
  <nd ref="9910074656"/>
  <nd ref="9910074655"/>
  <nd ref="9910074654"/>
  <nd ref="9910074653"/>
  <nd ref="9910074652"/>
  <nd ref="9910074651"/>
  <nd ref="9910074650"/>
  <nd ref="9910074649"/>
  <nd ref="9910074648"/>
  <nd ref="9910074647"/>
  <nd ref="9910074646"/>
  <nd ref="9910074645"/>
  <nd ref="9910074644"/>
  <nd ref="9910074643"/>
  <nd ref="9910074642"/>
  <nd ref="9910074641"/>
  <nd ref="9910074640"/>
  <nd ref="9910074639"/>
  <nd ref="9910074638"/>
  <nd ref="9910074637"/>
  <nd ref="9910074636"/>
  <nd ref="9910074635"/>
  <nd ref="9910074634"/>
  <nd ref="9910074633"/>
  <nd ref="9910074632"/>
  <nd ref="9910074631"/>
  <nd ref="9910074630"/>
  <nd ref="9910074629"/>
  <nd ref="9910074628"/>
  <nd ref="9910074627"/>
  <nd ref="9910074626"/>
  <nd ref="9910074625"/>
  <nd ref="9910074624"/>
  <nd ref="9910074623"/>
  <nd ref="9910074622"/>
  <nd ref="9910074621"/>
  <nd ref="9910074620"/>
  <nd ref="9910074619"/>
  <nd ref="9910074618"/>
  <nd ref="9910074617"/>
  <nd ref="9910074616"/>
  <nd ref="9910074615"/>
  <nd ref="9910074614"/>
  <nd ref="9910074613"/>
  <nd ref="9910074612"/>
  <nd ref="9910074611"/>
  <nd ref="9910074610"/>
  <nd ref="9910074609"/>
  <nd ref="9910074608"/>
  <nd ref="9910074607"/>
  <nd ref="9910074606"/>
  <nd ref="9910074605"/>
  <nd ref="9910074604"/>
  <nd ref="9910074603"/>
  <nd ref="9910074602"/>
  <nd ref="9910074601"/>
  <nd ref="9910074600"/>
  <nd ref="9910074599"/>
  <nd ref="9910074598"/>
  <nd ref="9910074597"/>
  <nd ref="9910074596"/>
  <nd ref="9910074595"/>
  <nd ref="9910074594"/>
  <nd ref="9910074593"/>
  <nd ref="9910074592"/>
  <nd ref="9910074591"/>
  <nd ref="9910074590"/>
  <nd ref="1615047772"/>
  <nd ref="1615047775"/>
  <nd ref="1615047771"/>
  <nd ref="1615047769"/>
  <nd ref="1615047761"/>
  <nd ref="1615047755"/>
  <nd ref="1615047750"/>
  <nd ref="9910074585"/>
  <nd ref="9910074584"/>
  <nd ref="9910074583"/>
  <nd ref="9910074582"/>
  <nd ref="9910074581"/>
  <nd ref="9910074580"/>
  <nd ref="9910074579"/>
  <nd ref="9910074578"/>
  <nd ref="9910074577"/>
  <nd ref="9910074576"/>
  <nd ref="9910074575"/>
  <nd ref="9910074574"/>
  <nd ref="9910074573"/>
  <nd ref="9910074572"/>
  <nd ref="9910074571"/>
  <nd ref="9910074570"/>
  <nd ref="9910074569"/>
  <nd ref="9910074568"/>
  <nd ref="9910074567"/>
  <nd ref="9910074566"/>
  <nd ref="9910074565"/>
  <nd ref="9910074564"/>
  <nd ref="9910074563"/>
  <nd ref="9910074562"/>
  <nd ref="9910074561"/>
  <nd ref="9910074560"/>
  <nd ref="9910074559"/>
  <nd ref="9910074558"/>
  <nd ref="9910074557"/>
  <nd ref="9910074556"/>
  <nd ref="9910074555"/>
  <nd ref="9910074554"/>
  <nd ref="9910074553"/>
  <nd ref="9910074552"/>
  <nd ref="9910074551"/>
  <nd ref="9910074550"/>
  <nd ref="9910074549"/>
  <nd ref="9910074548"/>
  <nd ref="9910074547"/>
  <nd ref="9910074546"/>
  <nd ref="9910074545"/>
  <nd ref="9910074544"/>
  <nd ref="9910074543"/>
  <nd ref="9910074542"/>
  <nd ref="9910074541"/>
  <nd ref="9910074540"/>
  <nd ref="9910074539"/>
  <nd ref="9910074538"/>
  <nd ref="9910074537"/>
  <nd ref="9910074536"/>
  <nd ref="9910074535"/>
  <nd ref="9910074534"/>
  <nd ref="9910074533"/>
  <nd ref="9910074532"/>
  <nd ref="9910074531"/>
  <nd ref="9910074530"/>
  <nd ref="9910074529"/>
  <nd ref="9910074528"/>
  <nd ref="9910074527"/>
  <nd ref="9910074526"/>
  <nd ref="9910074525"/>
  <nd ref="9910074524"/>
  <nd ref="9910074523"/>
  <nd ref="9910074522"/>
  <nd ref="9910074521"/>
  <nd ref="9910074520"/>
  <nd ref="9910074519"/>
  <nd ref="9910074518"/>
  <nd ref="9910074517"/>
  <nd ref="9910074516"/>
  <nd ref="9910074515"/>
  <nd ref="9910074514"/>
  <nd ref="9910074513"/>
  <nd ref="9910074512"/>
  <nd ref="9910074511"/>
  <nd ref="9910074510"/>
  <nd ref="9910074509"/>
  <nd ref="9910074508"/>
  <nd ref="9910074507"/>
  <nd ref="9910074506"/>
  <nd ref="9910074505"/>
  <nd ref="9910074504"/>
  <nd ref="9910074503"/>
  <nd ref="9910074502"/>
  <nd ref="9910074501"/>
  <nd ref="9910074500"/>
  <nd ref="9910074499"/>
  <nd ref="9910074498"/>
  <nd ref="9910074497"/>
  <nd ref="9910074496"/>
  <nd ref="9910074495"/>
  <nd ref="9910074494"/>
  <nd ref="9910074493"/>
  <nd ref="9910074492"/>
  <nd ref="9910074491"/>
  <nd ref="9910074490"/>
  <nd ref="9910074489"/>
  <nd ref="9910074488"/>
  <nd ref="9910074487"/>
  <nd ref="9910074486"/>
  <nd ref="9910074485"/>
  <nd ref="9910074484"/>
  <nd ref="9910074483"/>
  <nd ref="9910074482"/>
  <nd ref="9910074481"/>
  <nd ref="9910074480"/>
  <nd ref="1615047698"/>
  <tag k="natural" v="wood"/>
  <tag k="note" v="A13-06_35.xml"/>
  <tag k="source" v="MLIT, Japan"/>
  <tag k="source:ja" v="国土数値情報（森林地域データ）平成18年　国土交通省"/>
  <tag k="source_ref" v="http://nlftp.mlit.go.jp/ksj/jpgis/datalist/KsjTmplt-A13.html"/>
 </way>
 <way id="1081049226" visible="true" version="2" changeset="124061956" timestamp="2022-07-25T17:15:33Z" user="AYAGE" uid="521665">
  <nd ref="1613878913"/>
  <nd ref="9910074260"/>
  <nd ref="9910074261"/>
  <nd ref="9910074262"/>
  <nd ref="9910074263"/>
  <nd ref="9910074264"/>
  <nd ref="9910074265"/>
  <nd ref="9910074266"/>
  <nd ref="9910074267"/>
  <nd ref="9910074268"/>
  <nd ref="9910074269"/>
  <nd ref="9910074270"/>
  <nd ref="9910074271"/>
  <nd ref="9910074272"/>
  <nd ref="9910074273"/>
  <nd ref="9910074274"/>
  <nd ref="9910074275"/>
  <nd ref="9910074276"/>
  <nd ref="9910074277"/>
  <nd ref="9910074278"/>
  <nd ref="9910074279"/>
  <nd ref="9910074280"/>
  <nd ref="9910074281"/>
  <nd ref="9910074282"/>
  <nd ref="9910074283"/>
  <nd ref="9910074284"/>
  <nd ref="9910074285"/>
  <nd ref="9910074286"/>
  <nd ref="9910074287"/>
  <nd ref="9910074288"/>
  <nd ref="9910074289"/>
  <nd ref="9910074290"/>
  <nd ref="9910074291"/>
  <nd ref="9910074292"/>
  <nd ref="9910074293"/>
  <nd ref="9910074294"/>
  <nd ref="9910074295"/>
  <nd ref="9910074296"/>
  <nd ref="9910074297"/>
  <nd ref="9910074298"/>
  <nd ref="9910074299"/>
  <nd ref="9910074300"/>
  <nd ref="9910074301"/>
  <nd ref="9910074302"/>
  <nd ref="9910074303"/>
  <nd ref="9910074304"/>
  <nd ref="9910074305"/>
  <nd ref="9910074306"/>
  <nd ref="9910074307"/>
  <nd ref="9910074308"/>
  <nd ref="9910074309"/>
  <nd ref="9910074310"/>
  <nd ref="9910074311"/>
  <nd ref="9910074312"/>
  <nd ref="9910074313"/>
  <nd ref="9910074314"/>
  <nd ref="9910074315"/>
  <nd ref="9910074316"/>
  <nd ref="9910074317"/>
  <nd ref="9910074318"/>
  <nd ref="9910074319"/>
  <nd ref="9910074320"/>
  <nd ref="9910074321"/>
  <nd ref="9910074322"/>
  <nd ref="9910074323"/>
  <nd ref="9910074324"/>
  <nd ref="9910074325"/>
  <nd ref="9910074326"/>
  <nd ref="9910074327"/>
  <nd ref="9910074328"/>
  <nd ref="9910074329"/>
  <nd ref="9910074330"/>
  <nd ref="9910074331"/>
  <nd ref="9910074332"/>
  <nd ref="9910074333"/>
  <nd ref="9910074334"/>
  <nd ref="9910074335"/>
  <nd ref="9910074336"/>
  <nd ref="9910074337"/>
  <nd ref="9910074338"/>
  <nd ref="9910074339"/>
  <nd ref="9910074340"/>
  <nd ref="9910074341"/>
  <nd ref="9910074342"/>
  <nd ref="9910074343"/>
  <nd ref="9910074344"/>
  <nd ref="9910074345"/>
  <nd ref="9910074346"/>
  <nd ref="9910074347"/>
  <nd ref="9910074348"/>
  <nd ref="9910074349"/>
  <nd ref="9910074350"/>
  <nd ref="9910074351"/>
  <nd ref="9910074352"/>
  <nd ref="9910074353"/>
  <nd ref="9910074354"/>
  <nd ref="9910074355"/>
  <nd ref="9910074356"/>
  <nd ref="9910074357"/>
  <nd ref="9910074358"/>
  <nd ref="9910074359"/>
  <nd ref="9910074360"/>
  <nd ref="9910074361"/>
  <nd ref="9910074362"/>
  <nd ref="9910074363"/>
  <nd ref="9910074364"/>
  <nd ref="9910074365"/>
  <nd ref="9910074366"/>
  <nd ref="9910074367"/>
  <nd ref="9910074368"/>
  <nd ref="9910074369"/>
  <nd ref="9910074370"/>
  <nd ref="9910074371"/>
  <nd ref="9910074372"/>
  <nd ref="9910074373"/>
  <nd ref="9910074374"/>
  <nd ref="9910074375"/>
  <nd ref="9910074376"/>
  <nd ref="9910074377"/>
  <nd ref="9910074378"/>
  <nd ref="9910074379"/>
  <nd ref="9910074380"/>
  <nd ref="9910074381"/>
  <nd ref="9910074382"/>
  <nd ref="9910074383"/>
  <nd ref="9910074384"/>
  <nd ref="9910074385"/>
  <nd ref="9910074386"/>
  <nd ref="9910074387"/>
  <nd ref="9910074388"/>
  <nd ref="9910074389"/>
  <nd ref="9910074390"/>
  <nd ref="9910074391"/>
  <nd ref="9910074392"/>
  <nd ref="9910074393"/>
  <nd ref="9910074394"/>
  <nd ref="9910074395"/>
  <nd ref="9910074396"/>
  <nd ref="9910074397"/>
  <nd ref="9910074398"/>
  <nd ref="9910074399"/>
  <nd ref="9910074400"/>
  <nd ref="9910074401"/>
  <nd ref="9910074402"/>
  <nd ref="9910074403"/>
  <nd ref="9910074404"/>
  <nd ref="9910074405"/>
  <nd ref="9910074406"/>
  <nd ref="9910074407"/>
  <nd ref="9910074408"/>
  <nd ref="9910074409"/>
  <nd ref="9910074410"/>
  <nd ref="9910074411"/>
  <nd ref="9910074412"/>
  <nd ref="9910074413"/>
  <nd ref="9910074414"/>
  <nd ref="9910074415"/>
  <nd ref="9910074416"/>
  <nd ref="9910074417"/>
  <nd ref="9910074418"/>
  <nd ref="9910074419"/>
  <nd ref="9910074420"/>
  <nd ref="9910074421"/>
  <nd ref="9910074422"/>
  <nd ref="9910074423"/>
  <nd ref="9910074424"/>
  <nd ref="9910074425"/>
  <nd ref="9910074426"/>
  <nd ref="9910074427"/>
  <nd ref="9910074428"/>
  <nd ref="9910074429"/>
  <nd ref="9910074430"/>
  <nd ref="9910074431"/>
  <nd ref="9910074432"/>
  <nd ref="9910074433"/>
  <nd ref="9910074434"/>
  <nd ref="9910074435"/>
  <nd ref="9910074436"/>
  <nd ref="9910074437"/>
  <nd ref="9910074438"/>
  <nd ref="9910074439"/>
  <nd ref="9910074440"/>
  <nd ref="9910074441"/>
  <nd ref="9910074442"/>
  <nd ref="9910074443"/>
  <nd ref="9910074444"/>
  <nd ref="9910074445"/>
  <nd ref="9910074446"/>
  <nd ref="9910074447"/>
  <nd ref="9910074448"/>
  <nd ref="9910074449"/>
  <nd ref="9910074450"/>
  <nd ref="9910074451"/>
  <nd ref="9910074452"/>
  <nd ref="9910074453"/>
  <nd ref="9910074454"/>
  <nd ref="9910074455"/>
  <nd ref="9910074456"/>
  <nd ref="9910074457"/>
  <nd ref="9910074458"/>
  <nd ref="9910074459"/>
  <nd ref="9910074460"/>
  <nd ref="9910074461"/>
  <nd ref="9910074462"/>
  <nd ref="9910074463"/>
  <nd ref="9910074464"/>
  <nd ref="9910074465"/>
  <nd ref="9910074466"/>
  <nd ref="9910074467"/>
  <nd ref="9910074468"/>
  <nd ref="1613878731"/>
  <nd ref="9908658854"/>
  <nd ref="9908658855"/>
  <nd ref="9908658856"/>
  <nd ref="9908658857"/>
  <nd ref="9908658858"/>
  <nd ref="9908658859"/>
  <nd ref="9908658860"/>
  <nd ref="9908658861"/>
  <nd ref="9908658862"/>
  <nd ref="9908658863"/>
  <nd ref="9908658864"/>
  <nd ref="9908658865"/>
  <nd ref="9908658866"/>
  <nd ref="9908658867"/>
  <nd ref="9908658868"/>
  <nd ref="9908658869"/>
  <nd ref="9908658870"/>
  <nd ref="9908658871"/>
  <nd ref="9908658872"/>
  <nd ref="9908658873"/>
  <nd ref="9908658874"/>
  <nd ref="9908658875"/>
  <nd ref="9908658876"/>
  <nd ref="9908658877"/>
  <nd ref="9908658878"/>
  <nd ref="9908658879"/>
  <nd ref="9908658880"/>
  <nd ref="9908658881"/>
  <nd ref="9908658882"/>
  <nd ref="9908658883"/>
  <nd ref="9908658884"/>
  <nd ref="9908658885"/>
  <nd ref="9908658886"/>
  <nd ref="9908658887"/>
  <nd ref="9908658888"/>
  <nd ref="9908658889"/>
  <nd ref="9908658890"/>
  <nd ref="9908658891"/>
  <nd ref="9908658892"/>
  <nd ref="9908658893"/>
  <nd ref="9908658894"/>
  <nd ref="9908658895"/>
  <nd ref="9908658896"/>
  <nd ref="9908658897"/>
  <nd ref="9908658898"/>
  <nd ref="9908658899"/>
  <nd ref="9908658900"/>
  <nd ref="9908658901"/>
  <nd ref="9908658902"/>
  <nd ref="9908658903"/>
  <nd ref="9908658904"/>
  <nd ref="9908658905"/>
  <nd ref="9908658906"/>
  <nd ref="9908658907"/>
  <nd ref="9908658908"/>
  <nd ref="9908658909"/>
  <nd ref="9908658910"/>
  <nd ref="9908658911"/>
  <nd ref="9908658912"/>
  <nd ref="9908658913"/>
  <nd ref="9908658914"/>
  <nd ref="9908658915"/>
  <nd ref="9908658916"/>
  <nd ref="9908667317"/>
  <nd ref="9908667318"/>
  <nd ref="9908667319"/>
  <nd ref="9908667320"/>
  <nd ref="9908667321"/>
  <nd ref="9908667322"/>
  <nd ref="9908667323"/>
  <nd ref="9908667324"/>
  <nd ref="9908667325"/>
  <nd ref="9908667326"/>
  <nd ref="9908667327"/>
  <nd ref="9908667328"/>
  <nd ref="9908667329"/>
  <nd ref="9908667330"/>
  <nd ref="9908667331"/>
  <nd ref="9908667332"/>
  <nd ref="9908667333"/>
  <nd ref="9908667334"/>
  <nd ref="9908667335"/>
  <nd ref="9908667336"/>
  <nd ref="9908667337"/>
  <nd ref="9908667338"/>
  <nd ref="9908667339"/>
  <nd ref="9908667340"/>
  <nd ref="9908667341"/>
  <nd ref="9908667342"/>
  <nd ref="9908667343"/>
  <nd ref="9908667344"/>
  <nd ref="9908667345"/>
  <nd ref="9908667346"/>
  <nd ref="9908667347"/>
  <nd ref="9908667348"/>
  <nd ref="9908667349"/>
  <nd ref="9908667350"/>
  <nd ref="9908667351"/>
  <nd ref="9908667352"/>
  <nd ref="9908667353"/>
  <nd ref="9908667354"/>
  <nd ref="9908667355"/>
  <nd ref="9908667356"/>
  <nd ref="9908667357"/>
  <nd ref="9908667358"/>
  <nd ref="9908667359"/>
  <nd ref="9908667360"/>
  <nd ref="9908667361"/>
  <nd ref="9908667362"/>
  <nd ref="9908667363"/>
  <nd ref="9908667364"/>
  <nd ref="9908667365"/>
  <nd ref="9908667366"/>
  <nd ref="9908667367"/>
  <nd ref="9908667368"/>
  <nd ref="9908667369"/>
  <nd ref="9908667370"/>
  <nd ref="9908667371"/>
  <nd ref="9908667372"/>
  <nd ref="9908667373"/>
  <nd ref="9908667374"/>
  <nd ref="9908667375"/>
  <nd ref="9908667376"/>
  <nd ref="9908667377"/>
  <nd ref="9908667378"/>
  <nd ref="9908667379"/>
  <nd ref="9908667380"/>
  <nd ref="9908667381"/>
  <nd ref="9908667382"/>
  <nd ref="9908667383"/>
  <nd ref="9908667384"/>
  <nd ref="9908667385"/>
  <nd ref="9908667386"/>
  <nd ref="9908667387"/>
  <nd ref="9908667388"/>
  <nd ref="9908667389"/>
  <nd ref="9908667390"/>
  <nd ref="9908667391"/>
  <nd ref="9908667392"/>
  <nd ref="9908667393"/>
  <nd ref="9908667394"/>
  <nd ref="9908667395"/>
  <nd ref="9908667396"/>
  <nd ref="9908667397"/>
  <nd ref="9908667398"/>
  <nd ref="9908667399"/>
  <nd ref="9908667400"/>
  <nd ref="9908667401"/>
  <nd ref="9908667402"/>
  <nd ref="9908667403"/>
  <nd ref="9908667404"/>
  <nd ref="9908667405"/>
  <nd ref="9908667406"/>
  <nd ref="9908667407"/>
  <nd ref="9908667408"/>
  <nd ref="9908667409"/>
  <nd ref="9908667410"/>
  <nd ref="9908667411"/>
  <nd ref="9908667412"/>
  <nd ref="9908667413"/>
  <nd ref="9908667414"/>
  <nd ref="9908667415"/>
  <nd ref="9908667416"/>
  <nd ref="9908667417"/>
  <nd ref="9908667418"/>
  <nd ref="9908667419"/>
  <nd ref="9908667420"/>
  <nd ref="9908667421"/>
  <nd ref="9908667422"/>
  <nd ref="9908667423"/>
  <nd ref="9908667424"/>
  <nd ref="9908667425"/>
  <nd ref="9908667426"/>
  <nd ref="9908667427"/>
  <nd ref="9908667428"/>
  <nd ref="9908667429"/>
  <nd ref="9908667430"/>
  <nd ref="9908667431"/>
  <nd ref="9908667432"/>
  <nd ref="9908667433"/>
  <nd ref="9908667434"/>
  <nd ref="9908667435"/>
  <nd ref="9908667436"/>
  <nd ref="9908667437"/>
  <nd ref="9908667438"/>
  <nd ref="9908667439"/>
  <nd ref="9908667440"/>
  <nd ref="9908667441"/>
  <nd ref="9908667442"/>
  <nd ref="9908667443"/>
  <nd ref="9908667444"/>
  <nd ref="9908667445"/>
  <nd ref="9908667446"/>
  <nd ref="9908667447"/>
  <nd ref="9908667448"/>
  <nd ref="9908667449"/>
  <nd ref="9908667450"/>
  <nd ref="9908667451"/>
  <nd ref="9908667452"/>
  <nd ref="9908667453"/>
  <nd ref="9908667454"/>
  <nd ref="9908667455"/>
  <nd ref="9908667456"/>
  <nd ref="9908667457"/>
  <nd ref="9908667458"/>
  <nd ref="9908667459"/>
  <nd ref="9908667460"/>
  <nd ref="9908667461"/>
  <nd ref="9908667462"/>
  <nd ref="9908667463"/>
  <nd ref="9908667464"/>
  <nd ref="9908667465"/>
  <nd ref="9908667466"/>
  <nd ref="9908667467"/>
  <nd ref="9908667468"/>
  <nd ref="9908667469"/>
  <nd ref="9908667470"/>
  <nd ref="9908667471"/>
  <nd ref="9908667472"/>
  <nd ref="9908667473"/>
  <nd ref="9908667474"/>
  <nd ref="9908667475"/>
  <nd ref="9908667476"/>
  <nd ref="9908667477"/>
  <nd ref="9908667478"/>
  <nd ref="9908667479"/>
  <nd ref="9908667480"/>
  <nd ref="9908667481"/>
  <nd ref="9908667482"/>
  <nd ref="9908667483"/>
  <nd ref="9908667484"/>
  <nd ref="9908667485"/>
  <nd ref="9908667486"/>
  <nd ref="9908667487"/>
  <nd ref="9908667488"/>
  <nd ref="9908667489"/>
  <nd ref="9908667490"/>
  <nd ref="9908667491"/>
  <nd ref="9908667492"/>
  <nd ref="9908667493"/>
  <nd ref="9908667494"/>
  <nd ref="9908667495"/>
  <nd ref="9908667496"/>
  <nd ref="9908667497"/>
  <nd ref="9908667498"/>
  <nd ref="9908667499"/>
  <nd ref="9908667500"/>
  <nd ref="9908667501"/>
  <nd ref="9908667502"/>
  <nd ref="9908667503"/>
  <nd ref="9908667504"/>
  <nd ref="9908667505"/>
  <nd ref="9908667506"/>
  <nd ref="9908667507"/>
  <nd ref="9908667508"/>
  <nd ref="9908667509"/>
  <nd ref="9908667510"/>
  <nd ref="9908667511"/>
  <nd ref="9908667512"/>
  <nd ref="9908667513"/>
  <nd ref="9908667514"/>
  <nd ref="9908667515"/>
  <nd ref="9908667516"/>
  <nd ref="9908667517"/>
  <nd ref="9908667518"/>
  <nd ref="9908667519"/>
  <nd ref="9908667520"/>
  <nd ref="9908667521"/>
  <nd ref="9908667522"/>
  <nd ref="9908667523"/>
  <nd ref="9908667524"/>
  <nd ref="9908667525"/>
  <nd ref="9908667526"/>
  <nd ref="9908667527"/>
  <nd ref="9908667528"/>
  <nd ref="9908667529"/>
  <nd ref="9908667530"/>
  <nd ref="9908667531"/>
  <nd ref="9908667532"/>
  <nd ref="9908667533"/>
  <nd ref="9908667534"/>
  <nd ref="9908667535"/>
  <nd ref="9908667536"/>
  <nd ref="9908667537"/>
  <nd ref="9908667538"/>
  <nd ref="9908667539"/>
  <nd ref="9908667540"/>
  <nd ref="9908667541"/>
  <nd ref="9908667542"/>
  <nd ref="9908667543"/>
  <nd ref="9908667544"/>
  <nd ref="9908667545"/>
  <nd ref="9908667546"/>
  <nd ref="9908667547"/>
  <nd ref="9908667548"/>
  <nd ref="9908667549"/>
  <nd ref="9908667550"/>
  <nd ref="9908667551"/>
  <nd ref="9908667552"/>
  <nd ref="9908667553"/>
  <nd ref="9908667554"/>
  <nd ref="9908667555"/>
  <nd ref="9908667556"/>
  <nd ref="9908667557"/>
  <nd ref="9908667558"/>
  <nd ref="9908667559"/>
  <nd ref="9908667560"/>
  <nd ref="9908667561"/>
  <nd ref="9908667562"/>
  <nd ref="9908667563"/>
  <nd ref="9908667564"/>
  <nd ref="9908667565"/>
  <nd ref="9908667566"/>
  <nd ref="9908667567"/>
  <nd ref="9908667568"/>
  <nd ref="9908667569"/>
  <nd ref="9908667570"/>
  <nd ref="9908667571"/>
  <nd ref="9908667572"/>
  <nd ref="9908667573"/>
  <nd ref="9908667574"/>
  <nd ref="9908667575"/>
  <nd ref="9908667576"/>
  <nd ref="9908667577"/>
  <nd ref="9908667578"/>
  <nd ref="9908667579"/>
  <nd ref="9908667580"/>
  <nd ref="9908667581"/>
  <nd ref="9908667582"/>
  <nd ref="9908667583"/>
  <nd ref="9908667584"/>
  <nd ref="9908667585"/>
  <nd ref="9908667586"/>
  <nd ref="9908667587"/>
  <nd ref="9908667588"/>
  <nd ref="9908667589"/>
  <nd ref="9908667590"/>
  <nd ref="9908667591"/>
  <nd ref="9908667592"/>
  <nd ref="9908667593"/>
  <nd ref="9908667594"/>
  <nd ref="9908667595"/>
  <nd ref="9908667596"/>
  <nd ref="9908667597"/>
  <nd ref="9908667598"/>
  <nd ref="9908667599"/>
  <nd ref="9908667600"/>
  <nd ref="9908667601"/>
  <nd ref="9908667602"/>
  <nd ref="9908667603"/>
  <nd ref="9908667604"/>
  <nd ref="9908667605"/>
  <nd ref="9908667606"/>
  <nd ref="9908667607"/>
  <nd ref="9908667608"/>
  <nd ref="9908667609"/>
  <nd ref="9908667610"/>
  <nd ref="9908667611"/>
  <nd ref="9908667612"/>
  <nd ref="9908667613"/>
  <nd ref="9908667614"/>
  <nd ref="9908667615"/>
  <nd ref="9908667616"/>
  <nd ref="9908667617"/>
  <nd ref="9908667618"/>
  <nd ref="9908667619"/>
  <nd ref="9908667620"/>
  <nd ref="9908667621"/>
  <nd ref="9908667622"/>
  <nd ref="9908667623"/>
  <nd ref="9908667624"/>
  <nd ref="9908667625"/>
  <nd ref="9908667626"/>
  <nd ref="9908667627"/>
  <nd ref="9908667628"/>
  <nd ref="9908667629"/>
  <nd ref="9908667630"/>
  <nd ref="9908667631"/>
  <nd ref="9908667632"/>
  <nd ref="9908667633"/>
  <nd ref="9908667634"/>
  <nd ref="9908667635"/>
  <nd ref="9908667636"/>
  <nd ref="9908667637"/>
  <nd ref="9908667638"/>
  <nd ref="9908667639"/>
  <nd ref="9908667640"/>
  <nd ref="9908667641"/>
  <nd ref="9908667642"/>
  <nd ref="9908667643"/>
  <nd ref="9908667644"/>
  <nd ref="9908667645"/>
  <nd ref="9908667646"/>
  <nd ref="9908667647"/>
  <nd ref="9908667648"/>
  <nd ref="9908667649"/>
  <nd ref="9908667650"/>
  <nd ref="9908667651"/>
  <nd ref="9908667652"/>
  <nd ref="9908667653"/>
  <nd ref="9908667654"/>
  <nd ref="9908667655"/>
  <nd ref="9908667656"/>
  <nd ref="9908667657"/>
  <nd ref="9908667658"/>
  <nd ref="9908667659"/>
  <nd ref="9908667660"/>
  <nd ref="9908667661"/>
  <nd ref="9908667662"/>
  <nd ref="9908667663"/>
  <nd ref="9908667664"/>
  <nd ref="9908667665"/>
  <nd ref="9908667666"/>
  <nd ref="9908667667"/>
  <nd ref="9908667668"/>
  <nd ref="9908667669"/>
  <nd ref="9908667670"/>
  <nd ref="9908667671"/>
  <nd ref="9908667672"/>
  <nd ref="9908667673"/>
  <nd ref="9908667674"/>
  <nd ref="9908667675"/>
  <nd ref="9908667676"/>
  <nd ref="9908667677"/>
  <nd ref="9908667678"/>
  <nd ref="9908667679"/>
  <nd ref="9908667680"/>
  <nd ref="9908667681"/>
  <nd ref="9908667682"/>
  <nd ref="9908667683"/>
  <nd ref="9908667684"/>
  <nd ref="9908667685"/>
  <nd ref="9908667686"/>
  <nd ref="9908667687"/>
  <nd ref="9908667688"/>
  <nd ref="9908667689"/>
  <nd ref="9908667690"/>
  <nd ref="9908667691"/>
  <nd ref="9908667692"/>
  <nd ref="9908667693"/>
  <nd ref="9908667694"/>
  <nd ref="9908667695"/>
  <nd ref="9908667696"/>
  <nd ref="9908667697"/>
  <nd ref="9908667698"/>
  <nd ref="9908667699"/>
  <nd ref="9908667700"/>
  <nd ref="9908667701"/>
  <nd ref="9908667702"/>
  <nd ref="9908667703"/>
  <nd ref="9908667704"/>
  <nd ref="9908667705"/>
  <nd ref="9908667706"/>
  <nd ref="9908667707"/>
  <nd ref="9908667708"/>
  <nd ref="9908667709"/>
  <nd ref="9908667710"/>
  <nd ref="9908667711"/>
  <nd ref="9908667712"/>
  <nd ref="9908667713"/>
  <nd ref="9908667714"/>
  <nd ref="9908667715"/>
  <nd ref="9908667716"/>
  <nd ref="9908667717"/>
  <nd ref="9908667718"/>
  <nd ref="9908667719"/>
  <nd ref="9908667720"/>
  <nd ref="9908667721"/>
  <nd ref="9908667722"/>
  <nd ref="9908667723"/>
  <nd ref="9908667724"/>
  <nd ref="9908667725"/>
  <nd ref="9908667726"/>
  <nd ref="9908667727"/>
  <nd ref="9908667728"/>
  <nd ref="9908667729"/>
  <nd ref="9908667730"/>
  <nd ref="9908667731"/>
  <nd ref="9908667732"/>
  <nd ref="9908667733"/>
  <nd ref="9908667734"/>
  <nd ref="9908667735"/>
  <nd ref="9908667736"/>
  <nd ref="9908667737"/>
  <nd ref="9908667738"/>
  <nd ref="9908667739"/>
  <nd ref="9908667740"/>
  <nd ref="9908667741"/>
  <nd ref="9908667742"/>
  <nd ref="9908667743"/>
  <nd ref="9908667744"/>
  <nd ref="9908667745"/>
  <nd ref="9908667746"/>
  <nd ref="9908667747"/>
  <nd ref="9908667748"/>
  <nd ref="9908667749"/>
  <nd ref="9908667786"/>
  <nd ref="9908667787"/>
  <nd ref="9908667788"/>
  <nd ref="9908667789"/>
  <nd ref="9908667790"/>
  <nd ref="9908667791"/>
  <nd ref="9908667792"/>
  <nd ref="9908667793"/>
  <nd ref="9908667794"/>
  <nd ref="9908667795"/>
  <nd ref="9908667796"/>
  <nd ref="9908667797"/>
  <nd ref="9908667798"/>
  <nd ref="9908667799"/>
  <nd ref="9908667800"/>
  <nd ref="9908667801"/>
  <nd ref="9908667802"/>
  <nd ref="9908667803"/>
  <nd ref="9908667804"/>
  <nd ref="9908667805"/>
  <nd ref="9908667806"/>
  <nd ref="9908667807"/>
  <nd ref="9908667808"/>
  <nd ref="9908667809"/>
  <nd ref="9908667810"/>
  <nd ref="9908667811"/>
  <nd ref="9908667812"/>
  <nd ref="9908667813"/>
  <nd ref="9908667814"/>
  <nd ref="9908667815"/>
  <nd ref="9908667816"/>
  <nd ref="9908667817"/>
  <nd ref="9908667818"/>
  <nd ref="9908667819"/>
  <nd ref="9908667820"/>
  <nd ref="9908667821"/>
  <nd ref="9908667822"/>
  <nd ref="9908667823"/>
  <nd ref="9908667824"/>
  <nd ref="9908667825"/>
  <nd ref="9908667826"/>
  <nd ref="9908667827"/>
  <nd ref="9908667828"/>
  <nd ref="9908667829"/>
  <nd ref="9908667830"/>
  <nd ref="9908667831"/>
  <nd ref="9908667832"/>
  <nd ref="9908667833"/>
  <nd ref="9908667834"/>
  <nd ref="9908667835"/>
  <nd ref="9908667836"/>
  <nd ref="9908667837"/>
  <nd ref="9908667838"/>
  <nd ref="9908667839"/>
  <nd ref="9908667840"/>
  <nd ref="9908667841"/>
  <nd ref="9908667842"/>
  <nd ref="9908667843"/>
  <nd ref="9908667844"/>
  <nd ref="9908667845"/>
  <nd ref="9908667846"/>
  <nd ref="9908667847"/>
  <nd ref="9908667848"/>
  <nd ref="9908667849"/>
  <nd ref="9908667850"/>
  <nd ref="9908667851"/>
  <nd ref="9908667852"/>
  <nd ref="9908667853"/>
  <nd ref="9908667854"/>
  <nd ref="9908667855"/>
  <nd ref="9908667856"/>
  <nd ref="9908667857"/>
  <nd ref="9908667858"/>
  <nd ref="9908667859"/>
  <nd ref="9908667860"/>
  <nd ref="9908667861"/>
  <nd ref="9908667862"/>
  <nd ref="9908667863"/>
  <nd ref="9908667864"/>
  <nd ref="9908667865"/>
  <nd ref="9908667866"/>
  <nd ref="1613878901"/>
  <nd ref="9905203962"/>
  <nd ref="9905203961"/>
  <nd ref="9905203960"/>
  <nd ref="9905203959"/>
  <nd ref="9905203958"/>
  <nd ref="9905203963"/>
 </way>
 <relation id="14386219" visible="true" version="2" changeset="124566205" timestamp="2022-08-06T14:59:27Z" user="AYAGE" uid="521665">
  <member type="way" ref="1081216043" role="inner"/>
  <member type="way" ref="1084255971" role="inner"/>
  <member type="way" ref="1081216042" role="outer"/>
  <member type="way" ref="1081216041" role="outer"/>
  <member type="way" ref="1081216044" role="outer"/>
  <member type="way" ref="1081049226" role="outer"/>
  <tag k="natural" v="wood"/>
  <tag k="type" v="multipolygon"/>
 </relation>
</osm>
