<?xml version="1.0" encoding="UTF-8"?>
<osm version="0.6" generator="openstreetmap-cgimap 2.1.0 (244691 spike-07.openstreetmap.org)" copyright="OpenStreetMap and contributors" attribution="http://www.openstreetmap.org/copyright" license="http://opendatacommons.org/licenses/odbl/1-0/">
 <bounds minlat="34.0197738" minlon="132.1536476" maxlat="34.0222071" maxlon="132.1566666"/>
 <node id="366494168" visible="true" version="4" changeset="124061956" timestamp="2022-07-25T17:15:33Z" user="AYAGE" uid="521665" lat="34.0273908" lon="132.1580963"/>
 <node id="366494169" visible="true" version="4" changeset="124061956" timestamp="2022-07-25T17:15:33Z" user="AYAGE" uid="521665" lat="34.0270105" lon="132.1583413"/>
 <node id="366494170" visible="true" version="4" changeset="124061956" timestamp="2022-07-25T17:15:33Z" user="AYAGE" uid="521665" lat="34.0265950" lon="132.1585105"/>
 <node id="366494171" visible="true" version="4" changeset="124061956" timestamp="2022-07-25T17:15:33Z" user="AYAGE" uid="521665" lat="34.0261947" lon="132.1585257"/>
 <node id="366494172" visible="true" version="3" changeset="17303063" timestamp="2013-08-11T13:07:55Z" user="yamasan" uid="32308" lat="34.0258196" lon="132.1584296"/>
 <node id="366494173" visible="true" version="4" changeset="124061956" timestamp="2022-07-25T17:15:33Z" user="AYAGE" uid="521665" lat="34.0244001" lon="132.1571734"/>
 <node id="366494174" visible="true" version="4" changeset="124061956" timestamp="2022-07-25T17:15:33Z" user="AYAGE" uid="521665" lat="34.0239908" lon="132.1568040"/>
 <node id="366494175" visible="true" version="4" changeset="124061956" timestamp="2022-07-25T17:15:33Z" user="AYAGE" uid="521665" lat="34.0235551" lon="132.1564815"/>
 <node id="366494176" visible="true" version="4" changeset="124061956" timestamp="2022-07-25T17:15:33Z" user="AYAGE" uid="521665" lat="34.0230720" lon="132.1562706"/>
 <node id="366494177" visible="true" version="4" changeset="124061956" timestamp="2022-07-25T17:15:33Z" user="AYAGE" uid="521665" lat="34.0225851" lon="132.1561816"/>
 <node id="366494178" visible="true" version="6" changeset="124106678" timestamp="2022-07-26T17:35:01Z" user="AYAGE" uid="521665" lat="34.0216735" lon="132.1562123"/>
 <node id="366494179" visible="true" version="4" changeset="124023779" timestamp="2022-07-24T20:32:21Z" user="AYAGE" uid="521665" lat="34.0194562" lon="132.1563065"/>
 <node id="366494180" visible="true" version="4" changeset="124070623" timestamp="2022-07-25T22:03:44Z" user="AYAGE" uid="521665" lat="34.0189330" lon="132.1563724"/>
 <node id="366494181" visible="true" version="4" changeset="124070623" timestamp="2022-07-25T22:03:44Z" user="AYAGE" uid="521665" lat="34.0185022" lon="132.1565758"/>
 <node id="366494182" visible="true" version="4" changeset="124070623" timestamp="2022-07-25T22:03:44Z" user="AYAGE" uid="521665" lat="34.0181103" lon="132.1569129"/>
 <node id="366494183" visible="true" version="4" changeset="124070623" timestamp="2022-07-25T22:03:44Z" user="AYAGE" uid="521665" lat="34.0176807" lon="132.1575184"/>
 <node id="366494184" visible="true" version="3" changeset="124070623" timestamp="2022-07-25T22:03:44Z" user="AYAGE" uid="521665" lat="34.0173787" lon="132.1578678"/>
 <node id="366494186" visible="true" version="4" changeset="124120785" timestamp="2022-07-27T05:22:13Z" user="AYAGE" uid="521665" lat="34.0152845" lon="132.1590780"/>
 <node id="366494188" visible="true" version="4" changeset="124120785" timestamp="2022-07-27T05:22:13Z" user="AYAGE" uid="521665" lat="34.0141835" lon="132.1602033"/>
 <node id="366494189" visible="true" version="4" changeset="124120785" timestamp="2022-07-27T05:22:13Z" user="AYAGE" uid="521665" lat="34.0140580" lon="132.1604078"/>
 <node id="366494190" visible="true" version="4" changeset="124120785" timestamp="2022-07-27T05:22:13Z" user="AYAGE" uid="521665" lat="34.0137215" lon="132.1610612"/>
 <node id="366494191" visible="true" version="4" changeset="124398914" timestamp="2022-08-02T16:06:11Z" user="AYAGE" uid="521665" lat="34.0132603" lon="132.1616610"/>
 <node id="366494192" visible="true" version="4" changeset="124398914" timestamp="2022-08-02T16:06:11Z" user="AYAGE" uid="521665" lat="34.0128702" lon="132.1619389"/>
 <node id="366494193" visible="true" version="3" changeset="17303063" timestamp="2013-08-11T13:07:56Z" user="yamasan" uid="32308" lat="34.0121099" lon="132.1624424"/>
 <node id="366494194" visible="true" version="3" changeset="17303063" timestamp="2013-08-11T13:07:56Z" user="yamasan" uid="32308" lat="34.0118368" lon="132.1626959"/>
 <node id="366494195" visible="true" version="3" changeset="17303063" timestamp="2013-08-11T13:07:56Z" user="yamasan" uid="32308" lat="34.0097140" lon="132.1651947"/>
 <node id="716719027" visible="true" version="3" changeset="124023779" timestamp="2022-07-24T20:32:21Z" user="AYAGE" uid="521665" lat="34.0228280" lon="132.1592338"/>
 <node id="748901860" visible="true" version="2" changeset="124023779" timestamp="2022-07-24T20:32:21Z" user="AYAGE" uid="521665" lat="34.0198847" lon="132.1554453"/>
 <node id="748902390" visible="true" version="2" changeset="124115922" timestamp="2022-07-26T23:20:17Z" user="AYAGE" uid="521665" lat="34.0184939" lon="132.1558880"/>
 <node id="748912340" visible="true" version="1" changeset="4813224" timestamp="2010-05-26T13:44:26Z" user="Tom_G3X" uid="146930" lat="34.0168500" lon="132.1631730"/>
 <node id="748916667" visible="true" version="2" changeset="124023779" timestamp="2022-07-24T20:32:21Z" user="AYAGE" uid="521665" lat="34.0219093" lon="132.1577844"/>
 <node id="748927567" visible="true" version="2" changeset="124148341" timestamp="2022-07-27T16:07:11Z" user="AYAGE" uid="521665" lat="34.0170358" lon="132.1642875"/>
 <node id="748935197" visible="true" version="2" changeset="124148341" timestamp="2022-07-27T16:07:11Z" user="AYAGE" uid="521665" lat="34.0172977" lon="132.1623119"/>
 <node id="748953792" visible="true" version="2" changeset="124070623" timestamp="2022-07-25T22:03:44Z" user="AYAGE" uid="521665" lat="34.0180559" lon="132.1532563"/>
 <node id="748957986" visible="true" version="2" changeset="124118896" timestamp="2022-07-27T04:02:14Z" user="AYAGE" uid="521665" lat="34.0177181" lon="132.1593995"/>
 <node id="748963522" visible="true" version="2" changeset="124023779" timestamp="2022-07-24T20:32:21Z" user="AYAGE" uid="521665" lat="34.0227303" lon="132.1593753"/>
 <node id="748983961" visible="true" version="2" changeset="124118896" timestamp="2022-07-27T04:02:14Z" user="AYAGE" uid="521665" lat="34.0176028" lon="132.1608746"/>
 <node id="749011584" visible="true" version="2" changeset="124070623" timestamp="2022-07-25T22:03:44Z" user="AYAGE" uid="521665" lat="34.0197731" lon="132.1551411"/>
 <node id="749018710" visible="true" version="2" changeset="124118896" timestamp="2022-07-27T04:02:14Z" user="AYAGE" uid="521665" lat="34.0178611" lon="132.1580483"/>
 <node id="749054760" visible="true" version="2" changeset="124023779" timestamp="2022-07-24T20:32:21Z" user="AYAGE" uid="521665" lat="34.0201658" lon="132.1564167"/>
 <node id="749055489" visible="true" version="2" changeset="124115922" timestamp="2022-07-26T23:20:17Z" user="AYAGE" uid="521665" lat="34.0189027" lon="132.1557079"/>
 <node id="749074437" visible="true" version="4" changeset="124023779" timestamp="2022-07-24T20:32:21Z" user="AYAGE" uid="521665" lat="34.0224794" lon="132.1581098"/>
 <node id="749074700" visible="true" version="2" changeset="124115922" timestamp="2022-07-26T23:20:17Z" user="AYAGE" uid="521665" lat="34.0184910" lon="132.1563872"/>
 <node id="749086405" visible="true" version="2" changeset="124148341" timestamp="2022-07-27T16:07:11Z" user="AYAGE" uid="521665" lat="34.0168039" lon="132.1635771"/>
 <node id="749092066" visible="true" version="2" changeset="124023779" timestamp="2022-07-24T20:32:21Z" user="AYAGE" uid="521665" lat="34.0208944" lon="132.1575490"/>
 <node id="749097913" visible="true" version="1" changeset="4813826" timestamp="2010-05-26T15:01:20Z" user="Tom_G3X" uid="146930" lat="34.0173730" lon="132.1615500"/>
 <node id="749118269" visible="true" version="2" changeset="124070623" timestamp="2022-07-25T22:03:44Z" user="AYAGE" uid="521665" lat="34.0190747" lon="132.1540745"/>
 <node id="749123475" visible="true" version="2" changeset="124148341" timestamp="2022-07-27T16:07:11Z" user="AYAGE" uid="521665" lat="34.0171588" lon="132.1627454"/>
 <node id="749131097" visible="true" version="2" changeset="124023779" timestamp="2022-07-24T20:32:21Z" user="AYAGE" uid="521665" lat="34.0226843" lon="132.1599789"/>
 <node id="749131666" visible="true" version="2" changeset="124023779" timestamp="2022-07-24T20:32:21Z" user="AYAGE" uid="521665" lat="34.0194480" lon="132.1555419"/>
 <node id="749154156" visible="true" version="2" changeset="124070623" timestamp="2022-07-25T22:03:44Z" user="AYAGE" uid="521665" lat="34.0177123" lon="132.1527734"/>
 <node id="749160265" visible="true" version="2" changeset="124118896" timestamp="2022-07-27T04:02:14Z" user="AYAGE" uid="521665" lat="34.0176603" lon="132.1598468"/>
 <node id="749167304" visible="true" version="2" changeset="124023779" timestamp="2022-07-24T20:32:21Z" user="AYAGE" uid="521665" lat="34.0228271" lon="132.1588374"/>
 <node id="749196801" visible="true" version="2" changeset="124115922" timestamp="2022-07-26T23:20:17Z" user="AYAGE" uid="521665" lat="34.0182705" lon="132.1568489"/>
 <node id="749226652" visible="true" version="2" changeset="124070623" timestamp="2022-07-25T22:03:44Z" user="AYAGE" uid="521665" lat="34.0193336" lon="132.1543608"/>
 <node id="749228907" visible="true" version="2" changeset="124070623" timestamp="2022-07-25T22:03:44Z" user="AYAGE" uid="521665" lat="34.0185529" lon="132.1502280"/>
 <node id="749231971" visible="true" version="2" changeset="124023779" timestamp="2022-07-24T20:32:21Z" user="AYAGE" uid="521665" lat="34.0203941" lon="132.1572260"/>
 <node id="749232690" visible="true" version="2" changeset="124118896" timestamp="2022-07-27T04:02:14Z" user="AYAGE" uid="521665" lat="34.0177184" lon="132.1582517"/>
 <node id="749239298" visible="true" version="1" changeset="4813826" timestamp="2010-05-26T15:46:30Z" user="Tom_G3X" uid="146930" lat="34.0228200" lon="132.1602840"/>
 <node id="749267764" visible="true" version="2" changeset="124023779" timestamp="2022-07-24T20:32:21Z" user="AYAGE" uid="521665" lat="34.0199583" lon="132.1555813"/>
 <node id="749268316" visible="true" version="2" changeset="124115922" timestamp="2022-07-26T23:20:17Z" user="AYAGE" uid="521665" lat="34.0187033" lon="132.1557905"/>
 <node id="749295472" visible="true" version="1" changeset="4814433" timestamp="2010-05-26T16:10:03Z" user="Tom_G3X" uid="146930" lat="34.0219810" lon="132.1578100"/>
 <node id="749296426" visible="true" version="2" changeset="124115922" timestamp="2022-07-26T23:20:17Z" user="AYAGE" uid="521665" lat="34.0182589" lon="132.1566639"/>
 <node id="749309430" visible="true" version="2" changeset="124148341" timestamp="2022-07-27T16:07:11Z" user="AYAGE" uid="521665" lat="34.0170114" lon="132.1641419"/>
 <node id="749314258" visible="true" version="2" changeset="124023779" timestamp="2022-07-24T20:32:21Z" user="AYAGE" uid="521665" lat="34.0205348" lon="132.1573581"/>
 <node id="749318850" visible="true" version="2" changeset="124148341" timestamp="2022-07-27T16:07:11Z" user="AYAGE" uid="521665" lat="34.0172990" lon="132.1620270"/>
 <node id="749338948" visible="true" version="2" changeset="124070623" timestamp="2022-07-25T22:03:44Z" user="AYAGE" uid="521665" lat="34.0183514" lon="132.1535230"/>
 <node id="749344594" visible="true" version="2" changeset="124118896" timestamp="2022-07-27T04:02:14Z" user="AYAGE" uid="521665" lat="34.0176579" lon="132.1587935"/>
 <node id="749351580" visible="true" version="2" changeset="124023779" timestamp="2022-07-24T20:32:21Z" user="AYAGE" uid="521665" lat="34.0226655" lon="132.1595481"/>
 <node id="749352435" visible="true" version="2" changeset="124115922" timestamp="2022-07-26T23:20:17Z" user="AYAGE" uid="521665" lat="34.0191924" lon="132.1555853"/>
 <node id="749384941" visible="true" version="2" changeset="124118896" timestamp="2022-07-27T04:02:14Z" user="AYAGE" uid="521665" lat="34.0176969" lon="132.1606574"/>
 <node id="749391673" visible="true" version="2" changeset="124023779" timestamp="2022-07-24T20:32:21Z" user="AYAGE" uid="521665" lat="34.0226695" lon="132.1582882"/>
 <node id="749414984" visible="true" version="2" changeset="124118896" timestamp="2022-07-27T04:02:14Z" user="AYAGE" uid="521665" lat="34.0178887" lon="132.1575511"/>
 <node id="749453776" visible="true" version="2" changeset="124023779" timestamp="2022-07-24T20:32:21Z" user="AYAGE" uid="521665" lat="34.0202296" lon="132.1568695"/>
 <node id="749454514" visible="true" version="2" changeset="124118896" timestamp="2022-07-27T04:02:14Z" user="AYAGE" uid="521665" lat="34.0176891" lon="132.1585916"/>
 <node id="749507247" visible="true" version="2" changeset="124115922" timestamp="2022-07-26T23:20:17Z" user="AYAGE" uid="521665" lat="34.0184931" lon="132.1560237"/>
 <node id="749544710" visible="true" version="2" changeset="124148341" timestamp="2022-07-27T16:07:11Z" user="AYAGE" uid="521665" lat="34.0167761" lon="132.1634170"/>
 <node id="749550622" visible="true" version="2" changeset="124023779" timestamp="2022-07-24T20:32:21Z" user="AYAGE" uid="521665" lat="34.0214352" lon="132.1576746"/>
 <node id="749556124" visible="true" version="1" changeset="4815008" timestamp="2010-05-26T17:30:39Z" user="Tom_G3X" uid="146930" lat="34.0174240" lon="132.1614220"/>
 <node id="749579661" visible="true" version="2" changeset="124148341" timestamp="2022-07-27T16:07:11Z" user="AYAGE" uid="521665" lat="34.0172467" lon="132.1625619"/>
 <node id="749584970" visible="true" version="2" changeset="124023779" timestamp="2022-07-24T20:32:21Z" user="AYAGE" uid="521665" lat="34.0197671" lon="132.1555120"/>
 <node id="749603346" visible="true" version="1" changeset="4815008" timestamp="2010-05-26T17:45:11Z" user="Tom_G3X" uid="146930" lat="34.0179470" lon="132.1531300"/>
 <node id="749610083" visible="true" version="2" changeset="124118896" timestamp="2022-07-27T04:02:14Z" user="AYAGE" uid="521665" lat="34.0176426" lon="132.1596876"/>
 <node id="749618526" visible="true" version="2" changeset="124023779" timestamp="2022-07-24T20:32:21Z" user="AYAGE" uid="521665" lat="34.0227906" lon="132.1591464"/>
 <node id="749654348" visible="true" version="1" changeset="4815008" timestamp="2010-05-26T17:58:14Z" user="Tom_G3X" uid="146930" lat="34.0175030" lon="132.1612660"/>
 <node id="749693672" visible="true" version="2" changeset="124070623" timestamp="2022-07-25T22:03:44Z" user="AYAGE" uid="521665" lat="34.0195485" lon="132.1546921"/>
 <node id="749700234" visible="true" version="2" changeset="124118896" timestamp="2022-07-27T04:02:14Z" user="AYAGE" uid="521665" lat="34.0177501" lon="132.1581763"/>
 <node id="749707603" visible="true" version="2" changeset="124023779" timestamp="2022-07-24T20:32:21Z" user="AYAGE" uid="521665" lat="34.0229555" lon="132.1605288"/>
 <node id="749745861" visible="true" version="2" changeset="124023779" timestamp="2022-07-24T20:32:21Z" user="AYAGE" uid="521665" lat="34.0200605" lon="132.1558822"/>
 <node id="749746775" visible="true" version="2" changeset="124115922" timestamp="2022-07-26T23:20:17Z" user="AYAGE" uid="521665" lat="34.0188150" lon="132.1557449"/>
 <node id="749773447" visible="true" version="1" changeset="4815008" timestamp="2010-05-26T18:45:56Z" user="Tom_G3X" uid="146930" lat="34.0223270" lon="132.1580060"/>
 <node id="749773828" visible="true" version="2" changeset="124115922" timestamp="2022-07-26T23:20:17Z" user="AYAGE" uid="521665" lat="34.0182674" lon="132.1565875"/>
 <node id="749786015" visible="true" version="2" changeset="124148341" timestamp="2022-07-27T16:07:11Z" user="AYAGE" uid="521665" lat="34.0169911" lon="132.1638397"/>
 <node id="749789169" visible="true" version="1" changeset="4815758" timestamp="2010-05-26T18:57:07Z" user="Tom_G3X" uid="146930" lat="34.0206220" lon="132.1574270"/>
 <node id="749793408" visible="true" version="1" changeset="4815758" timestamp="2010-05-26T18:58:30Z" user="Tom_G3X" uid="146930" lat="34.0173170" lon="132.1618070"/>
 <node id="749802438" visible="true" version="1" changeset="4815758" timestamp="2010-05-26T19:03:29Z" user="Tom_G3X" uid="146930" lat="34.0188110" lon="132.1538670"/>
 <node id="749804388" visible="true" version="2" changeset="124148341" timestamp="2022-07-27T16:07:11Z" user="AYAGE" uid="521665" lat="34.0170737" lon="132.1629508"/>
 <node id="749807156" visible="true" version="2" changeset="124023779" timestamp="2022-07-24T20:32:21Z" user="AYAGE" uid="521665" lat="34.0226450" lon="132.1597487"/>
 <node id="749807539" visible="true" version="3" changeset="124115922" timestamp="2022-07-26T23:20:17Z" user="AYAGE" uid="521665" lat="34.0192956" lon="132.1555534"/>
 <node id="749815362" visible="true" version="2" changeset="124070623" timestamp="2022-07-25T22:03:44Z" user="AYAGE" uid="521665" lat="34.0176475" lon="132.1525724"/>
 <node id="749817165" visible="true" version="2" changeset="124118896" timestamp="2022-07-27T04:02:14Z" user="AYAGE" uid="521665" lat="34.0176881" lon="132.1605396"/>
 <node id="749821946" visible="true" version="2" changeset="124023779" timestamp="2022-07-24T20:32:21Z" user="AYAGE" uid="521665" lat="34.0227918" lon="132.1586122"/>
 <node id="749850718" visible="true" version="2" changeset="124118896" timestamp="2022-07-27T04:02:14Z" user="AYAGE" uid="521665" lat="34.0179054" lon="132.1574722"/>
 <node id="749885058" visible="true" version="2" changeset="124023779" timestamp="2022-07-24T20:32:21Z" user="AYAGE" uid="521665" lat="34.0202935" lon="132.1570749"/>
 <node id="749885675" visible="true" version="2" changeset="124118896" timestamp="2022-07-27T04:02:14Z" user="AYAGE" uid="521665" lat="34.0177113" lon="132.1583245"/>
 <node id="1287632990" visible="true" version="2" changeset="124106678" timestamp="2022-07-26T17:35:01Z" user="AYAGE" uid="521665" lat="34.0204406" lon="132.1548435"/>
 <node id="1287633058" visible="true" version="2" changeset="124106678" timestamp="2022-07-26T17:35:01Z" user="AYAGE" uid="521665" lat="34.0219754" lon="132.1523301"/>
 <node id="1287633265" visible="true" version="1" changeset="8161428" timestamp="2011-05-16T11:19:14Z" user="yamasan" uid="32308" lat="34.0229280" lon="132.1583860"/>
 <node id="1287633520" visible="true" version="2" changeset="124070623" timestamp="2022-07-25T22:03:44Z" user="AYAGE" uid="521665" lat="34.0186252" lon="132.1528624"/>
 <node id="1287633530" visible="true" version="2" changeset="124106678" timestamp="2022-07-26T17:35:01Z" user="AYAGE" uid="521665" lat="34.0204461" lon="132.1527927"/>
 <node id="1287633784" visible="true" version="2" changeset="124023779" timestamp="2022-07-24T20:32:21Z" user="AYAGE" uid="521665" lat="34.0229935" lon="132.1591643"/>
 <node id="1287633812" visible="true" version="1" changeset="8161428" timestamp="2011-05-16T11:19:33Z" user="yamasan" uid="32308" lat="34.0232170" lon="132.1529460"/>
 <node id="1287633937" visible="true" version="2" changeset="124106678" timestamp="2022-07-26T17:35:01Z" user="AYAGE" uid="521665" lat="34.0214863" lon="132.1524078"/>
 <node id="1287634106" visible="true" version="1" changeset="8161428" timestamp="2011-05-16T11:19:46Z" user="yamasan" uid="32308" lat="34.0230420" lon="132.1533860"/>
 <node id="1287634621" visible="true" version="2" changeset="124023779" timestamp="2022-07-24T20:32:21Z" user="AYAGE" uid="521665" lat="34.0200899" lon="132.1555400"/>
 <node id="1287634818" visible="true" version="5" changeset="124106678" timestamp="2022-07-26T17:35:01Z" user="AYAGE" uid="521665" lat="34.0215746" lon="132.1560220"/>
 <node id="1287635256" visible="true" version="2" changeset="124070623" timestamp="2022-07-25T22:03:44Z" user="AYAGE" uid="521665" lat="34.0183444" lon="132.1526151"/>
 <node id="1287635273" visible="true" version="2" changeset="124106678" timestamp="2022-07-26T17:35:01Z" user="AYAGE" uid="521665" lat="34.0206540" lon="132.1526310"/>
 <node id="1287635697" visible="true" version="2" changeset="124106678" timestamp="2022-07-26T17:35:01Z" user="AYAGE" uid="521665" lat="34.0213864" lon="132.1515661"/>
 <node id="1287635716" visible="true" version="2" changeset="124106678" timestamp="2022-07-26T17:35:01Z" user="AYAGE" uid="521665" lat="34.0219468" lon="132.1544123"/>
 <node id="1287635850" visible="true" version="2" changeset="124106678" timestamp="2022-07-26T17:35:01Z" user="AYAGE" uid="521665" lat="34.0205554" lon="132.1546188"/>
 <node id="1287636129" visible="true" version="2" changeset="124106678" timestamp="2022-07-26T17:35:01Z" user="AYAGE" uid="521665" lat="34.0204086" lon="132.1549940"/>
 <node id="1287636163" visible="true" version="2" changeset="124106678" timestamp="2022-07-26T17:35:01Z" user="AYAGE" uid="521665" lat="34.0217348" lon="132.1512561"/>
 <node id="1287636265" visible="true" version="3" changeset="124070623" timestamp="2022-07-25T22:03:44Z" user="AYAGE" uid="521665" lat="34.0209811" lon="132.1551843"/>
 <node id="1287636398" visible="true" version="2" changeset="124070623" timestamp="2022-07-25T22:03:44Z" user="AYAGE" uid="521665" lat="34.0193655" lon="132.1534702"/>
 <node id="1287636408" visible="true" version="2" changeset="124106678" timestamp="2022-07-26T17:35:01Z" user="AYAGE" uid="521665" lat="34.0204406" lon="132.1528570"/>
 <node id="1287636670" visible="true" version="2" changeset="124023779" timestamp="2022-07-24T20:32:21Z" user="AYAGE" uid="521665" lat="34.0229587" lon="132.1586453"/>
 <node id="1287637640" visible="true" version="2" changeset="124106678" timestamp="2022-07-26T17:35:01Z" user="AYAGE" uid="521665" lat="34.0226464" lon="132.1540694"/>
 <node id="1287637967" visible="true" version="2" changeset="124023779" timestamp="2022-07-24T20:32:21Z" user="AYAGE" uid="521665" lat="34.0196364" lon="132.1557551"/>
 <node id="1287638251" visible="true" version="2" changeset="124070623" timestamp="2022-07-25T22:03:44Z" user="AYAGE" uid="521665" lat="34.0204037" lon="132.1541741"/>
 <node id="1287638384" visible="true" version="3" changeset="124106678" timestamp="2022-07-26T17:35:01Z" user="AYAGE" uid="521665" lat="34.0198225" lon="132.1537090"/>
 <node id="1287638476" visible="true" version="2" changeset="124070623" timestamp="2022-07-25T22:03:44Z" user="AYAGE" uid="521665" lat="34.0179349" lon="132.1522163"/>
 <node id="1287638514" visible="true" version="2" changeset="124070623" timestamp="2022-07-25T22:03:44Z" user="AYAGE" uid="521665" lat="34.0206517" lon="132.1545054"/>
 <node id="1287638524" visible="true" version="2" changeset="124106678" timestamp="2022-07-26T17:35:01Z" user="AYAGE" uid="521665" lat="34.0204719" lon="132.1527400"/>
 <node id="1287638940" visible="true" version="1" changeset="8161428" timestamp="2011-05-16T11:23:15Z" user="yamasan" uid="32308" lat="34.0211090" lon="132.1510680"/>
 <node id="1287638966" visible="true" version="2" changeset="124106678" timestamp="2022-07-26T17:35:01Z" user="AYAGE" uid="521665" lat="34.0216385" lon="132.1544908"/>
 <node id="1287639459" visible="true" version="2" changeset="124106678" timestamp="2022-07-26T17:35:01Z" user="AYAGE" uid="521665" lat="34.0217596" lon="132.1514224"/>
 <node id="1287639656" visible="true" version="2" changeset="17303063" timestamp="2013-08-11T13:07:50Z" user="yamasan" uid="32308" lat="34.0226816" lon="132.1579770"/>
 <node id="1287640026" visible="true" version="2" changeset="124070623" timestamp="2022-07-25T22:03:44Z" user="AYAGE" uid="521665" lat="34.0196534" lon="132.1536138"/>
 <node id="1287640293" visible="true" version="2" changeset="124106678" timestamp="2022-07-26T17:35:01Z" user="AYAGE" uid="521665" lat="34.0217669" lon="132.1509779"/>
 <node id="1287640424" visible="true" version="2" changeset="124023779" timestamp="2022-07-24T20:32:21Z" user="AYAGE" uid="521665" lat="34.0229999" lon="132.1589645"/>
 <node id="1287640451" visible="true" version="1" changeset="8161428" timestamp="2011-05-16T11:24:04Z" user="yamasan" uid="32308" lat="34.0233710" lon="132.1528460"/>
 <node id="1287640557" visible="true" version="4" changeset="124115922" timestamp="2022-07-26T23:20:17Z" user="AYAGE" uid="521665" lat="34.0179835" lon="132.1570755"/>
 <node id="1287640694" visible="true" version="2" changeset="124106678" timestamp="2022-07-26T17:35:01Z" user="AYAGE" uid="521665" lat="34.0211245" lon="132.1507056"/>
 <node id="1287640712" visible="true" version="2" changeset="124106678" timestamp="2022-07-26T17:35:01Z" user="AYAGE" uid="521665" lat="34.0225078" lon="132.1541493"/>
 <node id="1287640976" visible="true" version="2" changeset="124023779" timestamp="2022-07-24T20:32:21Z" user="AYAGE" uid="521665" lat="34.0195166" lon="132.1557611"/>
 <node id="1287641039" visible="true" version="2" changeset="124106678" timestamp="2022-07-26T17:35:01Z" user="AYAGE" uid="521665" lat="34.0217540" lon="132.1532215"/>
 <node id="1287641158" visible="true" version="2" changeset="124070623" timestamp="2022-07-25T22:03:44Z" user="AYAGE" uid="521665" lat="34.0205952" lon="132.1544083"/>
 <node id="1287641636" visible="true" version="3" changeset="124023779" timestamp="2022-07-24T20:32:21Z" user="AYAGE" uid="521665" lat="34.0221033" lon="132.1570459"/>
 <node id="1287641775" visible="true" version="2" changeset="124070623" timestamp="2022-07-25T22:03:44Z" user="AYAGE" uid="521665" lat="34.0180155" lon="132.1522851"/>
 <node id="1287641785" visible="true" version="1" changeset="8161428" timestamp="2011-05-16T11:26:23Z" user="yamasan" uid="32308" lat="34.0210760" lon="132.1525270"/>
 <node id="1287642144" visible="true" version="1" changeset="8161428" timestamp="2011-05-16T11:26:37Z" user="yamasan" uid="32308" lat="34.0229450" lon="132.1584830"/>
 <node id="1287642316" visible="true" version="1" changeset="8161428" timestamp="2011-05-16T11:26:44Z" user="yamasan" uid="32308" lat="34.0211260" lon="132.1512030"/>
 <node id="1287643077" visible="true" version="2" changeset="124106678" timestamp="2022-07-26T17:35:01Z" user="AYAGE" uid="521665" lat="34.0219840" lon="132.1527715"/>
 <node id="1287643302" visible="true" version="2" changeset="17303063" timestamp="2013-08-11T13:07:50Z" user="yamasan" uid="32308" lat="34.0228941" lon="132.1583011"/>
 <node id="1287643578" visible="true" version="2" changeset="124070623" timestamp="2022-07-25T22:03:44Z" user="AYAGE" uid="521665" lat="34.0189746" lon="132.1531920"/>
 <node id="1287643888" visible="true" version="2" changeset="124106678" timestamp="2022-07-26T17:35:01Z" user="AYAGE" uid="521665" lat="34.0217340" lon="132.1511097"/>
 <node id="1287644608" visible="true" version="2" changeset="124106678" timestamp="2022-07-26T17:35:01Z" user="AYAGE" uid="521665" lat="34.0210985" lon="132.1508276"/>
 <node id="1287644668" visible="true" version="2" changeset="124106678" timestamp="2022-07-26T17:35:01Z" user="AYAGE" uid="521665" lat="34.0228457" lon="132.1538812"/>
 <node id="1287645797" visible="true" version="2" changeset="124106678" timestamp="2022-07-26T17:35:01Z" user="AYAGE" uid="521665" lat="34.0214691" lon="132.1535564"/>
 <node id="1287646049" visible="true" version="2" changeset="124070623" timestamp="2022-07-25T22:03:44Z" user="AYAGE" uid="521665" lat="34.0200504" lon="132.1538355"/>
 <node id="1287646328" visible="true" version="3" changeset="124023779" timestamp="2022-07-24T20:32:21Z" user="AYAGE" uid="521665" lat="34.0224319" lon="132.1575464"/>
 <node id="1287646649" visible="true" version="2" changeset="124070623" timestamp="2022-07-25T22:03:44Z" user="AYAGE" uid="521665" lat="34.0187464" lon="132.1529603"/>
 <node id="1287646682" visible="true" version="2" changeset="124106678" timestamp="2022-07-26T17:35:01Z" user="AYAGE" uid="521665" lat="34.0208582" lon="132.1526606"/>
 <node id="1287647430" visible="true" version="2" changeset="124106678" timestamp="2022-07-26T17:35:01Z" user="AYAGE" uid="521665" lat="34.0214676" lon="132.1524678"/>
 <node id="1287648149" visible="true" version="2" changeset="124070623" timestamp="2022-07-25T22:03:44Z" user="AYAGE" uid="521665" lat="34.0230276" lon="132.1535375"/>
 <node id="1287648400" visible="true" version="3" changeset="124120785" timestamp="2022-07-27T05:22:13Z" user="AYAGE" uid="521665" lat="34.0138332" lon="132.1608404"/>
 <node id="1287648621" visible="true" version="2" changeset="124106678" timestamp="2022-07-26T17:35:01Z" user="AYAGE" uid="521665" lat="34.0219392" lon="132.1529249"/>
 <node id="1287649024" visible="true" version="2" changeset="124070623" timestamp="2022-07-25T22:03:44Z" user="AYAGE" uid="521665" lat="34.0192207" lon="132.1533930"/>
 <node id="1287649034" visible="true" version="2" changeset="124106678" timestamp="2022-07-26T17:35:01Z" user="AYAGE" uid="521665" lat="34.0201541" lon="132.1536070"/>
 <node id="1287649574" visible="true" version="2" changeset="124070623" timestamp="2022-07-25T22:03:44Z" user="AYAGE" uid="521665" lat="34.0235130" lon="132.1528180"/>
 <node id="1287649665" visible="true" version="2" changeset="124106678" timestamp="2022-07-26T17:35:01Z" user="AYAGE" uid="521665" lat="34.0214296" lon="132.1506793"/>
 <node id="1287649683" visible="true" version="2" changeset="124106678" timestamp="2022-07-26T17:35:01Z" user="AYAGE" uid="521665" lat="34.0227669" lon="132.1539837"/>
 <node id="1287650197" visible="true" version="3" changeset="124106678" timestamp="2022-07-26T17:35:01Z" user="AYAGE" uid="521665" lat="34.0203919" lon="132.1551057"/>
 <node id="1287650203" visible="true" version="2" changeset="124070623" timestamp="2022-07-25T22:03:44Z" user="AYAGE" uid="521665" lat="34.0202295" lon="132.1539793"/>
 <node id="1287650242" visible="true" version="3" changeset="124120785" timestamp="2022-07-27T05:22:13Z" user="AYAGE" uid="521665" lat="34.0138922" lon="132.1607304"/>
 <node id="1287650336" visible="true" version="4" changeset="124106678" timestamp="2022-07-26T17:35:01Z" user="AYAGE" uid="521665" lat="34.0217398" lon="132.1563540"/>
 <node id="1287650496" visible="true" version="2" changeset="124070623" timestamp="2022-07-25T22:03:44Z" user="AYAGE" uid="521665" lat="34.0188891" lon="132.1530965"/>
 <node id="1287650506" visible="true" version="2" changeset="124106678" timestamp="2022-07-26T17:35:01Z" user="AYAGE" uid="521665" lat="34.0203820" lon="132.1535151"/>
 <node id="1287651049" visible="true" version="2" changeset="124106678" timestamp="2022-07-26T17:35:01Z" user="AYAGE" uid="521665" lat="34.0212746" lon="132.1525375"/>
 <node id="1287651185" visible="true" version="2" changeset="124106678" timestamp="2022-07-26T17:35:01Z" user="AYAGE" uid="521665" lat="34.0220702" lon="132.1507375"/>
 <node id="1287651205" visible="true" version="1" changeset="8161428" timestamp="2011-05-16T11:32:41Z" user="yamasan" uid="32308" lat="34.0229580" lon="132.1537240"/>
 <node id="1287651398" visible="true" version="3" changeset="124398914" timestamp="2022-08-02T16:06:11Z" user="AYAGE" uid="521665" lat="34.0136283" lon="132.1612291"/>
 <node id="1287651519" visible="true" version="2" changeset="124106678" timestamp="2022-07-26T17:35:01Z" user="AYAGE" uid="521665" lat="34.0220015" lon="132.1524880"/>
 <node id="1287651622" visible="true" version="3" changeset="124070623" timestamp="2022-07-25T22:03:44Z" user="AYAGE" uid="521665" lat="34.0208317" lon="132.1549279"/>
 <node id="1287651768" visible="true" version="2" changeset="124106678" timestamp="2022-07-26T17:35:01Z" user="AYAGE" uid="521665" lat="34.0199959" lon="132.1537311"/>
 <node id="1287653148" visible="true" version="2" changeset="124106678" timestamp="2022-07-26T17:35:01Z" user="AYAGE" uid="521665" lat="34.0211855" lon="132.1506486"/>
 <node id="1287653167" visible="true" version="2" changeset="124106678" timestamp="2022-07-26T17:35:01Z" user="AYAGE" uid="521665" lat="34.0210221" lon="132.1547384"/>
 <node id="1287653435" visible="true" version="2" changeset="124023779" timestamp="2022-07-24T20:32:21Z" user="AYAGE" uid="521665" lat="34.0198825" lon="132.1556547"/>
 <node id="1287653569" visible="true" version="3" changeset="124106678" timestamp="2022-07-26T17:35:01Z" user="AYAGE" uid="521665" lat="34.0202176" lon="132.1554450"/>
 <node id="1287653772" visible="true" version="3" changeset="124023779" timestamp="2022-07-24T20:32:21Z" user="AYAGE" uid="521665" lat="34.0219719" lon="132.1568206"/>
 <node id="1287653934" visible="true" version="2" changeset="124070623" timestamp="2022-07-25T22:03:44Z" user="AYAGE" uid="521665" lat="34.0184262" lon="132.1527079"/>
 <node id="1287653944" visible="true" version="2" changeset="124106678" timestamp="2022-07-26T17:35:01Z" user="AYAGE" uid="521665" lat="34.0202745" lon="132.1536037"/>
 <node id="1287654213" visible="true" version="2" changeset="124023779" timestamp="2022-07-24T20:32:21Z" user="AYAGE" uid="521665" lat="34.0230022" lon="132.1590744"/>
 <node id="1287654242" visible="true" version="1" changeset="8161428" timestamp="2011-05-16T11:36:42Z" user="yamasan" uid="32308" lat="34.0232670" lon="132.1528820"/>
 <node id="1287654502" visible="true" version="2" changeset="124106678" timestamp="2022-07-26T17:35:01Z" user="AYAGE" uid="521665" lat="34.0214997" lon="132.1521269"/>
 <node id="1287654665" visible="true" version="3" changeset="124148341" timestamp="2022-07-27T16:07:11Z" user="AYAGE" uid="521665" lat="34.0100276" lon="132.1648195"/>
 <node id="1287654758" visible="true" version="2" changeset="124106678" timestamp="2022-07-26T17:35:01Z" user="AYAGE" uid="521665" lat="34.0218519" lon="132.1506792"/>
 <node id="1287654777" visible="true" version="1" changeset="8161428" timestamp="2011-05-16T11:37:01Z" user="yamasan" uid="32308" lat="34.0231290" lon="132.1531560"/>
 <node id="1287655077" visible="true" version="2" changeset="124115922" timestamp="2022-07-26T23:20:17Z" user="AYAGE" uid="521665" lat="34.0191236" lon="132.1557973"/>
 <node id="1287655111" visible="true" version="2" changeset="124106678" timestamp="2022-07-26T17:35:01Z" user="AYAGE" uid="521665" lat="34.0220059" lon="132.1526064"/>
 <node id="1287655313" visible="true" version="3" changeset="124070623" timestamp="2022-07-25T22:03:44Z" user="AYAGE" uid="521665" lat="34.0213208" lon="132.1555801"/>
 <node id="1287655706" visible="true" version="2" changeset="124070623" timestamp="2022-07-25T22:03:44Z" user="AYAGE" uid="521665" lat="34.0181606" lon="132.1524126"/>
 <node id="1287656243" visible="true" version="1" changeset="8161428" timestamp="2011-05-16T11:38:14Z" user="yamasan" uid="32308" lat="34.0213260" lon="132.1514950"/>
 <node id="1287656310" visible="true" version="3" changeset="124144466" timestamp="2022-07-27T14:30:02Z" user="AYAGE" uid="521665" lat="34.0115288" lon="132.1630619"/>
 <node id="1336520299" visible="true" version="2" changeset="124023779" timestamp="2022-07-24T20:32:21Z" user="AYAGE" uid="521665" lat="34.0238810" lon="132.1611853"/>
 <node id="1336520618" visible="true" version="2" changeset="124023779" timestamp="2022-07-24T20:32:21Z" user="AYAGE" uid="521665" lat="34.0259642" lon="132.1623679"/>
 <node id="1336521126" visible="true" version="1" changeset="8529683" timestamp="2011-06-24T07:40:13Z" user="yamasan" uid="32308" lat="34.0260440" lon="132.1624080"/>
 <node id="1336521295" visible="true" version="2" changeset="124023779" timestamp="2022-07-24T20:32:21Z" user="AYAGE" uid="521665" lat="34.0265046" lon="132.1631041"/>
 <node id="1336522043" visible="true" version="2" changeset="124023779" timestamp="2022-07-24T20:32:21Z" user="AYAGE" uid="521665" lat="34.0273852" lon="132.1628196"/>
 <node id="1336522162" visible="true" version="2" changeset="124023779" timestamp="2022-07-24T20:32:21Z" user="AYAGE" uid="521665" lat="34.0263981" lon="132.1629541"/>
 <node id="1336522355" visible="true" version="2" changeset="124023779" timestamp="2022-07-24T20:32:21Z" user="AYAGE" uid="521665" lat="34.0254093" lon="132.1623499"/>
 <node id="1336522821" visible="true" version="2" changeset="124023779" timestamp="2022-07-24T20:32:21Z" user="AYAGE" uid="521665" lat="34.0268755" lon="132.1632606"/>
 <node id="1336523023" visible="true" version="2" changeset="124023779" timestamp="2022-07-24T20:32:21Z" user="AYAGE" uid="521665" lat="34.0248446" lon="132.1624200"/>
 <node id="1336523175" visible="true" version="2" changeset="124023779" timestamp="2022-07-24T20:32:21Z" user="AYAGE" uid="521665" lat="34.0249305" lon="132.1624583"/>
 <node id="1336523207" visible="true" version="2" changeset="124023779" timestamp="2022-07-24T20:32:21Z" user="AYAGE" uid="521665" lat="34.0239595" lon="132.1613028"/>
 <node id="1336523385" visible="true" version="2" changeset="124023779" timestamp="2022-07-24T20:32:21Z" user="AYAGE" uid="521665" lat="34.0237317" lon="132.1608897"/>
 <node id="1336523446" visible="true" version="2" changeset="124023779" timestamp="2022-07-24T20:32:21Z" user="AYAGE" uid="521665" lat="34.0227912" lon="132.1596518"/>
 <node id="1336527575" visible="true" version="3" changeset="124023779" timestamp="2022-07-24T20:32:21Z" user="AYAGE" uid="521665" lat="34.0277558" lon="132.1623091"/>
 <node id="1336528881" visible="true" version="2" changeset="124023779" timestamp="2022-07-24T20:32:21Z" user="AYAGE" uid="521665" lat="34.0229525" lon="132.1592638"/>
 <node id="1336528895" visible="true" version="2" changeset="124023779" timestamp="2022-07-24T20:32:21Z" user="AYAGE" uid="521665" lat="34.0267793" lon="132.1632740"/>
 <node id="1336529172" visible="true" version="2" changeset="124023779" timestamp="2022-07-24T20:32:21Z" user="AYAGE" uid="521665" lat="34.0250259" lon="132.1624598"/>
 <node id="1336529353" visible="true" version="2" changeset="124023779" timestamp="2022-07-24T20:32:21Z" user="AYAGE" uid="521665" lat="34.0231104" lon="132.1603157"/>
 <node id="1336529648" visible="true" version="2" changeset="124023779" timestamp="2022-07-24T20:32:21Z" user="AYAGE" uid="521665" lat="34.0228084" lon="132.1597836"/>
 <node id="1336531534" visible="true" version="2" changeset="124023779" timestamp="2022-07-24T20:32:21Z" user="AYAGE" uid="521665" lat="34.0235046" lon="132.1606311"/>
 <node id="1336537295" visible="true" version="2" changeset="124023779" timestamp="2022-07-24T20:32:21Z" user="AYAGE" uid="521665" lat="34.0244595" lon="132.1619482"/>
 <node id="1336537703" visible="true" version="2" changeset="124023779" timestamp="2022-07-24T20:32:21Z" user="AYAGE" uid="521665" lat="34.0247736" lon="132.1623550"/>
 <node id="1336537724" visible="true" version="2" changeset="124023779" timestamp="2022-07-24T20:32:21Z" user="AYAGE" uid="521665" lat="34.0269701" lon="132.1632019"/>
 <node id="1336537877" visible="true" version="2" changeset="124023779" timestamp="2022-07-24T20:32:21Z" user="AYAGE" uid="521665" lat="34.0251401" lon="132.1624282"/>
 <node id="1336538032" visible="true" version="2" changeset="124023779" timestamp="2022-07-24T20:32:21Z" user="AYAGE" uid="521665" lat="34.0265985" lon="132.1632004"/>
 <node id="1336538068" visible="true" version="2" changeset="124023779" timestamp="2022-07-24T20:32:21Z" user="AYAGE" uid="521665" lat="34.0230298" lon="132.1601970"/>
 <node id="1336538140" visible="true" version="2" changeset="124023779" timestamp="2022-07-24T20:32:21Z" user="AYAGE" uid="521665" lat="34.0272950" lon="132.1629330"/>
 <node id="1336538440" visible="true" version="2" changeset="124023779" timestamp="2022-07-24T20:32:21Z" user="AYAGE" uid="521665" lat="34.0255358" lon="132.1623125"/>
 <node id="1336539341" visible="true" version="2" changeset="124023779" timestamp="2022-07-24T20:32:21Z" user="AYAGE" uid="521665" lat="34.0262140" lon="132.1626149"/>
 <node id="1336539684" visible="true" version="2" changeset="124023779" timestamp="2022-07-24T20:32:21Z" user="AYAGE" uid="521665" lat="34.0228582" lon="132.1599254"/>
 <node id="1336539725" visible="true" version="3" changeset="124061956" timestamp="2022-07-25T17:15:33Z" user="AYAGE" uid="521665" lat="34.0279087" lon="132.1577783"/>
 <node id="1336539979" visible="true" version="2" changeset="124023779" timestamp="2022-07-24T20:32:21Z" user="AYAGE" uid="521665" lat="34.0228468" lon="132.1594403"/>
 <node id="1336540948" visible="true" version="2" changeset="124023779" timestamp="2022-07-24T20:32:21Z" user="AYAGE" uid="521665" lat="34.0236627" lon="132.1607711"/>
 <node id="1336542027" visible="true" version="2" changeset="124023779" timestamp="2022-07-24T20:32:21Z" user="AYAGE" uid="521665" lat="34.0267001" lon="132.1632592"/>
 <node id="1336542893" visible="true" version="2" changeset="124023779" timestamp="2022-07-24T20:32:21Z" user="AYAGE" uid="521665" lat="34.0242032" lon="132.1616152"/>
 <node id="1336547729" visible="true" version="2" changeset="124023779" timestamp="2022-07-24T20:32:21Z" user="AYAGE" uid="521665" lat="34.0257550" lon="132.1623184"/>
 <node id="1336549455" visible="true" version="2" changeset="124023779" timestamp="2022-07-24T20:32:21Z" user="AYAGE" uid="521665" lat="34.0261412" lon="132.1625045"/>
 <node id="1336550301" visible="true" version="2" changeset="124023779" timestamp="2022-07-24T20:32:21Z" user="AYAGE" uid="521665" lat="34.0236031" lon="132.1607049"/>
 <node id="1615296490" visible="true" version="2" changeset="124070623" timestamp="2022-07-25T22:03:44Z" user="AYAGE" uid="521665" lat="34.0242651" lon="132.1580319"/>
 <node id="1615296502" visible="true" version="1" changeset="10564748" timestamp="2012-02-02T07:00:19Z" user="yamasan" uid="32308" lat="34.0245061" lon="132.1582805"/>
 <node id="1615296516" visible="true" version="1" changeset="10564748" timestamp="2012-02-02T07:00:20Z" user="yamasan" uid="32308" lat="34.0247377" lon="132.1585560"/>
 <node id="1615296530" visible="true" version="2" changeset="124070623" timestamp="2022-07-25T22:03:44Z" user="AYAGE" uid="521665" lat="34.0249753" lon="132.1586781"/>
 <node id="1615296559" visible="true" version="2" changeset="124070623" timestamp="2022-07-25T22:03:44Z" user="AYAGE" uid="521665" lat="34.0254553" lon="132.1596917"/>
 <node id="1615296602" visible="true" version="1" changeset="10564748" timestamp="2012-02-02T07:00:26Z" user="yamasan" uid="32308" lat="34.0256180" lon="132.1599266"/>
 <node id="1615296629" visible="true" version="1" changeset="10564748" timestamp="2012-02-02T07:00:28Z" user="yamasan" uid="32308" lat="34.0257874" lon="132.1603779"/>
 <node id="1615296641" visible="true" version="1" changeset="10564748" timestamp="2012-02-02T07:00:29Z" user="yamasan" uid="32308" lat="34.0259262" lon="132.1607390"/>
 <node id="1615296661" visible="true" version="1" changeset="10564748" timestamp="2012-02-02T07:00:31Z" user="yamasan" uid="32308" lat="34.0261342" lon="132.1609740"/>
 <node id="1615296685" visible="true" version="1" changeset="10564748" timestamp="2012-02-02T07:00:33Z" user="yamasan" uid="32308" lat="34.0263731" lon="132.1612795"/>
 <node id="1615296703" visible="true" version="1" changeset="10564748" timestamp="2012-02-02T07:00:34Z" user="yamasan" uid="32308" lat="34.0266427" lon="132.1616750"/>
 <node id="1615296710" visible="true" version="1" changeset="10564748" timestamp="2012-02-02T07:00:35Z" user="yamasan" uid="32308" lat="34.0267227" lon="132.1620834"/>
 <node id="1615296716" visible="true" version="1" changeset="10564748" timestamp="2012-02-02T07:00:35Z" user="yamasan" uid="32308" lat="34.0267826" lon="132.1623130"/>
 <node id="2414455853" visible="true" version="1" changeset="17303063" timestamp="2013-08-11T13:07:03Z" user="yamasan" uid="32308" lat="34.0107775" lon="132.1639527"/>
 <node id="2414455880" visible="true" version="1" changeset="17303063" timestamp="2013-08-11T13:07:03Z" user="yamasan" uid="32308" lat="34.0119654" lon="132.1625649"/>
 <node id="2414455884" visible="true" version="1" changeset="17303063" timestamp="2013-08-11T13:07:03Z" user="yamasan" uid="32308" lat="34.0123383" lon="132.1622794"/>
 <node id="2414455892" visible="true" version="2" changeset="124398914" timestamp="2022-08-02T16:06:11Z" user="AYAGE" uid="521665" lat="34.0130635" lon="132.1618180"/>
 <node id="2414455895" visible="true" version="2" changeset="124398914" timestamp="2022-08-02T16:06:11Z" user="AYAGE" uid="521665" lat="34.0133753" lon="132.1615563"/>
 <node id="2414455896" visible="true" version="2" changeset="124398914" timestamp="2022-08-02T16:06:11Z" user="AYAGE" uid="521665" lat="34.0135046" lon="132.1614195"/>
 <node id="2414455903" visible="true" version="2" changeset="124120785" timestamp="2022-07-27T05:22:13Z" user="AYAGE" uid="521665" lat="34.0143514" lon="132.1599322"/>
 <node id="2414455905" visible="true" version="2" changeset="124120785" timestamp="2022-07-27T05:22:13Z" user="AYAGE" uid="521665" lat="34.0145427" lon="132.1596808"/>
 <node id="2414455907" visible="true" version="2" changeset="124120785" timestamp="2022-07-27T05:22:13Z" user="AYAGE" uid="521665" lat="34.0147821" lon="132.1594411"/>
 <node id="2414455908" visible="true" version="2" changeset="124120785" timestamp="2022-07-27T05:22:13Z" user="AYAGE" uid="521665" lat="34.0150225" lon="132.1592501"/>
 <node id="2414455909" visible="true" version="2" changeset="124120785" timestamp="2022-07-27T05:22:13Z" user="AYAGE" uid="521665" lat="34.0161474" lon="132.1586070"/>
 <node id="2414455910" visible="true" version="2" changeset="124070623" timestamp="2022-07-25T22:03:44Z" user="AYAGE" uid="521665" lat="34.0171741" lon="132.1580349"/>
 <node id="2414455911" visible="true" version="2" changeset="124070623" timestamp="2022-07-25T22:03:44Z" user="AYAGE" uid="521665" lat="34.0175202" lon="132.1577182"/>
 <node id="2414455912" visible="true" version="2" changeset="124070623" timestamp="2022-07-25T22:03:44Z" user="AYAGE" uid="521665" lat="34.0183037" lon="132.1567178"/>
 <node id="2414455914" visible="true" version="2" changeset="124070623" timestamp="2022-07-25T22:03:44Z" user="AYAGE" uid="521665" lat="34.0186971" lon="132.1564539"/>
 <node id="2414455915" visible="true" version="3" changeset="124070623" timestamp="2022-07-25T22:03:44Z" user="AYAGE" uid="521665" lat="34.0192071" lon="132.1563220"/>
 <node id="2414455916" visible="true" version="2" changeset="124023779" timestamp="2022-07-24T20:32:21Z" user="AYAGE" uid="521665" lat="34.0194374" lon="132.1557832"/>
 <node id="2414455917" visible="true" version="2" changeset="124023779" timestamp="2022-07-24T20:32:21Z" user="AYAGE" uid="521665" lat="34.0200152" lon="132.1562767"/>
 <node id="2414455918" visible="true" version="2" changeset="124023779" timestamp="2022-07-24T20:32:21Z" user="AYAGE" uid="521665" lat="34.0202417" lon="132.1562688"/>
 <node id="2414455919" visible="true" version="1" changeset="17303063" timestamp="2013-08-11T13:07:04Z" user="yamasan" uid="32308" lat="34.0209198" lon="132.1562480"/>
 <node id="2414455920" visible="true" version="2" changeset="124070623" timestamp="2022-07-25T22:03:44Z" user="AYAGE" uid="521665" lat="34.0209109" lon="132.1550748"/>
 <node id="2414455921" visible="true" version="2" changeset="124070623" timestamp="2022-07-25T22:03:44Z" user="AYAGE" uid="521665" lat="34.0214268" lon="132.1557218"/>
 <node id="2414455922" visible="true" version="2" changeset="124061956" timestamp="2022-07-25T17:15:33Z" user="AYAGE" uid="521665" lat="34.0221771" lon="132.1561862"/>
 <node id="2414455923" visible="true" version="2" changeset="124061956" timestamp="2022-07-25T17:15:33Z" user="AYAGE" uid="521665" lat="34.0228363" lon="132.1562100"/>
 <node id="2414455924" visible="true" version="2" changeset="124061956" timestamp="2022-07-25T17:15:33Z" user="AYAGE" uid="521665" lat="34.0233473" lon="132.1563756"/>
 <node id="2414455925" visible="true" version="2" changeset="124061956" timestamp="2022-07-25T17:15:33Z" user="AYAGE" uid="521665" lat="34.0237583" lon="132.1566184"/>
 <node id="2414455928" visible="true" version="2" changeset="124070623" timestamp="2022-07-25T22:03:44Z" user="AYAGE" uid="521665" lat="34.0251005" lon="132.1579883"/>
 <node id="2414455930" visible="true" version="2" changeset="124070623" timestamp="2022-07-25T22:03:44Z" user="AYAGE" uid="521665" lat="34.0250982" lon="132.1581570"/>
 <node id="2414455931" visible="true" version="2" changeset="124070623" timestamp="2022-07-25T22:03:44Z" user="AYAGE" uid="521665" lat="34.0251939" lon="132.1582343"/>
 <node id="2414455932" visible="true" version="1" changeset="17303063" timestamp="2013-08-11T13:07:04Z" user="yamasan" uid="32308" lat="34.0253370" lon="132.1582441"/>
 <node id="2414455933" visible="true" version="1" changeset="17303063" timestamp="2013-08-11T13:07:04Z" user="yamasan" uid="32308" lat="34.0253709" lon="132.1582248"/>
 <node id="2414455935" visible="true" version="1" changeset="17303063" timestamp="2013-08-11T13:07:04Z" user="yamasan" uid="32308" lat="34.0254284" lon="132.1581645"/>
 <node id="2414455937" visible="true" version="1" changeset="17303063" timestamp="2013-08-11T13:07:04Z" user="yamasan" uid="32308" lat="34.0255012" lon="132.1583432"/>
 <node id="2414455938" visible="true" version="2" changeset="124070623" timestamp="2022-07-25T22:03:44Z" user="AYAGE" uid="521665" lat="34.0255740" lon="132.1596211"/>
 <node id="2414455939" visible="true" version="1" changeset="17303063" timestamp="2013-08-11T13:07:04Z" user="yamasan" uid="32308" lat="34.0256286" lon="132.1583222"/>
 <node id="2414455940" visible="true" version="1" changeset="17303063" timestamp="2013-08-11T13:07:04Z" user="yamasan" uid="32308" lat="34.0256778" lon="132.1584680"/>
 <node id="2414455941" visible="true" version="2" changeset="124070623" timestamp="2022-07-25T22:03:44Z" user="AYAGE" uid="521665" lat="34.0256957" lon="132.1596838"/>
 <node id="2414455942" visible="true" version="1" changeset="17303063" timestamp="2013-08-11T13:07:04Z" user="yamasan" uid="32308" lat="34.0258723" lon="132.1598694"/>
 <node id="2414455943" visible="true" version="1" changeset="17303063" timestamp="2013-08-11T13:07:04Z" user="yamasan" uid="32308" lat="34.0259276" lon="132.1585886"/>
 <node id="2414455944" visible="true" version="2" changeset="124061956" timestamp="2022-07-25T17:15:33Z" user="AYAGE" uid="521665" lat="34.0259971" lon="132.1584839"/>
 <node id="2414455945" visible="true" version="1" changeset="17303063" timestamp="2013-08-11T13:07:04Z" user="yamasan" uid="32308" lat="34.0260043" lon="132.1599383"/>
 <node id="2414455946" visible="true" version="1" changeset="17303063" timestamp="2013-08-11T13:07:04Z" user="yamasan" uid="32308" lat="34.0261131" lon="132.1599921"/>
 <node id="2414455947" visible="true" version="1" changeset="17303063" timestamp="2013-08-11T13:07:04Z" user="yamasan" uid="32308" lat="34.0261220" lon="132.1602547"/>
 <node id="2414455948" visible="true" version="1" changeset="17303063" timestamp="2013-08-11T13:07:04Z" user="yamasan" uid="32308" lat="34.0261488" lon="132.1586596"/>
 <node id="2414455949" visible="true" version="1" changeset="17303063" timestamp="2013-08-11T13:07:04Z" user="yamasan" uid="32308" lat="34.0261488" lon="132.1600911"/>
 <node id="2414455950" visible="true" version="1" changeset="17303063" timestamp="2013-08-11T13:07:04Z" user="yamasan" uid="32308" lat="34.0261773" lon="132.1604355"/>
 <node id="2414455951" visible="true" version="1" changeset="17303063" timestamp="2013-08-11T13:07:04Z" user="yamasan" uid="32308" lat="34.0263575" lon="132.1607670"/>
 <node id="2414455952" visible="true" version="2" changeset="124061956" timestamp="2022-07-25T17:15:33Z" user="AYAGE" uid="521665" lat="34.0263998" lon="132.1585336"/>
 <node id="2414455953" visible="true" version="1" changeset="17303063" timestamp="2013-08-11T13:07:05Z" user="yamasan" uid="32308" lat="34.0264503" lon="132.1586833"/>
 <node id="2414455954" visible="true" version="1" changeset="17303063" timestamp="2013-08-11T13:07:05Z" user="yamasan" uid="32308" lat="34.0265484" lon="132.1609952"/>
 <node id="2414455955" visible="true" version="1" changeset="17303063" timestamp="2013-08-11T13:07:05Z" user="yamasan" uid="32308" lat="34.0266358" lon="132.1611760"/>
 <node id="2414455956" visible="true" version="1" changeset="17303063" timestamp="2013-08-11T13:07:05Z" user="yamasan" uid="32308" lat="34.0267143" lon="132.1586295"/>
 <node id="2414455957" visible="true" version="1" changeset="17303063" timestamp="2013-08-11T13:07:05Z" user="yamasan" uid="32308" lat="34.0267357" lon="132.1614753"/>
 <node id="2414455958" visible="true" version="1" changeset="17303063" timestamp="2013-08-11T13:07:05Z" user="yamasan" uid="32308" lat="34.0268571" lon="132.1616841"/>
 <node id="2414455959" visible="true" version="2" changeset="124061956" timestamp="2022-07-25T17:15:33Z" user="AYAGE" uid="521665" lat="34.0268136" lon="132.1584407"/>
 <node id="2414455960" visible="true" version="1" changeset="17303063" timestamp="2013-08-11T13:07:05Z" user="yamasan" uid="32308" lat="34.0269498" lon="132.1611158"/>
 <node id="2414455961" visible="true" version="1" changeset="17303063" timestamp="2013-08-11T13:07:05Z" user="yamasan" uid="32308" lat="34.0269623" lon="132.1613913"/>
 <node id="2414455962" visible="true" version="1" changeset="17303063" timestamp="2013-08-11T13:07:05Z" user="yamasan" uid="32308" lat="34.0269641" lon="132.1609500"/>
 <node id="2414455963" visible="true" version="1" changeset="17303063" timestamp="2013-08-11T13:07:05Z" user="yamasan" uid="32308" lat="34.0269695" lon="132.1585283"/>
 <node id="2414455964" visible="true" version="1" changeset="17303063" timestamp="2013-08-11T13:07:05Z" user="yamasan" uid="32308" lat="34.0269909" lon="132.1615678"/>
 <node id="2414455965" visible="true" version="1" changeset="17303063" timestamp="2013-08-11T13:07:05Z" user="yamasan" uid="32308" lat="34.0269998" lon="132.1607886"/>
 <node id="2414455966" visible="true" version="1" changeset="17303063" timestamp="2013-08-11T13:07:05Z" user="yamasan" uid="32308" lat="34.0269998" lon="132.1617486"/>
 <node id="2414455967" visible="true" version="1" changeset="17303063" timestamp="2013-08-11T13:07:05Z" user="yamasan" uid="32308" lat="34.0270337" lon="132.1616668"/>
 <node id="2414455968" visible="true" version="1" changeset="17303063" timestamp="2013-08-11T13:07:05Z" user="yamasan" uid="32308" lat="34.0270390" lon="132.1617250"/>
 <node id="2414455969" visible="true" version="1" changeset="17303063" timestamp="2013-08-11T13:07:05Z" user="yamasan" uid="32308" lat="34.0270408" lon="132.1606594"/>
 <node id="2414455970" visible="true" version="1" changeset="17303063" timestamp="2013-08-11T13:07:05Z" user="yamasan" uid="32308" lat="34.0270569" lon="132.1600524"/>
 <node id="2414455971" visible="true" version="1" changeset="17303063" timestamp="2013-08-11T13:07:05Z" user="yamasan" uid="32308" lat="34.0270711" lon="132.1599146"/>
 <node id="2414455973" visible="true" version="1" changeset="17303063" timestamp="2013-08-11T13:07:05Z" user="yamasan" uid="32308" lat="34.0271015" lon="132.1602160"/>
 <node id="2414455974" visible="true" version="1" changeset="17303063" timestamp="2013-08-11T13:07:05Z" user="yamasan" uid="32308" lat="34.0271532" lon="132.1605001"/>
 <node id="2414455975" visible="true" version="1" changeset="17303063" timestamp="2013-08-11T13:07:05Z" user="yamasan" uid="32308" lat="34.0271568" lon="132.1598091"/>
 <node id="2414455977" visible="true" version="1" changeset="17303063" timestamp="2013-08-11T13:07:05Z" user="yamasan" uid="32308" lat="34.0271764" lon="132.1603387"/>
 <node id="2414455981" visible="true" version="1" changeset="17303063" timestamp="2013-08-11T13:07:05Z" user="yamasan" uid="32308" lat="34.0272763" lon="132.1597725"/>
 <node id="2414455982" visible="true" version="1" changeset="17303063" timestamp="2013-08-11T13:07:05Z" user="yamasan" uid="32308" lat="34.0273227" lon="132.1591741"/>
 <node id="2414455983" visible="true" version="1" changeset="17303063" timestamp="2013-08-11T13:07:05Z" user="yamasan" uid="32308" lat="34.0273263" lon="132.1583195"/>
 <node id="2414455984" visible="true" version="1" changeset="17303063" timestamp="2013-08-11T13:07:05Z" user="yamasan" uid="32308" lat="34.0273637" lon="132.1591246"/>
 <node id="2414455985" visible="true" version="1" changeset="17303063" timestamp="2013-08-11T13:07:05Z" user="yamasan" uid="32308" lat="34.0273709" lon="132.1597790"/>
 <node id="2414455986" visible="true" version="1" changeset="17303063" timestamp="2013-08-11T13:07:05Z" user="yamasan" uid="32308" lat="34.0273744" lon="132.1592688"/>
 <node id="2414455988" visible="true" version="1" changeset="17303063" timestamp="2013-08-11T13:07:05Z" user="yamasan" uid="32308" lat="34.0274048" lon="132.1597295"/>
 <node id="2414455989" visible="true" version="1" changeset="17303063" timestamp="2013-08-11T13:07:05Z" user="yamasan" uid="32308" lat="34.0274172" lon="132.1594389"/>
 <node id="2414455994" visible="true" version="1" changeset="17303063" timestamp="2013-08-11T13:07:05Z" user="yamasan" uid="32308" lat="34.0275243" lon="132.1581925"/>
 <node id="2414455995" visible="true" version="1" changeset="17303063" timestamp="2013-08-11T13:07:05Z" user="yamasan" uid="32308" lat="34.0275296" lon="132.1591031"/>
 <node id="2414455996" visible="true" version="2" changeset="124023779" timestamp="2022-07-24T20:32:21Z" user="AYAGE" uid="521665" lat="34.0275783" lon="132.1625495"/>
 <node id="2414455997" visible="true" version="1" changeset="17303063" timestamp="2013-08-11T13:07:05Z" user="yamasan" uid="32308" lat="34.0275992" lon="132.1591590"/>
 <node id="2414455998" visible="true" version="1" changeset="17303063" timestamp="2013-08-11T13:07:05Z" user="yamasan" uid="32308" lat="34.0276403" lon="132.1593076"/>
 <node id="2414455999" visible="true" version="1" changeset="17303063" timestamp="2013-08-11T13:07:05Z" user="yamasan" uid="32308" lat="34.0277259" lon="132.1593894"/>
 <node id="2414456001" visible="true" version="1" changeset="17303063" timestamp="2013-08-11T13:07:05Z" user="yamasan" uid="32308" lat="34.0279792" lon="132.1594238"/>
 <node id="2414456002" visible="true" version="1" changeset="17303063" timestamp="2013-08-11T13:07:05Z" user="yamasan" uid="32308" lat="34.0280238" lon="132.1579471"/>
 <node id="2414456003" visible="true" version="1" changeset="17303063" timestamp="2013-08-11T13:07:05Z" user="yamasan" uid="32308" lat="34.0280916" lon="132.1594001"/>
 <node id="2414456004" visible="true" version="1" changeset="17303063" timestamp="2013-08-11T13:07:06Z" user="yamasan" uid="32308" lat="34.0280970" lon="132.1579557"/>
 <node id="2414456005" visible="true" version="1" changeset="17303063" timestamp="2013-08-11T13:07:06Z" user="yamasan" uid="32308" lat="34.0282290" lon="132.1592688"/>
 <node id="2414456006" visible="true" version="1" changeset="17303063" timestamp="2013-08-11T13:07:06Z" user="yamasan" uid="32308" lat="34.0282664" lon="132.1581365"/>
 <node id="2414456007" visible="true" version="1" changeset="17303063" timestamp="2013-08-11T13:07:06Z" user="yamasan" uid="32308" lat="34.0283539" lon="132.1592473"/>
 <node id="2414456009" visible="true" version="1" changeset="17303063" timestamp="2013-08-11T13:07:06Z" user="yamasan" uid="32308" lat="34.0284341" lon="132.1583755"/>
 <node id="2414456010" visible="true" version="1" changeset="17303063" timestamp="2013-08-11T13:07:06Z" user="yamasan" uid="32308" lat="34.0284877" lon="132.1593162"/>
 <node id="2414456012" visible="true" version="1" changeset="17303063" timestamp="2013-08-11T13:07:06Z" user="yamasan" uid="32308" lat="34.0287018" lon="132.1588598"/>
 <node id="2414456013" visible="true" version="1" changeset="17303063" timestamp="2013-08-11T13:07:06Z" user="yamasan" uid="32308" lat="34.0287071" lon="132.1595486"/>
 <node id="2414456015" visible="true" version="1" changeset="17303063" timestamp="2013-08-11T13:07:06Z" user="yamasan" uid="32308" lat="34.0288605" lon="132.1597338"/>
 <node id="2414456016" visible="true" version="1" changeset="17303063" timestamp="2013-08-11T13:07:06Z" user="yamasan" uid="32308" lat="34.0289497" lon="132.1598586"/>
 <node id="2414456017" visible="true" version="1" changeset="17303063" timestamp="2013-08-11T13:07:06Z" user="yamasan" uid="32308" lat="34.0290015" lon="132.1598565"/>
 <node id="2414456018" visible="true" version="1" changeset="17303063" timestamp="2013-08-11T13:07:06Z" user="yamasan" uid="32308" lat="34.0291032" lon="132.1595723"/>
 <node id="2414456019" visible="true" version="1" changeset="17303063" timestamp="2013-08-11T13:07:06Z" user="yamasan" uid="32308" lat="34.0291067" lon="132.1597854"/>
 <node id="2414456020" visible="true" version="1" changeset="17303063" timestamp="2013-08-11T13:07:06Z" user="yamasan" uid="32308" lat="34.0291388" lon="132.1596843"/>
 <node id="3001499636" visible="true" version="2" changeset="124106678" timestamp="2022-07-26T17:35:01Z" user="AYAGE" uid="521665" lat="34.0227494" lon="132.1591879"/>
 <node id="3001499752" visible="true" version="1" changeset="24586699" timestamp="2014-08-07T00:40:39Z" user="ひろときょうたまなかなおや" uid="2000955" lat="34.0223879" lon="132.1579596"/>
 <node id="3001499753" visible="true" version="1" changeset="24586699" timestamp="2014-08-07T00:40:41Z" user="ひろときょうたまなかなおや" uid="2000955" lat="34.0202659" lon="132.1568219"/>
 <node id="3001499754" visible="true" version="2" changeset="124023779" timestamp="2022-07-24T20:32:21Z" user="AYAGE" uid="521665" lat="34.0201550" lon="132.1560279"/>
 <node id="3001499755" visible="true" version="3" changeset="124070623" timestamp="2022-07-25T22:03:44Z" user="AYAGE" uid="521665" lat="34.0201865" lon="132.1568510"/>
 <node id="3001499756" visible="true" version="2" changeset="124023779" timestamp="2022-07-24T20:32:21Z" user="AYAGE" uid="521665" lat="34.0204035" lon="132.1573350"/>
 <node id="3001499757" visible="true" version="3" changeset="124106678" timestamp="2022-07-26T17:35:01Z" user="AYAGE" uid="521665" lat="34.0223445" lon="132.1580894"/>
 <node id="3001499758" visible="true" version="2" changeset="124070623" timestamp="2022-07-25T22:03:44Z" user="AYAGE" uid="521665" lat="34.0193940" lon="132.1543350"/>
 <node id="3001499759" visible="true" version="1" changeset="24586726" timestamp="2014-08-07T00:43:31Z" user="ひろときょうたまなかなおや" uid="2000955" lat="34.0177677" lon="132.1524088"/>
 <node id="3001499760" visible="true" version="2" changeset="124070623" timestamp="2022-07-25T22:03:44Z" user="AYAGE" uid="521665" lat="34.0183525" lon="132.1512094"/>
 <node id="3001499761" visible="true" version="2" changeset="124070623" timestamp="2022-07-25T22:03:44Z" user="AYAGE" uid="521665" lat="34.0185401" lon="132.1506215"/>
 <node id="3001499762" visible="true" version="2" changeset="124070623" timestamp="2022-07-25T22:03:44Z" user="AYAGE" uid="521665" lat="34.0184127" lon="132.1508835"/>
 <node id="3001499763" visible="true" version="1" changeset="24586726" timestamp="2014-08-07T00:43:40Z" user="ひろときょうたまなかなおや" uid="2000955" lat="34.0154025" lon="132.1517286"/>
 <node id="3001499764" visible="true" version="3" changeset="124118896" timestamp="2022-07-27T04:02:14Z" user="AYAGE" uid="521665" lat="34.0165664" lon="132.1517121"/>
 <node id="3001499951" visible="true" version="2" changeset="124023779" timestamp="2022-07-24T20:32:21Z" user="AYAGE" uid="521665" lat="34.0228852" lon="132.1589473"/>
 <node id="3001499952" visible="true" version="1" changeset="24586699" timestamp="2014-08-07T00:40:38Z" user="ひろときょうたまなかなおや" uid="2000955" lat="34.0228039" lon="132.1584423"/>
 <node id="3001499953" visible="true" version="2" changeset="124023779" timestamp="2022-07-24T20:32:21Z" user="AYAGE" uid="521665" lat="34.0226884" lon="132.1582371"/>
 <node id="3001499954" visible="true" version="1" changeset="24586699" timestamp="2014-08-07T00:40:39Z" user="ひろときょうたまなかなおや" uid="2000955" lat="34.0219567" lon="132.1577270"/>
 <node id="3001499955" visible="true" version="2" changeset="124023779" timestamp="2022-07-24T20:32:21Z" user="AYAGE" uid="521665" lat="34.0213318" lon="132.1575829"/>
 <node id="3001499956" visible="true" version="2" changeset="124023779" timestamp="2022-07-24T20:32:21Z" user="AYAGE" uid="521665" lat="34.0208521" lon="132.1574603"/>
 <node id="3001499957" visible="true" version="1" changeset="24586699" timestamp="2014-08-07T00:40:41Z" user="ひろときょうたまなかなおや" uid="2000955" lat="34.0203480" lon="132.1570822"/>
 <node id="3001499958" visible="true" version="2" changeset="124070623" timestamp="2022-07-25T22:03:44Z" user="AYAGE" uid="521665" lat="34.0184976" lon="132.1508523"/>
 <node id="3001513235" visible="true" version="2" changeset="124023779" timestamp="2022-07-24T20:32:21Z" user="AYAGE" uid="521665" lat="34.0205624" lon="132.1573097"/>
 <node id="3001513236" visible="true" version="2" changeset="124023779" timestamp="2022-07-24T20:32:21Z" user="AYAGE" uid="521665" lat="34.0199427" lon="132.1557295"/>
 <node id="3001513237" visible="true" version="2" changeset="124023779" timestamp="2022-07-24T20:32:21Z" user="AYAGE" uid="521665" lat="34.0221495" lon="132.1579572"/>
 <node id="3001513238" visible="true" version="2" changeset="124106678" timestamp="2022-07-26T17:35:01Z" user="AYAGE" uid="521665" lat="34.0227792" lon="132.1587788"/>
 <node id="3001513339" visible="true" version="2" changeset="124023779" timestamp="2022-07-24T20:32:21Z" user="AYAGE" uid="521665" lat="34.0200163" lon="132.1560546"/>
 <node id="3001513340" visible="true" version="2" changeset="124070623" timestamp="2022-07-25T22:03:44Z" user="AYAGE" uid="521665" lat="34.0188629" lon="132.1538237"/>
 <node id="3001513341" visible="true" version="2" changeset="124070623" timestamp="2022-07-25T22:03:44Z" user="AYAGE" uid="521665" lat="34.0183361" lon="132.1534112"/>
 <node id="3001516333" visible="true" version="2" changeset="124023779" timestamp="2022-07-24T20:32:21Z" user="AYAGE" uid="521665" lat="34.0202734" lon="132.1565956"/>
 <node id="3001516334" visible="true" version="2" changeset="124023779" timestamp="2022-07-24T20:32:21Z" user="AYAGE" uid="521665" lat="34.0199670" lon="132.1553740"/>
 <node id="3001516335" visible="true" version="2" changeset="124023779" timestamp="2022-07-24T20:32:21Z" user="AYAGE" uid="521665" lat="34.0198108" lon="132.1554405"/>
 <node id="3001516336" visible="true" version="1" changeset="24586699" timestamp="2014-08-07T00:40:46Z" user="ひろときょうたまなかなおや" uid="2000955" lat="34.0212585" lon="132.1576745"/>
 <node id="3001516337" visible="true" version="1" changeset="24586699" timestamp="2014-08-07T00:40:47Z" user="ひろときょうたまなかなおや" uid="2000955" lat="34.0216212" lon="132.1577683"/>
 <node id="3001516338" visible="true" version="2" changeset="124106678" timestamp="2022-07-26T17:35:01Z" user="AYAGE" uid="521665" lat="34.0226871" lon="132.1584350"/>
 <node id="3001516339" visible="true" version="2" changeset="124106678" timestamp="2022-07-26T17:35:01Z" user="AYAGE" uid="521665" lat="34.0227832" lon="132.1589754"/>
 <node id="3001516340" visible="true" version="2" changeset="124070623" timestamp="2022-07-25T22:03:44Z" user="AYAGE" uid="521665" lat="34.0197436" lon="132.1549259"/>
 <node id="3001516341" visible="true" version="1" changeset="24586726" timestamp="2014-08-07T00:43:31Z" user="ひろときょうたまなかなおや" uid="2000955" lat="34.0179051" lon="132.1519955"/>
 <node id="3001516342" visible="true" version="2" changeset="124070623" timestamp="2022-07-25T22:03:44Z" user="AYAGE" uid="521665" lat="34.0181198" lon="132.1514340"/>
 <node id="3001516343" visible="true" version="2" changeset="124070623" timestamp="2022-07-25T22:03:44Z" user="AYAGE" uid="521665" lat="34.0178296" lon="132.1518681"/>
 <node id="3001516344" visible="true" version="2" changeset="124070623" timestamp="2022-07-25T22:03:44Z" user="AYAGE" uid="521665" lat="34.0177371" lon="132.1521013"/>
 <node id="3001516345" visible="true" version="2" changeset="124070623" timestamp="2022-07-25T22:03:44Z" user="AYAGE" uid="521665" lat="34.0176422" lon="132.1523954"/>
 <node id="3001516346" visible="true" version="2" changeset="124070623" timestamp="2022-07-25T22:03:44Z" user="AYAGE" uid="521665" lat="34.0175990" lon="132.1524508"/>
 <node id="3001516347" visible="true" version="2" changeset="124118896" timestamp="2022-07-27T04:02:14Z" user="AYAGE" uid="521665" lat="34.0159239" lon="132.1515330"/>
 <node id="3001516348" visible="true" version="2" changeset="124070623" timestamp="2022-07-25T22:03:44Z" user="AYAGE" uid="521665" lat="34.0170381" lon="132.1519978"/>
 <node id="3001516349" visible="true" version="2" changeset="124070623" timestamp="2022-07-25T22:03:44Z" user="AYAGE" uid="521665" lat="34.0172752" lon="132.1522127"/>
 <node id="3001516350" visible="true" version="2" changeset="124070623" timestamp="2022-07-25T22:03:44Z" user="AYAGE" uid="521665" lat="34.0175515" lon="132.1525616"/>
 <node id="3001516351" visible="true" version="2" changeset="124070623" timestamp="2022-07-25T22:03:44Z" user="AYAGE" uid="521665" lat="34.0176258" lon="132.1527432"/>
 <node id="3001516352" visible="true" version="2" changeset="124070623" timestamp="2022-07-25T22:03:44Z" user="AYAGE" uid="521665" lat="34.0178615" lon="132.1531054"/>
 <node id="3001516353" visible="true" version="2" changeset="124070623" timestamp="2022-07-25T22:03:44Z" user="AYAGE" uid="521665" lat="34.0195540" lon="132.1548328"/>
 <node id="3001516433" visible="true" version="2" changeset="124023779" timestamp="2022-07-24T20:32:21Z" user="AYAGE" uid="521665" lat="34.0202864" lon="132.1572072"/>
 <node id="3001516434" visible="true" version="2" changeset="124023779" timestamp="2022-07-24T20:32:21Z" user="AYAGE" uid="521665" lat="34.0205265" lon="132.1574422"/>
 <node id="3001516435" visible="true" version="2" changeset="124023779" timestamp="2022-07-24T20:32:21Z" user="AYAGE" uid="521665" lat="34.0207926" lon="132.1575740"/>
 <node id="3001516436" visible="true" version="2" changeset="124070623" timestamp="2022-07-25T22:03:44Z" user="AYAGE" uid="521665" lat="34.0178271" lon="132.1527826"/>
 <node id="3001516437" visible="true" version="2" changeset="124070623" timestamp="2022-07-25T22:03:44Z" user="AYAGE" uid="521665" lat="34.0184417" lon="132.1507066"/>
 <node id="3001516438" visible="true" version="2" changeset="124118896" timestamp="2022-07-27T04:02:14Z" user="AYAGE" uid="521665" lat="34.0153871" lon="132.1516278"/>
 <node id="3001516439" visible="true" version="2" changeset="124118896" timestamp="2022-07-27T04:02:14Z" user="AYAGE" uid="521665" lat="34.0160987" lon="132.1516472"/>
 <node id="3001516440" visible="true" version="2" changeset="124070623" timestamp="2022-07-25T22:03:44Z" user="AYAGE" uid="521665" lat="34.0182641" lon="132.1535522"/>
 <node id="3001516441" visible="true" version="2" changeset="124070623" timestamp="2022-07-25T22:03:44Z" user="AYAGE" uid="521665" lat="34.0189223" lon="132.1540583"/>
 <node id="3001517333" visible="true" version="1" changeset="24586726" timestamp="2014-08-07T00:43:31Z" user="ひろときょうたまなかなおや" uid="2000955" lat="34.0177793" lon="132.1526158"/>
 <node id="3001517334" visible="true" version="1" changeset="24586726" timestamp="2014-08-07T00:43:38Z" user="ひろときょうたまなかなおや" uid="2000955" lat="34.0172552" lon="132.1520843"/>
 <node id="3001517335" visible="true" version="2" changeset="124118896" timestamp="2022-07-27T04:02:14Z" user="AYAGE" uid="521665" lat="34.0169500" lon="132.1518048"/>
 <node id="3001517336" visible="true" version="2" changeset="124118896" timestamp="2022-07-27T04:02:14Z" user="AYAGE" uid="521665" lat="34.0163781" lon="132.1515326"/>
 <node id="3001518233" visible="true" version="1" changeset="24586726" timestamp="2014-08-07T00:43:49Z" user="ひろときょうたまなかなおや" uid="2000955" lat="34.0185714" lon="132.1537668"/>
 <node id="3001518234" visible="true" version="2" changeset="124070623" timestamp="2022-07-25T22:03:44Z" user="AYAGE" uid="521665" lat="34.0193706" lon="132.1545060"/>
 <node id="9908263119" visible="true" version="1" changeset="124023779" timestamp="2022-07-24T20:32:21Z" user="AYAGE" uid="521665" lat="34.0228591" lon="132.1591363"/>
 <node id="9908263120" visible="true" version="1" changeset="124023779" timestamp="2022-07-24T20:32:21Z" user="AYAGE" uid="521665" lat="34.0228685" lon="132.1587065"/>
 <node id="9908263121" visible="true" version="1" changeset="124023779" timestamp="2022-07-24T20:32:21Z" user="AYAGE" uid="521665" lat="34.0225439" lon="132.1580876"/>
 <node id="9908263122" visible="true" version="1" changeset="124023779" timestamp="2022-07-24T20:32:21Z" user="AYAGE" uid="521665" lat="34.0227668" lon="132.1584879"/>
 <node id="9908263123" visible="true" version="1" changeset="124023779" timestamp="2022-07-24T20:32:21Z" user="AYAGE" uid="521665" lat="34.0218920" lon="132.1578535"/>
 <node id="9908263124" visible="true" version="1" changeset="124023779" timestamp="2022-07-24T20:32:21Z" user="AYAGE" uid="521665" lat="34.0197517" lon="132.1557272"/>
 <node id="9908263125" visible="true" version="1" changeset="124023779" timestamp="2022-07-24T20:32:21Z" user="AYAGE" uid="521665" lat="34.0200635" lon="132.1556233"/>
 <node id="9908263126" visible="true" version="1" changeset="124023779" timestamp="2022-07-24T20:32:21Z" user="AYAGE" uid="521665" lat="34.0229658" lon="132.1587796"/>
 <node id="9908263127" visible="true" version="1" changeset="124023779" timestamp="2022-07-24T20:32:21Z" user="AYAGE" uid="521665" lat="34.0228090" lon="132.1595279"/>
 <node id="9908263131" visible="true" version="1" changeset="124023779" timestamp="2022-07-24T20:32:21Z" user="AYAGE" uid="521665" lat="34.0232398" lon="132.1604466"/>
 <node id="9908263132" visible="true" version="1" changeset="124023779" timestamp="2022-07-24T20:32:21Z" user="AYAGE" uid="521665" lat="34.0256484" lon="132.1623074"/>
 <node id="9910074882" visible="true" version="2" changeset="124070623" timestamp="2022-07-25T22:03:44Z" user="AYAGE" uid="521665" lat="34.0252905" lon="132.1580266"/>
 <node id="9910506887" visible="true" version="1" changeset="124070623" timestamp="2022-07-25T22:03:44Z" user="AYAGE" uid="521665" lat="34.0215058" lon="132.1558734"/>
 <node id="9910506888" visible="true" version="1" changeset="124070623" timestamp="2022-07-25T22:03:44Z" user="AYAGE" uid="521665" lat="34.0206993" lon="132.1545940"/>
 <node id="9910506889" visible="true" version="1" changeset="124070623" timestamp="2022-07-25T22:03:44Z" user="AYAGE" uid="521665" lat="34.0201441" lon="132.1539000"/>
 <node id="9910506890" visible="true" version="1" changeset="124070623" timestamp="2022-07-25T22:03:44Z" user="AYAGE" uid="521665" lat="34.0191087" lon="132.1533106"/>
 <node id="9910506892" visible="true" version="1" changeset="124070623" timestamp="2022-07-25T22:03:44Z" user="AYAGE" uid="521665" lat="34.0184123" lon="132.1510669"/>
 <node id="9910506893" visible="true" version="1" changeset="124070623" timestamp="2022-07-25T22:03:44Z" user="AYAGE" uid="521665" lat="34.0184951" lon="132.1504614"/>
 <node id="9910506894" visible="true" version="1" changeset="124070623" timestamp="2022-07-25T22:03:44Z" user="AYAGE" uid="521665" lat="34.0183584" lon="132.1510354"/>
 <node id="9910506895" visible="true" version="1" changeset="124070623" timestamp="2022-07-25T22:03:44Z" user="AYAGE" uid="521665" lat="34.0182678" lon="132.1512184"/>
 <node id="9910506896" visible="true" version="1" changeset="124070623" timestamp="2022-07-25T22:03:44Z" user="AYAGE" uid="521665" lat="34.0179332" lon="132.1516905"/>
 <node id="9910506898" visible="true" version="1" changeset="124070623" timestamp="2022-07-25T22:03:44Z" user="AYAGE" uid="521665" lat="34.0174157" lon="132.1523845"/>
 <node id="9910506899" visible="true" version="2" changeset="124118896" timestamp="2022-07-27T04:02:14Z" user="AYAGE" uid="521665" lat="34.0168794" lon="132.1518528"/>
 <node id="9910506900" visible="true" version="2" changeset="124118896" timestamp="2022-07-27T04:02:14Z" user="AYAGE" uid="521665" lat="34.0162675" lon="132.1516522"/>
 <node id="9910506901" visible="true" version="1" changeset="124070623" timestamp="2022-07-25T22:03:44Z" user="AYAGE" uid="521665" lat="34.0181005" lon="132.1516067"/>
 <node id="9910506902" visible="true" version="1" changeset="124070623" timestamp="2022-07-25T22:03:44Z" user="AYAGE" uid="521665" lat="34.0179838" lon="132.1517797"/>
 <node id="9910506904" visible="true" version="1" changeset="124070623" timestamp="2022-07-25T22:03:44Z" user="AYAGE" uid="521665" lat="34.0175580" lon="132.1524583"/>
 <node id="9910506905" visible="true" version="1" changeset="124070623" timestamp="2022-07-25T22:03:44Z" user="AYAGE" uid="521665" lat="34.0174146" lon="132.1522544"/>
 <node id="9910506906" visible="true" version="1" changeset="124070623" timestamp="2022-07-25T22:03:44Z" user="AYAGE" uid="521665" lat="34.0175858" lon="132.1526501"/>
 <node id="9910506907" visible="true" version="1" changeset="124070623" timestamp="2022-07-25T22:03:44Z" user="AYAGE" uid="521665" lat="34.0180616" lon="132.1533716"/>
 <node id="9910506908" visible="true" version="1" changeset="124070623" timestamp="2022-07-25T22:03:44Z" user="AYAGE" uid="521665" lat="34.0191343" lon="132.1542393"/>
 <node id="9910506909" visible="true" version="1" changeset="124070623" timestamp="2022-07-25T22:03:44Z" user="AYAGE" uid="521665" lat="34.0180271" lon="132.1530752"/>
 <node id="9910506910" visible="true" version="1" changeset="124070623" timestamp="2022-07-25T22:03:44Z" user="AYAGE" uid="521665" lat="34.0191721" lon="132.1540716"/>
 <node id="9910506911" visible="true" version="1" changeset="124070623" timestamp="2022-07-25T22:03:44Z" user="AYAGE" uid="521665" lat="34.0195378" lon="132.1545531"/>
 <node id="9910547154" visible="true" version="2" changeset="124106678" timestamp="2022-07-26T17:35:01Z" user="AYAGE" uid="521665" lat="34.0202875" lon="132.1553544"/>
 <node id="9910547155" visible="true" version="2" changeset="124106678" timestamp="2022-07-26T17:35:01Z" user="AYAGE" uid="521665" lat="34.0203542" lon="132.1552465"/>
 <node id="9910547423" visible="true" version="1" changeset="124070623" timestamp="2022-07-25T22:03:44Z" user="AYAGE" uid="521665" lat="34.0230736" lon="132.1532817"/>
 <node id="9910547424" visible="true" version="1" changeset="124070623" timestamp="2022-07-25T22:03:44Z" user="AYAGE" uid="521665" lat="34.0230058" lon="132.1536224"/>
 <node id="9910547829" visible="true" version="1" changeset="124070623" timestamp="2022-07-25T22:03:44Z" user="AYAGE" uid="521665" lat="34.0250988" lon="132.1584839"/>
 <node id="9910547830" visible="true" version="1" changeset="124070623" timestamp="2022-07-25T22:03:44Z" user="AYAGE" uid="521665" lat="34.0249854" lon="132.1583444"/>
 <node id="9910547831" visible="true" version="1" changeset="124070623" timestamp="2022-07-25T22:03:44Z" user="AYAGE" uid="521665" lat="34.0247653" lon="132.1582210"/>
 <node id="9910547832" visible="true" version="1" changeset="124070623" timestamp="2022-07-25T22:03:44Z" user="AYAGE" uid="521665" lat="34.0247075" lon="132.1579689"/>
 <node id="9910547833" visible="true" version="1" changeset="124070623" timestamp="2022-07-25T22:03:44Z" user="AYAGE" uid="521665" lat="34.0248098" lon="132.1577650"/>
 <node id="9910547834" visible="true" version="1" changeset="124070623" timestamp="2022-07-25T22:03:44Z" user="AYAGE" uid="521665" lat="34.0248031" lon="132.1587521"/>
 <node id="9910547835" visible="true" version="1" changeset="124070623" timestamp="2022-07-25T22:03:44Z" user="AYAGE" uid="521665" lat="34.0246019" lon="132.1585751"/>
 <node id="9910547836" visible="true" version="1" changeset="124070623" timestamp="2022-07-25T22:03:44Z" user="AYAGE" uid="521665" lat="34.0241984" lon="132.1579514"/>
 <node id="9910547837" visible="true" version="1" changeset="124070623" timestamp="2022-07-25T22:03:44Z" user="AYAGE" uid="521665" lat="34.0241640" lon="132.1578374"/>
 <node id="9910547838" visible="true" version="1" changeset="124070623" timestamp="2022-07-25T22:03:44Z" user="AYAGE" uid="521665" lat="34.0239206" lon="132.1578147"/>
 <node id="9910547839" visible="true" version="1" changeset="124070623" timestamp="2022-07-25T22:03:44Z" user="AYAGE" uid="521665" lat="34.0236860" lon="132.1576618"/>
 <node id="9910547840" visible="true" version="1" changeset="124070623" timestamp="2022-07-25T22:03:44Z" user="AYAGE" uid="521665" lat="34.0233015" lon="132.1573158"/>
 <node id="9910547841" visible="true" version="1" changeset="124070623" timestamp="2022-07-25T22:03:44Z" user="AYAGE" uid="521665" lat="34.0229969" lon="132.1570341"/>
 <node id="9910547842" visible="true" version="1" changeset="124070623" timestamp="2022-07-25T22:03:44Z" user="AYAGE" uid="521665" lat="34.0226168" lon="132.1566935"/>
 <node id="9910547843" visible="true" version="1" changeset="124070623" timestamp="2022-07-25T22:03:44Z" user="AYAGE" uid="521665" lat="34.0223867" lon="132.1565701"/>
 <node id="9910547844" visible="true" version="1" changeset="124070623" timestamp="2022-07-25T22:03:44Z" user="AYAGE" uid="521665" lat="34.0222044" lon="132.1565782"/>
 <node id="9910547845" visible="true" version="1" changeset="124070623" timestamp="2022-07-25T22:03:44Z" user="AYAGE" uid="521665" lat="34.0220643" lon="132.1566881"/>
 <node id="9910547846" visible="true" version="1" changeset="124070623" timestamp="2022-07-25T22:03:44Z" user="AYAGE" uid="521665" lat="34.0220554" lon="132.1567780"/>
 <node id="9910547847" visible="true" version="1" changeset="124070623" timestamp="2022-07-25T22:03:44Z" user="AYAGE" uid="521665" lat="34.0221821" lon="132.1569858"/>
 <node id="9910547848" visible="true" version="1" changeset="124070623" timestamp="2022-07-25T22:03:44Z" user="AYAGE" uid="521665" lat="34.0223022" lon="132.1571414"/>
 <node id="9910547849" visible="true" version="1" changeset="124070623" timestamp="2022-07-25T22:03:44Z" user="AYAGE" uid="521665" lat="34.0224634" lon="132.1574083"/>
 <node id="9910547850" visible="true" version="1" changeset="124070623" timestamp="2022-07-25T22:03:44Z" user="AYAGE" uid="521665" lat="34.0226279" lon="132.1575746"/>
 <node id="9910547851" visible="true" version="1" changeset="124070623" timestamp="2022-07-25T22:03:44Z" user="AYAGE" uid="521665" lat="34.0227257" lon="132.1578281"/>
 <node id="9910547852" visible="true" version="1" changeset="124070623" timestamp="2022-07-25T22:03:44Z" user="AYAGE" uid="521665" lat="34.0227724" lon="132.1578938"/>
 <node id="9910547853" visible="true" version="1" changeset="124070623" timestamp="2022-07-25T22:03:44Z" user="AYAGE" uid="521665" lat="34.0229569" lon="132.1580695"/>
 <node id="9910547854" visible="true" version="1" changeset="124070623" timestamp="2022-07-25T22:03:44Z" user="AYAGE" uid="521665" lat="34.0229347" lon="132.1582451"/>
 <node id="9910547855" visible="true" version="1" changeset="124070623" timestamp="2022-07-25T22:03:44Z" user="AYAGE" uid="521665" lat="34.0229636" lon="132.1583310"/>
 <node id="9910547856" visible="true" version="1" changeset="124070623" timestamp="2022-07-25T22:03:44Z" user="AYAGE" uid="521665" lat="34.0229980" lon="132.1584865"/>
 <node id="9910547857" visible="true" version="1" changeset="124070623" timestamp="2022-07-25T22:03:44Z" user="AYAGE" uid="521665" lat="34.0230080" lon="132.1586756"/>
 <node id="9910547858" visible="true" version="1" changeset="124070623" timestamp="2022-07-25T22:03:44Z" user="AYAGE" uid="521665" lat="34.0230414" lon="132.1589130"/>
 <node id="9910547859" visible="true" version="1" changeset="124070623" timestamp="2022-07-25T22:03:44Z" user="AYAGE" uid="521665" lat="34.0230436" lon="132.1590967"/>
 <node id="9910547860" visible="true" version="1" changeset="124070623" timestamp="2022-07-25T22:03:44Z" user="AYAGE" uid="521665" lat="34.0229969" lon="132.1592832"/>
 <node id="9910547861" visible="true" version="1" changeset="124070623" timestamp="2022-07-25T22:03:44Z" user="AYAGE" uid="521665" lat="34.0228835" lon="132.1594629"/>
 <node id="9910547862" visible="true" version="1" changeset="124070623" timestamp="2022-07-25T22:03:44Z" user="AYAGE" uid="521665" lat="34.0228491" lon="132.1596774"/>
 <node id="9910547863" visible="true" version="1" changeset="124070623" timestamp="2022-07-25T22:03:44Z" user="AYAGE" uid="521665" lat="34.0229013" lon="132.1598612"/>
 <node id="9910547864" visible="true" version="1" changeset="124070623" timestamp="2022-07-25T22:03:44Z" user="AYAGE" uid="521665" lat="34.0230414" lon="132.1599993"/>
 <node id="9910547865" visible="true" version="1" changeset="124070623" timestamp="2022-07-25T22:03:44Z" user="AYAGE" uid="521665" lat="34.0231025" lon="132.1598585"/>
 <node id="9910547866" visible="true" version="1" changeset="124070623" timestamp="2022-07-25T22:03:44Z" user="AYAGE" uid="521665" lat="34.0232714" lon="132.1598639"/>
 <node id="9910547867" visible="true" version="1" changeset="124070623" timestamp="2022-07-25T22:03:44Z" user="AYAGE" uid="521665" lat="34.0234537" lon="132.1600060"/>
 <node id="9910547868" visible="true" version="1" changeset="124070623" timestamp="2022-07-25T22:03:44Z" user="AYAGE" uid="521665" lat="34.0235371" lon="132.1600154"/>
 <node id="9910547869" visible="true" version="1" changeset="124070623" timestamp="2022-07-25T22:03:44Z" user="AYAGE" uid="521665" lat="34.0236460" lon="132.1601348"/>
 <node id="9910547870" visible="true" version="1" changeset="124070623" timestamp="2022-07-25T22:03:44Z" user="AYAGE" uid="521665" lat="34.0237005" lon="132.1602957"/>
 <node id="9910547871" visible="true" version="1" changeset="124070623" timestamp="2022-07-25T22:03:44Z" user="AYAGE" uid="521665" lat="34.0236960" lon="132.1606135"/>
 <node id="9910547872" visible="true" version="1" changeset="124070623" timestamp="2022-07-25T22:03:44Z" user="AYAGE" uid="521665" lat="34.0238194" lon="132.1606296"/>
 <node id="9910547873" visible="true" version="1" changeset="124070623" timestamp="2022-07-25T22:03:44Z" user="AYAGE" uid="521665" lat="34.0239039" lon="132.1605478"/>
 <node id="9910547874" visible="true" version="1" changeset="124070623" timestamp="2022-07-25T22:03:44Z" user="AYAGE" uid="521665" lat="34.0241707" lon="132.1606578"/>
 <node id="9910547875" visible="true" version="1" changeset="124070623" timestamp="2022-07-25T22:03:44Z" user="AYAGE" uid="521665" lat="34.0242729" lon="132.1608241"/>
 <node id="9910547876" visible="true" version="1" changeset="124070623" timestamp="2022-07-25T22:03:44Z" user="AYAGE" uid="521665" lat="34.0242818" lon="132.1610601"/>
 <node id="9910547877" visible="true" version="1" changeset="124070623" timestamp="2022-07-25T22:03:44Z" user="AYAGE" uid="521665" lat="34.0244396" lon="132.1612921"/>
 <node id="9910547878" visible="true" version="1" changeset="124070623" timestamp="2022-07-25T22:03:44Z" user="AYAGE" uid="521665" lat="34.0245408" lon="132.1613498"/>
 <node id="9910547879" visible="true" version="1" changeset="124070623" timestamp="2022-07-25T22:03:44Z" user="AYAGE" uid="521665" lat="34.0246864" lon="132.1615121"/>
 <node id="9910547880" visible="true" version="1" changeset="124070623" timestamp="2022-07-25T22:03:44Z" user="AYAGE" uid="521665" lat="34.0247264" lon="132.1616153"/>
 <node id="9910547881" visible="true" version="1" changeset="124070623" timestamp="2022-07-25T22:03:44Z" user="AYAGE" uid="521665" lat="34.0246330" lon="132.1617950"/>
 <node id="9910547882" visible="true" version="1" changeset="124070623" timestamp="2022-07-25T22:03:44Z" user="AYAGE" uid="521665" lat="34.0246797" lon="132.1619251"/>
 <node id="9910547883" visible="true" version="1" changeset="124070623" timestamp="2022-07-25T22:03:44Z" user="AYAGE" uid="521665" lat="34.0247742" lon="132.1619640"/>
 <node id="9910547884" visible="true" version="1" changeset="124070623" timestamp="2022-07-25T22:03:44Z" user="AYAGE" uid="521665" lat="34.0248965" lon="132.1619707"/>
 <node id="9910547885" visible="true" version="1" changeset="124070623" timestamp="2022-07-25T22:03:44Z" user="AYAGE" uid="521665" lat="34.0250921" lon="132.1622269"/>
 <node id="9910547886" visible="true" version="1" changeset="124070623" timestamp="2022-07-25T22:03:44Z" user="AYAGE" uid="521665" lat="34.0251944" lon="132.1623275"/>
 <node id="9910547887" visible="true" version="1" changeset="124070623" timestamp="2022-07-25T22:03:44Z" user="AYAGE" uid="521665" lat="34.0254111" lon="132.1622913"/>
 <node id="9910547888" visible="true" version="1" changeset="124070623" timestamp="2022-07-25T22:03:44Z" user="AYAGE" uid="521665" lat="34.0255845" lon="132.1622577"/>
 <node id="9910547889" visible="true" version="1" changeset="124070623" timestamp="2022-07-25T22:03:44Z" user="AYAGE" uid="521665" lat="34.0259168" lon="132.1623114"/>
 <node id="9910547890" visible="true" version="1" changeset="124070623" timestamp="2022-07-25T22:03:44Z" user="AYAGE" uid="521665" lat="34.0261080" lon="132.1623704"/>
 <node id="9910547891" visible="true" version="1" changeset="124070623" timestamp="2022-07-25T22:03:44Z" user="AYAGE" uid="521665" lat="34.0262881" lon="132.1626319"/>
 <node id="9910547892" visible="true" version="1" changeset="124070623" timestamp="2022-07-25T22:03:44Z" user="AYAGE" uid="521665" lat="34.0264637" lon="132.1629256"/>
 <node id="9910547893" visible="true" version="1" changeset="124070623" timestamp="2022-07-25T22:03:44Z" user="AYAGE" uid="521665" lat="34.0265581" lon="132.1629699"/>
 <node id="9910547894" visible="true" version="1" changeset="124070623" timestamp="2022-07-25T22:03:44Z" user="AYAGE" uid="521665" lat="34.0266560" lon="132.1628894"/>
 <node id="9910547895" visible="true" version="1" changeset="124070623" timestamp="2022-07-25T22:03:44Z" user="AYAGE" uid="521665" lat="34.0267704" lon="132.1626627"/>
 <node id="9913000194" visible="true" version="1" changeset="124106678" timestamp="2022-07-26T17:35:01Z" user="AYAGE" uid="521665" lat="34.0227546" lon="132.1585952"/>
 <node id="9913000195" visible="true" version="1" changeset="124106678" timestamp="2022-07-26T17:35:01Z" user="AYAGE" uid="521665" lat="34.0226179" lon="132.1583363"/>
 <node id="9913000196" visible="true" version="1" changeset="124106678" timestamp="2022-07-26T17:35:01Z" user="AYAGE" uid="521665" lat="34.0224956" lon="132.1582143"/>
 <node id="9913000801" visible="true" version="1" changeset="124106678" timestamp="2022-07-26T17:35:01Z" user="AYAGE" uid="521665" lat="34.0223694" lon="132.1542178"/>
 <node id="9913000802" visible="true" version="1" changeset="124106678" timestamp="2022-07-26T17:35:01Z" user="AYAGE" uid="521665" lat="34.0222166" lon="132.1542735"/>
 <node id="9913000803" visible="true" version="1" changeset="124106678" timestamp="2022-07-26T17:35:01Z" user="AYAGE" uid="521665" lat="34.0221088" lon="132.1543124"/>
 <node id="9913000804" visible="true" version="1" changeset="124106678" timestamp="2022-07-26T17:35:01Z" user="AYAGE" uid="521665" lat="34.0218442" lon="132.1544518"/>
 <node id="9913000805" visible="true" version="1" changeset="124106678" timestamp="2022-07-26T17:35:01Z" user="AYAGE" uid="521665" lat="34.0217364" lon="132.1544592"/>
 <node id="9913000806" visible="true" version="1" changeset="124106678" timestamp="2022-07-26T17:35:01Z" user="AYAGE" uid="521665" lat="34.0214146" lon="132.1546201"/>
 <node id="9913000807" visible="true" version="1" changeset="124106678" timestamp="2022-07-26T17:35:01Z" user="AYAGE" uid="521665" lat="34.0213402" lon="132.1546396"/>
 <node id="9913000808" visible="true" version="1" changeset="124106678" timestamp="2022-07-26T17:35:01Z" user="AYAGE" uid="521665" lat="34.0212112" lon="132.1546637"/>
 <node id="9913000809" visible="true" version="1" changeset="124106678" timestamp="2022-07-26T17:35:01Z" user="AYAGE" uid="521665" lat="34.0211206" lon="132.1546912"/>
 <node id="9913000810" visible="true" version="1" changeset="124106678" timestamp="2022-07-26T17:35:01Z" user="AYAGE" uid="521665" lat="34.0208088" lon="132.1549615"/>
 <node id="9913000811" visible="true" version="1" changeset="124106678" timestamp="2022-07-26T17:35:01Z" user="AYAGE" uid="521665" lat="34.0208905" lon="132.1548535"/>
 <node id="9913000812" visible="true" version="1" changeset="124106678" timestamp="2022-07-26T17:35:01Z" user="AYAGE" uid="521665" lat="34.0201186" lon="132.1555267"/>
 <node id="9913000813" visible="true" version="1" changeset="124106678" timestamp="2022-07-26T17:35:01Z" user="AYAGE" uid="521665" lat="34.0204387" lon="132.1551137"/>
 <node id="9913000814" visible="true" version="1" changeset="124106678" timestamp="2022-07-26T17:35:01Z" user="AYAGE" uid="521665" lat="34.0205143" lon="132.1550962"/>
 <node id="9913000815" visible="true" version="1" changeset="124106678" timestamp="2022-07-26T17:35:01Z" user="AYAGE" uid="521665" lat="34.0204870" lon="132.1547268"/>
 <node id="9913000816" visible="true" version="1" changeset="124106678" timestamp="2022-07-26T17:35:01Z" user="AYAGE" uid="521665" lat="34.0218453" lon="132.1531013"/>
 <node id="9913000817" visible="true" version="1" changeset="124106678" timestamp="2022-07-26T17:35:01Z" user="AYAGE" uid="521665" lat="34.0218465" lon="132.1508476"/>
 <node id="9913000818" visible="true" version="1" changeset="124106678" timestamp="2022-07-26T17:35:01Z" user="AYAGE" uid="521665" lat="34.0198534" lon="132.1536861"/>
 <node id="9913000819" visible="true" version="1" changeset="124106678" timestamp="2022-07-26T17:35:01Z" user="AYAGE" uid="521665" lat="34.0199224" lon="132.1537102"/>
 <node id="9913000820" visible="true" version="1" changeset="124106678" timestamp="2022-07-26T17:35:01Z" user="AYAGE" uid="521665" lat="34.0200541" lon="132.1537216"/>
 <node id="9913000821" visible="true" version="1" changeset="124106678" timestamp="2022-07-26T17:35:01Z" user="AYAGE" uid="521665" lat="34.0201024" lon="132.1536592"/>
 <node id="9913000822" visible="true" version="1" changeset="124106678" timestamp="2022-07-26T17:35:01Z" user="AYAGE" uid="521665" lat="34.0202097" lon="132.1535895"/>
 <node id="9913000823" visible="true" version="1" changeset="124106678" timestamp="2022-07-26T17:35:01Z" user="AYAGE" uid="521665" lat="34.0203225" lon="132.1536163"/>
 <node id="9913000824" visible="true" version="1" changeset="124106678" timestamp="2022-07-26T17:35:01Z" user="AYAGE" uid="521665" lat="34.0203659" lon="132.1535949"/>
 <node id="9913000825" visible="true" version="1" changeset="124106678" timestamp="2022-07-26T17:35:01Z" user="AYAGE" uid="521665" lat="34.0203842" lon="132.1533421"/>
 <node id="9913000826" visible="true" version="1" changeset="124106678" timestamp="2022-07-26T17:35:01Z" user="AYAGE" uid="521665" lat="34.0203842" lon="132.1532026"/>
 <node id="9913000827" visible="true" version="1" changeset="124106678" timestamp="2022-07-26T17:35:01Z" user="AYAGE" uid="521665" lat="34.0204209" lon="132.1529766"/>
 <node id="9913000828" visible="true" version="1" changeset="124106678" timestamp="2022-07-26T17:35:01Z" user="AYAGE" uid="521665" lat="34.0205487" lon="132.1526789"/>
 <node id="9913000829" visible="true" version="1" changeset="124106678" timestamp="2022-07-26T17:35:01Z" user="AYAGE" uid="521665" lat="34.0207155" lon="132.1526232"/>
 <node id="9913000830" visible="true" version="1" changeset="124106678" timestamp="2022-07-26T17:35:01Z" user="AYAGE" uid="521665" lat="34.0207888" lon="132.1526487"/>
 <node id="9913000831" visible="true" version="1" changeset="124106678" timestamp="2022-07-26T17:35:01Z" user="AYAGE" uid="521665" lat="34.0209172" lon="132.1526320"/>
 <node id="9913000832" visible="true" version="1" changeset="124106678" timestamp="2022-07-26T17:35:01Z" user="AYAGE" uid="521665" lat="34.0209411" lon="132.1525843"/>
 <node id="9913000833" visible="true" version="1" changeset="124106678" timestamp="2022-07-26T17:35:01Z" user="AYAGE" uid="521665" lat="34.0209900" lon="132.1525294"/>
 <node id="9913000834" visible="true" version="1" changeset="124106678" timestamp="2022-07-26T17:35:01Z" user="AYAGE" uid="521665" lat="34.0211718" lon="132.1525334"/>
 <node id="9913000835" visible="true" version="1" changeset="124106678" timestamp="2022-07-26T17:35:01Z" user="AYAGE" uid="521665" lat="34.0214246" lon="132.1524972"/>
 <node id="9913000836" visible="true" version="1" changeset="124106678" timestamp="2022-07-26T17:35:01Z" user="AYAGE" uid="521665" lat="34.0215013" lon="132.1523175"/>
 <node id="9913000837" visible="true" version="1" changeset="124106678" timestamp="2022-07-26T17:35:01Z" user="AYAGE" uid="521665" lat="34.0214174" lon="132.1516603"/>
 <node id="9913000838" visible="true" version="1" changeset="124106678" timestamp="2022-07-26T17:35:01Z" user="AYAGE" uid="521665" lat="34.0214252" lon="132.1517549"/>
 <node id="9913000839" visible="true" version="1" changeset="124106678" timestamp="2022-07-26T17:35:01Z" user="AYAGE" uid="521665" lat="34.0214619" lon="132.1519272"/>
 <node id="9913000840" visible="true" version="1" changeset="124106678" timestamp="2022-07-26T17:35:01Z" user="AYAGE" uid="521665" lat="34.0232399" lon="132.1505454"/>
 <node id="9913000841" visible="true" version="1" changeset="124106678" timestamp="2022-07-26T17:35:01Z" user="AYAGE" uid="521665" lat="34.0232225" lon="132.1505177"/>
 <node id="9913000842" visible="true" version="1" changeset="124106678" timestamp="2022-07-26T17:35:01Z" user="AYAGE" uid="521665" lat="34.0231592" lon="132.1505190"/>
 <node id="9913000843" visible="true" version="1" changeset="124106678" timestamp="2022-07-26T17:35:01Z" user="AYAGE" uid="521665" lat="34.0229380" lon="132.1505687"/>
 <node id="9913000844" visible="true" version="1" changeset="124106678" timestamp="2022-07-26T17:35:01Z" user="AYAGE" uid="521665" lat="34.0228102" lon="132.1506008"/>
 <node id="9913000845" visible="true" version="1" changeset="124106678" timestamp="2022-07-26T17:35:01Z" user="AYAGE" uid="521665" lat="34.0227035" lon="132.1506384"/>
 <node id="9913000846" visible="true" version="1" changeset="124106678" timestamp="2022-07-26T17:35:01Z" user="AYAGE" uid="521665" lat="34.0225289" lon="132.1506639"/>
 <node id="9913000847" visible="true" version="1" changeset="124106678" timestamp="2022-07-26T17:35:01Z" user="AYAGE" uid="521665" lat="34.0222277" lon="132.1506438"/>
 <node id="9913000848" visible="true" version="1" changeset="124106678" timestamp="2022-07-26T17:35:01Z" user="AYAGE" uid="521665" lat="34.0219582" lon="132.1507591"/>
 <node id="9913000849" visible="true" version="1" changeset="124106678" timestamp="2022-07-26T17:35:01Z" user="AYAGE" uid="521665" lat="34.0220871" lon="132.1506377"/>
 <node id="9913000850" visible="true" version="1" changeset="124106678" timestamp="2022-07-26T17:35:01Z" user="AYAGE" uid="521665" lat="34.0220010" lon="132.1506384"/>
 <node id="9913000851" visible="true" version="1" changeset="124106678" timestamp="2022-07-26T17:35:01Z" user="AYAGE" uid="521665" lat="34.0219276" lon="132.1506733"/>
 <node id="9913000852" visible="true" version="1" changeset="124106678" timestamp="2022-07-26T17:35:01Z" user="AYAGE" uid="521665" lat="34.0217731" lon="132.1506384"/>
 <node id="9913000853" visible="true" version="1" changeset="124106678" timestamp="2022-07-26T17:35:01Z" user="AYAGE" uid="521665" lat="34.0217020" lon="132.1505633"/>
 <node id="9913000854" visible="true" version="1" changeset="124106678" timestamp="2022-07-26T17:35:01Z" user="AYAGE" uid="521665" lat="34.0216375" lon="132.1505593"/>
 <node id="9913000855" visible="true" version="1" changeset="124106678" timestamp="2022-07-26T17:35:01Z" user="AYAGE" uid="521665" lat="34.0215463" lon="132.1505807"/>
 <node id="9913000856" visible="true" version="1" changeset="124106678" timestamp="2022-07-26T17:35:01Z" user="AYAGE" uid="521665" lat="34.0213507" lon="132.1506786"/>
 <node id="9913000857" visible="true" version="1" changeset="124106678" timestamp="2022-07-26T17:35:01Z" user="AYAGE" uid="521665" lat="34.0212862" lon="132.1506599"/>
 <node id="9913496827" visible="true" version="1" changeset="124115922" timestamp="2022-07-26T23:20:17Z" user="AYAGE" uid="521665" lat="34.0184812" lon="132.1559304"/>
 <node id="9913496828" visible="true" version="1" changeset="124115922" timestamp="2022-07-26T23:20:17Z" user="AYAGE" uid="521665" lat="34.0186007" lon="132.1558533"/>
 <node id="9913496829" visible="true" version="1" changeset="124115922" timestamp="2022-07-26T23:20:17Z" user="AYAGE" uid="521665" lat="34.0185190" lon="132.1560954"/>
 <node id="9913496830" visible="true" version="1" changeset="124115922" timestamp="2022-07-26T23:20:17Z" user="AYAGE" uid="521665" lat="34.0185351" lon="132.1562389"/>
 <node id="9913496831" visible="true" version="1" changeset="124115922" timestamp="2022-07-26T23:20:17Z" user="AYAGE" uid="521665" lat="34.0185296" lon="132.1563220"/>
 <node id="9913496832" visible="true" version="1" changeset="124115922" timestamp="2022-07-26T23:20:17Z" user="AYAGE" uid="521665" lat="34.0183145" lon="132.1565305"/>
 <node id="9913496833" visible="true" version="1" changeset="124115922" timestamp="2022-07-26T23:20:17Z" user="AYAGE" uid="521665" lat="34.0182506" lon="132.1569429"/>
 <node id="9913664760" visible="true" version="1" changeset="124118896" timestamp="2022-07-27T04:02:14Z" user="AYAGE" uid="521665" lat="34.0161685" lon="132.1515222"/>
 <node id="9913664761" visible="true" version="1" changeset="124118896" timestamp="2022-07-27T04:02:14Z" user="AYAGE" uid="521665" lat="34.0164414" lon="132.1516737"/>
 <node id="9913664762" visible="true" version="1" changeset="124118896" timestamp="2022-07-27T04:02:14Z" user="AYAGE" uid="521665" lat="34.0166387" lon="132.1517535"/>
 <node id="9913664763" visible="true" version="1" changeset="124118896" timestamp="2022-07-27T04:02:14Z" user="AYAGE" uid="521665" lat="34.0167332" lon="132.1517830"/>
 <node id="9913664764" visible="true" version="1" changeset="124118896" timestamp="2022-07-27T04:02:14Z" user="AYAGE" uid="521665" lat="34.0165304" lon="132.1515879"/>
 <node id="9913664765" visible="true" version="1" changeset="124118896" timestamp="2022-07-27T04:02:14Z" user="AYAGE" uid="521665" lat="34.0166382" lon="132.1516563"/>
 <node id="9913664766" visible="true" version="1" changeset="124118896" timestamp="2022-07-27T04:02:14Z" user="AYAGE" uid="521665" lat="34.0167983" lon="132.1517140"/>
 <node id="9913664770" visible="true" version="1" changeset="124118896" timestamp="2022-07-27T04:02:14Z" user="AYAGE" uid="521665" lat="34.0176436" lon="132.1603051"/>
 <node id="9913664771" visible="true" version="1" changeset="124118896" timestamp="2022-07-27T04:02:14Z" user="AYAGE" uid="521665" lat="34.0176609" lon="132.1595413"/>
 <node id="9913664772" visible="true" version="1" changeset="124118896" timestamp="2022-07-27T04:02:14Z" user="AYAGE" uid="521665" lat="34.0177259" lon="132.1592731"/>
 <node id="9913664773" visible="true" version="1" changeset="124118896" timestamp="2022-07-27T04:02:14Z" user="AYAGE" uid="521665" lat="34.0176692" lon="132.1591276"/>
 <node id="9913664774" visible="true" version="1" changeset="124118896" timestamp="2022-07-27T04:02:14Z" user="AYAGE" uid="521665" lat="34.0176403" lon="132.1590223"/>
 <node id="9913664775" visible="true" version="1" changeset="124118896" timestamp="2022-07-27T04:02:14Z" user="AYAGE" uid="521665" lat="34.0179415" lon="132.1579025"/>
 <node id="9913664776" visible="true" version="1" changeset="124118896" timestamp="2022-07-27T04:02:14Z" user="AYAGE" uid="521665" lat="34.0179510" lon="132.1577878"/>
 <node id="9913737840" visible="true" version="1" changeset="124120785" timestamp="2022-07-27T05:22:13Z" user="AYAGE" uid="521665" lat="34.0155738" lon="132.1589103"/>
 <node id="9913737841" visible="true" version="1" changeset="124120785" timestamp="2022-07-27T05:22:13Z" user="AYAGE" uid="521665" lat="34.0167121" lon="132.1583042"/>
 <node id="9915099396" visible="true" version="1" changeset="124148341" timestamp="2022-07-27T16:07:11Z" user="AYAGE" uid="521665" lat="34.0165465" lon="132.1659324"/>
 <node id="9915099397" visible="true" version="1" changeset="124148341" timestamp="2022-07-27T16:07:11Z" user="AYAGE" uid="521665" lat="34.0165859" lon="132.1658043"/>
 <node id="9915099398" visible="true" version="1" changeset="124148341" timestamp="2022-07-27T16:07:11Z" user="AYAGE" uid="521665" lat="34.0165948" lon="132.1657198"/>
 <node id="9915099399" visible="true" version="1" changeset="124148341" timestamp="2022-07-27T16:07:11Z" user="AYAGE" uid="521665" lat="34.0165743" lon="132.1656346"/>
 <node id="9915099400" visible="true" version="1" changeset="124148341" timestamp="2022-07-27T16:07:11Z" user="AYAGE" uid="521665" lat="34.0165737" lon="132.1655508"/>
 <node id="9915099401" visible="true" version="1" changeset="124148341" timestamp="2022-07-27T16:07:11Z" user="AYAGE" uid="521665" lat="34.0166021" lon="132.1654777"/>
 <node id="9915099402" visible="true" version="1" changeset="124148341" timestamp="2022-07-27T16:07:11Z" user="AYAGE" uid="521665" lat="34.0167744" lon="132.1652906"/>
 <node id="9915099403" visible="true" version="1" changeset="124148341" timestamp="2022-07-27T16:07:11Z" user="AYAGE" uid="521665" lat="34.0168144" lon="132.1652075"/>
 <node id="9915099404" visible="true" version="1" changeset="124148341" timestamp="2022-07-27T16:07:11Z" user="AYAGE" uid="521665" lat="34.0168360" lon="132.1651176"/>
 <node id="9915099405" visible="true" version="1" changeset="124148341" timestamp="2022-07-27T16:07:11Z" user="AYAGE" uid="521665" lat="34.0168394" lon="132.1649507"/>
 <node id="9915099406" visible="true" version="1" changeset="124148341" timestamp="2022-07-27T16:07:11Z" user="AYAGE" uid="521665" lat="34.0168544" lon="132.1648333"/>
 <node id="9915099407" visible="true" version="1" changeset="124148341" timestamp="2022-07-27T16:07:11Z" user="AYAGE" uid="521665" lat="34.0168627" lon="132.1647797"/>
 <node id="9915099408" visible="true" version="1" changeset="124148341" timestamp="2022-07-27T16:07:11Z" user="AYAGE" uid="521665" lat="34.0168983" lon="132.1646818"/>
 <node id="9915099409" visible="true" version="1" changeset="124148341" timestamp="2022-07-27T16:07:11Z" user="AYAGE" uid="521665" lat="34.0169294" lon="132.1646328"/>
 <node id="9915099410" visible="true" version="1" changeset="124148341" timestamp="2022-07-27T16:07:11Z" user="AYAGE" uid="521665" lat="34.0169647" lon="132.1644927"/>
 <node id="9915099411" visible="true" version="1" changeset="124148341" timestamp="2022-07-27T16:07:11Z" user="AYAGE" uid="521665" lat="34.0169906" lon="132.1644028"/>
 <node id="9915099412" visible="true" version="1" changeset="124148341" timestamp="2022-07-27T16:07:11Z" user="AYAGE" uid="521665" lat="34.0170286" lon="132.1643297"/>
 <node id="9915099413" visible="true" version="1" changeset="124148341" timestamp="2022-07-27T16:07:11Z" user="AYAGE" uid="521665" lat="34.0169455" lon="132.1640253"/>
 <node id="9915099414" visible="true" version="1" changeset="124148341" timestamp="2022-07-27T16:07:11Z" user="AYAGE" uid="521665" lat="34.0169567" lon="132.1639448"/>
 <node id="9915099415" visible="true" version="1" changeset="124148341" timestamp="2022-07-27T16:07:11Z" user="AYAGE" uid="521665" lat="34.0169411" lon="132.1637464"/>
 <node id="9915099416" visible="true" version="1" changeset="124148341" timestamp="2022-07-27T16:07:11Z" user="AYAGE" uid="521665" lat="34.0169933" lon="132.1630503"/>
 <way id="60298669" visible="true" version="4" changeset="124398914" timestamp="2022-08-02T16:06:11Z" user="AYAGE" uid="521665">
  <nd ref="748901860"/>
  <nd ref="749267764"/>
  <nd ref="749745861"/>
  <nd ref="749054760"/>
  <nd ref="749453776"/>
  <nd ref="749885058"/>
  <nd ref="749231971"/>
  <nd ref="749314258"/>
  <nd ref="749789169"/>
  <nd ref="749092066"/>
  <nd ref="749550622"/>
  <nd ref="748916667"/>
  <nd ref="749295472"/>
  <nd ref="749773447"/>
  <nd ref="749074437"/>
  <nd ref="749391673"/>
  <nd ref="9908263122"/>
  <nd ref="749821946"/>
  <nd ref="749167304"/>
  <nd ref="749618526"/>
  <nd ref="748963522"/>
  <nd ref="749351580"/>
  <nd ref="749807156"/>
  <nd ref="749131097"/>
  <nd ref="749239298"/>
  <nd ref="749707603"/>
  <tag k="name" v="由宇川"/>
  <tag k="name:ja" v="由宇川"/>
  <tag k="note" v="National-Land Numerical Information (River) 2006, MLIT Japan"/>
  <tag k="note:ja" v="国土数値情報(河川データ)平成18年国土交通省"/>
  <tag k="source" v="KSJ2"/>
  <tag k="source_ref" v="http://nlftp.mlit.go.jp/ksj/jpgis/datalist/KsjTmplt-W05.html"/>
  <tag k="waterway" v="river"/>
 </way>
 <way id="60301678" visible="true" version="2" changeset="124398914" timestamp="2022-08-02T16:06:11Z" user="AYAGE" uid="521665">
  <nd ref="749815362"/>
  <nd ref="749154156"/>
  <nd ref="749603346"/>
  <nd ref="748953792"/>
  <nd ref="749338948"/>
  <nd ref="749802438"/>
  <nd ref="749118269"/>
  <nd ref="749226652"/>
  <nd ref="749693672"/>
  <nd ref="749011584"/>
  <nd ref="748901860"/>
  <tag k="name" v="由宇川"/>
  <tag k="name:ja" v="由宇川"/>
  <tag k="note" v="National-Land Numerical Information (River) 2006, MLIT Japan"/>
  <tag k="note:ja" v="国土数値情報(河川データ)平成18年国土交通省"/>
  <tag k="source" v="KSJ2"/>
  <tag k="source_ref" v="http://nlftp.mlit.go.jp/ksj/jpgis/datalist/KsjTmplt-W05.html"/>
  <tag k="waterway" v="river"/>
 </way>
 <way id="60307792" visible="true" version="6" changeset="124398914" timestamp="2022-08-02T16:06:11Z" user="AYAGE" uid="521665">
  <nd ref="9915099396"/>
  <nd ref="9915099397"/>
  <nd ref="9915099398"/>
  <nd ref="9915099399"/>
  <nd ref="9915099400"/>
  <nd ref="9915099401"/>
  <nd ref="9915099402"/>
  <nd ref="9915099403"/>
  <nd ref="9915099404"/>
  <nd ref="9915099405"/>
  <nd ref="9915099406"/>
  <nd ref="9915099407"/>
  <nd ref="9915099408"/>
  <nd ref="9915099409"/>
  <nd ref="9915099410"/>
  <nd ref="9915099411"/>
  <nd ref="9915099412"/>
  <nd ref="748927567"/>
  <nd ref="749309430"/>
  <nd ref="9915099413"/>
  <nd ref="9915099414"/>
  <nd ref="749786015"/>
  <nd ref="9915099415"/>
  <nd ref="749086405"/>
  <nd ref="749544710"/>
  <nd ref="748912340"/>
  <nd ref="9915099416"/>
  <nd ref="749804388"/>
  <nd ref="749123475"/>
  <nd ref="749579661"/>
  <nd ref="748935197"/>
  <nd ref="749318850"/>
  <nd ref="749793408"/>
  <nd ref="749097913"/>
  <nd ref="749556124"/>
  <nd ref="749654348"/>
  <nd ref="748983961"/>
  <nd ref="749384941"/>
  <nd ref="749817165"/>
  <nd ref="9913664770"/>
  <nd ref="749160265"/>
  <nd ref="749610083"/>
  <nd ref="9913664771"/>
  <nd ref="748957986"/>
  <nd ref="9913664772"/>
  <nd ref="9913664773"/>
  <nd ref="9913664774"/>
  <nd ref="749344594"/>
  <nd ref="749454514"/>
  <nd ref="749885675"/>
  <nd ref="749232690"/>
  <nd ref="749700234"/>
  <nd ref="749018710"/>
  <nd ref="9913664775"/>
  <nd ref="9913664776"/>
  <nd ref="749414984"/>
  <nd ref="749850718"/>
  <nd ref="9913496833"/>
  <nd ref="749196801"/>
  <nd ref="749296426"/>
  <nd ref="749773828"/>
  <nd ref="9913496832"/>
  <nd ref="749074700"/>
  <nd ref="9913496831"/>
  <nd ref="9913496830"/>
  <nd ref="9913496829"/>
  <nd ref="749507247"/>
  <nd ref="9913496827"/>
  <nd ref="748902390"/>
  <nd ref="9913496828"/>
  <nd ref="749268316"/>
  <nd ref="749746775"/>
  <nd ref="749055489"/>
  <nd ref="749352435"/>
  <nd ref="749807539"/>
  <nd ref="749131666"/>
  <nd ref="749584970"/>
  <nd ref="748901860"/>
  <tag k="name" v="甘川"/>
  <tag k="name:ja" v="甘川"/>
  <tag k="note" v="National-Land Numerical Information (River) 2006, MLIT Japan"/>
  <tag k="note:ja" v="国土数値情報(河川データ)平成18年国土交通省"/>
  <tag k="source" v="KSJ2"/>
  <tag k="source_ref" v="http://nlftp.mlit.go.jp/ksj/jpgis/datalist/KsjTmplt-W05.html"/>
  <tag k="waterway" v="stream"/>
 </way>
 <way id="113561630" visible="true" version="3" changeset="124106678" timestamp="2022-07-26T17:35:01Z" user="AYAGE" uid="521665">
  <nd ref="1287651622"/>
  <nd ref="9913000811"/>
  <nd ref="1287653167"/>
  <nd ref="9913000809"/>
  <nd ref="9913000808"/>
  <nd ref="9913000807"/>
  <nd ref="9913000806"/>
  <nd ref="1287638966"/>
  <nd ref="9913000805"/>
  <nd ref="9913000804"/>
  <nd ref="1287635716"/>
  <nd ref="9913000803"/>
  <nd ref="9913000802"/>
  <nd ref="9913000801"/>
  <nd ref="1287640712"/>
  <nd ref="1287637640"/>
  <nd ref="1287649683"/>
  <nd ref="1287644668"/>
  <nd ref="1287651205"/>
  <nd ref="9910547424"/>
  <nd ref="1287648149"/>
  <nd ref="1287634106"/>
  <nd ref="9910547423"/>
  <nd ref="1287654777"/>
  <nd ref="1287633812"/>
  <nd ref="1287654242"/>
  <nd ref="1287640451"/>
  <nd ref="1287649574"/>
  <tag k="highway" v="unclassified"/>
  <tag k="source" v="YahooJapan/ALPSMAP"/>
 </way>
 <way id="113561643" visible="true" version="2" changeset="124106678" timestamp="2022-07-26T17:35:01Z" user="AYAGE" uid="521665">
  <nd ref="1287650197"/>
  <nd ref="9913000813"/>
  <nd ref="9913000814"/>
  <nd ref="9913000810"/>
  <nd ref="1287651622"/>
  <tag k="highway" v="unclassified"/>
  <tag k="source" v="YahooJapan/ALPSMAP"/>
 </way>
 <way id="113561657" visible="true" version="4" changeset="171161423" timestamp="2025-08-29T02:47:27Z" user="taketaketake" uid="4757277">
  <nd ref="366494178"/>
  <nd ref="1287650336"/>
  <nd ref="1287653772"/>
  <nd ref="1287641636"/>
  <nd ref="1287646328"/>
  <nd ref="1287639656"/>
  <nd ref="1287643302"/>
  <nd ref="1287633265"/>
  <nd ref="1287642144"/>
  <nd ref="1287636670"/>
  <nd ref="9908263126"/>
  <nd ref="1287640424"/>
  <nd ref="1287654213"/>
  <nd ref="1287633784"/>
  <nd ref="1336528881"/>
  <nd ref="1336539979"/>
  <nd ref="9908263127"/>
  <nd ref="1336523446"/>
  <nd ref="1336529648"/>
  <nd ref="1336539684"/>
  <nd ref="1336538068"/>
  <nd ref="1336529353"/>
  <nd ref="9908263131"/>
  <nd ref="1336531534"/>
  <nd ref="1336550301"/>
  <nd ref="1336540948"/>
  <nd ref="1336523385"/>
  <nd ref="1336520299"/>
  <nd ref="1336523207"/>
  <nd ref="1336542893"/>
  <nd ref="1336537295"/>
  <nd ref="1336537703"/>
  <nd ref="1336523023"/>
  <nd ref="1336523175"/>
  <nd ref="1336529172"/>
  <nd ref="1336537877"/>
  <nd ref="1336522355"/>
  <nd ref="1336538440"/>
  <nd ref="9908263132"/>
  <nd ref="1336547729"/>
  <nd ref="1336520618"/>
  <nd ref="1336521126"/>
  <nd ref="1336549455"/>
  <nd ref="1336539341"/>
  <nd ref="1336522162"/>
  <nd ref="1336521295"/>
  <nd ref="1336538032"/>
  <nd ref="1336542027"/>
  <nd ref="1336528895"/>
  <nd ref="1336522821"/>
  <nd ref="1336537724"/>
  <nd ref="1336538140"/>
  <nd ref="1336522043"/>
  <nd ref="2414455996"/>
  <nd ref="1336527575"/>
  <tag k="highway" v="secondary"/>
  <tag k="lanes" v="1"/>
  <tag k="name" v="柳井由宇線"/>
  <tag k="name:en" v="Yanai Yu Line"/>
  <tag k="name:ja" v="柳井由宇線"/>
  <tag k="name:ja-Hira" v="やないゆうせん"/>
  <tag k="name:ja_rm" v="Yanai Yuu-sen"/>
  <tag k="ref" v="149"/>
  <tag k="source" v="YahooJapan/ALPSMAP;Bing"/>
  <tag k="surface" v="asphalt"/>
  <tag k="wikidata" v="Q11467151"/>
  <tag k="wikipedia" v="ja:山口県道149号柳井由宇線"/>
 </way>
 <way id="113561762" visible="true" version="5" changeset="170598422" timestamp="2025-08-18T06:55:17Z" user="taketaketake" uid="4757277">
  <nd ref="1287638476"/>
  <nd ref="1287641775"/>
  <nd ref="1287655706"/>
  <nd ref="1287635256"/>
  <nd ref="1287653934"/>
  <nd ref="1287633520"/>
  <nd ref="1287646649"/>
  <nd ref="1287650496"/>
  <nd ref="1287643578"/>
  <nd ref="9910506890"/>
  <nd ref="1287649024"/>
  <nd ref="1287636398"/>
  <nd ref="1287640026"/>
  <nd ref="1287638384"/>
  <nd ref="1287646049"/>
  <nd ref="9910506889"/>
  <nd ref="1287650203"/>
  <nd ref="1287638251"/>
  <nd ref="1287641158"/>
  <nd ref="1287638514"/>
  <nd ref="9910506888"/>
  <nd ref="1287651622"/>
  <nd ref="2414455920"/>
  <nd ref="1287636265"/>
  <nd ref="1287655313"/>
  <nd ref="2414455921"/>
  <nd ref="9910506887"/>
  <nd ref="1287634818"/>
  <nd ref="366494178"/>
  <tag k="highway" v="primary"/>
  <tag k="lanes" v="1"/>
  <tag k="name" v="光日積線"/>
  <tag k="name:en" v="Hikari Hizumi Line"/>
  <tag k="name:ja" v="光日積線"/>
  <tag k="name:ja-Hira" v="ひかりひづみせん"/>
  <tag k="name:ja_rm" v="Hikari Hidzumi-sen"/>
  <tag k="ref" v="68;149"/>
  <tag k="source" v="YahooJapan/ALPSMAP;Bing"/>
  <tag k="surface" v="asphalt"/>
  <tag k="wikidata" v="Q11467364"/>
  <tag k="wikipedia" v="ja:山口県道68号光日積線"/>
 </way>
 <way id="113562164" visible="true" version="1" changeset="8161428" timestamp="2011-05-16T11:43:00Z" user="yamasan" uid="32308">
  <nd ref="1287653435"/>
  <nd ref="1287634621"/>
  <tag k="bridge" v="yes"/>
  <tag k="highway" v="unclassified"/>
  <tag k="layer" v="1"/>
  <tag k="source" v="YahooJapan/ALPSMAP"/>
  <tag k="yh:STRUCTURE" v="橋"/>
  <tag k="yh:TOTYUMONO" v="供用中"/>
  <tag k="yh:TYPE" v="その他一般道"/>
  <tag k="yh:WIDTH" v="3.0m〜5.5m"/>
  <tag k="yh:WIDTH_RANK" v="3"/>
 </way>
 <way id="113562493" visible="true" version="2" changeset="124106678" timestamp="2022-07-26T17:35:01Z" user="AYAGE" uid="521665">
  <nd ref="1287650197"/>
  <nd ref="1287636129"/>
  <nd ref="1287632990"/>
  <nd ref="9913000815"/>
  <nd ref="1287635850"/>
  <nd ref="1287638514"/>
  <tag k="highway" v="tertiary"/>
  <tag k="source" v="YahooJapan/ALPSMAP"/>
 </way>
 <way id="113562550" visible="true" version="2" changeset="124106678" timestamp="2022-07-26T17:35:01Z" user="AYAGE" uid="521665">
  <nd ref="1287638384"/>
  <nd ref="9913000818"/>
  <nd ref="9913000819"/>
  <nd ref="1287651768"/>
  <nd ref="9913000820"/>
  <nd ref="9913000821"/>
  <nd ref="1287649034"/>
  <nd ref="9913000822"/>
  <nd ref="1287653944"/>
  <nd ref="9913000823"/>
  <nd ref="9913000824"/>
  <nd ref="1287650506"/>
  <nd ref="9913000825"/>
  <nd ref="9913000826"/>
  <nd ref="9913000827"/>
  <nd ref="1287636408"/>
  <nd ref="1287633530"/>
  <nd ref="1287638524"/>
  <nd ref="9913000828"/>
  <nd ref="1287635273"/>
  <nd ref="9913000829"/>
  <nd ref="9913000830"/>
  <nd ref="1287646682"/>
  <nd ref="9913000831"/>
  <nd ref="9913000832"/>
  <nd ref="9913000833"/>
  <nd ref="1287641785"/>
  <nd ref="9913000834"/>
  <nd ref="1287651049"/>
  <nd ref="9913000835"/>
  <nd ref="1287647430"/>
  <nd ref="1287633937"/>
  <nd ref="9913000836"/>
  <nd ref="1287654502"/>
  <nd ref="9913000839"/>
  <nd ref="9913000838"/>
  <nd ref="9913000837"/>
  <nd ref="1287635697"/>
  <nd ref="1287656243"/>
  <nd ref="1287642316"/>
  <nd ref="1287638940"/>
  <nd ref="1287644608"/>
  <nd ref="1287640694"/>
  <nd ref="1287653148"/>
  <nd ref="9913000857"/>
  <nd ref="9913000856"/>
  <nd ref="1287649665"/>
  <nd ref="9913000855"/>
  <nd ref="9913000854"/>
  <nd ref="9913000853"/>
  <nd ref="9913000852"/>
  <nd ref="1287654758"/>
  <nd ref="9913000851"/>
  <nd ref="9913000850"/>
  <nd ref="9913000849"/>
  <nd ref="9913000847"/>
  <nd ref="9913000846"/>
  <nd ref="9913000845"/>
  <nd ref="9913000844"/>
  <nd ref="9913000843"/>
  <nd ref="9913000842"/>
  <nd ref="9913000841"/>
  <nd ref="9913000840"/>
  <tag k="highway" v="residential"/>
  <tag k="source" v="YahooJapan/ALPSMAP"/>
 </way>
 <way id="113562636" visible="true" version="2" changeset="124106678" timestamp="2022-07-26T17:35:01Z" user="AYAGE" uid="521665">
  <nd ref="1287638514"/>
  <nd ref="1287645797"/>
  <nd ref="1287641039"/>
  <nd ref="9913000816"/>
  <nd ref="1287648621"/>
  <nd ref="1287643077"/>
  <nd ref="1287655111"/>
  <nd ref="1287651519"/>
  <nd ref="1287633058"/>
  <nd ref="1287639459"/>
  <nd ref="1287636163"/>
  <nd ref="1287643888"/>
  <nd ref="1287640293"/>
  <nd ref="9913000817"/>
  <nd ref="9913000848"/>
  <nd ref="1287651185"/>
  <tag k="highway" v="tertiary"/>
  <tag k="source" v="YahooJapan/ALPSMAP"/>
 </way>
 <way id="113563061" visible="true" version="3" changeset="124106678" timestamp="2022-07-26T17:35:01Z" user="AYAGE" uid="521665">
  <nd ref="1287634621"/>
  <nd ref="9913000812"/>
  <nd ref="1287653569"/>
  <nd ref="9910547154"/>
  <nd ref="9910547155"/>
  <nd ref="1287650197"/>
  <tag k="highway" v="unclassified"/>
  <tag k="source" v="YahooJapan/ALPSMAP"/>
 </way>
 <way id="113563185" visible="true" version="3" changeset="124023779" timestamp="2022-07-24T20:32:21Z" user="AYAGE" uid="521665">
  <nd ref="1287655077"/>
  <nd ref="2414455916"/>
  <nd ref="1287640976"/>
  <nd ref="1287637967"/>
  <nd ref="9908263124"/>
  <nd ref="1287653435"/>
  <tag k="highway" v="unclassified"/>
  <tag k="source" v="YahooJapan/ALPSMAP"/>
 </way>
 <way id="118902506" visible="true" version="7" changeset="170598422" timestamp="2025-08-18T06:55:17Z" user="taketaketake" uid="4757277">
  <nd ref="1336539725"/>
  <nd ref="366494168"/>
  <nd ref="366494169"/>
  <nd ref="2414455959"/>
  <nd ref="366494170"/>
  <nd ref="2414455952"/>
  <nd ref="366494171"/>
  <nd ref="2414455944"/>
  <nd ref="366494172"/>
  <nd ref="2414455939"/>
  <nd ref="2414455935"/>
  <nd ref="9910074882"/>
  <nd ref="366494173"/>
  <nd ref="366494174"/>
  <nd ref="2414455925"/>
  <nd ref="366494175"/>
  <nd ref="2414455924"/>
  <nd ref="366494176"/>
  <nd ref="2414455923"/>
  <nd ref="366494177"/>
  <nd ref="2414455922"/>
  <nd ref="366494178"/>
  <nd ref="2414455919"/>
  <nd ref="2414455918"/>
  <tag k="highway" v="trunk"/>
  <tag k="lanes" v="2"/>
  <tag k="name" v="国道437号"/>
  <tag k="name:en" v="National Highway Route 437"/>
  <tag k="name:ja" v="国道437号"/>
  <tag k="ref" v="437"/>
  <tag k="source" v="survey;Bing,2012-05;YahooJapan/ALPSMAP;GSImaps/std"/>
  <tag k="surface" v="asphalt"/>
 </way>
 <way id="233104124" visible="true" version="2" changeset="124070623" timestamp="2022-07-25T22:03:44Z" user="AYAGE" uid="521665">
  <nd ref="2414455938"/>
  <nd ref="2414455941"/>
  <nd ref="2414455942"/>
  <nd ref="2414455945"/>
  <nd ref="2414455946"/>
  <nd ref="2414455949"/>
  <nd ref="2414455947"/>
  <nd ref="2414455950"/>
  <nd ref="2414455951"/>
  <nd ref="2414455954"/>
  <nd ref="2414455955"/>
  <nd ref="2414455957"/>
  <nd ref="2414455958"/>
  <nd ref="2414455966"/>
  <nd ref="2414455968"/>
  <nd ref="2414455967"/>
  <nd ref="2414455964"/>
  <nd ref="2414455961"/>
  <nd ref="2414455960"/>
  <nd ref="2414455962"/>
  <nd ref="2414455965"/>
  <nd ref="2414455969"/>
  <nd ref="2414455974"/>
  <nd ref="2414455977"/>
  <nd ref="2414455973"/>
  <nd ref="2414455970"/>
  <nd ref="2414455971"/>
  <nd ref="2414455975"/>
  <nd ref="2414455981"/>
  <nd ref="2414455985"/>
  <nd ref="2414455988"/>
  <nd ref="2414455989"/>
  <nd ref="2414455986"/>
  <nd ref="2414455982"/>
  <nd ref="2414455984"/>
  <nd ref="2414455995"/>
  <nd ref="2414455997"/>
  <nd ref="2414455998"/>
  <nd ref="2414455999"/>
  <nd ref="2414456001"/>
  <nd ref="2414456003"/>
  <nd ref="2414456005"/>
  <nd ref="2414456007"/>
  <nd ref="2414456010"/>
  <nd ref="2414456013"/>
  <nd ref="2414456015"/>
  <nd ref="2414456016"/>
  <nd ref="2414456017"/>
  <nd ref="2414456019"/>
  <nd ref="2414456020"/>
  <nd ref="2414456018"/>
  <nd ref="2414456012"/>
  <nd ref="2414456009"/>
  <nd ref="2414456006"/>
  <nd ref="2414456004"/>
  <nd ref="2414456002"/>
  <nd ref="2414455994"/>
  <nd ref="2414455983"/>
  <nd ref="2414455963"/>
  <nd ref="2414455956"/>
  <nd ref="2414455953"/>
  <nd ref="2414455948"/>
  <nd ref="2414455943"/>
  <nd ref="2414455940"/>
  <nd ref="2414455937"/>
  <nd ref="2414455933"/>
  <nd ref="2414455932"/>
  <nd ref="2414455931"/>
  <nd ref="2414455930"/>
  <nd ref="2414455928"/>
  <nd ref="9910547833"/>
  <nd ref="9910547832"/>
  <nd ref="9910547831"/>
  <nd ref="9910547830"/>
  <nd ref="9910547829"/>
  <nd ref="1615296530"/>
  <nd ref="9910547834"/>
  <nd ref="1615296516"/>
  <nd ref="9910547835"/>
  <nd ref="1615296502"/>
  <nd ref="1615296490"/>
  <nd ref="9910547836"/>
  <nd ref="9910547837"/>
  <nd ref="9910547838"/>
  <nd ref="9910547839"/>
  <nd ref="9910547840"/>
  <nd ref="9910547841"/>
  <nd ref="9910547842"/>
  <nd ref="9910547843"/>
  <nd ref="9910547844"/>
  <nd ref="9910547845"/>
  <nd ref="9910547846"/>
  <nd ref="9910547847"/>
  <nd ref="9910547848"/>
  <nd ref="9910547849"/>
  <nd ref="9910547850"/>
  <nd ref="9910547851"/>
  <nd ref="9910547852"/>
  <nd ref="9910547853"/>
  <nd ref="9910547854"/>
  <nd ref="9910547855"/>
  <nd ref="9910547856"/>
  <nd ref="9910547857"/>
  <nd ref="9910547858"/>
  <nd ref="9910547859"/>
  <nd ref="9910547860"/>
  <nd ref="9910547861"/>
  <nd ref="9910547862"/>
  <nd ref="9910547863"/>
  <nd ref="9910547864"/>
  <nd ref="9910547865"/>
  <nd ref="9910547866"/>
  <nd ref="9910547867"/>
  <nd ref="9910547868"/>
  <nd ref="9910547869"/>
  <nd ref="9910547870"/>
  <nd ref="9910547871"/>
  <nd ref="9910547872"/>
  <nd ref="9910547873"/>
  <nd ref="9910547874"/>
  <nd ref="9910547875"/>
  <nd ref="9910547876"/>
  <nd ref="9910547877"/>
  <nd ref="9910547878"/>
  <nd ref="9910547879"/>
  <nd ref="9910547880"/>
  <nd ref="9910547881"/>
  <nd ref="9910547882"/>
  <nd ref="9910547883"/>
  <nd ref="9910547884"/>
  <nd ref="9910547885"/>
  <nd ref="9910547886"/>
  <nd ref="9910547887"/>
  <nd ref="9910547888"/>
  <nd ref="9910547889"/>
  <nd ref="9910547890"/>
  <nd ref="9910547891"/>
  <nd ref="9910547892"/>
  <nd ref="9910547893"/>
  <nd ref="9910547894"/>
  <nd ref="9910547895"/>
  <nd ref="1615296716"/>
  <nd ref="1615296710"/>
  <nd ref="1615296703"/>
  <nd ref="1615296685"/>
  <nd ref="1615296661"/>
  <nd ref="1615296641"/>
  <nd ref="1615296629"/>
  <nd ref="1615296602"/>
  <nd ref="1615296559"/>
  <nd ref="2414455938"/>
  <tag k="natural" v="wood"/>
  <tag k="note" v="A13-06_35.xml"/>
  <tag k="source:ja" v="国土数値情報（森林地域データ）平成18年　国土交通省"/>
  <tag k="source_ref" v="http://nlftp.mlit.go.jp/ksj/jpgis/datalist/KsjTmplt-A13.html"/>
 </way>
 <way id="233104126" visible="true" version="5" changeset="170598422" timestamp="2025-08-18T06:55:17Z" user="taketaketake" uid="4757277">
  <nd ref="2414455917"/>
  <nd ref="366494179"/>
  <nd ref="2414455915"/>
  <nd ref="366494180"/>
  <nd ref="2414455914"/>
  <nd ref="366494181"/>
  <nd ref="2414455912"/>
  <nd ref="366494182"/>
  <nd ref="1287640557"/>
  <nd ref="366494183"/>
  <nd ref="2414455911"/>
  <nd ref="366494184"/>
  <nd ref="2414455910"/>
  <nd ref="9913737841"/>
  <nd ref="2414455909"/>
  <nd ref="9913737840"/>
  <nd ref="366494186"/>
  <nd ref="2414455908"/>
  <nd ref="2414455907"/>
  <nd ref="2414455905"/>
  <nd ref="2414455903"/>
  <nd ref="366494188"/>
  <nd ref="366494189"/>
  <nd ref="1287650242"/>
  <nd ref="1287648400"/>
  <nd ref="366494190"/>
  <nd ref="1287651398"/>
  <nd ref="2414455896"/>
  <nd ref="2414455895"/>
  <nd ref="366494191"/>
  <nd ref="2414455892"/>
  <nd ref="366494192"/>
  <nd ref="2414455884"/>
  <nd ref="366494193"/>
  <nd ref="2414455880"/>
  <nd ref="366494194"/>
  <nd ref="1287656310"/>
  <nd ref="2414455853"/>
  <nd ref="1287654665"/>
  <nd ref="366494195"/>
  <tag k="highway" v="trunk"/>
  <tag k="lanes" v="2"/>
  <tag k="name" v="国道437号"/>
  <tag k="name:en" v="National Highway Route 437"/>
  <tag k="name:ja" v="国道437号"/>
  <tag k="ref" v="437"/>
  <tag k="source" v="survey;Bing,2012-05;YahooJapan/ALPSMAP;GSImaps/std"/>
  <tag k="surface" v="asphalt"/>
 </way>
 <way id="233104130" visible="true" version="5" changeset="170598422" timestamp="2025-08-18T06:55:17Z" user="taketaketake" uid="4757277">
  <nd ref="2414455918"/>
  <nd ref="2414455917"/>
  <tag k="bridge" v="yes"/>
  <tag k="highway" v="trunk"/>
  <tag k="lanes" v="2"/>
  <tag k="name" v="国道437号"/>
  <tag k="name:en" v="National Highway Route 437"/>
  <tag k="name:ja" v="国道437号"/>
  <tag k="ref" v="437"/>
  <tag k="source" v="survey;Bing,2012-05;YahooJapan/ALPSMAP;GSImaps/std"/>
  <tag k="surface" v="asphalt"/>
 </way>
 <way id="296362704" visible="true" version="4" changeset="124106678" timestamp="2022-07-26T17:35:01Z" user="AYAGE" uid="521665">
  <nd ref="3001499636"/>
  <nd ref="716719027"/>
  <nd ref="9908263119"/>
  <nd ref="3001499951"/>
  <nd ref="9908263120"/>
  <nd ref="3001499952"/>
  <nd ref="3001499953"/>
  <nd ref="9908263121"/>
  <nd ref="3001499752"/>
  <nd ref="3001499954"/>
  <nd ref="3001499955"/>
  <nd ref="3001499956"/>
  <nd ref="3001513235"/>
  <nd ref="3001499957"/>
  <nd ref="3001499753"/>
  <nd ref="3001516333"/>
  <nd ref="3001499754"/>
  <nd ref="9908263125"/>
  <nd ref="3001516334"/>
  <nd ref="3001516335"/>
  <nd ref="3001513236"/>
  <nd ref="3001513339"/>
  <nd ref="3001499755"/>
  <nd ref="3001516433"/>
  <nd ref="3001499756"/>
  <nd ref="3001516434"/>
  <nd ref="3001516435"/>
  <nd ref="3001516336"/>
  <nd ref="3001516337"/>
  <nd ref="9908263123"/>
  <nd ref="3001513237"/>
  <nd ref="3001499757"/>
  <nd ref="9913000196"/>
  <nd ref="9913000195"/>
  <nd ref="3001516338"/>
  <nd ref="9913000194"/>
  <nd ref="3001513238"/>
  <nd ref="3001516339"/>
  <nd ref="3001499636"/>
  <tag k="natural" v="water"/>
  <tag k="source" v="bing"/>
  <tag k="water" v="river"/>
 </way>
 <way id="296364370" visible="true" version="4" changeset="124118896" timestamp="2022-07-27T04:02:14Z" user="AYAGE" uid="521665">
  <nd ref="3001516335"/>
  <nd ref="3001516334"/>
  <nd ref="3001516340"/>
  <nd ref="9910506911"/>
  <nd ref="3001499758"/>
  <nd ref="9910506910"/>
  <nd ref="3001513340"/>
  <nd ref="3001513341"/>
  <nd ref="9910506909"/>
  <nd ref="3001516436"/>
  <nd ref="3001517333"/>
  <nd ref="3001499759"/>
  <nd ref="3001516341"/>
  <nd ref="9910506902"/>
  <nd ref="9910506901"/>
  <nd ref="3001499760"/>
  <nd ref="9910506892"/>
  <nd ref="3001499958"/>
  <nd ref="3001499761"/>
  <nd ref="749228907"/>
  <nd ref="9910506893"/>
  <nd ref="3001516437"/>
  <nd ref="3001499762"/>
  <nd ref="9910506894"/>
  <nd ref="9910506895"/>
  <nd ref="3001516342"/>
  <nd ref="9910506896"/>
  <nd ref="3001516343"/>
  <nd ref="3001516344"/>
  <nd ref="3001516345"/>
  <nd ref="3001516346"/>
  <nd ref="9910506904"/>
  <nd ref="9910506905"/>
  <nd ref="3001517334"/>
  <nd ref="3001517335"/>
  <nd ref="9913664766"/>
  <nd ref="9913664765"/>
  <nd ref="9913664764"/>
  <nd ref="3001517336"/>
  <nd ref="9913664760"/>
  <nd ref="3001516347"/>
  <nd ref="3001516438"/>
  <nd ref="3001499763"/>
  <nd ref="3001516439"/>
  <nd ref="9910506900"/>
  <nd ref="9913664761"/>
  <nd ref="3001499764"/>
  <nd ref="9913664762"/>
  <nd ref="9913664763"/>
  <nd ref="9910506899"/>
  <nd ref="3001516348"/>
  <nd ref="3001516349"/>
  <nd ref="9910506898"/>
  <nd ref="3001516350"/>
  <nd ref="9910506906"/>
  <nd ref="3001516351"/>
  <nd ref="3001516352"/>
  <nd ref="9910506907"/>
  <nd ref="3001516440"/>
  <nd ref="3001518233"/>
  <nd ref="3001516441"/>
  <nd ref="9910506908"/>
  <nd ref="3001518234"/>
  <nd ref="3001516353"/>
  <nd ref="3001516335"/>
  <tag k="natural" v="water"/>
  <tag k="source" v="bing"/>
  <tag k="water" v="river"/>
 </way>
 <relation id="8857556" visible="true" version="166" changeset="185171745" timestamp="2026-07-06T02:54:07Z" user="okadatsuneo_import" uid="12352917">
  <member type="relation" ref="32989" role=""/>
  <member type="relation" ref="2064722" role=""/>
  <member type="relation" ref="2061678" role=""/>
  <member type="relation" ref="416684" role=""/>
  <member type="relation" ref="33009" role=""/>
  <member type="relation" ref="1521225" role=""/>
  <member type="relation" ref="2069116" role=""/>
  <member type="relation" ref="8589620" role=""/>
  <member type="relation" ref="2076294" role=""/>
  <member type="relation" ref="2082723" role=""/>
  <member type="relation" ref="12579" role=""/>
  <member type="relation" ref="2097432" role=""/>
  <member type="relation" ref="2098597" role=""/>
  <member type="relation" ref="2098903" role=""/>
  <member type="relation" ref="2107249" role=""/>
  <member type="relation" ref="18187" role=""/>
  <member type="relation" ref="2150021" role=""/>
  <member type="relation" ref="964698" role=""/>
  <member type="relation" ref="964699" role=""/>
  <member type="relation" ref="21087" role=""/>
  <member type="relation" ref="905615" role=""/>
  <member type="relation" ref="2191283" role=""/>
  <member type="relation" ref="8549439" role=""/>
  <member type="relation" ref="2281186" role=""/>
  <member type="relation" ref="1247317" role=""/>
  <member type="relation" ref="2283740" role=""/>
  <member type="relation" ref="2578411" role=""/>
  <member type="relation" ref="12592" role=""/>
  <member type="relation" ref="2773842" role=""/>
  <member type="relation" ref="59477" role=""/>
  <member type="relation" ref="1957766" role=""/>
  <member type="relation" ref="12585" role=""/>
  <member type="relation" ref="149017" role=""/>
  <member type="relation" ref="2829210" role=""/>
  <member type="relation" ref="2829437" role=""/>
  <member type="relation" ref="130867" role=""/>
  <member type="relation" ref="33017" role=""/>
  <member type="relation" ref="2863336" role=""/>
  <member type="relation" ref="2864639" role=""/>
  <member type="relation" ref="2865301" role=""/>
  <member type="relation" ref="31351" role=""/>
  <member type="relation" ref="2877152" role=""/>
  <member type="relation" ref="2878993" role=""/>
  <member type="relation" ref="2885462" role=""/>
  <member type="relation" ref="2887904" role=""/>
  <member type="relation" ref="443923" role=""/>
  <member type="relation" ref="2938281" role=""/>
  <member type="relation" ref="2938900" role=""/>
  <member type="relation" ref="2939533" role=""/>
  <member type="relation" ref="2954632" role=""/>
  <member type="relation" ref="6903690" role=""/>
  <member type="relation" ref="2957016" role=""/>
  <member type="relation" ref="2957132" role=""/>
  <member type="relation" ref="2957976" role=""/>
  <member type="relation" ref="12583" role=""/>
  <member type="relation" ref="12584" role=""/>
  <member type="relation" ref="2971983" role=""/>
  <member type="relation" ref="2972065" role=""/>
  <member type="relation" ref="2974952" role=""/>
  <member type="relation" ref="2975092" role=""/>
  <member type="relation" ref="2988615" role=""/>
  <member type="relation" ref="3066227" role=""/>
  <member type="relation" ref="2937948" role=""/>
  <member type="relation" ref="3066928" role=""/>
  <member type="relation" ref="3069619" role=""/>
  <member type="relation" ref="3118577" role=""/>
  <member type="relation" ref="3118835" role=""/>
  <member type="relation" ref="3128401" role=""/>
  <member type="relation" ref="3128448" role=""/>
  <member type="relation" ref="3129175" role=""/>
  <member type="relation" ref="3132634" role=""/>
  <member type="relation" ref="965403" role=""/>
  <member type="relation" ref="3189380" role=""/>
  <member type="relation" ref="3217184" role=""/>
  <member type="relation" ref="3217302" role=""/>
  <member type="relation" ref="3218039" role=""/>
  <member type="relation" ref="3248776" role=""/>
  <member type="relation" ref="3262076" role=""/>
  <member type="relation" ref="6604490" role=""/>
  <member type="relation" ref="9002996" role=""/>
  <member type="relation" ref="9066606" role=""/>
  <member type="relation" ref="9066742" role=""/>
  <member type="relation" ref="9069158" role=""/>
  <member type="relation" ref="3846566" role=""/>
  <member type="relation" ref="3767038" role=""/>
  <member type="relation" ref="3773599" role=""/>
  <member type="relation" ref="2665187" role=""/>
  <member type="relation" ref="3770942" role=""/>
  <member type="relation" ref="31118" role=""/>
  <member type="relation" ref="3639261" role=""/>
  <member type="relation" ref="8822215" role=""/>
  <member type="relation" ref="3908565" role=""/>
  <member type="relation" ref="3908696" role=""/>
  <member type="relation" ref="8842101" role=""/>
  <member type="relation" ref="8980964" role=""/>
  <member type="relation" ref="965538" role=""/>
  <member type="relation" ref="6518912" role=""/>
  <member type="relation" ref="2124106" role=""/>
  <member type="relation" ref="965533" role=""/>
  <member type="relation" ref="7438376" role=""/>
  <member type="relation" ref="3846790" role=""/>
  <member type="relation" ref="2104795" role=""/>
  <member type="relation" ref="3862939" role=""/>
  <member type="relation" ref="3770972" role=""/>
  <member type="relation" ref="8843661" role=""/>
  <member type="relation" ref="8475141" role=""/>
  <member type="relation" ref="53798" role=""/>
  <member type="relation" ref="3527405" role=""/>
  <member type="relation" ref="3786290" role=""/>
  <member type="relation" ref="8438979" role=""/>
  <member type="relation" ref="8519028" role=""/>
  <member type="relation" ref="8546711" role=""/>
  <member type="relation" ref="31352" role=""/>
  <member type="relation" ref="8634030" role=""/>
  <member type="relation" ref="8643289" role=""/>
  <member type="relation" ref="8730413" role=""/>
  <member type="relation" ref="8602705" role=""/>
  <member type="relation" ref="8376126" role=""/>
  <member type="relation" ref="3771120" role=""/>
  <member type="relation" ref="8360680" role=""/>
  <member type="relation" ref="8798843" role=""/>
  <member type="relation" ref="8253434" role=""/>
  <member type="relation" ref="8338767" role=""/>
  <member type="relation" ref="7790754" role=""/>
  <member type="relation" ref="8810155" role=""/>
  <member type="relation" ref="9316269" role=""/>
  <member type="relation" ref="3786705" role=""/>
  <member type="relation" ref="8814743" role=""/>
  <member type="relation" ref="3767143" role=""/>
  <member type="relation" ref="9349690" role=""/>
  <member type="relation" ref="8812592" role=""/>
  <member type="relation" ref="3767309" role=""/>
  <member type="relation" ref="8385407" role=""/>
  <member type="relation" ref="8385532" role=""/>
  <member type="relation" ref="7757831" role=""/>
  <member type="relation" ref="7756814" role=""/>
  <member type="relation" ref="8386008" role=""/>
  <member type="relation" ref="3500263" role=""/>
  <member type="relation" ref="9385077" role=""/>
  <member type="relation" ref="1282122" role=""/>
  <member type="relation" ref="4544619" role=""/>
  <member type="relation" ref="4165287" role=""/>
  <member type="relation" ref="3717459" role=""/>
  <member type="relation" ref="3771004" role=""/>
  <member type="relation" ref="9400756" role=""/>
  <member type="relation" ref="3904021" role=""/>
  <member type="relation" ref="12586" role=""/>
  <member type="relation" ref="12893" role=""/>
  <member type="relation" ref="149016" role=""/>
  <member type="relation" ref="12582" role=""/>
  <member type="relation" ref="9444474" role=""/>
  <member type="relation" ref="65441" role=""/>
  <member type="relation" ref="9483543" role=""/>
  <member type="relation" ref="9483646" role=""/>
  <member type="relation" ref="9491583" role=""/>
  <member type="relation" ref="7106297" role=""/>
  <member type="relation" ref="9361964" role=""/>
  <member type="relation" ref="9361958" role=""/>
  <member type="relation" ref="9364398" role=""/>
  <member type="relation" ref="9361965" role=""/>
  <member type="relation" ref="9364395" role=""/>
  <member type="relation" ref="9364399" role=""/>
  <member type="relation" ref="9361957" role=""/>
  <member type="relation" ref="9364404" role=""/>
  <member type="relation" ref="9592451" role=""/>
  <member type="relation" ref="9578522" role=""/>
  <member type="relation" ref="9608067" role=""/>
  <member type="relation" ref="6966370" role=""/>
  <member type="relation" ref="9659817" role=""/>
  <member type="relation" ref="9627337" role=""/>
  <member type="relation" ref="9633190" role=""/>
  <member type="relation" ref="9702108" role=""/>
  <member type="relation" ref="9651112" role=""/>
  <member type="relation" ref="9712245" role=""/>
  <member type="relation" ref="9669415" role=""/>
  <member type="relation" ref="3787044" role=""/>
  <member type="relation" ref="9680900" role=""/>
  <member type="relation" ref="9684360" role=""/>
  <member type="relation" ref="33010" role=""/>
  <member type="relation" ref="6585224" role=""/>
  <member type="relation" ref="6595831" role=""/>
  <member type="relation" ref="6584912" role=""/>
  <member type="relation" ref="6596139" role=""/>
  <member type="relation" ref="6612480" role=""/>
  <member type="relation" ref="6596367" role=""/>
  <member type="relation" ref="6601904" role=""/>
  <member type="relation" ref="6624769" role=""/>
  <member type="relation" ref="6626645" role=""/>
  <member type="relation" ref="2883869" role=""/>
  <member type="relation" ref="6621211" role=""/>
  <member type="relation" ref="6612481" role=""/>
  <member type="relation" ref="6641475" role=""/>
  <member type="relation" ref="6632428" role=""/>
  <member type="relation" ref="6639503" role=""/>
  <member type="relation" ref="6641549" role=""/>
  <member type="relation" ref="6645422" role=""/>
  <member type="relation" ref="5431055" role=""/>
  <member type="relation" ref="30840" role=""/>
  <member type="relation" ref="8466396" role=""/>
  <member type="relation" ref="8472959" role=""/>
  <member type="relation" ref="8903572" role=""/>
  <member type="relation" ref="9864624" role=""/>
  <member type="relation" ref="9365397" role=""/>
  <member type="relation" ref="6647077" role=""/>
  <member type="relation" ref="8197220" role=""/>
  <member type="relation" ref="1020657" role=""/>
  <member type="relation" ref="3639021" role=""/>
  <member type="relation" ref="1192346" role=""/>
  <member type="relation" ref="3521034" role=""/>
  <member type="relation" ref="8319600" role=""/>
  <member type="relation" ref="8421608" role=""/>
  <member type="relation" ref="8255454" role=""/>
  <member type="relation" ref="8171702" role=""/>
  <member type="relation" ref="9882017" role=""/>
  <member type="relation" ref="9361997" role=""/>
  <member type="relation" ref="9361995" role=""/>
  <member type="relation" ref="9621534" role=""/>
  <member type="relation" ref="9577579" role=""/>
  <member type="relation" ref="9662836" role=""/>
  <member type="relation" ref="9637071" role=""/>
  <member type="relation" ref="9706190" role=""/>
  <member type="relation" ref="9678094" role=""/>
  <member type="relation" ref="34190" role=""/>
  <member type="relation" ref="6651341" role=""/>
  <member type="relation" ref="6632429" role=""/>
  <member type="relation" ref="6651380" role=""/>
  <member type="relation" ref="6607033" role=""/>
  <member type="relation" ref="33018" role=""/>
  <member type="relation" ref="6594495" role=""/>
  <member type="relation" ref="3842394" role=""/>
  <member type="relation" ref="7346573" role=""/>
  <member type="relation" ref="6594518" role=""/>
  <member type="relation" ref="9230437" role=""/>
  <member type="relation" ref="6583464" role=""/>
  <member type="relation" ref="9220015" role=""/>
  <member type="relation" ref="947961" role=""/>
  <member type="relation" ref="6743360" role=""/>
  <member type="relation" ref="9389808" role=""/>
  <member type="relation" ref="9387618" role=""/>
  <member type="relation" ref="9095602" role=""/>
  <member type="relation" ref="6334848" role=""/>
  <member type="relation" ref="6519669" role=""/>
  <member type="relation" ref="6608790" role=""/>
  <member type="relation" ref="7920696" role=""/>
  <member type="relation" ref="6646894" role=""/>
  <member type="relation" ref="49515" role=""/>
  <member type="relation" ref="9842733" role=""/>
  <member type="relation" ref="9885666" role=""/>
  <member type="relation" ref="10259311" role=""/>
  <member type="relation" ref="10481824" role=""/>
  <member type="relation" ref="53796" role=""/>
  <member type="relation" ref="8839514" role=""/>
  <member type="relation" ref="3518585" role=""/>
  <member type="relation" ref="8512559" role=""/>
  <member type="relation" ref="8547309" role=""/>
  <member type="relation" ref="8901184" role=""/>
  <member type="relation" ref="8606655" role=""/>
  <member type="relation" ref="8330838" role=""/>
  <member type="relation" ref="6097291" role=""/>
  <member type="relation" ref="3947962" role=""/>
  <member type="relation" ref="6114814" role=""/>
  <member type="relation" ref="8770279" role=""/>
  <member type="relation" ref="7803946" role=""/>
  <member type="relation" ref="10015101" role=""/>
  <member type="relation" ref="8780413" role=""/>
  <member type="relation" ref="9226628" role=""/>
  <member type="relation" ref="1113900" role=""/>
  <member type="relation" ref="9878286" role=""/>
  <member type="relation" ref="9842064" role=""/>
  <member type="relation" ref="12886" role=""/>
  <member type="relation" ref="31661" role=""/>
  <member type="relation" ref="1061405" role=""/>
  <member type="relation" ref="9732500" role=""/>
  <member type="relation" ref="9566443" role=""/>
  <member type="relation" ref="9364401" role=""/>
  <member type="relation" ref="2360722" role=""/>
  <member type="relation" ref="9600043" role=""/>
  <member type="relation" ref="9655888" role=""/>
  <member type="relation" ref="9644147" role=""/>
  <member type="relation" ref="9674712" role=""/>
  <member type="relation" ref="10535240" role=""/>
  <member type="relation" ref="10997961" role=""/>
  <member type="relation" ref="3771097" role=""/>
  <member type="relation" ref="3771098" role=""/>
  <member type="relation" ref="6634560" role=""/>
  <member type="relation" ref="6649220" role=""/>
  <member type="relation" ref="6651324" role=""/>
  <member type="relation" ref="13970524" role=""/>
  <member type="relation" ref="6626646" role=""/>
  <member type="relation" ref="6604372" role=""/>
  <member type="relation" ref="33014" role=""/>
  <member type="relation" ref="195249" role=""/>
  <member type="relation" ref="7259555" role=""/>
  <member type="relation" ref="5385850" role=""/>
  <member type="relation" ref="7462562" role=""/>
  <member type="relation" ref="572350" role=""/>
  <member type="relation" ref="6649827" role=""/>
  <member type="relation" ref="9145802" role=""/>
  <member type="relation" ref="9167558" role=""/>
  <member type="relation" ref="9246031" role=""/>
  <member type="relation" ref="9384961" role=""/>
  <member type="relation" ref="6603804" role=""/>
  <member type="relation" ref="8660479" role=""/>
  <member type="relation" ref="8705812" role=""/>
  <member type="relation" ref="6357795" role=""/>
  <member type="relation" ref="2888579" role=""/>
  <member type="relation" ref="3644591" role=""/>
  <member type="relation" ref="13766033" role=""/>
  <member type="relation" ref="5347303" role=""/>
  <member type="relation" ref="3836968" role=""/>
  <member type="relation" ref="8250033" role=""/>
  <member type="relation" ref="8630931" role=""/>
  <member type="relation" ref="6518158" role=""/>
  <member type="relation" ref="3518586" role=""/>
  <member type="relation" ref="8507094" role=""/>
  <member type="relation" ref="8624536" role=""/>
  <member type="relation" ref="8330502" role=""/>
  <member type="relation" ref="8468445" role=""/>
  <member type="relation" ref="8736759" role=""/>
  <member type="relation" ref="8344320" role=""/>
  <member type="relation" ref="8346167" role=""/>
  <member type="relation" ref="8547781" role=""/>
  <member type="relation" ref="8778351" role=""/>
  <member type="relation" ref="8819316" role=""/>
  <member type="relation" ref="8428316" role=""/>
  <member type="relation" ref="10036652" role=""/>
  <member type="relation" ref="7521547" role=""/>
  <member type="relation" ref="9889643" role=""/>
  <member type="relation" ref="36203" role=""/>
  <member type="relation" ref="9727705" role=""/>
  <member type="relation" ref="9760336" role=""/>
  <member type="relation" ref="1061406" role=""/>
  <member type="relation" ref="9734691" role=""/>
  <member type="relation" ref="9364397" role=""/>
  <member type="relation" ref="9525476" role=""/>
  <member type="relation" ref="9365392" role=""/>
  <member type="relation" ref="9364403" role=""/>
  <member type="relation" ref="9581384" role=""/>
  <member type="relation" ref="9615824" role=""/>
  <member type="relation" ref="9648379" role=""/>
  <member type="relation" ref="9365391" role=""/>
  <member type="relation" ref="9849119" role=""/>
  <member type="relation" ref="6645423" role=""/>
  <member type="relation" ref="6653406" role=""/>
  <member type="relation" ref="6596106" role=""/>
  <member type="relation" ref="9301437" role=""/>
  <member type="relation" ref="9231531" role=""/>
  <member type="relation" ref="446121" role=""/>
  <member type="relation" ref="7901019" role=""/>
  <member type="relation" ref="6012803" role=""/>
  <member type="relation" ref="6594184" role=""/>
  <member type="relation" ref="5425459" role=""/>
  <member type="relation" ref="6491957" role=""/>
  <member type="relation" ref="8907070" role=""/>
  <member type="relation" ref="1017048" role=""/>
  <member type="relation" ref="8705506" role=""/>
  <member type="relation" ref="6518913" role=""/>
  <member type="relation" ref="4085924" role=""/>
  <member type="relation" ref="7021581" role=""/>
  <member type="relation" ref="7418329" role=""/>
  <member type="relation" ref="33003" role=""/>
  <member type="relation" ref="9889615" role=""/>
  <member type="relation" ref="8855535" role=""/>
  <member type="relation" ref="2162634" role=""/>
  <member type="relation" ref="3908697" role=""/>
  <member type="relation" ref="8824623" role=""/>
  <member type="relation" ref="8648367" role=""/>
  <member type="relation" ref="8616846" role=""/>
  <member type="relation" ref="8549720" role=""/>
  <member type="relation" ref="3524706" role=""/>
  <member type="relation" ref="8456817" role=""/>
  <member type="relation" ref="3527404" role=""/>
  <member type="relation" ref="8319621" role=""/>
  <member type="relation" ref="8346063" role=""/>
  <member type="relation" ref="8820384" role=""/>
  <member type="relation" ref="8788010" role=""/>
  <member type="relation" ref="3791425" role=""/>
  <member type="relation" ref="9999040" role=""/>
  <member type="relation" ref="9977958" role=""/>
  <member type="relation" ref="8821725" role=""/>
  <member type="relation" ref="9225568" role=""/>
  <member type="relation" ref="2789281" role=""/>
  <member type="relation" ref="1181630" role=""/>
  <member type="relation" ref="9869305" role=""/>
  <member type="relation" ref="572119" role=""/>
  <member type="relation" ref="9846585" role=""/>
  <member type="relation" ref="12873" role=""/>
  <member type="relation" ref="12591" role=""/>
  <member type="relation" ref="9743152" role=""/>
  <member type="relation" ref="9740226" role=""/>
  <member type="relation" ref="9604654" role=""/>
  <member type="relation" ref="9668498" role=""/>
  <member type="relation" ref="9663861" role=""/>
  <member type="relation" ref="9717721" role=""/>
  <member type="relation" ref="13766030" role=""/>
  <member type="relation" ref="6601928" role=""/>
  <member type="relation" ref="6605962" role=""/>
  <member type="relation" ref="6601896" role=""/>
  <member type="relation" ref="3317036" role=""/>
  <member type="relation" ref="416686" role=""/>
  <member type="relation" ref="446122" role=""/>
  <member type="relation" ref="9156540" role=""/>
  <member type="relation" ref="9383269" role=""/>
  <member type="relation" ref="7240653" role=""/>
  <member type="relation" ref="8725735" role=""/>
  <member type="relation" ref="5450521" role=""/>
  <member type="relation" ref="9028205" role=""/>
  <member type="relation" ref="11621854" role=""/>
  <member type="relation" ref="37650" role=""/>
  <member type="relation" ref="2695918" role=""/>
  <member type="relation" ref="8838236" role=""/>
  <member type="relation" ref="3948024" role=""/>
  <member type="relation" ref="3796161" role=""/>
  <member type="relation" ref="3796341" role=""/>
  <member type="relation" ref="3519913" role=""/>
  <member type="relation" ref="2168363" role=""/>
  <member type="relation" ref="7492744" role=""/>
  <member type="relation" ref="8596419" role=""/>
  <member type="relation" ref="7417266" role=""/>
  <member type="relation" ref="7722594" role=""/>
  <member type="relation" ref="10040102" role=""/>
  <member type="relation" ref="8784852" role=""/>
  <member type="relation" ref="3786630" role=""/>
  <member type="relation" ref="8372093" role=""/>
  <member type="relation" ref="7331065" role=""/>
  <member type="relation" ref="9994456" role=""/>
  <member type="relation" ref="9473486" role=""/>
  <member type="relation" ref="9918288" role=""/>
  <member type="relation" ref="5525014" role=""/>
  <member type="relation" ref="4544688" role=""/>
  <member type="relation" ref="9893745" role=""/>
  <member type="relation" ref="4452065" role=""/>
  <member type="relation" ref="9874325" role=""/>
  <member type="relation" ref="36085" role=""/>
  <member type="relation" ref="31622" role=""/>
  <member type="relation" ref="1597628" role=""/>
  <member type="relation" ref="9500290" role=""/>
  <member type="relation" ref="9584945" role=""/>
  <member type="relation" ref="9361963" role=""/>
  <member type="relation" ref="9364396" role=""/>
  <member type="relation" ref="9365393" role=""/>
  <member type="relation" ref="9586987" role=""/>
  <member type="relation" ref="9593068" role=""/>
  <member type="relation" ref="9623424" role=""/>
  <member type="relation" ref="9852047" role=""/>
  <member type="relation" ref="9671641" role=""/>
  <member type="relation" ref="10548190" role=""/>
  <member type="relation" ref="8063894" role=""/>
  <member type="relation" ref="10387581" role=""/>
  <member type="relation" ref="12079873" role=""/>
  <member type="relation" ref="9570519" role=""/>
  <tag k="name" v="日本の一般国道"/>
  <tag k="name:af" v="Nasionale snelweë van Japan"/>
  <tag k="name:en" v="National Highway of Japan"/>
  <tag k="name:es" v="Ruta nacional de Japón"/>
  <tag k="name:fr" v="Routes nationales du Japon"/>
  <tag k="name:ja" v="日本の一般国道"/>
  <tag k="name:ja-Hira" v="にっぽん の いっぱん こくどう"/>
  <tag k="name:ja-Latn" v="Nihon no ippan kokudō"/>
  <tag k="name:ko" v="일본의 일반 국도"/>
  <tag k="name:ru" v="Японские национальные дороги"/>
  <tag k="name:zh-Hans" v="日本一般国道"/>
  <tag k="name:zh-Hant" v="日本一般國道"/>
  <tag k="network" v="JP:national"/>
  <tag k="route_master" v="road"/>
  <tag k="type" v="route_master"/>
  <tag k="wikidata" v="Q926383"/>
  <tag k="wikimedia_commons" v="Category:National highways of Japan"/>
  <tag k="wikipedia" v="ja:一般国道"/>
 </relation>
 <relation id="9846585" visible="true" version="21" changeset="188759250" timestamp="2026-09-09T08:07:01Z" user="taketaketake" uid="4757277">
  <member type="way" ref="1424728131" role=""/>
  <member type="way" ref="118896806" role=""/>
  <member type="way" ref="118896620" role=""/>
  <member type="way" ref="118896608" role=""/>
  <member type="way" ref="118897296" role=""/>
  <member type="way" ref="1423494066" role=""/>
  <member type="way" ref="32590018" role=""/>
  <member type="way" ref="708019204" role=""/>
  <member type="way" ref="1057669148" role=""/>
  <member type="way" ref="1057669147" role=""/>
  <member type="way" ref="361561620" role=""/>
  <member type="way" ref="361561621" role=""/>
  <member type="way" ref="708016997" role=""/>
  <member type="way" ref="1423494065" role=""/>
  <member type="way" ref="708016996" role=""/>
  <member type="way" ref="708016995" role=""/>
  <member type="way" ref="708015015" role=""/>
  <member type="way" ref="708015014" role=""/>
  <member type="way" ref="367513069" role=""/>
  <member type="way" ref="367513070" role=""/>
  <member type="way" ref="708015013" role=""/>
  <member type="way" ref="1084151064" role=""/>
  <member type="way" ref="1084151063" role=""/>
  <member type="way" ref="708015012" role=""/>
  <member type="way" ref="233104147" role=""/>
  <member type="way" ref="233104136" role=""/>
  <member type="way" ref="233104128" role=""/>
  <member type="way" ref="233104125" role=""/>
  <member type="way" ref="118902260" role=""/>
  <member type="way" ref="118902956" role=""/>
  <member type="way" ref="118902177" role=""/>
  <member type="way" ref="118902506" role=""/>
  <member type="way" ref="233104130" role=""/>
  <member type="way" ref="233104126" role=""/>
  <member type="way" ref="233104135" role=""/>
  <member type="way" ref="233104143" role=""/>
  <member type="way" ref="233104134" role=""/>
  <member type="way" ref="233104146" role=""/>
  <member type="way" ref="233104131" role=""/>
  <member type="way" ref="233104145" role=""/>
  <member type="way" ref="1082125717" role=""/>
  <member type="way" ref="1082125716" role=""/>
  <member type="way" ref="1082125715" role=""/>
  <member type="way" ref="1082125714" role=""/>
  <member type="way" ref="93836270" role=""/>
  <member type="way" ref="93836271" role=""/>
  <member type="way" ref="708007641" role=""/>
  <member type="way" ref="233104137" role=""/>
  <member type="way" ref="25841350" role=""/>
  <member type="way" ref="93836269" role=""/>
  <member type="way" ref="303550019" role=""/>
  <member type="way" ref="1181543095" role=""/>
  <member type="way" ref="25841351" role=""/>
  <member type="way" ref="708006171" role=""/>
  <member type="way" ref="708006170" role=""/>
  <member type="way" ref="708006169" role=""/>
  <member type="way" ref="708006168" role=""/>
  <member type="way" ref="708006167" role=""/>
  <member type="way" ref="708006166" role=""/>
  <member type="way" ref="708006165" role=""/>
  <member type="way" ref="708006164" role=""/>
  <member type="way" ref="708000456" role=""/>
  <member type="way" ref="708000455" role=""/>
  <member type="way" ref="708027651" role=""/>
  <member type="way" ref="708027652" role=""/>
  <member type="way" ref="708000454" role=""/>
  <member type="way" ref="708000453" role=""/>
  <member type="way" ref="723370819" role=""/>
  <member type="way" ref="112939580" role=""/>
  <member type="way" ref="112939991" role=""/>
  <member type="way" ref="112939490" role=""/>
  <member type="way" ref="112939478" role=""/>
  <member type="way" ref="112939498" role=""/>
  <member type="way" ref="310257988" role=""/>
  <member type="way" ref="310257989" role=""/>
  <member type="way" ref="204738144" role=""/>
  <member type="way" ref="204738143" role=""/>
  <member type="way" ref="314627869" role=""/>
  <member type="way" ref="216697481" role=""/>
  <member type="way" ref="205423967" role=""/>
  <member type="way" ref="216697485" role=""/>
  <member type="way" ref="216697484" role=""/>
  <member type="way" ref="216697483" role=""/>
  <member type="way" ref="205423968" role=""/>
  <member type="way" ref="313293332" role=""/>
  <member type="way" ref="313293333" role=""/>
  <member type="way" ref="152436630" role=""/>
  <member type="way" ref="152436629" role=""/>
  <member type="way" ref="216697482" role=""/>
  <member type="way" ref="636996189" role=""/>
  <member type="way" ref="208255860" role=""/>
  <member type="way" ref="802333818" role=""/>
  <tag k="colour" v="red"/>
  <tag k="from" v="愛媛県松山市"/>
  <tag k="name" v="国道437号"/>
  <tag k="name:en" v="National Highway Route 437"/>
  <tag k="name:ja" v="国道437号"/>
  <tag k="name:ja-Hira" v="こくどうよんひゃくさんじゅうななごう"/>
  <tag k="name:ja-Latn" v="Kokudou 437 Gou"/>
  <tag k="network" v="JP:national"/>
  <tag k="ref" v="437"/>
  <tag k="route" v="road"/>
  <tag k="to" v="山口県岩国市"/>
  <tag k="type" v="route"/>
  <tag k="wikidata" v="Q5482618"/>
  <tag k="wikipedia" v="ja:国道437号"/>
 </relation>
 <relation id="19473481" visible="true" version="1" changeset="170598422" timestamp="2025-08-18T06:55:17Z" user="taketaketake" uid="4757277">
  <member type="way" ref="113099290" role=""/>
  <member type="way" ref="1101548554" role=""/>
  <member type="way" ref="113098128" role=""/>
  <member type="way" ref="113098250" role=""/>
  <member type="way" ref="1422979159" role=""/>
  <member type="way" ref="1422979160" role=""/>
  <member type="way" ref="1422979161" role=""/>
  <member type="way" ref="1422979162" role=""/>
  <member type="way" ref="113098375" role=""/>
  <member type="way" ref="113003087" role=""/>
  <member type="way" ref="113003181" role=""/>
  <member type="way" ref="113003182" role=""/>
  <member type="way" ref="1315263243" role=""/>
  <member type="way" ref="113003540" role=""/>
  <member type="way" ref="118125234" role=""/>
  <member type="way" ref="1422979163" role=""/>
  <member type="way" ref="112970209" role=""/>
  <member type="way" ref="1314959843" role=""/>
  <member type="way" ref="1314959844" role=""/>
  <member type="way" ref="1422979164" role=""/>
  <member type="way" ref="1422979165" role=""/>
  <member type="way" ref="1422979166" role=""/>
  <member type="way" ref="1422979167" role=""/>
  <member type="way" ref="113402065" role=""/>
  <member type="way" ref="113402091" role=""/>
  <member type="way" ref="1084508215" role=""/>
  <member type="way" ref="1084508216" role=""/>
  <member type="way" ref="1422979168" role=""/>
  <member type="way" ref="113561971" role=""/>
  <member type="way" ref="1422979169" role=""/>
  <member type="way" ref="1310980244" role=""/>
  <member type="way" ref="113562085" role=""/>
  <member type="way" ref="113561940" role=""/>
  <member type="way" ref="113561723" role=""/>
  <member type="way" ref="1422979170" role=""/>
  <member type="way" ref="113563190" role=""/>
  <member type="way" ref="1081569774" role=""/>
  <member type="way" ref="113562355" role=""/>
  <member type="way" ref="113562420" role=""/>
  <member type="way" ref="113561610" role=""/>
  <member type="way" ref="113561762" role=""/>
  <tag k="from" v="山口県光市光井"/>
  <tag k="name" v="山口県道68号　光日積線"/>
  <tag k="name:en" v="Yamaguchi Prefectural Route 68 Hikari Hizumi Line"/>
  <tag k="name:ja" v="山口県道68号　光日積線"/>
  <tag k="name:ja-Hira" v="やまぐちけんどう68ごう ひかりひづみせん"/>
  <tag k="name:ja_rm" v="Yamaguchikendō 68-gō Hikari Hidzumi-sen"/>
  <tag k="network" v="JP:prefectural"/>
  <tag k="ref" v="68"/>
  <tag k="route" v="road"/>
  <tag k="to" v="山口県柳井市日積"/>
  <tag k="type" v="route"/>
  <tag k="wikidata" v="Q11467364"/>
  <tag k="wikipedia" v="ja:山口県道68号光日積線"/>
 </relation>
 <relation id="19537258" visible="true" version="1" changeset="171161423" timestamp="2025-08-29T02:47:27Z" user="taketaketake" uid="4757277">
  <member type="way" ref="113402073" role=""/>
  <member type="way" ref="1085388524" role=""/>
  <member type="way" ref="113402147" role=""/>
  <member type="way" ref="1085249777" role=""/>
  <member type="way" ref="113402069" role=""/>
  <member type="way" ref="1315844693" role=""/>
  <member type="way" ref="1315844694" role=""/>
  <member type="way" ref="113402377" role=""/>
  <member type="way" ref="113402144" role=""/>
  <member type="way" ref="113402085" role=""/>
  <member type="way" ref="1425712171" role=""/>
  <member type="way" ref="113561800" role=""/>
  <member type="way" ref="113561731" role=""/>
  <member type="way" ref="113563215" role=""/>
  <member type="way" ref="113561762" role=""/>
  <member type="way" ref="113561657" role=""/>
  <member type="way" ref="118902132" role=""/>
  <member type="way" ref="118902167" role=""/>
  <member type="way" ref="118902427" role=""/>
  <member type="way" ref="118901891" role=""/>
  <member type="way" ref="118902068" role=""/>
  <member type="way" ref="118901963" role=""/>
  <member type="way" ref="1425712172" role=""/>
  <member type="way" ref="1425712173" role=""/>
  <tag k="from" v="山口県柳井市柳井"/>
  <tag k="name" v="山口県道149号　柳井由宇線"/>
  <tag k="name:en" v="Yamaguchi Prefectural Route 149 Yanai Yu Line"/>
  <tag k="name:ja" v="山口県道149号　柳井由宇線"/>
  <tag k="name:ja-Hira" v="やまぐちけんどう149ごう やないゆうせん"/>
  <tag k="name:ja_rm" v="Yamaguchikendō 149-gō Yanai Yuu-sen"/>
  <tag k="network" v="JP:prefectural"/>
  <tag k="ref" v="149"/>
  <tag k="route" v="road"/>
  <tag k="to" v="山口県岩国市由宇町北1丁目"/>
  <tag k="type" v="route"/>
  <tag k="wikidata" v="Q11467151"/>
  <tag k="wikipedia" v="ja:山口県道149号柳井由宇線"/>
 </relation>
</osm>
