id,name,source_ids,source_match,original_category,current_category,geometry_preserved,id_preserved,status
sunpark,おのだサンパーク,way/180897597;way/180897599,curated_snapshot_unchanged,mall,mall,True,True,no_rule_flag
seamall,シーモール,way/257074927,curated_snapshot_unchanged,mall,mall,True,True,no_rule_flag
yamaguchi,ゆめタウン山口,way/405965521,curated_snapshot_unchanged,mall,mall,True,True,no_rule_flag
hohu,ゆめタウン防府,node/3951251460,curated_snapshot_unchanged,mall,mall,True,True,no_rule_flag
ube,ゆめタウン宇部,way/252844282,curated_snapshot_unchanged,mall,mall,True,True,no_rule_flag
chohu,ゆめタウン長府,way/291544092,curated_snapshot_unchanged,mall,mall,True,True,no_rule_flag
shinnanyo,ゆめタウン新南陽,way/305642626,curated_snapshot_unchanged,mall,mall,True,True,no_rule_flag
tokuyama,ゆめタウン徳山,node/4391628789,curated_snapshot_unchanged,mall,mall,True,True,no_rule_flag
yanai,ゆめタウン柳井,way/391860167,curated_snapshot_unchanged,mall,mall,True,True,no_rule_flag
kudamatsu,ゆめタウン下松,way/305489780,curated_snapshot_unchanged,mall,mall,True,True,no_rule_flag
youmecity,ゆめシティ,way/323684106,curated_snapshot_unchanged,mall,mall,True,True,no_rule_flag
aeon-hofu,イオンタウン防府,node/4041110342,curated_snapshot_unchanged,mall,mall,True,True,no_rule_flag
aeon-ogori,イオンタウン小郡,way/391862840,curated_snapshot_unchanged,mall,mall,True,True,no_rule_flag
sunlive-kudamatsu,サンリブ下松,node/8704546617,curated_snapshot_unchanged,mall,mall,True,True,no_rule_flag
aeon-shunan,イオンタウン周南,node/3205773363,curated_snapshot_unchanged,mall,mall,True,True,no_rule_flag
fuji-ube,フジグラン宇部,way/239167795,curated_snapshot_unchanged,mall,mall,True,True,no_rule_flag
fuji-yamaguchi,フジグラン山口,way/374499083,curated_snapshot_unchanged,mall,mall,True,True,no_rule_flag
fuji-iwakuni,フジグラン岩国,way/561502888,curated_snapshot_unchanged,mall,mall,True,True,no_rule_flag
minamiiwakuni,ゆめタウン南岩国,node/2508259668,curated_snapshot_unchanged,mall,mall,True,True,no_rule_flag
maruki-nakagawa,ウェスタまるき中川店,way/740120977,curated_snapshot_unchanged,supermarket,supermarket,True,True,no_rule_flag
cosmos-onoda,コスモス小野田店,way/332618148,curated_snapshot_unchanged,drugstore,drugstore,True,True,no_rule_flag
cosmos-marugouchi,コスモス丸河内店,node/9472329358,curated_snapshot_unchanged,drugstore,drugstore,True,True,no_rule_flag
osm-node-10253616807,クスリ岩崎チェーン 西宇部店,node/10253616807,saved_osm_element,pharmacy,pharmacy,True,True,pending
osm-node-10253619860,ファミリーマート,node/10253619860,saved_osm_element,convenience,convenience,True,True,no_rule_flag
osm-node-10275660943,セブンイレブン宇部島2丁目店,node/10275660943,saved_osm_element,convenience,convenience,True,True,no_rule_flag
osm-node-10275726015,セブン-イレブン,node/10275726015,saved_osm_element,convenience,convenience,True,True,no_rule_flag
osm-node-10727238359,セブン-イレブン,node/10727238359,saved_osm_element,convenience,convenience,True,True,no_rule_flag
osm-node-10915439394,セブン-イレブン,node/10915439394,saved_osm_element,convenience,convenience,True,True,no_rule_flag
osm-node-10932637345,ローソン,node/10932637345,saved_osm_element,convenience,convenience,True,True,no_rule_flag
osm-node-11349237599,Marine Corps Exchange (MCX),node/11349237599,saved_osm_element,supermarket,supermarket,True,True,no_rule_flag
osm-node-11389798235,ドラッグストアモリ 防府新田店,node/11389798235,saved_osm_element,pharmacy,drugstore,True,True,corrected
osm-node-11420251609,セブン-イレブン,node/11420251609,saved_osm_element,convenience,convenience,True,True,no_rule_flag
osm-node-11468850828,ファミリーマート,node/11468850828,saved_osm_element,convenience,convenience,True,True,no_rule_flag
osm-node-11548197840,セブン-イレブン 湯田温泉スマ―トインタ―店,node/11548197840,saved_osm_element,convenience,convenience,True,True,no_rule_flag
osm-node-11933833241,ファミリーマート,node/11933833241,saved_osm_element,convenience,convenience,True,True,no_rule_flag
osm-node-11933957300,セブン-イレブン,node/11933957300,saved_osm_element,convenience,convenience,True,True,no_rule_flag
osm-node-12064835867,朋和会薬局,node/12064835867,saved_osm_element,pharmacy,pharmacy,True,True,no_rule_flag
osm-node-12229478813,ダイレックス,node/12229478813,saved_osm_element,supermarket,supermarket,True,True,no_rule_flag
osm-node-12376158348,ローソン,node/12376158348,saved_osm_element,convenience,convenience,True,True,no_rule_flag
osm-node-12376234998,セブン-イレブン,node/12376234998,saved_osm_element,convenience,convenience,True,True,no_rule_flag
osm-node-12376670726,おかもと内閣,node/12376670726,saved_osm_element,clinic,clinic,True,True,pending
osm-node-12383832808,きわのもり歯科クリニック,node/12383832808,saved_osm_element,hospital,clinic,True,True,corrected
osm-node-12487748790,セブンイレブン宇部東岐波店,node/12487748790,saved_osm_element,convenience,convenience,True,True,no_rule_flag
osm-node-12487748791,ダイレックス東岐波店,node/12487748791,saved_osm_element,supermarket,supermarket,True,True,no_rule_flag
osm-node-12487748792,コスモス東岐波店,node/12487748792,saved_osm_element,supermarket,supermarket,True,True,pending
osm-node-12894253957,まるき嘉川店,node/12894253957,saved_osm_element,supermarket,supermarket,True,True,no_rule_flag
osm-node-12896592002,ファミリーマート,node/12896592002,saved_osm_element,convenience,convenience,True,True,no_rule_flag
osm-node-12919501779,ローソン,node/12919501779,saved_osm_element,supermarket,supermarket,True,True,pending
osm-node-12919548570,ローソン,node/12919548570,saved_osm_element,supermarket,supermarket,True,True,pending
osm-node-13019068187,ウォンツ,node/13019068187,saved_osm_element,drugstore,drugstore,True,True,no_rule_flag
osm-node-13019068190,ローソン,node/13019068190,saved_osm_element,convenience,convenience,True,True,no_rule_flag
osm-node-13041016003,まるき,node/13041016003,saved_osm_element,supermarket,supermarket,True,True,no_rule_flag
osm-node-13144890065,セブン-イレブン,node/13144890065,saved_osm_element,convenience,convenience,True,True,no_rule_flag
osm-node-13154614554,セブン-イレブン,node/13154614554,saved_osm_element,convenience,convenience,True,True,no_rule_flag
osm-node-13154614555,セブン-イレブン,node/13154614555,saved_osm_element,convenience,convenience,True,True,no_rule_flag
osm-node-13154614556,セブン-イレブン,node/13154614556,saved_osm_element,convenience,convenience,True,True,no_rule_flag
osm-node-13540022550,小郡第一整形駅前クリニック,node/13540022550,saved_osm_element,clinic,clinic,True,True,no_rule_flag
osm-node-13540022552,かなえ薬局,node/13540022552,saved_osm_element,pharmacy,pharmacy,True,True,no_rule_flag
osm-node-13651735831,Aコープ安下庄店,node/13651735831,saved_osm_element,supermarket,supermarket,True,True,no_rule_flag
osm-node-13651893749,セブンイレブン山口大島橘店,node/13651893749,saved_osm_element,convenience,convenience,True,True,no_rule_flag
osm-node-13651969772,中本ストアー,node/13651969772,saved_osm_element,convenience,convenience,True,True,no_rule_flag
osm-node-13664334705,ローソン,node/13664334705,saved_osm_element,convenience,convenience,True,True,no_rule_flag
osm-node-13789521881,ポプラ,node/13789521881,saved_osm_element,convenience,convenience,True,True,no_rule_flag
osm-node-1423653484,あずま会稗田病院,node/1423653484,saved_osm_element,hospital,hospital,True,True,no_rule_flag
osm-node-1423653689,オープンシステム徳山医師会病院,node/1423653689,saved_osm_element,hospital,hospital,True,True,no_rule_flag
osm-node-1423653836,三菱重工業株式会社下関造船所病院,node/1423653836,saved_osm_element,hospital,hospital,True,True,no_rule_flag
osm-node-1423653934,下関市医師会病院,node/1423653934,saved_osm_element,hospital,hospital,True,True,no_rule_flag
osm-node-1423654004,下関病院,node/1423654004,saved_osm_element,hospital,hospital,True,True,no_rule_flag
osm-node-1423654012,下関診療協会彦島病院,node/1423654012,saved_osm_element,hospital,hospital,True,True,no_rule_flag
osm-node-1423654028,丘病院,node/1423654028,saved_osm_element,hospital,hospital,True,True,no_rule_flag
osm-node-1423654138,仁徳会周南病院,node/1423654138,saved_osm_element,hospital,hospital,True,True,no_rule_flag
osm-node-1423654181,信和会高嶺病院,node/1423654181,saved_osm_element,hospital,hospital,True,True,no_rule_flag
osm-node-1423654205,元洋会森山病院,node/1423654205,saved_osm_element,hospital,hospital,True,True,no_rule_flag
osm-node-1423654264,光輝会光輝病院,node/1423654264,saved_osm_element,hospital,hospital,True,True,no_rule_flag
osm-node-1423654269,光風会岩国中央病院,node/1423654269,saved_osm_element,hospital,hospital,True,True,no_rule_flag
osm-node-1423654273,全生会周防病院,node/1423654273,saved_osm_element,hospital,hospital,True,True,no_rule_flag
osm-node-1423654274,全眞会病院,node/1423654274,saved_osm_element,hospital,hospital,True,True,no_rule_flag
osm-node-1423654293,市立美東病院,node/1423654293,saved_osm_element,hospital,hospital,True,True,no_rule_flag
osm-node-1423654294,其桃会西尾病院,node/1423654294,saved_osm_element,hospital,hospital,True,True,no_rule_flag
osm-node-1423654310,前田内科病院,node/1423654310,saved_osm_element,hospital,hospital,True,True,no_rule_flag
osm-node-1423654394,千寿会岩国第一病院,node/1423654394,saved_osm_element,hospital,hospital,True,True,no_rule_flag
osm-node-1423654419,南和会みどり病院,node/1423654419,saved_osm_element,hospital,hospital,True,True,no_rule_flag
osm-node-1423654420,南和会千鳥ケ丘病院,node/1423654420,saved_osm_element,hospital,hospital,True,True,no_rule_flag
osm-node-1423654432,博愛会村田博愛病院,node/1423654432,saved_osm_element,hospital,hospital,True,True,no_rule_flag
osm-node-1423654436,厚仁会西宇部病院,node/1423654436,saved_osm_element,hospital,hospital,True,True,no_rule_flag
osm-node-1423654505,向陽会阿知須同仁病院,node/1423654505,saved_osm_element,hospital,hospital,True,True,no_rule_flag
osm-node-1423654525,周南記念病院,node/1423654525,saved_osm_element,hospital,hospital,True,True,no_rule_flag
osm-node-1423654555,周東総合病院,node/1423654555,saved_osm_element,hospital,hospital,True,True,no_rule_flag
osm-node-1423654564,周防大島町立橘病院,node/1423654564,saved_osm_element,clinic,clinic,True,True,pending
osm-node-1423654575,和同会宇部温泉病院,node/1423654575,saved_osm_element,hospital,hospital,True,True,no_rule_flag
osm-node-1423654578,和同会片倉病院,node/1423654578,saved_osm_element,hospital,hospital,True,True,no_rule_flag
osm-node-1423654646,独立行政法人国立病院機構　山口宇部医療センター,node/1423654646,saved_osm_element,hospital,hospital,True,True,no_rule_flag
osm-node-1423654650,国立病院機構柳井病院,node/1423654650,saved_osm_element,hospital,hospital,True,True,no_rule_flag
osm-node-1423654651,国立病院機構関門医療センター,node/1423654651,saved_osm_element,hospital,hospital,True,True,no_rule_flag
osm-node-1423654756,大島郡国民健康保険診療施設組合大島東部病院,node/1423654756,saved_osm_element,hospital,hospital,True,True,no_rule_flag
osm-node-1423654757,大島郡国民健康保険診療施設組合大島病院,node/1423654757,saved_osm_element,hospital,hospital,True,True,no_rule_flag
osm-node-1423654796,太白会シーサイド病院,node/1423654796,saved_osm_element,hospital,hospital,True,True,no_rule_flag
osm-node-1423654807,季朋会王司病院,node/1423654807,saved_osm_element,hospital,hospital,True,True,no_rule_flag
osm-node-1423654864,宇部興産中央病院,node/1423654864,saved_osm_element,hospital,hospital,True,True,no_rule_flag
osm-node-1423655469,山口労災病院,node/1423655469,saved_osm_element,hospital,hospital,True,True,no_rule_flag
osm-node-1423655694,山口平成会山口平成病院,node/1423655694,saved_osm_element,hospital,hospital,True,True,no_rule_flag
osm-node-1423655804,山口県済生会豊浦町立病院,node/1423655804,saved_osm_element,hospital,hospital,True,True,no_rule_flag
osm-node-1423655821,山口県立中央病院,node/1423655821,saved_osm_element,hospital,hospital,True,True,no_rule_flag
osm-node-1423655950,山口逓信診療所,node/1423655950,saved_osm_element,hospital,hospital,True,True,no_rule_flag
osm-node-1423655972,山崎病院,node/1423655972,saved_osm_element,hospital,hospital,True,True,no_rule_flag
osm-node-1423655999,山陽会長門一ノ宮病院,node/1423655999,saved_osm_element,hospital,hospital,True,True,no_rule_flag
osm-node-1423656060,岩国みなみ病院,node/1423656060,saved_osm_element,hospital,hospital,True,True,no_rule_flag
osm-node-1423656116,岩国市医療センター医師会病院,node/1423656116,saved_osm_element,hospital,hospital,True,True,no_rule_flag
osm-node-1423656156,岩国病院,node/1423656156,saved_osm_element,hospital,hospital,True,True,no_rule_flag
osm-node-1423657598,康淳会緑町三祐病院,node/1423657598,saved_osm_element,hospital,hospital,True,True,no_rule_flag
osm-node-1423657599,萩むらた病院,node/1423657599,saved_osm_element,hospital,hospital,True,True,no_rule_flag
osm-node-1423657673,徳山静養院,node/1423657673,saved_osm_element,hospital,hospital,True,True,no_rule_flag
osm-node-1423658230,心和会小野田心和園,node/1423658230,saved_osm_element,hospital,hospital,True,True,no_rule_flag
osm-node-1423658238,恵愛会柳井病院,node/1423658238,saved_osm_element,hospital,hospital,True,True,no_rule_flag
osm-node-1423658243,惠愛会防府保養院,node/1423658243,saved_osm_element,hospital,hospital,True,True,no_rule_flag
osm-node-1423658244,愛の会光風園病院,node/1423658244,saved_osm_element,hospital,hospital,True,True,no_rule_flag
osm-node-1423658250,愛命会大田病院,node/1423658250,saved_osm_element,hospital,hospital,True,True,no_rule_flag
osm-node-1423658251,愛命会泉原病院,node/1423658251,saved_osm_element,hospital,hospital,True,True,no_rule_flag
osm-node-1423658261,慈生会萩慈生病院,node/1423658261,saved_osm_element,hospital,hospital,True,True,no_rule_flag
osm-node-1423658262,成幸会下松病院,node/1423658262,saved_osm_element,hospital,hospital,True,True,no_rule_flag
osm-node-1423658265,成蹊会岡田病院,node/1423658265,saved_osm_element,hospital,hospital,True,True,no_rule_flag
osm-node-1423658268,扶老会扶老会病院,node/1423658268,saved_osm_element,hospital,hospital,True,True,no_rule_flag
osm-node-1423658307,新生会いしい記念病院,node/1423658307,saved_osm_element,hospital,hospital,True,True,no_rule_flag
osm-node-1423658360,日良居病院,node/1423658360,saved_osm_element,hospital,hospital,True,True,no_rule_flag
osm-node-1423658379,星の里会岡病院,node/1423658379,saved_osm_element,hospital,hospital,True,True,no_rule_flag
osm-node-1423658394,曙会佐々木外科病院,node/1423658394,saved_osm_element,hospital,hospital,True,True,no_rule_flag
osm-node-1423658501,杏祐会三隅病院,node/1423658501,saved_osm_element,hospital,hospital,True,True,no_rule_flag
osm-node-1423658680,東洋鋼鈑診療所,node/1423658680,saved_osm_element,hospital,hospital,True,True,no_rule_flag
osm-node-1423658762,松友会松本外科病院,node/1423658762,saved_osm_element,hospital,hospital,True,True,no_rule_flag
osm-node-1423658785,松栄会坂本病院,node/1423658785,saved_osm_element,hospital,hospital,True,True,no_rule_flag
osm-node-1423658790,松涛会安岡病院,node/1423658790,saved_osm_element,hospital,hospital,True,True,no_rule_flag
osm-node-1423659425,株式会社日立製作所笠戸工場附属日立病院,node/1423659425,saved_osm_element,hospital,hospital,True,True,no_rule_flag
osm-node-1423659465,桃崎病院,node/1423659465,saved_osm_element,hospital,hospital,True,True,no_rule_flag
osm-node-1423659602,森田病院,node/1423659602,saved_osm_element,hospital,hospital,True,True,no_rule_flag
osm-node-1423659619,横田病院,node/1423659619,saved_osm_element,hospital,hospital,True,True,no_rule_flag
osm-node-1423659643,水の木会萩病院,node/1423659643,saved_osm_element,hospital,hospital,True,True,no_rule_flag
osm-node-1423659645,水生会柴田病院,node/1423659645,saved_osm_element,hospital,hospital,True,True,no_rule_flag
osm-node-1423659669,江藤病院,node/1423659669,saved_osm_element,hospital,hospital,True,True,no_rule_flag
osm-node-1423659670,池友会下関リハビリテーション病院,node/1423659670,saved_osm_element,hospital,hospital,True,True,no_rule_flag
osm-node-1423659694,治徳会湯野温泉病院,node/1423659694,saved_osm_element,hospital,hospital,True,True,no_rule_flag
osm-node-1423659695,泉仁会宇部第一病院,node/1423659695,saved_osm_element,hospital,hospital,True,True,no_rule_flag
osm-node-1423659750,清仁会林病院,node/1423659750,saved_osm_element,hospital,hospital,True,True,no_rule_flag
osm-node-1423659759,清和会吉南病院,node/1423659759,saved_osm_element,hospital,hospital,True,True,no_rule_flag
osm-node-1423659761,清志会藤政病院,node/1423659761,saved_osm_element,hospital,hospital,True,True,no_rule_flag
osm-node-1423659775,済生会山口総合病院,node/1423659775,saved_osm_element,hospital,hospital,True,True,no_rule_flag
osm-node-1423659776,済生会湯田温泉病院,node/1423659776,saved_osm_element,hospital,hospital,True,True,no_rule_flag
osm-node-1423659787,滝部病院,node/1423659787,saved_osm_element,hospital,hospital,True,True,no_rule_flag
osm-node-1423659791,瀬戸病院,node/1423659791,saved_osm_element,hospital,hospital,True,True,no_rule_flag
osm-node-1423659827,玉木病院,node/1423659827,saved_osm_element,hospital,hospital,True,True,no_rule_flag
osm-node-1423659837,玖玉会玖珂中央病院,node/1423659837,saved_osm_element,hospital,hospital,True,True,no_rule_flag
osm-node-1423659851,生和会湯野生和会病院,node/1423659851,saved_osm_element,hospital,hospital,True,True,no_rule_flag
osm-node-1423659853,生山会斎木病院,node/1423659853,saved_osm_element,hospital,hospital,True,True,no_rule_flag
osm-node-1423659873,田中病院,node/1423659873,saved_osm_element,hospital,hospital,True,True,no_rule_flag
osm-node-1423659945,大和総合病院,node/1423659945,saved_osm_element,hospital,hospital,True,True,no_rule_flag
osm-node-1423660034,市立美和病院,node/1423660034,saved_osm_element,hospital,hospital,True,True,no_rule_flag
osm-node-1423660173,山口県立こころの医療センター,node/1423660173,saved_osm_element,hospital,hospital,True,True,no_rule_flag
osm-node-1423660244,社会保険下関厚生病院,node/1423660244,saved_osm_element,hospital,hospital,True,True,no_rule_flag
osm-node-1423660371,祐圭会山口よしき病院,node/1423660371,saved_osm_element,hospital,hospital,True,True,no_rule_flag
osm-node-1423660385,神徳会三田尻病院,node/1423660385,saved_osm_element,hospital,hospital,True,True,no_rule_flag
osm-node-1423660396,福寿会福永病院,node/1423660396,saved_osm_element,hospital,hospital,True,True,no_rule_flag
osm-node-1423660599,米沢記念桑陽病院,node/1423660599,saved_osm_element,hospital,hospital,True,True,no_rule_flag
osm-node-1423660614,綜合病院社会保険徳山中央病院,node/1423660614,saved_osm_element,hospital,hospital,True,True,no_rule_flag
osm-node-1423660622,緑山会周南高原病院,node/1423660622,saved_osm_element,hospital,hospital,True,True,no_rule_flag
osm-node-1423660623,緑山会鹿野博愛病院,node/1423660623,saved_osm_element,hospital,hospital,True,True,no_rule_flag
osm-node-1423660652,美祢市立病院,node/1423660652,saved_osm_element,hospital,hospital,True,True,no_rule_flag
osm-node-1423660730,聖比留会セントヒル病院,node/1423660730,saved_osm_element,hospital,hospital,True,True,no_rule_flag
osm-node-1423660752,至誠会梅田病院,node/1423660752,saved_osm_element,hospital,hospital,True,True,no_rule_flag
osm-node-1423660765,若宮会山口若宮病院,node/1423660765,saved_osm_element,hospital,hospital,True,True,no_rule_flag
osm-node-1423660767,若草会小郡まきはら病院,node/1423660767,saved_osm_element,hospital,hospital,True,True,no_rule_flag
osm-node-1423660774,茜会昭和病院,node/1423660774,saved_osm_element,hospital,hospital,True,True,no_rule_flag
osm-node-1423660817,萩市民病院,node/1423660817,saved_osm_element,hospital,hospital,True,True,no_rule_flag
osm-node-1423660991,親和会織畠病院,node/1423660991,saved_osm_element,hospital,hospital,True,True,no_rule_flag
osm-node-1423661039,豊愛会豊北病院,node/1423661039,saved_osm_element,hospital,hospital,True,True,no_rule_flag
osm-node-1423661103,豊田中央病院,node/1423661103,saved_osm_element,hospital,hospital,True,True,no_rule_flag
osm-node-1423661116,豊美会田代台病院,node/1423661116,saved_osm_element,hospital,hospital,True,True,no_rule_flag
osm-node-1423661124,貴和会防府病院,node/1423661124,saved_osm_element,hospital,hospital,True,True,no_rule_flag
osm-node-1423661178,野村病院,node/1423661178,saved_osm_element,hospital,hospital,True,True,no_rule_flag
osm-node-1423661199,錦病院,node/1423661199,saved_osm_element,hospital,hospital,True,True,no_rule_flag
osm-node-1423661209,長府病院,node/1423661209,saved_osm_element,hospital,hospital,True,True,no_rule_flag
osm-node-1423661223,長明会長沢病院,node/1423661223,saved_osm_element,hospital,hospital,True,True,no_rule_flag
osm-node-1423661250,長門総合病院,node/1423661250,saved_osm_element,hospital,hospital,True,True,no_rule_flag
osm-node-1423661327,防府消化器病センター防府胃腸病院,node/1423661327,saved_osm_element,hospital,hospital,True,True,no_rule_flag
osm-node-1423661468,陽光会光中央病院,node/1423661468,saved_osm_element,hospital,hospital,True,True,no_rule_flag
osm-node-1423661473,青寿会武久病院,node/1423661473,saved_osm_element,hospital,hospital,True,True,no_rule_flag
osm-node-1423661474,青山会リフレまえだ病院,node/1423661474,saved_osm_element,hospital,hospital,True,True,no_rule_flag
osm-node-1423661681,鼓ケ浦整肢学園,node/1423661681,saved_osm_element,hospital,hospital,True,True,no_rule_flag
osm-node-1593079370,セブン-イレブン,node/1593079370,saved_osm_element,convenience,convenience,True,True,no_rule_flag
osm-node-1618763376,セブン-イレブン,node/1618763376,saved_osm_element,convenience,convenience,True,True,no_rule_flag
osm-node-2252806318,セブン-イレブン,node/2252806318,saved_osm_element,convenience,convenience,True,True,no_rule_flag
osm-node-2253194966,セブン-イレブン,node/2253194966,saved_osm_element,convenience,convenience,True,True,no_rule_flag
osm-node-2253197417,セブン-イレブン,node/2253197417,saved_osm_element,convenience,convenience,True,True,no_rule_flag
osm-node-2253200282,クスリ岩崎チェーン,node/2253200282,saved_osm_element,pharmacy,pharmacy,True,True,pending
osm-node-2253691125,コープやまぐち,node/2253691125,saved_osm_element,supermarket,supermarket,True,True,no_rule_flag
osm-node-2253707359,ローソン,node/2253707359,saved_osm_element,convenience,convenience,True,True,no_rule_flag
osm-node-2301970318,芝草薬局,node/2301970318,saved_osm_element,pharmacy,pharmacy,True,True,no_rule_flag
osm-node-2302485679,さくら薬局,node/2302485679,saved_osm_element,pharmacy,pharmacy,True,True,no_rule_flag
osm-node-2302485684,ポプラ,node/2302485684,saved_osm_element,convenience,convenience,True,True,no_rule_flag
osm-node-2302485686,宮尾医院,node/2302485686,saved_osm_element,clinic,clinic,True,True,no_rule_flag
osm-node-2303146771,ローソン,node/2303146771,saved_osm_element,convenience,convenience,True,True,no_rule_flag
osm-node-2303175267,よしとみ整骨院,node/2303175267,saved_osm_element,clinic,reference,True,True,out_of_scope
osm-node-2303175278,セブン-イレブン,node/2303175278,saved_osm_element,convenience,convenience,True,True,no_rule_flag
osm-node-2303851408,シノハラ,node/2303851408,saved_osm_element,pharmacy,pharmacy,True,True,no_rule_flag
osm-node-2306269756,ふかわ薬局,node/2306269756,saved_osm_element,pharmacy,pharmacy,True,True,no_rule_flag
osm-node-2306269787,國司眼科医院,node/2306269787,saved_osm_element,clinic,clinic,True,True,no_rule_flag
osm-node-2306332773,領家循環器・内科,node/2306332773,saved_osm_element,clinic,clinic,True,True,no_rule_flag
osm-node-2414456143,宮本商店,node/2414456143,saved_osm_element,convenience,convenience,True,True,no_rule_flag
osm-node-2420817189,丸喜 下関一の宮店,node/2420817189,saved_osm_element,supermarket,supermarket,True,True,no_rule_flag
osm-node-2426673962,下関大丸,node/2426673962,saved_osm_element,mall,mall,True,True,no_rule_flag
osm-node-2498750488,おおそら薬局,node/2498750488,saved_osm_element,pharmacy,pharmacy,True,True,no_rule_flag
osm-node-2498750511,とみなが皮ふ科,node/2498750511,saved_osm_element,clinic,clinic,True,True,no_rule_flag
osm-node-2498909112,岩国医療センター,node/2498909112,saved_osm_element,hospital,hospital,True,True,no_rule_flag
osm-node-2499032822,中央フード川下店,node/2499032822,saved_osm_element,supermarket,supermarket,True,True,no_rule_flag
osm-node-2503633370,三吉フード,node/2503633370,saved_osm_element,supermarket,supermarket,True,True,no_rule_flag
osm-node-2503638477,マックスバリュ南岩国店,node/2503638477,saved_osm_element,supermarket,supermarket,True,True,no_rule_flag
osm-node-2508259669,中央フード平田店,node/2508259669,saved_osm_element,supermarket,supermarket,True,True,no_rule_flag
osm-node-2508260099,万総南岩国店,node/2508260099,saved_osm_element,supermarket,supermarket,True,True,no_rule_flag
osm-node-2523081786,中央フード山手店,node/2523081786,saved_osm_element,supermarket,supermarket,True,True,no_rule_flag
osm-node-2527628179,マルキュウ,node/2527628179,saved_osm_element,supermarket,supermarket,True,True,no_rule_flag
osm-node-2748741361,MaxValu,node/2748741361,saved_osm_element,supermarket,supermarket,True,True,no_rule_flag
osm-node-2748741363,マツモトキヨシ,node/2748741363,saved_osm_element,pharmacy,pharmacy,True,True,no_rule_flag
osm-node-3017512810,ローソン,node/3017512810,saved_osm_element,convenience,convenience,True,True,no_rule_flag
osm-node-3096871729,Yショップ,node/3096871729,saved_osm_element,convenience,convenience,True,True,no_rule_flag
osm-node-3207021062,新南陽市民病院,node/3207021062,saved_osm_element,hospital,hospital,True,True,no_rule_flag
osm-node-3219824892,ローソン,node/3219824892,saved_osm_element,convenience,convenience,True,True,no_rule_flag
osm-node-3555459656,業務スーパー,node/3555459656,saved_osm_element,supermarket,supermarket,True,True,no_rule_flag
osm-node-3596474500,マックスバリュ,node/3596474500,saved_osm_element,supermarket,supermarket,True,True,no_rule_flag
osm-node-3681613625,黒川病院,node/3681613625,saved_osm_element,hospital,hospital,True,True,no_rule_flag
osm-node-3716202776,セブンイレブン,node/3716202776,saved_osm_element,convenience,convenience,True,True,no_rule_flag
osm-node-3716209175,セブンイレブン,node/3716209175,saved_osm_element,convenience,convenience,True,True,no_rule_flag
osm-node-3767101960,クスリ岩崎チェーン,node/3767101960,saved_osm_element,drugstore,drugstore,True,True,no_rule_flag
osm-node-3768698057,宇都宮医院,node/3768698057,saved_osm_element,clinic,clinic,True,True,no_rule_flag
osm-node-3783016857,セブンイレブン,node/3783016857,saved_osm_element,convenience,convenience,True,True,no_rule_flag
osm-node-3786992202,萩しーまーと,node/3786992202,saved_osm_element,mall,mall,True,True,no_rule_flag
osm-node-3798156478,いちやSC,node/3798156478,saved_osm_element,supermarket,supermarket,True,True,pending
osm-node-3799039405,アルク,node/3799039405,saved_osm_element,supermarket,supermarket,True,True,no_rule_flag
osm-node-3799245557,ローソン,node/3799245557,saved_osm_element,convenience,convenience,True,True,no_rule_flag
osm-node-3800072362,森岡医院,node/3800072362,saved_osm_element,clinic,clinic,True,True,no_rule_flag
osm-node-3800802663,高橋内科,node/3800802663,saved_osm_element,clinic,clinic,True,True,no_rule_flag
osm-node-3804918121,コスモス,node/3804918121,saved_osm_element,drugstore,drugstore,True,True,no_rule_flag
osm-node-3808382357,浅海医院,node/3808382357,saved_osm_element,clinic,clinic,True,True,no_rule_flag
osm-node-3809385357,香田整形外科,node/3809385357,saved_osm_element,clinic,clinic,True,True,no_rule_flag
osm-node-3812486961,岐陽内科,node/3812486961,saved_osm_element,clinic,clinic,True,True,no_rule_flag
osm-node-3812486962,清水クリニック,node/3812486962,saved_osm_element,clinic,clinic,True,True,no_rule_flag
osm-node-3812551757,広田眼科,node/3812551757,saved_osm_element,clinic,clinic,True,True,no_rule_flag
osm-node-3812554657,藤井内科,node/3812554657,saved_osm_element,clinic,clinic,True,True,no_rule_flag
osm-node-3812568557,野村眼科,node/3812568557,saved_osm_element,clinic,clinic,True,True,no_rule_flag
osm-node-3813311158,ファミリーマート,node/3813311158,saved_osm_element,convenience,convenience,True,True,no_rule_flag
osm-node-3813312059,藤井医院,node/3813312059,saved_osm_element,clinic,clinic,True,True,no_rule_flag
osm-node-3814755158,土生クリニック,node/3814755158,saved_osm_element,clinic,clinic,True,True,no_rule_flag
osm-node-3815583957,山下内科小児科,node/3815583957,saved_osm_element,clinic,clinic,True,True,no_rule_flag
osm-node-3815584060,早川整形外科,node/3815584060,saved_osm_element,clinic,clinic,True,True,no_rule_flag
osm-node-3816814958,こうち医院,node/3816814958,saved_osm_element,clinic,clinic,True,True,no_rule_flag
osm-node-3816821666,中原医院,node/3816821666,saved_osm_element,clinic,clinic,True,True,no_rule_flag
osm-node-3816869540,まえだ循環器内科,node/3816869540,saved_osm_element,clinic,clinic,True,True,no_rule_flag
osm-node-3822029057,イケダ薬局,node/3822029057,saved_osm_element,pharmacy,pharmacy,True,True,no_rule_flag
osm-node-3822041057,西田薬局,node/3822041057,saved_osm_element,pharmacy,pharmacy,True,True,no_rule_flag
osm-node-3822041059,セブンイレブン,node/3822041059,saved_osm_element,convenience,convenience,True,True,no_rule_flag
osm-node-3822047457,大和,node/3822047457,saved_osm_element,supermarket,supermarket,True,True,no_rule_flag
osm-node-3826422758,休日夜間急病診療所,node/3826422758,saved_osm_element,clinic,clinic,True,True,no_rule_flag
osm-node-3830148058,おおしろ小児科,node/3830148058,saved_osm_element,clinic,clinic,True,True,no_rule_flag
osm-node-3844405175,ローソン,node/3844405175,saved_osm_element,convenience,convenience,True,True,no_rule_flag
osm-node-3844415774,セブンイレブン,node/3844415774,saved_osm_element,convenience,convenience,True,True,no_rule_flag
osm-node-3844434768,浅見内科,node/3844434768,saved_osm_element,clinic,clinic,True,True,no_rule_flag
osm-node-3844434857,藤嶋内科,node/3844434857,saved_osm_element,clinic,clinic,True,True,no_rule_flag
osm-node-3846496960,セブンイレブン,node/3846496960,saved_osm_element,convenience,convenience,True,True,no_rule_flag
osm-node-3848010763,かわむら小児科,node/3848010763,saved_osm_element,clinic,clinic,True,True,no_rule_flag
osm-node-3848017163,五島整形外科,node/3848017163,saved_osm_element,clinic,clinic,True,True,no_rule_flag
osm-node-3858247858,桜田医院,node/3858247858,saved_osm_element,clinic,clinic,True,True,no_rule_flag
osm-node-3858293559,おかたに医院,node/3858293559,saved_osm_element,clinic,clinic,True,True,no_rule_flag
osm-node-3858878258,佐藤医院,node/3858878258,saved_osm_element,clinic,clinic,True,True,no_rule_flag
osm-node-3885981764,ファミリーマート,node/3885981764,saved_osm_element,convenience,convenience,True,True,no_rule_flag
osm-node-3888982929,ローソン,node/3888982929,saved_osm_element,convenience,convenience,True,True,no_rule_flag
osm-node-3889070769,石川眼科,node/3889070769,saved_osm_element,clinic,clinic,True,True,no_rule_flag
osm-node-3889811357,セブンイレブン,node/3889811357,saved_osm_element,convenience,convenience,True,True,no_rule_flag
osm-node-3889811362,いとう内科呼吸器科,node/3889811362,saved_osm_element,clinic,clinic,True,True,no_rule_flag
osm-node-3890041657,石田整形外科,node/3890041657,saved_osm_element,clinic,clinic,True,True,no_rule_flag
osm-node-3890041761,ハートデンタル,node/3890041761,saved_osm_element,clinic,clinic,True,True,no_rule_flag
osm-node-3890044459,宮里クリニック,node/3890044459,saved_osm_element,clinic,clinic,True,True,no_rule_flag
osm-node-3890130658,ドラッグセガミ,node/3890130658,saved_osm_element,drugstore,drugstore,True,True,no_rule_flag
osm-node-3890136162,ウォンツ,node/3890136162,saved_osm_element,drugstore,drugstore,True,True,no_rule_flag
osm-node-3890162059,セブンイレブン,node/3890162059,saved_osm_element,convenience,convenience,True,True,no_rule_flag
osm-node-3890162130,ローソン,node/3890162130,saved_osm_element,convenience,convenience,True,True,no_rule_flag
osm-node-3890213959,ファミリーマート,node/3890213959,saved_osm_element,convenience,convenience,True,True,no_rule_flag
osm-node-3891702557,三戸医院,node/3891702557,saved_osm_element,clinic,clinic,True,True,no_rule_flag
osm-node-3892840857,クスリ岩崎チェーン,node/3892840857,saved_osm_element,drugstore,drugstore,True,True,no_rule_flag
osm-node-3893439480,宇野内科,node/3893439480,saved_osm_element,clinic,clinic,True,True,no_rule_flag
osm-node-3896587457,クスリ岩崎チェーン,node/3896587457,saved_osm_element,drugstore,drugstore,True,True,no_rule_flag
osm-node-3898107684,堀家医院,node/3898107684,saved_osm_element,clinic,clinic,True,True,no_rule_flag
osm-node-3904166557,弘田消化器科,node/3904166557,saved_osm_element,clinic,clinic,True,True,no_rule_flag
osm-node-3908813968,ローソン,node/3908813968,saved_osm_element,convenience,convenience,True,True,no_rule_flag
osm-node-3913870065,津田胃腸科内科,node/3913870065,saved_osm_element,clinic,clinic,True,True,no_rule_flag
osm-node-3913901858,ファミリーマート,node/3913901858,saved_osm_element,convenience,convenience,True,True,no_rule_flag
osm-node-3913970158,マルキュウ,node/3913970158,saved_osm_element,supermarket,supermarket,True,True,no_rule_flag
osm-node-3913971173,セブンイレブン,node/3913971173,saved_osm_element,convenience,convenience,True,True,no_rule_flag
osm-node-3913971365,年光整形外科,node/3913971365,saved_osm_element,clinic,clinic,True,True,no_rule_flag
osm-node-3925382594,セブンイレブン,node/3925382594,saved_osm_element,convenience,convenience,True,True,no_rule_flag
osm-node-3926409461,山縣医院,node/3926409461,saved_osm_element,clinic,clinic,True,True,no_rule_flag
osm-node-3926469060,コスモス,node/3926469060,saved_osm_element,drugstore,drugstore,True,True,no_rule_flag
osm-node-3926469160,ファミリーマート,node/3926469160,saved_osm_element,convenience,convenience,True,True,no_rule_flag
osm-node-3926556158,中村整形外科,node/3926556158,saved_osm_element,clinic,clinic,True,True,no_rule_flag
osm-node-3928694064,セブンイレブン,node/3928694064,saved_osm_element,convenience,convenience,True,True,no_rule_flag
osm-node-3928702411,周南,node/3928702411,saved_osm_element,supermarket,supermarket,True,True,no_rule_flag
osm-node-3929828157,ファミリーマート,node/3929828157,saved_osm_element,convenience,convenience,True,True,no_rule_flag
osm-node-3929831557,セブンイレブン,node/3929831557,saved_osm_element,convenience,convenience,True,True,no_rule_flag
osm-node-3936977750,セブンイレブン,node/3936977750,saved_osm_element,convenience,convenience,True,True,no_rule_flag
osm-node-3951221857,マックスバリュ,node/3951221857,saved_osm_element,supermarket,supermarket,True,True,no_rule_flag
osm-node-3951221858,イオン柳井新庄SC,node/3951221858,saved_osm_element,supermarket,supermarket,True,True,pending
osm-node-3951222960,ファミリーマート,node/3951222960,saved_osm_element,convenience,convenience,True,True,no_rule_flag
osm-node-3951224360,イオンタウン平生,node/3951224360,saved_osm_element,mall,mall,True,True,no_rule_flag
osm-node-3951224785,MrMax柳井SC,node/3951224785,saved_osm_element,mall,mall,True,True,no_rule_flag
osm-node-3951240957,ミコー,node/3951240957,saved_osm_element,supermarket,supermarket,True,True,no_rule_flag
osm-node-3951273760,ファミリーマート,node/3951273760,saved_osm_element,convenience,convenience,True,True,no_rule_flag
osm-node-3956625808,小橋クリニック,node/3956625808,saved_osm_element,clinic,clinic,True,True,no_rule_flag
osm-node-3958953264,柳澤小児科,node/3958953264,saved_osm_element,clinic,clinic,True,True,no_rule_flag
osm-node-3985385679,セブンイレブン,node/3985385679,saved_osm_element,convenience,convenience,True,True,no_rule_flag
osm-node-3985872375,ローソン,node/3985872375,saved_osm_element,convenience,convenience,True,True,no_rule_flag
osm-node-3985885957,石崎内科,node/3985885957,saved_osm_element,clinic,clinic,True,True,no_rule_flag
osm-node-3985910474,ポプラ,node/3985910474,saved_osm_element,convenience,convenience,True,True,no_rule_flag
osm-node-3985934560,青柳医院,node/3985934560,saved_osm_element,clinic,clinic,True,True,no_rule_flag
osm-node-3987165058,岡藤内科,node/3987165058,saved_osm_element,clinic,clinic,True,True,no_rule_flag
osm-node-3987166157,小林耳鼻咽喉科,node/3987166157,saved_osm_element,clinic,clinic,True,True,no_rule_flag
osm-node-3987270457,マルエス,node/3987270457,saved_osm_element,supermarket,supermarket,True,True,no_rule_flag
osm-node-3987888378,梶原眼科,node/3987888378,saved_osm_element,clinic,clinic,True,True,no_rule_flag
osm-node-3987893870,有馬医院,node/3987893870,saved_osm_element,clinic,clinic,True,True,no_rule_flag
osm-node-3987921290,しげおか医院,node/3987921290,saved_osm_element,clinic,clinic,True,True,no_rule_flag
osm-node-3987946557,上村内科,node/3987946557,saved_osm_element,clinic,clinic,True,True,no_rule_flag
osm-node-3989305360,しのはらクリニック,node/3989305360,saved_osm_element,clinic,clinic,True,True,no_rule_flag
osm-node-3989322459,英クリニック,node/3989322459,saved_osm_element,clinic,clinic,True,True,no_rule_flag
osm-node-3994614370,水津皮フ科,node/3994614370,saved_osm_element,clinic,clinic,True,True,no_rule_flag
osm-node-3994614657,周防医院,node/3994614657,saved_osm_element,clinic,clinic,True,True,no_rule_flag
osm-node-4001911189,山本医院,node/4001911189,saved_osm_element,clinic,clinic,True,True,no_rule_flag
osm-node-4001921801,ファミリーマート,node/4001921801,saved_osm_element,convenience,convenience,True,True,no_rule_flag
osm-node-4002020489,セブンイレブン,node/4002020489,saved_osm_element,convenience,convenience,True,True,no_rule_flag
osm-node-4002021491,コスモス,node/4002021491,saved_osm_element,drugstore,drugstore,True,True,no_rule_flag
osm-node-4003546094,あいクリニック,node/4003546094,saved_osm_element,clinic,clinic,True,True,no_rule_flag
osm-node-4003564591,ローソン,node/4003564591,saved_osm_element,convenience,convenience,True,True,no_rule_flag
osm-node-4003569889,篠原小児科,node/4003569889,saved_osm_element,clinic,clinic,True,True,no_rule_flag
osm-node-4016630790,みやもとクリニック,node/4016630790,saved_osm_element,clinic,clinic,True,True,no_rule_flag
osm-node-4020982389,ローソン,node/4020982389,saved_osm_element,convenience,convenience,True,True,no_rule_flag
osm-node-4021724799,セブンイレブン,node/4021724799,saved_osm_element,convenience,convenience,True,True,no_rule_flag
osm-node-4021833491,マックスバリュ,node/4021833491,saved_osm_element,supermarket,supermarket,True,True,no_rule_flag
osm-node-4021837791,ドラッグセガミ,node/4021837791,saved_osm_element,drugstore,drugstore,True,True,no_rule_flag
osm-node-4021864894,イオン下松山田SC,node/4021864894,saved_osm_element,supermarket,supermarket,True,True,pending
osm-node-4030770306,セブンイレブン,node/4030770306,saved_osm_element,convenience,convenience,True,True,no_rule_flag
osm-node-4030770698,アルク,node/4030770698,saved_osm_element,supermarket,supermarket,True,True,no_rule_flag
osm-node-4030942901,篠山医院,node/4030942901,saved_osm_element,clinic,clinic,True,True,no_rule_flag
osm-node-4031069004,フタミ薬局,node/4031069004,saved_osm_element,pharmacy,pharmacy,True,True,no_rule_flag
osm-node-4034055630,秀浦医院,node/4034055630,saved_osm_element,clinic,clinic,True,True,no_rule_flag
osm-node-4034162900,クスリ岩崎チェーン,node/4034162900,saved_osm_element,drugstore,drugstore,True,True,no_rule_flag
osm-node-4035821890,かわの循環器科,node/4035821890,saved_osm_element,clinic,clinic,True,True,no_rule_flag
osm-node-4036285900,サニー,node/4036285900,saved_osm_element,supermarket,supermarket,True,True,no_rule_flag
osm-node-4038113306,コスモス,node/4038113306,saved_osm_element,drugstore,drugstore,True,True,no_rule_flag
osm-node-4038129697,セブンイレブン,node/4038129697,saved_osm_element,convenience,convenience,True,True,no_rule_flag
osm-node-4038129699,中村薬局,node/4038129699,saved_osm_element,pharmacy,pharmacy,True,True,no_rule_flag
osm-node-4040197596,ファミリーマート,node/4040197596,saved_osm_element,convenience,convenience,True,True,no_rule_flag
osm-node-4040401792,安田薬局,node/4040401792,saved_osm_element,pharmacy,pharmacy,True,True,no_rule_flag
osm-node-4040426395,松野整形外科,node/4040426395,saved_osm_element,clinic,clinic,True,True,no_rule_flag
osm-node-4040475289,コスモス,node/4040475289,saved_osm_element,drugstore,drugstore,True,True,no_rule_flag
osm-node-4041036391,中央診療所,node/4041036391,saved_osm_element,clinic,clinic,True,True,no_rule_flag
osm-node-4041096298,大西眼科,node/4041096298,saved_osm_element,clinic,clinic,True,True,no_rule_flag
osm-node-4041096304,しみず医院,node/4041096304,saved_osm_element,clinic,clinic,True,True,no_rule_flag
osm-node-4041109870,防府耳鼻咽喉科,node/4041109870,saved_osm_element,clinic,clinic,True,True,no_rule_flag
osm-node-4041110344,ザ・ビッグ,node/4041110344,saved_osm_element,supermarket,supermarket,True,True,no_rule_flag
osm-node-4041113792,山本内科,node/4041113792,saved_osm_element,clinic,clinic,True,True,no_rule_flag
osm-node-4041114309,黒川産婦人科,node/4041114309,saved_osm_element,clinic,clinic,True,True,no_rule_flag
osm-node-4041136093,ウォンツ,node/4041136093,saved_osm_element,drugstore,drugstore,True,True,no_rule_flag
osm-node-4079999296,セブンイレブン,node/4079999296,saved_osm_element,convenience,convenience,True,True,no_rule_flag
osm-node-4096802701,神徳内科,node/4096802701,saved_osm_element,clinic,clinic,True,True,no_rule_flag
osm-node-4098784689,ポプラ,node/4098784689,saved_osm_element,convenience,convenience,True,True,no_rule_flag
osm-node-4098795892,ファミリーマート,node/4098795892,saved_osm_element,convenience,convenience,True,True,no_rule_flag
osm-node-4098812296,フジグラン山口,node/4098812296,saved_osm_element,mall,mall,True,True,no_rule_flag
osm-node-4098812592,ハイパーモールMERX,node/4098812592,saved_osm_element,mall,mall,True,True,no_rule_flag
osm-node-4098836989,クスリ岩崎チェーン,node/4098836989,saved_osm_element,drugstore,drugstore,True,True,no_rule_flag
osm-node-4099763789,ポプラ,node/4099763789,saved_osm_element,convenience,convenience,True,True,no_rule_flag
osm-node-4099850207,ファディ,node/4099850207,saved_osm_element,supermarket,supermarket,True,True,no_rule_flag
osm-node-4099850208,クスリ岩崎チェーン,node/4099850208,saved_osm_element,drugstore,drugstore,True,True,no_rule_flag
osm-node-4101056002,コスモス,node/4101056002,saved_osm_element,drugstore,drugstore,True,True,no_rule_flag
osm-node-4101767789,ドン・キホーテ,node/4101767789,saved_osm_element,mall,mall,True,True,no_rule_flag
osm-node-4107556704,セブン-イレブン,node/4107556704,saved_osm_element,convenience,convenience,True,True,no_rule_flag
osm-node-4107719089,ハラ薬局,node/4107719089,saved_osm_element,pharmacy,pharmacy,True,True,no_rule_flag
osm-node-4107785889,くすりらんど栄町薬局,node/4107785889,saved_osm_element,pharmacy,pharmacy,True,True,no_rule_flag
osm-node-4179784689,セブンイレブン,node/4179784689,saved_osm_element,convenience,convenience,True,True,no_rule_flag
osm-node-4180046781,セブンイレブン,node/4180046781,saved_osm_element,convenience,convenience,True,True,no_rule_flag
osm-node-4180327490,阿知須共立病院,node/4180327490,saved_osm_element,hospital,hospital,True,True,no_rule_flag
osm-node-4182322801,ザ・ビッグ,node/4182322801,saved_osm_element,supermarket,supermarket,True,True,no_rule_flag
osm-node-4182391105,ハイパーモールメルクス宇部,node/4182391105,saved_osm_element,mall,mall,True,True,no_rule_flag
osm-node-4184569793,池田医院,node/4184569793,saved_osm_element,clinic,clinic,True,True,no_rule_flag
osm-node-4237167187,ザ・ビッグ,node/4237167187,saved_osm_element,supermarket,supermarket,True,True,no_rule_flag
osm-node-4237168826,イオン,node/4237168826,saved_osm_element,supermarket,supermarket,True,True,no_rule_flag
osm-node-4297393692,ヤマザキショップ,node/4297393692,saved_osm_element,convenience,convenience,True,True,no_rule_flag
osm-node-4311182190,ファミリーマート,node/4311182190,saved_osm_element,convenience,convenience,True,True,no_rule_flag
osm-node-4311258189,ローソン,node/4311258189,saved_osm_element,convenience,convenience,True,True,no_rule_flag
osm-node-4312053189,岸田内科,node/4312053189,saved_osm_element,clinic,clinic,True,True,no_rule_flag
osm-node-4315692495,セブンイレブン,node/4315692495,saved_osm_element,convenience,convenience,True,True,no_rule_flag
osm-node-4315767097,丸久徳佐店,node/4315767097,saved_osm_element,supermarket,supermarket,True,True,retained
osm-node-4324759192,佃医院,node/4324759192,saved_osm_element,clinic,clinic,True,True,no_rule_flag
osm-node-4324809289,マルキュウ,node/4324809289,saved_osm_element,supermarket,supermarket,True,True,no_rule_flag
osm-node-4326371790,セブンイレブン,node/4326371790,saved_osm_element,convenience,convenience,True,True,no_rule_flag
osm-node-4326392992,しみず医院,node/4326392992,saved_osm_element,clinic,clinic,True,True,no_rule_flag
osm-node-4326403489,ファミリーマート,node/4326403489,saved_osm_element,convenience,convenience,True,True,no_rule_flag
osm-node-4326405391,みちがみ病院,node/4326405391,saved_osm_element,hospital,hospital,True,True,no_rule_flag
osm-node-4326408489,マックスバリュ,node/4326408489,saved_osm_element,supermarket,supermarket,True,True,no_rule_flag
osm-node-4326408491,高橋眼科,node/4326408491,saved_osm_element,clinic,clinic,True,True,no_rule_flag
osm-node-4326413589,クスリ岩崎チェーン,node/4326413589,saved_osm_element,drugstore,drugstore,True,True,no_rule_flag
osm-node-4326414389,ファミリーマート,node/4326414389,saved_osm_element,convenience,convenience,True,True,no_rule_flag
osm-node-4326423989,マルキュウ,node/4326423989,saved_osm_element,supermarket,supermarket,True,True,no_rule_flag
osm-node-4326423990,クスリ岩崎チェーン,node/4326423990,saved_osm_element,drugstore,drugstore,True,True,no_rule_flag
osm-node-4326424689,ファミリーマート,node/4326424689,saved_osm_element,convenience,convenience,True,True,no_rule_flag
osm-node-4331632089,兼清外科,node/4331632089,saved_osm_element,clinic,clinic,True,True,no_rule_flag
osm-node-4331927690,あきよし心療内科,node/4331927690,saved_osm_element,clinic,clinic,True,True,no_rule_flag
osm-node-4334933890,守友医院,node/4334933890,saved_osm_element,clinic,clinic,True,True,no_rule_flag
osm-node-4334939991,かしわや薬局,node/4334939991,saved_osm_element,drugstore,drugstore,True,True,no_rule_flag
osm-node-4334951590,藤原皮膚科,node/4334951590,saved_osm_element,clinic,clinic,True,True,no_rule_flag
osm-node-4334964689,浅江SC,node/4334964689,saved_osm_element,mall,mall,True,True,no_rule_flag
osm-node-4334964790,ウォンツ,node/4334964790,saved_osm_element,drugstore,drugstore,True,True,no_rule_flag
osm-node-4354767908,コスモス,node/4354767908,saved_osm_element,drugstore,drugstore,True,True,no_rule_flag
osm-node-4354827192,セブンイレブン,node/4354827192,saved_osm_element,convenience,convenience,True,True,no_rule_flag
osm-node-4354827193,田中眼科,node/4354827193,saved_osm_element,clinic,clinic,True,True,no_rule_flag
osm-node-4354872989,イオン,node/4354872989,saved_osm_element,mall,mall,True,True,no_rule_flag
osm-node-4354929289,ひかり皮フ科,node/4354929289,saved_osm_element,clinic,clinic,True,True,no_rule_flag
osm-node-4355080590,セブン-イレブン,node/4355080590,saved_osm_element,convenience,convenience,True,True,no_rule_flag
osm-node-4355083195,アルク,node/4355083195,saved_osm_element,supermarket,supermarket,True,True,no_rule_flag
osm-node-4355087493,コープ,node/4355087493,saved_osm_element,supermarket,supermarket,True,True,no_rule_flag
osm-node-4355087693,ポプラ,node/4355087693,saved_osm_element,convenience,convenience,True,True,no_rule_flag
osm-node-4355089099,福本医院,node/4355089099,saved_osm_element,clinic,clinic,True,True,no_rule_flag
osm-node-4355095191,多田クリニック,node/4355095191,saved_osm_element,clinic,clinic,True,True,no_rule_flag
osm-node-4355096689,Best,node/4355096689,saved_osm_element,supermarket,supermarket,True,True,pending
osm-node-4355124589,新日鐵住金診療所,node/4355124589,saved_osm_element,hospital,hospital,True,True,no_rule_flag
osm-node-4356791591,吉村医院,node/4356791591,saved_osm_element,clinic,clinic,True,True,no_rule_flag
osm-node-4356791592,前田医院,node/4356791592,saved_osm_element,clinic,clinic,True,True,no_rule_flag
osm-node-4356796091,セブンイレブン,node/4356796091,saved_osm_element,convenience,convenience,True,True,no_rule_flag
osm-node-4356810991,マルキュウ,node/4356810991,saved_osm_element,supermarket,supermarket,True,True,no_rule_flag
osm-node-4358136997,市山医院,node/4358136997,saved_osm_element,clinic,clinic,True,True,no_rule_flag
osm-node-4362780390,平岡医院,node/4362780390,saved_osm_element,clinic,clinic,True,True,no_rule_flag
osm-node-4362811593,ローソン,node/4362811593,saved_osm_element,convenience,convenience,True,True,no_rule_flag
osm-node-4362832294,松村医院,node/4362832294,saved_osm_element,clinic,clinic,True,True,no_rule_flag
osm-node-4362838789,近藤整形外科,node/4362838789,saved_osm_element,clinic,clinic,True,True,no_rule_flag
osm-node-4364264392,マックスバリュ,node/4364264392,saved_osm_element,supermarket,supermarket,True,True,no_rule_flag
osm-node-4364264590,ウォンツ,node/4364264590,saved_osm_element,drugstore,drugstore,True,True,no_rule_flag
osm-node-4364802989,セブンイレブン,node/4364802989,saved_osm_element,convenience,convenience,True,True,no_rule_flag
osm-node-4365701592,田村医院,node/4365701592,saved_osm_element,clinic,clinic,True,True,no_rule_flag
osm-node-4404216494,アルク,node/4404216494,saved_osm_element,supermarket,supermarket,True,True,no_rule_flag
osm-node-4404247490,クスリ岩崎チェーン,node/4404247490,saved_osm_element,drugstore,drugstore,True,True,no_rule_flag
osm-node-4404247492,松島こどもクリニック,node/4404247492,saved_osm_element,clinic,clinic,True,True,no_rule_flag
osm-node-4407663993,セブンイレブン,node/4407663993,saved_osm_element,convenience,convenience,True,True,no_rule_flag
osm-node-4419982889,セブン-イレブン,node/4419982889,saved_osm_element,convenience,convenience,True,True,no_rule_flag
osm-node-4420227590,サンマート（株） 秋穂店,node/4420227590,saved_osm_element,supermarket,supermarket,True,True,no_rule_flag
osm-node-4420234178,ローソン,node/4420234178,saved_osm_element,convenience,convenience,True,True,no_rule_flag
osm-node-4420234516,セブン-イレブン,node/4420234516,saved_osm_element,convenience,convenience,True,True,no_rule_flag
osm-node-4420238015,ローソン,node/4420238015,saved_osm_element,convenience,convenience,True,True,no_rule_flag
osm-node-4441538293,マルキュウ,node/4441538293,saved_osm_element,supermarket,supermarket,True,True,no_rule_flag
osm-node-4445005953,ふくだ,node/4445005953,saved_osm_element,supermarket,supermarket,True,True,no_rule_flag
osm-node-4445151293,ファミリーマート,node/4445151293,saved_osm_element,convenience,convenience,True,True,no_rule_flag
osm-node-4445151294,セブンイレブン,node/4445151294,saved_osm_element,convenience,convenience,True,True,no_rule_flag
osm-node-4453430446,セブンイレブン,node/4453430446,saved_osm_element,convenience,convenience,True,True,no_rule_flag
osm-node-4466343604,セブンイレブン,node/4466343604,saved_osm_element,convenience,convenience,True,True,no_rule_flag
osm-node-4466374807,キオスク,node/4466374807,saved_osm_element,convenience,convenience,True,True,no_rule_flag
osm-node-4466386290,五嶋内科クリニック,node/4466386290,saved_osm_element,clinic,clinic,True,True,no_rule_flag
osm-node-4466387201,コスモス,node/4466387201,saved_osm_element,pharmacy,pharmacy,True,True,pending
osm-node-4501621210,クスリ岩崎チェーン,node/4501621210,saved_osm_element,drugstore,drugstore,True,True,no_rule_flag
osm-node-4501645537,アルク,node/4501645537,saved_osm_element,supermarket,supermarket,True,True,no_rule_flag
osm-node-4501648808,牟礼小児科,node/4501648808,saved_osm_element,clinic,clinic,True,True,no_rule_flag
osm-node-4501653174,ローソン,node/4501653174,saved_osm_element,convenience,convenience,True,True,no_rule_flag
osm-node-4514601788,セブンイレブン,node/4514601788,saved_osm_element,convenience,convenience,True,True,no_rule_flag
osm-node-4518463998,森下外科整形外科,node/4518463998,saved_osm_element,clinic,clinic,True,True,no_rule_flag
osm-node-4518497636,メディカルドラッグ ビスティー,node/4518497636,saved_osm_element,drugstore,drugstore,True,True,no_rule_flag
osm-node-4561741314,古賀内科,node/4561741314,saved_osm_element,clinic,clinic,True,True,no_rule_flag
osm-node-4561807530,イオンタウン周南久米,node/4561807530,saved_osm_element,mall,mall,True,True,no_rule_flag
osm-node-4561837209,原田医院,node/4561837209,saved_osm_element,clinic,clinic,True,True,no_rule_flag
osm-node-4561843808,山口内科,node/4561843808,saved_osm_element,clinic,clinic,True,True,no_rule_flag
osm-node-4561853737,クスリ岩崎チェーン,node/4561853737,saved_osm_element,drugstore,drugstore,True,True,no_rule_flag
osm-node-4605758989,ファミリーマート,node/4605758989,saved_osm_element,convenience,convenience,True,True,no_rule_flag
osm-node-4605758991,サンマート,node/4605758991,saved_osm_element,supermarket,supermarket,True,True,no_rule_flag
osm-node-4607181745,ファミリーマート,node/4607181745,saved_osm_element,convenience,convenience,True,True,no_rule_flag
osm-node-4607726932,セブンイレブン,node/4607726932,saved_osm_element,convenience,convenience,True,True,no_rule_flag
osm-node-4618356950,ヤマザキショップ,node/4618356950,saved_osm_element,convenience,convenience,True,True,no_rule_flag
osm-node-4622002148,セブン-イレブン,node/4622002148,saved_osm_element,convenience,convenience,True,True,no_rule_flag
osm-node-4622007948,まるみ,node/4622007948,saved_osm_element,supermarket,supermarket,True,True,no_rule_flag
osm-node-4622015621,ラピール,node/4622015621,saved_osm_element,supermarket,supermarket,True,True,no_rule_flag
osm-node-4622018354,サンマート,node/4622018354,saved_osm_element,supermarket,supermarket,True,True,no_rule_flag
osm-node-4622724795,ヤマザキショップ,node/4622724795,saved_osm_element,convenience,convenience,True,True,no_rule_flag
osm-node-4622797139,ウエスタまるき,node/4622797139,saved_osm_element,supermarket,supermarket,True,True,no_rule_flag
osm-node-4622797140,ローソン,node/4622797140,saved_osm_element,convenience,convenience,True,True,no_rule_flag
osm-node-4623444539,セブン-イレブン,node/4623444539,saved_osm_element,convenience,convenience,True,True,no_rule_flag
osm-node-4623451199,ウエダ眼科,node/4623451199,saved_osm_element,clinic,clinic,True,True,no_rule_flag
osm-node-4623459001,青葉こどもクリニック,node/4623459001,saved_osm_element,clinic,clinic,True,True,no_rule_flag
osm-node-4623459002,新下関耳鼻クリニック,node/4623459002,saved_osm_element,clinic,clinic,True,True,no_rule_flag
osm-node-4623459003,井町婦人科,node/4623459003,saved_osm_element,clinic,clinic,True,True,no_rule_flag
osm-node-4623471429,ローソン,node/4623471429,saved_osm_element,convenience,convenience,True,True,no_rule_flag
osm-node-4623485325,ローソン,node/4623485325,saved_osm_element,convenience,convenience,True,True,no_rule_flag
osm-node-4628658735,トライアル,node/4628658735,saved_osm_element,supermarket,supermarket,True,True,no_rule_flag
osm-node-4628665515,コスモス,node/4628665515,saved_osm_element,drugstore,drugstore,True,True,no_rule_flag
osm-node-4628971228,おばた胃腸科内科,node/4628971228,saved_osm_element,clinic,clinic,True,True,no_rule_flag
osm-node-4628981946,ローソン,node/4628981946,saved_osm_element,convenience,convenience,True,True,no_rule_flag
osm-node-4629000067,セブン-イレブン,node/4629000067,saved_osm_element,convenience,convenience,True,True,no_rule_flag
osm-node-4629022505,ファミリーマート,node/4629022505,saved_osm_element,convenience,convenience,True,True,no_rule_flag
osm-node-4629022506,セブン-イレブン,node/4629022506,saved_osm_element,convenience,convenience,True,True,no_rule_flag
osm-node-4629024855,山口内科,node/4629024855,saved_osm_element,clinic,clinic,True,True,no_rule_flag
osm-node-4632049772,ゆめタウン,node/4632049772,saved_osm_element,supermarket,supermarket,True,True,no_rule_flag
osm-node-4632096432,大下内科,node/4632096432,saved_osm_element,clinic,clinic,True,True,no_rule_flag
osm-node-4632101107,サンキュードラッグ,node/4632101107,saved_osm_element,drugstore,drugstore,True,True,no_rule_flag
osm-node-4632112499,あきの整形外科,node/4632112499,saved_osm_element,clinic,clinic,True,True,no_rule_flag
osm-node-4632113678,ドラッグストアモリ,node/4632113678,saved_osm_element,drugstore,drugstore,True,True,no_rule_flag
osm-node-4634596659,筒井整形外科,node/4634596659,saved_osm_element,clinic,clinic,True,True,no_rule_flag
osm-node-4634596660,赤星外科胃腸科,node/4634596660,saved_osm_element,clinic,clinic,True,True,no_rule_flag
osm-node-4634596661,いけだ内科,node/4634596661,saved_osm_element,clinic,clinic,True,True,no_rule_flag
osm-node-4634601654,セブン-イレブン,node/4634601654,saved_osm_element,convenience,convenience,True,True,no_rule_flag
osm-node-4650826392,なかむらレディースクリニック,node/4650826392,saved_osm_element,clinic,clinic,True,True,no_rule_flag
osm-node-4650828326,（株）サンマート 熊谷店,node/4650828326,saved_osm_element,supermarket,supermarket,True,True,no_rule_flag
osm-node-4676631339,サンマート,node/4676631339,saved_osm_element,supermarket,supermarket,True,True,no_rule_flag
osm-node-4685211538,ヤマザキショップ,node/4685211538,saved_osm_element,convenience,convenience,True,True,no_rule_flag
osm-node-4703458279,セブンイレブン,node/4703458279,saved_osm_element,convenience,convenience,True,True,no_rule_flag
osm-node-4706575630,ファミリーマート,node/4706575630,saved_osm_element,convenience,convenience,True,True,no_rule_flag
osm-node-4759624664,ローソン,node/4759624664,saved_osm_element,convenience,convenience,True,True,no_rule_flag
osm-node-4763687323,サンキュードラッグ,node/4763687323,saved_osm_element,drugstore,drugstore,True,True,no_rule_flag
osm-node-4763687324,すぎはら内科・消化器病クリニック,node/4763687324,saved_osm_element,clinic,clinic,True,True,no_rule_flag
osm-node-4812739939,ローソン,node/4812739939,saved_osm_element,convenience,convenience,True,True,no_rule_flag
osm-node-4812744815,セブン-イレブン,node/4812744815,saved_osm_element,convenience,convenience,True,True,no_rule_flag
osm-node-4812745602,クロスモール,node/4812745602,saved_osm_element,mall,mall,True,True,no_rule_flag
osm-node-4812756016,栗原医院,node/4812756016,saved_osm_element,clinic,clinic,True,True,no_rule_flag
osm-node-4812941591,ローソン,node/4812941591,saved_osm_element,convenience,convenience,True,True,no_rule_flag
osm-node-4812963082,セブンイレブン,node/4812963082,saved_osm_element,convenience,convenience,True,True,no_rule_flag
osm-node-4813493706,ファミリーマート,node/4813493706,saved_osm_element,convenience,convenience,True,True,no_rule_flag
osm-node-4814518117,コスモス,node/4814518117,saved_osm_element,drugstore,drugstore,True,True,no_rule_flag
osm-node-4814524034,セブン-イレブン,node/4814524034,saved_osm_element,convenience,convenience,True,True,no_rule_flag
osm-node-4814879241,たなべ内科,node/4814879241,saved_osm_element,clinic,clinic,True,True,no_rule_flag
osm-node-4814879243,長井整形外科,node/4814879243,saved_osm_element,clinic,clinic,True,True,no_rule_flag
osm-node-4814880282,アルク,node/4814880282,saved_osm_element,supermarket,supermarket,True,True,no_rule_flag
osm-node-4817157852,コスモス,node/4817157852,saved_osm_element,drugstore,drugstore,True,True,no_rule_flag
osm-node-4817157853,ウェスタまるき,node/4817157853,saved_osm_element,supermarket,supermarket,True,True,no_rule_flag
osm-node-4817157854,ファミリーマート,node/4817157854,saved_osm_element,convenience,convenience,True,True,no_rule_flag
osm-node-4817184944,セブンイレブン,node/4817184944,saved_osm_element,convenience,convenience,True,True,no_rule_flag
osm-node-4818119124,ローソン,node/4818119124,saved_osm_element,convenience,convenience,True,True,no_rule_flag
osm-node-4818155053,ウォンツ,node/4818155053,saved_osm_element,drugstore,drugstore,True,True,no_rule_flag
osm-node-4818155054,マックスバリュ,node/4818155054,saved_osm_element,supermarket,supermarket,True,True,no_rule_flag
osm-node-4820293999,ファミリーマート,node/4820293999,saved_osm_element,convenience,convenience,True,True,no_rule_flag
osm-node-4820335896,セブンイレブン,node/4820335896,saved_osm_element,convenience,convenience,True,True,no_rule_flag
osm-node-4820354062,セブンイレブン,node/4820354062,saved_osm_element,convenience,convenience,True,True,no_rule_flag
osm-node-4820362141,ユアーズバリュー,node/4820362141,saved_osm_element,supermarket,supermarket,True,True,no_rule_flag
osm-node-4820382351,防府コスパ,node/4820382351,saved_osm_element,mall,mall,True,True,no_rule_flag
osm-node-4820384258,セブンイレブン,node/4820384258,saved_osm_element,convenience,convenience,True,True,no_rule_flag
osm-node-4820386832,脇医院,node/4820386832,saved_osm_element,clinic,clinic,True,True,no_rule_flag
osm-node-4823238810,ユアーズ・バリュー,node/4823238810,saved_osm_element,supermarket,supermarket,True,True,no_rule_flag
osm-node-4823246364,セブンイレブン,node/4823246364,saved_osm_element,convenience,convenience,True,True,no_rule_flag
osm-node-4823257983,ドラッグストア モリ,node/4823257983,saved_osm_element,drugstore,drugstore,True,True,no_rule_flag
osm-node-4823282803,セブンイレブン,node/4823282803,saved_osm_element,convenience,convenience,True,True,no_rule_flag
osm-node-4825327464,ファミリーマート,node/4825327464,saved_osm_element,convenience,convenience,True,True,no_rule_flag
osm-node-4825346290,ファミリーマート,node/4825346290,saved_osm_element,convenience,convenience,True,True,no_rule_flag
osm-node-4825426355,松本クリニック,node/4825426355,saved_osm_element,clinic,clinic,True,True,no_rule_flag
osm-node-4825445127,木村整形外科,node/4825445127,saved_osm_element,clinic,clinic,True,True,no_rule_flag
osm-node-4826868298,セブン-イレブン,node/4826868298,saved_osm_element,convenience,convenience,True,True,no_rule_flag
osm-node-4826894024,ローソン,node/4826894024,saved_osm_element,convenience,convenience,True,True,no_rule_flag
osm-node-4861927248,マルキュウ,node/4861927248,saved_osm_element,supermarket,supermarket,True,True,no_rule_flag
osm-node-4861933257,甲嶋内科,node/4861933257,saved_osm_element,clinic,clinic,True,True,no_rule_flag
osm-node-4861935431,岡医院,node/4861935431,saved_osm_element,clinic,clinic,True,True,no_rule_flag
osm-node-4861944207,吉田整形外科,node/4861944207,saved_osm_element,clinic,clinic,True,True,no_rule_flag
osm-node-4861954004,三好クリニック,node/4861954004,saved_osm_element,clinic,clinic,True,True,no_rule_flag
osm-node-4861964038,クスリ岩崎チェーン,node/4861964038,saved_osm_element,drugstore,drugstore,True,True,no_rule_flag
osm-node-4864127926,山口泌尿器科,node/4864127926,saved_osm_element,clinic,clinic,True,True,no_rule_flag
osm-node-4864137486,原医院,node/4864137486,saved_osm_element,clinic,clinic,True,True,no_rule_flag
osm-node-4864138322,古屋敷医院,node/4864138322,saved_osm_element,clinic,clinic,True,True,no_rule_flag
osm-node-4864140625,昌山医院,node/4864140625,saved_osm_element,clinic,clinic,True,True,no_rule_flag
osm-node-4864205029,ながみつクリニック,node/4864205029,saved_osm_element,clinic,clinic,True,True,no_rule_flag
osm-node-4864205030,澤内科消化器科,node/4864205030,saved_osm_element,clinic,clinic,True,True,no_rule_flag
osm-node-4864212746,セブンイレブン,node/4864212746,saved_osm_element,convenience,convenience,True,True,no_rule_flag
osm-node-4864225362,ファミリーマート,node/4864225362,saved_osm_element,convenience,convenience,True,True,no_rule_flag
osm-node-4864225363,ファミリーマート,node/4864225363,saved_osm_element,convenience,convenience,True,True,no_rule_flag
osm-node-4881580439,セブンイレブン,node/4881580439,saved_osm_element,convenience,convenience,True,True,no_rule_flag
osm-node-4886834035,ディオ,node/4886834035,saved_osm_element,supermarket,supermarket,True,True,no_rule_flag
osm-node-4886834036,トライアル,node/4886834036,saved_osm_element,supermarket,supermarket,True,True,no_rule_flag
osm-node-4886834754,セブンイレブン,node/4886834754,saved_osm_element,convenience,convenience,True,True,no_rule_flag
osm-node-4886834755,ファミリーマート,node/4886834755,saved_osm_element,convenience,convenience,True,True,no_rule_flag
osm-node-4886834756,ポプラ,node/4886834756,saved_osm_element,convenience,convenience,True,True,no_rule_flag
osm-node-4886882646,セブンイレブン,node/4886882646,saved_osm_element,convenience,convenience,True,True,no_rule_flag
osm-node-4894697972,セブン-イレブン,node/4894697972,saved_osm_element,convenience,convenience,True,True,no_rule_flag
osm-node-4909975236,ハローズ 防府新田店（防府新田モール）,node/4909975236,saved_osm_element,supermarket,supermarket,True,True,no_rule_flag
osm-node-4941732255,ローソン,node/4941732255,saved_osm_element,convenience,convenience,True,True,no_rule_flag
osm-node-4941732256,ファミリーマート,node/4941732256,saved_osm_element,convenience,convenience,True,True,no_rule_flag
osm-node-4941751456,コスモス,node/4941751456,saved_osm_element,drugstore,drugstore,True,True,no_rule_flag
osm-node-4989059182,セブンイレブン,node/4989059182,saved_osm_element,convenience,convenience,True,True,no_rule_flag
osm-node-4989063641,セブンイレブン,node/4989063641,saved_osm_element,convenience,convenience,True,True,no_rule_flag
osm-node-4989063649,ローソン,node/4989063649,saved_osm_element,convenience,convenience,True,True,no_rule_flag
osm-node-4989064238,業務スーパー,node/4989064238,saved_osm_element,supermarket,supermarket,True,True,no_rule_flag
osm-node-4989064475,ローソン,node/4989064475,saved_osm_element,convenience,convenience,True,True,no_rule_flag
osm-node-4989995843,サンマート,node/4989995843,saved_osm_element,supermarket,supermarket,True,True,no_rule_flag
osm-node-4990095795,セブンイレブン,node/4990095795,saved_osm_element,convenience,convenience,True,True,no_rule_flag
osm-node-5003068016,セブンイレブン,node/5003068016,saved_osm_element,convenience,convenience,True,True,no_rule_flag
osm-node-5003072830,ローソン,node/5003072830,saved_osm_element,convenience,convenience,True,True,no_rule_flag
osm-node-5050356350,セブン-イレブン,node/5050356350,saved_osm_element,convenience,convenience,True,True,no_rule_flag
osm-node-5071484558,サンマート,node/5071484558,saved_osm_element,supermarket,supermarket,True,True,no_rule_flag
osm-node-5080600148,ヤマザキショップ大内菅内店,node/5080600148,saved_osm_element,convenience,convenience,True,True,no_rule_flag
osm-node-5148212434,セブン-イレブン,node/5148212434,saved_osm_element,convenience,convenience,True,True,no_rule_flag
osm-node-5148212453,セブン-イレブン,node/5148212453,saved_osm_element,convenience,convenience,True,True,no_rule_flag
osm-node-5167389300,セブン-イレブン,node/5167389300,saved_osm_element,convenience,convenience,True,True,no_rule_flag
osm-node-5167418013,丸久 由宇店,node/5167418013,saved_osm_element,supermarket,supermarket,True,True,no_rule_flag
osm-node-5174658780,町田医院,node/5174658780,saved_osm_element,clinic,clinic,True,True,no_rule_flag
osm-node-5254873841,ローソン,node/5254873841,saved_osm_element,convenience,convenience,True,True,no_rule_flag
osm-node-5255123595,ヤマザキショップ,node/5255123595,saved_osm_element,convenience,convenience,True,True,no_rule_flag
osm-node-5257015428,セブンイレブン,node/5257015428,saved_osm_element,convenience,convenience,True,True,no_rule_flag
osm-node-5257020071,ウエスタまるき,node/5257020071,saved_osm_element,supermarket,supermarket,True,True,no_rule_flag
osm-node-5257020072,ドラッグストア モリ,node/5257020072,saved_osm_element,drugstore,drugstore,True,True,no_rule_flag
osm-node-5259062035,ローソン,node/5259062035,saved_osm_element,convenience,convenience,True,True,no_rule_flag
osm-node-5289646328,セブンイレブン,node/5289646328,saved_osm_element,convenience,convenience,True,True,no_rule_flag
osm-node-5297381961,セブンイレブン,node/5297381961,saved_osm_element,convenience,convenience,True,True,no_rule_flag
osm-node-5330289515,ローソン,node/5330289515,saved_osm_element,convenience,convenience,True,True,no_rule_flag
osm-node-5336218226,ユアーズ・バリュ,node/5336218226,saved_osm_element,supermarket,supermarket,True,True,no_rule_flag
osm-node-5336229369,サンマート,node/5336229369,saved_osm_element,supermarket,supermarket,True,True,no_rule_flag
osm-node-5336400779,セブンイレブン,node/5336400779,saved_osm_element,convenience,convenience,True,True,no_rule_flag
osm-node-5336410896,セブンイレブン,node/5336410896,saved_osm_element,convenience,convenience,True,True,no_rule_flag
osm-node-5336882589,セブンイレブン,node/5336882589,saved_osm_element,convenience,convenience,True,True,no_rule_flag
osm-node-5344701143,フジ,node/5344701143,saved_osm_element,supermarket,supermarket,True,True,no_rule_flag
osm-node-5365857720,ファミリーマート,node/5365857720,saved_osm_element,convenience,convenience,True,True,no_rule_flag
osm-node-5365877024,セブンイレブン,node/5365877024,saved_osm_element,convenience,convenience,True,True,no_rule_flag
osm-node-5366029880,サンマート,node/5366029880,saved_osm_element,supermarket,supermarket,True,True,no_rule_flag
osm-node-5372465724,セブンイレブン,node/5372465724,saved_osm_element,convenience,convenience,True,True,no_rule_flag
osm-node-5407410562,セブンイレブン,node/5407410562,saved_osm_element,convenience,convenience,True,True,no_rule_flag
osm-node-5411899937,ファミリーマート,node/5411899937,saved_osm_element,convenience,convenience,True,True,no_rule_flag
osm-node-5412395602,ファミリーマート,node/5412395602,saved_osm_element,convenience,convenience,True,True,no_rule_flag
osm-node-5412600025,クスリ岩崎チェーン,node/5412600025,saved_osm_element,drugstore,drugstore,True,True,no_rule_flag
osm-node-5414588708,クスリ岩崎チェーン,node/5414588708,saved_osm_element,drugstore,drugstore,True,True,no_rule_flag
osm-node-5416052827,遠藤中央薬局,node/5416052827,saved_osm_element,pharmacy,pharmacy,True,True,no_rule_flag
osm-node-5419672879,ヤマザキショップ,node/5419672879,saved_osm_element,convenience,convenience,True,True,no_rule_flag
osm-node-5429467234,サンマート,node/5429467234,saved_osm_element,supermarket,supermarket,True,True,no_rule_flag
osm-node-5429488649,セブン-イレブン,node/5429488649,saved_osm_element,convenience,convenience,True,True,no_rule_flag
osm-node-5454433650,セブンイレブン,node/5454433650,saved_osm_element,convenience,convenience,True,True,no_rule_flag
osm-node-5456594526,セブン-イレブン,node/5456594526,saved_osm_element,convenience,convenience,True,True,no_rule_flag
osm-node-5463868168,ディスカウントドラッグ コスモス,node/5463868168,saved_osm_element,mall,mall,True,True,pending
osm-node-5482408601,ディスカウントドラッグコスモス,node/5482408601,saved_osm_element,drugstore,drugstore,True,True,no_rule_flag
osm-node-5482411383,ディスカウントドラッグコスモス,node/5482411383,saved_osm_element,drugstore,drugstore,True,True,no_rule_flag
osm-node-5482436498,Aコープ 長門,node/5482436498,saved_osm_element,supermarket,supermarket,True,True,no_rule_flag
osm-node-5482437719,セブンイレブン,node/5482437719,saved_osm_element,convenience,convenience,True,True,no_rule_flag
osm-node-5482447139,マックスバリュ,node/5482447139,saved_osm_element,supermarket,supermarket,True,True,no_rule_flag
osm-node-5483813600,ローソン,node/5483813600,saved_osm_element,convenience,convenience,True,True,no_rule_flag
osm-node-5483813906,サンマート,node/5483813906,saved_osm_element,supermarket,supermarket,True,True,no_rule_flag
osm-node-5484016272,丸和,node/5484016272,saved_osm_element,supermarket,supermarket,True,True,no_rule_flag
osm-node-5484018456,くすり岩崎,node/5484018456,saved_osm_element,drugstore,drugstore,True,True,no_rule_flag
osm-node-5485705111,くすり岩崎,node/5485705111,saved_osm_element,drugstore,drugstore,True,True,no_rule_flag
osm-node-5487623881,セブンイレブン,node/5487623881,saved_osm_element,convenience,convenience,True,True,no_rule_flag
osm-node-5517944162,サンマート,node/5517944162,saved_osm_element,supermarket,supermarket,True,True,no_rule_flag
osm-node-5517944227,クスリ岩崎チェーン,node/5517944227,saved_osm_element,drugstore,drugstore,True,True,no_rule_flag
osm-node-5517945321,ディスカウントドラッグコスモス,node/5517945321,saved_osm_element,drugstore,drugstore,True,True,no_rule_flag
osm-node-5518491536,ウェスタまるき 神田店,node/5518491536,saved_osm_element,supermarket,supermarket,True,True,no_rule_flag
osm-node-5712889433,クスリ岩崎チェーン,node/5712889433,saved_osm_element,pharmacy,pharmacy,True,True,pending
osm-node-5712889434,マックスバリュ,node/5712889434,saved_osm_element,supermarket,supermarket,True,True,no_rule_flag
osm-node-5836321485,Yuzuya,node/5836321485,saved_osm_element,convenience,convenience,True,True,no_rule_flag
osm-node-6011255090,クスリ岩崎チェーン,node/6011255090,saved_osm_element,drugstore,drugstore,True,True,no_rule_flag
osm-node-6011703186,ウォンツ徳佐店,node/6011703186,saved_osm_element,supermarket,supermarket,True,True,pending
osm-node-6014468885,セブンイレブン,node/6014468885,saved_osm_element,convenience,convenience,True,True,no_rule_flag
osm-node-6168362552,イオン,node/6168362552,saved_osm_element,mall,mall,True,True,no_rule_flag
osm-node-6194948420,セブン-イレブン 岩国旭町店,node/6194948420,saved_osm_element,convenience,convenience,True,True,no_rule_flag
osm-node-6194948464,セブン-イレブン 岩国旭町店,node/6194948464,saved_osm_element,convenience,convenience,True,True,no_rule_flag
osm-node-6207423482,ローソン,node/6207423482,saved_osm_element,convenience,convenience,True,True,no_rule_flag
osm-node-6448935187,ファミリーマート,node/6448935187,saved_osm_element,convenience,convenience,True,True,no_rule_flag
osm-node-6514743786,みすみ食料品店,node/6514743786,saved_osm_element,supermarket,supermarket,True,True,no_rule_flag
osm-node-6707893626,みさき,node/6707893626,saved_osm_element,pharmacy,pharmacy,True,True,no_rule_flag
osm-node-6707893627,黒川,node/6707893627,saved_osm_element,clinic,clinic,True,True,no_rule_flag
osm-node-6753275483,ローソン 山口大内矢田南四丁目店,node/6753275483,saved_osm_element,convenience,convenience,True,True,no_rule_flag
osm-node-6753292712,セブン-イレブン 山口大内矢田店,node/6753292712,saved_osm_element,convenience,convenience,True,True,no_rule_flag
osm-node-6824551794,Daily Yamazaki,node/6824551794,saved_osm_element,convenience,convenience,True,True,no_rule_flag
osm-node-6824826146,ローソン,node/6824826146,saved_osm_element,convenience,convenience,True,True,no_rule_flag
osm-node-6829963628,セブン-イレブン,node/6829963628,saved_osm_element,convenience,convenience,True,True,no_rule_flag
osm-node-6832096567,ローソン,node/6832096567,saved_osm_element,convenience,convenience,True,True,no_rule_flag
osm-node-7037775362,イシダ動物病院,node/7037775362,saved_osm_element,hospital,reference,True,True,out_of_scope
osm-node-7205145561,セブン-イレブン,node/7205145561,saved_osm_element,convenience,convenience,True,True,no_rule_flag
osm-node-7205145562,ローソン,node/7205145562,saved_osm_element,convenience,convenience,True,True,no_rule_flag
osm-node-7329014485,セブンイレブン,node/7329014485,saved_osm_element,convenience,convenience,True,True,no_rule_flag
osm-node-7811177401,光の会重本病院,node/7811177401,saved_osm_element,hospital,hospital,True,True,no_rule_flag
osm-node-7814280097,回生堂薬局,node/7814280097,saved_osm_element,pharmacy,pharmacy,True,True,no_rule_flag
osm-node-7925514879,セブンイレブン　美祢十文字店,node/7925514879,saved_osm_element,supermarket,supermarket,True,True,pending
osm-node-827126224,セブン-イレブン,node/827126224,saved_osm_element,convenience,convenience,True,True,no_rule_flag
osm-node-827148501,セブン-イレブン,node/827148501,saved_osm_element,convenience,convenience,True,True,no_rule_flag
osm-node-8324024714,徳山病院,node/8324024714,saved_osm_element,clinic,clinic,True,True,pending
osm-node-8370495729,ディスカウントドラッグ　コスモス,node/8370495729,saved_osm_element,drugstore,drugstore,True,True,no_rule_flag
osm-node-8748754217,山三商店,node/8748754217,saved_osm_element,supermarket,supermarket,True,True,no_rule_flag
osm-node-9077221317,セブン-イレブン,node/9077221317,saved_osm_element,convenience,convenience,True,True,no_rule_flag
osm-node-9077221318,セブンイレブン,node/9077221318,saved_osm_element,convenience,convenience,True,True,no_rule_flag
osm-node-9077221319,セブンイレブン,node/9077221319,saved_osm_element,convenience,convenience,True,True,no_rule_flag
osm-node-9081354218,アルク,node/9081354218,saved_osm_element,supermarket,supermarket,True,True,no_rule_flag
osm-node-9235014218,TRIAL,node/9235014218,saved_osm_element,supermarket,supermarket,True,True,no_rule_flag
osm-node-9235014219,セブンイレブン,node/9235014219,saved_osm_element,convenience,convenience,True,True,no_rule_flag
osm-node-9235019618,セブンイレブン,node/9235019618,saved_osm_element,convenience,convenience,True,True,no_rule_flag
osm-node-9235019619,セブンイレブン,node/9235019619,saved_osm_element,convenience,convenience,True,True,no_rule_flag
osm-node-9472242519,ウォンツ 宇部亀浦店,node/9472242519,saved_osm_element,drugstore,drugstore,True,True,no_rule_flag
osm-node-9472329356,セブン-イレブン 山陽小野田丸河内店,node/9472329356,saved_osm_element,convenience,convenience,True,True,no_rule_flag
osm-node-9472329366,ウェスタまるき 西割店,node/9472329366,saved_osm_element,supermarket,supermarket,True,True,no_rule_flag
osm-node-9570903450,ローソン 山口阿知須インター店,node/9570903450,saved_osm_element,convenience,convenience,True,True,no_rule_flag
osm-node-9570903454,サンリブ阿知須,node/9570903454,saved_osm_element,supermarket,supermarket,True,True,no_rule_flag
osm-relation-6326931,マックスバリュ田布施店,relation/6326931,saved_osm_element,supermarket,supermarket,True,True,no_rule_flag
osm-way-1005110398,セブン-イレブン,way/1005110398,saved_osm_element,convenience,convenience,True,True,no_rule_flag
osm-way-1017565091,ヤマザキショップ,way/1017565091,saved_osm_element,convenience,convenience,True,True,no_rule_flag
osm-way-1027461546,ウォンツ 宇部亀浦店,way/1027461546,saved_osm_element,drugstore,drugstore,True,True,no_rule_flag
osm-way-1027471838,セブン-イレブン 宇部東須恵中原店 24H,way/1027471838,saved_osm_element,convenience,convenience,True,True,no_rule_flag
osm-way-1047411724,セブン-イレブン,way/1047411724,saved_osm_element,convenience,convenience,True,True,no_rule_flag
osm-way-1069977638,山口銀行 丸久川西店,way/1069977638,saved_osm_element,supermarket,supermarket,True,True,pending
osm-way-1117303436,山陽小野田市民病院,way/1117303436,saved_osm_element,hospital,hospital,True,True,no_rule_flag
osm-way-1120496713,セブンイレブン山陽小野田厚陽店,way/1120496713,saved_osm_element,convenience,convenience,True,True,no_rule_flag
osm-way-1120637407,ファミリーマート,way/1120637407,saved_osm_element,convenience,convenience,True,True,no_rule_flag
osm-way-1120637425,ドラッグストアモリ 宇部沖ノ旦店,way/1120637425,saved_osm_element,pharmacy,pharmacy,True,True,pending
osm-way-1121030699,JA山口県JA​長門​大津​俵山 Yショップ俵山店,way/1121030699,saved_osm_element,convenience,convenience,True,True,no_rule_flag
osm-way-1121040361,トライアル,way/1121040361,saved_osm_element,supermarket,supermarket,True,True,no_rule_flag
osm-way-1121040362,セブン-イレブン 宇部厚南中央店,way/1121040362,saved_osm_element,convenience,convenience,True,True,no_rule_flag
osm-way-1121040363,ウォンツ 宇部厚南店,way/1121040363,saved_osm_element,pharmacy,pharmacy,True,True,pending
osm-way-1121040368,セブン-イレブン,way/1121040368,saved_osm_element,convenience,convenience,True,True,no_rule_flag
osm-way-1125544931,市立平郡診療所,way/1125544931,saved_osm_element,clinic,clinic,True,True,no_rule_flag
osm-way-1126822282,ファディ,way/1126822282,saved_osm_element,supermarket,supermarket,True,True,no_rule_flag
osm-way-1126862856,コスモス,way/1126862856,saved_osm_element,drugstore,drugstore,True,True,no_rule_flag
osm-way-1134090197,セブン-イレブン,way/1134090197,saved_osm_element,convenience,convenience,True,True,no_rule_flag
osm-way-1170894476,マックスバリュ厚狭店,way/1170894476,saved_osm_element,mall,mall,True,True,no_rule_flag
osm-way-1172084149,中央フード大島店,way/1172084149,saved_osm_element,supermarket,supermarket,True,True,no_rule_flag
osm-way-1198269270,ファミリーマート,way/1198269270,saved_osm_element,convenience,convenience,True,True,no_rule_flag
osm-way-1198269271,セブン-イレブン,way/1198269271,saved_osm_element,convenience,convenience,True,True,no_rule_flag
osm-way-1222649728,新田整形外科,way/1222649728,saved_osm_element,clinic,clinic,True,True,no_rule_flag
osm-way-1222649729,竹田薬局,way/1222649729,saved_osm_element,pharmacy,pharmacy,True,True,no_rule_flag
osm-way-1228233757,ドラッグストアモリ 防府新田店 2023年12月23日OPEN,way/1228233757,saved_osm_element,pharmacy,drugstore,True,True,corrected
osm-way-1228233760,防府新田モール,way/1228233760,saved_osm_element,mall,mall,True,True,no_rule_flag
osm-way-1235811009,まるき,way/1235811009,saved_osm_element,supermarket,supermarket,True,True,no_rule_flag
osm-way-1236034359,ファミリーマート,way/1236034359,saved_osm_element,convenience,convenience,True,True,no_rule_flag
osm-way-1236531251,コスモス,way/1236531251,saved_osm_element,drugstore,drugstore,True,True,no_rule_flag
osm-way-1243641826,セブン-イレブン,way/1243641826,saved_osm_element,convenience,convenience,True,True,no_rule_flag
osm-way-1276266177,山口大学医学部附属病院,way/1276266177,saved_osm_element,hospital,hospital,True,True,no_rule_flag
osm-way-1276791790,セブン-イレブン,way/1276791790,saved_osm_element,convenience,convenience,True,True,no_rule_flag
osm-way-1307882081,ローソン,way/1307882081,saved_osm_element,convenience,convenience,True,True,no_rule_flag
osm-way-1338403043,セブン-イレブン,way/1338403043,saved_osm_element,convenience,convenience,True,True,no_rule_flag
osm-way-1338403053,コスモス,way/1338403053,saved_osm_element,drugstore,drugstore,True,True,no_rule_flag
osm-way-1366711182,SunLive,way/1366711182,saved_osm_element,mall,mall,True,True,no_rule_flag
osm-way-1383945229,セブン-イレブン周防大島久賀店,way/1383945229,saved_osm_element,convenience,convenience,True,True,no_rule_flag
osm-way-1385818871,ウォンツ 周防大島店,way/1385818871,saved_osm_element,drugstore,drugstore,True,True,no_rule_flag
osm-way-145660765,ローソン,way/145660765,saved_osm_element,convenience,convenience,True,True,no_rule_flag
osm-way-1463606026,ローソン,way/1463606026,saved_osm_element,convenience,convenience,True,True,no_rule_flag
osm-way-1489391560,Aコープ安下庄店,way/1489391560,saved_osm_element,supermarket,supermarket,True,True,no_rule_flag
osm-way-1489413022,中本ストアー,way/1489413022,saved_osm_element,convenience,convenience,True,True,no_rule_flag
osm-way-1489414443,セブンイレブン山口大島橘店,way/1489414443,saved_osm_element,convenience,convenience,True,True,no_rule_flag
osm-way-1525437194,たわらやま介護医療院,way/1525437194,saved_osm_element,hospital,hospital,True,True,no_rule_flag
osm-way-1540363416,セブン-イレブン,way/1540363416,saved_osm_element,convenience,convenience,True,True,no_rule_flag
osm-way-163607849,ローソン,way/163607849,saved_osm_element,convenience,convenience,True,True,no_rule_flag
osm-way-202664935,ドラッグセガミ,way/202664935,saved_osm_element,pharmacy,pharmacy,True,True,pending
osm-way-202793094,コープやまぐち,way/202793094,saved_osm_element,supermarket,supermarket,True,True,no_rule_flag
osm-way-203056400,田村内科医院,way/203056400,saved_osm_element,clinic,clinic,True,True,no_rule_flag
osm-way-203058588,ザ・ビッグ大内店,way/203058588,saved_osm_element,supermarket,supermarket,True,True,no_rule_flag
osm-way-204869235,セブン-イレブン,way/204869235,saved_osm_element,convenience,convenience,True,True,no_rule_flag
osm-way-207839148,ファミリーマート,way/207839148,saved_osm_element,convenience,convenience,True,True,no_rule_flag
osm-way-215683918,ローソン・ポプラ,way/215683918,saved_osm_element,convenience,convenience,True,True,no_rule_flag
osm-way-215807387,ローソン,way/215807387,saved_osm_element,convenience,convenience,True,True,no_rule_flag
osm-way-215910952,セブンイレブン山口今井町店,way/215910952,saved_osm_element,convenience,convenience,True,True,no_rule_flag
osm-way-282443603,サンマート,way/282443603,saved_osm_element,supermarket,supermarket,True,True,no_rule_flag
osm-way-282443650,サンマート,way/282443650,saved_osm_element,supermarket,supermarket,True,True,no_rule_flag
osm-way-282443820,サンマート,way/282443820,saved_osm_element,supermarket,supermarket,True,True,no_rule_flag
osm-way-282443879,セブンイレブン,way/282443879,saved_osm_element,convenience,convenience,True,True,no_rule_flag
osm-way-282443939,ローソン,way/282443939,saved_osm_element,convenience,convenience,True,True,no_rule_flag
osm-way-282443964,ローソン,way/282443964,saved_osm_element,convenience,convenience,True,True,no_rule_flag
osm-way-282444132,マルキュウ,way/282444132,saved_osm_element,supermarket,supermarket,True,True,no_rule_flag
osm-way-282444536,ピクロス,way/282444536,saved_osm_element,supermarket,supermarket,True,True,no_rule_flag
osm-way-282444797,セブンイレブン,way/282444797,saved_osm_element,convenience,convenience,True,True,no_rule_flag
osm-way-282445351,ザ・ビッグ,way/282445351,saved_osm_element,supermarket,supermarket,True,True,no_rule_flag
osm-way-282445642,セブンイレブン,way/282445642,saved_osm_element,convenience,convenience,True,True,no_rule_flag
osm-way-282445782,サンマート,way/282445782,saved_osm_element,supermarket,supermarket,True,True,no_rule_flag
osm-way-285902929,田村医院,way/285902929,saved_osm_element,clinic,clinic,True,True,no_rule_flag
osm-way-291316041,田村産婦人科,way/291316041,saved_osm_element,hospital,hospital,True,True,no_rule_flag
osm-way-297142744,イオンモール,way/297142744,saved_osm_element,mall,mall,True,True,pending
osm-way-303463599,アルク,way/303463599,saved_osm_element,supermarket,supermarket,True,True,no_rule_flag
osm-way-303472852,アルク,way/303472852,saved_osm_element,supermarket,supermarket,True,True,no_rule_flag
osm-way-305489114,ABC Mart,way/305489114,saved_osm_element,mall,mall,True,True,pending
osm-way-305509927,クスリ岩崎チェーン,way/305509927,saved_osm_element,drugstore,drugstore,True,True,no_rule_flag
osm-way-305512799,アルク,way/305512799,saved_osm_element,supermarket,supermarket,True,True,no_rule_flag
osm-way-305521033,ウォンツ,way/305521033,saved_osm_element,drugstore,drugstore,True,True,no_rule_flag
osm-way-305797112,中央フード,way/305797112,saved_osm_element,supermarket,supermarket,True,True,no_rule_flag
osm-way-305919395,セブンイレブン,way/305919395,saved_osm_element,convenience,convenience,True,True,no_rule_flag
osm-way-305920300,スーパー十六や,way/305920300,saved_osm_element,supermarket,supermarket,True,True,no_rule_flag
osm-way-305954680,ミコー,way/305954680,saved_osm_element,supermarket,supermarket,True,True,no_rule_flag
osm-way-309139748,バリューマルシン,way/309139748,saved_osm_element,supermarket,supermarket,True,True,no_rule_flag
osm-way-309139911,中央フード,way/309139911,saved_osm_element,supermarket,supermarket,True,True,no_rule_flag
osm-way-309383557,セブンイレブン,way/309383557,saved_osm_element,convenience,convenience,True,True,no_rule_flag
osm-way-310162437,梅原耳鼻咽喉科,way/310162437,saved_osm_element,clinic,clinic,True,True,no_rule_flag
osm-way-310194396,ローソン,way/310194396,saved_osm_element,convenience,convenience,True,True,no_rule_flag
osm-way-311996791,広田皮膚科,way/311996791,saved_osm_element,clinic,clinic,True,True,no_rule_flag
osm-way-312146297,セブンイレブン,way/312146297,saved_osm_element,convenience,convenience,True,True,no_rule_flag
osm-way-312379305,東ソーコープ,way/312379305,saved_osm_element,supermarket,supermarket,True,True,no_rule_flag
osm-way-312514947,セブン-イレブン,way/312514947,saved_osm_element,convenience,convenience,True,True,no_rule_flag
osm-way-312515621,山口ひふ科クリニック,way/312515621,saved_osm_element,clinic,clinic,True,True,no_rule_flag
osm-way-313906322,コープ,way/313906322,saved_osm_element,supermarket,supermarket,True,True,no_rule_flag
osm-way-313906376,ファミリーマート,way/313906376,saved_osm_element,convenience,convenience,True,True,no_rule_flag
osm-way-313908909,アルク,way/313908909,saved_osm_element,supermarket,supermarket,True,True,no_rule_flag
osm-way-314205803,セブンイレブン,way/314205803,saved_osm_element,convenience,convenience,True,True,no_rule_flag
osm-way-314358338,アルク,way/314358338,saved_osm_element,supermarket,supermarket,True,True,no_rule_flag
osm-way-314358539,ファミリーマート,way/314358539,saved_osm_element,convenience,convenience,True,True,no_rule_flag
osm-way-314369319,セブンイレブン,way/314369319,saved_osm_element,convenience,convenience,True,True,no_rule_flag
osm-way-314487511,アルク,way/314487511,saved_osm_element,supermarket,supermarket,True,True,no_rule_flag
osm-way-314532636,ザ・ビッグ,way/314532636,saved_osm_element,supermarket,supermarket,True,True,no_rule_flag
osm-way-314652987,トライアル,way/314652987,saved_osm_element,supermarket,supermarket,True,True,no_rule_flag
osm-way-314669174,フジ,way/314669174,saved_osm_element,supermarket,supermarket,True,True,no_rule_flag
osm-way-314669388,ローソン,way/314669388,saved_osm_element,convenience,convenience,True,True,no_rule_flag
osm-way-314788377,ザ・ビッグ,way/314788377,saved_osm_element,supermarket,supermarket,True,True,no_rule_flag
osm-way-314789355,セブンイレブン,way/314789355,saved_osm_element,convenience,convenience,True,True,no_rule_flag
osm-way-314791993,アルク,way/314791993,saved_osm_element,supermarket,supermarket,True,True,no_rule_flag
osm-way-315258112,セブンイレブン,way/315258112,saved_osm_element,convenience,convenience,True,True,no_rule_flag
osm-way-315265715,セブンイレブン,way/315265715,saved_osm_element,convenience,convenience,True,True,no_rule_flag
osm-way-315713904,セブンイレブン,way/315713904,saved_osm_element,convenience,convenience,True,True,no_rule_flag
osm-way-315851153,サンマート 美和店,way/315851153,saved_osm_element,supermarket,supermarket,True,True,no_rule_flag
osm-way-316168423,柴田病院,way/316168423,saved_osm_element,hospital,hospital,True,True,no_rule_flag
osm-way-316211441,セブン-イレブン,way/316211441,saved_osm_element,convenience,convenience,True,True,no_rule_flag
osm-way-317518610,みほり薬局,way/317518610,saved_osm_element,pharmacy,pharmacy,True,True,no_rule_flag
osm-way-317518611,太田皮膚科,way/317518611,saved_osm_element,clinic,clinic,True,True,no_rule_flag
osm-way-320364415,医誠会都志見病院,way/320364415,saved_osm_element,hospital,hospital,True,True,no_rule_flag
osm-way-323667656,ローソン,way/323667656,saved_osm_element,convenience,convenience,True,True,no_rule_flag
osm-way-323681726,セブン-イレブン,way/323681726,saved_osm_element,convenience,convenience,True,True,no_rule_flag
osm-way-323720957,マルキュウ大島小松店,way/323720957,saved_osm_element,supermarket,supermarket,True,True,no_rule_flag
osm-way-323758802,ポプラ,way/323758802,saved_osm_element,convenience,convenience,True,True,no_rule_flag
osm-way-323853748,ローソン,way/323853748,saved_osm_element,convenience,convenience,True,True,no_rule_flag
osm-way-323853757,済生会下関総合病院,way/323853757,saved_osm_element,hospital,hospital,True,True,no_rule_flag
osm-way-324699110,セブンイレブン,way/324699110,saved_osm_element,convenience,convenience,True,True,no_rule_flag
osm-way-325139063,マルキュウ,way/325139063,saved_osm_element,supermarket,supermarket,True,True,no_rule_flag
osm-way-326160079,Yショップ,way/326160079,saved_osm_element,convenience,convenience,True,True,no_rule_flag
osm-way-327709618,セブンイレブン,way/327709618,saved_osm_element,convenience,convenience,True,True,no_rule_flag
osm-way-327710007,ローソン,way/327710007,saved_osm_element,convenience,convenience,True,True,no_rule_flag
osm-way-327749957,Direx,way/327749957,saved_osm_element,supermarket,supermarket,True,True,no_rule_flag
osm-way-327749958,Aruk,way/327749958,saved_osm_element,supermarket,supermarket,True,True,no_rule_flag
osm-way-328492845,アルク,way/328492845,saved_osm_element,supermarket,supermarket,True,True,no_rule_flag
osm-way-328496342,千治松内科,way/328496342,saved_osm_element,clinic,clinic,True,True,no_rule_flag
osm-way-328497286,明石整形外科,way/328497286,saved_osm_element,clinic,clinic,True,True,no_rule_flag
osm-way-329797927,トライアル,way/329797927,saved_osm_element,supermarket,supermarket,True,True,no_rule_flag
osm-way-332618123,ウォンツ,way/332618123,saved_osm_element,drugstore,drugstore,True,True,no_rule_flag
osm-way-332618145,セブンイレブン,way/332618145,saved_osm_element,convenience,convenience,True,True,no_rule_flag
osm-way-332618202,アルク,way/332618202,saved_osm_element,supermarket,supermarket,True,True,no_rule_flag
osm-way-333976478,たから,way/333976478,saved_osm_element,supermarket,supermarket,True,True,no_rule_flag
osm-way-335847905,ローソン,way/335847905,saved_osm_element,convenience,convenience,True,True,no_rule_flag
osm-way-335899051,たにむら小児科,way/335899051,saved_osm_element,clinic,clinic,True,True,no_rule_flag
osm-way-335900505,ふなつ眼科,way/335900505,saved_osm_element,clinic,clinic,True,True,no_rule_flag
osm-way-336321851,ローソン,way/336321851,saved_osm_element,convenience,convenience,True,True,no_rule_flag
osm-way-336579729,高杉レディースクリニック,way/336579729,saved_osm_element,clinic,clinic,True,True,no_rule_flag
osm-way-336582998,新南陽整形外科,way/336582998,saved_osm_element,clinic,clinic,True,True,no_rule_flag
osm-way-337526826,スーパー周南,way/337526826,saved_osm_element,supermarket,supermarket,True,True,no_rule_flag
osm-way-338243027,セブンイレブン,way/338243027,saved_osm_element,convenience,convenience,True,True,no_rule_flag
osm-way-341675062,セブン-イレブン,way/341675062,saved_osm_element,convenience,convenience,True,True,no_rule_flag
osm-way-343867624,クスリ岩崎チェーン,way/343867624,saved_osm_element,drugstore,drugstore,True,True,no_rule_flag
osm-way-347930949,でんでんむしクリニック,way/347930949,saved_osm_element,clinic,clinic,True,True,no_rule_flag
osm-way-349703476,トライアル,way/349703476,saved_osm_element,supermarket,supermarket,True,True,no_rule_flag
osm-way-350352291,アルク,way/350352291,saved_osm_element,supermarket,supermarket,True,True,no_rule_flag
osm-way-350352664,ウォンツ,way/350352664,saved_osm_element,drugstore,drugstore,True,True,no_rule_flag
osm-way-351353313,ユニクロ,way/351353313,saved_osm_element,mall,mall,True,True,no_rule_flag
osm-way-351442237,マックスバリュ,way/351442237,saved_osm_element,supermarket,supermarket,True,True,no_rule_flag
osm-way-351449979,ポプラ,way/351449979,saved_osm_element,convenience,convenience,True,True,no_rule_flag
osm-way-352906170,セブン-イレブン,way/352906170,saved_osm_element,convenience,convenience,True,True,no_rule_flag
osm-way-353411355,仁心会仁心会病院,way/353411355,saved_osm_element,hospital,hospital,True,True,no_rule_flag
osm-way-353411356,博愛会宇部記念病院,way/353411356,saved_osm_element,hospital,hospital,True,True,no_rule_flag
osm-way-353411367,綿田内科病院,way/353411367,saved_osm_element,hospital,hospital,True,True,no_rule_flag
osm-way-353411368,アルク,way/353411368,saved_osm_element,supermarket,supermarket,True,True,no_rule_flag
osm-way-353411401,ウェスタまるき 小松原通り店,way/353411401,saved_osm_element,supermarket,supermarket,True,True,no_rule_flag
osm-way-353411443,トライアル,way/353411443,saved_osm_element,supermarket,supermarket,True,True,no_rule_flag
osm-way-353411446,ウォンツ 宇部新川店,way/353411446,saved_osm_element,pharmacy,pharmacy,True,True,pending
osm-way-354319153,総合病院光市立病院,way/354319153,saved_osm_element,hospital,hospital,True,True,no_rule_flag
osm-way-356403173,ローソン,way/356403173,saved_osm_element,convenience,convenience,True,True,no_rule_flag
osm-way-356928497,ディオ,way/356928497,saved_osm_element,supermarket,supermarket,True,True,no_rule_flag
osm-way-356932947,アルク,way/356932947,saved_osm_element,supermarket,supermarket,True,True,no_rule_flag
osm-way-357029138,ザ・ビッグ,way/357029138,saved_osm_element,supermarket,supermarket,True,True,no_rule_flag
osm-way-363127829,セブンイレブン,way/363127829,saved_osm_element,convenience,convenience,True,True,no_rule_flag
osm-way-363765509,高木内科,way/363765509,saved_osm_element,clinic,clinic,True,True,no_rule_flag
osm-way-363844088,セブンイレブン,way/363844088,saved_osm_element,convenience,convenience,True,True,no_rule_flag
osm-way-363903298,桜木クリニック,way/363903298,saved_osm_element,clinic,clinic,True,True,no_rule_flag
osm-way-364056922,本城クリニック,way/364056922,saved_osm_element,clinic,clinic,True,True,no_rule_flag
osm-way-364445789,セブンイレブン,way/364445789,saved_osm_element,convenience,convenience,True,True,no_rule_flag
osm-way-365430191,セブン-イレブン,way/365430191,saved_osm_element,convenience,convenience,True,True,no_rule_flag
osm-way-365924600,まるき常盤通り店,way/365924600,saved_osm_element,supermarket,supermarket,True,True,no_rule_flag
osm-way-366899552,樹一会 山口病院,way/366899552,saved_osm_element,hospital,hospital,True,True,no_rule_flag
osm-way-367193095,セブン-イレブン,way/367193095,saved_osm_element,convenience,convenience,True,True,no_rule_flag
osm-way-369017605,下松共同薬局,way/369017605,saved_osm_element,pharmacy,pharmacy,True,True,no_rule_flag
osm-way-369072036,マックスバリュ,way/369072036,saved_osm_element,supermarket,supermarket,True,True,no_rule_flag
osm-way-369091510,のぞみ医院,way/369091510,saved_osm_element,clinic,clinic,True,True,no_rule_flag
osm-way-369375287,アルゾ　下松店,way/369375287,saved_osm_element,supermarket,supermarket,True,True,no_rule_flag
osm-way-369375609,ローソン,way/369375609,saved_osm_element,convenience,convenience,True,True,no_rule_flag
osm-way-369461895,浅上内科胃腸科,way/369461895,saved_osm_element,clinic,clinic,True,True,no_rule_flag
osm-way-369461955,セブンイレブン,way/369461955,saved_osm_element,convenience,convenience,True,True,no_rule_flag
osm-way-369541103,端穂診療所,way/369541103,saved_osm_element,clinic,clinic,True,True,no_rule_flag
osm-way-369541319,あべ医院,way/369541319,saved_osm_element,clinic,clinic,True,True,no_rule_flag
osm-way-369542670,セブンイレブン,way/369542670,saved_osm_element,convenience,convenience,True,True,no_rule_flag
osm-way-369651578,Aプライス,way/369651578,saved_osm_element,supermarket,supermarket,True,True,no_rule_flag
osm-way-369683338,ウォンツ,way/369683338,saved_osm_element,drugstore,drugstore,True,True,no_rule_flag
osm-way-369684129,中山医院,way/369684129,saved_osm_element,clinic,clinic,True,True,no_rule_flag
osm-way-369685157,ファミリーマート,way/369685157,saved_osm_element,convenience,convenience,True,True,no_rule_flag
osm-way-369785428,りらくる宇部中央店,way/369785428,saved_osm_element,convenience,convenience,True,True,no_rule_flag
osm-way-370129113,山下ウィメンズクリニック,way/370129113,saved_osm_element,clinic,clinic,True,True,no_rule_flag
osm-way-370267614,ルナーレ,way/370267614,saved_osm_element,mall,mall,True,True,no_rule_flag
osm-way-370267745,永谷眼科,way/370267745,saved_osm_element,clinic,clinic,True,True,no_rule_flag
osm-way-370523312,野見山内科,way/370523312,saved_osm_element,clinic,clinic,True,True,no_rule_flag
osm-way-370579027,いとう薬局,way/370579027,saved_osm_element,pharmacy,pharmacy,True,True,no_rule_flag
osm-way-370584528,くすりのレデイ,way/370584528,saved_osm_element,drugstore,drugstore,True,True,no_rule_flag
osm-way-370791608,宇部協立病院,way/370791608,saved_osm_element,hospital,hospital,True,True,no_rule_flag
osm-way-371667244,マルエス,way/371667244,saved_osm_element,supermarket,supermarket,True,True,no_rule_flag
osm-way-371986059,まるき,way/371986059,saved_osm_element,supermarket,supermarket,True,True,no_rule_flag
osm-way-374542603,セブンイレブン,way/374542603,saved_osm_element,convenience,convenience,True,True,no_rule_flag
osm-way-375085357,上田内科小児科,way/375085357,saved_osm_element,clinic,clinic,True,True,no_rule_flag
osm-way-375944877,マックスバリュ,way/375944877,saved_osm_element,supermarket,supermarket,True,True,no_rule_flag
osm-way-376175645,セブン-イレブン,way/376175645,saved_osm_element,convenience,convenience,True,True,no_rule_flag
osm-way-376384448,よしづく皮ふ科,way/376384448,saved_osm_element,clinic,clinic,True,True,no_rule_flag
osm-way-376522425,宇都宮クリニック,way/376522425,saved_osm_element,clinic,clinic,True,True,no_rule_flag
osm-way-376604899,セブン-イレブン,way/376604899,saved_osm_element,convenience,convenience,True,True,no_rule_flag
osm-way-376762076,サンライフ,way/376762076,saved_osm_element,supermarket,supermarket,True,True,no_rule_flag
osm-way-376762286,ストアー両国屋,way/376762286,saved_osm_element,supermarket,supermarket,True,True,no_rule_flag
osm-way-376841402,伊藤薬局,way/376841402,saved_osm_element,pharmacy,pharmacy,True,True,no_rule_flag
osm-way-376923076,ファミリーマート,way/376923076,saved_osm_element,convenience,convenience,True,True,no_rule_flag
osm-way-378114876,ウエスタまるき 西宇部店,way/378114876,saved_osm_element,supermarket,supermarket,True,True,no_rule_flag
osm-way-378114877,フジ 西宇部店,way/378114877,saved_osm_element,supermarket,supermarket,True,True,no_rule_flag
osm-way-378115000,アルク 西宇部店,way/378115000,saved_osm_element,supermarket,supermarket,True,True,no_rule_flag
osm-way-378467855,まつばら薬局,way/378467855,saved_osm_element,pharmacy,pharmacy,True,True,no_rule_flag
osm-way-378567939,荒川耳鼻咽喉科,way/378567939,saved_osm_element,clinic,clinic,True,True,no_rule_flag
osm-way-378567984,ローソン,way/378567984,saved_osm_element,convenience,convenience,True,True,no_rule_flag
osm-way-378568041,針間産婦人科,way/378568041,saved_osm_element,clinic,clinic,True,True,no_rule_flag
osm-way-381165992,ファミリーマート,way/381165992,saved_osm_element,convenience,convenience,True,True,no_rule_flag
osm-way-382245225,ファミリーマート,way/382245225,saved_osm_element,convenience,convenience,True,True,no_rule_flag
osm-way-382600072,たから,way/382600072,saved_osm_element,supermarket,supermarket,True,True,no_rule_flag
osm-way-385247378,ファミリーマート,way/385247378,saved_osm_element,convenience,convenience,True,True,no_rule_flag
osm-way-386826361,てらい内科クリニック,way/386826361,saved_osm_element,clinic,clinic,True,True,no_rule_flag
osm-way-388818262,業務スーパー,way/388818262,saved_osm_element,supermarket,supermarket,True,True,no_rule_flag
osm-way-388983634,7-Eleven,way/388983634,saved_osm_element,convenience,convenience,True,True,no_rule_flag
osm-way-390551816,ファミリーマート,way/390551816,saved_osm_element,convenience,convenience,True,True,no_rule_flag
osm-way-391860485,マックスバリュ,way/391860485,saved_osm_element,supermarket,supermarket,True,True,no_rule_flag
osm-way-391863066,マックスバリュ 小郡南店,way/391863066,saved_osm_element,supermarket,supermarket,True,True,no_rule_flag
osm-way-391864150,セブンイレブン,way/391864150,saved_osm_element,convenience,convenience,True,True,no_rule_flag
osm-way-391893283,コスモス,way/391893283,saved_osm_element,drugstore,drugstore,True,True,no_rule_flag
osm-way-392705544,セブン-イレブン,way/392705544,saved_osm_element,convenience,convenience,True,True,no_rule_flag
osm-way-398829808,セブンイレブン,way/398829808,saved_osm_element,convenience,convenience,True,True,no_rule_flag
osm-way-398829810,ファミリーマート,way/398829810,saved_osm_element,convenience,convenience,True,True,no_rule_flag
osm-way-401695611,セブン-イレブン,way/401695611,saved_osm_element,convenience,convenience,True,True,no_rule_flag
osm-way-401696840,アルク,way/401696840,saved_osm_element,supermarket,supermarket,True,True,no_rule_flag
osm-way-401697682,手山産婦人科,way/401697682,saved_osm_element,clinic,clinic,True,True,no_rule_flag
osm-way-404858858,セブン-イレブン,way/404858858,saved_osm_element,convenience,convenience,True,True,no_rule_flag
osm-way-405831486,ファミリマート大内矢田店,way/405831486,saved_osm_element,convenience,convenience,True,True,no_rule_flag
osm-way-405831487,アルク 大内店,way/405831487,saved_osm_element,supermarket,supermarket,True,True,no_rule_flag
osm-way-405833069,コスモス,way/405833069,saved_osm_element,supermarket,supermarket,True,True,pending
osm-way-405835932,セブン-イレブン,way/405835932,saved_osm_element,convenience,convenience,True,True,no_rule_flag
osm-way-405835933,セブン-イレブン,way/405835933,saved_osm_element,convenience,convenience,True,True,no_rule_flag
osm-way-405835934,セブンイレブン山口県庁前店,way/405835934,saved_osm_element,convenience,convenience,True,True,no_rule_flag
osm-way-405934628,セブン-イレブン,way/405934628,saved_osm_element,convenience,convenience,True,True,no_rule_flag
osm-way-405965519,すずき内科クリニック,way/405965519,saved_osm_element,clinic,clinic,True,True,no_rule_flag
osm-way-405965520,おおうちクリニック,way/405965520,saved_osm_element,clinic,clinic,True,True,no_rule_flag
osm-way-405983078,ウォンツ 山口熊野店,way/405983078,saved_osm_element,pharmacy,pharmacy,True,True,pending
osm-way-407846298,ファミリーマート山口泉都町店,way/407846298,saved_osm_element,convenience,convenience,True,True,no_rule_flag
osm-way-407965644,ローソン山口平井中上店,way/407965644,saved_osm_element,convenience,convenience,True,True,no_rule_flag
osm-way-407965645,セブンイレブン山口上平井店,way/407965645,saved_osm_element,convenience,convenience,True,True,no_rule_flag
osm-way-407965646,ローソン山口吉敷店,way/407965646,saved_osm_element,convenience,convenience,True,True,no_rule_flag
osm-way-407971357,セブンイレブン山口宮島町店,way/407971357,saved_osm_element,convenience,convenience,True,True,no_rule_flag
osm-way-409217320,セブンイレブン山口平川店,way/409217320,saved_osm_element,convenience,convenience,True,True,no_rule_flag
osm-way-409217324,セブンイレブン山口問田店,way/409217324,saved_osm_element,convenience,convenience,True,True,no_rule_flag
osm-way-409217325,ファミリーマート山口大学前店,way/409217325,saved_osm_element,convenience,convenience,True,True,no_rule_flag
osm-way-409782418,アルク葵店,way/409782418,saved_osm_element,supermarket,supermarket,True,True,no_rule_flag
osm-way-413517841,ゆめマート,way/413517841,saved_osm_element,supermarket,supermarket,True,True,no_rule_flag
osm-way-416509348,セブンイレブン山口小郡岩屋店,way/416509348,saved_osm_element,convenience,convenience,True,True,no_rule_flag
osm-way-417442224,サンパークあじす,way/417442224,saved_osm_element,mall,mall,True,True,no_rule_flag
osm-way-417748834,ふじみや,way/417748834,saved_osm_element,supermarket,supermarket,True,True,no_rule_flag
osm-way-417786366,コープやまぐちここと 小郡店,way/417786366,saved_osm_element,supermarket,supermarket,True,True,no_rule_flag
osm-way-425343737,ピクロス田布施店,way/425343737,saved_osm_element,supermarket,supermarket,True,True,no_rule_flag
osm-way-425596518,クスリ岩崎チェーン　山口北店,way/425596518,saved_osm_element,pharmacy,pharmacy,True,True,pending
osm-way-425751686,クスリ岩崎チェーン田布施店,way/425751686,saved_osm_element,pharmacy,pharmacy,True,True,pending
osm-way-426991267,セブン-イレブン,way/426991267,saved_osm_element,convenience,convenience,True,True,no_rule_flag
osm-way-426991268,ファミリーマート,way/426991268,saved_osm_element,convenience,convenience,True,True,no_rule_flag
osm-way-434845990,セブン-イレブン,way/434845990,saved_osm_element,convenience,convenience,True,True,no_rule_flag
osm-way-437412965,コープ,way/437412965,saved_osm_element,supermarket,supermarket,True,True,no_rule_flag
osm-way-437684352,光内科・消化器科,way/437684352,saved_osm_element,clinic,clinic,True,True,no_rule_flag
osm-way-441725150,ローソン,way/441725150,saved_osm_element,convenience,convenience,True,True,no_rule_flag
osm-way-441737567,セブンイレブン,way/441737567,saved_osm_element,convenience,convenience,True,True,no_rule_flag
osm-way-442515902,セブンイレブン,way/442515902,saved_osm_element,convenience,convenience,True,True,no_rule_flag
osm-way-444114318,木村医院,way/444114318,saved_osm_element,clinic,clinic,True,True,no_rule_flag
osm-way-444114321,岡本医院,way/444114321,saved_osm_element,clinic,clinic,True,True,no_rule_flag
osm-way-449630901,セブン-イレブン,way/449630901,saved_osm_element,convenience,convenience,True,True,no_rule_flag
osm-way-449630924,早川内科,way/449630924,saved_osm_element,clinic,clinic,True,True,no_rule_flag
osm-way-449631299,ローソン,way/449631299,saved_osm_element,convenience,convenience,True,True,no_rule_flag
osm-way-449631300,竜王薬局,way/449631300,saved_osm_element,pharmacy,pharmacy,True,True,no_rule_flag
osm-way-450570615,まるき,way/450570615,saved_osm_element,supermarket,supermarket,True,True,no_rule_flag
osm-way-450577272,小野田赤十字病院,way/450577272,saved_osm_element,hospital,hospital,True,True,no_rule_flag
osm-way-450577273,小野田赤十字病院,way/450577273,saved_osm_element,hospital,hospital,True,True,no_rule_flag
osm-way-465831131,ウエスタまるき山口大内店,way/465831131,saved_osm_element,supermarket,supermarket,True,True,no_rule_flag
osm-way-465851858,新鮮市場大内店,way/465851858,saved_osm_element,supermarket,supermarket,True,True,no_rule_flag
osm-way-465864279,ザ・ビッグ小郡店,way/465864279,saved_osm_element,supermarket,supermarket,True,True,no_rule_flag
osm-way-465881161,ウォンツ山口大内御堀店,way/465881161,saved_osm_element,pharmacy,pharmacy,True,True,pending
osm-way-465967718,じゅげむ,way/465967718,saved_osm_element,convenience,convenience,True,True,no_rule_flag
osm-way-465967739,Aプライス山口店,way/465967739,saved_osm_element,supermarket,supermarket,True,True,no_rule_flag
osm-way-465975433,ウエスタまるき山口湯田店,way/465975433,saved_osm_element,supermarket,supermarket,True,True,no_rule_flag
osm-way-466029137,マックスバリュ,way/466029137,saved_osm_element,supermarket,supermarket,True,True,no_rule_flag
osm-way-466029165,ドラッグコスモス,way/466029165,saved_osm_element,pharmacy,pharmacy,True,True,pending
osm-way-467169342,ののはなクリニック,way/467169342,saved_osm_element,clinic,clinic,True,True,no_rule_flag
osm-way-468741677,ゆめマート,way/468741677,saved_osm_element,supermarket,supermarket,True,True,no_rule_flag
osm-way-474106650,アルク小郡店,way/474106650,saved_osm_element,supermarket,supermarket,True,True,no_rule_flag
osm-way-474106660,中村眼科,way/474106660,saved_osm_element,clinic,clinic,True,True,no_rule_flag
osm-way-474110996,小郡第一総合病院,way/474110996,saved_osm_element,hospital,hospital,True,True,no_rule_flag
osm-way-474111005,済生会山口総合病院,way/474111005,saved_osm_element,hospital,hospital,True,True,no_rule_flag
osm-way-475283657,山口県立総合医療センター,way/475283657,saved_osm_element,hospital,hospital,True,True,no_rule_flag
osm-way-475283671,マックスバリュ防府西店,way/475283671,saved_osm_element,supermarket,supermarket,True,True,no_rule_flag
osm-way-475283694,ローソン防府植松店,way/475283694,saved_osm_element,convenience,convenience,True,True,no_rule_flag
osm-way-476470561,ドン・キホーテ,way/476470561,saved_osm_element,mall,mall,True,True,no_rule_flag
osm-way-477271573,斉藤外科眼科,way/477271573,saved_osm_element,clinic,clinic,True,True,no_rule_flag
osm-way-477971690,まるき,way/477971690,saved_osm_element,supermarket,supermarket,True,True,no_rule_flag
osm-way-477971915,ダイレックス宇部店,way/477971915,saved_osm_element,supermarket,supermarket,True,True,no_rule_flag
osm-way-477971916,ディスカウントドラッグコスモス厚南店,way/477971916,saved_osm_element,drugstore,drugstore,True,True,no_rule_flag
osm-way-483624725,ハローデイ,way/483624725,saved_osm_element,supermarket,supermarket,True,True,no_rule_flag
osm-way-483624740,ローソン 下関稗田中町店,way/483624740,saved_osm_element,convenience,convenience,True,True,no_rule_flag
osm-way-483625943,レッドキャベツ,way/483625943,saved_osm_element,supermarket,supermarket,True,True,no_rule_flag
osm-way-483838362,レッドキャベツ 上田中店,way/483838362,saved_osm_element,supermarket,supermarket,True,True,no_rule_flag
osm-way-483838363,セブン-イレブン,way/483838363,saved_osm_element,convenience,convenience,True,True,no_rule_flag
osm-way-484470900,下関市立中央病院,way/484470900,saved_osm_element,hospital,hospital,True,True,no_rule_flag
osm-way-486918961,クスリ岩崎チェーン 下関武久店,way/486918961,saved_osm_element,pharmacy,pharmacy,True,True,pending
osm-way-493966536,土屋医院,way/493966536,saved_osm_element,clinic,clinic,True,True,no_rule_flag
osm-way-496416479,ドラッグコスモス矢原店,way/496416479,saved_osm_element,drugstore,drugstore,True,True,no_rule_flag
osm-way-497321537,ローソン,way/497321537,saved_osm_element,convenience,convenience,True,True,no_rule_flag
osm-way-497372638,セブンイレブン岩国平田店,way/497372638,saved_osm_element,convenience,convenience,True,True,no_rule_flag
osm-way-498985279,医療法人和同会　山口リハビリテーション病院,way/498985279,saved_osm_element,hospital,hospital,True,True,no_rule_flag
osm-way-505005016,セブンイレブン 下関武久店,way/505005016,saved_osm_element,convenience,convenience,True,True,no_rule_flag
osm-way-505005619,マルショク 新垢田店,way/505005619,saved_osm_element,supermarket,supermarket,True,True,no_rule_flag
osm-way-505263873,山口天伸堂,way/505263873,saved_osm_element,pharmacy,pharmacy,True,True,no_rule_flag
osm-way-515305347,セブン-イレブン,way/515305347,saved_osm_element,convenience,convenience,True,True,no_rule_flag
osm-way-522788377,光山医院,way/522788377,saved_osm_element,hospital,hospital,True,True,no_rule_flag
osm-way-522788381,アルク山口店,way/522788381,saved_osm_element,supermarket,supermarket,True,True,no_rule_flag
osm-way-547913492,Fresta Mall,way/547913492,saved_osm_element,mall,mall,True,True,no_rule_flag
osm-way-547913494,(株）フレスタ室の木店,way/547913494,saved_osm_element,supermarket,supermarket,True,True,no_rule_flag
osm-way-548874079,コープやまぐちここと,way/548874079,saved_osm_element,supermarket,supermarket,True,True,no_rule_flag
osm-way-548945589,セブン-イレブン,way/548945589,saved_osm_element,convenience,convenience,True,True,no_rule_flag
osm-way-549063054,ローソン,way/549063054,saved_osm_element,convenience,convenience,True,True,retained
osm-way-549103339,岡本医院,way/549103339,saved_osm_element,clinic,clinic,True,True,no_rule_flag
osm-way-549154583,ドラッグストアモリ,way/549154583,saved_osm_element,drugstore,drugstore,True,True,no_rule_flag
osm-way-549154587,ディスカウントドラッグコスモス,way/549154587,saved_osm_element,drugstore,drugstore,True,True,no_rule_flag
osm-way-549154604,ディスカウントドラッグコスモス,way/549154604,saved_osm_element,drugstore,drugstore,True,True,no_rule_flag
osm-way-549154606,江本内科,way/549154606,saved_osm_element,clinic,clinic,True,True,no_rule_flag
osm-way-549154607,江本智子ウィメンズクリニック,way/549154607,saved_osm_element,clinic,clinic,True,True,no_rule_flag
osm-way-549154608,フォルテ薬局,way/549154608,saved_osm_element,pharmacy,pharmacy,True,True,no_rule_flag
osm-way-549154625,かりん薬局,way/549154625,saved_osm_element,pharmacy,pharmacy,True,True,no_rule_flag
osm-way-549154626,ふじもと内科胃腸科医院,way/549154626,saved_osm_element,clinic,clinic,True,True,no_rule_flag
osm-way-549154627,近本眼科,way/549154627,saved_osm_element,clinic,clinic,True,True,no_rule_flag
osm-way-549534088,ローソン,way/549534088,saved_osm_element,convenience,convenience,True,True,no_rule_flag
osm-way-549537614,佐村薬局,way/549537614,saved_osm_element,pharmacy,pharmacy,True,True,no_rule_flag
osm-way-549554510,いそべ整形外科,way/549554510,saved_osm_element,clinic,clinic,True,True,no_rule_flag
osm-way-549554511,今村皮膚科形成外科医院,way/549554511,saved_osm_element,clinic,clinic,True,True,no_rule_flag
osm-way-549554514,セブンイレブン,way/549554514,saved_osm_element,convenience,convenience,True,True,no_rule_flag
osm-way-549729404,ローソン,way/549729404,saved_osm_element,convenience,convenience,True,True,no_rule_flag
osm-way-549732197,森重整形外科,way/549732197,saved_osm_element,clinic,clinic,True,True,no_rule_flag
osm-way-550206187,セブン-イレブン,way/550206187,saved_osm_element,convenience,convenience,True,True,no_rule_flag
osm-way-550383090,ディスカウントドラッグコスモス,way/550383090,saved_osm_element,drugstore,drugstore,True,True,no_rule_flag
osm-way-550383091,フジ,way/550383091,saved_osm_element,mall,mall,True,True,no_rule_flag
osm-way-550400122,7-Eleven,way/550400122,saved_osm_element,convenience,convenience,True,True,no_rule_flag
osm-way-551528862,わかば薬局,way/551528862,saved_osm_element,pharmacy,pharmacy,True,True,no_rule_flag
osm-way-551528863,ニコニコ耳鼻科,way/551528863,saved_osm_element,clinic,clinic,True,True,no_rule_flag
osm-way-551528864,野瀬内科小児科,way/551528864,saved_osm_element,clinic,clinic,True,True,no_rule_flag
osm-way-552712570,セブン-イレブン,way/552712570,saved_osm_element,convenience,convenience,True,True,no_rule_flag
osm-way-552712571,ローソン,way/552712571,saved_osm_element,convenience,convenience,True,True,no_rule_flag
osm-way-553055010,東整形外科医院,way/553055010,saved_osm_element,clinic,clinic,True,True,no_rule_flag
osm-way-553055014,永田消化器内科クリニック,way/553055014,saved_osm_element,clinic,clinic,True,True,no_rule_flag
osm-way-553055015,田中小児科医院,way/553055015,saved_osm_element,clinic,clinic,True,True,no_rule_flag
osm-way-553055016,セブンイレブン,way/553055016,saved_osm_element,convenience,convenience,True,True,no_rule_flag
osm-way-555622792,ドレミ薬局,way/555622792,saved_osm_element,pharmacy,pharmacy,True,True,no_rule_flag
osm-way-555622794,徳久内科医院,way/555622794,saved_osm_element,clinic,clinic,True,True,no_rule_flag
osm-way-555622803,寺西眼科,way/555622803,saved_osm_element,clinic,clinic,True,True,no_rule_flag
osm-way-555889201,綜合病院山口赤十字病院,way/555889201,saved_osm_element,hospital,hospital,True,True,no_rule_flag
osm-way-555901368,山口県漁業協同組合 阿知須支店,way/555901368,saved_osm_element,supermarket,supermarket,True,True,no_rule_flag
osm-way-557165589,和同会防府温泉病院,way/557165589,saved_osm_element,hospital,hospital,True,True,no_rule_flag
osm-way-560979794,セブンイレブン,way/560979794,saved_osm_element,convenience,convenience,True,True,no_rule_flag
osm-way-560979795,しま産婦人科,way/560979795,saved_osm_element,clinic,clinic,True,True,no_rule_flag
osm-way-560979798,セブン-イレブン,way/560979798,saved_osm_element,convenience,convenience,True,True,no_rule_flag
osm-way-560979799,ディスカウントドラッグコスモス 小松原店,way/560979799,saved_osm_element,drugstore,drugstore,True,True,no_rule_flag
osm-way-560984476,セブン-イレブン,way/560984476,saved_osm_element,convenience,convenience,True,True,no_rule_flag
osm-way-561213200,壽薬局,way/561213200,saved_osm_element,pharmacy,pharmacy,True,True,no_rule_flag
osm-way-561213209,宇部市休日・夜間救急診療所,way/561213209,saved_osm_element,clinic,clinic,True,True,no_rule_flag
osm-way-561432834,壱番薬局,way/561432834,saved_osm_element,pharmacy,pharmacy,True,True,no_rule_flag
osm-way-561529898,アトラス萩,way/561529898,saved_osm_element,supermarket,supermarket,True,True,no_rule_flag
osm-way-561533121,クスリ岩崎チェーン,way/561533121,saved_osm_element,drugstore,drugstore,True,True,no_rule_flag
osm-way-561533122,キヌヤ,way/561533122,saved_osm_element,supermarket,supermarket,True,True,no_rule_flag
osm-way-561681883,エムラ,way/561681883,saved_osm_element,mall,mall,True,True,no_rule_flag
osm-way-561705079,コープやまぐちここと,way/561705079,saved_osm_element,supermarket,supermarket,True,True,no_rule_flag
osm-way-561705111,坂本耳鼻咽喉科医院,way/561705111,saved_osm_element,clinic,clinic,True,True,no_rule_flag
osm-way-561705134,山口井筒屋,way/561705134,saved_osm_element,mall,mall,True,True,no_rule_flag
osm-way-561892750,中村整形外科,way/561892750,saved_osm_element,clinic,clinic,True,True,no_rule_flag
osm-way-561981534,ビオス薬局,way/561981534,saved_osm_element,pharmacy,pharmacy,True,True,no_rule_flag
osm-way-561981542,えさき内科クリニック,way/561981542,saved_osm_element,clinic,clinic,True,True,no_rule_flag
osm-way-562104060,ウォンツ,way/562104060,saved_osm_element,drugstore,drugstore,True,True,no_rule_flag
osm-way-562104063,長谷川眼科クリニック,way/562104063,saved_osm_element,clinic,clinic,True,True,no_rule_flag
osm-way-562664549,A-プライス,way/562664549,saved_osm_element,supermarket,supermarket,True,True,no_rule_flag
osm-way-562664551,百菜屋,way/562664551,saved_osm_element,supermarket,supermarket,True,True,no_rule_flag
osm-way-562673295,セブン-イレブン,way/562673295,saved_osm_element,convenience,convenience,True,True,no_rule_flag
osm-way-567353498,アルク,way/567353498,saved_osm_element,supermarket,supermarket,True,True,no_rule_flag
osm-way-571604485,サンキュードラッグ 上田中町薬局,way/571604485,saved_osm_element,pharmacy,pharmacy,True,True,pending
osm-way-571606122,ローソン 下関椋野町三丁目店,way/571606122,saved_osm_element,convenience,convenience,True,True,no_rule_flag
osm-way-574378099,聖比留会厚南セントヒル病院,way/574378099,saved_osm_element,hospital,hospital,True,True,no_rule_flag
osm-way-579745077,Ｒｙｕ接骨院,way/579745077,saved_osm_element,clinic,reference,True,True,pending
osm-way-600688031,ディスカウントドラッグ コスモス,way/600688031,saved_osm_element,drugstore,drugstore,True,True,no_rule_flag
osm-way-600969423,サンキュードラッグ,way/600969423,saved_osm_element,pharmacy,pharmacy,True,True,pending
osm-way-613970118,セブンイレブン 下関生野町店,way/613970118,saved_osm_element,convenience,convenience,True,True,no_rule_flag
osm-way-613971564,セブンイレブン 下関幡生店,way/613971564,saved_osm_element,convenience,convenience,True,True,no_rule_flag
osm-way-613971823,ココカラファイン 下関生野店,way/613971823,saved_osm_element,pharmacy,pharmacy,True,True,pending
osm-way-618928000,マルキュウ,way/618928000,saved_osm_element,supermarket,supermarket,True,True,no_rule_flag
osm-way-620189510,ローソン,way/620189510,saved_osm_element,convenience,convenience,True,True,no_rule_flag
osm-way-620195658,セブンイレブン,way/620195658,saved_osm_element,convenience,convenience,True,True,no_rule_flag
osm-way-620384764,ウェスタまるき,way/620384764,saved_osm_element,supermarket,supermarket,True,True,no_rule_flag
osm-way-621681066,ウェスタまるき楠店,way/621681066,saved_osm_element,supermarket,supermarket,True,True,no_rule_flag
osm-way-638999500,わたなべ泌尿器科,way/638999500,saved_osm_element,hospital,hospital,True,True,no_rule_flag
osm-way-638999567,長谷川眼科,way/638999567,saved_osm_element,clinic,clinic,True,True,no_rule_flag
osm-way-638999568,ファミリー薬局,way/638999568,saved_osm_element,pharmacy,pharmacy,True,True,no_rule_flag
osm-way-646295775,みずほ薬局,way/646295775,saved_osm_element,pharmacy,pharmacy,True,True,no_rule_flag
osm-way-661710555,Family Mart,way/661710555,saved_osm_element,convenience,convenience,True,True,no_rule_flag
osm-way-661710556,セブン-イレブン 岩国旭町店,way/661710556,saved_osm_element,convenience,convenience,True,True,no_rule_flag
osm-way-661710566,AEON BIG,way/661710566,saved_osm_element,supermarket,supermarket,True,True,no_rule_flag
osm-way-661710569,セブン-イレブン 岩国旭町店,way/661710569,saved_osm_element,convenience,convenience,True,True,no_rule_flag
osm-way-661710574,セブン-イレブン 岩国旭町店,way/661710574,saved_osm_element,convenience,convenience,True,True,no_rule_flag
osm-way-663128839,Daily Yamazaki,way/663128839,saved_osm_element,convenience,convenience,True,True,no_rule_flag
osm-way-663128840,ローソン,way/663128840,saved_osm_element,convenience,convenience,True,True,no_rule_flag
osm-way-663128841,Daily Yamazaki,way/663128841,saved_osm_element,convenience,convenience,True,True,no_rule_flag
osm-way-667222392,セブン-イレブン,way/667222392,saved_osm_element,convenience,convenience,True,True,no_rule_flag
osm-way-667784317,セブン-イレブン,way/667784317,saved_osm_element,convenience,convenience,True,True,no_rule_flag
osm-way-672454065,セブン-イレブン,way/672454065,saved_osm_element,convenience,convenience,True,True,no_rule_flag
osm-way-687887362,セブンイレブン,way/687887362,saved_osm_element,convenience,convenience,True,True,no_rule_flag
osm-way-696532777,セブン-イレブン,way/696532777,saved_osm_element,convenience,convenience,True,True,no_rule_flag
osm-way-696533713,セブン-イレブン,way/696533713,saved_osm_element,convenience,convenience,True,True,no_rule_flag
osm-way-701748087,ファミリーマート,way/701748087,saved_osm_element,convenience,convenience,True,True,no_rule_flag
osm-way-704720045,スーパーよしもと,way/704720045,saved_osm_element,supermarket,supermarket,True,True,no_rule_flag
osm-way-712039626,セブン-イレブン,way/712039626,saved_osm_element,convenience,convenience,True,True,no_rule_flag
osm-way-713427957,ゆめマート,way/713427957,saved_osm_element,mall,mall,True,True,no_rule_flag
osm-way-713427964,アルク,way/713427964,saved_osm_element,supermarket,supermarket,True,True,no_rule_flag
osm-way-713964450,ファミリーマート,way/713964450,saved_osm_element,convenience,convenience,True,True,no_rule_flag
osm-way-722384492,光輝会 光輝病院,way/722384492,saved_osm_element,hospital,hospital,True,True,no_rule_flag
osm-way-741220125,ローソン,way/741220125,saved_osm_element,convenience,convenience,True,True,no_rule_flag
osm-way-741436753,マックスバリュ,way/741436753,saved_osm_element,supermarket,supermarket,True,True,no_rule_flag
osm-way-756496408,セブン-イレブン,way/756496408,saved_osm_element,convenience,convenience,True,True,no_rule_flag
osm-way-813007732,セブン-イレブン,way/813007732,saved_osm_element,convenience,convenience,True,True,no_rule_flag
osm-way-832297297,ひらた内科クリニック,way/832297297,saved_osm_element,clinic,clinic,True,True,no_rule_flag
osm-way-835206339,ローソン,way/835206339,saved_osm_element,convenience,convenience,True,True,no_rule_flag
osm-way-842044096,ファミリーマート,way/842044096,saved_osm_element,convenience,convenience,True,True,no_rule_flag
osm-way-862156871,アルク厚南店,way/862156871,saved_osm_element,supermarket,supermarket,True,True,no_rule_flag
osm-way-862156891,ファミリーマート,way/862156891,saved_osm_element,convenience,convenience,True,True,retained
osm-way-862156906,厚南薬局,way/862156906,saved_osm_element,pharmacy,pharmacy,True,True,no_rule_flag
osm-way-862156921,セブン-イレブン,way/862156921,saved_osm_element,convenience,convenience,True,True,retained
osm-way-880501227,コスモス,way/880501227,saved_osm_element,drugstore,drugstore,True,True,no_rule_flag
osm-way-902276772,ファミリーマート,way/902276772,saved_osm_element,convenience,convenience,True,True,no_rule_flag
osm-way-922754844,なかの耳鼻咽喉科,way/922754844,saved_osm_element,clinic,clinic,True,True,no_rule_flag
osm-way-922754902,のむら大腸肛門クリニック,way/922754902,saved_osm_element,clinic,clinic,True,True,no_rule_flag
osm-way-922754903,おぎの歯科,way/922754903,saved_osm_element,clinic,clinic,True,True,no_rule_flag
osm-way-92831078,アルク,way/92831078,saved_osm_element,supermarket,supermarket,True,True,no_rule_flag
osm-way-933953281,岩国市立錦中央病院,way/933953281,saved_osm_element,hospital,hospital,True,True,no_rule_flag
osm-way-960026179,ローソン,way/960026179,saved_osm_element,convenience,convenience,True,True,no_rule_flag
osm-way-960026633,セブン-イレブン,way/960026633,saved_osm_element,convenience,convenience,True,True,no_rule_flag
osm-way-977339931,サンドラッグ,way/977339931,saved_osm_element,drugstore,drugstore,True,True,no_rule_flag
